series,date,strike,side,offset,n_bars_1445_1540,last_bar,has_post_1530,ref_speed,prem_1500,w1500_1515_net_pct,w1500_1515_range_pct,w1500_1515_speed,w1500_1515_volume,w1500_1515_oi_delta,w1500_1515_iv_delta,w1515_1530_net_pct,w1515_1530_range_pct,w1515_1530_speed,w1515_1530_volume,w1515_1530_oi_delta,w1515_1530_iv_delta,w1530_1540_net_pct,w1530_1540_range_pct,w1530_1540_speed,w1530_1540_volume,w1530_1540_oi_delta,w1530_1540_iv_delta,jump_max_1min,jump_ratio_vs_ref,iv_1445,iv_1500,iv_1515,iv_1530,iv_last,prem_last,vol_total_1445_1540,spot_1500,synth_basis_1515,synth_basis_last,synth_drift_1515_last,spot_drift_1515_last,post_cas,weekday
BANKNIFTY_MONTH,2026-06-22,57900,CE,-1,22.0,15:29,0.0,,493.55,1.2764664167764181,4.6601154898186605,5.216666666666669,80280.0,-4470.0,0.32720199999999977,-4.52803549818475,7.230738200887447,2.6821428571428663,150540.0,60.0,0.24047000000000018,,,,,,,,,11.477741,11.477741,11.593297,,11.833767,473.35,230820.0,57970.9,,,,,0,Monday
BANKNIFTY_MONTH,2026-06-22,57900,PE,-1,22.0,15:29,0.0,,370.0,-1.4864864864864864,4.972972972972983,4.25,103740.0,-11730.0,-0.263344,2.694651320243734,5.605958023019632,2.8964285714285722,194460.0,7080.0,-0.40295900000000096,,,,,,,,,13.072211,13.072211,13.021045,,12.618086,379.2,298200.0,57970.9,,,,,0,Monday
BANKNIFTY_MONTH,2026-06-22,58000,CE,0,45.0,15:29,0.0,2.9571428571428675,455.0,-2.868131868131871,9.549450549450547,4.717857142857151,449610.0,-79260.0,-0.04979699999999987,-5.356738391845974,7.825594563986412,2.5892857142857144,504720.0,-173070.0,0.14256300000000088,,,,,,,0.6000000000000227,0.20289855072464466,11.892836,11.573479,11.598614,,11.741177,417.85,1302600.0,57970.9,,,,,0,Monday
BANKNIFTY_MONTH,2026-06-22,58000,PE,0,45.0,15:29,0.0,3.2392857142857117,405.8,1.5278462296697852,10.386890093642183,4.892857142857139,414570.0,-22410.0,-0.08875299999999875,3.282828282828277,5.266955266955262,2.8964285714285682,394080.0,-38010.0,-0.3483389999999993,,,,,,,0.44999999999998863,0.13891951488423035,12.910229,13.095664,13.040607,,12.692268,429.45,1087290.0,57970.9,,,,,0,Monday
BANKNIFTY_MONTH,2026-06-22,58100,CE,1,45.0,15:29,0.0,3.0500000000000074,402.95,-3.251023700210936,9.889564462092077,4.814285714285709,75480.0,-6780.0,-0.07435499999999884,-6.059441455290811,7.840122982321282,2.796428571428582,69780.0,-4350.0,0.08094400000000057,,,,,,,3.2000000000000455,1.0491803278688647,11.852872,11.560274,11.580044,,11.660988,366.65,208830.0,57970.9,,,,,0,Monday
BANKNIFTY_MONTH,2026-06-22,58100,PE,1,45.0,15:29,0.0,3.017857142857131,453.05,1.4678291579295832,9.976823750137951,5.274999999999993,60630.0,-8880.0,-0.09614299999999965,2.783471787679369,5.329593267882186,3.6357142857142883,69750.0,-8490.0,-0.4256409999999988,,,,,,,5.2999999999999545,1.7562130177514712,12.821237,13.060663,12.990946,,12.565305,476.35,161670.0,57970.9,,,,,0,Monday
BANKNIFTY_MONTH,2026-06-22,58200,CE,2,45.0,15:29,0.0,2.842857142857148,354.8,-3.1848928974069928,10.865276211950397,4.8285714285714265,76260.0,-2880.0,-0.046206000000001524,-5.030621172353456,8.04899387576552,2.54642857142857,61020.0,-5910.0,0.20647700000000135,,,,,,,1.1999999999999886,0.4221105527638144,11.792959,11.545979,11.557576,,11.764053,325.65,174030.0,57970.9,,,,,0,Monday
BANKNIFTY_MONTH,2026-06-22,58200,PE,2,45.0,15:29,0.0,2.7178571428571394,506.0,1.5217391304347916,8.893280632411066,5.65000000000001,27930.0,-690.0,-0.08691600000000044,3.3816425120772946,5.0917874396135305,4.064285714285721,37620.0,-6780.0,-0.3507250000000006,,,,,,,0.6000000000000227,0.22076215505914137,12.750971,13.089572,13.02492,,12.674195,535.0,80280.0,57970.9,,,,,0,Monday
BANKNIFTY_MONTH,2026-06-22,58000,SYNTH,0,,15:29,,,,,,,,,,,,,,,,,,,,,,,,,,,,,,,57970.9,80.84999999999854,97.65000000000146,-37.299999999995634,-54.099999999998545,0,Monday
BANKNIFTY_MONTH,2026-06-23,57100,CE,-1,12.0,15:29,0.0,,504.45,,,,,,,-1.8733273862622637,7.661809891961538,3.977272727272722,141270.0,27630.0,0.16771699999999967,,,,,,,,,13.406421,13.406421,13.406421,,13.574138,495.0,141270.0,57232.5,,,,,0,Tuesday
BANKNIFTY_MONTH,2026-06-23,57100,PE,-1,12.0,15:29,0.0,,408.15,,,,,,,3.0871003307607556,10.657846380007351,4.545454545454546,164280.0,900.0,0.027770999999999546,,,,,,,,,14.845098,14.845098,14.845098,,14.872869,420.75,164280.0,57232.5,,,,,0,Tuesday
BANKNIFTY_MONTH,2026-06-23,57200,CE,0,26.0,15:29,0.0,,508.0,-0.029527559055113634,9.70472440944881,5.155000000000018,104220.0,27060.0,0.3670530000000003,-10.87849343884603,16.387859360913556,6.878571428571433,236700.0,9870.0,0.07112500000000033,,,,,,,,,13.41403,13.41403,13.558235,,13.62936,444.85,340920.0,57232.5,,,,,0,Tuesday
BANKNIFTY_MONTH,2026-06-23,57200,PE,0,26.0,15:29,0.0,,387.9,0.2706883217324082,17.86542923433875,6.334999999999996,146820.0,2760.0,-0.2516350000000003,20.852606575821987,24.67808476059507,8.485714285714286,295260.0,-23460.0,1.0445620000000009,,,,,,,,,14.226743,14.226743,14.279843,,15.324405,483.35,442080.0,57232.5,,,,,0,Tuesday
BANKNIFTY_MONTH,2026-06-23,57300,CE,1,33.0,15:29,0.0,,453.15,-0.3972194637537139,10.691823899371068,3.749999999999992,156690.0,-5760.0,0.28926300000000005,-11.021233569261883,16.514998314796088,6.353571428571436,191280.0,-3750.0,0.11385100000000037,,,,,,,,,12.790977,13.358307,13.49776,,13.611611,396.0,367680.0,57232.5,,,,,0,Tuesday
BANKNIFTY_MONTH,2026-06-23,57300,PE,1,33.0,15:29,0.0,,432.55,0.06935614379840743,17.026933302508375,5.485714285714279,252270.0,-5970.0,-0.2957850000000004,20.226102529661958,24.03178867248713,8.775000000000006,223560.0,-28170.0,1.1480810000000012,,,,,,,,,13.764962,14.154666,14.247224,,15.395305,537.05,498960.0,57232.5,,,,,0,Tuesday
BANKNIFTY_MONTH,2026-06-23,57400,CE,2,45.0,15:29,0.0,5.69285714285713,402.65,-0.5587979634918664,11.138706072271209,3.382142857142859,238410.0,-51240.0,0.25145399999999896,-11.440516913721014,16.546306854174574,5.646428571428577,176940.0,-12630.0,0.11470800000000025,,,,,,,11.600000000000023,2.0376411543287416,12.44488,13.323764,13.439092,,13.5538,349.5,525870.0,57232.5,,,,,0,Tuesday
BANKNIFTY_MONTH,2026-06-23,57400,PE,2,45.0,15:29,0.0,7.860714285714287,485.0,-0.31958762886598174,16.082474226804123,6.189285714285709,208680.0,9570.0,-0.3763369999999995,16.995569875151023,22.94603302456706,8.400000000000002,181380.0,-45630.0,0.8540679999999998,,,,,,,1.5499999999999545,0.19718309859154348,13.686276,14.217583,14.205086,,15.059154,581.0,571140.0,57232.5,,,,,0,Tuesday
BANKNIFTY_MONTH,2026-06-23,57200,SYNTH,0,,15:29,,,,,,,,,,,,,,,,,,,,,,,,,,,,,,,57232.5,90.29999999999563,58.849999999998545,-137.6999999999971,-106.25,0,Tuesday
BANKNIFTY_MONTH,2026-06-24,58100,CE,-1,17.0,15:23,0.0,,402.1,-1.3678189505098233,7.7468291469783725,7.580000000000018,95130.0,540.0,0.48282999999999987,1.5949154574889157,9.401606907303032,2.7187500000000213,160200.0,-4050.0,0.052549000000000845,,,,,,,,,11.062734,10.693298,11.366112,,11.418661,423.6,291390.0,58192.25,,,,,0,Wednesday
BANKNIFTY_MONTH,2026-06-24,58100,PE,-1,17.0,15:23,0.0,,357.55,1.2725492938050653,6.083065305551671,5.0100000000000025,108210.0,2550.0,-0.3681149999999995,-2.0906432748537944,11.608187134502922,3.3562499999999886,155520.0,-3450.0,-0.0969610000000003,,,,,,,,,14.13957,14.074338,13.429259,,13.332298,334.85,296250.0,58192.25,,,,,0,Wednesday
BANKNIFTY_MONTH,2026-06-24,58200,CE,0,45.0,15:29,0.0,7.478571428571423,386.8,-10.884177869700109,16.843329886246117,7.171428571428578,424320.0,34560.0,0.02891400000000033,1.6483516483516483,12.129120879120874,2.892857142857143,321900.0,4260.0,-0.5286559999999998,,,,,,,4.949999999999989,0.6618911174785089,11.059248,11.165949,11.388194,,10.859538,370.0,1224600.0,58192.25,,,,,0,Wednesday
BANKNIFTY_MONTH,2026-06-24,58200,PE,0,45.0,15:29,0.0,6.064285714285717,375.1,9.89069581444947,13.609704078912293,5.978571428571436,342450.0,27060.0,-0.04071199999999919,-5.34566949370342,15.163197121562579,4.307142857142858,237420.0,8520.0,-0.02009400000000028,,,,,,,4.900000000000034,0.8080094228504175,14.259103,13.817838,13.436635,,13.416541,368.3,907200.0,58192.25,,,,,0,Wednesday
BANKNIFTY_MONTH,2026-06-24,58300,CE,1,45.0,15:29,0.0,7.403571428571427,335.3,-11.526990754548176,17.76021473307486,6.646428571428572,209790.0,-5850.0,0.017568000000000694,2.1551724137931036,12.946998722860796,3.0178571428571592,157260.0,150.0,-0.43757300000000043,,,,,,,3.400000000000034,0.45923781958514703,11.033498,11.168769,11.329446,,10.891873,319.95,640170.0,58192.25,,,,,0,Wednesday
BANKNIFTY_MONTH,2026-06-24,58300,PE,1,45.0,15:29,0.0,7.014285714285718,426.9,8.79597095338487,13.715155774185995,6.967857142857143,89640.0,8760.0,-0.12696500000000022,-3.8575329995448313,13.905325443786987,4.503571428571438,74310.0,-540.0,0.16091699999999953,,,,,,,7.349999999999966,1.0478615071283042,14.270113,13.92027,13.421132,,13.582049,422.45,267360.0,58192.25,,,,,0,Wednesday
BANKNIFTY_MONTH,2026-06-24,58400,CE,2,45.0,15:29,0.0,6.446428571428568,288.6,-11.573111573111586,17.862092862092865,5.871428571428571,121980.0,1200.0,0.06794999999999973,1.9840534025588812,13.536065269794179,2.789285714285719,99240.0,-1470.0,-0.4243269999999999,,,,,,,3.0500000000000114,0.47313019390581923,11.033646,11.175954,11.358907,,10.93458,275.0,338640.0,58192.25,,,,,0,Wednesday
BANKNIFTY_MONTH,2026-06-24,58400,PE,2,45.0,15:29,0.0,8.207142857142859,480.95,8.71192431645702,13.130263021104073,7.9142857142857155,36120.0,-3450.0,-0.0837330000000005,-4.36184144253048,12.81353883348443,5.624999999999996,22410.0,-300.0,0.059483999999999426,,,,,,,4.899999999999977,0.597040905134897,14.412087,13.973169,13.497838,,13.557322,474.7,92400.0,58192.25,,,,,0,Wednesday
BANKNIFTY_MONTH,2026-06-24,58200,SYNTH,0,,15:29,,,,,,,,,,,,,,,,,,,,,,,,,,,,,,,58192.25,37.349999999998545,22.049999999995634,26.799999999995634,42.099999999998545,0,Wednesday
BANKNIFTY_MONTH,2026-06-25,58200,CE,1,44.0,15:29,0.0,6.207692307692311,279.9,17.792068595927123,23.311897106109328,5.4214285714285735,410520.0,-46230.0,0.6993980000000004,2.6933917945505685,7.939242092076424,4.88571428571428,326640.0,-51870.0,-0.07874100000000084,,,,,,,0.8500000000000227,0.1369268897149974,9.028392,9.714359,10.450786,,10.372045,327.9,1146120.0,58135.65,,,,,0,Thursday
BANKNIFTY_MONTH,2026-06-25,58200,PE,1,44.0,15:29,0.0,6.880769230769234,313.35,-17.39269187809159,25.179511728099563,6.164285714285711,388770.0,-19860.0,-0.9686160000000008,-3.6898295560966345,8.409814572017229,3.0964285714285773,339720.0,-43350.0,-0.004240000000001132,,,,,,,2.8999999999999773,0.42146450531022567,12.293718,11.611591,10.583424,,10.579184,257.1,1108950.0,58135.65,,,,,0,Thursday
BANKNIFTY_MONTH,2026-06-25,58300,CE,2,45.0,15:29,0.0,5.710714285714283,234.4,17.107508532423207,25.789249146757687,4.342857142857146,250890.0,-25200.0,0.46789200000000086,1.2707905064473846,8.633900205569061,4.2928571428571445,208590.0,-19470.0,-0.22507100000000158,,,,,,,3.0500000000000114,0.5340838023764876,9.163598,9.80111,10.38821,,10.163139,270.95,700500.0,58135.65,,,,,0,Thursday
BANKNIFTY_MONTH,2026-06-25,58300,PE,2,45.0,15:29,0.0,9.06785714285715,364.75,-16.490747087045918,24.057573680603152,6.482142857142857,179100.0,-4170.0,-1.0641809999999996,-2.5139220365950603,8.00318217979317,3.328571428571422,186630.0,8880.0,0.10588599999999992,,,,,,,1.6499999999999773,0.18196140212681894,12.332154,11.600374,10.491535,,10.597421,306.35,594480.0,58135.65,,,,,0,Thursday
BANKNIFTY_MONTH,2026-06-29,57700,CE,-1,22.0,15:24,0.0,,275.5,0.5263157894736801,23.049001814882033,10.96818181818182,667650.0,14040.0,0.45563100000000034,8.57728883087824,12.138728323699427,6.766666666666664,382980.0,-21000.0,0.012822999999997364,,,,,,,,,18.832899,18.832899,19.450811,,19.463634,291.15,1050630.0,57795.2,,,,,0,Monday
BANKNIFTY_MONTH,2026-06-29,57700,PE,-1,22.0,15:24,0.0,,211.05,-8.078654347311069,24.235963041933193,8.931818181818182,1506990.0,-7590.0,-1.4607650000000003,-17.569285532672264,21.20518688024408,6.316666666666669,719910.0,-49740.0,-0.9810740000000013,,,,,,,,,17.216024,17.216024,15.204266,,14.223192,162.1,2226900.0,57795.2,,,,,0,Monday
BANKNIFTY_MONTH,2026-06-29,57800,CE,0,39.0,15:29,0.0,11.199999999999992,256.95,-13.17376921580074,34.150612959719794,13.367857142857144,1561950.0,-8010.0,0.42607599999999834,13.88056260087618,29.029282914457006,6.830769230769234,913950.0,-103920.0,-2.554738999999998,,,,,,,,,18.147738,18.490341,19.172883,,16.618144,246.95,3343530.0,57795.2,,,,,0,Monday
BANKNIFTY_MONTH,2026-06-29,57800,PE,0,39.0,15:29,0.0,9.033333333333339,226.35,6.472277446432519,33.090346808040636,14.189285714285711,1889160.0,-83220.0,-1.8950049999999994,-18.319672131147538,28.749999999999993,7.223076923076921,922770.0,-61830.0,1.8240469999999984,,,,,,,,,17.776706,17.331875,14.783695,,16.607742,199.3,4520610.0,57795.2,,,,,0,Monday
BANKNIFTY_MONTH,2026-06-29,57900,CE,1,45.0,15:29,0.0,13.450000000000006,206.7,-13.304305757135946,38.437348814707306,11.328571428571426,1318350.0,-29910.0,0.532945999999999,14.178022615250809,30.849521600463916,5.667857142857143,776880.0,-94530.0,-2.3597490000000008,,,,,,,8.650000000000006,0.6431226765799257,17.920128,18.287682,18.945279,,16.58553,196.9,3237090.0,57795.2,,,,,0,Monday
BANKNIFTY_MONTH,2026-06-29,57900,PE,1,45.0,15:29,0.0,12.889285714285718,275.65,5.949573734808647,31.85198621440233,16.485714285714288,953370.0,-74670.0,-2.261906999999999,-16.41591440989636,27.031093279839514,8.242857142857146,426150.0,-40890.0,2.309989,,,,,,,11.25,0.8728179551122193,17.859428,17.087721,14.32391,,16.633899,250.0,2753220.0,57795.2,,,,,0,Monday
BANKNIFTY_MONTH,2026-06-29,58000,CE,2,45.0,15:29,0.0,11.9,164.65,-14.697843911327068,37.109019131491046,9.514285714285716,2508240.0,-91950.0,0.42488799999999927,15.19081141163394,32.123008521674706,4.2071428571428635,1528500.0,-238020.0,-2.105594,,,,,,,5.350000000000023,0.449579831932775,17.78234,18.218664,18.77339,,16.667796,155.45,5939340.0,57795.2,,,,,0,Monday
BANKNIFTY_MONTH,2026-06-29,58000,PE,2,45.0,15:29,0.0,15.171428571428578,331.9,6.206688761675211,29.346188611027415,18.428571428571438,1062390.0,-49620.0,-2.5553700000000017,-17.204301075268813,25.24124620898815,8.864285714285716,629700.0,-64950.0,2.2210529999999995,,,,,,,5.550000000000011,0.3658192090395486,17.680019,16.843247,13.859836,,16.080889,300.3,2989080.0,57795.2,,,,,0,Monday
BANKNIFTY_MONTH,2026-06-29,57800,SYNTH,0,,15:29,,,,,,,,,,,,,,,,,,,,,,,,,,,,,,,57795.2,77.84999999999854,19.599999999998545,74.80000000000291,133.0500000000029,0,Monday
BANKNIFTY_MONTH,2026-06-30,57500,CE,0,15.0,15:21,0.0,,48.25,-8.91191709844559,248.2901554404145,9.899999999999999,31247370.0,2181930.0,-0.7679289999999996,-14.269141531322502,56.032482598607885,3.2125000000000004,7126470.0,43470.0,0.0,,,,,,,,,5.909281,5.909281,0.0,,0.0,36.95,38373840.0,57519.3,,,,,0,Tuesday
BANKNIFTY_MONTH,2026-06-30,57500,PE,0,15.0,15:21,0.0,,37.2,-91.12903225806453,148.38709677419354,13.144444444444444,48430410.0,1329000.0,-6.041321,-71.42857142857142,278.5714285714286,0.5,14605650.0,821820.0,-0.4057050000000002,,,,,,,,,7.9922,7.9922,2.129427,,1.723722,0.2,63036060.0,57519.3,,,,,0,Tuesday
BANKNIFTY_MONTH,2026-06-30,57600,CE,1,30.0,15:27,0.0,,13.3,-95.86466165413533,384.9624060150376,1.3964285714285716,53755200.0,3032760.0,-5.148729,-91.66666666666666,149.99999999999997,0.07083333333333335,15941100.0,-1525920.0,-2.018516,,,,,,,,,8.200562,6.776576,2.018516,,0.0,0.05,72733260.0,57519.3,,,,,0,Tuesday
BANKNIFTY_MONTH,2026-06-30,57600,PE,1,30.0,15:27,0.0,,96.85,-43.366029943211146,122.50903458957151,17.90714285714286,24608700.0,-991230.0,-2.7795259999999997,4.906937394247037,42.21658206429781,3.0083333333333333,10790970.0,-598350.0,8.652885,,,,,,,,,7.470307,8.204894,4.719433,,13.372318,62.0,43711800.0,57519.3,,,,,0,Tuesday
BANKNIFTY_MONTH,2026-06-30,57700,CE,2,45.0,15:29,0.0,8.360714285714286,3.15,-93.65079365079366,507.9365079365079,0.23928571428571424,19712940.0,-1693170.0,-3.6380229999999996,-50.0,150.0,0.010714285714285716,3058830.0,-576600.0,-3.745006,,,,,,,0.0,0.0,8.004549,7.667622,3.970603,,0.225597,0.05,50254500.0,57519.3,,,,,0,Tuesday
BANKNIFTY_MONTH,2026-06-30,57700,PE,2,45.0,15:29,0.0,10.810714285714283,187.5,-17.760000000000005,79.14666666666666,18.557142857142857,6958200.0,-776670.0,-0.11319300000000077,-3.1428571428571357,15.968253968253972,3.196428571428567,1956660.0,31410.0,17.102139,,,,,,,3.1999999999999886,0.296002642880739,9.503851,10.585594,8.845267,,25.947406,152.55,31300260.0,57519.3,,,,,0,Tuesday
BANKNIFTY_MONTH,2026-06-30,57500,SYNTH,0,,15:21,,,,,,,,,,,,,,,,,,,,,,,,,,,,,,,57519.3,-4.5,-10.44999999999709,-5.650000000001455,0.2999999999956344,0,Tuesday
BANKNIFTY_MONTH,2026-07-01,58000,CE,-1,31.0,15:29,0.0,8.725000000000023,1086.2,0.3176210642607296,2.250966672804276,2.787499999999966,57000.0,-22710.0,-0.03952000000000133,-3.4576177794104224,4.132610891725594,4.482142857142857,131520.0,-3480.0,0.2910170000000001,,,,,,,16.700000000000045,1.9140401146131807,13.720423,13.34894,13.5541,,13.845117,1051.25,299070.0,58068.55,,,,,0,Wednesday
BANKNIFTY_MONTH,2026-07-01,58000,PE,-1,31.0,15:29,0.0,8.389999999999986,777.0,-0.1287001287001287,1.8854568854568825,0.9250000000000114,54300.0,-25170.0,0.0532199999999996,3.2183613283754355,3.9812796512373323,4.050000000000011,195060.0,-36270.0,-0.25266199999999905,,,,,,,10.100000000000023,1.2038140643623407,15.848265,15.768101,15.704362,,15.4517,805.0,351330.0,58068.55,,,,,0,Wednesday
BANKNIFTY_MONTH,2026-07-01,58100,CE,0,45.0,15:29,0.0,8.78928571428572,1040.85,-0.46596531680836906,4.995916798770247,6.853571428571448,44400.0,-3420.0,0.19053000000000075,-3.3343040186371597,4.426324985439722,6.460714285714265,33210.0,840.0,0.31400000000000006,,,,,,,15.899999999999977,1.8090207232832145,13.768125,13.169616,13.512909,,13.826909,995.85,113100.0,58068.55,,,,,0,Wednesday
BANKNIFTY_MONTH,2026-07-01,58100,PE,0,45.0,15:29,0.0,7.817857142857146,816.15,0.46560068614838795,4.153648226428962,3.9571428571428555,52020.0,1710.0,-0.1330720000000003,2.555657212564812,4.269594388533089,4.2464285714285745,44490.0,-4980.0,-0.34182699999999855,,,,,,,3.4500000000000455,0.44129739607127105,15.834979,15.956013,15.634151,,15.292324,840.7,125610.0,58068.55,,,,,0,Wednesday
BANKNIFTY_MONTH,2026-07-01,58200,CE,1,45.0,15:29,0.0,8.714285714285714,985.3,-0.9438749619405211,5.399370750025366,5.528571428571435,51900.0,-13800.0,0.1090080000000011,-3.0012249897917496,3.654552878726006,4.192857142857122,37200.0,2970.0,0.36304600000000065,,,,,,,9.799999999999955,1.1245901639344211,13.727278,13.169319,13.572785,,13.935831,950.2,128550.0,58068.55,,,,,0,Wednesday
BANKNIFTY_MONTH,2026-07-01,58200,PE,1,45.0,15:29,0.0,9.175000000000002,863.15,0.023170943636684874,3.8811330591438336,4.821428571428571,50790.0,-13680.0,-0.19702999999999982,2.683321767291225,4.400879019199625,4.67142857142857,29160.0,-1800.0,-0.3288840000000004,,,,,,,3.0,0.32697547683923694,15.763953,15.987617,15.619374,,15.29049,887.8,106980.0,58068.55,,,,,0,Wednesday
BANKNIFTY_MONTH,2026-07-01,58300,CE,2,45.0,15:29,0.0,7.9571428571428315,933.0,-0.857449088960343,5.434083601286178,6.09999999999999,23640.0,3960.0,0.1205190000000016,-2.9440310579100566,3.5101908767389145,3.9357142857142793,50190.0,14340.0,0.36730200000000046,,,,,,,7.100000000000023,0.8922800718132912,13.693619,13.190843,13.575585,,13.942887,900.0,123420.0,58068.55,,,,,0,Wednesday
BANKNIFTY_MONTH,2026-07-01,58300,PE,2,45.0,15:29,0.0,7.357142857142849,904.0,0.5088495575221265,4.209070796460172,5.521428571428544,25230.0,2670.0,-0.1330770000000001,3.0648806570751415,3.483821178545838,4.742857142857141,22590.0,5670.0,-0.27921899999999944,,,,,,,7.550000000000068,1.0262135922330202,15.793905,15.895982,15.54106,,15.261841,934.85,63060.0,58068.55,,,,,0,Wednesday
BANKNIFTY_MONTH,2026-07-01,58100,SYNTH,0,,15:29,,,,,,,,,,,,,,,,,,,,,,,,,,,,,,,58068.55,296.6999999999971,336.84999999999854,-55.299999999995634,-95.44999999999709,0,Wednesday
BANKNIFTY_MONTH,2026-07-02,58000,CE,-1,29.0,15:29,0.0,5.677777777777767,1076.0,0.37174721189591076,1.8355018587360594,3.275000000000091,54360.0,1020.0,0.03965700000000005,-3.154399557277259,4.150525733259546,6.807692307692325,147060.0,4710.0,0.1925530000000002,,,,,,,6.150000000000091,1.0831702544031492,13.592231,13.481325,13.571887,,13.76444,1050.0,303660.0,58055.7,,,,,0,Thursday
BANKNIFTY_MONTH,2026-07-02,58000,PE,-1,29.0,15:29,0.0,5.911111111111129,717.95,0.7660700605891775,2.423567100773031,2.9250000000000114,68220.0,-6630.0,0.11394699999999958,3.01625735039778,4.171566931857486,4.261538461538469,150660.0,-19350.0,-0.17887000000000164,,,,,,,5.5,0.930451127819546,15.303605,15.049692,15.165565,,14.986695,744.55,322890.0,58055.7,,,,,0,Thursday
BANKNIFTY_MONTH,2026-07-02,58100,CE,0,45.0,15:29,0.0,7.549999999999995,1023.2,-0.09284597341673627,3.5721266614542566,5.932142857142837,40650.0,-4140.0,0.10221699999999956,-2.5727232860692966,4.16118501193783,6.299999999999987,41910.0,-6750.0,0.295145999999999,,,,,,,8.450000000000045,1.1192052980132516,13.583631,13.399743,13.548006,,13.843152,999.75,141840.0,58055.7,,,,,0,Thursday
BANKNIFTY_MONTH,2026-07-02,58100,PE,0,45.0,15:29,0.0,7.278571428571444,753.3,1.2279304393999735,4.659498207885308,6.296428571428578,34440.0,-810.0,0.06883199999999867,3.7250786988457474,4.413693599160543,4.100000000000015,44550.0,-180.0,-0.09069899999999897,,,,,,,11.099999999999909,1.5250245338567066,15.307945,15.020858,15.101156,,15.010457,790.8,108930.0,58055.7,,,,,0,Thursday
BANKNIFTY_MONTH,2026-07-02,58200,CE,1,45.0,15:29,0.0,7.257142857142859,967.65,0.1808505141321759,3.818529426962233,5.982142857142857,56850.0,2790.0,0.14179799999999965,-4.305233307553493,4.846609951018304,6.010714285714292,51390.0,-13770.0,0.019617000000000218,,,,,,,8.0,1.1023622047244093,13.51627,13.390999,13.521072,,13.540689,928.0,151800.0,58055.7,,,,,0,Thursday
BANKNIFTY_MONTH,2026-07-02,58200,PE,1,45.0,15:29,0.0,7.389285714285734,797.65,1.4605403372406416,5.014730771641697,5.982142857142866,29670.0,1920.0,0.10421100000000116,3.937791601866249,4.2737169517884945,4.617857142857141,31200.0,-8850.0,-0.05857000000000134,,,,,,,12.399999999999977,1.6781053649105773,15.218464,15.010053,15.03808,,14.97951,835.4,79200.0,58055.7,,,,,0,Thursday
BANKNIFTY_MONTH,2026-07-02,58300,CE,2,45.0,15:29,0.0,6.160714285714278,915.0,-0.021857923497272728,3.9672131147540934,5.899999999999993,29910.0,-8880.0,0.10557999999999979,-3.2940153285861897,4.419198782410173,6.23571428571429,26010.0,-5040.0,0.18141999999999925,,,,,,,10.099999999999909,1.6394202898550598,13.476855,13.398771,13.569654,,13.751074,889.55,85170.0,58055.7,,,,,0,Thursday
BANKNIFTY_MONTH,2026-07-02,58300,PE,2,45.0,15:29,0.0,7.717857142857132,843.4,1.2153189471188048,4.790135167180471,6.939285714285721,22620.0,-6630.0,0.07765199999999872,2.1877956480605487,3.8434247871333964,5.428571428571396,24330.0,-5370.0,-0.29316400000000087,,,,,,,9.799999999999955,1.2697825080980987,15.231751,14.994659,14.95641,,14.663246,864.1,59880.0,58055.7,,,,,0,Thursday
BANKNIFTY_MONTH,2026-07-02,58100,SYNTH,0,,15:29,,,,,,,,,,,,,,,,,,,,,,,,,,,,,,,58055.7,318.09999999999854,341.09999999999854,-54.80000000000291,-77.80000000000291,0,Thursday
BANKNIFTY_MONTH,2026-07-03,57900,CE,0,37.0,15:26,0.0,4.961538461538479,1007.85,1.1013543682095572,4.663392369896314,5.407692307692313,45450.0,-4950.0,-0.21954200000000057,0.3492547592109749,2.5726794234837023,5.131249999999966,36300.0,-16290.0,0.040760000000000574,,,,,,,,,13.140415,13.113422,12.871913,,12.912673,1020.0,127020.0,57906.95,,,,,0,Friday
BANKNIFTY_MONTH,2026-07-03,57900,PE,0,37.0,15:26,0.0,4.803846153846157,717.75,-2.542668059909439,6.778126088470914,4.650000000000004,59820.0,-6090.0,-0.016757999999999384,-1.2835969080207015,3.2905467697326336,3.3562499999999886,35490.0,-1830.0,-0.13584700000000005,,,,,,,,,15.155678,15.012291,15.07547,,14.939623,696.0,167040.0,57906.95,,,,,0,Friday
BANKNIFTY_MONTH,2026-07-03,58000,CE,1,45.0,15:29,0.0,5.246428571428567,952.0,0.42016806722689076,4.411764705882353,4.764285714285701,136320.0,-26130.0,-0.3231470000000005,0.7359465525340523,2.891591419176371,5.760714285714308,181740.0,-56820.0,-0.14346100000000028,,,,,,,3.1000000000000227,0.5908781484002772,13.130165,13.115995,12.845389,,12.701928,965.0,436290.0,57906.95,,,,,0,Friday
BANKNIFTY_MONTH,2026-07-03,58000,PE,1,45.0,15:29,0.0,6.1285714285714255,758.6,-1.852095966253634,6.4197205378328555,4.946428571428563,139470.0,-26790.0,0.06549200000000077,-3.596210301574584,4.129970643181218,4.625000000000024,181560.0,-38100.0,-0.2539619999999996,,,,,,,2.75,0.44871794871794896,15.153355,14.954694,15.087133,,14.833171,722.45,457590.0,57906.95,,,,,0,Friday
BANKNIFTY_MONTH,2026-07-03,58100,CE,2,45.0,15:29,0.0,5.357142857142841,899.05,0.26138701963183614,4.671597797675324,4.9178571428571445,54510.0,-12510.0,-0.33440899999999907,1.3906587622582918,3.152529225995905,5.839285714285714,61500.0,-17850.0,-0.04100700000000046,,,,,,,0.25,0.04666666666666681,13.079007,13.134001,12.835981,,12.794974,915.0,141930.0,57906.95,,,,,0,Friday
BANKNIFTY_MONTH,2026-07-03,58100,PE,2,45.0,15:29,0.0,5.682142857142854,805.25,-1.8689847873331207,6.209251785159888,5.767857142857143,45390.0,1860.0,0.060264000000000095,-2.1560963308536154,3.8204513932669357,5.892857142857134,46680.0,-3900.0,-0.08010800000000096,,,,,,,5.4500000000000455,0.9591451917033397,15.139265,14.965513,15.059231,,14.979123,776.0,117660.0,57906.95,,,,,0,Friday
BANKNIFTY_MONTH,2026-07-03,57900,SYNTH,0,,15:26,,,,,,,,,,,,,,,,,,,,,,,,,,,,,,,57906.95,265.45000000000437,275.8000000000029,12.599999999998545,2.25,0,Friday
BANKNIFTY_MONTH,2026-07-06,58300,CE,0,45.0,15:29,0.0,5.067857142857155,896.05,-1.774454550527312,3.9841526700518997,4.7142857142856895,68430.0,1620.0,-0.22140299999999868,-0.9920634920634921,1.6780045351473871,2.875,67710.0,-7410.0,0.29227000000000025,,,,,,,1.1499999999999773,0.22692036645524516,12.203772,12.253656,12.105335,,12.397605,873.25,202470.0,58315.1,,,,,0,Monday
BANKNIFTY_MONTH,2026-07-06,58300,PE,0,45.0,15:29,0.0,4.710714285714297,657.85,2.0369385118188004,5.631982974842282,4.7928571428571445,78930.0,-10020.0,0.198205999999999,0.8490987635930353,2.0706092656040487,2.607142857142857,82230.0,-8640.0,-0.22265299999999932,,,,,,,3.0499999999999545,0.6474601971190184,14.888664,14.534969,14.705795,,14.483142,677.0,238560.0,58315.1,,,,,0,Monday
BANKNIFTY_MONTH,2026-07-06,58400,CE,1,45.0,15:29,0.0,4.9642857142856895,841.2,-1.7831669044222538,4.41631003328578,4.857142857142857,44490.0,-2010.0,-0.20523600000000108,-1.0819632495164464,1.668278529980652,2.932142857142854,38250.0,-10410.0,0.26878899999999994,,,,,,,2.6000000000000227,0.5237410071942518,12.196148,12.278185,12.128612,,12.397401,818.25,126600.0,58315.1,,,,,0,Monday
BANKNIFTY_MONTH,2026-07-06,58400,PE,1,45.0,15:29,0.0,5.039285714285735,702.45,2.014378247562101,5.288632642892729,5.5821428571428555,36570.0,-5790.0,0.207986,1.782718120805369,2.265100671140946,1.8249999999999968,48060.0,-5310.0,-0.11078099999999935,,,,,,,3.6000000000000227,0.7143869596031199,14.913183,14.538736,14.692677,,14.581896,727.95,139260.0,58315.1,,,,,0,Monday
BANKNIFTY_MONTH,2026-07-06,58500,CE,2,45.0,15:29,0.0,5.289285714285719,786.35,-1.678641826158841,4.355566859540917,4.235714285714299,81210.0,-3330.0,-0.17421699999999873,-0.7134055386211816,1.9391659640703087,2.3142857142857207,91620.0,-15270.0,0.3107289999999985,,,,,,,2.300000000000068,0.43484132343012727,12.176391,12.262989,12.086156,,12.396885,765.45,252030.0,58315.1,,,,,0,Monday
BANKNIFTY_MONTH,2026-07-06,58500,PE,2,45.0,15:29,0.0,5.024999999999977,748.4,1.73703901656868,4.710048102618921,5.214285714285714,90300.0,-9240.0,0.18467199999999906,1.250900517388166,2.141594079507502,1.9964285714285583,81090.0,-19680.0,-0.18067100000000025,,,,,,,2.6000000000000227,0.5174129353233899,14.884791,14.532963,14.723314,,14.542643,773.0,239970.0,58315.1,,,,,0,Monday
BANKNIFTY_MONTH,2026-07-06,58300,SYNTH,0,,15:29,,,,,,,,,,,,,,,,,,,,,,,,,,,,,,,58315.1,205.0,233.25,-14.44999999999709,-42.69999999999709,0,Monday
BANKNIFTY_MONTH,2026-07-07,58100,CE,-2,5.0,15:29,0.0,,855.0,,,,,,,0.5906432748537959,2.2514619883040936,2.7875000000000227,15240.0,3270.0,-0.014324000000000225,,,,,,,,,11.914685,11.914685,11.914685,,11.900361,860.05,15240.0,58273.85,,,,,0,Tuesday
BANKNIFTY_MONTH,2026-07-07,58100,PE,-2,5.0,15:29,0.0,,610.0,,,,,,,1.0245901639344261,3.926229508196729,3.1625000000000227,25350.0,-30.0,0.19191400000000058,,,,,,,,,13.991954,13.991954,13.991954,,14.183868,616.25,25350.0,58273.85,,,,,0,Tuesday
BANKNIFTY_MONTH,2026-07-07,58200,CE,-1,26.0,15:29,0.0,,834.45,-1.5279525435915873,4.5538977769788485,4.025000000000023,47310.0,6990.0,0.27142100000000013,-2.1739130434782608,4.214975845410639,3.8785714285714255,53820.0,1680.0,0.49345700000000114,,,,,,,,,11.236177,11.236177,11.528915,,12.022372,810.0,101130.0,58273.85,,,,,0,Tuesday
BANKNIFTY_MONTH,2026-07-07,58200,PE,-1,26.0,15:29,0.0,,613.0,2.577487765089715,6.990212071778143,4.3700000000000045,64050.0,2610.0,-0.061469999999999914,4.652087475149106,5.876739562624262,3.9964285714285745,83160.0,-8970.0,-0.07085299999999961,,,,,,,,,14.207915,14.207915,14.213595,,14.142742,658.0,147210.0,58273.85,,,,,0,Tuesday
BANKNIFTY_MONTH,2026-07-07,58300,CE,0,44.0,15:29,0.0,2.5269230769230964,785.0,-2.4203821656050954,6.566878980891729,4.84999999999999,89220.0,-11850.0,0.40194699999999983,-3.1866562824506692,4.257528556593972,4.2535714285714255,57330.0,-10860.0,0.33659199999999956,,,,,,,3.1000000000000227,1.226788432267884,10.961264,11.115473,11.507775,,11.844367,745.85,184140.0,58273.85,,,,,0,Tuesday
BANKNIFTY_MONTH,2026-07-07,58300,PE,0,44.0,15:29,0.0,2.719230769230771,649.95,4.038772213247173,10.208477575198094,5.367857142857149,108990.0,-13950.0,-0.08712400000000109,4.539375928677557,5.839524517087661,4.267857142857143,86340.0,-17850.0,-0.07458800000000032,,,,,,,3.4500000000000455,1.2687411598302847,14.309411,14.283929,14.209466,,14.134878,703.55,223380.0,58273.85,,,,,0,Tuesday
BANKNIFTY_MONTH,2026-07-07,58400,CE,1,45.0,15:29,0.0,3.2214285714285893,732.0,-2.4453551912568274,6.646174863387976,4.342857142857164,64050.0,-8970.0,0.3857280000000003,-3.6026655560183163,4.505067333055678,3.696428571428547,68640.0,-13470.0,0.27524499999999996,,,,,,,5.5499999999999545,1.7228381374722601,10.959591,11.165865,11.578396,,11.853641,694.35,159480.0,58273.85,,,,,0,Tuesday
BANKNIFTY_MONTH,2026-07-07,58400,PE,1,45.0,15:29,0.0,3.5214285714285603,694.9,3.3745862714059642,9.310692185926023,5.3321428571428635,81270.0,-13470.0,-0.16243500000000033,5.176618128614224,5.7130913397895915,4.0821428571428555,67980.0,-14730.0,0.01682099999999842,,,,,,,2.2999999999999545,0.6531440162271697,14.284828,14.278518,14.176849,,14.19367,754.8,188820.0,58273.85,,,,,0,Tuesday
BANKNIFTY_MONTH,2026-07-07,58500,CE,2,45.0,15:29,0.0,2.8142857142857207,677.6,-2.080873671782766,6.677981109799291,4.657142857142852,137580.0,-1920.0,0.4199219999999997,-3.8246059610069505,4.743407783670725,4.0428571428571445,153570.0,-6390.0,0.2470630000000007,,,,,,,1.7999999999999545,0.639593908629424,11.024722,11.144881,11.589055,,11.836118,643.75,339870.0,58273.85,,,,,0,Tuesday
BANKNIFTY_MONTH,2026-07-07,58500,PE,2,45.0,15:29,0.0,3.435714285714255,740.4,4.045110750945441,9.94732576985413,5.432142857142854,156810.0,-5010.0,-0.07054600000000022,5.947639877260554,6.182672847163285,4.96785714285714,132720.0,7470.0,0.13998100000000058,,,,,,,4.399999999999977,1.2806652806652856,14.33677,14.247578,14.172495,,14.312476,811.4,332190.0,58273.85,,,,,0,Tuesday
BANKNIFTY_MONTH,2026-07-07,58300,SYNTH,0,,15:29,,,,,,,,,,,,,,,,,,,,,,,,,,,,,,,58273.85,185.84999999999854,207.8000000000029,-55.099999999998545,-77.05000000000291,0,Tuesday
BANKNIFTY_MONTH,2026-07-08,56700,CE,0,30.0,15:14,0.0,13.72499999999999,1022.8,0.2786468517794424,5.42139225655065,11.324999999999998,89970.0,7050.0,0.1985109999999981,,,,,,,,,,,,,,,16.563687,15.891277,,,16.089788,1025.65,171480.0,56733.6,,,,,0,Wednesday
BANKNIFTY_MONTH,2026-07-08,56700,PE,0,30.0,15:14,0.0,13.214285714285747,829.75,-3.6878577884905117,15.149141307622783,13.514285714285709,118710.0,24750.0,-0.6871920000000031,,,,,,,,,,,,,,,18.883675,18.775808,,,18.088616,799.15,249510.0,56733.6,,,,,0,Wednesday
BANKNIFTY_MONTH,2026-07-08,56800,CE,1,44.0,15:29,0.0,12.721428571428564,969.2,0.2837391663227404,5.948204704911265,11.396428571428569,87990.0,-21360.0,0.19067500000000237,-1.7095726068482902,5.533616595851039,8.330769230769219,81750.0,1140.0,-0.8451589999999989,,,,,,,1.1499999999999773,0.09039865244244633,16.43159,15.908703,16.028695,,15.183536,983.15,304590.0,56733.6,,,,,0,Wednesday
BANKNIFTY_MONTH,2026-07-08,56800,PE,1,44.0,15:29,0.0,12.678571428571413,875.1,-3.839561193006516,14.421209004685183,15.549999999999995,73950.0,2430.0,-0.7442139999999995,1.7718715393133968,9.271563922726715,10.807692307692317,80940.0,13980.0,0.6826059999999998,,,,,,,1.1499999999999773,0.09070422535211099,18.844936,18.765041,17.964287,,18.646893,827.1,272850.0,56733.6,,,,,0,Wednesday
BANKNIFTY_MONTH,2026-07-08,56900,CE,2,45.0,15:29,0.0,12.110714285714282,913.2,0.4161191414805031,5.469776609724052,11.428571428571445,45750.0,-5070.0,0.20511399999999824,-1.8844952622942095,5.817585093430739,10.014285714285734,33090.0,2580.0,-0.8352559999999993,,,,,,,0.4500000000000455,0.03715718077263721,16.324031,15.845129,15.985883,,15.150627,926.75,119850.0,56733.6,,,,,0,Wednesday
BANKNIFTY_MONTH,2026-07-08,56900,PE,2,45.0,15:29,0.0,14.864285714285709,922.2,-3.4916504012144918,14.264801561483404,14.757142857142851,52770.0,3570.0,-0.7186330000000005,1.3476299291029472,8.988105701060531,12.628571428571425,35100.0,2370.0,0.6386409999999998,,,,,,,5.100000000000023,0.3431042767900065,18.787922,18.757506,17.851916,,18.490557,864.85,155760.0,56733.6,,,,,0,Wednesday
BANKNIFTY_MONTH,2026-07-08,56700,SYNTH,0,,15:14,,,,,,,,,,,,,,,,,,,,,,,,,,,,,,,56733.6,,205.5500000000029,,,0,Wednesday
BANKNIFTY_MONTH,2026-07-09,57200,CE,-1,11.0,15:14,0.0,,941.0,1.6099893730074364,9.388947927736453,14.555000000000007,59760.0,4380.0,0.4917700000000007,,,,,,,,,,,,,,,14.619798,14.619798,,,15.111568,956.15,59760.0,57281.85,,,,,0,Thursday
BANKNIFTY_MONTH,2026-07-09,57200,PE,-1,11.0,15:14,0.0,,677.25,1.572535991140639,14.078995939461059,14.145000000000016,114900.0,-8730.0,0.06696900000000028,,,,,,,,,,,,,,,16.07853,16.07853,,,16.145499,687.9,114900.0,57281.85,,,,,0,Thursday
BANKNIFTY_MONTH,2026-07-09,57300,CE,0,38.0,15:29,0.0,7.614285714285708,906.95,-1.4995313964386154,12.02381608688462,12.064285714285713,66540.0,-3180.0,0.3665339999999997,0.5678998731874044,4.460495120471956,3.860714285714274,52320.0,-540.0,-0.6203630000000011,,,,,,,1.3500000000000227,0.17729831144465605,14.430719,14.584711,14.86124,,14.240877,912.0,135030.0,57281.85,,,,,0,Thursday
BANKNIFTY_MONTH,2026-07-09,57300,PE,0,38.0,15:29,0.0,7.107142857142857,699.4,4.2893909064912785,16.814412353445814,13.535714285714286,153090.0,-21750.0,0.08646599999999971,-4.289173296437219,6.454514008993425,3.7714285714285842,61560.0,-2190.0,-0.038264999999999105,,,,,,,5.399999999999977,0.7597989949748712,16.225802,15.984425,16.225716,,16.187451,691.75,231240.0,57281.85,,,,,0,Thursday
BANKNIFTY_MONTH,2026-07-09,57400,CE,1,45.0,15:29,0.0,6.064285714285712,852.2,-1.0736916216850612,12.297582727059384,10.953571428571422,76500.0,-1770.0,0.4271659999999997,1.773091423185682,4.2412818096135725,3.5892857142857224,36180.0,-4830.0,-0.39821099999999987,,,,,,,6.25,1.030624263839812,14.421154,14.56766,14.768816,,14.370605,863.85,142500.0,57281.85,,,,,0,Thursday
BANKNIFTY_MONTH,2026-07-09,57400,PE,1,45.0,15:29,0.0,5.285714285714278,740.7,4.050222762251924,16.599162953962473,13.771428571428585,84150.0,-8520.0,0.06509599999999871,-3.2679738562091503,5.856209150326792,4.571428571428555,24180.0,-1290.0,0.1013130000000011,,,,,,,1.0,0.18918918918918948,16.120686,15.892001,16.141171,,16.242484,740.0,130530.0,57281.85,,,,,0,Thursday
BANKNIFTY_MONTH,2026-07-09,57500,CE,2,45.0,15:29,0.0,4.835714285714289,797.25,-0.8592035120727529,12.825337096268422,10.482142857142849,169440.0,30150.0,0.4470100000000006,0.4588886095046489,4.387729444304764,3.539285714285719,99750.0,-15060.0,-0.5893259999999998,,,,,,,1.7000000000000455,0.35155096011817755,14.330257,14.507171,14.727303,,14.137977,799.05,311460.0,57281.85,,,,,0,Thursday
BANKNIFTY_MONTH,2026-07-09,57500,PE,2,45.0,15:29,0.0,6.817857142857122,785.55,4.016294316084281,16.574374641970586,13.789285714285736,211770.0,18630.0,0.0734849999999998,-3.2086223984142825,6.188057482656101,3.557142857142854,75180.0,7530.0,0.10715800000000186,,,,,,,4.7000000000000455,0.6893661602933561,16.086242,15.83216,16.020415,,16.127573,781.3,330180.0,57281.85,,,,,0,Thursday
BANKNIFTY_MONTH,2026-07-09,57300,SYNTH,0,,15:29,,,,,,,,,,,,,,,,,,,,,,,,,,,,,,,57281.85,227.25,197.5500000000029,36.150000000001455,65.84999999999854,0,Thursday
BANKNIFTY_MONTH,2026-07-10,58000,CE,-1,19.0,15:28,0.0,,805.0,1.2236024844720526,2.546583850931677,3.2833333333333408,31650.0,-26340.0,0.11367699999999914,1.467544684854192,3.5810598933835145,5.818181818181818,148800.0,-5670.0,0.06894500000000114,,,,,,,,,12.252951,12.290724,12.222404,,12.291349,808.95,213210.0,58083.15,,,,,0,Friday
BANKNIFTY_MONTH,2026-07-10,58000,PE,-1,19.0,15:28,0.0,,628.2,-1.3451130213307936,2.387774594078319,3.4166666666667425,51780.0,-36300.0,-0.10248100000000093,-4.941791399382283,5.54367624930704,4.6909090909090825,200760.0,-19230.0,-0.49267399999999917,,,,,,,,,15.364294,15.185719,15.191065,,14.698391,600.15,280290.0,58083.15,,,,,0,Friday
BANKNIFTY_MONTH,2026-07-10,58100,CE,0,45.0,15:29,0.0,8.21785714285714,769.3,-1.4038736513713708,6.3239308462238375,4.28571428571427,58980.0,-1410.0,0.22395999999999994,1.7073334677690302,5.04133897963299,5.085714285714281,69840.0,-10620.0,0.011927999999999273,,,,,,,3.5499999999999545,0.43198609300303675,12.236386,12.176565,12.271677,,12.283605,756.55,206010.0,58083.15,,,,,0,Friday
BANKNIFTY_MONTH,2026-07-10,58100,PE,0,45.0,15:29,0.0,7.357142857142841,654.75,0.8018327605956472,7.040855288277972,3.482142857142857,55560.0,-10380.0,-0.22900700000000107,-4.075421275332185,6.213347190260563,3.889285714285726,91680.0,-15840.0,-0.3436760000000003,,,,,,,3.300000000000068,0.4485436893203986,15.356645,15.224992,15.135547,,14.791871,646.1,215130.0,58083.15,,,,,0,Friday
BANKNIFTY_MONTH,2026-07-10,58200,CE,1,45.0,15:29,0.0,8.014285714285702,712.1,-1.1515236624069716,6.614239573093669,4.257142857142851,50820.0,-5070.0,0.25408599999999915,0.8866279069767475,5.101744186046515,5.171428571428554,78330.0,-14970.0,-0.10655999999999999,,,,,,,6.199999999999932,0.7736185383244134,12.19322,12.128799,12.22365,,12.11709,694.1,177360.0,58083.15,,,,,0,Friday
BANKNIFTY_MONTH,2026-07-10,58200,PE,1,45.0,15:29,0.0,7.414285714285703,700.0,0.585714285714289,6.771428571428569,4.978571428571407,47190.0,-13710.0,-0.2653320000000008,-2.3821098687408973,6.299048545037852,4.6678571428571365,66600.0,-2790.0,-0.13194599999999923,,,,,,,14.149999999999977,1.9084778420038533,15.287562,15.210591,15.123211,,14.991265,702.8,175410.0,58083.15,,,,,0,Friday
BANKNIFTY_MONTH,2026-07-10,58300,CE,2,45.0,15:29,0.0,8.067857142857147,662.85,-1.7349324884966433,6.177868295994576,3.835714285714289,25890.0,-1950.0,0.1697880000000005,2.210162026112939,5.277646688689626,4.574999999999997,41250.0,-3060.0,0.05928800000000045,,,,,,,4.2000000000000455,0.520584329349275,12.19907,12.187437,12.196446,,12.255734,649.75,90690.0,58083.15,,,,,0,Friday
BANKNIFTY_MONTH,2026-07-10,58300,PE,2,45.0,15:29,0.0,7.710714285714289,744.1,1.0482462034672697,6.450745867490928,4.8785714285714255,20370.0,-1050.0,-0.2077819999999999,-3.7466605851306443,5.65582850068417,4.132142857142851,18660.0,-2880.0,-0.348590999999999,,,,,,,1.75,0.2269569245020842,15.302625,15.134825,15.090971,,14.74238,738.6,53520.0,58083.15,,,,,0,Friday
BANKNIFTY_MONTH,2026-07-10,58100,SYNTH,0,,15:29,,,,,,,,,,,,,,,,,,,,,,,,,,,,,,,58083.15,140.10000000000582,158.29999999999563,40.14999999999418,21.950000000004366,0,Friday
BANKNIFTY_MONTH,2026-07-13,58100,CE,-1,19.0,15:29,0.0,,815.4,0.8032867304390567,2.8513612950699043,7.416666666666704,13860.0,750.0,0.28621300000000005,2.6656747876759037,4.977992684892454,4.699999999999997,65460.0,-10320.0,0.17970799999999976,,,,,,,,,14.360925,14.360925,14.588952,,14.76866,828.05,79320.0,58162.7,,,,,0,Monday
BANKNIFTY_MONTH,2026-07-13,58100,PE,-1,19.0,15:29,0.0,,632.35,-0.5930260140744841,2.5144302996758086,4.7833333333333785,17820.0,-2370.0,-0.1908449999999977,-3.188428338128937,4.2382766933665135,3.3785714285714255,64620.0,-3930.0,-0.20961699999999972,,,,,,,,,16.157783,16.157783,16.061352,,15.851735,622.45,82440.0,58162.7,,,,,0,Monday
BANKNIFTY_MONTH,2026-07-13,58200,CE,0,45.0,15:29,0.0,8.371428571428583,765.45,0.20249526422365333,6.068325821412246,6.53214285714286,84120.0,16200.0,0.5851229999999994,2.5641025641025643,5.061605061605062,4.203571428571438,65550.0,-8790.0,0.14186999999999905,,,,,,,6.600000000000023,0.7883959044368617,14.410092,14.039986,14.538144,,14.680014,770.0,244800.0,58162.7,,,,,0,Monday
BANKNIFTY_MONTH,2026-07-13,58200,PE,0,45.0,15:29,0.0,7.732142857142874,668.7,0.48601764617915355,5.705099446687599,6.18214285714287,79950.0,1410.0,-0.3803730000000005,-3.1941391941391877,3.8681318681318646,3.5642857142857207,66960.0,-1650.0,-0.22552100000000053,,,,,,,9.349999999999909,1.2092378752886692,16.236817,16.288301,15.910529,,15.685008,660.7,227280.0,58162.7,,,,,0,Monday
BANKNIFTY_MONTH,2026-07-13,58300,CE,1,45.0,15:29,0.0,7.86071428571429,711.5,-0.02810962754744139,5.9451862262824955,6.007142857142851,63120.0,12540.0,0.521465000000001,2.8112449799196653,5.586632243258739,3.721428571428565,44610.0,30.0,0.16043900000000022,,,,,,,4.899999999999977,0.6233530213539268,14.313,14.017055,14.486593,,14.647032,716.8,182790.0,58162.7,,,,,0,Monday
BANKNIFTY_MONTH,2026-07-13,58300,PE,1,45.0,15:29,0.0,7.47857142857144,712.5,0.378947368421059,5.705263157894733,5.84285714285714,53100.0,11160.0,-0.41112599999999944,-2.381930184804925,4.134154688569479,3.2928571428571445,37020.0,1770.0,-0.120178000000001,,,,,,,3.949999999999932,0.5281757402101143,16.174702,16.213589,15.896015,,15.775837,713.1,132750.0,58162.7,,,,,0,Monday
BANKNIFTY_MONTH,2026-07-13,58400,CE,2,45.0,15:29,0.0,7.810714285714263,660.9,-0.15887426236948926,6.180965350279925,5.925000000000003,36990.0,8610.0,0.4789960000000004,2.737495153160136,5.544784800310198,2.967857142857148,36240.0,-11160.0,0.13058899999999873,,,,,,,6.199999999999932,0.793781435756738,14.258317,14.014661,14.409299,,14.539888,662.4,119640.0,58162.7,,,,,0,Monday
BANKNIFTY_MONTH,2026-07-13,58400,PE,2,45.0,15:29,0.0,7.764285714285726,759.4,0.18435607058203546,5.754543060310763,5.849999999999982,27840.0,7890.0,-0.45902300000000196,-3.0555555555555527,4.147286821705429,5.11071428571429,16050.0,-1800.0,-0.2422500000000003,,,,,,,14.699999999999932,1.8932842686292433,16.125263,16.161301,15.740805,,15.498555,750.35,80310.0,58162.7,,,,,0,Monday
BANKNIFTY_MONTH,2026-07-13,58200,SYNTH,0,,15:29,,,,,,,,,,,,,,,,,,,,,,,,,,,,,,,58162.7,174.59999999999854,191.70000000000437,41.05000000000291,23.94999999999709,0,Monday
BANKNIFTY_MONTH,2026-07-14,57400,CE,-1,29.0,15:29,0.0,7.035714285714294,806.55,,,,,,,-0.006199243692263905,6.013266381501457,6.8115384615384755,66840.0,-5310.0,0.015100000000000335,,,,,,,7.649999999999977,1.0873096446700463,14.931904,14.808137,14.808137,,14.823237,806.5,172890.0,57452.4,,,,,0,Tuesday
BANKNIFTY_MONTH,2026-07-14,57400,PE,-1,29.0,15:29,0.0,9.885714285714291,668.8,,,,,,,2.407296650717707,7.266746411483257,6.407692307692313,85620.0,-15960.0,0.3596409999999999,,,,,,,4.7000000000000455,0.475433526011565,17.896443,17.773689,17.773689,,18.13333,684.9,191700.0,57452.4,,,,,0,Tuesday
BANKNIFTY_MONTH,2026-07-14,57500,CE,0,45.0,15:29,0.0,7.31785714285713,760.0,1.1381578947368391,6.796052631578945,4.967857142857148,270210.0,-17250.0,-0.07011699999999976,-1.859029100702881,6.7200945937068886,5.5035714285714175,183030.0,-3720.0,-0.11744000000000021,,,,,,,4.5499999999999545,0.6217667154709563,14.93427,14.938903,14.827086,,14.709646,747.0,574860.0,57452.4,,,,,0,Tuesday
BANKNIFTY_MONTH,2026-07-14,57500,PE,0,45.0,15:29,0.0,9.121428571428575,702.65,-0.09250693802034829,9.535330534405466,6.653571428571444,221970.0,14940.0,0.21473800000000054,2.4443814652118463,8.346322800056694,8.246428571428558,219600.0,-42600.0,0.22988800000000253,,,,,,,12.0,1.3155833985904457,17.943604,17.525755,17.719685,,17.949573,722.95,599070.0,57452.4,,,,,0,Tuesday
BANKNIFTY_MONTH,2026-07-14,57600,CE,1,45.0,15:29,0.0,6.71785714285714,706.55,1.415328002264525,6.998796971198082,4.571428571428571,83760.0,-10410.0,-0.028067000000000064,-1.6877637130801688,6.940928270042197,5.971428571428565,53880.0,-300.0,-0.07723299999999966,,,,,,,8.0,1.1908559276980335,14.909788,14.909577,14.878161,,14.800928,699.0,170040.0,57452.4,,,,,0,Tuesday
BANKNIFTY_MONTH,2026-07-14,57600,PE,1,45.0,15:29,0.0,9.742857142857149,750.85,-0.3396151028834079,9.356063128454418,7.2392857142857,71100.0,-420.0,0.1812049999999985,2.8127707791775007,8.26501366393388,6.971428571428573,71670.0,-2100.0,0.3078710000000022,,,,,,,9.549999999999955,0.98020527859237,17.909881,17.529966,17.644668,,17.952539,771.25,188460.0,57452.4,,,,,0,Tuesday
BANKNIFTY_MONTH,2026-07-14,57700,CE,2,45.0,15:29,0.0,6.442857142857155,655.25,1.1827546737886303,7.1804654711942115,4.125000000000033,63270.0,-18570.0,-0.06656399999999962,-1.2007903936768471,7.045143638850893,5.650000000000001,41730.0,-5670.0,0.005820999999999188,,,,,,,7.0,1.0864745011086454,14.954247,14.87579,14.810503,,14.816324,650.0,128250.0,57452.4,,,,,0,Tuesday
BANKNIFTY_MONTH,2026-07-14,57700,PE,2,45.0,15:29,0.0,10.099999999999998,799.35,-0.3627947707512325,9.201225996121844,7.314285714285712,49080.0,3540.0,0.18284599999999784,1.6785224010982212,7.43791339074005,7.696428571428588,34560.0,-3330.0,0.12997999999999976,,,,,,,15.450000000000045,1.5297029702970346,17.839235,17.496144,17.674867,,17.804847,814.75,107610.0,57452.4,,,,,0,Tuesday
BANKNIFTY_MONTH,2026-07-14,57500,SYNTH,0,,15:29,,,,,,,,,,,,,,,,,,,,,,,,,,,,,,,57452.4,91.25,75.55000000000291,-31.39999999999418,-15.69999999999709,0,Tuesday
BANKNIFTY_MONTH,2026-07-15,57700,CE,0,22.0,15:29,0.0,5.288461538461538,732.75,0.4503582395086939,6.871374957352442,4.383333333333326,54360.0,90.0,-0.4736200000000004,,,,,,,,,,,,,,,14.470821,14.6137,14.862168,,14.862168,762.9,123690.0,57682.95,,,,,0,Wednesday
BANKNIFTY_MONTH,2026-07-15,57700,PE,0,22.0,15:29,0.0,5.003846153846159,650.2,-1.5456782528452888,9.597047062442321,5.225000000000004,41460.0,150.0,0.21248100000000036,,,,,,,,,,,,,,,17.024934,17.068285,16.415785,,16.415785,605.45,112890.0,57682.95,,,,,0,Wednesday
BANKNIFTY_MONTH,2026-07-15,57800,CE,1,45.0,15:29,0.0,4.607142857142849,678.15,3.1408980314089905,7.866991078669914,5.035714285714294,58680.0,390.0,-0.6366740000000011,0.21645021645021645,4.884559884559888,4.814285714285704,77940.0,-6990.0,0.6189529999999994,,,,,,,9.600000000000023,2.083720930232567,14.456033,14.570683,13.900008,,14.518961,694.5,183360.0,57682.95,,,,,0,Wednesday
BANKNIFTY_MONTH,2026-07-15,57800,PE,1,45.0,15:29,0.0,5.285714285714294,694.4,-4.831509216589855,10.591877880184326,4.4178571428571365,63390.0,1200.0,0.20729800000000154,-2.1021021021021022,5.375375375375368,4.59999999999999,75030.0,-3540.0,-0.8084190000000007,,,,,,,0.25,0.047297297297297224,16.915457,16.992251,17.224006,,16.415587,652.0,184140.0,57682.95,,,,,0,Wednesday
BANKNIFTY_MONTH,2026-07-15,57900,CE,2,45.0,15:29,0.0,4.0428571428571525,627.3,2.829587119400606,8.114139964929059,4.353571428571432,37050.0,-4260.0,-0.6621240000000004,0.9699624530663222,5.068836045056334,4.278571428571444,51630.0,-6210.0,0.6969529999999988,,,,,,,6.100000000000023,1.5088339222614862,14.509046,14.556892,13.869386,,14.566339,645.4,110310.0,57682.95,,,,,0,Wednesday
BANKNIFTY_MONTH,2026-07-15,57900,PE,2,45.0,15:29,0.0,6.0,743.45,-4.566547851234117,8.850628825072308,5.72499999999999,38640.0,6930.0,0.24202600000000274,-2.5141816653827362,5.392534491210869,4.317857142857146,48030.0,5970.0,-0.919272000000003,,,,,,,0.35000000000002274,0.05833333333333712,16.930142,16.979062,17.224938,,16.305666,696.0,108240.0,57682.95,,,,,0,Wednesday
BANKNIFTY_MONTH,2026-07-15,57700,SYNTH,0,,15:29,,,,,,,,,,,,,,,,,,,,,,,,,,,,,,,57682.95,138.34999999999854,138.34999999999854,,,0,Wednesday
BANKNIFTY_MONTH,2026-07-16,57600,CE,0,45.0,15:29,0.0,5.839285714285722,758.4,-0.8438818565400814,6.586234177215196,6.471428571428573,89730.0,-6420.0,0.2710359999999987,-0.5041459369817518,3.3366500829187364,4.028571428571419,87120.0,-19650.0,-0.18692300000000017,,,,,,,0.05000000000006821,0.00856269113151014,15.965459,15.552739,15.812217,,15.625294,749.95,265500.0,57621.35,,,,,0,Thursday
BANKNIFTY_MONTH,2026-07-16,57600,PE,0,45.0,15:29,0.0,5.9500000000000215,551.75,-0.10874490258269556,8.527412777526045,4.571428571428579,88830.0,-1770.0,-0.3470259999999996,-0.7757532022370476,3.256359372181142,3.2500000000000164,60630.0,-8310.0,-0.015474999999998573,,,,,,,1.7000000000000455,0.2857142857142923,15.627754,15.651451,15.425512,,15.410037,550.0,217050.0,57621.35,,,,,0,Thursday
BANKNIFTY_MONTH,2026-07-16,57700,CE,1,45.0,15:29,0.0,4.928571428571421,699.3,-0.41470041470041147,6.721006721006721,5.492857142857141,74460.0,-11370.0,0.3353760000000001,-0.014382281029758241,3.3438803394218324,3.585714285714289,58620.0,-24660.0,-0.09242300000000014,,,,,,,1.8500000000000227,0.3753623188405849,15.890487,15.411046,15.668756,,15.576333,695.2,184650.0,57621.35,,,,,0,Thursday
BANKNIFTY_MONTH,2026-07-16,57700,PE,1,45.0,15:29,0.0,6.342857142857132,594.95,0.17648541894276065,8.639381460626957,4.639285714285718,93030.0,-6840.0,-0.32354099999999875,-1.9288577154308544,3.1980627922511653,3.5107142857142923,56160.0,-4740.0,-0.1853220000000011,,,,,,,4.850000000000023,0.7646396396396445,15.518805,15.572313,15.363148,,15.177826,587.25,200850.0,57621.35,,,,,0,Thursday
BANKNIFTY_MONTH,2026-07-16,57800,CE,2,45.0,15:29,0.0,4.82857142857143,646.85,-0.44832650537218477,7.08819664528098,5.421428571428586,74700.0,-14610.0,0.31613199999999964,0.09375000000000355,3.4140625000000036,2.964285714285706,82890.0,-13200.0,-0.07099000000000011,,,,,,,0.75,0.1553254437869822,15.762119,15.371266,15.54389,,15.4729,640.6,216180.0,57621.35,,,,,0,Thursday
BANKNIFTY_MONTH,2026-07-16,57800,PE,2,45.0,15:29,0.0,6.510714285714292,638.75,0.13307240704501336,8.720156555773002,5.946428571428579,50610.0,-6510.0,-0.3461389999999991,-1.1962094143234496,3.619698617368332,3.6357142857142923,58800.0,-1050.0,-0.08796200000000098,,,,,,,4.0,0.6143719144267684,15.420047,15.449988,15.25162,,15.163658,636.0,143340.0,57621.35,,,,,0,Thursday
BANKNIFTY_MONTH,2026-07-16,57600,SYNTH,0,,15:29,,,,,,,,,,,,,,,,,,,,,,,,,,,,,,,57621.35,205.1999999999971,197.9499999999971,0.5,7.75,0,Thursday
BANKNIFTY_MONTH,2026-07-17,58500,CE,0,37.0,15:28,0.0,6.80714285714287,626.05,-2.8991294625029917,9.895375768708577,8.782142857142869,437400.0,44250.0,-0.05167100000000069,6.843230794538579,8.883039973679882,6.933333333333337,146250.0,-210.0,-0.073402999999999,,,,,,,,,13.287023,13.088214,13.224613,,13.15121,649.5,917490.0,58505.85,,,,,0,Friday
BANKNIFTY_MONTH,2026-07-17,58500,PE,0,37.0,15:28,0.0,4.52142857142856,646.2,-0.4255648406066233,7.281027545651494,7.017857142857143,269430.0,34590.0,-0.38420899999999847,-6.016837877500586,7.422568934888402,6.491666666666674,120900.0,24300.0,-0.056072000000000344,,,,,,,,,17.909519,18.120105,17.675733,,17.619661,608.4,506550.0,58505.85,,,,,0,Friday
BANKNIFTY_MONTH,2026-07-17,58600,CE,1,45.0,15:29,0.0,6.982142857142841,574.95,-3.061135750934868,10.018262457605012,8.199999999999989,86340.0,10140.0,-0.05874399999999902,10.859769286229273,12.626171593366973,7.725000000000007,157380.0,-17040.0,0.01716500000000032,,,,,,,22.0,3.1508951406649692,13.237044,13.143915,13.198925,,13.21609,615.05,330360.0,58505.85,,,,,0,Friday
BANKNIFTY_MONTH,2026-07-17,58600,PE,1,45.0,15:29,0.0,5.053571428571429,694.3,-0.4248883767823609,7.028661961688025,7.132142857142859,36120.0,2550.0,-0.4028090000000013,-10.58612010068321,11.621718806184836,8.792857142857144,88350.0,16590.0,-0.5029450000000004,,,,,,,32.39999999999998,6.411307420494695,17.803899,18.132071,17.661818,,17.158873,621.65,138660.0,58505.85,,,,,0,Friday
BANKNIFTY_MONTH,2026-07-17,58700,CE,2,45.0,15:29,0.0,6.5392857142857155,524.55,-3.0883614526737078,10.285006195786863,8.171428571428569,79980.0,11100.0,-0.04509399999999886,9.478252293125557,11.94397869612388,6.289285714285699,117450.0,-18870.0,-0.2020470000000003,,,,,,,9.799999999999955,1.4986346258874859,13.286112,13.143116,13.229983,,13.027936,555.0,245130.0,58505.85,,,,,0,Friday
BANKNIFTY_MONTH,2026-07-17,58700,PE,2,45.0,15:29,0.0,4.185714285714271,741.6,0.3910463861920142,6.627562028047462,8.821428571428564,20640.0,1020.0,-0.2732939999999999,-8.414715719063542,9.130434782608695,7.614285714285716,26580.0,3900.0,-0.17555699999999774,,,,,,,18.699999999999932,4.467576791808873,17.764115,18.071148,17.700749,,17.525192,684.6,55560.0,58505.85,,,,,0,Friday
BANKNIFTY_MONTH,2026-07-17,58500,SYNTH,0,,15:28,,,,,,,,,,,,,,,,,,,,,,,,,,,,,,,58505.85,-3.1499999999941792,-2.9500000000043656,80.54999999999563,80.35000000000582,0,Friday
BANKNIFTY_MONTH,2026-07-20,57900,CE,0,20.0,15:21,0.0,,614.45,3.9954430791764914,7.510782000162743,6.07916666666667,49410.0,-3690.0,0.4280350000000013,-0.9719306430293135,3.6466837726459915,4.962499999999977,27180.0,5190.0,-0.1961429999999993,,,,,,,,,16.019099,15.580025,16.187202,,15.991059,636.8,86670.0,57928.6,,,,,0,Monday
BANKNIFTY_MONTH,2026-07-20,57900,PE,0,20.0,15:21,0.0,,431.95,-5.93818729019562,9.943280472276882,3.454166666666661,114060.0,1440.0,-0.5046009999999992,-0.36818851251840945,4.749631811487488,3.8500000000000227,34680.0,-2610.0,-0.02782299999999971,,,,,,,,,14.738164,14.7905,14.273223,,14.2454,405.9,164790.0,57928.6,,,,,0,Monday
BANKNIFTY_MONTH,2026-07-20,58000,CE,1,45.0,15:29,0.0,4.210714285714289,557.65,4.662422666547117,7.603335425446065,5.4571428571428635,279030.0,-3240.0,0.3637479999999993,-0.7055584236792329,3.6826707967647523,3.428571428571453,257550.0,-12750.0,-0.5976199999999992,,,,,,,3.0,0.7124681933842234,15.46528,15.456628,15.921702,,15.324082,577.0,702450.0,57928.6,,,,,0,Monday
BANKNIFTY_MONTH,2026-07-20,58000,PE,1,45.0,15:29,0.0,2.7392857142857037,476.1,-7.277882797731576,9.388783868935095,4.882142857142871,305370.0,-21750.0,-0.6388359999999995,-1.3974287311347122,4.471771939631079,3.3035714285714284,237420.0,-25740.0,0.25483400000000067,,,,,,,3.3000000000000114,1.2046936114732814,14.901368,14.706863,14.081933,,14.336767,441.0,715740.0,57928.6,,,,,0,Monday
BANKNIFTY_MONTH,2026-07-20,58100,CE,2,45.0,15:29,0.0,3.9964285714285586,503.4,5.095351609058398,7.618196265395317,5.260714285714284,74370.0,-60.0,0.37575000000000003,-0.8076009501187649,3.9429928741092635,3.174999999999987,92370.0,-3060.0,-0.5730740000000001,,,,,,,1.6000000000000227,0.4003574620196674,15.373875,15.32129,15.781108,,15.208034,522.0,210150.0,57928.6,,,,,0,Monday
BANKNIFTY_MONTH,2026-07-20,58100,PE,2,45.0,15:29,0.0,3.489285714285716,519.6,-6.6878367975365665,9.045419553502693,5.603571428571432,84930.0,7530.0,-0.6154770000000003,-0.3370098039215756,4.12581699346405,4.310714285714275,58800.0,330.0,0.41821900000000056,,,,,,,0.0999999999999659,0.028659160695998397,14.809356,14.513143,13.869888,,14.288107,487.95,204270.0,57928.6,,,,,0,Monday
BANKNIFTY_MONTH,2026-07-20,57900,SYNTH,0,,15:21,,,,,,,,,,,,,,,,,,,,,,,,,,,,,,,57928.6,191.8000000000029,186.0,-4.75,1.0500000000029104,0,Monday
BANKNIFTY_MONTH,2026-07-21,57800,CE,-1,34.0,15:29,0.0,4.137500000000003,569.3,-1.9585455822940414,4.224486211136496,3.105555555555548,38340.0,-90.0,0.19632700000000014,0.2528901734104005,4.2991329479768705,4.264285714285693,114450.0,-720.0,-0.09440900000000063,,,,,,,2.9500000000000455,0.7129909365559017,14.944477,15.23508,15.393561,,15.299152,555.0,182970.0,57874.25,,,,,0,Tuesday
BANKNIFTY_MONTH,2026-07-21,57800,PE,-1,34.0,15:29,0.0,4.568749999999994,381.15,5.207923389741578,7.595434868162139,2.4611111111111086,73080.0,-12540.0,0.19379400000000047,-2.6384243775548066,6.13154960981048,3.982142857142849,118080.0,-27270.0,-0.20157399999999903,,,,,,,6.0,1.3132694938440508,14.657027,14.248947,14.439582,,14.238008,393.0,245760.0,57874.25,,,,,0,Tuesday
BANKNIFTY_MONTH,2026-07-21,57900,CE,0,45.0,15:29,0.0,4.503571428571421,515.95,-2.5196239945731285,6.744839616241885,3.9571428571428515,114510.0,-8880.0,0.5779230000000002,0.8915155764800252,4.647901432435138,4.339285714285722,125040.0,-36510.0,0.010483999999999938,,,,,,,3.0500000000000114,0.6772402854877119,14.791324,14.750867,15.308476,,15.31896,503.6,319140.0,57874.25,,,,,0,Tuesday
BANKNIFTY_MONTH,2026-07-21,57900,PE,0,45.0,15:29,0.0,5.828571428571418,419.55,6.19711595757359,11.202478846383029,3.4642857142857224,85230.0,-4530.0,-0.06500400000000006,-2.973605078516531,5.791290789620225,4.360714285714279,128610.0,-21330.0,-0.275423,,,,,,,4.050000000000011,0.6948529411764739,14.529265,14.409385,14.35815,,14.082727,435.6,295620.0,57874.25,,,,,0,Tuesday
BANKNIFTY_MONTH,2026-07-21,58000,CE,1,45.0,15:29,0.0,4.525000000000001,462.25,-2.6500811249323957,6.911844240129798,3.703571428571422,241650.0,-20130.0,0.5388409999999997,0.03356455582905216,4.844484224658755,3.6678571428571485,338730.0,-98610.0,-0.1154630000000001,,,,,,,1.3000000000000114,0.28729281767956044,14.73013,14.656996,15.191176,,15.075713,447.05,737460.0,57874.25,,,,,0,Tuesday
BANKNIFTY_MONTH,2026-07-21,58000,PE,1,45.0,15:29,0.0,5.849999999999999,465.6,5.895618556701029,10.642182130584194,3.7392857142857117,178170.0,1680.0,-0.08419600000000038,-2.1980237951199793,5.192579149021981,4.285714285714278,244560.0,-31590.0,-0.18943699999999986,,,,,,,7.0,1.1965811965811968,14.424222,14.314886,14.220555,,14.031118,485.0,571770.0,57874.25,,,,,0,Tuesday
BANKNIFTY_MONTH,2026-07-21,58100,CE,2,45.0,15:29,0.0,3.6107142857142986,412.0,-2.5000000000000027,7.330097087378639,4.128571428571438,72510.0,-17100.0,0.5405149999999992,0.8289374529012696,4.810349158502897,3.142857142857135,96750.0,-39750.0,-0.007963000000000164,,,,,,,0.2999999999999545,0.08308605341245001,14.698423,14.565457,15.079128,,15.071165,401.4,223620.0,57874.25,,,,,0,Tuesday
BANKNIFTY_MONTH,2026-07-21,58100,PE,2,45.0,15:29,0.0,5.807142857142878,515.2,5.813276397515514,10.50077639751552,4.224999999999999,37050.0,-6180.0,-0.07168200000000091,-2.154070828769616,4.7645125958379015,4.742857142857149,59310.0,1320.0,-0.2100590000000011,,,,,,,7.2999999999999545,1.257072570725695,14.29579,14.223321,14.128301,,13.918242,536.0,118140.0,57874.25,,,,,0,Tuesday
BANKNIFTY_MONTH,2026-07-21,57900,SYNTH,0,,15:29,,,,,,,,,,,,,,,,,,,,,,,,,,,,,,,57874.25,141.4499999999971,150.40000000000146,17.80000000000291,8.849999999998545,0,Tuesday
BANKNIFTY_MONTH,2026-07-22,57100,CE,0,36.0,15:29,0.0,4.971428571428569,458.8,10.82170880557977,14.01482127288579,7.362499999999993,162600.0,-20280.0,0.31324600000000125,-1.392180094786721,5.223143759873627,4.09285714285714,70620.0,-22650.0,0.26568600000000053,,,,,,,4.350000000000023,0.875000000000005,14.630673,14.537142,14.774177,,15.039863,499.35,354360.0,57072.2,,,,,0,Wednesday
BANKNIFTY_MONTH,2026-07-22,57100,PE,0,36.0,15:29,0.0,5.467857142857148,446.4,-12.522401433691753,15.837813620071683,7.8833333333333355,184410.0,19290.0,-0.7178530000000016,4.246122552758705,10.144927536231878,5.571428571428579,105720.0,-21420.0,0.1811600000000002,,,,,,,3.25,0.5943827563683861,16.218582,16.384799,15.772654,,15.953814,410.0,414960.0,57072.2,,,,,0,Wednesday
BANKNIFTY_MONTH,2026-07-22,57200,CE,1,45.0,15:29,0.0,4.575000000000001,409.15,11.658316021019198,17.780765000611023,6.071428571428571,186600.0,-36810.0,0.07504000000000133,-1.9744098830796357,5.779836752702402,3.460714285714293,172230.0,-25500.0,0.16617500000000085,,,,,,,1.8500000000000227,0.40437158469945844,14.570039,14.554535,14.768218,,14.934393,444.35,448560.0,57072.2,,,,,0,Wednesday
BANKNIFTY_MONTH,2026-07-22,57200,PE,1,45.0,15:29,0.0,5.500000000000004,498.0,-12.118473895582333,17.861445783132528,8.189285714285713,138450.0,-6360.0,-0.5327790000000014,3.44709897610921,10.511945392491466,5.446428571428571,165810.0,-7860.0,0.0963320000000003,,,,,,,5.800000000000011,1.0545454545454558,16.137087,16.446604,15.740184,,15.836516,454.65,375870.0,57072.2,,,,,0,Wednesday
BANKNIFTY_MONTH,2026-07-22,57300,CE,2,45.0,15:29,0.0,3.946428571428567,362.8,12.265711135611907,18.563947078280048,5.599999999999999,179970.0,-49200.0,0.08043699999999987,-1.0560318051931918,5.9262020126723725,3.1035714285714238,157980.0,-34710.0,0.294594,,,,,,,2.4499999999999886,0.6208144796380068,14.630693,14.557562,14.713718,,15.008312,398.2,416580.0,57072.2,,,,,0,Wednesday
BANKNIFTY_MONTH,2026-07-22,57300,PE,2,45.0,15:29,0.0,6.264285714285701,548.45,-11.09490381985596,17.312425927614182,9.103571428571424,104430.0,-2550.0,-0.44693699999999836,3.1899714635140595,10.21198532409295,5.789285714285711,115530.0,-6720.0,0.08272299999999966,,,,,,,5.75,0.9179019384264557,16.12743,16.3559,15.757778,,15.840501,506.25,259710.0,57072.2,,,,,0,Wednesday
BANKNIFTY_MONTH,2026-07-22,57100,SYNTH,0,,15:29,,,,,,,,,,,,,,,,,,,,,,,,,,,,,,,57072.2,65.0,67.25,-23.75,-26.0,0,Wednesday
BANKNIFTY_MONTH,2026-07-23,56600,CE,1,45.0,15:29,0.0,5.035714285714286,393.6,3.9634146341463325,14.977134146341474,8.52857142857143,280740.0,-47700.0,-0.19362300000000054,0.9736747205192959,5.50546940738069,4.325000000000001,185550.0,-21000.0,0.5282420000000005,,,,,,,1.0,0.19858156028368795,14.510398,14.680516,14.594344,,15.122586,420.0,589650.0,56532.85,,,,,0,Thursday
BANKNIFTY_MONTH,2026-07-23,56600,PE,1,45.0,15:29,0.0,6.839285714285722,371.75,-4.156018829858773,19.273705447209156,9.074999999999992,207690.0,-20550.0,0.17683599999999977,-3.2253440366972477,9.432339449541294,4.882142857142859,139170.0,-9450.0,-0.7400299999999991,,,,,,,0.1500000000000341,0.021932114882511487,14.900358,14.256726,14.284706,,13.544676,337.55,497100.0,56532.85,,,,,0,Thursday
BANKNIFTY_MONTH,2026-07-23,56700,CE,2,45.0,15:29,0.0,4.578571428571438,341.8,4.44704505558806,15.5061439438268,7.642857142857155,170490.0,-18480.0,-0.14499200000000023,1.471397139713962,5.789328932893277,3.5749999999999926,135900.0,-14610.0,0.5490520000000014,,,,,,,0.25,0.05460218408736338,14.529522,14.535689,14.504062,,15.053114,368.95,401850.0,56532.85,,,,,0,Thursday
BANKNIFTY_MONTH,2026-07-23,56700,PE,2,45.0,15:29,0.0,7.8821428571428545,421.65,-4.458674255899433,18.59362030119767,9.657142857142853,122220.0,2490.0,0.11513999999999847,-3.3877038895859473,8.820577164366368,4.685714285714288,98400.0,-3840.0,-0.8544809999999998,,,,,,,1.8000000000000114,0.22836429542365352,14.857837,14.18016,14.277756,,13.423275,385.0,286530.0,56532.85,,,,,0,Thursday
BANKNIFTY_MONTH,2026-07-23,56500,SYNTH,0,,15:00,,,,,,,,,,,,,,,,,,,,,,,,,,,,,,,56532.85,,86.5,,,0,Thursday
BANKNIFTY_MONTH,2026-07-24,56600,CE,-1,5.0,15:13,0.0,,451.25,-2.714681440443213,6.747922437673128,4.287499999999994,66300.0,-4020.0,-0.46460400000000135,,,,,,,,,,,,,,,16.681564,16.681564,,,16.21696,439.0,66300.0,56693.65,,,,,0,Friday
BANKNIFTY_MONTH,2026-07-24,56600,PE,-1,5.0,15:13,0.0,,246.35,0.3856302009336379,5.439415465800692,2.4624999999999986,135870.0,-12990.0,0.006423999999999097,,,,,,,,,,,,,,,12.550983,12.550983,,,12.557407,247.3,135870.0,56693.65,,,,,0,Friday
BANKNIFTY_MONTH,2026-07-24,56700,CE,0,43.0,15:28,0.0,7.025000000000001,414.65,-2.4960810321958196,15.69998794163753,10.089285714285719,500670.0,23010.0,-0.13759999999999906,-5.491886985135594,10.961080222398731,5.833333333333329,519270.0,-6090.0,-1.3033100000000015,,,,,,,,,15.784225,16.26876,16.50859,,15.20528,416.45,1455690.0,56693.65,,,,,0,Friday
BANKNIFTY_MONTH,2026-07-24,56700,PE,0,43.0,15:28,0.0,5.107142857142857,275.9,-1.5585357013410492,11.072852482783622,7.178571428571429,678780.0,21090.0,-0.41839200000000076,10.72237085820128,13.871166906770938,5.087500000000001,568590.0,2340.0,1.3634489999999992,,,,,,,,,13.370075,12.776054,12.150109,,13.513558,269.0,1717110.0,56693.65,,,,,0,Friday
BANKNIFTY_MONTH,2026-07-24,56800,CE,1,45.0,15:29,0.0,5.857142857142857,353.8,-2.2470322215941176,17.651215375918596,9.132142857142863,597330.0,-420.0,-0.05912000000000006,-7.672062113435973,11.50151335702066,5.210714285714281,564810.0,-20610.0,-1.6901740000000007,,,,,,,5.050000000000011,0.8621951219512215,15.475688,15.805314,16.117881,,14.427707,350.8,1693290.0,56693.65,,,,,0,Friday
BANKNIFTY_MONTH,2026-07-24,56800,PE,1,45.0,15:29,0.0,5.785714285714282,320.05,-1.0467114513357358,12.388689267301977,7.446428571428571,484980.0,2070.0,-0.4070120000000017,11.290040259058289,13.267985296691748,4.796428571428578,379680.0,-17400.0,1.8436640000000004,,,,,,,5.399999999999977,0.93333333333333,13.164666,12.533874,11.938817,,13.782481,317.9,1189260.0,56693.65,,,,,0,Friday
BANKNIFTY_MONTH,2026-07-24,56900,CE,2,45.0,15:29,0.0,5.839285714285714,303.45,-2.257373537650343,17.3669467787115,8.075000000000008,259830.0,5580.0,-0.03646299999999947,-8.24285058877504,12.295458021104142,5.325000000000001,313530.0,-26670.0,-1.562652,,,,,,,8.899999999999977,1.524159021406724,15.270092,15.605409,15.877846,,14.315194,300.0,816870.0,56693.65,,,,,0,Friday
BANKNIFTY_MONTH,2026-07-24,56900,PE,2,45.0,15:29,0.0,6.007142857142859,369.35,-1.4214160010829835,10.965209151211587,8.389285714285702,149220.0,-15900.0,-0.5276390000000006,8.217312348668292,11.576876513317192,5.810714285714283,162780.0,-25650.0,1.6910800000000012,,,,,,,4.399999999999977,0.7324613555291279,12.917116,12.28114,11.576322,,13.267402,357.55,443970.0,56693.65,,,,,0,Friday
BANKNIFTY_MONTH,2026-07-24,56700,SYNTH,0,,15:28,,,,,,,,,,,,,,,,,,,,,,,,,,,,,,,56693.65,164.89999999999418,101.84999999999854,-50.25,12.799999999995634,0,Friday
BANKNIFTY_MONTH,2026-07-27,57100,CE,0,45.0,15:29,0.0,6.428571428571431,215.0,2.0000000000000053,13.81395348837209,6.5071428571428545,954300.0,-84390.0,0.6850309999999986,-3.3259423503325944,7.228381374722844,2.1285714285714255,812670.0,-203040.0,-2.2158250000000024,,,,,,,7.0,1.0888888888888886,17.755432,17.70513,19.14147,,16.925645,218.0,2636850.0,57087.7,,,,,0,Monday
BANKNIFTY_MONTH,2026-07-27,57100,PE,0,45.0,15:29,0.0,4.542857142857143,169.2,-6.3238770685579135,14.834515366430258,5.028571428571423,975930.0,-71790.0,-1.0638690000000004,2.1587512454334106,13.483892394553292,2.875000000000004,760470.0,-138870.0,1.9326240000000006,,,,,,,11.100000000000023,2.4433962264150995,14.444826,14.20468,12.251811,,14.184435,153.8,2646300.0,57087.7,,,,,0,Monday
BANKNIFTY_MONTH,2026-07-27,57200,CE,1,45.0,15:29,0.0,5.5392857142857155,163.75,3.633587786259535,14.595419847328246,5.689285714285709,1332120.0,-103260.0,0.7966519999999981,-3.6431440045898005,7.9747561675272385,1.6321428571428587,975480.0,-253830.0,-1.9004259999999995,,,,,,,4.600000000000023,0.8304319793681535,17.383867,17.292003,18.683457,,16.783031,167.95,3349260.0,57087.7,,,,,0,Monday
BANKNIFTY_MONTH,2026-07-27,57200,PE,1,45.0,15:29,0.0,5.3821428571428624,220.65,-5.4611375481531885,13.664174031271246,6.017857142857139,754020.0,-50100.0,-1.2641209999999994,-0.12578616352201258,12.301886792452825,2.9107142857142816,577170.0,-133320.0,2.0319529999999997,,,,,,,9.400000000000006,1.7465162574651618,14.032034,13.951452,11.544442,,13.576395,198.5,2025900.0,57087.7,,,,,0,Monday
BANKNIFTY_MONTH,2026-07-27,57300,CE,2,45.0,15:29,0.0,4.321428571428568,122.35,4.454434000817329,16.714344094809963,4.739285714285707,1105200.0,-121950.0,0.752012999999998,-3.8330170777988593,9.184060721062615,1.4249999999999983,785040.0,-169200.0,-1.6276949999999992,,,,,,,3.200000000000003,0.7404958677685963,17.027995,17.06098,18.345971,,16.718276,126.7,2675970.0,57087.7,,,,,0,Monday
BANKNIFTY_MONTH,2026-07-27,57300,PE,2,45.0,15:29,0.0,6.489285714285712,278.0,-4.532374100719433,11.906474820143893,6.6714285714285735,263070.0,-9210.0,-1.5253049999999995,1.0369790647622685,9.958912150264132,2.5821428571428635,255990.0,-51150.0,2.9529650000000007,,,,,,,11.349999999999994,1.749036873968079,13.628436,13.365639,10.454485,,13.40745,258.2,751080.0,57087.7,,,,,0,Monday
BANKNIFTY_MONTH,2026-07-27,57100,SYNTH,0,,15:29,,,,,,,,,,,,,,,,,,,,,,,,,,,,,,,57087.7,98.29999999999563,48.25,-10.75,39.299999999995634,0,Monday
BANKNIFTY_MONTH,2026-07-28,56700,CE,0,24.0,15:29,0.0,,43.4,-76.036866359447,255.6451612903226,3.378571428571429,49279380.0,4623210.0,-9.224685,170.0,270.0,8.118749999999999,25556670.0,-3557370.0,-12.930376,,,,,,,,,18.354664,18.354664,12.930376,,0.0,55.35,74836050.0,56722.2,,,,,0,Tuesday
BANKNIFTY_MONTH,2026-07-28,56700,PE,0,24.0,15:29,0.0,,15.65,-53.993610223642165,152.71565495207668,2.1107142857142853,80034570.0,1830390.0,-9.664384,-97.82608695652175,586.9565217391305,1.5937500000000002,31217400.0,-3137910.0,-5.107165,,,,,,,,,15.073209,15.073209,5.107165,,0.0,0.05,111251970.0,56722.2,,,,,0,Tuesday
BANKNIFTY_MONTH,2026-07-28,56800,CE,1,44.0,15:29,0.0,4.1428571428571415,6.05,-95.86776859504133,646.2809917355372,0.4214285714285713,37073490.0,-427380.0,-2.5649359999999994,-83.33333333333334,2883.333333333333,1.1192307692307693,51115530.0,249450.0,-14.832113,,,,,,,0.0,0.0,21.60448,17.976359,14.832113,,0.0,0.05,108250860.0,56722.2,,,,,0,Tuesday
BANKNIFTY_MONTH,2026-07-28,56800,PE,1,44.0,15:29,0.0,4.446428571428571,80.2,21.945137157107226,112.65586034912718,4.821428571428571,23225640.0,-2957130.0,-14.136973,-47.174447174447174,120.2088452088452,11.246153846153845,32198670.0,-359580.0,0.0,,,,,,,0.25,0.05622489959839358,18.226811,14.136973,0.0,,0.0,43.0,77611620.0,56722.2,,,,,0,Tuesday
BANKNIFTY_MONTH,2026-07-28,56900,CE,2,45.0,15:29,0.0,1.257142857142857,1.35,-92.59259259259258,529.6296296296296,0.1392857142857143,17537970.0,-2676180.0,1.985365999999999,-66.66666666666667,366.66666666666663,0.05000000000000001,9387960.0,-301680.0,-25.903152,,,,,,,0.0,0.0,21.697655,23.191559,25.903152,,0.0,0.05,48259680.0,56722.2,,,,,0,Tuesday
BANKNIFTY_MONTH,2026-07-28,56900,PE,2,45.0,15:29,0.0,7.385714285714285,173.75,13.122302158273387,69.52517985611512,5.750000000000004,4511190.0,-352290.0,0.0,-20.95264317180616,55.286343612334804,13.103571428571431,5636910.0,-85260.0,0.0,,,,,,,0.6000000000000227,0.08123791102514816,14.552908,0.0,0.0,,0.0,143.55,16672650.0,56722.2,,,,,0,Tuesday
BANKNIFTY_MONTH,2026-07-28,56700,SYNTH,0,,15:29,,,,,,,,,,,,,,,,,,,,,,,,,,,,,,,56722.2,8.549999999995634,36.55000000000291,37.10000000000582,9.099999999998545,0,Tuesday
BANKNIFTY_MONTH,2026-07-29,57200,CE,-1,27.0,15:29,0.0,,914.65,-1.5634395670474996,4.411523533592087,5.08181818181817,78330.0,150.0,0.05457599999999907,-1.3909670268772463,2.732058742033802,2.7250000000000063,53310.0,-9690.0,-0.05385899999999921,,,,,,,,,10.598658,10.598658,10.752481,,10.698622,889.7,131640.0,57289.1,,,,,0,Wednesday
BANKNIFTY_MONTH,2026-07-29,57200,PE,-1,27.0,15:29,0.0,,747.8,2.3000802353570537,4.138807167691903,3.8272727272727396,67410.0,-7320.0,0.08948999999999963,1.5734720416124868,2.789336801040318,2.392857142857135,84630.0,-11610.0,0.09595200000000048,,,,,,,,,15.558344,15.558344,15.668051,,15.764003,781.1,152040.0,57289.1,,,,,0,Wednesday
BANKNIFTY_MONTH,2026-07-29,57300,CE,0,45.0,15:29,0.0,3.657142857142836,898.85,-5.518162096011572,7.832230071758356,6.721428571428589,60840.0,-9300.0,-0.09153399999999934,-1.9575471698113234,2.5943396226415096,2.9642857142857224,46680.0,-5880.0,-0.12558999999999898,,,,,,,1.8999999999999773,0.5195312499999968,10.880646,10.862993,10.814715,,10.689125,831.4,154980.0,57289.1,,,,,0,Wednesday
BANKNIFTY_MONTH,2026-07-29,57300,PE,0,45.0,15:29,0.0,3.2214285714285813,765.4,5.304415991638362,7.218447870394566,5.664285714285735,73860.0,-17220.0,0.14638300000000015,1.961269566293389,2.9264369238383936,2.596428571428573,48360.0,-7380.0,0.15248300000000015,,,,,,,1.7999999999999545,0.55875831485586,15.45659,15.449697,15.58426,,15.736743,824.0,159030.0,57289.1,,,,,0,Wednesday
BANKNIFTY_MONTH,2026-07-29,57400,CE,1,45.0,15:29,0.0,3.367857142857141,841.9,-5.683572870887281,8.059151918280083,6.632142857142859,37470.0,-4680.0,-0.08981300000000125,-1.7922273927807821,2.936737517293425,3.196428571428555,29460.0,-4470.0,-0.09179699999999968,,,,,,,2.0499999999999545,0.6086956521738999,10.922101,10.871814,10.859751,,10.767954,780.85,85740.0,57289.1,,,,,0,Wednesday
BANKNIFTY_MONTH,2026-07-29,57400,PE,1,45.0,15:29,0.0,2.924999999999987,808.9,5.4209420200272,7.157868710594633,5.603571428571423,44850.0,-8460.0,0.17869200000000163,0.9640666082383874,2.985685071574637,3.3678571428571495,25530.0,-2490.0,0.02445100000000089,,,,,,,6.0,2.0512820512820604,15.48602,15.433345,15.612326,,15.636777,864.0,89340.0,57289.1,,,,,0,Wednesday
BANKNIFTY_MONTH,2026-07-29,57500,CE,2,45.0,15:29,0.0,3.667857142857128,790.0,-5.69620253164557,8.170886075949362,6.264285714285718,77340.0,-4140.0,-0.07099999999999973,-2.25548768208365,3.2288380210780634,2.835714285714281,84720.0,-15270.0,-0.1381559999999986,,,,,,,4.550000000000068,1.2405063291139478,10.925457,10.925122,10.909365,,10.771209,728.05,209100.0,57289.1,,,,,0,Wednesday
BANKNIFTY_MONTH,2026-07-29,57500,PE,2,45.0,15:29,0.0,3.5714285714285876,855.0,5.280701754385963,7.076023391812866,5.79642857142857,55320.0,-570.0,0.17933500000000002,1.4339497287122058,2.5966116709113103,2.9392857142857287,83220.0,-29790.0,0.09629100000000079,,,,,,,2.9500000000000455,0.826000000000009,15.465313,15.432843,15.609921,,15.706212,916.05,174240.0,57289.1,,,,,0,Wednesday
BANKNIFTY_MONTH,2026-07-29,57300,SYNTH,0,,15:29,,,,,,,,,,,,,,,,,,,,,,,,,,,,,,,57289.1,131.1999999999971,113.80000000000291,-32.44999999999709,-15.05000000000291,0,Wednesday
BANKNIFTY_MONTH,2026-07-30,57100,CE,1,28.0,15:29,0.0,6.289285714285711,865.5,5.066435586366264,6.9786250722125915,8.770000000000005,27000.0,-1650.0,-0.1368079999999985,3.7292581399327056,4.78987284028055,6.23333333333333,31980.0,-2400.0,0.7267100000000006,,,,,,,5.5,0.8745031232254405,11.510707,11.301312,10.60065,,11.32736,909.55,98040.0,57030.3,,,,,0,Thursday
BANKNIFTY_MONTH,2026-07-30,57100,PE,1,28.0,15:29,0.0,4.77142857142856,753.3,-4.294437806982598,6.590999601752288,7.269999999999982,24480.0,4590.0,0.08432899999999854,-3.0118084118349535,3.920658086771919,4.649999999999977,22140.0,-4950.0,-0.4930279999999989,,,,,,,3.7999999999999545,0.7964071856287349,15.056475,15.048932,15.691932,,15.198904,731.0,77700.0,57030.3,,,,,0,Thursday
BANKNIFTY_MONTH,2026-07-30,57200,CE,2,45.0,15:29,0.0,4.535714285714286,812.0,2.2906403940886726,7.998768472906409,8.292857142857144,68970.0,6510.0,-0.8631259999999994,4.030733581315928,5.8723092871516664,3.5749999999999966,101940.0,3480.0,0.7160550000000008,,,,,,,1.6000000000000227,0.35275590551181607,11.519557,11.336777,10.623054,,11.339109,853.0,198690.0,57030.3,,,,,0,Thursday
BANKNIFTY_MONTH,2026-07-30,57200,PE,2,45.0,15:29,0.0,4.539285714285719,800.0,-1.25,6.8125,7.9571428571428475,64920.0,6450.0,0.7295369999999988,-2.946523728919817,3.673750862014915,2.864285714285724,108180.0,-7170.0,-0.5071589999999997,,,,,,,2.9500000000000455,0.649881982690804,15.077963,15.069041,15.68502,,15.177861,774.05,202590.0,57030.3,,,,,0,Thursday
BANKNIFTY_MONTH,2026-07-30,57000,SYNTH,0,,15:00,,,,,,,,,,,,,,,,,,,,,,,,,,,,,,,57030.3,,180.89999999999418,,,0,Thursday
BANKNIFTY_MONTH,2026-07-31,57200,CE,0,9.0,15:29,0.0,4.033333333333341,876.35,,,,,,,-1.603287607802283,2.2457602593042747,9.28333333333334,18570.0,-4140.0,0.028893000000000058,,,,,,,8.0,1.9834710743801613,10.769533,10.645145,10.506148,,10.535041,850.0,35610.0,57246.2,,,,,0,Friday
BANKNIFTY_MONTH,2026-07-31,57200,PE,0,9.0,15:29,0.0,2.1166666666666365,642.0,,,,,,,-0.9453940402359703,2.510966570866741,4.3166666666666815,23310.0,-4680.0,-0.28688999999999965,,,,,,,9.600000000000023,4.535433070866217,14.070677,14.145113,14.427988,,14.141098,654.85,44370.0,57246.2,,,,,0,Friday
BANKNIFTY_MONTH,2026-07-31,57300,CE,1,45.0,15:29,0.0,5.003571428571441,818.25,-1.03880232202872,3.5013748854262117,5.328571428571406,55440.0,-4980.0,-0.44984299999999955,-0.8975317875841492,2.966841186736469,3.6357142857142923,106440.0,-41520.0,0.3402429999999992,,,,,,,3.7000000000000455,0.7394718058529693,10.763364,10.655032,10.245945,,10.586188,795.0,212190.0,57246.2,,,,,0,Friday
BANKNIFTY_MONTH,2026-07-31,57300,PE,1,45.0,15:29,0.0,5.178571428571412,684.0,1.615497076023385,4.839181286549694,5.110714285714282,58500.0,-8490.0,0.40751300000000157,0.2820078962210942,3.7013536379018612,3.8428571428571394,100890.0,-21000.0,-0.2987190000000002,,,,,,,4.7000000000000455,0.9075862068965634,14.039513,14.125414,14.653484,,14.354765,711.2,228300.0,57246.2,,,,,0,Friday
BANKNIFTY_MONTH,2026-07-31,57400,CE,2,45.0,15:29,0.0,5.18214285714287,764.3,-1.288760957739096,3.630773256574644,5.3321428571428635,39270.0,-6450.0,-0.4540129999999998,0.26768386535501576,2.890985745834173,2.821428571428555,65460.0,-19260.0,0.4722110000000015,,,,,,,4.649999999999977,0.8973121984837976,10.763783,10.693798,10.277019,,10.74923,749.15,128670.0,57246.2,,,,,0,Friday
BANKNIFTY_MONTH,2026-07-31,57400,PE,2,45.0,15:29,0.0,4.035714285714302,726.75,1.9539043687650561,4.967320261437911,5.721428571428565,46230.0,-12300.0,0.4668929999999989,-0.369783412572645,3.493132593766514,2.557142857142846,62490.0,-18030.0,-0.3916029999999999,,,,,,,2.7999999999999545,0.6938053097344993,13.988951,14.087474,14.704437,,14.312834,754.4,137280.0,57246.2,,,,,0,Friday
BANKNIFTY_MONTH,2026-07-31,57200,SYNTH,0,,15:29,,,,,,,,,,,,,,,,,,,,,,,,,,,,,,,57246.2,163.3000000000029,181.0500000000029,-7.599999999998545,-25.349999999998545,0,Friday
BANKNIFTY_MONTH,2026-08-03,57700,CE,0,29.0,15:28,0.0,,808.0,-4.077970297029709,6.868811881188119,5.553571428571429,93180.0,1590.0,0.06000699999999881,-1.0296010296010296,2.2522522522522523,3.44615384615386,44160.0,-8520.0,-0.14187199999999933,,,,,,,,,10.530388,10.530388,10.595987,,10.454115,769.0,137340.0,57740.95,,,,,1,Monday
BANKNIFTY_MONTH,2026-08-03,57700,PE,0,29.0,15:28,0.0,,609.85,5.050422234975806,7.542838402885955,6.071428571428588,135030.0,-20160.0,0.10074000000000005,-1.2942460626851637,3.297988460938715,2.984615384615381,39420.0,-8040.0,-0.14761700000000033,,,,,,,,,13.986277,13.986277,14.120385,,13.972768,633.0,174450.0,57740.95,,,,,1,Monday
BANKNIFTY_MONTH,2026-08-03,57800,CE,1,44.0,15:28,0.0,3.9642857142857144,751.55,-4.231255405495304,6.965604417537093,5.5428571428571525,117390.0,6180.0,0.05154200000000131,-1.0580912863070508,2.3305670816044293,3.0192307692307603,51660.0,-6540.0,-0.13369600000000048,,,,,,,,,10.502757,10.56073,10.642424,,10.508728,715.35,228180.0,57740.95,,,,,1,Monday
BANKNIFTY_MONTH,2026-08-03,57800,PE,1,44.0,15:28,0.0,3.3892857142857338,654.0,5.007645259938838,7.469418960244651,7.074999999999997,103920.0,-14070.0,0.11346200000000017,-1.1392682392463236,3.0526546410574715,2.8461538461538463,45030.0,-2340.0,-0.13755499999999898,,,,,,,,,14.100797,13.995753,14.094216,,13.956661,676.85,201030.0,57740.95,,,,,1,Monday
BANKNIFTY_MONTH,2026-08-03,57900,CE,2,44.0,15:28,0.0,3.8035714285714204,698.35,-4.3674375313238345,7.403164602276801,5.449999999999981,43950.0,-2070.0,0.0459650000000007,-1.4557670772676372,2.045539380365815,2.896153846153836,21180.0,-8520.0,-0.16990200000000044,,,,,,,,,10.54041,10.601828,10.654978,,10.485076,660.0,88440.0,57740.95,,,,,1,Monday
BANKNIFTY_MONTH,2026-08-03,57900,PE,2,44.0,15:28,0.0,3.7178571428571394,698.35,5.205126369299065,7.496241139829601,7.153571428571411,56430.0,-12750.0,0.1555459999999993,-0.9772432173853588,2.979566732727391,2.7653846153846278,12870.0,-4020.0,-0.12529900000000005,,,,,,,,,14.093544,13.973445,14.098188,,13.972889,724.5,91200.0,57740.95,,,,,1,Monday
BANKNIFTY_MONTH,2026-08-03,57700,SYNTH,0,,15:28,,,,,,,,,,,,,,,,,,,,,,,,,,,,,,,57740.95,152.0,152.3000000000029,0.3000000000029104,0.0,1,Monday
BANKNIFTY_MONTH,2026-08-04,57500,CE,0,43.0,15:27,0.0,3.5321428571428606,811.4,1.5158984471284285,3.4508257333004684,4.749999999999992,135930.0,-43680.0,0.2809689999999989,-1.3979272113762244,1.9040732706676253,2.5416666666666665,76890.0,-15090.0,-0.21185700000000018,,,,,,,,,11.528728,11.553926,11.948551,,11.736694,818.2,294060.0,57497.15,,,,,1,Tuesday
BANKNIFTY_MONTH,2026-08-04,57500,PE,0,43.0,15:27,0.0,3.2178571428571154,627.05,-3.5962044494059415,6.371102782872187,6.039285714285711,91380.0,-9690.0,-0.44945700000000066,1.287589300548264,3.4723375976075723,2.870833333333337,48000.0,-7830.0,0.14498000000000033,,,,,,,,,14.200572,14.206155,13.70876,,13.85374,609.65,190980.0,57497.15,,,,,1,Tuesday
BANKNIFTY_MONTH,2026-08-04,57600,CE,1,43.0,15:27,0.0,3.392857142857143,755.95,1.6072491566902543,3.4393809114359413,4.982142857142882,42870.0,-12780.0,0.2730060000000005,-1.5856645610416484,1.6243393064329021,1.9250000000000018,39270.0,-8490.0,-0.22239699999999907,,,,,,,,,11.5454,11.56515,11.978124,,11.755727,763.4,113880.0,57497.15,,,,,1,Tuesday
BANKNIFTY_MONTH,2026-08-04,57600,PE,1,43.0,15:27,0.0,3.510714285714276,670.85,-3.435939479764488,6.029663859283006,7.039285714285735,36240.0,-180.0,-0.4566020000000002,1.8274740591605938,3.3916679572556876,3.5416666666666856,35880.0,1710.0,0.21799200000000063,,,,,,,,,14.162803,14.188387,13.693417,,13.911409,657.5,92790.0,57497.15,,,,,1,Tuesday
BANKNIFTY_MONTH,2026-08-04,57700,CE,2,43.0,15:27,0.0,2.9785714285714397,702.5,2.1067615658362926,3.793594306049819,5.378571428571441,57840.0,-19620.0,0.31727100000000164,-1.453287197231834,1.8615916955017364,2.416666666666648,45420.0,-14910.0,-0.18796199999999885,,,,,,,,,11.586155,11.567775,11.98021,,11.792248,712.0,133950.0,57497.15,,,,,1,Tuesday
BANKNIFTY_MONTH,2026-08-04,57700,PE,2,43.0,15:27,0.0,4.239285714285716,722.45,-3.937988788151435,6.097307772164157,6.739285714285708,36150.0,-1560.0,-0.554157,1.0693641618497076,3.3453757225433494,2.4083333333333314,22020.0,-9480.0,0.13649800000000134,,,,,,,,,14.183614,14.276355,13.685868,,13.822366,699.4,76800.0,57497.15,,,,,1,Tuesday
BANKNIFTY_MONTH,2026-08-04,57500,SYNTH,0,,15:27,,,,,,,,,,,,,,,,,,,,,,,,,,,,,,,57497.15,235.15000000000146,215.8000000000029,-19.349999999998545,0.0,1,Tuesday
BANKNIFTY_MONTH,2026-08-05,57600,CE,1,43.0,15:27,0.0,5.353571428571432,814.6,1.890498404124721,4.167689663638601,3.885714285714284,70110.0,-25530.0,-0.6305700000000005,0.1969594386656026,3.736074352188099,5.458333333333381,46560.0,-4050.0,0.034421000000000035,,,,,,,,,12.712413,12.591673,11.641642,,11.676063,813.95,160890.0,57546.75,,,,,1,Wednesday
BANKNIFTY_MONTH,2026-08-05,57600,PE,1,43.0,15:27,0.0,7.34285714285714,641.65,-7.948258396321982,11.111976934465824,6.935714285714296,50160.0,-6900.0,-0.2748209999999993,-1.7165937394816635,4.4092898014136725,5.85833333333333,35190.0,-330.0,-0.1914649999999991,,,,,,,,,14.565673,14.267849,14.04848,,13.857015,584.0,117750.0,57546.75,,,,,1,Wednesday
BANKNIFTY_MONTH,2026-08-05,57700,CE,2,55.0,15:39,1.0,5.007142857142867,760.0,1.769736842105269,3.9407894736842164,4.289285714285727,67590.0,-14460.0,-0.6232220000000002,-0.4751847940865922,3.8278775079197462,3.592857142857148,39690.0,-1560.0,-1.2900649999999985,-0.5948446794448117,1.9762062128222135,2.977777777777798,12630.0,-1800.0,-0.08370299999999986,5.900000000000091,1.1783166904422413,12.714227,12.582344,11.67687,10.43513,10.351427,752.0,141000.0,57546.75,,,,,1,Wednesday
BANKNIFTY_MONTH,2026-08-05,57700,PE,2,55.0,15:39,1.0,7.592857142857132,687.55,-7.810341066104273,10.668315031634066,6.657142857142852,46470.0,-6480.0,-0.2905999999999995,-1.867333385420743,3.922181420423474,5.260714285714292,32370.0,5340.0,0.6737520000000004,2.4297284421152856,4.8038748610449415,3.7555555555555507,10290.0,-3510.0,0.2906450000000014,10.600000000000023,1.3960489181561668,14.562049,14.265803,14.077436,14.783487,15.074132,645.0,120540.0,57546.75,,,,,1,Wednesday
BANKNIFTY_MONTH,2026-08-05,57500,SYNTH,0,,15:01,,,,,,,,,,,,,,,,,,,,,,,,,,,,,,,57546.75,,229.95000000000437,,,1,Wednesday
BANKNIFTY_MONTH,2026-08-06,58000,CE,0,43.0,15:27,0.0,3.1321428571428505,738.25,-1.4764646122587168,3.2238401625465567,4.1214285714285825,162360.0,-15720.0,-0.05695400000000106,-0.22571819425444287,2.0519835841313268,2.754166666666672,82920.0,-6990.0,-0.028260000000001284,,,,,,,,,10.576044,10.592005,10.684307,,10.656047,729.35,334140.0,58027.7,,,,,1,Thursday
BANKNIFTY_MONTH,2026-08-06,58000,PE,0,43.0,15:27,0.0,2.9321428571428703,587.95,0.892933072540182,3.1380219406412184,3.367857142857133,181290.0,-44370.0,-0.002932000000001267,-0.7633587786259542,2.6123833757421506,2.6000000000000036,80100.0,-5130.0,-0.08473500000000023,,,,,,,,,14.154898,14.05944,13.929974,,13.845239,585.0,358500.0,58027.7,,,,,1,Thursday
BANKNIFTY_MONTH,2026-08-06,58100,CE,1,55.0,15:39,1.0,2.785714285714294,686.15,-1.2752313634045034,3.206295999417037,4.089285714285714,55950.0,-2130.0,-0.02194699999999905,-0.6167400881057336,2.092511013215859,1.6285714285714252,36030.0,2100.0,-0.6908860000000008,2.532481832195552,5.57146003083022,3.1055555555555605,35130.0,-1770.0,0.3361269999999994,7.149999999999977,2.566666666666651,10.64692,10.688832,10.80935,10.202887,10.539014,698.4,160320.0,58027.7,,,,,1,Thursday
BANKNIFTY_MONTH,2026-08-06,58100,PE,1,55.0,15:39,1.0,2.7642857142857093,631.0,1.568938193343895,3.2091917591125196,3.914285714285703,36600.0,-990.0,0.08062199999999997,-2.1572011295889553,3.1612802008158107,2.6750000000000034,25500.0,-8130.0,0.21106999999999942,-0.523771152296535,3.634165995165182,4.516666666666676,15240.0,-390.0,-0.06079799999999835,8.800000000000068,3.183462532299772,14.138366,14.033197,13.989425,14.14032,14.079522,617.25,110430.0,58027.7,,,,,1,Thursday
BANKNIFTY_MONTH,2026-08-06,58200,CE,2,55.0,15:39,1.0,3.0214285714285842,637.0,-2.001569858712716,3.328100470957621,3.753571428571409,27480.0,840.0,-0.10478200000000015,-0.4848581193863691,2.2255782529210717,2.0464285714285944,21960.0,-4620.0,-0.6312650000000009,2.6762246117084754,5.137395459976105,3.4444444444444695,31050.0,2010.0,0.32338999999999984,6.7000000000000455,2.217494089834521,10.68415,10.786766,10.842418,10.244862,10.568252,644.55,99060.0,58027.7,,,,,1,Thursday
BANKNIFTY_MONTH,2026-08-06,58200,PE,2,55.0,15:39,1.0,2.4678571428571394,677.05,1.6542352854294433,3.042611328557717,4.28571428571427,28620.0,-3690.0,0.0995550000000005,-1.9794721407624634,2.8958944281524928,2.6285714285714414,14370.0,90.0,0.23682299999999934,-0.18761726078799248,3.6998123827392084,4.572222222222207,21810.0,4080.0,-0.022344999999999615,5.75,2.3299565846599166,14.146721,14.024073,13.944985,14.139168,14.116823,665.0,74580.0,58027.7,,,,,1,Thursday
BANKNIFTY_MONTH,2026-08-06,58000,SYNTH,0,,15:27,,,,,,,,,,,,,,,,,,,,,,,,,,,,,,,58027.7,133.5500000000029,136.40000000000146,2.849999999998545,0.0,1,Thursday
BANKNIFTY_MONTH,2026-08-07,57700,CE,-1,16.0,15:39,1.0,5.337500000000034,797.1,,,,,,,,,,,,,0.1775297996449375,2.1049961957900103,2.7000000000000077,13380.0,-2310.0,0.031312999999999036,8.5,1.5925058548009265,11.835509,12.110463,12.110463,11.940324,11.971637,790.0,44100.0,57774.05,,,,,1,Friday
BANKNIFTY_MONTH,2026-08-07,57700,PE,-1,16.0,15:39,1.0,2.7499999999999716,483.0,,,,,,,,,,,,,0.6876732012727134,3.5102124602278493,2.5833333333333335,12720.0,-1380.0,0.06842000000000148,5.850000000000023,2.1272727272727576,13.087458,12.437251,12.437251,12.520506,12.588926,490.5,48570.0,57774.05,,,,,1,Friday
BANKNIFTY_MONTH,2026-08-07,57800,CE,0,54.0,15:39,1.0,6.8642857142857405,731.25,2.3384615384615417,5.613675213675224,4.053846153846148,99150.0,-27120.0,0.24306600000000067,-1.5034077241747963,3.8487237738874724,2.1678571428571525,51090.0,-8850.0,0.40391400000000033,0.7529089664613279,2.0739219712525636,2.8888888888888635,34080.0,-7440.0,0.1121130000000008,6.5499999999999545,0.9542143600416131,11.510922,11.600842,11.633832,11.908358,12.020471,736.0,276210.0,57774.05,,,,,1,Friday
BANKNIFTY_MONTH,2026-08-07,57800,PE,0,54.0,15:39,1.0,5.928571428571421,557.8,-5.987809250627461,9.645034062387944,4.3230769230769175,87960.0,-9150.0,-0.5836089999999992,0.33419268595435886,4.545020528979272,2.8678571428571495,66330.0,-22560.0,-0.4307920000000003,0.9775078295529993,2.8281294486096566,2.7388888888888863,20580.0,-4080.0,0.10322099999999956,6.0,1.0120481927710856,13.278893,13.293581,12.849632,12.44768,12.550901,532.0,306120.0,57774.05,,,,,1,Friday
BANKNIFTY_MONTH,2026-08-07,57900,CE,1,55.0,15:39,1.0,5.432142857142854,675.6,2.5162818235642392,5.987270574304328,4.392857142857143,75690.0,-28320.0,0.24313500000000055,-1.3482335976928657,3.604902667627974,2.460714285714297,38580.0,-8730.0,0.4093019999999985,-1.550044286979628,2.5465013286093887,2.7777777777777777,18630.0,-5760.0,-0.20317000000000007,6.75,1.2426035502958586,11.401525,11.584313,11.64769,11.924775,11.721605,666.9,198810.0,57774.05,,,,,1,Friday
BANKNIFTY_MONTH,2026-08-07,57900,PE,1,55.0,15:39,1.0,6.285714285714302,601.25,-5.7047817047816975,9.430353430353419,4.9571428571428475,77580.0,-12360.0,-0.592296000000001,-0.07905138339921748,4.61133069828722,3.867857142857133,50550.0,-14040.0,-0.49642799999999987,2.784832297048774,3.494176372712154,4.499999999999988,13500.0,-2820.0,0.31345399999999835,6.7999999999999545,1.0818181818181718,13.243988,13.253764,12.868403,12.414326,12.72778,586.85,218700.0,57774.05,,,,,1,Friday
BANKNIFTY_MONTH,2026-08-07,58000,CE,2,55.0,15:39,1.0,4.867857142857157,622.85,2.440394958657772,5.747772336838718,4.400000000000001,180990.0,-28230.0,0.21102499999999935,-1.966622267491962,3.8940687926036057,1.9964285714285583,112740.0,-4410.0,0.3165659999999999,0.5308026379282539,2.123210551713052,2.7777777777777777,71520.0,120.0,0.06756999999999991,5.0,1.0271460014673484,11.388611,11.572929,11.599029,11.839669,11.907239,625.0,556080.0,57774.05,,,,,1,Friday
BANKNIFTY_MONTH,2026-08-07,58000,PE,2,55.0,15:39,1.0,6.007142857142859,650.85,-5.8538833832680375,8.942152569716532,5.621428571428567,106830.0,-12180.0,-0.6595610000000001,-0.057096247960852,4.404567699836868,3.110714285714274,78810.0,-20790.0,-0.518203999999999,0.16155088852988692,2.819063004846534,2.9111111111111416,39600.0,-4110.0,0.02075100000000063,6.350000000000023,1.0570749108204553,13.251374,13.289318,12.804022,12.410119,12.43087,620.0,376110.0,57774.05,,,,,1,Friday
BANKNIFTY_MONTH,2026-08-07,57800,SYNTH,0,,15:39,,,,,,,,,,,,,,,,,,,,,,,,,,,,,,,57774.05,223.5,257.5500000000029,-20.650000000001455,-54.700000000004366,1,Friday
NIFTY_MONTH,2026-06-22,24100,CE,0,30.0,15:29,0.0,,178.65,-2.8267562272600117,14.161768821718448,1.874999999999996,1448460.0,215995.0,0.09725800000000007,-6.230529595015576,8.241291418861518,1.4142857142857193,1309880.0,52780.0,0.06962199999999896,,,,,,,,,9.714104,9.714104,9.923047,,9.992669,165.55,2758340.0,24116.6,,,,,0,Monday
NIFTY_MONTH,2026-06-22,24100,PE,0,30.0,15:29,0.0,,141.0,2.127659574468085,14.468085106382972,1.8999999999999935,1376115.0,76180.0,-0.11962000000000117,4.136947218259637,5.813124108416552,0.7857142857142857,1157325.0,-81965.0,-0.2528889999999997,,,,,,,,,12.061982,12.061982,11.750566,,11.497677,146.0,2533440.0,24116.6,,,,,0,Monday
NIFTY_MONTH,2026-06-22,24150,CE,1,45.0,15:29,0.0,1.0821428571428575,152.5,-2.622950819672131,15.344262295081952,1.8499999999999983,658450.0,31330.0,0.1257369999999991,-6.9682959048877215,8.58652575957728,1.182142857142858,578825.0,-54535.0,0.019050999999999263,,,,,,,1.0999999999999943,1.0165016501650108,9.758507,9.800418,10.041909,,10.06096,140.85,1487525.0,24116.6,,,,,0,Monday
NIFTY_MONTH,2026-06-22,24150,PE,1,45.0,15:29,0.0,1.096428571428571,165.1,1.3930950938825024,13.506965475469418,1.942857142857142,559910.0,-67145.0,-0.20137800000000006,3.7343128252219127,5.570860116314658,0.9785714285714258,444145.0,-90220.0,-0.29946300000000114,,,,,,,0.5500000000000114,0.5016286644951246,12.165186,12.136114,11.735376,,11.435913,169.45,1179815.0,24116.6,,,,,0,Monday
NIFTY_MONTH,2026-06-22,24200,CE,2,45.0,15:29,0.0,1.0035714285714314,129.2,-3.7538699690402435,16.3312693498452,1.5250000000000017,1040650.0,24115.0,0.02462700000000062,-8.654602675059008,9.716758457907156,1.085714285714285,1109290.0,2535.0,-0.09383600000000136,,,,,,,0.3500000000000085,0.348754448398584,9.805597,9.889381,10.028975,,9.935139,116.1,2584010.0,24116.6,,,,,0,Monday
NIFTY_MONTH,2026-06-22,24200,PE,2,45.0,15:29,0.0,1.2642857142857136,191.3,1.5682174594877156,13.382122320961837,2.1999999999999966,665080.0,-54275.0,-0.187755000000001,2.568807339449544,5.032765399737873,1.0071428571428567,668525.0,-70070.0,-0.45460600000000007,,,,,,,1.9499999999999886,1.542372881355924,12.246266,12.198596,11.853339,,11.398733,195.65,1623375.0,24116.6,,,,,0,Monday
NIFTY_MONTH,2026-06-22,24100,SYNTH,0,,15:29,,,,,,,,,,,,,,,,,,,,,,,,,,,,,,,24116.6,28.299999999999272,32.70000000000073,-16.799999999999272,-21.200000000000728,0,Monday
NIFTY_MONTH,2026-06-23,23800,CE,-1,14.0,15:29,0.0,,190.0,,,,,,,-8.421052631578947,11.447368421052632,2.0846153846153865,2702115.0,664105.0,-0.24351399999999934,,,,,,,,,11.623069,11.623069,11.623069,,11.379555,174.0,2702115.0,23843.45,,,,,0,Tuesday
NIFTY_MONTH,2026-06-23,23800,PE,-1,14.0,15:29,0.0,,135.05,,,,,,,18.104405775638643,21.991854868567188,2.9884615384615403,4957875.0,632450.0,1.0874710000000007,,,,,,,,,12.388923,12.388923,12.388923,,13.476394,159.5,4957875.0,23843.45,,,,,0,Tuesday
NIFTY_MONTH,2026-06-23,23850,CE,0,30.0,15:29,0.0,,166.8,0.41966426858512507,23.770983213429258,1.6499999999999975,1481025.0,402415.0,0.698048,-10.671462829736218,12.020383693045552,1.9357142857142915,1535170.0,339235.0,-0.10777500000000018,,,,,,,,,10.863649,10.863649,11.539691,,11.431916,149.0,3016195.0,23843.45,,,,,0,Tuesday
NIFTY_MONTH,2026-06-23,23850,PE,0,30.0,15:29,0.0,,149.0,3.993288590604019,26.4765100671141,2.4678571428571394,1647425.0,109525.0,-0.09721099999999971,19.695497246517657,22.092646582442498,3.221428571428571,1629875.0,28860.0,1.1223120000000009,,,,,,,,,12.58806,12.58806,12.419799,,13.542111,184.75,3277300.0,23843.45,,,,,0,Tuesday
NIFTY_MONTH,2026-06-23,23900,CE,1,43.0,15:29,0.0,1.8333333333333357,142.4,0.5617977528089768,25.456460674157302,1.7642857142857196,3081130.0,217685.0,0.6405890000000003,-10.405643738977073,12.34567901234567,1.5750000000000048,2798965.0,83135.0,-0.0018250000000001876,,,,,,,1.3000000000000114,0.7090909090909143,10.53795,10.957701,11.517294,,11.515469,127.0,7063875.0,23843.45,,,,,0,Tuesday
NIFTY_MONTH,2026-06-23,23900,PE,1,43.0,15:29,0.0,1.858333333333339,173.9,3.191489361702118,24.813110983323753,2.8107142857142855,2992470.0,-113880.0,-0.18256799999999984,19.43048576214406,20.575097710776102,3.7285714285714278,2642055.0,-189215.0,1.3478779999999997,,,,,,,4.300000000000011,2.313901345291479,12.54561,12.626681,12.389136,,13.737014,213.9,7078500.0,23843.45,,,,,0,Tuesday
NIFTY_MONTH,2026-06-23,23950,CE,2,45.0,15:29,0.0,1.7928571428571465,121.1,0.2890173410404695,25.88769611890999,1.5250000000000006,1293370.0,88140.0,0.553196999999999,-10.596026490066224,13.245033112582782,1.385714285714285,1100580.0,14170.0,0.02631700000000059,,,,,,,1.0499999999999972,0.5856573705179255,10.584282,11.083,11.611837,,11.638154,108.0,3240120.0,23843.45,,,,,0,Tuesday
NIFTY_MONTH,2026-06-23,23950,PE,2,45.0,15:29,0.0,2.607142857142859,202.4,3.0385375494071174,23.666007905138343,2.9607142857142867,751270.0,-103545.0,-0.19450199999999995,17.47713047664902,19.282619162253255,3.8142857142857167,563615.0,-22750.0,1.3763649999999998,,,,,,,2.9000000000000057,1.112328767123289,12.599856,12.76044,12.469666,,13.846031,244.0,1770860.0,23843.45,,,,,0,Tuesday
NIFTY_MONTH,2026-06-23,23850,SYNTH,0,,15:29,,,,,,,,,,,,,,,,,,,,,,,,,,,,,,,23843.45,35.5,19.0,-48.20000000000073,-31.700000000000728,0,Tuesday
NIFTY_MONTH,2026-06-24,24000,CE,-1,20.0,15:29,0.0,,161.35,-3.160830492717691,8.645801053610176,1.6833333333333418,3647540.0,-47450.0,0.25213600000000014,0.9382566585956486,9.503631961259092,1.9374999999999953,6205160.0,-571025.0,0.37069800000000086,,,,,,,,,10.233233,10.233233,10.671135,,11.041833,166.75,9852700.0,24043.5,,,,,0,Wednesday
NIFTY_MONTH,2026-06-24,24000,PE,-1,20.0,15:29,0.0,,123.55,-0.08093889113718682,5.544314042897608,1.4499999999999982,5171920.0,-789295.0,-0.5115639999999999,-6.177105831533482,12.526997840172786,1.7875000000000014,7539025.0,-1093535.0,-0.7526410000000006,,,,,,,,,12.178465,12.178465,11.464273,,10.711632,108.6,12710945.0,24043.5,,,,,0,Wednesday
NIFTY_MONTH,2026-06-24,24050,CE,0,45.0,15:29,0.0,2.6107142857142804,146.2,-11.18331053351573,15.800273597811216,2.2464285714285728,6116110.0,121875.0,0.2512369999999997,-7.14046262152196,14.146832048273565,2.5249999999999995,5485090.0,-740220.0,-0.0882890000000014,,,,,,,2.0500000000000114,0.7852257181942603,10.196675,10.216581,10.989147,,10.900858,138.5,17189185.0,24043.5,,,,,0,Wednesday
NIFTY_MONTH,2026-06-24,24050,PE,0,45.0,15:29,0.0,2.5821428571428617,139.3,5.635319454414927,13.639626704953336,1.6964285714285734,7485400.0,-369330.0,-0.7871849999999991,4.092173222089794,20.50059594755661,2.7964285714285717,4375215.0,-567255.0,-0.2811450000000004,,,,,,,0.5999999999999943,0.23236514522821317,12.704483,12.43915,10.91501,,10.633865,131.0,16553680.0,24043.5,,,,,0,Wednesday
NIFTY_MONTH,2026-06-24,24100,CE,1,45.0,15:29,0.0,2.442857142857143,121.15,-11.968633924886504,17.375154766818,2.2285714285714278,7643025.0,-95550.0,0.21850499999999862,-7.3787199347737555,15.450468813697514,2.0821428571428595,7683585.0,-105885.0,-0.04567399999999999,,,,,,,2.200000000000003,0.9005847953216385,10.214523,10.246403,10.842414,,10.79674,113.6,22513920.0,24043.5,,,,,0,Wednesday
NIFTY_MONTH,2026-06-24,24100,PE,1,45.0,15:29,0.0,2.8499999999999965,164.3,5.4169202678027855,13.32927571515519,1.7571428571428547,5477160.0,-428285.0,-0.8611509999999996,3.861517976031965,19.673768308921446,2.88571428571428,3355300.0,-364585.0,-0.3167460000000002,,,,,,,0.25,0.08771929824561414,12.653591,12.468929,10.8431,,10.526354,156.0,12871755.0,24043.5,,,,,0,Wednesday
NIFTY_MONTH,2026-06-24,24150,CE,2,45.0,15:29,0.0,2.0642857142857145,99.4,-13.279678068410464,18.86317907444668,1.9499999999999997,3782740.0,12610.0,0.1480359999999994,-8.730158730158728,16.319444444444432,1.7642857142857145,3375970.0,-387725.0,-0.11341900000000038,,,,,,,1.75,0.847750865051903,10.282436,10.295209,10.835673,,10.722254,92.0,10298665.0,24043.5,,,,,0,Wednesday
NIFTY_MONTH,2026-06-24,24150,PE,2,45.0,15:29,0.0,3.1571428571428544,192.15,5.750715586781151,13.66120218579235,2.1107142857142924,1092780.0,-111085.0,-0.8585010000000004,4.242081447963801,17.87330316742081,3.307142857142854,699205.0,-149565.0,-0.27449499999999993,,,,,,,0.09999999999999432,0.03167420814479461,12.756037,12.525077,10.716626,,10.442131,184.3,2768545.0,24043.5,,,,,0,Wednesday
NIFTY_MONTH,2026-06-24,24050,SYNTH,0,,15:29,,,,,,,,,,,,,,,,,,,,,,,,,,,,,,,24043.5,42.0,44.349999999998545,-15.799999999999272,-18.149999999997817,0,Wednesday
NIFTY_MONTH,2026-06-25,24050,CE,0,31.0,15:29,0.0,,125.5,6.892430278884467,16.494023904382473,2.203571428571426,4422665.0,208520.0,1.066796,-1.8244013683010303,12.466742683390349,1.7071428571428555,3835780.0,50700.0,-0.44552199999999864,,,,,,,,,8.217862,8.746827,9.982024,,9.536502,129.15,8411130.0,24061.85,,,,,0,Thursday
NIFTY_MONTH,2026-06-25,24050,PE,0,31.0,15:29,0.0,,87.7,-5.872291904218934,19.89737742303307,1.8964285714285722,8728330.0,-237380.0,-0.6712389999999999,-2.0697811945594324,8.51567120047308,0.8892857142857155,5080270.0,-684385.0,0.05024599999999957,,,,,,,,,10.046127,9.507514,8.696744,,8.74699,82.8,14137825.0,24061.85,,,,,0,Thursday
NIFTY_MONTH,2026-06-25,24100,CE,1,45.0,15:29,0.0,2.007142857142856,99.2,7.409274193548381,18.04435483870967,1.7964285714285697,11076975.0,-264030.0,0.9007329999999989,-1.9258545979778527,14.106884930187762,1.4428571428571442,9262695.0,-709670.0,-0.3762850000000011,,,,,,,0.9500000000000028,0.473309608540927,7.821824,8.768468,9.777774,,9.401489,101.85,30469660.0,24061.85,,,,,0,Thursday
NIFTY_MONTH,2026-06-25,24100,PE,1,45.0,15:29,0.0,2.89642857142857,110.75,-7.042889390519186,18.871331828442443,2.2285714285714286,11867700.0,-503815.0,-0.9309250000000002,-1.4111006585136407,8.842897460018806,1.1571428571428584,7274085.0,-1074905.0,0.1064879999999988,,,,,,,0.10000000000000853,0.034525277435268065,10.530065,9.466458,8.458564,,8.565052,104.8,29567915.0,24061.85,,,,,0,Thursday
NIFTY_MONTH,2026-06-25,24150,CE,2,45.0,15:29,0.0,1.6892857142857147,75.95,7.768268597761673,18.630678077682674,1.5357142857142867,5676645.0,-519740.0,0.7517300000000002,-1.8856065367693275,15.210559396605904,1.1928571428571442,5217875.0,-738010.0,-0.3090300000000017,,,,,,,0.9500000000000028,0.5623678646934476,7.954473,8.713294,9.559361,,9.250331,78.05,15968485.0,24061.85,,,,,0,Thursday
NIFTY_MONTH,2026-06-25,24150,PE,2,45.0,15:29,0.0,3.1857142857142873,138.65,-7.068157230436358,16.696718355571587,2.5428571428571405,4112420.0,-410410.0,-1.170701000000001,-0.868908197959959,8.877975066112581,1.3535714285714298,2564315.0,-527540.0,0.17862699999999876,,,,,,,0.3499999999999943,0.1098654708520161,10.684564,9.533241,8.235893,,8.41452,131.2,10609755.0,24061.85,,,,,0,Thursday
NIFTY_MONTH,2026-06-25,24050,SYNTH,0,,15:29,,,,,,,,,,,,,,,,,,,,,,,,,,,,,,,24061.85,49.150000000001455,43.39999999999782,-0.6500000000014552,5.100000000002183,0,Thursday
NIFTY_MONTH,2026-06-29,23950,CE,-1,41.0,15:26,0.0,4.2607142857142835,92.45,-10.329908058409949,31.692806922660893,2.6500000000000026,21591050.0,11765.0,-0.6375489999999999,6.380368098159512,15.582822085889573,2.21818181818182,12120030.0,-1936870.0,-0.9448679999999996,,,,,,,,,15.670012,15.410642,15.125579,,14.180711,86.7,49891400.0,23977.6,,,,,0,Monday
NIFTY_MONTH,2026-06-29,23950,PE,-1,41.0,15:26,0.0,3.7392857142857117,72.45,1.0351966873706004,32.22912353347136,3.065384615384615,29133130.0,16965.0,-0.7767750000000007,-13.675783855903935,19.212808539026014,2.2500000000000013,14651650.0,-1263340.0,0.028401999999999816,,,,,,,,,14.686403,14.046561,12.982015,,13.010417,64.7,71205680.0,23977.6,,,,,0,Monday
NIFTY_MONTH,2026-06-29,24000,CE,0,45.0,15:29,0.0,3.3464285714285738,77.35,-22.042663219133807,39.30187459599225,2.5607142857142855,45531720.0,-1068975.0,-0.2720960000000012,3.2554257095158645,16.69449081803005,1.6892857142857127,28197845.0,-4116060.0,-2.900613,,,,,,,2.6000000000000014,0.7769477054429028,15.573581,15.0507,15.209749,,12.309136,61.85,101704200.0,23977.6,,,,,0,Monday
NIFTY_MONTH,2026-06-29,24000,PE,0,45.0,15:29,0.0,4.803571428571429,82.0,21.89024390243903,68.65853658536585,4.625000000000001,33606365.0,-834865.0,-0.23080200000000062,-10.78817733990148,18.866995073891616,2.7821428571428553,17004260.0,-1546645.0,2.4309069999999995,,,,,,,3.25,0.6765799256505576,14.548729,13.342732,12.637066,,15.067973,90.55,72799545.0,23977.6,,,,,0,Monday
NIFTY_MONTH,2026-06-29,24050,CE,1,45.0,15:29,0.0,2.646428571428571,55.3,-23.508137432188068,40.50632911392405,1.9071428571428564,26237120.0,-1927705.0,-0.12727500000000092,2.843601895734587,18.83886255924171,1.4428571428571406,16997435.0,-3247530.0,-2.477010999999999,,,,,,,2.8999999999999986,1.0958164642375166,15.502534,14.898915,15.181569,,12.704558,43.4,56812665.0,23977.6,,,,,0,Monday
NIFTY_MONTH,2026-06-29,24050,PE,1,45.0,15:29,0.0,5.55,111.1,19.62196219621963,59.67596759675969,5.164285714285713,9380345.0,-452075.0,-0.19038699999999942,-9.785819793205317,16.100443131462338,3.1892857142857167,4319900.0,-922610.0,2.955482999999999,,,,,,,3.3500000000000085,0.6036036036036052,14.412719,13.324738,12.658051,,15.613534,122.15,19645860.0,23977.6,,,,,0,Monday
NIFTY_MONTH,2026-06-29,24100,CE,2,45.0,15:29,0.0,1.8357142857142859,39.85,-25.09410288582183,41.40526976160602,1.3500000000000003,35198280.0,-1190670.0,-0.09689799999999948,-1.1608623548921986,20.729684908789377,1.1035714285714295,26318435.0,-4748055.0,-2.4027010000000004,,,,,,,2.5500000000000007,1.389105058365759,15.68782,15.154672,15.502305,,13.099604,29.8,79630785.0,23977.6,,,,,0,Monday
NIFTY_MONTH,2026-06-29,24100,PE,2,45.0,15:29,0.0,5.717857142857143,144.15,17.58584807492195,49.774540409295874,5.932142857142856,8690240.0,-571805.0,-0.16837499999999928,-8.272859216255442,13.730043541364283,3.3321428571428595,4299295.0,-797290.0,3.9831259999999986,,,,,,,3.8000000000000114,0.6645846346033748,14.336995,13.080867,12.226596,,16.209722,158.0,18666245.0,23977.6,,,,,0,Monday
NIFTY_MONTH,2026-06-29,24000,SYNTH,0,,15:29,,,,,,,,,,,,,,,,,,,,,,,,,,,,,,,23977.6,21.900000000001455,-7.200000000000728,12.899999999997817,42.0,0,Monday
NIFTY_MONTH,2026-06-30,23850,CE,0,19.0,15:18,0.0,,16.7,-4.491017964071856,323.9520958083832,4.303571428571429,289225820.0,10228920.0,-5.509881,-26.70025188916877,36.020151133501265,1.900000000000001,34611850.0,-570375.0,-159.851145,,,,,,,,,5.509881,5.509881,159.851145,,0.0,14.55,323837670.0,23854.0,,,,,0,Tuesday
NIFTY_MONTH,2026-06-30,23850,PE,0,19.0,15:18,0.0,,14.6,-95.54794520547945,190.06849315068493,3.7178571428571425,528163350.0,12331735.0,-4.813193,-33.33333333333333,183.33333333333331,0.033333333333333326,50264110.0,-878540.0,-0.29463399999999984,,,,,,,,,6.944168,6.944168,2.379482,,2.084848,0.2,578427460.0,23854.0,,,,,0,Tuesday
NIFTY_MONTH,2026-06-30,23900,CE,1,32.0,15:29,0.0,,1.75,-85.71428571428571,1002.8571428571429,0.20714285714285707,290961580.0,2971670.0,-2.629584,-66.66666666666667,133.33333333333334,0.02857142857142857,61107345.0,-7331870.0,-2.238813,,,,,,,,,6.906262,5.647995,2.238813,,0.0,0.05,397225140.0,23854.0,,,,,0,Tuesday
NIFTY_MONTH,2026-06-30,23900,PE,1,32.0,15:29,0.0,,47.7,-26.834381551362693,115.40880503144653,8.950000000000001,196814995.0,-7624955.0,-2.55126,11.419249592169658,23.16476345840131,1.1714285714285708,50018930.0,-5975060.0,12.317054000000002,,,,,,,,,7.184086,6.864713,5.714007,,18.031061,34.15,341320005.0,23854.0,,,,,0,Tuesday
NIFTY_MONTH,2026-06-30,23950,CE,2,45.0,15:29,0.0,2.6999999999999997,0.65,-76.92307692307692,653.8461538461538,0.07142857142857144,130506090.0,-16647735.0,-2.1550829999999994,-75.0,75.0,0.03214285714285713,20964645.0,-6811285.0,-3.5499620000000003,,,,,,,0.0,0.0,9.109293,8.184785,5.78526,,2.235298,0.05,375990355.0,23854.0,,,,,0,Tuesday
NIFTY_MONTH,2026-06-30,23950,PE,2,45.0,15:29,0.0,4.957142857142857,96.45,-11.3011923276309,72.93934681181959,7.442857142857144,47546590.0,-6242730.0,-0.9102499999999996,2.9375764993879945,8.38433292533659,1.0428571428571394,9742460.0,-1602185.0,16.292998000000004,,,,,,,1.3999999999999915,0.2824207492795372,5.97671,10.361085,11.970244,,28.263242,84.1,215542535.0,23854.0,,,,,0,Tuesday
NIFTY_MONTH,2026-06-30,23850,SYNTH,0,,15:18,,,,,,,,,,,,,,,,,,,,,,,,,,,,,,,23854.0,-2.850000000002183,-6.400000000001455,-5.200000000000728,-1.6500000000014552,0,Tuesday
NIFTY_MONTH,2026-07-01,24000,CE,0,42.0,15:29,0.0,2.350000000000002,391.45,-1.1367990803423142,6.84634052880317,1.6964285714285754,169195.0,-13650.0,0.1612259999999992,-1.7435897435897465,3.500000000000009,2.0428571428571485,393445.0,70460.0,0.17536100000000054,,,,,,,3.1999999999999886,1.3617021276595684,10.905985,10.863542,11.138392,,11.313753,383.2,638365.0,24020.0,,,,,0,Wednesday
NIFTY_MONTH,2026-07-01,24000,PE,0,42.0,15:29,0.0,2.090909090909096,286.0,-0.17482517482517482,5.611888111888116,1.2857142857142858,215800.0,-17290.0,-0.24089000000000027,1.434643995749207,2.9578462628409574,1.4107142857142736,346710.0,29770.0,-0.14322400000000002,,,,,,,2.5499999999999545,1.2195652173912794,14.561502,14.494426,14.13193,,13.988706,286.35,640445.0,24020.0,,,,,0,Wednesday
NIFTY_MONTH,2026-07-01,24050,CE,1,45.0,15:29,0.0,1.3000000000000032,364.35,-1.3723068478111704,6.641965143406063,1.528571428571427,4485.0,195.0,0.12200900000000026,-0.9969537524231578,3.032400996953749,1.7928571428571445,10140.0,-2145.0,0.27831000000000117,,,,,,,5.5,4.23076923076922,10.893402,10.950135,11.135245,,11.413555,357.5,17745.0,24020.0,,,,,0,Wednesday
NIFTY_MONTH,2026-07-01,24050,PE,1,45.0,15:29,0.0,1.5428571428571405,306.45,0.0,5.139500734214391,2.0642857142857207,19500.0,2210.0,-0.23004499999999872,1.5946079237218553,3.1234588196613515,1.3249999999999968,10270.0,-975.0,-0.1261600000000005,,,,,,,0.39999999999997726,0.2592592592592449,14.719586,14.449309,14.134117,,14.007957,309.0,33865.0,24020.0,,,,,0,Wednesday
NIFTY_MONTH,2026-07-01,24100,CE,2,45.0,15:29,0.0,2.2142857142857144,335.55,-1.117568171658471,7.226940843391446,1.4464285714285796,75400.0,-65.0,0.15446500000000007,-2.395209580838323,3.922155688622761,1.3000000000000032,128700.0,39715.0,0.08629399999999876,,,,,,,0.0,0.0,10.900154,10.915496,11.150028,,11.236322,326.0,239980.0,24020.0,,,,,0,Wednesday
NIFTY_MONTH,2026-07-01,24100,PE,2,45.0,15:29,0.0,1.785714285714306,329.1,-0.41020966271650644,5.39349741719842,2.2178571428571314,61815.0,19110.0,-0.2916299999999996,1.9691650129751148,2.5644939703861938,1.789285714285715,90740.0,24505.0,-0.07898600000000044,,,,,,,1.0,0.5599999999999936,14.518589,14.449967,14.155116,,14.07613,334.0,169065.0,24020.0,,,,,0,Wednesday
NIFTY_MONTH,2026-07-01,24000,SYNTH,0,,15:29,,,,,,,,,,,,,,,,,,,,,,,,,,,,,,,24020.0,101.20000000000073,108.89999999999782,-10.850000000002183,-18.549999999999272,0,Wednesday
NIFTY_MONTH,2026-07-02,24150,CE,-1,20.0,15:29,0.0,,368.5,-0.9362279511533212,1.750339213025777,2.289999999999998,3510.0,-455.0,-0.16631699999999938,-0.5648160903705776,2.7138724342195957,1.8961538461538487,25545.0,-2340.0,0.1120239999999999,,,,,,,,,10.177423,10.177423,9.860124,,9.972148,360.9,29055.0,24175.95,,,,,0,Thursday
NIFTY_MONTH,2026-07-02,24150,PE,-1,20.0,15:29,0.0,,247.35,-0.8085708510208207,2.001212856276527,0.8800000000000068,5005.0,-2470.0,-0.061514000000000735,-0.06119951040391909,2.978376172990621,1.5884615384615388,45175.0,-3900.0,-0.1262529999999984,,,,,,,,,13.059521,13.059521,13.030278,,12.904025,244.95,50180.0,24175.95,,,,,0,Thursday
NIFTY_MONTH,2026-07-02,24200,CE,0,45.0,15:29,0.0,1.7535714285714294,340.0,-1.2352941176470555,4.014705882352935,2.107142857142853,122525.0,-18265.0,-0.1777489999999986,-0.9900990099009934,2.8652865286528515,1.6285714285714374,177125.0,-11115.0,0.0506530000000005,,,,,,,4.5,2.566191446028512,10.1294,10.104273,9.868499,,9.919152,330.0,583375.0,24175.95,,,,,0,Thursday
NIFTY_MONTH,2026-07-02,24200,PE,0,45.0,15:29,0.0,1.5357142857142858,267.1,-1.2167727442905278,3.5941594908274137,1.3892857142857176,232050.0,-84825.0,-0.1180810000000001,-1.1481272350837397,3.162055335968371,1.4392857142857045,205270.0,-11245.0,-0.24623099999999987,,,,,,,3.3999999999999773,2.213953488372078,13.299618,13.083093,13.007037,,12.760806,262.6,742300.0,24175.95,,,,,0,Thursday
NIFTY_MONTH,2026-07-02,24250,CE,1,45.0,15:29,0.0,1.489285714285724,310.85,-0.5629724947723982,3.7317033939199042,1.989285714285724,25155.0,-9425.0,-0.07788099999999964,-0.5722694571615434,3.106605624591236,1.453571428571422,90350.0,-20865.0,0.10164599999999879,,,,,,,1.1999999999999886,0.8057553956834403,10.193871,10.070117,9.901516,,10.003162,304.05,130715.0,24175.95,,,,,0,Thursday
NIFTY_MONTH,2026-07-02,24250,PE,1,45.0,15:29,0.0,1.8571428571428612,288.3,-0.6590357266736157,3.260492542490453,1.4500000000000008,18655.0,-8255.0,-0.06356699999999904,-0.5741127348642927,2.661795407098133,1.4250000000000032,61490.0,-22295.0,-0.1960689999999996,,,,,,,2.3500000000000227,1.2653846153846249,13.286491,13.040662,12.985749,,12.78968,285.75,90350.0,24175.95,,,,,0,Thursday
NIFTY_MONTH,2026-07-02,24300,CE,2,45.0,15:29,0.0,1.3607142857142824,283.3,-0.45887751500176893,3.7769149311683687,2.0142857142857133,51025.0,-1430.0,-0.05898500000000162,-0.5366726296958855,3.1305903398926653,1.4571428571428555,108095.0,-7280.0,0.10134800000000155,,,,,,,0.6999999999999886,0.5144356955380506,10.144267,10.040565,9.920846,,10.022194,278.0,280410.0,24175.95,,,,,0,Thursday
NIFTY_MONTH,2026-07-02,24300,PE,2,45.0,15:29,0.0,1.9999999999999918,310.35,-0.3544385371354995,3.318833574995976,1.9071428571428604,49465.0,260.0,-0.03156399999999948,-1.4380352237841296,3.5546938116012283,1.9249999999999912,51675.0,-5655.0,-0.31098099999999995,,,,,,,2.9499999999999886,1.4750000000000003,13.281555,12.986564,12.930832,,12.619851,305.0,167115.0,24175.95,,,,,0,Thursday
NIFTY_MONTH,2026-07-02,24200,SYNTH,0,,15:29,,,,,,,,,,,,,,,,,,,,,,,,,,,,,,,24175.95,92.90000000000146,100.20000000000073,-0.25,-7.549999999999272,0,Thursday
NIFTY_MONTH,2026-07-03,24250,CE,0,35.0,15:29,0.0,2.615384615384611,336.55,0.0,4.204427276779075,1.3799999999999955,9230.0,-390.0,-0.06361400000000117,2.2235487240710308,2.805551410237271,1.875000000000004,33345.0,9815.0,0.23383399999999988,,,,,,,3.0,1.1470588235294137,9.290266,9.198883,9.176773,,9.410607,342.5,57460.0,24269.55,,,,,0,Friday
NIFTY_MONTH,2026-07-03,24250,PE,0,35.0,15:29,0.0,1.811538461538458,232.5,0.43010752688172044,6.344086021505376,1.4599999999999909,5135.0,2470.0,0.08370199999999883,-1.4234119396643274,3.37794773741236,1.2178571428571376,28340.0,-2925.0,-0.08512699999999995,,,,,,,2.0,1.1040339702760107,12.724711,12.534681,12.629199,,12.544072,232.0,46670.0,24269.55,,,,,0,Friday
NIFTY_MONTH,2026-07-03,24300,CE,1,45.0,15:29,0.0,2.5535714285714204,307.35,-0.08134049129656742,4.668944200422959,1.760714285714276,148460.0,5655.0,-0.0688070000000014,2.2842225485397294,3.0510686898352173,1.5428571428571445,192335.0,29250.0,0.2139590000000009,,,,,,,3.3000000000000114,1.2923076923077008,9.274139,9.230726,9.231615,,9.445574,313.45,452205.0,24269.55,,,,,0,Friday
NIFTY_MONTH,2026-07-03,24300,PE,1,45.0,15:29,0.0,2.2928571428571485,258.3,-1.5485869144405728,6.194347657762291,1.9285714285714286,137410.0,27430.0,-0.11566799999999944,-0.8560311284046649,4.00778210116732,1.5428571428571485,175370.0,23205.0,-0.03481400000000079,,,,,,,3.8000000000000114,1.6573208722741442,12.832741,12.720377,12.645651,,12.610837,254.8,411255.0,24269.55,,,,,0,Friday
NIFTY_MONTH,2026-07-03,24350,CE,2,45.0,15:29,0.0,2.0428571428571405,279.05,-0.14334348683032935,4.210714925640566,1.4857142857142702,25155.0,10595.0,-0.07026600000000016,1.3981000179243714,2.8678974726653523,1.8500000000000025,29380.0,4355.0,0.09048699999999954,,,,,,,1.3000000000000114,0.6363636363636427,9.285076,9.231485,9.262397,,9.352884,282.85,66105.0,24269.55,,,,,0,Friday
NIFTY_MONTH,2026-07-03,24350,PE,2,45.0,15:29,0.0,1.971428571428569,274.0,0.748175182481756,6.368613138686127,2.2464285714285706,19175.0,3250.0,0.1283770000000004,-0.4484304932735426,3.336322869955161,1.596428571428573,29770.0,-455.0,0.006221999999999284,,,,,,,4.699999999999989,2.38405797101449,12.833097,12.452237,12.617321,,12.623543,277.5,58630.0,24269.55,,,,,0,Friday
NIFTY_MONTH,2026-07-03,24250,SYNTH,0,,15:29,,,,,,,,,,,,,,,,,,,,,,,,,,,,,,,24269.55,81.54999999999927,89.29999999999927,10.799999999999272,3.0499999999992724,0,Friday
NIFTY_MONTH,2026-07-06,24400,CE,0,20.0,15:29,0.0,2.414285714285715,301.75,-0.23198011599005422,3.2974316487158206,1.3333333333333524,52390.0,5785.0,-0.006391999999999953,,,,,,,,,,,,,,,8.891836,8.633637,8.578587,,8.578587,301.0,295490.0,24422.9,,,,,0,Monday
NIFTY_MONTH,2026-07-06,24400,PE,0,20.0,15:29,0.0,2.0071428571428607,221.75,1.8714768883878268,4.757609921082292,1.9499999999999982,87360.0,1365.0,0.16401499999999913,,,,,,,,,,,,,,,12.584723,12.53598,12.637228,,12.637228,223.6,456365.0,24422.9,,,,,0,Monday
NIFTY_MONTH,2026-07-06,24450,CE,1,45.0,15:29,0.0,2.4642857142857104,272.45,2.110478986970086,5.909341163516229,1.567857142857138,22490.0,1495.0,-0.11958399999999969,-0.6160536329045075,2.0474723681826337,0.6928571428571421,39195.0,-5265.0,0.18542599999999965,,,,,,,0.44999999999998863,0.18260869565216958,8.952858,8.669508,8.542002,,8.727428,274.25,172900.0,24422.9,,,,,0,Monday
NIFTY_MONTH,2026-07-06,24450,PE,1,45.0,15:29,0.0,1.9071428571428544,242.8,-0.8855024711696893,6.301482701812195,1.8535714285714298,24830.0,4095.0,0.16970700000000072,-0.22675736961451715,2.8035456606885223,0.9107142857142857,29120.0,-3705.0,-0.20079699999999967,,,,,,,3.3499999999999943,1.7565543071161045,12.612541,12.523484,12.712702,,12.511905,242.0,73645.0,24422.9,,,,,0,Monday
NIFTY_MONTH,2026-07-06,24500,CE,2,45.0,15:29,0.0,2.296428571428574,244.95,2.061645233721172,6.246172688303741,1.2178571428571396,277875.0,-38740.0,-0.12393800000000077,-1.39337641357027,2.4636510500807733,0.7607142857142841,434850.0,-23075.0,0.09206299999999956,,,,,,,1.1500000000000057,0.5007776049766738,8.903879,8.701335,8.557798,,8.649861,244.15,961870.0,24422.9,,,,,0,Monday
NIFTY_MONTH,2026-07-06,24500,PE,2,45.0,15:29,0.0,2.2535714285714255,264.5,-1.7013232514177694,6.899810964083186,1.75,198250.0,7800.0,0.08461599999999869,1.2162675788673465,3.3827442037248105,0.8785714285714212,364975.0,-30875.0,-0.051878999999999564,,,,,,,0.6999999999999886,0.31061806656100965,12.587416,12.483788,12.634585,,12.582706,266.3,760045.0,24422.9,,,,,0,Monday
NIFTY_MONTH,2026-07-06,24400,SYNTH,0,,15:29,,,,,,,,,,,,,,,,,,,,,,,,,,,,,,,24422.9,53.45000000000073,53.45000000000073,,,0,Monday
NIFTY_MONTH,2026-07-07,24350,CE,-2,8.0,15:29,0.0,,289.65,,,,,,,-2.692905230450528,4.574486449162783,2.0142857142857014,26780.0,8840.0,0.10735599999999934,,,,,,,,,8.591082,8.591082,8.591082,,8.698438,281.85,26780.0,24437.5,,,,,0,Tuesday
NIFTY_MONTH,2026-07-07,24350,PE,-2,8.0,15:29,0.0,,213.75,,,,,,,4.935672514619888,6.1052631578947425,1.6071428571428572,30355.0,-1040.0,0.1700960000000009,,,,,,,,,12.327504,12.327504,12.327504,,12.4976,224.3,30355.0,24437.5,,,,,0,Tuesday
NIFTY_MONTH,2026-07-07,24400,CE,-1,26.0,15:29,0.0,,281.0,-4.181494661921708,6.921708185053377,1.725,185185.0,8710.0,0.03996200000000094,-6.8311544835205344,7.86227214141043,1.932142857142858,448240.0,40430.0,0.4236380000000004,,,,,,,,,8.208511,8.208511,8.29227,,8.715908,253.0,633425.0,24437.5,,,,,0,Tuesday
NIFTY_MONTH,2026-07-07,24400,PE,-1,26.0,15:29,0.0,,214.95,5.326820190742041,9.00209351011863,1.955000000000004,208195.0,-20280.0,0.139602,10.271231658514893,10.804802134281895,1.7928571428571425,458510.0,3510.0,0.12778699999999965,,,,,,,,,12.332829,12.332829,12.446249,,12.574036,248.0,666705.0,24437.5,,,,,0,Tuesday
NIFTY_MONTH,2026-07-07,24450,CE,0,45.0,15:29,0.0,1.2035714285714383,260.35,-7.221048588438644,11.964662953716152,1.8857142857142881,37440.0,3055.0,0.1940539999999995,-8.60655737704918,8.668032786885247,2.17142857142857,84565.0,38285.0,0.2292879999999986,,,,,,,3.0999999999999943,2.5756676557863245,7.94104,8.124287,8.371363,,8.600651,223.0,130260.0,24437.5,,,,,0,Tuesday
NIFTY_MONTH,2026-07-07,24450,PE,0,45.0,15:29,0.0,1.289285714285713,229.0,9.14847161572052,14.08296943231441,2.210714285714285,135590.0,36725.0,0.17458199999999913,8.790322580645165,9.97983870967742,2.092857142857144,45240.0,-20410.0,0.015932000000001167,,,,,,,0.5500000000000114,0.42659279778394277,12.488471,12.361933,12.493706,,12.509638,269.8,194025.0,24437.5,,,,,0,Tuesday
NIFTY_MONTH,2026-07-07,24500,CE,1,45.0,15:29,0.0,0.8392857142857123,232.75,-7.261009667024706,12.932330827067668,2.02142857142857,704990.0,127465.0,0.20343100000000014,-6.368251038301792,8.167974157821869,1.7142857142857122,887315.0,142415.0,0.4557190000000002,,,,,,,1.1500000000000057,1.3702127659574568,8.001691,8.18203,8.372639,,8.828358,202.9,1678560.0,24437.5,,,,,0,Tuesday
NIFTY_MONTH,2026-07-07,24500,PE,1,45.0,15:29,0.0,0.8571428571428551,250.3,8.729524570515366,14.382740711146623,2.432142857142858,628550.0,520.0,0.16649599999999865,8.651540306216562,9.924368197749484,1.8892857142857054,728585.0,14690.0,0.03201400000000021,,,,,,,0.44999999999998863,0.524999999999988,12.496298,12.317448,12.480405,,12.512419,294.5,1455805.0,24437.5,,,,,0,Tuesday
NIFTY_MONTH,2026-07-07,24550,CE,2,45.0,15:29,0.0,0.6678571428571445,208.0,-7.355769230769236,13.076923076923073,2.2642857142857133,21515.0,-5525.0,0.20207199999999936,-7.048799380325331,7.8492124967725365,1.3964285714285742,23400.0,1170.0,0.3831239999999987,,,,,,,1.3000000000000114,1.9465240641711352,8.076283,8.272617,8.469905,,8.853029,180.0,46930.0,24437.5,,,,,0,Tuesday
NIFTY_MONTH,2026-07-07,24550,PE,2,45.0,15:29,0.0,0.9499999999999927,274.7,8.481980342191486,12.031306880232986,2.3785714285714294,5525.0,-845.0,0.18228200000000072,9.900321000168951,9.900321000168951,2.492857142857145,5070.0,-1690.0,0.22869900000000065,,,,,,,4.600000000000023,4.842105263157956,12.568787,12.348075,12.488639,,12.717338,325.25,13975.0,24437.5,,,,,0,Tuesday
NIFTY_MONTH,2026-07-07,24450,SYNTH,0,,15:29,,,,,,,,,,,,,,,,,,,,,,,,,,,,,,,24437.5,45.349999999998545,49.5,-42.79999999999927,-46.95000000000073,0,Tuesday
NIFTY_MONTH,2026-07-08,23850,CE,0,26.0,15:13,0.0,4.732142857142857,356.25,-0.5614035087719298,4.519298245614041,3.140000000000009,32825.0,11050.0,-0.11391099999999987,,,,,,,,,,,,,,,12.877527,12.312664,,,12.198753,354.25,62075.0,23871.25,,,,,0,Wednesday
NIFTY_MONTH,2026-07-08,23850,PE,0,26.0,15:13,0.0,4.824999999999997,291.05,-0.42947947088129185,8.984710530836617,5.5949999999999935,311155.0,236470.0,-0.03609300000000104,,,,,,,,,,,,,,,16.329195,16.276899,,,16.240806,289.8,383240.0,23871.25,,,,,0,Wednesday
NIFTY_MONTH,2026-07-08,23900,CE,1,45.0,15:29,0.0,4.585714285714281,327.3,1.833180568285976,5.530094714329368,3.2928571428571365,519870.0,24570.0,-0.035337000000000174,-7.181993188212647,8.51473419221087,3.5821428571428555,201175.0,14820.0,-0.978529,,,,,,,6.600000000000023,1.4392523364486045,12.906965,12.279754,11.991048,,11.012519,313.4,1346475.0,23871.25,,,,,0,Wednesday
NIFTY_MONTH,2026-07-08,23900,PE,1,45.0,15:29,0.0,4.346428571428569,312.7,-2.0786696514230893,11.112887751838823,5.185714285714296,421070.0,129285.0,-0.047883999999999816,5.616646929453549,7.731348333615281,3.9642857142857104,199745.0,24310.0,0.6609380000000016,,,,,,,2.1999999999999886,0.5061626951520108,16.312478,16.2396,16.04984,,16.710778,312.15,1050140.0,23871.25,,,,,0,Wednesday
NIFTY_MONTH,2026-07-08,23950,CE,2,45.0,15:29,0.0,4.182142857142854,299.25,1.9047619047619009,5.5304928989139555,2.38571428571428,14950.0,1430.0,-0.03295800000000071,-6.359223300970866,8.818770226537216,2.7464285714285586,58695.0,20995.0,-0.763916,,,,,,,3.099999999999966,0.7412467976088737,12.825091,12.223777,11.949185,,11.185269,289.35,97305.0,23871.25,,,,,0,Wednesday
NIFTY_MONTH,2026-07-08,23950,PE,2,45.0,15:29,0.0,4.417857142857132,332.95,-0.931070731341032,9.355759122991433,5.36428571428572,14495.0,3705.0,0.11714399999999969,2.3560617881104733,9.533468559837731,3.875000000000004,56550.0,17875.0,0.2437649999999998,,,,,,,2.1999999999999886,0.4979789814066276,16.289932,16.091037,16.140579,,16.384344,328.0,100685.0,23871.25,,,,,0,Wednesday
NIFTY_MONTH,2026-07-08,23850,SYNTH,0,,15:13,,,,,,,,,,,,,,,,,,,,,,,,,,,,,,,23871.25,,42.25,,,0,Wednesday
NIFTY_MONTH,2026-07-09,23950,CE,-1,22.0,15:25,0.0,,304.25,-3.3689400164338537,8.759244042728012,4.665000000000009,19630.0,5785.0,0.3093869999999992,4.871838397555582,6.72211848582584,2.3549999999999898,18655.0,2730.0,-0.02399600000000035,,,,,,,,,10.361558,10.361558,10.519659,,10.495663,308.9,38285.0,23998.85,,,,,0,Thursday
NIFTY_MONTH,2026-07-09,23950,PE,-1,22.0,15:25,0.0,,246.25,7.614213197969543,14.619289340101522,5.0049999999999955,50180.0,-2795.0,0.31202099999999966,-5.706676811869897,9.910595396614031,2.9299999999999984,31070.0,6500.0,-0.20029499999999878,,,,,,,,,14.366937,14.366937,14.709551,,14.509256,247.85,81250.0,23998.85,,,,,0,Thursday
NIFTY_MONTH,2026-07-09,24000,CE,0,35.0,15:29,0.0,2.1624999999999943,294.0,-9.115646258503405,18.197278911564627,4.28571428571429,921960.0,165880.0,0.3045619999999989,2.429975885735489,6.9374884066035944,1.6749999999999912,515450.0,17290.0,-0.6134570000000004,,,,,,,3.099999999999966,1.4335260115606816,10.446265,10.407472,10.656492,,10.043035,276.1,1521195.0,23998.85,,,,,0,Thursday
NIFTY_MONTH,2026-07-09,24000,PE,0,35.0,15:29,0.0,2.0749999999999957,253.2,14.494470774091624,21.662717219589254,5.38571428571428,1053455.0,-5330.0,0.49617299999999886,-5.667660993156686,10.194771012458329,2.1607142857142776,533910.0,-2210.0,-0.018618000000000023,,,,,,,2.1999999999999886,1.0602409638554184,14.415853,14.271596,14.676321,,14.657703,268.8,1664975.0,23998.85,,,,,0,Thursday
NIFTY_MONTH,2026-07-09,24050,CE,1,45.0,15:29,0.0,1.7035714285714303,266.65,-8.531783236452268,19.05119069941872,3.925000000000005,34385.0,-1170.0,0.39534800000000025,3.6263060848186823,7.2935873796353246,1.5178571428571448,19500.0,-4030.0,-0.44435,,,,,,,0.15000000000000568,0.08805031446541205,10.481889,10.440395,10.68965,,10.2453,252.9,72865.0,23998.85,,,,,0,Thursday
NIFTY_MONTH,2026-07-09,24050,PE,1,45.0,15:29,0.0,1.7464285714285828,275.35,13.709823860541128,21.935718176865798,5.825000000000005,47320.0,-13260.0,0.4744250000000001,-5.38188849500483,10.634869481147277,2.764285714285722,20670.0,-5200.0,-0.0040759999999995244,,,,,,,2.0,1.1451942740286225,14.390518,14.246859,14.736237,,14.732161,293.6,77025.0,23998.85,,,,,0,Thursday
NIFTY_MONTH,2026-07-09,24100,CE,2,45.0,15:29,0.0,1.7857142857142898,242.9,-9.880609304240428,19.637710992177848,3.864285714285716,270920.0,79755.0,0.24525799999999975,4.016337644656226,6.966190152030858,1.3035714285714306,120770.0,2925.0,-0.38754699999999964,,,,,,,0.3499999999999943,0.19599999999999637,10.532327,10.558749,10.727597,,10.34005,229.2,430040.0,23998.85,,,,,0,Thursday
NIFTY_MONTH,2026-07-09,24100,PE,2,45.0,15:29,0.0,1.9642857142857102,300.05,13.731044825862353,20.879853357773698,6.064285714285725,281905.0,9945.0,0.5644739999999988,-5.142346102250708,9.539424653450588,2.1178571428571495,105690.0,12415.0,0.010102999999999085,,,,,,,0.6999999999999886,0.35636363636363133,14.390846,14.281368,14.730399,,14.740502,318.2,441025.0,23998.85,,,,,0,Thursday
NIFTY_MONTH,2026-07-09,24000,SYNTH,0,,15:29,,,,,,,,,,,,,,,,,,,,,,,,,,,,,,,23998.85,37.64999999999782,25.399999999997817,22.700000000000728,34.95000000000073,0,Thursday
NIFTY_MONTH,2026-07-10,24200,CE,0,44.0,15:29,0.0,3.3499999999999943,262.8,0.4566210045662057,9.589041095890417,2.107142857142857,272870.0,-3120.0,0.19121599999999894,5.469515781219364,7.2534797098608115,1.9464285714285674,460135.0,-11765.0,0.41921100000000067,,,,,,,3.4499999999999886,1.029850746268655,9.123075,8.849534,8.779893,,9.199104,269.0,974155.0,24213.0,,,,,0,Friday
NIFTY_MONTH,2026-07-10,24200,PE,0,44.0,15:29,0.0,2.884615384615387,218.8,-0.5712979890310785,11.28884826325412,1.8607142857142864,333320.0,-5785.0,-0.1442149999999991,-4.17221482467821,7.989347536617842,1.8142857142857147,514605.0,-55185.0,-0.266706000000001,,,,,,,1.450000000000017,0.5026666666666721,13.253548,13.079016,13.185347,,12.918641,215.9,1091350.0,24213.0,,,,,0,Friday
NIFTY_MONTH,2026-07-10,24250,CE,1,45.0,15:29,0.0,3.3964285714285682,236.5,0.46511627906976505,9.809725158562376,2.142857142857145,72020.0,4875.0,0.17340899999999948,4.170324846356452,8.143107989464447,2.0642857142857127,88985.0,5850.0,0.21603600000000078,,,,,,,2.049999999999983,0.60357518401682,9.200116,8.983608,8.850548,,9.066584,237.3,288015.0,24213.0,,,,,0,Friday
NIFTY_MONTH,2026-07-10,24250,PE,1,45.0,15:29,0.0,3.3678571428571473,241.05,-0.24891101431239274,10.392034847542007,2.0,37765.0,9555.0,-0.11777600000000099,-5.17519130084576,7.007652033830046,1.7392857142857159,74880.0,-19305.0,-0.4142639999999993,,,,,,,1.25,0.3711558854718977,13.254386,13.084146,13.211094,,12.79683,235.45,145275.0,24213.0,,,,,0,Friday
NIFTY_MONTH,2026-07-10,24300,CE,2,45.0,15:29,0.0,3.278571428571431,210.45,0.4038964124495238,11.142789261107147,2.0250000000000057,190580.0,-7345.0,0.15122899999999895,5.599214145383106,7.858546168958743,1.5642857142857147,181025.0,3055.0,0.319229,,,,,,,2.0,0.6100217864923743,9.231238,9.029873,8.965109,,9.284338,215.0,537420.0,24213.0,,,,,0,Friday
NIFTY_MONTH,2026-07-10,24300,PE,2,45.0,15:29,0.0,3.882142857142863,265.05,-0.24523674778344995,10.469722693831363,1.960714285714285,170495.0,-11115.0,-0.12513099999999966,-6.300366300366297,7.527472527472531,2.571428571428567,137475.0,-9165.0,-0.6031459999999988,,,,,,,5.5,1.4167433302667873,13.293346,13.105532,13.25095,,12.647804,255.8,432965.0,24213.0,,,,,0,Friday
NIFTY_MONTH,2026-07-10,24200,SYNTH,0,,15:29,,,,,,,,,,,,,,,,,,,,,,,,,,,,,,,24213.0,26.950000000000728,41.44999999999709,23.349999999998545,8.850000000002183,0,Friday
NIFTY_MONTH,2026-07-13,24200,CE,0,27.0,15:29,0.0,,269.0,1.8215613382899545,5.278810408921929,2.1090909090909133,139425.0,-1235.0,0.7149000000000001,1.757631822386679,4.606845513413502,1.4535714285714303,300040.0,-49595.0,0.02679200000000037,,,,,,,,,10.409283,10.409283,10.994817,,11.021609,275.0,439465.0,24220.4,,,,,0,Monday
NIFTY_MONTH,2026-07-13,24200,PE,0,27.0,15:29,0.0,,228.55,-1.5532706191205474,5.250492233646904,1.640909090909092,184665.0,11180.0,-0.5088720000000002,-1.5949311776272692,4.588158182215425,0.8964285714285702,387205.0,-24960.0,-0.01873900000000006,,,,,,,,,14.547699,14.547699,14.193353,,14.174614,225.2,571870.0,24220.4,,,,,0,Monday
NIFTY_MONTH,2026-07-13,24250,CE,1,45.0,15:29,0.0,3.0249999999999995,241.45,1.3667425968109388,5.384137502588528,2.1571428571428606,50115.0,10270.0,0.5925709999999995,2.5752855659397667,5.29595015576324,1.3785714285714294,51870.0,8320.0,0.11474299999999893,,,,,,,1.1999999999999886,0.39669421487602935,10.627343,10.451126,10.894491,,11.009234,246.95,165360.0,24220.4,,,,,0,Monday
NIFTY_MONTH,2026-07-13,24250,PE,1,45.0,15:29,0.0,2.607142857142857,250.45,-1.0381313635456157,5.030944300259531,2.142857142857141,36530.0,2535.0,-0.476348999999999,-3.866852700817217,4.9232609128961515,1.6071428571428572,55315.0,4615.0,-0.3184249999999995,,,,,,,6.150000000000006,2.358904109589043,14.511234,14.514118,14.144349,,13.825924,241.15,138905.0,24220.4,,,,,0,Monday
NIFTY_MONTH,2026-07-13,24300,CE,2,45.0,15:29,0.0,3.107142857142853,217.05,1.220916839437907,6.357982031789915,1.9750000000000025,152555.0,-1170.0,0.5264530000000001,3.0989824236817842,5.342275670675306,1.0071428571428567,144625.0,9165.0,0.15351400000000126,,,,,,,2.450000000000017,0.7885057471264433,10.70243,10.554858,10.954778,,11.108292,222.9,461565.0,24220.4,,,,,0,Monday
NIFTY_MONTH,2026-07-13,24300,PE,2,45.0,15:29,0.0,2.971428571428561,275.0,-1.5454545454545454,5.0,2.70357142857143,120055.0,10790.0,-0.5796420000000015,-1.7645988721120693,4.456976532654175,0.9964285714285666,126035.0,1755.0,-0.05828900000000026,,,,,,,0.10000000000002274,0.033653846153853924,14.472415,14.545623,14.125373,,14.067084,270.0,347100.0,24220.4,,,,,0,Monday
NIFTY_MONTH,2026-07-13,24200,SYNTH,0,,15:29,,,,,,,,,,,,,,,,,,,,,,,,,,,,,,,24220.4,37.70000000000073,38.64999999999782,8.399999999997817,7.450000000000728,0,Monday
NIFTY_MONTH,2026-07-14,24050,CE,0,45.0,15:29,0.0,2.200000000000005,241.3,-3.004558640696229,4.164939908827191,1.7321428571428572,72150.0,19435.0,-0.015190999999999732,1.0245464247598743,2.6040554962646723,1.5499999999999972,81965.0,6110.0,0.6532539999999987,,,,,,,3.25,1.477272727272724,10.163706,9.774941,9.78057,,10.433824,236.65,212940.0,24063.7,,,,,0,Tuesday
NIFTY_MONTH,2026-07-14,24050,PE,0,45.0,15:29,0.0,2.51071428571428,253.05,3.932029243232558,5.927682276229993,1.9464285714285714,397410.0,264680.0,0.2622909999999976,-0.2843601895734597,2.4644549763033177,1.1321428571428507,119405.0,5395.0,-0.4362180000000002,,,,,,,2.6499999999999773,1.055476529160733,16.187006,16.143706,16.439396,,16.003178,263.0,561665.0,24063.7,,,,,0,Tuesday
NIFTY_MONTH,2026-07-14,24100,CE,1,45.0,15:29,0.0,1.4214285714285697,216.25,-2.5664739884393115,4.277456647398844,1.5464285714285657,247065.0,49075.0,0.04901899999999948,-0.7622677465459715,2.9776083849452117,0.8000000000000013,260455.0,-8125.0,0.3932040000000008,,,,,,,0.25,0.17587939698492483,10.172059,9.943488,9.958784,,10.351988,208.3,766090.0,24063.7,,,,,0,Tuesday
NIFTY_MONTH,2026-07-14,24100,PE,1,45.0,15:29,0.0,2.596428571428569,279.0,2.956989247311828,5.161290322580637,2.1607142857142856,213590.0,8905.0,0.1535209999999978,1.0251954821893965,2.6411815812337176,1.182142857142866,205140.0,-13000.0,-0.25925399999999854,,,,,,,0.30000000000001137,0.1155433287482851,16.337796,16.29559,16.468535,,16.209281,290.7,668720.0,24063.7,,,,,0,Tuesday
NIFTY_MONTH,2026-07-14,24150,CE,2,45.0,15:29,0.0,1.6178571428571453,192.75,-3.968871595330742,4.513618677042795,1.1821428571428558,34255.0,3445.0,-0.08922600000000003,0.6707807888382077,2.307485913603425,0.8535714285714278,39845.0,-5395.0,0.5070340000000009,,,,,,,2.1500000000000057,1.3289183222958072,10.349875,10.078099,10.063701,,10.570735,187.6,98280.0,24063.7,,,,,0,Tuesday
NIFTY_MONTH,2026-07-14,24150,PE,2,45.0,15:29,0.0,2.903571428571427,304.85,2.460226340823356,5.4945054945054945,2.4499999999999966,34970.0,3770.0,0.09716000000000236,1.353287693042509,2.5473650692564878,1.8321428571428637,23010.0,-7280.0,-0.21233199999999997,,,,,,,0.6999999999999886,0.24108241082410445,16.275347,16.371906,16.551863,,16.339531,318.3,72475.0,24063.7,,,,,0,Tuesday
NIFTY_MONTH,2026-07-14,24050,SYNTH,0,,15:29,,,,,,,,,,,,,,,,,,,,,,,,,,,,,,,24063.7,-31.25,-11.5,3.150000000001455,-16.599999999998545,0,Tuesday
NIFTY_MONTH,2026-07-15,24050,CE,0,18.0,15:29,0.0,,237.5,-1.0947368421052608,7.136842105263153,1.2499999999999971,35945.0,3835.0,-0.2512489999999996,2.3404255319148937,3.0851063829787235,2.25,31850.0,-1625.0,0.3448949999999993,,,,,,,,,9.954047,9.960882,9.654445,,9.99934,240.5,79170.0,24069.2,,,,,0,Wednesday
NIFTY_MONTH,2026-07-15,24050,PE,0,18.0,15:29,0.0,,222.5,-0.33707865168539325,7.460674157303369,1.4349999999999965,41210.0,1040.0,0.039198999999999984,-2.088479676622504,2.919380193128228,1.6374999999999957,42640.0,18265.0,-0.27450999999999937,,,,,,,,,15.194953,15.015102,15.148724,,14.874214,218.0,91975.0,24069.2,,,,,0,Wednesday
NIFTY_MONTH,2026-07-15,24100,CE,1,45.0,15:29,0.0,1.500000000000004,210.25,1.8549346016646877,8.89417360285374,1.3928571428571448,252265.0,20150.0,0.009676999999999936,1.5490943755958055,3.8131553860819825,1.125000000000004,355030.0,7020.0,0.20998800000000095,,,,,,,0.5500000000000114,0.36666666666667325,9.970219,10.014895,9.841588,,10.051576,213.05,767390.0,24069.2,,,,,0,Wednesday
NIFTY_MONTH,2026-07-15,24100,PE,1,45.0,15:29,0.0,2.3714285714285688,251.25,-3.8208955223880574,9.452736318407949,1.3857142857142821,202020.0,7670.0,-0.3519180000000013,-3.0229255427064268,3.6518563603164944,1.4750000000000025,250185.0,-33345.0,-0.4282590000000006,,,,,,,2.5,1.0542168674698806,15.15607,15.341015,15.207157,,14.778898,239.0,571610.0,24069.2,,,,,0,Wednesday
NIFTY_MONTH,2026-07-15,24150,CE,2,45.0,15:29,0.0,1.7357142857142887,186.45,1.877178868329311,8.5277554304103,1.164285714285711,38935.0,-3185.0,0.004036000000001039,2.079956780118852,3.700702323068624,0.9607142857142829,52715.0,-11765.0,0.23921799999999926,,,,,,,0.5999999999999943,0.34567901234567516,10.049671,10.138278,9.928922,,10.16814,188.95,110175.0,24069.2,,,,,0,Wednesday
NIFTY_MONTH,2026-07-15,24150,PE,2,45.0,15:29,0.0,2.0214285714285682,276.8,-3.775289017341036,8.21893063583815,2.1892857142857167,21710.0,-6240.0,-0.3863000000000003,-2.41030358785649,3.5326586936522624,1.375000000000004,21775.0,-8775.0,-0.37781299999999973,,,,,,,1.150000000000034,0.5689045936395938,15.225725,15.407724,15.268493,,14.89068,265.2,53625.0,24069.2,,,,,0,Wednesday
NIFTY_MONTH,2026-07-15,24050,SYNTH,0,,15:29,,,,,,,,,,,,,,,,,,,,,,,,,,,,,,,24069.2,-11.850000000002183,-0.9500000000007276,10.150000000001455,-0.75,0,Wednesday
NIFTY_MONTH,2026-07-16,24050,CE,-1,20.0,15:27,0.0,,226.15,3.4490382489498046,3.9354410789299163,1.2999999999999972,29900.0,9165.0,0.5165209999999991,0.8809626128061931,2.6643747314138326,0.9208333333333343,55965.0,3575.0,0.1262150000000002,,,,,,,,,9.807935,9.807935,10.338255,,10.46447,234.75,85865.0,24113.75,,,,,0,Thursday
NIFTY_MONTH,2026-07-16,24050,PE,-1,20.0,15:27,0.0,,194.65,-3.005394297456971,3.6989468276393467,1.4249999999999972,35555.0,3315.0,-0.37444900000000025,-1.1256544502617831,3.2722513089005236,1.25416666666667,76830.0,-21060.0,-0.1221230000000002,,,,,,,,,13.92078,13.92078,13.612414,,13.490291,188.85,112385.0,24113.75,,,,,0,Thursday
NIFTY_MONTH,2026-07-16,24100,CE,0,45.0,15:29,0.0,1.7464285714285686,215.35,-3.9470629208265615,11.237520315765043,2.2857142857142816,405210.0,59865.0,0.9262129999999988,2.37337900660631,3.1563494005382866,0.8678571428571473,429390.0,-61360.0,-0.11232099999999967,,,,,,,1.299999999999983,0.7443762781186009,9.739708,9.452514,10.313694,,10.201373,209.2,1081990.0,24113.75,,,,,0,Thursday
NIFTY_MONTH,2026-07-16,24100,PE,0,45.0,15:29,0.0,2.5714285714285796,199.55,6.489601603608112,13.530443497870207,2.7392857142857117,317460.0,-14105.0,-0.35167200000000065,-2.107728337236534,3.4426229508196693,1.2928571428571445,313690.0,-36335.0,0.07516700000000043,,,,,,,2.3499999999999943,0.9138888888888838,14.078856,13.959346,13.598979,,13.674146,209.0,822120.0,24113.75,,,,,0,Thursday
NIFTY_MONTH,2026-07-16,24150,CE,1,45.0,15:29,0.0,1.7178571428571356,189.3,-4.305335446381408,12.123613312202862,1.8892857142857113,84760.0,-3900.0,0.8214760000000005,3.014233882221605,3.8794306447111295,0.8785714285714273,112060.0,1495.0,-0.04810900000000018,,,,,,,1.4000000000000057,0.8149688149688217,9.844464,9.56546,10.344742,,10.296633,184.55,267540.0,24113.75,,,,,0,Thursday
NIFTY_MONTH,2026-07-16,24150,PE,1,45.0,15:29,0.0,2.224999999999992,223.8,5.697050938337801,13.538873994638074,2.8892857142857133,56355.0,-4940.0,-0.4413159999999987,-0.8380473496752566,2.9541169076052842,1.3714285714285706,43160.0,-13130.0,0.24222800000000078,,,,,,,0.45000000000001705,0.20224719101124433,14.214462,14.0338,13.642176,,13.884404,236.65,140270.0,24113.75,,,,,0,Thursday
NIFTY_MONTH,2026-07-16,24200,CE,2,45.0,15:29,0.0,1.7285714285714318,165.7,-3.560651780325877,11.828605914302972,1.8142857142857167,344240.0,23400.0,0.839497999999999,4.649681528662428,5.222929936305744,1.1071428571428572,598195.0,148980.0,0.09240000000000137,,,,,,,3.6500000000000057,2.1115702479338836,9.918949,9.680668,10.425334,,10.517734,164.3,1100385.0,24113.75,,,,,0,Thursday
NIFTY_MONTH,2026-07-16,24200,PE,2,45.0,15:29,0.0,3.289285714285715,250.5,4.910179640718567,13.133732534930141,3.1285714285714294,213590.0,36205.0,-0.5472859999999997,-1.7873941674506115,2.859830667920987,1.1535714285714351,166140.0,-19825.0,0.10809800000000003,,,,,,,1.1000000000000227,0.33441910966341615,14.203061,14.15521,13.701874,,13.809972,261.0,466050.0,24113.75,,,,,0,Thursday
NIFTY_MONTH,2026-07-16,24100,SYNTH,0,,15:29,,,,,,,,,,,,,,,,,,,,,,,,,,,,,,,24113.75,22.25,19.100000000002183,9.350000000002183,12.5,0,Thursday
NIFTY_MONTH,2026-07-17,24300,CE,0,19.0,15:16,0.0,1.654166666666664,218.0,-1.3761467889908257,5.642201834862391,1.7333333333333296,258505.0,22035.0,-0.12131100000000039,-0.25785278949836443,2.4144397562119106,0.5500000000000114,159575.0,-3900.0,0.001589999999998426,,,,,,,,,9.722447,9.806027,9.520205,,9.521795,212.75,1134185.0,24323.7,,,,,0,Friday
NIFTY_MONTH,2026-07-17,24300,PE,0,19.0,15:16,0.0,1.2458333333333347,210.7,1.115329852871392,5.695301376364499,0.9166666666666666,184925.0,43875.0,0.0994849999999996,0.20814061054579883,2.752081406105453,0.45000000000001705,116610.0,7020.0,0.002508000000000621,,,,,,,,,15.4052,15.229352,15.569325,,15.571833,216.65,753480.0,24323.7,,,,,0,Friday
NIFTY_MONTH,2026-07-17,24350,CE,1,45.0,15:29,0.0,1.4642857142857164,189.65,-0.39546533087266017,7.777484840495649,2.1392857142857133,151450.0,-1365.0,-0.20509099999999947,11.821601289629232,13.970983342289092,2.171428571428566,270140.0,38350.0,0.5596990000000002,,,,,,,1.75,1.1951219512195104,9.766114,9.797063,9.586759,,10.146458,208.1,514800.0,24323.7,,,,,0,Friday
NIFTY_MONTH,2026-07-17,24350,PE,1,45.0,15:29,0.0,1.5107142857142841,235.2,0.4464285714285763,6.972789115646261,2.210714285714285,95160.0,24180.0,0.20714899999999936,-8.20895522388059,12.686567164179102,1.5499999999999972,255125.0,88400.0,-0.550713,,,,,,,2.0,1.323877068557921,15.365503,15.32088,15.68764,,15.136927,221.4,464620.0,24323.7,,,,,0,Friday
NIFTY_MONTH,2026-07-17,24400,CE,2,45.0,15:29,0.0,1.5571428571428558,165.95,-0.8737571557698034,8.858089786080138,1.875000000000004,386035.0,17875.0,-0.230499,12.858464384828858,15.20197348134442,1.8964285714285742,616850.0,-44980.0,0.5499920000000014,,,,,,,1.8499999999999943,1.1880733944954103,9.856545,9.922831,9.699625,,10.249617,183.0,1242280.0,24323.7,,,,,0,Friday
NIFTY_MONTH,2026-07-17,24400,PE,2,45.0,15:29,0.0,1.6821428571428538,259.7,0.2117828263380868,7.296881016557562,1.9392857142857167,212225.0,36010.0,0.18571400000000082,-8.384918401800796,10.129431626336522,1.9107142857142898,292630.0,31720.0,-0.658023,,,,,,,1.8000000000000114,1.0700636942675248,15.410725,15.320419,15.736461,,15.078438,244.2,693680.0,24323.7,,,,,0,Friday
NIFTY_MONTH,2026-07-17,24300,SYNTH,0,,15:16,,,,,,,,,,,,,,,,,,,,,,,,,,,,,,,24323.7,-26.75,-26.80000000000291,-1.0,-0.9499999999970896,0,Friday
NIFTY_MONTH,2026-07-20,24250,CE,0,45.0,15:29,0.0,1.8571428571428572,179.2,3.6830357142857273,8.035714285714288,1.3214285714285714,242580.0,15275.0,0.21358000000000033,1.7501346257404418,3.3925686591276314,0.8607142857142824,420875.0,-42900.0,0.3183720000000001,,,,,,,2.4499999999999886,1.319230769230763,11.328216,11.190716,11.342266,,11.660638,188.95,921635.0,24233.35,,,,,0,Monday
NIFTY_MONTH,2026-07-20,24250,PE,0,45.0,15:29,0.0,1.4464285714285694,181.65,-3.9086154693091077,7.8172309386182315,1.0428571428571465,199485.0,13325.0,-0.27033800000000063,-1.8878718535469172,4.090389016018309,0.7785714285714229,407810.0,-35815.0,-0.2932780000000008,,,,,,,0.44999999999998863,0.3111111111111037,14.123258,13.925226,13.719684,,13.426406,171.5,801255.0,24233.35,,,,,0,Monday
NIFTY_MONTH,2026-07-20,24300,CE,1,45.0,15:29,0.0,1.5607142857142873,153.85,3.7699057523561987,8.319792005199877,1.0857142857142807,636155.0,136110.0,0.1796299999999995,1.186758276077455,3.529044347282952,0.914285714285713,767260.0,4940.0,0.21477799999999903,,,,,,,1.5,0.9610983981693354,11.371839,11.191133,11.352456,,11.567234,162.0,1731600.0,24233.35,,,,,0,Monday
NIFTY_MONTH,2026-07-20,24300,PE,1,45.0,15:29,0.0,1.3928571428571448,206.5,-3.6319612590799033,7.506053268765133,1.2000000000000008,361985.0,-7605.0,-0.2782409999999995,-2.590543259557347,4.175050301810871,1.0035714285714314,430040.0,-42510.0,-0.4271989999999999,,,,,,,1.8499999999999943,1.3282051282051224,14.119521,13.93656,13.695466,,13.268267,193.65,1041560.0,24233.35,,,,,0,Monday
NIFTY_MONTH,2026-07-20,24350,CE,2,45.0,15:29,0.0,1.3321428571428555,131.1,3.6994660564454573,8.65751334858886,0.9821428571428551,95030.0,-12545.0,0.13756700000000066,1.6081871345029155,3.9839181286549623,0.6928571428571421,257335.0,5330.0,0.23026499999999928,,,,,,,2.25,1.6890080428954444,11.333015,11.201186,11.353393,,11.583658,139.0,416065.0,24233.35,,,,,0,Monday
NIFTY_MONTH,2026-07-20,24350,PE,2,45.0,15:29,0.0,1.5571428571428558,232.8,-3.3505154639175303,6.851374570446743,1.1214285714285748,23075.0,715.0,-0.28209700000000026,-2.4444444444444446,3.4000000000000026,0.9857142857142865,50180.0,-9295.0,-0.46050199999999997,,,,,,,1.5,0.9633027522935788,14.04544,13.91074,13.684125,,13.223623,219.5,92495.0,24233.35,,,,,0,Monday
NIFTY_MONTH,2026-07-20,24250,SYNTH,0,,15:29,,,,,,,,,,,,,,,,,,,,,,,,,,,,,,,24233.35,19.30000000000291,27.950000000000728,6.549999999999272,-2.099999999998545,0,Monday
NIFTY_MONTH,2026-07-21,24200,CE,0,45.0,15:29,0.0,1.8642857142857159,149.3,-2.1098459477561993,5.123911587407907,1.3250000000000028,2666430.0,240825.0,0.2754809999999992,1.0580204778157074,2.7303754266211606,0.38214285714285473,3630120.0,-33735.0,-0.2519019999999994,,,,,,,0.44999999999998863,0.24137931034482127,10.059287,9.476682,9.78928,,9.537378,148.05,8279635.0,24196.3,,,,,0,Tuesday
NIFTY_MONTH,2026-07-21,24200,PE,0,45.0,15:29,0.0,2.528571428571429,166.45,3.304295584259538,7.930309402222884,1.6071428571428572,2193035.0,279565.0,-0.005541000000000906,1.299084735754365,2.922940655447292,0.7285714285714298,2529930.0,318955.0,0.4948320000000006,,,,,,,1.700000000000017,0.6723163841807976,14.117079,13.986617,13.77778,,14.272612,171.55,6011005.0,24196.3,,,,,0,Tuesday
NIFTY_MONTH,2026-07-21,24250,CE,1,45.0,15:29,0.0,1.6964285714285714,126.1,-2.022204599524185,5.075337034099926,1.0464285714285708,587990.0,11505.0,0.26248999999999967,1.8181818181818181,3.07070707070708,0.35357142857142776,835510.0,-130650.0,-0.15616699999999994,,,,,,,0.04999999999999716,0.02947368421052464,10.21068,9.681215,9.968316,,9.812149,126.0,1765400.0,24196.3,,,,,0,Tuesday
NIFTY_MONTH,2026-07-21,24250,PE,1,45.0,15:29,0.0,2.846428571428569,192.4,3.5343035343035254,7.250519750519745,1.7571428571428567,218400.0,-5720.0,0.05304399999999987,0.3328213005632244,2.8161802355350742,0.653571428571431,332670.0,-17940.0,0.4062049999999999,,,,,,,0.05000000000001137,0.017565872020079292,14.18397,14.10331,13.855446,,14.261651,195.95,722995.0,24196.3,,,,,0,Tuesday
NIFTY_MONTH,2026-07-21,24300,CE,2,45.0,15:29,0.0,1.4071428571428573,104.7,-2.4355300859598827,5.682903533906401,0.9678571428571406,1230190.0,-77220.0,0.2114219999999989,3.333333333333339,3.9215686274509802,0.4642857142857143,2151435.0,174655.0,-0.030421000000000475,,,,,,,0.6000000000000085,0.42639593908630047,10.279118,9.791914,10.00056,,9.970139,105.4,4152460.0,24196.3,,,,,0,Tuesday
NIFTY_MONTH,2026-07-21,24300,PE,2,45.0,15:29,0.0,2.9892857142857117,221.1,3.279059249208503,6.603346901854363,2.0107142857142883,323440.0,-32630.0,0.0493269999999999,0.2673796791443825,2.696078431372554,0.6928571428571482,415740.0,2275.0,0.4341159999999995,,,,,,,0.0,0.0,14.381846,14.269252,14.010452,,14.444568,225.0,1077635.0,24196.3,,,,,0,Tuesday
NIFTY_MONTH,2026-07-21,24200,SYNTH,0,,15:29,,,,,,,,,,,,,,,,,,,,,,,,,,,,,,,24196.3,-6.69999999999709,-16.549999999999272,-0.6500000000014552,9.200000000000728,0,Tuesday
NIFTY_MONTH,2026-07-22,24000,CE,0,45.0,15:29,0.0,1.585714285714287,140.6,8.819345661450928,12.873399715504975,2.0142857142857156,10909275.0,-1222975.0,-0.5034759999999991,-0.6711409395973155,6.476510067114098,1.3214285714285754,9543950.0,-2141880.0,1.0085099999999994,,,,,,,0.5,0.3153153153153151,10.659848,10.294962,9.772131,,10.780641,148.0,25923105.0,23987.8,,,,,0,Wednesday
NIFTY_MONTH,2026-07-22,24000,PE,0,45.0,15:29,0.0,2.039285714285719,171.95,-10.264611805757475,16.341959872055828,2.5750000000000006,9321000.0,-107120.0,-0.18413599999999875,2.388535031847134,6.687898089171974,1.2392857142857119,7766785.0,-685815.0,-0.5700790000000016,,,,,,,0.19999999999998863,0.09807355516636898,15.03196,15.086336,14.886335,,14.316256,160.75,22401535.0,23987.8,,,,,0,Wednesday
NIFTY_MONTH,2026-07-22,24050,CE,1,45.0,15:29,0.0,1.2107142857142839,117.4,9.710391822827942,13.756388415672916,1.7928571428571465,4222920.0,-696540.0,-0.40565299999999915,-0.8792965627497956,6.794564348521184,1.1285714285714294,4463030.0,-1205620.0,0.8698180000000004,,,,,,,1.0,0.8259587020648981,10.770725,10.4399,10.004855,,10.874673,124.0,10566725.0,23987.8,,,,,0,Wednesday
NIFTY_MONTH,2026-07-22,24050,PE,1,45.0,15:29,0.0,2.267857142857145,200.4,-9.2814371257485,15.219560878243513,2.9857142857142844,2147990.0,-154895.0,-0.1439900000000005,2.355808285946382,6.444624966152182,1.4678571428571416,2225665.0,-455130.0,-0.6028059999999993,,,,,,,0.3499999999999943,0.15433070866141466,15.31101,15.363269,15.192848,,14.590042,189.0,5621785.0,23987.8,,,,,0,Wednesday
NIFTY_MONTH,2026-07-22,24100,CE,2,45.0,15:29,0.0,1.1321428571428578,98.0,9.999999999999998,13.775510204081632,1.528571428571426,5886855.0,-1142050.0,-0.3751510000000007,-0.429594272076375,7.112171837708833,0.9750000000000014,6562595.0,-1842425.0,0.818465999999999,,,,,,,0.4000000000000057,0.3533123028391215,10.978686,10.648203,10.263189,,11.081655,104.3,15012465.0,23987.8,,,,,0,Wednesday
NIFTY_MONTH,2026-07-22,24100,PE,2,45.0,15:29,0.0,2.4178571428571445,230.55,-9.043591411841259,14.118412491867277,3.346428571428573,2105090.0,-200460.0,-0.21602500000000013,2.343566908835247,5.9292242793531775,1.5214285714285722,1877460.0,-358345.0,-0.6359449999999995,,,,,,,1.75,0.7237813884785815,15.498827,15.610054,15.410559,,14.774614,218.35,5165485.0,23987.8,,,,,0,Wednesday
NIFTY_MONTH,2026-07-22,24000,SYNTH,0,,15:29,,,,,,,,,,,,,,,,,,,,,,,,,,,,,,,23987.8,-22.650000000001455,-3.7999999999992724,-4.75,-23.600000000002183,0,Wednesday
NIFTY_MONTH,2026-07-23,23850,CE,0,38.0,15:29,0.0,1.5071428571428587,124.8,15.344551282051276,20.272435897435884,3.3269230769230735,6512545.0,-960245.0,0.03157000000000032,5.18783542039356,6.9051878354203975,1.7687500000000043,2334150.0,-784485.0,0.7425470000000001,,,,,,,,,10.247828,10.187897,9.841341,,10.583888,147.0,13319345.0,23839.0,,,,,0,Thursday
NIFTY_MONTH,2026-07-23,23850,PE,0,38.0,15:29,0.0,2.5428571428571445,130.5,-14.099616858237551,21.532567049808435,3.1769230769230754,4987190.0,150150.0,-0.25934100000000093,-2.7427078798432665,7.531562908141046,1.106250000000001,2932735.0,-612105.0,-0.32611100000000093,,,,,,,,,12.975796,12.658725,12.646029,,12.319918,111.7,14218425.0,23839.0,,,,,0,Thursday
NIFTY_MONTH,2026-07-23,23900,CE,1,45.0,15:29,0.0,1.4464285714285714,100.9,16.897918731417242,21.90287413280475,2.5178571428571437,9965670.0,-1030575.0,0.05494200000000049,5.146096816397724,10.248582642825992,1.3785714285714283,7930520.0,-1405755.0,0.5992180000000005,,,,,,,0.14999999999999147,0.10370370370369782,10.309711,10.253145,10.017724,,10.616942,120.55,22781850.0,23839.0,,,,,0,Thursday
NIFTY_MONTH,2026-07-23,23900,PE,1,45.0,15:29,0.0,2.817857142857142,157.25,-13.290937996820352,20.69952305246422,3.221428571428567,5555420.0,-165165.0,-0.30907899999999877,-2.7539341917024482,9.692417739628027,1.3964285714285682,5862415.0,-302120.0,-0.39099799999999973,,,,,,,2.549999999999983,0.9049429657794619,13.195213,12.78976,12.786235,,12.395237,135.95,16339440.0,23839.0,,,,,0,Thursday
NIFTY_MONTH,2026-07-23,23950,CE,2,45.0,15:29,0.0,0.8964285714285702,81.2,18.472906403940886,22.59852216748768,2.1499999999999995,4341090.0,-625170.0,0.07789899999999861,5.698924731182793,10.698924731182798,1.057142857142857,3484780.0,-655850.0,0.5431299999999997,,,,,,,0.20000000000000284,0.223107569721119,10.461475,10.391189,10.184097,,10.727227,98.3,10197980.0,23839.0,,,,,0,Thursday
NIFTY_MONTH,2026-07-23,23950,PE,2,45.0,15:29,0.0,2.9964285714285706,187.35,-12.836936215639168,18.788364024552973,3.7035714285714243,1787955.0,-100425.0,-0.42877799999999944,-3.1750741839762577,8.93175074183977,1.5321428571428544,1378520.0,-221390.0,-0.5356630000000013,,,,,,,2.75,0.9177592371871278,13.403521,12.977106,13.013229,,12.477566,163.15,4658355.0,23839.0,,,,,0,Thursday
NIFTY_MONTH,2026-07-23,23850,SYNTH,0,,15:29,,,,,,,,,,,,,,,,,,,,,,,,,,,,,,,23839.0,1.9500000000007276,13.599999999998545,10.399999999997817,-1.25,0,Thursday
NIFTY_MONTH,2026-07-24,23750,CE,0,26.0,15:22,0.0,3.1500000000000057,139.3,6.137832017228989,17.48025843503232,3.23928571428571,7631715.0,-205270.0,0.4657479999999996,1.6476126429051898,7.969065232010758,2.8374999999999844,2026960.0,-102245.0,0.003042999999999907,,,,,,,,,12.279882,11.85617,12.490042,,12.493085,151.15,11261185.0,23764.5,,,,,0,Friday
NIFTY_MONTH,2026-07-24,23750,PE,0,26.0,15:22,0.0,2.2999999999999945,97.6,-9.836065573770487,18.64754098360656,2.535714285714288,19263985.0,-1629615.0,-0.6385480000000001,0.35067212156633215,9.8188194038574,1.9250000000000007,3939455.0,-375960.0,0.2265669999999993,,,,,,,,,11.79888,11.748927,10.802942,,11.029509,85.85,27218750.0,23764.5,,,,,0,Friday
NIFTY_MONTH,2026-07-24,23800,CE,1,45.0,15:29,0.0,2.6750000000000003,112.85,5.981391227292867,19.273371732388128,3.0821428571428533,17996030.0,-764075.0,0.32807400000000086,-8.046407185628743,16.242514970059876,2.317857142857142,16732105.0,-2218580.0,-0.9729979999999987,,,,,,,2.1500000000000057,0.8037383177570114,12.23412,11.801248,12.673153,,11.700155,122.85,50631620.0,23764.5,,,,,0,Friday
NIFTY_MONTH,2026-07-24,23800,PE,1,45.0,15:29,0.0,2.607142857142858,120.6,-9.038142620232165,16.417910447761194,2.999999999999999,21821410.0,-2091050.0,-0.7094879999999986,7.356805044666316,20.59905412506568,2.3285714285714283,15467920.0,-1820780.0,0.6311409999999995,,,,,,,3.3999999999999915,1.304109589041092,11.563303,11.645321,10.299697,,10.930838,102.15,51338495.0,23764.5,,,,,0,Friday
NIFTY_MONTH,2026-07-24,23850,CE,2,45.0,15:29,0.0,2.6607142857142856,90.0,5.444444444444451,20.3888888888889,2.364285714285716,8805095.0,-162370.0,0.19423900000000138,-8.495821727019504,17.363045496750235,1.960714285714287,8530990.0,-1001000.0,-0.8282040000000013,,,,,,,1.1000000000000085,0.41342281879194953,12.071088,11.769476,12.501836,,11.673632,98.55,24380005.0,23764.5,,,,,0,Friday
NIFTY_MONTH,2026-07-24,23850,PE,2,45.0,15:29,0.0,3.221428571428575,145.05,-6.928645294725964,15.649775939331276,3.482142857142857,5137015.0,-738335.0,-0.5824189999999998,8.64040660736976,19.229140194832702,2.414285714285712,3421470.0,-440050.0,0.946097,,,,,,,1.1500000000000057,0.3569844789356998,11.486246,11.339309,9.999382,,10.945479,128.25,11977420.0,23764.5,,,,,0,Friday
NIFTY_MONTH,2026-07-24,23750,SYNTH,0,,15:22,,,,,,,,,,,,,,,,,,,,,,,,,,,,,,,23764.5,42.60000000000218,40.349999999998545,2.149999999997817,4.400000000001455,0,Friday
NIFTY_MONTH,2026-07-27,24000,CE,0,45.0,15:29,0.0,1.9178571428571425,68.35,8.63204096561815,19.092904169714703,2.1500000000000017,33872410.0,-2287545.0,1.7041350000000008,13.453815261044173,16.93440428380188,0.9821428571428561,27169285.0,-3961035.0,0.6270340000000001,,,,,,,2.1500000000000057,1.1210428305400404,14.018875,13.64946,15.243867,,15.870901,84.75,83251805.0,23991.85,,,,,0,Monday
NIFTY_MONTH,2026-07-27,24000,PE,0,45.0,15:29,0.0,1.3214285714285718,57.95,-11.561691113028477,19.154443485763593,1.3428571428571436,33123480.0,-1984190.0,-1.7602800000000016,-14.914914914914918,20.620620620620628,0.9821428571428582,30876625.0,-4254835.0,-0.04240099999999991,,,,,,,0.5,0.37837837837837823,11.565253,11.308903,9.508457,,9.466056,42.5,83791890.0,23991.85,,,,,0,Monday
NIFTY_MONTH,2026-07-27,24050,CE,1,45.0,15:29,0.0,1.4821428571428588,45.45,10.121012101210107,24.64246424642463,1.6571428571428564,18947045.0,-1269320.0,1.3981250000000003,15.054835493519452,18.743768693918245,0.696428571428571,17160845.0,-762450.0,0.4361960000000007,,,,,,,1.6500000000000057,1.1132530120481954,13.756268,13.443315,14.699914,,15.13611,57.7,48388340.0,23991.85,,,,,0,Monday
NIFTY_MONTH,2026-07-27,24050,PE,1,45.0,15:29,0.0,1.7392857142857139,84.5,-9.230769230769228,18.047337278106507,1.692857142857141,8439275.0,-355940.0,-2.353242,-13.107119095143059,17.697937458416497,1.2821428571428573,8211190.0,-1019070.0,-0.016486000000000445,,,,,,,0.5499999999999972,0.3162217659137561,11.105487,10.858269,8.486981,,8.470495,65.3,22200100.0,23991.85,,,,,0,Monday
NIFTY_MONTH,2026-07-27,24100,CE,2,45.0,15:29,0.0,1.078571428571428,28.7,11.32404181184669,25.78397212543555,1.2464285714285717,22933625.0,-1427270.0,1.1433929999999997,15.634674922600635,19.969040247678016,0.5964285714285715,21919040.0,-2037750.0,0.24098099999999967,,,,,,,1.6499999999999986,1.5298013245033106,13.57774,13.342946,14.434018,,14.674999,37.35,61151155.0,23991.85,,,,,0,Monday
NIFTY_MONTH,2026-07-27,24100,PE,2,45.0,15:29,0.0,2.153571428571431,118.8,-8.122895622895616,13.299663299663298,2.153571428571424,6388005.0,-530465.0,-4.451719,-12.255358807082937,15.936626281453876,1.5749999999999997,5903820.0,-660725.0,-0.10315600000000025,,,,,,,1.2999999999999972,0.6036484245439449,10.721794,10.546375,6.128161,,6.025005,94.15,15891655.0,23991.85,,,,,0,Monday
NIFTY_MONTH,2026-07-27,24000,SYNTH,0,,15:29,,,,,,,,,,,,,,,,,,,,,,,,,,,,,,,23991.85,35.5,38.599999999998545,17.5,14.400000000001455,0,Monday
NIFTY_MONTH,2026-07-28,23950,CE,0,18.0,15:17,0.0,,13.65,10.989010989010989,223.44322344322342,1.271428571428572,204571835.0,2724475.0,-9.440056,,,,,,,,,,,,,,,25.61088,9.440056,0.0,,0.0,20.1,222824160.0,23960.95,,,,,0,Tuesday
NIFTY_MONTH,2026-07-28,23950,PE,0,18.0,15:17,0.0,,7.75,-98.06451612903226,170.32258064516128,0.5642857142857143,449663890.0,3729830.0,-9.228386,,,,,,,,,,,,,,,16.024115,17.634815,9.768779,,9.768779,0.05,493329850.0,23960.95,,,,,0,Tuesday
NIFTY_MONTH,2026-07-28,24000,CE,1,45.0,15:29,0.0,1.2035714285714287,0.9,-94.44444444444444,761.1111111111111,0.06785714285714287,233664730.0,-12303655.0,-4.746732,-50.0,2350.0,0.18928571428571428,222623375.0,-14699230.0,-8.025527,,,,,,,0.05,0.04154302670623145,16.475036,15.145396,8.025527,,0.0,0.05,683739940.0,23960.95,,,,,0,Tuesday
NIFTY_MONTH,2026-07-28,24000,PE,1,45.0,15:29,0.0,2.857142857142857,46.85,-25.613660618996796,71.0779082177161,1.528571428571429,139341930.0,-13592085.0,-2.1365349999999985,-42.23107569721116,112.35059760956176,2.4571428571428577,148363800.0,-6308835.0,-26.992544,,,,,,,0.5999999999999996,0.20999999999999988,16.161734,31.192349,26.992544,,0.0,14.5,444269410.0,23960.95,,,,,0,Tuesday
NIFTY_MONTH,2026-07-28,24050,CE,2,45.0,15:29,0.0,0.11785714285714285,0.35,-85.71428571428572,214.2857142857143,0.03571428571428571,56387695.0,-11662040.0,-0.23391600000000068,-50.0,150.0,0.024999999999999994,32925945.0,-3847545.0,-23.987376,,,,,,,0.05,0.42424242424242425,19.644851,24.641255,23.987376,,0.0,0.05,185137485.0,23960.95,,,,,0,Tuesday
NIFTY_MONTH,2026-07-28,24050,PE,2,45.0,15:29,0.0,3.757142857142856,96.55,-12.169860176074573,43.24184360435008,1.6392857142857136,20672405.0,-1555645.0,3.9084919999999954,-14.066666666666663,39.26666666666666,2.5035714285714303,17757350.0,-1024205.0,-55.848613,,,,,,,0.5500000000000043,0.14638783269962097,20.005866,50.384821,55.848613,,0.0,64.45,62795070.0,23960.95,,,,,0,Tuesday
NIFTY_MONTH,2026-07-28,23950,SYNTH,0,,15:17,,,,,,,,,,,,,,,,,,,,,,,,,,,,,,,23960.95,-4.850000000002183,-4.850000000002183,,,0,Tuesday
NIFTY_MONTH,2026-07-29,24250,CE,0,41.0,15:29,0.0,1.2099999999999909,335.2,-1.9988066825775623,3.684367541766117,1.0214285714285722,19435.0,585.0,0.2070659999999993,-1.3151858082275611,2.2480501605750187,1.242857142857137,41405.0,-1950.0,0.0060549999999999216,,,,,,,1.3500000000000227,1.1157024793388701,8.685932,8.439895,8.660593,,8.666648,322.65,72345.0,24270.45,,,,,0,Wednesday
NIFTY_MONTH,2026-07-29,24250,PE,0,41.0,15:29,0.0,1.0100000000000022,260.95,1.1688062847288796,3.219007472695921,1.1964285714285674,20800.0,-65.0,-0.17278600000000033,-1.3670411985018642,2.5280898876404496,1.2964285714285697,41860.0,5395.0,-0.25342299999999973,,,,,,,2.1999999999999886,2.178217821782162,13.221403,13.404185,13.300276,,13.046853,263.35,68575.0,24270.45,,,,,0,Wednesday
NIFTY_MONTH,2026-07-29,24300,CE,1,45.0,15:29,0.0,1.4249999999999912,308.0,-2.353896103896104,4.480519480519484,1.0178571428571428,109785.0,18070.0,0.15443999999999924,-1.9851116625310175,2.5144747725392964,1.3000000000000032,195000.0,-13000.0,-0.06997800000000076,,,,,,,1.0500000000000114,0.7368421052631704,8.83804,8.578709,8.86151,,8.791532,296.25,349245.0,24270.45,,,,,0,Wednesday
NIFTY_MONTH,2026-07-29,24300,PE,1,45.0,15:29,0.0,0.9749999999999984,282.1,1.736972704714632,3.6334633108826653,1.278571428571427,158015.0,12350.0,-0.11527600000000149,0.6228373702422184,2.422145328719723,1.0000000000000122,176410.0,-19370.0,-0.046977000000000046,,,,,,,0.25,0.25641025641025683,13.226486,13.399209,13.31092,,13.263943,290.8,396500.0,24270.45,,,,,0,Wednesday
NIFTY_MONTH,2026-07-29,24350,CE,2,45.0,15:29,0.0,1.2392857142857079,278.6,-1.202440775305105,2.4228284278535535,1.317857142857138,10270.0,780.0,0.2774149999999995,-1.423877327491777,2.062796641109886,1.1428571428571428,8190.0,390.0,0.0026220000000005683,,,,,,,1.6999999999999886,1.371757925072044,8.802448,8.560492,8.850727,,8.853349,270.0,22100.0,24270.45,,,,,0,Wednesday
NIFTY_MONTH,2026-07-29,24350,PE,2,45.0,15:29,0.0,1.0214285714285722,303.9,1.957880881869051,3.0766699572227783,1.3107142857142955,16445.0,12675.0,-0.08992100000000036,0.16051364365971107,2.247191011235955,1.2642857142857256,6695.0,130.0,-0.10234600000000071,,,,,,,0.5500000000000114,0.5384615384615492,13.261326,13.376936,13.297836,,13.19549,312.0,26715.0,24270.45,,,,,0,Wednesday
NIFTY_MONTH,2026-07-29,24250,SYNTH,0,,15:29,,,,,,,,,,,,,,,,,,,,,,,,,,,,,,,24270.45,60.95000000000073,67.29999999999927,-0.6500000000014552,-7.0,0,Wednesday
NIFTY_MONTH,2026-07-30,24300,CE,1,39.0,15:29,0.0,1.4464285714285714,312.0,3.0128205128205057,6.410256410256411,2.8857142857142923,178815.0,-9555.0,-0.8159729999999996,1.8489501723597546,3.149482920714513,1.4874999999999972,167960.0,-21385.0,0.5773979999999987,,,,,,,1.6999999999999886,1.1753086419753007,9.222316,9.054164,8.370371,,8.947769,325.0,455715.0,24270.7,,,,,0,Thursday
NIFTY_MONTH,2026-07-30,24300,PE,1,39.0,15:29,0.0,1.2928571428571363,268.85,-1.3576343686070425,6.100055793193231,2.296428571428574,196560.0,18980.0,0.6395400000000002,-1.6638624041876944,3.6268461394653166,1.3812500000000014,148200.0,-9685.0,-0.388026,,,,,,,2.5500000000000114,1.9723756906077536,12.95963,13.022435,13.611772,,13.223746,263.0,458445.0,24270.7,,,,,0,Thursday
NIFTY_MONTH,2026-07-30,24350,CE,2,45.0,15:29,0.0,2.1000000000000063,290.5,1.8932874354561102,6.867469879518068,2.364285714285724,132275.0,102505.0,-0.8817020000000007,0.8373205741626755,3.3492822966507214,1.3107142857142915,44850.0,1625.0,0.40779299999999985,,,,,,,4.5,2.1428571428571366,9.369177,9.331571,8.52136,,8.929153,295.05,193765.0,24270.7,,,,,0,Thursday
NIFTY_MONTH,2026-07-30,24350,PE,2,45.0,15:29,0.0,1.2535714285714252,288.05,0.15622287797257026,5.867036972747779,2.0107142857142883,14755.0,3380.0,0.8351449999999989,0.15560165975103343,3.060165975103742,1.4321428571428498,21255.0,3705.0,-0.20355799999999924,,,,,,,7.0499999999999545,5.623931623931603,12.90825,12.898189,13.615447,,13.411889,289.65,48880.0,24270.7,,,,,0,Thursday
NIFTY_MONTH,2026-07-30,24250,SYNTH,0,,15:00,,,,,,,,,,,,,,,,,,,,,,,,,,,,,,,24270.7,,77.34999999999854,,,0,Thursday
NIFTY_MONTH,2026-07-31,24350,CE,0,20.0,15:29,0.0,1.9321428571428538,325.5,,,,,,,-1.143563591407816,2.874362540565604,1.533333333333322,14300.0,-2080.0,0.049251999999999185,,,,,,,2.0,1.0351201478743086,8.666506,8.622209,8.480971,,8.530223,319.85,30355.0,24371.85,,,,,0,Friday
NIFTY_MONTH,2026-07-31,24350,PE,0,20.0,15:29,0.0,1.1857142857142853,224.95,,,,,,,-0.9100998890122137,2.5749167591564976,3.5166666666666706,14105.0,-5525.0,-0.2060240000000011,,,,,,,5.150000000000006,4.34337349397591,12.216431,12.225456,12.279666,,12.073642,223.2,29510.0,24371.85,,,,,0,Friday
NIFTY_MONTH,2026-07-31,24400,CE,1,45.0,15:29,0.0,1.828571428571426,297.4,0.6052454606590489,3.850033624747811,1.3642857142857119,73970.0,-9295.0,-0.3820180000000004,-1.9062078272604512,4.082321187584354,1.4892857142857159,119080.0,-17290.0,0.32629099999999944,,,,,,,1.8500000000000227,1.0117187500000138,8.776857,8.716918,8.253097,,8.579388,290.75,284180.0,24371.85,,,,,0,Friday
NIFTY_MONTH,2026-07-31,24400,PE,1,45.0,15:29,0.0,1.5607142857142935,245.2,-1.3050570962479562,5.097879282218598,1.4928571428571453,106535.0,-17550.0,0.1811500000000006,2.0816326530612224,3.3061224489795897,0.9928571428571473,165360.0,-36400.0,-0.16887400000000063,,,,,,,2.0999999999999943,1.3455377574370606,12.149728,12.195105,12.475166,,12.306292,250.1,370630.0,24371.85,,,,,0,Friday
NIFTY_MONTH,2026-07-31,24450,CE,2,45.0,15:29,0.0,1.3714285714285543,268.6,0.8562918838421274,3.648548026805663,1.6857142857142793,8190.0,650.0,-0.3275649999999999,-1.30475302889096,3.392357875116483,1.5428571428571445,18200.0,-520.0,0.3725630000000013,,,,,,,0.14999999999997726,0.10937499999998479,8.752229,8.710443,8.30717,,8.679733,264.75,29250.0,24371.85,,,,,0,Friday
NIFTY_MONTH,2026-07-31,24450,PE,2,45.0,15:29,0.0,2.1035714285714238,267.25,-1.216089803554724,4.097287184284374,1.453571428571422,14950.0,6045.0,0.1953440000000004,0.5788982259570538,3.3986928104575247,1.5035714285714294,21775.0,2860.0,-0.32965299999999864,,,,,,,2.9499999999999886,1.4023769100169756,12.153457,12.187119,12.508745,,12.179092,269.3,46670.0,24371.85,,,,,0,Friday
NIFTY_MONTH,2026-07-31,24350,SYNTH,0,,15:29,,,,,,,,,,,,,,,,,,,,,,,,,,,,,,,24371.85,74.0,79.95000000000073,-1.6499999999978172,-7.599999999998545,0,Friday
NIFTY_MONTH,2026-08-03,24550,CE,-1,20.0,15:28,0.0,,289.35,2.2982547088301284,3.5424226715050975,2.0899999999999865,9490.0,325.0,0.2570930000000011,-1.7107046070460743,3.1165311653116494,1.1192307692307701,22035.0,-1495.0,-0.22036899999999982,,,,,,,,,8.027937,8.027937,8.25556,,8.035191,290.15,31525.0,24593.55,,,,,1,Monday
NIFTY_MONTH,2026-08-03,24550,PE,-1,20.0,15:28,0.0,,213.15,-0.8444757213230173,2.5803424818203142,0.8600000000000023,14235.0,-3185.0,-0.05207199999999901,0.5218216318785551,2.0872865275142343,0.700000000000004,22880.0,-4745.0,0.04855399999999932,,,,,,,,,12.093672,12.093672,12.014696,,12.06325,211.9,37115.0,24593.55,,,,,1,Monday
NIFTY_MONTH,2026-08-03,24600,CE,0,44.0,15:28,0.0,0.8000000000000033,276.0,-3.188405797101453,7.155797101449275,2.3142857142857167,491335.0,154115.0,0.14830100000000002,-1.9809381424032932,3.102223883386287,1.0384615384615254,370760.0,128180.0,-0.2241339999999994,,,,,,,,,8.316528,8.204982,8.373673,,8.149539,262.25,913445.0,24593.55,,,,,1,Monday
NIFTY_MONTH,2026-08-03,24600,PE,0,44.0,15:28,0.0,0.6821428571428579,226.0,2.942477876106197,4.955752212389388,1.1821428571428558,493220.0,147875.0,-0.07467899999999972,-0.3008165019338155,2.5569402664374805,1.4230769230769231,406055.0,126750.0,-0.028216999999999715,,,,,,,,,12.178455,12.122168,12.046091,,12.017874,232.0,976365.0,24593.55,,,,,1,Monday
NIFTY_MONTH,2026-08-03,24650,CE,1,44.0,15:28,0.0,0.9464285714285755,248.0,-3.3669354838709653,7.3790322580645205,2.160714285714284,65130.0,-6760.0,0.13089899999999943,-3.051058530510583,4.088833540888333,0.8653846153846132,27300.0,4030.0,-0.30580300000000094,,,,,,,,,8.367486,8.259508,8.447872,,8.142069,233.55,101010.0,24593.55,,,,,1,Monday
NIFTY_MONTH,2026-08-03,24650,PE,1,44.0,15:28,0.0,0.9571428571428636,248.35,2.8991342862895175,4.449365814374879,1.2642857142857156,22750.0,715.0,-0.07346699999999906,0.01965408805030776,2.6533018867924527,1.1423076923076962,24375.0,-5980.0,0.0033720000000005967,,,,,,,,,12.166706,12.137331,12.012089,,12.015461,254.45,54275.0,24593.55,,,,,1,Monday
NIFTY_MONTH,2026-08-03,24700,CE,2,44.0,15:28,0.0,0.8214285714285735,221.25,-3.2994350282485927,7.977401129943493,2.2642857142857173,332020.0,23920.0,0.14023000000000074,-2.8205128205128256,3.5431235431235404,0.9653846153846163,332280.0,146250.0,-0.24866100000000024,,,,,,,,,8.411326,8.282739,8.450414,,8.201753,208.45,697515.0,24593.55,,,,,1,Monday
NIFTY_MONTH,2026-08-03,24700,PE,2,44.0,15:28,0.0,1.0107142857142881,271.7,2.613176297386832,4.76628634523371,1.4214285714285697,183885.0,38155.0,-0.09973300000000052,0.0538406317300708,2.0818377602297033,1.2115384615384441,281905.0,155935.0,0.007457000000000491,,,,,,,,,12.218186,12.138059,12.026097,,12.033554,278.75,488150.0,24593.55,,,,,1,Monday
NIFTY_MONTH,2026-08-03,24600,SYNTH,0,,15:28,,,,,,,,,,,,,,,,,,,,,,,,,,,,,,,24593.55,61.5,56.900000000001455,-4.599999999998545,0.0,1,Monday
NIFTY_MONTH,2026-08-04,24450,CE,0,42.0,15:27,0.0,2.2884615384615516,303.85,3.0607207503702334,4.706269540891872,1.4571428571428637,17550.0,455.0,0.4435500000000001,0.5606279032516419,2.819157456351117,1.8375000000000057,22555.0,1560.0,0.08116099999999982,,,,,,,,,9.258069,9.337649,9.723505,,9.804666,313.9,54795.0,24463.9,,,,,1,Tuesday
NIFTY_MONTH,2026-08-04,24450,PE,0,42.0,15:27,0.0,1.8730769230769293,214.35,-4.175414042453926,7.674364357359454,1.596428571428573,21255.0,4355.0,-0.4080940000000002,0.6612784717119737,4.604457506735247,1.1708333333333367,23855.0,-6045.0,0.06061599999999956,,,,,,,,,12.401787,12.201005,11.747045,,11.807661,205.5,58240.0,24463.9,,,,,1,Tuesday
NIFTY_MONTH,2026-08-04,24500,CE,1,43.0,15:27,0.0,1.3250000000000008,275.3,3.1601888848528836,4.631311296767163,1.0714285714285754,332735.0,28730.0,0.40647500000000036,0.0,1.971830985915501,1.0500000000000018,368485.0,-71370.0,0.003309999999999036,,,,,,,,,9.289267,9.369957,9.764165,,9.767475,284.0,1022125.0,24463.9,,,,,1,Tuesday
NIFTY_MONTH,2026-08-04,24500,PE,1,43.0,15:27,0.0,1.6678571428571465,237.8,-5.088309503784703,8.0740117746005,1.6642857142857193,240240.0,-18460.0,-0.5398449999999997,0.19946808510639055,4.632092198581556,1.6541666666666615,318825.0,-43745.0,0.02073999999999998,,,,,,,,,12.44648,12.282375,11.747709,,11.768449,226.05,893815.0,24463.9,,,,,1,Tuesday
NIFTY_MONTH,2026-08-04,24550,CE,2,43.0,15:27,0.0,1.3785714285714294,247.65,2.7861901877649933,4.502321825156472,0.864285714285718,26585.0,-2860.0,0.3222120000000004,-0.176021904948178,2.3469587326422845,1.3291666666666728,19630.0,130.0,-0.016125999999999863,,,,,,,,,9.335184,9.363737,9.721807,,9.705681,255.2,96265.0,24463.9,,,,,1,Tuesday
NIFTY_MONTH,2026-08-04,24550,PE,2,43.0,15:27,0.0,2.1000000000000063,261.0,-4.904214559386977,7.145593869731792,1.499999999999996,14950.0,-1560.0,-0.5662260000000003,-0.16164881794300962,4.061426550818352,1.5416666666666619,17420.0,-3770.0,-0.0159710000000004,,,,,,,,,12.381183,12.292902,11.704539,,11.688568,247.05,56355.0,24463.9,,,,,1,Tuesday
NIFTY_MONTH,2026-08-04,24450,SYNTH,0,,15:27,,,,,,,,,,,,,,,,,,,,,,,,,,,,,,,24463.9,94.54999999999927,94.95000000000073,0.4000000000014552,0.0,1,Tuesday
NIFTY_MONTH,2026-08-05,24550,CE,1,43.0,15:27,0.0,2.2714285714285682,294.0,5.595238095238091,7.976190476190473,2.7749999999999977,43160.0,-975.0,-0.5291639999999997,10.276967930029173,16.654518950437335,5.416666666666667,41535.0,-1235.0,1.295057,,,,,,,,,10.363439,10.354385,8.177256,,9.472313,302.6,100945.0,24522.5,,,,,1,Wednesday
NIFTY_MONTH,2026-08-05,24550,PE,1,43.0,15:27,0.0,3.317857142857146,227.55,-12.217095143924416,14.941771039332014,3.178571428571433,33930.0,390.0,-0.3463220000000007,-8.793969849246231,14.59570580173596,3.570833333333335,36140.0,-130.0,-0.860619999999999,,,,,,,,,12.509961,12.145218,12.656566,,11.795946,199.65,81835.0,24522.5,,,,,1,Wednesday
NIFTY_MONTH,2026-08-05,24600,CE,2,55.0,15:39,1.0,2.2214285714285773,265.7,6.059465562664668,7.753105005645474,2.1571428571428686,293150.0,-40690.0,-0.4650079999999992,10.622858294698634,17.053013505341656,4.467857142857143,391625.0,-56615.0,-0.31853899999999946,-2.645985401459854,4.069343065693422,1.105555555555548,89245.0,-9750.0,-0.33418599999999987,2.25,1.0128617363344026,10.385921,10.312864,8.344482,8.007697,7.673511,266.75,916565.0,24522.5,,,,,1,Wednesday
NIFTY_MONTH,2026-08-05,24600,PE,2,55.0,15:39,1.0,3.674999999999995,250.6,-12.150837988826812,14.68475658419793,3.5821428571428555,305045.0,-44005.0,-0.39902899999999875,-10.964004964832437,14.3773272652048,3.7071428571428595,355615.0,-40365.0,-0.15438499999999955,4.144600506562284,6.65438636886944,1.2666666666666577,74035.0,-17940.0,0.4031140000000004,3.3999999999999773,0.925170068027206,12.528014,12.155539,12.708076,12.640972,13.044086,226.15,866060.0,24522.5,,,,,1,Wednesday
NIFTY_MONTH,2026-08-05,24500,SYNTH,0,,15:01,,,,,,,,,,,,,,,,,,,,,,,,,,,,,,,24522.5,,98.20000000000073,,,1,Wednesday
NIFTY_MONTH,2026-08-06,24600,CE,-1,5.0,15:11,0.0,,316.85,0.9941612750512788,2.6195360580716462,1.3874999999999886,44005.0,14365.0,0.00727499999999992,,,,,,,,,,,,,,,10.585154,10.585154,,,10.592429,320.0,44005.0,24640.75,,,,,1,Thursday
NIFTY_MONTH,2026-08-06,24600,PE,-1,5.0,15:11,0.0,,187.8,-0.3993610223642172,2.4227902023429237,0.9374999999999858,32110.0,1040.0,0.06002099999999899,,,,,,,,,,,,,,,11.37156,11.37156,,,11.431581,187.05,32110.0,24640.75,,,,,1,Thursday
NIFTY_MONTH,2026-08-06,24650,CE,0,55.0,15:39,1.0,1.0428571428571445,296.6,-0.6237356709372969,3.7424140256237433,1.6035714285714318,43290.0,10660.0,0.24384799999999984,-0.9934332379188378,2.340461357130826,1.2607142857142881,26260.0,-7020.0,-0.34146399999999844,0.6001371742112482,1.7489711934156456,1.3499999999999974,15340.0,1820.0,0.08254799999999918,2.6499999999999773,2.5410958904109333,10.044234,10.376149,10.734554,10.284041,10.366589,293.35,113555.0,24640.75,,,,,1,Thursday
NIFTY_MONTH,2026-08-06,24650,PE,0,55.0,15:39,1.0,0.9392857142857126,201.15,0.9197116579666886,4.847129008202834,1.6678571428571425,36855.0,-1690.0,-0.15056599999999953,0.7750000000000057,4.525000000000006,1.7607142857142881,24765.0,2340.0,0.22745800000000038,1.4000000000000057,3.75,1.1444444444444395,20280.0,1820.0,0.12821499999999908,1.5500000000000114,1.650190114068456,11.731161,11.444182,11.147065,11.304239,11.432454,202.8,108095.0,24640.75,,,,,1,Thursday
NIFTY_MONTH,2026-08-06,24700,CE,1,55.0,15:39,1.0,1.4749999999999983,266.65,-0.5812863303956327,4.125257828614289,1.5821428571428555,130000.0,-4420.0,0.23584899999999998,-1.5730337078651644,2.6404494382022516,1.1214285714285626,173485.0,31330.0,-0.38147400000000076,-0.5691519635742743,1.574653765888817,1.2333333333333358,58890.0,-11310.0,-0.06469599999999964,2.4499999999999886,1.6610169491525366,9.987115,10.280704,10.615458,10.267982,10.203286,262.05,429065.0,24640.75,,,,,1,Thursday
NIFTY_MONTH,2026-08-06,24700,PE,1,55.0,15:39,1.0,1.0607142857142853,220.75,1.0192525481313703,4.983012457531144,1.9250000000000032,102375.0,7670.0,-0.14768899999999974,0.7970849464814392,5.260760646777505,1.8607142857142864,273130.0,52780.0,0.24482699999999902,0.3859250851305309,3.2236095346197478,1.5388888888888883,81575.0,-21970.0,0.03912199999999899,1.75,1.6498316498316505,11.640961,11.325978,11.012422,11.210231,11.249353,221.1,508820.0,24640.75,,,,,1,Thursday
NIFTY_MONTH,2026-08-06,24750,CE,2,55.0,15:39,1.0,0.9571428571428596,239.8,-0.2502085070892505,3.9616346955796495,0.9214285714285698,41535.0,14625.0,0.258087999999999,-1.3116801998750804,2.477618155319587,0.7035714285714322,22360.0,-3510.0,-0.320233,0.5072923272035462,1.860071866413023,1.7111111111111212,12740.0,780.0,0.05618199999999973,2.5500000000000114,2.664179104477617,9.940246,10.249809,10.563063,10.223045,10.279227,237.75,84565.0,24640.75,,,,,1,Thursday
NIFTY_MONTH,2026-08-06,24750,PE,2,55.0,15:39,1.0,0.7678571428571449,248.3,-0.7652033830044324,3.664921465968584,1.5642857142857107,12285.0,-325.0,-0.3491079999999993,1.3256006628003267,4.204639602319803,2.0142857142857133,10595.0,1170.0,0.3194340000000011,0.6971498872257605,2.9731392249333606,1.6222222222222216,6110.0,715.0,0.07676900000000053,2.3000000000000114,2.9953488372093093,11.594508,11.495607,10.911553,11.197626,11.274395,245.55,31590.0,24640.75,,,,,1,Thursday
NIFTY_MONTH,2026-08-06,24650,SYNTH,0,,15:39,,,,,,,,,,,,,,,,,,,,,,,,,,,,,,,24640.75,119.0,104.54999999999927,-6.400000000001455,8.049999999999272,1,Thursday
NIFTY_MONTH,2026-08-07,24550,CE,0,55.0,15:39,1.0,1.7249999999999983,285.5,3.6952714535901965,5.306479859894913,1.0178571428571388,29965.0,-4160.0,0.2560000000000002,-2.0868113522537564,3.672787979966611,0.9035714285714107,25025.0,7020.0,-0.680275,0.9205591544493653,3.2049096488237416,2.6222222222222182,32370.0,-10985.0,0.13160999999999845,4.300000000000011,2.4927536231884146,10.212415,10.240529,10.591258,9.91369,10.0453,296.0,102505.0,24545.7,,,,,1,Friday
NIFTY_MONTH,2026-08-07,24550,PE,0,55.0,15:39,1.0,1.242857142857139,198.95,-6.333249560191001,9.90198542347323,1.80714285714286,36400.0,-4940.0,-0.41609099999999977,1.1713429583219706,5.339144647235091,1.1607142857142898,29900.0,-2405.0,0.3664120000000004,-0.34346103038309417,3.963011889035667,1.40555555555555,26195.0,-8905.0,-0.029495999999999967,4.300000000000011,3.459770114942548,11.847491,11.654095,11.153929,11.688168,11.658672,188.6,106925.0,24545.7,,,,,1,Friday
NIFTY_MONTH,2026-08-07,24600,CE,1,55.0,15:39,1.0,1.7499999999999918,258.65,3.402281074811526,6.011985308331716,0.8428571428571436,164190.0,3250.0,0.18493100000000062,-2.0713889402626307,3.8283706306639624,1.078571428571422,157105.0,-13390.0,-0.6153949999999995,2.1925643469971403,3.279313632030514,1.2833333333333283,160615.0,-70330.0,0.2712829999999986,3.75,2.142857142857153,10.281959,10.289441,10.545873,9.814056,10.085339,268.0,602615.0,24545.7,,,,,1,Friday
NIFTY_MONTH,2026-08-07,24600,PE,1,55.0,15:39,1.0,1.1678571428571465,220.45,-6.055794964844634,9.752778407802223,1.3392857142857164,221325.0,-62205.0,-0.4325600000000005,1.6381418092909508,5.3056234718826385,1.3107142857142853,142415.0,-25090.0,0.4365760000000005,0.2137259558299637,3.9895511754927595,1.7388888888888863,147745.0,-20670.0,0.022083000000000297,3.6500000000000057,3.125382262996937,11.774929,11.61841,11.115896,11.678167,11.70025,211.0,621595.0,24545.7,,,,,1,Friday
NIFTY_MONTH,2026-08-07,24650,CE,2,55.0,15:39,1.0,1.4107142857142878,232.15,3.6183502046090914,6.030583674348481,1.0214285714285702,25545.0,-1950.0,0.17915099999999917,-2.2587268993839835,4.1067761806981515,1.1214285714285748,29835.0,1495.0,-0.5821040000000011,1.8143459915611861,3.2278481012658253,1.1888888888888876,40105.0,-11700.0,0.20104400000000133,4.25,3.012658227848097,10.250901,10.272702,10.528902,9.900991,10.102035,241.3,105300.0,24545.7,,,,,1,Friday
NIFTY_MONTH,2026-08-07,24650,PE,2,55.0,15:39,1.0,1.5749999999999988,244.75,-5.372829417773239,9.090909090909092,1.7607142857142861,30420.0,-10595.0,-0.40742799999999946,1.956043956043951,4.923076923076918,1.5607142857142873,24895.0,4355.0,0.5034290000000006,-0.9592837348113408,3.6452781922831,1.4833333333333358,40560.0,195.0,-0.10257700000000014,3.1000000000000227,1.9682539682539841,11.807754,11.640642,11.098454,11.721797,11.61922,232.3,111735.0,24545.7,,,,,1,Friday
NIFTY_MONTH,2026-08-07,24550,SYNTH,0,,15:39,,,,,,,,,,,,,,,,,,,,,,,,,,,,,,,24545.7,108.95000000000073,86.75,-8.549999999999272,13.650000000001455,1,Friday
NIFTY_WEEK,2026-06-22,24100,CE,0,30.0,15:29,0.0,,77.0,-3.6363636363636327,36.36363636363637,1.9857142857142855,43783220.0,279240.0,0.626786000000001,-19.191919191919194,21.906565656565668,1.5714285714285683,31668260.0,-4335825.0,-0.7160160000000015,,,,,,,,,11.341876,11.341876,12.637937,,11.921921,64.0,75451480.0,24116.6,,,,,0,Monday
NIFTY_WEEK,2026-06-22,24100,PE,0,30.0,15:29,0.0,,54.0,3.055555555555553,36.481481481481474,1.8821428571428562,57482295.0,-3781895.0,-0.550419999999999,9.519136408243364,19.43081452404319,1.0750000000000008,34959080.0,-6979830.0,-0.9336510000000011,,,,,,,,,11.67413,11.67413,10.48094,,9.547289,55.8,92441375.0,24116.6,,,,,0,Monday
NIFTY_WEEK,2026-06-22,24150,CE,1,45.0,15:29,0.0,1.364285714285715,51.15,-3.5190615835777073,46.23655913978493,1.6928571428571442,41284230.0,-1298960.0,0.5689719999999987,-25.186567164179102,28.731343283582085,1.3285714285714292,27937650.0,-4620850.0,-0.8944740000000007,,,,,,,2.1000000000000014,1.5392670157068065,11.83514,11.172541,12.336059,,11.441585,40.1,89589045.0,24116.6,,,,,0,Monday
NIFTY_WEEK,2026-06-22,24150,PE,1,45.0,15:29,0.0,1.1571428571428553,79.6,1.1306532663316655,31.092964824120592,2.442857142857142,32632405.0,-3219970.0,-0.9416770000000003,9.26666666666667,16.73333333333333,1.1749999999999983,15977845.0,-3114215.0,-1.1842450000000007,,,,,,,1.3499999999999943,1.1666666666666636,11.832209,11.768231,10.08106,,8.896815,81.95,61243065.0,24116.6,,,,,0,Monday
NIFTY_WEEK,2026-06-22,24200,CE,2,45.0,15:29,0.0,1.0214285714285718,33.45,-6.726457399103149,52.76532137518685,1.2535714285714292,35472580.0,-941005.0,0.281388999999999,-31.19533527696792,34.98542274052478,1.0214285714285707,29524235.0,-3621280.0,-0.941218000000001,,,,,,,2.299999999999997,2.251748251748248,11.822687,11.37593,12.139692,,11.198474,23.6,81833765.0,24116.6,,,,,0,Monday
NIFTY_WEEK,2026-06-22,24200,PE,2,45.0,15:29,0.0,1.4857142857142844,110.85,2.074875958502491,29.679747406405056,2.97857142857143,20728175.0,-2096120.0,-1.0327610000000007,8.996702779086196,14.366462552991049,1.4107142857142847,9377160.0,-1777815.0,-1.6263690000000004,,,,,,,0.8999999999999915,0.6057692307692255,11.980963,11.825474,9.67774,,8.051371,115.7,37690640.0,24116.6,,,,,0,Monday
NIFTY_WEEK,2026-06-22,24100,SYNTH,0,,15:29,,,,,,,,,,,,,,,,,,,,,,,,,,,,,,,24116.6,20.200000000000728,21.350000000002183,-20.049999999999272,-21.200000000000728,0,Monday
NIFTY_WEEK,2026-06-23,23800,CE,-1,14.0,15:29,0.0,,31.9,,,,,,,-24.76489028213166,33.542319749216304,1.1923076923076918,62529545.0,-4048785.0,2.2126089999999987,,,,,,,,,8.546988,8.546988,8.546988,,10.759597,24.0,62529545.0,23843.45,,,,,0,Tuesday
NIFTY_WEEK,2026-06-23,23800,PE,-1,14.0,15:29,0.0,,0.35,,,,,,,-85.71428571428572,228.57142857142858,0.0923076923076923,167449295.0,-8152625.0,-2.093341,,,,,,,,,2.093341,2.093341,2.093341,,0.0,0.05,167449295.0,23843.45,,,,,0,Tuesday
NIFTY_WEEK,2026-06-23,23850,CE,0,30.0,15:29,0.0,,13.9,-98.20143884892086,510.431654676259,1.4607142857142856,458867110.0,31315310.0,-4.490295,-75.0,125.0,0.017857142857142856,76550630.0,-15257970.0,1.6183679999999998,,,,,,,,,6.53279,6.53279,2.016204,,3.634572,0.05,535417740.0,23843.45,,,,,0,Tuesday
NIFTY_WEEK,2026-06-23,23850,PE,0,30.0,15:29,0.0,,14.6,16.0958904109589,218.8356164383562,2.4750000000000005,485099615.0,-4140045.0,-4.818122,52.05882352941177,67.94117647058822,1.332142857142857,135956925.0,-10629320.0,0.0,,,,,,,,,4.818122,4.818122,0.0,,0.0,25.85,621056540.0,23843.45,,,,,0,Tuesday
NIFTY_WEEK,2026-06-23,23900,CE,1,43.0,15:29,0.0,2.2375000000000003,1.5,-90.0,1743.3333333333333,0.10357142857142858,240060080.0,-11143015.0,-1.127694,-50.0,100.0,0.010714285714285716,24639550.0,-7294560.0,1.5323269999999996,,,,,,,0.0,0.0,7.007365,6.353094,5.007824,,6.540151,0.05,445942965.0,23843.45,,,,,0,Tuesday
NIFTY_WEEK,2026-06-23,23900,PE,1,43.0,15:29,0.0,1.0833333333333333,52.4,27.767175572519093,144.1793893129771,3.839285714285714,207682410.0,-15884700.0,0.0,12.370370370370361,17.037037037037038,1.3035714285714286,21986510.0,-6942520.0,0.0,,,,,,,0.19999999999998863,0.18461538461537413,6.363606,0.0,0.0,,0.0,75.85,557113830.0,23843.45,,,,,0,Tuesday
NIFTY_WEEK,2026-06-23,23950,CE,2,45.0,15:29,0.0,1.0857142857142856,0.5,-80.0,710.0,0.05000000000000001,151196565.0,-30930640.0,-0.6356250000000001,0.0,200.0,0.014285714285714287,14023685.0,-4794595.0,1.9162819999999998,,,,,,,0.0,0.0,7.803296,8.555811,7.398027,,9.314309,0.05,463808540.0,23843.45,,,,,0,Tuesday
NIFTY_WEEK,2026-06-23,23950,PE,2,45.0,15:29,0.0,3.224999999999999,101.15,15.027187345526434,94.9579831932773,3.6214285714285706,53109485.0,-9920365.0,0.0,7.953568357695615,9.888220120378332,1.460714285714285,5484700.0,-1081990.0,0.0,,,,,,,0.04999999999999716,0.01550387596899137,7.330722,0.0,0.0,,0.0,125.55,180520015.0,23843.45,,,,,0,Tuesday
NIFTY_WEEK,2026-06-23,23850,SYNTH,0,,15:29,,,,,,,,,,,,,,,,,,,,,,,,,,,,,,,23843.45,6.25,28.950000000000728,-9.0,-31.700000000000728,0,Tuesday
NIFTY_WEEK,2026-06-24,24000,CE,-1,20.0,15:29,0.0,,161.35,-3.160830492717691,8.645801053610176,1.6833333333333418,3647540.0,-47450.0,0.25213600000000014,0.9382566585956486,9.503631961259092,1.9374999999999953,6205160.0,-571025.0,0.37069800000000086,,,,,,,,,10.233233,10.233233,10.671135,,11.041833,166.75,9852700.0,24043.5,,,,,0,Wednesday
NIFTY_WEEK,2026-06-24,24000,PE,-1,20.0,15:29,0.0,,123.55,-0.08093889113718682,5.544314042897608,1.4499999999999982,5171920.0,-789295.0,-0.5115639999999999,-6.177105831533482,12.526997840172786,1.7875000000000014,7539025.0,-1093535.0,-0.7526410000000006,,,,,,,,,12.178465,12.178465,11.464273,,10.711632,108.6,12710945.0,24043.5,,,,,0,Wednesday
NIFTY_WEEK,2026-06-24,24050,CE,0,45.0,15:29,0.0,2.6107142857142804,146.2,-11.18331053351573,15.800273597811216,2.2464285714285728,6116110.0,121875.0,0.2512369999999997,-7.14046262152196,14.146832048273565,2.5249999999999995,5485090.0,-740220.0,-0.0882890000000014,,,,,,,2.0500000000000114,0.7852257181942603,10.196675,10.216581,10.989147,,10.900858,138.5,17189185.0,24043.5,,,,,0,Wednesday
NIFTY_WEEK,2026-06-24,24050,PE,0,45.0,15:29,0.0,2.5821428571428617,139.3,5.635319454414927,13.639626704953336,1.6964285714285734,7485400.0,-369330.0,-0.7871849999999991,4.092173222089794,20.50059594755661,2.7964285714285717,4375215.0,-567255.0,-0.2811450000000004,,,,,,,0.5999999999999943,0.23236514522821317,12.704483,12.43915,10.91501,,10.633865,131.0,16553680.0,24043.5,,,,,0,Wednesday
NIFTY_WEEK,2026-06-24,24100,CE,1,45.0,15:29,0.0,2.442857142857143,121.15,-11.968633924886504,17.375154766818,2.2285714285714278,7643025.0,-95550.0,0.21850499999999862,-7.3787199347737555,15.450468813697514,2.0821428571428595,7683585.0,-105885.0,-0.04567399999999999,,,,,,,2.200000000000003,0.9005847953216385,10.214523,10.246403,10.842414,,10.79674,113.6,22513920.0,24043.5,,,,,0,Wednesday
NIFTY_WEEK,2026-06-24,24100,PE,1,45.0,15:29,0.0,2.8499999999999965,164.3,5.4169202678027855,13.32927571515519,1.7571428571428547,5477160.0,-428285.0,-0.8611509999999996,3.861517976031965,19.673768308921446,2.88571428571428,3355300.0,-364585.0,-0.3167460000000002,,,,,,,0.25,0.08771929824561414,12.653591,12.468929,10.8431,,10.526354,156.0,12871755.0,24043.5,,,,,0,Wednesday
NIFTY_WEEK,2026-06-24,24150,CE,2,45.0,15:29,0.0,2.0642857142857145,99.4,-13.279678068410464,18.86317907444668,1.9499999999999997,3782740.0,12610.0,0.1480359999999994,-8.730158730158728,16.319444444444432,1.7642857142857145,3375970.0,-387725.0,-0.11341900000000038,,,,,,,1.75,0.847750865051903,10.282436,10.295209,10.835673,,10.722254,92.0,10298665.0,24043.5,,,,,0,Wednesday
NIFTY_WEEK,2026-06-24,24150,PE,2,45.0,15:29,0.0,3.1571428571428544,192.15,5.750715586781151,13.66120218579235,2.1107142857142924,1092780.0,-111085.0,-0.8585010000000004,4.242081447963801,17.87330316742081,3.307142857142854,699205.0,-149565.0,-0.27449499999999993,,,,,,,0.09999999999999432,0.03167420814479461,12.756037,12.525077,10.716626,,10.442131,184.3,2768545.0,24043.5,,,,,0,Wednesday
NIFTY_WEEK,2026-06-24,24050,SYNTH,0,,15:29,,,,,,,,,,,,,,,,,,,,,,,,,,,,,,,24043.5,42.0,44.349999999998545,-15.799999999999272,-18.149999999997817,0,Wednesday
NIFTY_WEEK,2026-06-25,24050,CE,0,31.0,15:29,0.0,,125.5,6.892430278884467,16.494023904382473,2.203571428571426,4422665.0,208520.0,1.066796,-1.8244013683010303,12.466742683390349,1.7071428571428555,3835780.0,50700.0,-0.44552199999999864,,,,,,,,,8.217862,8.746827,9.982024,,9.536502,129.15,8411130.0,24061.85,,,,,0,Thursday
NIFTY_WEEK,2026-06-25,24050,PE,0,31.0,15:29,0.0,,87.7,-5.872291904218934,19.89737742303307,1.8964285714285722,8728330.0,-237380.0,-0.6712389999999999,-2.0697811945594324,8.51567120047308,0.8892857142857155,5080270.0,-684385.0,0.05024599999999957,,,,,,,,,10.046127,9.507514,8.696744,,8.74699,82.8,14137825.0,24061.85,,,,,0,Thursday
NIFTY_WEEK,2026-06-25,24100,CE,1,45.0,15:29,0.0,2.007142857142856,99.2,7.409274193548381,18.04435483870967,1.7964285714285697,11076975.0,-264030.0,0.9007329999999989,-1.9258545979778527,14.106884930187762,1.4428571428571442,9262695.0,-709670.0,-0.3762850000000011,,,,,,,0.9500000000000028,0.473309608540927,7.821824,8.768468,9.777774,,9.401489,101.85,30469660.0,24061.85,,,,,0,Thursday
NIFTY_WEEK,2026-06-25,24100,PE,1,45.0,15:29,0.0,2.89642857142857,110.75,-7.042889390519186,18.871331828442443,2.2285714285714286,11867700.0,-503815.0,-0.9309250000000002,-1.4111006585136407,8.842897460018806,1.1571428571428584,7274085.0,-1074905.0,0.1064879999999988,,,,,,,0.10000000000000853,0.034525277435268065,10.530065,9.466458,8.458564,,8.565052,104.8,29567915.0,24061.85,,,,,0,Thursday
NIFTY_WEEK,2026-06-25,24150,CE,2,45.0,15:29,0.0,1.6892857142857147,75.95,7.768268597761673,18.630678077682674,1.5357142857142867,5676645.0,-519740.0,0.7517300000000002,-1.8856065367693275,15.210559396605904,1.1928571428571442,5217875.0,-738010.0,-0.3090300000000017,,,,,,,0.9500000000000028,0.5623678646934476,7.954473,8.713294,9.559361,,9.250331,78.05,15968485.0,24061.85,,,,,0,Thursday
NIFTY_WEEK,2026-06-25,24150,PE,2,45.0,15:29,0.0,3.1857142857142873,138.65,-7.068157230436358,16.696718355571587,2.5428571428571405,4112420.0,-410410.0,-1.170701000000001,-0.868908197959959,8.877975066112581,1.3535714285714298,2564315.0,-527540.0,0.17862699999999876,,,,,,,0.3499999999999943,0.1098654708520161,10.684564,9.533241,8.235893,,8.41452,131.2,10609755.0,24061.85,,,,,0,Thursday
NIFTY_WEEK,2026-06-25,24050,SYNTH,0,,15:29,,,,,,,,,,,,,,,,,,,,,,,,,,,,,,,24061.85,49.150000000001455,43.39999999999782,-0.6500000000014552,5.100000000002183,0,Thursday
NIFTY_WEEK,2026-06-29,23950,CE,-1,41.0,15:26,0.0,4.2607142857142835,92.45,-10.329908058409949,31.692806922660893,2.6500000000000026,21591050.0,11765.0,-0.6375489999999999,6.380368098159512,15.582822085889573,2.21818181818182,12120030.0,-1936870.0,-0.9448679999999996,,,,,,,,,15.670012,15.410642,15.125579,,14.180711,86.7,49891400.0,23977.6,,,,,0,Monday
NIFTY_WEEK,2026-06-29,23950,PE,-1,41.0,15:26,0.0,3.7392857142857117,72.45,1.0351966873706004,32.22912353347136,3.065384615384615,29133130.0,16965.0,-0.7767750000000007,-13.675783855903935,19.212808539026014,2.2500000000000013,14651650.0,-1263340.0,0.028401999999999816,,,,,,,,,14.686403,14.046561,12.982015,,13.010417,64.7,71205680.0,23977.6,,,,,0,Monday
NIFTY_WEEK,2026-06-29,24000,CE,0,45.0,15:29,0.0,3.3464285714285738,77.35,-22.042663219133807,39.30187459599225,2.5607142857142855,45531720.0,-1068975.0,-0.2720960000000012,3.2554257095158645,16.69449081803005,1.6892857142857127,28197845.0,-4116060.0,-2.900613,,,,,,,2.6000000000000014,0.7769477054429028,15.573581,15.0507,15.209749,,12.309136,61.85,101704200.0,23977.6,,,,,0,Monday
NIFTY_WEEK,2026-06-29,24000,PE,0,45.0,15:29,0.0,4.803571428571429,82.0,21.89024390243903,68.65853658536585,4.625000000000001,33606365.0,-834865.0,-0.23080200000000062,-10.78817733990148,18.866995073891616,2.7821428571428553,17004260.0,-1546645.0,2.4309069999999995,,,,,,,3.25,0.6765799256505576,14.548729,13.342732,12.637066,,15.067973,90.55,72799545.0,23977.6,,,,,0,Monday
NIFTY_WEEK,2026-06-29,24050,CE,1,45.0,15:29,0.0,2.646428571428571,55.3,-23.508137432188068,40.50632911392405,1.9071428571428564,26237120.0,-1927705.0,-0.12727500000000092,2.843601895734587,18.83886255924171,1.4428571428571406,16997435.0,-3247530.0,-2.477010999999999,,,,,,,2.8999999999999986,1.0958164642375166,15.502534,14.898915,15.181569,,12.704558,43.4,56812665.0,23977.6,,,,,0,Monday
NIFTY_WEEK,2026-06-29,24050,PE,1,45.0,15:29,0.0,5.55,111.1,19.62196219621963,59.67596759675969,5.164285714285713,9380345.0,-452075.0,-0.19038699999999942,-9.785819793205317,16.100443131462338,3.1892857142857167,4319900.0,-922610.0,2.955482999999999,,,,,,,3.3500000000000085,0.6036036036036052,14.412719,13.324738,12.658051,,15.613534,122.15,19645860.0,23977.6,,,,,0,Monday
NIFTY_WEEK,2026-06-29,24100,CE,2,45.0,15:29,0.0,1.8357142857142859,39.85,-25.09410288582183,41.40526976160602,1.3500000000000003,35198280.0,-1190670.0,-0.09689799999999948,-1.1608623548921986,20.729684908789377,1.1035714285714295,26318435.0,-4748055.0,-2.4027010000000004,,,,,,,2.5500000000000007,1.389105058365759,15.68782,15.154672,15.502305,,13.099604,29.8,79630785.0,23977.6,,,,,0,Monday
NIFTY_WEEK,2026-06-29,24100,PE,2,45.0,15:29,0.0,5.717857142857143,144.15,17.58584807492195,49.774540409295874,5.932142857142856,8690240.0,-571805.0,-0.16837499999999928,-8.272859216255442,13.730043541364283,3.3321428571428595,4299295.0,-797290.0,3.9831259999999986,,,,,,,3.8000000000000114,0.6645846346033748,14.336995,13.080867,12.226596,,16.209722,158.0,18666245.0,23977.6,,,,,0,Monday
NIFTY_WEEK,2026-06-29,24000,SYNTH,0,,15:29,,,,,,,,,,,,,,,,,,,,,,,,,,,,,,,23977.6,21.900000000001455,-7.200000000000728,12.899999999997817,42.0,0,Monday
NIFTY_WEEK,2026-06-30,23850,CE,0,19.0,15:18,0.0,,16.7,-4.491017964071856,323.9520958083832,4.303571428571429,289225820.0,10228920.0,-5.509881,-26.70025188916877,36.020151133501265,1.900000000000001,34611850.0,-570375.0,-159.851145,,,,,,,,,5.509881,5.509881,159.851145,,0.0,14.55,323837670.0,23854.0,,,,,0,Tuesday
NIFTY_WEEK,2026-06-30,23850,PE,0,19.0,15:18,0.0,,14.6,-95.54794520547945,190.06849315068493,3.7178571428571425,528163350.0,12331735.0,-4.813193,-33.33333333333333,183.33333333333331,0.033333333333333326,50264110.0,-878540.0,-0.29463399999999984,,,,,,,,,6.944168,6.944168,2.379482,,2.084848,0.2,578427460.0,23854.0,,,,,0,Tuesday
NIFTY_WEEK,2026-06-30,23900,CE,1,32.0,15:29,0.0,,1.75,-85.71428571428571,1002.8571428571429,0.20714285714285707,290961580.0,2971670.0,-2.629584,-66.66666666666667,133.33333333333334,0.02857142857142857,61107345.0,-7331870.0,-2.238813,,,,,,,,,6.906262,5.647995,2.238813,,0.0,0.05,397225140.0,23854.0,,,,,0,Tuesday
NIFTY_WEEK,2026-06-30,23900,PE,1,32.0,15:29,0.0,,47.7,-26.834381551362693,115.40880503144653,8.950000000000001,196814995.0,-7624955.0,-2.55126,11.419249592169658,23.16476345840131,1.1714285714285708,50018930.0,-5975060.0,12.317054000000002,,,,,,,,,7.184086,6.864713,5.714007,,18.031061,34.15,341320005.0,23854.0,,,,,0,Tuesday
NIFTY_WEEK,2026-06-30,23950,CE,2,45.0,15:29,0.0,2.6999999999999997,0.65,-76.92307692307692,653.8461538461538,0.07142857142857144,130506090.0,-16647735.0,-2.1550829999999994,-75.0,75.0,0.03214285714285713,20964645.0,-6811285.0,-3.5499620000000003,,,,,,,0.0,0.0,9.109293,8.184785,5.78526,,2.235298,0.05,375990355.0,23854.0,,,,,0,Tuesday
NIFTY_WEEK,2026-06-30,23950,PE,2,45.0,15:29,0.0,4.957142857142857,96.45,-11.3011923276309,72.93934681181959,7.442857142857144,47546590.0,-6242730.0,-0.9102499999999996,2.9375764993879945,8.38433292533659,1.0428571428571394,9742460.0,-1602185.0,16.292998000000004,,,,,,,1.3999999999999915,0.2824207492795372,5.97671,10.361085,11.970244,,28.263242,84.1,215542535.0,23854.0,,,,,0,Tuesday
NIFTY_WEEK,2026-06-30,23850,SYNTH,0,,15:18,,,,,,,,,,,,,,,,,,,,,,,,,,,,,,,23854.0,-2.850000000002183,-6.400000000001455,-5.200000000000728,-1.6500000000014552,0,Tuesday
NIFTY_WEEK,2026-07-01,24000,CE,0,42.0,15:29,0.0,2.0954545454545466,165.25,-2.3298033282904655,16.732223903177008,1.6821428571428558,9907690.0,15535.0,0.33415500000000087,-8.282950423216455,9.733978234582827,1.8714285714285726,7357285.0,-380120.0,-0.2827900000000003,,,,,,,0.0,0.0,10.868523,10.850249,11.502492,,11.219702,151.7,22615905.0,24020.0,,,,,0,Wednesday
NIFTY_WEEK,2026-07-01,24000,PE,0,42.0,15:29,0.0,1.8136363636363653,132.1,-0.037850113550327746,15.21574564723694,1.624999999999998,13049790.0,-495885.0,-0.497128,1.6431924882629174,6.729264475743345,1.5928571428571467,10045815.0,-1593215.0,-0.5155250000000002,,,,,,,3.5,1.929824561403507,13.153198,13.026882,12.190811,,11.675286,129.9,29484000.0,24020.0,,,,,0,Wednesday
NIFTY_WEEK,2026-07-01,24050,CE,1,45.0,15:29,0.0,2.032142857142856,140.05,-2.9275258836130114,17.81506604784007,1.5142857142857136,6178055.0,-147095.0,0.2440269999999991,-8.652127279227741,10.904540579192002,1.835714285714287,4098900.0,-551720.0,-0.23678500000000113,,,,,,,1.5999999999999943,0.7873462214411223,10.980153,10.986458,11.538541,,11.301756,127.75,14810575.0,24020.0,,,,,0,Wednesday
NIFTY_WEEK,2026-07-01,24050,PE,1,45.0,15:29,0.0,2.382142857142863,155.4,0.06435006435006069,14.864864864864861,1.7071428571428615,5189340.0,-231400.0,-0.5365980000000015,1.3553719008264538,6.2809917355371905,1.789285714285715,3552380.0,-491855.0,-0.5992510000000006,,,,,,,3.6999999999999886,1.5532233883058386,13.137328,13.01776,12.146051,,11.5468,153.3,12387115.0,24020.0,,,,,0,Wednesday
NIFTY_WEEK,2026-07-01,24100,CE,2,45.0,15:29,0.0,1.8321428571428555,116.0,-3.103448275862064,19.65517241379311,1.3071428571428558,5879055.0,-180830.0,0.22122300000000017,-9.482758620689655,12.068965517241379,1.578571428571428,4674475.0,-759980.0,-0.23653300000000144,,,,,,,1.0,0.545808966861599,11.035147,10.975812,11.484896,,11.248363,105.0,14551225.0,24020.0,,,,,0,Wednesday
NIFTY_WEEK,2026-07-01,24100,PE,2,45.0,15:29,0.0,2.739285714285718,181.95,0.027480076944221693,14.234679857103604,1.6749999999999992,2962960.0,-209885.0,-0.6010770000000001,2.317693612210285,5.794234030525721,1.7999999999999972,2104830.0,-596115.0,-0.5219729999999991,,,,,,,3.0,1.0951760104302464,13.191009,13.072118,12.064124,,11.542151,181.0,6910995.0,24020.0,,,,,0,Wednesday
NIFTY_WEEK,2026-07-01,24000,SYNTH,0,,15:29,,,,,,,,,,,,,,,,,,,,,,,,,,,,,,,24020.0,31.099999999998545,33.849999999998545,-15.799999999999272,-18.549999999999272,0,Wednesday
NIFTY_WEEK,2026-07-02,24150,CE,-1,20.0,15:29,0.0,,137.15,-2.406124681006206,6.306963179001097,2.9800000000000066,1975025.0,-246805.0,-0.3486430000000009,2.1895054737636888,8.003020007550026,1.7846153846153816,4357600.0,-539825.0,0.6743579999999998,,,,,,,,,9.549832,9.549832,8.939352,,9.61371,135.35,6332625.0,24175.95,,,,,0,Thursday
NIFTY_WEEK,2026-07-02,24150,PE,-1,20.0,15:29,0.0,,94.15,-1.5400955921402046,5.310674455655868,1.3500000000000028,2488395.0,-65975.0,-0.08357499999999973,-2.1586616297895302,7.879114948731783,1.4846153846153833,6885970.0,-1612065.0,-0.46175799999999967,,,,,,,,,10.563037,10.563037,10.576756,,10.114998,90.65,9374365.0,24175.95,,,,,0,Thursday
NIFTY_WEEK,2026-07-02,24200,CE,0,45.0,15:29,0.0,1.682142857142857,112.0,-3.303571428571431,13.348214285714288,2.642857142857142,9516455.0,48100.0,-0.34074200000000054,2.1398002853067046,9.082263433190677,1.6749999999999992,8759985.0,-201695.0,0.5512699999999988,,,,,,,1.4000000000000057,0.8322717622080714,9.525437,9.490892,8.951947,,9.503217,107.4,29026855.0,24175.95,,,,,0,Thursday
NIFTY_WEEK,2026-07-02,24200,PE,0,45.0,15:29,0.0,1.357142857142858,114.8,-0.914634146341461,7.142857142857145,1.682142857142855,7394660.0,-405925.0,-0.06192600000000148,-1.3472403302911753,6.301607996523251,1.4750000000000014,8096595.0,-1049815.0,-0.45915899999999965,,,,,,,0.5,0.3684210526315787,10.836452,10.553577,10.532028,,10.072869,113.5,22848215.0,24175.95,,,,,0,Thursday
NIFTY_WEEK,2026-07-02,24250,CE,1,45.0,15:29,0.0,1.4178571428571434,86.8,-3.3986175115207407,16.013824884792633,2.317857142857143,4115670.0,-102180.0,-0.27408199999999994,2.959309494451302,10.604192355117133,1.5071428571428567,3843775.0,-288665.0,0.520268999999999,,,,,,,1.5999999999999943,1.1284634760705246,9.414869,9.356124,8.90516,,9.425429,83.5,12118340.0,24175.95,,,,,0,Thursday
NIFTY_WEEK,2026-07-02,24250,PE,1,45.0,15:29,0.0,1.5142857142857136,139.1,0.1437814521926794,7.225017972681533,1.942857142857136,1557855.0,-80275.0,0.05181999999999931,-0.21291696238467803,6.068133427963102,1.5142857142857136,1531920.0,-300755.0,-0.3988979999999991,,,,,,,0.25,0.16509433962264158,10.763809,10.389948,10.498764,,10.099866,140.6,4540445.0,24175.95,,,,,0,Thursday
NIFTY_WEEK,2026-07-02,24300,CE,2,45.0,15:29,0.0,1.1571428571428584,65.6,-3.2012195121951135,15.853658536585375,1.9000000000000006,5902390.0,45760.0,-0.20482400000000034,2.7777777777777706,11.928104575163394,1.1357142857142866,5772520.0,-113165.0,0.42738600000000027,,,,,,,1.1499999999999986,0.9938271604938249,9.301696,9.242981,8.881995,,9.309381,62.9,16982160.0,24175.95,,,,,0,Thursday
NIFTY_WEEK,2026-07-02,24300,PE,2,45.0,15:29,0.0,1.8428571428571456,168.6,-0.029655990510072925,6.820877817319099,2.2321428571428634,1540630.0,-142155.0,0.03317800000000126,-1.6393442622950885,5.679156908665099,1.8285714285714303,1400230.0,-299000.0,-0.6980310000000003,,,,,,,1.4499999999999886,0.7868217054263492,10.714466,10.392017,10.53384,,9.835809,168.0,4313335.0,24175.95,,,,,0,Thursday
NIFTY_WEEK,2026-07-02,24200,SYNTH,0,,15:29,,,,,,,,,,,,,,,,,,,,,,,,,,,,,,,24175.95,15.349999999998545,26.700000000000728,3.8000000000029104,-7.549999999999272,0,Thursday
NIFTY_WEEK,2026-07-03,24250,CE,0,35.0,15:29,0.0,2.1500000000000004,108.55,-1.9345923537540253,12.759097190234924,0.9800000000000011,6754020.0,-776230.0,-0.35232499999999956,-0.3426333822809677,10.327949094468915,1.4250000000000003,8133190.0,-1326130.0,-0.20741600000000027,,,,,,,3.549999999999997,1.651162790697673,8.341384,8.215081,7.666013,,7.458597,101.8,24727560.0,24269.55,,,,,0,Friday
NIFTY_WEEK,2026-07-03,24250,PE,0,35.0,15:29,0.0,2.0384615384615383,82.55,-6.662628709872805,19.806178073894603,1.6600000000000024,9472775.0,-420550.0,-0.43376899999999985,-11.146095717884142,17.4433249370277,1.4964285714285697,12634830.0,-2295735.0,-0.7515239999999999,,,,,,,0.4000000000000057,0.19622641509434244,10.721298,10.248823,9.883521,,9.131997,70.55,41410785.0,24269.55,,,,,0,Friday
NIFTY_WEEK,2026-07-03,24300,CE,1,45.0,15:29,0.0,2.1678571428571436,82.05,-2.925045703839112,15.11273613650214,1.9285714285714317,31306795.0,-1948570.0,-0.3481899999999998,-1.3788575180564824,11.753118844386082,1.2749999999999997,20878715.0,-5662540.0,-0.23974199999999968,,,,,,,3.6500000000000057,1.6836902800659,8.400251,8.255028,7.755608,,7.515866,75.1,75860655.0,24269.55,,,,,0,Friday
NIFTY_WEEK,2026-07-03,24300,PE,1,45.0,15:29,0.0,2.7964285714285717,106.2,-5.8380414312617726,18.361581920903955,2.1571428571428553,25194715.0,-1018485.0,-0.47560499999999983,-9.376510391493477,14.74142097631706,1.7642857142857145,17323410.0,-3471130.0,-0.7965550000000015,,,,,,,0.9000000000000057,0.3218390804597721,10.707196,10.26765,9.936844,,9.140289,93.75,67931175.0,24269.55,,,,,0,Friday
NIFTY_WEEK,2026-07-03,24350,CE,2,45.0,15:29,0.0,1.746428571428572,59.7,-3.93634840871022,17.001675041876055,1.6892857142857143,16466450.0,-1376440.0,-0.33030699999999946,-0.91324200913242,14.429223744292248,1.0214285714285711,13784680.0,-3593070.0,-0.16201500000000024,,,,,,,2.549999999999997,1.4601226993865009,8.437032,8.238441,7.803731,,7.641716,54.25,43155905.0,24269.55,,,,,0,Friday
NIFTY_WEEK,2026-07-03,24350,PE,2,45.0,15:29,0.0,3.1892857142857127,134.4,-5.096726190476197,16.33184523809525,2.4178571428571436,7149675.0,-627770.0,-0.5312999999999999,-8.305020762551896,12.344280860702149,1.9214285714285688,5162625.0,-1410760.0,-0.9219460000000002,,,,,,,0.7000000000000028,0.21948488241881398,10.794895,10.36257,10.093997,,9.172051,121.45,21163480.0,24269.55,,,,,0,Friday
NIFTY_WEEK,2026-07-03,24250,SYNTH,0,,15:29,,,,,,,,,,,,,,,,,,,,,,,,,,,,,,,24269.55,4.599999999998545,10.049999999999272,8.5,3.0499999999992724,0,Friday
NIFTY_WEEK,2026-07-06,24400,CE,0,20.0,15:29,0.0,2.3321428571428586,68.25,-6.5201465201465245,15.457875457875454,1.8166666666666675,17283760.0,-171275.0,-0.7765009999999997,,,,,,,,,,,,,,,10.829664,10.110273,10.182809,,10.182809,68.65,66356940.0,24422.9,,,,,0,Monday
NIFTY_WEEK,2026-07-06,24400,PE,0,20.0,15:29,0.0,2.1500000000000017,53.0,6.132075471698113,21.603773584905653,1.4499999999999982,14073995.0,-119275.0,0.5811720000000005,,,,,,,,,,,,,,,13.6068,12.978271,12.56739,,12.56739,49.9,65699465.0,24422.9,,,,,0,Monday
NIFTY_WEEK,2026-07-06,24450,CE,1,45.0,15:29,0.0,1.764285714285713,43.9,1.1389521640091116,28.01822323462414,1.2142857142857142,42756155.0,-1431365.0,-1.1361240000000006,5.6737588652482405,8.747044917257673,0.4285714285714296,25699180.0,-2761005.0,1.409516,,,,,,,1.1000000000000014,0.6234817813765196,10.953808,10.367126,9.139711,,10.549227,44.7,99526570.0,24422.9,,,,,0,Monday
NIFTY_WEEK,2026-07-06,24450,PE,1,45.0,15:29,0.0,2.789285714285716,78.9,-7.287705956907478,31.622306717363756,1.8821428571428547,20210905.0,530465.0,0.4113989999999994,-4.0540540540540615,7.5289575289575215,0.625000000000002,13266955.0,-2712385.0,-1.5887879999999992,,,,,,,0.29999999999999716,0.10755441741357126,13.807891,13.25183,14.213303,,12.624515,74.55,53613820.0,24422.9,,,,,0,Monday
NIFTY_WEEK,2026-07-06,24500,CE,2,45.0,15:29,0.0,1.2249999999999999,26.75,-0.7476635514018665,29.532710280373827,0.7785714285714282,41066285.0,-1356875.0,-0.9766680000000001,6.534653465346529,11.485148514851481,0.31071428571428533,27644890.0,-3605745.0,1.0951769999999996,,,,,,,0.8499999999999979,0.6938775510204065,11.05629,10.637143,9.61941,,10.714587,26.9,102305255.0,24422.9,,,,,0,Monday
NIFTY_WEEK,2026-07-06,24500,PE,2,45.0,15:29,0.0,3.0464285714285717,111.85,-5.2302190433616405,25.43585158694681,2.296428571428574,11966110.0,-366470.0,0.721957999999999,-3.2882882882882933,6.216216216216221,0.6392857142857155,7621055.0,-1942330.0,-2.0078300000000002,,,,,,,0.4000000000000057,0.13130128956623865,14.333828,13.818943,15.136907,,13.129077,107.35,33544550.0,24422.9,,,,,0,Monday
NIFTY_WEEK,2026-07-06,24400,SYNTH,0,,15:29,,,,,,,,,,,,,,,,,,,,,,,,,,,,,,,24422.9,-5.200000000000728,-5.200000000000728,,,0,Monday
NIFTY_WEEK,2026-07-07,24350,CE,-2,8.0,15:29,0.0,,46.9,,,,,,,3.837953091684444,6.8230277185501125,0.585714285714288,13949455.0,-881400.0,-101.514502,,,,,,,,,101.514502,101.514502,101.514502,,0.0,48.7,13949455.0,24437.5,,,,,0,Tuesday
NIFTY_WEEK,2026-07-07,24350,PE,-2,8.0,15:29,0.0,,0.1,,,,,,,-50.0,100.0,0.021428571428571432,36293725.0,-5019690.0,-11.563616,,,,,,,,,11.563616,11.563616,11.563616,,0.0,0.05,36293725.0,24437.5,,,,,0,Tuesday
NIFTY_WEEK,2026-07-07,24400,CE,-1,26.0,15:29,0.0,,21.15,-71.39479905437352,118.91252955082743,2.4699999999999998,327984605.0,15973880.0,0.36681600000000003,-99.41176470588233,112.35294117647058,0.8464285714285715,431799290.0,-6491420.0,-16.198346,,,,,,,,,12.597088,12.597088,16.198346,,0.0,0.05,759783895.0,24437.5,,,,,0,Tuesday
NIFTY_WEEK,2026-07-07,24400,PE,-1,26.0,15:29,0.0,,5.35,-57.943925233644855,141.12149532710282,1.2799999999999998,655126940.0,1333475.0,-15.252823,-3.333333333333336,263.3333333333333,0.8535714285714285,504291970.0,-20511855.0,-3.653453,,,,,,,,,17.987163,17.987163,3.653453,,0.0,1.45,1159418910.0,24437.5,,,,,0,Tuesday
NIFTY_WEEK,2026-07-07,24450,CE,0,45.0,15:29,0.0,2.0500000000000003,2.25,-93.33333333333333,697.7777777777778,0.17857142857142855,397058285.0,-7125495.0,9.381445,-66.66666666666667,66.66666666666667,0.007142857142857143,50059880.0,-10536305.0,-18.585583,,,,,,,0.0,0.0,10.505914,9.239735,18.585583,,0.0,0.05,662923300.0,24437.5,,,,,0,Tuesday
NIFTY_WEEK,2026-07-07,24450,PE,0,45.0,15:29,0.0,1.2678571428571428,19.4,137.6288659793815,245.10309278350516,4.764285714285713,348455900.0,-27271595.0,-16.893369,19.324796274738063,27.12456344586728,1.6000000000000014,46922915.0,-5525455.0,0.0,,,,,,,0.20000000000000284,0.1577464788732417,17.586044,16.893369,0.0,,0.0,51.25,666048305.0,24437.5,,,,,0,Tuesday
NIFTY_WEEK,2026-07-07,24500,CE,1,45.0,15:29,0.0,0.5035714285714287,0.4,-87.5,600.0,0.05357142857142857,177058570.0,-27140100.0,11.086532000000002,0.0,100.0,0.0071428571428571435,25111450.0,-8030230.0,-29.904476,,,,,,,0.0,0.0,15.900865,18.362347,29.904476,,0.0,0.05,432584425.0,24437.5,,,,,0,Tuesday
NIFTY_WEEK,2026-07-07,24500,PE,1,45.0,15:29,0.0,2.646428571428572,68.25,40.805860805860796,88.79120879120877,4.739285714285714,79185470.0,-7766655.0,-35.847817,8.953613807982737,12.783171521035609,1.52857142857143,11531910.0,-1582685.0,0.0,,,,,,,0.4000000000000057,0.1511470985155217,25.071033,35.847817,0.0,,0.0,101.0,162917885.0,24437.5,,,,,0,Tuesday
NIFTY_WEEK,2026-07-07,24550,CE,2,45.0,15:29,0.0,0.08214285714285714,0.25,-80.0,180.0,0.03571428571428571,39904735.0,-7437560.0,14.078979999999998,-50.0,50.0,0.010714285714285716,10598315.0,-3984565.0,-46.328648,,,,,,,0.0,0.0,21.371172,28.079519,46.328648,,0.0,0.05,121855890.0,24437.5,,,,,0,Tuesday
NIFTY_WEEK,2026-07-07,24550,PE,2,45.0,15:29,0.0,3.035714285714287,117.3,24.42455242966751,52.89855072463768,4.8178571428571475,13413205.0,-824720.0,-50.55646,6.087262491203382,8.44475721323012,1.6464285714285782,2427165.0,-405145.0,0.0,,,,,,,0.75,0.24705882352941166,37.711575,50.55646,0.0,,0.0,150.75,28698215.0,24437.5,,,,,0,Tuesday
NIFTY_WEEK,2026-07-07,24450,SYNTH,0,,15:29,,,,,,,,,,,,,,,,,,,,,,,,,,,,,,,24437.5,6.549999999999272,45.099999999998545,-8.400000000001455,-46.95000000000073,0,Tuesday
NIFTY_WEEK,2026-07-08,23850,CE,0,26.0,15:13,0.0,3.8999999999999977,203.9,-1.2260912211868562,9.833251593918593,4.0300000000000065,3459235.0,18525.0,-0.23772299999999902,,,,,,,,,,,,,,,14.657547,14.075458,,,13.837735,201.4,7332585.0,23871.25,,,,,0,Wednesday
NIFTY_WEEK,2026-07-08,23850,PE,0,26.0,15:13,0.0,5.014285714285713,181.8,-2.722772277227732,16.969196919691967,5.415000000000001,4309370.0,131105.0,-0.3624159999999996,,,,,,,,,,,,,,,17.210209,17.24925,,,16.886834,176.85,12040665.0,23871.25,,,,,0,Wednesday
NIFTY_WEEK,2026-07-08,23900,CE,1,45.0,15:29,0.0,3.45357142857143,177.95,0.7305422871593209,10.087103118853605,3.299999999999995,6734130.0,-258440.0,-0.39397099999999874,-9.247311827956983,12.284946236559138,3.4785714285714278,6839625.0,-499005.0,-1.1872760000000007,,,,,,,4.099999999999994,1.1871768355739378,14.694111,14.113978,13.524336,,12.33706,168.8,19140745.0,23871.25,,,,,0,Wednesday
NIFTY_WEEK,2026-07-08,23900,PE,1,45.0,15:29,0.0,5.457142857142862,206.2,-5.504364694471385,17.361784675072737,5.032142857142858,5906095.0,63440.0,-0.4394999999999989,9.296004349007896,13.971187822777924,4.1214285714285745,6806085.0,5850.0,1.2304819999999985,,,,,,,0.04999999999998295,0.009162303664918334,17.161594,17.295163,16.625682,,17.856164,201.05,19763900.0,23871.25,,,,,0,Wednesday
NIFTY_WEEK,2026-07-08,23950,CE,2,45.0,15:29,0.0,3.2750000000000017,153.55,0.879192445457502,10.680560078150425,2.9535714285714283,2376595.0,-148915.0,-0.3443429999999985,-9.360374414976599,12.85491419656786,3.17142857142857,2724280.0,-405665.0,-1.0212509999999995,,,,,,,3.75,1.1450381679389308,14.656511,14.091031,13.503867,,12.482616,145.25,7303140.0,23871.25,,,,,0,Wednesday
NIFTY_WEEK,2026-07-08,23950,PE,2,45.0,15:29,0.0,6.18214285714286,231.65,-5.0723073602417434,16.74940643211741,5.439285714285717,1380340.0,-51155.0,-0.4349759999999989,9.597893729056956,13.54715174724749,4.239285714285714,1511380.0,-97305.0,1.4529110000000003,,,,,,,1.8499999999999943,0.2992489890236847,17.23342,17.273282,16.655048,,18.107959,228.95,4568265.0,23871.25,,,,,0,Wednesday
NIFTY_WEEK,2026-07-08,23850,SYNTH,0,,15:13,,,,,,,,,,,,,,,,,,,,,,,,,,,,,,,23871.25,,2.349999999998545,,,0,Wednesday
NIFTY_WEEK,2026-07-09,23950,CE,-1,22.0,15:25,0.0,,145.0,-8.96551724137931,16.655172413793107,3.8999999999999972,3520920.0,500305.0,0.24243200000000087,8.975791433892,17.541899441340767,2.1449999999999987,3278600.0,-136500.0,-0.16520599999999952,,,,,,,,,10.483189,10.483189,10.61713,,10.451924,146.3,6799520.0,23998.85,,,,,0,Thursday
NIFTY_WEEK,2026-07-09,23950,PE,-1,22.0,15:25,0.0,,129.0,13.139534883720922,28.217054263565895,5.905000000000001,8199100.0,21450.0,0.368977000000001,-11.75642379443859,21.928898275255193,3.2799999999999985,3699540.0,-338000.0,-0.47574800000000117,,,,,,,,,13.699701,13.699701,13.991509,,13.515761,125.35,11898640.0,23998.85,,,,,0,Thursday
NIFTY_WEEK,2026-07-09,24000,CE,0,35.0,15:29,0.0,2.075000000000003,134.55,-19.397993311036796,36.26904496469712,3.692857142857143,14219985.0,975000.0,0.3201419999999988,9.267631103074141,17.857142857142858,1.8678571428571433,10584860.0,-10010.0,-0.6297180000000004,,,,,,,1.1500000000000057,0.5542168674698815,10.523041,10.511675,10.752756,,10.123038,120.85,26271765.0,23998.85,,,,,0,Thursday
NIFTY_WEEK,2026-07-09,24000,PE,0,35.0,15:29,0.0,2.9374999999999964,131.15,31.605032405642387,51.84902783072818,6.596428571428569,23026835.0,-2332655.0,1.1396569999999997,-10.895522388059701,20.835820895522392,2.460714285714285,7720635.0,-918645.0,-0.060268999999999906,,,,,,,2.8000000000000114,0.9531914893617072,13.275976,13.057853,14.042172,,13.981903,149.25,33299955.0,23998.85,,,,,0,Thursday
NIFTY_WEEK,2026-07-09,24050,CE,1,45.0,15:29,0.0,1.3392857142857142,110.7,-20.370370370370367,37.75971093044264,2.9392857142857136,6737315.0,-221195.0,0.2994859999999999,9.191583610188259,18.660022148394237,1.5357142857142867,3922815.0,-540800.0,-0.6052350000000004,,,,,,,1.0,0.7466666666666667,10.596333,10.641488,10.897639,,10.292404,98.6,14345565.0,23998.85,,,,,0,Thursday
NIFTY_WEEK,2026-07-09,24050,PE,1,45.0,15:29,0.0,2.199999999999999,156.05,30.08651073373918,48.958667093880166,7.189285714285717,8585850.0,-1654965.0,1.3715469999999996,-10.684516291992917,19.82823945440768,2.875,1899430.0,-445120.0,-0.16607299999999903,,,,,,,2.1500000000000057,0.9772727272727304,13.319012,13.071612,14.318551,,14.152478,176.8,14689610.0,23998.85,,,,,0,Thursday
NIFTY_WEEK,2026-07-09,24100,CE,2,45.0,15:29,0.0,1.3392857142857133,89.2,-20.123318385650226,38.621076233183864,2.374999999999999,9445215.0,59605.0,0.39933700000000094,8.510638297872344,18.531228551818806,1.2571428571428558,6553755.0,-668720.0,-0.6212509999999991,,,,,,,1.25,0.933333333333334,10.568526,10.686639,11.024538,,10.403287,79.05,19724965.0,23998.85,,,,,0,Thursday
NIFTY_WEEK,2026-07-09,24100,PE,2,45.0,15:29,0.0,2.2714285714285682,185.55,26.623551603341404,44.031258420910795,7.821428571428571,7124650.0,-1010945.0,1.3625179999999997,-9.274983670803401,17.962116263879818,3.164285714285715,2077400.0,-381810.0,-0.032412000000000774,,,,,,,3.4000000000000057,1.4968553459119542,13.591043,13.258003,14.496933,,14.464521,208.35,11599640.0,23998.85,,,,,0,Thursday
NIFTY_WEEK,2026-07-09,24000,SYNTH,0,,15:29,,,,,,,,,,,,,,,,,,,,,,,,,,,,,,,23998.85,-3.850000000002183,-10.30000000000291,28.5,34.95000000000073,0,Thursday
NIFTY_WEEK,2026-07-10,24200,CE,0,44.0,15:29,0.0,3.088461538461539,103.2,0.0,22.62596899224807,2.2642857142857133,30948190.0,-1641055.0,0.26387099999999997,11.698717948717952,20.405982905982903,1.8821428571428578,22465235.0,-2900755.0,0.6078719999999995,,,,,,,1.6000000000000085,0.5180572851805755,8.680843,8.081332,7.715746,,8.323618,104.55,81126500.0,24213.0,,,,,0,Friday
NIFTY_WEEK,2026-07-10,24200,PE,0,44.0,15:29,0.0,2.7115384615384626,95.4,-1.572327044025157,30.398322851153036,1.8071428571428558,32429475.0,-1648335.0,-0.3318100000000008,-15.17073170731707,21.02439024390245,2.0107142857142852,25222080.0,-6035640.0,-1.1432950000000002,,,,,,,3.799999999999997,1.4014184397163105,11.582281,11.267032,11.52835,,10.385055,86.95,85925060.0,24213.0,,,,,0,Friday
NIFTY_WEEK,2026-07-10,24250,CE,1,45.0,15:29,0.0,3.210714285714285,78.35,0.19144862795150694,25.207402680280794,1.8535714285714278,19602505.0,-166725.0,0.2336090000000013,11.864406779661026,20.974576271186454,1.671428571428572,14461070.0,-1219270.0,0.4328070000000004,,,,,,,1.7999999999999972,0.5606229143492762,8.776897,8.225266,7.967886,,8.400693,79.2,53718145.0,24213.0,,,,,0,Friday
NIFTY_WEEK,2026-07-10,24250,PE,1,45.0,15:29,0.0,4.0214285714285705,120.0,-0.4999999999999953,29.16666666666668,2.0857142857142867,11576630.0,-316810.0,-0.2704539999999991,-13.395276809910964,19.047619047619055,2.1857142857142873,7589790.0,-1186055.0,-1.2463820000000005,,,,,,,2.9000000000000057,0.7211367673179412,11.664891,11.319296,11.712199,,10.465817,111.85,30822675.0,24213.0,,,,,0,Friday
NIFTY_WEEK,2026-07-10,24300,CE,2,45.0,15:29,0.0,2.8821428571428567,58.35,0.9425878320479814,29.47729220222794,1.567857142857143,19489665.0,-657215.0,0.2429009999999998,10.941960038058992,23.120837297811605,1.3964285714285711,16475485.0,-520195.0,0.261137999999999,,,,,,,2.3000000000000043,0.7980173482032235,8.827104,8.384458,8.198667,,8.459805,58.3,54601690.0,24213.0,,,,,0,Friday
NIFTY_WEEK,2026-07-10,24300,PE,2,45.0,15:29,0.0,4.739285714285709,150.15,-0.8658008658008733,27.97202797202797,2.4642857142857144,6535425.0,-238745.0,-0.37713799999999864,-12.425850764907901,17.82703715266936,2.4142857142857173,4692545.0,-913900.0,-1.4793420000000008,,,,,,,3.0999999999999943,0.654107008289374,11.845738,11.583775,12.003332,,10.52399,140.25,18477355.0,24213.0,,,,,0,Friday
NIFTY_WEEK,2026-07-10,24200,SYNTH,0,,15:29,,,,,,,,,,,,,,,,,,,,,,,,,,,,,,,24213.0,-11.700000000000728,5.94999999999709,26.5,8.850000000002183,0,Friday
NIFTY_WEEK,2026-07-13,24200,CE,0,27.0,15:29,0.0,,81.8,2.9339853300733565,18.82640586797065,2.1727272727272733,20007650.0,-2088515.0,2.133507,14.133833646028764,23.327079424640406,1.5071428571428578,24383970.0,-3202875.0,1.53641,,,,,,,,,13.191663,13.191663,14.69969,,16.2361,91.25,44391620.0,24220.4,,,,,0,Monday
NIFTY_WEEK,2026-07-13,24200,PE,0,27.0,15:29,0.0,,80.2,-4.613466334164592,16.45885286783041,1.6454545454545462,27549470.0,-2532465.0,-1.9938730000000007,-8.65746549560854,15.809284818067765,0.8857142857142861,31509270.0,-6439290.0,-0.5973059999999997,,,,,,,,,18.245761,18.245761,16.700177,,16.102871,72.8,59058740.0,24220.4,,,,,0,Monday
NIFTY_WEEK,2026-07-13,24250,CE,1,45.0,15:29,0.0,2.496428571428568,56.85,2.0228671943711496,21.459982409850486,2.053571428571427,26045890.0,-1391260.0,1.5732610000000005,14.585232452142206,28.16773017319964,1.135714285714285,20223450.0,-2643680.0,1.0465019999999985,,,,,,,0.7000000000000028,0.28040057224606735,14.64137,13.236972,14.350993,,15.397495,62.85,80578940.0,24220.4,,,,,0,Monday
NIFTY_WEEK,2026-07-13,24250,PE,1,45.0,15:29,0.0,2.9000000000000017,104.8,-4.627862595419842,16.555343511450378,2.596428571428571,16730805.0,-886925.0,-2.501699999999998,-9.450337512054,16.007714561234327,1.392857142857142,10410140.0,-2550145.0,-1.0449530000000014,,,,,,,2.1999999999999886,0.758620689655168,18.043595,18.186033,16.21055,,15.165597,93.9,43896710.0,24220.4,,,,,0,Monday
NIFTY_WEEK,2026-07-13,24300,CE,2,45.0,15:29,0.0,1.8928571428571423,37.55,0.6657789613848203,25.69906790945408,1.7178571428571436,26444990.0,-1428115.0,1.167954,19.290780141843964,31.914893617021278,0.8642857142857129,22536735.0,-3710655.0,1.0405049999999996,,,,,,,1.0499999999999972,0.5547169811320741,14.505545,13.258277,14.005836,,15.046341,42.05,78750360.0,24220.4,,,,,0,Monday
NIFTY_WEEK,2026-07-13,24300,PE,2,45.0,15:29,0.0,3.1678571428571405,135.95,-5.479955866127245,14.196395733725621,3.29642857142857,10166260.0,-798135.0,-3.487461999999999,-8.661710037174725,15.464684014869885,1.539285714285713,5596760.0,-1338805.0,-1.381992000000002,,,,,,,2.6500000000000057,0.8365276211950419,18.209906,18.597917,16.125924,,14.743932,122.85,25150515.0,24220.4,,,,,0,Monday
NIFTY_WEEK,2026-07-13,24200,SYNTH,0,,15:29,,,,,,,,,,,,,,,,,,,,,,,,,,,,,,,24220.4,-3.4500000000007276,7.299999999999272,18.200000000000728,7.450000000000728,0,Monday
NIFTY_WEEK,2026-07-14,24050,CE,0,45.0,15:29,0.0,1.9821428571428572,19.65,-74.55470737913485,116.53944020356235,3.775000000000001,409747910.0,-10150400.0,-8.520852999999999,-54.54545454545455,111.36363636363635,0.642857142857143,305157515.0,-8830120.0,-6.899675,,,,,,,0.10000000000000009,0.05045045045045049,18.57585,16.028764,6.899675,,0.0,2.0,1021829965.0,24063.7,,,,,0,Tuesday
NIFTY_WEEK,2026-07-14,24050,PE,0,45.0,15:29,0.0,4.021428571428572,7.7,-76.62337662337661,445.4545454545455,0.9071428571428573,591692270.0,14849835.0,-13.618314999999999,-97.61904761904763,230.95238095238096,0.42499999999999993,352129505.0,-18746195.0,-5.89222,,,,,,,0.0,0.0,31.91502,18.943545,5.89222,,0.0,0.05,1161918615.0,24063.7,,,,,0,Tuesday
NIFTY_WEEK,2026-07-14,24100,CE,1,45.0,15:29,0.0,0.3857142857142858,3.15,-95.23809523809524,138.09523809523813,0.2571428571428572,329881110.0,-3055000.0,-2.760269000000001,-50.0,100.0,0.017857142857142856,61624550.0,-12278825.0,-17.464108,,,,,,,0.0,0.0,22.07459,20.532656,17.464108,,0.0,0.05,614229070.0,24063.7,,,,,0,Tuesday
NIFTY_WEEK,2026-07-14,24100,PE,1,45.0,15:29,0.0,5.296428571428573,40.5,15.432098765432098,124.5679012345679,4.303571428571428,134668885.0,917605.0,-23.083177,0.6302521008403301,15.546218487394954,1.2071428571428575,47194355.0,-4937335.0,0.0,,,,,,,0.19999999999999574,0.037761294672959404,40.996168,23.083177,0.0,,0.0,47.9,257021895.0,24063.7,,,,,0,Tuesday
NIFTY_WEEK,2026-07-14,24150,CE,2,45.0,15:29,0.0,0.07499999999999998,0.65,-84.61538461538463,130.76923076923077,0.05357142857142859,74494680.0,-4292340.0,4.7894330000000025,0.0,100.0,0.02142857142857143,13039195.0,-3902470.0,-30.036901,,,,,,,0.0,0.0,26.970455,26.494631,30.036901,,0.0,0.05,154971895.0,24063.7,,,,,0,Tuesday
NIFTY_WEEK,2026-07-14,24150,PE,2,45.0,15:29,0.0,5.717857142857141,87.75,10.313390313390311,54.1880341880342,4.410714285714285,19810115.0,-449150.0,-31.641905,0.2568053415511043,7.447354904982024,1.125,6777745.0,-934960.0,0.0,,,,,,,0.0,0.0,52.432861,31.641905,0.0,,0.0,97.6,42269890.0,24063.7,,,,,0,Tuesday
NIFTY_WEEK,2026-07-14,24050,SYNTH,0,,15:29,,,,,,,,,,,,,,,,,,,,,,,,,,,,,,,24063.7,0.5499999999992724,16.799999999999272,-0.3499999999985448,-16.599999999998545,0,Tuesday
NIFTY_WEEK,2026-07-15,24050,CE,0,18.0,15:29,0.0,,153.4,0.8474576271186329,10.169491525423725,0.8799999999999983,2909400.0,44590.0,-0.036113000000000284,2.6298701298701372,4.740259740259748,1.6375000000000028,1187810.0,-889135.0,0.38390599999999964,,,,,,,,,9.977687,9.883086,9.702977,,10.086883,158.05,4544475.0,24069.2,,,,,0,Wednesday
NIFTY_WEEK,2026-07-15,24050,PE,0,18.0,15:29,0.0,,159.5,-3.6363636363636433,10.721003134796236,0.9700000000000045,3923790.0,-160420.0,-0.34951000000000043,-2.596559558584875,4.2843232716650395,1.6749999999999972,1196520.0,-792805.0,-0.34583600000000025,,,,,,,,,15.334565,15.219281,14.965097,,14.619261,150.05,5881590.0,24069.2,,,,,0,Wednesday
NIFTY_WEEK,2026-07-15,24100,CE,1,45.0,15:29,0.0,1.7714285714285762,130.3,2.839600920951641,11.742133537989263,1.085714285714293,6843395.0,-218660.0,0.02102499999999985,3.5548686244203975,5.139103554868629,0.9785714285714298,6090045.0,-1309165.0,0.41644700000000157,,,,,,,2.1500000000000057,1.2137096774193548,10.113899,10.202485,9.931019,,10.347466,134.0,18727280.0,24069.2,,,,,0,Wednesday
NIFTY_WEEK,2026-07-15,24100,PE,1,45.0,15:29,0.0,2.289285714285709,183.75,-5.006802721088429,13.142857142857146,1.4500000000000048,6207890.0,-374010.0,-0.46522099999999966,-2.8627015008337997,5.808782657031694,1.460714285714283,4354415.0,-806520.0,-0.43837499999999885,,,,,,,1.4499999999999886,0.6333853354134131,15.080054,15.262305,15.157646,,14.719271,174.75,16248960.0,24069.2,,,,,0,Wednesday
NIFTY_WEEK,2026-07-15,24150,CE,2,45.0,15:29,0.0,1.4892857142857108,109.35,2.331961591220861,12.071330589849111,0.9750000000000004,2906215.0,-151255.0,-0.03801200000000016,3.185595567867039,5.078485687903971,0.8964285714285732,3106090.0,-586690.0,0.32042399999999915,,,,,,,1.4000000000000057,0.9400479616307015,10.351577,10.436766,10.176928,,10.497352,111.75,8245965.0,24069.2,,,,,0,Wednesday
NIFTY_WEEK,2026-07-15,24150,PE,2,45.0,15:29,0.0,2.624999999999998,212.75,-5.217391304347824,12.150411280846074,1.5500000000000012,1532765.0,-108160.0,-0.5968669999999996,-2.380379899014181,5.698485212791548,1.4250000000000032,1228825.0,-247780.0,-0.4254800000000003,,,,,,,0.9499999999999886,0.3619047619047579,15.228748,15.520108,15.354911,,14.929431,203.0,4300270.0,24069.2,,,,,0,Wednesday
NIFTY_WEEK,2026-07-15,24050,SYNTH,0,,15:29,,,,,,,,,,,,,,,,,,,,,,,,,,,,,,,24069.2,-24.25,-15.450000000000728,8.049999999999272,-0.75,0,Wednesday
NIFTY_WEEK,2026-07-16,24050,CE,-1,20.0,15:27,0.0,,136.0,6.874999999999996,8.786764705882366,1.5583333333333325,1353560.0,134160.0,0.9344570000000001,3.0281935259310786,5.046989209885138,1.2541666666666653,2327195.0,-172575.0,0.4047540000000005,,,,,,,,,9.414706,9.414706,10.326226,,10.73098,148.0,3680755.0,24113.75,,,,,0,Thursday
NIFTY_WEEK,2026-07-16,24050,PE,-1,20.0,15:27,0.0,,118.0,-5.805084745762707,7.966101694915259,1.2583333333333304,2640625.0,-8970.0,-0.6660450000000004,-0.8779631255487269,8.07726075504829,1.375,3494920.0,-180570.0,-0.08201900000000073,,,,,,,,,12.811311,12.811311,12.295362,,12.213343,112.9,6135545.0,24113.75,,,,,0,Thursday
NIFTY_WEEK,2026-07-16,24100,CE,0,45.0,15:29,0.0,1.9392857142857136,126.75,-5.9171597633136095,20.236686390532547,2.1499999999999995,10144680.0,-33800.0,1.3999579999999998,4.725415070242654,5.534269902085994,1.0535714285714295,7454785.0,-1120405.0,-0.06402500000000089,,,,,,,1.0,0.5156537753222837,9.34749,9.014029,10.367437,,10.303412,123.0,24213475.0,24113.75,,,,,0,Thursday
NIFTY_WEEK,2026-07-16,24100,PE,0,45.0,15:29,0.0,2.550000000000009,123.0,11.260162601626012,24.7560975609756,2.6678571428571467,10356580.0,-610870.0,-0.5374169999999996,-2.107558139534888,7.231104651162783,1.421428571428576,5736965.0,-510250.0,0.294137000000001,,,,,,,1.200000000000017,0.47058823529412264,13.0267,12.885784,12.305952,,12.600089,134.7,21599630.0,24113.75,,,,,0,Thursday
NIFTY_WEEK,2026-07-16,24150,CE,1,45.0,15:29,0.0,1.5500000000000003,102.75,-4.817518248175185,20.000000000000007,1.875000000000001,5323825.0,-362245.0,1.350816,4.4210526315789505,5.7894736842105265,0.9285714285714276,4595890.0,-1282840.0,-0.11007999999999996,,,,,,,0.5,0.32258064516129026,9.490458,9.241752,10.440492,,10.330412,99.2,13516880.0,24113.75,,,,,0,Thursday
NIFTY_WEEK,2026-07-16,24150,PE,1,45.0,15:29,0.0,2.7857142857142856,148.0,9.020270270270267,24.358108108108095,2.9607142857142867,3734445.0,-422435.0,-0.7941929999999999,-2.963410946477173,6.833988509222868,1.3999999999999997,1873430.0,-513825.0,0.17958299999999916,,,,,,,1.8000000000000114,0.6461538461538503,13.178179,12.981592,12.423056,,12.602639,160.45,7678385.0,24113.75,,,,,0,Thursday
NIFTY_WEEK,2026-07-16,24200,CE,2,45.0,15:29,0.0,1.4785714285714278,81.55,-4.966278356836294,21.581851624770092,1.5321428571428553,6877585.0,-404820.0,1.2017050000000005,5.10610079575596,6.034482758620685,0.6964285714285694,5875285.0,-1105585.0,-0.07130699999999912,,,,,,,0.6500000000000057,0.43961352657005237,9.638613,9.380123,10.473866,,10.402559,79.25,17199845.0,24113.75,,,,,0,Thursday
NIFTY_WEEK,2026-07-16,24200,PE,2,45.0,15:29,0.0,3.1499999999999995,176.35,8.023816274454214,21.88829033172668,3.3607142857142924,3463915.0,-360165.0,-0.9492150000000006,-3.0512820512820453,6.128205128205122,1.5821428571428555,1802320.0,-247910.0,0.15049699999999966,,,,,,,2.799999999999983,0.8888888888888836,13.366704,13.135149,12.461595,,12.612092,189.05,7157410.0,24113.75,,,,,0,Thursday
NIFTY_WEEK,2026-07-16,24100,SYNTH,0,,15:29,,,,,,,,,,,,,,,,,,,,,,,,,,,,,,,24113.75,11.25,7.200000000000728,8.450000000000728,12.5,0,Thursday
NIFTY_WEEK,2026-07-17,24300,CE,0,19.0,15:16,0.0,1.3708333333333347,120.95,-2.9764365440264644,10.582885489871858,2.3666666666666694,5380050.0,-622505.0,-0.26055400000000084,0.26362038664323123,5.272407732864675,0.29999999999999716,2214680.0,-101920.0,0.08826999999999963,,,,,,,,,9.286816,9.19752,8.482958,,8.571228,114.1,21560825.0,24323.7,,,,,0,Friday
NIFTY_WEEK,2026-07-17,24300,PE,0,19.0,15:16,0.0,1.091666666666664,123.95,2.8237192416296892,8.067769261799102,2.0999999999999943,4499170.0,-149305.0,0.27870499999999865,0.5807200929152149,4.258614014711576,0.75,2422940.0,-112775.0,0.03358200000000089,,,,,,,,,14.936781,14.528975,15.067777,,15.101359,129.9,16702010.0,24323.7,,,,,0,Friday
NIFTY_WEEK,2026-07-17,24350,CE,1,45.0,15:29,0.0,1.5321428571428553,94.9,-2.107481559536354,16.807165437302427,2.0428571428571423,14106430.0,-483080.0,-0.43396100000000004,27.975528364849822,32.480533926585096,2.589285714285713,12603500.0,-1217970.0,1.3187470000000001,,,,,,,3.3999999999999915,2.2191142191142164,9.523534,9.293981,8.810415,,10.129162,115.05,38096955.0,24323.7,,,,,0,Friday
NIFTY_WEEK,2026-07-17,24350,PE,1,45.0,15:29,0.0,1.507142857142861,149.45,1.3716962194714029,11.7096018735363,1.9821428571428572,5785780.0,-161590.0,0.4613139999999998,-13.62018764153996,17.211258492397278,2.367857142857141,5361785.0,-691470.0,-0.9684439999999999,,,,,,,3.5,2.3222748815165817,15.102064,14.700193,15.224625,,14.256181,133.5,15199080.0,24323.7,,,,,0,Friday
NIFTY_WEEK,2026-07-17,24400,CE,2,45.0,15:29,0.0,1.364285714285717,73.85,-2.9790115098171817,18.34800270819228,1.7928571428571445,12072320.0,-597675.0,-0.4202490000000001,29.4927536231884,35.869565217391305,2.124999999999998,12667980.0,-1008930.0,1.0404289999999996,,,,,,,2.049999999999997,1.5026178010471154,9.673382,9.472332,8.994259,,10.034688,89.35,35640085.0,24323.7,,,,,0,Friday
NIFTY_WEEK,2026-07-17,24400,PE,2,45.0,15:29,0.0,1.7857142857142878,177.85,1.4900196795052043,11.385999437728422,2.2107142857142827,2733380.0,-247780.0,0.5490300000000001,-14.19249592169657,16.31321370309951,2.635714285714278,2904720.0,-510510.0,-1.352011000000001,,,,,,,4.699999999999989,2.6319999999999903,15.299603,14.895882,15.518625,,14.166614,157.8,7900880.0,24323.7,,,,,0,Friday
NIFTY_WEEK,2026-07-17,24300,SYNTH,0,,15:16,,,,,,,,,,,,,,,,,,,,,,,,,,,,,,,24323.7,-39.19999999999709,-38.70000000000073,-0.4500000000007276,-0.9499999999970896,0,Friday
NIFTY_WEEK,2026-07-20,24250,CE,0,45.0,15:29,0.0,1.9642857142857142,66.0,11.742424242424242,21.287878787878785,1.6178571428571433,22194770.0,-1100710.0,0.9452490000000004,0.20283975659228054,7.437457741717377,0.8607142857142855,17314180.0,-3522610.0,0.3128989999999998,,,,,,,0.8500000000000085,0.43272727272727707,14.091776,13.854975,14.703554,,15.016453,74.1,61464390.0,24233.35,,,,,0,Monday
NIFTY_WEEK,2026-07-20,24250,PE,0,45.0,15:29,0.0,1.6142857142857119,79.45,-7.8665827564505975,18.691000629326613,1.203571428571426,20465705.0,-1131065.0,-0.48032700000000084,-9.80258679373724,14.295439074200136,1.142857142857142,13838370.0,-3077230.0,-1.569376,,,,,,,2.8499999999999943,1.765486725663716,15.045093,14.555668,14.272511,,12.703135,66.25,51351105.0,24233.35,,,,,0,Monday
NIFTY_WEEK,2026-07-20,24300,CE,1,45.0,15:29,0.0,1.5321428571428568,44.8,11.04910714285715,23.995535714285715,1.1750000000000012,24183250.0,-1202500.0,0.5613759999999992,-1.7874875868917548,8.341608738828194,0.6857142857142858,19867055.0,-3766230.0,0.05761200000000066,,,,,,,0.5499999999999972,0.3589743589743572,14.035009,13.823003,14.396986,,14.454598,49.45,65482105.0,24233.35,,,,,0,Monday
NIFTY_WEEK,2026-07-20,24300,PE,1,45.0,15:29,0.0,2.1357142857142852,107.65,-7.477937761263363,16.627960984672555,1.4321428571428558,11510590.0,-923585.0,-0.727431000000001,-8.917835671342676,12.925851703406819,1.4214285714285728,7204600.0,-2093845.0,-2.0636400000000013,,,,,,,3.5,1.638795986622074,15.043647,14.440191,13.941057,,11.877417,90.9,28127775.0,24233.35,,,,,0,Monday
NIFTY_WEEK,2026-07-20,24350,CE,2,45.0,15:29,0.0,1.0392857142857157,28.7,13.937282229965168,27.700348432055748,0.9428571428571428,13953290.0,-449280.0,0.5635390000000005,-5.343511450381679,12.36641221374045,0.5750000000000003,13239590.0,-1598740.0,-0.1936359999999997,,,,,,,0.5,0.48109965635738766,14.058306,13.744904,14.229061,,14.035425,31.0,38788555.0,24233.35,,,,,0,Monday
NIFTY_WEEK,2026-07-20,24350,PE,2,45.0,15:29,0.0,2.346428571428575,142.7,-7.252978276103711,15.627189908899798,1.7821428571428624,2880085.0,-146575.0,-1.2114009999999986,-7.52932273931139,11.010215664018169,1.517857142857144,1626430.0,-468130.0,-2.76305,,,,,,,3.1499999999999915,1.3424657534246518,15.178925,14.71675,13.706427,,10.943377,122.2,6920680.0,24233.35,,,,,0,Monday
NIFTY_WEEK,2026-07-20,24250,SYNTH,0,,15:29,,,,,,,,,,,,,,,,,,,,,,,,,,,,,,,24233.35,8.900000000001455,18.349999999998545,7.349999999998545,-2.099999999998545,0,Monday
NIFTY_WEEK,2026-07-21,24200,CE,0,45.0,15:29,0.0,2.0964285714285715,11.25,-98.22222222222223,128.44444444444446,1.267857142857143,644650890.0,566150.0,-10.628395000000001,-66.66666666666667,133.33333333333334,0.014285714285714287,103877735.0,-17203875.0,-7.374431,,,,,,,0.0,0.0,19.307812,18.067591,7.374431,,0.0,0.05,1144272285.0,24196.3,,,,,0,Tuesday
NIFTY_WEEK,2026-07-21,24200,PE,0,45.0,15:29,0.0,3.7642857142857156,12.9,23.64341085271317,164.72868217054264,3.0464285714285713,292377605.0,-4533035.0,-8.634999,-21.290322580645164,37.41935483870967,0.7642857142857142,113477715.0,-13624845.0,0.0,,,,,,,0.05000000000000071,0.01328273244781802,24.446544,15.375807,0.0,,0.0,12.2,565481345.0,24196.3,,,,,0,Tuesday
NIFTY_WEEK,2026-07-21,24250,CE,1,45.0,15:29,0.0,0.5428571428571429,0.9,-88.88888888888889,177.77777777777777,0.07142857142857142,158380040.0,-15325570.0,2.7967429999999993,0.0,100.0,0.02142857142857143,18902845.0,-6971120.0,-21.011705,,,,,,,0.0,0.0,23.017736,19.194692,21.011705,,0.0,0.05,386487400.0,24196.3,,,,,0,Tuesday
NIFTY_WEEK,2026-07-21,24250,PE,1,45.0,15:29,0.0,6.035714285714286,51.7,27.369439071566713,46.421663442940016,4.060714285714285,37510070.0,-1774305.0,18.298196,-4.447852760736205,8.819018404907975,0.7714285714285712,12550785.0,-2739425.0,0.0,,,,,,,0.04999999999999716,0.008284023668638582,32.642057,0.0,0.0,,0.0,62.3,82038580.0,24196.3,,,,,0,Tuesday
NIFTY_WEEK,2026-07-21,24300,CE,2,45.0,15:29,0.0,0.09642857142857142,0.45,-77.77777777777777,111.11111111111111,0.03214285714285715,33721025.0,-3387020.0,7.227191000000001,-50.0,50.0,0.010714285714285716,10761725.0,-3547505.0,-37.422881,,,,,,,0.0,0.0,29.011558,28.856734,37.422881,,0.0,0.05,82795440.0,24196.3,,,,,0,Tuesday
NIFTY_WEEK,2026-07-21,24300,PE,2,45.0,15:29,0.0,6.349999999999999,101.7,13.962635201573256,26.59783677482792,4.27857142857143,10807615.0,-917345.0,34.630977,-3.073593073593071,4.891774891774896,0.8321428571428565,3932500.0,-1208610.0,0.0,,,,,,,0.04999999999999716,0.00787401574803105,43.653494,0.0,0.0,,0.0,111.95,26778375.0,24196.3,,,,,0,Tuesday
NIFTY_WEEK,2026-07-21,24200,SYNTH,0,,15:29,,,,,,,,,,,,,,,,,,,,,,,,,,,,,,,24196.3,0.8000000000029104,-5.200000000000728,3.1999999999970896,9.200000000000728,0,Tuesday
NIFTY_WEEK,2026-07-22,24000,CE,0,45.0,15:29,0.0,1.585714285714287,140.6,8.819345661450928,12.873399715504975,2.0142857142857156,10909275.0,-1222975.0,-0.5034759999999991,-0.6711409395973155,6.476510067114098,1.3214285714285754,9543950.0,-2141880.0,1.0085099999999994,,,,,,,0.5,0.3153153153153151,10.659848,10.294962,9.772131,,10.780641,148.0,25923105.0,23987.8,,,,,0,Wednesday
NIFTY_WEEK,2026-07-22,24000,PE,0,45.0,15:29,0.0,2.039285714285719,171.95,-10.264611805757475,16.341959872055828,2.5750000000000006,9321000.0,-107120.0,-0.18413599999999875,2.388535031847134,6.687898089171974,1.2392857142857119,7766785.0,-685815.0,-0.5700790000000016,,,,,,,0.19999999999998863,0.09807355516636898,15.03196,15.086336,14.886335,,14.316256,160.75,22401535.0,23987.8,,,,,0,Wednesday
NIFTY_WEEK,2026-07-22,24050,CE,1,45.0,15:29,0.0,1.2107142857142839,117.4,9.710391822827942,13.756388415672916,1.7928571428571465,4222920.0,-696540.0,-0.40565299999999915,-0.8792965627497956,6.794564348521184,1.1285714285714294,4463030.0,-1205620.0,0.8698180000000004,,,,,,,1.0,0.8259587020648981,10.770725,10.4399,10.004855,,10.874673,124.0,10566725.0,23987.8,,,,,0,Wednesday
NIFTY_WEEK,2026-07-22,24050,PE,1,45.0,15:29,0.0,2.267857142857145,200.4,-9.2814371257485,15.219560878243513,2.9857142857142844,2147990.0,-154895.0,-0.1439900000000005,2.355808285946382,6.444624966152182,1.4678571428571416,2225665.0,-455130.0,-0.6028059999999993,,,,,,,0.3499999999999943,0.15433070866141466,15.31101,15.363269,15.192848,,14.590042,189.0,5621785.0,23987.8,,,,,0,Wednesday
NIFTY_WEEK,2026-07-22,24100,CE,2,45.0,15:29,0.0,1.1321428571428578,98.0,9.999999999999998,13.775510204081632,1.528571428571426,5886855.0,-1142050.0,-0.3751510000000007,-0.429594272076375,7.112171837708833,0.9750000000000014,6562595.0,-1842425.0,0.818465999999999,,,,,,,0.4000000000000057,0.3533123028391215,10.978686,10.648203,10.263189,,11.081655,104.3,15012465.0,23987.8,,,,,0,Wednesday
NIFTY_WEEK,2026-07-22,24100,PE,2,45.0,15:29,0.0,2.4178571428571445,230.55,-9.043591411841259,14.118412491867277,3.346428571428573,2105090.0,-200460.0,-0.21602500000000013,2.343566908835247,5.9292242793531775,1.5214285714285722,1877460.0,-358345.0,-0.6359449999999995,,,,,,,1.75,0.7237813884785815,15.498827,15.610054,15.410559,,14.774614,218.35,5165485.0,23987.8,,,,,0,Wednesday
NIFTY_WEEK,2026-07-22,24000,SYNTH,0,,15:29,,,,,,,,,,,,,,,,,,,,,,,,,,,,,,,23987.8,-22.650000000001455,-3.7999999999992724,-4.75,-23.600000000002183,0,Wednesday
NIFTY_WEEK,2026-07-23,23850,CE,0,38.0,15:29,0.0,1.5071428571428587,124.8,15.344551282051276,20.272435897435884,3.3269230769230735,6512545.0,-960245.0,0.03157000000000032,5.18783542039356,6.9051878354203975,1.7687500000000043,2334150.0,-784485.0,0.7425470000000001,,,,,,,,,10.247828,10.187897,9.841341,,10.583888,147.0,13319345.0,23839.0,,,,,0,Thursday
NIFTY_WEEK,2026-07-23,23850,PE,0,38.0,15:29,0.0,2.5428571428571445,130.5,-14.099616858237551,21.532567049808435,3.1769230769230754,4987190.0,150150.0,-0.25934100000000093,-2.7427078798432665,7.531562908141046,1.106250000000001,2932735.0,-612105.0,-0.32611100000000093,,,,,,,,,12.975796,12.658725,12.646029,,12.319918,111.7,14218425.0,23839.0,,,,,0,Thursday
NIFTY_WEEK,2026-07-23,23900,CE,1,45.0,15:29,0.0,1.4464285714285714,100.9,16.897918731417242,21.90287413280475,2.5178571428571437,9965670.0,-1030575.0,0.05494200000000049,5.146096816397724,10.248582642825992,1.3785714285714283,7930520.0,-1405755.0,0.5992180000000005,,,,,,,0.14999999999999147,0.10370370370369782,10.309711,10.253145,10.017724,,10.616942,120.55,22781850.0,23839.0,,,,,0,Thursday
NIFTY_WEEK,2026-07-23,23900,PE,1,45.0,15:29,0.0,2.817857142857142,157.25,-13.290937996820352,20.69952305246422,3.221428571428567,5555420.0,-165165.0,-0.30907899999999877,-2.7539341917024482,9.692417739628027,1.3964285714285682,5862415.0,-302120.0,-0.39099799999999973,,,,,,,2.549999999999983,0.9049429657794619,13.195213,12.78976,12.786235,,12.395237,135.95,16339440.0,23839.0,,,,,0,Thursday
NIFTY_WEEK,2026-07-23,23950,CE,2,45.0,15:29,0.0,0.8964285714285702,81.2,18.472906403940886,22.59852216748768,2.1499999999999995,4341090.0,-625170.0,0.07789899999999861,5.698924731182793,10.698924731182798,1.057142857142857,3484780.0,-655850.0,0.5431299999999997,,,,,,,0.20000000000000284,0.223107569721119,10.461475,10.391189,10.184097,,10.727227,98.3,10197980.0,23839.0,,,,,0,Thursday
NIFTY_WEEK,2026-07-23,23950,PE,2,45.0,15:29,0.0,2.9964285714285706,187.35,-12.836936215639168,18.788364024552973,3.7035714285714243,1787955.0,-100425.0,-0.42877799999999944,-3.1750741839762577,8.93175074183977,1.5321428571428544,1378520.0,-221390.0,-0.5356630000000013,,,,,,,2.75,0.9177592371871278,13.403521,12.977106,13.013229,,12.477566,163.15,4658355.0,23839.0,,,,,0,Thursday
NIFTY_WEEK,2026-07-23,23850,SYNTH,0,,15:29,,,,,,,,,,,,,,,,,,,,,,,,,,,,,,,23839.0,1.9500000000007276,13.599999999998545,10.399999999997817,-1.25,0,Thursday
NIFTY_WEEK,2026-07-24,23750,CE,0,26.0,15:22,0.0,3.1500000000000057,139.3,6.137832017228989,17.48025843503232,3.23928571428571,7631715.0,-205270.0,0.4657479999999996,1.6476126429051898,7.969065232010758,2.8374999999999844,2026960.0,-102245.0,0.003042999999999907,,,,,,,,,12.279882,11.85617,12.490042,,12.493085,151.15,11261185.0,23764.5,,,,,0,Friday
NIFTY_WEEK,2026-07-24,23750,PE,0,26.0,15:22,0.0,2.2999999999999945,97.6,-9.836065573770487,18.64754098360656,2.535714285714288,19263985.0,-1629615.0,-0.6385480000000001,0.35067212156633215,9.8188194038574,1.9250000000000007,3939455.0,-375960.0,0.2265669999999993,,,,,,,,,11.79888,11.748927,10.802942,,11.029509,85.85,27218750.0,23764.5,,,,,0,Friday
NIFTY_WEEK,2026-07-24,23800,CE,1,45.0,15:29,0.0,2.6750000000000003,112.85,5.981391227292867,19.273371732388128,3.0821428571428533,17996030.0,-764075.0,0.32807400000000086,-8.046407185628743,16.242514970059876,2.317857142857142,16732105.0,-2218580.0,-0.9729979999999987,,,,,,,2.1500000000000057,0.8037383177570114,12.23412,11.801248,12.673153,,11.700155,122.85,50631620.0,23764.5,,,,,0,Friday
NIFTY_WEEK,2026-07-24,23800,PE,1,45.0,15:29,0.0,2.607142857142858,120.6,-9.038142620232165,16.417910447761194,2.999999999999999,21821410.0,-2091050.0,-0.7094879999999986,7.356805044666316,20.59905412506568,2.3285714285714283,15467920.0,-1820780.0,0.6311409999999995,,,,,,,3.3999999999999915,1.304109589041092,11.563303,11.645321,10.299697,,10.930838,102.15,51338495.0,23764.5,,,,,0,Friday
NIFTY_WEEK,2026-07-24,23850,CE,2,45.0,15:29,0.0,2.6607142857142856,90.0,5.444444444444451,20.3888888888889,2.364285714285716,8805095.0,-162370.0,0.19423900000000138,-8.495821727019504,17.363045496750235,1.960714285714287,8530990.0,-1001000.0,-0.8282040000000013,,,,,,,1.1000000000000085,0.41342281879194953,12.071088,11.769476,12.501836,,11.673632,98.55,24380005.0,23764.5,,,,,0,Friday
NIFTY_WEEK,2026-07-24,23850,PE,2,45.0,15:29,0.0,3.221428571428575,145.05,-6.928645294725964,15.649775939331276,3.482142857142857,5137015.0,-738335.0,-0.5824189999999998,8.64040660736976,19.229140194832702,2.414285714285712,3421470.0,-440050.0,0.946097,,,,,,,1.1500000000000057,0.3569844789356998,11.486246,11.339309,9.999382,,10.945479,128.25,11977420.0,23764.5,,,,,0,Friday
NIFTY_WEEK,2026-07-24,23750,SYNTH,0,,15:22,,,,,,,,,,,,,,,,,,,,,,,,,,,,,,,23764.5,42.60000000000218,40.349999999998545,2.149999999997817,4.400000000001455,0,Friday
NIFTY_WEEK,2026-07-27,24000,CE,0,45.0,15:29,0.0,1.9178571428571425,68.35,8.63204096561815,19.092904169714703,2.1500000000000017,33872410.0,-2287545.0,1.7041350000000008,13.453815261044173,16.93440428380188,0.9821428571428561,27169285.0,-3961035.0,0.6270340000000001,,,,,,,2.1500000000000057,1.1210428305400404,14.018875,13.64946,15.243867,,15.870901,84.75,83251805.0,23991.85,,,,,0,Monday
NIFTY_WEEK,2026-07-27,24000,PE,0,45.0,15:29,0.0,1.3214285714285718,57.95,-11.561691113028477,19.154443485763593,1.3428571428571436,33123480.0,-1984190.0,-1.7602800000000016,-14.914914914914918,20.620620620620628,0.9821428571428582,30876625.0,-4254835.0,-0.04240099999999991,,,,,,,0.5,0.37837837837837823,11.565253,11.308903,9.508457,,9.466056,42.5,83791890.0,23991.85,,,,,0,Monday
NIFTY_WEEK,2026-07-27,24050,CE,1,45.0,15:29,0.0,1.4821428571428588,45.45,10.121012101210107,24.64246424642463,1.6571428571428564,18947045.0,-1269320.0,1.3981250000000003,15.054835493519452,18.743768693918245,0.696428571428571,17160845.0,-762450.0,0.4361960000000007,,,,,,,1.6500000000000057,1.1132530120481954,13.756268,13.443315,14.699914,,15.13611,57.7,48388340.0,23991.85,,,,,0,Monday
NIFTY_WEEK,2026-07-27,24050,PE,1,45.0,15:29,0.0,1.7392857142857139,84.5,-9.230769230769228,18.047337278106507,1.692857142857141,8439275.0,-355940.0,-2.353242,-13.107119095143059,17.697937458416497,1.2821428571428573,8211190.0,-1019070.0,-0.016486000000000445,,,,,,,0.5499999999999972,0.3162217659137561,11.105487,10.858269,8.486981,,8.470495,65.3,22200100.0,23991.85,,,,,0,Monday
NIFTY_WEEK,2026-07-27,24100,CE,2,45.0,15:29,0.0,1.078571428571428,28.7,11.32404181184669,25.78397212543555,1.2464285714285717,22933625.0,-1427270.0,1.1433929999999997,15.634674922600635,19.969040247678016,0.5964285714285715,21919040.0,-2037750.0,0.24098099999999967,,,,,,,1.6499999999999986,1.5298013245033106,13.57774,13.342946,14.434018,,14.674999,37.35,61151155.0,23991.85,,,,,0,Monday
NIFTY_WEEK,2026-07-27,24100,PE,2,45.0,15:29,0.0,2.153571428571431,118.8,-8.122895622895616,13.299663299663298,2.153571428571424,6388005.0,-530465.0,-4.451719,-12.255358807082937,15.936626281453876,1.5749999999999997,5903820.0,-660725.0,-0.10315600000000025,,,,,,,1.2999999999999972,0.6036484245439449,10.721794,10.546375,6.128161,,6.025005,94.15,15891655.0,23991.85,,,,,0,Monday
NIFTY_WEEK,2026-07-27,24000,SYNTH,0,,15:29,,,,,,,,,,,,,,,,,,,,,,,,,,,,,,,23991.85,35.5,38.599999999998545,17.5,14.400000000001455,0,Monday
NIFTY_WEEK,2026-07-28,23950,CE,0,18.0,15:17,0.0,,13.65,10.989010989010989,223.44322344322342,1.271428571428572,204571835.0,2724475.0,-9.440056,,,,,,,,,,,,,,,25.61088,9.440056,0.0,,0.0,20.1,222824160.0,23960.95,,,,,0,Tuesday
NIFTY_WEEK,2026-07-28,23950,PE,0,18.0,15:17,0.0,,7.75,-98.06451612903226,170.32258064516128,0.5642857142857143,449663890.0,3729830.0,-9.228386,,,,,,,,,,,,,,,16.024115,17.634815,9.768779,,9.768779,0.05,493329850.0,23960.95,,,,,0,Tuesday
NIFTY_WEEK,2026-07-28,24000,CE,1,45.0,15:29,0.0,1.2035714285714287,0.9,-94.44444444444444,761.1111111111111,0.06785714285714287,233664730.0,-12303655.0,-4.746732,-50.0,2350.0,0.18928571428571428,222623375.0,-14699230.0,-8.025527,,,,,,,0.05,0.04154302670623145,16.475036,15.145396,8.025527,,0.0,0.05,683739940.0,23960.95,,,,,0,Tuesday
NIFTY_WEEK,2026-07-28,24000,PE,1,45.0,15:29,0.0,2.857142857142857,46.85,-25.613660618996796,71.0779082177161,1.528571428571429,139341930.0,-13592085.0,-2.1365349999999985,-42.23107569721116,112.35059760956176,2.4571428571428577,148363800.0,-6308835.0,-26.992544,,,,,,,0.5999999999999996,0.20999999999999988,16.161734,31.192349,26.992544,,0.0,14.5,444269410.0,23960.95,,,,,0,Tuesday
NIFTY_WEEK,2026-07-28,24050,CE,2,45.0,15:29,0.0,0.11785714285714285,0.35,-85.71428571428572,214.2857142857143,0.03571428571428571,56387695.0,-11662040.0,-0.23391600000000068,-50.0,150.0,0.024999999999999994,32925945.0,-3847545.0,-23.987376,,,,,,,0.05,0.42424242424242425,19.644851,24.641255,23.987376,,0.0,0.05,185137485.0,23960.95,,,,,0,Tuesday
NIFTY_WEEK,2026-07-28,24050,PE,2,45.0,15:29,0.0,3.757142857142856,96.55,-12.169860176074573,43.24184360435008,1.6392857142857136,20672405.0,-1555645.0,3.9084919999999954,-14.066666666666663,39.26666666666666,2.5035714285714303,17757350.0,-1024205.0,-55.848613,,,,,,,0.5500000000000043,0.14638783269962097,20.005866,50.384821,55.848613,,0.0,64.45,62795070.0,23960.95,,,,,0,Tuesday
NIFTY_WEEK,2026-07-28,23950,SYNTH,0,,15:17,,,,,,,,,,,,,,,,,,,,,,,,,,,,,,,23960.95,-4.850000000002183,-4.850000000002183,,,0,Tuesday
NIFTY_WEEK,2026-07-29,24250,CE,0,41.0,15:29,0.0,1.3799999999999983,127.8,-3.012519561815332,10.641627543036002,1.0035714285714274,4444960.0,-338455.0,0.5807200000000003,-2.63477908390758,6.40453992703688,1.3107142857142893,5258175.0,-556530.0,0.06221800000000144,,,,,,,0.7000000000000028,0.5072463768115969,8.230087,7.612049,8.282777,,8.344995,120.1,13047580.0,24270.45,,,,,0,Wednesday
NIFTY_WEEK,2026-07-29,24250,PE,0,41.0,15:29,0.0,0.919999999999996,130.3,5.372217958557175,11.16653875671528,1.1357142857142881,5522010.0,-1091870.0,-0.09102099999999957,-0.2548234437568215,7.098653076083,1.4678571428571416,6414850.0,-1240135.0,-0.28177699999999994,,,,,,,1.0999999999999943,1.1956521739130423,12.40899,12.776845,12.579599,,12.297822,137.0,14551095.0,24270.45,,,,,0,Wednesday
NIFTY_WEEK,2026-07-29,24300,CE,1,45.0,15:29,0.0,1.2928571428571434,103.0,-3.1553398058252426,10.825242718446606,1.1035714285714278,5697445.0,-342355.0,0.4963689999999996,-4.084720121028756,7.261724659606645,1.1750000000000012,6040385.0,-866970.0,-0.04644900000000085,,,,,,,1.25,0.9668508287292814,8.393899,7.855563,8.422129,,8.37568,95.1,17007250.0,24270.45,,,,,0,Wednesday
NIFTY_WEEK,2026-07-29,24300,PE,1,45.0,15:29,0.0,1.2749999999999955,155.5,4.823151125401929,9.614147909967839,1.2928571428571445,4753450.0,-1204840.0,-0.12436999999999898,0.06140620202640118,6.416948111759281,1.5357142857142918,4455360.0,-1326260.0,-0.27333499999999944,,,,,,,0.75,0.5882352941176492,12.539003,12.925661,12.667378,,12.394043,162.95,12155130.0,24270.45,,,,,0,Wednesday
NIFTY_WEEK,2026-07-29,24350,CE,2,45.0,15:29,0.0,1.0999999999999994,81.5,-3.374233128834356,11.901840490797532,0.8821428571428568,2161185.0,-194285.0,0.4288950000000007,-4.038461538461545,8.397435897435894,1.0178571428571428,2730195.0,-249340.0,-0.016602999999999923,,,,,,,0.8500000000000085,0.7727272727272809,8.46371,8.033443,8.50337,,8.486767,74.85,6928350.0,24270.45,,,,,0,Wednesday
NIFTY_WEEK,2026-07-29,24350,PE,2,45.0,15:29,0.0,1.3964285714285682,183.6,4.656862745098046,10.23965141612201,1.5321428571428604,1094210.0,-208130.0,-0.11320899999999945,0.8077123501823777,5.341323606044815,1.6821428571428518,932555.0,-314860.0,-0.1867460000000012,,,,,,,0.29999999999998295,0.2148337595907811,12.70567,13.10831,12.839764,,12.653018,193.45,2638025.0,24270.45,,,,,0,Wednesday
NIFTY_WEEK,2026-07-29,24250,SYNTH,0,,15:29,,,,,,,,,,,,,,,,,,,,,,,,,,,,,,,24270.45,-13.0,-8.900000000001455,-2.900000000001455,-7.0,0,Wednesday
NIFTY_WEEK,2026-07-30,24300,CE,1,39.0,15:29,0.0,1.5928571428571416,92.1,9.28338762214985,24.484256243213895,2.967857142857144,13915525.0,-945035.0,-1.594309,9.05834186284544,11.97543500511771,2.231250000000003,6048445.0,-1063075.0,1.472112,,,,,,,0.9000000000000057,0.5650224215246676,8.227988,7.92957,6.53985,,8.011962,106.55,28952755.0,24270.7,,,,,0,Thursday
NIFTY_WEEK,2026-07-30,24300,PE,1,39.0,15:29,0.0,1.3642857142857139,123.95,-2.7027027027027097,15.328761597418314,2.3964285714285714,9196265.0,368030.0,1.6683819999999994,-4.5004128819157625,8.71180842279108,1.4937500000000057,5403190.0,-668785.0,-1.0002530000000007,,,,,,,1.5500000000000114,1.1361256544502705,10.885152,11.096036,12.469718,,11.469465,115.65,19223945.0,24270.7,,,,,0,Thursday
NIFTY_WEEK,2026-07-30,24350,CE,2,45.0,15:29,0.0,1.4107142857142858,69.95,11.794138670478914,28.020014295925655,2.3035714285714266,6499350.0,166140.0,-1.2023710000000003,11.348464619492656,13.951935914552738,1.1857142857142833,5637190.0,-260325.0,1.3092800000000002,,,,,,,0.29999999999999716,0.21265822784809923,8.237212,8.009442,6.892879,,8.202159,83.4,15275715.0,24270.7,,,,,0,Thursday
NIFTY_WEEK,2026-07-30,24350,PE,2,45.0,15:29,0.0,1.7821428571428604,152.1,-3.0243261012491747,14.760026298487832,2.7428571428571433,2858180.0,85280.0,1.7987669999999998,-4.9075630252100915,8.537815126050413,1.328571428571426,2940210.0,-108810.0,-1.224355000000001,,,,,,,1.1499999999999773,0.6452905811623108,11.030328,11.250923,12.782085,,11.55773,141.45,7037225.0,24270.7,,,,,0,Thursday
NIFTY_WEEK,2026-07-30,24250,SYNTH,0,,15:00,,,,,,,,,,,,,,,,,,,,,,,,,,,,,,,24270.7,,-2.7999999999992724,,,0,Thursday
NIFTY_WEEK,2026-07-31,24350,CE,0,20.0,15:29,0.0,2.1857142857142864,104.65,,,,,,,-8.23125918667319,11.611954924056844,2.8333333333333286,3132220.0,-753675.0,-0.3844339999999997,,,,,,,5.049999999999997,2.3104575163398673,7.936894,7.643589,7.252802,,6.868368,93.65,18324020.0,24371.85,,,,,0,Friday
NIFTY_WEEK,2026-07-31,24350,PE,0,20.0,15:29,0.0,1.682142857142855,72.35,,,,,,,1.3513513513513513,5.608108108108096,1.6999999999999982,5182645.0,-1470040.0,-0.21827400000000097,,,,,,,2.0,1.1889596602972414,9.18211,9.289436,9.573425,,9.355151,75.0,26150345.0,24371.85,,,,,0,Friday
NIFTY_WEEK,2026-07-31,24400,CE,1,45.0,15:29,0.0,1.8107142857142873,77.75,1.4147909967845587,14.790996784565916,1.6142857142857139,28517450.0,-2345460.0,-0.8144120000000008,-10.761154855643047,18.04461942257218,1.4500000000000017,20012980.0,-4105985.0,0.32278699999999994,,,,,,,4.400000000000006,2.429980276134123,7.933592,7.682407,6.676777,,6.999564,68.0,68868670.0,24371.85,,,,,0,Friday
NIFTY_WEEK,2026-07-31,24400,PE,1,45.0,15:29,0.0,2.1285714285714272,95.6,-2.562761506276139,16.108786610878653,1.7464285714285748,21574085.0,-2034435.0,0.642081000000001,2.6041666666666665,9.062500000000002,1.3428571428571396,18527405.0,-4845880.0,-0.8162019999999988,,,,,,,1.0999999999999943,0.5167785234899306,9.126516,9.30525,10.16772,,9.351518,98.5,58291155.0,24371.85,,,,,0,Friday
NIFTY_WEEK,2026-07-31,24450,CE,2,45.0,15:29,0.0,1.4000000000000001,54.9,2.276867030965392,16.302367941712195,1.1750000000000003,14512420.0,-817700.0,-0.6237380000000003,-12.65116279069767,20.837209302325586,1.2142857142857133,11266580.0,-2378935.0,0.22280999999999995,,,,,,,3.25,2.321428571428571,7.897787,7.621305,6.814155,,7.036965,46.95,37139050.0,24371.85,,,,,0,Friday
NIFTY_WEEK,2026-07-31,24450,PE,2,45.0,15:29,0.0,2.471428571428573,122.4,-1.0620915032679832,14.05228758169936,1.9071428571428604,5213520.0,-307775.0,0.9102359999999994,3.3535353535353583,8.727272727272712,1.4678571428571436,4467060.0,-1249885.0,-0.8375219999999999,,,,,,,0.5999999999999943,0.242774566473986,9.121835,9.259394,10.361584,,9.524062,127.9,14518530.0,24371.85,,,,,0,Friday
NIFTY_WEEK,2026-07-31,24350,SYNTH,0,,15:29,,,,,,,,,,,,,,,,,,,,,,,,,,,,,,,24371.85,3.75,1.9500000000007276,-9.399999999997817,-7.599999999998545,0,Friday
NIFTY_WEEK,2026-08-03,24550,CE,-1,20.0,15:28,0.0,,66.0,7.34848484848484,12.803030303030306,1.3299999999999954,11686545.0,-581945.0,0.832611,-7.3729420186112975,15.676449534717255,1.250000000000001,12945725.0,-1866930.0,-0.9756509999999992,,,,,,,,,9.66643,9.66643,10.328237,,9.352586,64.7,24632270.0,24593.55,,,,,1,Monday
NIFTY_WEEK,2026-08-03,24550,PE,-1,20.0,15:28,0.0,,52.8,-3.3143939393939394,8.14393939393939,0.8900000000000006,17757220.0,-2682875.0,-0.1907350000000001,-11.187438665358199,16.977428851815503,1.4769230769230783,20775040.0,-3573245.0,-1.0773460000000004,,,,,,,,,12.78051,12.78051,12.557278,,11.479932,45.25,38532260.0,24593.55,,,,,1,Monday
NIFTY_WEEK,2026-08-03,24600,CE,0,44.0,15:28,0.0,0.803571428571429,48.75,-8.102564102564108,18.974358974358974,1.4750000000000003,46464600.0,-2662465.0,1.114075999999999,-11.460674157303373,19.662921348314608,0.9692307692307693,25337130.0,-2475785.0,-0.9499130000000005,,,,,,,,,9.670095,9.321462,10.39823,,9.448317,39.4,97279130.0,24593.55,,,,,1,Monday
NIFTY_WEEK,2026-08-03,24600,PE,0,44.0,15:28,0.0,0.7928571428571435,69.0,9.420289855072463,16.304347826086957,1.471428571428571,39122135.0,-5550675.0,-0.7037589999999998,-7.68211920529801,12.980132450331123,2.2461538461538444,18969080.0,-3845270.0,-1.0850729999999995,,,,,,,,,13.178288,13.302877,12.581641,,11.496568,69.7,74985300.0,24593.55,,,,,1,Monday
NIFTY_WEEK,2026-08-03,24650,CE,1,44.0,15:28,0.0,0.596428571428571,29.35,-9.710391822827942,23.67972742759795,1.0821428571428566,22511125.0,-2213185.0,0.8363510000000005,-12.903225806451621,24.667931688804554,0.7615384615384612,12852840.0,-936520.0,-0.7088610000000006,,,,,,,,,9.975479,9.65019,10.470864,,9.762003,22.95,48768590.0,24593.55,,,,,1,Monday
NIFTY_WEEK,2026-08-03,24650,PE,1,44.0,15:28,0.0,0.9357142857142874,100.15,7.5386919620569115,14.478282576135795,1.7892857142857141,9696830.0,-1587430.0,-0.9820790000000006,-3.7674418604651136,10.69767441860465,2.596153846153845,4605120.0,-1238965.0,-0.8125549999999997,,,,,,,,,13.703232,13.959459,12.911356,,12.098801,103.45,18892315.0,24593.55,,,,,1,Monday
NIFTY_WEEK,2026-08-03,24700,CE,2,44.0,15:28,0.0,0.45000000000000007,17.1,-10.818713450292405,28.3625730994152,0.6678571428571429,23919480.0,-2165930.0,0.6835550000000001,-12.87128712871288,29.042904290429046,0.44230769230769246,13374270.0,-1303055.0,-0.5052299999999992,,,,,,,,,10.320803,10.071923,10.742531,,10.237301,13.2,51658165.0,24593.55,,,,,1,Monday
NIFTY_WEEK,2026-08-03,24700,PE,2,44.0,15:28,0.0,1.096428571428573,137.55,6.143220647037432,12.831697564521994,2.232142857142853,6772090.0,-1364155.0,-1.30809,-1.4012303485987774,9.466848940533167,1.9499999999999973,3156985.0,-951730.0,-0.45294599999999896,,,,,,,,,14.651174,14.93724,13.66931,,13.216364,144.25,13207155.0,24593.55,,,,,1,Monday
NIFTY_WEEK,2026-08-03,24600,SYNTH,0,,15:28,,,,,,,,,,,,,,,,,,,,,,,,,,,,,,,24593.55,-4.349999999998545,-3.649999999997817,0.7000000000007276,0.0,1,Monday
NIFTY_WEEK,2026-08-04,24450,CE,0,42.0,15:27,0.0,2.6615384615384623,58.75,28.51063829787234,43.91489361702127,2.596428571428571,49571470.0,-2752555.0,41.040969,33.53960396039605,80.6930693069307,7.716666666666668,39002535.0,-2212665.0,104.698038,,,,,,,,,46.079967,61.161403,111.976752,,216.67479,107.9,131531270.0,24463.9,,,,,1,Tuesday
NIFTY_WEEK,2026-08-04,24450,PE,0,42.0,15:27,0.0,0.8923076923076929,35.7,-5.1820728291316565,63.02521008403361,2.032142857142857,120493555.0,-3224715.0,9.099735000000003,-76.13636363636365,98.37662337662339,2.379166666666667,83513755.0,-1110070.0,-28.516566,,,,,,,,,43.709749,50.412523,56.409112,,27.892546,7.35,264641325.0,24463.9,,,,,1,Tuesday
NIFTY_WEEK,2026-08-04,24500,CE,1,43.0,15:27,0.0,2.3678571428571424,34.9,37.67908309455587,65.90257879656161,2.353571428571428,98839520.0,-7466745.0,35.832871,19.27710843373492,86.19091751621872,6.908333333333335,87253530.0,-3639935.0,67.119614,,,,,,,,,47.165466,60.446286,107.101893,,174.221507,64.35,295730955.0,24463.9,,,,,1,Tuesday
NIFTY_WEEK,2026-08-04,24500,PE,1,43.0,15:27,0.0,1.3214285714285705,62.0,-9.11290322580645,40.96774193548386,2.010714285714285,67605980.0,-3029845.0,2.2378440000000026,-72.6679104477612,91.7910447761194,3.7791666666666663,66306110.0,150215.0,-48.716394,,,,,,,,,44.04339,49.443554,48.716394,,0.0,14.65,175628245.0,24463.9,,,,,1,Tuesday
NIFTY_WEEK,2026-08-04,24550,CE,2,43.0,15:27,0.0,1.5571428571428574,19.55,68.54219948849106,88.74680306905371,1.8785714285714281,68652935.0,-7336875.0,39.285553,-13.756613756613746,55.82010582010582,4.841666666666666,62583495.0,-793780.0,33.266115,,,,,,,,,48.850779,61.160621,110.543447,,143.809562,32.6,207256855.0,24463.9,,,,,1,Tuesday
NIFTY_WEEK,2026-08-04,24550,PE,2,43.0,15:27,0.0,1.8142857142857147,97.65,-6.605222734254994,27.444956477214536,1.567857142857141,18913180.0,-1520220.0,-5.450186000000002,-63.283922462941845,78.27822120866591,6.05,22530235.0,587925.0,-32.660479,,,,,,,,,46.472482,48.924908,32.660479,,0.0,32.2,53339910.0,24463.9,,,,,1,Tuesday
NIFTY_WEEK,2026-08-04,24450,SYNTH,0,,15:27,,,,,,,,,,,,,,,,,,,,,,,,,,,,,,,24463.9,36.54999999999927,87.09999999999854,50.54999999999927,0.0,1,Tuesday
NIFTY_WEEK,2026-08-05,24550,CE,1,43.0,15:27,0.0,2.2178571428571416,162.0,10.802469135802468,13.549382716049378,2.142857142857143,7274215.0,-962845.0,-0.6555469999999985,22.960833632770385,35.824649658641746,5.995833333333337,5347810.0,-586365.0,2.603197999999999,,,,,,,,,12.454318,12.365723,8.44012,,11.043318,171.1,17021290.0,24522.5,,,,,1,Wednesday
NIFTY_WEEK,2026-08-05,24550,PE,1,43.0,15:27,0.0,3.607142857142853,142.35,-22.76080084299262,26.484018264840188,3.2928571428571436,5072535.0,-198770.0,-0.8456399999999995,-11.688819390148554,24.31587177482409,4.129166666666669,4675840.0,-266175.0,-1.1994790000000002,,,,,,,,,12.58354,11.836665,12.439085,,11.239606,112.95,13196885.0,24522.5,,,,,1,Wednesday
NIFTY_WEEK,2026-08-05,24600,CE,2,55.0,15:39,1.0,1.8785714285714334,136.85,10.412860796492511,13.043478260869563,1.8821428571428587,11148280.0,-1999335.0,-0.7116939999999996,24.452234881682738,41.36722173531989,4.942857142857144,11487840.0,-967395.0,-0.19054399999999916,-7.15782122905028,9.078212290502794,1.594444444444447,3083405.0,-334815.0,-0.8351319999999998,3.0500000000000114,1.6235741444866938,12.420093,12.289125,8.635857,8.544236,7.709104,132.95,31212675.0,24522.5,,,,,1,Wednesday
NIFTY_WEEK,2026-08-05,24600,PE,2,55.0,15:39,1.0,4.050000000000002,166.7,-20.66586682663467,24.565086982603493,3.6392857142857133,5560100.0,-320710.0,-0.7938930000000006,-16.80754226267881,22.886866059817955,4.66071428571428,7018180.0,-87230.0,-0.06140199999999929,7.403189066059226,12.52847380410022,1.2611111111111137,2171260.0,-357110.0,0.7897860000000012,4.299999999999997,1.0617283950617273,12.544959,11.725051,12.645112,12.88619,13.675976,141.45,18498675.0,24522.5,,,,,1,Wednesday
NIFTY_WEEK,2026-08-05,24500,SYNTH,0,,15:01,,,,,,,,,,,,,,,,,,,,,,,,,,,,,,,24522.5,,53.099999999998545,,,1,Wednesday
NIFTY_WEEK,2026-08-06,24600,CE,-1,5.0,15:11,0.0,,169.8,1.5312131919905736,3.9752650176678443,0.9499999999999957,1672255.0,91065.0,-0.013047000000000253,,,,,,,,,,,,,,,12.356317,12.356317,,,12.34327,172.4,1672255.0,24640.75,,,,,1,Thursday
NIFTY_WEEK,2026-08-06,24600,PE,-1,5.0,15:11,0.0,,96.2,-2.6507276507276476,5.925155925155913,0.9375000000000036,2991625.0,-689845.0,-0.030981999999999843,,,,,,,,,,,,,,,10.464332,10.464332,,,10.43335,93.65,2991625.0,24640.75,,,,,1,Thursday
NIFTY_WEEK,2026-08-06,24650,CE,0,55.0,15:39,1.0,1.1749999999999972,149.2,-1.5750670241286826,7.808310991957108,1.403571428571425,5523310.0,-197990.0,0.36833399999999905,-3.170320404721746,5.261382799325472,1.028571428571427,4035850.0,-603525.0,-0.7590050000000002,-0.5253940455341506,4.308231173380039,1.2055555555555517,2145195.0,-301340.0,-0.056229000000000084,2.9499999999999886,2.5106382978723367,11.165567,11.838589,12.354305,11.526664,11.470435,142.0,15335775.0,24640.75,,,,,1,Thursday
NIFTY_WEEK,2026-08-06,24650,PE,0,55.0,15:39,1.0,1.0714285714285705,108.7,0.09199632014718888,10.855565777368902,1.7142857142857122,5966480.0,-1012895.0,-0.48761600000000094,-0.8526764566556054,12.411179535765037,2.171428571428571,4065815.0,-1053780.0,0.26148799999999994,3.5818005808325295,8.906098741529528,1.788888888888893,1895660.0,-436735.0,0.32692999999999905,1.6499999999999915,1.5399999999999934,11.126211,10.462243,9.669662,9.814028,10.140958,107.0,16311750.0,24640.75,,,,,1,Thursday
NIFTY_WEEK,2026-08-06,24700,CE,1,55.0,15:39,1.0,0.9749999999999984,123.15,-2.11124644742185,8.932196508323182,1.3214285714285705,5709405.0,-104260.0,0.2851159999999986,-4.2040816326530654,5.7551020408163245,0.8464285714285731,5050890.0,-1031160.0,-0.7601770000000005,1.5002143163309043,4.929275610801543,1.0500000000000052,3457155.0,-745875.0,0.1614880000000003,2.3000000000000114,2.3589743589743746,11.166788,11.73093,12.209288,11.389062,11.55055,118.4,18652530.0,24640.75,,,,,1,Thursday
NIFTY_WEEK,2026-08-06,24700,PE,1,55.0,15:39,1.0,1.2464285714285748,130.5,1.5325670498084292,11.11111111111111,1.9357142857142915,3924375.0,-544700.0,-0.39714400000000083,-0.3503308680420309,10.782405605293887,2.267857142857141,3139110.0,-447005.0,0.35181099999999965,2.1343873517786474,8.023715415019756,2.2000000000000046,2706145.0,115375.0,0.2399299999999993,2.25,1.8051575931232042,11.059596,10.174749,9.396831,9.618097,9.858027,129.2,12720500.0,24640.75,,,,,1,Thursday
NIFTY_WEEK,2026-08-06,24750,CE,2,55.0,15:39,1.0,0.7714285714285702,98.65,-1.3177901672579941,9.021794221996949,1.1142857142857139,2573805.0,-43550.0,0.34284499999999873,-4.382871536523924,6.045340050377834,0.6535714285714269,2309515.0,-393640.0,-0.6664579999999987,1.5932023366967605,5.629314922995218,1.0333333333333345,1268215.0,-188435.0,0.14269400000000054,2.450000000000003,3.1759259259259345,11.083055,11.500011,12.033722,11.301196,11.44389,95.65,7887295.0,24640.75,,,,,1,Thursday
NIFTY_WEEK,2026-08-06,24750,PE,2,55.0,15:39,1.0,1.4821428571428552,157.6,1.1421319796954388,9.993654822335026,2.200000000000005,937560.0,-105365.0,-0.5069689999999998,-0.06441223832527815,9.694041867954919,2.5071428571428607,703885.0,-90415.0,0.4503269999999997,2.439817826935589,6.929082628497076,2.4833333333333294,322270.0,-42900.0,0.34280899999999903,2.4000000000000057,1.619277108433741,11.006061,10.053239,9.136093,9.455612,9.798421,157.45,2807220.0,24640.75,,,,,1,Thursday
NIFTY_WEEK,2026-08-06,24650,SYNTH,0,,15:39,,,,,,,,,,,,,,,,,,,,,,,,,,,,,,,24640.75,64.75,49.0,-7.700000000000728,8.049999999999272,1,Thursday
NIFTY_WEEK,2026-08-07,24550,CE,0,55.0,15:39,1.0,1.6500000000000006,130.0,8.6923076923077,14.961538461538463,0.8714285714285747,10535980.0,-1494480.0,0.6566399999999994,-5.307262569832399,11.522346368715084,1.528571428571429,7053670.0,-1062880.0,-1.4789480000000008,1.0381905821282948,8.04597701149425,1.777777777777781,3038620.0,-645970.0,0.14929200000000087,4.449999999999989,2.6969696969696892,11.594588,11.503455,12.216893,10.664933,10.814225,136.25,29649425.0,24545.7,,,,,1,Friday
NIFTY_WEEK,2026-08-07,24550,PE,0,55.0,15:39,1.0,1.2607142857142841,96.35,-13.544369486248053,21.328489880643485,1.0750000000000017,12523810.0,-584025.0,-0.8732570000000006,0.06172839506172489,10.864197530864212,1.0607142857142884,9855885.0,-1461070.0,0.5980619999999988,-1.5653220951234164,10.95725466586393,1.0888888888888886,4156620.0,-1483820.0,-0.12270799999999937,3.1000000000000085,2.458923512747885,11.033869,10.441853,9.4503,10.247244,10.124536,81.75,37499670.0,24545.7,,,,,1,Friday
NIFTY_WEEK,2026-08-07,24600,CE,1,55.0,15:39,1.0,1.6285714285714274,103.9,9.528392685274293,16.16939364773822,0.7999999999999982,16693885.0,-2647255.0,0.5749279999999999,-5.714285714285709,12.42424242424242,1.3428571428571436,13028535.0,-2038725.0,-1.2771619999999988,0.7407407407407381,8.564814814814815,1.6666666666666652,7565545.0,-1858740.0,0.08829199999999915,3.950000000000003,2.4254385964912313,11.467135,11.367306,11.994461,10.630814,10.719106,108.8,49973235.0,24545.7,,,,,1,Friday
NIFTY_WEEK,2026-08-07,24600,PE,1,55.0,15:39,1.0,1.6035714285714266,119.7,-12.113617376775272,18.42105263157894,1.278571428571425,11898445.0,-221390.0,-0.9458660000000005,1.3671874999999916,10.25390625,1.2142857142857153,9958780.0,-1493635.0,0.8266589999999994,-0.8953817153628546,9.84919886899152,1.25,5497180.0,-1456390.0,-0.08667499999999961,3.299999999999997,2.057906458797328,10.954475,10.256868,9.164362,10.215622,10.128947,105.15,36486840.0,24545.7,,,,,1,Friday
NIFTY_WEEK,2026-08-07,24650,CE,2,55.0,15:39,1.0,1.3285714285714292,82.2,9.85401459854014,18.004866180048676,0.7285714285714278,9547850.0,-1429480.0,0.4675079999999987,-7.053716766142159,14.378730330982094,1.0785714285714303,7860255.0,-1412515.0,-1.2002680000000012,1.352941176470595,9.764705882352938,1.2833333333333345,3729310.0,-1154790.0,0.1240559999999995,3.8999999999999915,2.935483870967734,11.488301,11.330842,11.8824,10.618867,10.742923,86.15,27375400.0,24545.7,,,,,1,Friday
NIFTY_WEEK,2026-08-07,24650,PE,2,55.0,15:39,1.0,1.7321428571428552,148.3,-11.328388401888072,16.958867161159812,1.3714285714285748,3492190.0,-139750.0,-1.1453749999999996,1.242236024844716,9.899068322981366,1.328571428571428,2662985.0,-397215.0,0.9802619999999997,-0.49093655589124297,8.987915407854988,1.4833333333333358,1310855.0,-304070.0,-0.05909300000000073,4.099999999999994,2.36701030927835,10.94952,10.219279,8.952703,10.132125,10.073032,131.75,10023845.0,24545.7,,,,,1,Friday
NIFTY_WEEK,2026-08-07,24550,SYNTH,0,,15:39,,,,,,,,,,,,,,,,,,,,,,,,,,,,,,,24545.7,55.20000000000073,33.849999999998545,-7.700000000000728,13.650000000001455,1,Friday
SENSEX_WEEK,2026-06-22,77000,CE,-2,6.0,15:29,0.0,,445.6,,,,,,,0.17953321364451402,2.771543985637348,1.619999999999982,399460.0,37060.0,-0.03610300000000066,,,,,,,,,13.480857,13.480857,13.480857,,13.444754,446.4,399460.0,77151.75,,,,,0,Monday
SENSEX_WEEK,2026-06-22,77000,PE,-2,6.0,15:29,0.0,,284.65,,,,,,,-3.407693658879322,5.972246618654489,2.880000000000007,579600.0,7300.0,-0.2743120000000001,,,,,,,,,11.609008,11.609008,11.609008,,11.334696,274.95,579600.0,77151.75,,,,,0,Monday
SENSEX_WEEK,2026-06-22,77100,CE,-1,27.0,15:29,0.0,,428.0,-3.621495327102804,15.630841121495322,8.32727272727272,811720.0,105900.0,0.13216099999999997,-7.818978793981755,9.655254116810804,4.471428571428565,744360.0,-63360.0,0.06817199999999879,,,,,,,,,12.842456,12.842456,13.198365,,13.266537,389.05,1556080.0,77151.75,,,,,0,Monday
SENSEX_WEEK,2026-06-22,77100,PE,-1,27.0,15:29,0.0,,327.0,0.44342507645259593,13.700305810397555,8.368181818181819,901080.0,-36840.0,-0.4888969999999997,2.2665166371965957,9.934094197074417,3.1464285714285722,700680.0,-77560.0,-0.8293540000000004,,,,,,,,,13.019603,13.019603,12.023579,,11.194225,318.1,1601760.0,77151.75,,,,,0,Monday
SENSEX_WEEK,2026-06-22,77200,CE,0,45.0,15:29,0.0,3.4357142857142913,382.4,-6.106171548117145,24.372384937238504,8.696428571428575,1500660.0,63300.0,0.06214699999999951,-8.374983114953398,10.779413751181965,4.085714285714289,793900.0,-195370.0,0.042259999999998854,,,,,,,0.9000000000000341,0.26195426195427146,12.965902,12.8145,13.161649,,13.203909,339.15,2868020.0,77151.75,,,,,0,Monday
SENSEX_WEEK,2026-06-22,77200,PE,0,45.0,15:29,0.0,3.3785714285714334,367.2,2.042483660130719,21.868191721132902,8.56428571428572,1690060.0,-190320.0,-0.5683340000000001,1.7742386141380337,9.360156468287231,3.4178571428571525,799900.0,-131680.0,-0.9631740000000004,,,,,,,4.899999999999977,1.4503171247357205,13.172194,12.99516,11.951338,,10.988164,364.25,3009380.0,77151.75,,,,,0,Monday
SENSEX_WEEK,2026-06-22,77300,CE,1,45.0,15:29,0.0,3.067857142857142,333.25,-5.926481620405101,25.85146286571644,7.317857142857138,932920.0,13320.0,0.1147380000000009,-9.097942132136772,11.264118830264577,3.914285714285711,612460.0,-102500.0,0.0024850000000000705,,,,,,,2.75,0.8963911525029106,12.953004,12.790496,13.150571,,13.153056,293.75,1983500.0,77151.75,,,,,0,Monday
SENSEX_WEEK,2026-06-22,77300,PE,1,45.0,15:29,0.0,3.482142857142857,420.0,1.9047619047619047,20.654761904761905,9.335714285714289,906180.0,-132240.0,-0.6275070000000014,3.2116253510807264,8.657955794358283,4.017857142857147,449800.0,-48020.0,-0.8490280000000006,,,,,,,2.349999999999966,0.6748717948717851,13.157847,13.04207,11.882974,,11.033946,422.6,1693340.0,77151.75,,,,,0,Monday
SENSEX_WEEK,2026-06-22,77400,CE,2,45.0,15:29,0.0,3.2214285714285773,289.75,-6.505608283002596,27.1786022433132,6.603571428571432,532760.0,-1020.0,0.07537199999999977,-10.082378223495695,11.407593123209168,3.6535714285714187,451160.0,-87360.0,-0.051009000000000526,,,,,,,2.6499999999999773,0.8226164079822531,12.92773,12.815101,13.101272,,13.050263,251.05,1211180.0,77151.75,,,,,0,Monday
SENSEX_WEEK,2026-06-22,77400,PE,2,45.0,15:29,0.0,4.053571428571424,476.8,2.03439597315436,20.05033557046979,10.042857142857148,367580.0,-52940.0,-0.6518629999999987,2.223172295852924,8.454467721248399,4.014285714285718,204360.0,-56460.0,-1.0893119999999996,,,,,,,5.650000000000034,1.3938325991189526,13.212831,13.083806,11.892513,,10.803201,478.2,681520.0,77151.75,,,,,0,Monday
SENSEX_WEEK,2026-06-22,77200,SYNTH,0,,15:29,,,,,,,,,,,,,,,,,,,,,,,,,,,,,,,77151.75,103.5399999999936,132.02999999999884,-37.35000000000582,-65.84000000001106,0,Monday
SENSEX_WEEK,2026-06-23,76100,CE,-2,9.0,15:29,0.0,,438.45,,,,,,,-10.331850838179955,13.992473486144377,7.762499999999996,368280.0,93540.0,-1.3485320000000023,,,,,,,,,16.660672,16.660672,16.660672,,15.31214,393.15,368280.0,76296.25,,,,,0,Tuesday
SENSEX_WEEK,2026-06-23,76100,PE,-2,9.0,15:29,0.0,,292.7,,,,,,,17.287324906047154,24.581482746839765,12.762500000000003,806960.0,-12840.0,1.6839119999999994,,,,,,,,,13.989089,13.989089,13.989089,,15.673001,343.3,806960.0,76296.25,,,,,0,Tuesday
SENSEX_WEEK,2026-06-23,76200,CE,-1,22.0,15:29,0.0,,405.7,-1.7993591323638185,11.400049297510476,5.76666666666668,369020.0,147840.0,0.02274599999999971,-12.999874639588821,15.632443274413944,7.674999999999995,889860.0,79000.0,0.2118909999999996,,,,,,,,,15.114509,15.114509,15.266831,,15.478722,347.0,1258880.0,76296.25,,,,,0,Tuesday
SENSEX_WEEK,2026-06-23,76200,PE,-1,22.0,15:29,0.0,,280.15,7.085489916116375,16.134213814028197,6.6916666666666815,875680.0,42840.0,0.6083410000000011,32.40630829235203,37.91758521282008,12.103571428571424,1621620.0,11340.0,1.7740349999999996,,,,,,,,,13.483595,13.483595,13.782854,,15.556889,390.4,2497300.0,76296.25,,,,,0,Tuesday
SENSEX_WEEK,2026-06-23,76300,CE,0,30.0,15:29,0.0,,360.0,-3.6944444444444478,40.68055555555555,6.335714285714293,1100720.0,191620.0,0.9514479999999992,-13.557124333669503,16.524996398213517,7.26071428571428,921300.0,145140.0,0.21214900000000014,,,,,,,,,14.146978,14.146978,15.214498,,15.426647,300.0,2022020.0,76296.25,,,,,0,Tuesday
SENSEX_WEEK,2026-06-23,76300,PE,0,30.0,15:29,0.0,,337.0,3.3531157270029706,41.543026706231466,8.807142857142859,1801740.0,-18520.0,-0.936375,28.55270821199768,34.6389050669773,12.903571428571423,931640.0,-101860.0,1.6726469999999996,,,,,,,,,14.995983,14.995983,13.752488,,15.425135,441.45,2733380.0,76296.25,,,,,0,Tuesday
SENSEX_WEEK,2026-06-23,76400,CE,1,30.0,15:29,0.0,,312.0,-3.5897435897435863,43.91025641025641,5.1714285714285655,854980.0,70220.0,0.9111890000000002,-14.344941956882256,16.600331674958543,6.4535714285714265,578480.0,-11120.0,0.17410100000000028,,,,,,,,,14.207042,14.207042,15.241229,,15.41533,258.25,1433460.0,76296.25,,,,,0,Tuesday
SENSEX_WEEK,2026-06-23,76400,PE,1,30.0,15:29,0.0,,388.95,3.5094485152333292,38.69391952693148,8.675000000000008,1344140.0,-146020.0,-0.9760019999999994,25.51776076314798,31.467302623321203,13.267857142857151,521660.0,-98460.0,1.6413829999999994,,,,,,,,,15.056709,15.056709,13.788126,,15.429509,500.0,1865800.0,76296.25,,,,,0,Tuesday
SENSEX_WEEK,2026-06-23,76500,CE,2,44.0,15:29,0.0,5.365384615384607,270.7,-4.4329516069449575,43.86775027705949,5.014285714285718,1911580.0,-6140.0,0.7599719999999994,-15.14683153013911,16.9435857805255,5.635714285714282,1306880.0,-47700.0,0.14976200000000084,,,,,,,5.400000000000006,1.0064516129032284,13.179134,14.354618,15.205186,,15.354948,219.6,4233400.0,76296.25,,,,,0,Tuesday
SENSEX_WEEK,2026-06-23,76500,PE,2,44.0,15:29,0.0,8.273076923076928,448.45,2.3302486341844104,37.060987847028656,9.882142857142854,2070900.0,-339360.0,-1.2653339999999993,23.757149142102946,28.882534095908493,14.235714285714282,830980.0,-97740.0,1.7545770000000012,,,,,,,2.8999999999999773,0.35053463505346055,14.875912,15.251854,13.674119,,15.428696,562.6,4052320.0,76296.25,,,,,0,Tuesday
SENSEX_WEEK,2026-06-23,76300,SYNTH,0,,15:29,,,,,,,,,,,,,,,,,,,,,,,,,,,,,,,76296.25,81.58999999999651,46.620000000009895,-145.09999999999127,-110.13000000000466,0,Tuesday
SENSEX_WEEK,2026-06-24,77000,CE,-1,29.0,15:29,0.0,,303.3,-21.36498516320475,30.67919551599076,9.35384615384616,5782440.0,89280.0,-0.9391829999999999,-15.379706445437138,27.313337587747277,9.77857142857143,5779560.0,-367100.0,-1.8165560000000003,,,,,,,,,15.262506,15.262506,16.621136,,14.80458,265.2,11562000.0,77058.14,,,,,0,Wednesday
SENSEX_WEEK,2026-06-24,77000,PE,-1,29.0,15:29,0.0,,212.95,13.712138999765212,20.873444470532984,5.553846153846155,8793360.0,-392280.0,-0.8684130000000003,10.087348548887014,46.914623837700766,7.471428571428571,7132940.0,-667320.0,0.26684400000000075,,,,,,,,,13.360976,13.360976,10.77212,,11.038964,195.35,15926300.0,77058.14,,,,,0,Wednesday
SENSEX_WEEK,2026-06-24,77100,CE,0,45.0,15:29,0.0,8.789285714285727,251.55,-24.309282448817335,31.623931623931625,8.325000000000003,5683020.0,-175760.0,-0.2946270000000002,-18.51637764932563,28.90173410404624,8.967857142857147,3806660.0,-307860.0,-1.9149000000000012,,,,,,,16.600000000000023,1.8886631450629823,14.010962,14.411202,16.335038,,14.420138,211.45,14394340.0,77058.14,,,,,0,Wednesday
SENSEX_WEEK,2026-06-24,77100,PE,0,45.0,15:29,0.0,7.807142857142858,262.1,12.20908050362457,26.192293017932077,6.099999999999999,5019420.0,-302920.0,-1.8915170000000003,9.576888080072784,43.107370336669696,7.824999999999995,2600200.0,-265820.0,0.3092389999999998,,,,,,,10.900000000000006,1.3961573650503207,15.005108,14.137305,10.24806,,10.557299,240.85,11655480.0,77058.14,,,,,0,Wednesday
SENSEX_WEEK,2026-06-24,77200,CE,1,45.0,15:29,0.0,7.449999999999997,202.75,-25.79531442663379,34.47595561035759,6.9214285714285735,5934260.0,-288100.0,-0.2257889999999989,-18.609159195541558,30.04603828446814,7.728571428571426,4208880.0,-360860.0,-1.5131990000000002,,,,,,,13.200000000000017,1.7718120805369157,13.937471,14.242434,15.774905,,14.261706,167.95,16145020.0,77058.14,,,,,0,Wednesday
SENSEX_WEEK,2026-06-24,77200,PE,1,45.0,15:29,0.0,9.132142857142858,309.05,14.593107911341194,25.59456398640997,6.900000000000006,2576220.0,-190780.0,-1.683152999999999,6.277533039647586,37.95888399412628,9.135714285714284,1485900.0,-174160.0,-0.07537899999999986,,,,,,,14.899999999999977,1.6315995307000364,15.060436,13.725988,9.790784,,9.715405,289.5,6360600.0,77058.14,,,,,0,Wednesday
SENSEX_WEEK,2026-06-24,77300,CE,2,45.0,15:29,0.0,6.4535714285714265,159.75,-27.386541471048513,36.33802816901409,5.960714285714289,4673420.0,-296480.0,-0.16744199999999942,-22.424242424242426,31.696969696969695,7.04285714285714,3862160.0,-194820.0,-1.6190440000000006,,,,,,,12.050000000000011,1.867183176535697,13.912873,14.047371,15.556929,,13.937885,128.0,12537000.0,77058.14,,,,,0,Wednesday
SENSEX_WEEK,2026-06-24,77300,PE,2,45.0,15:29,0.0,9.625000000000004,369.65,13.39104558366022,22.643040714189095,8.021428571428569,1070680.0,-102680.0,-2.0366230000000005,7.987072945521714,35.11849799938442,10.046428571428587,521140.0,-52680.0,0.33013399999999926,,,,,,,11.699999999999989,1.215584415584414,15.203364,13.723019,8.650033,,8.980167,350.85,2482760.0,77058.14,,,,,0,Wednesday
SENSEX_WEEK,2026-06-24,77100,SYNTH,0,,15:29,,,,,,,,,,,,,,,,,,,,,,,,,,,,,,,77058.14,134.39999999999418,93.77999999999884,-69.09999999999127,-28.479999999995925,0,Wednesday
SENSEX_WEEK,2026-06-25,77100,CE,0,28.0,15:29,0.0,,52.25,-83.63636363636364,212.44019138755982,7.166666666666667,124661320.0,7216820.0,-3.416784,-92.06349206349206,165.87301587301587,0.7692307692307693,139113860.0,-2942300.0,-1.011215,,,,,,,,,10.672153,4.787107,1.45796,,0.446745,0.5,265052820.0,77119.7,,,,,0,Thursday
SENSEX_WEEK,2026-06-25,77100,PE,0,28.0,15:29,0.0,,53.2,-62.5,149.15413533834584,6.579166666666667,142991720.0,2843920.0,-5.864089,-99.48453608247422,135.82474226804123,1.961538461538461,104807780.0,-3683400.0,-1.546272,,,,,,,,,8.82517,8.075305,1.546272,,0.0,0.1,251169300.0,77119.7,,,,,0,Thursday
SENSEX_WEEK,2026-06-25,77200,CE,1,43.0,15:29,0.0,11.183333333333332,15.95,-96.8652037617555,352.03761755485897,1.9321428571428572,165610280.0,7932200.0,-2.7140789999999995,-90.9090909090909,109.09090909090908,0.050000000000000024,35714700.0,-4247800.0,-0.7709390000000003,,,,,,,0.05,0.004470938897168406,5.090244,5.415829,2.914413,,2.143474,0.05,246524160.0,77119.7,,,,,0,Thursday
SENSEX_WEEK,2026-06-25,77200,PE,1,43.0,15:29,0.0,10.287500000000001,116.9,-4.362703165098382,89.77758768177931,12.114285714285716,55847860.0,-3011420.0,-4.199505,-12.074303405572747,22.069880583812477,2.160714285714287,10520860.0,-1127080.0,-2.950051,,,,,,,0.5,0.04860267314702308,14.361088,9.119647,2.950051,,0.0,99.4,116662740.0,77119.7,,,,,0,Thursday
SENSEX_WEEK,2026-06-25,77300,CE,2,45.0,15:29,0.0,8.232142857142858,6.85,-95.62043795620438,368.6131386861314,0.6321428571428572,82131640.0,-2269520.0,-2.4203149999999996,-75.0,125.0,0.03214285714285715,12615040.0,-1909960.0,-0.5518619999999994,,,,,,,0.0,0.0,6.809884,6.87543,4.384357,,3.832495,0.05,170094400.0,77119.7,,,,,0,Thursday
SENSEX_WEEK,2026-06-25,77300,PE,2,45.0,15:29,0.0,16.078571428571426,208.05,1.4900264359528932,52.7998077385244,12.71428571428572,15066500.0,-1553580.0,-4.25081,-5.911446066886486,11.469618464437115,2.232142857142853,2228420.0,-445400.0,0.0,,,,,,,0.9499999999999886,0.05908485117725386,16.480077,11.95983,0.0,,0.0,199.75,47189780.0,77119.7,,,,,0,Thursday
SENSEX_WEEK,2026-06-25,77100,SYNTH,0,,15:29,,,,,,,,,,,,,,,,,,,,,,,,,,,,,,,77119.7,4.4099999999889405,15.459999999991851,13.5,2.4499999999970896,0,Thursday
SENSEX_WEEK,2026-06-29,76700,CE,-1,35.0,15:25,0.0,9.477777777777773,505.4,-4.194697269489511,15.284922833399289,7.615384615384611,485140.0,16140.0,0.0975950000000001,-0.2793007137684954,8.999689665873591,6.334999999999991,413220.0,-46560.0,-1.0006149999999998,,,,,,,,,16.142044,15.396405,15.826943,,14.826328,482.0,1191460.0,76801.67,,,,,0,Monday
SENSEX_WEEK,2026-06-29,76700,PE,-1,35.0,15:25,0.0,9.027777777777779,399.8,4.427213606803399,20.472736368184098,10.415384615384617,737480.0,11380.0,-0.06508999999999965,-11.139744640974582,12.95537073913553,8.594999999999999,451800.0,-5120.0,-0.7851609999999987,,,,,,,,,16.104106,15.797162,15.732795,,14.947634,379.3,1772000.0,76801.67,,,,,0,Monday
SENSEX_WEEK,2026-06-29,76800,CE,0,45.0,15:29,0.0,11.589285714285722,480.0,-10.15625,20.0,7.989285714285708,638640.0,1460.0,0.03928200000000004,-0.8435405592789409,9.533163854864803,6.739285714285716,444960.0,-74460.0,-1.9219550000000005,,,,,,,16.30000000000001,1.4064714946070878,15.87318,15.369884,15.797171,,13.875216,429.05,1531560.0,76801.67,,,,,0,Monday
SENSEX_WEEK,2026-06-29,76800,PE,0,45.0,15:29,0.0,12.535714285714278,407.5,14.073619631901845,40.269938650306756,13.224999999999998,846420.0,-25740.0,0.3766429999999996,-12.611853879355719,14.117275502684496,7.42142857142857,422340.0,-42180.0,-0.2759400000000003,,,,,,,4.149999999999977,0.33105413105412945,16.164932,15.283485,15.662793,,15.386853,415.05,1842180.0,76801.67,,,,,0,Monday
SENSEX_WEEK,2026-06-29,76900,CE,1,45.0,15:29,0.0,10.06071428571428,431.4,-10.62818729717199,19.367176634214193,7.746428571428562,451980.0,-6720.0,0.020798000000000982,-1.3571151609150833,10.02972728447719,6.3321428571428555,322260.0,-49660.0,-1.849718000000001,,,,,,,16.44999999999999,1.635072772452964,15.814597,15.431617,15.813313,,13.963595,381.6,1045420.0,76801.67,,,,,0,Monday
SENSEX_WEEK,2026-06-29,76900,PE,1,45.0,15:29,0.0,14.724999999999985,454.7,14.581042445568508,36.37563228502309,14.657142857142864,379100.0,-23900.0,0.569153,-11.704234650570585,13.081203432990668,7.710714285714289,210740.0,-28840.0,-0.22418400000000105,,,,,,,1.1999999999999886,0.08149405772495687,16.107801,15.20318,15.717828,,15.493644,468.1,799240.0,76801.67,,,,,0,Monday
SENSEX_WEEK,2026-06-29,77000,CE,2,45.0,15:29,0.0,10.435714285714283,383.2,-10.464509394572016,18.854384133611692,6.6714285714285735,1032640.0,-14920.0,0.10273600000000016,-2.4837545126353855,9.94945848375451,5.814285714285712,1109060.0,-4800.0,-1.8565229999999993,,,,,,,17.700000000000045,1.6960985626283416,15.845854,15.383763,15.893756,,14.037233,337.65,2688040.0,76801.67,,,,,0,Monday
SENSEX_WEEK,2026-06-29,77000,PE,2,45.0,15:29,0.0,15.671428571428578,510.5,12.673849167482869,36.83643486777669,14.678571428571429,659680.0,-20720.0,0.3991189999999989,-10.280133641737343,11.856420800137057,7.607142857142857,424080.0,-61500.0,-0.026510000000000034,,,,,,,2.5,0.15952597994530532,16.059049,15.296293,15.590799,,15.564289,523.65,1433660.0,76801.67,,,,,0,Monday
SENSEX_WEEK,2026-06-29,76800,SYNTH,0,,15:29,,,,,,,,,,,,,,,,,,,,,,,,,,,,,,,76801.67,71.99000000000524,24.44000000000233,56.25,103.80000000000291,0,Monday
SENSEX_WEEK,2026-06-30,76400,CE,0,12.0,15:14,0.0,,407.05,18.044466281783563,30.770175654096548,16.431818181818166,759640.0,128220.0,2.341894,,,,,,,,,,,,,,,15.731592,15.731592,,,18.073486,480.5,759640.0,76412.88,,,,,0,Tuesday
SENSEX_WEEK,2026-06-30,76400,PE,0,12.0,15:14,0.0,,289.1,-23.175371843652723,38.7409200968523,16.19090909090909,1324060.0,50760.0,-2.1270740000000004,,,,,,,,,,,,,,,13.300998,13.300998,,,11.173924,222.1,1324060.0,76412.88,,,,,0,Tuesday
SENSEX_WEEK,2026-06-30,76500,CE,1,28.0,15:27,0.0,,357.4,21.474538332400673,31.575265808617786,13.21071428571428,2076860.0,350800.0,2.529857999999999,-2.1546788799833503,13.531799729364005,5.762499999999998,1255980.0,-223400.0,-2.1345419999999997,,,,,,,,,15.752279,15.752279,19.755167,,17.620625,470.0,3332840.0,76412.88,,,,,0,Tuesday
SENSEX_WEEK,2026-06-30,76500,PE,1,28.0,15:27,0.0,,340.35,-22.374026737182323,37.15293080652269,14.83928571428571,2259800.0,-159200.0,-2.41808,4.775280898876413,25.72565543071161,5.083333333333336,1386240.0,42340.0,1.9873180000000001,,,,,,,,,13.366727,13.366727,9.286206,,11.273524,223.8,3646040.0,76412.88,,,,,0,Tuesday
SENSEX_WEEK,2026-06-30,76600,CE,2,34.0,15:29,0.0,15.6833333333333,311.65,20.90486122252528,31.87871009144873,10.767857142857139,967400.0,51120.0,2.1153330000000015,-2.9642857142857117,13.726190476190473,4.582142857142851,924980.0,-119740.0,-4.2575210000000006,,,,,,,10.399999999999977,0.6631243358129649,14.276663,15.760218,19.259919,,15.002398,407.55,2169420.0,76412.88,,,,,0,Tuesday
SENSEX_WEEK,2026-06-30,76600,PE,2,34.0,15:29,0.0,23.150000000000016,395.0,-23.088607594936704,35.56962025316456,16.86428571428571,1280720.0,-134340.0,-3.0076170000000015,3.7509976057462113,23.124501197126893,5.092857142857142,747980.0,-72440.0,4.139082,,,,,,,0.05000000000001137,0.002159827213823384,13.790423,13.367361,8.630258,,12.76934,260.0,2534480.0,76412.88,,,,,0,Tuesday
SENSEX_WEEK,2026-06-30,76400,SYNTH,0,,15:14,,,,,,,,,,,,,,,,,,,,,,,,,,,,,,,76412.88,,210.56999999999243,,,0,Tuesday
SENSEX_WEEK,2026-07-01,76900,CE,-1,24.0,15:29,0.0,,274.7,1.1831088460138333,17.0367673825992,6.778571428571419,1928880.0,-31400.0,1.4388249999999996,-13.975694444444445,18.090277777777764,7.217857142857123,2316200.0,-187940.0,-0.7746569999999977,,,,,,,,,15.172197,14.76654,16.375102,,15.600445,247.75,4454100.0,76979.36,,,,,0,Wednesday
SENSEX_WEEK,2026-07-01,76900,PE,-1,24.0,15:29,0.0,,201.3,-3.775459513164442,22.42921013412817,7.685714285714288,3457120.0,-270780.0,-1.4621680000000001,4.271488469601665,13.967505241090148,5.08214285714286,4325080.0,-625980.0,-0.9831230000000009,,,,,,,,,15.707439,14.435012,13.20804,,12.224917,198.95,8201820.0,76979.36,,,,,0,Wednesday
SENSEX_WEEK,2026-07-01,77000,CE,0,45.0,15:29,0.0,8.599999999999994,232.9,-3.8428510090167527,44.48261056247317,7.324999999999998,10253480.0,-423860.0,1.5593810000000001,-15.493263798348547,20.708387657540204,6.160714285714284,5518560.0,-692880.0,-0.6993749999999999,,,,,,,4.949999999999989,0.5755813953488362,15.32744,14.318116,15.858706,,15.159331,194.45,23439720.0,76979.36,,,,,0,Wednesday
SENSEX_WEEK,2026-07-01,77000,PE,0,45.0,15:29,0.0,8.93214285714287,252.05,-5.316405475104148,28.744296766514577,7.8500000000000085,9603040.0,-422700.0,-2.986288,4.4769785699129985,12.200297050710788,5.767857142857149,4646020.0,-876420.0,-1.1049750000000014,,,,,,,11.800000000000011,1.321071571371451,15.267833,15.551705,12.862372,,11.757397,246.2,20554980.0,76979.36,,,,,0,Wednesday
SENSEX_WEEK,2026-07-01,77100,CE,1,45.0,15:29,0.0,7.671428571428568,185.95,-4.62489916644259,51.59989244420542,7.221428571428575,5803560.0,-354700.0,1.329936,-18.03720679428417,22.593691021838776,5.946428571428568,2866620.0,-428880.0,-0.7948579999999996,,,,,,,4.75,0.6191806331471139,15.202705,14.289019,15.780027,,14.985169,152.0,12715560.0,76979.36,,,,,0,Wednesday
SENSEX_WEEK,2026-07-01,77100,PE,1,45.0,15:29,0.0,9.849999999999998,304.4,-4.090013140604464,27.316031537450726,8.839285714285719,3011160.0,-170200.0,-3.3205039999999997,6.8106601637345445,11.252395053126635,6.424999999999999,1228140.0,-231600.0,-0.8511219999999984,,,,,,,8.0,0.8121827411167515,15.249633,15.496476,12.435308,,11.584186,306.6,6281580.0,76979.36,,,,,0,Wednesday
SENSEX_WEEK,2026-07-01,77200,CE,2,45.0,15:29,0.0,6.424999999999999,146.0,-6.232876712328763,58.15068493150685,6.114285714285716,5586000.0,-227760.0,1.0680040000000002,-18.238774799860774,24.921684650191445,5.207142857142858,2965080.0,-398760.0,-0.5713090000000012,,,,,,,6.25,0.9727626459143971,15.16508,14.275894,15.481578,,14.910269,117.45,12138860.0,76979.36,,,,,0,Wednesday
SENSEX_WEEK,2026-07-01,77200,PE,2,45.0,15:29,0.0,11.52142857142856,363.8,-3.449697636063774,26.044529961517316,9.482142857142852,1392260.0,-63540.0,-3.880578,5.0552922590837355,10.900473933649288,7.178571428571421,562880.0,-90800.0,-1.4368789999999994,,,,,,,12.100000000000023,1.0502169869807843,15.186645,15.492155,12.105803,,10.668924,365.75,2740220.0,76979.36,,,,,0,Wednesday
SENSEX_WEEK,2026-07-01,77000,SYNTH,0,,15:29,,,,,,,,,,,,,,,,,,,,,,,,,,,,,,,76979.36,69.47000000000116,74.69999999999709,-46.19999999999709,-51.429999999993015,0,Wednesday
SENSEX_WEEK,2026-07-02,77400,CE,-1,5.0,15:29,0.0,,87.85,,,,,,,15.537848605577695,30.677290836653395,7.8125,13115040.0,-596960.0,-57.553168,,,,,,,,,57.553168,57.553168,57.553168,,0.0,101.5,13115040.0,77500.87,,,,,0,Thursday
SENSEX_WEEK,2026-07-02,77400,PE,-1,5.0,15:29,0.0,,1.1,,,,,,,-95.45454545454545,95.45454545454545,0.26250000000000007,21241640.0,-2398560.0,-5.15623,,,,,,,,,5.15623,5.15623,5.15623,,0.0,0.05,21241640.0,77500.87,,,,,0,Thursday
SENSEX_WEEK,2026-07-02,77500,CE,0,44.0,15:29,0.0,4.796153846153842,51.45,-90.18464528668612,181.72983479105926,8.178571428571429,190645600.0,4507620.0,-13.790864999999998,-50.72463768115943,178.26086956521738,0.7821428571428571,177127320.0,-4696400.0,-7.558228,,,,,,,1.0000000000000002,0.20850040096230976,25.166542,22.120433,7.558228,,0.0,1.7,429438000.0,77500.87,,,,,0,Thursday
SENSEX_WEEK,2026-07-02,77500,PE,0,44.0,15:29,0.0,4.538461538461539,57.1,-64.09807355516638,111.646234676007,7.557142857142858,156216540.0,1733160.0,-25.14591,-99.74293059125964,127.76349614395887,2.664285714285714,130038580.0,-4730080.0,0.0,,,,,,,0.2,0.044067796610169484,26.97618,25.14591,0.0,,0.0,0.05,344364800.0,77500.87,,,,,0,Thursday
SENSEX_WEEK,2026-07-02,77600,CE,1,45.0,15:29,0.0,3.7535714285714294,18.25,-98.63013698630137,273.6986301369863,1.9357142857142862,167314920.0,42760.0,-10.018975999999999,-83.33333333333334,100.0,0.03928571428571428,30562920.0,-2877680.0,-14.360684,,,,,,,0.05,0.013320647002854421,26.342057,23.413161,14.360684,,0.0,0.05,279311020.0,77500.87,,,,,0,Thursday
SENSEX_WEEK,2026-07-02,77600,PE,1,45.0,15:29,0.0,7.1464285714285705,126.5,-8.853754940711465,49.40711462450593,12.692857142857141,32643160.0,-386100.0,-28.585736,-15.669393026259149,23.719328454584595,3.02857142857143,8934920.0,-774260.0,0.0,,,,,,,0.3500000000000085,0.04897551224387926,28.535817,28.585736,0.0,,0.0,97.95,61369360.0,77500.87,,,,,0,Thursday
SENSEX_WEEK,2026-07-02,77700,CE,2,45.0,15:29,0.0,2.1464285714285722,6.15,-97.5609756097561,331.70731707317077,0.5499999999999999,74840200.0,-4133540.0,-4.523554000000001,-66.66666666666667,100.00000000000001,0.014285714285714287,6852000.0,-1410880.0,-22.02444,,,,,,,0.0,0.0,28.006089,25.676794,22.02444,,0.0,0.05,151699180.0,77500.87,,,,,0,Thursday
SENSEX_WEEK,2026-07-02,77700,PE,2,45.0,15:29,0.0,9.367857142857142,214.5,0.16317016317016053,32.98368298368298,14.432142857142855,6007040.0,-358320.0,-33.927501,-8.495370370370368,12.870370370370374,3.06785714285714,1266540.0,-102380.0,0.0,,,,,,,0.75,0.08006099885627145,31.94678,33.927501,0.0,,0.0,197.65,12745260.0,77500.87,,,,,0,Thursday
SENSEX_WEEK,2026-07-02,77500,SYNTH,0,,15:29,,,,,,,,,,,,,,,,,,,,,,,,,,,,,,,77500.87,9.259999999994761,51.7899999999936,17.64999999999418,-24.880000000004657,0,Thursday
SENSEX_WEEK,2026-07-03,77800,CE,0,45.0,15:29,0.0,8.124999999999996,434.2,-2.8212805158912944,11.07784431137725,6.21785714285714,1119060.0,-47560.0,-0.41292800000000085,3.1052886948083485,9.70402717127608,6.200000000000001,686380.0,-140460.0,0.02330999999999861,,,,,,,10.600000000000023,1.304615384615388,9.847208,9.740448,9.12625,,9.14956,425.0,2594700.0,77761.22,,,,,0,Friday
SENSEX_WEEK,2026-07-03,77800,PE,0,45.0,15:29,0.0,9.267857142857142,432.35,-2.093211518445706,14.768127674337924,6.2035714285714265,1088860.0,-66480.0,-0.12296800000000019,-9.740482451126104,13.14736481079227,6.521428571428577,755020.0,-71740.0,-0.8077309999999986,,,,,,,2.8000000000000114,0.3021194605009646,12.319565,11.947704,12.14167,,11.333939,394.75,3348480.0,77761.22,,,,,0,Friday
SENSEX_WEEK,2026-07-03,77900,CE,1,45.0,15:29,0.0,7.0071428571428624,383.6,-2.919708029197092,11.52241918665276,5.621428571428567,642540.0,-57600.0,-0.3756989999999991,3.9663958132488575,10.466877840517835,5.971428571428581,477540.0,-94380.0,0.08779999999999966,,,,,,,9.900000000000034,1.4128440366972514,9.908292,9.757672,9.188457,,9.276257,377.45,1723960.0,77761.22,,,,,0,Friday
SENSEX_WEEK,2026-07-03,77900,PE,1,45.0,15:29,0.0,9.767857142857139,482.85,-1.7293155224189753,14.05198301750025,6.867857142857141,634960.0,-21940.0,-0.09800500000000056,-7.981124333196549,12.156339762002462,7.142857142857143,429600.0,-72700.0,-0.6918889999999998,,,,,,,8.800000000000011,0.9009140767824513,12.303585,11.987764,12.173878,,11.481989,448.5,1763000.0,77761.22,,,,,0,Friday
SENSEX_WEEK,2026-07-03,78000,CE,2,45.0,15:29,0.0,6.157142857142852,339.8,-3.9434961742201393,12.904649793996473,5.664285714285707,1314160.0,-98120.0,-0.42478199999999866,4.793336476504794,11.01681596731102,4.760714285714292,1282420.0,-226700.0,0.1336510000000004,,,,,,,8.100000000000023,1.3155452436194943,9.998039,9.843675,9.248591,,9.382242,333.4,3612660.0,77761.22,,,,,0,Friday
SENSEX_WEEK,2026-07-03,78000,PE,2,45.0,15:29,0.0,10.599999999999998,535.5,-1.9234360410830915,13.286647992530352,7.392857142857151,873260.0,-42320.0,-0.1406489999999998,-7.808610675762886,10.602009772287268,7.160714285714294,606040.0,-111940.0,-0.7617390000000004,,,,,,,4.449999999999989,0.419811320754716,12.317019,11.998393,12.247115,,11.485376,500.0,2337960.0,77761.22,,,,,0,Friday
SENSEX_WEEK,2026-07-03,77800,SYNTH,0,,15:29,,,,,,,,,,,,,,,,,,,,,,,,,,,,,,,77761.22,8.510000000009313,41.50999999999476,55.39999999999418,22.40000000000873,0,Friday
SENSEX_WEEK,2026-07-06,78300,CE,0,45.0,15:29,0.0,7.928571428571424,337.25,-1.5567086730911786,14.94440326167531,5.4178571428571525,1478180.0,-92540.0,-0.9822290000000002,2.948058025269065,5.958508812977701,2.432142857142858,770820.0,-86220.0,1.1761169999999996,,,,,,,3.0,0.37837837837837857,11.68953,11.341392,10.133141,,11.309258,330.0,3404720.0,78265.19,,,,,0,Monday
SENSEX_WEEK,2026-07-06,78300,PE,0,45.0,15:29,0.0,7.607142857142857,333.0,-2.567567567567571,20.330330330330327,5.996428571428562,1001920.0,-48060.0,0.4483429999999995,-0.7471432757105219,5.933196601230589,2.2607142857142963,773740.0,-75400.0,-0.8231999999999999,,,,,,,1.6000000000000227,0.21032863849765557,12.662041,12.247075,13.138401,,12.315201,338.75,2783240.0,78265.19,,,,,0,Monday
SENSEX_WEEK,2026-07-06,78400,CE,1,45.0,15:29,0.0,7.200000000000005,289.95,-2.5349198137609816,15.985514743921373,4.989285714285712,979240.0,-11620.0,-0.9759839999999986,2.498632135692148,5.799744665329213,2.0250000000000017,563280.0,-75560.0,1.002726000000001,,,,,,,2.0,0.2777777777777776,11.682154,11.393201,10.280054,,11.28278,281.0,2147620.0,78265.19,,,,,0,Monday
SENSEX_WEEK,2026-07-06,78400,PE,1,45.0,15:29,0.0,8.528571428571427,384.85,-2.2736130960114327,19.734961673379235,5.989285714285724,616080.0,24460.0,0.5098739999999999,-0.03829461322440063,5.399540464641301,2.1607142857142776,368860.0,-68140.0,-0.8078260000000004,,,,,,,0.39999999999997726,0.04690117252931058,12.628401,12.273759,13.167011,,12.359185,391.55,1462400.0,78265.19,,,,,0,Monday
SENSEX_WEEK,2026-07-06,78500,CE,2,45.0,15:29,0.0,6.135714285714284,244.45,-2.577214154223761,15.81100429535694,4.3500000000000005,1068900.0,-51100.0,-0.874307,3.9791258969341188,7.305936073059366,2.096428571428571,703880.0,-87080.0,1.0209799999999998,,,,,,,3.6999999999999886,0.6030267753201379,11.648648,11.335343,10.312976,,11.333956,239.1,2637400.0,78265.19,,,,,0,Monday
SENSEX_WEEK,2026-07-06,78500,PE,2,45.0,15:29,0.0,8.767857142857135,439.55,-2.172676601069278,17.847798885223533,6.8678571428571455,453860.0,-11120.0,0.5562269999999998,-0.8223135903989307,5.23391487943105,2.9571428571428435,279840.0,-73280.0,-1.0142430000000004,,,,,,,2.6499999999999773,0.30224032586557814,12.680294,12.240599,13.324149,,12.309906,446.25,1139500.0,78265.19,,,,,0,Monday
SENSEX_WEEK,2026-07-06,78300,SYNTH,0,,15:29,,,,,,,,,,,,,,,,,,,,,,,,,,,,,,,78265.19,-20.410000000003492,35.86999999999534,12.0,-44.279999999998836,0,Monday
SENSEX_WEEK,2026-07-07,78100,CE,-2,9.0,15:29,0.0,,282.6,,,,,,,-10.916489738145795,13.446567586694973,5.1187499999999915,635220.0,96340.0,0.05454899999999974,,,,,,,,,10.384325,10.384325,10.384325,,10.438874,251.75,635220.0,78330.39,,,,,0,Tuesday
SENSEX_WEEK,2026-07-07,78100,PE,-2,9.0,15:29,0.0,,250.85,,,,,,,12.417779549531595,21.168028702411796,7.318750000000005,1032920.0,-44040.0,0.15963200000000022,,,,,,,,,12.540917,12.540917,12.540917,,12.700549,282.0,1032920.0,78330.39,,,,,0,Tuesday
SENSEX_WEEK,2026-07-07,78200,CE,-1,23.0,15:29,0.0,,273.0,-11.813186813186814,22.802197802197803,6.164285714285711,914880.0,224860.0,-0.21171599999999913,-13.116123642439433,16.019214703425227,3.5071428571428567,1496920.0,6060.0,1.3497620000000001,,,,,,,,,9.739904,9.739904,9.273321,,10.623083,208.0,2411800.0,78330.39,,,,,0,Tuesday
SENSEX_WEEK,2026-07-07,78200,PE,-1,23.0,15:29,0.0,,244.7,21.965672251736823,36.575398447078044,10.578571428571438,1568900.0,-145800.0,1.354985000000001,13.688858695652177,19.921874999999996,5.735714285714279,1496340.0,-153760.0,-0.9851019999999995,,,,,,,,,12.371345,12.371345,13.72992,,12.744818,334.7,3065240.0,78330.39,,,,,0,Tuesday
SENSEX_WEEK,2026-07-07,78300,CE,0,30.0,15:29,0.0,,247.85,-20.859390760540645,40.52854549122454,7.478571428571428,1941060.0,88920.0,0.7309099999999997,-13.719979560551863,17.1691364333163,2.960714285714291,1255020.0,-38820.0,1.2000589999999995,,,,,,,,,8.991142,8.991142,9.532722,,10.732781,168.85,3196080.0,78330.39,,,,,0,Tuesday
SENSEX_WEEK,2026-07-07,78300,PE,0,30.0,15:29,0.0,,266.0,33.55263157894737,53.270676691729314,10.68928571428572,2982260.0,-251200.0,1.0183029999999995,12.810271041369466,18.302425106990007,6.192857142857146,1018860.0,-218100.0,-1.0738909999999997,,,,,,,,,12.971766,12.971766,13.98174,,12.907849,395.4,4001120.0,78330.39,,,,,0,Tuesday
SENSEX_WEEK,2026-07-07,78400,CE,1,45.0,15:29,0.0,3.142857142857147,202.35,-21.349147516679018,42.22881146528292,6.242857142857141,2168580.0,26000.0,0.6943980000000014,-14.824120603015073,18.027638190954768,2.714285714285712,1508840.0,-137040.0,1.0388000000000002,,,,,,,2.4000000000000057,0.7636363636363644,8.7818,9.255676,9.802868,,10.841668,135.6,4524320.0,78330.39,,,,,0,Tuesday
SENSEX_WEEK,2026-07-07,78400,PE,1,45.0,15:29,0.0,4.089285714285718,318.95,30.788524847154722,48.785076030725826,12.642857142857139,2306400.0,-441560.0,1.1222980000000007,12.051096649795133,17.25717040250662,6.749999999999992,836320.0,-124720.0,-1.1374659999999999,,,,,,,1.0,0.244541484716157,13.51569,13.145498,14.38677,,13.249304,464.9,3863280.0,78330.39,,,,,0,Tuesday
SENSEX_WEEK,2026-07-07,78500,CE,2,45.0,15:29,0.0,2.4464285714285694,163.5,-21.498470948012237,42.99694189602445,5.5464285714285735,3025620.0,-83000.0,0.6875789999999995,-15.46511627906977,19.92248062015503,2.3535714285714286,2142880.0,-42360.0,0.9386349999999997,,,,,,,1.9500000000000028,0.7970802919708048,9.137347,9.493289,10.078185,,11.01682,109.05,6201340.0,78330.39,,,,,0,Tuesday
SENSEX_WEEK,2026-07-07,78500,PE,2,45.0,15:29,0.0,4.40000000000001,378.25,28.327825512227356,45.829477858559166,12.953571428571438,2042260.0,-336260.0,1.261476,12.023612261806132,16.259320629660326,8.117857142857146,758580.0,-69120.0,-1.0552360000000007,,,,,,,6.399999999999977,1.454545454545446,13.750225,13.371079,14.755741,,13.700505,540.85,3403260.0,78330.39,,,,,0,Tuesday
SENSEX_WEEK,2026-07-07,78300,SYNTH,0,,15:29,,,,,,,,,,,,,,,,,,,,,,,,,,,,,,,78330.39,-59.620000000009895,-5.630000000004657,-71.75,-125.74000000000524,0,Tuesday
SENSEX_WEEK,2026-07-08,76400,CE,-1,23.0,15:10,0.0,12.535714285714294,327.2,2.8575794621026964,22.050733496332512,11.378571428571425,2616920.0,23100.0,-0.5327839999999995,,,,,,,,,,,,,,,20.549165,20.194945,,,19.662161,336.55,6327460.0,76462.1,,,,,0,Wednesday
SENSEX_WEEK,2026-07-08,76400,PE,-1,23.0,15:10,0.0,19.285714285714285,369.8,-9.789075175770684,18.482963764196867,13.900000000000002,2916720.0,198540.0,-1.065524,,,,,,,,,,,,,,,21.780362,23.086606,,,22.021082,333.6,8212100.0,76462.1,,,,,0,Wednesday
SENSEX_WEEK,2026-07-08,76500,CE,0,40.0,15:29,0.0,10.410714285714286,317.75,-5.177025963808021,24.92525570416995,15.089285714285714,7650360.0,-43460.0,-2.041124,-12.440546967895353,23.870392390011894,10.172222222222224,3750800.0,-477880.0,-1.6341080000000012,,,,,,,0.44999999999998863,0.04322469982847232,20.483526,20.209688,18.948543,,17.314435,294.55,16940700.0,76462.1,,,,,0,Wednesday
SENSEX_WEEK,2026-07-08,76500,PE,0,40.0,15:29,0.0,21.578571428571426,375.95,-2.6732278228487862,28.18193908764463,18.603571428571435,5649880.0,8420.0,0.5836530000000018,23.812499999999996,29.21875,12.01111111111112,3423140.0,-37040.0,4.071072000000001,,,,,,,1.0,0.0463422707712678,21.673938,22.794365,21.820362,,25.891434,396.2,14900700.0,76462.1,,,,,0,Wednesday
SENSEX_WEEK,2026-07-08,76600,CE,1,45.0,15:29,0.0,9.785714285714283,272.2,-6.778104335047755,25.23879500367377,13.21071428571428,3420560.0,-101520.0,-2.067712,-12.944870900209358,24.6685275645499,11.942857142857141,3239000.0,30680.0,-1.428093999999998,,,,,,,3.25,0.332116788321168,20.451846,20.271292,18.988113,,17.560019,249.5,9398040.0,76462.1,,,,,0,Wednesday
SENSEX_WEEK,2026-07-08,76600,PE,1,45.0,15:29,0.0,22.59285714285713,432.5,-2.1965317919075145,25.8150289017341,18.785714285714285,1627580.0,-52620.0,0.7153050000000007,22.72849462365592,28.34677419354838,13.082142857142859,1731860.0,-108360.0,4.521980000000003,,,,,,,0.9000000000000341,0.039835599114765995,21.597515,23.009904,21.966616,,26.488596,456.55,5097220.0,76462.1,,,,,0,Wednesday
SENSEX_WEEK,2026-07-08,76700,CE,2,45.0,15:29,0.0,8.621428571428568,230.55,-7.351984385165915,27.694643244415523,11.989285714285714,4837260.0,-84560.0,-1.9089310000000026,-13.684210526315791,26.19195046439628,10.603571428571422,2806200.0,-159500.0,-1.2952429999999993,,,,,,,2.9000000000000057,0.3363711681855849,20.377076,20.277266,19.044043,,17.7488,209.1,11440240.0,76462.1,,,,,0,Wednesday
SENSEX_WEEK,2026-07-08,76700,PE,2,45.0,15:29,0.0,24.092857142857156,493.75,-2.5822784810126582,23.65569620253165,20.817857142857154,931120.0,-85940.0,0.612053999999997,20.660089264740424,26.509278834860236,13.875000000000012,696480.0,-93900.0,4.7112739999999995,,,,,,,5.600000000000023,0.23243403498369486,21.454861,23.260242,21.937998,,26.649272,513.65,2638360.0,76462.1,,,,,0,Wednesday
SENSEX_WEEK,2026-07-08,76500,SYNTH,0,,15:29,,,,,,,,,,,,,,,,,,,,,,,,,,,,,,,76462.1,-24.810000000012224,-115.92999999999302,-118.04999999998836,-26.930000000007567,0,Wednesday
SENSEX_WEEK,2026-07-09,76700,CE,-2,14.0,15:19,0.0,,15.7,-62.738853503184714,387.2611464968153,4.7437499999999995,99936340.0,7589140.0,-7.8665829999999985,120.28985507246377,215.94202898550725,3.1874999999999996,57659620.0,216900.0,-8.889048,,,,,,,,,19.271548,19.271548,8.889048,,0.0,22.8,157595960.0,76880.04,,,,,0,Thursday
SENSEX_WEEK,2026-07-09,76700,PE,-2,14.0,15:19,0.0,,52.15,-43.528283796740176,128.66730584851393,8.7375,122844940.0,327740.0,0.0,-92.5,218.57142857142858,3.4375,84244580.0,2649720.0,2.698009,,,,,,,,,0.0,0.0,5.94629,,8.644299,1.05,207089520.0,76880.04,,,,,0,Thursday
SENSEX_WEEK,2026-07-09,76800,CE,-1,28.0,15:29,0.0,,30.25,-97.52066115702479,278.5123966942149,2.566666666666667,122966060.0,7188940.0,1.993131,-92.85714285714285,128.57142857142856,0.08928571428571429,90850720.0,479940.0,-14.631447,,,,,,,,,15.344955,15.344955,14.631447,,0.0,0.05,213816780.0,76880.04,,,,,0,Thursday
SENSEX_WEEK,2026-07-09,76800,PE,-1,28.0,15:29,0.0,,59.9,106.76126878130218,256.9282136894825,16.70416666666667,98622140.0,-7070680.0,-25.625285,-44.59847036328871,77.62906309751435,4.367857142857142,33489480.0,-606640.0,0.0,,,,,,,,,25.625285,25.625285,0.0,,0.0,57.95,132111620.0,76880.04,,,,,0,Thursday
SENSEX_WEEK,2026-07-09,76900,CE,0,32.0,15:29,0.0,,25.85,-98.64603481624758,437.71760154738877,1.8285714285714292,110777280.0,2201880.0,9.567025000000001,-80.0,120.0,0.028571428571428574,14028680.0,-845740.0,-22.03558,,,,,,,,,23.183677,15.250726,22.03558,,0.0,0.05,128167260.0,76880.04,,,,,0,Thursday
SENSEX_WEEK,2026-07-09,76900,PE,0,32.0,15:29,0.0,,65.85,238.04100227790434,372.8170083523159,23.010714285714283,65232400.0,-8183200.0,-24.374915,-22.38329238329239,39.50859950859952,4.367857142857141,4661600.0,-425780.0,0.0,,,,,,,,,27.318683,24.374915,0.0,,0.0,157.95,79484380.0,76880.04,,,,,0,Thursday
SENSEX_WEEK,2026-07-09,77000,CE,1,45.0,15:29,0.0,4.689285714285715,6.25,-96.0,809.5999999999999,0.4428571428571429,93136540.0,-2596860.0,14.484040999999998,-80.0,80.0,0.02857142857142857,9715520.0,-833260.0,-31.120298,,,,,,,0.0,0.0,23.940292,18.012794,31.120298,,0.0,0.05,174838120.0,76880.04,,,,,0,Thursday
SENSEX_WEEK,2026-07-09,77000,PE,1,45.0,15:29,0.0,8.471428571428572,143.4,125.7670850767085,213.21478382147836,24.91071428571429,34851740.0,-5149580.0,-29.580894,-15.479519657838464,26.714920217140975,4.33214285714286,3098060.0,-368540.0,0.0,,,,,,,0.20000000000004547,0.02360876897133758,28.908768,29.580894,0.0,,0.0,256.9,89305600.0,76880.04,,,,,0,Thursday
SENSEX_WEEK,2026-07-09,77100,CE,2,45.0,15:29,0.0,2.042857142857143,3.2,-93.75,668.75,0.23571428571428568,53525680.0,-6485620.0,15.969423999999997,-66.66666666666667,100.00000000000001,0.028571428571428564,5147860.0,-1042040.0,-37.836028,,,,,,,0.0,0.0,25.242752,24.01095,37.836028,,0.0,0.05,124975640.0,76880.04,,,,,0,Thursday
SENSEX_WEEK,2026-07-09,77100,PE,2,45.0,15:29,0.0,12.010714285714277,239.8,76.209341117598,140.57547956630526,23.13214285714286,8926240.0,-1231580.0,-39.791956,-11.165048543689311,19.753547423450343,4.5392857142857235,564020.0,-102900.0,0.0,,,,,,,0.10000000000002274,0.008325899494500858,34.220409,39.791956,0.0,,0.0,356.85,24156260.0,76880.04,,,,,0,Thursday
SENSEX_WEEK,2026-07-09,76900,SYNTH,0,,15:29,,,,,,,,,,,,,,,,,,,,,,,,,,,,,,,76880.04,5.070000000006985,-85.09999999999127,45.35000000000582,135.52000000000407,0,Thursday
SENSEX_WEEK,2026-07-10,77600,CE,0,45.0,15:29,0.0,13.117857142857149,464.2,-3.0590262817750946,16.393795777682026,7.371428571428571,866660.0,-11600.0,-0.1819209999999991,6.923352863804866,12.997728088006701,6.0821428571428555,756180.0,-97080.0,0.17514500000000055,,,,,,,3.8999999999999773,0.2973046555948797,10.353729,10.247864,9.502962,,9.678107,447.1,2682220.0,77581.72,,,,,0,Friday
SENSEX_WEEK,2026-07-10,77600,PE,0,45.0,15:29,0.0,10.18214285714285,461.85,0.19486846378693887,20.699361264479812,6.407142857142868,920520.0,-45140.0,-0.11146400000000156,-13.666121112929625,15.855155482815057,8.071428571428575,683620.0,-117820.0,-1.1962270000000004,,,,,,,14.100000000000023,1.3847772711329391,13.425122,12.960482,13.296846,,12.100619,422.0,2567260.0,77581.72,,,,,0,Friday
SENSEX_WEEK,2026-07-10,77700,CE,1,45.0,15:29,0.0,11.978571428571431,412.1,-2.5600582382916794,14.959961174472223,7.33214285714286,496080.0,-80.0,-0.10108600000000045,6.783075889858965,12.961719274680995,5.503571428571433,392140.0,-27760.0,0.1240660000000009,,,,,,,3.8999999999999773,0.32558139534883523,10.396271,10.244922,9.629449,,9.753515,397.5,1583260.0,77581.72,,,,,0,Friday
SENSEX_WEEK,2026-07-10,77700,PE,1,45.0,15:29,0.0,10.832142857142872,512.4,0.2634660421545712,17.90593286494926,7.153571428571427,304260.0,-9820.0,-0.10922000000000054,-12.030353507310744,14.806588932074774,8.22142857142856,253100.0,-40800.0,-1.1135970000000004,,,,,,,8.649999999999977,0.7985492911308903,13.449716,13.014376,13.350581,,12.236984,475.3,909320.0,77581.72,,,,,0,Friday
SENSEX_WEEK,2026-07-10,77800,CE,2,45.0,15:29,0.0,11.078571428571431,365.0,-2.767123287671239,17.000000000000004,6.221428571428565,429980.0,-19100.0,-0.10226800000000047,7.059359344162744,13.602550478214667,5.875,290620.0,-27600.0,0.11645799999999973,,,,,,,0.2999999999999545,0.027079303675044245,10.427782,10.269937,9.727316,,9.843774,352.6,1221360.0,77581.72,,,,,0,Friday
SENSEX_WEEK,2026-07-10,77800,PE,2,45.0,15:29,0.0,11.992857142857133,563.65,0.23063958130046452,17.62618646323073,7.3714285714285825,186580.0,-20960.0,-0.120336,-12.171217959457193,14.700954933824763,9.089285714285722,128380.0,-18460.0,-1.2770989999999998,,,,,,,12.049999999999955,1.0047647409172096,13.496581,13.00852,13.457695,,12.180596,524.25,486960.0,77581.72,,,,,0,Friday
SENSEX_WEEK,2026-07-10,77600,SYNTH,0,,15:29,,,,,,,,,,,,,,,,,,,,,,,,,,,,,,,77581.72,-22.489999999990687,31.99000000000524,95.75,41.270000000004075,0,Friday
SENSEX_WEEK,2026-07-13,77600,CE,0,25.0,15:29,0.0,,459.95,-1.0762039352103465,12.12088270464181,10.138888888888882,500820.0,-9420.0,0.8402209999999997,9.752429430819074,11.776955113373434,5.710714285714293,623560.0,-27680.0,1.373462,,,,,,,,,14.39549,14.39549,14.82725,,16.200712,474.35,1124380.0,77640.76,,,,,0,Monday
SENSEX_WEEK,2026-07-13,77600,PE,0,25.0,15:29,0.0,,440.05,1.5452789455743692,10.010226110669244,6.544444444444435,687240.0,-50780.0,-0.6069810000000011,-9.005201560468132,10.804074555700035,5.346428571428565,765520.0,-135300.0,-1.3098180000000017,,,,,,,,,17.429292,17.429292,16.968108,,15.65829,419.85,1452760.0,77640.76,,,,,0,Monday
SENSEX_WEEK,2026-07-13,77700,CE,1,45.0,15:29,0.0,9.049999999999999,409.0,-1.6870415647921704,13.728606356968225,8.557142857142853,833680.0,-14400.0,0.6972670000000001,8.945854041328797,12.385561077687685,5.178571428571424,591860.0,-28720.0,1.1015200000000007,,,,,,,0.14999999999997726,0.016574585635356607,15.191884,14.427539,14.793902,,15.895422,416.5,2409100.0,77640.76,,,,,0,Monday
SENSEX_WEEK,2026-07-13,77700,PE,1,45.0,15:29,0.0,7.599999999999999,486.8,0.8422350041084564,10.712818405916195,8.771428571428572,823520.0,-62700.0,-0.762947999999998,-8.135860979462874,9.952606635071097,5.7428571428571376,479200.0,-77620.0,-1.2878890000000016,,,,,,,6.25,0.8223684210526317,17.210097,17.367388,16.757867,,15.469978,465.2,2014320.0,77640.76,,,,,0,Monday
SENSEX_WEEK,2026-07-13,77800,CE,2,45.0,15:29,0.0,8.06071428571428,358.15,-1.8986458187909967,14.979757085020239,7.964285714285714,522860.0,-26620.0,0.6325850000000006,10.29079403344884,13.65074581889408,4.8321428571428555,423980.0,-39540.0,1.1209550000000004,,,,,,,0.6999999999999886,0.08684093929995435,15.12542,14.323925,14.60325,,15.724205,366.0,1623700.0,77640.76,,,,,0,Monday
SENSEX_WEEK,2026-07-13,77800,PE,2,45.0,15:29,0.0,8.057142857142853,537.0,0.4655493482309125,10.372439478584717,9.614285714285709,357080.0,-39120.0,-0.886213999999999,-8.700322234156824,10.562119584675974,6.48571428571429,219120.0,-46820.0,-1.5548669999999998,,,,,,,11.25,1.3962765957446814,17.231576,17.312879,16.683653,,15.128786,510.0,845660.0,77640.76,,,,,0,Monday
SENSEX_WEEK,2026-07-13,77600,SYNTH,0,,15:29,,,,,,,,,,,,,,,,,,,,,,,,,,,,,,,77640.76,3.8399999999965075,78.9600000000064,83.69999999999709,8.579999999987194,0,Monday
SENSEX_WEEK,2026-07-14,77000,CE,-1,17.0,15:29,0.0,6.277777777777784,325.4,,,,,,,1.7670559311616474,4.348494161032586,3.0083333333333258,579680.0,-32080.0,0.130037999999999,,,,,,,1.0,0.15929203539822992,13.336469,12.593002,12.593002,,12.72304,331.15,1509940.0,77111.66,,,,,0,Tuesday
SENSEX_WEEK,2026-07-14,77000,PE,-1,17.0,15:29,0.0,5.966666666666665,401.5,,,,,,,-0.8717310087173101,3.1631382316313794,2.6166666666666742,797820.0,-133880.0,0.009681000000000495,,,,,,,1.0500000000000114,0.17597765363128687,18.9055,19.205448,19.205448,,19.215129,398.0,2436040.0,77111.66,,,,,0,Tuesday
SENSEX_WEEK,2026-07-14,77100,CE,0,45.0,15:29,0.0,6.73571428571429,305.75,-7.375306623058057,13.229762878168435,3.7464285714285626,1023960.0,21060.0,-0.32634599999999914,1.2352309344790506,5.1020408163265305,2.0892857142857104,875640.0,-65860.0,1.3585600000000007,,,,,,,1.3000000000000114,0.19300106044538862,13.562304,12.140222,11.498292,,12.856852,282.75,3044760.0,77111.66,,,,,0,Tuesday
SENSEX_WEEK,2026-07-14,77100,PE,0,45.0,15:29,0.0,8.514285714285709,414.3,8.592807144581212,11.851315471880284,5.192857142857134,946740.0,-3960.0,1.025304000000002,-1.8175845833789455,4.303076754626076,2.3714285714285666,661000.0,-97860.0,-1.4673600000000029,,,,,,,0.75,0.0880872483221477,18.568678,19.27303,20.734919,,19.267559,448.35,2799620.0,77111.66,,,,,0,Tuesday
SENSEX_WEEK,2026-07-14,77200,CE,1,45.0,15:29,0.0,5.942857142857134,262.35,-7.375643224699837,11.682866399847544,3.2464285714285706,1015140.0,-67940.0,-0.25441300000000133,1.0242474916388031,5.309364548494991,1.6678571428571465,791680.0,-139900.0,1.1941609999999994,,,,,,,0.19999999999998863,0.03365384615384429,13.734484,12.430941,11.88081,,13.074971,241.65,2764980.0,77111.66,,,,,0,Tuesday
SENSEX_WEEK,2026-07-14,77200,PE,1,45.0,15:29,0.0,8.83928571428571,470.75,7.987254381306431,11.14179500796601,5.57857142857143,622440.0,-83640.0,1.071707,-1.497326203208554,4.103062712688385,2.5214285714285642,435220.0,-76620.0,-1.524561000000002,,,,,,,0.05000000000001137,0.0056565656565669455,18.597197,19.550597,21.031431,,19.50687,506.55,1828600.0,77111.66,,,,,0,Tuesday
SENSEX_WEEK,2026-07-14,77300,CE,2,45.0,15:29,0.0,5.310714285714288,223.95,-7.702612190221032,12.100915382897966,2.882142857142855,625760.0,-30400.0,-0.23172899999999963,0.7581315725116221,5.062362435803373,1.6892857142857167,586220.0,-49040.0,1.0584959999999999,,,,,,,0.5,0.09414929388029586,13.857086,12.70131,12.252558,,13.311054,206.0,1790580.0,77111.66,,,,,0,Tuesday
SENSEX_WEEK,2026-07-14,77300,PE,2,45.0,15:29,0.0,8.65357142857142,529.25,7.576759565422773,11.053377420878602,5.692857142857155,307780.0,-65080.0,1.1491889999999998,-1.3103448275862108,3.939655172413797,2.57857142857143,232580.0,-71660.0,-1.610672000000001,,,,,,,3.3999999999999773,0.39290136194799613,18.873137,19.763998,21.544474,,19.933802,572.4,964820.0,77111.66,,,,,0,Tuesday
SENSEX_WEEK,2026-07-14,77100,SYNTH,0,,15:29,,,,,,,,,,,,,,,,,,,,,,,,,,,,,,,77111.66,-168.15000000000873,-103.59000000001106,11.75,-52.80999999999767,0,Tuesday
SENSEX_WEEK,2026-07-15,77200,CE,0,44.0,15:29,0.0,4.780769230769233,177.95,10.536667603259342,24.95082888451813,4.153571428571427,5841600.0,-265780.0,0.18628099999999925,11.552631578947363,18.315789473684216,3.696428571428567,3722540.0,-654420.0,1.4134989999999998,,,,,,,4.349999999999994,0.9098954143201914,11.108416,11.653674,11.851254,,13.264753,211.95,14470080.0,77154.52,,,,,0,Wednesday
SENSEX_WEEK,2026-07-15,77200,PE,0,44.0,15:29,0.0,7.550000000000007,317.65,-9.963796631512665,23.768298441681097,6.553571428571429,4758140.0,-276620.0,-0.8232530000000011,-6.7184334908845305,9.351789331532746,3.950000000000005,2439660.0,-396560.0,-1.1407290000000003,,,,,,,12.399999999999977,1.6423841059602604,18.838427,18.774123,18.171937,,17.031208,276.3,11725060.0,77154.52,,,,,0,Wednesday
SENSEX_WEEK,2026-07-15,77300,CE,1,45.0,15:29,0.0,4.946428571428568,138.55,13.533020570191265,28.004330566582464,3.6035714285714278,4480520.0,-507520.0,0.3604869999999991,12.087186261558772,17.932628797886395,3.3285714285714283,2891260.0,-589280.0,1.2118079999999996,,,,,,,3.25,0.6570397111913362,11.895513,11.926894,12.281617,,13.493425,169.7,11708000.0,77154.52,,,,,0,Wednesday
SENSEX_WEEK,2026-07-15,77300,PE,1,45.0,15:29,0.0,8.985714285714279,384.7,-10.332726800103977,21.5622563036132,6.967857142857148,2047480.0,-182520.0,-1.224772999999999,-6.409719312945117,9.160731741376889,4.41785714285714,785580.0,-127360.0,-1.340097,,,,,,,11.899999999999977,1.3243243243243228,19.445566,19.58428,18.718332,,17.378235,335.1,5175260.0,77154.52,,,,,0,Wednesday
SENSEX_WEEK,2026-07-15,77400,CE,2,45.0,15:29,0.0,4.210714285714287,109.45,12.243033348560978,27.82092279579717,3.0428571428571414,3696900.0,-89840.0,0.18464900000000029,13.486430062630484,18.037578288100207,2.6392857142857173,2622920.0,-538220.0,1.1324210000000008,,,,,,,3.1500000000000057,0.7480916030534362,12.282827,12.392265,12.691605,,13.824026,135.9,9445580.0,77154.52,,,,,0,Wednesday
SENSEX_WEEK,2026-07-15,77400,PE,2,45.0,15:29,0.0,9.582142857142852,455.0,-9.197802197802202,21.637362637362635,7.553571428571429,881260.0,-80340.0,-1.285734999999999,-6.542056074766355,9.042056074766354,4.82857142857143,429640.0,-109320.0,-1.6977459999999986,,,,,,,13.600000000000023,1.4193067461796527,19.975216,20.318098,19.469489,,17.771743,400.0,2138040.0,77154.52,,,,,0,Wednesday
SENSEX_WEEK,2026-07-15,77200,SYNTH,0,,15:29,,,,,,,,,,,,,,,,,,,,,,,,,,,,,,,77154.52,-81.0,-39.55000000000291,41.84999999999127,0.39999999999417923,0,Wednesday
SENSEX_WEEK,2026-07-16,77200,CE,-2,26.0,15:27,0.0,,67.45,-58.26538176426983,183.6916234247591,6.349999999999999,102575500.0,6755740.0,-2.5673980000000007,-98.39449541284404,137.61467889908258,2.6625,99830880.0,1674040.0,-8.58344,,,,,,,,,19.455775,19.455775,11.250751,,2.667311,0.35,202406380.0,77351.02,,,,,0,Thursday
SENSEX_WEEK,2026-07-16,77200,PE,-2,26.0,15:27,0.0,,20.0,-80.74999999999999,167.74999999999997,3.970833333333333,223416360.0,3293380.0,-14.403039,350.57471264367825,752.8735632183908,3.570833333333334,203593620.0,-6144580.0,24.55907,,,,,,,,,16.959118,16.959118,4.692211,,29.251281,19.6,427009980.0,77351.02,,,,,0,Thursday
SENSEX_WEEK,2026-07-16,77300,CE,-1,41.0,15:29,0.0,5.25909090909091,53.05,-99.4344957587182,199.4344957587182,4.173076923076923,161653300.0,7068540.0,-2.0484880000000008,-80.0,140.0,0.04285714285714286,48626300.0,-5961460.0,-10.855694,,,,,,,0.05,0.00950734658599827,14.306633,13.472426,10.855694,,0.0,0.05,251393580.0,77351.02,,,,,0,Thursday
SENSEX_WEEK,2026-07-16,77300,PE,-1,41.0,15:29,0.0,8.640909090909092,22.9,230.13100436681225,430.13100436681225,11.192307692307692,92501280.0,-7158020.0,-17.320731,33.49368610944076,72.63980757666867,5.91785714285714,26634300.0,-1991520.0,0.0,,,,,,,0.0,0.0,28.011543,17.320731,0.0,,0.0,111.0,156083480.0,77351.02,,,,,0,Thursday
SENSEX_WEEK,2026-07-16,77400,CE,0,45.0,15:29,0.0,4.039285714285714,34.4,-99.70930232558139,188.66279069767447,2.464285714285713,108951140.0,-4629700.0,-5.792436000000002,-50.0,150.0,0.0035714285714285718,10866000.0,-1668140.0,-18.412731,,,,,,,0.0,0.0,18.095192,24.12752,18.412731,,0.0,0.05,198121900.0,77351.02,,,,,0,Thursday
SENSEX_WEEK,2026-07-16,77400,PE,0,45.0,15:29,0.0,11.525000000000002,48.4,262.60330578512395,363.8429752066116,15.750000000000002,38649860.0,-2329440.0,0.0,15.4413774255261,32.68652637332604,6.21785714285714,5038760.0,-301040.0,0.0,,,,,,,1.049999999999983,0.0911062906724497,32.748972,0.0,0.0,,0.0,211.2,64261860.0,77351.02,,,,,0,Thursday
SENSEX_WEEK,2026-07-16,77500,CE,1,45.0,15:29,0.0,1.6249999999999998,11.1,-98.64864864864865,186.03603603603605,0.7821428571428574,72988160.0,-5276340.0,2.6185930000000006,-66.66666666666667,66.66666666666667,0.007142857142857143,6840640.0,-1308720.0,-27.915025,,,,,,,0.0,0.0,21.549105,24.896303,27.915025,,0.0,0.05,133375640.0,77351.02,,,,,0,Thursday
SENSEX_WEEK,2026-07-16,77500,PE,1,45.0,15:29,0.0,14.278571428571434,122.4,126.30718954248366,171.07843137254903,17.278571428571432,13389880.0,-522360.0,0.0,9.93447848415086,21.250221356472462,5.960714285714289,1865020.0,-205840.0,0.0,,,,,,,0.049999999999954525,0.0035017508754345327,40.570042,0.0,0.0,,0.0,310.4,22756640.0,77351.02,,,,,0,Thursday
SENSEX_WEEK,2026-07-16,77600,CE,2,45.0,15:29,0.0,0.642857142857143,3.75,-96.0,186.66666666666666,0.26428571428571423,35491920.0,-2247920.0,8.397135000000002,-33.33333333333333,66.66666666666667,0.017857142857142856,4447280.0,-915280.0,-36.306221,,,,,,,0.0,0.0,24.693965,27.211105,36.306221,,0.0,0.1,68214940.0,77351.02,,,,,0,Thursday
SENSEX_WEEK,2026-07-16,77600,PE,2,45.0,15:29,0.0,14.503571428571421,215.9,73.52941176470587,102.15377489578508,18.460714285714282,3598240.0,-117380.0,0.0,7.505894681687199,15.706051873198845,6.08214285714286,581500.0,-66160.0,0.0,,,,,,,1.0,0.06894853484363461,48.885289,0.0,0.0,,0.0,410.35,6514640.0,77351.02,,,,,0,Thursday
SENSEX_WEEK,2026-07-16,77400,SYNTH,0,,15:29,,,,,,,,,,,,,,,,,,,,,,,,,,,,,,,77351.02,10.0,-69.47000000000116,-28.29999999998836,51.170000000012806,0,Thursday
SENSEX_WEEK,2026-07-17,78100,CE,0,30.0,15:19,0.0,7.22857142857142,520.4,-2.0176787086856267,10.56879323597233,8.11111111111111,429300.0,-5340.0,-0.5415079999999985,3.9369267236937078,6.76079563021745,5.724999999999994,191940.0,-5760.0,0.1596069999999994,,,,,,,,,11.087308,11.014653,10.107452,,10.267059,504.25,1224880.0,78122.91,,,,,0,Friday
SENSEX_WEEK,2026-07-17,78100,PE,0,30.0,15:19,0.0,4.692857142857146,564.95,3.548986635985477,7.832551553234799,7.572222222222207,259080.0,25240.0,0.746653000000002,0.10010845082172733,4.287978643530499,6.974999999999994,220240.0,-4600.0,0.2806640000000016,,,,,,,,,16.137634,15.95263,16.851681,,17.132345,599.95,878960.0,78122.91,,,,,0,Friday
SENSEX_WEEK,2026-07-17,78200,CE,1,44.0,15:28,0.0,6.07857142857143,472.6,-3.0469741853576036,10.950063478628861,6.321428571428576,575600.0,-7520.0,-0.6149369999999994,20.5342811281816,23.022242604907138,8.634615384615385,613300.0,-89300.0,1.3102609999999988,,,,,,,,,11.158721,11.152225,10.224491,,11.534752,525.65,1740300.0,78122.91,,,,,0,Friday
SENSEX_WEEK,2026-07-17,78200,PE,1,44.0,15:28,0.0,4.992857142857157,616.4,2.9850746268656683,7.884490590525636,5.6285714285714175,328320.0,1860.0,0.7140780000000007,-9.438167704250247,11.897625086465297,7.400000000000012,537460.0,-14000.0,-0.6888700000000014,,,,,,,,,16.190686,16.044043,16.934068,,16.245198,589.15,1117480.0,78122.91,,,,,0,Friday
SENSEX_WEEK,2026-07-17,78300,CE,2,45.0,15:29,0.0,5.839285714285718,422.45,-2.722215646822109,11.788377322760079,6.014285714285718,385260.0,-31520.0,-0.5230969999999999,23.153846153846157,28.56410256410256,7.6642857142857155,324400.0,-33420.0,0.5942729999999994,,,,,,,5.900000000000034,1.0103975535168248,11.168392,11.140952,10.317033,,10.911306,480.3,1103080.0,78122.91,,,,,0,Friday
SENSEX_WEEK,2026-07-17,78300,PE,2,45.0,15:29,0.0,5.989285714285724,670.0,2.753731343283589,7.440298507462689,6.639285714285701,84640.0,-11080.0,0.7267040000000016,-11.42816581487791,14.537194775695625,8.442857142857147,125040.0,-23460.0,-0.38805500000000137,,,,,,,14.100000000000023,2.3542039355992848,16.254819,16.126965,17.023726,,16.635671,623.9,271540.0,78122.91,,,,,0,Friday
SENSEX_WEEK,2026-07-17,78100,SYNTH,0,,15:19,,,,,,,,,,,,,,,,,,,,,,,,,,,,,,,78122.91,-139.11000000000058,-143.42999999999302,18.5,22.819999999992433,0,Friday
SENSEX_WEEK,2026-07-20,77700,CE,0,45.0,15:29,0.0,6.178571428571432,433.45,5.802284000461423,11.939093321028954,5.224999999999994,750640.0,-48000.0,0.6936159999999987,-1.629437790007556,6.258767670227689,4.35357142857142,757640.0,-89700.0,-0.07136999999999993,,,,,,,3.5500000000000114,0.5745664739884407,14.542417,14.22281,14.806295,,14.734925,455.8,2164860.0,77699.3,,,,,0,Monday
SENSEX_WEEK,2026-07-20,77700,PE,0,45.0,15:29,0.0,4.875,405.85,-6.381668103979312,10.779844770235307,3.842857142857152,791840.0,-51140.0,-0.6970880000000008,-3.173333333333327,6.933333333333334,4.714285714285714,740880.0,-37500.0,-0.5521609999999999,,,,,,,13.099999999999966,2.6871794871794803,15.810257,15.501227,14.874548,,14.322387,363.1,2138280.0,77699.3,,,,,0,Monday
SENSEX_WEEK,2026-07-20,77800,CE,1,45.0,15:29,0.0,6.053571428571437,384.65,5.394514493695568,13.089821916027564,4.439285714285712,680320.0,-55920.0,0.5521339999999988,-2.782841171466761,6.902418276825855,4.360714285714287,675920.0,-137620.0,-0.22219299999999897,,,,,,,5.5,0.9085545722713851,14.500715,14.27392,14.782433,,14.56024,400.0,2035180.0,77699.3,,,,,0,Monday
SENSEX_WEEK,2026-07-20,77800,PE,1,45.0,15:29,0.0,5.174999999999995,455.05,-6.120206570706521,10.405449950554877,4.046428571428578,489220.0,-62620.0,-0.7488969999999995,-2.9641001417099564,6.790269248937175,4.925000000000003,466260.0,-61680.0,-0.5855530000000009,,,,,,,12.149999999999977,2.3478260869565193,15.780155,15.48191,14.863972,,14.278419,410.85,1377520.0,77699.3,,,,,0,Monday
SENSEX_WEEK,2026-07-20,77900,CE,2,45.0,15:29,0.0,5.678571428571424,333.2,6.377551020408164,13.565426170468186,4.346428571428581,310480.0,-22200.0,0.590285999999999,-3.0799112097669163,7.228079911209755,4.299999999999991,420620.0,-87160.0,-0.22388899999999978,,,,,,,6.550000000000011,1.1534591194968582,14.431343,14.089679,14.652796,,14.428907,349.3,1077200.0,77699.3,,,,,0,Monday
SENSEX_WEEK,2026-07-20,77900,PE,2,45.0,15:29,0.0,5.664285714285711,507.25,-5.943814687037945,10.74420896993593,4.974999999999999,186500.0,-15200.0,-0.8202400000000001,-2.6918185671894848,7.397202204323861,5.207142857142851,135900.0,-19920.0,-0.6073470000000007,,,,,,,11.299999999999955,1.994955863808316,15.762099,15.439907,14.718049,,14.110702,459.1,512880.0,77699.3,,,,,0,Monday
SENSEX_WEEK,2026-07-20,77700,SYNTH,0,,15:29,,,,,,,,,,,,,,,,,,,,,,,,,,,,,,,77699.3,62.13000000000466,75.38999999999942,4.349999999991269,-8.910000000003492,0,Monday
SENSEX_WEEK,2026-07-21,77500,CE,0,45.0,15:29,0.0,7.228571428571432,315.0,-0.6666666666666738,9.111111111111109,4.050000000000003,1800560.0,-52080.0,0.7973909999999993,0.7824726134585289,8.262910798122077,3.25,2325380.0,14620.0,-0.11563999999999908,,,,,,,2.6499999999999773,0.36660079051383065,13.53205,12.650468,13.894639,,13.778999,322.0,5803100.0,77504.1,,,,,0,Tuesday
SENSEX_WEEK,2026-07-21,77500,PE,0,45.0,15:29,0.0,7.374999999999996,326.8,5.003059975520185,10.388616891064869,5.7892857142857155,1307700.0,-63900.0,-0.05545000000000044,-1.0790273556231038,8.586626139817628,4.017857142857139,1679900.0,183300.0,0.1323300000000014,,,,,,,1.3000000000000114,0.1762711864406796,15.348605,15.21111,14.387474,,14.519804,325.45,4122640.0,77504.1,,,,,0,Tuesday
SENSEX_WEEK,2026-07-21,77600,CE,1,45.0,15:29,0.0,6.299999999999999,271.2,-1.198377581120944,8.941740412979351,3.839285714285706,611080.0,-18940.0,0.6626209999999997,0.2917578409919808,8.424507658643313,2.907142857142856,824180.0,-190080.0,-0.16544299999999978,,,,,,,0.6999999999999886,0.11111111111110933,13.588819,12.904131,13.98538,,13.819937,275.0,2143320.0,77504.1,,,,,0,Tuesday
SENSEX_WEEK,2026-07-21,77600,PE,1,45.0,15:29,0.0,8.885714285714275,381.85,4.059185544061804,10.619353149142334,6.121428571428567,390400.0,27160.0,-0.16759199999999908,-1.7331248371123216,8.170445660672407,4.575000000000005,410540.0,-53100.0,0.021397999999999584,,,,,,,1.5500000000000114,0.17443729903537125,15.546997,15.416455,14.483866,,14.505264,377.05,1175820.0,77504.1,,,,,0,Tuesday
SENSEX_WEEK,2026-07-21,77700,CE,2,45.0,15:29,0.0,5.76428571428571,231.6,-1.273747841105349,9.542314335060459,3.5249999999999977,648420.0,-57800.0,0.6033749999999998,-0.23559648747054315,8.909830798886276,2.5249999999999955,1008360.0,-157800.0,-0.2046279999999996,,,,,,,0.799999999999983,0.1387856257744705,13.739246,13.112195,14.062833,,13.858205,232.9,2290660.0,77504.1,,,,,0,Tuesday
SENSEX_WEEK,2026-07-21,77700,PE,2,45.0,15:29,0.0,9.128571428571433,438.6,3.8645690834473294,8.264933880528956,6.8678571428571455,218640.0,-8860.0,-0.18087899999999912,-2.243371855880361,7.33061409472015,4.300000000000016,321580.0,-29800.0,-0.0997230000000009,,,,,,,2.8000000000000114,0.30672926447574445,15.643127,15.502376,14.500491,,14.400768,431.4,837220.0,77504.1,,,,,0,Tuesday
SENSEX_WEEK,2026-07-21,77500,SYNTH,0,,15:29,,,,,,,,,,,,,,,,,,,,,,,,,,,,,,,77504.1,31.360000000000582,25.510000000009313,6.05000000000291,11.89999999999418,0,Tuesday
SENSEX_WEEK,2026-07-22,76700,CE,0,27.0,15:29,0.0,6.180769230769228,232.75,5.477980665950591,16.949516648764764,9.778571428571436,3011020.0,-130200.0,0.04420000000000002,-0.5088578967207021,6.08744817188088,5.212500000000006,953700.0,-247040.0,-0.38191499999999934,,,,,,,,,13.991546,12.888762,14.709733,,14.327818,263.95,7586780.0,76725.39,,,,,0,Wednesday
SENSEX_WEEK,2026-07-22,76700,PE,0,27.0,15:29,0.0,6.4499999999999975,261.8,-5.958747135217732,17.990832696715056,7.771428571428568,3706260.0,-109100.0,-0.22505699999999962,-2.738225629791895,4.381161007667032,2.0374999999999943,1049680.0,-186040.0,-0.08143600000000006,,,,,,,,,16.736798,17.592824,15.911459,,15.830023,222.0,8874460.0,76725.39,,,,,0,Wednesday
SENSEX_WEEK,2026-07-22,76800,CE,1,45.0,15:29,0.0,4.678571428571423,186.75,19.946452476572958,32.82463186077643,5.874999999999996,6293260.0,-185740.0,-1.123742,-5.778069599474716,10.899540380827316,2.5500000000000034,4486840.0,-633780.0,1.5433520000000005,,,,,,,6.0,1.2824427480916047,14.014149,13.112902,12.924249,,14.467601,215.25,14683300.0,76725.39,,,,,0,Wednesday
SENSEX_WEEK,2026-07-22,76800,PE,1,45.0,15:29,0.0,7.046428571428562,320.0,-16.015625,27.14062499999999,7.632142857142859,4474620.0,-14720.0,0.3508620000000029,2.6859126621597014,9.208843413118965,3.210714285714289,3080260.0,-347060.0,-1.7268449999999973,,,,,,,1.1000000000000227,0.15610745058287218,17.018296,18.079226,18.171874,,16.445029,281.0,10413120.0,76725.39,,,,,0,Wednesday
SENSEX_WEEK,2026-07-22,76900,CE,2,45.0,15:29,0.0,4.139285714285715,149.9,22.148098732488318,35.256837891927944,5.028571428571427,4127780.0,-360580.0,-0.8650610000000007,-5.749268033005047,12.989087037529947,2.692857142857144,4175260.0,-925900.0,1.3945530000000002,,,,,,,4.949999999999989,1.1958584987057779,14.239953,13.455615,13.450346,,14.844899,177.05,10723720.0,76725.39,,,,,0,Wednesday
SENSEX_WEEK,2026-07-22,76900,PE,2,45.0,15:29,0.0,6.978571428571432,381.85,-14.626162105538828,24.27654838287285,7.303571428571429,1626460.0,-124800.0,0.43415600000000154,-0.675574238102387,8.482209878396636,4.025000000000001,1224260.0,-170460.0,-2.6088769999999997,,,,,,,9.599999999999966,1.3756397134083875,17.244401,18.463492,18.70935,,16.100473,330.8,3829480.0,76725.39,,,,,0,Wednesday
SENSEX_WEEK,2026-07-22,76700,SYNTH,0,,15:29,,,,,,,,,,,,,,,,,,,,,,,,,,,,,,,76725.39,1.889999999999418,-2.9100000000034925,4.899999999994179,9.69999999999709,0,Wednesday
SENSEX_WEEK,2026-07-23,76300,CE,0,29.0,15:22,0.0,3.0464285714285713,19.65,73.2824427480916,250.12722646310434,7.75,135374360.0,-3891860.0,-9.733916,11.533888228299647,27.11058263971462,6.524999999999995,14507040.0,-205380.0,24.632102,,,,,,,,,22.480096,16.559275,0.0,,24.632102,46.9,241443900.0,76256.14,,,,,0,Thursday
SENSEX_WEEK,2026-07-23,76300,PE,0,29.0,15:22,0.0,11.114285714285717,60.5,-91.98347107438016,155.20661157024793,7.265000000000001,135311360.0,11894180.0,-6.034986,-88.8888888888889,118.5185185185185,1.5499999999999998,41082440.0,251500.0,-4.607016,,,,,,,,,16.020633,15.272626,11.339143,,6.732127,0.3,227913480.0,76256.14,,,,,0,Thursday
SENSEX_WEEK,2026-07-23,76400,CE,1,45.0,15:29,0.0,0.8464285714285715,3.2,-67.1875,271.875,1.1535714285714285,220724180.0,7036920.0,-9.7087,-95.0,195.0,0.26071428571428573,128793480.0,-5973680.0,-6.080459,,,,,,,0.09999999999999999,0.11814345991561179,22.509079,17.390654,6.080459,,0.0,0.05,413005260.0,76256.14,,,,,0,Thursday
SENSEX_WEEK,2026-07-23,76400,PE,1,45.0,15:29,0.0,13.642857142857144,144.8,-61.15331491712708,98.27348066298343,12.682142857142859,49252100.0,2492760.0,2.7272250000000007,-84.50826805918189,102.78503046127067,4.753571428571426,47677660.0,-1153700.0,-24.99646,,,,,,,2.6500000000000004,0.1942408376963351,0.0,14.53041,24.99646,,0.0,8.9,111523740.0,76256.14,,,,,0,Thursday
SENSEX_WEEK,2026-07-23,76500,CE,2,45.0,15:29,0.0,0.2892857142857143,1.25,-76.0,227.99999999999994,0.18928571428571425,56642980.0,-2480300.0,-6.118315000000003,-83.33333333333334,83.33333333333334,0.04642857142857143,21063080.0,-1029360.0,-15.272727,,,,,,,0.0,0.0,24.314155,22.12122,15.272727,,0.0,0.05,121346720.0,76256.14,,,,,0,Thursday
SENSEX_WEEK,2026-07-23,76500,PE,2,45.0,15:29,0.0,12.878571428571425,240.5,-35.259875259875265,61.621621621621614,13.471428571428577,10764040.0,181160.0,33.954099,-30.372033354714567,37.3636946760744,4.810714285714284,5213260.0,-425700.0,-45.214338,,,,,,,2.200000000000003,0.1708264004437052,0.0,0.0,45.214338,,0.0,108.55,22496340.0,76256.14,,,,,0,Thursday
SENSEX_WEEK,2026-07-23,76300,SYNTH,0,,15:22,,,,,,,,,,,,,,,,,,,,,,,,,,,,,,,76256.14,-9.739999999990687,13.810000000012224,7.25,-16.30000000000291,0,Thursday
SENSEX_WEEK,2026-07-24,76000,CE,0,14.0,15:13,0.0,,625.0,0.4720000000000073,12.92,11.057692307692308,548880.0,-5740.0,0.4287700000000001,,,,,,,,,,,,,,,13.715402,13.715402,,,14.144172,627.95,548880.0,76048.23,,,,,0,Friday
SENSEX_WEEK,2026-07-24,76000,PE,0,14.0,15:13,0.0,,455.1,-2.702702702702705,11.89848384970337,8.346153846153832,891120.0,-18280.0,-0.586589,,,,,,,,,,,,,,,13.808098,13.808098,,,13.221509,442.8,891120.0,76048.23,,,,,0,Friday
SENSEX_WEEK,2026-07-24,76100,CE,1,45.0,15:29,0.0,8.828571428571438,569.6,4.69627808988764,13.412921348314603,11.375000000000016,434300.0,-16540.0,0.43709300000000084,-3.716652732385809,11.659192825112097,8.253571428571442,543300.0,-26860.0,-0.8762889999999999,,,,,,,3.75,0.4247572815533976,13.767999,13.65983,14.917665,,14.041376,633.4,1364500.0,76048.23,,,,,0,Friday
SENSEX_WEEK,2026-07-24,76100,PE,1,45.0,15:29,0.0,7.292857142857132,498.8,-7.066960705693664,13.191659983961499,9.675000000000011,589040.0,-7140.0,-0.6622610000000009,4.128384172485611,17.138306994977334,8.44642857142858,529220.0,-46140.0,0.6552550000000004,,,,,,,15.0,2.056807051909895,13.962891,13.732927,12.294264,,12.949519,425.0,1489560.0,76048.23,,,,,0,Friday
SENSEX_WEEK,2026-07-24,76200,CE,2,45.0,15:29,0.0,9.032142857142869,515.6,5.081458494957317,13.23700543056634,10.742857142857142,372780.0,-24460.0,0.43645000000000067,-6.335630656813083,12.480279000249105,9.2607142857143,432000.0,-55140.0,-1.210370000000001,,,,,,,17.450000000000045,1.931988928430212,13.687424,13.564266,14.828369,,13.617999,564.0,1101160.0,76048.23,,,,,0,Friday
SENSEX_WEEK,2026-07-24,76200,PE,2,45.0,15:29,0.0,8.90357142857141,545.2,-6.88738077769627,12.903521643433605,10.482142857142865,405860.0,-23080.0,-0.7045139999999996,4.351687388987572,16.17451154529308,9.064285714285713,351300.0,-38780.0,0.7358320000000003,,,,,,,13.5,1.516245487364624,13.925695,13.651715,12.17292,,12.908752,470.0,1021780.0,76048.23,,,,,0,Friday
SENSEX_WEEK,2026-07-24,76000,SYNTH,0,,15:13,,,,,,,,,,,,,,,,,,,,,,,,,,,,,,,76048.23,,160.70999999999185,,,0,Friday
SENSEX_WEEK,2026-07-27,76800,CE,0,35.0,15:29,0.0,7.411111111111103,453.75,2.1487603305785123,8.606060606060607,5.3576923076922975,621860.0,3160.0,0.5403409999999997,3.3726812816188874,6.671585160202369,3.110000000000002,462080.0,-54820.0,-0.010749000000000564,,,,,,,,,14.719829,14.531393,15.589955,,15.579206,490.4,1347280.0,76830.69,,,,,0,Monday
SENSEX_WEEK,2026-07-27,76800,PE,0,35.0,15:29,0.0,4.1222222222222245,321.0,-4.345794392523361,8.722741433021806,3.965384615384625,551900.0,-38060.0,-0.6236350000000002,-9.43139257745999,16.070820565202585,5.269999999999999,572940.0,-53200.0,-0.4677819999999997,,,,,,,,,13.268688,13.141646,11.930804,,11.463022,266.0,1463000.0,76830.69,,,,,0,Monday
SENSEX_WEEK,2026-07-27,76900,CE,1,45.0,15:29,0.0,7.275000000000006,395.1,2.9233105542900413,9.060997215894712,5.689285714285712,562840.0,16560.0,0.5905059999999995,4.093214199468725,6.423569186186902,2.625000000000004,534980.0,-18460.0,0.0648490000000006,,,,,,,6.300000000000011,0.8659793814432999,14.633418,14.272505,15.246803,,15.311652,431.05,1498280.0,76830.69,,,,,0,Monday
SENSEX_WEEK,2026-07-27,76900,PE,1,45.0,15:29,0.0,5.146428571428577,366.1,-3.79677683692981,8.303742146954377,4.735714285714295,425740.0,-1140.0,-0.632022000000001,-9.582780480613298,13.8876603272888,4.699999999999997,527740.0,-49060.0,-0.5815350000000006,,,,,,,17.55000000000001,3.4101318528799434,13.14353,13.027703,11.811456,,11.229921,306.65,1363460.0,76830.69,,,,,0,Monday
SENSEX_WEEK,2026-07-27,77000,CE,2,45.0,15:29,0.0,5.90000000000001,346.6,2.8851702250432774,9.939411425274104,5.571428571428563,723820.0,-4860.0,0.5253370000000004,3.785271851342051,6.785960082587743,2.3892857142857093,776740.0,-61120.0,-0.007647999999999655,,,,,,,4.199999999999989,0.7118644067796579,14.509219,14.235705,15.109178,,15.10153,377.0,2052080.0,76830.69,,,,,0,Monday
SENSEX_WEEK,2026-07-27,77000,PE,2,45.0,15:29,0.0,5.575000000000013,412.95,-3.450780966218671,8.29398232231505,4.96785714285714,303460.0,-17760.0,-0.6638490000000008,-8.47589424572317,12.713841368584761,4.7428571428571455,548460.0,44620.0,-0.5361290000000007,,,,,,,17.049999999999955,3.0582959641255454,12.959883,12.819207,11.559919,,11.02379,353.1,1136160.0,76830.69,,,,,0,Monday
SENSEX_WEEK,2026-07-27,76800,SYNTH,0,,15:29,,,,,,,,,,,,,,,,,,,,,,,,,,,,,,,76830.69,164.72000000000116,176.61000000000058,43.69999999999709,31.80999999999767,0,Monday
SENSEX_WEEK,2026-07-28,76700,CE,0,20.0,15:29,0.0,,353.55,9.404610380427096,12.233064630179607,4.153571428571435,586620.0,-220.0,0.7344589999999993,15.40483043423852,17.131773244900526,61.55000000000001,85220.0,-96600.0,2.8135839999999988,,,,,,,,,13.621191,14.714271,15.738674,,18.552258,461.1,740360.0,76694.32,,,,,0,Tuesday
SENSEX_WEEK,2026-07-28,76700,PE,0,20.0,15:29,0.0,,260.75,-9.357622243528285,14.573346116970288,3.700000000000003,981980.0,35580.0,-0.3662530000000004,-16.505078485687903,19.43674976915974,35.75,157820.0,54300.0,-1.614733000000001,,,,,,,,,13.138959,12.248799,11.251231,,9.636498,180.85,1248460.0,76694.32,,,,,0,Tuesday
SENSEX_WEEK,2026-07-28,76800,CE,1,41.0,15:29,0.0,4.178571428571429,297.75,11.502938706968934,13.350125944584383,4.346428571428565,911300.0,41880.0,0.8452560000000009,8.185595567867038,25.055401662049857,13.694999999999999,1267140.0,-270040.0,1.8292120000000018,,,,,,,1.3999999999999773,0.3350427350427296,13.383702,14.420399,15.85201,,17.681222,390.55,2846160.0,76694.32,,,,,0,Tuesday
SENSEX_WEEK,2026-07-28,76800,PE,1,41.0,15:29,0.0,4.696428571428576,307.95,-9.011203117389186,14.628998213995764,4.496428571428567,979140.0,-66300.0,-0.4288159999999994,-10.277427490542252,36.02353930222782,9.065000000000001,1188120.0,23480.0,-1.5473649999999992,,,,,,,0.5,0.10646387832699611,13.173681,12.08535,10.505058,,8.957693,213.45,2914160.0,76694.32,,,,,0,Tuesday
SENSEX_WEEK,2026-07-28,76900,CE,2,45.0,15:29,0.0,3.607142857142861,252.0,11.785714285714283,14.424603174603172,3.7142857142857104,616760.0,-57400.0,0.722468000000001,9.867884521285271,25.721741967052687,8.839285714285714,1583640.0,-186740.0,1.8286239999999978,,,,,,,4.550000000000011,1.2613861386138632,13.375947,14.35558,15.54916,,17.377784,336.8,2586460.0,76694.32,,,,,0,Tuesday
SENSEX_WEEK,2026-07-28,76900,PE,2,45.0,15:29,0.0,5.528571428571431,362.65,-8.934234110023432,13.070453605404671,4.928571428571429,618240.0,-100820.0,-0.5598719999999986,-10.407876230661028,34.26511954992967,8.007142857142858,1074640.0,-2100.0,-1.889766999999999,,,,,,,0.9000000000000057,0.16279069767441956,13.127214,11.997231,10.199947,,8.31018,254.8,2135060.0,76694.32,,,,,0,Tuesday
SENSEX_WEEK,2026-07-28,76700,SYNTH,0,,15:29,,,,,,,,,,,,,,,,,,,,,,,,,,,,,,,76694.32,143.4499999999971,242.85000000000582,97.30000000000291,-2.1000000000058208,0,Tuesday
SENSEX_WEEK,2026-07-29,77600,CE,-1,13.0,15:29,0.0,,242.0,,,,,,,-10.371900826446279,15.578512396694212,5.516666666666668,2758280.0,-273900.0,-1.1013089999999988,,,,,,,,,12.738893,12.738893,12.738893,,11.637584,216.9,2758280.0,77721.54,,,,,0,Wednesday
SENSEX_WEEK,2026-07-29,77600,PE,-1,13.0,15:29,0.0,,216.5,,,,,,,-2.67898383371825,10.346420323325637,4.983333333333334,4426580.0,-798740.0,-0.6346910000000001,,,,,,,,,15.246532,15.246532,15.246532,,14.611841,210.7,4426580.0,77721.54,,,,,0,Wednesday
SENSEX_WEEK,2026-07-29,77700,CE,0,41.0,15:29,0.0,4.0299999999999985,203.25,-2.3124231242312367,18.179581795817953,3.6571428571428606,4593680.0,-191240.0,1.4431349999999998,-15.442092154420921,17.23536737235367,5.285714285714282,3950220.0,-455140.0,-1.26478,,,,,,,10.0,2.4813895781637725,11.651545,11.032828,13.092303,,11.827523,169.75,11599800.0,77721.54,,,,,0,Wednesday
SENSEX_WEEK,2026-07-29,77700,PE,0,41.0,15:29,0.0,2.854999999999998,233.65,8.003423924673653,22.16991226193023,4.564285714285717,5105460.0,-576640.0,-0.36571900000000035,0.973654066437576,11.015654830087819,5.074999999999993,3983220.0,-621440.0,-0.41678699999999935,,,,,,,7.100000000000023,2.4868651488616558,15.097504,15.541883,15.269279,,14.852492,264.45,11575780.0,77721.54,,,,,0,Wednesday
SENSEX_WEEK,2026-07-29,77800,CE,1,45.0,15:29,0.0,3.664285714285711,156.6,-2.618135376756063,18.007662835249036,2.94285714285714,3984860.0,-367760.0,1.2282829999999993,-17.694543106231833,19.115272844688416,4.721428571428574,3674860.0,-449660.0,-1.1800239999999995,,,,,,,9.350000000000009,2.5516569200779773,11.785541,11.194414,12.987298,,11.807274,127.45,11527540.0,77721.54,,,,,0,Wednesday
SENSEX_WEEK,2026-07-29,77800,PE,1,45.0,15:29,0.0,3.9357142857142753,286.95,7.562293082418537,17.093570308416083,5.13571428571428,3162920.0,-388380.0,-0.3882349999999999,1.3213780084945692,11.090136857008021,5.907142857142857,2125160.0,-447720.0,-0.4043100000000006,,,,,,,7.050000000000011,1.7912885662432019,15.290734,15.709055,15.330843,,14.926533,322.05,7494420.0,77721.54,,,,,0,Wednesday
SENSEX_WEEK,2026-07-29,77900,CE,2,45.0,15:29,0.0,2.9678571428571425,118.4,-3.462837837837845,20.650337837837853,2.414285714285716,2556620.0,-236400.0,1.0218290000000003,-17.955326460481103,19.50171821305842,3.9357142857142873,2860980.0,-231980.0,-0.9276800000000005,,,,,,,6.700000000000003,2.2575210589651036,11.907459,11.357384,12.88457,,11.95689,95.5,7783460.0,77721.54,,,,,0,Wednesday
SENSEX_WEEK,2026-07-29,77900,PE,2,45.0,15:29,0.0,4.117857142857149,349.0,5.916905444126068,17.292263610315175,5.925000000000003,822720.0,-114120.0,-0.6710979999999989,2.9194187582562776,10.541611624834868,6.053571428571432,586220.0,-180480.0,-0.05449400000000004,,,,,,,3.8999999999999773,0.9470945359930546,15.501028,16.044552,15.297431,,15.242937,389.55,2003460.0,77721.54,,,,,0,Wednesday
SENSEX_WEEK,2026-07-29,77700,SYNTH,0,,15:29,,,,,,,,,,,,,,,,,,,,,,,,,,,,,,,77721.54,-13.94999999999709,-27.589999999996508,-33.55000000000291,-19.910000000003492,0,Wednesday
SENSEX_WEEK,2026-07-30,77800,CE,1,26.0,15:29,0.0,2.271428571428572,2.8,1058.9285714285716,1271.4285714285716,6.01,110300660.0,-207440.0,-6.016709,233.51206434316356,307.77479892761403,22.000000000000004,20117600.0,-2969640.0,-12.028645,,,,,,,7.300000000000011,3.2138364779874258,20.609957,13.347786,12.028645,,0.0,124.4,234777120.0,77691.33,,,,,0,Thursday
SENSEX_WEEK,2026-07-30,77800,PE,1,26.0,15:29,0.0,7.774999999999999,137.35,-88.35092828540226,93.30178376410629,25.049999999999997,49555780.0,4458620.0,-17.154861999999998,-98.66666666666667,122.66666666666669,0.9249999999999999,51771820.0,-9563680.0,-8.532914,,,,,,,0.05,0.006430868167202574,0.0,30.551038,8.532914,,0.0,0.05,120484640.0,77691.33,,,,,0,Thursday
SENSEX_WEEK,2026-07-30,77900,CE,2,44.0,15:29,0.0,0.6857142857142858,0.85,164.7058823529412,1205.8823529411766,1.1,230388440.0,8988180.0,-13.335186,2420.0,5005.0,6.36153846153846,189634420.0,-11231160.0,-10.945961,,,,,,,6.849999999999998,9.989583333333329,22.520968,17.908083,10.945961,,0.0,25.2,467912020.0,77691.33,,,,,0,Thursday
SENSEX_WEEK,2026-07-30,77900,PE,2,44.0,15:29,0.0,9.017857142857144,236.95,-77.73791939227685,86.07301118379405,15.057142857142853,52208200.0,5185100.0,-16.600703,-99.85250737463127,106.12094395280236,5.261538461538461,105423580.0,4004860.0,0.0,,,,,,,0.24999999999999997,0.027722772277227716,0.0,43.487378,0.0,,0.0,0.1,162124020.0,77691.33,,,,,0,Thursday
SENSEX_WEEK,2026-07-30,77700,SYNTH,0,,15:00,,,,,,,,,,,,,,,,,,,,,,,,,,,,,,,77691.33,,-27.630000000004657,,,0,Thursday
SENSEX_WEEK,2026-07-31,78100,CE,0,43.0,15:29,0.0,6.407142857142857,438.9,-0.43290043290042773,9.535201640464804,5.666666666666667,847540.0,-50460.0,-1.0149869999999996,-13.221919054115515,16.189176898590265,7.2892857142857155,587700.0,-75940.0,-0.2234379999999998,,,,,,,27.30000000000001,4.260869565217393,9.781428,9.764526,8.97897,,8.755532,381.65,1982320.0,78064.9,,,,,0,Friday
SENSEX_WEEK,2026-07-31,78100,PE,0,43.0,15:29,0.0,6.367857142857141,390.65,-0.6143606809164156,11.32727505439652,4.550000000000002,726040.0,-74360.0,0.7358759999999993,6.907137375287798,11.281657712970075,3.8071428571428703,695460.0,-89680.0,-0.3417659999999998,,,,,,,2.75,0.43185642176107697,10.928885,10.903947,11.586121,,11.244355,417.9,2072940.0,78064.9,,,,,0,Friday
SENSEX_WEEK,2026-07-31,78200,CE,1,45.0,15:29,0.0,5.985714285714282,385.95,-0.2720559657986815,9.353543205078369,5.432142857142858,838560.0,-47520.0,-0.9095150000000007,-12.277074179374516,17.30421297492892,6.342857142857148,630520.0,-96300.0,-0.054497999999998825,,,,,,,20.950000000000045,3.5000000000000098,9.781983,9.7269,9.011401,,8.956903,339.4,1921160.0,78064.9,,,,,0,Friday
SENSEX_WEEK,2026-07-31,78200,PE,1,45.0,15:29,0.0,6.9178571428571285,440.2,-1.1812812358019056,10.574738755111316,4.778571428571431,681040.0,-69000.0,0.7218269999999993,5.978322875071305,11.443240159726193,4.47857142857142,645600.0,-20620.0,-0.4377139999999997,,,,,,,4.449999999999989,0.643262777490965,10.87147,10.92758,11.601944,,11.16423,464.45,1842740.0,78064.9,,,,,0,Friday
SENSEX_WEEK,2026-07-31,78300,CE,2,45.0,15:29,0.0,5.453571428571418,339.7,-0.7212246099499525,10.538710627023848,4.803571428571432,571520.0,-75320.0,-0.8721630000000005,-13.347113539052117,18.234165067178505,6.042857142857149,446920.0,-67840.0,-0.09570399999999957,,,,,,,21.100000000000023,3.869024230517366,9.756234,9.755292,9.049779,,8.954075,293.45,1376780.0,78064.9,,,,,0,Friday
SENSEX_WEEK,2026-07-31,78300,PE,2,45.0,15:29,0.0,7.210714285714289,490.2,-0.6425948592411215,10.240718074255415,4.960714285714289,324560.0,-37100.0,0.8349029999999988,5.024509803921573,10.845588235294109,4.685714285714279,229900.0,-44160.0,-0.5573940000000004,,,,,,,6.7999999999999545,0.9430411094601221,10.876952,10.87147,11.63222,,11.074826,514.2,770960.0,78064.9,,,,,0,Friday
SENSEX_WEEK,2026-07-31,78100,SYNTH,0,,15:29,,,,,,,,,,,,,,,,,,,,,,,,,,,,,,,78064.9,25.470000000001164,29.179999999993015,-85.14999999999418,-88.85999999998603,0,Friday
SENSEX_WEEK,2026-08-03,78600,CE,-1,12.0,15:39,1.0,,383.0,,,,,,,2.8198433420365565,5.613577023498695,10.800000000000011,89060.0,0.0,0.3840849999999989,0.049776007964158445,7.192633150821298,4.322222222222226,250500.0,-72100.0,0.022396000000000527,,,11.543098,11.543098,11.543098,12.212072,12.234468,402.0,339560.0,78739.77,,,,,1,Monday
SENSEX_WEEK,2026-08-03,78600,PE,-1,12.0,15:39,1.0,,283.6,,,,,,,-8.903385049365303,12.55289139633287,25.25,119560.0,0.0,-0.8936859999999989,-1.1173184357541899,15.586592178770935,6.144444444444452,265480.0,-38840.0,-0.09698000000000029,,,11.697878,11.697878,11.697878,11.165079,11.068099,265.5,385040.0,78739.77,,,,,1,Monday
SENSEX_WEEK,2026-08-03,78700,CE,0,43.0,15:39,1.0,,371.0,-7.277628032345014,14.326145552560641,6.650000000000001,1172860.0,-76180.0,0.2780540000000009,0.7863501483679458,8.69436201780414,3.2821428571428606,687040.0,-89700.0,0.8019209999999983,0.0,8.26086956521739,3.5888888888888837,334060.0,-52320.0,0.014908999999999395,,,11.019334,11.04389,11.058903,12.050373,12.065282,345.0,2336520.0,78739.77,,,,,1,Monday
SENSEX_WEEK,2026-08-03,78700,PE,0,43.0,15:39,1.0,,317.85,7.157464212678936,11.90813276702846,4.353571428571432,1528300.0,-260300.0,-0.2257700000000007,-12.579710144927532,14.217391304347828,6.742857142857133,727040.0,-124980.0,-2.1596740000000008,3.1381429957942375,15.674538984147521,5.055555555555549,355200.0,16520.0,0.35006300000000046,,,12.919291,12.871798,12.818963,10.923691,11.273754,318.8,2783340.0,78739.77,,,,,1,Monday
SENSEX_WEEK,2026-08-03,78800,CE,1,55.0,15:39,1.0,3.1214285714285706,319.55,-8.277264903770925,15.224534501642928,6.2964285714285735,1016520.0,-144520.0,0.18490700000000082,0.5547850208044462,9.205963938973632,3.157142857142852,528340.0,-86100.0,0.7017829999999989,-0.5575266092245235,9.832742017232649,3.6055555555555605,268640.0,-58380.0,-0.04369600000000062,10.899999999999977,3.491990846681916,11.008626,11.081539,11.085788,11.99937,11.955674,294.3,2487440.0,78739.77,,,,,1,Monday
SENSEX_WEEK,2026-08-03,78800,PE,1,55.0,15:39,1.0,2.6214285714285706,366.8,6.07960741548528,11.600327153762256,5.042857142857157,951080.0,-237280.0,-0.3383060000000011,-10.982732351447435,13.407821229050281,8.189285714285704,483720.0,-64440.0,-2.2267919999999997,3.304637600666475,13.982227159122456,5.5,156340.0,-35400.0,0.42993400000000115,28.30000000000001,10.795640326975485,13.014743,12.911454,12.758236,10.870249,11.300183,372.0,2077120.0,78739.77,,,,,1,Monday
SENSEX_WEEK,2026-08-03,78900,CE,2,55.0,15:39,1.0,2.971428571428569,271.65,-8.521995214430326,16.08687649549053,5.767857142857143,458960.0,-79260.0,0.1915199999999988,-1.3709842439124185,10.354000409249032,2.939285714285723,355100.0,-66720.0,0.4695789999999995,1.8039687312086592,10.503106835037078,3.5888888888888903,144220.0,-27960.0,0.17657999999999952,8.449999999999989,2.8437499999999987,11.018487,11.067849,11.097153,11.872941,12.049521,253.95,1281340.0,78739.77,,,,,1,Monday
SENSEX_WEEK,2026-08-03,78900,PE,2,55.0,15:39,1.0,2.7857142857142736,418.3,6.598135309586413,11.379392780301224,5.564285714285717,394320.0,-51560.0,-0.25200199999999917,-10.384999445245747,11.794075224675465,6.9571428571428555,233940.0,-50360.0,-2.461297,2.9908345393149967,12.735166425470334,6.0222222222222275,70340.0,-22040.0,0.4575129999999987,32.099999999999966,11.52307692307696,13.000281,12.889624,12.828338,10.757948,11.215461,427.0,850640.0,78739.77,,,,,1,Monday
SENSEX_WEEK,2026-08-03,78700,SYNTH,0,,15:39,,,,,,,,,,,,,,,,,,,,,,,,,,,,,,,78739.77,14.869999999995343,87.16999999999825,34.19999999999709,-38.10000000000582,1,Monday
SENSEX_WEEK,2026-08-04,78300,CE,0,43.0,15:28,0.0,4.353846153846155,354.15,8.795708033319226,12.325285895806873,4.325000000000001,1142800.0,-11300.0,1.090235999999999,-4.099190283400807,9.93168016194332,4.592307692307674,863140.0,12080.0,-0.6621550000000003,,,,,,,,,14.025239,13.99774,15.518592,,14.856437,379.0,2639660.0,78311.77,,,,,1,Tuesday
SENSEX_WEEK,2026-08-04,78300,PE,0,43.0,15:28,0.0,3.907692307692304,314.8,-13.05590851334181,20.64803049555273,7.007142857142859,1620220.0,-13680.0,-1.4858260000000012,-4.68634686346863,14.612546125461252,4.230769230769226,894960.0,-55300.0,-0.5250690000000002,,,,,,,,,15.155935,14.682102,13.081493,,12.556424,258.3,3269640.0,78311.77,,,,,1,Tuesday
SENSEX_WEEK,2026-08-04,78400,CE,1,55.0,15:39,1.0,3.360714285714274,304.95,8.345630431218229,12.018363666174777,3.017857142857139,937280.0,-85160.0,0.8679349999999992,-3.3490011750881252,10.943008225616921,4.399999999999993,985280.0,-10580.0,-2.762099000000001,-7.485029940119761,8.652694610778454,4.800000000000005,459700.0,1360.0,-1.0623489999999993,10.949999999999989,3.258235919234864,14.06205,14.033079,15.334649,12.79176,11.729411,309.0,3098560.0,78311.77,,,,,1,Tuesday
SENSEX_WEEK,2026-08-04,78400,PE,1,55.0,15:39,1.0,4.0392857142857155,364.8,-12.06140350877193,19.216008771929815,7.51428571428571,829640.0,-48300.0,-1.5804589999999994,-7.248660573589662,13.930034667507087,5.242857142857141,767000.0,4060.0,1.2347920000000006,6.273670344146225,11.081837642022059,3.549999999999999,410880.0,-21460.0,0.8457629999999998,12.800000000000011,3.1688770999115845,15.238736,14.684472,12.955143,14.596854,15.442617,322.7,2517840.0,78311.77,,,,,1,Tuesday
SENSEX_WEEK,2026-08-04,78500,CE,2,55.0,15:39,1.0,3.507142857142867,260.1,8.169934640522875,12.610534409842371,2.532142857142852,1603600.0,-139240.0,0.7207409999999985,-4.748842791016618,11.897822732727581,3.0892857142857104,1233180.0,-17560.0,-2.6553939999999994,-6.252207700459217,8.9897562698693,3.8555555555555605,649080.0,20460.0,-0.7418929999999992,8.100000000000023,2.309572301425662,14.145144,14.047121,15.218885,12.794587,12.052694,265.4,4518120.0,78311.77,,,,,1,Tuesday
SENSEX_WEEK,2026-08-04,78500,PE,2,55.0,15:39,1.0,4.689285714285717,419.95,-11.382307417549711,18.299797594951784,8.578571428571426,1106580.0,-36940.0,-1.7402759999999997,-7.038043478260863,12.894021739130448,5.357142857142857,694240.0,-30280.0,1.343611000000001,6.441109852774632,11.027746319365797,3.3944444444444395,332160.0,-16500.0,1.0024249999999988,13.050000000000011,2.782939832444784,15.22421,14.709309,12.789582,14.614012,15.616437,375.95,2602100.0,78311.77,,,,,1,Tuesday
SENSEX_WEEK,2026-08-04,78300,SYNTH,0,,15:28,,,,,,,,,,,,,,,,,,,,,,,,,,,,,,,78311.77,99.63999999999942,96.13999999999942,-3.5,0.0,1,Tuesday
SENSEX_WEEK,2026-08-05,78400,CE,0,29.0,15:13,0.0,9.328571428571422,351.65,20.46068534053748,25.1101947959619,10.2576923076923,4213700.0,-361160.0,2.531462000000001,,,,,,,,,,,,,,,21.361666,21.532375,,,24.063837,423.6,6860860.0,78366.94,,,,,1,Wednesday
SENSEX_WEEK,2026-08-05,78400,PE,0,29.0,15:13,0.0,12.771428571428569,307.35,-29.136163982430457,33.235724743777446,11.480769230769235,3835500.0,-19820.0,-3.517062000000001,,,,,,,,,,,,,,,19.820241,18.197682,,,14.68062,217.8,6600440.0,78366.94,,,,,1,Wednesday
SENSEX_WEEK,2026-08-05,78500,CE,1,44.0,15:28,0.0,8.450000000000005,304.2,24.917817225509538,31.344510190664042,8.657142857142857,6576380.0,-384660.0,0.5219859999999983,62.181090545272625,107.07853926963482,24.43846153846154,5636500.0,-221460.0,7.617762999999998,,,,,,,,,21.362613,21.50786,11.364292,,18.982055,324.2,15722980.0,78366.94,,,,,1,Wednesday
SENSEX_WEEK,2026-08-05,78500,PE,1,44.0,15:28,0.0,13.410714285714294,360.0,-30.319444444444443,35.70833333333333,12.31785714285714,3496920.0,-110760.0,-2.0545480000000005,-18.205935997347044,32.797214392306415,15.54615384615384,4308100.0,-58100.0,-3.259791999999999,,,,,,,,,19.692449,18.152875,18.955896,,15.696104,246.65,9936940.0,78366.94,,,,,1,Wednesday
SENSEX_WEEK,2026-08-05,78600,CE,2,55.0,15:39,1.0,7.574999999999995,262.0,25.61068702290077,32.44274809160305,7.714285714285706,4257240.0,-264680.0,0.3759970000000017,65.81381011097412,119.85203452527746,21.26785714285715,4302580.0,-54480.0,4.2792499999999976,-10.93779364781057,14.527344484119517,4.622222222222218,1315900.0,-202000.0,-1.7192049999999988,6.200000000000017,0.8184818481848213,21.330097,21.534612,11.973368,16.082499,14.363294,236.95,11869720.0,78366.94,,,,,1,Wednesday
SENSEX_WEEK,2026-08-05,78600,PE,2,55.0,15:39,1.0,15.060714285714283,417.5,-27.97604790419162,33.77245508982036,13.292857142857141,1228100.0,-36940.0,-2.072395,-24.021519838601215,32.92535305985205,18.057142857142868,1883560.0,-32400.0,-2.855349999999998,13.618273057622435,23.896867970237068,8.561111111111106,761000.0,-60480.0,2.4490809999999996,25.30000000000001,1.679867204173584,19.747662,18.083907,20.09069,17.635746,20.084827,328.3,4599080.0,78366.94,,,,,1,Wednesday
SENSEX_WEEK,2026-08-05,78400,SYNTH,0,,15:13,,,,,,,,,,,,,,,,,,,,,,,,,,,,,,,78366.94,,176.52999999999884,,,1,Wednesday
SENSEX_WEEK,2026-08-06,78800,CE,0,44.0,15:28,0.0,6.56785714285714,254.05,16.827396181853963,52.13540641605984,12.846428571428573,12362920.0,-231180.0,54.73253,-55.21768029245596,123.14722499169157,58.08846153846153,13419620.0,-642200.0,-46.367492999999996,,,,,,,,,80.939934,85.971949,144.949423,,98.58193,134.75,31239680.0,78840.64,,,,,1,Thursday
SENSEX_WEEK,2026-08-06,78800,PE,0,44.0,15:28,0.0,8.396428571428572,170.5,20.49853372434017,58.885630498533715,11.803571428571425,12478380.0,-567380.0,20.602593,-68.983174835406,92.00195074372104,26.75769230769231,26991080.0,533160.0,-54.114498999999995,,,,,,,,,79.016561,70.297441,93.205711,,39.091212,63.6,47718200.0,78840.64,,,,,1,Thursday
SENSEX_WEEK,2026-08-06,78900,CE,1,44.0,15:28,0.0,5.7214285714285795,202.85,19.86689672171556,58.68868622134583,12.028571428571427,11083580.0,-7080.0,52.04472299999999,-72.42087957254418,144.08138101109736,54.76923076923075,11535840.0,-457320.0,-59.51451999999999,,,,,,,,,79.654052,85.25013,139.668501,,80.153981,67.1,27211140.0,78840.64,,,,,1,Thursday
SENSEX_WEEK,2026-08-06,78900,PE,1,44.0,15:28,0.0,8.942857142857138,217.9,14.433226250573654,50.068838916934375,12.503571428571421,4734160.0,-161440.0,16.390353000000005,-58.582995951417,90.2834008097166,30.646153846153847,13554620.0,3620.0,-86.769697,,,,,,,,,78.260868,69.014037,86.769697,,0.0,102.3,21945740.0,78840.64,,,,,1,Thursday
SENSEX_WEEK,2026-08-06,79000,CE,2,55.0,15:39,1.0,5.4571428571428555,162.0,15.061728395061731,63.17901234567901,10.757142857142856,11639960.0,-148900.0,43.856223,-99.27442342575797,173.1018398548847,48.78928571428572,27917580.0,-82760.0,-125.372182,-90.0,620.0,0.11666666666666667,53226260.0,7155120.0,-8.167008,35.550000000000004,6.514397905759165,79.035894,85.850592,135.130068,8.167008,0.0,0.05,98897900.0,78840.64,,,,,1,Thursday
SENSEX_WEEK,2026-08-06,79000,PE,2,55.0,15:39,1.0,7.878571428571433,273.05,8.734663980955855,43.453579930415664,14.103571428571428,3525040.0,-184980.0,9.402766,-84.56477732793522,90.45209176788124,44.28928571428572,17606540.0,546200.0,-70.883484,-3.7313432835820897,7.995735607675907,0.22777777777777747,5004900.0,81540.0,-10.991614,122.25,15.516772438803255,76.98548,67.404044,79.078829,10.991614,0.0,45.15,28386120.0,78840.64,,,,,1,Thursday
SENSEX_WEEK,2026-08-06,78800,SYNTH,0,,15:28,,,,,,,,,,,,,,,,,,,,,,,,,,,,,,,78840.64,110.23000000001048,85.52999999999884,-24.70000000001164,0.0,1,Thursday
SENSEX_WEEK,2026-08-07,78400,CE,0,15.0,15:05,0.0,5.527777777777765,599.75,1.8841183826594339,5.143809920800337,3.9499999999999886,116920.0,-8140.0,0.13345499999999966,,,,,,,,,,,,,,,12.658654,12.747714,,,12.881169,611.05,343800.0,78437.43,,,,,1,Friday
SENSEX_WEEK,2026-08-07,78400,PE,0,15.0,15:05,0.0,4.783333333333328,397.8,-2.3127199597787804,9.715937657114122,4.699999999999974,197500.0,-2580.0,-0.10619699999999987,,,,,,,,,,,,,,,12.509713,11.864171,,,11.757974,388.6,516840.0,78437.43,,,,,1,Friday
SENSEX_WEEK,2026-08-07,78500,CE,1,55.0,15:39,1.0,5.978571428571432,544.7,7.517899761336502,13.025518634110528,4.38928571428571,844160.0,-112700.0,0.3114460000000001,-5.285429804181882,8.023564553601064,5.039285714285703,623700.0,-105380.0,-0.8905469999999998,1.9985974754558167,5.794179523141647,3.6888888888889064,257300.0,-81820.0,0.29393699999999967,8.100000000000023,1.3548387096774224,12.628533,12.701923,13.446771,12.548385,12.842322,581.8,2275740.0,78437.43,,,,,1,Friday
SENSEX_WEEK,2026-08-07,78500,PE,1,55.0,15:39,1.0,5.017857142857131,440.3,-11.730638201226444,19.259595730183968,5.375000000000004,948580.0,7420.0,-0.6511469999999999,3.1903339668748303,10.154765137116474,4.089285714285714,826560.0,-151740.0,0.3904259999999997,-1.8628719275549777,7.671410090556284,4.655555555555559,312820.0,-122760.0,-0.17639599999999866,8.050000000000011,1.604270462633458,12.473689,11.768688,10.600951,11.153602,10.977206,379.3,2833260.0,78437.43,,,,,1,Friday
SENSEX_WEEK,2026-08-07,78600,CE,2,55.0,15:39,1.0,5.232142857142861,494.0,7.793522267206478,13.441295546558711,4.149999999999993,534500.0,-93740.0,0.2909860000000002,-5.65538629937061,8.75672717321901,4.899999999999977,367260.0,-64320.0,-0.8591270000000009,3.0121065375302574,6.004842615012106,2.538888888888904,156120.0,-57760.0,0.39565800000000095,8.049999999999955,1.538566552901014,12.594504,12.687557,13.377107,12.496478,12.892136,531.8,1429520.0,78437.43,,,,,1,Friday
SENSEX_WEEK,2026-08-07,78600,PE,2,55.0,15:39,1.0,5.824999999999993,490.0,-11.59183673469388,18.26530612244898,5.8285714285714345,436680.0,-17100.0,-0.7300490000000011,3.039844980016944,10.003633280852611,3.9678571428571394,373440.0,-48300.0,0.4146490000000007,-1.5666705349889751,7.508413601021242,5.161111111111103,128240.0,-48120.0,-0.16408400000000078,9.100000000000023,1.5622317596566582,12.467655,11.770013,10.526152,11.076988,10.912904,424.1,1350840.0,78437.43,,,,,1,Friday
SENSEX_WEEK,2026-08-07,78400,SYNTH,0,,15:05,,,,,,,,,,,,,,,,,,,,,,,,,,,,,,,78437.43,,173.91999999999825,,,1,Friday
