id,title,currency,date,impact,forecast,previous,actual,all_day,tentative
,French Bank Holiday,EUR,2024-01-01T00:00:00Z,None,,,,true,false
,German Bank Holiday,EUR,2024-01-01T00:00:00Z,None,,,,true,false
,Italian Bank Holiday,EUR,2024-01-01T00:00:00Z,None,,,,true,false
,Bank Holiday,GBP,2024-01-01T00:00:00Z,None,,,,true,false
,Bank Holiday,CAD,2024-01-01T00:00:00Z,None,,,,true,false
,Bank Holiday,USD,2024-01-01T00:00:00Z,None,,,,true,false
,Bank Holiday,NZD,2024-01-01T00:00:00Z,None,,,,true,false
,Bank Holiday,JPY,2024-01-01T00:00:00Z,None,,,,true,false
,Bank Holiday,CHF,2024-01-01T00:00:00Z,None,,,,true,false
,BRC Shop Price Index y/y,GBP,2024-01-01T19:01:00Z,None,,4.3%,4.3%,false,false
,RatingDog Manufacturing PMI,CNY,2024-01-01T20:45:00Z,None,50.4,50.7,50.8,false,false
,Bank Holiday,CHF,2024-01-02T00:00:00Z,None,,,,true,false
,Bank Holiday,JPY,2024-01-02T00:00:00Z,None,,,,true,false
,Commodity Prices y/y,AUD,2024-01-02T00:30:00Z,None,,-12.8%,-10.7%,false,false
,Spanish Manufacturing PMI,EUR,2024-01-02T03:15:00Z,None,46.3,46.3,46.2,false,false
,Italian Manufacturing PMI,EUR,2024-01-02T03:45:00Z,None,44.3,44.4,45.3,false,false
,French Final Manufacturing PMI,EUR,2024-01-02T03:50:00Z,None,42.0,42.0,42.1,false,false
,German Final Manufacturing PMI,EUR,2024-01-02T03:55:00Z,None,43.1,43.1,43.3,false,false
,Final Manufacturing PMI,EUR,2024-01-02T04:00:00Z,None,44.2,44.2,44.4,false,false
,M3 Money Supply y/y,EUR,2024-01-02T04:00:00Z,None,-1.0%,-1.0%,-0.9%,false,false
,Private Loans y/y,EUR,2024-01-02T04:00:00Z,None,0.8%,0.6%,0.5%,false,false
,Final Manufacturing PMI,GBP,2024-01-02T04:30:00Z,None,46.4,46.4,46.2,false,false
,Manufacturing PMI,CAD,2024-01-02T09:30:00Z,None,,47.7,45.4,false,false
,Final Manufacturing PMI,USD,2024-01-02T09:45:00Z,None,48.4,48.2,47.9,false,false
,GDT Price Index,NZD,2024-01-02T09:51:00Z,None,,2.3%,1.2%,false,false
,Construction Spending m/m,USD,2024-01-02T10:00:00Z,None,0.6%,1.2%,0.4%,false,false
,Omdia Total Vehicle Sales,USD,2024-01-03T00:00:00Z,None,15.5M,15.3M,15.8M,true,false
,Spanish Unemployment Change,EUR,2024-01-03T03:00:00Z,None,-15.7K,-24.6K,-27.4K,false,false
,Manufacturing PMI,CHF,2024-01-03T03:30:00Z,None,43.0,42.1,43.0,false,false
,German Unemployment Change,EUR,2024-01-03T03:55:00Z,None,20K,21K,5K,false,false
,FOMC Member Barkin Speaks,USD,2024-01-03T08:30:00Z,None,,,,false,false
,ISM Manufacturing PMI,USD,2024-01-03T10:00:00Z,High,47.2,46.7,47.4,false,false
,JOLTS Job Openings,USD,2024-01-03T10:00:00Z,High,8.84M,8.85M,8.79M,false,false
,ISM Manufacturing Prices,USD,2024-01-03T10:00:00Z,None,49.5,49.9,45.2,false,false
,FOMC Meeting Minutes,USD,2024-01-03T14:00:00Z,High,,,,false,false
,API Weekly Statistical Bulletin,USD,2024-01-03T16:30:00Z,None,,,,false,false
,Final Manufacturing PMI,JPY,2024-01-03T19:30:00Z,None,47.7,47.7,47.9,false,false
,RatingDog Services PMI,CNY,2024-01-03T20:45:00Z,None,51.6,51.5,52.9,false,false
,German Prelim CPI m/m,EUR,2024-01-04T00:00:00Z,High,0.2%,-0.4%,0.1%,true,false
,French Prelim CPI m/m,EUR,2024-01-04T02:45:00Z,None,0.2%,-0.2%,0.1%,false,false
,Spanish Services PMI,EUR,2024-01-04T03:15:00Z,None,51.1,51.0,51.5,false,false
,Italian Services PMI,EUR,2024-01-04T03:45:00Z,None,49.8,49.5,49.8,false,false
,French Final Services PMI,EUR,2024-01-04T03:50:00Z,None,44.3,44.3,45.7,false,false
,German Final Services PMI,EUR,2024-01-04T03:55:00Z,None,48.4,48.4,49.3,false,false
,Final Services PMI,EUR,2024-01-04T04:00:00Z,None,48.1,48.1,48.8,false,false
,Final Services PMI,GBP,2024-01-04T04:30:00Z,None,52.7,52.7,53.4,false,false
,M4 Money Supply m/m,GBP,2024-01-04T04:30:00Z,None,0.2%,0.3%,-0.1%,false,false
,Mortgage Approvals,GBP,2024-01-04T04:30:00Z,None,48K,48K,50K,false,false
,Net Lending to Individuals m/m,GBP,2024-01-04T04:30:00Z,None,1.6B,1.3B,2.0B,false,false
,French 10-y Bond Auction,EUR,2024-01-04T05:01:00Z,None,,2.75|3.0,2.59|1.8,false,false
,Challenger Job Cuts y/y,USD,2024-01-04T07:30:00Z,None,,-40.8%,-20.2%,false,false
,ADP Non-Farm Employment Change,USD,2024-01-04T08:15:00Z,High,120K,101K,164K,false,false
,Unemployment Claims,USD,2024-01-04T08:30:00Z,High,217K,220K,202K,false,false
,Final Services PMI,USD,2024-01-04T09:45:00Z,None,51.3,51.3,51.4,false,false
,Natural Gas Storage,USD,2024-01-04T10:30:00Z,None,-33B,-87B,-14B,false,false
,Crude Oil Inventories,USD,2024-01-04T11:00:00Z,None,-3.2M,-7.1M,-5.5M,false,false
,Monetary Base y/y,JPY,2024-01-04T18:50:00Z,None,9.0%,8.9%,7.8%,false,false
,Consumer Confidence,JPY,2024-01-05T00:00:00Z,None,36.4,36.1,37.2,false,false
,German Retail Sales m/m,EUR,2024-01-05T02:00:00Z,None,-0.5%,1.3%,-2.5%,false,false
,Lloyds HPI m/m,GBP,2024-01-05T02:00:00Z,None,0.1%,0.6%,1.1%,false,false
,Construction PMI,GBP,2024-01-05T04:30:00Z,None,46.1,45.5,46.8,false,false
,Core CPI Flash Estimate y/y,EUR,2024-01-05T05:00:00Z,None,3.4%,3.6%,3.4%,false,false
,CPI Flash Estimate y/y,EUR,2024-01-05T05:00:00Z,None,3.0%,2.4%,2.9%,false,false
,PPI m/m,EUR,2024-01-05T05:00:00Z,None,-0.1%,0.3%,-0.3%,false,false
,Italian Prelim CPI m/m,EUR,2024-01-05T05:00:00Z,None,0.2%,-0.5%,0.2%,false,false
,Employment Change,CAD,2024-01-05T08:30:00Z,High,12.2K,24.9K,0.1K,false,false
,Unemployment Rate,CAD,2024-01-05T08:30:00Z,High,5.9%,5.8%,5.8%,false,false
,Average Hourly Earnings m/m,USD,2024-01-05T08:30:00Z,High,0.3%,0.4%,0.4%,false,false
,Non-Farm Employment Change,USD,2024-01-05T08:30:00Z,High,168K,173K,216K,false,false
,Unemployment Rate,USD,2024-01-05T08:30:00Z,High,3.8%,3.7%,3.7%,false,false
,Ivey PMI,CAD,2024-01-05T10:00:00Z,None,55.0,54.7,56.3,false,false
,ISM Services PMI,USD,2024-01-05T10:00:00Z,High,52.5,52.7,50.6,false,false
,Factory Orders m/m,USD,2024-01-05T10:00:00Z,None,2.0%,-3.4%,2.6%,false,false
,FOMC Member Barkin Speaks,USD,2024-01-05T13:30:00Z,None,,,,false,false
,Bank Holiday,JPY,2024-01-07T00:00:00Z,None,,,,true,false
,German Factory Orders m/m,EUR,2024-01-08T02:00:00Z,None,1.1%,-3.8%,0.3%,false,false
,German Trade Balance,EUR,2024-01-08T02:00:00Z,None,17.9B,17.7B,20.4B,false,false
,CPI m/m,CHF,2024-01-08T02:30:00Z,High,-0.1%,-0.2%,0.0%,false,false
,Retail Sales y/y,CHF,2024-01-08T02:30:00Z,None,0.0%,-0.3%,0.7%,false,false
,Sentix Investor Confidence,EUR,2024-01-08T04:30:00Z,None,-15.5,-16.8,-15.8,false,false
,Retail Sales m/m,EUR,2024-01-08T05:00:00Z,None,-0.3%,0.4%,-0.3%,false,false
,FOMC Member Bostic Speaks,USD,2024-01-08T12:30:00Z,None,,,,false,false
,Consumer Credit m/m,USD,2024-01-08T15:00:00Z,None,8.9B,5.8B,23.8B,false,false
,Tokyo Core CPI y/y,JPY,2024-01-08T18:30:00Z,None,2.1%,2.3%,2.1%,false,false
,Household Spending y/y,JPY,2024-01-08T18:30:00Z,None,-2.2%,-2.5%,-2.9%,false,false
,BRC Retail Sales Monitor y/y,GBP,2024-01-08T19:01:00Z,None,2.3%,2.6%,1.9%,false,false
,Retail Sales m/m,AUD,2024-01-08T19:30:00Z,None,1.2%,-0.4%,2.0%,false,false
,Building Approvals m/m,AUD,2024-01-08T19:30:00Z,None,-1.9%,7.2%,1.6%,false,false
,Unemployment Rate,CHF,2024-01-09T01:45:00Z,None,2.2%,2.1%,2.2%,false,false
,German Industrial Production m/m,EUR,2024-01-09T02:00:00Z,None,0.4%,-0.3%,-0.7%,false,false
,French Trade Balance,EUR,2024-01-09T02:45:00Z,None,-7.9B,-8.5B,-5.9B,false,false
,Foreign Currency Reserves,CHF,2024-01-09T03:00:00Z,None,,642B,654B,false,false
,Italian Monthly Unemployment Rate,EUR,2024-01-09T04:00:00Z,None,7.8%,7.7%,7.5%,false,false
,Unemployment Rate,EUR,2024-01-09T05:00:00Z,None,6.5%,6.5%,6.4%,false,false
,NFIB Small Business Index,USD,2024-01-09T06:00:00Z,None,90.7,90.6,91.9,false,false
,Building Permits m/m,CAD,2024-01-09T08:30:00Z,None,-1.5%,3.0%,-3.9%,false,false
,Trade Balance,CAD,2024-01-09T08:30:00Z,None,2.0B,3.2B,1.6B,false,false
,Trade Balance,USD,2024-01-09T08:30:00Z,None,-64.9B,-64.5B,-63.2B,false,false
,RCM/TIPP Economic Optimism,USD,2024-01-09T10:02:00Z,None,42.0,40.0,44.7,false,false
,FOMC Member Barr Speaks,USD,2024-01-09T12:00:00Z,None,,,,false,false
,API Weekly Statistical Bulletin,USD,2024-01-09T16:30:00Z,None,,,,false,false
,Average Cash Earnings y/y,JPY,2024-01-09T18:30:00Z,None,1.5%,1.5%,0.2%,false,false
,ANZ Commodity Prices m/m,NZD,2024-01-09T19:00:00Z,None,,-1.2%,2.4%,false,false
,CPI y/y,AUD,2024-01-09T19:30:00Z,High,4.4%,4.9%,4.3%,false,false
,10-y Bond Auction,JPY,2024-01-09T22:35:00Z,None,,0.70|2.8,0.60|2.9,false,false
,French Industrial Production m/m,EUR,2024-01-10T02:45:00Z,None,0.1%,-0.3%,0.5%,false,false
,Italian Retail Sales m/m,EUR,2024-01-10T04:00:00Z,None,0.2%,0.4%,0.4%,false,false
,German 10-y Bond Auction,EUR,2024-01-10T05:34:00Z,None,,2.45|1.7,2.19|1.7,false,false
,BOE Gov Bailey Speaks,GBP,2024-01-10T09:15:00Z,High,,,,false,false
,Final Wholesale Inventories m/m,USD,2024-01-10T10:00:00Z,None,-0.2%,-0.2%,-0.2%,false,false
,Crude Oil Inventories,USD,2024-01-10T10:30:00Z,None,-0.2M,-5.5M,1.3M,false,false
,10-y Bond Auction,USD,2024-01-10T13:01:00Z,None,,4.30|2.5,4.02|2.6,false,false
,FOMC Member Williams Speaks,USD,2024-01-10T15:15:00Z,None,,,,false,false
,Building Consents m/m,NZD,2024-01-10T16:45:00Z,None,,8.5%,-10.6%,false,false
,Goods Trade Balance,AUD,2024-01-10T19:30:00Z,None,7.50B,7.66B,11.44B,false,false
,Leading Indicators,JPY,2024-01-11T00:00:00Z,None,107.9%,108.9%,107.7%,false,false
,ECB Economic Bulletin,EUR,2024-01-11T04:00:00Z,None,,,,false,false
,Italian Industrial Production m/m,EUR,2024-01-11T04:00:00Z,None,-0.2%,-0.2%,-1.5%,false,false
,Housing Equity Withdrawal q/q,GBP,2024-01-11T04:30:00Z,None,-20.4B,-23.5B,-21.8B,false,false
,Core CPI m/m,USD,2024-01-11T08:30:00Z,High,0.3%,0.3%,0.3%,false,false
,Core CPI y/y,USD,2024-01-11T08:30:00Z,High,3.8%,4.0%,3.9%,false,false
,CPI m/m,USD,2024-01-11T08:30:00Z,High,0.2%,0.1%,0.3%,false,false
,CPI y/y,USD,2024-01-11T08:30:00Z,High,3.2%,3.1%,3.4%,false,false
,Unemployment Claims,USD,2024-01-11T08:30:00Z,High,209K,203K,202K,false,false
,Natural Gas Storage,USD,2024-01-11T10:30:00Z,None,-121B,-14B,-140B,false,false
,30-y Bond Auction,USD,2024-01-11T13:01:00Z,None,,4.34|2.4,4.23|2.4,false,false
,Federal Budget Balance,USD,2024-01-11T14:00:00Z,None,-66.2B,-314.0B,-129.4B,false,false
,Bank Lending y/y,JPY,2024-01-11T18:50:00Z,None,2.7%,2.8%,3.1%,false,false
,Current Account,JPY,2024-01-11T18:50:00Z,None,2.18T,2.62T,1.89T,false,false
,Household Spending m/m,AUD,2024-01-11T19:30:00Z,None,,-0.5%,7.4%,false,false
,CPI y/y,CNY,2024-01-11T20:30:00Z,High,-0.4%,-0.5%,-0.3%,false,false
,PPI y/y,CNY,2024-01-11T20:30:00Z,None,-2.6%,-3.0%,-2.7%,false,false
,Trade Balance,CNY,2024-01-11T21:11:00Z,None,520B,491B,541B,false,false
,USD-Denominated Trade Balance,CNY,2024-01-11T21:12:00Z,None,76.2B,68.4B,75.3B,false,false
,30-y Bond Auction,JPY,2024-01-11T22:35:00Z,None,,1.62|2.6,1.63|3.0,false,false
,Economy Watchers Sentiment,JPY,2024-01-12T00:00:00Z,None,49.9,49.5,50.7,false,false
,GDP m/m,GBP,2024-01-12T02:00:00Z,High,0.2%,-0.3%,0.3%,false,false
,Construction Output m/m,GBP,2024-01-12T02:00:00Z,None,0.2%,-0.4%,-0.2%,false,false
,Goods Trade Balance,GBP,2024-01-12T02:00:00Z,None,-15.7B,-15.9B,-14.2B,false,false
,Index of Services 3m/3m,GBP,2024-01-12T02:00:00Z,None,0.1%,-0.1%,0.0%,false,false
,Industrial Production m/m,GBP,2024-01-12T02:00:00Z,None,0.3%,-1.3%,0.3%,false,false
,Manufacturing Production m/m,GBP,2024-01-12T02:00:00Z,None,0.3%,-1.2%,0.4%,false,false
,French Consumer Spending m/m,EUR,2024-01-12T02:45:00Z,None,-0.1%,-0.9%,0.7%,false,false
,French Final CPI m/m,EUR,2024-01-12T02:45:00Z,None,0.1%,0.1%,0.1%,false,false
,New Loans,CNY,2024-01-12T04:36:00Z,None,1360B,1090B,1170B,false,false
,M2 Money Supply y/y,CNY,2024-01-12T04:36:00Z,None,10.1%,10.0%,9.7%,false,false
,NIESR GDP Estimate,GBP,2024-01-12T07:35:00Z,None,,-0.2%,0.0%,false,false
,Core PPI m/m,USD,2024-01-12T08:30:00Z,High,0.2%,0.0%,0.0%,false,false
,PPI m/m,USD,2024-01-12T08:30:00Z,High,0.1%,-0.1%,-0.1%,false,false
,M2 Money Stock y/y,JPY,2024-01-14T18:50:00Z,None,2.2%,2.3%,2.3%,false,false
,Rightmove HPI m/m,GBP,2024-01-14T19:01:00Z,None,,-1.9%,1.3%,false,false
,MI Inflation Gauge m/m,AUD,2024-01-14T19:13:00Z,None,,0.3%,1.0%,false,false
,ANZ Job Advertisements m/m,AUD,2024-01-14T19:30:00Z,None,,-5.1%,0.1%,false,false
,WEF Annual Meetings,All,2024-01-15T00:00:00Z,None,,,,false,false
,Eurogroup Meetings,EUR,2024-01-15T00:00:00Z,None,,,,true,false
,Bank Holiday,USD,2024-01-15T00:00:00Z,None,,,,true,false
,Prelim Machine Tool Orders y/y,JPY,2024-01-15T00:59:00Z,None,,-13.6%,-9.9%,false,false
,German WPI m/m,EUR,2024-01-15T02:00:00Z,None,0.2%,-0.2%,-0.6%,false,false
,Italian Trade Balance,EUR,2024-01-15T04:00:00Z,None,5.20B,4.73B,3.89B,false,false
,Industrial Production m/m,EUR,2024-01-15T05:00:00Z,None,-0.3%,-0.7%,-0.3%,false,false
,Trade Balance,EUR,2024-01-15T05:00:00Z,None,11.2B,11.1B,14.8B,false,false
,Manufacturing Sales m/m,CAD,2024-01-15T08:30:00Z,None,0.9%,-2.9%,1.2%,false,false
,Wholesale Sales m/m,CAD,2024-01-15T08:30:00Z,None,0.9%,-0.3%,0.9%,false,false
,BOC Business Outlook Survey,CAD,2024-01-15T10:30:00Z,None,,,,false,false
,NZIER Business Confidence,NZD,2024-01-15T16:00:00Z,None,,-52,-2,false,false
,Westpac Consumer Sentiment,AUD,2024-01-15T18:30:00Z,None,,2.7%,-1.3%,false,false
,PPI y/y,JPY,2024-01-15T18:50:00Z,None,-0.3%,0.3%,0.0%,false,false
,WEF Annual Meetings,All,2024-01-16T00:00:00Z,None,,,,false,false
,ECOFIN Meetings,EUR,2024-01-16T00:00:00Z,None,,,,true,false
,German Final CPI m/m,EUR,2024-01-16T02:00:00Z,None,0.1%,0.1%,0.1%,false,false
,Claimant Count Change,GBP,2024-01-16T02:00:00Z,High,18.1K,0.6K,11.7K,false,false
,Average Earnings Index 3m/y,GBP,2024-01-16T02:00:00Z,None,6.8%,7.2%,6.5%,false,false
,Unemployment Rate,GBP,2024-01-16T02:00:00Z,None,4.2%,4.2%,4.2%,false,false
,German ZEW Economic Sentiment,EUR,2024-01-16T05:00:00Z,None,11.6,12.8,15.2,false,false
,ZEW Economic Sentiment,EUR,2024-01-16T05:00:00Z,None,20.2,23.0,22.7,false,false
,Housing Starts,CAD,2024-01-16T08:15:00Z,None,245K,211K,249K,false,false
,CPI m/m,CAD,2024-01-16T08:30:00Z,High,-0.3%,0.1%,-0.3%,false,false
,Median CPI y/y,CAD,2024-01-16T08:30:00Z,High,3.3%,3.6%,3.6%,false,false
,Trimmed CPI y/y,CAD,2024-01-16T08:30:00Z,High,3.4%,3.5%,3.7%,false,false
,Common CPI y/y,CAD,2024-01-16T08:30:00Z,None,3.8%,3.9%,3.9%,false,false
,Core CPI m/m,CAD,2024-01-16T08:30:00Z,None,,0.1%,-0.5%,false,false
,Empire State Manufacturing Index,USD,2024-01-16T08:30:00Z,High,-4.9,-14.5,-43.7,false,false
,GDT Price Index,NZD,2024-01-16T09:31:00Z,None,,1.2%,2.3%,false,false
,BOE Gov Bailey Speaks,GBP,2024-01-16T10:00:00Z,High,,,,false,false
,FOMC Member Waller Speaks,USD,2024-01-16T11:00:00Z,None,,,,false,false
,New Home Prices m/m,CNY,2024-01-16T20:30:00Z,None,,-0.37%,-0.45%,false,false
,Industrial Production y/y,CNY,2024-01-16T21:00:00Z,High,6.6%,6.6%,6.8%,false,false
,GDP q/y,CNY,2024-01-16T21:00:00Z,None,5.3%,4.9%,5.2%,false,false
,Retail Sales y/y,CNY,2024-01-16T21:00:00Z,None,7.9%,10.1%,7.4%,false,false
,Fixed Asset Investment ytd/y,CNY,2024-01-16T21:00:00Z,None,2.9%,2.9%,3.0%,false,false
,NBS Press Conference,CNY,2024-01-16T21:00:00Z,None,,,,false,false
,Unemployment Rate,CNY,2024-01-16T21:00:00Z,None,5.0%,5.0%,5.1%,false,false
,WEF Annual Meetings,All,2024-01-17T00:00:00Z,None,,,,false,false
,CPI y/y,GBP,2024-01-17T02:00:00Z,High,3.8%,3.9%,4.0%,false,false
,Core CPI y/y,GBP,2024-01-17T02:00:00Z,None,4.9%,5.1%,5.1%,false,false
,PPI Input m/m,GBP,2024-01-17T02:00:00Z,None,-0.6%,-0.4%,-1.2%,false,false
,PPI Output m/m,GBP,2024-01-17T02:00:00Z,None,-0.2%,0.0%,-0.6%,false,false
,RPI y/y,GBP,2024-01-17T02:00:00Z,None,5.1%,5.3%,5.2%,false,false
,French Gov Budget Balance,EUR,2024-01-17T02:45:00Z,None,,-177.7B,-198.0B,false,false
,HPI y/y,GBP,2024-01-17T04:30:00Z,None,-1.9%,-1.3%,-2.1%,false,false
,Final Core CPI y/y,EUR,2024-01-17T05:00:00Z,None,3.4%,3.4%,3.4%,false,false
,Final CPI y/y,EUR,2024-01-17T05:00:00Z,None,2.9%,2.9%,2.9%,false,false
,German 30-y Bond Auction,EUR,2024-01-17T05:36:00Z,None,,2.81|3.0,2.45|2.5,false,false
,10-y Bond Auction,GBP,2024-01-17T06:33:00Z,None,,3.74|2.8,3.97|3.1,false,false
,Foreign Securities Purchases,CAD,2024-01-17T08:30:00Z,None,7.58B,-15.88B,11.43B,false,false
,IPPI m/m,CAD,2024-01-17T08:30:00Z,None,-0.7%,-0.3%,-1.5%,false,false
,RMPI m/m,CAD,2024-01-17T08:30:00Z,None,-1.5%,-4.9%,-4.9%,false,false
,Core Retail Sales m/m,USD,2024-01-17T08:30:00Z,High,0.2%,0.2%,0.4%,false,false
,Retail Sales m/m,USD,2024-01-17T08:30:00Z,High,0.4%,0.3%,0.6%,false,false
,Import Prices m/m,USD,2024-01-17T08:30:00Z,None,-0.6%,-0.5%,0.0%,false,false
,FOMC Member Barr Speaks,USD,2024-01-17T09:00:00Z,None,,,,false,false
,FOMC Member Bowman Speaks,USD,2024-01-17T09:00:00Z,None,,,,false,false
,Industrial Production m/m,USD,2024-01-17T09:15:00Z,None,-0.1%,0.0%,0.1%,false,false
,Capacity Utilization Rate,USD,2024-01-17T09:15:00Z,None,78.7%,78.6%,78.6%,false,false
,Business Inventories m/m,USD,2024-01-17T10:00:00Z,None,-0.1%,-0.1%,-0.1%,false,false
,NAHB Housing Market Index,USD,2024-01-17T10:00:00Z,None,39,37,44,false,false
,ECB President Lagarde Speaks,EUR,2024-01-17T10:15:00Z,None,,,,false,false
,German Buba President Nagel Speaks,EUR,2024-01-17T13:30:00Z,None,,,,false,false
,Beige Book,USD,2024-01-17T14:00:00Z,None,,,,false,false
,FOMC Member Williams Speaks,USD,2024-01-17T15:00:00Z,None,,,,false,false
,API Weekly Statistical Bulletin,USD,2024-01-17T16:30:00Z,None,,,,false,false
,FPI m/m,NZD,2024-01-17T16:45:00Z,None,,-0.2%,-0.1%,false,false
,Core Machinery Orders m/m,JPY,2024-01-17T18:50:00Z,None,-0.8%,0.7%,-4.9%,false,false
,RICS House Price Balance,GBP,2024-01-17T19:01:00Z,None,-35%,-41%,-30%,false,false
,MI Inflation Expectations,AUD,2024-01-17T19:03:00Z,None,,4.5%,4.5%,false,false
,Employment Change,AUD,2024-01-17T19:30:00Z,High,15.4K,72.6K,-65.1K,false,false
,Unemployment Rate,AUD,2024-01-17T19:30:00Z,High,3.9%,3.9%,3.9%,false,false
,Revised Industrial Production m/m,JPY,2024-01-17T23:30:00Z,None,-0.9%,-0.9%,-0.9%,false,false
,WEF Annual Meetings,All,2024-01-18T00:00:00Z,None,,,,false,false
,Current Account,EUR,2024-01-18T04:00:00Z,None,30.9B,32.3B,24.6B,false,false
,BOE Credit Conditions Survey,GBP,2024-01-18T04:30:00Z,None,,,,false,false
,SNB Chairman Jordan Speaks,CHF,2024-01-18T05:30:00Z,None,,,,false,false
,ECB Monetary Policy Meeting Accounts,EUR,2024-01-18T07:30:00Z,None,,,,false,false
,FOMC Member Bostic Speaks,USD,2024-01-18T07:30:00Z,None,,,,false,false
,Unemployment Claims,USD,2024-01-18T08:30:00Z,High,206K,203K,187K,false,false
,Building Permits,USD,2024-01-18T08:30:00Z,None,1.47M,1.47M,1.50M,false,false
,Philly Fed Manufacturing Index,USD,2024-01-18T08:30:00Z,None,-6.6,-10.5,-10.6,false,false
,Housing Starts,USD,2024-01-18T08:30:00Z,None,1.43M,1.53M,1.46M,false,false
,ECB President Lagarde Speaks,EUR,2024-01-18T10:15:00Z,None,,,,false,false
,CB Leading Index m/m,AUD,2024-01-18T10:30:00Z,None,,-0.3%,0.2%,false,false
,Natural Gas Storage,USD,2024-01-18T10:30:00Z,None,-166B,-140B,-154B,false,false
,Crude Oil Inventories,USD,2024-01-18T11:00:00Z,None,-0.6M,1.3M,-2.5M,false,false
,FOMC Member Bostic Speaks,USD,2024-01-18T12:05:00Z,None,,,,false,false
,BusinessNZ Manufacturing Index,NZD,2024-01-18T16:30:00Z,None,,46.5,43.1,false,false
,Visitor Arrivals m/m,NZD,2024-01-18T16:45:00Z,None,,-6.7%,-1.5%,false,false
,National Core CPI y/y,JPY,2024-01-18T18:30:00Z,None,2.3%,2.5%,2.3%,false,false
,Tertiary Industry Activity m/m,JPY,2024-01-18T23:30:00Z,None,0.2%,-0.2%,-0.7%,false,false
,WEF Annual Meetings,All,2024-01-19T00:00:00Z,None,,,,false,false
,German PPI m/m,EUR,2024-01-19T02:00:00Z,None,-0.4%,-0.5%,-1.2%,false,false
,Retail Sales m/m,GBP,2024-01-19T02:00:00Z,High,-0.5%,1.4%,-3.2%,false,false
,PPI m/m,CHF,2024-01-19T02:30:00Z,None,-0.6%,-0.9%,-0.6%,false,false
,Foreign Direct Investment ytd/y,CNY,2024-01-19T03:31:00Z,None,,-10.0%,-8.0%,false,false
,ECB President Lagarde Speaks,EUR,2024-01-19T05:00:00Z,None,,,,false,false
,Core Retail Sales m/m,CAD,2024-01-19T08:30:00Z,None,0.1%,0.4%,-0.5%,false,false
,Retail Sales m/m,CAD,2024-01-19T08:30:00Z,None,0.0%,0.5%,-0.2%,false,false
,CB Leading Index m/m,GBP,2024-01-19T09:30:00Z,None,,-0.5%,-0.1%,false,false
,Prelim UoM Consumer Sentiment,USD,2024-01-19T10:00:00Z,High,69.8,69.7,78.8,false,false
,Existing Home Sales,USD,2024-01-19T10:00:00Z,None,3.83M,3.82M,3.78M,false,false
,Prelim UoM Inflation Expectations,USD,2024-01-19T10:00:00Z,None,,3.1%,2.9%,false,false
,TIC Long-Term Purchases,USD,2024-01-19T16:00:00Z,None,21.7B,3.4B,126.1B,false,false
,FOMC Member Daly Speaks,USD,2024-01-19T16:15:00Z,None,,,,false,false
,1-y Loan Prime Rate,CNY,2024-01-21T20:15:00Z,None,3.45%,3.45%,3.45%,false,false
,5-y Loan Prime Rate,CNY,2024-01-21T20:15:00Z,None,4.20%,4.20%,4.20%,false,false
,CB Leading Index m/m,USD,2024-01-22T10:00:00Z,None,-0.3%,-0.5%,-0.1%,false,false
,BusinessNZ Services Index,NZD,2024-01-22T16:30:00Z,None,,51.1,48.8,false,false
,NAB Business Confidence,AUD,2024-01-22T19:30:00Z,None,,-8,-1,false,false
,BOJ Outlook Report,JPY,2024-01-22T22:09:00Z,High,,,,false,false
,Monetary Policy Statement,JPY,2024-01-22T22:09:00Z,High,,,,false,false
,BOJ Policy Rate,JPY,2024-01-22T22:09:00Z,None,-0.10%,-0.10%,-0.10%,false,false
,BOJ Core CPI y/y,JPY,2024-01-23T00:00:00Z,None,2.8%,2.7%,2.6%,false,false
,BOJ Press Conference,JPY,2024-01-23T01:30:00Z,High,,,,false,false
,Public Sector Net Borrowing,GBP,2024-01-23T02:00:00Z,None,11.4B,12.8B,6.8B,false,false
,NHPI m/m,CAD,2024-01-23T08:30:00Z,None,0.0%,-0.2%,0.0%,false,false
,Richmond Manufacturing Index,USD,2024-01-23T09:59:00Z,None,-7,-11,-15,false,false
,Consumer Confidence,EUR,2024-01-23T10:00:00Z,None,-14,-15,-16,false,false
,API Weekly Statistical Bulletin,USD,2024-01-23T16:30:00Z,None,,,,false,false
,CPI q/q,NZD,2024-01-23T16:45:00Z,High,0.5%,1.8%,0.5%,false,false
,Flash Manufacturing PMI,AUD,2024-01-23T17:00:00Z,None,,47.6,50.3,false,false
,Flash Services PMI,AUD,2024-01-23T17:00:00Z,None,,47.1,47.9,false,false
,MI Leading Index m/m,AUD,2024-01-23T18:30:00Z,None,,0.1%,0.0%,false,false
,Trade Balance,JPY,2024-01-23T18:50:00Z,None,-0.45T,-0.35T,-0.41T,false,false
,Flash Manufacturing PMI,JPY,2024-01-23T19:30:00Z,None,48.2,47.9,48.0,false,false
,Credit Card Spending y/y,NZD,2024-01-23T21:00:00Z,None,,3.3%,4.3%,false,false
,French Flash Manufacturing PMI,EUR,2024-01-24T03:15:00Z,High,42.5,42.1,43.2,false,false
,French Flash Services PMI,EUR,2024-01-24T03:15:00Z,High,46.1,45.7,45.0,false,false
,German Flash Manufacturing PMI,EUR,2024-01-24T03:30:00Z,High,43.7,43.3,45.4,false,false
,German Flash Services PMI,EUR,2024-01-24T03:30:00Z,High,49.3,49.3,47.6,false,false
,Flash Manufacturing PMI,EUR,2024-01-24T04:00:00Z,None,44.8,44.4,46.6,false,false
,Flash Services PMI,EUR,2024-01-24T04:00:00Z,None,49.1,48.8,48.4,false,false
,Flash Manufacturing PMI,GBP,2024-01-24T04:30:00Z,High,46.7,46.2,47.3,false,false
,Flash Services PMI,GBP,2024-01-24T04:30:00Z,High,53.1,53.4,53.8,false,false
,CBI Industrial Order Expectations,GBP,2024-01-24T06:00:00Z,None,-23,-23,-30,false,false
,BOC Monetary Policy Report,CAD,2024-01-24T09:45:00Z,High,,,,false,false
,BOC Rate Statement,CAD,2024-01-24T09:45:00Z,High,,,,false,false
,Overnight Rate,CAD,2024-01-24T09:45:00Z,High,5.00%,5.00%,5.00%,false,false
,Flash Manufacturing PMI,USD,2024-01-24T09:45:00Z,High,47.6,47.9,50.3,false,false
,Flash Services PMI,USD,2024-01-24T09:45:00Z,High,51.4,51.4,52.9,false,false
,BOC Press Conference,CAD,2024-01-24T10:30:00Z,High,,,,false,false
,Crude Oil Inventories,USD,2024-01-24T10:30:00Z,None,-1.2M,-2.5M,-9.2M,false,false
,RBA Bulletin,AUD,2024-01-24T19:30:00Z,None,,,,false,false
,Bank Holiday,AUD,2024-01-25T00:00:00Z,None,,,,true,false
,German ifo Business Climate,EUR,2024-01-25T04:00:00Z,None,86.7,86.3,85.2,false,false
,CBI Realized Sales,GBP,2024-01-25T06:00:00Z,None,-19,-32,-50,false,false
,Main Refinancing Rate,EUR,2024-01-25T08:15:00Z,High,4.50%,4.50%,4.50%,false,false
,Monetary Policy Statement,EUR,2024-01-25T08:15:00Z,High,,,,false,false
,Advance GDP q/q,USD,2024-01-25T08:30:00Z,High,2.0%,4.9%,3.3%,false,false
,Unemployment Claims,USD,2024-01-25T08:30:00Z,High,199K,189K,214K,false,false
,Advance GDP Price Index q/q,USD,2024-01-25T08:30:00Z,None,2.3%,3.3%,1.5%,false,false
,Core Durable Goods Orders m/m,USD,2024-01-25T08:30:00Z,None,0.2%,0.4%,0.6%,false,false
,Durable Goods Orders m/m,USD,2024-01-25T08:30:00Z,None,1.2%,5.5%,0.0%,false,false
,Goods Trade Balance,USD,2024-01-25T08:30:00Z,None,-88.7B,-89.3B,-88.5B,false,false
,Prelim Wholesale Inventories m/m,USD,2024-01-25T08:30:00Z,None,-0.2%,-0.4%,0.4%,false,false
,ECB Press Conference,EUR,2024-01-25T08:45:00Z,High,,,,false,false
,Belgian NBB Business Climate,EUR,2024-01-25T09:00:00Z,None,-11.9,-12.7,-16.4,false,false
,New Home Sales,USD,2024-01-25T10:00:00Z,None,648K,615K,664K,false,false
,Natural Gas Storage,USD,2024-01-25T10:30:00Z,None,-322B,-154B,-326B,false,false
,Tokyo Core CPI y/y,JPY,2024-01-25T18:30:00Z,None,1.9%,2.1%,1.6%,false,false
,Monetary Policy Meeting Minutes,JPY,2024-01-25T18:50:00Z,None,,,,false,false
,SPPI y/y,JPY,2024-01-25T18:50:00Z,None,2.4%,2.4%,2.4%,false,false
,GfK Consumer Confidence,GBP,2024-01-25T19:01:00Z,None,-21,-22,-19,false,false
,German GfK Consumer Climate,EUR,2024-01-26T02:00:00Z,None,-24.7,-25.4,-29.7,false,false
,Spanish Unemployment Rate,EUR,2024-01-26T03:00:00Z,None,11.9%,11.8%,11.8%,false,false
,M3 Money Supply y/y,EUR,2024-01-26T04:00:00Z,None,-0.7%,-0.9%,0.1%,false,false
,Private Loans y/y,EUR,2024-01-26T04:00:00Z,None,0.6%,0.5%,0.3%,false,false
,German Buba Monthly Report,EUR,2024-01-26T06:00:00Z,None,,,,false,false
,Core PCE Price Index m/m,USD,2024-01-26T08:30:00Z,High,0.2%,0.1%,0.2%,false,false
,Personal Income m/m,USD,2024-01-26T08:30:00Z,None,0.3%,0.4%,0.3%,false,false
,Personal Spending m/m,USD,2024-01-26T08:30:00Z,None,0.5%,0.4%,0.7%,false,false
,Pending Home Sales m/m,USD,2024-01-26T10:00:00Z,None,2.1%,-0.3%,8.3%,false,false
,Trade Balance,NZD,2024-01-28T16:45:00Z,None,-975M,-1250M,-323M,false,false
,CB Leading Index m/m,CNY,2024-01-29T09:00:00Z,None,,-0.5%,-0.3%,false,false
,Unemployment Rate,JPY,2024-01-29T18:30:00Z,None,2.5%,2.5%,2.4%,false,false
,BRC Shop Price Index y/y,GBP,2024-01-29T19:01:00Z,None,,4.3%,2.9%,false,false
,Retail Sales m/m,AUD,2024-01-29T19:30:00Z,None,-1.9%,1.6%,-2.7%,false,false
,French Consumer Spending m/m,EUR,2024-01-30T01:30:00Z,None,0.0%,0.6%,0.3%,false,false
,French Flash GDP q/q,EUR,2024-01-30T01:30:00Z,None,0.0%,-0.1%,0.0%,false,false
,Trade Balance,CHF,2024-01-30T02:00:00Z,None,2.55B,3.83B,1.25B,false,false
,KOF Economic Barometer,CHF,2024-01-30T03:00:00Z,None,98.3,98.0,101.5,false,false
,Spanish Flash CPI y/y,EUR,2024-01-30T03:00:00Z,None,3.0%,3.1%,3.4%,false,false
,Spanish Flash GDP q/q,EUR,2024-01-30T03:00:00Z,None,0.2%,0.4%,0.6%,false,false
,Italian Prelim GDP q/q,EUR,2024-01-30T04:00:00Z,None,0.0%,0.1%,0.2%,false,false
,German Prelim GDP q/q,EUR,2024-01-30T04:00:00Z,None,-0.3%,0.0%,-0.3%,false,false
,M4 Money Supply m/m,GBP,2024-01-30T04:30:00Z,None,0.2%,-0.1%,0.5%,false,false
,Mortgage Approvals,GBP,2024-01-30T04:30:00Z,None,53K,49K,50K,false,false
,Net Lending to Individuals m/m,GBP,2024-01-30T04:30:00Z,None,1.5B,2.1B,0.4B,false,false
,Prelim Flash GDP q/q,EUR,2024-01-30T05:00:00Z,None,-0.1%,-0.1%,0.0%,false,false
,Italian 10-y Bond Auction,EUR,2024-01-30T05:19:00Z,None,,4.17|1.4,3.69|1.7,false,false
,S&P/CS Composite-20 HPI y/y,USD,2024-01-30T09:00:00Z,None,5.8%,4.9%,5.4%,false,false
,HPI m/m,USD,2024-01-30T09:00:00Z,None,0.3%,0.3%,0.3%,false,false
,CB Consumer Confidence,USD,2024-01-30T10:00:00Z,High,114.2,108.0,114.8,false,false
,JOLTS Job Openings,USD,2024-01-30T10:00:00Z,High,8.73M,8.93M,9.03M,false,false
,German Buba President Nagel Speaks,EUR,2024-01-30T10:30:00Z,None,,,,false,false
,API Weekly Statistical Bulletin,USD,2024-01-30T16:30:00Z,None,,,,false,false
,BOJ Summary of Opinions,JPY,2024-01-30T18:50:00Z,None,,,,false,false
,Prelim Industrial Production m/m,JPY,2024-01-30T18:50:00Z,None,2.5%,-0.9%,1.8%,false,false
,Retail Sales y/y,JPY,2024-01-30T18:50:00Z,None,5.0%,5.4%,2.1%,false,false
,ANZ Business Confidence,NZD,2024-01-30T19:00:00Z,None,,33.2,36.6,false,false
,CPI m/m,AUD,2024-01-30T19:30:00Z,High,0.8%,1.2%,0.6%,false,false
,CPI y/y,AUD,2024-01-30T19:30:00Z,High,3.7%,4.3%,3.4%,false,false
,Trimmed Mean CPI m/m,AUD,2024-01-30T19:30:00Z,High,0.9%,1.2%,0.8%,false,false
,Private Sector Credit m/m,AUD,2024-01-30T19:30:00Z,None,0.4%,0.4%,0.4%,false,false
,Manufacturing PMI,CNY,2024-01-30T20:30:00Z,High,49.3,49.0,49.2,false,false
,Non-Manufacturing PMI,CNY,2024-01-30T20:30:00Z,None,50.6,50.4,50.7,false,false
,Consumer Confidence,JPY,2024-01-31T00:00:00Z,None,37.6,37.2,38.0,false,false
,Housing Starts y/y,JPY,2024-01-31T00:00:00Z,None,-6.6%,-8.5%,-4.0%,false,false
,German Prelim CPI m/m,EUR,2024-01-31T00:00:00Z,High,0.1%,0.1%,0.2%,true,false
,German Import Prices m/m,EUR,2024-01-31T02:00:00Z,None,-0.6%,-0.1%,-1.1%,false,false
,German Retail Sales m/m,EUR,2024-01-31T02:00:00Z,None,0.6%,-0.8%,-1.6%,false,false
,Nationwide HPI m/m,GBP,2024-01-31T02:00:00Z,None,0.1%,0.0%,0.7%,false,false
,Retail Sales y/y,CHF,2024-01-31T02:30:00Z,None,0.9%,-1.5%,-0.8%,false,false
,French Prelim CPI m/m,EUR,2024-01-31T02:45:00Z,None,0.0%,0.1%,-0.2%,false,false
,German Unemployment Change,EUR,2024-01-31T03:55:00Z,None,11K,2K,-2K,false,false
,UBS Economic Expectations,CHF,2024-01-31T04:00:00Z,None,,-23.7,-19.5,false,false
,Italian Monthly Unemployment Rate,EUR,2024-01-31T04:00:00Z,None,7.5%,7.4%,7.2%,false,false
,German 10-y Bond Auction,EUR,2024-01-31T05:32:00Z,None,,2.19|1.7,2.23|1.8,false,false
,ADP Non-Farm Employment Change,USD,2024-01-31T08:15:00Z,High,148K,158K,107K,false,false
,GDP m/m,CAD,2024-01-31T08:30:00Z,High,0.1%,0.0%,0.2%,false,false
,Employment Cost Index q/q,USD,2024-01-31T08:30:00Z,High,1.0%,1.1%,0.9%,false,false
,Chicago PMI,USD,2024-01-31T09:45:00Z,None,47.9,46.9,46.0,false,false
,Crude Oil Inventories,USD,2024-01-31T10:30:00Z,None,-0.8M,-9.2M,1.2M,false,false
,Federal Funds Rate,USD,2024-01-31T14:00:00Z,High,5.50%,5.50%,5.50%,false,false
,FOMC Statement,USD,2024-01-31T14:00:00Z,High,,,,false,false
,FOMC Press Conference,USD,2024-01-31T14:30:00Z,High,,,,false,false
,Building Approvals m/m,AUD,2024-01-31T19:30:00Z,None,0.5%,0.3%,-9.5%,false,false
,Import Prices q/q,AUD,2024-01-31T19:30:00Z,None,0.6%,0.8%,1.1%,false,false
,NAB Quarterly Business Confidence,AUD,2024-01-31T19:30:00Z,None,,-1,-6,false,false
,Final Manufacturing PMI,JPY,2024-01-31T19:30:00Z,None,48.0,48.0,48.0,false,false
,RatingDog Manufacturing PMI,CNY,2024-01-31T20:45:00Z,None,50.8,50.8,50.8,false,false
,10-y Bond Auction,JPY,2024-01-31T22:35:00Z,None,,0.60|2.9,0.74|3.6,false,false
,OPEC-JMMC Meetings,All,2024-02-01T00:00:00Z,None,,,,true,false
,Omdia Total Vehicle Sales,USD,2024-02-01T00:00:00Z,None,15.7M,15.8M,15.0M,true,false
,Commodity Prices y/y,AUD,2024-02-01T00:30:00Z,None,,-11.2%,-10.4%,false,false
,ECB President Lagarde Speaks,EUR,2024-02-01T03:00:00Z,None,,,,false,false
,Spanish Manufacturing PMI,EUR,2024-02-01T03:15:00Z,None,47.9,46.2,49.2,false,false
,Manufacturing PMI,CHF,2024-02-01T03:30:00Z,None,44.5,43.0,43.1,false,false
,Italian Manufacturing PMI,EUR,2024-02-01T03:45:00Z,None,47.0,45.3,48.5,false,false
,French Final Manufacturing PMI,EUR,2024-02-01T03:50:00Z,None,43.2,43.2,43.1,false,false
,German Final Manufacturing PMI,EUR,2024-02-01T03:55:00Z,None,45.4,45.4,45.5,false,false
,Final Manufacturing PMI,EUR,2024-02-01T04:00:00Z,None,46.6,46.6,46.6,false,false
,Final Manufacturing PMI,GBP,2024-02-01T04:30:00Z,None,47.3,47.3,47.0,false,false
,Spanish 10-y Bond Auction,EUR,2024-02-01T04:45:00Z,None,,3.61|2.2,3.17|1.8,false,false
,Core CPI Flash Estimate y/y,EUR,2024-02-01T05:00:00Z,None,3.2%,3.4%,3.3%,false,false
,CPI Flash Estimate y/y,EUR,2024-02-01T05:00:00Z,None,2.7%,2.9%,2.8%,false,false
,Italian Prelim CPI m/m,EUR,2024-02-01T05:00:00Z,None,0.5%,0.2%,0.3%,false,false
,Unemployment Rate,EUR,2024-02-01T05:00:00Z,None,6.4%,6.4%,6.4%,false,false
,French 10-y Bond Auction,EUR,2024-02-01T05:01:00Z,None,,2.59|1.8,2.70|1.9,false,false
,BOE Monetary Policy Report,GBP,2024-02-01T07:00:00Z,High,,,,false,false
,Monetary Policy Summary,GBP,2024-02-01T07:00:00Z,High,,,,false,false
,MPC Official Bank Rate Votes,GBP,2024-02-01T07:00:00Z,High,2-0-7,3-0-6,2-1-6,false,false
,Official Bank Rate,GBP,2024-02-01T07:00:00Z,High,5.25%,5.25%,5.25%,false,false
,BOE Gov Bailey Speaks,GBP,2024-02-01T07:30:00Z,High,,,,false,false
,Challenger Job Cuts y/y,USD,2024-02-01T07:30:00Z,None,,-20.2%,-20.0%,false,false
,Unemployment Claims,USD,2024-02-01T08:30:00Z,High,213K,215K,224K,false,false
,Prelim Nonfarm Productivity q/q,USD,2024-02-01T08:30:00Z,None,2.4%,5.2%,3.2%,false,false
,Prelim Unit Labor Costs q/q,USD,2024-02-01T08:30:00Z,None,1.3%,-1.2%,0.5%,false,false
,Manufacturing PMI,CAD,2024-02-01T09:30:00Z,None,,45.4,48.3,false,false
,Final Manufacturing PMI,USD,2024-02-01T09:45:00Z,None,50.3,50.3,50.7,false,false
,ISM Manufacturing PMI,USD,2024-02-01T10:00:00Z,High,47.2,47.4,49.1,false,false
,ISM Manufacturing Prices,USD,2024-02-01T10:00:00Z,None,46.0,45.2,52.9,false,false
,Construction Spending m/m,USD,2024-02-01T10:00:00Z,None,0.5%,0.9%,0.9%,false,false
,Natural Gas Storage,USD,2024-02-01T10:30:00Z,None,-202B,-326B,-197B,false,false
,BOC Gov Macklem Speaks,CAD,2024-02-01T11:30:00Z,High,,,,false,false
,Building Consents m/m,NZD,2024-02-01T16:45:00Z,None,,-10.6%,3.7%,false,false
,Monetary Base y/y,JPY,2024-02-01T18:50:00Z,None,7.5%,7.8%,4.8%,false,false
,PPI q/q,AUD,2024-02-01T19:30:00Z,None,1.9%,1.8%,0.9%,false,false
,French Gov Budget Balance,EUR,2024-02-02T02:45:00Z,None,,-198.0B,-173.3B,false,false
,French Industrial Production m/m,EUR,2024-02-02T02:45:00Z,None,0.2%,0.5%,1.1%,false,false
,Spanish Unemployment Change,EUR,2024-02-02T03:00:00Z,None,-38.6K,-27.4K,60.4K,false,false
,MPC Member Pill Speaks,GBP,2024-02-02T07:15:00Z,None,,,,false,false
,Average Hourly Earnings m/m,USD,2024-02-02T08:30:00Z,High,0.3%,0.4%,0.6%,false,false
,Non-Farm Employment Change,USD,2024-02-02T08:30:00Z,High,187K,333K,353K,false,false
,Unemployment Rate,USD,2024-02-02T08:30:00Z,High,3.8%,3.7%,3.7%,false,false
,Revised UoM Consumer Sentiment,USD,2024-02-02T10:00:00Z,High,78.9,78.8,79.0,false,false
,Factory Orders m/m,USD,2024-02-02T10:00:00Z,None,0.3%,2.6%,0.2%,false,false
,Revised UoM Inflation Expectations,USD,2024-02-02T10:00:00Z,None,,2.9%,2.9%,false,false
,MI Inflation Gauge m/m,AUD,2024-02-04T19:00:00Z,None,,1.0%,0.3%,false,false
,ANZ Commodity Prices m/m,NZD,2024-02-04T19:00:00Z,None,,2.4%,2.2%,false,false
,FOMC Member Powell Speaks,USD,2024-02-04T19:00:00Z,High,,,,false,false
,ANZ Job Advertisements m/m,AUD,2024-02-04T19:30:00Z,None,,0.6%,1.7%,false,false
,Goods Trade Balance,AUD,2024-02-04T19:30:00Z,None,10.51B,11.76B,10.96B,false,false
,RatingDog Services PMI,CNY,2024-02-04T20:45:00Z,None,53.0,52.9,52.7,false,false
,Bank Holiday,NZD,2024-02-05T00:00:00Z,None,,,,true,false
,German Trade Balance,EUR,2024-02-05T02:00:00Z,None,19.0B,20.7B,22.2B,false,false
,Spanish Services PMI,EUR,2024-02-05T03:15:00Z,None,52.2,51.5,52.1,false,false
,Italian Services PMI,EUR,2024-02-05T03:45:00Z,None,50.7,49.8,51.2,false,false
,French Final Services PMI,EUR,2024-02-05T03:50:00Z,None,45.0,45.0,45.4,false,false
,German Final Services PMI,EUR,2024-02-05T03:55:00Z,None,47.6,47.6,47.7,false,false
,Final Services PMI,EUR,2024-02-05T04:00:00Z,None,48.4,48.4,48.4,false,false
,Sentix Investor Confidence,EUR,2024-02-05T04:30:00Z,None,-15.0,-15.8,-12.9,false,false
,Final Services PMI,GBP,2024-02-05T04:30:00Z,None,53.8,53.8,54.3,false,false
,PPI m/m,EUR,2024-02-05T05:00:00Z,None,-0.8%,-0.3%,-0.8%,false,false
,Final Services PMI,USD,2024-02-05T09:45:00Z,None,52.9,52.9,52.5,false,false
,ISM Services PMI,USD,2024-02-05T10:00:00Z,High,52.0,50.6,53.4,false,false
,MPC Member Pill Speaks,GBP,2024-02-05T12:30:00Z,None,,,,false,false
,FOMC Member Bostic Speaks,USD,2024-02-05T14:00:00Z,None,,,,false,false
,Loan Officer Survey,USD,2024-02-05T14:00:00Z,None,,,,false,false
,Average Cash Earnings y/y,JPY,2024-02-05T18:30:00Z,None,1.3%,0.7%,1.0%,false,false
,Household Spending y/y,JPY,2024-02-05T18:30:00Z,None,-2.0%,-2.9%,-2.5%,false,false
,BRC Retail Sales Monitor y/y,GBP,2024-02-05T19:01:00Z,None,1.2%,1.9%,1.4%,false,false
,Cash Rate,AUD,2024-02-05T22:30:00Z,High,4.35%,4.35%,4.35%,false,false
,RBA Rate Statement,AUD,2024-02-05T22:30:00Z,High,,,,false,false
,RBA Monetary Policy Statement,AUD,2024-02-05T22:30:00Z,None,,,,false,false
,RBA Press Conference,AUD,2024-02-05T23:30:00Z,High,,,,false,false
,German Factory Orders m/m,EUR,2024-02-06T02:00:00Z,None,-0.1%,0.0%,8.9%,false,false
,Construction PMI,GBP,2024-02-06T04:30:00Z,None,47.2,46.8,48.8,false,false
,Retail Sales m/m,EUR,2024-02-06T05:00:00Z,None,-0.9%,0.3%,-1.1%,false,false
,Building Permits m/m,CAD,2024-02-06T08:30:00Z,None,1.8%,-5.0%,-14.0%,false,false
,Ivey PMI,CAD,2024-02-06T10:00:00Z,None,55.0,56.3,56.5,false,false
,RCM/TIPP Economic Optimism,USD,2024-02-06T10:06:00Z,None,47.2,44.7,44.0,false,false
,GDT Price Index,NZD,2024-02-06T10:19:00Z,None,,2.3%,4.2%,false,false
,FOMC Member Mester Speaks,USD,2024-02-06T12:00:00Z,None,,,,false,false
,BOC Gov Macklem Speaks,CAD,2024-02-06T12:45:00Z,High,,,,false,false
,API Weekly Statistical Bulletin,USD,2024-02-06T16:30:00Z,None,,,,false,false
,Employment Change q/q,NZD,2024-02-06T16:45:00Z,High,0.3%,-0.1%,0.4%,false,false
,Unemployment Rate,NZD,2024-02-06T16:45:00Z,High,4.3%,3.9%,4.0%,false,false
,Labor Cost Index q/q,NZD,2024-02-06T16:45:00Z,None,0.8%,0.8%,1.0%,false,false
,30-y Bond Auction,JPY,2024-02-06T22:35:00Z,None,,1.63|3.0,1.79|3.2,false,false
,Leading Indicators,JPY,2024-02-07T00:00:00Z,None,109.4%,108.1%,110.0%,false,false
,Unemployment Rate,CHF,2024-02-07T01:45:00Z,None,2.2%,2.2%,2.2%,false,false
,German Industrial Production m/m,EUR,2024-02-07T02:00:00Z,None,-0.4%,-0.2%,-1.6%,false,false
,Lloyds HPI m/m,GBP,2024-02-07T02:00:00Z,None,0.8%,1.1%,1.3%,false,false
,French Prelim Private Payrolls q/q,EUR,2024-02-07T02:45:00Z,None,-0.1%,0.1%,0.0%,false,false
,French Trade Balance,EUR,2024-02-07T02:45:00Z,None,-6.0B,-5.9B,-6.8B,false,false
,Foreign Currency Reserves,CHF,2024-02-07T03:00:00Z,None,,654B,662B,false,false
,MPC Member Breeden Speaks,GBP,2024-02-07T03:40:00Z,None,,,,false,false
,Italian Retail Sales m/m,EUR,2024-02-07T04:00:00Z,None,0.2%,0.3%,-0.1%,false,false
,Trade Balance,CAD,2024-02-07T08:30:00Z,None,1.1B,1.1B,-0.3B,false,false
,Trade Balance,USD,2024-02-07T08:30:00Z,None,-62.0B,-61.9B,-62.2B,false,false
,Crude Oil Inventories,USD,2024-02-07T10:30:00Z,None,1.7M,1.2M,5.5M,false,false
,FOMC Member Kugler Speaks,USD,2024-02-07T11:00:00Z,None,,,,false,false
,FOMC Member Barkin Speaks,USD,2024-02-07T12:30:00Z,None,,,,false,false
,10-y Bond Auction,USD,2024-02-07T13:01:00Z,None,,4.02|2.6,4.09|2.6,false,false
,BOC Summary of Deliberations,CAD,2024-02-07T13:30:00Z,None,,,,false,false
,FOMC Member Bowman Speaks,USD,2024-02-07T14:00:00Z,None,,,,false,false
,Consumer Credit m/m,USD,2024-02-07T15:00:00Z,None,14.9B,23.5B,1.6B,false,false
,Bank Lending y/y,JPY,2024-02-07T18:50:00Z,None,3.2%,3.0%,3.1%,false,false
,Current Account,JPY,2024-02-07T18:50:00Z,None,1.93T,1.89T,1.81T,false,false
,RICS House Price Balance,GBP,2024-02-07T19:01:00Z,None,-22%,-29%,-18%,false,false
,CPI y/y,CNY,2024-02-07T20:30:00Z,None,-0.5%,-0.3%,-0.8%,false,false
,PPI y/y,CNY,2024-02-07T20:30:00Z,None,-2.6%,-2.7%,-2.5%,false,false
,Economy Watchers Sentiment,JPY,2024-02-08T00:00:00Z,None,50.3,50.7,50.2,false,false
,ECB Economic Bulletin,EUR,2024-02-08T04:00:00Z,None,,,,false,false
,Unemployment Claims,USD,2024-02-08T08:30:00Z,High,221K,227K,218K,false,false
,FOMC Member Barkin Speaks,USD,2024-02-08T08:30:00Z,None,,,,false,false
,MPC Member Mann Speaks,GBP,2024-02-08T10:00:00Z,None,,,,false,false
,Final Wholesale Inventories m/m,USD,2024-02-08T10:00:00Z,None,0.4%,0.4%,0.4%,false,false
,Mortgage Delinquencies,USD,2024-02-08T10:00:00Z,None,,3.62%,3.88%,false,false
,Natural Gas Storage,USD,2024-02-08T10:30:00Z,None,-73B,-197B,-75B,false,false
,FOMC Member Barkin Speaks,USD,2024-02-08T12:05:00Z,None,,,,false,false
,30-y Bond Auction,USD,2024-02-08T13:01:00Z,None,,4.23|2.4,4.36|2.4,false,false
,RBA Gov Bullock Speaks,AUD,2024-02-08T17:30:00Z,High,,,,false,false
,M2 Money Stock y/y,JPY,2024-02-08T18:50:00Z,None,2.2%,2.3%,2.4%,false,false
,Household Spending m/m,AUD,2024-02-08T19:30:00Z,None,,7.5%,0.5%,false,false
,German Final CPI m/m,EUR,2024-02-09T02:00:00Z,None,0.2%,0.2%,0.2%,false,false
,M2 Money Supply y/y,CNY,2024-02-09T02:00:00Z,None,9.4%,9.7%,8.7%,false,false
,New Loans,CNY,2024-02-09T02:00:00Z,None,3490B,1170B,4920B,false,false
,Italian Industrial Production m/m,EUR,2024-02-09T04:00:00Z,None,0.8%,-1.3%,1.1%,false,false
,German Buba President Nagel Speaks,EUR,2024-02-09T05:30:00Z,None,,,,false,false
,Employment Change,CAD,2024-02-09T08:30:00Z,High,16.0K,0.1K,37.3K,false,false
,Unemployment Rate,CAD,2024-02-09T08:30:00Z,High,5.9%,5.8%,5.7%,false,false
,Bank Holiday,CNY,2024-02-11T00:00:00Z,None,,,,true,false
,Bank Holiday,JPY,2024-02-11T00:00:00Z,None,,,,true,false
,RBNZ Gov Orr Speaks,NZD,2024-02-11T19:30:00Z,None,,,,false,false
,Bank Holiday,CNY,2024-02-12T00:00:00Z,None,,,,true,false
,FOMC Member Bowman Speaks,USD,2024-02-12T09:20:00Z,None,,,,false,false
,Cleveland Fed Inflation Expectations,USD,2024-02-12T09:45:00Z,None,,4.2%,3.4%,false,false
,FOMC Member Barkin Speaks,USD,2024-02-12T12:00:00Z,None,,,,false,false
,BOE Gov Bailey Speaks,GBP,2024-02-12T13:00:00Z,High,,,,false,false
,Federal Budget Balance,USD,2024-02-12T14:00:00Z,None,-39.3B,-129.4B,-21.9B,false,false
,Westpac Consumer Sentiment,AUD,2024-02-12T18:30:00Z,None,,-1.3%,6.2%,false,false
,PPI y/y,JPY,2024-02-12T18:50:00Z,None,0.1%,0.2%,0.2%,false,false
,NAB Business Confidence,AUD,2024-02-12T19:30:00Z,None,,0,1,false,false
,Inflation Expectations q/q,NZD,2024-02-12T21:20:00Z,High,,2.76%,2.50%,false,false
,Bank Holiday,CNY,2024-02-13T00:00:00Z,None,,,,true,false
,Prelim Machine Tool Orders y/y,JPY,2024-02-13T00:58:00Z,None,,-9.6%,-14.1%,false,false
,Average Earnings Index 3m/y,GBP,2024-02-13T02:00:00Z,None,5.6%,6.7%,5.8%,false,false
,Unemployment Rate,GBP,2024-02-13T02:00:00Z,None,4.0%,4.2%,3.8%,false,false
,Claimant Count Change,GBP,2024-02-13T02:00:00Z,High,15.2K,5.5K,14.1K,false,false
,CPI m/m,CHF,2024-02-13T02:30:00Z,High,0.6%,0.0%,0.2%,false,false
,ZEW Economic Sentiment,EUR,2024-02-13T05:00:00Z,None,20.1,22.7,25.0,false,false
,German ZEW Economic Sentiment,EUR,2024-02-13T05:00:00Z,None,17.4,15.2,19.9,false,false
,NFIB Small Business Index,USD,2024-02-13T06:00:00Z,None,92.3,91.9,89.9,false,false
,Core CPI m/m,USD,2024-02-13T08:30:00Z,High,0.3%,0.3%,0.4%,false,false
,CPI m/m,USD,2024-02-13T08:30:00Z,High,0.2%,0.3%,0.3%,false,false
,Core CPI y/y,USD,2024-02-13T08:30:00Z,High,3.7%,3.9%,3.9%,false,false
,CPI y/y,USD,2024-02-13T08:30:00Z,High,2.9%,3.4%,3.1%,false,false
,API Weekly Statistical Bulletin,USD,2024-02-13T16:30:00Z,None,,,,false,false
,FPI m/m,NZD,2024-02-13T16:45:00Z,None,,-0.1%,1.2%,false,false
,Bank Holiday,CNY,2024-02-14T00:00:00Z,None,,,,true,false
,CPI y/y,GBP,2024-02-14T02:00:00Z,High,4.1%,4.0%,4.0%,false,false
,PPI Input m/m,GBP,2024-02-14T02:00:00Z,None,0.1%,-0.4%,-0.8%,false,false
,Core CPI y/y,GBP,2024-02-14T02:00:00Z,None,5.2%,5.1%,5.1%,false,false
,PPI Output m/m,GBP,2024-02-14T02:00:00Z,None,-0.2%,-0.5%,-0.2%,false,false
,RPI y/y,GBP,2024-02-14T02:00:00Z,None,5.1%,5.2%,4.9%,false,false
,HPI y/y,GBP,2024-02-14T04:30:00Z,None,-1.8%,-2.3%,-1.4%,false,false
,Flash Employment Change q/q,EUR,2024-02-14T05:00:00Z,None,0.3%,0.2%,0.3%,false,false
,Flash GDP q/q,EUR,2024-02-14T05:00:00Z,None,0.0%,0.0%,0.0%,false,false
,Industrial Production m/m,EUR,2024-02-14T05:00:00Z,None,-0.2%,0.4%,2.6%,false,false
,German 30-y Bond Auction,EUR,2024-02-14T05:33:00Z,None,,2.45|2.5,2.53|2.8,false,false
,10-y Bond Auction,GBP,2024-02-14T06:33:00Z,None,,3.97|3.1,4.13|3.1,false,false
,CB Leading Index m/m,GBP,2024-02-14T09:30:00Z,None,,-0.3%,-0.1%,false,false
,BOE Gov Bailey Speaks,GBP,2024-02-14T10:00:00Z,High,,,,false,false
,Crude Oil Inventories,USD,2024-02-14T10:30:00Z,None,3.3M,5.5M,12.0M,false,false
,German Buba President Nagel Speaks,EUR,2024-02-14T12:00:00Z,None,,,,false,false
,Gov Council Member Mendes Speaks,CAD,2024-02-14T14:30:00Z,None,,,,false,false
,FOMC Member Barr Speaks,USD,2024-02-14T16:00:00Z,None,,,,false,false
,Visitor Arrivals m/m,NZD,2024-02-14T16:45:00Z,None,,-1.6%,-2.2%,false,false
,RBA Gov Bullock Speaks,AUD,2024-02-14T17:00:00Z,High,,,,false,false
,Prelim GDP q/q,JPY,2024-02-14T18:50:00Z,None,0.2%,-0.7%,-0.1%,false,false
,Prelim GDP Price Index y/y,JPY,2024-02-14T18:50:00Z,None,4.0%,5.3%,3.8%,false,false
,MI Inflation Expectations,AUD,2024-02-14T19:00:00Z,None,,4.5%,4.5%,false,false
,Employment Change,AUD,2024-02-14T19:30:00Z,High,26.4K,-62.7K,0.5K,false,false
,Unemployment Rate,AUD,2024-02-14T19:30:00Z,High,4.0%,3.9%,4.1%,false,false
,Revised Industrial Production m/m,JPY,2024-02-14T23:30:00Z,None,1.8%,1.8%,1.4%,false,false
,Bank Holiday,CNY,2024-02-15T00:00:00Z,None,,,,true,false
,Index of Services 3m/3m,GBP,2024-02-15T02:00:00Z,None,0.1%,-0.2%,-0.2%,false,false
,Manufacturing Production m/m,GBP,2024-02-15T02:00:00Z,None,-0.1%,0.8%,0.8%,false,false
,Industrial Production m/m,GBP,2024-02-15T02:00:00Z,None,-0.1%,0.5%,0.6%,false,false
,Goods Trade Balance,GBP,2024-02-15T02:00:00Z,None,-15.0B,-15.1B,-14.0B,false,false
,Construction Output m/m,GBP,2024-02-15T02:00:00Z,None,-0.1%,-0.7%,-0.5%,false,false
,Prelim GDP q/q,GBP,2024-02-15T02:00:00Z,None,-0.1%,-0.1%,-0.3%,false,false
,GDP m/m,GBP,2024-02-15T02:00:00Z,High,-0.2%,0.2%,-0.1%,false,false
,Prelim Business Investment q/q,GBP,2024-02-15T02:00:00Z,None,-0.1%,-3.2%,1.5%,false,false
,PPI m/m,CHF,2024-02-15T02:30:00Z,None,-0.2%,-0.6%,-0.5%,false,false
,ECB President Lagarde Speaks,EUR,2024-02-15T03:00:00Z,None,,,,false,false
,SECO Consumer Climate,CHF,2024-02-15T03:00:00Z,None,-33,-40,-41,false,false
,Italian Trade Balance,EUR,2024-02-15T04:00:00Z,None,3.65B,3.88B,5.61B,false,false
,Spanish 10-y Bond Auction,EUR,2024-02-15T04:46:00Z,None,,3.17|1.8,3.14|1.9,false,false
,Trade Balance,EUR,2024-02-15T05:00:00Z,None,15.7B,15.1B,13.0B,false,false
,EU Economic Forecasts,EUR,2024-02-15T05:00:00Z,None,,,,false,false
,NIESR GDP Estimate,GBP,2024-02-15T07:22:00Z,None,,-0.3%,-0.1%,false,false
,MPC Member Greene Speaks,GBP,2024-02-15T08:00:00Z,None,,,,false,false
,Housing Starts,CAD,2024-02-15T08:15:00Z,None,236K,249K,224K,false,false
,Philly Fed Manufacturing Index,USD,2024-02-15T08:30:00Z,None,-8.0,-10.6,5.2,false,false
,Manufacturing Sales m/m,CAD,2024-02-15T08:30:00Z,None,-0.5%,1.5%,-0.7%,false,false
,Retail Sales m/m,USD,2024-02-15T08:30:00Z,High,-0.2%,0.4%,-0.8%,false,false
,Unemployment Claims,USD,2024-02-15T08:30:00Z,High,219K,220K,212K,false,false
,Core Retail Sales m/m,USD,2024-02-15T08:30:00Z,High,0.2%,0.4%,-0.6%,false,false
,Import Prices m/m,USD,2024-02-15T08:30:00Z,None,0.0%,-0.7%,0.8%,false,false
,Empire State Manufacturing Index,USD,2024-02-15T08:30:00Z,High,-13.7,-43.7,-2.4,false,false
,MPC Member Mann Speaks,GBP,2024-02-15T08:50:00Z,None,,,,false,false
,Industrial Production m/m,USD,2024-02-15T09:15:00Z,None,0.2%,0.0%,-0.1%,false,false
,Capacity Utilization Rate,USD,2024-02-15T09:15:00Z,None,78.8%,78.7%,78.5%,false,false
,Business Inventories m/m,USD,2024-02-15T10:00:00Z,None,0.4%,-0.1%,0.4%,false,false
,NAHB Housing Market Index,USD,2024-02-15T10:00:00Z,None,46,44,48,false,false
,CB Leading Index m/m,AUD,2024-02-15T10:30:00Z,None,,0.0%,0.3%,false,false
,Natural Gas Storage,USD,2024-02-15T10:30:00Z,None,-67B,-75B,-49B,false,false
,German Buba President Nagel Speaks,EUR,2024-02-15T13:00:00Z,None,,,,false,false
,FOMC Member Waller Speaks,USD,2024-02-15T13:15:00Z,None,,,,false,false
,RBNZ Gov Orr Speaks,NZD,2024-02-15T13:40:00Z,None,,,,false,false
,TIC Long-Term Purchases,USD,2024-02-15T16:00:00Z,None,42.6B,99.7B,160.2B,false,false
,BusinessNZ Manufacturing Index,NZD,2024-02-15T16:30:00Z,None,,43.4,47.3,false,false
,FOMC Member Bostic Speaks,USD,2024-02-15T19:00:00Z,None,,,,false,false
,Tertiary Industry Activity m/m,JPY,2024-02-15T23:30:00Z,None,0.2%,-1.4%,0.7%,false,false
,German WPI m/m,EUR,2024-02-16T02:00:00Z,None,-0.4%,-0.6%,0.1%,false,false
,Retail Sales m/m,GBP,2024-02-16T02:00:00Z,High,1.5%,-3.3%,3.4%,false,false
,French Final CPI m/m,EUR,2024-02-16T02:45:00Z,None,-0.2%,-0.2%,-0.2%,false,false
,Building Permits,USD,2024-02-16T08:30:00Z,None,1.51M,1.49M,1.47M,false,false
,Wholesale Sales m/m,CAD,2024-02-16T08:30:00Z,None,0.7%,0.9%,0.3%,false,false
,Core PPI m/m,USD,2024-02-16T08:30:00Z,High,0.1%,-0.1%,0.5%,false,false
,PPI m/m,USD,2024-02-16T08:30:00Z,High,0.1%,-0.1%,0.3%,false,false
,Foreign Securities Purchases,CAD,2024-02-16T08:30:00Z,None,-6.45B,11.31B,10.44B,false,false
,Housing Starts,USD,2024-02-16T08:30:00Z,None,1.45M,1.56M,1.33M,false,false
,FOMC Member Barr Speaks,USD,2024-02-16T09:10:00Z,None,,,,false,false
,Prelim UoM Consumer Sentiment,USD,2024-02-16T10:00:00Z,High,80.0,79.0,79.6,false,false
,Prelim UoM Inflation Expectations,USD,2024-02-16T10:00:00Z,None,,2.9%,3.0%,false,false
,FOMC Member Daly Speaks,USD,2024-02-16T12:45:00Z,None,,,,false,false
,MPC Member Pill Speaks,GBP,2024-02-16T14:40:00Z,None,,,,false,false
,BusinessNZ Services Index,NZD,2024-02-18T16:30:00Z,None,,48.8,52.1,false,false
,Core Machinery Orders m/m,JPY,2024-02-18T18:50:00Z,None,2.7%,-4.9%,2.7%,false,false
,Rightmove HPI m/m,GBP,2024-02-18T19:01:00Z,None,,1.3%,0.9%,false,false
,Bank Holiday,USD,2024-02-19T00:00:00Z,None,,,,true,false
,Bank Holiday,CAD,2024-02-19T00:00:00Z,None,,,,true,false
,German Buba Monthly Report,EUR,2024-02-19T06:00:00Z,None,,,,false,false
,RMPI m/m,CAD,2024-02-19T08:30:00Z,None,0.7%,-4.9%,1.2%,false,false
,IPPI m/m,CAD,2024-02-19T08:30:00Z,None,-0.1%,-1.6%,-0.1%,false,false
,Monetary Policy Meeting Minutes,AUD,2024-02-19T19:30:00Z,High,,,,false,false
,1-y Loan Prime Rate,CNY,2024-02-19T20:15:00Z,None,3.45%,3.45%,3.45%,false,false
,5-y Loan Prime Rate,CNY,2024-02-19T20:15:00Z,None,4.10%,4.20%,3.95%,false,false
,Trade Balance,CHF,2024-02-20T02:00:00Z,None,2.35B,1.27B,4.74B,false,false
,Current Account,EUR,2024-02-20T04:00:00Z,None,20.3B,22.5B,31.9B,false,false
,Monetary Policy Report Hearings,GBP,2024-02-20T05:15:00Z,None,,,,false,false
,Trimmed CPI y/y,CAD,2024-02-20T08:30:00Z,High,3.6%,3.7%,3.4%,false,false
,Median CPI y/y,CAD,2024-02-20T08:30:00Z,High,3.6%,3.5%,3.3%,false,false
,CPI m/m,CAD,2024-02-20T08:30:00Z,High,0.4%,-0.3%,0.0%,false,false
,Common CPI y/y,CAD,2024-02-20T08:30:00Z,None,3.8%,3.9%,3.4%,false,false
,Core CPI m/m,CAD,2024-02-20T08:30:00Z,None,,-0.5%,0.1%,false,false
,GDT Price Index,NZD,2024-02-20T09:36:00Z,None,,4.2%,0.5%,false,false
,CB Leading Index m/m,USD,2024-02-20T10:00:00Z,None,-0.3%,-0.2%,-0.4%,false,false
,PPI Input q/q,NZD,2024-02-20T16:45:00Z,None,0.5%,1.2%,0.9%,false,false
,PPI Output q/q,NZD,2024-02-20T16:45:00Z,None,0.4%,0.8%,0.7%,false,false
,MI Leading Index m/m,AUD,2024-02-20T18:30:00Z,None,,0.0%,-0.1%,false,false
,Trade Balance,JPY,2024-02-20T18:50:00Z,None,-0.23T,-0.44T,0.24T,false,false
,Wage Price Index q/q,AUD,2024-02-20T19:30:00Z,High,0.9%,1.3%,0.9%,false,false
,Public Sector Net Borrowing,GBP,2024-02-21T02:00:00Z,None,-18.4B,6.5B,-17.6B,false,false
,German 10-y Bond Auction,EUR,2024-02-21T05:35:00Z,None,,2.23|1.8,2.38|2.1,false,false
,CBI Industrial Order Expectations,GBP,2024-02-21T06:00:00Z,None,-27,-30,-20,false,false
,FOMC Member Bostic Speaks,USD,2024-02-21T08:00:00Z,None,,,,false,false
,NHPI m/m,CAD,2024-02-21T08:30:00Z,None,0.1%,0.0%,-0.1%,false,false
,MPC Member Dhingra Speaks,GBP,2024-02-21T09:00:00Z,None,,,,false,false
,FOMC Member Barkin Speaks,USD,2024-02-21T09:10:00Z,None,,,,false,false
,Consumer Confidence,EUR,2024-02-21T10:00:00Z,None,-16,-16,-16,false,false
,FOMC Member Bowman Speaks,USD,2024-02-21T13:00:00Z,None,,,,false,false
,FOMC Meeting Minutes,USD,2024-02-21T14:00:00Z,High,,,,false,false
,API Weekly Statistical Bulletin,USD,2024-02-21T16:30:00Z,None,,,,false,false
,Trade Balance,NZD,2024-02-21T16:45:00Z,None,-200M,-368M,-976M,false,false
,Flash Manufacturing PMI,AUD,2024-02-21T17:00:00Z,None,,50.1,47.7,false,false
,Flash Services PMI,AUD,2024-02-21T17:00:00Z,None,,49.1,52.8,false,false
,Flash Manufacturing PMI,JPY,2024-02-21T19:30:00Z,None,48.2,48.0,47.2,false,false
,Credit Card Spending y/y,NZD,2024-02-21T21:05:00Z,None,,4.3%,-0.3%,false,false
,ECOFIN Meetings,EUR,2024-02-22T00:00:00Z,None,,,,false,false
,Bank Holiday,JPY,2024-02-22T00:00:00Z,None,,,,true,false
,MPC Member Greene Speaks,GBP,2024-02-22T01:30:00Z,None,,,,false,false
,French Flash Services PMI,EUR,2024-02-22T03:15:00Z,High,45.7,45.4,48.0,false,false
,French Flash Manufacturing PMI,EUR,2024-02-22T03:15:00Z,High,43.5,43.1,46.8,false,false
,German Flash Manufacturing PMI,EUR,2024-02-22T03:30:00Z,High,46.1,45.5,42.3,false,false
,German Flash Services PMI,EUR,2024-02-22T03:30:00Z,High,48.0,47.7,48.2,false,false
,Flash Manufacturing PMI,EUR,2024-02-22T04:00:00Z,None,47.0,46.6,46.1,false,false
,Flash Services PMI,EUR,2024-02-22T04:00:00Z,None,48.8,48.4,50.0,false,false
,Flash Manufacturing PMI,GBP,2024-02-22T04:30:00Z,High,47.5,47.0,47.1,false,false
,Flash Services PMI,GBP,2024-02-22T04:30:00Z,High,54.2,54.3,54.3,false,false
,Final Core CPI y/y,EUR,2024-02-22T05:00:00Z,None,3.3%,3.3%,3.3%,false,false
,Final CPI y/y,EUR,2024-02-22T05:00:00Z,None,2.8%,2.8%,2.8%,false,false
,ECB Monetary Policy Meeting Accounts,EUR,2024-02-22T07:30:00Z,None,,,,false,false
,Core Retail Sales m/m,CAD,2024-02-22T08:30:00Z,None,0.7%,-0.4%,0.6%,false,false
,Retail Sales m/m,CAD,2024-02-22T08:30:00Z,None,0.8%,0.0%,0.9%,false,false
,Unemployment Claims,USD,2024-02-22T08:30:00Z,High,217K,213K,201K,false,false
,CB Leading Index m/m,CNY,2024-02-22T09:00:00Z,None,,-0.3%,-0.1%,false,false
,Flash Services PMI,USD,2024-02-22T09:45:00Z,High,52.4,52.5,51.3,false,false
,Flash Manufacturing PMI,USD,2024-02-22T09:45:00Z,High,50.5,50.7,51.5,false,false
,Existing Home Sales,USD,2024-02-22T10:00:00Z,None,3.96M,3.88M,4.00M,false,false
,FOMC Member Jefferson Speaks,USD,2024-02-22T10:00:00Z,None,,,,false,false
,Natural Gas Storage,USD,2024-02-22T10:30:00Z,None,-59B,-49B,-60B,false,false
,Crude Oil Inventories,USD,2024-02-22T11:00:00Z,None,3.9M,12.0M,3.5M,false,false
,Retail Sales q/q,NZD,2024-02-22T16:45:00Z,None,-0.2%,-0.8%,-1.9%,false,false
,Core Retail Sales q/q,NZD,2024-02-22T16:45:00Z,None,-0.1%,0.4%,-1.7%,false,false
,FOMC Member Cook Speaks,USD,2024-02-22T17:00:00Z,None,,,,false,false
,GfK Consumer Confidence,GBP,2024-02-22T19:01:00Z,None,-18,-19,-21,false,false
,FOMC Member Waller Speaks,USD,2024-02-22T19:35:00Z,None,,,,false,false
,New Home Prices m/m,CNY,2024-02-22T20:30:00Z,None,,-0.45%,-0.37%,false,false
,ECOFIN Meetings,EUR,2024-02-23T00:00:00Z,None,,,,false,false
,Eurogroup Meetings,EUR,2024-02-23T00:00:00Z,None,,,,true,false
,German Final GDP q/q,EUR,2024-02-23T02:00:00Z,None,-0.3%,-0.3%,-0.3%,false,false
,MPC Member Greene Speaks,GBP,2024-02-23T03:00:00Z,None,,,,false,false
,Gov Board Member Schlegel Speaks,CHF,2024-02-23T03:30:00Z,None,,,,false,false
,Foreign Direct Investment ytd/y,CNY,2024-02-23T03:33:00Z,None,,-8.0%,-11.7%,false,false
,German ifo Business Climate,EUR,2024-02-23T04:00:00Z,None,85.5,85.2,85.5,false,false
,German Buba President Nagel Speaks,EUR,2024-02-23T05:00:00Z,None,,,,false,false
,Corporate Profits q/q,CAD,2024-02-23T08:30:00Z,None,,4.7%,2.7%,false,false
,Belgian NBB Business Climate,EUR,2024-02-23T08:56:00Z,None,-16.0,-16.4,-12.8,false,false
,ECOFIN Meetings,EUR,2024-02-24T00:00:00Z,None,,,,false,false
,SPPI y/y,JPY,2024-02-25T18:50:00Z,None,2.4%,2.4%,2.1%,false,false
,MPC Member Breeden Speaks,GBP,2024-02-26T04:00:00Z,None,,,,false,false
,CBI Realized Sales,GBP,2024-02-26T06:00:00Z,None,-33,-50,-7,false,false
,MPC Member Pill Speaks,GBP,2024-02-26T06:00:00Z,None,,,,false,false
,New Home Sales,USD,2024-02-26T10:00:00Z,None,680K,651K,661K,false,false
,ECB President Lagarde Speaks,EUR,2024-02-26T11:00:00Z,None,,,,false,false
,National Core CPI y/y,JPY,2024-02-26T18:30:00Z,None,1.9%,2.3%,2.0%,false,false
,BRC Shop Price Index y/y,GBP,2024-02-26T19:01:00Z,None,,2.9%,2.5%,false,false
,German GfK Consumer Climate,EUR,2024-02-27T02:00:00Z,None,-29.0,-29.6,-29.0,false,false
,Private Loans y/y,EUR,2024-02-27T04:00:00Z,None,0.4%,0.4%,0.3%,false,false
,M3 Money Supply y/y,EUR,2024-02-27T04:00:00Z,None,0.3%,0.2%,0.1%,false,false
,Core Durable Goods Orders m/m,USD,2024-02-27T08:30:00Z,None,0.2%,0.5%,-0.3%,false,false
,Durable Goods Orders m/m,USD,2024-02-27T08:30:00Z,High,-4.9%,-0.3%,-6.1%,false,false
,MPC Member Ramsden Speaks,GBP,2024-02-27T08:40:00Z,None,,,,false,false
,S&P/CS Composite-20 HPI y/y,USD,2024-02-27T09:00:00Z,None,6.0%,5.4%,6.1%,false,false
,HPI m/m,USD,2024-02-27T09:00:00Z,None,0.3%,0.4%,0.1%,false,false
,FOMC Member Barr Speaks,USD,2024-02-27T09:05:00Z,None,,,,false,false
,Richmond Manufacturing Index,USD,2024-02-27T09:59:00Z,None,-4,-15,-5,false,false
,CB Consumer Confidence,USD,2024-02-27T10:00:00Z,High,114.8,110.9,106.7,false,false
,API Weekly Statistical Bulletin,USD,2024-02-27T16:30:00Z,None,,,,false,false
,Construction Work Done q/q,AUD,2024-02-27T19:30:00Z,None,0.6%,1.4%,0.7%,false,false
,CPI y/y,AUD,2024-02-27T19:30:00Z,High,3.6%,3.4%,3.4%,false,false
,Official Cash Rate,NZD,2024-02-27T20:00:00Z,High,5.50%,5.50%,5.50%,false,false
,RBNZ Monetary Policy Statement,NZD,2024-02-27T20:00:00Z,High,,,,false,false
,RBNZ Rate Statement,NZD,2024-02-27T20:00:00Z,High,,,,false,false
,RBNZ Press Conference,NZD,2024-02-27T21:00:00Z,None,,,,false,false
,G20 Meetings,All,2024-02-28T00:00:00Z,None,,,,false,false
,UBS Economic Expectations,CHF,2024-02-28T04:00:00Z,None,,-19.5,10.2,false,false
,Italian 10-y Bond Auction,EUR,2024-02-28T05:19:00Z,None,,3.69|1.7,3.91|1.4,false,false
,Prelim GDP Price Index q/q,USD,2024-02-28T08:30:00Z,None,1.5%,1.5%,1.6%,false,false
,Prelim GDP q/q,USD,2024-02-28T08:30:00Z,High,3.3%,3.3%,3.2%,false,false
,Goods Trade Balance,USD,2024-02-28T08:30:00Z,None,-88.4B,-87.9B,-90.2B,false,false
,Prelim Wholesale Inventories m/m,USD,2024-02-28T08:30:00Z,None,0.1%,0.4%,-0.1%,false,false
,Current Account,CAD,2024-02-28T08:30:00Z,None,-1.9B,-4.7B,-1.6B,false,false
,MPC Member Mann Speaks,GBP,2024-02-28T10:30:00Z,None,,,,false,false
,Crude Oil Inventories,USD,2024-02-28T10:30:00Z,None,3.1M,3.5M,4.2M,false,false
,FOMC Member Bostic Speaks,USD,2024-02-28T12:00:00Z,None,,,,false,false
,FOMC Member Williams Speaks,USD,2024-02-28T12:45:00Z,None,,,,false,false
,RBNZ Gov Orr Speaks,NZD,2024-02-28T14:10:00Z,None,,,,false,false
,Retail Sales y/y,JPY,2024-02-28T18:50:00Z,None,2.0%,2.3%,2.3%,false,false
,Prelim Industrial Production m/m,JPY,2024-02-28T18:50:00Z,None,-6.7%,1.4%,-7.5%,false,false
,ANZ Business Confidence,NZD,2024-02-28T19:00:00Z,None,,36.6,34.7,false,false
,Retail Sales m/m,AUD,2024-02-28T19:30:00Z,None,1.6%,-2.1%,1.1%,false,false
,Private Capital Expenditure q/q,AUD,2024-02-28T19:30:00Z,None,0.4%,0.3%,0.8%,false,false
,Private Sector Credit m/m,AUD,2024-02-28T19:30:00Z,None,0.4%,0.4%,0.4%,false,false
,Housing Starts y/y,JPY,2024-02-29T00:00:00Z,None,-7.6%,-4.0%,-7.5%,false,false
,G20 Meetings,All,2024-02-29T00:00:00Z,None,,,,false,false
,German Prelim CPI m/m,EUR,2024-02-29T00:00:00Z,High,0.5%,0.2%,0.4%,true,false
,BOJ Core CPI y/y,JPY,2024-02-29T00:02:00Z,None,2.3%,2.6%,2.6%,false,false
,French Final Private Payrolls q/q,EUR,2024-02-29T01:30:00Z,None,0.0%,0.0%,-0.1%,false,false
,German Retail Sales m/m,EUR,2024-02-29T02:00:00Z,None,0.5%,-0.5%,-0.4%,false,false
,French Prelim CPI m/m,EUR,2024-02-29T02:45:00Z,None,0.7%,-0.2%,0.8%,false,false
,French Prelim GDP q/q,EUR,2024-02-29T02:45:00Z,None,0.0%,0.0%,0.1%,false,false
,French Consumer Spending m/m,EUR,2024-02-29T02:45:00Z,None,-0.1%,0.3%,-0.3%,false,false
,GDP q/q,CHF,2024-02-29T03:00:00Z,None,0.1%,0.3%,0.3%,false,false
,KOF Economic Barometer,CHF,2024-02-29T03:00:00Z,None,101.6,102.5,101.6,false,false
,Spanish Flash CPI y/y,EUR,2024-02-29T03:00:00Z,None,2.8%,3.4%,2.8%,false,false
,German Unemployment Change,EUR,2024-02-29T03:55:00Z,None,6K,1K,11K,false,false
,M4 Money Supply m/m,GBP,2024-02-29T04:30:00Z,None,0.3%,0.5%,-0.1%,false,false
,Net Lending to Individuals m/m,GBP,2024-02-29T04:30:00Z,None,1.9B,0.4B,0.8B,false,false
,Mortgage Approvals,GBP,2024-02-29T04:30:00Z,None,52K,52K,55K,false,false
,GDP m/m,CAD,2024-02-29T08:30:00Z,High,0.2%,0.2%,0.0%,false,false
,Core PCE Price Index m/m,USD,2024-02-29T08:30:00Z,High,0.4%,0.1%,0.4%,false,false
,Unemployment Claims,USD,2024-02-29T08:30:00Z,High,209K,202K,215K,false,false
,Personal Income m/m,USD,2024-02-29T08:30:00Z,None,0.4%,0.3%,1.0%,false,false
,Personal Spending m/m,USD,2024-02-29T08:30:00Z,None,0.2%,0.7%,0.2%,false,false
,Chicago PMI,USD,2024-02-29T09:45:00Z,None,48.1,46.0,44.0,false,false
,Pending Home Sales m/m,USD,2024-02-29T10:00:00Z,None,1.4%,5.7%,-4.9%,false,false
,Natural Gas Storage,USD,2024-02-29T10:30:00Z,None,-86B,-60B,-96B,false,false
,FOMC Member Bostic Speaks,USD,2024-02-29T10:50:00Z,None,,,,false,false
,FOMC Member Mester Speaks,USD,2024-02-29T13:15:00Z,None,,,,false,false
,Building Consents m/m,NZD,2024-02-29T16:45:00Z,None,,3.6%,-8.8%,false,false
,Unemployment Rate,JPY,2024-02-29T18:30:00Z,None,2.4%,2.4%,2.4%,false,false
,RBNZ Gov Orr Speaks,NZD,2024-02-29T19:05:00Z,None,,,,false,false
,Final Manufacturing PMI,JPY,2024-02-29T19:30:00Z,None,47.2,47.2,47.2,false,false
,FOMC Member Williams Speaks,USD,2024-02-29T20:10:00Z,None,,,,false,false
,Manufacturing PMI,CNY,2024-02-29T20:30:00Z,High,49.1,49.2,49.1,false,false
,Non-Manufacturing PMI,CNY,2024-02-29T20:30:00Z,None,50.9,50.7,51.4,false,false
,RatingDog Manufacturing PMI,CNY,2024-02-29T20:45:00Z,None,50.7,50.8,50.9,false,false
,Consumer Confidence,JPY,2024-03-01T00:00:00Z,None,38.4,38.0,39.1,false,false
,Omdia Total Vehicle Sales,USD,2024-03-01T00:00:00Z,None,15.4M,15.0M,15.8M,true,false
,Commodity Prices y/y,AUD,2024-03-01T00:30:00Z,None,,-10.4%,-11.0%,false,false
,Nationwide HPI m/m,GBP,2024-03-01T02:00:00Z,None,0.2%,0.7%,0.7%,false,false
,Retail Sales y/y,CHF,2024-03-01T02:30:00Z,None,0.4%,-0.1%,0.3%,false,false
,Spanish Manufacturing PMI,EUR,2024-03-01T03:15:00Z,None,49.7,49.2,51.5,false,false
,Manufacturing PMI,CHF,2024-03-01T03:30:00Z,None,44.3,43.1,44.0,false,false
,Italian Manufacturing PMI,EUR,2024-03-01T03:45:00Z,None,49.0,48.5,48.7,false,false
,French Final Manufacturing PMI,EUR,2024-03-01T03:50:00Z,None,46.8,46.8,47.1,false,false
,German Final Manufacturing PMI,EUR,2024-03-01T03:55:00Z,None,42.3,42.3,42.5,false,false
,Final Manufacturing PMI,EUR,2024-03-01T04:00:00Z,None,46.1,46.1,46.5,false,false
,Italian Monthly Unemployment Rate,EUR,2024-03-01T04:00:00Z,None,7.2%,7.2%,7.2%,false,false
,Final Manufacturing PMI,GBP,2024-03-01T04:30:00Z,None,47.1,47.1,47.5,false,false
,Core CPI Flash Estimate y/y,EUR,2024-03-01T05:00:00Z,None,2.9%,3.3%,3.1%,false,false
,Italian Prelim CPI m/m,EUR,2024-03-01T05:00:00Z,None,0.3%,0.3%,0.1%,false,false
,Unemployment Rate,EUR,2024-03-01T05:00:00Z,None,6.4%,6.5%,6.4%,false,false
,CPI Flash Estimate y/y,EUR,2024-03-01T05:00:00Z,None,2.5%,2.8%,2.6%,false,false
,MPC Member Pill Speaks,GBP,2024-03-01T09:00:00Z,None,,,,false,false
,Manufacturing PMI,CAD,2024-03-01T09:30:00Z,None,,48.3,49.7,false,false
,Final Manufacturing PMI,USD,2024-03-01T09:45:00Z,None,51.5,51.5,52.2,false,false
,Construction Spending m/m,USD,2024-03-01T10:00:00Z,None,0.2%,1.1%,-0.2%,false,false
,ISM Manufacturing Prices,USD,2024-03-01T10:00:00Z,None,53.5,52.9,52.5,false,false
,Revised UoM Consumer Sentiment,USD,2024-03-01T10:00:00Z,High,79.6,79.6,76.9,false,false
,Revised UoM Inflation Expectations,USD,2024-03-01T10:00:00Z,None,,3.0%,3.0%,false,false
,ISM Manufacturing PMI,USD,2024-03-01T10:00:00Z,High,49.5,49.1,47.8,false,false
,FOMC Member Waller Speaks,USD,2024-03-01T10:15:00Z,None,,,,false,false
,Fed Monetary Policy Report,USD,2024-03-01T11:00:00Z,None,,,,false,false
,FOMC Member Bostic Speaks,USD,2024-03-01T12:15:00Z,None,,,,false,false
,FOMC Member Daly Speaks,USD,2024-03-01T13:30:00Z,None,,,,false,false
,FOMC Member Kugler Speaks,USD,2024-03-01T15:30:00Z,None,,,,false,false
,Overseas Trade Index q/q,NZD,2024-03-03T16:45:00Z,None,-0.1%,-0.6%,-7.8%,false,false
,Monetary Base y/y,JPY,2024-03-03T18:50:00Z,None,4.7%,4.8%,2.4%,false,false
,Capital Spending q/y,JPY,2024-03-03T18:50:00Z,None,2.9%,3.4%,16.4%,false,false
,MI Inflation Gauge m/m,AUD,2024-03-03T19:02:00Z,None,,0.3%,-0.1%,false,false
,ANZ Job Advertisements m/m,AUD,2024-03-03T19:30:00Z,None,,3.4%,-2.8%,false,false
,Building Approvals m/m,AUD,2024-03-03T19:30:00Z,None,3.8%,-10.1%,-1.0%,false,false
,Company Operating Profits q/q,AUD,2024-03-03T19:30:00Z,None,1.1%,-1.6%,7.4%,false,false
,CPI m/m,CHF,2024-03-04T02:30:00Z,High,0.5%,0.2%,0.6%,false,false
,French Gov Budget Balance,EUR,2024-03-04T02:45:00Z,None,,-173.3B,-25.7B,false,false
,Spanish Unemployment Change,EUR,2024-03-04T03:00:00Z,None,50.0K,60.4K,-7.5K,false,false
,Sentix Investor Confidence,EUR,2024-03-04T04:30:00Z,None,-10.8,-12.9,-10.5,false,false
,Tokyo Core CPI y/y,JPY,2024-03-04T18:30:00Z,None,2.5%,1.8%,2.5%,false,false
,ANZ Commodity Prices m/m,NZD,2024-03-04T19:00:00Z,None,,2.1%,3.5%,false,false
,BRC Retail Sales Monitor y/y,GBP,2024-03-04T19:01:00Z,None,1.6%,1.4%,1.0%,false,false
,Current Account,AUD,2024-03-04T19:30:00Z,None,4.9B,1.3B,11.8B,false,false
,RatingDog Services PMI,CNY,2024-03-04T20:45:00Z,None,52.9,52.7,52.5,false,false
,10-y Bond Auction,JPY,2024-03-04T22:35:00Z,None,,0.74|3.6,0.72|3.2,false,false
,BOJ Gov Ueda Speaks,JPY,2024-03-04T23:00:00Z,High,,,,false,false
,French Industrial Production m/m,EUR,2024-03-05T02:45:00Z,None,-0.1%,0.4%,-1.1%,false,false
,Spanish Services PMI,EUR,2024-03-05T03:15:00Z,None,53.4,52.1,54.7,false,false
,Italian Services PMI,EUR,2024-03-05T03:45:00Z,None,52.2,51.2,52.2,false,false
,French Final Services PMI,EUR,2024-03-05T03:50:00Z,None,48.0,48.0,48.4,false,false
,German Final Services PMI,EUR,2024-03-05T03:55:00Z,None,48.2,48.2,48.3,false,false
,Final Services PMI,EUR,2024-03-05T04:00:00Z,None,50.0,50.0,50.2,false,false
,Final Services PMI,GBP,2024-03-05T04:30:00Z,None,54.3,54.3,53.8,false,false
,PPI m/m,EUR,2024-03-05T05:00:00Z,None,-0.1%,-0.9%,-0.9%,false,false
,GDT Price Index,NZD,2024-03-05T09:24:00Z,None,,0.5%,-2.3%,false,false
,Final Services PMI,USD,2024-03-05T09:45:00Z,None,51.4,51.3,52.3,false,false
,ISM Services PMI,USD,2024-03-05T10:00:00Z,High,53.0,53.4,52.6,false,false
,Factory Orders m/m,USD,2024-03-05T10:00:00Z,None,-3.1%,-0.3%,-3.6%,false,false
,RCM/TIPP Economic Optimism,USD,2024-03-05T10:36:00Z,None,45.2,44.0,43.5,false,false
,FOMC Member Barr Speaks,USD,2024-03-05T12:00:00Z,None,,,,false,false
,FOMC Member Barr Speaks,USD,2024-03-05T15:30:00Z,None,,,,false,false
,API Weekly Statistical Bulletin,USD,2024-03-05T16:30:00Z,None,,,,false,false
,GDP q/q,AUD,2024-03-05T19:30:00Z,High,0.2%,0.3%,0.2%,false,false
,German Trade Balance,EUR,2024-03-06T02:00:00Z,None,21.0B,23.3B,27.5B,false,false
,Construction PMI,GBP,2024-03-06T04:30:00Z,None,49.0,48.8,49.7,false,false
,Retail Sales m/m,EUR,2024-03-06T05:00:00Z,None,0.1%,-0.6%,0.1%,false,false
,Annual Budget Release,GBP,2024-03-06T07:34:00Z,High,,,,false,false
,ADP Non-Farm Employment Change,USD,2024-03-06T08:15:00Z,High,149K,111K,140K,false,false
,Labor Productivity q/q,CAD,2024-03-06T08:30:00Z,None,0.2%,-0.5%,0.4%,false,false
,BOC Rate Statement,CAD,2024-03-06T09:45:00Z,High,,,,false,false
,Overnight Rate,CAD,2024-03-06T09:45:00Z,High,5.00%,5.00%,5.00%,false,false
,Ivey PMI,CAD,2024-03-06T10:00:00Z,None,54.2,56.5,53.9,false,false
,Fed Chairman Powell Testifies,USD,2024-03-06T10:00:00Z,High,,,,false,false
,JOLTS Job Openings,USD,2024-03-06T10:00:00Z,High,8.80M,8.89M,8.86M,false,false
,Final Wholesale Inventories m/m,USD,2024-03-06T10:00:00Z,None,-0.1%,-0.1%,-0.3%,false,false
,BOC Press Conference,CAD,2024-03-06T10:30:00Z,High,,,,false,false
,Crude Oil Inventories,USD,2024-03-06T10:30:00Z,None,2.4M,4.2M,1.4M,false,false
,FOMC Member Daly Speaks,USD,2024-03-06T12:00:00Z,None,,,,false,false
,Beige Book,USD,2024-03-06T14:00:00Z,None,,,,false,false
,Manufacturing Sales q/q,NZD,2024-03-06T16:45:00Z,None,,-2.8%,-0.7%,false,false
,Average Cash Earnings y/y,JPY,2024-03-06T18:30:00Z,None,1.3%,0.8%,2.0%,false,false
,Goods Trade Balance,AUD,2024-03-06T19:30:00Z,None,11.42B,10.74B,11.03B,false,false
,Household Spending m/m,AUD,2024-03-06T19:30:00Z,None,,0.3%,-14.0%,false,false
,Trade Balance,CNY,2024-03-06T22:01:00Z,None,620B,541B,891B,false,false
,USD-Denominated Trade Balance,CNY,2024-03-06T22:02:00Z,None,110.3B,75.3B,125.2B,false,false
,30-y Bond Auction,JPY,2024-03-06T22:35:00Z,None,,1.79|3.2,1.77|2.9,false,false
,Unemployment Rate,CHF,2024-03-07T01:45:00Z,None,2.2%,2.2%,2.2%,false,false
,German Factory Orders m/m,EUR,2024-03-07T02:00:00Z,None,-6.0%,12.0%,-11.3%,false,false
,Lloyds HPI m/m,GBP,2024-03-07T02:00:00Z,None,0.8%,1.2%,0.4%,false,false
,Foreign Currency Reserves,CHF,2024-03-07T03:00:00Z,None,,662B,678B,false,false
,Spanish 10-y Bond Auction,EUR,2024-03-07T04:55:00Z,None,,3.14|1.9,3.16|2.2,false,false
,French 10-y Bond Auction,EUR,2024-03-07T05:09:00Z,None,,2.70|1.9,2.81|2.4,false,false
,Challenger Job Cuts y/y,USD,2024-03-07T07:30:00Z,None,,-20.0%,8.8%,false,false
,Main Refinancing Rate,EUR,2024-03-07T08:15:00Z,High,4.50%,4.50%,4.50%,false,false
,Monetary Policy Statement,EUR,2024-03-07T08:15:00Z,High,,,,false,false
,Revised Nonfarm Productivity q/q,USD,2024-03-07T08:30:00Z,None,3.1%,3.2%,3.2%,false,false
,Unemployment Claims,USD,2024-03-07T08:30:00Z,High,217K,217K,217K,false,false
,Trade Balance,CAD,2024-03-07T08:30:00Z,None,-0.1B,-0.9B,0.5B,false,false
,Revised Unit Labor Costs q/q,USD,2024-03-07T08:30:00Z,None,0.7%,0.5%,0.4%,false,false
,Trade Balance,USD,2024-03-07T08:30:00Z,None,-63.4B,-64.2B,-67.4B,false,false
,Building Permits m/m,CAD,2024-03-07T08:30:00Z,None,4.6%,-11.5%,13.5%,false,false
,ECB Press Conference,EUR,2024-03-07T08:45:00Z,High,,,,false,false
,Fed Chairman Powell Testifies,USD,2024-03-07T10:00:00Z,High,,,,false,false
,Natural Gas Storage,USD,2024-03-07T10:30:00Z,None,-42B,-96B,-40B,false,false
,FOMC Member Mester Speaks,USD,2024-03-07T11:30:00Z,None,,,,false,false
,Consumer Credit m/m,USD,2024-03-07T15:00:00Z,None,10.1B,0.9B,19.5B,false,false
,Household Spending y/y,JPY,2024-03-07T18:30:00Z,None,-4.1%,-2.5%,-6.3%,false,false
,Bank Lending y/y,JPY,2024-03-07T18:50:00Z,None,3.2%,3.1%,3.0%,false,false
,Current Account,JPY,2024-03-07T18:50:00Z,None,2.07T,1.81T,2.73T,false,false
,President Biden Speaks,USD,2024-03-07T21:00:00Z,None,,,,false,false
,Leading Indicators,JPY,2024-03-08T00:00:00Z,None,109.7%,110.2%,109.9%,false,false
,Economy Watchers Sentiment,JPY,2024-03-08T01:00:00Z,None,50.6,50.2,51.3,false,false
,German Industrial Production m/m,EUR,2024-03-08T02:00:00Z,None,0.5%,-2.0%,1.0%,false,false
,German PPI m/m,EUR,2024-03-08T02:00:00Z,None,0.1%,-0.8%,0.2%,false,false
,French Trade Balance,EUR,2024-03-08T02:45:00Z,None,-6.5B,-6.4B,-7.4B,false,false
,Final Employment Change q/q,EUR,2024-03-08T05:00:00Z,None,0.3%,0.3%,0.3%,false,false
,Revised GDP q/q,EUR,2024-03-08T05:00:00Z,None,0.0%,0.0%,0.0%,false,false
,FOMC Member Williams Speaks,USD,2024-03-08T07:00:00Z,None,,,,false,false
,Employment Change,CAD,2024-03-08T08:30:00Z,High,21.1K,37.3K,40.7K,false,false
,Unemployment Rate,CAD,2024-03-08T08:30:00Z,High,5.8%,5.7%,5.8%,false,false
,Capacity Utilization Rate,CAD,2024-03-08T08:30:00Z,None,80.2%,78.8%,78.7%,false,false
,Average Hourly Earnings m/m,USD,2024-03-08T08:30:00Z,High,0.2%,0.5%,0.1%,false,false
,Non-Farm Employment Change,USD,2024-03-08T08:30:00Z,High,198K,229K,275K,false,false
,Unemployment Rate,USD,2024-03-08T08:30:00Z,High,3.7%,3.7%,3.9%,false,false
,PPI y/y,CNY,2024-03-08T20:30:00Z,None,-2.5%,-2.5%,-2.7%,false,false
,CPI y/y,CNY,2024-03-08T20:30:00Z,None,0.3%,-0.8%,0.7%,false,false
,Daylight Saving Time Shift,CAD,2024-03-10T03:00:00Z,None,,,,false,false
,Daylight Saving Time Shift,USD,2024-03-10T03:00:00Z,None,,,,false,false
,Final GDP q/q,JPY,2024-03-10T19:50:00Z,None,0.3%,-0.1%,0.1%,false,false
,Final GDP Price Index y/y,JPY,2024-03-10T19:50:00Z,None,3.8%,3.8%,3.9%,false,false
,M2 Money Stock y/y,JPY,2024-03-10T19:50:00Z,None,2.4%,2.5%,2.5%,false,false
,Eurogroup Meetings,EUR,2024-03-11T00:00:00Z,None,,,,true,false
,Prelim Machine Tool Orders y/y,JPY,2024-03-11T01:59:00Z,None,,-14.0%,-8.0%,false,false
,SECO Consumer Climate,CHF,2024-03-11T04:00:00Z,None,-35,-41,-42,false,false
,MPC Member Mann Speaks,GBP,2024-03-11T13:00:00Z,None,,,,false,false
,RBA Assist Gov Hunter Speaks,AUD,2024-03-11T18:30:00Z,None,,,,false,false
,BSI Manufacturing Index,JPY,2024-03-11T19:50:00Z,None,6.2,5.7,-6.7,false,false
,PPI y/y,JPY,2024-03-11T19:50:00Z,None,0.6%,0.2%,0.6%,false,false
,NAB Business Confidence,AUD,2024-03-11T20:30:00Z,None,,1,0,false,false
,ECOFIN Meetings,EUR,2024-03-12T00:00:00Z,None,,,,true,false
,Average Earnings Index 3m/y,GBP,2024-03-12T03:00:00Z,None,5.7%,5.8%,5.6%,false,false
,Unemployment Rate,GBP,2024-03-12T03:00:00Z,None,3.8%,3.8%,3.9%,false,false
,Claimant Count Change,GBP,2024-03-12T03:00:00Z,High,20.3K,3.1K,16.8K,false,false
,German Final CPI m/m,EUR,2024-03-12T03:00:00Z,None,0.4%,0.4%,0.4%,false,false
,NFIB Small Business Index,USD,2024-03-12T06:00:00Z,None,90.5,89.9,89.4,false,false
,10-y Bond Auction,GBP,2024-03-12T06:03:00Z,None,,4.13|3.1,3.93|3.6,false,false
,MPC Member Mann Speaks,GBP,2024-03-12T07:00:00Z,None,,,,false,false
,CPI y/y,USD,2024-03-12T08:30:00Z,High,3.1%,3.1%,3.2%,false,false
,Core CPI m/m,USD,2024-03-12T08:30:00Z,High,0.3%,0.4%,0.4%,false,false
,Core CPI y/y,USD,2024-03-12T08:30:00Z,High,3.7%,3.9%,3.8%,false,false
,CPI m/m,USD,2024-03-12T08:30:00Z,High,0.4%,0.3%,0.4%,false,false
,CB Leading Index m/m,GBP,2024-03-12T09:30:00Z,None,,-0.3%,-0.3%,false,false
,BOE Gov Bailey Speaks,GBP,2024-03-12T12:15:00Z,None,,,,false,false
,10-y Bond Auction,USD,2024-03-12T13:01:00Z,High,,4.09|2.6,4.17|2.5,false,false
,Federal Budget Balance,USD,2024-03-12T14:00:00Z,None,-298.5B,-21.9B,-296.3B,false,false
,API Weekly Statistical Bulletin,USD,2024-03-12T16:30:00Z,None,,,,false,false
,FPI m/m,NZD,2024-03-12T17:45:00Z,None,,1.2%,-0.6%,false,false
,German WPI m/m,EUR,2024-03-13T03:00:00Z,None,0.2%,0.1%,-0.1%,false,false
,Construction Output m/m,GBP,2024-03-13T03:00:00Z,None,0.0%,-0.5%,1.1%,false,false
,Goods Trade Balance,GBP,2024-03-13T03:00:00Z,None,-14.9B,-14.0B,-14.5B,false,false
,Index of Services 3m/3m,GBP,2024-03-13T03:00:00Z,None,0.0%,-0.2%,0.0%,false,false
,Industrial Production m/m,GBP,2024-03-13T03:00:00Z,None,0.0%,0.6%,-0.2%,false,false
,Manufacturing Production m/m,GBP,2024-03-13T03:00:00Z,None,0.0%,0.8%,0.0%,false,false
,GDP m/m,GBP,2024-03-13T03:00:00Z,High,0.2%,-0.1%,0.2%,false,false
,Italian Quarterly Unemployment Rate,EUR,2024-03-13T05:00:00Z,None,7.3%,7.6%,7.4%,false,false
,Industrial Production m/m,EUR,2024-03-13T06:00:00Z,None,-1.8%,1.6%,-3.2%,false,false
,German 10-y Bond Auction,EUR,2024-03-13T06:33:00Z,None,,2.38|2.1,2.31|2.3,false,false
,NIESR GDP Estimate,GBP,2024-03-13T07:50:00Z,None,,-0.1%,0.0%,false,false
,Crude Oil Inventories,USD,2024-03-13T10:30:00Z,None,0.9M,1.4M,-1.5M,false,false
,30-y Bond Auction,USD,2024-03-13T13:01:00Z,High,,4.36|2.4,4.33|2.5,false,false
,Visitor Arrivals m/m,NZD,2024-03-13T17:45:00Z,None,,-2.3%,8.2%,false,false
,RICS House Price Balance,GBP,2024-03-13T20:01:00Z,None,-10%,-19%,-10%,false,false
,PPI m/m,CHF,2024-03-14T03:30:00Z,None,0.2%,-0.5%,0.1%,false,false
,Manufacturing Sales m/m,CAD,2024-03-14T08:30:00Z,None,0.3%,-1.1%,0.2%,false,false
,Core PPI m/m,USD,2024-03-14T08:30:00Z,High,0.2%,0.5%,0.3%,false,false
,Core Retail Sales m/m,USD,2024-03-14T08:30:00Z,High,0.5%,-0.8%,0.3%,false,false
,PPI m/m,USD,2024-03-14T08:30:00Z,High,0.3%,0.3%,0.6%,false,false
,Retail Sales m/m,USD,2024-03-14T08:30:00Z,High,0.8%,-1.1%,0.6%,false,false
,Unemployment Claims,USD,2024-03-14T08:30:00Z,High,218K,210K,209K,false,false
,Business Inventories m/m,USD,2024-03-14T10:00:00Z,None,0.2%,0.3%,0.0%,false,false
,Natural Gas Storage,USD,2024-03-14T10:30:00Z,None,-3B,-40B,-9B,false,false
,BusinessNZ Manufacturing Index,NZD,2024-03-14T17:30:00Z,None,,47.5,49.3,false,false
,New Home Prices m/m,CNY,2024-03-14T21:30:00Z,None,,-0.37%,-0.36%,false,false
,Tertiary Industry Activity m/m,JPY,2024-03-15T00:30:00Z,None,0.1%,0.5%,0.3%,false,false
,French Final CPI m/m,EUR,2024-03-15T03:45:00Z,None,0.8%,0.8%,0.9%,false,false
,New Loans,CNY,2024-03-15T04:34:00Z,None,1540B,4920B,1450B,false,false
,M2 Money Supply y/y,CNY,2024-03-15T04:34:00Z,None,8.8%,8.7%,8.7%,false,false
,Consumer Inflation Expectations,GBP,2024-03-15T05:30:00Z,None,,3.3%,3.0%,false,false
,Italian Retail Sales m/m,EUR,2024-03-15T06:00:00Z,None,0.2%,-0.2%,-0.1%,false,false
,Italian Trade Balance,EUR,2024-03-15T07:00:00Z,None,6.22B,5.53B,2.66B,false,false
,Housing Starts,CAD,2024-03-15T08:15:00Z,None,227K,223K,253K,false,false
,Empire State Manufacturing Index,USD,2024-03-15T08:30:00Z,High,-7.0,-2.4,-20.9,false,false
,Import Prices m/m,USD,2024-03-15T08:30:00Z,None,0.3%,0.8%,0.3%,false,false
,Foreign Securities Purchases,CAD,2024-03-15T08:30:00Z,None,2.05B,10.80B,8.88B,false,false
,Wholesale Sales m/m,CAD,2024-03-15T08:30:00Z,None,-0.6%,-0.3%,0.1%,false,false
,Industrial Production m/m,USD,2024-03-15T09:15:00Z,None,0.0%,-0.5%,0.1%,false,false
,Capacity Utilization Rate,USD,2024-03-15T09:15:00Z,None,78.5%,78.3%,78.3%,false,false
,Prelim UoM Consumer Sentiment,USD,2024-03-15T10:00:00Z,High,77.1,76.9,76.5,false,false
,Prelim UoM Inflation Expectations,USD,2024-03-15T10:00:00Z,None,,3.0%,3.0%,false,false
,BusinessNZ Services Index,NZD,2024-03-17T17:30:00Z,None,,52.2,53.0,false,false
,Core Machinery Orders m/m,JPY,2024-03-17T19:50:00Z,None,-0.7%,2.7%,-1.7%,false,false
,Rightmove HPI m/m,GBP,2024-03-17T20:01:00Z,None,,0.9%,1.5%,false,false
,Retail Sales y/y,CNY,2024-03-17T22:00:00Z,None,5.6%,7.4%,5.5%,false,false
,Unemployment Rate,CNY,2024-03-17T22:00:00Z,None,5.1%,5.1%,5.3%,false,false
,Industrial Production y/y,CNY,2024-03-17T22:00:00Z,High,5.3%,6.8%,7.0%,false,false
,Fixed Asset Investment ytd/y,CNY,2024-03-17T22:00:00Z,None,3.2%,3.0%,4.2%,false,false
,NBS Press Conference,CNY,2024-03-17T22:00:00Z,None,,,,false,false
,Final CPI y/y,EUR,2024-03-18T06:00:00Z,None,2.6%,2.6%,2.6%,false,false
,Final Core CPI y/y,EUR,2024-03-18T06:00:00Z,None,3.1%,3.1%,3.1%,false,false
,Trade Balance,EUR,2024-03-18T06:00:00Z,None,14.2B,14.3B,28.1B,false,false
,IPPI m/m,CAD,2024-03-18T08:30:00Z,None,0.0%,-0.1%,0.7%,false,false
,RMPI m/m,CAD,2024-03-18T08:30:00Z,None,0.8%,1.2%,2.1%,false,false
,NAHB Housing Market Index,USD,2024-03-18T10:00:00Z,None,48,48,51,false,false
,Cash Rate,AUD,2024-03-18T23:30:00Z,High,4.35%,4.35%,4.35%,false,false
,RBA Rate Statement,AUD,2024-03-18T23:30:00Z,High,,,,false,false
,BOJ Policy Rate,JPY,2024-03-18T23:36:00Z,High,-0.10%,-0.10%,<0.10%,false,false
,Monetary Policy Statement,JPY,2024-03-18T23:36:00Z,High,,,,false,false
,Bank Holiday,JPY,2024-03-19T00:00:00Z,None,,,,true,false
,Revised Industrial Production m/m,JPY,2024-03-19T00:30:00Z,None,-7.5%,-7.5%,-6.7%,false,false
,RBA Press Conference,AUD,2024-03-19T00:30:00Z,High,,,,false,false
,BOJ Press Conference,JPY,2024-03-19T02:30:00Z,High,,,,false,false
,Trade Balance,CHF,2024-03-19T03:00:00Z,None,3.50B,4.70B,3.66B,false,false
,SECO Economic Forecasts,CHF,2024-03-19T04:00:00Z,None,,,,false,false
,German ZEW Economic Sentiment,EUR,2024-03-19T06:00:00Z,None,20.6,19.9,31.7,false,false
,ZEW Economic Sentiment,EUR,2024-03-19T06:00:00Z,None,25.4,25.0,33.5,false,false
,CPI m/m,CAD,2024-03-19T08:30:00Z,High,0.6%,0.0%,0.3%,false,false
,Median CPI y/y,CAD,2024-03-19T08:30:00Z,High,3.3%,3.3%,3.1%,false,false
,Trimmed CPI y/y,CAD,2024-03-19T08:30:00Z,High,3.4%,3.4%,3.2%,false,false
,Common CPI y/y,CAD,2024-03-19T08:30:00Z,None,3.4%,3.3%,3.1%,false,false
,Building Permits,USD,2024-03-19T08:30:00Z,None,1.50M,1.49M,1.52M,false,false
,Housing Starts,USD,2024-03-19T08:30:00Z,None,1.43M,1.37M,1.52M,false,false
,Core CPI m/m,CAD,2024-03-19T08:32:00Z,None,,0.1%,0.1%,false,false
,GDT Price Index,NZD,2024-03-19T10:08:00Z,None,,-2.3%,-2.8%,false,false
,Westpac Consumer Sentiment,NZD,2024-03-19T15:05:00Z,None,,88.9,93.2,false,false
,TIC Long-Term Purchases,USD,2024-03-19T16:00:00Z,None,95.5B,158.6B,36.1B,false,false
,API Weekly Statistical Bulletin,USD,2024-03-19T16:30:00Z,None,,,,false,false
,Current Account,NZD,2024-03-19T17:45:00Z,None,-7.79B,-10.97B,-7.84B,false,false
,5-y Loan Prime Rate,CNY,2024-03-19T21:15:00Z,None,3.95%,3.95%,3.95%,false,false
,1-y Loan Prime Rate,CNY,2024-03-19T21:15:00Z,None,3.45%,3.45%,3.45%,false,false
,PPI Output m/m,GBP,2024-03-20T03:00:00Z,None,0.1%,0.0%,0.3%,false,false
,German PPI m/m,EUR,2024-03-20T03:00:00Z,None,-0.1%,0.2%,-0.4%,false,false
,CPI y/y,GBP,2024-03-20T03:00:00Z,High,3.5%,4.0%,3.4%,false,false
,Core CPI y/y,GBP,2024-03-20T03:00:00Z,None,4.6%,5.1%,4.5%,false,false
,PPI Input m/m,GBP,2024-03-20T03:00:00Z,None,0.2%,-0.1%,-0.4%,false,false
,RPI y/y,GBP,2024-03-20T03:00:00Z,None,4.5%,4.9%,4.5%,false,false
,ECB President Lagarde Speaks,EUR,2024-03-20T04:45:00Z,None,,,,false,false
,Italian Industrial Production m/m,EUR,2024-03-20T05:00:00Z,None,-0.6%,1.2%,-1.2%,false,false
,HPI y/y,GBP,2024-03-20T05:30:00Z,None,-0.7%,-2.2%,-0.6%,false,false
,German 30-y Bond Auction,EUR,2024-03-20T06:38:00Z,None,,2.53|2.8,2.52|3.4,false,false
,Crude Oil Inventories,USD,2024-03-20T10:30:00Z,None,-0.9M,-1.5M,-2.0M,false,false
,CB Leading Index m/m,AUD,2024-03-20T10:30:00Z,None,,0.4%,0.2%,false,false
,Consumer Confidence,EUR,2024-03-20T11:00:00Z,None,-15,-16,-15,false,false
,German Buba President Nagel Speaks,EUR,2024-03-20T12:30:00Z,None,,,,false,false
,BOC Summary of Deliberations,CAD,2024-03-20T13:30:00Z,None,,,,false,false
,Federal Funds Rate,USD,2024-03-20T14:00:00Z,High,5.50%,5.50%,5.50%,false,false
,FOMC Economic Projections,USD,2024-03-20T14:00:00Z,High,,,,false,false
,FOMC Statement,USD,2024-03-20T14:00:00Z,High,,,,false,false
,FOMC Press Conference,USD,2024-03-20T14:30:00Z,High,,,,false,false
,GDP q/q,NZD,2024-03-20T17:45:00Z,High,0.1%,-0.3%,-0.1%,false,false
,Flash Manufacturing PMI,AUD,2024-03-20T18:00:00Z,None,,47.8,46.8,false,false
,Flash Services PMI,AUD,2024-03-20T18:00:00Z,None,,53.1,53.5,false,false
,Trade Balance,JPY,2024-03-20T19:50:00Z,None,-0.83T,0.01T,-0.45T,false,false
,Employment Change,AUD,2024-03-20T20:30:00Z,High,39.7K,15.3K,116.5K,false,false
,Unemployment Rate,AUD,2024-03-20T20:30:00Z,High,4.0%,4.1%,3.7%,false,false
,Flash Manufacturing PMI,JPY,2024-03-20T20:30:00Z,None,47.5,47.2,48.2,false,false
,Credit Card Spending y/y,NZD,2024-03-20T22:05:00Z,None,,0.0%,2.2%,false,false
,Public Sector Net Borrowing,GBP,2024-03-21T03:00:00Z,None,6.3B,-17.0B,7.5B,false,false
,French Flash Services PMI,EUR,2024-03-21T04:15:00Z,High,48.8,48.4,47.8,false,false
,French Flash Manufacturing PMI,EUR,2024-03-21T04:15:00Z,High,47.5,47.1,45.8,false,false
,German Flash Manufacturing PMI,EUR,2024-03-21T04:30:00Z,High,43.1,42.5,41.6,false,false
,German Flash Services PMI,EUR,2024-03-21T04:30:00Z,High,48.8,48.3,49.8,false,false
,SNB Monetary Policy Assessment,CHF,2024-03-21T04:30:00Z,High,,,,false,false
,SNB Policy Rate,CHF,2024-03-21T04:30:00Z,High,1.75%,1.75%,1.50%,false,false
,Current Account,EUR,2024-03-21T05:00:00Z,None,32.3B,31.9B,39.4B,false,false
,ECB Economic Bulletin,EUR,2024-03-21T05:00:00Z,None,,,,false,false
,Flash Services PMI,EUR,2024-03-21T05:00:00Z,None,50.5,50.2,51.1,false,false
,Flash Manufacturing PMI,EUR,2024-03-21T05:00:00Z,None,47.0,46.5,45.7,false,false
,SNB Press Conference,CHF,2024-03-21T05:00:00Z,High,,,,false,false
,Flash Manufacturing PMI,GBP,2024-03-21T05:30:00Z,High,47.9,47.5,49.9,false,false
,Flash Services PMI,GBP,2024-03-21T05:30:00Z,High,53.8,53.8,53.4,false,false
,German Buba Monthly Report,EUR,2024-03-21T07:00:00Z,None,,,,false,false
,Official Bank Rate,GBP,2024-03-21T08:00:00Z,High,5.25%,5.25%,5.25%,false,false
,BOE Inflation Letter,GBP,2024-03-21T08:00:00Z,None,,,,false,false
,Monetary Policy Summary,GBP,2024-03-21T08:00:00Z,High,,,,false,false
,MPC Official Bank Rate Votes,GBP,2024-03-21T08:00:00Z,High,0-1-8,2-1-6,0-1-8,false,false
,Philly Fed Manufacturing Index,USD,2024-03-21T08:30:00Z,None,-2.6,5.2,3.2,false,false
,NHPI m/m,CAD,2024-03-21T08:30:00Z,None,0.1%,-0.1%,0.1%,false,false
,Unemployment Claims,USD,2024-03-21T08:30:00Z,High,212K,212K,210K,false,false
,Current Account,USD,2024-03-21T08:30:00Z,None,-209B,-196B,-195B,false,false
,Gov Council Member Gravelle Speaks,CAD,2024-03-21T09:35:00Z,None,,,,false,false
,Flash Manufacturing PMI,USD,2024-03-21T09:45:00Z,High,51.8,52.2,52.5,false,false
,Flash Services PMI,USD,2024-03-21T09:45:00Z,High,52.0,52.3,51.7,false,false
,Existing Home Sales,USD,2024-03-21T10:00:00Z,None,3.95M,4.00M,4.38M,false,false
,CB Leading Index m/m,USD,2024-03-21T10:00:00Z,None,-0.1%,-0.4%,0.1%,false,false
,Natural Gas Storage,USD,2024-03-21T10:30:00Z,None,5B,-9B,7B,false,false
,FOMC Member Barr Speaks,USD,2024-03-21T12:00:00Z,None,,,,false,false
,Trade Balance,NZD,2024-03-21T17:45:00Z,None,-825M,-1089M,-218M,false,false
,National Core CPI y/y,JPY,2024-03-21T19:30:00Z,None,2.8%,2.0%,2.8%,false,false
,GfK Consumer Confidence,GBP,2024-03-21T20:01:00Z,None,-19,-21,-21,false,false
,RBA Financial Stability Review,AUD,2024-03-21T20:30:00Z,None,,,,false,false
,Euro Summit,EUR,2024-03-22T00:00:00Z,High,,,,true,false
,Retail Sales m/m,GBP,2024-03-22T03:00:00Z,High,-0.4%,3.6%,0.0%,false,false
,German Import Prices m/m,EUR,2024-03-22T03:00:00Z,None,-0.4%,-1.0%,0.0%,false,false
,German ifo Business Climate,EUR,2024-03-22T05:00:00Z,None,85.9,85.7,87.8,false,false
,German Buba President Nagel Speaks,EUR,2024-03-22T05:00:00Z,None,,,,false,false
,Foreign Direct Investment ytd/y,CNY,2024-03-22T05:01:00Z,None,,-11.7%,-19.9%,false,false
,CBI Industrial Order Expectations,GBP,2024-03-22T07:00:00Z,None,-20,-20,-18,false,false
,Retail Sales m/m,CAD,2024-03-22T08:30:00Z,None,-0.4%,0.9%,-0.3%,false,false
,Core Retail Sales m/m,CAD,2024-03-22T08:30:00Z,None,-0.4%,0.6%,0.5%,false,false
,German Buba President Nagel Speaks,EUR,2024-03-22T09:00:00Z,None,,,,false,false
,FOMC Member Powell Speaks,USD,2024-03-22T09:00:00Z,High,,,,false,false
,Belgian NBB Business Climate,EUR,2024-03-22T09:55:00Z,None,-12.4,-12.8,-10.4,false,false
,FOMC Member Barr Speaks,USD,2024-03-22T12:15:00Z,None,,,,false,false
,FOMC Member Bostic Speaks,USD,2024-03-22T16:00:00Z,None,,,,false,false
,Monetary Policy Meeting Minutes,JPY,2024-03-24T19:50:00Z,None,,,,false,false
,CBI Realized Sales,GBP,2024-03-25T07:00:00Z,None,-13,-7,2,false,false
,FOMC Member Bostic Speaks,USD,2024-03-25T08:25:00Z,None,,,,false,false
,New Home Sales,USD,2024-03-25T10:00:00Z,None,675K,664K,662K,false,false
,MPC Member Mann Speaks,GBP,2024-03-25T10:15:00Z,None,,,,false,false
,FOMC Member Cook Speaks,USD,2024-03-25T10:30:00Z,None,,,,false,false
,Westpac Consumer Sentiment,AUD,2024-03-25T19:30:00Z,None,,6.2%,-1.8%,false,false
,SPPI y/y,JPY,2024-03-25T19:50:00Z,None,2.1%,2.1%,2.1%,false,false
,BOJ Core CPI y/y,JPY,2024-03-26T01:00:00Z,None,2.5%,2.6%,2.3%,false,false
,German GfK Consumer Climate,EUR,2024-03-26T03:00:00Z,None,-27.9,-28.8,-27.4,false,false
,German 10-y Bond Auction,EUR,2024-03-26T06:32:00Z,None,,2.31|2.3,2.30|2.3,false,false
,Gov Council Member Rogers Speaks,CAD,2024-03-26T08:00:00Z,None,,,,false,false
,Core Durable Goods Orders m/m,USD,2024-03-26T08:30:00Z,None,0.4%,-0.4%,0.5%,false,false
,Durable Goods Orders m/m,USD,2024-03-26T08:30:00Z,None,1.2%,-6.2%,1.4%,false,false
,S&P/CS Composite-20 HPI y/y,USD,2024-03-26T09:00:00Z,None,6.6%,6.2%,6.6%,false,false
,HPI m/m,USD,2024-03-26T09:00:00Z,None,0.2%,0.1%,-0.1%,false,false
,Richmond Manufacturing Index,USD,2024-03-26T09:59:00Z,None,-5,-5,-11,false,false
,CB Consumer Confidence,USD,2024-03-26T10:00:00Z,High,106.9,104.8,104.7,false,false
,API Weekly Statistical Bulletin,USD,2024-03-26T16:30:00Z,None,,,,false,false
,MI Leading Index m/m,AUD,2024-03-26T19:30:00Z,None,,-0.1%,0.1%,false,false
,CPI y/y,AUD,2024-03-26T20:30:00Z,High,3.5%,3.4%,3.4%,false,false
,Spanish Flash CPI y/y,EUR,2024-03-27T04:00:00Z,None,3.1%,2.8%,3.2%,false,false
,UBS Economic Expectations,CHF,2024-03-27T05:00:00Z,None,,10.2,11.5,false,false
,Italian 10-y Bond Auction,EUR,2024-03-27T06:17:00Z,None,,3.91|1.4,3.67|1.4,false,false
,FPC Meeting Minutes,GBP,2024-03-27T06:30:00Z,None,,,,false,false
,FPC Statement,GBP,2024-03-27T06:30:00Z,None,,,,false,false
,CB Leading Index m/m,CNY,2024-03-27T09:00:00Z,None,,0.1%,-0.1%,false,false
,SNB Quarterly Bulletin,CHF,2024-03-27T10:00:00Z,None,,,,false,false
,Crude Oil Inventories,USD,2024-03-27T10:30:00Z,None,-0.7M,-2.0M,3.2M,false,false
,Gov Board Member Schlegel Speaks,CHF,2024-03-27T13:40:00Z,None,,,,false,false
,FOMC Member Waller Speaks,USD,2024-03-27T18:00:00Z,High,,,,false,false
,BOJ Summary of Opinions,JPY,2024-03-27T19:50:00Z,None,,,,false,false
,MI Inflation Expectations,AUD,2024-03-27T20:00:00Z,None,,4.5%,4.3%,false,false
,ANZ Business Confidence,NZD,2024-03-27T20:00:00Z,None,,34.7,22.9,false,false
,Retail Sales m/m,AUD,2024-03-27T20:30:00Z,None,0.4%,1.1%,0.3%,false,false
,Private Sector Credit m/m,AUD,2024-03-27T20:30:00Z,None,0.4%,0.5%,0.5%,false,false
,Bank Holiday,NZD,2024-03-28T00:00:00Z,None,,,,true,false
,Bank Holiday,AUD,2024-03-28T00:00:00Z,None,,,,true,false
,German Retail Sales m/m,EUR,2024-03-28T03:00:00Z,None,0.4%,-0.3%,-1.9%,false,false
,Current Account,GBP,2024-03-28T03:00:00Z,None,-21.3B,-18.5B,-21.2B,false,false
,Final GDP q/q,GBP,2024-03-28T03:00:00Z,None,-0.3%,-0.3%,-0.3%,false,false
,Revised Business Investment q/q,GBP,2024-03-28T03:00:00Z,None,1.5%,1.5%,1.4%,false,false
,KOF Economic Barometer,CHF,2024-03-28T04:00:00Z,None,102.1,102.0,101.5,false,false
,German Unemployment Change,EUR,2024-03-28T04:55:00Z,None,10K,12K,4K,false,false
,M3 Money Supply y/y,EUR,2024-03-28T05:00:00Z,None,0.3%,0.1%,0.4%,false,false
,Private Loans y/y,EUR,2024-03-28T05:00:00Z,None,0.4%,0.3%,0.3%,false,false
,GDP m/m,CAD,2024-03-28T08:30:00Z,High,0.4%,-0.1%,0.6%,false,false
,Final GDP q/q,USD,2024-03-28T08:30:00Z,High,3.2%,3.2%,3.4%,false,false
,Unemployment Claims,USD,2024-03-28T08:30:00Z,High,212K,212K,210K,false,false
,Final GDP Price Index q/q,USD,2024-03-28T08:30:00Z,None,1.6%,1.6%,1.6%,false,false
,Chicago PMI,USD,2024-03-28T09:45:00Z,None,45.9,44.0,41.4,false,false
,Pending Home Sales m/m,USD,2024-03-28T10:00:00Z,High,1.4%,-4.7%,1.6%,false,false
,Revised UoM Consumer Sentiment,USD,2024-03-28T10:00:00Z,High,76.5,76.5,79.4,false,false
,Revised UoM Inflation Expectations,USD,2024-03-28T10:00:00Z,None,,3.0%,2.9%,false,false
,Natural Gas Storage,USD,2024-03-28T10:30:00Z,None,-26B,7B,-36B,false,false
,Unemployment Rate,JPY,2024-03-28T19:30:00Z,None,2.4%,2.4%,2.6%,false,false
,Tokyo Core CPI y/y,JPY,2024-03-28T19:30:00Z,None,2.4%,2.5%,2.4%,false,false
,Prelim Industrial Production m/m,JPY,2024-03-28T19:50:00Z,None,1.2%,-6.7%,-0.1%,false,false
,Retail Sales y/y,JPY,2024-03-28T19:50:00Z,None,2.8%,2.1%,4.6%,false,false
,Bank Holiday,CAD,2024-03-29T00:00:00Z,None,,,,true,false
,Bank Holiday,CHF,2024-03-29T00:00:00Z,None,,,,true,false
,German Bank Holiday,EUR,2024-03-29T00:00:00Z,None,,,,true,false
,Bank Holiday,GBP,2024-03-29T00:00:00Z,None,,,,true,false
,Housing Starts y/y,JPY,2024-03-29T01:00:00Z,None,-5.4%,-7.5%,-8.2%,false,false
,French Consumer Spending m/m,EUR,2024-03-29T03:45:00Z,None,0.3%,-0.6%,0.0%,false,false
,French Prelim CPI m/m,EUR,2024-03-29T03:45:00Z,None,0.5%,0.9%,0.2%,false,false
,Italian Prelim CPI m/m,EUR,2024-03-29T06:00:00Z,None,0.1%,0.1%,0.1%,false,false
,Personal Spending m/m,USD,2024-03-29T08:30:00Z,None,0.5%,0.2%,0.8%,false,false
,Personal Income m/m,USD,2024-03-29T08:30:00Z,None,0.4%,1.0%,0.3%,false,false
,Goods Trade Balance,USD,2024-03-29T08:30:00Z,None,-90.1B,-90.5B,-91.8B,false,false
,Core PCE Price Index m/m,USD,2024-03-29T08:30:00Z,High,0.3%,0.5%,0.3%,false,false
,Prelim Wholesale Inventories m/m,USD,2024-03-29T08:30:00Z,None,0.2%,-0.3%,0.5%,false,false
,FOMC Member Daly Speaks,USD,2024-03-29T11:20:00Z,None,,,,false,false
,FOMC Member Powell Speaks,USD,2024-03-29T11:30:00Z,High,,,,false,false
,Daylight Saving Time Shift,CHF,2024-03-30T21:00:00Z,None,,,,false,false
,Daylight Saving Time Shift,EUR,2024-03-30T21:00:00Z,None,,,,false,false
,Daylight Saving Time Shift,GBP,2024-03-30T21:00:00Z,None,,,,false,false
,Non-Manufacturing PMI,CNY,2024-03-30T21:30:00Z,None,51.3,51.4,53.0,false,false
,Manufacturing PMI,CNY,2024-03-30T21:30:00Z,High,50.1,49.1,50.8,false,false
,Bank Holiday,AUD,2024-03-31T00:00:00Z,None,,,,true,false
,Bank Holiday,NZD,2024-03-31T00:00:00Z,None,,,,true,false
,Tankan Manufacturing Index,JPY,2024-03-31T19:50:00Z,None,10,12,11,false,false
,Tankan Non-Manufacturing Index,JPY,2024-03-31T19:50:00Z,None,31,30,34,false,false
,Final Manufacturing PMI,JPY,2024-03-31T20:30:00Z,None,48.2,48.2,48.2,false,false
,RatingDog Manufacturing PMI,CNY,2024-03-31T21:45:00Z,None,51.0,50.9,51.1,false,false
,French Bank Holiday,EUR,2024-04-01T00:00:00Z,None,,,,true,false
,Bank Holiday,CHF,2024-04-01T00:00:00Z,None,,,,true,false
,German Bank Holiday,EUR,2024-04-01T00:00:00Z,None,,,,true,false
,Italian Bank Holiday,EUR,2024-04-01T00:00:00Z,None,,,,true,false
,Bank Holiday,GBP,2024-04-01T00:00:00Z,None,,,,true,false
,Manufacturing PMI,CAD,2024-04-01T09:30:00Z,None,,49.7,49.8,false,false
,Final Manufacturing PMI,USD,2024-04-01T09:45:00Z,None,52.5,52.5,51.9,false,false
,ISM Manufacturing PMI,USD,2024-04-01T10:00:00Z,High,48.5,47.8,50.3,false,false
,ISM Manufacturing Prices,USD,2024-04-01T10:00:00Z,None,53.3,52.5,55.8,false,false
,Construction Spending m/m,USD,2024-04-01T10:00:00Z,None,0.7%,-0.2%,-0.3%,false,false
,BOC Business Outlook Survey,CAD,2024-04-01T10:30:00Z,None,,,,false,false
,RBA Assist Gov Kent Speaks,AUD,2024-04-01T18:10:00Z,None,,,,false,false
,FOMC Member Cook Speaks,USD,2024-04-01T18:50:00Z,None,,,,false,false
,BRC Shop Price Index y/y,GBP,2024-04-01T19:01:00Z,None,,2.5%,1.3%,false,false
,Monetary Base y/y,JPY,2024-04-01T19:50:00Z,None,2.5%,2.4%,1.6%,false,false
,MI Inflation Gauge m/m,AUD,2024-04-01T20:00:00Z,None,,-0.1%,0.1%,false,false
,Monetary Policy Meeting Minutes,AUD,2024-04-01T20:30:00Z,None,,,,false,false
,ANZ Job Advertisements m/m,AUD,2024-04-01T20:30:00Z,None,,-2.1%,-1.0%,false,false
,10-y Bond Auction,JPY,2024-04-01T23:35:00Z,None,,0.72|3.2,0.75|3.8,false,false
,German Prelim CPI m/m,EUR,2024-04-02T00:00:00Z,High,0.5%,0.4%,0.4%,true,false
,Omdia Total Vehicle Sales,USD,2024-04-02T00:00:00Z,None,15.9M,15.8M,15.5M,true,false
,Nationwide HPI m/m,GBP,2024-04-02T02:00:00Z,None,0.4%,0.7%,-0.2%,false,false
,Commodity Prices y/y,AUD,2024-04-02T02:10:00Z,None,,-15.3%,-15.3%,false,false
,Retail Sales y/y,CHF,2024-04-02T02:30:00Z,None,0.4%,0.3%,-0.2%,false,false
,Spanish Unemployment Change,EUR,2024-04-02T03:00:00Z,None,10.0K,-7.5K,-33.4K,false,false
,Spanish Manufacturing PMI,EUR,2024-04-02T03:15:00Z,None,51.1,51.5,51.4,false,false
,Manufacturing PMI,CHF,2024-04-02T03:30:00Z,None,45.0,44.0,45.2,false,false
,Italian Manufacturing PMI,EUR,2024-04-02T03:45:00Z,None,48.9,48.7,50.4,false,false
,French Final Manufacturing PMI,EUR,2024-04-02T03:50:00Z,None,45.8,45.8,46.2,false,false
,German Final Manufacturing PMI,EUR,2024-04-02T03:55:00Z,None,41.6,41.6,41.9,false,false
,Final Manufacturing PMI,EUR,2024-04-02T04:00:00Z,None,45.7,45.7,46.1,false,false
,Net Lending to Individuals m/m,GBP,2024-04-02T04:30:00Z,None,1.2B,0.7B,2.9B,false,false
,M4 Money Supply m/m,GBP,2024-04-02T04:30:00Z,None,0.2%,-0.1%,0.5%,false,false
,Mortgage Approvals,GBP,2024-04-02T04:30:00Z,None,57K,56K,60K,false,false
,Final Manufacturing PMI,GBP,2024-04-02T04:30:00Z,None,49.9,49.9,50.3,false,false
,JOLTS Job Openings,USD,2024-04-02T10:00:00Z,High,8.76M,8.75M,8.76M,false,false
,Factory Orders m/m,USD,2024-04-02T10:00:00Z,None,1.1%,-3.8%,1.4%,false,false
,FOMC Member Bowman Speaks,USD,2024-04-02T10:10:00Z,None,,,,false,false
,GDT Price Index,NZD,2024-04-02T11:02:00Z,None,,-2.8%,2.8%,false,false
,FOMC Member Williams Speaks,USD,2024-04-02T12:00:00Z,None,,,,false,false
,FOMC Member Mester Speaks,USD,2024-04-02T12:05:00Z,None,,,,false,false
,FOMC Member Daly Speaks,USD,2024-04-02T13:30:00Z,None,,,,false,false
,API Weekly Statistical Bulletin,USD,2024-04-02T16:30:00Z,None,,,,false,false
,RatingDog Services PMI,CNY,2024-04-02T21:45:00Z,None,52.5,52.5,52.7,false,false
,Bank Holiday,CNY,2024-04-03T00:00:00Z,None,,,,true,false
,OPEC-JMMC Meetings,All,2024-04-03T00:00:00Z,None,,,,true,false
,French Gov Budget Balance,EUR,2024-04-03T02:45:00Z,None,,-25.7B,-44.0B,false,false
,Italian Monthly Unemployment Rate,EUR,2024-04-03T04:00:00Z,None,7.2%,7.3%,7.5%,false,false
,Core CPI Flash Estimate y/y,EUR,2024-04-03T05:00:00Z,None,3.0%,3.1%,2.9%,false,false
,CPI Flash Estimate y/y,EUR,2024-04-03T05:00:00Z,None,2.5%,2.6%,2.4%,false,false
,Unemployment Rate,EUR,2024-04-03T05:00:00Z,None,6.4%,6.5%,6.5%,false,false
,German 10-y Bond Auction,EUR,2024-04-03T05:33:00Z,None,,2.30|2.3,2.38|2.0,false,false
,ADP Non-Farm Employment Change,USD,2024-04-03T08:15:00Z,High,148K,155K,184K,false,false
,FOMC Member Bostic Speaks,USD,2024-04-03T08:30:00Z,None,,,,false,false
,Final Services PMI,USD,2024-04-03T09:45:00Z,None,51.7,51.7,51.7,false,false
,FOMC Member Bowman Speaks,USD,2024-04-03T09:45:00Z,None,,,,false,false
,ISM Services PMI,USD,2024-04-03T10:00:00Z,High,52.8,52.6,51.4,false,false
,Crude Oil Inventories,USD,2024-04-03T10:30:00Z,None,-0.3M,3.2M,3.2M,false,false
,FOMC Member Powell Speaks,USD,2024-04-03T12:10:00Z,High,,,,false,false
,FOMC Member Barr Speaks,USD,2024-04-03T13:10:00Z,None,,,,false,false
,FOMC Member Kugler Speaks,USD,2024-04-03T16:30:00Z,None,,,,false,false
,Building Consents m/m,NZD,2024-04-03T17:45:00Z,None,,-8.6%,14.9%,false,false
,RBA Assist Gov Jones Speaks,AUD,2024-04-03T19:50:00Z,None,,,,false,false
,ANZ Commodity Prices m/m,NZD,2024-04-03T20:00:00Z,None,,3.6%,-1.3%,false,false
,Building Approvals m/m,AUD,2024-04-03T20:30:00Z,None,3.0%,-2.5%,-1.9%,false,false
,Household Spending m/m,AUD,2024-04-03T21:30:00Z,None,,-14.2%,3.8%,false,false
,30-y Bond Auction,JPY,2024-04-03T23:35:00Z,None,,1.77|2.9,1.81|3.5,false,false
,Bank Holiday,CNY,2024-04-04T00:00:00Z,None,,,,true,false
,CPI m/m,CHF,2024-04-04T02:30:00Z,High,0.3%,0.6%,0.0%,false,false
,Spanish Services PMI,EUR,2024-04-04T03:15:00Z,None,55.5,54.7,56.1,false,false
,Italian Services PMI,EUR,2024-04-04T03:45:00Z,None,53.0,52.2,54.6,false,false
,French Final Services PMI,EUR,2024-04-04T03:50:00Z,None,47.8,47.8,48.3,false,false
,German Final Services PMI,EUR,2024-04-04T03:55:00Z,None,49.8,49.8,50.1,false,false
,Final Services PMI,EUR,2024-04-04T04:00:00Z,None,51.1,51.1,51.5,false,false
,Final Services PMI,GBP,2024-04-04T04:30:00Z,None,53.4,53.4,53.1,false,false
,Spanish 10-y Bond Auction,EUR,2024-04-04T04:42:00Z,None,,3.16|2.2,3.19|1.8,false,false
,PPI m/m,EUR,2024-04-04T05:00:00Z,None,-0.6%,-0.9%,-1.0%,false,false
,French 10-y Bond Auction,EUR,2024-04-04T05:02:00Z,None,,2.81|2.4,2.87|1.9,false,false
,10-y Bond Auction,GBP,2024-04-04T05:03:00Z,None,,3.93|3.6,4.01|3.3,false,false
,ECB Monetary Policy Meeting Accounts,EUR,2024-04-04T07:30:00Z,None,,,,false,false
,Challenger Job Cuts y/y,USD,2024-04-04T07:30:00Z,None,,8.8%,0.7%,false,false
,Trade Balance,CAD,2024-04-04T08:30:00Z,None,0.7B,0.6B,1.4B,false,false
,Unemployment Claims,USD,2024-04-04T08:30:00Z,High,213K,212K,221K,false,false
,Trade Balance,USD,2024-04-04T08:30:00Z,None,-66.9B,-67.6B,-68.9B,false,false
,Natural Gas Storage,USD,2024-04-04T10:30:00Z,None,-42B,-36B,-37B,false,false
,FOMC Member Barkin Speaks,USD,2024-04-04T12:15:00Z,None,,,,false,false
,FOMC Member Mester Speaks,USD,2024-04-04T14:00:00Z,None,,,,false,false
,FOMC Member Kugler Speaks,USD,2024-04-04T19:30:00Z,None,,,,false,false
,Household Spending y/y,JPY,2024-04-04T19:30:00Z,None,-2.8%,-6.3%,-0.5%,false,false
,Goods Trade Balance,AUD,2024-04-04T20:30:00Z,None,10.50B,10.06B,7.28B,false,false
,Leading Indicators,JPY,2024-04-05T01:00:00Z,None,111.6%,109.5%,111.8%,false,false
,German Factory Orders m/m,EUR,2024-04-05T02:00:00Z,None,0.6%,-11.4%,0.2%,false,false
,German Import Prices m/m,EUR,2024-04-05T02:00:00Z,None,-0.1%,0.0%,-0.2%,false,false
,Lloyds HPI m/m,GBP,2024-04-05T02:00:00Z,None,0.3%,0.3%,-1.0%,false,false
,French Industrial Production m/m,EUR,2024-04-05T02:45:00Z,None,0.5%,-0.9%,0.2%,false,false
,Foreign Currency Reserves,CHF,2024-04-05T03:00:00Z,None,,678B,715B,false,false
,SECO Consumer Climate,CHF,2024-04-05T03:00:00Z,None,-41,-42,-38,false,false
,Construction PMI,GBP,2024-04-05T04:30:00Z,None,49.8,49.7,50.2,false,false
,Housing Equity Withdrawal q/q,GBP,2024-04-05T04:30:00Z,None,-22.3B,-21.4B,-25.1B,false,false
,Retail Sales m/m,EUR,2024-04-05T05:00:00Z,None,-0.3%,0.0%,-0.5%,false,false
,Employment Change,CAD,2024-04-05T08:30:00Z,High,25.9K,40.7K,-2.2K,false,false
,Unemployment Rate,CAD,2024-04-05T08:30:00Z,High,5.9%,5.8%,6.1%,false,false
,Average Hourly Earnings m/m,USD,2024-04-05T08:30:00Z,High,0.3%,0.2%,0.3%,false,false
,Non-Farm Employment Change,USD,2024-04-05T08:30:00Z,High,212K,270K,303K,false,false
,Unemployment Rate,USD,2024-04-05T08:30:00Z,High,3.9%,3.9%,3.8%,false,false
,FOMC Member Barkin Speaks,USD,2024-04-05T09:15:00Z,None,,,,false,false
,Ivey PMI,CAD,2024-04-05T10:00:00Z,None,54.2,53.9,57.5,false,false
,FOMC Member Bowman Speaks,USD,2024-04-05T12:30:00Z,None,,,,false,false
,Consumer Credit m/m,USD,2024-04-05T15:00:00Z,None,16.2B,17.7B,14.1B,false,false
,Daylight Saving Time Shift,NZD,2024-04-06T10:00:00Z,None,,,,false,false
,Daylight Saving Time Shift,AUD,2024-04-06T12:00:00Z,None,,,,false,false
,Average Cash Earnings y/y,JPY,2024-04-07T19:30:00Z,None,1.8%,1.5%,1.8%,false,false
,Current Account,JPY,2024-04-07T19:50:00Z,None,1.99T,2.75T,1.37T,false,false
,Economy Watchers Sentiment,JPY,2024-04-08T01:00:00Z,None,51.6,51.3,49.8,false,false
,Unemployment Rate,CHF,2024-04-08T01:45:00Z,None,2.2%,2.2%,2.3%,false,false
,German Industrial Production m/m,EUR,2024-04-08T02:00:00Z,None,0.6%,1.3%,2.1%,false,false
,German Trade Balance,EUR,2024-04-08T02:00:00Z,None,25.1B,27.6B,21.4B,false,false
,Sentix Investor Confidence,EUR,2024-04-08T04:30:00Z,None,-8.3,-10.5,-5.9,false,false
,SNB Chairman Jordan Speaks,CHF,2024-04-08T11:15:00Z,None,,,,false,false
,MPC Member Breeden Speaks,GBP,2024-04-08T11:30:00Z,None,,,,false,false
,NZIER Business Confidence,NZD,2024-04-08T18:00:00Z,None,,-2,-25,false,false
,BRC Retail Sales Monitor y/y,GBP,2024-04-08T19:01:00Z,None,1.8%,1.0%,3.2%,false,false
,Westpac Consumer Sentiment,AUD,2024-04-08T20:30:00Z,None,,-1.8%,-2.4%,false,false
,NAB Business Confidence,AUD,2024-04-08T21:30:00Z,None,,0,1,false,false
,Consumer Confidence,JPY,2024-04-09T01:00:00Z,None,39.6,39.1,39.5,false,false
,Prelim Machine Tool Orders y/y,JPY,2024-04-09T01:58:00Z,None,,-8.0%,-3.8%,false,false
,French Trade Balance,EUR,2024-04-09T02:45:00Z,None,-7.0B,-7.2B,-5.2B,false,false
,NFIB Small Business Index,USD,2024-04-09T06:00:00Z,None,88.8,89.4,88.5,false,false
,RCM/TIPP Economic Optimism,USD,2024-04-09T10:06:00Z,None,44.2,43.5,43.2,false,false
,Gov Board Member Schlegel Speaks,CHF,2024-04-09T12:30:00Z,None,,,,false,false
,API Weekly Statistical Bulletin,USD,2024-04-09T16:30:00Z,None,,,,false,false
,Bank Lending y/y,JPY,2024-04-09T19:50:00Z,None,3.1%,3.0%,3.2%,false,false
,PPI y/y,JPY,2024-04-09T19:50:00Z,None,0.8%,0.7%,0.8%,false,false
,Official Cash Rate,NZD,2024-04-09T22:00:00Z,High,5.50%,5.50%,5.50%,false,false
,RBNZ Rate Statement,NZD,2024-04-09T22:00:00Z,High,,,,false,false
,Italian Retail Sales m/m,EUR,2024-04-10T04:00:00Z,None,0.2%,0.0%,0.1%,false,false
,Building Permits m/m,CAD,2024-04-10T08:30:00Z,None,-4.3%,12.9%,9.3%,false,false
,Core CPI m/m,USD,2024-04-10T08:30:00Z,High,0.3%,0.4%,0.4%,false,false
,Core CPI y/y,USD,2024-04-10T08:30:00Z,High,3.7%,3.8%,3.8%,false,false
,CPI m/m,USD,2024-04-10T08:30:00Z,High,0.3%,0.4%,0.4%,false,false
,CPI y/y,USD,2024-04-10T08:30:00Z,High,3.4%,3.2%,3.5%,false,false
,FOMC Member Bowman Speaks,USD,2024-04-10T08:45:00Z,None,,,,false,false
,BOC Monetary Policy Report,CAD,2024-04-10T09:45:00Z,High,,,,false,false
,BOC Rate Statement,CAD,2024-04-10T09:45:00Z,High,,,,false,false
,Overnight Rate,CAD,2024-04-10T09:45:00Z,High,5.00%,5.00%,5.00%,false,false
,Final Wholesale Inventories m/m,USD,2024-04-10T10:00:00Z,None,0.5%,0.5%,0.5%,false,false
,BOC Press Conference,CAD,2024-04-10T10:30:00Z,High,,,,false,false
,Crude Oil Inventories,USD,2024-04-10T10:30:00Z,None,0.9M,3.2M,5.8M,false,false
,FOMC Member Barkin Speaks,USD,2024-04-10T12:45:00Z,None,,,,false,false
,10-y Bond Auction,USD,2024-04-10T13:01:00Z,None,,4.17|2.5,4.56|2.3,false,false
,FOMC Meeting Minutes,USD,2024-04-10T14:00:00Z,High,,,,false,false
,Federal Budget Balance,USD,2024-04-10T14:00:00Z,None,-209.4B,-296.3B,-236.5B,false,false
,RICS House Price Balance,GBP,2024-04-10T19:01:00Z,None,-6%,-10%,-4%,false,false
,M2 Money Stock y/y,JPY,2024-04-10T19:50:00Z,None,2.4%,2.4%,2.5%,false,false
,MI Inflation Expectations,AUD,2024-04-10T21:00:00Z,None,,4.3%,4.6%,false,false
,CPI y/y,CNY,2024-04-10T21:30:00Z,None,0.4%,0.7%,0.1%,false,false
,PPI y/y,CNY,2024-04-10T21:30:00Z,None,-2.8%,-2.7%,-2.8%,false,false
,Eurogroup Meetings,EUR,2024-04-11T00:00:00Z,None,,,,true,false
,Italian Industrial Production m/m,EUR,2024-04-11T04:00:00Z,None,0.6%,-1.4%,0.1%,false,false
,BOE Credit Conditions Survey,GBP,2024-04-11T04:30:00Z,None,,,,false,false
,Main Refinancing Rate,EUR,2024-04-11T08:15:00Z,High,4.50%,4.50%,4.50%,false,false
,Monetary Policy Statement,EUR,2024-04-11T08:15:00Z,High,,,,false,false
,Core PPI m/m,USD,2024-04-11T08:30:00Z,High,0.2%,0.3%,0.2%,false,false
,PPI m/m,USD,2024-04-11T08:30:00Z,High,0.3%,0.6%,0.2%,false,false
,Unemployment Claims,USD,2024-04-11T08:30:00Z,High,216K,222k,211K,false,false
,ECB Press Conference,EUR,2024-04-11T08:45:00Z,High,,,,false,false
,FOMC Member Williams Speaks,USD,2024-04-11T08:45:00Z,None,,,,false,false
,FOMC Member Barkin Speaks,USD,2024-04-11T10:00:00Z,None,,,,false,false
,Natural Gas Storage,USD,2024-04-11T10:30:00Z,None,14B,-37B,24B,false,false
,MPC Member Greene Speaks,GBP,2024-04-11T12:50:00Z,None,,,,false,false
,30-y Bond Auction,USD,2024-04-11T13:01:00Z,High,,4.33|2.5,4.67|2.4,false,false
,FOMC Member Bostic Speaks,USD,2024-04-11T13:30:00Z,None,,,,false,false
,BusinessNZ Manufacturing Index,NZD,2024-04-11T18:30:00Z,None,,49.1,47.1,false,false
,FPI m/m,NZD,2024-04-11T18:45:00Z,None,,-0.6%,-0.5%,false,false
,ECOFIN Meetings,EUR,2024-04-12T00:00:00Z,None,,,,true,false
,Revised Industrial Production m/m,JPY,2024-04-12T00:30:00Z,None,-0.1%,-0.1%,-0.6%,false,false
,German Final CPI m/m,EUR,2024-04-12T02:00:00Z,None,0.4%,0.4%,0.4%,false,false
,GDP m/m,GBP,2024-04-12T02:00:00Z,High,0.1%,0.3%,0.1%,false,false
,Construction Output m/m,GBP,2024-04-12T02:00:00Z,None,-0.4%,1.1%,-1.9%,false,false
,Goods Trade Balance,GBP,2024-04-12T02:00:00Z,None,-14.5B,-14.1B,-14.2B,false,false
,Index of Services 3m/3m,GBP,2024-04-12T02:00:00Z,None,0.1%,0.0%,0.2%,false,false
,Industrial Production m/m,GBP,2024-04-12T02:00:00Z,None,0.0%,-0.3%,1.1%,false,false
,Manufacturing Production m/m,GBP,2024-04-12T02:00:00Z,None,0.1%,-0.2%,1.2%,false,false
,MPC Member Greene Speaks,GBP,2024-04-12T02:00:00Z,None,,,,false,false
,French Final CPI m/m,EUR,2024-04-12T02:45:00Z,None,0.2%,0.2%,0.2%,false,false
,Trade Balance,CNY,2024-04-12T03:12:00Z,None,508B,891B,416B,false,false
,USD-Denominated Trade Balance,CNY,2024-04-12T03:13:00Z,None,70.2B,125.2B,58.6B,false,false
,New Loans,CNY,2024-04-12T06:54:00Z,None,3700B,1450B,3090B,false,false
,M2 Money Supply y/y,CNY,2024-04-12T06:54:00Z,None,8.7%,8.7%,8.3%,false,false
,NIESR GDP Estimate,GBP,2024-04-12T07:02:00Z,None,,0.2%,0.4%,false,false
,Import Prices m/m,USD,2024-04-12T08:30:00Z,None,0.3%,0.3%,0.4%,false,false
,Prelim UoM Consumer Sentiment,USD,2024-04-12T10:00:00Z,High,79.0,79.4,77.9,false,false
,Prelim UoM Inflation Expectations,USD,2024-04-12T10:00:00Z,None,,2.9%,3.1%,false,false
,FOMC Member Bostic Speaks,USD,2024-04-12T14:30:00Z,None,,,,false,false
,FOMC Member Daly Speaks,USD,2024-04-12T15:30:00Z,None,,,,false,false
,G7 Meetings,All,2024-04-14T00:00:00Z,None,,,,true,false
,BusinessNZ Services Index,NZD,2024-04-14T18:30:00Z,None,,52.6,47.5,false,false
,Visitor Arrivals m/m,NZD,2024-04-14T18:45:00Z,None,,7.6%,0.9%,false,false
,Core Machinery Orders m/m,JPY,2024-04-14T19:50:00Z,None,0.8%,-1.7%,7.7%,false,false
,IMF Meetings,All,2024-04-15T00:00:00Z,None,,,,false,false
,PPI m/m,CHF,2024-04-15T02:30:00Z,None,0.2%,0.1%,0.1%,false,false
,Industrial Production m/m,EUR,2024-04-15T05:00:00Z,None,0.8%,-3.0%,0.8%,false,false
,MPC Member Breeden Speaks,GBP,2024-04-15T07:15:00Z,None,,,,false,false
,Manufacturing Sales m/m,CAD,2024-04-15T08:30:00Z,None,0.7%,0.0%,0.7%,false,false
,Wholesale Sales m/m,CAD,2024-04-15T08:30:00Z,None,0.8%,-0.2%,0.0%,false,false
,Core Retail Sales m/m,USD,2024-04-15T08:30:00Z,High,0.5%,0.6%,1.1%,false,false
,Empire State Manufacturing Index,USD,2024-04-15T08:30:00Z,High,-5.2,-20.9,-14.3,false,false
,Retail Sales m/m,USD,2024-04-15T08:30:00Z,High,0.4%,0.9%,0.7%,false,false
,FOMC Member Williams Speaks,USD,2024-04-15T08:30:00Z,None,,,,false,false
,Business Inventories m/m,USD,2024-04-15T10:00:00Z,None,0.3%,0.0%,0.4%,false,false
,NAHB Housing Market Index,USD,2024-04-15T10:00:00Z,None,51,51,51,false,false
,FOMC Member Daly Speaks,USD,2024-04-15T20:00:00Z,None,,,,false,false
,New Home Prices m/m,CNY,2024-04-15T21:30:00Z,None,,-0.36%,-0.34%,false,false
,Industrial Production y/y,CNY,2024-04-15T22:00:00Z,High,6.0%,7.0%,4.5%,false,false
,GDP q/y,CNY,2024-04-15T22:00:00Z,None,4.8%,5.2%,5.3%,false,false
,Retail Sales y/y,CNY,2024-04-15T22:00:00Z,None,5.1%,5.5%,3.1%,false,false
,Fixed Asset Investment ytd/y,CNY,2024-04-15T22:00:00Z,None,4.0%,4.2%,4.5%,false,false
,NBS Press Conference,CNY,2024-04-15T22:00:00Z,None,,,,false,false
,Unemployment Rate,CNY,2024-04-15T22:00:00Z,None,5.2%,5.3%,5.2%,false,false
,IMF Meetings,All,2024-04-16T00:00:00Z,None,,,,false,false
,German WPI m/m,EUR,2024-04-16T02:00:00Z,None,0.1%,-0.1%,0.2%,false,false
,Claimant Count Change,GBP,2024-04-16T02:00:00Z,High,17.2K,4.1K,10.9K,false,false
,Average Earnings Index 3m/y,GBP,2024-04-16T02:00:00Z,None,5.5%,5.6%,5.6%,false,false
,Unemployment Rate,GBP,2024-04-16T02:00:00Z,None,4.0%,3.9%,4.2%,false,false
,Italian Trade Balance,EUR,2024-04-16T05:00:00Z,None,3.44B,2.50B,6.03B,false,false
,Trade Balance,EUR,2024-04-16T05:00:00Z,None,27.3B,27.1B,17.9B,false,false
,German ZEW Economic Sentiment,EUR,2024-04-16T05:00:00Z,None,35.9,31.7,42.9,false,false
,ZEW Economic Sentiment,EUR,2024-04-16T05:00:00Z,None,37.8,33.5,43.9,false,false
,Housing Starts,CAD,2024-04-16T08:15:00Z,None,244K,260K,242K,false,false
,CPI m/m,CAD,2024-04-16T08:30:00Z,High,0.7%,0.3%,0.6%,false,false
,Median CPI y/y,CAD,2024-04-16T08:30:00Z,High,3.0%,3.0%,2.8%,false,false
,Trimmed CPI y/y,CAD,2024-04-16T08:30:00Z,High,3.2%,3.2%,3.1%,false,false
,Common CPI y/y,CAD,2024-04-16T08:30:00Z,None,3.1%,3.1%,2.9%,false,false
,Core CPI m/m,CAD,2024-04-16T08:30:00Z,None,,0.1%,0.5%,false,false
,Building Permits,USD,2024-04-16T08:30:00Z,None,1.51M,1.52M,1.46M,false,false
,Housing Starts,USD,2024-04-16T08:30:00Z,None,1.48M,1.55M,1.32M,false,false
,FOMC Member Jefferson Speaks,USD,2024-04-16T09:00:00Z,None,,,,false,false
,Industrial Production m/m,USD,2024-04-16T09:15:00Z,None,0.4%,0.4%,0.4%,false,false
,Capacity Utilization Rate,USD,2024-04-16T09:15:00Z,None,78.5%,78.2%,78.4%,false,false
,CB Leading Index m/m,GBP,2024-04-16T09:30:00Z,None,,0.0%,-0.3%,false,false
,GDT Price Index,NZD,2024-04-16T10:17:00Z,None,,2.8%,0.1%,false,false
,CB Leading Index m/m,AUD,2024-04-16T10:30:00Z,None,,0.3%,-0.3%,false,false
,German Buba President Nagel Speaks,EUR,2024-04-16T10:30:00Z,None,,,,false,false
,FOMC Member Williams Speaks,USD,2024-04-16T12:30:00Z,None,,,,false,false
,BOE Gov Bailey Speaks,GBP,2024-04-16T13:00:00Z,High,,,,false,false
,FOMC Member Barkin Speaks,USD,2024-04-16T13:00:00Z,None,,,,false,false
,BOC Gov Macklem Speaks,CAD,2024-04-16T13:15:00Z,High,,,,false,false
,FOMC Member Powell Speaks,USD,2024-04-16T13:15:00Z,High,,,,false,false
,Annual Budget Release,CAD,2024-04-16T16:00:00Z,None,,,,false,false
,API Weekly Statistical Bulletin,USD,2024-04-16T16:30:00Z,None,,,,false,false
,CPI q/q,NZD,2024-04-16T18:45:00Z,High,0.6%,0.5%,0.6%,false,false
,Trade Balance,JPY,2024-04-16T19:50:00Z,None,-0.30T,-0.57T,-0.70T,false,false
,MI Leading Index m/m,AUD,2024-04-16T20:30:00Z,None,,0.1%,-0.1%,false,false
,IMF Meetings,All,2024-04-17T00:00:00Z,None,,,,false,false
,CPI y/y,GBP,2024-04-17T02:00:00Z,High,3.1%,3.4%,3.2%,false,false
,Core CPI y/y,GBP,2024-04-17T02:00:00Z,None,4.1%,4.5%,4.2%,false,false
,PPI Input m/m,GBP,2024-04-17T02:00:00Z,None,0.1%,0.3%,-0.1%,false,false
,PPI Output m/m,GBP,2024-04-17T02:00:00Z,None,0.2%,0.3%,0.2%,false,false
,RPI y/y,GBP,2024-04-17T02:00:00Z,None,4.2%,4.5%,4.3%,false,false
,HPI y/y,GBP,2024-04-17T04:30:00Z,None,0.2%,-1.3%,-0.2%,false,false
,Final Core CPI y/y,EUR,2024-04-17T05:00:00Z,None,2.9%,2.9%,2.9%,false,false
,Final CPI y/y,EUR,2024-04-17T05:00:00Z,None,2.4%,2.4%,2.4%,false,false
,German 30-y Bond Auction,EUR,2024-04-17T05:37:00Z,None,,2.52|3.4,2.62|3.2,false,false
,MPC Member Greene Speaks,GBP,2024-04-17T08:05:00Z,None,,,,false,false
,Foreign Securities Purchases,CAD,2024-04-17T08:30:00Z,None,10.10B,8.88B,-8.78B,false,false
,Crude Oil Inventories,USD,2024-04-17T10:30:00Z,None,1.6M,5.8M,2.7M,false,false
,BOE Gov Bailey Speaks,GBP,2024-04-17T12:00:00Z,High,,,,false,false
,ECB President Lagarde Speaks,EUR,2024-04-17T14:00:00Z,None,,,,false,false
,MPC Member Haskel Speaks,GBP,2024-04-17T14:00:00Z,None,,,,false,false
,Beige Book,USD,2024-04-17T14:00:00Z,None,,,,false,false
,TIC Long-Term Purchases,USD,2024-04-17T16:00:00Z,None,40.2B,14.0B,71.5B,false,false
,FOMC Member Mester Speaks,USD,2024-04-17T17:30:00Z,None,,,,false,false
,FOMC Member Bowman Speaks,USD,2024-04-17T18:30:00Z,None,,,,false,false
,Employment Change,AUD,2024-04-17T21:30:00Z,High,7.2K,117.6K,-6.6K,false,false
,Unemployment Rate,AUD,2024-04-17T21:30:00Z,High,3.9%,3.7%,3.8%,false,false
,NAB Quarterly Business Confidence,AUD,2024-04-17T21:30:00Z,None,,-6,-2,false,false
,RBA Bulletin,AUD,2024-04-17T21:30:00Z,None,,,,false,false
,IMF Meetings,All,2024-04-18T00:00:00Z,None,,,,false,false
,Tertiary Industry Activity m/m,JPY,2024-04-18T00:30:00Z,None,0.4%,-0.5%,1.5%,false,false
,Trade Balance,CHF,2024-04-18T02:00:00Z,None,3.22B,3.68B,3.54B,false,false
,Current Account,EUR,2024-04-18T04:00:00Z,None,45.2B,39.3B,29.5B,false,false
,Spanish 10-y Bond Auction,EUR,2024-04-18T04:45:00Z,None,,3.19|1.8,3.25|1.8,false,false
,German Buba Monthly Report,EUR,2024-04-18T06:00:00Z,None,,,,false,false
,German Buba President Nagel Speaks,EUR,2024-04-18T08:00:00Z,None,,,,false,false
,Unemployment Claims,USD,2024-04-18T08:30:00Z,High,215K,212K,212K,false,false
,Philly Fed Manufacturing Index,USD,2024-04-18T08:30:00Z,None,1.5,3.2,15.5,false,false
,FOMC Member Bowman Speaks,USD,2024-04-18T09:05:00Z,None,,,,false,false
,FOMC Member Bowman Speaks,USD,2024-04-18T09:15:00Z,None,,,,false,false
,FOMC Member Williams Speaks,USD,2024-04-18T09:15:00Z,None,,,,false,false
,Existing Home Sales,USD,2024-04-18T10:00:00Z,None,4.20M,4.38M,4.19M,false,false
,CB Leading Index m/m,USD,2024-04-18T10:00:00Z,None,-0.1%,0.2%,-0.3%,false,false
,Natural Gas Storage,USD,2024-04-18T10:30:00Z,None,54B,24B,50B,false,false
,FOMC Member Bostic Speaks,USD,2024-04-18T11:00:00Z,None,,,,false,false
,Gov Board Member Martin Speaks,CHF,2024-04-18T12:00:00Z,None,,,,false,false
,FOMC Member Bostic Speaks,USD,2024-04-18T17:45:00Z,None,,,,false,false
,National Core CPI y/y,JPY,2024-04-18T19:30:00Z,None,2.7%,2.8%,2.6%,false,false
,IMF Meetings,All,2024-04-19T00:00:00Z,None,,,,false,false
,German PPI m/m,EUR,2024-04-19T02:00:00Z,None,0.0%,-0.4%,0.2%,false,false
,Retail Sales m/m,GBP,2024-04-19T02:00:00Z,High,0.3%,0.1%,0.0%,false,false
,Foreign Direct Investment ytd/y,CNY,2024-04-19T05:10:00Z,None,,-19.9%,-26.1%,false,false
,MPC Member Breeden Speaks,GBP,2024-04-19T10:15:00Z,None,,,,false,false
,MPC Member Ramsden Speaks,GBP,2024-04-19T10:15:00Z,None,,,,false,false
,MPC Member Mann Speaks,GBP,2024-04-19T12:30:00Z,None,,,,false,false
,German Buba President Nagel Speaks,EUR,2024-04-19T15:00:00Z,None,,,,false,false
,FOMC Financial Stability Report,USD,2024-04-19T16:00:00Z,None,,,,false,false
,IMF Meetings,All,2024-04-20T00:00:00Z,None,,,,false,false
,Rightmove HPI m/m,GBP,2024-04-21T19:01:00Z,None,,1.5%,1.1%,false,false
,1-y Loan Prime Rate,CNY,2024-04-21T21:15:00Z,None,3.45%,3.45%,3.45%,false,false
,5-y Loan Prime Rate,CNY,2024-04-21T21:15:00Z,None,3.95%,3.95%,3.95%,false,false
,Credit Card Spending y/y,NZD,2024-04-21T23:00:00Z,None,,2.1%,1.4%,false,false
,IPPI m/m,CAD,2024-04-22T08:30:00Z,None,0.8%,1.1%,0.8%,false,false
,NHPI m/m,CAD,2024-04-22T08:30:00Z,None,0.1%,0.1%,0.0%,false,false
,RMPI m/m,CAD,2024-04-22T08:30:00Z,None,2.9%,2.1%,4.7%,false,false
,Consumer Confidence,EUR,2024-04-22T10:00:00Z,None,-14,-15,-15,false,false
,ECB President Lagarde Speaks,EUR,2024-04-22T11:30:00Z,None,,,,false,false
,Flash Manufacturing PMI,AUD,2024-04-22T19:00:00Z,None,,47.3,49.9,false,false
,Flash Services PMI,AUD,2024-04-22T19:00:00Z,None,,54.4,54.2,false,false
,Flash Manufacturing PMI,JPY,2024-04-22T20:30:00Z,None,48.0,48.2,49.9,false,false
,BOJ Core CPI y/y,JPY,2024-04-23T01:00:00Z,None,2.3%,2.3%,2.2%,false,false
,Public Sector Net Borrowing,GBP,2024-04-23T02:00:00Z,None,8.9B,8.6B,11.0B,false,false
,French Flash Manufacturing PMI,EUR,2024-04-23T03:15:00Z,High,46.9,46.2,44.9,false,false
,French Flash Services PMI,EUR,2024-04-23T03:15:00Z,High,48.9,48.3,50.5,false,false
,German Flash Manufacturing PMI,EUR,2024-04-23T03:30:00Z,High,42.8,41.9,42.2,false,false
,German Flash Services PMI,EUR,2024-04-23T03:30:00Z,High,50.6,50.1,53.3,false,false
,Flash Manufacturing PMI,EUR,2024-04-23T04:00:00Z,None,46.5,46.1,45.6,false,false
,Flash Services PMI,EUR,2024-04-23T04:00:00Z,None,51.8,51.5,52.9,false,false
,MPC Member Haskel Speaks,GBP,2024-04-23T04:00:00Z,None,,,,false,false
,Flash Manufacturing PMI,GBP,2024-04-23T04:30:00Z,High,50.3,50.3,48.7,false,false
,Flash Services PMI,GBP,2024-04-23T04:30:00Z,High,53.0,53.1,54.9,false,false
,MPC Member Pill Speaks,GBP,2024-04-23T07:15:00Z,None,,,,false,false
,German Buba President Nagel Speaks,EUR,2024-04-23T08:30:00Z,None,,,,false,false
,Flash Manufacturing PMI,USD,2024-04-23T09:45:00Z,High,52.0,51.9,49.9,false,false
,Flash Services PMI,USD,2024-04-23T09:45:00Z,High,52.0,51.7,50.9,false,false
,Richmond Manufacturing Index,USD,2024-04-23T09:59:00Z,None,-7,-11,-7,false,false
,New Home Sales,USD,2024-04-23T10:00:00Z,None,668K,637K,693K,false,false
,API Weekly Statistical Bulletin,USD,2024-04-23T16:30:00Z,None,,,,false,false
,Trade Balance,NZD,2024-04-23T18:45:00Z,None,-505M,-315M,588M,false,false
,SPPI y/y,JPY,2024-04-23T19:50:00Z,None,2.1%,2.2%,2.3%,false,false
,CPI m/m,AUD,2024-04-23T21:30:00Z,High,0.8%,0.6%,1.0%,false,false
,CPI y/y,AUD,2024-04-23T21:30:00Z,High,3.4%,3.4%,3.5%,false,false
,Trimmed Mean CPI m/m,AUD,2024-04-23T21:30:00Z,High,0.8%,0.8%,1.0%,false,false
,Bank Holiday,NZD,2024-04-24T00:00:00Z,None,,,,true,false
,Bank Holiday,AUD,2024-04-24T00:00:00Z,None,,,,true,false
,German Buba President Nagel Speaks,EUR,2024-04-24T03:00:00Z,None,,,,false,false
,UBS Economic Expectations,CHF,2024-04-24T04:00:00Z,None,,11.5,17.6,false,false
,German ifo Business Climate,EUR,2024-04-24T04:00:00Z,None,88.9,87.9,89.4,false,false
,German 10-y Bond Auction,EUR,2024-04-24T05:33:00Z,None,,2.38|2.0,2.54|2.5,false,false
,CBI Industrial Order Expectations,GBP,2024-04-24T06:00:00Z,None,-16,-18,-23,false,false
,Core Retail Sales m/m,CAD,2024-04-24T08:30:00Z,None,0.0%,0.4%,-0.3%,false,false
,Retail Sales m/m,CAD,2024-04-24T08:30:00Z,None,0.1%,-0.3%,-0.1%,false,false
,Core Durable Goods Orders m/m,USD,2024-04-24T08:30:00Z,None,0.3%,0.3%,0.2%,false,false
,Durable Goods Orders m/m,USD,2024-04-24T08:30:00Z,None,2.5%,1.3%,2.6%,false,false
,Belgian NBB Business Climate,EUR,2024-04-24T08:55:00Z,None,-9.6,-10.4,-11.9,false,false
,CB Leading Index m/m,CNY,2024-04-24T09:00:00Z,None,,-0.3%,-0.2%,false,false
,Crude Oil Inventories,USD,2024-04-24T10:30:00Z,None,1.6M,2.7M,-6.4M,false,false
,BOC Summary of Deliberations,CAD,2024-04-24T13:30:00Z,None,,,,false,false
,Italian Bank Holiday,EUR,2024-04-25T00:00:00Z,None,,,,true,false
,German GfK Consumer Climate,EUR,2024-04-25T02:00:00Z,None,-25.9,-27.3,-24.2,false,false
,ECB Economic Bulletin,EUR,2024-04-25T04:00:00Z,None,,,,false,false
,CBI Realized Sales,GBP,2024-04-25T06:00:00Z,None,-2,2,-44,false,false
,Advance GDP q/q,USD,2024-04-25T08:30:00Z,High,2.5%,3.4%,1.6%,false,false
,Unemployment Claims,USD,2024-04-25T08:30:00Z,High,214K,212K,207K,false,false
,Advance GDP Price Index q/q,USD,2024-04-25T08:30:00Z,None,3.0%,1.6%,3.1%,false,false
,Goods Trade Balance,USD,2024-04-25T08:30:00Z,None,-91.1B,-90.3B,-91.8B,false,false
,Prelim Wholesale Inventories m/m,USD,2024-04-25T08:30:00Z,None,0.2%,0.4%,-0.4%,false,false
,Pending Home Sales m/m,USD,2024-04-25T10:00:00Z,High,0.3%,1.6%,3.4%,false,false
,Natural Gas Storage,USD,2024-04-25T10:30:00Z,None,87B,50B,92B,false,false
,German Buba President Nagel Speaks,EUR,2024-04-25T11:15:00Z,None,,,,false,false
,GfK Consumer Confidence,GBP,2024-04-25T19:01:00Z,None,-20,-21,-19,false,false
,Tokyo Core CPI y/y,JPY,2024-04-25T19:30:00Z,None,2.2%,2.4%,1.6%,false,false
,Import Prices q/q,AUD,2024-04-25T21:30:00Z,None,0.1%,1.1%,-1.8%,false,false
,PPI q/q,AUD,2024-04-25T21:30:00Z,None,0.9%,0.9%,0.9%,false,false
,BOJ Outlook Report,JPY,2024-04-25T23:22:00Z,High,,,,false,false
,BOJ Policy Rate,JPY,2024-04-25T23:22:00Z,High,<0.10%,<0.10%,<0.10%,false,false
,Monetary Policy Statement,JPY,2024-04-25T23:22:00Z,High,,,,false,false
,BOJ Press Conference,JPY,2024-04-26T02:30:00Z,High,,,,false,false
,Spanish Unemployment Rate,EUR,2024-04-26T03:00:00Z,None,11.8%,11.8%,12.3%,false,false
,SNB Chairman Jordan Speaks,CHF,2024-04-26T04:00:00Z,None,,,,false,false
,M3 Money Supply y/y,EUR,2024-04-26T04:00:00Z,None,0.5%,0.4%,0.9%,false,false
,Private Loans y/y,EUR,2024-04-26T04:00:00Z,None,0.3%,0.3%,0.2%,false,false
,Core PCE Price Index m/m,USD,2024-04-26T08:30:00Z,High,0.3%,0.3%,0.3%,false,false
,Personal Income m/m,USD,2024-04-26T08:30:00Z,None,0.5%,0.3%,0.5%,false,false
,Personal Spending m/m,USD,2024-04-26T08:30:00Z,None,0.6%,0.8%,0.8%,false,false
,Revised UoM Consumer Sentiment,USD,2024-04-26T10:00:00Z,High,77.9,77.9,77.2,false,false
,Revised UoM Inflation Expectations,USD,2024-04-26T10:00:00Z,None,,3.1%,3.2%,false,false
,Bank Holiday,JPY,2024-04-28T00:00:00Z,None,,,,true,false
,German Prelim CPI m/m,EUR,2024-04-29T00:00:00Z,High,0.6%,0.4%,0.5%,true,false
,Spanish Flash CPI y/y,EUR,2024-04-29T03:00:00Z,None,3.4%,3.2%,3.3%,false,false
,Italian 10-y Bond Auction,EUR,2024-04-29T05:13:00Z,None,,3.67|1.4,3.86|1.3,false,false
,BRC Shop Price Index y/y,GBP,2024-04-29T19:01:00Z,None,,1.3%,0.8%,false,false
,Unemployment Rate,JPY,2024-04-29T19:30:00Z,None,2.5%,2.6%,2.6%,false,false
,Prelim Industrial Production m/m,JPY,2024-04-29T19:50:00Z,None,3.4%,-0.6%,3.8%,false,false
,Retail Sales y/y,JPY,2024-04-29T19:50:00Z,None,2.5%,4.7%,1.2%,false,false
,ANZ Business Confidence,NZD,2024-04-29T21:00:00Z,None,,22.9,14.9,false,false
,Retail Sales m/m,AUD,2024-04-29T21:30:00Z,None,0.2%,0.2%,-0.4%,false,false
,Private Sector Credit m/m,AUD,2024-04-29T21:30:00Z,None,0.4%,0.5%,0.3%,false,false
,Manufacturing PMI,CNY,2024-04-29T21:30:00Z,High,50.3,50.8,50.4,false,false
,Non-Manufacturing PMI,CNY,2024-04-29T21:30:00Z,None,52.3,53.0,51.2,false,false
,RatingDog Manufacturing PMI,CNY,2024-04-29T21:45:00Z,None,51.0,51.1,51.4,false,false
,Bank Holiday,CNY,2024-04-30T00:00:00Z,None,,,,true,false
,Housing Starts y/y,JPY,2024-04-30T01:00:00Z,None,-7.6%,-8.2%,-12.8%,false,false
,French Consumer Spending m/m,EUR,2024-04-30T01:30:00Z,None,0.2%,0.1%,0.4%,false,false
,French Flash GDP q/q,EUR,2024-04-30T01:30:00Z,None,0.1%,0.1%,0.2%,false,false
,German Import Prices m/m,EUR,2024-04-30T02:00:00Z,None,0.1%,-0.2%,0.4%,false,false
,German Retail Sales m/m,EUR,2024-04-30T02:00:00Z,None,1.3%,-1.9%,1.8%,false,false
,French Prelim CPI m/m,EUR,2024-04-30T02:45:00Z,None,0.5%,0.2%,0.5%,false,false
,KOF Economic Barometer,CHF,2024-04-30T03:00:00Z,None,102.1,100.4,101.8,false,false
,Spanish Flash GDP q/q,EUR,2024-04-30T03:00:00Z,None,0.4%,0.7%,0.7%,false,false
,German Unemployment Change,EUR,2024-04-30T03:55:00Z,None,7K,6K,10K,false,false
,Italian Prelim GDP q/q,EUR,2024-04-30T04:00:00Z,None,0.1%,0.1%,0.3%,false,false
,German Prelim GDP q/q,EUR,2024-04-30T04:00:00Z,None,0.1%,-0.5%,0.2%,false,false
,M4 Money Supply m/m,GBP,2024-04-30T04:30:00Z,None,0.4%,0.6%,0.7%,false,false
,Mortgage Approvals,GBP,2024-04-30T04:30:00Z,None,61K,60K,61K,false,false
,Net Lending to Individuals m/m,GBP,2024-04-30T04:30:00Z,None,1.7B,3.1B,1.8B,false,false
,CPI Flash Estimate y/y,EUR,2024-04-30T05:00:00Z,None,2.4%,2.4%,2.4%,false,false
,Core CPI Flash Estimate y/y,EUR,2024-04-30T05:00:00Z,None,2.6%,2.9%,2.7%,false,false
,Italian Prelim CPI m/m,EUR,2024-04-30T05:00:00Z,None,0.3%,0.0%,0.2%,false,false
,Prelim Flash GDP q/q,EUR,2024-04-30T05:00:00Z,None,0.1%,0.0%,0.3%,false,false
,GDP m/m,CAD,2024-04-30T08:30:00Z,High,0.3%,0.5%,0.2%,false,false
,Employment Cost Index q/q,USD,2024-04-30T08:30:00Z,High,1.0%,0.9%,1.2%,false,false
,S&P/CS Composite-20 HPI y/y,USD,2024-04-30T09:00:00Z,None,6.7%,6.6%,7.3%,false,false
,HPI m/m,USD,2024-04-30T09:00:00Z,None,0.1%,-0.1%,1.2%,false,false
,Chicago PMI,USD,2024-04-30T09:45:00Z,None,44.9,41.4,37.9,false,false
,CB Consumer Confidence,USD,2024-04-30T10:00:00Z,High,104.0,103.1,97.0,false,false
,API Weekly Statistical Bulletin,USD,2024-04-30T16:30:00Z,None,,,,false,false
,RBNZ Financial Stability Report,NZD,2024-04-30T17:00:00Z,None,,,,false,false
,Employment Change q/q,NZD,2024-04-30T18:45:00Z,High,0.3%,0.4%,-0.2%,false,false
,Unemployment Rate,NZD,2024-04-30T18:45:00Z,High,4.3%,4.0%,4.3%,false,false
,Labor Cost Index q/q,NZD,2024-04-30T18:45:00Z,None,0.8%,1.0%,0.8%,false,false
,Final Manufacturing PMI,JPY,2024-04-30T20:30:00Z,None,49.9,49.9,49.6,false,false
,RBNZ Gov Orr Speaks,NZD,2024-04-30T21:00:00Z,None,,,,false,false
,Bank Holiday,CHF,2024-05-01T00:00:00Z,None,,,,true,false
,French Bank Holiday,EUR,2024-05-01T00:00:00Z,None,,,,true,false
,German Bank Holiday,EUR,2024-05-01T00:00:00Z,None,,,,true,false
,Italian Bank Holiday,EUR,2024-05-01T00:00:00Z,None,,,,true,false
,Omdia Total Vehicle Sales,USD,2024-05-01T00:00:00Z,None,15.7M,15.5M,15.7M,true,false
,Bank Holiday,CNY,2024-05-01T00:00:00Z,None,,,,true,false
,Nationwide HPI m/m,GBP,2024-05-01T02:00:00Z,None,0.1%,-0.2%,-0.4%,false,false
,Commodity Prices y/y,AUD,2024-05-01T02:30:00Z,None,,-14.9%,-11.6%,false,false
,Final Manufacturing PMI,GBP,2024-05-01T04:30:00Z,None,48.7,48.7,49.1,false,false
,10-y Bond Auction,GBP,2024-05-01T05:03:00Z,None,,4.01|3.3,4.37|3.1,false,false
,ADP Non-Farm Employment Change,USD,2024-05-01T08:15:00Z,High,179K,208K,192K,false,false
,Manufacturing PMI,CAD,2024-05-01T09:30:00Z,None,,49.8,49.4,false,false
,Final Manufacturing PMI,USD,2024-05-01T09:45:00Z,High,49.9,49.9,50.0,false,false
,ISM Manufacturing PMI,USD,2024-05-01T10:00:00Z,High,50.0,50.3,49.2,false,false
,JOLTS Job Openings,USD,2024-05-01T10:00:00Z,High,8.68M,8.81M,8.49M,false,false
,ISM Manufacturing Prices,USD,2024-05-01T10:00:00Z,None,55.5,55.8,60.9,false,false
,Construction Spending m/m,USD,2024-05-01T10:00:00Z,None,0.3%,0.0%,-0.2%,false,false
,Crude Oil Inventories,USD,2024-05-01T10:30:00Z,None,-2.3M,-6.4M,7.3M,false,false
,Federal Funds Rate,USD,2024-05-01T14:00:00Z,High,5.50%,5.50%,5.50%,false,false
,FOMC Statement,USD,2024-05-01T14:00:00Z,High,,,,false,false
,FOMC Press Conference,USD,2024-05-01T14:30:00Z,High,,,,false,false
,BOC Gov Macklem Speaks,CAD,2024-05-01T16:15:00Z,High,,,,false,false
,Building Consents m/m,NZD,2024-05-01T18:45:00Z,None,,15.9%,-0.2%,false,false
,Monetary Base y/y,JPY,2024-05-01T19:50:00Z,None,1.7%,1.6%,2.1%,false,false
,Monetary Policy Meeting Minutes,JPY,2024-05-01T19:50:00Z,None,,,,false,false
,Building Approvals m/m,AUD,2024-05-01T21:30:00Z,None,3.5%,-0.9%,1.9%,false,false
,Goods Trade Balance,AUD,2024-05-01T21:30:00Z,None,7.19B,6.59B,5.02B,false,false
,Bank Holiday,JPY,2024-05-02T00:00:00Z,None,,,,true,false
,Bank Holiday,CNY,2024-05-02T00:00:00Z,None,,,,true,false
,Consumer Confidence,JPY,2024-05-02T00:59:00Z,None,39.7,39.5,38.3,false,false
,Retail Sales y/y,CHF,2024-05-02T02:30:00Z,None,0.2%,0.2%,-0.1%,false,false
,CPI m/m,CHF,2024-05-02T02:30:00Z,High,0.1%,0.0%,0.3%,false,false
,Spanish Manufacturing PMI,EUR,2024-05-02T03:15:00Z,None,51.3,51.4,52.2,false,false
,Manufacturing PMI,CHF,2024-05-02T03:30:00Z,None,45.5,45.2,41.4,false,false
,Italian Manufacturing PMI,EUR,2024-05-02T03:45:00Z,None,50.3,50.4,47.3,false,false
,French Final Manufacturing PMI,EUR,2024-05-02T03:50:00Z,None,44.9,44.9,45.3,false,false
,German Final Manufacturing PMI,EUR,2024-05-02T03:55:00Z,None,42.2,42.2,42.5,false,false
,Final Manufacturing PMI,EUR,2024-05-02T04:00:00Z,None,45.6,45.6,45.7,false,false
,French 10-y Bond Auction,EUR,2024-05-02T04:58:00Z,None,,2.87|1.9,3.03|2.2,false,false
,Challenger Job Cuts y/y,USD,2024-05-02T07:30:00Z,None,,0.7%,-3.3%,false,false
,Trade Balance,CAD,2024-05-02T08:30:00Z,None,1.1B,0.5B,-2.3B,false,false
,Unemployment Claims,USD,2024-05-02T08:30:00Z,High,212K,208K,208K,false,false
,Prelim Nonfarm Productivity q/q,USD,2024-05-02T08:30:00Z,None,0.8%,3.5%,0.3%,false,false
,Prelim Unit Labor Costs q/q,USD,2024-05-02T08:30:00Z,None,3.6%,0.4%,4.7%,false,false
,Trade Balance,USD,2024-05-02T08:30:00Z,None,-69.5B,-69.5B,-69.4B,false,false
,BOC Gov Macklem Speaks,CAD,2024-05-02T08:45:00Z,High,,,,false,false
,Factory Orders m/m,USD,2024-05-02T10:00:00Z,None,1.6%,1.2%,1.6%,false,false
,Natural Gas Storage,USD,2024-05-02T10:30:00Z,None,68B,92B,59B,false,false
,Household Spending m/m,AUD,2024-05-02T21:30:00Z,None,,3.9%,-0.7%,false,false
,French Gov Budget Balance,EUR,2024-05-03T02:45:00Z,None,,-44.0B,-52.8B,false,false
,French Industrial Production m/m,EUR,2024-05-03T02:45:00Z,None,0.3%,0.2%,-0.3%,false,false
,Italian Monthly Unemployment Rate,EUR,2024-05-03T04:00:00Z,None,7.5%,7.4%,7.2%,false,false
,Final Services PMI,GBP,2024-05-03T04:30:00Z,None,54.9,54.9,55.0,false,false
,Unemployment Rate,EUR,2024-05-03T05:00:00Z,None,6.5%,6.5%,6.5%,false,false
,Average Hourly Earnings m/m,USD,2024-05-03T08:30:00Z,High,0.3%,0.3%,0.2%,false,false
,Non-Farm Employment Change,USD,2024-05-03T08:30:00Z,High,238K,315K,175K,false,false
,Unemployment Rate,USD,2024-05-03T08:30:00Z,High,3.8%,3.8%,3.9%,false,false
,Final Services PMI,USD,2024-05-03T09:45:00Z,None,50.9,50.9,51.3,false,false
,FOMC Member Bowman Speaks,USD,2024-05-03T09:45:00Z,None,,,,false,false
,ISM Services PMI,USD,2024-05-03T10:00:00Z,High,52.0,51.4,49.4,false,false
,FOMC Member Williams Speaks,USD,2024-05-03T20:15:00Z,None,,,,false,false
,FOMC Member Cook Speaks,USD,2024-05-04T09:20:00Z,None,,,,false,false
,Bank Holiday,JPY,2024-05-05T00:00:00Z,None,,,,true,false
,MI Inflation Gauge m/m,AUD,2024-05-05T21:00:00Z,None,,0.1%,0.1%,false,false
,ANZ Commodity Prices m/m,NZD,2024-05-05T21:00:00Z,None,,-1.3%,0.5%,false,false
,ANZ Job Advertisements m/m,AUD,2024-05-05T21:30:00Z,None,,-1.0%,2.8%,false,false
,RatingDog Services PMI,CNY,2024-05-05T21:45:00Z,None,52.5,52.7,52.5,false,false
,Bank Holiday,GBP,2024-05-06T00:00:00Z,None,,,,true,false
,Spanish Unemployment Change,EUR,2024-05-06T03:00:00Z,None,-74.5K,-33.4K,-60.5K,false,false
,Spanish Services PMI,EUR,2024-05-06T03:15:00Z,None,56.0,56.1,56.2,false,false
,Italian Services PMI,EUR,2024-05-06T03:45:00Z,None,54.7,54.6,54.3,false,false
,French Final Services PMI,EUR,2024-05-06T03:50:00Z,None,50.5,50.5,51.3,false,false
,German Final Services PMI,EUR,2024-05-06T03:55:00Z,None,53.3,53.3,53.2,false,false
,Final Services PMI,EUR,2024-05-06T04:00:00Z,None,52.9,52.9,53.3,false,false
,Sentix Investor Confidence,EUR,2024-05-06T04:30:00Z,None,-4.8,-5.9,-3.6,false,false
,PPI m/m,EUR,2024-05-06T05:00:00Z,None,-0.4%,-1.1%,-0.4%,false,false
,German Buba President Nagel Speaks,EUR,2024-05-06T07:30:00Z,None,,,,false,false
,SNB Chairman Jordan Speaks,CHF,2024-05-06T08:25:00Z,None,,,,false,false
,FOMC Member Barkin Speaks,USD,2024-05-06T12:50:00Z,None,,,,false,false
,FOMC Member Williams Speaks,USD,2024-05-06T13:00:00Z,None,,,,false,false
,Loan Officer Survey,USD,2024-05-06T14:00:00Z,None,,,,false,false
,BRC Retail Sales Monitor y/y,GBP,2024-05-06T19:01:00Z,None,1.8%,3.2%,-4.4%,false,false
,Cash Rate,AUD,2024-05-07T00:30:00Z,High,4.35%,4.35%,4.35%,false,false
,RBA Monetary Policy Statement,AUD,2024-05-07T00:30:00Z,High,,,,false,false
,RBA Rate Statement,AUD,2024-05-07T00:30:00Z,High,,,,false,false
,RBA Press Conference,AUD,2024-05-07T01:30:00Z,None,,,,false,false
,Unemployment Rate,CHF,2024-05-07T01:45:00Z,None,2.3%,2.3%,2.3%,false,false
,German Factory Orders m/m,EUR,2024-05-07T02:00:00Z,None,0.4%,-0.8%,-0.4%,false,false
,German Trade Balance,EUR,2024-05-07T02:00:00Z,None,22.4B,21.4B,22.3B,false,false
,Lloyds HPI m/m,GBP,2024-05-07T02:00:00Z,None,0.2%,-0.9%,0.1%,false,false
,French Prelim Private Payrolls q/q,EUR,2024-05-07T02:45:00Z,None,0.0%,-0.1%,0.2%,false,false
,French Trade Balance,EUR,2024-05-07T02:45:00Z,None,-5.0B,-5.6B,-5.5B,false,false
,Foreign Currency Reserves,CHF,2024-05-07T03:00:00Z,None,,716B,720B,false,false
,Construction PMI,GBP,2024-05-07T04:30:00Z,None,50.4,50.2,53.0,false,false
,Retail Sales m/m,EUR,2024-05-07T05:00:00Z,None,0.6%,-0.3%,0.8%,false,false
,Ivey PMI,CAD,2024-05-07T10:00:00Z,None,58.1,57.5,63.0,false,false
,German Buba President Nagel Speaks,EUR,2024-05-07T10:00:00Z,None,,,,false,false
,RCM/TIPP Economic Optimism,USD,2024-05-07T10:06:00Z,None,44.1,43.2,41.8,false,false
,GDT Price Index,NZD,2024-05-07T10:56:00Z,None,,0.1%,1.8%,false,false
,German Buba President Nagel Speaks,EUR,2024-05-07T11:30:00Z,None,,,,false,false
,Consumer Credit m/m,USD,2024-05-07T15:00:00Z,None,14.8B,15.0B,6.3B,false,false
,Gov Council Member Rogers Speaks,CAD,2024-05-07T15:30:00Z,None,,,,false,false
,API Weekly Statistical Bulletin,USD,2024-05-07T16:30:00Z,None,,,,false,false
,10-y Bond Auction,JPY,2024-05-07T23:35:00Z,None,,0.75|3.8,0.86|3.2,false,false
,French Bank Holiday,EUR,2024-05-08T00:00:00Z,None,,,,true,false
,German Industrial Production m/m,EUR,2024-05-08T02:00:00Z,None,-0.6%,1.7%,-0.4%,false,false
,Italian Retail Sales m/m,EUR,2024-05-08T04:00:00Z,None,0.2%,0.1%,0.0%,false,false
,30-y Bond Auction,GBP,2024-05-08T05:03:00Z,None,,4.43|2.7,4.55|3.3,false,false
,Final Wholesale Inventories m/m,USD,2024-05-08T10:00:00Z,None,-0.4%,-0.4%,-0.4%,false,false
,Crude Oil Inventories,USD,2024-05-08T10:30:00Z,None,-1.0M,7.3M,-1.4M,false,false
,FOMC Member Jefferson Speaks,USD,2024-05-08T11:00:00Z,None,,,,false,false
,10-y Bond Auction,USD,2024-05-08T13:01:00Z,None,,4.56|2.3,4.48|2.5,false,false
,FOMC Member Cook Speaks,USD,2024-05-08T13:30:00Z,None,,,,false,false
,RICS House Price Balance,GBP,2024-05-08T19:01:00Z,None,-2%,-5%,-5%,false,false
,Average Cash Earnings y/y,JPY,2024-05-08T19:30:00Z,None,1.5%,1.4%,0.6%,false,false
,BOJ Summary of Opinions,JPY,2024-05-08T19:50:00Z,None,,,,false,false
,USD-Denominated Trade Balance,CNY,2024-05-08T23:06:00Z,None,81.4B,58.6B,72.4B,false,false
,Trade Balance,CNY,2024-05-08T23:07:00Z,None,510B,416B,513B,false,false
,Bank Holiday,CHF,2024-05-09T00:00:00Z,None,,,,true,false
,French Bank Holiday,EUR,2024-05-09T00:00:00Z,None,,,,true,false
,German Bank Holiday,EUR,2024-05-09T00:00:00Z,None,,,,true,false
,Leading Indicators,JPY,2024-05-09T01:00:00Z,None,111.3%,112.1%,111.4%,false,false
,BOE Monetary Policy Report,GBP,2024-05-09T07:00:00Z,High,,,,false,false
,Monetary Policy Summary,GBP,2024-05-09T07:00:00Z,High,,,,false,false
,MPC Official Bank Rate Votes,GBP,2024-05-09T07:00:00Z,High,0-0-9,0-1-8,0-2-7,false,false
,Official Bank Rate,GBP,2024-05-09T07:00:00Z,High,5.25%,5.25%,5.25%,false,false
,BOE Gov Bailey Speaks,GBP,2024-05-09T07:30:00Z,High,,,,false,false
,Unemployment Claims,USD,2024-05-09T08:30:00Z,High,212K,209K,231K,false,false
,BOC Financial System Review,CAD,2024-05-09T10:00:00Z,None,,,,false,false
,Natural Gas Storage,USD,2024-05-09T10:30:00Z,None,87B,59B,79B,false,false
,BOC Gov Macklem Speaks,CAD,2024-05-09T11:00:00Z,High,,,,false,false
,MPC Member Pill Speaks,GBP,2024-05-09T12:15:00Z,None,,,,false,false
,30-y Bond Auction,USD,2024-05-09T13:01:00Z,High,,4.67|2.4,4.64|2.4,false,false
,FOMC Member Daly Speaks,USD,2024-05-09T14:00:00Z,None,,,,false,false
,BusinessNZ Manufacturing Index,NZD,2024-05-09T18:30:00Z,None,,46.8,48.9,false,false
,Household Spending y/y,JPY,2024-05-09T19:30:00Z,None,-2.3%,-0.5%,-1.2%,false,false
,Bank Lending y/y,JPY,2024-05-09T19:50:00Z,None,3.1%,3.2%,3.1%,false,false
,Current Account,JPY,2024-05-09T19:50:00Z,None,2.04T,1.41T,2.01T,false,false
,30-y Bond Auction,JPY,2024-05-09T23:35:00Z,None,,1.81|3.5,1.99|3.2,false,false
,Economy Watchers Sentiment,JPY,2024-05-10T01:00:00Z,None,50.4,49.8,47.4,false,false
,GDP m/m,GBP,2024-05-10T02:00:00Z,High,0.1%,0.2%,0.4%,false,false
,Prelim GDP q/q,GBP,2024-05-10T02:00:00Z,None,0.4%,-0.3%,0.6%,false,false
,Construction Output m/m,GBP,2024-05-10T02:00:00Z,None,0.8%,-2.0%,-0.4%,false,false
,Goods Trade Balance,GBP,2024-05-10T02:00:00Z,None,-14.5B,-14.1B,-14.0B,false,false
,Index of Services 3m/3m,GBP,2024-05-10T02:00:00Z,None,0.4%,0.3%,0.7%,false,false
,Industrial Production m/m,GBP,2024-05-10T02:00:00Z,None,-0.5%,1.0%,0.2%,false,false
,Manufacturing Production m/m,GBP,2024-05-10T02:00:00Z,None,-0.5%,1.2%,0.3%,false,false
,Prelim Business Investment q/q,GBP,2024-05-10T02:00:00Z,None,0.2%,1.4%,0.9%,false,false
,Italian Industrial Production m/m,EUR,2024-05-10T04:00:00Z,None,0.3%,0.0%,-0.5%,false,false
,MPC Member Pill Speaks,GBP,2024-05-10T07:15:00Z,None,,,,false,false
,ECB Monetary Policy Meeting Accounts,EUR,2024-05-10T07:30:00Z,None,,,,false,false
,NIESR GDP Estimate,GBP,2024-05-10T07:40:00Z,None,,0.4%,0.7%,false,false
,MPC Member Dhingra Speaks,GBP,2024-05-10T07:45:00Z,None,,,,false,false
,Employment Change,CAD,2024-05-10T08:30:00Z,High,20.9K,-2.2K,90.4K,false,false
,Unemployment Rate,CAD,2024-05-10T08:30:00Z,High,6.2%,6.1%,6.1%,false,false
,FOMC Member Bowman Speaks,USD,2024-05-10T09:00:00Z,None,,,,false,false
,Prelim UoM Consumer Sentiment,USD,2024-05-10T10:00:00Z,High,76.3,77.2,67.4,false,false
,Prelim UoM Inflation Expectations,USD,2024-05-10T10:00:00Z,None,,3.2%,3.5%,false,false
,FOMC Member Barr Speaks,USD,2024-05-10T13:30:00Z,None,,,,false,false
,Federal Budget Balance,USD,2024-05-10T14:00:00Z,None,244.5B,-236.5B,209.5B,false,false
,CPI y/y,CNY,2024-05-10T21:30:00Z,None,0.2%,0.1%,0.3%,false,false
,PPI y/y,CNY,2024-05-10T21:30:00Z,None,-2.3%,-2.8%,-2.5%,false,false
,M2 Money Supply y/y,CNY,2024-05-11T05:35:00Z,None,8.2%,8.3%,7.2%,false,false
,New Loans,CNY,2024-05-11T05:36:00Z,None,1200B,3090B,730B,false,false
,BusinessNZ Services Index,NZD,2024-05-12T18:30:00Z,None,,47.2,47.1,false,false
,FPI m/m,NZD,2024-05-12T18:45:00Z,None,,-0.5%,0.6%,false,false
,M2 Money Stock y/y,JPY,2024-05-12T19:50:00Z,None,2.5%,2.5%,2.2%,false,false
,NAB Business Confidence,AUD,2024-05-12T21:30:00Z,None,,1,1,false,false
,Inflation Expectations q/q,NZD,2024-05-12T23:00:00Z,High,,2.50%,2.33%,false,false
,Eurogroup Meetings,EUR,2024-05-13T00:00:00Z,None,,,,true,false
,SECO Consumer Climate,CHF,2024-05-13T03:00:00Z,None,-40,-38,-38,false,false
,Building Permits m/m,CAD,2024-05-13T08:30:00Z,None,-4.6%,8.9%,-11.7%,false,false
,FOMC Member Jefferson Speaks,USD,2024-05-13T09:00:00Z,None,,,,false,false
,FOMC Member Mester Speaks,USD,2024-05-13T09:00:00Z,None,,,,false,false
,Cleveland Fed Inflation Expectations,USD,2024-05-13T09:45:00Z,None,,3.4%,3.8%,false,false
,SNB Chairman Jordan Speaks,CHF,2024-05-13T12:45:00Z,None,,,,false,false
,Visitor Arrivals m/m,NZD,2024-05-13T18:45:00Z,None,,1.6%,9.1%,false,false
,PPI y/y,JPY,2024-05-13T19:50:00Z,None,0.9%,0.9%,0.9%,false,false
,ECOFIN Meetings,EUR,2024-05-14T00:00:00Z,None,,,,true,false
,Prelim Machine Tool Orders y/y,JPY,2024-05-14T01:58:00Z,None,,-3.8%,-11.6%,false,false
,German Final CPI m/m,EUR,2024-05-14T02:00:00Z,None,0.5%,0.5%,0.5%,false,false
,Claimant Count Change,GBP,2024-05-14T02:00:00Z,High,13.9K,-2.4K,8.9K,false,false
,Average Earnings Index 3m/y,GBP,2024-05-14T02:00:00Z,None,5.3%,5.7%,5.7%,false,false
,Unemployment Rate,GBP,2024-05-14T02:00:00Z,None,4.3%,4.2%,4.3%,false,false
,PPI m/m,CHF,2024-05-14T02:30:00Z,None,0.2%,0.1%,0.6%,false,false
,MPC Member Pill Speaks,GBP,2024-05-14T03:30:00Z,None,,,,false,false
,ZEW Economic Sentiment,EUR,2024-05-14T05:00:00Z,None,46.1,43.9,47.0,false,false
,German ZEW Economic Sentiment,EUR,2024-05-14T05:00:00Z,None,44.9,42.9,47.1,false,false
,Annual Budget Release,AUD,2024-05-14T05:30:00Z,None,,,,false,false
,NFIB Small Business Index,USD,2024-05-14T06:00:00Z,None,88.1,88.5,89.7,false,false
,Wholesale Sales m/m,CAD,2024-05-14T08:30:00Z,None,-0.9%,0.2%,-1.1%,false,false
,Core PPI m/m,USD,2024-05-14T08:30:00Z,High,0.2%,-0.1%,0.5%,false,false
,PPI m/m,USD,2024-05-14T08:30:00Z,High,0.3%,-0.1%,0.5%,false,false
,FOMC Member Cook Speaks,USD,2024-05-14T09:10:00Z,None,,,,false,false
,CB Leading Index m/m,GBP,2024-05-14T09:30:00Z,None,,-0.1%,-0.1%,false,false
,FOMC Member Powell Speaks,USD,2024-05-14T10:00:00Z,High,,,,false,false
,API Weekly Statistical Bulletin,USD,2024-05-14T16:30:00Z,None,,,,false,false
,Wage Price Index q/q,AUD,2024-05-14T21:30:00Z,High,0.9%,1.0%,0.8%,false,false
,French Final CPI m/m,EUR,2024-05-15T02:45:00Z,None,0.5%,0.5%,0.5%,false,false
,EU Economic Forecasts,EUR,2024-05-15T05:00:00Z,None,,,,false,false
,Flash Employment Change q/q,EUR,2024-05-15T05:00:00Z,None,0.3%,0.3%,0.3%,false,false
,Flash GDP q/q,EUR,2024-05-15T05:00:00Z,None,0.3%,0.3%,0.3%,false,false
,Industrial Production m/m,EUR,2024-05-15T05:00:00Z,None,0.5%,1.0%,0.6%,false,false
,10-y Bond Auction,GBP,2024-05-15T05:03:00Z,None,,4.37|3.1,4.07|3.5,false,false
,German 30-y Bond Auction,EUR,2024-05-15T05:33:00Z,None,,2.62|3.2,2.62|3.1,false,false
,Housing Starts,CAD,2024-05-15T08:15:00Z,None,239K,242K,240K,false,false
,Manufacturing Sales m/m,CAD,2024-05-15T08:30:00Z,None,-2.4%,0.9%,-2.1%,false,false
,Core CPI m/m,USD,2024-05-15T08:30:00Z,High,0.3%,0.4%,0.3%,false,false
,Core CPI y/y,USD,2024-05-15T08:30:00Z,High,3.6%,3.8%,3.6%,false,false
,Core Retail Sales m/m,USD,2024-05-15T08:30:00Z,High,0.2%,0.9%,0.2%,false,false
,CPI m/m,USD,2024-05-15T08:30:00Z,High,0.4%,0.4%,0.3%,false,false
,CPI y/y,USD,2024-05-15T08:30:00Z,High,3.4%,3.5%,3.4%,false,false
,Empire State Manufacturing Index,USD,2024-05-15T08:30:00Z,High,-9.9,-14.3,-15.6,false,false
,Retail Sales m/m,USD,2024-05-15T08:30:00Z,High,0.4%,0.6%,0.0%,false,false
,Business Inventories m/m,USD,2024-05-15T10:00:00Z,None,0.0%,0.3%,-0.1%,false,false
,FOMC Member Barr Speaks,USD,2024-05-15T10:00:00Z,None,,,,false,false
,NAHB Housing Market Index,USD,2024-05-15T10:00:00Z,None,51,51,45,false,false
,CB Leading Index m/m,AUD,2024-05-15T10:30:00Z,None,,0.1%,0.1%,false,false
,Crude Oil Inventories,USD,2024-05-15T10:30:00Z,None,-0.4M,-1.4M,-2.5M,false,false
,FOMC Member Bowman Speaks,USD,2024-05-15T15:20:00Z,None,,,,false,false
,TIC Long-Term Purchases,USD,2024-05-15T16:00:00Z,None,89.3B,62.9B,100.5B,false,false
,RBA Assist Gov Hunter Speaks,AUD,2024-05-15T19:40:00Z,None,,,,false,false
,Prelim GDP q/q,JPY,2024-05-15T19:50:00Z,None,-0.3%,0.1%,-0.5%,false,false
,Prelim GDP Price Index y/y,JPY,2024-05-15T19:50:00Z,None,3.3%,3.9%,3.6%,false,false
,Employment Change,AUD,2024-05-15T21:30:00Z,High,22.4K,-5.9K,38.5K,false,false
,Unemployment Rate,AUD,2024-05-15T21:30:00Z,High,3.9%,3.9%,4.1%,false,false
,Revised Industrial Production m/m,JPY,2024-05-16T00:30:00Z,None,3.4%,3.8%,4.4%,false,false
,ECB Financial Stability Review,EUR,2024-05-16T04:00:00Z,None,,,,false,false
,Italian Trade Balance,EUR,2024-05-16T05:00:00Z,None,4.77B,6.00B,4.34B,false,false
,MPC Member Greene Speaks,GBP,2024-05-16T07:00:00Z,None,,,,false,false
,German Buba President Nagel Speaks,EUR,2024-05-16T07:30:00Z,None,,,,false,false
,Housing Starts,USD,2024-05-16T08:30:00Z,None,1.42M,1.29M,1.36M,false,false
,Unemployment Claims,USD,2024-05-16T08:30:00Z,High,219K,232K,222K,false,false
,Building Permits,USD,2024-05-16T08:30:00Z,None,1.48M,1.49M,1.44M,false,false
,Import Prices m/m,USD,2024-05-16T08:30:00Z,None,0.2%,0.6%,0.9%,false,false
,Philly Fed Manufacturing Index,USD,2024-05-16T08:30:00Z,None,7.7,15.5,4.5,false,false
,Industrial Production m/m,USD,2024-05-16T09:15:00Z,None,0.1%,0.1%,0.0%,false,false
,Capacity Utilization Rate,USD,2024-05-16T09:15:00Z,None,78.4%,78.5%,78.4%,false,false
,FOMC Member Barr Speaks,USD,2024-05-16T10:00:00Z,None,,,,false,false
,Mortgage Delinquencies,USD,2024-05-16T10:23:00Z,None,,3.88%,3.94%,false,false
,Natural Gas Storage,USD,2024-05-16T10:30:00Z,None,76B,79B,70B,false,false
,FOMC Member Mester Speaks,USD,2024-05-16T12:00:00Z,None,,,,false,false
,FOMC Member Bostic Speaks,USD,2024-05-16T15:50:00Z,None,,,,false,false
,PPI Input q/q,NZD,2024-05-16T18:45:00Z,None,0.6%,0.9%,0.7%,false,false
,PPI Output q/q,NZD,2024-05-16T18:45:00Z,None,0.5%,0.7%,0.9%,false,false
,New Home Prices m/m,CNY,2024-05-16T21:30:00Z,None,,-0.34%,-0.58%,false,false
,Industrial Production y/y,CNY,2024-05-16T22:00:00Z,None,5.5%,4.5%,6.7%,false,false
,Retail Sales y/y,CNY,2024-05-16T22:00:00Z,None,3.7%,3.1%,2.3%,false,false
,Fixed Asset Investment ytd/y,CNY,2024-05-16T22:00:00Z,None,4.6%,4.5%,4.2%,false,false
,NBS Press Conference,CNY,2024-05-16T22:00:00Z,None,,,,false,false
,Unemployment Rate,CNY,2024-05-16T22:00:00Z,None,5.2%,5.2%,5.0%,false,false
,MPC Member Mann Speaks,GBP,2024-05-17T04:00:00Z,None,,,,false,false
,Final Core CPI y/y,EUR,2024-05-17T05:00:00Z,None,2.7%,2.7%,2.7%,false,false
,Final CPI y/y,EUR,2024-05-17T05:00:00Z,None,2.4%,2.4%,2.4%,false,false
,Foreign Securities Purchases,CAD,2024-05-17T08:30:00Z,None,3.51B,-4.28B,14.37B,false,false
,CB Leading Index m/m,USD,2024-05-17T10:00:00Z,None,-0.3%,-0.3%,-0.6%,false,false
,FOMC Member Waller Speaks,USD,2024-05-17T10:15:00Z,None,,,,false,false
,FOMC Member Daly Speaks,USD,2024-05-17T12:15:00Z,None,,,,false,false
,FOMC Member Kugler Speaks,USD,2024-05-18T17:45:00Z,None,,,,false,false
,FOMC Member Powell Speaks,USD,2024-05-19T15:30:00Z,None,,,,false,false
,Rightmove HPI m/m,GBP,2024-05-19T19:01:00Z,None,,1.1%,0.8%,false,false
,1-y Loan Prime Rate,CNY,2024-05-19T21:15:00Z,None,3.45%,3.45%,3.45%,false,false
,5-y Loan Prime Rate,CNY,2024-05-19T21:15:00Z,None,3.95%,3.95%,3.95%,false,false
,Bank Holiday,CHF,2024-05-20T00:00:00Z,None,,,,true,false
,French Bank Holiday,EUR,2024-05-20T00:00:00Z,None,,,,true,false
,German Bank Holiday,EUR,2024-05-20T00:00:00Z,None,,,,true,false
,Bank Holiday,CAD,2024-05-20T00:00:00Z,None,,,,true,false
,Tertiary Industry Activity m/m,JPY,2024-05-20T00:30:00Z,None,0.1%,2.2%,-2.4%,false,false
,MPC Member Broadbent Speaks,GBP,2024-05-20T05:00:00Z,None,,,,false,false
,FOMC Member Bostic Speaks,USD,2024-05-20T07:30:00Z,None,,,,false,false
,FOMC Member Bostic Speaks,USD,2024-05-20T08:45:00Z,None,,,,false,false
,FOMC Member Waller Speaks,USD,2024-05-20T09:00:00Z,None,,,,false,false
,FOMC Member Barr Speaks,USD,2024-05-20T09:00:00Z,None,,,,false,false
,FOMC Member Jefferson Speaks,USD,2024-05-20T10:30:00Z,None,,,,false,false
,FOMC Member Mester Speaks,USD,2024-05-20T14:00:00Z,None,,,,false,false
,Westpac Consumer Sentiment,AUD,2024-05-20T20:30:00Z,None,,-2.4%,-0.3%,false,false
,Monetary Policy Meeting Minutes,AUD,2024-05-20T21:30:00Z,None,,,,false,false
,Credit Card Spending y/y,NZD,2024-05-20T23:00:00Z,None,,-0.6%,-0.6%,false,false
,German PPI m/m,EUR,2024-05-21T02:00:00Z,None,0.3%,0.2%,0.2%,false,false
,ECB President Lagarde Speaks,EUR,2024-05-21T04:00:00Z,None,,,,false,false
,Current Account,EUR,2024-05-21T04:00:00Z,None,30.2B,28.9B,35.8B,false,false
,Treasury Sec Yellen Speaks,USD,2024-05-21T04:00:00Z,None,,,,false,false
,Trade Balance,EUR,2024-05-21T05:00:00Z,None,19.9B,16.7B,17.3B,false,false
,CBI Industrial Order Expectations,GBP,2024-05-21T06:00:00Z,None,-20,-23,-33,false,false
,CPI m/m,CAD,2024-05-21T08:30:00Z,High,0.5%,0.6%,0.5%,false,false
,Median CPI y/y,CAD,2024-05-21T08:30:00Z,High,2.7%,2.9%,2.6%,false,false
,Trimmed CPI y/y,CAD,2024-05-21T08:30:00Z,High,2.9%,3.2%,2.9%,false,false
,Common CPI y/y,CAD,2024-05-21T08:30:00Z,None,2.8%,2.9%,2.6%,false,false
,Core CPI m/m,CAD,2024-05-21T08:32:00Z,None,,0.5%,0.2%,false,false
,FOMC Member Waller Speaks,USD,2024-05-21T09:00:00Z,None,,,,false,false
,FOMC Member Barkin Speaks,USD,2024-05-21T09:00:00Z,None,,,,false,false
,FOMC Member Williams Speaks,USD,2024-05-21T09:05:00Z,None,,,,false,false
,FOMC Member Bostic Speaks,USD,2024-05-21T09:10:00Z,None,,,,false,false
,GDT Price Index,NZD,2024-05-21T10:42:00Z,None,,1.8%,3.3%,false,false
,FOMC Member Barr Speaks,USD,2024-05-21T11:45:00Z,None,,,,false,false
,BOE Gov Bailey Speaks,GBP,2024-05-21T13:00:00Z,High,,,,false,false
,API Weekly Statistical Bulletin,USD,2024-05-21T16:30:00Z,None,,,,false,false
,FOMC Member Mester Speaks,USD,2024-05-21T19:00:00Z,None,,,,false,false
,Trade Balance,JPY,2024-05-21T19:50:00Z,None,-0.72T,-0.68T,-0.56T,false,false
,Core Machinery Orders m/m,JPY,2024-05-21T19:50:00Z,None,-1.8%,7.7%,2.9%,false,false
,Official Cash Rate,NZD,2024-05-21T22:00:00Z,High,5.50%,5.50%,5.50%,false,false
,RBNZ Monetary Policy Statement,NZD,2024-05-21T22:00:00Z,High,,,,false,false
,RBNZ Rate Statement,NZD,2024-05-21T22:00:00Z,High,,,,false,false
,RBNZ Press Conference,NZD,2024-05-21T23:00:00Z,None,,,,false,false
,Core CPI y/y,GBP,2024-05-22T02:00:00Z,None,3.6%,4.2%,3.9%,false,false
,CPI y/y,GBP,2024-05-22T02:00:00Z,High,2.1%,3.2%,2.3%,false,false
,PPI Output m/m,GBP,2024-05-22T02:00:00Z,None,0.4%,0.2%,0.2%,false,false
,Public Sector Net Borrowing,GBP,2024-05-22T02:00:00Z,None,18.5B,12.1B,19.6B,false,false
,RPI y/y,GBP,2024-05-22T02:00:00Z,None,3.3%,4.3%,3.3%,false,false
,PPI Input m/m,GBP,2024-05-22T02:00:00Z,None,0.4%,-0.2%,0.6%,false,false
,HPI y/y,GBP,2024-05-22T04:30:00Z,None,0.1%,-0.2%,1.8%,false,false
,German 10-y Bond Auction,EUR,2024-05-22T05:32:00Z,None,,2.54|2.5,2.53|2.8,false,false
,German Buba Monthly Report,EUR,2024-05-22T06:00:00Z,None,,,,false,false
,MPC Member Breeden Speaks,GBP,2024-05-22T08:45:00Z,None,,,,false,false
,Existing Home Sales,USD,2024-05-22T10:00:00Z,None,4.21M,4.22M,4.14M,false,false
,Crude Oil Inventories,USD,2024-05-22T10:30:00Z,None,-2.4M,-2.5M,1.8M,false,false
,FOMC Meeting Minutes,USD,2024-05-22T14:00:00Z,High,,,,false,false
,RBNZ Gov Orr Speaks,NZD,2024-05-22T16:10:00Z,None,,,,false,false
,Core Retail Sales q/q,NZD,2024-05-22T18:45:00Z,None,0.0%,-1.6%,0.4%,false,false
,Retail Sales q/q,NZD,2024-05-22T18:45:00Z,None,-0.3%,-1.8%,0.5%,false,false
,Flash Services PMI,AUD,2024-05-22T19:00:00Z,None,,53.6,53.1,false,false
,Flash Manufacturing PMI,AUD,2024-05-22T19:00:00Z,None,,49.6,49.6,false,false
,Flash Manufacturing PMI,JPY,2024-05-22T20:30:00Z,None,49.7,49.6,50.5,false,false
,MI Inflation Expectations,AUD,2024-05-22T21:00:00Z,None,,4.6%,4.1%,false,false
,G7 Meetings,All,2024-05-23T00:00:00Z,None,,,,false,false
,French Flash Manufacturing PMI,EUR,2024-05-23T03:15:00Z,High,45.8,45.3,46.7,false,false
,French Flash Services PMI,EUR,2024-05-23T03:15:00Z,High,51.8,51.3,49.4,false,false
,German Flash Manufacturing PMI,EUR,2024-05-23T03:30:00Z,High,43.4,42.5,45.4,false,false
,German Flash Services PMI,EUR,2024-05-23T03:30:00Z,High,53.5,53.2,53.9,false,false
,Flash Services PMI,EUR,2024-05-23T04:00:00Z,None,53.6,53.3,53.3,false,false
,Flash Manufacturing PMI,EUR,2024-05-23T04:00:00Z,None,46.2,45.7,47.4,false,false
,Flash Manufacturing PMI,GBP,2024-05-23T04:30:00Z,High,49.5,49.1,51.3,false,false
,Flash Services PMI,GBP,2024-05-23T04:30:00Z,High,54.7,55.0,52.9,false,false
,MPC Member Pill Speaks,GBP,2024-05-23T07:30:00Z,None,,,,false,false
,NHPI m/m,CAD,2024-05-23T08:30:00Z,None,0.1%,0.0%,0.2%,false,false
,Unemployment Claims,USD,2024-05-23T08:30:00Z,High,220K,223K,215K,false,false
,CB Leading Index m/m,CNY,2024-05-23T09:00:00Z,None,,-0.4%,-0.2%,false,false
,Flash Manufacturing PMI,USD,2024-05-23T09:45:00Z,High,50.0,50.0,50.9,false,false
,Flash Services PMI,USD,2024-05-23T09:45:00Z,High,51.2,51.3,54.8,false,false
,Consumer Confidence,EUR,2024-05-23T10:00:00Z,None,-14,-15,-14,false,false
,New Home Sales,USD,2024-05-23T10:00:00Z,None,677K,665K,634K,false,false
,Natural Gas Storage,USD,2024-05-23T10:30:00Z,None,84B,70B,78B,false,false
,FOMC Member Bostic Speaks,USD,2024-05-23T15:00:00Z,None,,,,false,false
,Trade Balance,NZD,2024-05-23T18:45:00Z,None,-202M,476M,91M,false,false
,GfK Consumer Confidence,GBP,2024-05-23T19:01:00Z,None,-18,-19,-17,false,false
,National Core CPI y/y,JPY,2024-05-23T19:30:00Z,None,2.2%,2.6%,2.2%,false,false
,G7 Meetings,All,2024-05-24T00:00:00Z,None,,,,false,false
,Retail Sales m/m,GBP,2024-05-24T02:00:00Z,High,-0.5%,-0.2%,-2.3%,false,false
,German Final GDP q/q,EUR,2024-05-24T02:00:00Z,None,0.2%,0.2%,0.2%,false,false
,SNB Chairman Jordan Speaks,CHF,2024-05-24T03:45:00Z,None,,,,false,false
,German Buba President Nagel Speaks,EUR,2024-05-24T05:15:00Z,None,,,,false,false
,Foreign Direct Investment ytd/y,CNY,2024-05-24T05:44:00Z,None,,-26.1%,-27.9%,false,false
,Core Retail Sales m/m,CAD,2024-05-24T08:30:00Z,None,0.3%,-0.2%,-0.6%,false,false
,Retail Sales m/m,CAD,2024-05-24T08:30:00Z,None,-0.1%,-0.1%,-0.2%,false,false
,Corporate Profits q/q,CAD,2024-05-24T08:30:00Z,None,,2.7%,0.6%,false,false
,Core Durable Goods Orders m/m,USD,2024-05-24T08:30:00Z,None,0.1%,0.0%,0.4%,false,false
,Durable Goods Orders m/m,USD,2024-05-24T08:30:00Z,None,-0.9%,0.9%,0.7%,false,false
,FOMC Member Waller Speaks,USD,2024-05-24T09:35:00Z,None,,,,false,false
,Revised UoM Consumer Sentiment,USD,2024-05-24T10:00:00Z,High,67.8,67.4,69.1,false,false
,Revised UoM Inflation Expectations,USD,2024-05-24T10:00:00Z,None,,3.5%,3.3%,false,false
,G7 Meetings,All,2024-05-25T00:00:00Z,None,,,,false,false
,BOJ Gov Ueda Speaks,JPY,2024-05-26T20:05:00Z,High,,,,false,false
,Bank Holiday,GBP,2024-05-27T00:00:00Z,None,,,,true,false
,Bank Holiday,USD,2024-05-27T00:00:00Z,None,,,,true,false
,German ifo Business Climate,EUR,2024-05-27T04:00:00Z,None,90.4,89.3,89.3,false,false
,Belgian NBB Business Climate,EUR,2024-05-27T08:59:00Z,None,-10.8,-11.9,-11.0,false,false
,BRC Shop Price Index y/y,GBP,2024-05-27T19:01:00Z,None,,0.8%,0.6%,false,false
,SPPI y/y,JPY,2024-05-27T19:50:00Z,None,2.3%,2.4%,2.8%,false,false
,Retail Sales m/m,AUD,2024-05-27T21:30:00Z,None,0.3%,-0.4%,0.1%,false,false
,SNB Chairman Jordan Speaks,CHF,2024-05-28T00:55:00Z,None,,,,false,false
,FOMC Member Bowman Speaks,USD,2024-05-28T00:55:00Z,None,,,,false,false
,FOMC Member Mester Speaks,USD,2024-05-28T00:55:00Z,None,,,,false,false
,BOJ Core CPI y/y,JPY,2024-05-28T01:00:00Z,None,2.2%,2.2%,1.8%,false,false
,German WPI m/m,EUR,2024-05-28T02:00:00Z,None,0.1%,0.2%,0.4%,false,false
,CBI Realized Sales,GBP,2024-05-28T06:00:00Z,None,-24,-44,8,false,false
,IPPI m/m,CAD,2024-05-28T08:30:00Z,None,0.8%,0.9%,1.5%,false,false
,RMPI m/m,CAD,2024-05-28T08:30:00Z,None,3.1%,4.3%,5.5%,false,false
,S&P/CS Composite-20 HPI y/y,USD,2024-05-28T09:00:00Z,None,7.3%,7.3%,7.4%,false,false
,HPI m/m,USD,2024-05-28T09:00:00Z,None,0.5%,1.2%,0.1%,false,false
,CB Consumer Confidence,USD,2024-05-28T10:00:00Z,High,96.0,97.5,102.0,false,false
,FOMC Member Cook Speaks,USD,2024-05-28T13:05:00Z,None,,,,false,false
,FOMC Member Daly Speaks,USD,2024-05-28T13:05:00Z,None,,,,false,false
,MI Leading Index m/m,AUD,2024-05-28T20:30:00Z,None,,-0.1%,0.0%,false,false
,ANZ Business Confidence,NZD,2024-05-28T21:00:00Z,None,,14.9,11.2,false,false
,CPI y/y,AUD,2024-05-28T21:30:00Z,High,3.4%,3.5%,3.6%,false,false
,Construction Work Done q/q,AUD,2024-05-28T21:30:00Z,None,0.6%,1.8%,-2.9%,false,false
,German Prelim CPI m/m,EUR,2024-05-29T00:00:00Z,High,0.2%,0.5%,0.1%,true,false
,Consumer Confidence,JPY,2024-05-29T00:59:00Z,None,39.1,38.3,36.2,false,false
,German GfK Consumer Climate,EUR,2024-05-29T02:00:00Z,None,-22.5,-24.0,-20.9,false,false
,UBS Economic Expectations,CHF,2024-05-29T04:00:00Z,None,,17.6,18.2,false,false
,M3 Money Supply y/y,EUR,2024-05-29T04:00:00Z,None,1.3%,0.9%,1.3%,false,false
,Private Loans y/y,EUR,2024-05-29T04:00:00Z,None,0.4%,0.2%,0.2%,false,false
,Richmond Manufacturing Index,USD,2024-05-29T09:59:00Z,None,-6,-7,0,false,false
,FOMC Member Williams Speaks,USD,2024-05-29T13:45:00Z,None,,,,false,false
,Beige Book,USD,2024-05-29T14:00:00Z,None,,,,false,false
,API Weekly Statistical Bulletin,USD,2024-05-29T16:30:00Z,None,,,,false,false
,Building Consents m/m,NZD,2024-05-29T18:45:00Z,None,,-0.2%,-1.9%,false,false
,RBA Assist Gov Hunter Speaks,AUD,2024-05-29T18:50:00Z,None,,,,false,false
,FOMC Member Bostic Speaks,USD,2024-05-29T19:00:00Z,None,,,,false,false
,SNB Chairman Jordan Speaks,CHF,2024-05-29T20:00:00Z,None,,,,false,false
,Building Approvals m/m,AUD,2024-05-29T21:30:00Z,None,1.8%,2.7%,-0.3%,false,false
,Private Capital Expenditure q/q,AUD,2024-05-29T21:30:00Z,None,0.6%,0.9%,1.0%,false,false
,Annual Budget Release,NZD,2024-05-29T22:00:00Z,None,,,,false,false
,Trade Balance,CHF,2024-05-30T02:00:00Z,None,3.98B,3.77B,4.32B,false,false
,GDP q/q,CHF,2024-05-30T03:00:00Z,None,0.3%,0.3%,0.5%,false,false
,KOF Economic Barometer,CHF,2024-05-30T03:00:00Z,None,102.2,101.9,100.3,false,false
,Spanish Flash CPI y/y,EUR,2024-05-30T03:00:00Z,None,3.7%,3.3%,3.6%,false,false
,Italian Monthly Unemployment Rate,EUR,2024-05-30T04:00:00Z,None,7.3%,7.1%,6.9%,false,false
,Unemployment Rate,EUR,2024-05-30T05:00:00Z,None,6.5%,6.5%,6.4%,false,false
,Italian 10-y Bond Auction,EUR,2024-05-30T05:21:00Z,None,,3.86|1.3,3.97|1.5,false,false
,Current Account,CAD,2024-05-30T08:30:00Z,None,-5.5B,-4.5B,-5.4B,false,false
,Prelim GDP q/q,USD,2024-05-30T08:30:00Z,High,1.2%,1.6%,1.3%,false,false
,Unemployment Claims,USD,2024-05-30T08:30:00Z,High,218K,216K,219K,false,false
,Prelim GDP Price Index q/q,USD,2024-05-30T08:30:00Z,None,3.1%,3.1%,3.0%,false,false
,Goods Trade Balance,USD,2024-05-30T08:30:00Z,None,-91.9B,-92.3B,-99.4B,false,false
,Prelim Wholesale Inventories m/m,USD,2024-05-30T08:30:00Z,None,0.0%,-0.4%,0.2%,false,false
,Pending Home Sales m/m,USD,2024-05-30T10:00:00Z,High,-1.1%,3.6%,-7.7%,false,false
,Natural Gas Storage,USD,2024-05-30T10:30:00Z,None,77B,78B,84B,false,false
,Crude Oil Inventories,USD,2024-05-30T11:00:00Z,None,-1.6M,1.8M,-4.2M,false,false
,FOMC Member Williams Speaks,USD,2024-05-30T12:05:00Z,None,,,,false,false
,Tokyo Core CPI y/y,JPY,2024-05-30T19:30:00Z,None,1.9%,1.6%,1.9%,false,false
,Unemployment Rate,JPY,2024-05-30T19:30:00Z,None,2.6%,2.6%,2.6%,false,false
,Prelim Industrial Production m/m,JPY,2024-05-30T19:50:00Z,None,1.5%,4.4%,-0.1%,false,false
,Retail Sales y/y,JPY,2024-05-30T19:50:00Z,None,1.8%,1.1%,2.4%,false,false
,Non-Manufacturing PMI,CNY,2024-05-30T21:30:00Z,None,51.5,51.2,51.1,false,false
,Manufacturing PMI,CNY,2024-05-30T21:30:00Z,High,50.5,50.4,49.5,false,false
,Private Sector Credit m/m,AUD,2024-05-30T21:30:00Z,None,0.4%,0.4%,0.5%,false,false
,Housing Starts y/y,JPY,2024-05-31T01:00:00Z,None,-0.2%,-12.8%,13.9%,false,false
,French Final Private Payrolls q/q,EUR,2024-05-31T01:30:00Z,None,0.2%,0.2%,0.3%,false,false
,German Import Prices m/m,EUR,2024-05-31T02:00:00Z,None,0.5%,0.4%,0.7%,false,false
,German Retail Sales m/m,EUR,2024-05-31T02:00:00Z,None,-0.2%,2.6%,-1.2%,false,false
,Nationwide HPI m/m,GBP,2024-05-31T02:00:00Z,None,0.1%,-0.4%,0.4%,false,false
,Retail Sales y/y,CHF,2024-05-31T02:30:00Z,None,0.2%,-0.2%,2.7%,false,false
,French Consumer Spending m/m,EUR,2024-05-31T02:45:00Z,None,0.2%,0.5%,-0.8%,false,false
,French Prelim CPI m/m,EUR,2024-05-31T02:45:00Z,None,0.1%,0.5%,0.0%,false,false
,French Prelim GDP q/q,EUR,2024-05-31T02:45:00Z,None,0.2%,0.2%,0.2%,false,false
,M4 Money Supply m/m,GBP,2024-05-31T04:30:00Z,None,0.4%,0.7%,0.1%,false,false
,Mortgage Approvals,GBP,2024-05-31T04:30:00Z,None,62K,61K,61K,false,false
,Net Lending to Individuals m/m,GBP,2024-05-31T04:30:00Z,None,2.0B,1.9B,3.1B,false,false
,Core CPI Flash Estimate y/y,EUR,2024-05-31T05:00:00Z,High,2.7%,2.7%,2.9%,false,false
,CPI Flash Estimate y/y,EUR,2024-05-31T05:00:00Z,High,2.5%,2.4%,2.6%,false,false
,Italian Prelim CPI m/m,EUR,2024-05-31T05:00:00Z,None,0.2%,0.1%,0.2%,false,false
,GDP m/m,CAD,2024-05-31T08:30:00Z,High,0.0%,0.2%,0.0%,false,false
,Core PCE Price Index m/m,USD,2024-05-31T08:30:00Z,High,0.3%,0.3%,0.2%,false,false
,Personal Income m/m,USD,2024-05-31T08:30:00Z,None,0.3%,0.5%,0.3%,false,false
,Personal Spending m/m,USD,2024-05-31T08:30:00Z,None,0.3%,0.7%,0.2%,false,false
,Chicago PMI,USD,2024-05-31T09:45:00Z,None,41.1,37.9,35.4,false,false
,FOMC Member Bostic Speaks,USD,2024-05-31T18:15:00Z,None,,,,false,false
,OPEC Meetings,All,2024-06-02T00:00:00Z,None,,,,true,false
,OPEC-JMMC Meetings,All,2024-06-02T00:00:00Z,None,,,,true,false
,Bank Holiday,NZD,2024-06-02T00:00:00Z,None,,,,true,false
,Capital Spending q/y,JPY,2024-06-02T19:50:00Z,None,12.2%,16.4%,6.8%,false,false
,Final Manufacturing PMI,JPY,2024-06-02T20:30:00Z,None,50.5,50.5,50.4,false,false
,MI Inflation Gauge m/m,AUD,2024-06-02T21:00:00Z,None,,0.1%,0.3%,false,false
,RatingDog Manufacturing PMI,CNY,2024-06-02T21:45:00Z,None,51.6,51.4,51.7,false,false
,Omdia Total Vehicle Sales,USD,2024-06-03T00:00:00Z,None,15.8M,15.7M,15.9M,true,false
,Commodity Prices y/y,AUD,2024-06-03T02:30:00Z,None,,-12.1%,-4.2%,false,false
,Spanish Manufacturing PMI,EUR,2024-06-03T03:15:00Z,None,52.5,52.2,54.0,false,false
,Manufacturing PMI,CHF,2024-06-03T03:30:00Z,None,45.4,41.4,46.4,false,false
,Italian Manufacturing PMI,EUR,2024-06-03T03:45:00Z,None,47.9,47.3,45.6,false,false
,French Final Manufacturing PMI,EUR,2024-06-03T03:50:00Z,None,46.7,46.7,46.4,false,false
,German Final Manufacturing PMI,EUR,2024-06-03T03:55:00Z,None,45.4,45.4,45.4,false,false
,Final Manufacturing PMI,EUR,2024-06-03T04:00:00Z,None,47.4,47.4,47.3,false,false
,Final Manufacturing PMI,GBP,2024-06-03T04:30:00Z,None,51.3,51.3,51.2,false,false
,Manufacturing PMI,CAD,2024-06-03T09:30:00Z,None,,49.4,49.3,false,false
,Final Manufacturing PMI,USD,2024-06-03T09:45:00Z,High,50.9,50.9,51.3,false,false
,Construction Spending m/m,USD,2024-06-03T10:00:00Z,None,0.2%,-0.2%,-0.1%,false,false
,ISM Manufacturing Prices,USD,2024-06-03T10:00:00Z,None,60.0,60.9,57.0,false,false
,ISM Manufacturing PMI,USD,2024-06-03T10:00:00Z,High,49.8,49.2,48.7,false,false
,BRC Retail Sales Monitor y/y,GBP,2024-06-03T19:01:00Z,None,1.2%,-4.4%,0.4%,false,false
,Monetary Base y/y,JPY,2024-06-03T19:50:00Z,None,2.2%,2.1%,0.9%,false,false
,Current Account,AUD,2024-06-03T21:30:00Z,None,5.6B,2.7B,-4.9B,false,false
,Company Operating Profits q/q,AUD,2024-06-03T21:30:00Z,None,-0.9%,7.1%,-2.5%,false,false
,10-y Bond Auction,JPY,2024-06-03T23:35:00Z,None,,0.86|3.2,1.05|3.7,false,false
,CPI m/m,CHF,2024-06-04T02:30:00Z,High,0.3%,0.3%,0.3%,false,false
,French Gov Budget Balance,EUR,2024-06-04T02:45:00Z,None,,-52.8B,-91.6B,false,false
,Spanish Unemployment Change,EUR,2024-06-04T03:00:00Z,None,-55.4K,-60.5K,-58.7K,false,false
,German Unemployment Change,EUR,2024-06-04T03:55:00Z,None,7K,10K,25K,false,false
,JOLTS Job Openings,USD,2024-06-04T10:00:00Z,High,8.37M,8.36M,8.06M,false,false
,Factory Orders m/m,USD,2024-06-04T10:00:00Z,None,0.7%,0.8%,0.7%,false,false
,RCM/TIPP Economic Optimism,USD,2024-06-04T10:02:00Z,None,45.2,41.8,40.5,false,false
,GDT Price Index,NZD,2024-06-04T11:11:00Z,None,,3.3%,1.7%,false,false
,API Weekly Statistical Bulletin,USD,2024-06-04T16:30:00Z,None,,,,false,false
,Overseas Trade Index q/q,NZD,2024-06-04T18:45:00Z,None,3.1%,-7.8%,5.1%,false,false
,Average Cash Earnings y/y,JPY,2024-06-04T19:30:00Z,None,1.7%,1.0%,2.1%,false,false
,GDP q/q,AUD,2024-06-04T21:30:00Z,High,0.2%,0.3%,0.1%,false,false
,RatingDog Services PMI,CNY,2024-06-04T21:45:00Z,None,52.5,52.5,54.0,false,false
,French Industrial Production m/m,EUR,2024-06-05T02:45:00Z,None,0.3%,-0.2%,0.5%,false,false
,Spanish Services PMI,EUR,2024-06-05T03:15:00Z,None,56.5,56.2,56.9,false,false
,Italian Services PMI,EUR,2024-06-05T03:45:00Z,None,54.4,54.3,54.2,false,false
,French Final Services PMI,EUR,2024-06-05T03:50:00Z,None,49.4,49.4,49.3,false,false
,German Final Services PMI,EUR,2024-06-05T03:55:00Z,None,53.9,53.9,54.2,false,false
,Final Services PMI,EUR,2024-06-05T04:00:00Z,None,53.3,53.3,53.2,false,false
,Final Services PMI,GBP,2024-06-05T04:30:00Z,None,52.9,52.9,52.9,false,false
,PPI m/m,EUR,2024-06-05T05:00:00Z,None,-0.6%,-0.5%,-1.0%,false,false
,ADP Non-Farm Employment Change,USD,2024-06-05T08:15:00Z,High,173K,188K,152K,false,false
,Labor Productivity q/q,CAD,2024-06-05T08:30:00Z,None,-0.2%,0.2%,-0.3%,false,false
,BOC Rate Statement,CAD,2024-06-05T09:45:00Z,High,,,,false,false
,Overnight Rate,CAD,2024-06-05T09:45:00Z,High,4.75%,5.00%,4.75%,false,false
,Final Services PMI,USD,2024-06-05T09:45:00Z,None,54.8,54.8,54.8,false,false
,ISM Services PMI,USD,2024-06-05T10:00:00Z,High,51.0,49.4,53.8,false,false
,BOC Press Conference,CAD,2024-06-05T10:30:00Z,High,,,,false,false
,Crude Oil Inventories,USD,2024-06-05T10:30:00Z,None,-2.1M,-4.2M,1.2M,false,false
,ANZ Commodity Prices m/m,NZD,2024-06-05T21:00:00Z,None,,0.5%,1.1%,false,false
,Goods Trade Balance,AUD,2024-06-05T21:30:00Z,None,5.37B,4.84B,6.55B,false,false
,30-y Bond Auction,JPY,2024-06-05T23:35:00Z,None,,1.99|3.2,2.16|3.6,false,false
,European Parliamentary Elections,EUR,2024-06-06T00:00:00Z,None,,,,false,false
,Unemployment Rate,CHF,2024-06-06T01:45:00Z,None,2.3%,2.3%,2.4%,false,false
,German Factory Orders m/m,EUR,2024-06-06T02:00:00Z,None,0.6%,-0.4%,-0.2%,false,false
,Italian Retail Sales m/m,EUR,2024-06-06T04:00:00Z,None,0.3%,0.0%,-0.1%,false,false
,Construction PMI,GBP,2024-06-06T04:30:00Z,None,52.5,53.0,54.7,false,false
,French 10-y Bond Auction,EUR,2024-06-06T04:58:00Z,None,,3.03|2.2,3.05|2.0,false,false
,Retail Sales m/m,EUR,2024-06-06T05:00:00Z,None,-0.2%,0.7%,-0.5%,false,false
,Challenger Job Cuts y/y,USD,2024-06-06T07:30:00Z,None,,-3.3%,-20.3%,false,false
,Main Refinancing Rate,EUR,2024-06-06T08:15:00Z,High,4.25%,4.50%,4.25%,false,false
,Monetary Policy Statement,EUR,2024-06-06T08:15:00Z,High,,,,false,false
,Revised Nonfarm Productivity q/q,USD,2024-06-06T08:30:00Z,None,0.1%,0.3%,0.2%,false,false
,Trade Balance,CAD,2024-06-06T08:30:00Z,None,-1.2B,-2.0B,-1.0B,false,false
,Unemployment Claims,USD,2024-06-06T08:30:00Z,High,220K,221K,229K,false,false
,Revised Unit Labor Costs q/q,USD,2024-06-06T08:30:00Z,None,4.8%,4.7%,4.0%,false,false
,Trade Balance,USD,2024-06-06T08:30:00Z,None,-76.2B,-68.6B,-74.6B,false,false
,ECB Press Conference,EUR,2024-06-06T08:45:00Z,High,,,,false,false
,Ivey PMI,CAD,2024-06-06T10:00:00Z,None,65.2,63.0,52.0,false,false
,Natural Gas Storage,USD,2024-06-06T10:30:00Z,None,89B,84B,98B,false,false
,Manufacturing Sales q/q,NZD,2024-06-06T18:45:00Z,None,,-0.5%,0.7%,false,false
,Household Spending y/y,JPY,2024-06-06T19:30:00Z,None,0.6%,-1.2%,0.5%,false,false
,Household Spending m/m,AUD,2024-06-06T21:30:00Z,None,,-0.8%,0.8%,false,false
,RBA Deputy Gov Hauser Speaks,AUD,2024-06-06T23:00:00Z,None,,,,false,false
,Trade Balance,CNY,2024-06-06T23:03:00Z,None,523B,513B,586B,false,false
,USD-Denominated Trade Balance,CNY,2024-06-06T23:04:00Z,None,72.2B,72.4B,82.6B,false,false
,European Parliamentary Elections,EUR,2024-06-07T00:00:00Z,None,,,,false,false
,Leading Indicators,JPY,2024-06-07T01:00:00Z,None,111.6%,112.2%,111.6%,false,false
,German Industrial Production m/m,EUR,2024-06-07T02:00:00Z,None,0.1%,-0.4%,-0.1%,false,false
,Lloyds HPI m/m,GBP,2024-06-07T02:00:00Z,None,0.3%,0.0%,-0.1%,false,false
,German Trade Balance,EUR,2024-06-07T02:00:00Z,None,22.6B,22.2B,22.1B,false,false
,French Trade Balance,EUR,2024-06-07T02:45:00Z,None,-5.4B,-5.4B,-7.6B,false,false
,Foreign Currency Reserves,CHF,2024-06-07T03:00:00Z,None,,720B,718B,false,false
,German Buba President Nagel Speaks,EUR,2024-06-07T03:00:00Z,None,,,,false,false
,Final Employment Change q/q,EUR,2024-06-07T05:00:00Z,None,0.3%,0.3%,0.3%,false,false
,Revised GDP q/q,EUR,2024-06-07T05:00:00Z,None,0.3%,0.3%,0.3%,false,false
,German Buba Monthly Report,EUR,2024-06-07T06:03:00Z,None,,,,false,false
,Employment Change,CAD,2024-06-07T08:30:00Z,High,24.8K,90.4K,26.7K,false,false
,Unemployment Rate,CAD,2024-06-07T08:30:00Z,High,6.2%,6.1%,6.2%,false,false
,Capacity Utilization Rate,CAD,2024-06-07T08:30:00Z,None,78.8%,78.6%,78.5%,false,false
,Average Hourly Earnings m/m,USD,2024-06-07T08:30:00Z,High,0.3%,0.2%,0.4%,false,false
,Non-Farm Employment Change,USD,2024-06-07T08:30:00Z,High,182K,165K,272K,false,false
,Unemployment Rate,USD,2024-06-07T08:30:00Z,High,3.9%,3.9%,4.0%,false,false
,Final Wholesale Inventories m/m,USD,2024-06-07T10:00:00Z,None,0.2%,0.2%,0.1%,false,false
,FOMC Member Cook Speaks,USD,2024-06-07T12:00:00Z,None,,,,false,false
,Consumer Credit m/m,USD,2024-06-07T15:00:00Z,None,9.3B,-1.1B,6.4B,false,false
,European Parliamentary Elections,EUR,2024-06-08T00:00:00Z,None,,,,false,false
,European Parliamentary Elections,EUR,2024-06-09T00:00:00Z,High,,,,false,false
,Bank Holiday,AUD,2024-06-09T00:00:00Z,None,,,,true,false
,Bank Holiday,CNY,2024-06-09T00:00:00Z,None,,,,true,false
,Bank Lending y/y,JPY,2024-06-09T19:50:00Z,None,3.1%,3.1%,3.0%,false,false
,Current Account,JPY,2024-06-09T19:50:00Z,None,2.09T,2.01T,2.52T,false,false
,Final GDP Price Index y/y,JPY,2024-06-09T19:50:00Z,None,3.6%,3.6%,3.4%,false,false
,Final GDP q/q,JPY,2024-06-09T19:50:00Z,None,-0.5%,-0.5%,-0.5%,false,false
,Economy Watchers Sentiment,JPY,2024-06-10T01:00:00Z,None,48.6,47.4,45.7,false,false
,SECO Consumer Climate,CHF,2024-06-10T03:00:00Z,None,-37,-38,-38,false,false
,Italian Industrial Production m/m,EUR,2024-06-10T04:00:00Z,None,0.3%,-0.5%,-1.0%,false,false
,Sentix Investor Confidence,EUR,2024-06-10T04:30:00Z,None,-1.5,-3.6,0.3,false,false
,German Buba President Nagel Speaks,EUR,2024-06-10T05:30:00Z,None,,,,false,false
,M2 Money Stock y/y,JPY,2024-06-10T19:50:00Z,None,2.1%,2.2%,1.9%,false,false
,NAB Business Confidence,AUD,2024-06-10T21:30:00Z,None,,2,-3,false,false
,Prelim Machine Tool Orders y/y,JPY,2024-06-11T01:58:00Z,None,,-8.9%,4.2%,false,false
,Unemployment Rate,GBP,2024-06-11T02:00:00Z,None,4.3%,4.3%,4.4%,false,false
,Average Earnings Index 3m/y,GBP,2024-06-11T02:00:00Z,None,5.7%,5.9%,5.9%,false,false
,Claimant Count Change,GBP,2024-06-11T02:00:00Z,High,10.2K,8.4K,50.4K,false,false
,NFIB Small Business Index,USD,2024-06-11T06:00:00Z,None,89.8,89.7,90.5,false,false
,Building Permits m/m,CAD,2024-06-11T08:30:00Z,None,4.9%,-12.3%,20.5%,false,false
,CB Leading Index m/m,GBP,2024-06-11T09:30:00Z,None,,-0.1%,-0.1%,false,false
,10-y Bond Auction,USD,2024-06-11T13:01:00Z,None,,4.48|2.5,4.44|2.7,false,false
,API Weekly Statistical Bulletin,USD,2024-06-11T16:30:00Z,None,,,,false,false
,Visitor Arrivals m/m,NZD,2024-06-11T18:45:00Z,None,,9.7%,-9.4%,false,false
,PPI y/y,JPY,2024-06-11T19:50:00Z,None,2.0%,1.1%,2.4%,false,false
,CPI y/y,CNY,2024-06-11T21:30:00Z,None,0.4%,0.3%,0.3%,false,false
,PPI y/y,CNY,2024-06-11T21:30:00Z,None,-1.5%,-2.5%,-1.4%,false,false
,Eurogroup Meetings,EUR,2024-06-12T00:00:00Z,None,,,,true,false
,German Final CPI m/m,EUR,2024-06-12T02:00:00Z,None,0.1%,0.1%,0.1%,false,false
,GDP m/m,GBP,2024-06-12T02:00:00Z,High,0.0%,0.4%,0.0%,false,false
,Construction Output m/m,GBP,2024-06-12T02:00:00Z,None,0.1%,-0.4%,-1.4%,false,false
,Goods Trade Balance,GBP,2024-06-12T02:00:00Z,None,-14.2B,-14.0B,-19.6B,false,false
,Index of Services 3m/3m,GBP,2024-06-12T02:00:00Z,None,0.8%,0.7%,0.9%,false,false
,Industrial Production m/m,GBP,2024-06-12T02:00:00Z,None,-0.1%,0.2%,-0.9%,false,false
,Manufacturing Production m/m,GBP,2024-06-12T02:00:00Z,None,-0.2%,0.3%,-1.4%,false,false
,German 10-y Bond Auction,EUR,2024-06-12T05:33:00Z,None,,2.53|2.8,2.60|2.0,false,false
,NIESR GDP Estimate,GBP,2024-06-12T07:01:00Z,None,,0.7%,0.7%,false,false
,CPI m/m,USD,2024-06-12T08:30:00Z,High,0.1%,0.3%,0.0%,false,false
,Core CPI y/y,USD,2024-06-12T08:30:00Z,High,3.5%,3.6%,3.4%,false,false
,Core CPI m/m,USD,2024-06-12T08:30:00Z,High,0.3%,0.3%,0.2%,false,false
,CPI y/y,USD,2024-06-12T08:30:00Z,High,3.4%,3.4%,3.3%,false,false
,Crude Oil Inventories,USD,2024-06-12T10:30:00Z,None,-1.2M,1.2M,3.7M,false,false
,Federal Budget Balance,USD,2024-06-12T14:00:00Z,None,-279.6B,209.5B,-347.1B,false,false
,Federal Funds Rate,USD,2024-06-12T14:00:00Z,High,5.50%,5.50%,5.50%,false,false
,FOMC Economic Projections,USD,2024-06-12T14:00:00Z,High,,,,false,false
,FOMC Statement,USD,2024-06-12T14:00:00Z,High,,,,false,false
,FOMC Press Conference,USD,2024-06-12T14:30:00Z,High,,,,false,false
,BOC Gov Macklem Speaks,CAD,2024-06-12T15:15:00Z,High,,,,false,false
,German Buba President Nagel Speaks,EUR,2024-06-12T15:30:00Z,None,,,,false,false
,RICS House Price Balance,GBP,2024-06-12T19:01:00Z,None,-5%,-7%,-17%,false,false
,BSI Manufacturing Index,JPY,2024-06-12T19:50:00Z,None,-5.2,-6.7,-1.0,false,false
,Unemployment Rate,AUD,2024-06-12T21:30:00Z,High,4.0%,4.1%,4.0%,false,false
,Employment Change,AUD,2024-06-12T21:30:00Z,High,30.5K,37.4K,39.7K,false,false
,G7 Meetings,All,2024-06-13T00:00:00Z,None,,,,false,false
,German WPI m/m,EUR,2024-06-13T02:00:00Z,None,0.3%,0.4%,0.1%,false,false
,PPI m/m,CHF,2024-06-13T02:30:00Z,None,0.5%,0.6%,-0.3%,false,false
,Italian Quarterly Unemployment Rate,EUR,2024-06-13T04:00:00Z,None,7.4%,7.4%,7.2%,false,false
,Industrial Production m/m,EUR,2024-06-13T05:00:00Z,None,0.1%,0.5%,-0.1%,false,false
,Unemployment Claims,USD,2024-06-13T08:30:00Z,High,225K,229K,242K,false,false
,Core PPI m/m,USD,2024-06-13T08:30:00Z,High,0.3%,0.5%,0.0%,false,false
,PPI m/m,USD,2024-06-13T08:30:00Z,High,0.1%,0.5%,-0.2%,false,false
,Gov Council Member Kozicki Speaks,CAD,2024-06-13T09:35:00Z,None,,,,false,false
,Natural Gas Storage,USD,2024-06-13T10:30:00Z,None,73B,98B,74B,false,false
,Treasury Sec Yellen Speaks,USD,2024-06-13T12:00:00Z,None,,,,false,false
,FOMC Member Williams Speaks,USD,2024-06-13T12:00:00Z,None,,,,false,false
,BOC Gov Macklem Speaks,CAD,2024-06-13T13:00:00Z,High,,,,false,false
,30-y Bond Auction,USD,2024-06-13T13:01:00Z,None,,4.64|2.4,4.40|2.5,false,false
,BusinessNZ Manufacturing Index,NZD,2024-06-13T18:30:00Z,None,,48.8,47.2,false,false
,FPI m/m,NZD,2024-06-13T18:45:00Z,None,,0.6%,-0.2%,false,false
,Monetary Policy Statement,JPY,2024-06-13T23:23:00Z,High,,,,false,false
,BOJ Policy Rate,JPY,2024-06-13T23:23:00Z,High,<0.10%,<0.10%,<0.10%,false,false
,G7 Meetings,All,2024-06-14T00:00:00Z,None,,,,false,false
,Revised Industrial Production m/m,JPY,2024-06-14T00:29:00Z,None,-0.1%,-0.1%,-0.9%,false,false
,Tertiary Industry Activity m/m,JPY,2024-06-14T00:30:00Z,None,0.4%,-2.3%,1.9%,false,false
,BOJ Press Conference,JPY,2024-06-14T02:30:00Z,High,,,,false,false
,French Final CPI m/m,EUR,2024-06-14T02:45:00Z,None,0.0%,0.0%,0.0%,false,false
,Italian Trade Balance,EUR,2024-06-14T04:00:00Z,None,4.25B,4.30B,4.81B,false,false
,Consumer Inflation Expectations,GBP,2024-06-14T04:30:00Z,None,,3.0%,2.8%,false,false
,Trade Balance,EUR,2024-06-14T05:00:00Z,None,17.0B,17.2B,19.4B,false,false
,M2 Money Supply y/y,CNY,2024-06-14T05:02:00Z,None,7.1%,7.2%,7.0%,false,false
,New Loans,CNY,2024-06-14T05:03:00Z,None,2250B,730B,950B,false,false
,Import Prices m/m,USD,2024-06-14T08:30:00Z,None,0.0%,0.9%,-0.4%,false,false
,Manufacturing Sales m/m,CAD,2024-06-14T08:30:00Z,None,1.3%,-1.8%,1.1%,false,false
,Wholesale Sales m/m,CAD,2024-06-14T08:30:00Z,None,2.6%,-1.3%,2.4%,false,false
,Prelim UoM Inflation Expectations,USD,2024-06-14T10:00:00Z,None,,3.3%,3.3%,false,false
,Prelim UoM Consumer Sentiment,USD,2024-06-14T10:00:00Z,High,72.1,69.1,65.6,false,false
,ECB President Lagarde Speaks,EUR,2024-06-14T13:30:00Z,None,,,,false,false
,FOMC Member Cook Speaks,USD,2024-06-14T19:00:00Z,None,,,,false,false
,G7 Meetings,All,2024-06-15T00:00:00Z,None,,,,false,false
,BusinessNZ Services Index,NZD,2024-06-16T18:30:00Z,None,,46.6,43.0,false,false
,Rightmove HPI m/m,GBP,2024-06-16T19:01:00Z,None,,0.8%,0.0%,false,false
,Core Machinery Orders m/m,JPY,2024-06-16T19:50:00Z,None,-2.9%,2.9%,-2.9%,false,false
,ANZ Job Advertisements m/m,AUD,2024-06-16T21:30:00Z,None,,-2.3%,-2.1%,false,false
,New Home Prices m/m,CNY,2024-06-16T21:30:00Z,None,,-0.58%,-0.71%,false,false
,Industrial Production y/y,CNY,2024-06-16T22:00:00Z,None,6.2%,6.7%,5.6%,false,false
,Retail Sales y/y,CNY,2024-06-16T22:00:00Z,None,3.0%,2.3%,3.7%,false,false
,Fixed Asset Investment ytd/y,CNY,2024-06-16T22:00:00Z,None,4.2%,4.2%,4.0%,false,false
,NBS Press Conference,CNY,2024-06-16T22:00:00Z,None,,,,false,false
,Unemployment Rate,CNY,2024-06-16T22:00:00Z,None,5.0%,5.0%,5.0%,false,false
,SECO Economic Forecasts,CHF,2024-06-17T03:00:00Z,None,,,,false,false
,Housing Starts,CAD,2024-06-17T08:15:00Z,None,247K,241K,265K,false,false
,Foreign Securities Purchases,CAD,2024-06-17T08:30:00Z,None,12.30B,14.38B,41.16B,false,false
,Empire State Manufacturing Index,USD,2024-06-17T08:30:00Z,High,-12.5,-15.6,-6.0,false,false
,Westpac Consumer Sentiment,NZD,2024-06-17T17:00:00Z,None,,93.2,82.2,false,false
,FOMC Member Cook Speaks,USD,2024-06-17T21:00:00Z,None,,,,false,false
,Cash Rate,AUD,2024-06-18T00:30:00Z,High,4.35%,4.35%,4.35%,false,false
,RBA Rate Statement,AUD,2024-06-18T00:30:00Z,High,,,,false,false
,RBA Press Conference,AUD,2024-06-18T01:30:00Z,None,,,,false,false
,Final Core CPI y/y,EUR,2024-06-18T05:00:00Z,None,2.9%,2.9%,2.9%,false,false
,Final CPI y/y,EUR,2024-06-18T05:00:00Z,None,2.6%,2.6%,2.6%,false,false
,ZEW Economic Sentiment,EUR,2024-06-18T05:00:00Z,None,47.8,47.0,51.3,false,false
,German ZEW Economic Sentiment,EUR,2024-06-18T05:00:00Z,None,49.6,47.1,47.5,false,false
,Core Retail Sales m/m,USD,2024-06-18T08:30:00Z,High,0.2%,-0.1%,-0.1%,false,false
,Retail Sales m/m,USD,2024-06-18T08:30:00Z,High,0.3%,-0.2%,0.1%,false,false
,Industrial Production m/m,USD,2024-06-18T09:15:00Z,None,0.3%,0.0%,0.9%,false,false
,Capacity Utilization Rate,USD,2024-06-18T09:15:00Z,None,78.6%,78.2%,78.7%,false,false
,Business Inventories m/m,USD,2024-06-18T10:00:00Z,None,0.3%,-0.1%,0.3%,false,false
,FOMC Member Barkin Speaks,USD,2024-06-18T10:00:00Z,None,,,,false,false
,CB Leading Index m/m,AUD,2024-06-18T10:30:00Z,None,,-0.3%,-0.3%,false,false
,GDT Price Index,NZD,2024-06-18T11:09:00Z,None,,1.7%,-0.5%,false,false
,FOMC Member Kugler Speaks,USD,2024-06-18T13:00:00Z,None,,,,false,false
,TIC Long-Term Purchases,USD,2024-06-18T16:00:00Z,None,69.3B,102.6B,123.1B,false,false
,API Weekly Statistical Bulletin,USD,2024-06-18T16:30:00Z,None,,,,false,false
,Current Account,NZD,2024-06-18T18:45:00Z,None,-4.69B,-7.98B,-4.36B,false,false
,Monetary Policy Meeting Minutes,JPY,2024-06-18T19:50:00Z,None,,,,false,false
,Trade Balance,JPY,2024-06-18T19:50:00Z,None,-0.64T,-0.58T,-0.62T,false,false
,Bank Holiday,USD,2024-06-19T00:00:00Z,None,,,,true,false
,Core CPI y/y,GBP,2024-06-19T02:00:00Z,None,3.5%,3.9%,3.5%,false,false
,PPI Input m/m,GBP,2024-06-19T02:00:00Z,None,-0.3%,0.8%,0.0%,false,false
,PPI Output m/m,GBP,2024-06-19T02:00:00Z,None,0.1%,0.3%,-0.1%,false,false
,RPI y/y,GBP,2024-06-19T02:00:00Z,None,3.1%,3.3%,3.0%,false,false
,CPI y/y,GBP,2024-06-19T02:00:00Z,High,2.0%,2.3%,2.0%,false,false
,Current Account,EUR,2024-06-19T04:00:00Z,None,35.2B,35.8B,38.6B,false,false
,HPI y/y,GBP,2024-06-19T04:30:00Z,None,2.0%,0.9%,1.1%,false,false
,German 30-y Bond Auction,EUR,2024-06-19T05:36:00Z,None,,2.62|3.1,2.54|1.6,false,false
,NAHB Housing Market Index,USD,2024-06-19T10:00:00Z,None,45,45,43,false,false
,BOC Summary of Deliberations,CAD,2024-06-19T13:30:00Z,None,,,,false,false
,GDP q/q,NZD,2024-06-19T18:45:00Z,High,0.1%,-0.1%,0.2%,false,false
,1-y Loan Prime Rate,CNY,2024-06-19T21:15:00Z,None,3.45%,3.45%,3.45%,false,false
,5-y Loan Prime Rate,CNY,2024-06-19T21:15:00Z,None,3.95%,3.95%,3.95%,false,false
,SNB Financial Stability Report,CHF,2024-06-20T00:30:00Z,None,,,,false,false
,Trade Balance,CHF,2024-06-20T02:00:00Z,None,3.84B,4.34B,5.81B,false,false
,German PPI m/m,EUR,2024-06-20T02:00:00Z,None,0.1%,0.2%,0.0%,false,false
,SNB Monetary Policy Assessment,CHF,2024-06-20T03:30:00Z,High,,,,false,false
,SNB Policy Rate,CHF,2024-06-20T03:30:00Z,High,1.50%,1.50%,1.25%,false,false
,SNB Press Conference,CHF,2024-06-20T04:00:00Z,High,,,,false,false
,ECB Economic Bulletin,EUR,2024-06-20T04:00:00Z,None,,,,false,false
,Spanish 10-y Bond Auction,EUR,2024-06-20T04:45:00Z,None,,3.25|1.8,3.35|1.7,false,false
,Monetary Policy Summary,GBP,2024-06-20T07:00:00Z,High,,,,false,false
,MPC Official Bank Rate Votes,GBP,2024-06-20T07:00:00Z,High,0-2-7,0-2-7,0-2-7,false,false
,Official Bank Rate,GBP,2024-06-20T07:00:00Z,High,5.25%,5.25%,5.25%,false,false
,Unemployment Claims,USD,2024-06-20T08:30:00Z,High,235K,243K,238K,false,false
,NHPI m/m,CAD,2024-06-20T08:30:00Z,None,0.2%,0.2%,0.2%,false,false
,Building Permits,USD,2024-06-20T08:30:00Z,None,1.45M,1.44M,1.39M,false,false
,Philly Fed Manufacturing Index,USD,2024-06-20T08:30:00Z,None,4.8,4.5,1.3,false,false
,Current Account,USD,2024-06-20T08:30:00Z,None,-207B,-222B,-238B,false,false
,Housing Starts,USD,2024-06-20T08:30:00Z,None,1.37M,1.35M,1.28M,false,false
,Consumer Confidence,EUR,2024-06-20T10:00:00Z,None,-14,-14,-14,false,false
,Crude Oil Inventories,USD,2024-06-20T11:00:00Z,None,-2.8M,3.7M,-2.5M,false,false
,FOMC Member Barkin Speaks,USD,2024-06-20T15:30:00Z,None,,,,false,false
,Treasury Currency Report,USD,2024-06-20T16:00:00Z,High,,,,false,false
,Flash Manufacturing PMI,AUD,2024-06-20T19:00:00Z,None,,49.7,47.5,false,false
,Flash Services PMI,AUD,2024-06-20T19:00:00Z,None,,52.5,51.0,false,false
,GfK Consumer Confidence,GBP,2024-06-20T19:01:00Z,None,-16,-17,-14,false,false
,National Core CPI y/y,JPY,2024-06-20T19:30:00Z,None,2.6%,2.2%,2.5%,false,false
,Flash Manufacturing PMI,JPY,2024-06-20T20:30:00Z,None,50.6,50.4,50.1,false,false
,ECOFIN Meetings,EUR,2024-06-21T00:00:00Z,None,,,,true,false
,Retail Sales m/m,GBP,2024-06-21T02:00:00Z,High,1.6%,-1.8%,2.9%,false,false
,Public Sector Net Borrowing,GBP,2024-06-21T02:00:00Z,None,14.5B,17.5B,14.1B,false,false
,German Buba President Nagel Speaks,EUR,2024-06-21T03:00:00Z,None,,,,false,false
,French Flash Manufacturing PMI,EUR,2024-06-21T03:15:00Z,High,46.8,46.4,45.3,false,false
,French Flash Services PMI,EUR,2024-06-21T03:15:00Z,High,50.0,49.3,48.8,false,false
,German Flash Manufacturing PMI,EUR,2024-06-21T03:30:00Z,High,46.4,45.4,43.4,false,false
,German Flash Services PMI,EUR,2024-06-21T03:30:00Z,High,54.4,54.2,53.5,false,false
,Flash Manufacturing PMI,EUR,2024-06-21T04:00:00Z,None,48.0,47.3,45.6,false,false
,Flash Services PMI,EUR,2024-06-21T04:00:00Z,None,53.5,53.2,52.6,false,false
,Flash Manufacturing PMI,GBP,2024-06-21T04:30:00Z,High,51.3,51.2,51.4,false,false
,Flash Services PMI,GBP,2024-06-21T04:30:00Z,High,53.0,52.9,51.2,false,false
,Foreign Direct Investment ytd/y,CNY,2024-06-21T08:26:00Z,None,,-27.9%,-28.2%,false,false
,Core Retail Sales m/m,CAD,2024-06-21T08:30:00Z,None,0.5%,-0.8%,1.8%,false,false
,Retail Sales m/m,CAD,2024-06-21T08:30:00Z,None,0.7%,-0.3%,0.7%,false,false
,IPPI m/m,CAD,2024-06-21T08:30:00Z,None,0.4%,1.4%,0.0%,false,false
,RMPI m/m,CAD,2024-06-21T08:30:00Z,None,-0.6%,5.3%,-1.0%,false,false
,Flash Manufacturing PMI,USD,2024-06-21T09:45:00Z,High,51.0,51.3,51.7,false,false
,Flash Services PMI,USD,2024-06-21T09:45:00Z,High,53.4,54.8,55.1,false,false
,Existing Home Sales,USD,2024-06-21T10:00:00Z,None,4.08M,4.14M,4.11M,false,false
,CB Leading Index m/m,USD,2024-06-21T10:00:00Z,None,-0.4%,-0.6%,-0.5%,false,false
,Natural Gas Storage,USD,2024-06-21T10:30:00Z,None,69B,74B,71B,false,false
,Trade Balance,NZD,2024-06-23T18:45:00Z,None,155M,-3M,204M,false,false
,BOJ Summary of Opinions,JPY,2024-06-23T19:50:00Z,None,,,,false,false
,Credit Card Spending y/y,NZD,2024-06-23T23:00:00Z,None,,-0.8%,0.0%,false,false
,FOMC Member Waller Speaks,USD,2024-06-24T03:00:00Z,None,,,,false,false
,German ifo Business Climate,EUR,2024-06-24T04:00:00Z,None,89.4,89.3,88.6,false,false
,CBI Industrial Order Expectations,GBP,2024-06-24T06:00:00Z,None,-26,-33,-18,false,false
,German Buba President Nagel Speaks,EUR,2024-06-24T06:10:00Z,None,,,,false,false
,Belgian NBB Business Climate,EUR,2024-06-24T08:58:00Z,None,-10.2,-11.0,-11.1,false,false
,BOC Gov Macklem Speaks,CAD,2024-06-24T13:30:00Z,High,,,,false,false
,FOMC Member Daly Speaks,USD,2024-06-24T14:00:00Z,None,,,,false,false
,SPPI y/y,JPY,2024-06-24T19:50:00Z,None,3.0%,2.7%,2.5%,false,false
,Westpac Consumer Sentiment,AUD,2024-06-24T20:30:00Z,None,,-0.3%,1.7%,false,false
,BOJ Core CPI y/y,JPY,2024-06-25T01:00:00Z,None,1.9%,1.8%,2.1%,false,false
,FOMC Member Bowman Speaks,USD,2024-06-25T07:00:00Z,None,,,,false,false
,CPI m/m,CAD,2024-06-25T08:30:00Z,High,0.3%,0.5%,0.6%,false,false
,Median CPI y/y,CAD,2024-06-25T08:30:00Z,High,2.6%,2.6%,2.8%,false,false
,Trimmed CPI y/y,CAD,2024-06-25T08:30:00Z,High,2.8%,2.8%,2.9%,false,false
,Common CPI y/y,CAD,2024-06-25T08:30:00Z,None,2.6%,2.6%,2.4%,false,false
,Core CPI m/m,CAD,2024-06-25T08:32:00Z,None,,0.2%,0.6%,false,false
,S&P/CS Composite-20 HPI y/y,USD,2024-06-25T09:00:00Z,None,7.0%,7.5%,7.2%,false,false
,HPI m/m,USD,2024-06-25T09:00:00Z,None,0.3%,0.0%,0.2%,false,false
,Richmond Manufacturing Index,USD,2024-06-25T09:59:00Z,None,-3,0,-10,false,false
,CB Consumer Confidence,USD,2024-06-25T10:00:00Z,High,100.0,101.3,100.4,false,false
,FOMC Member Cook Speaks,USD,2024-06-25T12:00:00Z,None,,,,false,false
,German Buba President Nagel Speaks,EUR,2024-06-25T13:15:00Z,None,,,,false,false
,FOMC Member Bowman Speaks,USD,2024-06-25T14:10:00Z,None,,,,false,false
,API Weekly Statistical Bulletin,USD,2024-06-25T16:30:00Z,None,,,,false,false
,RBA Assist Gov Kent Speaks,AUD,2024-06-25T19:35:00Z,None,,,,false,false
,MI Leading Index m/m,AUD,2024-06-25T20:30:00Z,None,,0.0%,0.0%,false,false
,CPI y/y,AUD,2024-06-25T21:30:00Z,High,3.8%,3.6%,4.0%,false,false
,German GfK Consumer Climate,EUR,2024-06-26T02:00:00Z,None,-19.4,-21.0,-21.8,false,false
,UBS Economic Expectations,CHF,2024-06-26T04:00:00Z,None,,18.2,17.5,false,false
,CBI Realized Sales,GBP,2024-06-26T06:00:00Z,None,1,8,-24,false,false
,SNB Quarterly Bulletin,CHF,2024-06-26T09:00:00Z,None,,,,false,false
,CB Leading Index m/m,CNY,2024-06-26T09:00:00Z,None,,-0.3%,-0.5%,false,false
,New Home Sales,USD,2024-06-26T10:00:00Z,High,636K,698K,619K,false,false
,Crude Oil Inventories,USD,2024-06-26T10:30:00Z,None,-2.6M,-2.5M,3.6M,false,false
,Bank Stress Test Results,USD,2024-06-26T16:30:00Z,None,,,,false,false
,Retail Sales y/y,JPY,2024-06-26T19:50:00Z,None,2.0%,2.0%,3.0%,false,false
,MI Inflation Expectations,AUD,2024-06-26T21:00:00Z,None,,4.1%,4.4%,false,false
,ANZ Business Confidence,NZD,2024-06-26T21:00:00Z,None,,11.2,6.1,false,false
,RBNZ Statement of Intent,NZD,2024-06-26T22:00:00Z,None,,,,false,false
,Bank Holiday,NZD,2024-06-27T00:00:00Z,None,,,,true,false
,Private Loans y/y,EUR,2024-06-27T04:00:00Z,None,0.3%,0.2%,0.3%,false,false
,M3 Money Supply y/y,EUR,2024-06-27T04:00:00Z,None,1.5%,1.3%,1.6%,false,false
,Italian 10-y Bond Auction,EUR,2024-06-27T05:09:00Z,None,,3.97|1.5,4.01|1.4,false,false
,BOE Gov Bailey Speaks,GBP,2024-06-27T05:30:00Z,High,,,,false,false
,BOE Financial Stability Report,GBP,2024-06-27T05:30:00Z,None,,,,false,false
,FPC Meeting Minutes,GBP,2024-06-27T05:30:00Z,None,,,,false,false
,FPC Statement,GBP,2024-06-27T05:30:00Z,None,,,,false,false
,RBA Deputy Gov Hauser Speaks,AUD,2024-06-27T06:00:00Z,None,,,,false,false
,Final GDP q/q,USD,2024-06-27T08:30:00Z,High,1.4%,1.3%,1.4%,false,false
,Core Durable Goods Orders m/m,USD,2024-06-27T08:30:00Z,None,0.2%,0.4%,-0.1%,false,false
,Durable Goods Orders m/m,USD,2024-06-27T08:30:00Z,None,-0.5%,0.6%,0.1%,false,false
,Final GDP Price Index q/q,USD,2024-06-27T08:30:00Z,None,3.0%,3.0%,3.1%,false,false
,Goods Trade Balance,USD,2024-06-27T08:30:00Z,None,-96.0B,-98.0B,-100.6B,false,false
,Prelim Wholesale Inventories m/m,USD,2024-06-27T08:30:00Z,None,0.1%,0.1%,0.6%,false,false
,Unemployment Claims,USD,2024-06-27T08:30:00Z,High,236K,239K,233K,false,false
,Pending Home Sales m/m,USD,2024-06-27T10:00:00Z,High,0.6%,-7.7%,-2.1%,false,false
,Natural Gas Storage,USD,2024-06-27T10:30:00Z,None,53B,71B,52B,false,false
,Tokyo Core CPI y/y,JPY,2024-06-27T19:30:00Z,None,2.0%,1.9%,2.1%,false,false
,Unemployment Rate,JPY,2024-06-27T19:30:00Z,None,2.6%,2.6%,2.6%,false,false
,Prelim Industrial Production m/m,JPY,2024-06-27T19:50:00Z,None,2.0%,-0.9%,2.8%,false,false
,President Biden Speaks,USD,2024-06-27T21:00:00Z,None,,,,false,false
,Private Sector Credit m/m,AUD,2024-06-27T21:30:00Z,None,0.4%,0.5%,0.4%,false,false
,Housing Starts y/y,JPY,2024-06-28T01:00:00Z,None,-6.1%,13.9%,-5.3%,false,false
,German Import Prices m/m,EUR,2024-06-28T02:00:00Z,None,0.2%,0.7%,0.0%,false,false
,Current Account,GBP,2024-06-28T02:00:00Z,None,-17.7B,-21.2B,-21.0B,false,false
,Final GDP q/q,GBP,2024-06-28T02:00:00Z,None,0.6%,0.6%,0.7%,false,false
,Revised Business Investment q/q,GBP,2024-06-28T02:00:00Z,None,0.9%,0.9%,0.5%,false,false
,French Prelim CPI m/m,EUR,2024-06-28T02:45:00Z,None,0.1%,0.0%,0.1%,false,false
,French Consumer Spending m/m,EUR,2024-06-28T02:45:00Z,None,0.2%,-0.9%,1.5%,false,false
,KOF Economic Barometer,CHF,2024-06-28T03:00:00Z,None,101.0,102.2,102.7,false,false
,Spanish Flash CPI y/y,EUR,2024-06-28T03:00:00Z,None,3.4%,3.6%,3.4%,false,false
,German Unemployment Change,EUR,2024-06-28T03:55:00Z,None,14K,25K,19K,false,false
,Italian Prelim CPI m/m,EUR,2024-06-28T05:00:00Z,None,0.2%,0.2%,0.1%,false,false
,FOMC Member Barkin Speaks,USD,2024-06-28T06:00:00Z,None,,,,false,false
,GDP m/m,CAD,2024-06-28T08:30:00Z,High,0.3%,0.0%,0.3%,false,false
,Core PCE Price Index m/m,USD,2024-06-28T08:30:00Z,High,0.1%,0.3%,0.1%,false,false
,Personal Income m/m,USD,2024-06-28T08:30:00Z,None,0.4%,0.3%,0.5%,false,false
,Personal Spending m/m,USD,2024-06-28T08:30:00Z,None,0.3%,0.1%,0.2%,false,false
,Chicago PMI,USD,2024-06-28T09:45:00Z,None,39.7,35.4,47.4,false,false
,Revised UoM Consumer Sentiment,USD,2024-06-28T10:00:00Z,None,65.9,65.6,68.2,false,false
,Revised UoM Inflation Expectations,USD,2024-06-28T10:00:00Z,None,,3.3%,3.0%,false,false
,FOMC Member Bowman Speaks,USD,2024-06-28T12:00:00Z,None,,,,false,false
,Manufacturing PMI,CNY,2024-06-29T21:30:00Z,High,49.5,49.5,49.5,false,false
,Non-Manufacturing PMI,CNY,2024-06-29T21:30:00Z,None,51.1,51.1,50.5,false,false
,French Parliamentary Elections,EUR,2024-06-30T00:00:00Z,High,,,,true,false
,Tankan Manufacturing Index,JPY,2024-06-30T19:50:00Z,None,11,11,13,false,false
,Tankan Non-Manufacturing Index,JPY,2024-06-30T19:50:00Z,None,33,34,33,false,false
,Final Manufacturing PMI,JPY,2024-06-30T20:30:00Z,None,50.1,50.1,50.0,false,false
,MI Inflation Gauge m/m,AUD,2024-06-30T21:00:00Z,None,,0.3%,0.3%,false,false
,ANZ Job Advertisements m/m,AUD,2024-06-30T21:30:00Z,None,,-1.9%,-2.2%,false,false
,RatingDog Manufacturing PMI,CNY,2024-06-30T21:45:00Z,None,51.5,51.7,51.8,false,false
,German Prelim CPI m/m,EUR,2024-07-01T00:00:00Z,High,0.2%,0.1%,0.1%,true,false
,Bank Holiday,CAD,2024-07-01T00:00:00Z,None,,,,true,false
,Consumer Confidence,JPY,2024-07-01T01:00:00Z,None,36.4,36.2,36.4,false,false
,Nationwide HPI m/m,GBP,2024-07-01T02:25:00Z,None,0.0%,0.4%,0.2%,false,false
,Commodity Prices y/y,AUD,2024-07-01T02:30:00Z,None,,-6.0%,-4.1%,false,false
,Retail Sales y/y,CHF,2024-07-01T02:30:00Z,None,2.5%,2.2%,0.4%,false,false
,Spanish Manufacturing PMI,EUR,2024-07-01T03:15:00Z,None,53.1,54.0,52.3,false,false
,Manufacturing PMI,CHF,2024-07-01T03:30:00Z,None,45.2,46.4,43.9,false,false
,Italian Manufacturing PMI,EUR,2024-07-01T03:45:00Z,None,44.3,45.6,45.7,false,false
,French Final Manufacturing PMI,EUR,2024-07-01T03:50:00Z,None,45.3,45.3,45.4,false,false
,German Final Manufacturing PMI,EUR,2024-07-01T03:55:00Z,None,43.4,43.4,43.5,false,false
,Final Manufacturing PMI,EUR,2024-07-01T04:00:00Z,None,45.6,45.6,45.8,false,false
,Final Manufacturing PMI,GBP,2024-07-01T04:30:00Z,None,51.4,51.4,50.9,false,false
,M4 Money Supply m/m,GBP,2024-07-01T04:30:00Z,None,0.2%,0.0%,-0.1%,false,false
,Mortgage Approvals,GBP,2024-07-01T04:30:00Z,None,60K,61K,60K,false,false
,Net Lending to Individuals m/m,GBP,2024-07-01T04:30:00Z,None,3.3B,3.0B,2.7B,false,false
,German Buba President Nagel Speaks,EUR,2024-07-01T08:15:00Z,None,,,,false,false
,Final Manufacturing PMI,USD,2024-07-01T09:45:00Z,None,51.7,51.7,51.6,false,false
,ISM Manufacturing PMI,USD,2024-07-01T10:00:00Z,High,49.2,48.7,48.5,false,false
,ISM Manufacturing Prices,USD,2024-07-01T10:00:00Z,None,55.8,57.0,52.1,false,false
,Construction Spending m/m,USD,2024-07-01T10:00:00Z,None,0.3%,0.3%,-0.1%,false,false
,ECB President Lagarde Speaks,EUR,2024-07-01T15:00:00Z,None,,,,false,false
,NZIER Business Confidence,NZD,2024-07-01T18:00:00Z,None,,-25,-44,false,false
,Building Consents m/m,NZD,2024-07-01T18:45:00Z,None,,-2.1%,-1.7%,false,false
,BRC Shop Price Index y/y,GBP,2024-07-01T19:01:00Z,None,,0.6%,0.2%,false,false
,Monetary Base y/y,JPY,2024-07-01T19:50:00Z,None,1.0%,0.9%,0.6%,false,false
,Monetary Policy Meeting Minutes,AUD,2024-07-01T21:30:00Z,None,,,,false,false
,10-y Bond Auction,JPY,2024-07-01T23:35:00Z,None,,1.05|3.7,1.09|3.2,false,false
,Omdia Total Vehicle Sales,USD,2024-07-02T00:00:00Z,None,15.8M,15.9M,15.3M,true,false
,Spanish Unemployment Change,EUR,2024-07-02T03:00:00Z,None,-50.9K,-58.7K,-46.8K,false,false
,Italian Monthly Unemployment Rate,EUR,2024-07-02T04:00:00Z,None,6.9%,6.8%,6.8%,false,false
,Core CPI Flash Estimate y/y,EUR,2024-07-02T05:00:00Z,High,2.8%,2.9%,2.9%,false,false
,CPI Flash Estimate y/y,EUR,2024-07-02T05:00:00Z,High,2.5%,2.6%,2.5%,false,false
,Unemployment Rate,EUR,2024-07-02T05:00:00Z,None,6.4%,6.4%,6.4%,false,false
,Manufacturing PMI,CAD,2024-07-02T09:30:00Z,None,,49.3,49.3,false,false
,ECB President Lagarde Speaks,EUR,2024-07-02T09:30:00Z,None,,,,false,false
,FOMC Member Powell Speaks,USD,2024-07-02T09:30:00Z,High,,,,false,false
,JOLTS Job Openings,USD,2024-07-02T10:00:00Z,High,7.96M,7.92M,8.14M,false,false
,RCM/TIPP Economic Optimism,USD,2024-07-02T10:40:00Z,None,41.2,40.5,44.2,false,false
,GDT Price Index,NZD,2024-07-02T10:48:00Z,None,,-0.5%,-6.9%,false,false
,API Weekly Statistical Bulletin,USD,2024-07-02T16:30:00Z,None,,,,false,false
,ANZ Commodity Prices m/m,NZD,2024-07-02T21:00:00Z,None,,1.1%,1.5%,false,false
,Retail Sales m/m,AUD,2024-07-02T21:30:00Z,None,0.3%,0.1%,0.6%,false,false
,Building Approvals m/m,AUD,2024-07-02T21:30:00Z,None,1.5%,1.9%,5.5%,false,false
,RatingDog Services PMI,CNY,2024-07-02T21:45:00Z,None,53.4,54.0,51.2,false,false
,French Gov Budget Balance,EUR,2024-07-03T02:45:00Z,None,,-91.6B,-113.5B,false,false
,Spanish Services PMI,EUR,2024-07-03T03:15:00Z,None,56.5,56.9,56.8,false,false
,Italian Services PMI,EUR,2024-07-03T03:45:00Z,None,53.9,54.2,53.7,false,false
,French Final Services PMI,EUR,2024-07-03T03:50:00Z,None,48.8,48.8,49.6,false,false
,German Final Services PMI,EUR,2024-07-03T03:55:00Z,None,53.5,53.5,53.1,false,false
,Final Services PMI,EUR,2024-07-03T04:00:00Z,None,52.6,52.6,52.8,false,false
,Final Services PMI,GBP,2024-07-03T04:30:00Z,None,51.2,51.2,52.1,false,false
,PPI m/m,EUR,2024-07-03T05:00:00Z,None,-0.1%,-1.0%,-0.2%,false,false
,German 10-y Bond Auction,EUR,2024-07-03T05:39:00Z,None,,2.60|2.0,2.63|1.9,false,false
,FOMC Member Williams Speaks,USD,2024-07-03T06:30:00Z,None,,,,false,false
,Gov Board Member Martin Speaks,CHF,2024-07-03T07:30:00Z,None,,,,false,false
,Challenger Job Cuts y/y,USD,2024-07-03T07:30:00Z,None,,-20.3%,19.8%,false,false
,ADP Non-Farm Employment Change,USD,2024-07-03T08:15:00Z,High,163K,157K,150K,false,false
,Trade Balance,CAD,2024-07-03T08:30:00Z,None,-1.3B,-1.3B,-1.9B,false,false
,Unemployment Claims,USD,2024-07-03T08:30:00Z,High,234K,234K,238K,false,false
,Trade Balance,USD,2024-07-03T08:30:00Z,None,-76.3B,-74.5B,-75.1B,false,false
,Final Services PMI,USD,2024-07-03T09:45:00Z,None,55.0,55.1,55.3,false,false
,ISM Services PMI,USD,2024-07-03T10:00:00Z,High,52.6,53.8,48.8,false,false
,Factory Orders m/m,USD,2024-07-03T10:00:00Z,None,0.2%,0.4%,-0.5%,false,false
,ECB President Lagarde Speaks,EUR,2024-07-03T10:15:00Z,None,,,,false,false
,Crude Oil Inventories,USD,2024-07-03T10:30:00Z,None,-0.4M,3.6M,-12.2M,false,false
,Natural Gas Storage,USD,2024-07-03T12:00:00Z,None,31B,52B,32B,false,false
,FOMC Meeting Minutes,USD,2024-07-03T14:00:00Z,High,,,,false,false
,Goods Trade Balance,AUD,2024-07-03T21:30:00Z,None,6.20B,6.03B,5.77B,false,false
,30-y Bond Auction,JPY,2024-07-03T23:35:00Z,None,,2.16|3.6,2.19|3.0,false,false
,Parliamentary Elections,GBP,2024-07-04T00:00:00Z,High,,,,true,false
,Bank Holiday,USD,2024-07-04T00:00:00Z,None,,,,true,false
,Unemployment Rate,CHF,2024-07-04T01:45:00Z,None,2.4%,2.4%,2.4%,false,false
,German Factory Orders m/m,EUR,2024-07-04T02:00:00Z,None,0.5%,-0.6%,-1.6%,false,false
,CPI m/m,CHF,2024-07-04T02:30:00Z,High,0.1%,0.3%,0.0%,false,false
,Construction PMI,GBP,2024-07-04T04:30:00Z,None,54.0,54.7,52.2,false,false
,Spanish 10-y Bond Auction,EUR,2024-07-04T04:41:00Z,None,,3.35|1.7,3.42|2.2,false,false
,French 10-y Bond Auction,EUR,2024-07-04T05:01:00Z,None,,3.05|2.0,3.23|2.4,false,false
,ECB Monetary Policy Meeting Accounts,EUR,2024-07-04T07:30:00Z,None,,,,false,false
,Household Spending y/y,JPY,2024-07-04T19:30:00Z,None,0.2%,0.5%,-1.8%,false,false
,Household Spending m/m,AUD,2024-07-04T21:30:00Z,None,,-0.6%,0.0%,false,false
,Leading Indicators,JPY,2024-07-05T01:00:00Z,None,111.1%,110.9%,111.1%,false,false
,German Industrial Production m/m,EUR,2024-07-05T02:00:00Z,None,0.2%,0.1%,-2.5%,false,false
,Lloyds HPI m/m,GBP,2024-07-05T02:00:00Z,None,0.2%,0.0%,-0.2%,false,false
,French Industrial Production m/m,EUR,2024-07-05T02:45:00Z,None,-0.6%,0.6%,-2.1%,false,false
,French Trade Balance,EUR,2024-07-05T02:45:00Z,None,-7.2B,-7.6B,-8.0B,false,false
,Foreign Currency Reserves,CHF,2024-07-05T03:00:00Z,None,,718B,711B,false,false
,SECO Consumer Climate,CHF,2024-07-05T03:00:00Z,None,-35,-38,-37,false,false
,German Buba President Nagel Speaks,EUR,2024-07-05T03:00:00Z,None,,,,false,false
,Italian Retail Sales m/m,EUR,2024-07-05T04:00:00Z,None,0.2%,-0.1%,0.4%,false,false
,Housing Equity Withdrawal q/q,GBP,2024-07-05T04:30:00Z,None,-20.3B,-24.7B,-23.9B,false,false
,Retail Sales m/m,EUR,2024-07-05T05:00:00Z,None,0.2%,-0.2%,0.1%,false,false
,FOMC Member Williams Speaks,USD,2024-07-05T05:40:00Z,None,,,,false,false
,Employment Change,CAD,2024-07-05T08:30:00Z,High,27.3K,26.7K,-1.4K,false,false
,Unemployment Rate,CAD,2024-07-05T08:30:00Z,High,6.3%,6.2%,6.4%,false,false
,Average Hourly Earnings m/m,USD,2024-07-05T08:30:00Z,High,0.3%,0.4%,0.3%,false,false
,Non-Farm Employment Change,USD,2024-07-05T08:30:00Z,High,191K,218K,206K,false,false
,Unemployment Rate,USD,2024-07-05T08:30:00Z,High,4.0%,4.0%,4.1%,false,false
,Ivey PMI,CAD,2024-07-05T10:00:00Z,None,53.0,52.0,62.5,false,false
,Fed Monetary Policy Report,USD,2024-07-05T11:00:00Z,None,,,,false,false
,ECB President Lagarde Speaks,EUR,2024-07-05T13:15:00Z,None,,,,false,false
,French Parliamentary Elections,EUR,2024-07-07T00:00:00Z,High,,,,true,false
,Average Cash Earnings y/y,JPY,2024-07-07T19:30:00Z,None,2.1%,1.6%,1.9%,false,false
,Bank Lending y/y,JPY,2024-07-07T19:50:00Z,None,3.1%,2.9%,3.2%,false,false
,Current Account,JPY,2024-07-07T19:50:00Z,None,2.07T,2.52T,2.41T,false,false
,Economy Watchers Sentiment,JPY,2024-07-08T01:00:00Z,None,46.1,45.7,47.0,false,false
,German Trade Balance,EUR,2024-07-08T02:00:00Z,None,19.9B,22.2B,24.9B,false,false
,Sentix Investor Confidence,EUR,2024-07-08T04:30:00Z,None,-0.6,0.3,-7.3,false,false
,MPC Member Haskel Speaks,GBP,2024-07-08T07:00:00Z,None,,,,false,false
,Consumer Credit m/m,USD,2024-07-08T15:00:00Z,None,9.7B,6.5B,11.4B,false,false
,BRC Retail Sales Monitor y/y,GBP,2024-07-08T19:01:00Z,None,0.9%,0.4%,-0.5%,false,false
,M2 Money Stock y/y,JPY,2024-07-08T19:50:00Z,None,2.0%,1.9%,1.5%,false,false
,Westpac Consumer Sentiment,AUD,2024-07-08T20:30:00Z,None,,1.7%,-1.1%,false,false
,NAB Business Confidence,AUD,2024-07-08T21:30:00Z,None,,-2,4,false,false
,Prelim Machine Tool Orders y/y,JPY,2024-07-09T01:58:00Z,None,,4.2%,9.7%,false,false
,NFIB Small Business Index,USD,2024-07-09T06:00:00Z,None,90.3,90.5,91.5,false,false
,FOMC Member Barr Speaks,USD,2024-07-09T09:15:00Z,None,,,,false,false
,Fed Chairman Powell Testifies,USD,2024-07-09T10:00:00Z,High,,,,false,false
,Treasury Sec Yellen Speaks,USD,2024-07-09T10:00:00Z,None,,,,false,false
,FOMC Member Bowman Speaks,USD,2024-07-09T13:30:00Z,None,,,,false,false
,API Weekly Statistical Bulletin,USD,2024-07-09T16:30:00Z,None,,,,false,false
,Visitor Arrivals m/m,NZD,2024-07-09T18:45:00Z,None,,-8.8%,4.0%,false,false
,PPI y/y,JPY,2024-07-09T19:50:00Z,None,2.9%,2.6%,2.9%,false,false
,CPI y/y,CNY,2024-07-09T21:30:00Z,None,0.4%,0.3%,0.2%,false,false
,PPI y/y,CNY,2024-07-09T21:30:00Z,None,-0.8%,-1.4%,-0.8%,false,false
,Official Cash Rate,NZD,2024-07-09T22:00:00Z,High,5.50%,5.50%,5.50%,false,false
,RBNZ Rate Statement,NZD,2024-07-09T22:00:00Z,High,,,,false,false
,German Buba President Nagel Speaks,EUR,2024-07-10T04:00:00Z,None,,,,false,false
,Italian Industrial Production m/m,EUR,2024-07-10T04:00:00Z,None,0.0%,-1.0%,0.5%,false,false
,MPC Member Pill Speaks,GBP,2024-07-10T09:30:00Z,None,,,,false,false
,German Buba President Nagel Speaks,EUR,2024-07-10T10:00:00Z,None,,,,false,false
,Fed Chairman Powell Testifies,USD,2024-07-10T10:00:00Z,High,,,,false,false
,Final Wholesale Inventories m/m,USD,2024-07-10T10:00:00Z,None,0.6%,0.6%,0.6%,false,false
,Crude Oil Inventories,USD,2024-07-10T10:30:00Z,None,0.7M,-12.2M,-3.4M,false,false
,MPC Member Mann Speaks,GBP,2024-07-10T11:30:00Z,None,,,,false,false
,10-y Bond Auction,USD,2024-07-10T13:01:00Z,None,,4.44|2.7,4.28|2.6,false,false
,FOMC Member Bowman Speaks,USD,2024-07-10T14:30:00Z,None,,,,false,false
,FOMC Member Goolsbee Speaks,USD,2024-07-10T14:30:00Z,None,,,,false,false
,FPI m/m,NZD,2024-07-10T18:45:00Z,None,,-0.2%,1.0%,false,false
,RICS House Price Balance,GBP,2024-07-10T19:01:00Z,None,-14%,-17%,-17%,false,false
,FOMC Member Cook Speaks,USD,2024-07-10T19:30:00Z,None,,,,false,false
,Core Machinery Orders m/m,JPY,2024-07-10T19:50:00Z,None,0.9%,-2.9%,-3.2%,false,false
,MI Inflation Expectations,AUD,2024-07-10T21:00:00Z,None,,4.4%,4.3%,false,false
,German Final CPI m/m,EUR,2024-07-11T02:00:00Z,None,0.1%,0.1%,0.1%,false,false
,GDP m/m,GBP,2024-07-11T02:00:00Z,High,0.2%,0.0%,0.4%,false,false
,Construction Output m/m,GBP,2024-07-11T02:00:00Z,None,0.5%,-1.1%,1.9%,false,false
,Goods Trade Balance,GBP,2024-07-11T02:00:00Z,None,-15.6B,-19.4B,-17.9B,false,false
,Index of Services 3m/3m,GBP,2024-07-11T02:00:00Z,None,1.0%,1.0%,1.1%,false,false
,Industrial Production m/m,GBP,2024-07-11T02:00:00Z,None,0.3%,-0.9%,0.2%,false,false
,Manufacturing Production m/m,GBP,2024-07-11T02:00:00Z,None,0.4%,-1.6%,0.4%,false,false
,BOE Credit Conditions Survey,GBP,2024-07-11T04:30:00Z,None,,,,false,false
,NIESR GDP Estimate,GBP,2024-07-11T06:50:00Z,None,,0.8%,0.6%,false,false
,Core CPI m/m,USD,2024-07-11T08:30:00Z,High,0.2%,0.2%,0.1%,false,false
,Core CPI y/y,USD,2024-07-11T08:30:00Z,High,3.4%,3.4%,3.3%,false,false
,CPI m/m,USD,2024-07-11T08:30:00Z,High,0.1%,0.0%,-0.1%,false,false
,CPI y/y,USD,2024-07-11T08:30:00Z,High,3.1%,3.3%,3.0%,false,false
,Unemployment Claims,USD,2024-07-11T08:30:00Z,High,236K,239K,222K,false,false
,CB Leading Index m/m,GBP,2024-07-11T09:30:00Z,None,,-0.1%,-0.3%,false,false
,Natural Gas Storage,USD,2024-07-11T10:30:00Z,None,56B,32B,65B,false,false
,FOMC Member Bostic Speaks,USD,2024-07-11T11:30:00Z,None,,,,false,false
,FOMC Member Musalem Speaks,USD,2024-07-11T13:00:00Z,None,,,,false,false
,30-y Bond Auction,USD,2024-07-11T13:01:00Z,None,,4.40|2.5,4.41|2.3,false,false
,Federal Budget Balance,USD,2024-07-11T14:00:00Z,None,-71.2B,-347.1B,-66.0B,false,false
,BusinessNZ Manufacturing Index,NZD,2024-07-11T18:30:00Z,None,,46.6,41.1,false,false
,President Biden Speaks,USD,2024-07-11T18:30:00Z,None,,,,false,false
,USD-Denominated Trade Balance,CNY,2024-07-11T23:08:00Z,None,85.1B,82.6B,99.1B,false,false
,Trade Balance,CNY,2024-07-11T23:09:00Z,None,590B,586B,704B,false,false
,Revised Industrial Production m/m,JPY,2024-07-12T00:30:00Z,None,2.8%,2.8%,3.6%,false,false
,German WPI m/m,EUR,2024-07-12T02:00:00Z,None,0.2%,0.1%,-0.3%,false,false
,French Final CPI m/m,EUR,2024-07-12T02:45:00Z,None,0.1%,0.1%,0.1%,false,false
,M2 Money Supply y/y,CNY,2024-07-12T05:02:00Z,None,6.8%,7.0%,6.2%,false,false
,New Loans,CNY,2024-07-12T05:03:00Z,None,1050B,950B,2130B,false,false
,Foreign Direct Investment ytd/y,CNY,2024-07-12T05:08:00Z,None,,-28.2%,-29.1%,false,false
,Building Permits m/m,CAD,2024-07-12T08:30:00Z,None,-5.0%,23.4%,-12.2%,false,false
,Core PPI m/m,USD,2024-07-12T08:30:00Z,High,0.2%,0.3%,0.4%,false,false
,PPI m/m,USD,2024-07-12T08:30:00Z,High,0.1%,0.0%,0.2%,false,false
,Prelim UoM Consumer Sentiment,USD,2024-07-12T10:00:00Z,High,68.5,68.2,66.0,false,false
,Prelim UoM Inflation Expectations,USD,2024-07-12T10:00:00Z,None,,3.0%,2.9%,false,false
,Bank Holiday,JPY,2024-07-14T00:00:00Z,None,,,,true,false
,BusinessNZ Services Index,NZD,2024-07-14T18:30:00Z,None,,42.6,40.2,false,false
,Rightmove HPI m/m,GBP,2024-07-14T19:01:00Z,None,,0.0%,-0.4%,false,false
,New Home Prices m/m,CNY,2024-07-14T21:30:00Z,None,,-0.71%,-0.67%,false,false
,GDP q/y,CNY,2024-07-14T22:00:00Z,None,5.1%,5.3%,4.7%,false,false
,Industrial Production y/y,CNY,2024-07-14T22:00:00Z,None,4.9%,5.6%,5.3%,false,false
,NBS Press Conference,CNY,2024-07-14T22:00:00Z,None,,,,false,false
,Retail Sales y/y,CNY,2024-07-14T22:02:00Z,None,3.3%,3.7%,2.0%,false,false
,Fixed Asset Investment ytd/y,CNY,2024-07-14T22:02:00Z,None,3.9%,4.0%,3.9%,false,false
,Unemployment Rate,CNY,2024-07-14T22:02:00Z,None,5.0%,5.0%,5.0%,false,false
,Eurogroup Meetings,EUR,2024-07-15T00:00:00Z,None,,,,true,false
,PPI m/m,CHF,2024-07-15T02:30:00Z,None,0.1%,-0.3%,0.0%,false,false
,Industrial Production m/m,EUR,2024-07-15T05:00:00Z,None,-0.9%,0.0%,-0.6%,false,false
,Wholesale Sales m/m,CAD,2024-07-15T08:30:00Z,None,2.0%,2.0%,-0.8%,false,false
,Empire State Manufacturing Index,USD,2024-07-15T08:30:00Z,High,-5.5,-6.0,-6.6,false,false
,Manufacturing Sales m/m,CAD,2024-07-15T08:30:00Z,None,0.3%,1.4%,0.4%,false,false
,BOC Business Outlook Survey,CAD,2024-07-15T10:30:00Z,None,,,,false,false
,FOMC Member Powell Speaks,USD,2024-07-15T12:30:00Z,High,,,,false,false
,FOMC Member Daly Speaks,USD,2024-07-15T16:35:00Z,None,,,,false,false
,ECOFIN Meetings,EUR,2024-07-16T00:00:00Z,None,,,,true,false
,Tertiary Industry Activity m/m,JPY,2024-07-16T00:30:00Z,None,0.1%,2.2%,-0.4%,false,false
,ZEW Economic Sentiment,EUR,2024-07-16T05:00:00Z,None,48.1,51.3,43.7,false,false
,Italian Trade Balance,EUR,2024-07-16T05:00:00Z,None,3.55B,4.83B,6.43B,false,false
,German ZEW Economic Sentiment,EUR,2024-07-16T05:00:00Z,None,41.2,47.5,41.8,false,false
,Trade Balance,EUR,2024-07-16T05:00:00Z,None,18.0B,18.5B,12.3B,false,false
,Housing Starts,CAD,2024-07-16T08:15:00Z,None,255K,265K,242K,false,false
,Core Retail Sales m/m,USD,2024-07-16T08:30:00Z,High,0.1%,0.1%,0.4%,false,false
,Median CPI y/y,CAD,2024-07-16T08:30:00Z,High,2.7%,2.7%,2.6%,false,false
,Trimmed CPI y/y,CAD,2024-07-16T08:30:00Z,High,2.8%,2.9%,2.9%,false,false
,Common CPI y/y,CAD,2024-07-16T08:30:00Z,None,2.4%,2.4%,2.3%,false,false
,CPI m/m,CAD,2024-07-16T08:30:00Z,High,0.1%,0.6%,-0.1%,false,false
,Retail Sales m/m,USD,2024-07-16T08:30:00Z,High,-0.3%,0.3%,0.0%,false,false
,Import Prices m/m,USD,2024-07-16T08:30:00Z,None,0.2%,-0.2%,0.0%,false,false
,Core CPI m/m,CAD,2024-07-16T08:32:00Z,None,,0.6%,-0.1%,false,false
,Business Inventories m/m,USD,2024-07-16T10:00:00Z,None,0.4%,0.3%,0.5%,false,false
,NAHB Housing Market Index,USD,2024-07-16T10:00:00Z,None,43,43,42,false,false
,GDT Price Index,NZD,2024-07-16T10:57:00Z,None,,-6.9%,0.4%,false,false
,FOMC Member Kugler Speaks,USD,2024-07-16T14:45:00Z,None,,,,false,false
,API Weekly Statistical Bulletin,USD,2024-07-16T16:30:00Z,None,,,,false,false
,CPI q/q,NZD,2024-07-16T18:45:00Z,High,0.5%,0.6%,0.4%,false,false
,MI Leading Index m/m,AUD,2024-07-16T20:30:00Z,None,,0.0%,0.0%,false,false
,CPI y/y,GBP,2024-07-17T02:00:00Z,High,1.9%,2.0%,2.0%,false,false
,Core CPI y/y,GBP,2024-07-17T02:00:00Z,None,3.4%,3.5%,3.5%,false,false
,PPI Input m/m,GBP,2024-07-17T02:00:00Z,None,0.1%,-0.6%,-0.8%,false,false
,PPI Output m/m,GBP,2024-07-17T02:00:00Z,None,0.1%,0.0%,-0.3%,false,false
,RPI y/y,GBP,2024-07-17T02:00:00Z,None,2.9%,3.0%,2.9%,false,false
,HPI y/y,GBP,2024-07-17T04:30:00Z,None,1.5%,1.3%,2.2%,false,false
,Final CPI y/y,EUR,2024-07-17T05:00:00Z,None,2.5%,2.5%,2.5%,false,false
,Final Core CPI y/y,EUR,2024-07-17T05:00:00Z,None,2.9%,2.9%,2.9%,false,false
,German 30-y Bond Auction,EUR,2024-07-17T05:36:00Z,None,,2.54|1.6,2.59|2.6,false,false
,Housing Starts,USD,2024-07-17T08:30:00Z,None,1.30M,1.31M,1.35M,false,false
,Building Permits,USD,2024-07-17T08:30:00Z,None,1.40M,1.40M,1.45M,false,false
,Foreign Securities Purchases,CAD,2024-07-17T08:30:00Z,None,21.05B,41.05B,20.89B,false,false
,FOMC Member Barkin Speaks,USD,2024-07-17T09:00:00Z,None,,,,false,false
,Capacity Utilization Rate,USD,2024-07-17T09:15:00Z,None,78.5%,78.3%,78.8%,false,false
,Industrial Production m/m,USD,2024-07-17T09:15:00Z,None,0.3%,0.9%,0.6%,false,false
,FOMC Member Waller Speaks,USD,2024-07-17T09:35:00Z,None,,,,false,false
,Crude Oil Inventories,USD,2024-07-17T10:30:00Z,None,-0.9M,-3.4M,-4.9M,false,false
,Beige Book,USD,2024-07-17T14:00:00Z,None,,,,false,false
,Trade Balance,JPY,2024-07-17T19:50:00Z,None,-0.82T,-0.64T,-0.82T,false,false
,Employment Change,AUD,2024-07-17T21:30:00Z,High,19.9K,39.5K,50.2K,false,false
,Unemployment Rate,AUD,2024-07-17T21:30:00Z,High,4.1%,4.0%,4.1%,false,false
,NAB Quarterly Business Confidence,AUD,2024-07-17T21:30:00Z,None,,-2,-1,false,false
,RBA Bulletin,AUD,2024-07-17T21:30:00Z,None,,,,false,false
,Trade Balance,CHF,2024-07-18T02:00:00Z,None,5.05B,5.79B,6.18B,false,false
,Claimant Count Change,GBP,2024-07-18T02:00:00Z,High,23.4K,51.9K,32.3K,false,false
,Average Earnings Index 3m/y,GBP,2024-07-18T02:00:00Z,None,5.7%,5.9%,5.7%,false,false
,Unemployment Rate,GBP,2024-07-18T02:00:00Z,None,4.4%,4.4%,4.4%,false,false
,Spanish 10-y Bond Auction,EUR,2024-07-18T04:42:00Z,None,,3.42|2.2,3.19|1.4,false,false
,German Buba Monthly Report,EUR,2024-07-18T06:00:00Z,None,,,,false,false
,Main Refinancing Rate,EUR,2024-07-18T08:15:00Z,High,4.25%,4.25%,4.25%,false,false
,Monetary Policy Statement,EUR,2024-07-18T08:15:00Z,High,,,,false,false
,Unemployment Claims,USD,2024-07-18T08:30:00Z,High,229K,223K,243K,false,false
,Philly Fed Manufacturing Index,USD,2024-07-18T08:30:00Z,None,2.7,1.3,13.9,false,false
,ECB Press Conference,EUR,2024-07-18T08:45:00Z,High,,,,false,false
,CB Leading Index m/m,USD,2024-07-18T10:00:00Z,None,-0.3%,-0.4%,-0.2%,false,false
,Natural Gas Storage,USD,2024-07-18T10:30:00Z,None,27B,65B,10B,false,false
,FOMC Member Logan Speaks,USD,2024-07-18T13:45:00Z,None,,,,false,false
,TIC Long-Term Purchases,USD,2024-07-18T16:00:00Z,None,98.4B,123.3B,-54.6B,false,false
,FOMC Member Daly Speaks,USD,2024-07-18T18:05:00Z,None,,,,false,false
,GfK Consumer Confidence,GBP,2024-07-18T19:01:00Z,None,-12,-14,-13,false,false
,National Core CPI y/y,JPY,2024-07-18T19:30:00Z,None,2.7%,2.5%,2.6%,false,false
,FOMC Member Bowman Speaks,USD,2024-07-18T19:45:00Z,None,,,,false,false
,Credit Card Spending y/y,NZD,2024-07-18T23:00:00Z,None,,-0.2%,-3.1%,false,false
,Public Sector Net Borrowing,GBP,2024-07-19T02:00:00Z,None,10.8B,15.6B,13.6B,false,false
,German PPI m/m,EUR,2024-07-19T02:00:00Z,None,0.1%,0.0%,0.2%,false,false
,Retail Sales m/m,GBP,2024-07-19T02:00:00Z,High,-0.6%,2.9%,-1.2%,false,false
,Current Account,EUR,2024-07-19T04:05:00Z,None,34.6B,36.7B,36.7B,false,false
,Core Retail Sales m/m,CAD,2024-07-19T08:30:00Z,High,-0.5%,1.7%,-1.3%,false,false
,Retail Sales m/m,CAD,2024-07-19T08:30:00Z,High,-0.5%,0.6%,-0.8%,false,false
,IPPI m/m,CAD,2024-07-19T08:30:00Z,None,0.2%,0.2%,0.0%,false,false
,RMPI m/m,CAD,2024-07-19T08:30:00Z,None,-0.7%,-1.5%,-1.4%,false,false
,CB Leading Index m/m,AUD,2024-07-19T10:30:00Z,None,,-0.4%,0.2%,false,false
,FOMC Member Williams Speaks,USD,2024-07-19T10:40:00Z,None,,,,false,false
,FOMC Member Bostic Speaks,USD,2024-07-19T13:00:00Z,None,,,,false,false
,Trade Balance,NZD,2024-07-21T18:45:00Z,None,294M,54M,699M,false,false
,5-y Loan Prime Rate,CNY,2024-07-21T21:03:00Z,None,3.95%,3.95%,3.85%,false,false
,1-y Loan Prime Rate,CNY,2024-07-21T21:03:00Z,None,3.45%,3.45%,3.35%,false,false
,BOJ Core CPI y/y,JPY,2024-07-23T01:00:00Z,None,2.1%,2.1%,2.1%,false,false
,Richmond Manufacturing Index,USD,2024-07-23T09:59:00Z,None,-7,-10,-17,false,false
,Existing Home Sales,USD,2024-07-23T10:00:00Z,None,3.99M,4.11M,3.89M,false,false
,Consumer Confidence,EUR,2024-07-23T10:00:00Z,None,-13,-14,-13,false,false
,API Weekly Statistical Bulletin,USD,2024-07-23T16:30:00Z,None,,,,false,false
,Flash Services PMI,AUD,2024-07-23T19:00:00Z,None,,51.2,50.8,false,false
,Flash Manufacturing PMI,AUD,2024-07-23T19:00:00Z,None,,47.2,47.4,false,false
,Flash Manufacturing PMI,JPY,2024-07-23T20:30:00Z,None,50.5,50.0,49.2,false,false
,German GfK Consumer Climate,EUR,2024-07-24T02:00:00Z,None,-21.1,-21.6,-18.4,false,false
,French Flash Services PMI,EUR,2024-07-24T03:15:00Z,High,49.7,49.6,50.7,false,false
,French Flash Manufacturing PMI,EUR,2024-07-24T03:15:00Z,High,45.8,45.4,44.1,false,false
,German Flash Manufacturing PMI,EUR,2024-07-24T03:30:00Z,High,44.1,43.5,42.6,false,false
,German Flash Services PMI,EUR,2024-07-24T03:30:00Z,High,53.2,53.1,52.0,false,false
,Flash Manufacturing PMI,EUR,2024-07-24T04:00:00Z,None,46.0,45.8,45.6,false,false
,Flash Services PMI,EUR,2024-07-24T04:00:00Z,None,52.9,52.8,51.9,false,false
,Flash Manufacturing PMI,GBP,2024-07-24T04:30:00Z,High,51.1,50.9,51.8,false,false
,Flash Services PMI,GBP,2024-07-24T04:30:00Z,High,52.5,52.1,52.4,false,false
,30-y Bond Auction,GBP,2024-07-24T05:02:00Z,None,,4.55|3.3,4.64|3.3,false,false
,German 10-y Bond Auction,EUR,2024-07-24T05:32:00Z,None,,2.63|1.9,2.43|1.8,false,false
,NHPI m/m,CAD,2024-07-24T08:30:00Z,None,0.1%,0.2%,-0.2%,false,false
,Goods Trade Balance,USD,2024-07-24T08:30:00Z,None,-98.8B,-99.4B,-96.8B,false,false
,Prelim Wholesale Inventories m/m,USD,2024-07-24T08:30:00Z,None,0.5%,0.6%,0.2%,false,false
,BOC Monetary Policy Report,CAD,2024-07-24T09:45:00Z,High,,,,false,false
,BOC Rate Statement,CAD,2024-07-24T09:45:00Z,High,,,,false,false
,Overnight Rate,CAD,2024-07-24T09:45:00Z,High,4.50%,4.75%,4.50%,false,false
,Flash Manufacturing PMI,USD,2024-07-24T09:45:00Z,High,51.7,51.6,49.5,false,false
,Flash Services PMI,USD,2024-07-24T09:45:00Z,High,54.7,55.3,56.0,false,false
,New Home Sales,USD,2024-07-24T10:00:00Z,None,639K,621K,617K,false,false
,BOC Press Conference,CAD,2024-07-24T10:30:00Z,High,,,,false,false
,Crude Oil Inventories,USD,2024-07-24T10:30:00Z,None,-2.6M,-4.9M,-3.7M,false,false
,FOMC Member Bowman Speaks,USD,2024-07-24T16:05:00Z,None,,,,false,false
,FOMC Member Logan Speaks,USD,2024-07-24T16:05:00Z,None,,,,false,false
,SPPI y/y,JPY,2024-07-24T19:50:00Z,None,2.6%,2.7%,3.0%,false,false
,President Biden Speaks,USD,2024-07-24T20:00:00Z,None,,,,false,false
,G20 Meetings,All,2024-07-25T00:00:00Z,None,,,,false,false
,German ifo Business Climate,EUR,2024-07-25T04:00:00Z,None,88.9,88.6,87.0,false,false
,M3 Money Supply y/y,EUR,2024-07-25T04:00:00Z,None,1.9%,1.5%,2.2%,false,false
,Private Loans y/y,EUR,2024-07-25T04:00:00Z,None,0.5%,0.3%,0.3%,false,false
,CBI Industrial Order Expectations,GBP,2024-07-25T06:00:00Z,None,-19,-18,-32,false,false
,Advance GDP q/q,USD,2024-07-25T08:30:00Z,High,2.0%,1.4%,2.8%,false,false
,Unemployment Claims,USD,2024-07-25T08:30:00Z,High,237K,245K,235K,false,false
,Advance GDP Price Index q/q,USD,2024-07-25T08:30:00Z,None,2.6%,3.1%,2.3%,false,false
,Core Durable Goods Orders m/m,USD,2024-07-25T08:30:00Z,None,0.2%,-0.1%,0.5%,false,false
,Durable Goods Orders m/m,USD,2024-07-25T08:30:00Z,None,0.3%,0.1%,-6.6%,false,false
,CB Leading Index m/m,CNY,2024-07-25T09:00:00Z,None,,-0.5%,-0.7%,false,false
,Belgian NBB Business Climate,EUR,2024-07-25T09:00:00Z,None,-11.0,-11.1,-12.3,false,false
,Natural Gas Storage,USD,2024-07-25T10:30:00Z,None,13B,10B,22B,false,false
,ECB President Lagarde Speaks,EUR,2024-07-25T11:00:00Z,None,,,,false,false
,Tokyo Core CPI y/y,JPY,2024-07-25T19:30:00Z,None,2.2%,2.1%,2.2%,false,false
,G20 Meetings,All,2024-07-26T00:00:00Z,None,,,,false,false
,Spanish Unemployment Rate,EUR,2024-07-26T03:00:00Z,None,11.4%,12.3%,11.3%,false,false
,Personal Spending m/m,USD,2024-07-26T08:30:00Z,None,0.3%,0.4%,0.3%,false,false
,Core PCE Price Index m/m,USD,2024-07-26T08:30:00Z,High,0.2%,0.1%,0.2%,false,false
,Personal Income m/m,USD,2024-07-26T08:30:00Z,None,0.4%,0.4%,0.2%,false,false
,Revised UoM Inflation Expectations,USD,2024-07-26T10:00:00Z,None,,2.9%,2.9%,false,false
,Revised UoM Consumer Sentiment,USD,2024-07-26T10:00:00Z,None,66.3,66.0,66.4,false,false
,M4 Money Supply m/m,GBP,2024-07-29T04:30:00Z,None,0.2%,-0.1%,0.5%,false,false
,Mortgage Approvals,GBP,2024-07-29T04:30:00Z,None,60K,60K,60K,false,false
,Net Lending to Individuals m/m,GBP,2024-07-29T04:30:00Z,None,2.2B,2.8B,3.8B,false,false
,CBI Realized Sales,GBP,2024-07-29T06:00:00Z,None,-20,-24,-43,false,false
,BRC Shop Price Index y/y,GBP,2024-07-29T19:01:00Z,None,,0.2%,0.2%,false,false
,Unemployment Rate,JPY,2024-07-29T19:30:00Z,None,2.6%,2.6%,2.5%,false,false
,Building Approvals m/m,AUD,2024-07-29T21:30:00Z,None,-2.1%,5.7%,-6.5%,false,false
,German Prelim CPI m/m,EUR,2024-07-30T00:00:00Z,High,0.3%,0.1%,0.3%,true,false
,French Consumer Spending m/m,EUR,2024-07-30T01:30:00Z,None,-0.2%,0.8%,-0.5%,false,false
,French Flash GDP q/q,EUR,2024-07-30T01:30:00Z,None,0.2%,0.3%,0.3%,false,false
,KOF Economic Barometer,CHF,2024-07-30T03:00:00Z,None,102.6,102.7,101.0,false,false
,Spanish Flash CPI y/y,EUR,2024-07-30T03:00:00Z,None,3.0%,3.4%,2.8%,false,false
,Spanish Flash GDP q/q,EUR,2024-07-30T03:00:00Z,None,0.5%,0.8%,0.8%,false,false
,Italian Prelim GDP q/q,EUR,2024-07-30T04:00:00Z,None,0.2%,0.3%,0.2%,false,false
,German Prelim GDP q/q,EUR,2024-07-30T04:00:00Z,None,0.1%,0.2%,-0.1%,false,false
,Prelim Flash GDP q/q,EUR,2024-07-30T05:00:00Z,None,0.2%,0.3%,0.3%,false,false
,10-y Bond Auction,GBP,2024-07-30T05:03:00Z,None,,4.07|3.5,4.08|2.9,false,false
,Italian 10-y Bond Auction,EUR,2024-07-30T05:18:00Z,None,,4.01|1.4,3.76|1.4,false,false
,S&P/CS Composite-20 HPI y/y,USD,2024-07-30T09:00:00Z,None,6.5%,7.3%,6.8%,false,false
,HPI m/m,USD,2024-07-30T09:00:00Z,None,0.2%,0.3%,0.0%,false,false
,CB Consumer Confidence,USD,2024-07-30T10:00:00Z,High,99.7,97.8,100.3,false,false
,JOLTS Job Openings,USD,2024-07-30T10:00:00Z,High,8.02M,8.23M,8.18M,false,false
,API Weekly Statistical Bulletin,USD,2024-07-30T16:30:00Z,None,,,,false,false
,Building Consents m/m,NZD,2024-07-30T18:45:00Z,None,,-1.9%,-13.8%,false,false
,Prelim Industrial Production m/m,JPY,2024-07-30T19:50:00Z,None,-4.2%,3.6%,-3.6%,false,false
,Retail Sales y/y,JPY,2024-07-30T19:50:00Z,None,3.3%,2.8%,3.7%,false,false
,ANZ Business Confidence,NZD,2024-07-30T21:00:00Z,None,,6.1,27.1,false,false
,CPI m/m,AUD,2024-07-30T21:30:00Z,High,1.0%,1.0%,1.0%,false,false
,CPI y/y,AUD,2024-07-30T21:30:00Z,High,3.8%,4.0%,3.8%,false,false
,Trimmed Mean CPI m/m,AUD,2024-07-30T21:30:00Z,High,1.0%,1.0%,0.8%,false,false
,Retail Sales m/m,AUD,2024-07-30T21:30:00Z,None,0.2%,0.6%,0.5%,false,false
,Private Sector Credit m/m,AUD,2024-07-30T21:30:00Z,None,0.4%,0.4%,0.6%,false,false
,Manufacturing PMI,CNY,2024-07-30T21:30:00Z,High,49.4,49.5,49.4,false,false
,Non-Manufacturing PMI,CNY,2024-07-30T21:30:00Z,None,50.3,50.5,50.2,false,false
,BOJ Outlook Report,JPY,2024-07-30T23:57:00Z,High,,,,false,false
,BOJ Policy Rate,JPY,2024-07-30T23:57:00Z,High,<0.10%,<0.10%,<0.25%,false,false
,Monetary Policy Statement,JPY,2024-07-30T23:57:00Z,High,,,,false,false
,Consumer Confidence,JPY,2024-07-31T00:59:00Z,None,36.5,36.4,36.7,false,false
,Housing Starts y/y,JPY,2024-07-31T01:00:00Z,None,-2.3%,-5.3%,-6.7%,false,false
,German Import Prices m/m,EUR,2024-07-31T02:00:00Z,None,0.1%,0.0%,0.4%,false,false
,BOJ Press Conference,JPY,2024-07-31T02:30:00Z,High,,,,false,false
,French Prelim CPI m/m,EUR,2024-07-31T02:45:00Z,None,0.3%,0.1%,0.1%,false,false
,German Unemployment Change,EUR,2024-07-31T03:55:00Z,None,16K,20K,18K,false,false
,UBS Economic Expectations,CHF,2024-07-31T04:00:00Z,None,,17.5,9.4,false,false
,Italian Prelim CPI m/m,EUR,2024-07-31T04:41:00Z,None,0.3%,0.1%,0.5%,false,false
,Core CPI Flash Estimate y/y,EUR,2024-07-31T05:00:00Z,High,2.8%,2.9%,2.9%,false,false
,CPI Flash Estimate y/y,EUR,2024-07-31T05:00:00Z,High,2.5%,2.5%,2.6%,false,false
,ADP Non-Farm Employment Change,USD,2024-07-31T08:15:00Z,High,147K,155K,122K,false,false
,GDP m/m,CAD,2024-07-31T08:30:00Z,High,0.1%,0.3%,0.2%,false,false
,Employment Cost Index q/q,USD,2024-07-31T08:30:00Z,High,1.0%,1.2%,0.9%,false,false
,Chicago PMI,USD,2024-07-31T09:45:00Z,None,44.8,47.4,45.3,false,false
,Pending Home Sales m/m,USD,2024-07-31T10:00:00Z,High,1.4%,-1.9%,4.8%,false,false
,Crude Oil Inventories,USD,2024-07-31T10:30:00Z,None,-1.6M,-3.7M,-3.4M,false,false
,Federal Funds Rate,USD,2024-07-31T14:00:00Z,High,5.50%,5.50%,5.50%,false,false
,FOMC Statement,USD,2024-07-31T14:00:00Z,High,,,,false,false
,FOMC Press Conference,USD,2024-07-31T14:30:00Z,High,,,,false,false
,Final Manufacturing PMI,JPY,2024-07-31T20:30:00Z,None,49.2,49.2,49.1,false,false
,Goods Trade Balance,AUD,2024-07-31T21:30:00Z,None,5.08B,5.05B,5.59B,false,false
,Import Prices q/q,AUD,2024-07-31T21:30:00Z,None,-0.9%,-1.8%,1.0%,false,false
,RatingDog Manufacturing PMI,CNY,2024-07-31T21:45:00Z,None,51.4,51.8,49.8,false,false
,Bank Holiday,CHF,2024-08-01T00:00:00Z,None,,,,true,false
,OPEC-JMMC Meetings,All,2024-08-01T00:00:00Z,None,,,,true,false
,Omdia Total Vehicle Sales,USD,2024-08-01T00:00:00Z,None,16.1M,15.3M,15.8M,true,false
,Nationwide HPI m/m,GBP,2024-08-01T02:00:00Z,None,0.1%,0.2%,0.3%,false,false
,Commodity Prices y/y,AUD,2024-08-01T02:30:00Z,None,,-3.5%,-3.0%,false,false
,Spanish Manufacturing PMI,EUR,2024-08-01T03:15:00Z,None,52.5,52.3,51.0,false,false
,Italian Manufacturing PMI,EUR,2024-08-01T03:45:00Z,None,46.0,45.7,47.4,false,false
,French Final Manufacturing PMI,EUR,2024-08-01T03:50:00Z,None,44.1,44.1,44.0,false,false
,German Final Manufacturing PMI,EUR,2024-08-01T03:55:00Z,None,42.6,42.6,43.2,false,false
,ECB Economic Bulletin,EUR,2024-08-01T04:00:00Z,None,,,,false,false
,Final Manufacturing PMI,EUR,2024-08-01T04:00:00Z,None,45.6,45.6,45.8,false,false
,Italian Monthly Unemployment Rate,EUR,2024-08-01T04:00:00Z,None,6.8%,6.9%,7.0%,false,false
,Final Manufacturing PMI,GBP,2024-08-01T04:30:00Z,None,51.8,51.8,52.1,false,false
,Spanish 10-y Bond Auction,EUR,2024-08-01T04:50:00Z,None,,3.19|1.4,3.11|1.5,false,false
,Unemployment Rate,EUR,2024-08-01T05:00:00Z,None,6.4%,6.4%,6.5%,false,false
,French 10-y Bond Auction,EUR,2024-08-01T05:02:00Z,None,,3.23|2.4,3.01|2.2,false,false
,MPC Official Bank Rate Votes,GBP,2024-08-01T07:00:00Z,High,0-6-3,0-2-7,0-5-4,false,false
,Monetary Policy Summary,GBP,2024-08-01T07:00:00Z,High,,,,false,false
,Official Bank Rate,GBP,2024-08-01T07:00:00Z,High,5.00%,5.25%,5.00%,false,false
,BOE Monetary Policy Report,GBP,2024-08-01T07:00:00Z,High,,,,false,false
,BOE Gov Bailey Speaks,GBP,2024-08-01T07:30:00Z,High,,,,false,false
,Challenger Job Cuts y/y,USD,2024-08-01T07:30:00Z,None,,19.8%,9.2%,false,false
,Unemployment Claims,USD,2024-08-01T08:30:00Z,High,236K,235K,249K,false,false
,Prelim Nonfarm Productivity q/q,USD,2024-08-01T08:30:00Z,None,1.7%,0.2%,2.3%,false,false
,Prelim Unit Labor Costs q/q,USD,2024-08-01T08:30:00Z,None,1.8%,4.0%,0.9%,false,false
,Manufacturing PMI,CAD,2024-08-01T09:30:00Z,None,,49.3,47.8,false,false
,Final Manufacturing PMI,USD,2024-08-01T09:45:00Z,None,49.5,49.5,49.6,false,false
,ISM Manufacturing Prices,USD,2024-08-01T10:00:00Z,None,51.9,52.1,52.9,false,false
,Construction Spending m/m,USD,2024-08-01T10:00:00Z,None,0.2%,-0.4%,-0.3%,false,false
,ISM Manufacturing PMI,USD,2024-08-01T10:00:00Z,High,48.8,48.5,46.8,false,false
,Natural Gas Storage,USD,2024-08-01T10:30:00Z,None,30B,22B,18B,false,false
,MPC Member Pill Speaks,GBP,2024-08-01T12:15:00Z,None,,,,false,false
,Monetary Base y/y,JPY,2024-08-01T19:50:00Z,None,0.9%,0.6%,1.0%,false,false
,Household Spending m/m,AUD,2024-08-01T21:30:00Z,None,,1.0%,-0.5%,false,false
,PPI q/q,AUD,2024-08-01T21:30:00Z,None,1.0%,0.9%,1.0%,false,false
,CPI m/m,CHF,2024-08-02T02:30:00Z,High,-0.2%,0.0%,-0.2%,false,false
,French Gov Budget Balance,EUR,2024-08-02T02:45:00Z,None,,-113.5B,-103.5B,false,false
,French Industrial Production m/m,EUR,2024-08-02T02:45:00Z,None,1.0%,-2.2%,0.8%,false,false
,Spanish Unemployment Change,EUR,2024-08-02T03:00:00Z,None,-17.4K,-46.8K,-10.8K,false,false
,Manufacturing PMI,CHF,2024-08-02T03:30:00Z,None,44.4,43.9,43.5,false,false
,Italian Industrial Production m/m,EUR,2024-08-02T04:00:00Z,None,0.0%,0.5%,0.5%,false,false
,Italian Retail Sales m/m,EUR,2024-08-02T05:00:00Z,None,0.2%,0.4%,-0.2%,false,false
,MPC Member Pill Speaks,GBP,2024-08-02T07:15:00Z,None,,,,false,false
,Average Hourly Earnings m/m,USD,2024-08-02T08:30:00Z,High,0.3%,0.3%,0.2%,false,false
,Non-Farm Employment Change,USD,2024-08-02T08:30:00Z,High,176K,179K,114K,false,false
,Unemployment Rate,USD,2024-08-02T08:30:00Z,High,4.1%,4.1%,4.3%,false,false
,Factory Orders m/m,USD,2024-08-02T10:00:00Z,None,-2.7%,-0.5%,-3.3%,false,false
,Bank Holiday,AUD,2024-08-04T00:00:00Z,None,,,,true,false
,Monetary Policy Meeting Minutes,JPY,2024-08-04T19:50:00Z,None,,,,false,false
,MI Inflation Gauge m/m,AUD,2024-08-04T21:00:00Z,None,,0.3%,0.4%,false,false
,ANZ Commodity Prices m/m,NZD,2024-08-04T21:00:00Z,None,,1.5%,-1.7%,false,false
,RatingDog Services PMI,CNY,2024-08-04T21:45:00Z,None,51.4,51.2,52.1,false,false
,Bank Holiday,CAD,2024-08-05T00:00:00Z,None,,,,true,false
,Spanish Services PMI,EUR,2024-08-05T03:15:00Z,None,53.5,56.8,53.9,false,false
,Italian Services PMI,EUR,2024-08-05T03:45:00Z,None,51.9,53.7,51.7,false,false
,French Final Services PMI,EUR,2024-08-05T03:50:00Z,None,50.7,50.7,50.1,false,false
,German Final Services PMI,EUR,2024-08-05T03:55:00Z,None,52.0,52.0,52.5,false,false
,Final Services PMI,EUR,2024-08-05T04:00:00Z,None,51.9,51.9,51.9,false,false
,Sentix Investor Confidence,EUR,2024-08-05T04:30:00Z,None,-5.5,-7.3,-13.9,false,false
,Final Services PMI,GBP,2024-08-05T04:30:00Z,None,52.4,52.4,52.5,false,false
,PPI m/m,EUR,2024-08-05T05:00:00Z,None,0.1%,-0.2%,0.5%,false,false
,FOMC Member Goolsbee Speaks,USD,2024-08-05T08:30:00Z,None,,,,false,false
,Final Services PMI,USD,2024-08-05T09:45:00Z,None,56.0,56.0,55.0,false,false
,ISM Services PMI,USD,2024-08-05T10:00:00Z,High,51.1,48.8,51.4,false,false
,Loan Officer Survey,USD,2024-08-05T14:00:00Z,None,,,,false,false
,FOMC Member Daly Speaks,USD,2024-08-05T17:00:00Z,None,,,,false,false
,BRC Retail Sales Monitor y/y,GBP,2024-08-05T19:01:00Z,None,0.3%,-0.5%,0.3%,false,false
,Average Cash Earnings y/y,JPY,2024-08-05T19:30:00Z,None,2.5%,2.0%,4.5%,false,false
,Household Spending y/y,JPY,2024-08-05T19:30:00Z,None,-0.9%,-1.8%,-1.4%,false,false
,ANZ Job Advertisements m/m,AUD,2024-08-05T21:57:00Z,None,,-2.7%,-3.0%,false,false
,10-y Bond Auction,JPY,2024-08-05T23:35:00Z,None,,1.09|3.2,0.93|3.0,false,false
,Cash Rate,AUD,2024-08-06T00:30:00Z,High,4.35%,4.35%,4.35%,false,false
,RBA Monetary Policy Statement,AUD,2024-08-06T00:30:00Z,High,,,,false,false
,RBA Rate Statement,AUD,2024-08-06T00:30:00Z,High,,,,false,false
,RBA Press Conference,AUD,2024-08-06T01:30:00Z,None,,,,false,false
,Unemployment Rate,CHF,2024-08-06T01:45:00Z,None,2.5%,2.4%,2.5%,false,false
,German Factory Orders m/m,EUR,2024-08-06T02:00:00Z,None,0.4%,-1.7%,3.9%,false,false
,Retail Sales y/y,CHF,2024-08-06T02:30:00Z,None,0.5%,-0.2%,-2.2%,false,false
,French Prelim Private Payrolls q/q,EUR,2024-08-06T02:45:00Z,None,0.2%,0.3%,0.0%,false,false
,Construction PMI,GBP,2024-08-06T04:30:00Z,None,52.5,52.2,55.3,false,false
,Retail Sales m/m,EUR,2024-08-06T05:00:00Z,None,0.0%,0.1%,-0.3%,false,false
,Trade Balance,USD,2024-08-06T08:30:00Z,None,-72.5B,-75.0B,-73.1B,false,false
,Trade Balance,CAD,2024-08-06T08:30:00Z,None,-2.0B,-1.6B,0.6B,false,false
,RCM/TIPP Economic Optimism,USD,2024-08-06T10:05:00Z,None,45.0,44.2,44.5,false,false
,GDT Price Index,NZD,2024-08-06T10:57:00Z,None,,0.4%,0.5%,false,false
,API Weekly Statistical Bulletin,USD,2024-08-06T16:30:00Z,None,,,,false,false
,Employment Change q/q,NZD,2024-08-06T18:45:00Z,High,-0.2%,-0.3%,0.4%,false,false
,Unemployment Rate,NZD,2024-08-06T18:45:00Z,High,4.7%,4.4%,4.6%,false,false
,Labor Cost Index q/q,NZD,2024-08-06T18:45:00Z,None,0.8%,0.8%,0.9%,false,false
,RBA Assist Gov Hunter Speaks,AUD,2024-08-06T19:00:00Z,None,,,,false,false
,Trade Balance,CNY,2024-08-06T23:12:00Z,None,693B,704B,602B,false,false
,USD-Denominated Trade Balance,CNY,2024-08-06T23:13:00Z,None,97.5B,99.1B,84.7B,false,false
,Leading Indicators,JPY,2024-08-07T01:00:00Z,None,109.0%,111.2%,108.6%,false,false
,German Industrial Production m/m,EUR,2024-08-07T02:00:00Z,None,1.0%,-3.1%,1.4%,false,false
,German Trade Balance,EUR,2024-08-07T02:00:00Z,None,21.7B,25.3B,20.4B,false,false
,Lloyds HPI m/m,GBP,2024-08-07T02:00:00Z,None,0.2%,0.0%,0.8%,false,false
,French Trade Balance,EUR,2024-08-07T02:45:00Z,None,-7.5B,-7.7B,-6.1B,false,false
,Foreign Currency Reserves,CHF,2024-08-07T03:00:00Z,None,,712B,704B,false,false
,Ivey PMI,CAD,2024-08-07T10:00:00Z,None,60.0,62.5,57.6,false,false
,Crude Oil Inventories,USD,2024-08-07T10:30:00Z,None,-1.6M,-3.4M,-3.7M,false,false
,10-y Bond Auction,USD,2024-08-07T13:01:00Z,None,,4.28|2.6,3.96|2.3,false,false
,BOC Summary of Deliberations,CAD,2024-08-07T13:30:00Z,None,,,,false,false
,Consumer Credit m/m,USD,2024-08-07T15:00:00Z,None,9.8B,13.9B,8.9B,false,false
,RICS House Price Balance,GBP,2024-08-07T19:01:00Z,None,-12%,-17%,-19%,false,false
,Bank Lending y/y,JPY,2024-08-07T19:50:00Z,None,3.2%,3.2%,3.2%,false,false
,BOJ Summary of Opinions,JPY,2024-08-07T19:50:00Z,None,,,,false,false
,Current Account,JPY,2024-08-07T19:50:00Z,None,2.34T,2.41T,1.78T,false,false
,RBA Gov Bullock Speaks,AUD,2024-08-07T22:40:00Z,High,,,,false,false
,Inflation Expectations q/q,NZD,2024-08-07T23:00:00Z,High,,2.33%,2.03%,false,false
,30-y Bond Auction,JPY,2024-08-07T23:35:00Z,None,,2.19|3.0,2.23|3.5,false,false
,Economy Watchers Sentiment,JPY,2024-08-08T01:00:00Z,None,47.4,47.0,47.5,false,false
,Unemployment Claims,USD,2024-08-08T08:30:00Z,High,241K,250K,233K,false,false
,Final Wholesale Inventories m/m,USD,2024-08-08T10:00:00Z,None,0.2%,0.2%,0.2%,false,false
,Natural Gas Storage,USD,2024-08-08T10:30:00Z,None,22B,18B,21B,false,false
,30-y Bond Auction,USD,2024-08-08T13:01:00Z,None,,4.41|2.3,4.31|2.3,false,false
,FOMC Member Barkin Speaks,USD,2024-08-08T15:00:00Z,None,,,,false,false
,M2 Money Stock y/y,JPY,2024-08-08T19:50:00Z,None,1.6%,1.5%,1.4%,false,false
,CPI y/y,CNY,2024-08-08T21:30:00Z,None,0.3%,0.2%,0.5%,false,false
,PPI y/y,CNY,2024-08-08T21:30:00Z,None,-0.9%,-0.8%,-0.8%,false,false
,German Final CPI m/m,EUR,2024-08-09T02:00:00Z,None,0.3%,0.3%,0.3%,false,false
,SECO Consumer Climate,CHF,2024-08-09T03:00:00Z,None,-36,-37,-32,false,false
,Italian Trade Balance,EUR,2024-08-09T05:00:00Z,None,5.55B,6.38B,5.07B,false,false
,Employment Change,CAD,2024-08-09T08:30:00Z,High,26.9K,-1.4K,-2.8K,false,false
,Unemployment Rate,CAD,2024-08-09T08:30:00Z,High,6.5%,6.4%,6.4%,false,false
,Bank Holiday,JPY,2024-08-11T00:00:00Z,None,,,,true,false
,RBA Deputy Gov Hauser Speaks,AUD,2024-08-11T22:00:00Z,None,,,,false,false
,German WPI m/m,EUR,2024-08-12T02:00:00Z,None,0.2%,-0.3%,0.3%,false,false
,Building Permits m/m,CAD,2024-08-12T08:30:00Z,None,5.6%,-12.7%,-13.9%,false,false
,Cleveland Fed Inflation Expectations,USD,2024-08-12T09:56:00Z,None,,3.8%,3.4%,false,false
,Federal Budget Balance,USD,2024-08-12T14:00:00Z,None,-238.1B,-66.0B,-243.7B,false,false
,Visitor Arrivals m/m,NZD,2024-08-12T18:45:00Z,None,,4.0%,-0.2%,false,false
,PPI y/y,JPY,2024-08-12T19:50:00Z,None,3.0%,2.9%,3.0%,false,false
,Westpac Consumer Sentiment,AUD,2024-08-12T20:30:00Z,None,,-1.1%,2.8%,false,false
,Wage Price Index q/q,AUD,2024-08-12T21:30:00Z,High,0.9%,0.9%,0.8%,false,false
,NAB Business Confidence,AUD,2024-08-12T21:30:00Z,None,,3,1,false,false
,Prelim Machine Tool Orders y/y,JPY,2024-08-13T01:58:00Z,None,,9.7%,8.4%,false,false
,Average Earnings Index 3m/y,GBP,2024-08-13T02:00:00Z,None,4.6%,5.7%,4.5%,false,false
,Claimant Count Change,GBP,2024-08-13T02:00:00Z,High,14.5K,36.2K,135.0K,false,false
,Unemployment Rate,GBP,2024-08-13T02:00:00Z,None,4.5%,4.4%,4.2%,false,false
,German ZEW Economic Sentiment,EUR,2024-08-13T05:00:00Z,None,32.6,41.8,19.2,false,false
,ZEW Economic Sentiment,EUR,2024-08-13T05:00:00Z,None,35.4,43.7,17.9,false,false
,M2 Money Supply y/y,CNY,2024-08-13T05:02:00Z,None,6.0%,6.2%,6.3%,false,false
,New Loans,CNY,2024-08-13T05:03:00Z,None,1280B,2130B,260B,false,false
,NFIB Small Business Index,USD,2024-08-13T05:55:00Z,None,91.5,91.5,93.7,false,false
,Core PPI m/m,USD,2024-08-13T08:30:00Z,High,0.2%,0.3%,0.0%,false,false
,PPI m/m,USD,2024-08-13T08:30:00Z,High,0.2%,0.2%,0.1%,false,false
,FOMC Member Bostic Speaks,USD,2024-08-13T13:15:00Z,None,,,,false,false
,API Weekly Statistical Bulletin,USD,2024-08-13T16:30:00Z,None,,,,false,false
,Official Cash Rate,NZD,2024-08-13T22:00:00Z,High,5.50%,5.50%,5.25%,false,false
,RBNZ Monetary Policy Statement,NZD,2024-08-13T22:00:00Z,High,,,,false,false
,RBNZ Rate Statement,NZD,2024-08-13T22:00:00Z,High,,,,false,false
,RBNZ Press Conference,NZD,2024-08-13T23:00:00Z,None,,,,false,false
,CPI y/y,GBP,2024-08-14T02:00:00Z,High,2.3%,2.0%,2.2%,false,false
,Core CPI y/y,GBP,2024-08-14T02:00:00Z,None,3.4%,3.5%,3.3%,false,false
,PPI Input m/m,GBP,2024-08-14T02:00:00Z,None,-0.3%,-0.4%,-0.1%,false,false
,PPI Output m/m,GBP,2024-08-14T02:00:00Z,None,0.1%,-0.7%,0.0%,false,false
,RPI y/y,GBP,2024-08-14T02:00:00Z,None,3.4%,2.9%,3.6%,false,false
,French Final CPI m/m,EUR,2024-08-14T02:45:00Z,None,0.1%,0.1%,0.2%,false,false
,HPI y/y,GBP,2024-08-14T04:30:00Z,None,2.6%,2.7%,2.7%,false,false
,Flash Employment Change q/q,EUR,2024-08-14T05:00:00Z,None,0.2%,0.3%,0.2%,false,false
,Flash GDP q/q,EUR,2024-08-14T05:00:00Z,None,0.3%,0.3%,0.3%,false,false
,Industrial Production m/m,EUR,2024-08-14T05:00:00Z,None,0.4%,-0.9%,-0.1%,false,false
,German 30-y Bond Auction,EUR,2024-08-14T05:34:00Z,None,,2.59|2.6,2.45|2.8,false,false
,Core CPI m/m,USD,2024-08-14T08:30:00Z,High,0.2%,0.1%,0.2%,false,false
,Core CPI y/y,USD,2024-08-14T08:30:00Z,High,3.2%,3.3%,3.2%,false,false
,CPI m/m,USD,2024-08-14T08:30:00Z,High,0.2%,-0.1%,0.2%,false,false
,CPI y/y,USD,2024-08-14T08:30:00Z,High,3.0%,3.0%,2.9%,false,false
,Crude Oil Inventories,USD,2024-08-14T10:30:00Z,None,-1.9M,-3.7M,1.4M,false,false
,RBNZ Gov Orr Speaks,NZD,2024-08-14T14:00:00Z,None,,,,false,false
,RBNZ Gov Orr Speaks,NZD,2024-08-14T15:30:00Z,None,,,,false,false
,FPI m/m,NZD,2024-08-14T18:45:00Z,None,,1.0%,0.4%,false,false
,RBNZ Gov Orr Speaks,NZD,2024-08-14T19:10:00Z,None,,,,false,false
,Prelim GDP Price Index y/y,JPY,2024-08-14T19:50:00Z,None,2.6%,3.4%,3.0%,false,false
,Prelim GDP q/q,JPY,2024-08-14T19:50:00Z,None,0.6%,-0.5%,0.8%,false,false
,MI Inflation Expectations,AUD,2024-08-14T21:00:00Z,None,,4.3%,4.5%,false,false
,Employment Change,AUD,2024-08-14T21:30:00Z,High,20.2K,52.3K,58.2K,false,false
,Unemployment Rate,AUD,2024-08-14T21:30:00Z,High,4.1%,4.1%,4.2%,false,false
,New Home Prices m/m,CNY,2024-08-14T21:30:00Z,None,,-0.67%,-0.65%,false,false
,Industrial Production y/y,CNY,2024-08-14T22:00:00Z,None,5.2%,5.3%,5.1%,false,false
,Retail Sales y/y,CNY,2024-08-14T22:00:00Z,None,2.6%,2.0%,2.7%,false,false
,Fixed Asset Investment ytd/y,CNY,2024-08-14T22:00:00Z,None,3.9%,3.9%,3.6%,false,false
,NBS Press Conference,CNY,2024-08-14T22:00:00Z,None,,,,false,false
,Unemployment Rate,CNY,2024-08-14T22:00:00Z,None,5.1%,5.0%,5.2%,false,false
,French Bank Holiday,EUR,2024-08-15T00:00:00Z,None,,,,true,false
,Italian Bank Holiday,EUR,2024-08-15T00:00:00Z,None,,,,true,false
,Revised Industrial Production m/m,JPY,2024-08-15T00:30:00Z,None,-3.6%,-3.6%,-4.2%,false,false
,GDP m/m,GBP,2024-08-15T02:00:00Z,High,0.0%,0.4%,0.0%,false,false
,Prelim GDP q/q,GBP,2024-08-15T02:00:00Z,None,0.6%,0.7%,0.6%,false,false
,Construction Output m/m,GBP,2024-08-15T02:00:00Z,None,-0.3%,1.7%,0.5%,false,false
,Goods Trade Balance,GBP,2024-08-15T02:00:00Z,None,-16.0B,-18.6B,-18.9B,false,false
,Index of Services 3m/3m,GBP,2024-08-15T02:00:00Z,None,0.9%,1.1%,0.8%,false,false
,Industrial Production m/m,GBP,2024-08-15T02:00:00Z,None,0.1%,0.3%,0.8%,false,false
,Manufacturing Production m/m,GBP,2024-08-15T02:00:00Z,None,0.2%,0.3%,1.1%,false,false
,Prelim Business Investment q/q,GBP,2024-08-15T02:00:00Z,None,0.4%,0.5%,-0.1%,false,false
,PPI m/m,CHF,2024-08-15T02:30:00Z,None,0.2%,0.0%,0.0%,false,false
,NIESR GDP Estimate,GBP,2024-08-15T07:02:00Z,None,,0.6%,0.5%,false,false
,Empire State Manufacturing Index,USD,2024-08-15T08:30:00Z,None,-5.9,-6.6,-4.7,false,false
,Wholesale Sales m/m,CAD,2024-08-15T08:30:00Z,None,-0.6%,-1.2%,-0.6%,false,false
,Core Retail Sales m/m,USD,2024-08-15T08:30:00Z,High,0.1%,0.5%,0.4%,false,false
,Retail Sales m/m,USD,2024-08-15T08:30:00Z,High,0.4%,-0.2%,1.0%,false,false
,Unemployment Claims,USD,2024-08-15T08:30:00Z,High,236K,234K,227K,false,false
,Philly Fed Manufacturing Index,USD,2024-08-15T08:30:00Z,None,5.4,13.9,-7.0,false,false
,Import Prices m/m,USD,2024-08-15T08:30:00Z,None,-0.1%,0.0%,0.1%,false,false
,FOMC Member Musalem Speaks,USD,2024-08-15T09:10:00Z,None,,,,false,false
,Capacity Utilization Rate,USD,2024-08-15T09:15:00Z,None,78.5%,78.4%,77.8%,false,false
,Industrial Production m/m,USD,2024-08-15T09:15:00Z,None,-0.3%,0.3%,-0.6%,false,false
,Business Inventories m/m,USD,2024-08-15T10:00:00Z,None,0.3%,0.5%,0.3%,false,false
,NAHB Housing Market Index,USD,2024-08-15T10:00:00Z,None,43,41,39,false,false
,Mortgage Delinquencies,USD,2024-08-15T10:23:00Z,None,,3.94%,3.97%,false,false
,CB Leading Index m/m,AUD,2024-08-15T10:30:00Z,None,,0.3%,-0.1%,false,false
,Natural Gas Storage,USD,2024-08-15T10:30:00Z,None,3B,21B,-6B,false,false
,FOMC Member Harker Speaks,USD,2024-08-15T13:10:00Z,None,,,,false,false
,TIC Long-Term Purchases,USD,2024-08-15T16:00:00Z,None,56.3B,-54.1B,96.1B,false,false
,BusinessNZ Manufacturing Index,NZD,2024-08-15T18:30:00Z,None,,41.2,44.0,false,false
,PPI Input q/q,NZD,2024-08-15T18:45:00Z,None,0.5%,0.7%,1.4%,false,false
,PPI Output q/q,NZD,2024-08-15T18:45:00Z,None,0.6%,0.8%,1.1%,false,false
,RBA Gov Bullock Speaks,AUD,2024-08-15T19:30:00Z,High,,,,false,false
,RBNZ Gov Orr Speaks,NZD,2024-08-15T22:30:00Z,None,,,,false,false
,Tertiary Industry Activity m/m,JPY,2024-08-16T00:30:00Z,None,0.3%,0.6%,-1.3%,false,false
,Retail Sales m/m,GBP,2024-08-16T02:00:00Z,High,0.6%,-0.9%,0.5%,false,false
,Trade Balance,EUR,2024-08-16T05:00:00Z,None,13.3B,12.4B,17.5B,false,false
,Foreign Direct Investment ytd/y,CNY,2024-08-16T05:18:00Z,None,,-29.1%,-29.6%,false,false
,Housing Starts,CAD,2024-08-16T08:15:00Z,None,246K,242K,280K,false,false
,Foreign Securities Purchases,CAD,2024-08-16T08:30:00Z,None,15.90B,21.07B,5.17B,false,false
,Manufacturing Sales m/m,CAD,2024-08-16T08:30:00Z,None,-2.3%,0.2%,-2.1%,false,false
,Building Permits,USD,2024-08-16T08:30:00Z,None,1.43M,1.45M,1.40M,false,false
,Housing Starts,USD,2024-08-16T08:30:00Z,None,1.34M,1.33M,1.24M,false,false
,CB Leading Index m/m,GBP,2024-08-16T09:30:00Z,None,,-0.1%,-0.1%,false,false
,Prelim UoM Consumer Sentiment,USD,2024-08-16T10:00:00Z,None,66.7,66.4,67.8,false,false
,Prelim UoM Inflation Expectations,USD,2024-08-16T10:00:00Z,None,,2.9%,2.9%,false,false
,FOMC Member Goolsbee Speaks,USD,2024-08-16T13:25:00Z,None,,,,false,false
,BusinessNZ Services Index,NZD,2024-08-18T18:30:00Z,None,,40.7,44.6,false,false
,Rightmove HPI m/m,GBP,2024-08-18T19:01:00Z,None,,-0.4%,-1.5%,false,false
,Core Machinery Orders m/m,JPY,2024-08-18T19:50:00Z,None,0.9%,-3.2%,2.1%,false,false
,FOMC Member Waller Speaks,USD,2024-08-19T09:15:00Z,None,,,,false,false
,CB Leading Index m/m,USD,2024-08-19T10:00:00Z,None,-0.4%,-0.2%,-0.6%,false,false
,Trade Balance,NZD,2024-08-19T18:45:00Z,None,331M,585M,-963M,false,false
,1-y Loan Prime Rate,CNY,2024-08-19T21:03:00Z,None,3.35%,3.35%,3.35%,false,false
,5-y Loan Prime Rate,CNY,2024-08-19T21:03:00Z,None,3.85%,3.85%,3.85%,false,false
,Monetary Policy Meeting Minutes,AUD,2024-08-19T21:30:00Z,None,,,,false,false
,Trade Balance,CHF,2024-08-20T02:00:00Z,None,5.44B,6.12B,4.89B,false,false
,German PPI m/m,EUR,2024-08-20T02:00:00Z,None,0.2%,0.2%,0.2%,false,false
,Current Account,EUR,2024-08-20T04:00:00Z,None,37.0B,37.6B,50.5B,false,false
,Final Core CPI y/y,EUR,2024-08-20T05:00:00Z,None,2.9%,2.9%,2.9%,false,false
,Final CPI y/y,EUR,2024-08-20T05:00:00Z,None,2.6%,2.6%,2.6%,false,false
,SNB Chairman Jordan Speaks,CHF,2024-08-20T05:30:00Z,None,,,,false,false
,German Buba Monthly Report,EUR,2024-08-20T06:00:00Z,None,,,,false,false
,NHPI m/m,CAD,2024-08-20T08:30:00Z,None,0.0%,-0.2%,0.2%,false,false
,Core CPI m/m,CAD,2024-08-20T08:30:00Z,None,,-0.1%,0.3%,false,false
,Common CPI y/y,CAD,2024-08-20T08:30:00Z,None,2.2%,2.3%,2.2%,false,false
,Trimmed CPI y/y,CAD,2024-08-20T08:30:00Z,High,2.8%,2.8%,2.7%,false,false
,Median CPI y/y,CAD,2024-08-20T08:30:00Z,High,2.5%,2.6%,2.4%,false,false
,CPI m/m,CAD,2024-08-20T08:30:00Z,High,0.4%,-0.1%,0.4%,false,false
,GDT Price Index,NZD,2024-08-20T11:12:00Z,None,,0.5%,5.5%,false,false
,FOMC Member Bostic Speaks,USD,2024-08-20T13:35:00Z,None,,,,false,false
,FOMC Member Barr Speaks,USD,2024-08-20T14:45:00Z,None,,,,false,false
,API Weekly Statistical Bulletin,USD,2024-08-20T16:30:00Z,None,,,,false,false
,Trade Balance,JPY,2024-08-20T19:50:00Z,None,-0.72T,-0.82T,-0.76T,false,false
,MI Leading Index m/m,AUD,2024-08-20T20:30:00Z,None,,0.0%,0.0%,false,false
,Credit Card Spending y/y,NZD,2024-08-20T23:00:00Z,None,,-3.1%,-3.8%,false,false
,Public Sector Net Borrowing,GBP,2024-08-21T02:00:00Z,None,0.5B,12.6B,2.2B,false,false
,German 10-y Bond Auction,EUR,2024-08-21T05:38:00Z,None,,2.43|1.8,2.22|2.0,false,false
,IPPI m/m,CAD,2024-08-21T08:30:00Z,None,-0.3%,-0.1%,0.0%,false,false
,RMPI m/m,CAD,2024-08-21T08:30:00Z,None,-0.7%,-1.7%,0.7%,false,false
,Prelim Benchmark Payrolls Revision,USD,2024-08-21T10:00:00Z,High,,-306K,-818K,false,false
,Crude Oil Inventories,USD,2024-08-21T10:30:00Z,None,-2.0M,1.4M,-4.6M,false,false
,FOMC Meeting Minutes,USD,2024-08-21T14:00:00Z,High,,,,false,false
,Flash Services PMI,AUD,2024-08-21T19:00:00Z,None,,50.4,52.2,false,false
,Flash Manufacturing PMI,AUD,2024-08-21T19:00:00Z,None,,47.5,48.7,false,false
,Flash Manufacturing PMI,JPY,2024-08-21T20:30:00Z,None,49.8,49.1,49.5,false,false
,Jackson Hole Symposium,All,2024-08-22T00:00:00Z,None,,,,false,false
,French Flash Manufacturing PMI,EUR,2024-08-22T03:15:00Z,High,44.4,44.0,42.1,false,false
,French Flash Services PMI,EUR,2024-08-22T03:15:00Z,High,50.2,50.1,55.0,false,false
,German Flash Manufacturing PMI,EUR,2024-08-22T03:30:00Z,High,43.4,43.2,42.1,false,false
,German Flash Services PMI,EUR,2024-08-22T03:30:00Z,High,52.3,52.5,51.4,false,false
,Flash Services PMI,EUR,2024-08-22T04:00:00Z,None,51.7,51.9,53.3,false,false
,Flash Manufacturing PMI,EUR,2024-08-22T04:00:00Z,None,45.7,45.8,45.6,false,false
,Flash Manufacturing PMI,GBP,2024-08-22T04:30:00Z,High,52.1,52.1,52.5,false,false
,Flash Services PMI,GBP,2024-08-22T04:30:00Z,High,52.8,52.5,53.3,false,false
,CBI Industrial Order Expectations,GBP,2024-08-22T06:00:00Z,None,-26,-32,-22,false,false
,ECB Monetary Policy Meeting Accounts,EUR,2024-08-22T07:30:00Z,None,,,,false,false
,Unemployment Claims,USD,2024-08-22T08:30:00Z,High,232K,228K,232K,false,false
,FOMC Member Collins Speaks,USD,2024-08-22T08:30:00Z,None,,,,false,false
,Flash Manufacturing PMI,USD,2024-08-22T09:45:00Z,High,49.5,49.6,48.0,false,false
,Flash Services PMI,USD,2024-08-22T09:45:00Z,High,54.0,55.0,55.2,false,false
,Existing Home Sales,USD,2024-08-22T10:00:00Z,None,3.94M,3.90M,3.95M,false,false
,Consumer Confidence,EUR,2024-08-22T10:00:00Z,None,-13,-13,-13,false,false
,FOMC Member Harker Speaks,USD,2024-08-22T10:00:00Z,None,,,,false,false
,Natural Gas Storage,USD,2024-08-22T10:30:00Z,None,26B,-6B,35B,false,false
,Retail Sales q/q,NZD,2024-08-22T18:45:00Z,None,-1.0%,0.4%,-1.2%,false,false
,Core Retail Sales q/q,NZD,2024-08-22T18:45:00Z,None,-0.8%,0.3%,-1.0%,false,false
,GfK Consumer Confidence,GBP,2024-08-22T19:01:00Z,None,-12,-13,-13,false,false
,National Core CPI y/y,JPY,2024-08-22T19:30:00Z,None,2.7%,2.6%,2.7%,false,false
,BOJ Gov Ueda Speaks,JPY,2024-08-22T20:33:00Z,High,,,,false,false
,Jackson Hole Symposium,All,2024-08-23T00:00:00Z,High,,,,false,false
,BOJ Gov Ueda Speaks,JPY,2024-08-23T00:00:00Z,High,,,,false,false
,FOMC Member Bostic Speaks,USD,2024-08-23T08:00:00Z,None,,,,false,false
,Retail Sales m/m,CAD,2024-08-23T08:30:00Z,High,-0.3%,-0.8%,-0.3%,false,false
,Corporate Profits q/q,CAD,2024-08-23T08:30:00Z,None,,0.6%,1.5%,false,false
,Core Retail Sales m/m,CAD,2024-08-23T08:30:00Z,High,-0.2%,-1.2%,0.3%,false,false
,FOMC Member Bostic Speaks,USD,2024-08-23T09:00:00Z,None,,,,false,false
,New Home Sales,USD,2024-08-23T10:00:00Z,None,624K,668K,739K,false,false
,FOMC Member Powell Speaks,USD,2024-08-23T10:00:00Z,High,,,,false,false
,BOE Gov Bailey Speaks,GBP,2024-08-23T11:00:00Z,High,,,,false,false
,FOMC Member Harker Speaks,USD,2024-08-23T11:00:00Z,None,,,,false,false
,FOMC Member Goolsbee Speaks,USD,2024-08-23T12:30:00Z,None,,,,false,false
,FOMC Member Goolsbee Speaks,USD,2024-08-23T13:45:00Z,None,,,,false,false
,FOMC Member Goolsbee Speaks,USD,2024-08-23T14:15:00Z,None,,,,false,false
,Jackson Hole Symposium,All,2024-08-24T00:00:00Z,None,,,,false,false
,Bank Holiday,GBP,2024-08-26T00:00:00Z,None,,,,true,false
,German ifo Business Climate,EUR,2024-08-26T04:00:00Z,None,86.0,87.0,86.6,false,false
,Core Durable Goods Orders m/m,USD,2024-08-26T08:30:00Z,None,0.0%,0.4%,-0.2%,false,false
,Durable Goods Orders m/m,USD,2024-08-26T08:30:00Z,None,4.0%,-6.7%,9.9%,false,false
,CB Leading Index m/m,CNY,2024-08-26T09:00:00Z,None,,-0.3%,0.0%,false,false
,Belgian NBB Business Climate,EUR,2024-08-26T09:00:00Z,None,-12.6,-12.3,-12.6,false,false
,BRC Shop Price Index y/y,GBP,2024-08-26T19:01:00Z,None,,0.2%,-0.3%,false,false
,SPPI y/y,JPY,2024-08-26T19:50:00Z,None,2.9%,3.1%,2.8%,false,false
,BOJ Core CPI y/y,JPY,2024-08-27T01:00:00Z,None,2.1%,2.1%,1.8%,false,false
,German GfK Consumer Climate,EUR,2024-08-27T02:00:00Z,None,-18.3,-18.6,-22.0,false,false
,German Final GDP q/q,EUR,2024-08-27T02:03:00Z,None,-0.1%,-0.1%,-0.1%,false,false
,CBI Realized Sales,GBP,2024-08-27T06:00:00Z,None,-11,-43,-27,false,false
,S&P/CS Composite-20 HPI y/y,USD,2024-08-27T09:00:00Z,None,6.2%,6.9%,6.5%,false,false
,HPI m/m,USD,2024-08-27T09:00:00Z,None,0.1%,0.0%,-0.1%,false,false
,Richmond Manufacturing Index,USD,2024-08-27T09:59:00Z,None,-14,-17,-19,false,false
,German Buba President Nagel Speaks,EUR,2024-08-27T10:00:00Z,None,,,,false,false
,CB Consumer Confidence,USD,2024-08-27T10:00:00Z,High,100.9,101.9,103.3,false,false
,API Weekly Statistical Bulletin,USD,2024-08-27T16:30:00Z,None,,,,false,false
,CPI y/y,AUD,2024-08-27T21:30:00Z,High,3.4%,3.8%,3.5%,false,false
,Construction Work Done q/q,AUD,2024-08-27T21:30:00Z,None,0.8%,-2.0%,0.1%,false,false
,FOMC Member Waller Speaks,USD,2024-08-28T01:15:00Z,None,,,,false,false
,UBS Economic Expectations,CHF,2024-08-28T04:00:00Z,None,,9.4,-3.4,false,false
,M3 Money Supply y/y,EUR,2024-08-28T04:00:00Z,None,2.7%,2.3%,2.3%,false,false
,Private Loans y/y,EUR,2024-08-28T04:00:00Z,None,0.5%,0.3%,0.5%,false,false
,MPC Member Mann Speaks,GBP,2024-08-28T08:15:00Z,None,,,,false,false
,Crude Oil Inventories,USD,2024-08-28T10:30:00Z,None,-2.7M,-4.6M,-0.8M,false,false
,FOMC Member Bostic Speaks,USD,2024-08-28T18:00:00Z,None,,,,false,false
,ANZ Business Confidence,NZD,2024-08-28T21:00:00Z,None,,27.1,50.6,false,false
,Private Capital Expenditure q/q,AUD,2024-08-28T21:30:00Z,None,0.9%,1.9%,-2.2%,false,false
,German Prelim CPI m/m,EUR,2024-08-29T00:00:00Z,High,0.0%,0.3%,-0.1%,true,false
,Consumer Confidence,JPY,2024-08-29T01:00:00Z,None,36.9,36.7,36.7,false,false
,Spanish Flash CPI y/y,EUR,2024-08-29T03:00:00Z,None,2.4%,2.8%,2.2%,false,false
,Italian 10-y Bond Auction,EUR,2024-08-29T05:14:00Z,None,,3.76|1.4,3.68|1.6,false,false
,Prelim GDP q/q,USD,2024-08-29T08:30:00Z,High,2.8%,2.8%,3.0%,false,false
,Unemployment Claims,USD,2024-08-29T08:30:00Z,High,232K,233K,231K,false,false
,Prelim GDP Price Index q/q,USD,2024-08-29T08:30:00Z,None,2.3%,2.3%,2.5%,false,false
,Goods Trade Balance,USD,2024-08-29T08:30:00Z,None,-97.7B,-96.6B,-102.7B,false,false
,Prelim Wholesale Inventories m/m,USD,2024-08-29T08:30:00Z,None,0.3%,0.2%,0.3%,false,false
,Current Account,CAD,2024-08-29T08:30:00Z,None,-6.0B,-5.4B,-8.5B,false,false
,Pending Home Sales m/m,USD,2024-08-29T10:00:00Z,None,0.2%,4.8%,-5.5%,false,false
,Natural Gas Storage,USD,2024-08-29T10:30:00Z,None,33B,35B,35B,false,false
,SNB Chairman Jordan Speaks,CHF,2024-08-29T12:00:00Z,None,,,,false,false
,German Buba President Nagel Speaks,EUR,2024-08-29T13:00:00Z,None,,,,false,false
,FOMC Member Bostic Speaks,USD,2024-08-29T15:30:00Z,None,,,,false,false
,Building Consents m/m,NZD,2024-08-29T18:45:00Z,None,,-17.0%,26.2%,false,false
,Tokyo Core CPI y/y,JPY,2024-08-29T19:30:00Z,None,2.2%,2.2%,2.4%,false,false
,Unemployment Rate,JPY,2024-08-29T19:30:00Z,None,2.5%,2.5%,2.7%,false,false
,Prelim Industrial Production m/m,JPY,2024-08-29T19:50:00Z,None,3.6%,-4.2%,2.8%,false,false
,Retail Sales y/y,JPY,2024-08-29T19:50:00Z,None,2.8%,3.8%,2.6%,false,false
,Retail Sales m/m,AUD,2024-08-29T21:30:00Z,None,0.3%,0.5%,0.0%,false,false
,Private Sector Credit m/m,AUD,2024-08-29T21:30:00Z,None,0.5%,0.6%,0.5%,false,false
,Housing Starts y/y,JPY,2024-08-30T01:00:00Z,None,-1.1%,-6.7%,-0.2%,false,false
,French Final Private Payrolls q/q,EUR,2024-08-30T01:30:00Z,None,0.0%,0.0%,-0.1%,false,false
,German Import Prices m/m,EUR,2024-08-30T02:00:00Z,None,0.1%,0.4%,-0.4%,false,false
,Nationwide HPI m/m,GBP,2024-08-30T02:00:00Z,None,0.2%,0.3%,-0.2%,false,false
,French Consumer Spending m/m,EUR,2024-08-30T02:45:00Z,None,0.4%,-0.6%,0.3%,false,false
,French Prelim CPI m/m,EUR,2024-08-30T02:45:00Z,None,0.5%,0.2%,0.6%,false,false
,French Prelim GDP q/q,EUR,2024-08-30T02:45:00Z,None,0.3%,0.3%,0.2%,false,false
,KOF Economic Barometer,CHF,2024-08-30T03:00:00Z,None,100.6,100.6,101.6,false,false
,German Unemployment Change,EUR,2024-08-30T03:55:00Z,None,17K,17K,2K,false,false
,Italian Monthly Unemployment Rate,EUR,2024-08-30T04:00:00Z,None,7.0%,6.9%,6.5%,false,false
,Net Lending to Individuals m/m,GBP,2024-08-30T04:30:00Z,None,3.4B,3.5B,4.0B,false,false
,Mortgage Approvals,GBP,2024-08-30T04:30:00Z,None,61K,60K,62K,false,false
,M4 Money Supply m/m,GBP,2024-08-30T04:30:00Z,None,0.5%,0.5%,0.3%,false,false
,CPI Flash Estimate y/y,EUR,2024-08-30T05:00:00Z,High,2.2%,2.6%,2.2%,false,false
,Core CPI Flash Estimate y/y,EUR,2024-08-30T05:00:00Z,None,2.8%,2.9%,2.8%,false,false
,Italian Prelim CPI m/m,EUR,2024-08-30T05:00:00Z,None,0.3%,0.4%,0.2%,false,false
,Unemployment Rate,EUR,2024-08-30T05:00:00Z,None,6.5%,6.5%,6.4%,false,false
,GDP m/m,CAD,2024-08-30T08:30:00Z,High,0.1%,0.1%,0.0%,false,false
,Core PCE Price Index m/m,USD,2024-08-30T08:30:00Z,High,0.2%,0.2%,0.2%,false,false
,Personal Income m/m,USD,2024-08-30T08:30:00Z,None,0.2%,0.2%,0.3%,false,false
,Personal Spending m/m,USD,2024-08-30T08:30:00Z,None,0.5%,0.3%,0.5%,false,false
,Chicago PMI,USD,2024-08-30T09:45:00Z,None,45.0,45.3,46.1,false,false
,Revised UoM Consumer Sentiment,USD,2024-08-30T10:00:00Z,None,68.0,67.8,67.9,false,false
,Revised UoM Inflation Expectations,USD,2024-08-30T10:00:00Z,None,,2.9%,2.8%,false,false
,Non-Manufacturing PMI,CNY,2024-08-30T21:30:00Z,None,50.1,50.2,50.3,false,false
,Manufacturing PMI,CNY,2024-08-30T21:30:00Z,High,49.5,49.4,49.1,false,false
,Capital Spending q/y,JPY,2024-09-01T19:50:00Z,None,9.6%,6.8%,7.4%,false,false
,Final Manufacturing PMI,JPY,2024-09-01T20:30:00Z,None,49.5,49.5,49.8,false,false
,MI Inflation Gauge m/m,AUD,2024-09-01T21:00:00Z,None,,0.4%,-0.1%,false,false
,Company Operating Profits q/q,AUD,2024-09-01T21:30:00Z,None,-0.6%,-2.5%,-5.3%,false,false
,Building Approvals m/m,AUD,2024-09-01T21:30:00Z,None,2.4%,-6.4%,10.4%,false,false
,ANZ Job Advertisements m/m,AUD,2024-09-01T21:30:00Z,None,,-2.7%,-2.1%,false,false
,RatingDog Manufacturing PMI,CNY,2024-09-01T21:45:00Z,None,50.0,49.8,50.4,false,false
,Bank Holiday,CAD,2024-09-02T00:00:00Z,None,,,,true,false
,Bank Holiday,USD,2024-09-02T00:00:00Z,None,,,,true,false
,Retail Sales y/y,CHF,2024-09-02T02:30:00Z,None,-0.2%,-2.6%,2.7%,false,false
,Commodity Prices y/y,AUD,2024-09-02T02:32:00Z,None,,-4.2%,-5.2%,false,false
,Spanish Manufacturing PMI,EUR,2024-09-02T03:15:00Z,None,51.4,51.0,50.5,false,false
,Manufacturing PMI,CHF,2024-09-02T03:30:00Z,None,43.7,43.5,49.0,false,false
,Italian Manufacturing PMI,EUR,2024-09-02T03:45:00Z,None,48.0,47.4,49.4,false,false
,French Final Manufacturing PMI,EUR,2024-09-02T03:50:00Z,None,42.1,42.1,43.9,false,false
,German Final Manufacturing PMI,EUR,2024-09-02T03:55:00Z,None,42.1,42.1,42.4,false,false
,Final Manufacturing PMI,EUR,2024-09-02T04:00:00Z,None,45.6,45.6,45.8,false,false
,Final Manufacturing PMI,GBP,2024-09-02T04:30:00Z,None,52.5,52.5,52.5,false,false
,Overseas Trade Index q/q,NZD,2024-09-02T18:45:00Z,None,2.6%,5.1%,2.1%,false,false
,BRC Retail Sales Monitor y/y,GBP,2024-09-02T19:01:00Z,None,0.7%,0.3%,0.8%,false,false
,Monetary Base y/y,JPY,2024-09-02T19:50:00Z,None,0.6%,1.0%,0.6%,false,false
,Current Account,AUD,2024-09-02T21:30:00Z,None,-4.5B,-6.3B,-10.7B,false,false
,10-y Bond Auction,JPY,2024-09-02T23:35:00Z,None,,0.93|3.0,0.92|3.2,false,false
,CPI m/m,CHF,2024-09-03T02:30:00Z,High,0.1%,-0.2%,0.0%,false,false
,French Gov Budget Balance,EUR,2024-09-03T02:45:00Z,None,,-103.5B,-156.9B,false,false
,GDP q/q,CHF,2024-09-03T03:00:00Z,None,0.5%,0.5%,0.7%,false,false
,Spanish Unemployment Change,EUR,2024-09-03T03:00:00Z,None,34.3K,-10.8K,21.9K,false,false
,Manufacturing PMI,CAD,2024-09-03T09:30:00Z,None,,47.8,49.5,false,false
,Final Manufacturing PMI,USD,2024-09-03T09:45:00Z,None,48.1,48.0,47.9,false,false
,ISM Manufacturing PMI,USD,2024-09-03T10:00:00Z,High,47.5,46.8,47.2,false,false
,ISM Manufacturing Prices,USD,2024-09-03T10:00:00Z,None,52.1,52.9,54.0,false,false
,Construction Spending m/m,USD,2024-09-03T10:00:00Z,None,0.1%,0.0%,-0.3%,false,false
,RCM/TIPP Economic Optimism,USD,2024-09-03T10:07:00Z,None,46.2,44.5,46.1,false,false
,GDT Price Index,NZD,2024-09-03T11:54:00Z,None,,5.5%,-0.4%,false,false
,German Buba President Nagel Speaks,EUR,2024-09-03T12:45:00Z,None,,,,false,false
,ANZ Commodity Prices m/m,NZD,2024-09-03T21:00:00Z,None,,-1.7%,2.1%,false,false
,GDP q/q,AUD,2024-09-03T21:30:00Z,High,0.2%,0.2%,0.2%,false,false
,Household Spending m/m,AUD,2024-09-03T21:30:00Z,None,,-0.5%,0.8%,false,false
,RatingDog Services PMI,CNY,2024-09-03T21:45:00Z,None,51.9,52.1,51.6,false,false
,Omdia Total Vehicle Sales,USD,2024-09-04T00:00:00Z,None,15.4M,15.8M,15.1M,true,false
,Spanish Services PMI,EUR,2024-09-04T03:15:00Z,None,54.8,53.9,54.6,false,false
,Italian Services PMI,EUR,2024-09-04T03:45:00Z,None,52.5,51.7,51.4,false,false
,French Final Services PMI,EUR,2024-09-04T03:50:00Z,None,55.0,55.0,55.0,false,false
,German Final Services PMI,EUR,2024-09-04T03:55:00Z,None,51.4,51.4,51.2,false,false
,Final Services PMI,EUR,2024-09-04T04:00:00Z,None,53.3,53.3,52.9,false,false
,Final Services PMI,GBP,2024-09-04T04:30:00Z,None,53.3,53.3,53.7,false,false
,PPI m/m,EUR,2024-09-04T05:00:00Z,None,0.3%,0.6%,0.8%,false,false
,Trade Balance,CAD,2024-09-04T08:30:00Z,None,0.7B,-0.2B,0.7B,false,false
,Trade Balance,USD,2024-09-04T08:30:00Z,None,-78.8B,-73.0B,-78.8B,false,false
,BOC Rate Statement,CAD,2024-09-04T09:45:00Z,High,,,,false,false
,Overnight Rate,CAD,2024-09-04T09:45:00Z,High,4.25%,4.50%,4.25%,false,false
,JOLTS Job Openings,USD,2024-09-04T10:00:00Z,High,8.09M,7.91M,7.67M,false,false
,Factory Orders m/m,USD,2024-09-04T10:00:00Z,None,4.7%,-3.3%,5.0%,false,false
,BOC Press Conference,CAD,2024-09-04T10:30:00Z,High,,,,false,false
,Beige Book,USD,2024-09-04T14:00:00Z,None,,,,false,false
,API Weekly Statistical Bulletin,USD,2024-09-04T16:30:00Z,None,,,,false,false
,Average Cash Earnings y/y,JPY,2024-09-04T19:30:00Z,None,3.0%,4.5%,3.6%,false,false
,Goods Trade Balance,AUD,2024-09-04T21:30:00Z,None,5.05B,5.43B,6.01B,false,false
,RBA Gov Bullock Speaks,AUD,2024-09-04T23:05:00Z,High,,,,false,false
,30-y Bond Auction,JPY,2024-09-04T23:35:00Z,None,,2.23|3.5,2.04|3.4,false,false
,Unemployment Rate,CHF,2024-09-05T01:45:00Z,None,2.5%,2.5%,2.5%,false,false
,German Factory Orders m/m,EUR,2024-09-05T02:00:00Z,None,-1.6%,4.6%,2.9%,false,false
,Construction PMI,GBP,2024-09-05T04:30:00Z,None,54.6,55.3,53.6,false,false
,Spanish 10-y Bond Auction,EUR,2024-09-05T04:52:00Z,None,,3.11|1.5,3.04|2.1,false,false
,RBA Gov Bullock Speaks,AUD,2024-09-05T05:00:00Z,None,,,,false,false
,Retail Sales m/m,EUR,2024-09-05T05:00:00Z,None,0.1%,-0.4%,0.1%,false,false
,French 10-y Bond Auction,EUR,2024-09-05T05:02:00Z,None,,3.01|2.2,2.95|2.2,false,false
,Challenger Job Cuts y/y,USD,2024-09-05T07:30:00Z,None,,9.2%,1.0%,false,false
,ADP Non-Farm Employment Change,USD,2024-09-05T08:15:00Z,High,144K,111K,99K,false,false
,Labor Productivity q/q,CAD,2024-09-05T08:30:00Z,None,-0.1%,-0.3%,-0.2%,false,false
,Unemployment Claims,USD,2024-09-05T08:30:00Z,High,231K,232K,227K,false,false
,Revised Nonfarm Productivity q/q,USD,2024-09-05T08:30:00Z,None,2.4%,2.3%,2.5%,false,false
,Revised Unit Labor Costs q/q,USD,2024-09-05T08:30:00Z,None,0.8%,0.9%,0.4%,false,false
,Final Services PMI,USD,2024-09-05T09:45:00Z,None,55.0,55.2,55.7,false,false
,ISM Services PMI,USD,2024-09-05T10:00:00Z,High,51.3,51.4,51.5,false,false
,Natural Gas Storage,USD,2024-09-05T10:30:00Z,None,26B,35B,13B,false,false
,Crude Oil Inventories,USD,2024-09-05T11:00:00Z,None,-0.6M,-0.8M,-6.9M,false,false
,Household Spending y/y,JPY,2024-09-05T19:30:00Z,None,1.2%,-1.4%,0.1%,false,false
,Leading Indicators,JPY,2024-09-06T01:00:00Z,None,109.4%,109.0%,109.5%,false,false
,German Industrial Production m/m,EUR,2024-09-06T02:00:00Z,None,-0.4%,1.7%,-2.4%,false,false
,German Trade Balance,EUR,2024-09-06T02:00:00Z,None,21.0B,20.4B,16.8B,false,false
,Lloyds HPI m/m,GBP,2024-09-06T02:00:00Z,None,0.2%,0.9%,0.3%,false,false
,French Industrial Production m/m,EUR,2024-09-06T02:45:00Z,None,-0.3%,0.8%,-0.5%,false,false
,French Trade Balance,EUR,2024-09-06T02:45:00Z,None,-6.5B,-6.0B,-5.9B,false,false
,Foreign Currency Reserves,CHF,2024-09-06T03:00:00Z,None,,704B,694B,false,false
,SECO Consumer Climate,CHF,2024-09-06T03:00:00Z,None,-33,-32,-35,false,false
,Italian Retail Sales m/m,EUR,2024-09-06T04:00:00Z,None,0.1%,-0.2%,0.5%,false,false
,Final Employment Change q/q,EUR,2024-09-06T05:00:00Z,None,0.2%,0.2%,0.2%,false,false
,Revised GDP q/q,EUR,2024-09-06T05:00:00Z,None,0.3%,0.3%,0.2%,false,false
,Employment Change,CAD,2024-09-06T08:30:00Z,High,23.7K,-2.8K,22.1K,false,false
,Unemployment Rate,CAD,2024-09-06T08:30:00Z,High,6.5%,6.4%,6.6%,false,false
,Average Hourly Earnings m/m,USD,2024-09-06T08:30:00Z,High,0.3%,0.2%,0.4%,false,false
,Non-Farm Employment Change,USD,2024-09-06T08:30:00Z,High,164K,89K,142K,false,false
,Unemployment Rate,USD,2024-09-06T08:30:00Z,High,4.2%,4.3%,4.2%,false,false
,FOMC Member Williams Speaks,USD,2024-09-06T08:45:00Z,None,,,,false,false
,Ivey PMI,CAD,2024-09-06T10:00:00Z,None,55.3,57.6,48.2,false,false
,FOMC Member Waller Speaks,USD,2024-09-06T11:00:00Z,High,,,,false,false
,Bank Lending y/y,JPY,2024-09-08T19:50:00Z,None,3.2%,3.2%,3.0%,false,false
,Current Account,JPY,2024-09-08T19:50:00Z,None,2.08T,1.78T,2.80T,false,false
,Final GDP Price Index y/y,JPY,2024-09-08T19:50:00Z,None,3.0%,3.0%,3.2%,false,false
,Final GDP q/q,JPY,2024-09-08T19:50:00Z,None,0.8%,0.8%,0.7%,false,false
,CPI y/y,CNY,2024-09-08T21:30:00Z,None,0.7%,0.5%,0.6%,false,false
,PPI y/y,CNY,2024-09-08T21:30:00Z,None,-1.5%,-0.8%,-1.8%,false,false
,Economy Watchers Sentiment,JPY,2024-09-09T01:00:00Z,None,47.6,47.5,49.0,false,false
,Sentix Investor Confidence,EUR,2024-09-09T04:30:00Z,None,-12.4,-13.9,-15.4,false,false
,Final Wholesale Inventories m/m,USD,2024-09-09T10:00:00Z,None,0.3%,0.3%,0.2%,false,false
,Consumer Credit m/m,USD,2024-09-09T15:00:00Z,None,12.3B,5.2B,25.5B,false,false
,Manufacturing Sales q/q,NZD,2024-09-09T18:45:00Z,None,,0.8%,0.1%,false,false
,M2 Money Stock y/y,JPY,2024-09-09T19:50:00Z,None,1.5%,1.5%,1.3%,false,false
,Westpac Consumer Sentiment,AUD,2024-09-09T20:30:00Z,None,,2.8%,-0.5%,false,false
,NAB Business Confidence,AUD,2024-09-09T21:30:00Z,None,,1,-4,false,false
,USD-Denominated Trade Balance,CNY,2024-09-09T23:17:00Z,None,81.4B,84.7B,91.0B,false,false
,Trade Balance,CNY,2024-09-09T23:18:00Z,None,579B,602B,649B,false,false
,Prelim Machine Tool Orders y/y,JPY,2024-09-10T01:58:00Z,None,,8.4%,-3.5%,false,false
,Claimant Count Change,GBP,2024-09-10T02:00:00Z,High,95.5K,102.3K,23.7K,false,false
,German Final CPI m/m,EUR,2024-09-10T02:00:00Z,None,-0.1%,-0.1%,-0.1%,false,false
,Average Earnings Index 3m/y,GBP,2024-09-10T02:00:00Z,None,4.1%,4.6%,4.0%,false,false
,Unemployment Rate,GBP,2024-09-10T02:00:00Z,None,4.1%,4.2%,4.1%,false,false
,Italian Industrial Production m/m,EUR,2024-09-10T04:00:00Z,None,-0.2%,0.5%,-0.9%,false,false
,NFIB Small Business Index,USD,2024-09-10T05:59:00Z,None,93.6,93.7,91.2,false,false
,MPC Member Breeden Speaks,GBP,2024-09-10T07:00:00Z,None,,,,false,false
,BOC Gov Macklem Speaks,CAD,2024-09-10T08:10:00Z,High,,,,false,false
,FOMC Member Barr Speaks,USD,2024-09-10T10:00:00Z,None,,,,false,false
,FOMC Member Bowman Speaks,USD,2024-09-10T12:15:00Z,None,,,,false,false
,API Weekly Statistical Bulletin,USD,2024-09-10T16:30:00Z,None,,,,false,false
,Visitor Arrivals m/m,NZD,2024-09-10T18:45:00Z,None,,0.5%,2.2%,false,false
,RBA Assist Gov Hunter Speaks,AUD,2024-09-10T20:20:00Z,None,,,,false,false
,GDP m/m,GBP,2024-09-11T02:00:00Z,High,0.2%,0.0%,0.0%,false,false
,Construction Output m/m,GBP,2024-09-11T02:00:00Z,None,0.4%,0.5%,-0.4%,false,false
,Goods Trade Balance,GBP,2024-09-11T02:00:00Z,None,-18.0B,-18.9B,-20.0B,false,false
,Index of Services 3m/3m,GBP,2024-09-11T02:00:00Z,None,0.6%,0.8%,0.6%,false,false
,Industrial Production m/m,GBP,2024-09-11T02:00:00Z,None,0.3%,0.8%,-0.8%,false,false
,Manufacturing Production m/m,GBP,2024-09-11T02:00:00Z,None,0.2%,1.1%,-1.0%,false,false
,10-y Bond Auction,GBP,2024-09-11T05:03:00Z,None,,4.08|2.9,3.76|2.8,false,false
,German 10-y Bond Auction,EUR,2024-09-11T05:33:00Z,None,,2.22|2.0,2.11|2.1,false,false
,NIESR GDP Estimate,GBP,2024-09-11T07:18:00Z,None,,0.5%,0.3%,false,false
,CPI m/m,USD,2024-09-11T08:30:00Z,High,0.2%,0.2%,0.2%,false,false
,CPI y/y,USD,2024-09-11T08:30:00Z,High,2.5%,2.9%,2.5%,false,false
,Core CPI y/y,USD,2024-09-11T08:30:00Z,High,3.2%,3.2%,3.2%,false,false
,Core CPI m/m,USD,2024-09-11T08:30:00Z,High,0.2%,0.2%,0.3%,false,false
,CB Leading Index m/m,GBP,2024-09-11T09:30:00Z,None,,-0.1%,-0.3%,false,false
,Crude Oil Inventories,USD,2024-09-11T10:30:00Z,None,0.9M,-6.9M,0.8M,false,false
,10-y Bond Auction,USD,2024-09-11T13:01:00Z,None,,3.96|2.3,3.65|2.6,false,false
,FPI m/m,NZD,2024-09-11T18:45:00Z,None,,0.4%,0.2%,false,false
,RICS House Price Balance,GBP,2024-09-11T19:01:00Z,None,-14%,-18%,1%,false,false
,PPI y/y,JPY,2024-09-11T19:50:00Z,None,2.8%,3.0%,2.5%,false,false
,BSI Manufacturing Index,JPY,2024-09-11T19:50:00Z,None,-2.5,-1.0,4.5,false,false
,MI Inflation Expectations,AUD,2024-09-11T21:00:00Z,None,,4.5%,4.4%,false,false
,German WPI m/m,EUR,2024-09-12T02:00:00Z,None,0.1%,0.3%,-0.8%,false,false
,Italian Quarterly Unemployment Rate,EUR,2024-09-12T04:05:00Z,None,7.1%,7.2%,6.8%,false,false
,Federal Budget Balance,USD,2024-09-12T08:00:00Z,None,-285.7B,-243.7B,-380.1B,false,false
,Main Refinancing Rate,EUR,2024-09-12T08:15:00Z,High,3.65%,4.25%,3.65%,false,false
,Monetary Policy Statement,EUR,2024-09-12T08:15:00Z,High,,,,false,false
,Building Permits m/m,CAD,2024-09-12T08:30:00Z,None,6.5%,-13.0%,22.1%,false,false
,Core PPI m/m,USD,2024-09-12T08:30:00Z,High,0.2%,-0.2%,0.3%,false,false
,PPI m/m,USD,2024-09-12T08:30:00Z,High,0.1%,0.0%,0.2%,false,false
,Unemployment Claims,USD,2024-09-12T08:30:00Z,High,227K,228K,230K,false,false
,ECB Press Conference,EUR,2024-09-12T08:45:00Z,High,,,,false,false
,SNB Chairman Jordan Speaks,CHF,2024-09-12T10:25:00Z,None,,,,false,false
,Natural Gas Storage,USD,2024-09-12T10:30:00Z,None,49B,13B,40B,false,false
,30-y Bond Auction,USD,2024-09-12T13:01:00Z,None,,4.31|2.3,4.02|2.4,false,false
,BusinessNZ Manufacturing Index,NZD,2024-09-12T18:30:00Z,None,,44.4,45.8,false,false
,ECOFIN Meetings,EUR,2024-09-13T00:00:00Z,None,,,,false,false
,Eurogroup Meetings,EUR,2024-09-13T00:00:00Z,None,,,,true,false
,Revised Industrial Production m/m,JPY,2024-09-13T00:30:00Z,None,2.8%,2.8%,3.1%,false,false
,French Final CPI m/m,EUR,2024-09-13T02:45:00Z,None,0.6%,0.6%,0.5%,false,false
,Consumer Inflation Expectations,GBP,2024-09-13T04:30:00Z,None,,2.8%,2.7%,false,false
,Industrial Production m/m,EUR,2024-09-13T05:00:00Z,None,-0.6%,0.0%,-0.3%,false,false
,M2 Money Supply y/y,CNY,2024-09-13T07:28:00Z,None,6.2%,6.3%,6.3%,false,false
,New Loans,CNY,2024-09-13T07:29:00Z,None,810B,260B,900B,false,false
,Import Prices m/m,USD,2024-09-13T08:30:00Z,None,-0.2%,0.1%,-0.3%,false,false
,Wholesale Sales m/m,CAD,2024-09-13T08:30:00Z,None,-1.1%,-0.5%,0.4%,false,false
,Capacity Utilization Rate,CAD,2024-09-13T08:30:00Z,None,78.8%,78.6%,79.1%,false,false
,Prelim UoM Consumer Sentiment,USD,2024-09-13T10:00:00Z,None,68.3,67.9,69.0,false,false
,Prelim UoM Inflation Expectations,USD,2024-09-13T10:00:00Z,None,,2.8%,2.7%,false,false
,New Home Prices m/m,CNY,2024-09-13T21:30:00Z,None,,-0.65%,-0.73%,false,false
,Fixed Asset Investment ytd/y,CNY,2024-09-13T22:00:00Z,None,3.5%,3.6%,3.4%,false,false
,Industrial Production y/y,CNY,2024-09-13T22:00:00Z,None,4.7%,5.1%,4.5%,false,false
,Retail Sales y/y,CNY,2024-09-13T22:00:00Z,None,2.5%,2.7%,2.1%,false,false
,NBS Press Conference,CNY,2024-09-13T22:00:00Z,None,,,,false,false
,Unemployment Rate,CNY,2024-09-13T22:00:00Z,None,5.2%,5.2%,5.3%,false,false
,ECOFIN Meetings,EUR,2024-09-14T00:00:00Z,None,,,,false,false
,Foreign Direct Investment ytd/y,CNY,2024-09-14T05:22:00Z,None,,-29.6%,-31.5%,false,false
,Bank Holiday,JPY,2024-09-15T00:00:00Z,None,,,,true,false
,Bank Holiday,CNY,2024-09-15T00:00:00Z,None,,,,true,false
,BusinessNZ Services Index,NZD,2024-09-15T18:30:00Z,None,,45.2,45.5,false,false
,Rightmove HPI m/m,GBP,2024-09-15T19:01:00Z,None,,-1.5%,0.8%,false,false
,Bank Holiday,CNY,2024-09-16T00:00:00Z,None,,,,true,false
,PPI m/m,CHF,2024-09-16T02:30:00Z,None,0.1%,0.0%,0.2%,false,false
,Trade Balance,EUR,2024-09-16T05:00:00Z,None,14.9B,17.0B,15.5B,false,false
,Italian Trade Balance,EUR,2024-09-16T05:00:00Z,None,4.45B,5.15B,6.74B,false,false
,Manufacturing Sales m/m,CAD,2024-09-16T08:30:00Z,None,0.7%,-1.7%,1.4%,false,false
,Empire State Manufacturing Index,USD,2024-09-16T08:30:00Z,None,-4.1,-4.7,11.5,false,false
,Tertiary Industry Activity m/m,JPY,2024-09-17T00:30:00Z,None,0.8%,-1.2%,1.4%,false,false
,German ZEW Economic Sentiment,EUR,2024-09-17T05:00:00Z,None,17.1,19.2,3.6,false,false
,ZEW Economic Sentiment,EUR,2024-09-17T05:00:00Z,None,16.3,17.9,9.3,false,false
,30-y Bond Auction,GBP,2024-09-17T05:02:00Z,None,,4.64|3.3,4.33|2.9,false,false
,Housing Starts,CAD,2024-09-17T08:15:00Z,None,252K,280K,217K,false,false
,CPI m/m,CAD,2024-09-17T08:30:00Z,High,0.0%,0.4%,-0.2%,false,false
,Median CPI y/y,CAD,2024-09-17T08:30:00Z,High,2.2%,2.4%,2.3%,false,false
,Trimmed CPI y/y,CAD,2024-09-17T08:30:00Z,High,2.5%,2.7%,2.4%,false,false
,Common CPI y/y,CAD,2024-09-17T08:30:00Z,None,2.2%,2.2%,2.0%,false,false
,Core CPI m/m,CAD,2024-09-17T08:30:00Z,None,,0.3%,-0.1%,false,false
,Core Retail Sales m/m,USD,2024-09-17T08:30:00Z,High,0.2%,0.4%,0.1%,false,false
,Retail Sales m/m,USD,2024-09-17T08:30:00Z,High,-0.2%,1.1%,0.1%,false,false
,Capacity Utilization Rate,USD,2024-09-17T09:15:00Z,None,77.9%,77.4%,78.0%,false,false
,Industrial Production m/m,USD,2024-09-17T09:15:00Z,None,0.2%,-0.9%,0.8%,false,false
,Business Inventories m/m,USD,2024-09-17T10:00:00Z,None,0.3%,0.3%,0.4%,false,false
,FOMC Member Logan Speaks,USD,2024-09-17T10:00:00Z,None,,,,false,false
,NAHB Housing Market Index,USD,2024-09-17T10:00:00Z,None,41,39,41,false,false
,CB Leading Index m/m,AUD,2024-09-17T10:42:00Z,None,,-0.2%,0.1%,false,false
,GDT Price Index,NZD,2024-09-17T10:55:00Z,None,,-0.4%,0.8%,false,false
,Westpac Consumer Sentiment,NZD,2024-09-17T14:50:00Z,None,,82.2,90.8,false,false
,API Weekly Statistical Bulletin,USD,2024-09-17T16:30:00Z,None,,,,false,false
,Gov Council Member Rogers Speaks,CAD,2024-09-17T18:00:00Z,None,,,,false,false
,Current Account,NZD,2024-09-17T18:45:00Z,None,-3.95B,-3.83B,-4.83B,false,false
,RBA Assist Gov Jones Speaks,AUD,2024-09-17T19:20:00Z,None,,,,false,false
,Core Machinery Orders m/m,JPY,2024-09-17T19:50:00Z,None,0.4%,2.1%,-0.1%,false,false
,Trade Balance,JPY,2024-09-17T19:50:00Z,None,-0.96T,-0.68T,-0.60T,false,false
,MI Leading Index m/m,AUD,2024-09-17T20:30:00Z,None,,0.0%,-0.1%,false,false
,CPI y/y,GBP,2024-09-18T02:00:00Z,High,2.2%,2.2%,2.2%,false,false
,Core CPI y/y,GBP,2024-09-18T02:00:00Z,None,3.6%,3.3%,3.6%,false,false
,PPI Input m/m,GBP,2024-09-18T02:00:00Z,None,-0.3%,-0.3%,-0.5%,false,false
,PPI Output m/m,GBP,2024-09-18T02:00:00Z,None,0.0%,0.0%,-0.3%,false,false
,RPI y/y,GBP,2024-09-18T02:00:00Z,None,3.4%,3.6%,3.5%,false,false
,HPI y/y,GBP,2024-09-18T04:30:00Z,None,2.8%,2.7%,2.2%,false,false
,Final Core CPI y/y,EUR,2024-09-18T05:00:00Z,None,2.8%,2.8%,2.8%,false,false
,Final CPI y/y,EUR,2024-09-18T05:00:00Z,None,2.2%,2.2%,2.2%,false,false
,German 30-y Bond Auction,EUR,2024-09-18T05:36:00Z,None,,2.45|2.8,2.44|2.7,false,false
,German Buba President Nagel Speaks,EUR,2024-09-18T07:00:00Z,None,,,,false,false
,Foreign Securities Purchases,CAD,2024-09-18T08:30:00Z,None,11.50B,5.20B,10.98B,false,false
,Building Permits,USD,2024-09-18T08:30:00Z,None,1.41M,1.41M,1.48M,false,false
,Housing Starts,USD,2024-09-18T08:30:00Z,None,1.31M,1.24M,1.36M,false,false
,Crude Oil Inventories,USD,2024-09-18T10:30:00Z,None,-0.2M,0.8M,-1.6M,false,false
,BOC Summary of Deliberations,CAD,2024-09-18T13:30:00Z,None,,,,false,false
,Federal Funds Rate,USD,2024-09-18T14:00:00Z,High,5.25%,5.50%,5.00%,false,false
,FOMC Economic Projections,USD,2024-09-18T14:00:00Z,High,,,,false,false
,FOMC Statement,USD,2024-09-18T14:00:00Z,High,,,,false,false
,FOMC Press Conference,USD,2024-09-18T14:30:00Z,High,,,,false,false
,TIC Long-Term Purchases,USD,2024-09-18T16:00:00Z,None,54.9B,80.5B,135.4B,false,false
,GDP q/q,NZD,2024-09-18T18:45:00Z,High,-0.4%,0.1%,-0.2%,false,false
,Employment Change,AUD,2024-09-18T21:30:00Z,High,26.4K,48.9K,47.5K,false,false
,Unemployment Rate,AUD,2024-09-18T21:30:00Z,High,4.2%,4.2%,4.2%,false,false
,Trade Balance,CHF,2024-09-19T02:00:00Z,None,5.05B,4.88B,4.58B,false,false
,SECO Economic Forecasts,CHF,2024-09-19T03:00:00Z,None,,,,false,false
,Current Account,EUR,2024-09-19T04:00:00Z,None,40.3B,50.5B,39.6B,false,false
,German Buba Monthly Report,EUR,2024-09-19T06:00:00Z,None,,,,false,false
,Monetary Policy Summary,GBP,2024-09-19T07:00:00Z,High,,,,false,false
,MPC Official Bank Rate Votes,GBP,2024-09-19T07:00:00Z,High,0-2-7,0-5-4,0-1-8,false,false
,Official Bank Rate,GBP,2024-09-19T07:00:00Z,High,5.00%,5.00%,5.00%,false,false
,German Buba President Nagel Speaks,EUR,2024-09-19T07:30:00Z,None,,,,false,false
,Gov Council Member Vincent Speaks,CAD,2024-09-19T08:00:00Z,None,,,,false,false
,Unemployment Claims,USD,2024-09-19T08:30:00Z,High,230K,231K,219K,false,false
,Philly Fed Manufacturing Index,USD,2024-09-19T08:30:00Z,None,-0.8,-7.0,1.7,false,false
,Current Account,USD,2024-09-19T08:30:00Z,None,-259B,-241B,-267B,false,false
,Existing Home Sales,USD,2024-09-19T10:00:00Z,None,3.92M,3.96M,3.86M,false,false
,CB Leading Index m/m,USD,2024-09-19T10:00:00Z,None,-0.3%,-0.6%,-0.2%,false,false
,Natural Gas Storage,USD,2024-09-19T10:30:00Z,None,53B,40B,58B,false,false
,GfK Consumer Confidence,GBP,2024-09-19T19:01:00Z,None,-13,-13,-20,false,false
,National Core CPI y/y,JPY,2024-09-19T19:30:00Z,None,2.8%,2.7%,2.8%,false,false
,1-y Loan Prime Rate,CNY,2024-09-19T21:00:00Z,None,3.35%,3.35%,3.35%,false,false
,5-y Loan Prime Rate,CNY,2024-09-19T21:00:00Z,None,3.85%,3.85%,3.85%,false,false
,BOJ Policy Rate,JPY,2024-09-19T22:52:00Z,High,<0.25%,<0.25%,<0.25%,false,false
,Monetary Policy Statement,JPY,2024-09-19T22:52:00Z,High,,,,false,false
,Credit Card Spending y/y,NZD,2024-09-19T23:00:00Z,None,,-3.7%,-3.1%,false,false
,German PPI m/m,EUR,2024-09-20T02:00:00Z,None,0.0%,0.2%,0.2%,false,false
,Retail Sales m/m,GBP,2024-09-20T02:00:00Z,High,0.3%,0.7%,1.0%,false,false
,Public Sector Net Borrowing,GBP,2024-09-20T02:00:00Z,None,12.1B,3.1B,13.7B,false,false
,BOJ Press Conference,JPY,2024-09-20T02:30:00Z,High,,,,false,false
,MPC Member Mann Speaks,GBP,2024-09-20T05:00:00Z,None,,,,false,false
,BOC Gov Macklem Speaks,CAD,2024-09-20T08:15:00Z,High,,,,false,false
,Core Retail Sales m/m,CAD,2024-09-20T08:30:00Z,High,0.2%,0.3%,0.4%,false,false
,Retail Sales m/m,CAD,2024-09-20T08:30:00Z,High,0.5%,-0.2%,0.9%,false,false
,IPPI m/m,CAD,2024-09-20T08:30:00Z,None,-0.3%,-0.1%,-0.8%,false,false
,RMPI m/m,CAD,2024-09-20T08:30:00Z,None,-2.0%,0.7%,-3.1%,false,false
,Consumer Confidence,EUR,2024-09-20T10:00:00Z,None,-13,-13,-13,false,false
,ECB President Lagarde Speaks,EUR,2024-09-20T11:00:00Z,None,,,,false,false
,FOMC Member Waller Speaks,USD,2024-09-20T11:30:00Z,None,,,,false,false
,FOMC Member Harker Speaks,USD,2024-09-20T14:00:00Z,None,,,,false,false
,Bank Holiday,JPY,2024-09-22T00:00:00Z,None,,,,true,false
,Trade Balance,NZD,2024-09-22T18:45:00Z,None,-155M,-1016M,-2203M,false,false
,Flash Manufacturing PMI,AUD,2024-09-22T19:00:00Z,None,,48.5,46.7,false,false
,Flash Services PMI,AUD,2024-09-22T19:00:00Z,None,,52.5,50.6,false,false
,French Flash Manufacturing PMI,EUR,2024-09-23T03:15:00Z,High,44.3,43.9,44.0,false,false
,French Flash Services PMI,EUR,2024-09-23T03:15:00Z,High,53.0,55.0,48.3,false,false
,German Flash Manufacturing PMI,EUR,2024-09-23T03:30:00Z,High,42.4,42.4,40.3,false,false
,German Flash Services PMI,EUR,2024-09-23T03:30:00Z,High,51.1,51.2,50.6,false,false
,Flash Manufacturing PMI,EUR,2024-09-23T04:00:00Z,None,45.7,45.8,44.8,false,false
,Flash Services PMI,EUR,2024-09-23T04:00:00Z,None,52.3,52.9,50.5,false,false
,Flash Manufacturing PMI,GBP,2024-09-23T04:30:00Z,High,52.3,52.5,51.5,false,false
,Flash Services PMI,GBP,2024-09-23T04:30:00Z,High,53.5,53.7,52.8,false,false
,CBI Industrial Order Expectations,GBP,2024-09-23T06:00:00Z,None,-23,-22,-35,false,false
,FOMC Member Bostic Speaks,USD,2024-09-23T08:00:00Z,None,,,,false,false
,FOMC Member Kashkari Speaks,USD,2024-09-23T08:10:00Z,None,,,,false,false
,NHPI m/m,CAD,2024-09-23T08:30:00Z,None,0.1%,0.2%,0.0%,false,false
,Flash Manufacturing PMI,USD,2024-09-23T09:45:00Z,High,48.6,47.9,47.0,false,false
,Flash Services PMI,USD,2024-09-23T09:45:00Z,High,55.3,55.7,55.4,false,false
,FOMC Member Goolsbee Speaks,USD,2024-09-23T10:15:00Z,None,,,,false,false
,FOMC Member Kashkari Speaks,USD,2024-09-23T13:00:00Z,None,,,,false,false
,Flash Manufacturing PMI,JPY,2024-09-23T20:30:00Z,None,49.9,49.8,49.6,false,false
,Cash Rate,AUD,2024-09-24T00:30:00Z,High,4.35%,4.35%,4.35%,false,false
,RBA Rate Statement,AUD,2024-09-24T00:30:00Z,High,,,,false,false
,BOJ Gov Ueda Speaks,JPY,2024-09-24T01:05:00Z,High,,,,false,false
,RBA Press Conference,AUD,2024-09-24T01:30:00Z,None,,,,false,false
,German ifo Business Climate,EUR,2024-09-24T04:00:00Z,None,86.1,86.6,85.4,false,false
,Belgian NBB Business Climate,EUR,2024-09-24T08:57:00Z,None,-12.3,-12.6,-13.3,false,false
,S&P/CS Composite-20 HPI y/y,USD,2024-09-24T09:00:00Z,None,5.9%,6.5%,5.9%,false,false
,FOMC Member Bowman Speaks,USD,2024-09-24T09:00:00Z,None,,,,false,false
,HPI m/m,USD,2024-09-24T09:00:00Z,None,0.2%,0.0%,0.1%,false,false
,Richmond Manufacturing Index,USD,2024-09-24T09:59:00Z,None,-13,-19,-21,false,false
,CB Consumer Confidence,USD,2024-09-24T10:00:00Z,High,103.9,105.6,98.7,false,false
,German Buba President Nagel Speaks,EUR,2024-09-24T12:00:00Z,None,,,,false,false
,BOC Gov Macklem Speaks,CAD,2024-09-24T13:10:00Z,High,,,,false,false
,API Weekly Statistical Bulletin,USD,2024-09-24T16:30:00Z,None,,,,false,false
,SPPI y/y,JPY,2024-09-24T19:50:00Z,None,2.6%,2.7%,2.7%,false,false
,CPI y/y,AUD,2024-09-24T21:30:00Z,High,2.7%,3.5%,2.7%,false,false
,BOJ Core CPI y/y,JPY,2024-09-25T00:59:00Z,None,1.8%,1.8%,1.8%,false,false
,UBS Economic Expectations,CHF,2024-09-25T04:00:00Z,None,,-3.4,-8.8,false,false
,MPC Member Greene Speaks,GBP,2024-09-25T04:00:00Z,None,,,,false,false
,CB Leading Index m/m,CNY,2024-09-25T09:00:00Z,None,,0.0%,-0.2%,false,false
,New Home Sales,USD,2024-09-25T10:00:00Z,None,699K,751K,716K,false,false
,Crude Oil Inventories,USD,2024-09-25T10:30:00Z,None,-1.3M,-1.6M,-4.5M,false,false
,FOMC Member Kugler Speaks,USD,2024-09-25T16:00:00Z,None,,,,false,false
,Monetary Policy Meeting Minutes,JPY,2024-09-25T19:50:00Z,None,,,,false,false
,RBA Financial Stability Review,AUD,2024-09-25T21:30:00Z,None,,,,false,false
,German GfK Consumer Climate,EUR,2024-09-26T02:00:00Z,None,-22.4,-21.9,-21.2,false,false
,SNB Policy Rate,CHF,2024-09-26T03:30:00Z,High,1.00%,1.25%,1.00%,false,false
,SNB Monetary Policy Assessment,CHF,2024-09-26T03:30:00Z,High,,,,false,false
,SNB Press Conference,CHF,2024-09-26T04:00:00Z,High,,,,false,false
,ECB Economic Bulletin,EUR,2024-09-26T04:00:00Z,None,,,,false,false
,M3 Money Supply y/y,EUR,2024-09-26T04:00:00Z,None,2.5%,2.3%,2.9%,false,false
,Private Loans y/y,EUR,2024-09-26T04:00:00Z,None,0.6%,0.5%,0.6%,false,false
,Final GDP q/q,USD,2024-09-26T08:30:00Z,High,3.0%,3.0%,3.0%,false,false
,Unemployment Claims,USD,2024-09-26T08:30:00Z,High,224K,222K,218K,false,false
,Core Durable Goods Orders m/m,USD,2024-09-26T08:30:00Z,None,0.1%,-0.2%,0.5%,false,false
,Durable Goods Orders m/m,USD,2024-09-26T08:30:00Z,None,-2.8%,9.8%,0.0%,false,false
,Final GDP Price Index q/q,USD,2024-09-26T08:30:00Z,None,2.5%,2.5%,2.5%,false,false
,FOMC Member Collins Speaks,USD,2024-09-26T09:10:00Z,None,,,,false,false
,FOMC Member Kugler Speaks,USD,2024-09-26T09:10:00Z,None,,,,false,false
,FOMC Member Bowman Speaks,USD,2024-09-26T09:15:00Z,None,,,,false,false
,FOMC Member Powell Speaks,USD,2024-09-26T09:20:00Z,High,,,,false,false
,FOMC Member Williams Speaks,USD,2024-09-26T09:25:00Z,None,,,,false,false
,ECB President Lagarde Speaks,EUR,2024-09-26T09:30:00Z,None,,,,false,false
,Pending Home Sales m/m,USD,2024-09-26T10:00:00Z,None,0.9%,-5.5%,0.6%,false,false
,FOMC Member Barr Speaks,USD,2024-09-26T10:30:00Z,None,,,,false,false
,FOMC Member Cook Speaks,USD,2024-09-26T10:30:00Z,None,,,,false,false
,Natural Gas Storage,USD,2024-09-26T10:30:00Z,None,52B,58B,47B,false,false
,Treasury Sec Yellen Speaks,USD,2024-09-26T11:15:00Z,None,,,,false,false
,FOMC Member Barr Speaks,USD,2024-09-26T13:00:00Z,None,,,,false,false
,FOMC Member Kashkari Speaks,USD,2024-09-26T13:00:00Z,None,,,,false,false
,FOMC Member Cook Speaks,USD,2024-09-26T18:00:00Z,None,,,,false,false
,Tokyo Core CPI y/y,JPY,2024-09-26T19:30:00Z,None,2.0%,2.4%,2.0%,false,false
,French Consumer Spending m/m,EUR,2024-09-27T02:45:00Z,None,-0.1%,0.2%,0.2%,false,false
,French Prelim CPI m/m,EUR,2024-09-27T02:45:00Z,None,-0.7%,0.5%,-1.2%,false,false
,Spanish Flash CPI y/y,EUR,2024-09-27T03:00:00Z,None,1.9%,2.3%,1.5%,false,false
,German Unemployment Change,EUR,2024-09-27T03:55:00Z,None,13K,4K,17K,false,false
,Italian 10-y Bond Auction,EUR,2024-09-27T05:10:00Z,None,,3.68|1.6,3.43|1.6,false,false
,CBI Realized Sales,GBP,2024-09-27T06:00:00Z,None,-17,-27,4,false,false
,German Buba President Nagel Speaks,EUR,2024-09-27T07:15:00Z,None,,,,false,false
,Personal Spending m/m,USD,2024-09-27T08:30:00Z,None,0.3%,0.5%,0.2%,false,false
,GDP m/m,CAD,2024-09-27T08:30:00Z,High,0.1%,0.0%,0.2%,false,false
,Goods Trade Balance,USD,2024-09-27T08:30:00Z,None,-100.6B,-102.8B,-94.3B,false,false
,Personal Income m/m,USD,2024-09-27T08:30:00Z,None,0.4%,0.3%,0.2%,false,false
,Core PCE Price Index m/m,USD,2024-09-27T08:30:00Z,High,0.2%,0.2%,0.1%,false,false
,Prelim Wholesale Inventories m/m,USD,2024-09-27T08:30:00Z,None,0.2%,0.2%,0.2%,false,false
,Revised UoM Consumer Sentiment,USD,2024-09-27T10:00:00Z,None,69.3,69.0,70.1,false,false
,Revised UoM Inflation Expectations,USD,2024-09-27T10:00:00Z,None,,2.7%,2.7%,false,false
,FOMC Member Bowman Speaks,USD,2024-09-27T13:15:00Z,None,,,,false,false
,Daylight Saving Time Shift,NZD,2024-09-28T10:00:00Z,None,,,,false,false
,Retail Sales y/y,JPY,2024-09-29T19:50:00Z,None,2.6%,2.7%,2.8%,false,false
,Prelim Industrial Production m/m,JPY,2024-09-29T19:50:00Z,None,-0.5%,3.1%,-3.3%,false,false
,ANZ Business Confidence,NZD,2024-09-29T20:00:00Z,None,,50.6,60.9,false,false
,Private Sector Credit m/m,AUD,2024-09-29T21:30:00Z,None,0.5%,0.5%,0.5%,false,false
,Manufacturing PMI,CNY,2024-09-29T21:30:00Z,High,49.4,49.1,49.8,false,false
,Non-Manufacturing PMI,CNY,2024-09-29T21:30:00Z,None,50.4,50.3,50.0,false,false
,RatingDog Manufacturing PMI,CNY,2024-09-29T21:45:00Z,None,50.5,50.4,49.3,false,false
,RatingDog Services PMI,CNY,2024-09-29T21:45:00Z,None,51.6,51.6,50.3,false,false
,German Prelim CPI m/m,EUR,2024-09-30T00:00:00Z,High,0.1%,-0.1%,0.0%,true,false
,Bank Holiday,CAD,2024-09-30T00:00:00Z,None,,,,true,false
,Bank Holiday,CNY,2024-09-30T00:00:00Z,None,,,,true,false
,Housing Starts y/y,JPY,2024-09-30T01:00:00Z,None,-3.3%,-0.2%,-5.1%,false,false
,Final GDP q/q,GBP,2024-09-30T02:00:00Z,None,0.6%,0.6%,0.5%,false,false
,German Import Prices m/m,EUR,2024-09-30T02:00:00Z,None,-0.4%,-0.4%,-0.4%,false,false
,Nationwide HPI m/m,GBP,2024-09-30T02:00:00Z,None,0.3%,-0.2%,0.7%,false,false
,Current Account,GBP,2024-09-30T02:00:00Z,None,-32.5B,-13.8B,-28.4B,false,false
,Revised Business Investment q/q,GBP,2024-09-30T02:00:00Z,None,-0.1%,-0.1%,1.4%,false,false
,KOF Economic Barometer,CHF,2024-09-30T03:00:00Z,None,101.0,105.0,105.5,false,false
,M4 Money Supply m/m,GBP,2024-09-30T04:30:00Z,None,0.2%,0.3%,-0.1%,false,false
,Mortgage Approvals,GBP,2024-09-30T04:30:00Z,None,64K,62K,65K,false,false
,Net Lending to Individuals m/m,GBP,2024-09-30T04:30:00Z,None,4.1B,4.0B,4.2B,false,false
,Italian Prelim CPI m/m,EUR,2024-09-30T05:00:00Z,None,-0.2%,0.2%,-0.2%,false,false
,FOMC Member Bowman Speaks,USD,2024-09-30T08:50:00Z,None,,,,false,false
,ECB President Lagarde Speaks,EUR,2024-09-30T09:00:00Z,None,,,,false,false
,Chicago PMI,USD,2024-09-30T09:45:00Z,None,46.1,46.1,46.6,false,false
,FOMC Member Powell Speaks,USD,2024-09-30T13:55:00Z,High,,,,false,false
,MPC Member Greene Speaks,GBP,2024-09-30T16:10:00Z,None,,,,false,false
,NZIER Business Confidence,NZD,2024-09-30T17:00:00Z,None,,-44,-1,false,false
,Building Consents m/m,NZD,2024-09-30T17:45:00Z,None,,26.4%,-5.3%,false,false
,BRC Shop Price Index y/y,GBP,2024-09-30T19:01:00Z,None,,-0.3%,-0.6%,false,false
,Unemployment Rate,JPY,2024-09-30T19:30:00Z,None,2.6%,2.7%,2.5%,false,false
,Tankan Manufacturing Index,JPY,2024-09-30T19:50:00Z,None,12,13,13,false,false
,BOJ Summary of Opinions,JPY,2024-09-30T19:50:00Z,None,,,,false,false
,Tankan Non-Manufacturing Index,JPY,2024-09-30T19:50:00Z,None,32,33,34,false,false
,Final Manufacturing PMI,JPY,2024-09-30T20:30:00Z,None,49.6,49.6,49.7,false,false
,Building Approvals m/m,AUD,2024-09-30T21:30:00Z,None,-4.3%,11.0%,-6.1%,false,false
,Retail Sales m/m,AUD,2024-09-30T21:30:00Z,None,0.4%,0.1%,0.7%,false,false
,Omdia Total Vehicle Sales,USD,2024-10-01T00:00:00Z,None,15.6M,15.1M,15.8M,true,false
,Bank Holiday,CNY,2024-10-01T00:00:00Z,None,,,,true,false
,Commodity Prices y/y,AUD,2024-10-01T02:30:00Z,None,,-6.0%,-10.1%,false,false
,Retail Sales y/y,CHF,2024-10-01T02:30:00Z,None,2.6%,2.9%,3.2%,false,false
,German Buba President Nagel Speaks,EUR,2024-10-01T03:00:00Z,None,,,,false,false
,Spanish Manufacturing PMI,EUR,2024-10-01T03:15:00Z,None,50.2,50.5,53.0,false,false
,Manufacturing PMI,CHF,2024-10-01T03:30:00Z,None,47.9,49.0,49.9,false,false
,Italian Manufacturing PMI,EUR,2024-10-01T03:45:00Z,None,49.0,49.4,48.3,false,false
,French Final Manufacturing PMI,EUR,2024-10-01T03:50:00Z,None,44.0,44.0,44.6,false,false
,German Final Manufacturing PMI,EUR,2024-10-01T03:55:00Z,None,40.3,40.3,40.6,false,false
,Final Manufacturing PMI,EUR,2024-10-01T04:00:00Z,None,44.8,44.8,45.0,false,false
,Final Manufacturing PMI,GBP,2024-10-01T04:30:00Z,None,51.5,51.5,51.5,false,false
,Core CPI Flash Estimate y/y,EUR,2024-10-01T05:00:00Z,High,2.7%,2.8%,2.7%,false,false
,CPI Flash Estimate y/y,EUR,2024-10-01T05:00:00Z,High,1.8%,2.2%,1.8%,false,false
,Manufacturing PMI,CAD,2024-10-01T09:30:00Z,None,,49.5,50.4,false,false
,Final Manufacturing PMI,USD,2024-10-01T09:45:00Z,None,47.0,47.0,47.3,false,false
,MPC Member Pill Speaks,GBP,2024-10-01T10:00:00Z,None,,,,false,false
,ISM Manufacturing PMI,USD,2024-10-01T10:00:00Z,High,47.6,47.2,47.2,false,false
,JOLTS Job Openings,USD,2024-10-01T10:00:00Z,High,7.64M,7.71M,8.04M,false,false
,ISM Manufacturing Prices,USD,2024-10-01T10:00:00Z,None,53.5,54.0,48.3,false,false
,Construction Spending m/m,USD,2024-10-01T10:00:00Z,None,0.2%,-0.5%,-0.1%,false,false
,FOMC Member Bostic Speaks,USD,2024-10-01T11:00:00Z,None,,,,false,false
,FOMC Member Cook Speaks,USD,2024-10-01T11:10:00Z,None,,,,false,false
,SNB Chairman Schlegel Speaks,CHF,2024-10-01T11:15:00Z,High,,,,false,false
,GDT Price Index,NZD,2024-10-01T11:17:00Z,None,,0.8%,1.2%,false,false
,API Weekly Statistical Bulletin,USD,2024-10-01T16:30:00Z,None,,,,false,false
,FOMC Member Collins Speaks,USD,2024-10-01T18:15:00Z,None,,,,false,false
,FOMC Member Barkin Speaks,USD,2024-10-01T18:15:00Z,None,,,,false,false
,FOMC Member Bostic Speaks,USD,2024-10-01T18:15:00Z,None,,,,false,false
,Monetary Base y/y,JPY,2024-10-01T19:50:00Z,None,0.8%,0.6%,-0.1%,false,false
,OPEC-JMMC Meetings,All,2024-10-02T00:00:00Z,None,,,,true,false
,Bank Holiday,CNY,2024-10-02T00:00:00Z,None,,,,true,false
,Consumer Confidence,JPY,2024-10-02T01:00:00Z,None,37.1,36.7,36.9,false,false
,Spanish Unemployment Change,EUR,2024-10-02T03:00:00Z,None,12.1K,21.9K,3.2K,false,false
,French Gov Budget Balance,EUR,2024-10-02T03:48:00Z,None,,-156.9B,-171.9B,false,false
,Italian Monthly Unemployment Rate,EUR,2024-10-02T04:00:00Z,None,6.5%,6.4%,6.2%,false,false
,Unemployment Rate,EUR,2024-10-02T05:00:00Z,None,6.4%,6.4%,6.4%,false,false
,FPC Meeting Minutes,GBP,2024-10-02T05:30:00Z,None,,,,false,false
,FPC Statement,GBP,2024-10-02T05:30:00Z,None,,,,false,false
,German 10-y Bond Auction,EUR,2024-10-02T05:32:00Z,None,,2.11|2.1,2.08|2.0,false,false
,ADP Non-Farm Employment Change,USD,2024-10-02T08:15:00Z,High,124K,103K,143K,false,false
,SNB Quarterly Bulletin,CHF,2024-10-02T09:00:00Z,None,,,,false,false
,FOMC Member Hammack Speaks,USD,2024-10-02T09:00:00Z,None,,,,false,false
,FOMC Member Musalem Speaks,USD,2024-10-02T10:05:00Z,None,,,,false,false
,Crude Oil Inventories,USD,2024-10-02T10:30:00Z,None,-1.5M,-4.5M,3.9M,false,false
,FOMC Member Bowman Speaks,USD,2024-10-02T11:00:00Z,None,,,,false,false
,FOMC Member Barkin Speaks,USD,2024-10-02T12:15:00Z,None,,,,false,false
,ANZ Commodity Prices m/m,NZD,2024-10-02T20:00:00Z,None,,2.1%,1.8%,false,false
,Goods Trade Balance,AUD,2024-10-02T21:30:00Z,None,5.51B,5.64B,5.64B,false,false
,10-y Bond Auction,JPY,2024-10-02T23:35:00Z,None,,0.92|3.2,0.87|3.5,false,false
,German Bank Holiday,EUR,2024-10-03T00:00:00Z,None,,,,true,false
,Bank Holiday,CNY,2024-10-03T00:00:00Z,None,,,,true,false
,CPI m/m,CHF,2024-10-03T02:30:00Z,High,-0.1%,0.0%,-0.3%,false,false
,Spanish Services PMI,EUR,2024-10-03T03:15:00Z,None,54.0,54.6,57.0,false,false
,Italian Services PMI,EUR,2024-10-03T03:45:00Z,None,51.2,51.4,50.5,false,false
,French Final Services PMI,EUR,2024-10-03T03:50:00Z,None,48.3,48.3,49.6,false,false
,German Final Services PMI,EUR,2024-10-03T03:55:00Z,None,50.6,50.6,50.6,false,false
,Final Services PMI,EUR,2024-10-03T04:00:00Z,None,50.5,50.5,51.4,false,false
,Final Services PMI,GBP,2024-10-03T04:30:00Z,None,52.8,52.8,52.4,false,false
,French 10-y Bond Auction,EUR,2024-10-03T04:59:00Z,None,,2.95|2.2,2.92|2.1,false,false
,PPI m/m,EUR,2024-10-03T05:00:00Z,None,0.4%,0.7%,0.6%,false,false
,Challenger Job Cuts y/y,USD,2024-10-03T07:30:00Z,None,,1.0%,53.4%,false,false
,Unemployment Claims,USD,2024-10-03T08:30:00Z,High,222K,219K,225K,false,false
,Final Services PMI,USD,2024-10-03T09:45:00Z,None,55.4,55.4,55.2,false,false
,ISM Services PMI,USD,2024-10-03T10:00:00Z,High,51.7,51.5,54.9,false,false
,Factory Orders m/m,USD,2024-10-03T10:00:00Z,None,0.1%,4.9%,-0.2%,false,false
,FOMC Member Schmid Speaks,USD,2024-10-03T10:00:00Z,None,,,,false,false
,Natural Gas Storage,USD,2024-10-03T10:30:00Z,None,59B,47B,55B,false,false
,FOMC Member Bostic Speaks,USD,2024-10-03T10:40:00Z,None,,,,false,false
,Household Spending m/m,AUD,2024-10-03T21:30:00Z,None,,0.0%,0.0%,false,false
,Unemployment Rate,CHF,2024-10-04T01:45:00Z,None,2.6%,2.5%,2.6%,false,false
,French Industrial Production m/m,EUR,2024-10-04T02:45:00Z,None,0.3%,0.2%,1.4%,false,false
,MPC Member Pill Speaks,GBP,2024-10-04T03:55:00Z,None,,,,false,false
,Construction PMI,GBP,2024-10-04T04:30:00Z,None,53.1,53.6,57.2,false,false
,Housing Equity Withdrawal q/q,GBP,2024-10-04T04:30:00Z,None,-20.3B,-23.0B,-14.7B,false,false
,Italian Retail Sales m/m,EUR,2024-10-04T06:00:00Z,None,0.2%,0.5%,-0.5%,false,false
,Unemployment Rate,USD,2024-10-04T08:30:00Z,High,4.2%,4.2%,4.1%,false,false
,Non-Farm Employment Change,USD,2024-10-04T08:30:00Z,High,147K,159K,254K,false,false
,Average Hourly Earnings m/m,USD,2024-10-04T08:30:00Z,High,0.3%,0.5%,0.4%,false,false
,FOMC Member Williams Speaks,USD,2024-10-04T09:00:00Z,None,,,,false,false
,Ivey PMI,CAD,2024-10-04T10:00:00Z,None,50.3,48.2,53.1,false,false
,FOMC Member Goolsbee Speaks,USD,2024-10-04T10:00:00Z,None,,,,false,false
,FOMC Member Goolsbee Speaks,USD,2024-10-04T10:30:00Z,None,,,,false,false
,FOMC Member Goolsbee Speaks,USD,2024-10-04T16:00:00Z,None,,,,false,false
,Daylight Saving Time Shift,AUD,2024-10-05T12:00:00Z,None,,,,false,false
,Bank Holiday,AUD,2024-10-06T00:00:00Z,None,,,,true,false
,Bank Holiday,CNY,2024-10-06T00:00:00Z,None,,,,true,false
,MI Inflation Gauge m/m,AUD,2024-10-06T20:00:00Z,None,,-0.1%,0.1%,false,false
,Eurogroup Meetings,EUR,2024-10-07T00:00:00Z,None,,,,true,false
,Leading Indicators,JPY,2024-10-07T01:00:00Z,None,107.2%,109.3%,106.7%,false,false
,German Factory Orders m/m,EUR,2024-10-07T02:00:00Z,None,-1.9%,3.9%,-5.8%,false,false
,Lloyds HPI m/m,GBP,2024-10-07T02:00:00Z,None,0.2%,0.3%,0.3%,false,false
,Foreign Currency Reserves,CHF,2024-10-07T03:00:00Z,None,,694B,716B,false,false
,Sentix Investor Confidence,EUR,2024-10-07T04:30:00Z,None,-14.6,-15.4,-13.8,false,false
,Retail Sales m/m,EUR,2024-10-07T05:00:00Z,None,0.2%,0.0%,0.2%,false,false
,German Buba President Nagel Speaks,EUR,2024-10-07T10:30:00Z,None,,,,false,false
,FOMC Member Bowman Speaks,USD,2024-10-07T13:00:00Z,None,,,,false,false
,FOMC Member Kashkari Speaks,USD,2024-10-07T13:50:00Z,None,,,,false,false
,Consumer Credit m/m,USD,2024-10-07T15:00:00Z,None,11.8B,26.6B,8.9B,false,false
,FOMC Member Musalem Speaks,USD,2024-10-07T18:30:00Z,None,,,,false,false
,BRC Retail Sales Monitor y/y,GBP,2024-10-07T19:01:00Z,None,0.8%,0.8%,1.7%,false,false
,Westpac Consumer Sentiment,AUD,2024-10-07T19:30:00Z,None,,-0.5%,6.2%,false,false
,Average Cash Earnings y/y,JPY,2024-10-07T19:30:00Z,None,3.0%,3.4%,3.0%,false,false
,Household Spending y/y,JPY,2024-10-07T19:30:00Z,None,-2.5%,0.1%,-1.9%,false,false
,Current Account,JPY,2024-10-07T19:50:00Z,None,2.43T,2.80T,3.02T,false,false
,NAB Business Confidence,AUD,2024-10-07T20:30:00Z,None,,-5,-2,false,false
,Monetary Policy Meeting Minutes,AUD,2024-10-07T20:30:00Z,None,,,,false,false
,ANZ Job Advertisements m/m,AUD,2024-10-07T20:30:00Z,None,,-1.8%,1.6%,false,false
,RBA Deputy Gov Hauser Speaks,AUD,2024-10-07T21:00:00Z,None,,,,false,false
,30-y Bond Auction,JPY,2024-10-07T23:35:00Z,None,,2.04|3.4,2.15|3.3,false,false
,ECOFIN Meetings,EUR,2024-10-08T00:00:00Z,None,,,,true,false
,Economy Watchers Sentiment,JPY,2024-10-08T01:00:00Z,None,49.3,49.0,47.8,false,false
,German Industrial Production m/m,EUR,2024-10-08T02:00:00Z,None,0.8%,-2.9%,2.9%,false,false
,French Trade Balance,EUR,2024-10-08T02:45:00Z,None,-5.5B,-6.0B,-7.4B,false,false
,FOMC Member Kugler Speaks,USD,2024-10-08T03:00:00Z,None,,,,false,false
,NFIB Small Business Index,USD,2024-10-08T06:00:00Z,None,92.0,91.2,91.5,false,false
,Trade Balance,USD,2024-10-08T08:30:00Z,None,-70.1B,-78.9B,-70.4B,false,false
,Trade Balance,CAD,2024-10-08T09:00:00Z,None,-0.4B,-0.3B,-1.1B,false,false
,RCM/TIPP Economic Optimism,USD,2024-10-08T10:00:00Z,None,47.2,46.1,46.9,false,false
,FOMC Member Bostic Speaks,USD,2024-10-08T12:45:00Z,None,,,,false,false
,German Buba President Nagel Speaks,EUR,2024-10-08T13:00:00Z,None,,,,false,false
,FOMC Member Collins Speaks,USD,2024-10-08T16:00:00Z,None,,,,false,false
,API Weekly Statistical Bulletin,USD,2024-10-08T16:30:00Z,None,,,,false,false
,FOMC Member Jefferson Speaks,USD,2024-10-08T19:30:00Z,None,,,,false,false
,RBA Assist Gov Kent Speaks,AUD,2024-10-08T20:00:00Z,None,,,,false,false
,Official Cash Rate,NZD,2024-10-08T21:00:00Z,High,4.75%,5.25%,4.75%,false,false
,RBNZ Rate Statement,NZD,2024-10-08T21:00:00Z,High,,,,false,false
,Prelim Machine Tool Orders y/y,JPY,2024-10-09T01:59:00Z,None,,-3.5%,-6.5%,false,false
,German Trade Balance,EUR,2024-10-09T02:00:00Z,None,18.9B,16.9B,22.5B,false,false
,10-y Bond Auction,GBP,2024-10-09T05:08:00Z,None,,3.76|2.8,4.17|3.3,false,false
,FOMC Member Bostic Speaks,USD,2024-10-09T08:00:00Z,None,,,,false,false
,FOMC Member Logan Speaks,USD,2024-10-09T09:15:00Z,None,,,,false,false
,Final Wholesale Inventories m/m,USD,2024-10-09T10:00:00Z,None,0.2%,0.2%,0.1%,false,false
,Crude Oil Inventories,USD,2024-10-09T10:30:00Z,None,2.0M,3.9M,5.8M,false,false
,FOMC Member Goolsbee Speaks,USD,2024-10-09T10:30:00Z,None,,,,false,false
,FOMC Member Jefferson Speaks,USD,2024-10-09T12:30:00Z,None,,,,false,false
,10-y Bond Auction,USD,2024-10-09T13:01:00Z,None,,3.65|2.6,4.07|2.5,false,false
,FOMC Meeting Minutes,USD,2024-10-09T14:00:00Z,High,,,,false,false
,FOMC Member Collins Speaks,USD,2024-10-09T17:00:00Z,None,,,,false,false
,FOMC Member Daly Speaks,USD,2024-10-09T18:00:00Z,None,,,,false,false
,RICS House Price Balance,GBP,2024-10-09T19:01:00Z,None,9%,0%,11%,false,false
,Bank Lending y/y,JPY,2024-10-09T19:50:00Z,None,2.9%,3.0%,2.7%,false,false
,PPI y/y,JPY,2024-10-09T19:50:00Z,None,2.3%,2.6%,2.8%,false,false
,MI Inflation Expectations,AUD,2024-10-09T20:00:00Z,None,,4.4%,4.0%,false,false
,German Retail Sales m/m,EUR,2024-10-10T00:00:00Z,None,,-1.2%,-1.4%,false,false
,German Retail Sales m/m,EUR,2024-10-10T00:00:00Z,None,,-1.4%,-1.1%,false,false
,German Retail Sales m/m,EUR,2024-10-10T00:00:00Z,None,,-1.1%,1.5%,false,false
,German Retail Sales m/m,EUR,2024-10-10T02:00:00Z,None,,1.5%,1.6%,false,false
,RBA Assist Gov Hunter Speaks,AUD,2024-10-10T03:45:00Z,None,,,,false,false
,Italian Industrial Production m/m,EUR,2024-10-10T04:00:00Z,None,0.3%,-1.0%,0.1%,false,false
,BOE Credit Conditions Survey,GBP,2024-10-10T04:30:00Z,None,,,,false,false
,ECB Monetary Policy Meeting Accounts,EUR,2024-10-10T07:30:00Z,None,,,,false,false
,Core CPI m/m,USD,2024-10-10T08:30:00Z,High,0.2%,0.3%,0.3%,false,false
,Core CPI y/y,USD,2024-10-10T08:30:00Z,High,3.3%,3.2%,3.3%,false,false
,CPI m/m,USD,2024-10-10T08:30:00Z,High,0.1%,0.2%,0.2%,false,false
,CPI y/y,USD,2024-10-10T08:30:00Z,High,2.3%,2.5%,2.4%,false,false
,Unemployment Claims,USD,2024-10-10T08:30:00Z,High,231K,225K,258K,false,false
,FOMC Member Cook Speaks,USD,2024-10-10T09:15:00Z,None,,,,false,false
,FOMC Member Barkin Speaks,USD,2024-10-10T10:30:00Z,None,,,,false,false
,Natural Gas Storage,USD,2024-10-10T10:30:00Z,None,73B,55B,82B,false,false
,FOMC Member Williams Speaks,USD,2024-10-10T11:00:00Z,None,,,,false,false
,Gov Board Member Martin Speaks,CHF,2024-10-10T11:30:00Z,None,,,,false,false
,30-y Bond Auction,USD,2024-10-10T13:01:00Z,None,,4.02|2.4,4.39|2.5,false,false
,BusinessNZ Manufacturing Index,NZD,2024-10-10T17:30:00Z,None,,46.1,46.9,false,false
,FPI m/m,NZD,2024-10-10T17:45:00Z,None,,0.2%,0.5%,false,false
,Visitor Arrivals m/m,NZD,2024-10-10T17:45:00Z,None,,2.2%,-4.3%,false,false
,M2 Money Stock y/y,JPY,2024-10-10T19:50:00Z,None,1.5%,1.3%,1.3%,false,false
,Manufacturing Production m/m,GBP,2024-10-11T02:00:00Z,None,0.3%,-1.2%,1.1%,false,false
,Index of Services 3m/3m,GBP,2024-10-11T02:00:00Z,None,0.3%,0.4%,0.1%,false,false
,Goods Trade Balance,GBP,2024-10-11T02:00:00Z,None,-18.8B,-18.9B,-15.1B,false,false
,Construction Output m/m,GBP,2024-10-11T02:00:00Z,None,0.5%,-0.4%,0.4%,false,false
,GDP m/m,GBP,2024-10-11T02:00:00Z,High,0.2%,0.0%,0.2%,false,false
,German Final CPI m/m,EUR,2024-10-11T02:00:00Z,None,0.0%,0.0%,0.0%,false,false
,Industrial Production m/m,GBP,2024-10-11T02:00:00Z,None,0.2%,-0.7%,0.5%,false,false
,SECO Consumer Climate,CHF,2024-10-11T03:00:00Z,None,-33,-35,-34,false,false
,Employment Change,CAD,2024-10-11T08:30:00Z,High,29.8K,22.1K,46.7K,false,false
,PPI m/m,USD,2024-10-11T08:30:00Z,High,0.1%,0.2%,0.0%,false,false
,Unemployment Rate,CAD,2024-10-11T08:30:00Z,High,6.7%,6.6%,6.5%,false,false
,Building Permits m/m,CAD,2024-10-11T08:30:00Z,None,-7.5%,20.8%,-7.0%,false,false
,Core PPI m/m,USD,2024-10-11T08:30:00Z,High,0.2%,0.3%,0.2%,false,false
,NIESR GDP Estimate,GBP,2024-10-11T08:32:00Z,None,,0.2%,0.2%,false,false
,CB Leading Index m/m,GBP,2024-10-11T09:30:00Z,None,,-0.3%,0.0%,false,false
,FOMC Member Goolsbee Speaks,USD,2024-10-11T09:45:00Z,None,,,,false,false
,Prelim UoM Inflation Expectations,USD,2024-10-11T10:00:00Z,None,,2.7%,2.9%,false,false
,Prelim UoM Consumer Sentiment,USD,2024-10-11T10:00:00Z,None,70.9,70.1,68.9,false,false
,BOC Business Outlook Survey,CAD,2024-10-11T10:30:00Z,None,,,,false,false
,FOMC Member Logan Speaks,USD,2024-10-11T10:45:00Z,None,,,,false,false
,FOMC Member Bowman Speaks,USD,2024-10-11T13:10:00Z,None,,,,false,false
,CPI y/y,CNY,2024-10-12T21:30:00Z,None,0.6%,0.6%,0.4%,false,false
,PPI y/y,CNY,2024-10-12T21:30:00Z,None,-2.5%,-1.8%,-2.8%,false,false
,Bank Holiday,JPY,2024-10-13T00:00:00Z,None,,,,true,false
,RBNZ Gov Orr Speaks,NZD,2024-10-13T16:15:00Z,None,,,,false,false
,BusinessNZ Services Index,NZD,2024-10-13T17:30:00Z,None,,45.7,45.7,false,false
,Bank Holiday,CAD,2024-10-14T00:00:00Z,None,,,,true,false
,Bank Holiday,USD,2024-10-14T00:00:00Z,None,,,,true,false
,German Buba President Nagel Speaks,EUR,2024-10-14T02:15:00Z,None,,,,false,false
,PPI m/m,CHF,2024-10-14T02:30:00Z,None,0.1%,0.2%,-0.1%,false,false
,MPC Member Dhingra Speaks,GBP,2024-10-14T02:30:00Z,None,,,,false,false
,USD-Denominated Trade Balance,CNY,2024-10-14T04:12:00Z,None,91.5B,91.0B,81.7B,false,false
,Trade Balance,CNY,2024-10-14T04:13:00Z,None,651B,649B,583B,false,false
,M2 Money Supply y/y,CNY,2024-10-14T05:01:00Z,None,6.4%,6.3%,6.8%,false,false
,New Loans,CNY,2024-10-14T05:02:00Z,None,1090B,900B,1590B,false,false
,FOMC Member Kashkari Speaks,USD,2024-10-14T09:00:00Z,None,,,,false,false
,FOMC Member Waller Speaks,USD,2024-10-14T15:00:00Z,None,,,,false,false
,FOMC Member Kashkari Speaks,USD,2024-10-14T17:00:00Z,None,,,,false,false
,Revised Industrial Production m/m,JPY,2024-10-15T00:30:00Z,None,-3.3%,-3.3%,-3.3%,false,false
,German WPI m/m,EUR,2024-10-15T02:00:00Z,None,0.2%,-0.8%,-0.3%,false,false
,Claimant Count Change,GBP,2024-10-15T02:00:00Z,High,20.2K,0.3K,27.9K,false,false
,Average Earnings Index 3m/y,GBP,2024-10-15T02:00:00Z,None,3.8%,4.1%,3.8%,false,false
,Unemployment Rate,GBP,2024-10-15T02:00:00Z,None,4.1%,4.1%,4.0%,false,false
,French Final CPI m/m,EUR,2024-10-15T02:45:00Z,None,-1.2%,-1.2%,-1.2%,false,false
,German ZEW Economic Sentiment,EUR,2024-10-15T05:00:00Z,None,10.2,3.6,13.1,false,false
,Industrial Production m/m,EUR,2024-10-15T05:00:00Z,None,1.8%,-0.5%,1.8%,false,false
,ZEW Economic Sentiment,EUR,2024-10-15T05:00:00Z,None,16.9,9.3,20.1,false,false
,Median CPI y/y,CAD,2024-10-15T08:30:00Z,High,2.3%,2.3%,2.3%,false,false
,CPI m/m,CAD,2024-10-15T08:30:00Z,High,-0.2%,-0.2%,-0.4%,false,false
,Trimmed CPI y/y,CAD,2024-10-15T08:30:00Z,High,2.4%,2.4%,2.4%,false,false
,Common CPI y/y,CAD,2024-10-15T08:30:00Z,None,2.1%,1.9%,2.1%,false,false
,Wholesale Sales m/m,CAD,2024-10-15T08:30:00Z,None,-1.1%,0.3%,-0.6%,false,false
,Empire State Manufacturing Index,USD,2024-10-15T08:30:00Z,None,3.4,11.5,-11.9,false,false
,Core CPI m/m,CAD,2024-10-15T08:32:00Z,None,,-0.1%,0.0%,false,false
,GDT Price Index,NZD,2024-10-15T10:41:00Z,None,,1.2%,-0.3%,false,false
,FOMC Member Daly Speaks,USD,2024-10-15T11:30:00Z,None,,,,false,false
,FOMC Member Kugler Speaks,USD,2024-10-15T13:00:00Z,None,,,,false,false
,CPI q/q,NZD,2024-10-15T17:45:00Z,High,0.7%,0.4%,0.6%,false,false
,RBA Assist Gov Hunter Speaks,AUD,2024-10-15T18:00:00Z,None,,,,false,false
,MI Leading Index m/m,AUD,2024-10-15T19:30:00Z,None,,0.0%,0.0%,false,false
,Core Machinery Orders m/m,JPY,2024-10-15T19:50:00Z,None,0.1%,-0.1%,-1.9%,false,false
,CPI y/y,GBP,2024-10-16T02:00:00Z,High,1.9%,2.2%,1.7%,false,false
,Core CPI y/y,GBP,2024-10-16T02:00:00Z,None,3.4%,3.6%,3.2%,false,false
,PPI Input m/m,GBP,2024-10-16T02:00:00Z,None,-0.5%,-0.3%,-1.0%,false,false
,PPI Output m/m,GBP,2024-10-16T02:00:00Z,None,-0.3%,-0.3%,-0.5%,false,false
,RPI y/y,GBP,2024-10-16T02:00:00Z,None,3.1%,3.5%,2.7%,false,false
,HPI y/y,GBP,2024-10-16T04:30:00Z,None,2.5%,1.8%,2.8%,false,false
,German 30-y Bond Auction,EUR,2024-10-16T05:34:00Z,None,,2.44|2.7,2.49|3.6,false,false
,Housing Starts,CAD,2024-10-16T08:15:00Z,None,235K,213K,224K,false,false
,Manufacturing Sales m/m,CAD,2024-10-16T08:30:00Z,None,-1.5%,1.1%,-1.3%,false,false
,Import Prices m/m,USD,2024-10-16T08:30:00Z,None,-0.3%,-0.2%,-0.4%,false,false
,CB Leading Index m/m,AUD,2024-10-16T10:30:00Z,None,,0.0%,0.0%,false,false
,ECB President Lagarde Speaks,EUR,2024-10-16T14:40:00Z,None,,,,false,false
,API Weekly Statistical Bulletin,USD,2024-10-16T16:30:00Z,None,,,,false,false
,Trade Balance,JPY,2024-10-16T19:50:00Z,None,-0.49T,-0.47T,-0.19T,false,false
,Unemployment Rate,AUD,2024-10-16T20:30:00Z,High,4.2%,4.1%,4.1%,false,false
,Employment Change,AUD,2024-10-16T20:30:00Z,High,25.2K,42.6K,64.1K,false,false
,RBA Bulletin,AUD,2024-10-16T20:30:00Z,None,,,,false,false
,NAB Quarterly Business Confidence,AUD,2024-10-16T20:32:00Z,None,,-2,-6,false,false
,Tertiary Industry Activity m/m,JPY,2024-10-17T00:30:00Z,None,-0.2%,2.2%,-1.1%,false,false
,Trade Balance,CHF,2024-10-17T02:00:00Z,None,4.85B,4.74B,4.95B,false,false
,Spanish 10-y Bond Auction,EUR,2024-10-17T04:47:00Z,None,,3.04|2.1,2.92|1.7,false,false
,Final Core CPI y/y,EUR,2024-10-17T05:00:00Z,None,2.7%,2.7%,2.7%,false,false
,Final CPI y/y,EUR,2024-10-17T05:00:00Z,None,1.8%,1.8%,1.7%,false,false
,Trade Balance,EUR,2024-10-17T05:00:00Z,None,17.8B,13.7B,11.0B,false,false
,Italian Trade Balance,EUR,2024-10-17T05:00:00Z,None,5.55B,6.82B,1.43B,false,false
,Main Refinancing Rate,EUR,2024-10-17T08:15:00Z,High,3.40%,3.65%,3.40%,false,false
,Monetary Policy Statement,EUR,2024-10-17T08:15:00Z,High,,,,false,false
,Retail Sales m/m,USD,2024-10-17T08:30:00Z,High,0.3%,0.1%,0.4%,false,false
,Core Retail Sales m/m,USD,2024-10-17T08:30:00Z,High,0.1%,0.2%,0.5%,false,false
,Foreign Securities Purchases,CAD,2024-10-17T08:30:00Z,None,9.50B,10.97B,9.97B,false,false
,Unemployment Claims,USD,2024-10-17T08:30:00Z,High,241K,260K,241K,false,false
,Philly Fed Manufacturing Index,USD,2024-10-17T08:30:00Z,None,4.2,1.7,10.3,false,false
,ECB Press Conference,EUR,2024-10-17T08:45:00Z,High,,,,false,false
,Capacity Utilization Rate,USD,2024-10-17T09:15:00Z,None,77.9%,77.8%,77.5%,false,false
,Industrial Production m/m,USD,2024-10-17T09:15:00Z,None,-0.1%,0.3%,-0.3%,false,false
,NAHB Housing Market Index,USD,2024-10-17T10:00:00Z,None,43,41,43,false,false
,Business Inventories m/m,USD,2024-10-17T10:00:00Z,None,0.3%,0.3%,0.3%,false,false
,Natural Gas Storage,USD,2024-10-17T10:30:00Z,None,80B,82B,76B,false,false
,Crude Oil Inventories,USD,2024-10-17T11:00:00Z,None,1.8M,5.8M,-2.2M,false,false
,FOMC Member Goolsbee Speaks,USD,2024-10-17T11:00:00Z,None,,,,false,false
,Treasury Sec Yellen Speaks,USD,2024-10-17T15:00:00Z,None,,,,false,false
,TIC Long-Term Purchases,USD,2024-10-17T16:00:00Z,None,58.9B,137.9B,111.4B,false,false
,National Core CPI y/y,JPY,2024-10-17T19:30:00Z,None,2.3%,2.8%,2.4%,false,false
,New Home Prices m/m,CNY,2024-10-17T21:30:00Z,None,,-0.73%,-0.71%,false,false
,Fixed Asset Investment ytd/y,CNY,2024-10-17T22:00:00Z,None,3.3%,3.4%,3.4%,false,false
,Industrial Production y/y,CNY,2024-10-17T22:00:00Z,None,4.6%,4.5%,5.4%,false,false
,Retail Sales y/y,CNY,2024-10-17T22:00:00Z,None,2.5%,2.1%,3.2%,false,false
,GDP q/y,CNY,2024-10-17T22:00:00Z,None,4.6%,4.7%,4.6%,false,false
,NBS Press Conference,CNY,2024-10-17T22:00:00Z,None,,,,false,false
,Unemployment Rate,CNY,2024-10-17T22:00:00Z,None,5.3%,5.3%,5.1%,false,false
,Retail Sales m/m,GBP,2024-10-18T02:00:00Z,High,-0.4%,1.0%,0.3%,false,false
,Current Account,EUR,2024-10-18T04:00:00Z,None,42.2B,40.8B,31.5B,false,false
,Housing Starts,USD,2024-10-18T08:30:00Z,None,1.35M,1.36M,1.35M,false,false
,Building Permits,USD,2024-10-18T08:30:00Z,None,1.45M,1.47M,1.43M,false,false
,FOMC Member Waller Speaks,USD,2024-10-18T12:10:00Z,None,,,,false,false
,FOMC Member Bostic Speaks,USD,2024-10-18T12:30:00Z,None,,,,false,false
,Federal Budget Balance,USD,2024-10-18T16:00:00Z,None,43.5B,-380.1B,64.3B,false,false
,Rightmove HPI m/m,GBP,2024-10-20T19:01:00Z,None,,0.8%,0.3%,false,false
,1-y Loan Prime Rate,CNY,2024-10-20T21:00:00Z,None,3.15%,3.35%,3.10%,false,false
,RBA Deputy Gov Hauser Speaks,AUD,2024-10-20T21:00:00Z,None,,,,false,false
,5-y Loan Prime Rate,CNY,2024-10-20T21:00:00Z,None,3.65%,3.85%,3.60%,false,false
,Credit Card Spending y/y,NZD,2024-10-20T22:00:00Z,None,,-3.1%,-3.2%,false,false
,IMF Meetings,All,2024-10-21T00:00:00Z,None,,,,false,false
,German PPI m/m,EUR,2024-10-21T02:00:00Z,None,-0.2%,0.2%,-0.5%,false,false
,FOMC Member Logan Speaks,USD,2024-10-21T08:55:00Z,None,,,,false,false
,CB Leading Index m/m,USD,2024-10-21T10:00:00Z,None,-0.3%,-0.3%,-0.5%,false,false
,FOMC Member Kashkari Speaks,USD,2024-10-21T13:00:00Z,None,,,,false,false
,FOMC Member Schmid Speaks,USD,2024-10-21T17:05:00Z,None,,,,false,false
,Trade Balance,NZD,2024-10-21T17:45:00Z,None,-2100M,-2306M,-2108M,false,false
,FOMC Member Daly Speaks,USD,2024-10-21T18:40:00Z,None,,,,false,false
,BRICS Summit,All,2024-10-22T00:00:00Z,None,,,,false,false
,IMF Meetings,All,2024-10-22T00:00:00Z,None,,,,false,false
,BOJ Core CPI y/y,JPY,2024-10-22T01:00:00Z,None,1.8%,1.8%,1.7%,false,false
,Public Sector Net Borrowing,GBP,2024-10-22T02:00:00Z,None,17.4B,13.0B,16.6B,false,false
,IPPI m/m,CAD,2024-10-22T08:30:00Z,None,-0.4%,-0.9%,-0.6%,false,false
,RMPI m/m,CAD,2024-10-22T08:30:00Z,None,-1.7%,-3.0%,-3.1%,false,false
,BOE Gov Bailey Speaks,GBP,2024-10-22T09:25:00Z,High,,,,false,false
,MPC Member Greene Speaks,GBP,2024-10-22T09:45:00Z,None,,,,false,false
,Richmond Manufacturing Index,USD,2024-10-22T09:59:00Z,None,-19,-21,-14,false,false
,ECB President Lagarde Speaks,EUR,2024-10-22T10:00:00Z,None,,,,false,false
,FOMC Member Harker Speaks,USD,2024-10-22T10:00:00Z,None,,,,false,false
,ECB President Lagarde Speaks,EUR,2024-10-22T15:15:00Z,None,,,,false,false
,MPC Member Breeden Speaks,GBP,2024-10-22T15:15:00Z,None,,,,false,false
,API Weekly Statistical Bulletin,USD,2024-10-22T16:30:00Z,None,,,,false,false
,IMF Meetings,All,2024-10-23T00:00:00Z,None,,,,false,false
,BRICS Summit,All,2024-10-23T00:00:00Z,None,,,,false,false
,German 10-y Bond Auction,EUR,2024-10-23T05:37:00Z,None,,2.08|2.0,2.31|2.3,false,false
,MPC Member Breeden Speaks,GBP,2024-10-23T09:00:00Z,None,,,,false,false
,FOMC Member Bowman Speaks,USD,2024-10-23T09:00:00Z,None,,,,false,false
,BOC Monetary Policy Report,CAD,2024-10-23T09:45:00Z,High,,,,false,false
,Overnight Rate,CAD,2024-10-23T09:45:00Z,High,3.75%,4.25%,3.75%,false,false
,BOC Rate Statement,CAD,2024-10-23T09:45:00Z,High,,,,false,false
,ECB President Lagarde Speaks,EUR,2024-10-23T10:00:00Z,None,,,,false,false
,Consumer Confidence,EUR,2024-10-23T10:00:00Z,None,-12,-13,-13,false,false
,Existing Home Sales,USD,2024-10-23T10:00:00Z,None,3.88M,3.88M,3.84M,false,false
,BOC Press Conference,CAD,2024-10-23T10:30:00Z,High,,,,false,false
,Crude Oil Inventories,USD,2024-10-23T10:30:00Z,None,0.9M,-2.2M,5.5M,false,false
,FOMC Member Barkin Speaks,USD,2024-10-23T12:00:00Z,None,,,,false,false
,RBNZ Gov Orr Speaks,NZD,2024-10-23T12:57:00Z,None,,,,false,false
,Beige Book,USD,2024-10-23T14:00:00Z,None,,,,false,false
,BOE Gov Bailey Speaks,GBP,2024-10-23T14:45:00Z,High,,,,false,false
,Flash Manufacturing PMI,AUD,2024-10-23T18:00:00Z,None,,46.7,46.6,false,false
,Flash Services PMI,AUD,2024-10-23T18:00:00Z,None,,50.5,50.6,false,false
,Flash Manufacturing PMI,JPY,2024-10-23T20:30:00Z,None,49.9,49.7,49.0,false,false
,IMF Meetings,All,2024-10-24T00:00:00Z,None,,,,false,false
,BRICS Summit,All,2024-10-24T00:00:00Z,None,,,,false,false
,French Flash Manufacturing PMI,EUR,2024-10-24T03:15:00Z,High,44.9,44.6,44.5,false,false
,French Flash Services PMI,EUR,2024-10-24T03:15:00Z,High,49.8,49.6,48.3,false,false
,German Flash Manufacturing PMI,EUR,2024-10-24T03:30:00Z,High,40.7,40.6,42.6,false,false
,German Flash Services PMI,EUR,2024-10-24T03:30:00Z,High,50.6,50.6,51.4,false,false
,Flash Manufacturing PMI,EUR,2024-10-24T04:00:00Z,None,45.1,45.0,45.9,false,false
,Flash Services PMI,EUR,2024-10-24T04:00:00Z,None,51.5,51.4,51.2,false,false
,Flash Manufacturing PMI,GBP,2024-10-24T04:30:00Z,High,51.5,51.5,50.3,false,false
,Flash Services PMI,GBP,2024-10-24T04:30:00Z,High,52.3,52.4,51.8,false,false
,German Buba Monthly Report,EUR,2024-10-24T06:00:00Z,None,,,,false,false
,CBI Industrial Order Expectations,GBP,2024-10-24T06:00:00Z,None,-28,-35,-27,false,false
,Unemployment Claims,USD,2024-10-24T08:30:00Z,High,243K,242K,227K,false,false
,FOMC Member Hammack Speaks,USD,2024-10-24T08:45:00Z,None,,,,false,false
,MPC Member Mann Speaks,GBP,2024-10-24T09:00:00Z,None,,,,false,false
,Flash Manufacturing PMI,USD,2024-10-24T09:45:00Z,High,47.5,47.3,47.8,false,false
,Flash Services PMI,USD,2024-10-24T09:45:00Z,High,55.0,55.2,55.3,false,false
,New Home Sales,USD,2024-10-24T10:00:00Z,None,719K,709K,738K,false,false
,Natural Gas Storage,USD,2024-10-24T10:30:00Z,None,61B,76B,80B,false,false
,BOE Gov Bailey Speaks,GBP,2024-10-24T15:45:00Z,High,,,,false,false
,GfK Consumer Confidence,GBP,2024-10-24T19:01:00Z,None,-20,-20,-21,false,false
,Tokyo Core CPI y/y,JPY,2024-10-24T19:30:00Z,None,1.7%,2.0%,1.8%,false,false
,SPPI y/y,JPY,2024-10-24T19:50:00Z,None,2.7%,2.8%,2.6%,false,false
,IMF Meetings,All,2024-10-25T00:00:00Z,None,,,,false,false
,RBA Annual Report,AUD,2024-10-25T00:30:00Z,None,,,,false,false
,Spanish Unemployment Rate,EUR,2024-10-25T03:00:00Z,None,11.4%,11.3%,11.2%,false,false
,German ifo Business Climate,EUR,2024-10-25T04:00:00Z,None,85.6,85.4,86.5,false,false
,M3 Money Supply y/y,EUR,2024-10-25T04:00:00Z,None,2.9%,2.9%,3.2%,false,false
,Private Loans y/y,EUR,2024-10-25T04:00:00Z,None,0.8%,0.6%,0.7%,false,false
,Foreign Direct Investment ytd/y,CNY,2024-10-25T05:01:00Z,None,,-31.5%,-30.4%,false,false
,Core Retail Sales m/m,CAD,2024-10-25T08:30:00Z,High,0.3%,0.3%,-0.7%,false,false
,Retail Sales m/m,CAD,2024-10-25T08:30:00Z,High,0.5%,0.9%,0.4%,false,false
,NHPI m/m,CAD,2024-10-25T08:30:00Z,None,0.2%,0.0%,0.0%,false,false
,Core Durable Goods Orders m/m,USD,2024-10-25T08:30:00Z,None,-0.1%,0.6%,0.4%,false,false
,Durable Goods Orders m/m,USD,2024-10-25T08:30:00Z,None,-1.1%,-0.8%,-0.8%,false,false
,Belgian NBB Business Climate,EUR,2024-10-25T08:55:00Z,None,-12.7,-13.3,-12.8,false,false
,Revised UoM Consumer Sentiment,USD,2024-10-25T10:00:00Z,None,69.2,68.9,70.5,false,false
,Revised UoM Inflation Expectations,USD,2024-10-25T10:00:00Z,None,,2.9%,2.7%,false,false
,FOMC Member Collins Speaks,USD,2024-10-25T11:00:00Z,None,,,,false,false
,IMF Meetings,All,2024-10-26T00:00:00Z,None,,,,false,false
,BOE Gov Bailey Speaks,GBP,2024-10-26T11:20:00Z,None,,,,false,false
,Daylight Saving Time Shift,CHF,2024-10-26T22:00:00Z,None,,,,false,false
,Daylight Saving Time Shift,EUR,2024-10-26T22:00:00Z,None,,,,false,false
,Daylight Saving Time Shift,GBP,2024-10-26T22:00:00Z,None,,,,false,false
,Lower House Elections,JPY,2024-10-27T00:00:00Z,High,,,,true,false
,Bank Holiday,NZD,2024-10-27T00:00:00Z,None,,,,true,false
,CBI Realized Sales,GBP,2024-10-28T07:00:00Z,None,-9,4,-6,false,false
,CB Leading Index m/m,CNY,2024-10-28T09:00:00Z,None,,-0.2%,-0.2%,false,false
,BOC Gov Macklem Speaks,CAD,2024-10-28T13:30:00Z,High,,,,false,false
,Unemployment Rate,JPY,2024-10-28T19:30:00Z,None,2.5%,2.5%,2.4%,false,false
,BRC Shop Price Index y/y,GBP,2024-10-28T20:01:00Z,None,,-0.6%,-0.8%,false,false
,German GfK Consumer Climate,EUR,2024-10-29T03:00:00Z,None,-20.4,-21.0,-18.3,false,false
,M4 Money Supply m/m,GBP,2024-10-29T05:30:00Z,None,0.1%,-0.1%,0.6%,false,false
,Mortgage Approvals,GBP,2024-10-29T05:30:00Z,None,65K,65K,66K,false,false
,Net Lending to Individuals m/m,GBP,2024-10-29T05:30:00Z,None,4.1B,4.2B,3.8B,false,false
,Goods Trade Balance,USD,2024-10-29T08:30:00Z,None,-95.9B,-94.2B,-108.2B,false,false
,Prelim Wholesale Inventories m/m,USD,2024-10-29T08:30:00Z,None,0.1%,0.1%,-0.1%,false,false
,HPI m/m,USD,2024-10-29T09:00:00Z,None,0.1%,0.2%,0.3%,false,false
,S&P/CS Composite-20 HPI y/y,USD,2024-10-29T09:00:00Z,None,4.9%,5.9%,5.2%,false,false
,CB Consumer Confidence,USD,2024-10-29T10:00:00Z,High,99.5,99.2,108.7,false,false
,JOLTS Job Openings,USD,2024-10-29T10:00:00Z,High,7.98M,7.86M,7.44M,false,false
,SNB Chairman Schlegel Speaks,CHF,2024-10-29T14:00:00Z,High,,,,false,false
,BOC Gov Macklem Speaks,CAD,2024-10-29T15:30:00Z,High,,,,false,false
,API Weekly Statistical Bulletin,USD,2024-10-29T16:30:00Z,None,,,,false,false
,CPI m/m,AUD,2024-10-29T20:30:00Z,High,0.3%,1.0%,0.2%,false,false
,CPI y/y,AUD,2024-10-29T20:30:00Z,High,2.3%,2.7%,2.1%,false,false
,Trimmed Mean CPI m/m,AUD,2024-10-29T20:30:00Z,High,0.8%,0.9%,0.8%,false,false
,German Prelim CPI m/m,EUR,2024-10-30T00:00:00Z,High,0.2%,0.0%,0.4%,true,false
,Consumer Confidence,JPY,2024-10-30T01:00:00Z,None,36.7,36.9,36.2,false,false
,French Consumer Spending m/m,EUR,2024-10-30T02:30:00Z,None,0.1%,0.4%,0.1%,false,false
,French Flash GDP q/q,EUR,2024-10-30T02:30:00Z,None,0.3%,0.2%,0.4%,false,false
,KOF Economic Barometer,CHF,2024-10-30T04:00:00Z,None,105.1,104.5,99.5,false,false
,Spanish Flash CPI y/y,EUR,2024-10-30T04:00:00Z,None,1.7%,1.5%,1.8%,false,false
,Spanish Flash GDP q/q,EUR,2024-10-30T04:00:00Z,None,0.6%,0.8%,0.8%,false,false
,German Unemployment Change,EUR,2024-10-30T04:55:00Z,None,15K,19K,27K,false,false
,German Prelim GDP q/q,EUR,2024-10-30T05:00:00Z,None,-0.1%,-0.3%,0.2%,false,false
,SNB Chairman Schlegel Speaks,CHF,2024-10-30T05:00:00Z,High,,,,false,false
,UBS Economic Expectations,CHF,2024-10-30T05:00:00Z,None,,-8.8,-7.7,false,false
,Italian Prelim GDP q/q,EUR,2024-10-30T05:00:00Z,None,0.2%,0.2%,0.0%,false,false
,Prelim Flash GDP q/q,EUR,2024-10-30T06:00:00Z,None,0.2%,0.2%,0.4%,false,false
,Italian 10-y Bond Auction,EUR,2024-10-30T06:22:00Z,None,,3.43|1.6,3.57|1.6,false,false
,ADP Non-Farm Employment Change,USD,2024-10-30T08:15:00Z,High,110K,159K,233K,false,false
,Advance GDP q/q,USD,2024-10-30T08:30:00Z,High,3.0%,3.0%,2.8%,false,false
,Advance GDP Price Index q/q,USD,2024-10-30T08:30:00Z,None,1.9%,2.5%,1.8%,false,false
,Autumn Forecast Statement,GBP,2024-10-30T08:33:00Z,None,,,,false,false
,Pending Home Sales m/m,USD,2024-10-30T10:00:00Z,None,1.9%,0.6%,7.4%,false,false
,Crude Oil Inventories,USD,2024-10-30T10:30:00Z,None,1.5M,5.5M,-0.5M,false,false
,German Buba President Nagel Speaks,EUR,2024-10-30T14:00:00Z,None,,,,false,false
,BOC Gov Macklem Speaks,CAD,2024-10-30T16:15:00Z,High,,,,false,false
,Retail Sales y/y,JPY,2024-10-30T19:50:00Z,None,2.1%,3.1%,0.5%,false,false
,Prelim Industrial Production m/m,JPY,2024-10-30T19:50:00Z,None,0.9%,-3.3%,1.4%,false,false
,ANZ Business Confidence,NZD,2024-10-30T20:00:00Z,None,,60.9,65.7,false,false
,Retail Sales m/m,AUD,2024-10-30T20:30:00Z,None,0.3%,0.7%,0.1%,false,false
,Building Approvals m/m,AUD,2024-10-30T20:30:00Z,None,2.2%,-3.9%,4.4%,false,false
,Import Prices q/q,AUD,2024-10-30T20:30:00Z,None,-0.2%,1.0%,-1.4%,false,false
,Private Sector Credit m/m,AUD,2024-10-30T20:30:00Z,None,0.5%,0.5%,0.5%,false,false
,Manufacturing PMI,CNY,2024-10-30T21:30:00Z,High,49.8,49.8,50.1,false,false
,Non-Manufacturing PMI,CNY,2024-10-30T21:30:00Z,None,50.4,50.0,50.2,false,false
,MPC Member Breeden Speaks,GBP,2024-10-30T21:35:00Z,None,,,,false,false
,Monetary Policy Statement,JPY,2024-10-30T22:48:00Z,High,,,,false,false
,BOJ Policy Rate,JPY,2024-10-30T22:48:00Z,High,<0.25%,<0.25%,<0.25%,false,false
,BOJ Outlook Report,JPY,2024-10-30T22:48:00Z,High,,,,false,false
,Housing Starts y/y,JPY,2024-10-31T01:00:00Z,None,-4.2%,-5.1%,-0.6%,false,false
,BOJ Press Conference,JPY,2024-10-31T02:30:00Z,High,,,,false,false
,German Retail Sales m/m,EUR,2024-10-31T03:00:00Z,None,-0.7%,1.6%,1.2%,false,false
,German Import Prices m/m,EUR,2024-10-31T03:00:00Z,None,-0.4%,-0.4%,-0.4%,false,false
,French Prelim CPI m/m,EUR,2024-10-31T03:45:00Z,None,0.2%,-1.2%,0.2%,false,false
,ECB Economic Bulletin,EUR,2024-10-31T05:00:00Z,None,,,,false,false
,Italian Monthly Unemployment Rate,EUR,2024-10-31T05:00:00Z,None,6.2%,6.1%,6.1%,false,false
,Core CPI Flash Estimate y/y,EUR,2024-10-31T06:00:00Z,None,2.6%,2.7%,2.7%,false,false
,CPI Flash Estimate y/y,EUR,2024-10-31T06:00:00Z,None,1.9%,1.7%,2.0%,false,false
,Italian Prelim CPI m/m,EUR,2024-10-31T06:00:00Z,None,-0.1%,-0.2%,0.0%,false,false
,Unemployment Rate,EUR,2024-10-31T06:00:00Z,None,6.4%,6.3%,6.3%,false,false
,30-y Bond Auction,GBP,2024-10-31T06:03:00Z,None,,4.33|2.9,4.83|3.1,false,false
,Challenger Job Cuts y/y,USD,2024-10-31T07:30:00Z,None,,53.4%,50.9%,false,false
,Unemployment Claims,USD,2024-10-31T08:30:00Z,High,229K,228K,216K,false,false
,Core PCE Price Index m/m,USD,2024-10-31T08:30:00Z,High,0.3%,0.2%,0.3%,false,false
,Employment Cost Index q/q,USD,2024-10-31T08:30:00Z,High,0.9%,0.9%,0.8%,false,false
,GDP m/m,CAD,2024-10-31T08:30:00Z,High,0.0%,0.1%,0.0%,false,false
,Personal Income m/m,USD,2024-10-31T08:30:00Z,None,0.3%,0.2%,0.3%,false,false
,Personal Spending m/m,USD,2024-10-31T08:30:00Z,None,0.4%,0.3%,0.5%,false,false
,Chicago PMI,USD,2024-10-31T09:45:00Z,None,46.9,46.6,41.6,false,false
,Natural Gas Storage,USD,2024-10-31T10:30:00Z,None,79B,80B,78B,false,false
,Building Consents m/m,NZD,2024-10-31T17:45:00Z,None,,-5.2%,2.6%,false,false
,Household Spending m/m,AUD,2024-10-31T20:30:00Z,None,,0.4%,-0.1%,false,false
,PPI q/q,AUD,2024-10-31T20:30:00Z,None,0.7%,1.0%,0.9%,false,false
,Final Manufacturing PMI,JPY,2024-10-31T20:30:00Z,None,49.0,49.0,49.2,false,false
,RatingDog Manufacturing PMI,CNY,2024-10-31T21:45:00Z,None,49.7,49.3,50.3,false,false
,Omdia Total Vehicle Sales,USD,2024-11-01T00:00:00Z,None,15.8M,15.8M,16.0M,true,false
,French Bank Holiday,EUR,2024-11-01T00:00:00Z,None,,,,true,false
,Italian Bank Holiday,EUR,2024-11-01T00:00:00Z,None,,,,true,false
,Commodity Prices y/y,AUD,2024-11-01T01:30:00Z,None,,-10.8%,-7.8%,false,false
,Nationwide HPI m/m,GBP,2024-11-01T03:00:00Z,None,0.3%,0.6%,0.1%,false,false
,CPI m/m,CHF,2024-11-01T03:30:00Z,High,0.0%,-0.3%,-0.1%,false,false
,Retail Sales y/y,CHF,2024-11-01T03:30:00Z,None,2.5%,2.7%,2.2%,false,false
,Manufacturing PMI,CHF,2024-11-01T04:30:00Z,None,49.5,49.9,49.9,false,false
,Final Manufacturing PMI,GBP,2024-11-01T05:30:00Z,None,50.3,50.3,49.9,false,false
,Average Hourly Earnings m/m,USD,2024-11-01T08:30:00Z,High,0.3%,0.3%,0.4%,false,false
,Non-Farm Employment Change,USD,2024-11-01T08:30:00Z,High,106K,223K,12K,false,false
,Unemployment Rate,USD,2024-11-01T08:30:00Z,High,4.1%,4.1%,4.1%,false,false
,Manufacturing PMI,CAD,2024-11-01T09:30:00Z,None,,50.4,51.1,false,false
,Final Manufacturing PMI,USD,2024-11-01T09:45:00Z,None,47.8,47.8,48.5,false,false
,ISM Manufacturing PMI,USD,2024-11-01T10:00:00Z,High,47.6,47.2,46.5,false,false
,ISM Manufacturing Prices,USD,2024-11-01T10:00:00Z,None,49.9,48.3,54.8,false,false
,Construction Spending m/m,USD,2024-11-01T10:00:00Z,None,0.0%,0.1%,0.1%,false,false
,Bank Holiday,JPY,2024-11-03T00:00:00Z,None,,,,true,false
,Daylight Saving Time Shift,USD,2024-11-03T02:00:00Z,None,,,,false,false
,Daylight Saving Time Shift,CAD,2024-11-03T02:00:00Z,None,,,,false,false
,MI Inflation Gauge m/m,AUD,2024-11-03T19:00:00Z,None,,0.1%,0.3%,false,false
,ANZ Job Advertisements m/m,AUD,2024-11-03T19:30:00Z,None,,2.3%,0.3%,false,false
,Eurogroup Meetings,EUR,2024-11-04T00:00:00Z,None,,,,true,false
,Spanish Manufacturing PMI,EUR,2024-11-04T03:15:00Z,None,53.1,53.0,54.5,false,false
,Italian Manufacturing PMI,EUR,2024-11-04T03:45:00Z,None,48.8,48.3,46.9,false,false
,French Final Manufacturing PMI,EUR,2024-11-04T03:50:00Z,None,44.5,44.5,44.5,false,false
,German Final Manufacturing PMI,EUR,2024-11-04T03:55:00Z,None,42.6,42.6,43.0,false,false
,Final Manufacturing PMI,EUR,2024-11-04T04:00:00Z,None,45.9,45.9,46.0,false,false
,Sentix Investor Confidence,EUR,2024-11-04T04:30:00Z,None,-12.7,-13.8,-12.8,false,false
,Factory Orders m/m,USD,2024-11-04T10:00:00Z,None,-0.4%,-0.8%,-0.5%,false,false
,RBNZ Financial Stability Report,NZD,2024-11-04T15:00:00Z,None,,,,false,false
,Monetary Base y/y,JPY,2024-11-04T18:50:00Z,None,0.3%,-0.1%,-0.3%,false,false
,ANZ Commodity Prices m/m,NZD,2024-11-04T19:00:00Z,None,,1.8%,1.4%,false,false
,BRC Retail Sales Monitor y/y,GBP,2024-11-04T19:01:00Z,None,1.4%,1.7%,0.3%,false,false
,RatingDog Services PMI,CNY,2024-11-04T20:45:00Z,None,50.5,50.3,52.0,false,false
,Cash Rate,AUD,2024-11-04T22:30:00Z,High,4.35%,4.35%,4.35%,false,false
,RBA Monetary Policy Statement,AUD,2024-11-04T22:30:00Z,High,,,,false,false
,RBA Rate Statement,AUD,2024-11-04T22:30:00Z,High,,,,false,false
,RBA Press Conference,AUD,2024-11-04T23:30:00Z,None,,,,false,false
,ECOFIN Meetings,EUR,2024-11-05T00:00:00Z,None,,,,true,false
,Presidential Election,USD,2024-11-05T00:00:00Z,High,,,,true,false
,Congressional Elections,USD,2024-11-05T00:00:00Z,High,,,,true,false
,Unemployment Rate,CHF,2024-11-05T01:45:00Z,None,2.6%,2.6%,2.6%,false,false
,French Gov Budget Balance,EUR,2024-11-05T02:45:00Z,None,,-171.9B,-173.8B,false,false
,French Industrial Production m/m,EUR,2024-11-05T02:45:00Z,None,-0.5%,1.1%,-0.9%,false,false
,Spanish Unemployment Change,EUR,2024-11-05T03:00:00Z,None,26.5K,3.2K,26.8K,false,false
,Final Services PMI,GBP,2024-11-05T04:30:00Z,None,51.8,51.8,52.0,false,false
,10-y Bond Auction,GBP,2024-11-05T05:03:00Z,None,,4.17|3.3,4.48|2.8,false,false
,Trade Balance,CAD,2024-11-05T08:30:00Z,None,-0.9B,-1.5B,-1.3B,false,false
,Trade Balance,USD,2024-11-05T08:30:00Z,None,-83.8B,-70.8B,-84.4B,false,false
,Final Services PMI,USD,2024-11-05T09:45:00Z,None,55.3,55.3,55.0,false,false
,ISM Services PMI,USD,2024-11-05T10:00:00Z,High,53.8,54.9,56.0,false,false
,ECB President Lagarde Speaks,EUR,2024-11-05T10:10:00Z,None,,,,false,false
,GDT Price Index,NZD,2024-11-05T10:21:00Z,None,,-0.3%,4.8%,false,false
,10-y Bond Auction,USD,2024-11-05T13:01:00Z,None,,4.07|2.5,4.35|2.6,false,false
,BOC Summary of Deliberations,CAD,2024-11-05T13:30:00Z,None,,,,false,false
,API Weekly Statistical Bulletin,USD,2024-11-05T16:30:00Z,None,,,,false,false
,Employment Change q/q,NZD,2024-11-05T16:45:00Z,High,-0.4%,0.2%,-0.5%,false,false
,Unemployment Rate,NZD,2024-11-05T16:45:00Z,High,5.0%,4.6%,4.8%,false,false
,Labor Cost Index q/q,NZD,2024-11-05T16:45:00Z,None,0.7%,0.9%,0.6%,false,false
,Monetary Policy Meeting Minutes,JPY,2024-11-05T18:50:00Z,None,,,,false,false
,German Factory Orders m/m,EUR,2024-11-06T02:00:00Z,None,1.6%,-5.4%,4.2%,false,false
,Spanish Services PMI,EUR,2024-11-06T03:15:00Z,None,56.6,57.0,54.9,false,false
,Italian Services PMI,EUR,2024-11-06T03:45:00Z,None,50.3,50.5,52.4,false,false
,French Final Services PMI,EUR,2024-11-06T03:50:00Z,None,48.3,48.3,49.2,false,false
,German Final Services PMI,EUR,2024-11-06T03:55:00Z,None,51.4,51.4,51.6,false,false
,Final Services PMI,EUR,2024-11-06T04:00:00Z,None,51.2,51.2,51.6,false,false
,Construction PMI,GBP,2024-11-06T04:30:00Z,None,55.3,57.2,54.3,false,false
,PPI m/m,EUR,2024-11-06T05:00:00Z,None,-0.5%,0.6%,-0.6%,false,false
,ECB President Lagarde Speaks,EUR,2024-11-06T09:00:00Z,None,,,,false,false
,Ivey PMI,CAD,2024-11-06T10:00:00Z,None,54.2,53.1,52.0,false,false
,Crude Oil Inventories,USD,2024-11-06T10:30:00Z,None,0.3M,-0.5M,2.1M,false,false
,Gov Council Member Rogers Speaks,CAD,2024-11-06T12:25:00Z,None,,,,false,false
,30-y Bond Auction,USD,2024-11-06T13:01:00Z,None,,4.39|2.5,4.61|2.6,false,false
,RBNZ Gov Orr Speaks,NZD,2024-11-06T14:10:00Z,None,,,,false,false
,RBA Gov Bullock Speaks,AUD,2024-11-06T17:00:00Z,High,,,,false,false
,Average Cash Earnings y/y,JPY,2024-11-06T18:30:00Z,None,3.0%,2.8%,2.8%,false,false
,Goods Trade Balance,AUD,2024-11-06T19:30:00Z,None,5.24B,5.28B,4.61B,false,false
,USD-Denominated Trade Balance,CNY,2024-11-06T22:26:00Z,None,73.5B,81.7B,95.7B,false,false
,Trade Balance,CNY,2024-11-06T22:27:00Z,None,560B,583B,679B,false,false
,10-y Bond Auction,JPY,2024-11-06T22:35:00Z,None,,0.87|3.5,1.00|3.1,false,false
,German Industrial Production m/m,EUR,2024-11-07T02:00:00Z,None,-1.1%,2.6%,-2.5%,false,false
,German Trade Balance,EUR,2024-11-07T02:00:00Z,None,20.8B,21.4B,17.0B,false,false
,Lloyds HPI m/m,GBP,2024-11-07T02:00:00Z,None,0.2%,0.3%,0.2%,false,false
,French Prelim Private Payrolls q/q,EUR,2024-11-07T02:45:00Z,None,0.0%,-0.1%,-0.1%,false,false
,Foreign Currency Reserves,CHF,2024-11-07T03:00:00Z,None,,716B,719B,false,false
,French 10-y Bond Auction,EUR,2024-11-07T04:58:00Z,None,,2.92|2.1,3.24|2.0,false,false
,Retail Sales m/m,EUR,2024-11-07T05:00:00Z,None,0.4%,0.2%,0.5%,false,false
,BOE Monetary Policy Report,GBP,2024-11-07T07:00:00Z,High,,,,false,false
,Monetary Policy Summary,GBP,2024-11-07T07:00:00Z,High,,,,false,false
,MPC Official Bank Rate Votes,GBP,2024-11-07T07:00:00Z,High,0-8-1,0-1-8,0-8-1,false,false
,Official Bank Rate,GBP,2024-11-07T07:00:00Z,High,4.75%,5.00%,4.75%,false,false
,BOE Gov Bailey Speaks,GBP,2024-11-07T07:30:00Z,High,,,,false,false
,Unemployment Claims,USD,2024-11-07T08:30:00Z,High,223K,218K,221K,false,false
,Prelim Nonfarm Productivity q/q,USD,2024-11-07T08:30:00Z,None,2.6%,2.5%,2.2%,false,false
,Prelim Unit Labor Costs q/q,USD,2024-11-07T08:30:00Z,None,1.1%,0.4%,1.9%,false,false
,Gov Council Member Kozicki Speaks,CAD,2024-11-07T09:00:00Z,None,,,,false,false
,Final Wholesale Inventories m/m,USD,2024-11-07T10:00:00Z,None,-0.1%,-0.1%,-0.2%,false,false
,Mortgage Delinquencies,USD,2024-11-07T10:00:00Z,None,,3.97%,3.92%,false,false
,Natural Gas Storage,USD,2024-11-07T10:30:00Z,None,67B,78B,69B,false,false
,Federal Funds Rate,USD,2024-11-07T14:00:00Z,High,4.75%,5.00%,4.75%,false,false
,FOMC Statement,USD,2024-11-07T14:00:00Z,High,,,,false,false
,FOMC Press Conference,USD,2024-11-07T14:30:00Z,High,,,,false,false
,FOMC Member Musalem Speaks,USD,2024-11-07T14:30:00Z,None,,,,false,false
,Consumer Credit m/m,USD,2024-11-07T15:00:00Z,None,12.2B,7.6B,6.0B,false,false
,Household Spending y/y,JPY,2024-11-07T18:30:00Z,None,-1.8%,-1.9%,-1.1%,false,false
,RBA Assist Gov Jones Speaks,AUD,2024-11-07T21:45:00Z,None,,,,false,false
,Leading Indicators,JPY,2024-11-08T00:00:00Z,None,108.9%,106.9%,109.4%,false,false
,French Trade Balance,EUR,2024-11-08T02:45:00Z,None,-7.0B,-7.7B,-8.3B,false,false
,Gov Board Member Martin Speaks,CHF,2024-11-08T03:00:00Z,None,,,,false,false
,SECO Consumer Climate,CHF,2024-11-08T03:10:00Z,None,-33,-34,-37,false,false
,Italian Industrial Production m/m,EUR,2024-11-08T04:00:00Z,None,-0.4%,0.0%,-0.4%,false,false
,Italian Retail Sales m/m,EUR,2024-11-08T06:00:00Z,None,0.2%,-0.3%,1.2%,false,false
,Gov Council Member Gravelle Speaks,CAD,2024-11-08T06:10:00Z,None,,,,false,false
,MPC Member Pill Speaks,GBP,2024-11-08T07:15:00Z,None,,,,false,false
,Employment Change,CAD,2024-11-08T08:30:00Z,High,27.9K,46.7K,14.5K,false,false
,Unemployment Rate,CAD,2024-11-08T08:30:00Z,High,6.6%,6.5%,6.5%,false,false
,Prelim UoM Consumer Sentiment,USD,2024-11-08T10:00:00Z,None,71.0,70.5,73.0,false,false
,Prelim UoM Inflation Expectations,USD,2024-11-08T10:00:00Z,None,,2.7%,2.6%,false,false
,FOMC Member Bowman Speaks,USD,2024-11-08T11:00:00Z,None,,,,false,false
,CPI y/y,CNY,2024-11-08T20:30:00Z,None,0.4%,0.4%,0.3%,false,false
,PPI y/y,CNY,2024-11-08T20:30:00Z,None,-2.5%,-2.8%,-2.9%,false,false
,ECB President Lagarde Speaks,EUR,2024-11-09T10:35:00Z,None,,,,false,false
,Bank Lending y/y,JPY,2024-11-10T18:50:00Z,None,2.7%,2.7%,2.7%,false,false
,BOJ Summary of Opinions,JPY,2024-11-10T18:50:00Z,None,,,,false,false
,Current Account,JPY,2024-11-10T18:50:00Z,None,2.80T,3.15T,1.27T,false,false
,Inflation Expectations q/q,NZD,2024-11-10T21:00:00Z,High,,2.03%,2.12%,false,false
,Economy Watchers Sentiment,JPY,2024-11-11T00:00:00Z,None,47.2,47.8,47.5,false,false
,French Bank Holiday,EUR,2024-11-11T00:00:00Z,None,,,,true,false
,Bank Holiday,CAD,2024-11-11T00:00:00Z,None,,,,true,false
,Bank Holiday,USD,2024-11-11T00:00:00Z,None,,,,true,false
,M2 Money Supply y/y,CNY,2024-11-11T03:31:00Z,None,7.0%,6.8%,7.5%,false,false
,New Loans,CNY,2024-11-11T03:32:00Z,None,770B,1590B,500B,false,false
,CB Leading Index m/m,GBP,2024-11-11T09:30:00Z,None,,0.1%,-0.1%,false,false
,Westpac Consumer Sentiment,AUD,2024-11-11T18:30:00Z,None,,6.2%,5.3%,false,false
,M2 Money Stock y/y,JPY,2024-11-11T18:50:00Z,None,1.5%,1.2%,1.2%,false,false
,NAB Business Confidence,AUD,2024-11-11T19:30:00Z,None,,-2,5,false,false
,Prelim Machine Tool Orders y/y,JPY,2024-11-12T00:59:00Z,None,,-6.4%,9.3%,false,false
,German Final CPI m/m,EUR,2024-11-12T02:00:00Z,None,0.4%,0.4%,0.4%,false,false
,Claimant Count Change,GBP,2024-11-12T02:00:00Z,High,30.5K,10.1K,26.7K,false,false
,Average Earnings Index 3m/y,GBP,2024-11-12T02:00:00Z,None,3.9%,3.9%,4.3%,false,false
,Unemployment Rate,GBP,2024-11-12T02:00:00Z,None,4.1%,4.0%,4.3%,false,false
,MPC Member Pill Speaks,GBP,2024-11-12T04:00:00Z,None,,,,false,false
,German ZEW Economic Sentiment,EUR,2024-11-12T05:00:00Z,None,13.2,13.1,7.4,false,false
,ZEW Economic Sentiment,EUR,2024-11-12T05:00:00Z,None,20.5,20.1,12.5,false,false
,NFIB Small Business Index,USD,2024-11-12T05:55:00Z,None,91.9,91.5,93.7,false,false
,Building Permits m/m,CAD,2024-11-12T08:30:00Z,None,2.9%,-6.3%,11.5%,false,false
,Cleveland Fed Inflation Expectations,USD,2024-11-12T09:45:00Z,None,,3.4%,3.8%,false,false
,FOMC Member Waller Speaks,USD,2024-11-12T10:00:00Z,None,,,,false,false
,RCM/TIPP Economic Optimism,USD,2024-11-12T10:06:00Z,None,47.3,46.9,53.2,false,false
,FOMC Member Barkin Speaks,USD,2024-11-12T10:15:00Z,None,,,,false,false
,FOMC Member Kashkari Speaks,USD,2024-11-12T14:00:00Z,None,,,,false,false
,Loan Officer Survey,USD,2024-11-12T14:00:00Z,None,,,,false,false
,Visitor Arrivals m/m,NZD,2024-11-12T16:45:00Z,None,,-2.1%,1.1%,false,false
,FOMC Member Harker Speaks,USD,2024-11-12T17:00:00Z,None,,,,false,false
,FOMC Member Barkin Speaks,USD,2024-11-12T17:30:00Z,None,,,,false,false
,PPI y/y,JPY,2024-11-12T18:50:00Z,None,2.9%,3.1%,3.4%,false,false
,Wage Price Index q/q,AUD,2024-11-12T19:30:00Z,High,0.9%,0.8%,0.8%,false,false
,30-y Bond Auction,JPY,2024-11-12T22:35:00Z,None,,2.15|3.3,2.27|3.4,false,false
,MPC Member Mann Speaks,GBP,2024-11-13T04:45:00Z,None,,,,false,false
,German 10-y Bond Auction,EUR,2024-11-13T05:35:00Z,None,,2.31|2.3,2.38|2.3,false,false
,Core CPI m/m,USD,2024-11-13T08:30:00Z,High,0.3%,0.3%,0.3%,false,false
,Core CPI y/y,USD,2024-11-13T08:30:00Z,High,3.3%,3.3%,3.3%,false,false
,CPI m/m,USD,2024-11-13T08:30:00Z,High,0.2%,0.2%,0.2%,false,false
,CPI y/y,USD,2024-11-13T08:30:00Z,High,2.6%,2.4%,2.6%,false,false
,FOMC Member Kashkari Speaks,USD,2024-11-13T08:40:00Z,None,,,,false,false
,FOMC Member Logan Speaks,USD,2024-11-13T09:45:00Z,None,,,,false,false
,FOMC Member Musalem Speaks,USD,2024-11-13T13:00:00Z,None,,,,false,false
,FOMC Member Schmid Speaks,USD,2024-11-13T13:30:00Z,None,,,,false,false
,Federal Budget Balance,USD,2024-11-13T14:00:00Z,None,-226.4B,64.3B,-257.5B,false,false
,API Weekly Statistical Bulletin,USD,2024-11-13T16:30:00Z,None,,,,false,false
,FPI m/m,NZD,2024-11-13T16:45:00Z,None,,0.5%,-0.9%,false,false
,RBA Gov Bullock Speaks,AUD,2024-11-13T18:00:00Z,High,,,,false,false
,MI Inflation Expectations,AUD,2024-11-13T19:00:00Z,None,,4.0%,3.8%,false,false
,RICS House Price Balance,GBP,2024-11-13T19:01:00Z,None,12%,11%,16%,false,false
,Employment Change,AUD,2024-11-13T19:30:00Z,High,25.2K,61.3K,15.9K,false,false
,Unemployment Rate,AUD,2024-11-13T19:30:00Z,High,4.1%,4.1%,4.1%,false,false
,Flash Employment Change q/q,EUR,2024-11-14T05:00:00Z,None,0.2%,0.2%,0.2%,false,false
,Flash GDP q/q,EUR,2024-11-14T05:00:00Z,None,0.4%,0.4%,0.4%,false,false
,Industrial Production m/m,EUR,2024-11-14T05:00:00Z,None,-1.3%,1.5%,-2.0%,false,false
,FOMC Member Kugler Speaks,USD,2024-11-14T07:00:00Z,None,,,,false,false
,ECB Monetary Policy Meeting Accounts,EUR,2024-11-14T07:30:00Z,None,,,,false,false
,MPC Member Mann Speaks,GBP,2024-11-14T08:00:00Z,None,,,,false,false
,Core PPI m/m,USD,2024-11-14T08:30:00Z,High,0.3%,0.2%,0.3%,false,false
,PPI m/m,USD,2024-11-14T08:30:00Z,High,0.2%,0.1%,0.2%,false,false
,Unemployment Claims,USD,2024-11-14T08:30:00Z,High,224K,221K,217K,false,false
,FOMC Member Barkin Speaks,USD,2024-11-14T09:00:00Z,None,,,,false,false
,Natural Gas Storage,USD,2024-11-14T10:30:00Z,None,34B,69B,42B,false,false
,Crude Oil Inventories,USD,2024-11-14T11:00:00Z,None,0.4M,2.1M,2.1M,false,false
,ECB President Lagarde Speaks,EUR,2024-11-14T14:00:00Z,None,,,,false,false
,FOMC Member Powell Speaks,USD,2024-11-14T15:00:00Z,High,,,,false,false
,BOE Gov Bailey Speaks,GBP,2024-11-14T15:43:00Z,High,,,,false,false
,Treasury Currency Report,USD,2024-11-14T16:00:00Z,None,,,,false,false
,FOMC Member Williams Speaks,USD,2024-11-14T16:15:00Z,None,,,,false,false
,BusinessNZ Manufacturing Index,NZD,2024-11-14T16:30:00Z,None,,47.0,45.8,false,false
,Prelim GDP Price Index y/y,JPY,2024-11-14T18:50:00Z,None,2.8%,3.2%,2.5%,false,false
,Prelim GDP q/q,JPY,2024-11-14T18:50:00Z,None,0.2%,0.7%,0.2%,false,false
,RBA Assist Gov Jones Speaks,AUD,2024-11-14T19:30:00Z,None,,,,false,false
,New Home Prices m/m,CNY,2024-11-14T20:30:00Z,None,,-0.71%,-0.51%,false,false
,Industrial Production y/y,CNY,2024-11-14T21:00:00Z,None,5.5%,5.4%,5.3%,false,false
,Retail Sales y/y,CNY,2024-11-14T21:00:00Z,None,3.8%,3.2%,4.8%,false,false
,Fixed Asset Investment ytd/y,CNY,2024-11-14T21:00:00Z,None,3.5%,3.4%,3.4%,false,false
,NBS Press Conference,CNY,2024-11-14T21:00:00Z,None,,,,false,false
,Unemployment Rate,CNY,2024-11-14T21:00:00Z,None,5.1%,5.1%,5.0%,false,false
,Revised Industrial Production m/m,JPY,2024-11-14T23:30:00Z,None,1.4%,1.4%,1.6%,false,false
,Tertiary Industry Activity m/m,JPY,2024-11-14T23:30:00Z,None,0.2%,-1.1%,-0.2%,false,false
,German WPI m/m,EUR,2024-11-15T02:00:00Z,None,0.1%,-0.3%,0.4%,false,false
,GDP m/m,GBP,2024-11-15T02:00:00Z,High,0.2%,0.2%,-0.1%,false,false
,Prelim GDP q/q,GBP,2024-11-15T02:00:00Z,None,0.2%,0.5%,0.1%,false,false
,Construction Output m/m,GBP,2024-11-15T02:00:00Z,None,0.3%,0.6%,0.1%,false,false
,Goods Trade Balance,GBP,2024-11-15T02:00:00Z,None,-15.7B,-15.2B,-16.3B,false,false
,Index of Services 3m/3m,GBP,2024-11-15T02:00:00Z,None,0.2%,0.1%,0.1%,false,false
,Industrial Production m/m,GBP,2024-11-15T02:00:00Z,None,0.1%,0.5%,-0.5%,false,false
,Manufacturing Production m/m,GBP,2024-11-15T02:00:00Z,None,0.0%,1.3%,-1.0%,false,false
,Prelim Business Investment q/q,GBP,2024-11-15T02:00:00Z,None,0.6%,1.4%,1.2%,false,false
,PPI m/m,CHF,2024-11-15T02:30:00Z,None,0.1%,-0.1%,-0.3%,false,false
,French Final CPI m/m,EUR,2024-11-15T02:45:00Z,None,0.2%,0.2%,0.3%,false,false
,Foreign Direct Investment ytd/y,CNY,2024-11-15T04:53:00Z,None,,-30.4%,-29.8%,false,false
,Italian Trade Balance,EUR,2024-11-15T04:58:00Z,None,2.55B,1.34B,2.58B,false,false
,EU Economic Forecasts,EUR,2024-11-15T05:00:00Z,None,,,,false,false
,NIESR GDP Estimate,GBP,2024-11-15T08:20:00Z,None,,0.1%,0.1%,false,false
,Manufacturing Sales m/m,CAD,2024-11-15T08:30:00Z,None,-0.7%,-1.3%,-0.5%,false,false
,Wholesale Sales m/m,CAD,2024-11-15T08:30:00Z,None,1.0%,-0.6%,0.8%,false,false
,Core Retail Sales m/m,USD,2024-11-15T08:30:00Z,High,0.3%,1.0%,0.1%,false,false
,Retail Sales m/m,USD,2024-11-15T08:30:00Z,High,0.3%,0.8%,0.4%,false,false
,Empire State Manufacturing Index,USD,2024-11-15T08:30:00Z,None,-0.3,-11.9,31.2,false,false
,Import Prices m/m,USD,2024-11-15T08:30:00Z,None,-0.1%,-0.4%,0.3%,false,false
,FOMC Member Collins Speaks,USD,2024-11-15T09:00:00Z,None,,,,false,false
,Capacity Utilization Rate,USD,2024-11-15T09:15:00Z,None,77.1%,77.4%,77.1%,false,false
,Industrial Production m/m,USD,2024-11-15T09:15:00Z,None,-0.3%,-0.5%,-0.3%,false,false
,Business Inventories m/m,USD,2024-11-15T10:00:00Z,None,0.2%,0.3%,0.1%,false,false
,CB Leading Index m/m,AUD,2024-11-15T10:30:00Z,None,,0.1%,0.3%,false,false
,FOMC Member Williams Speaks,USD,2024-11-15T13:15:00Z,None,,,,false,false
,FOMC Member Goolsbee Speaks,USD,2024-11-15T14:05:00Z,None,,,,false,false
,FOMC Member Barkin Speaks,USD,2024-11-15T15:00:00Z,None,,,,false,false
,BusinessNZ Services Index,NZD,2024-11-17T16:30:00Z,None,,45.7,46.0,false,false
,PPI Input q/q,NZD,2024-11-17T16:45:00Z,None,1.0%,1.4%,1.9%,false,false
,PPI Output q/q,NZD,2024-11-17T16:45:00Z,None,0.9%,1.1%,1.5%,false,false
,Core Machinery Orders m/m,JPY,2024-11-17T18:50:00Z,None,1.4%,-1.9%,-0.7%,false,false
,Rightmove HPI m/m,GBP,2024-11-17T19:01:00Z,None,,0.3%,-1.4%,false,false
,BOJ Gov Ueda Speaks,JPY,2024-11-17T20:05:00Z,High,,,,false,false
,G20 Meetings,All,2024-11-18T00:00:00Z,None,,,,false,false
,RBA Assist Gov Kent Speaks,AUD,2024-11-18T01:30:00Z,None,,,,false,false
,German Buba President Nagel Speaks,EUR,2024-11-18T03:00:00Z,None,,,,false,false
,Trade Balance,EUR,2024-11-18T05:00:00Z,None,7.9B,10.8B,13.6B,false,false
,Housing Starts,CAD,2024-11-18T08:15:00Z,None,239K,223K,241K,false,false
,Foreign Securities Purchases,CAD,2024-11-18T08:30:00Z,None,10.50B,10.33B,29.30B,false,false
,FOMC Member Goolsbee Speaks,USD,2024-11-18T10:00:00Z,None,,,,false,false
,NAHB Housing Market Index,USD,2024-11-18T10:00:00Z,None,42,43,46,false,false
,ECB President Lagarde Speaks,EUR,2024-11-18T13:30:00Z,None,,,,false,false
,MPC Member Greene Speaks,GBP,2024-11-18T13:30:00Z,None,,,,false,false
,TIC Long-Term Purchases,USD,2024-11-18T16:00:00Z,None,114.3B,108.8B,216.1B,false,false
,Monetary Policy Meeting Minutes,AUD,2024-11-18T19:30:00Z,None,,,,false,false
,G20 Meetings,All,2024-11-19T00:00:00Z,None,,,,false,false
,Trade Balance,CHF,2024-11-19T02:00:00Z,None,4.25B,4.94B,8.06B,false,false
,Current Account,EUR,2024-11-19T04:00:00Z,None,27.0B,35.4B,37.0B,false,false
,Final Core CPI y/y,EUR,2024-11-19T05:00:00Z,None,2.7%,2.7%,2.7%,false,false
,Final CPI y/y,EUR,2024-11-19T05:00:00Z,None,2.0%,2.0%,2.0%,false,false
,Monetary Policy Report Hearings,GBP,2024-11-19T05:00:00Z,High,,,,false,false
,German Buba Monthly Report,EUR,2024-11-19T06:00:00Z,None,,,,false,false
,CPI m/m,CAD,2024-11-19T08:30:00Z,High,0.3%,-0.4%,0.4%,false,false
,Median CPI y/y,CAD,2024-11-19T08:30:00Z,High,2.4%,2.3%,2.5%,false,false
,Trimmed CPI y/y,CAD,2024-11-19T08:30:00Z,High,2.4%,2.4%,2.6%,false,false
,Common CPI y/y,CAD,2024-11-19T08:30:00Z,None,2.1%,2.1%,2.2%,false,false
,Core CPI m/m,CAD,2024-11-19T08:30:00Z,None,,0.0%,0.4%,false,false
,Building Permits,USD,2024-11-19T08:30:00Z,None,1.44M,1.43M,1.42M,false,false
,Housing Starts,USD,2024-11-19T08:30:00Z,None,1.34M,1.35M,1.31M,false,false
,GDT Price Index,NZD,2024-11-19T09:56:00Z,None,,4.8%,1.9%,false,false
,FOMC Member Schmid Speaks,USD,2024-11-19T13:10:00Z,None,,,,false,false
,API Weekly Statistical Bulletin,USD,2024-11-19T16:30:00Z,None,,,,false,false
,MI Leading Index m/m,AUD,2024-11-19T18:30:00Z,None,,0.0%,0.2%,false,false
,Trade Balance,JPY,2024-11-19T18:50:00Z,None,-0.15T,-0.27T,-0.36T,false,false
,1-y Loan Prime Rate,CNY,2024-11-19T20:00:00Z,None,3.10%,3.10%,3.10%,false,false
,5-y Loan Prime Rate,CNY,2024-11-19T20:00:00Z,None,3.60%,3.60%,3.60%,false,false
,German PPI m/m,EUR,2024-11-20T02:00:00Z,None,0.2%,-0.5%,0.2%,false,false
,CPI y/y,GBP,2024-11-20T02:00:00Z,High,2.2%,1.7%,2.3%,false,false
,Core CPI y/y,GBP,2024-11-20T02:00:00Z,None,3.1%,3.2%,3.3%,false,false
,PPI Input m/m,GBP,2024-11-20T02:00:00Z,None,0.5%,-0.5%,0.1%,false,false
,PPI Output m/m,GBP,2024-11-20T02:00:00Z,None,-0.1%,-0.4%,0.0%,false,false
,RPI y/y,GBP,2024-11-20T02:00:00Z,None,3.4%,2.7%,3.4%,false,false
,ECB Financial Stability Review,EUR,2024-11-20T04:00:00Z,None,,,,false,false
,HPI y/y,GBP,2024-11-20T04:30:00Z,None,2.9%,2.7%,2.9%,false,false
,German 30-y Bond Auction,EUR,2024-11-20T05:32:00Z,None,,2.49|3.6,2.55|3.6,false,false
,ECB President Lagarde Speaks,EUR,2024-11-20T08:00:00Z,None,,,,false,false
,FOMC Member Barr Speaks,USD,2024-11-20T10:00:00Z,None,,,,false,false
,Crude Oil Inventories,USD,2024-11-20T10:30:00Z,None,-0.1M,2.1M,0.5M,false,false
,MPC Member Ramsden Speaks,GBP,2024-11-20T11:00:00Z,None,,,,false,false
,FOMC Member Cook Speaks,USD,2024-11-20T11:00:00Z,None,,,,false,false
,FOMC Member Bowman Speaks,USD,2024-11-20T12:15:00Z,None,,,,false,false
,FOMC Member Collins Speaks,USD,2024-11-20T16:00:00Z,None,,,,false,false
,Credit Card Spending y/y,NZD,2024-11-20T21:00:00Z,None,,-3.1%,0.3%,false,false
,BOJ Gov Ueda Speaks,JPY,2024-11-21T00:12:00Z,High,,,,false,false
,Public Sector Net Borrowing,GBP,2024-11-21T02:00:00Z,None,13.0B,16.1B,17.4B,false,false
,RBA Gov Bullock Speaks,AUD,2024-11-21T03:00:00Z,High,,,,false,false
,CBI Industrial Order Expectations,GBP,2024-11-21T06:00:00Z,None,-25,-27,-19,false,false
,IPPI m/m,CAD,2024-11-21T08:30:00Z,None,0.8%,-0.8%,1.2%,false,false
,RMPI m/m,CAD,2024-11-21T08:30:00Z,None,2.6%,-3.2%,3.8%,false,false
,Unemployment Claims,USD,2024-11-21T08:30:00Z,High,220K,219K,213K,false,false
,Philly Fed Manufacturing Index,USD,2024-11-21T08:30:00Z,None,7.4,10.3,-5.5,false,false
,FOMC Member Hammack Speaks,USD,2024-11-21T08:45:00Z,None,,,,false,false
,MPC Member Mann Speaks,GBP,2024-11-21T09:00:00Z,None,,,,false,false
,Consumer Confidence,EUR,2024-11-21T10:00:00Z,None,-13,-13,-14,false,false
,Existing Home Sales,USD,2024-11-21T10:00:00Z,None,3.95M,3.83M,3.96M,false,false
,CB Leading Index m/m,USD,2024-11-21T10:00:00Z,None,-0.3%,-0.3%,-0.4%,false,false
,Natural Gas Storage,USD,2024-11-21T10:30:00Z,None,2B,42B,-3B,false,false
,Gov Board Member Tschudin Speaks,CHF,2024-11-21T12:00:00Z,None,,,,false,false
,FOMC Member Goolsbee Speaks,USD,2024-11-21T12:25:00Z,None,,,,false,false
,FOMC Member Hammack Speaks,USD,2024-11-21T12:30:00Z,None,,,,false,false
,FOMC Member Barr Speaks,USD,2024-11-21T16:40:00Z,None,,,,false,false
,Flash Manufacturing PMI,AUD,2024-11-21T17:00:00Z,None,,47.3,49.4,false,false
,Flash Services PMI,AUD,2024-11-21T17:00:00Z,None,,51.0,49.6,false,false
,National Core CPI y/y,JPY,2024-11-21T18:30:00Z,None,2.2%,2.4%,2.3%,false,false
,GfK Consumer Confidence,GBP,2024-11-21T19:01:00Z,None,-21,-21,-18,false,false
,Flash Manufacturing PMI,JPY,2024-11-21T19:30:00Z,None,49.5,49.2,49.0,false,false
,German Final GDP q/q,EUR,2024-11-22T02:00:00Z,None,0.2%,0.2%,0.1%,false,false
,Retail Sales m/m,GBP,2024-11-22T02:00:00Z,High,-0.3%,0.1%,-0.7%,false,false
,French Flash Manufacturing PMI,EUR,2024-11-22T03:15:00Z,High,44.6,44.5,43.2,false,false
,French Flash Services PMI,EUR,2024-11-22T03:15:00Z,High,49.1,49.2,45.7,false,false
,German Flash Manufacturing PMI,EUR,2024-11-22T03:30:00Z,High,43.1,43.0,43.2,false,false
,German Flash Services PMI,EUR,2024-11-22T03:30:00Z,High,51.6,51.6,49.4,false,false
,ECB President Lagarde Speaks,EUR,2024-11-22T03:30:00Z,None,,,,false,false
,Flash Manufacturing PMI,EUR,2024-11-22T04:00:00Z,None,46.0,46.0,45.2,false,false
,Flash Services PMI,EUR,2024-11-22T04:00:00Z,None,51.6,51.6,49.2,false,false
,Flash Manufacturing PMI,GBP,2024-11-22T04:30:00Z,High,50.0,49.9,48.6,false,false
,Flash Services PMI,GBP,2024-11-22T04:30:00Z,High,51.9,52.0,50.0,false,false
,SNB Chairman Schlegel Speaks,CHF,2024-11-22T07:40:00Z,High,,,,false,false
,German Buba President Nagel Speaks,EUR,2024-11-22T08:00:00Z,None,,,,false,false
,Core Retail Sales m/m,CAD,2024-11-22T08:30:00Z,High,0.3%,-0.8%,0.9%,false,false
,Retail Sales m/m,CAD,2024-11-22T08:30:00Z,High,0.4%,0.4%,0.4%,false,false
,NHPI m/m,CAD,2024-11-22T08:30:00Z,None,0.1%,0.0%,-0.4%,false,false
,Flash Manufacturing PMI,USD,2024-11-22T09:45:00Z,High,48.8,48.5,48.8,false,false
,Flash Services PMI,USD,2024-11-22T09:45:00Z,High,55.2,55.0,57.0,false,false
,Revised UoM Consumer Sentiment,USD,2024-11-22T10:00:00Z,None,74.0,73.0,71.8,false,false
,Revised UoM Inflation Expectations,USD,2024-11-22T10:00:00Z,None,,2.6%,2.6%,false,false
,FOMC Financial Stability Report,USD,2024-11-22T16:00:00Z,None,,,,false,false
,FOMC Member Bowman Speaks,USD,2024-11-22T18:15:00Z,None,,,,false,false
,Retail Sales q/q,NZD,2024-11-24T16:45:00Z,None,-0.5%,-1.2%,-0.1%,false,false
,Core Retail Sales q/q,NZD,2024-11-24T16:45:00Z,None,-0.3%,-1.0%,-0.8%,false,false
,Trade Balance,NZD,2024-11-24T16:45:00Z,None,-1760M,-2154M,-1544M,false,false
,German ifo Business Climate,EUR,2024-11-25T04:00:00Z,None,86.1,86.5,85.7,false,false
,MPC Member Lombardelli Speaks,GBP,2024-11-25T04:00:00Z,None,,,,false,false
,MPC Member Dhingra Speaks,GBP,2024-11-25T05:30:00Z,None,,,,false,false
,Corporate Profits q/q,CAD,2024-11-25T08:30:00Z,None,,1.5%,-2.5%,false,false
,Belgian NBB Business Climate,EUR,2024-11-25T08:56:00Z,None,-12.7,-12.8,-11.1,false,false
,CB Leading Index m/m,CNY,2024-11-25T09:00:00Z,None,,-0.3%,-0.3%,false,false
,German Buba President Nagel Speaks,EUR,2024-11-25T12:30:00Z,None,,,,false,false
,SPPI y/y,JPY,2024-11-25T18:50:00Z,None,2.5%,2.8%,2.9%,false,false
,BRC Shop Price Index y/y,GBP,2024-11-25T19:01:00Z,None,,-0.8%,-0.6%,false,false
,BOJ Core CPI y/y,JPY,2024-11-26T00:00:00Z,None,1.8%,1.7%,1.5%,false,false
,CBI Realized Sales,GBP,2024-11-26T06:00:00Z,None,-14,-6,-18,false,false
,Gov Council Member Mendes Speaks,CAD,2024-11-26T08:05:00Z,None,,,,false,false
,S&P/CS Composite-20 HPI y/y,USD,2024-11-26T09:00:00Z,None,4.7%,5.2%,4.6%,false,false
,HPI m/m,USD,2024-11-26T09:00:00Z,None,0.3%,0.4%,0.7%,false,false
,Richmond Manufacturing Index,USD,2024-11-26T09:59:00Z,None,-10,-14,-14,false,false
,MPC Member Pill Speaks,GBP,2024-11-26T10:00:00Z,None,,,,false,false
,CB Consumer Confidence,USD,2024-11-26T10:00:00Z,High,111.8,109.6,111.7,false,false
,New Home Sales,USD,2024-11-26T10:00:00Z,None,725K,738K,610K,false,false
,FOMC Meeting Minutes,USD,2024-11-26T14:00:00Z,High,,,,false,false
,President Biden Speaks,USD,2024-11-26T14:30:00Z,None,,,,false,false
,API Weekly Statistical Bulletin,USD,2024-11-26T16:30:00Z,None,,,,false,false
,CPI y/y,AUD,2024-11-26T19:30:00Z,High,2.5%,2.1%,2.1%,false,false
,Construction Work Done q/q,AUD,2024-11-26T19:30:00Z,None,0.4%,1.1%,1.6%,false,false
,Official Cash Rate,NZD,2024-11-26T20:00:00Z,High,4.25%,4.75%,4.25%,false,false
,RBNZ Monetary Policy Statement,NZD,2024-11-26T20:00:00Z,High,,,,false,false
,RBNZ Rate Statement,NZD,2024-11-26T20:00:00Z,High,,,,false,false
,RBNZ Press Conference,NZD,2024-11-26T21:00:00Z,High,,,,false,false
,UBS Economic Expectations,CHF,2024-11-27T04:00:00Z,None,,-7.7,-12.4,false,false
,German GfK Consumer Climate,EUR,2024-11-27T04:30:00Z,None,-18.8,-18.4,-23.3,false,false
,Prelim GDP q/q,USD,2024-11-27T08:30:00Z,High,2.8%,2.8%,2.8%,false,false
,Unemployment Claims,USD,2024-11-27T08:30:00Z,High,215K,215K,213K,false,false
,Core Durable Goods Orders m/m,USD,2024-11-27T08:30:00Z,None,0.2%,0.5%,0.1%,false,false
,Durable Goods Orders m/m,USD,2024-11-27T08:30:00Z,None,0.4%,-0.7%,0.2%,false,false
,Prelim GDP Price Index q/q,USD,2024-11-27T08:30:00Z,None,1.8%,1.8%,1.9%,false,false
,Goods Trade Balance,USD,2024-11-27T08:30:00Z,None,-102.2B,-108.7B,-99.1B,false,false
,Prelim Wholesale Inventories m/m,USD,2024-11-27T08:30:00Z,None,0.0%,-0.2%,0.2%,false,false
,Chicago PMI,USD,2024-11-27T09:45:00Z,None,44.9,41.6,40.2,false,false
,Core PCE Price Index m/m,USD,2024-11-27T10:00:00Z,High,0.3%,0.3%,0.3%,false,false
,Pending Home Sales m/m,USD,2024-11-27T10:00:00Z,None,-2.1%,7.5%,2.0%,false,false
,Personal Income m/m,USD,2024-11-27T10:00:00Z,None,0.3%,0.3%,0.6%,false,false
,Personal Spending m/m,USD,2024-11-27T10:00:00Z,None,0.4%,0.6%,0.4%,false,false
,Crude Oil Inventories,USD,2024-11-27T10:30:00Z,None,-1.3M,0.5M,-1.8M,false,false
,Natural Gas Storage,USD,2024-11-27T12:00:00Z,None,-2B,-3B,-2B,false,false
,ANZ Business Confidence,NZD,2024-11-27T19:00:00Z,None,,65.7,64.9,false,false
,Private Capital Expenditure q/q,AUD,2024-11-27T19:30:00Z,None,0.9%,-2.2%,1.1%,false,false
,German Prelim CPI m/m,EUR,2024-11-28T00:00:00Z,High,-0.2%,0.4%,-0.2%,true,false
,Bank Holiday,USD,2024-11-28T00:00:00Z,None,,,,true,false
,Spanish Flash CPI y/y,EUR,2024-11-28T03:00:00Z,None,2.3%,1.8%,2.4%,false,false
,RBA Gov Bullock Speaks,AUD,2024-11-28T03:55:00Z,High,,,,false,false
,M3 Money Supply y/y,EUR,2024-11-28T04:00:00Z,None,3.4%,3.2%,3.4%,false,false
,Private Loans y/y,EUR,2024-11-28T04:00:00Z,None,0.8%,0.7%,0.8%,false,false
,Italian 10-y Bond Auction,EUR,2024-11-28T05:10:00Z,None,,3.57|1.6,3.39|1.6,false,false
,Current Account,CAD,2024-11-28T08:30:00Z,None,-8.6B,-4.7B,-3.2B,false,false
,Tokyo Core CPI y/y,JPY,2024-11-28T18:30:00Z,None,2.0%,1.8%,2.2%,false,false
,Unemployment Rate,JPY,2024-11-28T18:30:00Z,None,2.5%,2.4%,2.5%,false,false
,Prelim Industrial Production m/m,JPY,2024-11-28T18:50:00Z,None,3.8%,1.6%,3.0%,false,false
,Retail Sales y/y,JPY,2024-11-28T18:50:00Z,None,2.1%,0.7%,1.6%,false,false
,Private Sector Credit m/m,AUD,2024-11-28T19:30:00Z,None,0.5%,0.5%,0.6%,false,false
,Consumer Confidence,JPY,2024-11-29T00:00:00Z,None,36.4,36.2,36.4,false,false
,Housing Starts y/y,JPY,2024-11-29T00:00:00Z,None,-2.0%,-0.6%,-2.9%,false,false
,German Import Prices m/m,EUR,2024-11-29T02:00:00Z,None,0.2%,-0.4%,0.6%,false,false
,German Retail Sales m/m,EUR,2024-11-29T02:00:00Z,None,-0.5%,1.6%,-1.5%,false,false
,French Consumer Spending m/m,EUR,2024-11-29T02:45:00Z,None,-0.1%,0.1%,-0.4%,false,false
,French Final Private Payrolls q/q,EUR,2024-11-29T02:45:00Z,None,0.0%,-0.1%,0.1%,false,false
,French Prelim CPI m/m,EUR,2024-11-29T02:45:00Z,None,0.0%,0.2%,-0.1%,false,false
,French Prelim GDP q/q,EUR,2024-11-29T02:45:00Z,None,0.4%,0.4%,0.4%,false,false
,GDP q/q,CHF,2024-11-29T03:00:00Z,None,0.4%,0.6%,0.4%,false,false
,KOF Economic Barometer,CHF,2024-11-29T03:00:00Z,None,100.1,99.7,101.8,false,false
,German Unemployment Change,EUR,2024-11-29T03:55:00Z,None,20K,26K,7K,false,false
,M4 Money Supply m/m,GBP,2024-11-29T04:30:00Z,None,0.4%,0.5%,-0.1%,false,false
,Mortgage Approvals,GBP,2024-11-29T04:30:00Z,None,65K,66K,68K,false,false
,Net Lending to Individuals m/m,GBP,2024-11-29T04:32:00Z,None,4.1B,3.8B,4.5B,false,false
,Core CPI Flash Estimate y/y,EUR,2024-11-29T05:00:00Z,None,2.8%,2.7%,2.7%,false,false
,CPI Flash Estimate y/y,EUR,2024-11-29T05:00:00Z,None,2.3%,2.0%,2.3%,false,false
,Italian Prelim CPI m/m,EUR,2024-11-29T05:00:00Z,None,-0.2%,0.0%,0.0%,false,false
,Bank Stress Test Results,GBP,2024-11-29T05:30:00Z,None,,,,false,false
,BOE Financial Stability Report,GBP,2024-11-29T05:30:00Z,None,,,,false,false
,FPC Meeting Minutes,GBP,2024-11-29T05:30:00Z,None,,,,false,false
,FPC Statement,GBP,2024-11-29T05:30:00Z,None,,,,false,false
,BOE Gov Bailey Speaks,GBP,2024-11-29T06:00:00Z,High,,,,false,false
,German Buba President Nagel Speaks,EUR,2024-11-29T08:00:00Z,None,,,,false,false
,GDP m/m,CAD,2024-11-29T08:30:00Z,High,0.3%,0.0%,0.1%,false,false
,Manufacturing PMI,CNY,2024-11-29T20:30:00Z,High,50.2,50.1,50.3,false,false
,Non-Manufacturing PMI,CNY,2024-11-29T20:30:00Z,None,50.4,50.2,50.0,false,false
,SNB Chairman Schlegel Speaks,CHF,2024-11-30T06:15:00Z,None,,,,false,false
,Building Consents m/m,NZD,2024-12-01T16:45:00Z,None,,2.4%,-5.2%,false,false
,Capital Spending q/y,JPY,2024-12-01T18:50:00Z,None,6.7%,7.4%,8.1%,false,false
,MI Inflation Gauge m/m,AUD,2024-12-01T19:00:00Z,None,,0.3%,0.2%,false,false
,Retail Sales m/m,AUD,2024-12-01T19:30:00Z,None,0.4%,0.1%,0.6%,false,false
,ANZ Job Advertisements m/m,AUD,2024-12-01T19:30:00Z,None,,0.7%,-1.3%,false,false
,Building Approvals m/m,AUD,2024-12-01T19:30:00Z,None,1.2%,5.8%,4.2%,false,false
,Company Operating Profits q/q,AUD,2024-12-01T19:30:00Z,None,0.6%,-6.8%,-4.6%,false,false
,Final Manufacturing PMI,JPY,2024-12-01T19:30:00Z,None,49.0,49.0,49.0,false,false
,RatingDog Manufacturing PMI,CNY,2024-12-01T20:45:00Z,None,50.6,50.3,51.5,false,false
,Commodity Prices y/y,AUD,2024-12-02T00:30:00Z,None,,-9.3%,-11.8%,false,false
,Nationwide HPI m/m,GBP,2024-12-02T02:00:00Z,None,0.2%,0.1%,1.2%,false,false
,Retail Sales y/y,CHF,2024-12-02T02:30:00Z,None,2.6%,1.8%,1.4%,false,false
,Spanish Manufacturing PMI,EUR,2024-12-02T03:15:00Z,None,53.9,54.5,53.1,false,false
,Manufacturing PMI,CHF,2024-12-02T03:30:00Z,None,49.6,49.9,48.5,false,false
,Italian Manufacturing PMI,EUR,2024-12-02T03:45:00Z,None,46.1,46.9,44.5,false,false
,French Final Manufacturing PMI,EUR,2024-12-02T03:50:00Z,None,43.3,43.2,43.1,false,false
,German Final Manufacturing PMI,EUR,2024-12-02T03:55:00Z,None,43.2,43.2,43.0,false,false
,Final Manufacturing PMI,EUR,2024-12-02T04:00:00Z,None,45.2,45.2,45.2,false,false
,Italian Monthly Unemployment Rate,EUR,2024-12-02T04:00:00Z,None,6.1%,6.0%,5.8%,false,false
,Final Manufacturing PMI,GBP,2024-12-02T04:30:00Z,None,48.6,48.6,48.0,false,false
,Unemployment Rate,EUR,2024-12-02T05:00:00Z,None,6.3%,6.3%,6.3%,false,false
,Manufacturing PMI,CAD,2024-12-02T09:30:00Z,None,,51.1,52.0,false,false
,Final Manufacturing PMI,USD,2024-12-02T09:45:00Z,None,48.8,48.8,49.7,false,false
,ISM Manufacturing PMI,USD,2024-12-02T10:00:00Z,High,47.7,46.5,48.4,false,false
,ISM Manufacturing Prices,USD,2024-12-02T10:00:00Z,None,55.2,54.8,50.3,false,false
,Construction Spending m/m,USD,2024-12-02T10:00:00Z,None,0.2%,0.1%,0.4%,false,false
,FOMC Member Waller Speaks,USD,2024-12-02T15:15:00Z,None,,,,false,false
,FOMC Member Williams Speaks,USD,2024-12-02T16:30:00Z,None,,,,false,false
,Overseas Trade Index q/q,NZD,2024-12-02T16:45:00Z,None,1.2%,2.1%,2.4%,false,false
,Monetary Base y/y,JPY,2024-12-02T18:50:00Z,None,0.2%,-0.3%,-0.3%,false,false
,BRC Retail Sales Monitor y/y,GBP,2024-12-02T19:01:00Z,None,0.7%,0.3%,-3.4%,false,false
,Current Account,AUD,2024-12-02T19:30:00Z,None,-10.3B,-16.4B,-14.1B,false,false
,10-y Bond Auction,JPY,2024-12-02T22:35:00Z,None,,1.00|3.1,1.08|3.1,false,false
,Omdia Total Vehicle Sales,USD,2024-12-03T00:00:00Z,None,16.0M,16.0M,16.5M,true,false
,CPI m/m,CHF,2024-12-03T02:30:00Z,High,-0.1%,-0.1%,-0.1%,false,false
,Spanish Unemployment Change,EUR,2024-12-03T03:00:00Z,None,29.3K,26.8K,-16.0K,false,false
,GDT Price Index,NZD,2024-12-03T09:44:00Z,None,,1.9%,1.2%,false,false
,JOLTS Job Openings,USD,2024-12-03T10:00:00Z,High,7.51M,7.37M,7.74M,false,false
,RCM/TIPP Economic Optimism,USD,2024-12-03T10:06:00Z,None,54.1,53.2,54.0,false,false
,French Gov Budget Balance,EUR,2024-12-03T10:52:00Z,None,,-173.8B,-157.4B,false,false
,FOMC Member Kugler Speaks,USD,2024-12-03T12:35:00Z,None,,,,false,false
,FOMC Member Goolsbee Speaks,USD,2024-12-03T15:45:00Z,None,,,,false,false
,API Weekly Statistical Bulletin,USD,2024-12-03T16:30:00Z,None,,,,false,false
,ANZ Commodity Prices m/m,NZD,2024-12-03T19:00:00Z,None,,1.4%,2.9%,false,false
,GDP q/q,AUD,2024-12-03T19:30:00Z,High,0.5%,0.2%,0.3%,false,false
,RBNZ Gov Orr Speaks,NZD,2024-12-03T20:00:00Z,None,,,,false,false
,RatingDog Services PMI,CNY,2024-12-03T20:45:00Z,None,52.4,52.0,51.5,false,false
,Spanish Services PMI,EUR,2024-12-04T03:15:00Z,None,53.4,54.9,53.1,false,false
,Italian Services PMI,EUR,2024-12-04T03:45:00Z,None,50.9,52.4,49.2,false,false
,French Final Services PMI,EUR,2024-12-04T03:50:00Z,None,45.7,45.7,46.9,false,false
,German Final Services PMI,EUR,2024-12-04T03:55:00Z,None,49.4,49.4,49.3,false,false
,Final Services PMI,EUR,2024-12-04T04:00:00Z,None,49.2,49.2,49.5,false,false
,BOE Gov Bailey Speaks,GBP,2024-12-04T04:00:00Z,None,,,,false,false
,Final Services PMI,GBP,2024-12-04T04:30:00Z,None,50.0,50.0,50.8,false,false
,PPI m/m,EUR,2024-12-04T05:00:00Z,None,0.4%,-0.6%,0.4%,false,false
,German 10-y Bond Auction,EUR,2024-12-04T05:33:00Z,None,,2.38|2.3,2.07|2.4,false,false
,ADP Non-Farm Employment Change,USD,2024-12-04T08:15:00Z,High,152K,184K,146K,false,false
,Labor Productivity q/q,CAD,2024-12-04T08:30:00Z,None,-0.2%,-0.1%,-0.4%,false,false
,ECB President Lagarde Speaks,EUR,2024-12-04T08:30:00Z,None,,,,false,false
,FOMC Member Musalem Speaks,USD,2024-12-04T08:45:00Z,None,,,,false,false
,Final Services PMI,USD,2024-12-04T09:45:00Z,None,57.0,57.0,56.1,false,false
,ISM Services PMI,USD,2024-12-04T10:00:00Z,High,55.7,56.0,52.1,false,false
,Factory Orders m/m,USD,2024-12-04T10:00:00Z,None,0.2%,-0.2%,0.2%,false,false
,Crude Oil Inventories,USD,2024-12-04T10:30:00Z,None,-1.6M,-1.8M,-5.1M,false,false
,German Buba President Nagel Speaks,EUR,2024-12-04T12:10:00Z,None,,,,false,false
,FOMC Member Powell Speaks,USD,2024-12-04T13:45:00Z,High,,,,false,false
,Beige Book,USD,2024-12-04T14:00:00Z,None,,,,false,false
,Goods Trade Balance,AUD,2024-12-04T19:30:00Z,None,4.53B,4.53B,5.95B,false,false
,Household Spending m/m,AUD,2024-12-04T19:30:00Z,None,,-0.2%,0.8%,false,false
,30-y Bond Auction,JPY,2024-12-04T22:35:00Z,None,,2.27|3.4,2.29|3.5,false,false
,OPEC-JMMC Meetings,All,2024-12-05T00:00:00Z,None,,,,true,false
,Unemployment Rate,CHF,2024-12-05T01:45:00Z,None,2.7%,2.6%,2.6%,false,false
,German Factory Orders m/m,EUR,2024-12-05T02:00:00Z,None,-2.0%,7.2%,-1.5%,false,false
,French Industrial Production m/m,EUR,2024-12-05T02:45:00Z,None,0.2%,-0.8%,-0.1%,false,false
,Construction PMI,GBP,2024-12-05T04:30:00Z,None,53.5,54.3,55.2,false,false
,Spanish 10-y Bond Auction,EUR,2024-12-05T04:37:00Z,None,,2.92|1.7,2.74|2.6,false,false
,Retail Sales m/m,EUR,2024-12-05T05:00:00Z,None,-0.3%,0.5%,-0.5%,false,false
,Challenger Job Cuts y/y,USD,2024-12-05T07:30:00Z,None,,50.9%,26.8%,false,false
,Trade Balance,CAD,2024-12-05T08:30:00Z,None,-1.0B,-1.3B,-0.9B,false,false
,Unemployment Claims,USD,2024-12-05T08:30:00Z,High,215K,215K,224K,false,false
,Trade Balance,USD,2024-12-05T08:30:00Z,None,-75.2B,-83.8B,-73.8B,false,false
,Natural Gas Storage,USD,2024-12-05T10:30:00Z,None,-38B,-2B,-30B,false,false
,MPC Member Greene Speaks,GBP,2024-12-05T12:00:00Z,None,,,,false,false
,Average Cash Earnings y/y,JPY,2024-12-05T18:30:00Z,None,2.6%,2.5%,2.6%,false,false
,Household Spending y/y,JPY,2024-12-05T18:30:00Z,None,-2.6%,-1.1%,-1.3%,false,false
,Leading Indicators,JPY,2024-12-06T00:00:00Z,None,108.9%,109.1%,108.6%,false,false
,German Industrial Production m/m,EUR,2024-12-06T02:00:00Z,None,1.0%,-2.0%,-1.0%,false,false
,Lloyds HPI m/m,GBP,2024-12-06T02:00:00Z,None,0.3%,0.2%,1.3%,false,false
,French Trade Balance,EUR,2024-12-06T02:45:00Z,None,-8.0B,-8.4B,-7.7B,false,false
,Foreign Currency Reserves,CHF,2024-12-06T03:00:00Z,None,,719B,725B,false,false
,Italian Retail Sales m/m,EUR,2024-12-06T04:01:00Z,None,0.9%,1.3%,-0.5%,false,false
,Final Employment Change q/q,EUR,2024-12-06T05:00:00Z,None,0.2%,0.2%,0.2%,false,false
,Revised GDP q/q,EUR,2024-12-06T05:00:00Z,None,0.4%,0.4%,0.4%,false,false
,Employment Change,CAD,2024-12-06T08:30:00Z,High,24.7K,14.5K,50.5K,false,false
,Unemployment Rate,CAD,2024-12-06T08:30:00Z,High,6.6%,6.5%,6.8%,false,false
,Average Hourly Earnings m/m,USD,2024-12-06T08:30:00Z,High,0.3%,0.4%,0.4%,false,false
,Non-Farm Employment Change,USD,2024-12-06T08:30:00Z,High,218K,36K,227K,false,false
,Unemployment Rate,USD,2024-12-06T08:30:00Z,High,4.1%,4.1%,4.2%,false,false
,FOMC Member Bowman Speaks,USD,2024-12-06T09:15:00Z,None,,,,false,false
,Ivey PMI,CAD,2024-12-06T10:00:00Z,None,53.1,52.0,52.3,false,false
,Prelim UoM Consumer Sentiment,USD,2024-12-06T10:00:00Z,None,73.3,71.8,74.0,false,false
,Prelim UoM Inflation Expectations,USD,2024-12-06T10:00:00Z,None,,2.6%,2.9%,false,false
,FOMC Member Goolsbee Speaks,USD,2024-12-06T10:30:00Z,None,,,,false,false
,FOMC Member Hammack Speaks,USD,2024-12-06T12:00:00Z,None,,,,false,false
,FOMC Member Daly Speaks,USD,2024-12-06T13:00:00Z,None,,,,false,false
,Consumer Credit m/m,USD,2024-12-06T15:00:00Z,None,10.4B,3.2B,19.2B,false,false
,Bank Lending y/y,JPY,2024-12-08T18:50:00Z,None,2.6%,2.6%,3.0%,false,false
,Current Account,JPY,2024-12-08T18:50:00Z,None,2.28T,1.27T,2.41T,false,false
,Final GDP Price Index y/y,JPY,2024-12-08T18:50:00Z,None,2.5%,2.5%,2.4%,false,false
,Final GDP q/q,JPY,2024-12-08T18:50:00Z,None,0.3%,0.2%,0.3%,false,false
,CPI y/y,CNY,2024-12-08T20:30:00Z,None,0.4%,0.3%,0.2%,false,false
,PPI y/y,CNY,2024-12-08T20:30:00Z,None,-2.8%,-2.9%,-2.5%,false,false
,Economy Watchers Sentiment,JPY,2024-12-09T00:00:00Z,None,47.3,47.5,49.4,false,false
,Eurogroup Meetings,EUR,2024-12-09T00:00:00Z,None,,,,true,false
,SECO Consumer Climate,CHF,2024-12-09T03:00:00Z,None,-38,-37,-37,false,false
,Sentix Investor Confidence,EUR,2024-12-09T04:30:00Z,None,-12.4,-12.8,-17.5,false,false
,MPC Member Ramsden Speaks,GBP,2024-12-09T08:00:00Z,None,,,,false,false
,Final Wholesale Inventories m/m,USD,2024-12-09T10:00:00Z,None,0.2%,0.2%,0.2%,false,false
,M2 Money Stock y/y,JPY,2024-12-09T18:50:00Z,None,1.2%,1.2%,1.2%,false,false
,NAB Business Confidence,AUD,2024-12-09T19:30:00Z,None,,5,-3,false,false
,USD-Denominated Trade Balance,CNY,2024-12-09T22:06:00Z,None,94.0B,95.7B,97.4B,false,false
,Trade Balance,CNY,2024-12-09T22:07:00Z,None,682B,679B,693B,false,false
,Cash Rate,AUD,2024-12-09T22:30:00Z,High,4.35%,4.35%,4.35%,false,false
,RBA Rate Statement,AUD,2024-12-09T22:30:00Z,High,,,,false,false
,RBA Press Conference,AUD,2024-12-09T23:30:00Z,None,,,,false,false
,ECOFIN Meetings,EUR,2024-12-10T00:00:00Z,None,,,,true,false
,OPEC Meetings,All,2024-12-10T00:00:00Z,None,,,,true,false
,Prelim Machine Tool Orders y/y,JPY,2024-12-10T00:58:00Z,None,,9.3%,3.0%,false,false
,German Final CPI m/m,EUR,2024-12-10T02:00:00Z,None,-0.2%,-0.2%,-0.2%,false,false
,Italian Industrial Production m/m,EUR,2024-12-10T04:00:00Z,None,-0.1%,-0.3%,0.0%,false,false
,NFIB Small Business Index,USD,2024-12-10T06:00:00Z,None,94.6,93.7,101.7,false,false
,Revised Nonfarm Productivity q/q,USD,2024-12-10T08:30:00Z,None,2.3%,2.2%,2.2%,false,false
,Revised Unit Labor Costs q/q,USD,2024-12-10T08:30:00Z,None,1.3%,1.9%,0.8%,false,false
,API Weekly Statistical Bulletin,USD,2024-12-10T16:30:00Z,None,,,,false,false
,Manufacturing Sales q/q,NZD,2024-12-10T16:45:00Z,None,,0.9%,-0.1%,false,false
,BSI Manufacturing Index,JPY,2024-12-10T18:50:00Z,None,1.8,4.5,6.3,false,false
,PPI y/y,JPY,2024-12-10T18:50:00Z,None,3.4%,3.6%,3.7%,false,false
,RBA Deputy Gov Hauser Speaks,AUD,2024-12-11T02:00:00Z,None,,,,false,false
,10-y Bond Auction,GBP,2024-12-11T05:05:00Z,None,,4.48|2.8,4.33|2.9,false,false
,Core CPI y/y,USD,2024-12-11T08:30:00Z,High,3.2%,3.3%,3.3%,false,false
,Core CPI m/m,USD,2024-12-11T08:30:00Z,High,0.3%,0.3%,0.3%,false,false
,CPI m/m,USD,2024-12-11T08:30:00Z,High,0.3%,0.2%,0.3%,false,false
,CPI y/y,USD,2024-12-11T08:30:00Z,High,2.7%,2.6%,2.7%,false,false
,BOC Rate Statement,CAD,2024-12-11T09:45:00Z,High,,,,false,false
,Overnight Rate,CAD,2024-12-11T09:45:00Z,High,3.25%,3.75%,3.25%,false,false
,BOC Press Conference,CAD,2024-12-11T10:30:00Z,High,,,,false,false
,Crude Oil Inventories,USD,2024-12-11T10:30:00Z,None,-1.0M,-5.1M,-1.4M,false,false
,10-y Bond Auction,USD,2024-12-11T13:01:00Z,None,,4.35|2.6,4.24|2.7,false,false
,Federal Budget Balance,USD,2024-12-11T14:00:00Z,None,-349.0B,-257.5B,-366.8B,false,false
,RBA Assist Gov Jones Speaks,AUD,2024-12-11T17:15:00Z,None,,,,false,false
,RICS House Price Balance,GBP,2024-12-11T19:01:00Z,None,19%,16%,25%,false,false
,Employment Change,AUD,2024-12-11T19:30:00Z,High,26.0K,12.1K,35.6K,false,false
,Unemployment Rate,AUD,2024-12-11T19:30:00Z,High,4.2%,4.1%,3.9%,false,false
,SNB Monetary Policy Assessment,CHF,2024-12-12T03:30:00Z,High,,,,false,false
,SNB Policy Rate,CHF,2024-12-12T03:30:00Z,High,0.75%,1.00%,0.50%,false,false
,SNB Press Conference,CHF,2024-12-12T04:00:00Z,High,,,,false,false
,Italian Quarterly Unemployment Rate,EUR,2024-12-12T04:00:00Z,None,6.6%,6.7%,6.1%,false,false
,Italian 10-y Bond Auction,EUR,2024-12-12T05:15:00Z,None,,3.39|1.6,3.19|2.1,false,false
,Main Refinancing Rate,EUR,2024-12-12T08:15:00Z,High,3.15%,3.40%,3.15%,false,false
,Monetary Policy Statement,EUR,2024-12-12T08:15:00Z,High,,,,false,false
,Building Permits m/m,CAD,2024-12-12T08:30:00Z,None,-4.8%,11.5%,-3.1%,false,false
,Core PPI m/m,USD,2024-12-12T08:30:00Z,High,0.2%,0.3%,0.2%,false,false
,PPI m/m,USD,2024-12-12T08:30:00Z,High,0.2%,0.3%,0.4%,false,false
,Unemployment Claims,USD,2024-12-12T08:30:00Z,High,221K,225K,242K,false,false
,ECB Press Conference,EUR,2024-12-12T08:45:00Z,High,,,,false,false
,CB Leading Index m/m,GBP,2024-12-12T09:30:00Z,None,,0.0%,0.0%,false,false
,Natural Gas Storage,USD,2024-12-12T10:30:00Z,None,-172B,-30B,-190B,false,false
,30-y Bond Auction,USD,2024-12-12T13:01:00Z,None,,4.61|2.6,4.54|2.4,false,false
,BusinessNZ Manufacturing Index,NZD,2024-12-12T16:30:00Z,None,,45.7,45.5,false,false
,Visitor Arrivals m/m,NZD,2024-12-12T16:45:00Z,None,,1.3%,0.6%,false,false
,Tankan Manufacturing Index,JPY,2024-12-12T18:50:00Z,None,13,13,14,false,false
,Tankan Non-Manufacturing Index,JPY,2024-12-12T18:50:00Z,None,33,34,33,false,false
,GfK Consumer Confidence,GBP,2024-12-12T19:01:00Z,None,-18,-18,-17,false,false
,RBA Assist Gov Hunter Speaks,AUD,2024-12-12T20:30:00Z,None,,,,false,false
,Revised Industrial Production m/m,JPY,2024-12-12T23:30:00Z,None,3.0%,3.0%,2.8%,false,false
,G7 Meetings,All,2024-12-13T00:00:00Z,None,,,,true,false
,German WPI m/m,EUR,2024-12-13T02:00:00Z,None,0.2%,0.4%,0.0%,false,false
,German Trade Balance,EUR,2024-12-13T02:00:00Z,None,15.7B,16.9B,13.4B,false,false
,Construction Output m/m,GBP,2024-12-13T02:00:00Z,None,0.2%,0.1%,-0.4%,false,false
,Goods Trade Balance,GBP,2024-12-13T02:00:00Z,None,-16.1B,-16.3B,-19.0B,false,false
,Index of Services 3m/3m,GBP,2024-12-13T02:00:00Z,None,0.2%,0.1%,0.1%,false,false
,Industrial Production m/m,GBP,2024-12-13T02:00:00Z,None,0.3%,-0.5%,-0.6%,false,false
,Manufacturing Production m/m,GBP,2024-12-13T02:00:00Z,None,0.2%,-1.0%,-0.6%,false,false
,GDP m/m,GBP,2024-12-13T02:00:00Z,High,0.1%,-0.1%,-0.1%,false,false
,French Final CPI m/m,EUR,2024-12-13T02:45:00Z,None,-0.1%,-0.1%,-0.1%,false,false
,Consumer Inflation Expectations,GBP,2024-12-13T04:30:00Z,None,,2.7%,3.0%,false,false
,German Buba Monthly Report,EUR,2024-12-13T05:00:00Z,None,,,,false,false
,Industrial Production m/m,EUR,2024-12-13T05:00:00Z,None,0.0%,-1.5%,0.0%,false,false
,M2 Money Supply y/y,CNY,2024-12-13T06:01:00Z,None,7.6%,7.5%,7.1%,false,false
,New Loans,CNY,2024-12-13T06:02:00Z,None,950B,500B,580B,false,false
,NIESR GDP Estimate,GBP,2024-12-13T07:32:00Z,None,,0.1%,0.0%,false,false
,Capacity Utilization Rate,CAD,2024-12-13T08:30:00Z,None,78.9%,79.1%,79.3%,false,false
,Manufacturing Sales m/m,CAD,2024-12-13T08:30:00Z,None,1.2%,-0.6%,2.1%,false,false
,Wholesale Sales m/m,CAD,2024-12-13T08:30:00Z,None,0.6%,1.3%,1.0%,false,false
,Import Prices m/m,USD,2024-12-13T08:30:00Z,None,-0.2%,0.1%,0.1%,false,false
,Foreign Direct Investment ytd/y,CNY,2024-12-14T23:23:00Z,None,,-29.8%,-27.9%,false,false
,BusinessNZ Services Index,NZD,2024-12-15T16:30:00Z,None,,46.2,49.5,false,false
,FPI m/m,NZD,2024-12-15T16:45:00Z,None,,-0.9%,-0.1%,false,false
,Flash Manufacturing PMI,AUD,2024-12-15T17:00:00Z,None,,49.4,48.2,false,false
,Flash Services PMI,AUD,2024-12-15T17:00:00Z,None,,50.5,50.4,false,false
,Core Machinery Orders m/m,JPY,2024-12-15T18:50:00Z,None,1.1%,-0.7%,2.1%,false,false
,Rightmove HPI m/m,GBP,2024-12-15T19:01:00Z,None,,-1.4%,-1.7%,false,false
,Flash Manufacturing PMI,JPY,2024-12-15T19:30:00Z,None,49.2,49.0,49.5,false,false
,New Home Prices m/m,CNY,2024-12-15T20:30:00Z,None,,-0.51%,-0.20%,false,false
,Industrial Production y/y,CNY,2024-12-15T21:00:00Z,None,5.4%,5.3%,5.4%,false,false
,Retail Sales y/y,CNY,2024-12-15T21:00:00Z,None,5.0%,4.8%,3.0%,false,false
,Fixed Asset Investment ytd/y,CNY,2024-12-15T21:00:00Z,None,3.5%,3.4%,3.3%,false,false
,NBS Press Conference,CNY,2024-12-15T21:00:00Z,None,,,,false,false
,Unemployment Rate,CNY,2024-12-15T21:00:00Z,None,5.0%,5.0%,5.0%,false,false
,Tertiary Industry Activity m/m,JPY,2024-12-15T23:30:00Z,None,-0.1%,-0.1%,0.3%,false,false
,PPI m/m,CHF,2024-12-16T02:30:00Z,None,0.2%,-0.3%,-0.6%,false,false
,French Flash Manufacturing PMI,EUR,2024-12-16T03:15:00Z,High,43.2,43.1,41.9,false,false
,French Flash Services PMI,EUR,2024-12-16T03:15:00Z,High,46.9,46.9,48.2,false,false
,ECB President Lagarde Speaks,EUR,2024-12-16T03:15:00Z,None,,,,false,false
,German Flash Services PMI,EUR,2024-12-16T03:30:00Z,High,49.5,49.3,51.0,false,false
,German Flash Manufacturing PMI,EUR,2024-12-16T03:30:00Z,High,43.1,43.0,42.5,false,false
,ECB President Lagarde Speaks,EUR,2024-12-16T03:35:00Z,None,,,,false,false
,Flash Services PMI,EUR,2024-12-16T04:00:00Z,None,49.5,49.5,51.4,false,false
,Flash Manufacturing PMI,EUR,2024-12-16T04:00:00Z,None,45.3,45.2,45.2,false,false
,Flash Services PMI,GBP,2024-12-16T04:30:00Z,High,50.9,50.8,51.4,false,false
,Flash Manufacturing PMI,GBP,2024-12-16T04:30:00Z,High,48.4,48.0,47.3,false,false
,Housing Starts,CAD,2024-12-16T08:15:00Z,None,246K,242K,262K,false,false
,Empire State Manufacturing Index,USD,2024-12-16T08:30:00Z,None,6.4,31.2,0.2,false,false
,Flash Services PMI,USD,2024-12-16T09:45:00Z,High,55.7,56.1,58.5,false,false
,Flash Manufacturing PMI,USD,2024-12-16T09:45:00Z,High,49.4,49.7,48.3,false,false
,BOC Gov Macklem Speaks,CAD,2024-12-16T15:20:00Z,High,,,,false,false
,Westpac Consumer Sentiment,AUD,2024-12-16T18:20:00Z,None,,5.3%,-2.0%,false,false
,Unemployment Rate,GBP,2024-12-17T02:00:00Z,None,4.3%,4.3%,4.3%,false,false
,Average Earnings Index 3m/y,GBP,2024-12-17T02:00:00Z,None,4.6%,4.4%,5.2%,false,false
,Claimant Count Change,GBP,2024-12-17T02:00:00Z,High,28.2K,-10.9K,0.3K,false,false
,SECO Economic Forecasts,CHF,2024-12-17T03:00:00Z,None,,,,false,false
,German ifo Business Climate,EUR,2024-12-17T04:00:00Z,None,85.5,85.6,84.7,false,false
,Italian Trade Balance,EUR,2024-12-17T04:00:00Z,None,3.22B,2.58B,5.15B,false,false
,German ZEW Economic Sentiment,EUR,2024-12-17T05:00:00Z,None,6.8,7.4,15.7,false,false
,Trade Balance,EUR,2024-12-17T05:00:00Z,None,11.7B,12.6B,6.1B,false,false
,ZEW Economic Sentiment,EUR,2024-12-17T05:00:00Z,None,12.2,12.5,17.0,false,false
,CPI m/m,CAD,2024-12-17T08:30:00Z,High,0.1%,0.4%,0.0%,false,false
,Median CPI y/y,CAD,2024-12-17T08:30:00Z,High,2.4%,2.6%,2.6%,false,false
,Trimmed CPI y/y,CAD,2024-12-17T08:30:00Z,High,2.6%,2.7%,2.7%,false,false
,Common CPI y/y,CAD,2024-12-17T08:30:00Z,None,2.1%,2.2%,2.0%,false,false
,Foreign Securities Purchases,CAD,2024-12-17T08:30:00Z,None,24.50B,29.65B,21.55B,false,false
,NHPI m/m,CAD,2024-12-17T08:30:00Z,None,0.1%,-0.4%,0.1%,false,false
,Core Retail Sales m/m,USD,2024-12-17T08:30:00Z,High,0.4%,0.2%,0.2%,false,false
,Retail Sales m/m,USD,2024-12-17T08:30:00Z,High,0.6%,0.5%,0.7%,false,false
,Core CPI m/m,CAD,2024-12-17T08:32:00Z,None,,0.4%,-0.1%,false,false
,CB Leading Index m/m,CNY,2024-12-17T09:00:00Z,None,,-0.3%,-0.1%,false,false
,Capacity Utilization Rate,USD,2024-12-17T09:15:00Z,None,77.3%,77.0%,76.8%,false,false
,Industrial Production m/m,USD,2024-12-17T09:15:00Z,None,0.3%,-0.4%,-0.1%,false,false
,GDT Price Index,NZD,2024-12-17T09:37:00Z,None,,1.2%,-2.8%,false,false
,Business Inventories m/m,USD,2024-12-17T10:00:00Z,None,0.2%,0.0%,0.1%,false,false
,NAHB Housing Market Index,USD,2024-12-17T10:00:00Z,None,47,46,46,false,false
,Westpac Consumer Sentiment,NZD,2024-12-17T15:00:00Z,None,,90.8,97.5,false,false
,API Weekly Statistical Bulletin,USD,2024-12-17T16:30:00Z,None,,,,false,false
,Current Account,NZD,2024-12-17T16:45:00Z,None,-10.45B,-4.70B,-10.58B,false,false
,MI Leading Index m/m,AUD,2024-12-17T18:30:00Z,None,,0.2%,0.1%,false,false
,Trade Balance,JPY,2024-12-17T18:50:00Z,None,-0.45T,-0.23T,-0.38T,false,false
,Mid-Year Economic and Fiscal Outlook,AUD,2024-12-17T19:00:00Z,None,,,,false,false
,CPI y/y,GBP,2024-12-18T02:00:00Z,High,2.6%,2.3%,2.6%,false,false
,Core CPI y/y,GBP,2024-12-18T02:00:00Z,None,3.6%,3.3%,3.5%,false,false
,PPI Input m/m,GBP,2024-12-18T02:00:00Z,None,0.2%,0.1%,0.0%,false,false
,PPI Output m/m,GBP,2024-12-18T02:00:00Z,None,0.2%,-0.1%,0.3%,false,false
,RPI y/y,GBP,2024-12-18T02:00:00Z,None,3.7%,3.4%,3.6%,false,false
,German Buba President Nagel Speaks,EUR,2024-12-18T04:30:00Z,None,,,,false,false
,HPI y/y,GBP,2024-12-18T04:30:00Z,None,3.1%,2.8%,3.4%,false,false
,Final CPI y/y,EUR,2024-12-18T05:00:00Z,None,2.3%,2.3%,2.2%,false,false
,Final Core CPI y/y,EUR,2024-12-18T05:00:00Z,None,2.7%,2.7%,2.7%,false,false
,CBI Industrial Order Expectations,GBP,2024-12-18T06:00:00Z,None,-22,-19,-40,false,false
,Building Permits,USD,2024-12-18T08:30:00Z,None,1.43M,1.42M,1.51M,false,false
,Current Account,USD,2024-12-18T08:30:00Z,None,-286B,-275B,-311B,false,false
,Housing Starts,USD,2024-12-18T08:30:00Z,None,1.35M,1.31M,1.29M,false,false
,SNB Quarterly Bulletin,CHF,2024-12-18T09:00:00Z,None,,,,false,false
,Crude Oil Inventories,USD,2024-12-18T10:30:00Z,None,-1.6M,-1.4M,-0.9M,false,false
,Federal Funds Rate,USD,2024-12-18T14:00:00Z,High,4.50%,4.75%,4.50%,false,false
,FOMC Economic Projections,USD,2024-12-18T14:00:00Z,High,,,,false,false
,FOMC Statement,USD,2024-12-18T14:00:00Z,High,,,,false,false
,FOMC Press Conference,USD,2024-12-18T14:30:00Z,High,,,,false,false
,GDP q/q,NZD,2024-12-18T16:45:00Z,High,-0.2%,-1.1%,-1.0%,false,false
,MI Inflation Expectations,AUD,2024-12-18T19:00:00Z,None,,3.8%,4.2%,false,false
,ANZ Business Confidence,NZD,2024-12-18T19:00:00Z,None,,64.9,62.3,false,false
,BOJ Policy Rate,JPY,2024-12-18T21:52:00Z,High,<0.25%,<0.25%,<0.25%,false,false
,Monetary Policy Statement,JPY,2024-12-18T21:52:00Z,High,,,,false,false
,BOJ Press Conference,JPY,2024-12-19T01:30:00Z,High,,,,false,false
,Trade Balance,CHF,2024-12-19T02:00:00Z,None,6.20B,8.03B,5.42B,false,false
,German GfK Consumer Climate,EUR,2024-12-19T02:00:00Z,None,-22.6,-23.1,-21.3,false,false
,Current Account,EUR,2024-12-19T04:02:00Z,None,33.5B,38.8B,25.8B,false,false
,Monetary Policy Summary,GBP,2024-12-19T07:00:00Z,High,,,,false,false
,MPC Official Bank Rate Votes,GBP,2024-12-19T07:00:00Z,High,0-2-7,0-8-1,0-3-6,false,false
,Official Bank Rate,GBP,2024-12-19T07:00:00Z,High,4.75%,4.75%,4.75%,false,false
,Philly Fed Manufacturing Index,USD,2024-12-19T08:30:00Z,None,2.9,-5.5,-16.4,false,false
,Unemployment Claims,USD,2024-12-19T08:30:00Z,High,229K,242K,220K,false,false
,Final GDP Price Index q/q,USD,2024-12-19T08:30:00Z,None,1.9%,1.9%,1.9%,false,false
,Final GDP q/q,USD,2024-12-19T08:30:00Z,High,2.8%,2.8%,3.1%,false,false
,Existing Home Sales,USD,2024-12-19T10:00:00Z,None,4.09M,3.96M,4.15M,false,false
,CB Leading Index m/m,USD,2024-12-19T10:00:00Z,None,-0.1%,-0.4%,0.3%,false,false
,Natural Gas Storage,USD,2024-12-19T10:30:00Z,None,-123B,-190B,-125B,false,false
,TIC Long-Term Purchases,USD,2024-12-19T16:00:00Z,None,154.3B,216.1B,152.3B,false,false
,Trade Balance,NZD,2024-12-19T16:45:00Z,None,-1951M,-1658M,-437M,false,false
,National Core CPI y/y,JPY,2024-12-19T18:30:00Z,None,2.6%,2.3%,2.7%,false,false
,Private Sector Credit m/m,AUD,2024-12-19T19:30:00Z,None,0.5%,0.6%,0.5%,false,false
,1-y Loan Prime Rate,CNY,2024-12-19T20:00:00Z,None,3.10%,3.10%,3.10%,false,false
,5-y Loan Prime Rate,CNY,2024-12-19T20:00:00Z,None,3.60%,3.60%,3.60%,false,false
,Credit Card Spending y/y,NZD,2024-12-19T21:00:00Z,None,,0.3%,-3.2%,false,false
,German PPI m/m,EUR,2024-12-20T02:00:00Z,None,0.3%,0.2%,0.5%,false,false
,Retail Sales m/m,GBP,2024-12-20T02:00:00Z,High,0.5%,-0.7%,0.2%,false,false
,Public Sector Net Borrowing,GBP,2024-12-20T02:00:00Z,None,15.5B,18.2B,11.2B,false,false
,CBI Realized Sales,GBP,2024-12-20T06:00:00Z,None,-9,-18,-15,false,false
,FOMC Member Daly Speaks,USD,2024-12-20T07:30:00Z,None,,,,false,false
,Core Retail Sales m/m,CAD,2024-12-20T08:30:00Z,High,0.2%,1.1%,0.1%,false,false
,Retail Sales m/m,CAD,2024-12-20T08:30:00Z,High,0.7%,0.6%,0.6%,false,false
,Core PCE Price Index m/m,USD,2024-12-20T08:30:00Z,High,0.2%,0.3%,0.1%,false,false
,Personal Income m/m,USD,2024-12-20T08:30:00Z,None,0.4%,0.7%,0.3%,false,false
,Personal Spending m/m,USD,2024-12-20T08:30:00Z,None,0.5%,0.3%,0.4%,false,false
,Belgian NBB Business Climate,EUR,2024-12-20T08:48:00Z,None,-11.7,-11.1,-13.8,false,false
,Consumer Confidence,EUR,2024-12-20T10:00:00Z,None,-14,-14,-15,false,false
,Revised UoM Consumer Sentiment,USD,2024-12-20T10:00:00Z,None,74.1,74.0,74.0,false,false
,Revised UoM Inflation Expectations,USD,2024-12-20T10:00:00Z,None,,2.9%,2.8%,false,false
,CB Leading Index m/m,AUD,2024-12-20T11:30:00Z,None,,0.2%,0.2%,false,false
,Final GDP q/q,GBP,2024-12-23T02:00:00Z,None,0.1%,0.1%,0.0%,false,false
,German Import Prices m/m,EUR,2024-12-23T02:00:00Z,None,0.5%,0.6%,0.9%,false,false
,Current Account,GBP,2024-12-23T02:00:00Z,None,-22.9B,-24.0B,-18.1B,false,false
,Revised Business Investment q/q,GBP,2024-12-23T02:00:00Z,None,1.2%,1.2%,1.9%,false,false
,UBS Economic Expectations,CHF,2024-12-23T04:00:00Z,None,,-12.4,-20.0,false,false
,GDP m/m,CAD,2024-12-23T08:30:00Z,High,0.2%,0.2%,0.3%,false,false
,IPPI m/m,CAD,2024-12-23T08:30:00Z,None,0.3%,1.2%,0.6%,false,false
,RMPI m/m,CAD,2024-12-23T08:30:00Z,None,0.4%,4.0%,-0.5%,false,false
,Core Durable Goods Orders m/m,USD,2024-12-23T08:30:00Z,None,0.3%,0.2%,-0.1%,false,false
,Durable Goods Orders m/m,USD,2024-12-23T08:30:00Z,None,-0.3%,0.3%,-1.1%,false,false
,CB Consumer Confidence,USD,2024-12-23T10:00:00Z,None,112.9,112.8,104.7,false,false
,New Home Sales,USD,2024-12-23T10:00:00Z,None,666K,627K,664K,false,false
,BOC Summary of Deliberations,CAD,2024-12-23T13:30:00Z,None,,,,false,false
,Monetary Policy Meeting Minutes,JPY,2024-12-23T18:50:00Z,None,,,,false,false
,Monetary Policy Meeting Minutes,AUD,2024-12-23T19:30:00Z,None,,,,false,false
,BOJ Core CPI y/y,JPY,2024-12-23T23:59:00Z,None,1.5%,1.5%,1.7%,false,false
,German Bank Holiday,EUR,2024-12-24T00:00:00Z,None,,,,true,false
,Bank Holiday,NZD,2024-12-24T00:00:00Z,None,,,,true,false
,Bank Holiday,AUD,2024-12-24T00:00:00Z,None,,,,true,false
,Richmond Manufacturing Index,USD,2024-12-24T09:59:00Z,None,-10,-14,-10,false,false
,API Weekly Statistical Bulletin,USD,2024-12-24T16:30:00Z,None,,,,false,false
,SPPI y/y,JPY,2024-12-24T18:50:00Z,None,3.0%,2.9%,3.0%,false,false
,BOJ Gov Ueda Speaks,JPY,2024-12-24T23:17:00Z,None,,,,false,false
,Bank Holiday,AUD,2024-12-25T00:00:00Z,None,,,,true,false
,Bank Holiday,CHF,2024-12-25T00:00:00Z,None,,,,true,false
,French Bank Holiday,EUR,2024-12-25T00:00:00Z,None,,,,true,false
,Bank Holiday,GBP,2024-12-25T00:00:00Z,None,,,,true,false
,German Bank Holiday,EUR,2024-12-25T00:00:00Z,None,,,,true,false
,Italian Bank Holiday,EUR,2024-12-25T00:00:00Z,None,,,,true,false
,Bank Holiday,CAD,2024-12-25T00:00:00Z,None,,,,true,false
,Bank Holiday,USD,2024-12-25T00:00:00Z,None,,,,true,false
,Bank Holiday,NZD,2024-12-25T00:00:00Z,None,,,,true,false
,German Bank Holiday,EUR,2024-12-26T00:00:00Z,None,,,,true,false
,Bank Holiday,GBP,2024-12-26T00:00:00Z,None,,,,true,false
,Italian Bank Holiday,EUR,2024-12-26T00:00:00Z,None,,,,true,false
,Bank Holiday,CAD,2024-12-26T00:00:00Z,None,,,,true,false
,Bank Holiday,CHF,2024-12-26T00:00:00Z,None,,,,true,false
,Unemployment Claims,USD,2024-12-26T08:30:00Z,High,223K,220K,219K,false,false
,Tokyo Core CPI y/y,JPY,2024-12-26T18:30:00Z,None,2.5%,2.2%,2.4%,false,false
,Unemployment Rate,JPY,2024-12-26T18:30:00Z,None,2.5%,2.5%,2.5%,false,false
,BOJ Summary of Opinions,JPY,2024-12-26T18:50:00Z,None,,,,false,false
,Retail Sales y/y,JPY,2024-12-26T18:50:00Z,None,1.5%,1.3%,2.8%,false,false
,Prelim Industrial Production m/m,JPY,2024-12-26T18:50:00Z,None,-3.4%,2.8%,-2.3%,false,false
,Housing Starts y/y,JPY,2024-12-27T00:00:00Z,None,-0.1%,-2.9%,-1.8%,false,false
,Goods Trade Balance,USD,2024-12-27T08:30:00Z,None,-101.3B,-98.3B,-102.9B,false,false
,Prelim Wholesale Inventories m/m,USD,2024-12-27T08:30:00Z,None,0.1%,0.1%,-0.2%,false,false
,Natural Gas Storage,USD,2024-12-27T10:30:00Z,None,-100B,-125B,-93B,false,false
,Crude Oil Inventories,USD,2024-12-27T13:00:00Z,None,-0.7M,-0.9M,-4.2M,false,false
,Final Manufacturing PMI,JPY,2024-12-29T19:30:00Z,None,49.5,49.5,49.6,false,false
,Bank Holiday,JPY,2024-12-30T00:00:00Z,None,,,,true,false
,Spanish Flash CPI y/y,EUR,2024-12-30T03:00:00Z,None,2.6%,2.4%,2.8%,false,false
,KOF Economic Barometer,CHF,2024-12-30T03:00:00Z,None,101.1,102.9,99.5,false,false
,Chicago PMI,USD,2024-12-30T09:45:00Z,None,42.7,40.2,36.9,false,false
,Pending Home Sales m/m,USD,2024-12-30T10:00:00Z,None,0.9%,1.8%,2.2%,false,false
,Non-Manufacturing PMI,CNY,2024-12-30T20:30:00Z,None,50.2,50.0,52.2,false,false
,Manufacturing PMI,CNY,2024-12-30T20:30:00Z,High,50.3,50.3,50.1,false,false
,Bank Holiday,CNY,2024-12-31T00:00:00Z,None,,,,true,false
,Bank Holiday,JPY,2024-12-31T00:00:00Z,None,,,,true,false
,Bank Holiday,AUD,2024-12-31T00:00:00Z,None,,,,true,false
,Bank Holiday,NZD,2024-12-31T00:00:00Z,None,,,,true,false
,German Bank Holiday,EUR,2024-12-31T00:00:00Z,None,,,,true,false
,HPI m/m,USD,2024-12-31T09:00:00Z,None,0.5%,0.7%,0.4%,false,false
,S&P/CS Composite-20 HPI y/y,USD,2024-12-31T09:00:00Z,None,4.1%,4.6%,4.2%,false,false
,API Weekly Statistical Bulletin,USD,2024-12-31T16:30:00Z,None,,,,false,false
