id,title,currency,date,impact,forecast,previous,actual,all_day,tentative
,Bank Holiday,NZD,2020-01-01T00:00:00Z,None,,,,true,false
,Bank Holiday,JPY,2020-01-01T00:00:00Z,None,,,,true,false
,Italian Bank Holiday,EUR,2020-01-01T00:00:00Z,None,,,,true,false
,Bank Holiday,GBP,2020-01-01T00:00:00Z,None,,,,true,false
,Bank Holiday,CAD,2020-01-01T00:00:00Z,None,,,,true,false
,Bank Holiday,USD,2020-01-01T00:00:00Z,None,,,,true,false
,German Bank Holiday,EUR,2020-01-01T00:00:00Z,None,,,,true,false
,Bank Holiday,CHF,2020-01-01T00:00:00Z,None,,,,true,false
,French Bank Holiday,EUR,2020-01-01T00:00:00Z,None,,,,true,false
,RatingDog Manufacturing PMI,CNY,2020-01-01T20:45:00Z,High,51.7,51.8,51.5,false,false
,Bank Holiday,CHF,2020-01-02T00:00:00Z,None,,,,true,false
,Bank Holiday,JPY,2020-01-02T00:00:00Z,None,,,,true,false
,Commodity Prices y/y,AUD,2020-01-02T00:30:00Z,None,,-4.7%,-2.1%,false,false
,Spanish Manufacturing PMI,EUR,2020-01-02T03:15:00Z,None,46.9,47.5,47.4,false,false
,Italian Manufacturing PMI,EUR,2020-01-02T03:45:00Z,None,47.3,47.6,46.2,false,false
,French Final Manufacturing PMI,EUR,2020-01-02T03:50:00Z,None,50.3,50.3,50.4,false,false
,German Final Manufacturing PMI,EUR,2020-01-02T03:55:00Z,None,43.4,43.4,43.7,false,false
,Final Manufacturing PMI,EUR,2020-01-02T04:00:00Z,None,45.9,45.9,46.3,false,false
,Final Manufacturing PMI,GBP,2020-01-02T04:30:00Z,None,47.6,47.4,47.5,false,false
,Challenger Job Cuts y/y,USD,2020-01-02T07:30:00Z,None,,-16.0%,-25.2%,false,false
,Unemployment Claims,USD,2020-01-02T08:30:00Z,None,222K,224K,222K,false,false
,Manufacturing PMI,CAD,2020-01-02T09:30:00Z,None,,51.4,50.4,false,false
,Final Manufacturing PMI,USD,2020-01-02T09:45:00Z,None,52.5,52.5,52.4,false,false
,BRC Shop Price Index y/y,GBP,2020-01-02T19:01:00Z,None,,-0.5%,-0.4%,false,false
,Omdia Total Vehicle Sales,USD,2020-01-03T00:00:00Z,None,17.0M,17.1M,16.7M,true,false
,German Prelim CPI m/m,EUR,2020-01-03T00:00:00Z,None,0.4%,-0.8%,0.5%,true,false
,Nationwide HPI m/m,GBP,2020-01-03T02:00:00Z,None,0.0%,0.5%,0.1%,false,false
,French Prelim CPI m/m,EUR,2020-01-03T02:45:00Z,None,0.3%,0.1%,0.4%,false,false
,Spanish Unemployment Change,EUR,2020-01-03T03:00:00Z,None,-40.2K,20.5K,-34.6K,false,false
,Manufacturing PMI,CHF,2020-01-03T03:30:00Z,None,48.7,48.8,50.2,false,false
,German Unemployment Change,EUR,2020-01-03T03:55:00Z,None,3K,-14K,8K,false,false
,M3 Money Supply y/y,EUR,2020-01-03T04:00:00Z,None,5.7%,5.7%,5.6%,false,false
,Private Loans y/y,EUR,2020-01-03T04:00:00Z,None,3.6%,3.5%,3.5%,false,false
,Construction PMI,GBP,2020-01-03T04:30:00Z,None,45.8,45.3,44.4,false,false
,M4 Money Supply m/m,GBP,2020-01-03T04:30:00Z,None,0.2%,0.0%,0.8%,false,false
,Mortgage Approvals,GBP,2020-01-03T04:30:00Z,None,65K,65K,65K,false,false
,Net Lending to Individuals m/m,GBP,2020-01-03T04:30:00Z,None,5.1B,5.6B,4.5B,false,false
,ISM Manufacturing PMI,USD,2020-01-03T10:00:00Z,High,49.0,48.1,47.2,false,false
,ISM Manufacturing Prices,USD,2020-01-03T10:00:00Z,None,47.7,46.7,51.7,false,false
,Construction Spending m/m,USD,2020-01-03T10:00:00Z,None,0.4%,0.1%,0.6%,false,false
,Natural Gas Storage,USD,2020-01-03T10:30:00Z,None,-60B,-161B,-58B,false,false
,Crude Oil Inventories,USD,2020-01-03T11:00:00Z,None,-3.1M,-5.5M,-11.5M,false,false
,Gov Council Member Wilkins Speaks,CAD,2020-01-03T13:15:00Z,None,,,,false,false
,FOMC Member Brainard Speaks,USD,2020-01-03T13:15:00Z,None,,,,false,false
,FOMC Meeting Minutes,USD,2020-01-03T14:00:00Z,High,,,,false,false
,FOMC Member Kaplan Speaks,USD,2020-01-03T15:30:00Z,None,,,,false,false
,Gov Council Member Wilkins Speaks,CAD,2020-01-05T13:15:00Z,None,,,,false,false
,FOMC Member Williams Speaks,USD,2020-01-05T13:15:00Z,None,,,,false,false
,MPC Member Broadbent Speaks,GBP,2020-01-05T13:15:00Z,None,,,,false,false
,AIG Manufacturing Index,AUD,2020-01-05T16:30:00Z,None,,48.1,48.3,false,false
,Final Manufacturing PMI,JPY,2020-01-05T19:30:00Z,None,48.8,48.8,48.4,false,false
,RatingDog Services PMI,CNY,2020-01-05T20:45:00Z,None,53.2,53.5,52.5,false,false
,Italian Bank Holiday,EUR,2020-01-06T00:00:00Z,None,,,,true,false
,German Retail Sales m/m,EUR,2020-01-06T02:00:00Z,None,1.1%,-1.3%,2.1%,false,false
,Spanish Services PMI,EUR,2020-01-06T03:15:00Z,None,53.9,53.2,54.9,false,false
,Italian Services PMI,EUR,2020-01-06T03:45:00Z,None,50.9,50.4,51.1,false,false
,French Final Services PMI,EUR,2020-01-06T03:50:00Z,None,52.4,52.4,52.4,false,false
,German Final Services PMI,EUR,2020-01-06T03:55:00Z,None,52.0,52.0,52.9,false,false
,Final Services PMI,EUR,2020-01-06T04:00:00Z,None,52.4,52.4,52.8,false,false
,Sentix Investor Confidence,EUR,2020-01-06T04:30:00Z,None,3.0,0.7,7.6,false,false
,Final Services PMI,GBP,2020-01-06T04:30:00Z,None,49.1,49.0,50.0,false,false
,PPI m/m,EUR,2020-01-06T05:00:00Z,None,0.1%,0.0%,0.2%,false,false
,RMPI m/m,CAD,2020-01-06T08:30:00Z,None,1.5%,-1.9%,1.5%,false,false
,IPPI m/m,CAD,2020-01-06T08:30:00Z,None,0.4%,0.0%,0.1%,false,false
,Final Services PMI,USD,2020-01-06T09:45:00Z,None,52.2,52.2,52.8,false,false
,Monetary Base y/y,JPY,2020-01-06T18:50:00Z,None,3.6%,3.3%,3.2%,false,false
,ANZ Job Advertisements m/m,AUD,2020-01-06T19:30:00Z,None,,-1.8%,-6.7%,false,false
,10-y Bond Auction,JPY,2020-01-06T22:35:00Z,None,,-0.04|3.3,-0.01|3.7,false,false
,CPI m/m,CHF,2020-01-07T02:30:00Z,None,-0.1%,-0.1%,0.0%,false,false
,Housing Equity Withdrawal q/q,GBP,2020-01-07T04:55:00Z,None,-7.2B,-7.6B,-6.3B,false,false
,CPI Flash Estimate y/y,EUR,2020-01-07T05:00:00Z,None,1.3%,1.0%,1.3%,false,false
,Core CPI Flash Estimate y/y,EUR,2020-01-07T05:00:00Z,None,1.3%,1.3%,1.3%,false,false
,Italian Prelim CPI m/m,EUR,2020-01-07T05:00:00Z,None,0.2%,-0.2%,0.2%,false,false
,Retail Sales m/m,EUR,2020-01-07T05:00:00Z,None,0.6%,-0.3%,1.0%,false,false
,10-y Bond Auction,GBP,2020-01-07T05:34:00Z,None,,0.74|2.2,0.79|2.5,false,false
,Trade Balance,CAD,2020-01-07T08:30:00Z,None,-0.8B,-1.6B,-1.1B,false,false
,Trade Balance,USD,2020-01-07T08:30:00Z,None,-44.5B,-46.9B,-43.1B,false,false
,GDT Price Index,NZD,2020-01-07T09:37:00Z,None,,-5.1%,2.8%,false,false
,Ivey PMI,CAD,2020-01-07T10:00:00Z,None,60.2,60.0,51.9,false,false
,ISM Services PMI,USD,2020-01-07T10:00:00Z,High,54.5,53.9,55.0,false,false
,Factory Orders m/m,USD,2020-01-07T10:00:00Z,None,-0.6%,0.2%,-0.7%,false,false
,AIG Construction Index,AUD,2020-01-07T16:30:00Z,None,,40.0,38.9,false,false
,API Weekly Statistical Bulletin,USD,2020-01-07T16:30:00Z,None,,,,false,false
,Average Cash Earnings y/y,JPY,2020-01-07T18:30:00Z,None,-0.2%,0.0%,-0.2%,false,false
,Building Approvals m/m,AUD,2020-01-07T19:30:00Z,High,2.1%,-7.9%,11.8%,false,false
,Consumer Confidence,JPY,2020-01-08T00:02:00Z,None,39.6,38.7,39.1,false,false
,German Factory Orders m/m,EUR,2020-01-08T02:00:00Z,None,0.2%,0.2%,-1.3%,false,false
,French Trade Balance,EUR,2020-01-08T02:45:00Z,None,-5.0B,-4.9B,-5.6B,false,false
,Lloyds HPI m/m,GBP,2020-01-08T03:30:00Z,None,0.6%,1.2%,1.7%,false,false
,German 10-y Bond Auction,EUR,2020-01-08T05:36:00Z,None,,-0.33|1.9,-0.25|1.2,false,false
,ADP Non-Farm Employment Change,USD,2020-01-08T08:15:00Z,High,160K,124K,202K,false,false
,FOMC Member Brainard Speaks,USD,2020-01-08T10:00:00Z,None,,,,false,false
,Crude Oil Inventories,USD,2020-01-08T10:30:00Z,None,-3.4M,-11.5M,1.2M,false,false
,President Trump Speaks,USD,2020-01-08T11:26:00Z,High,,,,false,false
,10-y Bond Auction,USD,2020-01-08T13:01:00Z,None,,1.84|2.4,1.87|2.4,false,false
,Consumer Credit m/m,USD,2020-01-08T15:00:00Z,None,15.5B,19.0B,12.5B,false,false
,ANZ Commodity Prices m/m,NZD,2020-01-08T19:00:00Z,None,,4.3%,-2.8%,false,false
,BRC Retail Sales Monitor y/y,GBP,2020-01-08T19:01:00Z,None,-0.5%,-4.9%,1.7%,false,false
,Goods Trade Balance,AUD,2020-01-08T19:30:00Z,High,4.10B,4.08B,5.80B,false,false
,CPI y/y,CNY,2020-01-08T20:30:00Z,None,4.7%,4.5%,4.5%,false,false
,PPI y/y,CNY,2020-01-08T20:30:00Z,None,-0.4%,-1.4%,-0.5%,false,false
,30-y Bond Auction,JPY,2020-01-08T22:35:00Z,None,,0.43|3.7,0.43|3.7,false,false
,German Industrial Production m/m,EUR,2020-01-09T02:00:00Z,None,0.9%,-1.0%,1.1%,false,false
,German Trade Balance,EUR,2020-01-09T02:00:00Z,None,20.9B,20.4B,18.3B,false,false
,Retail Sales y/y,CHF,2020-01-09T02:30:00Z,None,0.5%,0.4%,0.0%,false,false
,Foreign Currency Reserves,CHF,2020-01-09T03:00:00Z,None,,783B,771B,false,false
,Italian Monthly Unemployment Rate,EUR,2020-01-09T04:00:00Z,None,9.8%,9.7%,9.7%,false,false
,BOE Gov Carney Speaks,GBP,2020-01-09T04:30:00Z,High,,,,false,false
,Unemployment Rate,EUR,2020-01-09T05:00:00Z,None,7.5%,7.5%,7.5%,false,false
,French 10-y Bond Auction,EUR,2020-01-09T05:04:00Z,None,,-0.08|2.0,0.04|1.7,false,false
,FOMC Member Clarida Speaks,USD,2020-01-09T08:00:00Z,None,,,,false,false
,Housing Starts,CAD,2020-01-09T08:13:00Z,None,212K,204K,197K,false,false
,Building Permits m/m,CAD,2020-01-09T08:30:00Z,None,1.0%,-1.5%,-2.4%,false,false
,Unemployment Claims,USD,2020-01-09T08:30:00Z,None,221K,223K,214K,false,false
,FOMC Member Kashkari Speaks,USD,2020-01-09T09:30:00Z,None,,,,false,false
,Natural Gas Storage,USD,2020-01-09T10:30:00Z,None,-51B,-58B,-44B,false,false
,FOMC Member Williams Speaks,USD,2020-01-09T11:30:00Z,None,,,,false,false
,30-y Bond Auction,USD,2020-01-09T13:01:00Z,None,,2.31|2.5,2.34|2.5,false,false
,BOC Gov Poloz Speaks,CAD,2020-01-09T13:45:00Z,High,,,,false,false
,German Buba President Weidmann Speaks,EUR,2020-01-09T14:10:00Z,None,,,,false,false
,AIG Services Index,AUD,2020-01-09T16:30:00Z,None,,53.7,48.7,false,false
,Household Spending y/y,JPY,2020-01-09T18:30:00Z,None,-2.0%,-5.1%,-2.0%,false,false
,Retail Sales m/m,AUD,2020-01-09T19:30:00Z,High,0.4%,0.1%,0.9%,false,false
,Leading Indicators,JPY,2020-01-10T00:00:00Z,None,90.9%,91.6%,90.9%,false,false
,Unemployment Rate,CHF,2020-01-10T01:45:00Z,None,2.3%,2.3%,2.3%,false,false
,French Industrial Production m/m,EUR,2020-01-10T02:45:00Z,None,0.1%,0.5%,0.3%,false,false
,Italian Industrial Production m/m,EUR,2020-01-10T04:00:00Z,None,0.0%,-0.3%,0.1%,false,false
,MPC Member Tenreyro Speaks,GBP,2020-01-10T04:30:00Z,None,,,,false,false
,Unemployment Rate,CAD,2020-01-10T08:30:00Z,High,5.8%,5.9%,5.6%,false,false
,Average Hourly Earnings m/m,USD,2020-01-10T08:30:00Z,High,0.3%,0.3%,0.1%,false,false
,Non-Farm Employment Change,USD,2020-01-10T08:30:00Z,High,162K,256K,145K,false,false
,Unemployment Rate,USD,2020-01-10T08:30:00Z,High,3.5%,3.5%,3.5%,false,false
,Employment Change,CAD,2020-01-10T08:30:00Z,High,24.9K,-71.2K,35.2K,false,false
,Final Wholesale Inventories m/m,USD,2020-01-10T10:00:00Z,None,0.0%,0.0%,-0.1%,false,false
,Bank Holiday,JPY,2020-01-12T00:00:00Z,None,,,,true,false
,MI Inflation Gauge m/m,AUD,2020-01-12T19:00:00Z,None,,0.0%,0.3%,false,false
,German WPI m/m,EUR,2020-01-13T02:00:00Z,None,0.2%,-0.1%,0.0%,false,false
,Italian Retail Sales m/m,EUR,2020-01-13T04:00:00Z,None,0.1%,-0.3%,-0.2%,false,false
,Index of Services 3m/3m,GBP,2020-01-13T04:30:00Z,None,0.2%,0.3%,0.1%,false,false
,Goods Trade Balance,GBP,2020-01-13T04:30:00Z,None,-11.8B,-10.9B,-5.3B,false,false
,GDP m/m,GBP,2020-01-13T04:30:00Z,None,0.0%,0.1%,-0.3%,false,false
,Manufacturing Production m/m,GBP,2020-01-13T04:30:00Z,None,-0.3%,0.5%,-1.7%,false,false
,Construction Output m/m,GBP,2020-01-13T04:30:00Z,None,0.6%,-2.2%,1.9%,false,false
,Industrial Production m/m,GBP,2020-01-13T04:30:00Z,None,-0.1%,0.4%,-1.2%,false,false
,NIESR GDP Estimate,GBP,2020-01-13T09:49:00Z,None,,0.1%,0.0%,false,false
,BOC Business Outlook Survey,CAD,2020-01-13T10:30:00Z,High,,,,false,false
,Federal Budget Balance,USD,2020-01-13T14:00:00Z,None,5.0B,-208.8B,-13.3B,false,false
,NZIER Business Confidence,NZD,2020-01-13T16:00:00Z,High,,-40,-21,false,false
,Building Consents m/m,NZD,2020-01-13T16:45:00Z,None,,-1.3%,-8.5%,false,false
,Treasury Currency Report,USD,2020-01-13T17:00:00Z,None,,,,false,false
,Bank Lending y/y,JPY,2020-01-13T18:50:00Z,None,2.1%,2.1%,1.8%,false,false
,Current Account,JPY,2020-01-13T18:50:00Z,None,1.78T,1.73T,1.79T,false,false
,USD-Denominated Trade Balance,CNY,2020-01-13T22:24:00Z,None,45.8B,38.7B,46.8B,false,false
,Trade Balance,CNY,2020-01-13T22:25:00Z,None,315B,274B,329B,false,false
,Economy Watchers Sentiment,JPY,2020-01-14T00:00:00Z,None,40.9,39.4,39.8,false,false
,NFIB Small Business Index,USD,2020-01-14T05:50:00Z,None,104.9,104.7,102.7,false,false
,Core CPI m/m,USD,2020-01-14T08:30:00Z,High,0.2%,0.2%,0.1%,false,false
,Core CPI y/y,USD,2020-01-14T08:30:00Z,High,2.3%,2.3%,2.3%,false,false
,CPI m/m,USD,2020-01-14T08:30:00Z,High,0.2%,0.3%,0.2%,false,false
,CPI y/y,USD,2020-01-14T08:30:00Z,High,2.3%,2.1%,2.3%,false,false
,FOMC Member Williams Speaks,USD,2020-01-14T09:00:00Z,None,,,,false,false
,RCM/TIPP Economic Optimism,USD,2020-01-14T10:00:00Z,None,57.3,57.0,57.4,false,false
,API Weekly Statistical Bulletin,USD,2020-01-14T16:30:00Z,None,,,,false,false
,FPI m/m,NZD,2020-01-14T16:45:00Z,None,,-0.7%,-0.2%,false,false
,M2 Money Stock y/y,JPY,2020-01-14T18:50:00Z,None,2.7%,2.7%,2.7%,false,false
,BOJ Gov Kuroda Speaks,JPY,2020-01-14T19:30:00Z,None,,,,false,false
,Prelim Machine Tool Orders y/y,JPY,2020-01-15T00:58:00Z,None,,-37.9%,-33.6%,false,false
,French Final CPI m/m,EUR,2020-01-15T02:45:00Z,None,0.4%,0.4%,0.4%,false,false
,MPC Member Saunders Speaks,GBP,2020-01-15T03:40:00Z,High,,,,false,false
,PPI Output m/m,GBP,2020-01-15T04:30:00Z,None,0.0%,-0.2%,0.0%,false,false
,PPI Input m/m,GBP,2020-01-15T04:30:00Z,None,0.2%,0.5%,0.1%,false,false
,Core CPI y/y,GBP,2020-01-15T04:30:00Z,None,1.7%,1.7%,1.4%,false,false
,HPI y/y,GBP,2020-01-15T04:30:00Z,None,1.1%,1.3%,2.2%,false,false
,CPI y/y,GBP,2020-01-15T04:30:00Z,High,1.5%,1.5%,1.3%,false,false
,RPI y/y,GBP,2020-01-15T04:30:00Z,None,2.3%,2.2%,2.2%,false,false
,Trade Balance,EUR,2020-01-15T05:00:00Z,None,22.3B,24.0B,19.2B,false,false
,Industrial Production m/m,EUR,2020-01-15T05:00:00Z,None,0.3%,-0.9%,0.2%,false,false
,German 30-y Bond Auction,EUR,2020-01-15T05:34:00Z,None,,0.14|1.2,0.31|1.1,false,false
,Core PPI m/m,USD,2020-01-15T08:30:00Z,None,0.2%,-0.2%,0.1%,false,false
,PPI m/m,USD,2020-01-15T08:30:00Z,None,0.2%,0.0%,0.1%,false,false
,Empire State Manufacturing Index,USD,2020-01-15T08:30:00Z,None,3.7,3.5,4.8,false,false
,CB Leading Index m/m,GBP,2020-01-15T09:30:00Z,None,,-0.4%,-0.2%,false,false
,Crude Oil Inventories,USD,2020-01-15T10:30:00Z,None,0.4M,1.2M,-2.5M,false,false
,FOMC Member Harker Speaks,USD,2020-01-15T11:00:00Z,None,,,,false,false
,FOMC Member Kaplan Speaks,USD,2020-01-15T12:00:00Z,None,,,,false,false
,German Buba President Weidmann Speaks,EUR,2020-01-15T13:00:00Z,None,,,,false,false
,Beige Book,USD,2020-01-15T14:00:00Z,None,,,,false,false
,Core Machinery Orders m/m,JPY,2020-01-15T18:50:00Z,None,3.1%,-6.0%,18.0%,false,false
,PPI y/y,JPY,2020-01-15T18:50:00Z,None,0.9%,0.1%,0.9%,false,false
,RICS House Price Balance,GBP,2020-01-15T19:01:00Z,None,-9%,-11%,-2%,false,false
,New Home Prices m/m,CNY,2020-01-15T20:30:00Z,None,,0.30%,0.35%,false,false
,New Loans,CNY,2020-01-16T01:59:00Z,None,1250B,1390B,1140B,false,false
,German Final CPI m/m,EUR,2020-01-16T02:00:00Z,None,0.5%,0.5%,0.5%,false,false
,M2 Money Supply y/y,CNY,2020-01-16T02:02:00Z,None,8.4%,8.2%,8.7%,false,false
,BOE Credit Conditions Survey,GBP,2020-01-16T04:30:00Z,None,,,,false,false
,ECB Monetary Policy Meeting Accounts,EUR,2020-01-16T07:30:00Z,High,,,,false,false
,ADP Non-Farm Employment Change,CAD,2020-01-16T08:30:00Z,None,,27.6K,46.2K,false,false
,Core Retail Sales m/m,USD,2020-01-16T08:30:00Z,High,0.5%,0.0%,0.7%,false,false
,Retail Sales m/m,USD,2020-01-16T08:30:00Z,High,0.3%,0.3%,0.3%,false,false
,Philly Fed Manufacturing Index,USD,2020-01-16T08:30:00Z,None,3.7,0.3,17.0,false,false
,Import Prices m/m,USD,2020-01-16T08:30:00Z,None,0.3%,0.1%,0.3%,false,false
,Unemployment Claims,USD,2020-01-16T08:30:00Z,None,217K,214K,204K,false,false
,FOMC Member Bowman Speaks,USD,2020-01-16T10:00:00Z,None,,,,false,false
,Business Inventories m/m,USD,2020-01-16T10:00:00Z,None,-0.1%,0.1%,-0.2%,false,false
,NAHB Housing Market Index,USD,2020-01-16T10:00:00Z,None,74,76,75,false,false
,Natural Gas Storage,USD,2020-01-16T10:30:00Z,None,-91B,-44B,-109B,false,false
,ECB President Lagarde Speaks,EUR,2020-01-16T13:00:00Z,High,,,,false,false
,TIC Long-Term Purchases,USD,2020-01-16T16:00:00Z,None,34.5B,31.5B,22.9B,false,false
,BusinessNZ Manufacturing Index,NZD,2020-01-16T16:30:00Z,None,,51.2,49.3,false,false
,GDP q/y,CNY,2020-01-16T21:00:00Z,High,6.0%,6.0%,6.0%,false,false
,Fixed Asset Investment ytd/y,CNY,2020-01-16T21:00:00Z,None,5.2%,5.2%,5.4%,false,false
,Industrial Production y/y,CNY,2020-01-16T21:00:00Z,None,5.9%,6.2%,6.9%,false,false
,NBS Press Conference,CNY,2020-01-16T21:00:00Z,None,,,,false,false
,Retail Sales y/y,CNY,2020-01-16T21:00:00Z,None,7.9%,8.0%,8.0%,false,false
,Unemployment Rate,CNY,2020-01-16T21:00:00Z,None,,5.1%,5.2%,false,false
,Tertiary Industry Activity m/m,JPY,2020-01-16T23:30:00Z,None,1.0%,-5.2%,1.3%,false,false
,PPI m/m,CHF,2020-01-17T02:30:00Z,None,0.2%,-0.4%,0.1%,false,false
,French Gov Budget Balance,EUR,2020-01-17T02:45:00Z,None,,-107.7B,-113.9B,false,false
,Current Account,EUR,2020-01-17T04:00:00Z,None,34.3B,35.8B,33.9B,false,false
,Italian Trade Balance,EUR,2020-01-17T04:02:00Z,None,7.22B,8.06B,4.87B,false,false
,Retail Sales m/m,GBP,2020-01-17T04:30:00Z,High,0.5%,-0.8%,-0.6%,false,false
,Final Core CPI y/y,EUR,2020-01-17T05:00:00Z,None,1.3%,1.3%,1.3%,false,false
,Final CPI y/y,EUR,2020-01-17T05:00:00Z,None,1.3%,1.3%,1.3%,false,false
,Foreign Securities Purchases,CAD,2020-01-17T08:30:00Z,None,12.32B,11.31B,-1.75B,false,false
,Building Permits,USD,2020-01-17T08:30:00Z,None,1.47M,1.47M,1.42M,false,false
,Housing Starts,USD,2020-01-17T08:30:00Z,None,1.38M,1.38M,1.61M,false,false
,FOMC Member Harker Speaks,USD,2020-01-17T09:00:00Z,None,,,,false,false
,Capacity Utilization Rate,USD,2020-01-17T09:15:00Z,None,77.0%,77.4%,77.0%,false,false
,Industrial Production m/m,USD,2020-01-17T09:15:00Z,None,0.0%,0.8%,-0.3%,false,false
,Prelim UoM Consumer Sentiment,USD,2020-01-17T10:00:00Z,None,99.3,99.3,99.1,false,false
,JOLTS Job Openings,USD,2020-01-17T10:00:00Z,None,7.24M,7.36M,6.80M,false,false
,Prelim UoM Inflation Expectations,USD,2020-01-17T10:00:00Z,None,,2.3%,2.5%,false,false
,FOMC Member Quarles Speaks,USD,2020-01-17T12:45:00Z,None,,,,false,false
,Rightmove HPI m/m,GBP,2020-01-19T19:01:00Z,None,,-0.9%,2.3%,false,false
,5-y Loan Prime Rate,CNY,2020-01-19T20:30:00Z,None,4.80%,4.80%,4.80%,false,false
,1-y Loan Prime Rate,CNY,2020-01-19T20:30:00Z,None,4.10%,4.15%,4.15%,false,false
,Revised Industrial Production m/m,JPY,2020-01-19T23:30:00Z,None,-0.9%,-0.9%,-1.0%,false,false
,Eurogroup Meetings,EUR,2020-01-20T00:00:00Z,None,,,,true,false
,Bank Holiday,USD,2020-01-20T00:00:00Z,None,,,,true,false
,German PPI m/m,EUR,2020-01-20T02:00:00Z,None,0.0%,0.0%,0.1%,false,false
,German Buba Monthly Report,EUR,2020-01-20T06:00:00Z,None,,,,false,false
,BusinessNZ Services Index,NZD,2020-01-20T16:30:00Z,None,,52.9,51.9,false,false
,Monetary Policy Statement,JPY,2020-01-20T22:01:00Z,High,,,,false,false
,BOJ Policy Rate,JPY,2020-01-20T22:01:00Z,None,-0.10%,-0.10%,-0.10%,false,false
,BOJ Outlook Report,JPY,2020-01-20T22:02:00Z,High,,,,false,false
,WEF Annual Meetings,All,2020-01-21T00:00:00Z,None,,,,false,false
,ECOFIN Meetings,EUR,2020-01-21T00:00:00Z,None,,,,true,false
,BOJ Press Conference,JPY,2020-01-21T01:31:00Z,None,,,,false,false
,Average Earnings Index 3m/y,GBP,2020-01-21T04:30:00Z,None,3.1%,3.2%,3.2%,false,false
,Claimant Count Change,GBP,2020-01-21T04:30:00Z,None,33.4K,14.9K,14.9K,false,false
,Unemployment Rate,GBP,2020-01-21T04:30:00Z,None,3.8%,3.8%,3.8%,false,false
,German ZEW Economic Sentiment,EUR,2020-01-21T05:00:00Z,None,15.2,10.7,26.7,false,false
,ZEW Economic Sentiment,EUR,2020-01-21T05:00:00Z,None,16.3,11.2,25.6,false,false
,Manufacturing Sales m/m,CAD,2020-01-21T08:30:00Z,None,-0.5%,-0.2%,-0.6%,false,false
,GDT Price Index,NZD,2020-01-21T09:41:00Z,None,,2.8%,1.7%,false,false
,Westpac Consumer Sentiment,AUD,2020-01-21T18:30:00Z,None,,-1.9%,-1.8%,false,false
,Greek Presidential Elections,EUR,2020-01-22T00:00:00Z,None,,,,true,false
,WEF Annual Meetings,All,2020-01-22T00:00:00Z,None,,,,false,false
,Public Sector Net Borrowing,GBP,2020-01-22T04:30:00Z,None,4.5B,4.2B,4.0B,false,false
,CBI Industrial Order Expectations,GBP,2020-01-22T06:00:00Z,None,-25,-28,-22,false,false
,NHPI m/m,CAD,2020-01-22T08:30:00Z,None,0.0%,-0.1%,0.2%,false,false
,Wholesale Sales m/m,CAD,2020-01-22T08:30:00Z,None,-0.2%,-1.2%,-1.2%,false,false
,Common CPI y/y,CAD,2020-01-22T08:30:00Z,None,1.9%,1.9%,2.0%,false,false
,Median CPI y/y,CAD,2020-01-22T08:30:00Z,None,2.4%,2.3%,2.2%,false,false
,Trimmed CPI y/y,CAD,2020-01-22T08:30:00Z,None,2.2%,2.2%,2.1%,false,false
,CPI m/m,CAD,2020-01-22T08:30:00Z,High,0.0%,-0.1%,0.0%,false,false
,Core CPI m/m,CAD,2020-01-22T08:32:00Z,None,,-0.2%,-0.4%,false,false
,HPI m/m,USD,2020-01-22T09:00:00Z,None,0.3%,0.4%,0.2%,false,false
,BOC Monetary Policy Report,CAD,2020-01-22T10:00:00Z,High,,,,false,false
,BOC Rate Statement,CAD,2020-01-22T10:00:00Z,High,,,,false,false
,Overnight Rate,CAD,2020-01-22T10:00:00Z,High,1.75%,1.75%,1.75%,false,false
,Existing Home Sales,USD,2020-01-22T10:00:00Z,None,5.43M,5.35M,5.54M,false,false
,CB Leading Index m/m,AUD,2020-01-22T10:30:00Z,None,,0.2%,-0.3%,false,false
,BOC Press Conference,CAD,2020-01-22T11:15:00Z,High,,,,false,false
,API Weekly Statistical Bulletin,USD,2020-01-22T16:30:00Z,None,,,,false,false
,Visitor Arrivals m/m,NZD,2020-01-22T16:45:00Z,None,,-0.2%,-0.9%,false,false
,Trade Balance,JPY,2020-01-22T18:50:00Z,None,-0.24T,-0.09T,-0.10T,false,false
,MI Inflation Expectations,AUD,2020-01-22T19:00:00Z,None,,4.0%,4.7%,false,false
,Employment Change,AUD,2020-01-22T19:30:00Z,High,12.2K,38.5K,28.9K,false,false
,Unemployment Rate,AUD,2020-01-22T19:30:00Z,High,5.2%,5.2%,5.1%,false,false
,All Industries Activity m/m,JPY,2020-01-22T23:30:00Z,None,0.4%,-4.8%,0.9%,false,false
,WEF Annual Meetings,All,2020-01-23T00:00:00Z,None,,,,false,false
,Main Refinancing Rate,EUR,2020-01-23T07:45:00Z,High,0.00%,0.00%,0.00%,false,false
,Monetary Policy Statement,EUR,2020-01-23T07:45:00Z,High,,,,false,false
,ECB Press Conference,EUR,2020-01-23T08:30:00Z,High,,,,false,false
,Unemployment Claims,USD,2020-01-23T08:30:00Z,None,214K,205K,211K,false,false
,Consumer Confidence,EUR,2020-01-23T09:55:00Z,None,-8,-8,-8,false,false
,CB Leading Index m/m,USD,2020-01-23T10:00:00Z,None,-0.2%,0.1%,-0.3%,false,false
,Natural Gas Storage,USD,2020-01-23T10:30:00Z,None,-88B,-109B,-92B,false,false
,Crude Oil Inventories,USD,2020-01-23T11:00:00Z,High,-0.1M,-2.5M,-0.4M,false,false
,CPI q/q,NZD,2020-01-23T16:45:00Z,High,0.4%,0.7%,0.5%,false,false
,Flash Manufacturing PMI,AUD,2020-01-23T17:00:00Z,None,,49.2,49.1,false,false
,Flash Services PMI,AUD,2020-01-23T17:00:00Z,None,,49.8,48.9,false,false
,National Core CPI y/y,JPY,2020-01-23T18:30:00Z,None,0.7%,0.5%,0.7%,false,false
,Monetary Policy Meeting Minutes,JPY,2020-01-23T18:50:00Z,None,,,,false,false
,Flash Manufacturing PMI,JPY,2020-01-23T19:30:00Z,None,48.9,48.4,49.3,false,false
,Credit Card Spending y/y,NZD,2020-01-23T21:00:00Z,None,,4.4%,3.4%,false,false
,WEF Annual Meetings,All,2020-01-24T00:00:00Z,None,,,,false,false
,French Flash Services PMI,EUR,2020-01-24T03:15:00Z,High,52.2,52.4,51.7,false,false
,French Flash Manufacturing PMI,EUR,2020-01-24T03:15:00Z,None,50.6,50.4,51.0,false,false
,German Flash Manufacturing PMI,EUR,2020-01-24T03:30:00Z,High,44.5,43.7,45.2,false,false
,German Flash Services PMI,EUR,2020-01-24T03:30:00Z,High,53.0,52.9,54.2,false,false
,MPC Member Haskel Speaks,GBP,2020-01-24T03:30:00Z,None,,,,false,false
,Flash Services PMI,EUR,2020-01-24T04:00:00Z,None,52.9,52.8,52.2,false,false
,Flash Manufacturing PMI,EUR,2020-01-24T04:00:00Z,None,46.9,46.3,47.8,false,false
,Treasury Sec Mnuchin Speaks,USD,2020-01-24T04:30:00Z,High,,,,false,false
,ECB President Lagarde Speaks,EUR,2020-01-24T04:30:00Z,High,,,,false,false
,Flash Manufacturing PMI,GBP,2020-01-24T04:30:00Z,High,48.8,47.5,49.8,false,false
,Flash Services PMI,GBP,2020-01-24T04:30:00Z,High,51.1,50.0,52.9,false,false
,BOJ Gov Kuroda Speaks,JPY,2020-01-24T04:30:00Z,None,,,,false,false
,Retail Sales m/m,CAD,2020-01-24T08:30:00Z,None,0.6%,-1.1%,0.9%,false,false
,Core Retail Sales m/m,CAD,2020-01-24T08:30:00Z,High,0.5%,-0.4%,0.2%,false,false
,Belgian NBB Business Climate,EUR,2020-01-24T08:58:00Z,None,-3.0,-3.4,-2.0,false,false
,Flash Manufacturing PMI,USD,2020-01-24T09:45:00Z,None,52.4,52.4,51.7,false,false
,Flash Services PMI,USD,2020-01-24T09:45:00Z,None,52.9,52.8,53.2,false,false
,Bank Holiday,AUD,2020-01-26T00:00:00Z,None,,,,true,false
,Bank Holiday,CNY,2020-01-26T00:00:00Z,None,,,,true,false
,Bank Holiday,CNY,2020-01-27T00:00:00Z,None,,,,true,false
,German ifo Business Climate,EUR,2020-01-27T04:00:00Z,High,97.1,96.3,95.9,false,false
,High Street Lending,GBP,2020-01-27T04:30:00Z,None,44.0K,44.1K,46.8K,false,false
,CB Leading Index m/m,CNY,2020-01-27T09:00:00Z,None,,1.5%,1.4%,false,false
,FOMC Member Williams Speaks,USD,2020-01-27T09:30:00Z,None,,,,false,false
,New Home Sales,USD,2020-01-27T10:00:00Z,None,730K,697K,694K,false,false
,SPPI y/y,JPY,2020-01-27T18:50:00Z,None,2.1%,2.1%,2.1%,false,false
,NAB Business Confidence,AUD,2020-01-27T19:30:00Z,None,,0,-2,false,false
,BOJ Core CPI y/y,JPY,2020-01-28T00:00:00Z,None,0.2%,0.2%,0.3%,false,false
,Bank Holiday,CNY,2020-01-28T00:00:00Z,None,,,,true,false
,Trade Balance,CHF,2020-01-28T02:00:00Z,None,3.14B,3.95B,1.96B,false,false
,Spanish Unemployment Rate,EUR,2020-01-28T03:00:00Z,None,14.0%,13.9%,13.8%,false,false
,10-y Bond Auction,GBP,2020-01-28T05:34:00Z,None,,0.79|2.5,0.50|2.3,false,false
,CBI Realized Sales,GBP,2020-01-28T06:00:00Z,None,5,0,0,false,false
,Core Durable Goods Orders m/m,USD,2020-01-28T08:30:00Z,None,0.4%,-0.1%,-0.1%,false,false
,Durable Goods Orders m/m,USD,2020-01-28T08:30:00Z,None,1.2%,-2.1%,2.4%,false,false
,S&P/CS Composite-20 HPI y/y,USD,2020-01-28T09:00:00Z,None,2.5%,2.2%,2.6%,false,false
,FOMC Member Williams Speaks,USD,2020-01-28T09:30:00Z,None,,,,false,false
,Richmond Manufacturing Index,USD,2020-01-28T09:59:00Z,None,-3,-5,20,false,false
,CB Consumer Confidence,USD,2020-01-28T10:00:00Z,High,128.2,128.2,131.6,false,false
,API Weekly Statistical Bulletin,USD,2020-01-28T16:30:00Z,None,,,,false,false
,MI Leading Index m/m,AUD,2020-01-28T18:38:00Z,None,,0.0%,0.1%,false,false
,BOJ Summary of Opinions,JPY,2020-01-28T18:50:00Z,None,,,,false,false
,BRC Shop Price Index y/y,GBP,2020-01-28T19:01:00Z,None,,-0.4%,-0.3%,false,false
,CPI m/m,AUD,2020-01-28T19:30:00Z,High,0.6%,0.5%,0.7%,false,false
,Trimmed Mean CPI m/m,AUD,2020-01-28T19:30:00Z,High,0.4%,0.4%,0.4%,false,false
,Consumer Confidence,JPY,2020-01-29T00:00:00Z,None,39.6,39.1,39.1,false,false
,Bank Holiday,CNY,2020-01-29T00:00:00Z,None,,,,true,false
,Nationwide HPI m/m,GBP,2020-01-29T01:59:00Z,None,0.3%,0.1%,0.5%,false,false
,German GfK Consumer Climate,EUR,2020-01-29T02:00:00Z,None,9.6,9.7,9.9,false,false
,German Import Prices m/m,EUR,2020-01-29T02:00:00Z,None,0.2%,0.5%,0.2%,false,false
,UBS Economic Expectations,CHF,2020-01-29T04:00:00Z,None,,12.5,8.3,false,false
,M3 Money Supply y/y,EUR,2020-01-29T04:00:00Z,None,5.5%,5.6%,5.0%,false,false
,Private Loans y/y,EUR,2020-01-29T04:00:00Z,None,3.5%,3.5%,3.7%,false,false
,Goods Trade Balance,USD,2020-01-29T08:30:00Z,None,-64.5B,-63.0B,-68.3B,false,false
,Prelim Wholesale Inventories m/m,USD,2020-01-29T08:30:00Z,None,0.1%,-0.1%,-0.1%,false,false
,Pending Home Sales m/m,USD,2020-01-29T10:00:00Z,None,0.5%,1.2%,-4.9%,false,false
,Crude Oil Inventories,USD,2020-01-29T10:30:00Z,None,0.7M,-0.4M,3.5M,false,false
,Federal Funds Rate,USD,2020-01-29T14:00:00Z,High,1.75%,1.75%,1.75%,false,false
,FOMC Statement,USD,2020-01-29T14:00:00Z,High,,,,false,false
,FOMC Press Conference,USD,2020-01-29T14:30:00Z,High,,,,false,false
,Trade Balance,NZD,2020-01-29T16:45:00Z,None,100M,-791M,547M,false,false
,Import Prices q/q,AUD,2020-01-29T19:30:00Z,None,0.4%,0.4%,0.7%,false,false
,German Prelim CPI m/m,EUR,2020-01-30T00:00:00Z,None,-0.6%,0.5%,-0.6%,true,false
,Bank Holiday,CNY,2020-01-30T00:00:00Z,None,,,,true,false
,KOF Economic Barometer,CHF,2020-01-30T03:00:00Z,None,97.0,96.2,100.1,false,false
,German Unemployment Change,EUR,2020-01-30T03:55:00Z,None,5K,8K,-2K,false,false
,Italian Monthly Unemployment Rate,EUR,2020-01-30T04:00:00Z,None,9.7%,9.8%,9.8%,false,false
,Unemployment Rate,EUR,2020-01-30T05:00:00Z,None,7.5%,7.5%,7.4%,false,false
,Italian 10-y Bond Auction,EUR,2020-01-30T05:17:00Z,None,,1.35|1.3,0.94|1.2,false,false
,BOE Monetary Policy Report,GBP,2020-01-30T07:00:00Z,High,,,,false,false
,Monetary Policy Summary,GBP,2020-01-30T07:00:00Z,High,,,,false,false
,MPC Official Bank Rate Votes,GBP,2020-01-30T07:00:00Z,High,0-3-6,0-2-7,0-2-7,false,false
,Official Bank Rate,GBP,2020-01-30T07:00:00Z,High,0.75%,0.75%,0.75%,false,false
,Asset Purchase Facility,GBP,2020-01-30T07:00:00Z,None,435B,435B,435B,false,false
,MPC Asset Purchase Facility Votes,GBP,2020-01-30T07:00:00Z,None,0-0-9,0-0-9,0-0-9,false,false
,BOE Gov Carney Speaks,GBP,2020-01-30T07:30:00Z,High,,,,false,false
,Advance GDP q/q,USD,2020-01-30T08:30:00Z,High,2.1%,2.1%,2.1%,false,false
,Advance GDP Price Index q/q,USD,2020-01-30T08:30:00Z,None,1.8%,1.8%,1.4%,false,false
,Unemployment Claims,USD,2020-01-30T08:30:00Z,None,215K,223K,216K,false,false
,Natural Gas Storage,USD,2020-01-30T10:30:00Z,None,-197B,-92B,-201B,false,false
,German Buba President Weidmann Speaks,EUR,2020-01-30T13:00:00Z,None,,,,false,false
,Gov Council Member Beaudry Speaks,CAD,2020-01-30T15:15:00Z,None,,,,false,false
,Tokyo Core CPI y/y,JPY,2020-01-30T18:30:00Z,None,0.8%,0.8%,0.7%,false,false
,Unemployment Rate,JPY,2020-01-30T18:30:00Z,None,2.3%,2.2%,2.2%,false,false
,Prelim Industrial Production m/m,JPY,2020-01-30T18:50:00Z,None,0.7%,-1.0%,1.3%,false,false
,Retail Sales y/y,JPY,2020-01-30T18:50:00Z,None,-1.7%,-2.1%,-2.6%,false,false
,GfK Consumer Confidence,GBP,2020-01-30T19:01:00Z,None,-9,-11,-9,false,false
,PPI q/q,AUD,2020-01-30T19:30:00Z,None,0.3%,0.4%,0.3%,false,false
,Private Sector Credit m/m,AUD,2020-01-30T19:30:00Z,None,0.2%,0.2%,0.2%,false,false
,Non-Manufacturing PMI,CNY,2020-01-30T20:00:00Z,None,53.1,53.5,54.1,false,false
,Manufacturing PMI,CNY,2020-01-30T20:00:00Z,High,50.1,50.2,50.0,false,false
,Housing Starts y/y,JPY,2020-01-31T00:02:00Z,None,-11.7%,-12.7%,-7.9%,false,false
,French Flash GDP q/q,EUR,2020-01-31T01:30:00Z,None,0.2%,0.3%,-0.1%,false,false
,German Retail Sales m/m,EUR,2020-01-31T02:00:00Z,None,-0.5%,1.6%,-3.3%,false,false
,Retail Sales y/y,CHF,2020-01-31T02:30:00Z,None,0.4%,0.5%,0.1%,false,false
,French Consumer Spending m/m,EUR,2020-01-31T02:45:00Z,None,-0.1%,0.7%,-0.3%,false,false
,French Prelim CPI m/m,EUR,2020-01-31T02:45:00Z,None,-0.5%,0.4%,-0.4%,false,false
,Spanish Flash GDP q/q,EUR,2020-01-31T03:00:00Z,None,0.4%,0.4%,0.5%,false,false
,Spanish Flash CPI y/y,EUR,2020-01-31T03:00:00Z,None,1.0%,0.8%,1.1%,false,false
,Italian Prelim GDP q/q,EUR,2020-01-31T04:00:00Z,None,0.1%,0.1%,-0.3%,false,false
,Mortgage Approvals,GBP,2020-01-31T04:30:00Z,None,66K,66K,67K,false,false
,Net Lending to Individuals m/m,GBP,2020-01-31T04:30:00Z,None,4.2B,4.9B,5.8B,false,false
,M4 Money Supply m/m,GBP,2020-01-31T04:30:00Z,None,0.6%,0.8%,0.1%,false,false
,CPI Flash Estimate y/y,EUR,2020-01-31T05:00:00Z,None,1.4%,1.3%,1.4%,false,false
,Core CPI Flash Estimate y/y,EUR,2020-01-31T05:00:00Z,None,1.2%,1.3%,1.1%,false,false
,Prelim Flash GDP q/q,EUR,2020-01-31T05:00:00Z,None,0.2%,0.2%,0.1%,false,false
,Personal Spending m/m,USD,2020-01-31T08:30:00Z,None,0.3%,0.4%,0.3%,false,false
,RMPI m/m,CAD,2020-01-31T08:30:00Z,None,0.7%,1.4%,2.8%,false,false
,Core PCE Price Index m/m,USD,2020-01-31T08:30:00Z,None,0.1%,0.1%,0.2%,false,false
,Employment Cost Index q/q,USD,2020-01-31T08:30:00Z,None,0.7%,0.7%,0.7%,false,false
,GDP m/m,CAD,2020-01-31T08:30:00Z,High,0.0%,-0.1%,0.1%,false,false
,Personal Income m/m,USD,2020-01-31T08:30:00Z,None,0.3%,0.4%,0.2%,false,false
,IPPI m/m,CAD,2020-01-31T08:30:00Z,None,0.0%,-0.1%,0.1%,false,false
,Chicago PMI,USD,2020-01-31T09:45:00Z,None,48.9,48.9,42.9,false,false
,Revised UoM Consumer Sentiment,USD,2020-01-31T10:00:00Z,None,99.1,99.1,99.8,false,false
,Revised UoM Inflation Expectations,USD,2020-01-31T10:00:00Z,None,,2.5%,2.5%,false,false
,AIG Manufacturing Index,AUD,2020-02-02T16:30:00Z,None,,48.3,45.4,false,false
,MI Inflation Gauge m/m,AUD,2020-02-02T19:00:00Z,None,,0.3%,0.3%,false,false
,Building Approvals m/m,AUD,2020-02-02T19:30:00Z,None,-5.0%,10.9%,-0.2%,false,false
,Final Manufacturing PMI,JPY,2020-02-02T19:30:00Z,None,49.3,49.3,48.8,false,false
,ANZ Job Advertisements m/m,AUD,2020-02-02T19:30:00Z,None,,-5.7%,3.8%,false,false
,RatingDog Manufacturing PMI,CNY,2020-02-02T20:45:00Z,High,51.0,51.5,51.1,false,false
,Omdia Total Vehicle Sales,USD,2020-02-03T00:00:00Z,None,16.8M,16.7M,16.8M,true,false
,Commodity Prices y/y,AUD,2020-02-03T00:30:00Z,None,,-1.9%,-3.6%,false,false
,Spanish Manufacturing PMI,EUR,2020-02-03T03:15:00Z,None,48.3,47.4,48.5,false,false
,Manufacturing PMI,CHF,2020-02-03T03:30:00Z,None,50.3,50.2,47.8,false,false
,Italian Manufacturing PMI,EUR,2020-02-03T03:45:00Z,None,46.9,46.2,48.9,false,false
,French Final Manufacturing PMI,EUR,2020-02-03T03:50:00Z,None,51.0,51.0,51.1,false,false
,German Final Manufacturing PMI,EUR,2020-02-03T03:55:00Z,None,45.2,45.2,45.3,false,false
,Final Manufacturing PMI,EUR,2020-02-03T04:00:00Z,None,47.8,47.8,47.9,false,false
,Final Manufacturing PMI,GBP,2020-02-03T04:30:00Z,None,49.8,49.8,50.0,false,false
,Manufacturing PMI,CAD,2020-02-03T09:30:00Z,None,,50.4,50.6,false,false
,Final Manufacturing PMI,USD,2020-02-03T09:45:00Z,None,51.7,51.7,51.9,false,false
,Construction Spending m/m,USD,2020-02-03T10:00:00Z,None,0.5%,0.7%,-0.2%,false,false
,ISM Manufacturing Prices,USD,2020-02-03T10:00:00Z,None,52.0,51.7,53.3,false,false
,ISM Manufacturing PMI,USD,2020-02-03T10:00:00Z,High,48.5,47.2,50.9,false,false
,German Buba President Weidmann Speaks,EUR,2020-02-03T13:15:00Z,None,,,,false,false
,Loan Officer Survey,USD,2020-02-03T14:00:00Z,None,,,,false,false
,Building Consents m/m,NZD,2020-02-03T16:45:00Z,None,,-8.4%,9.9%,false,false
,Monetary Base y/y,JPY,2020-02-03T18:50:00Z,None,3.2%,3.2%,2.9%,false,false
,Cash Rate,AUD,2020-02-03T22:30:00Z,High,0.75%,0.75%,0.75%,false,false
,RBA Rate Statement,AUD,2020-02-03T22:30:00Z,High,,,,false,false
,10-y Bond Auction,JPY,2020-02-03T22:35:00Z,None,,-0.01|3.7,-0.05|3.6,false,false
,French Gov Budget Balance,EUR,2020-02-04T02:45:00Z,None,,-113.9B,-92.8B,false,false
,Spanish Unemployment Change,EUR,2020-02-04T03:00:00Z,None,44.2K,-34.6K,90.2K,false,false
,Construction PMI,GBP,2020-02-04T04:30:00Z,None,48.1,44.4,48.4,false,false
,PPI m/m,EUR,2020-02-04T05:00:00Z,None,0.1%,0.1%,0.0%,false,false
,Italian Prelim CPI m/m,EUR,2020-02-04T05:00:00Z,None,-0.2%,0.2%,0.2%,false,false
,GDT Price Index,NZD,2020-02-04T09:12:00Z,None,,1.7%,-4.7%,false,false
,RCM/TIPP Economic Optimism,USD,2020-02-04T10:00:00Z,None,58.3,57.4,59.8,false,false
,Factory Orders m/m,USD,2020-02-04T10:00:00Z,None,0.7%,-1.2%,1.8%,false,false
,API Weekly Statistical Bulletin,USD,2020-02-04T16:30:00Z,None,,,,false,false
,AIG Construction Index,AUD,2020-02-04T16:30:00Z,None,,38.9,41.3,false,false
,Employment Change q/q,NZD,2020-02-04T16:45:00Z,High,0.3%,0.2%,0.0%,false,false
,Unemployment Rate,NZD,2020-02-04T16:45:00Z,High,4.2%,4.1%,4.0%,false,false
,Labor Cost Index q/q,NZD,2020-02-04T16:45:00Z,None,0.5%,0.6%,0.6%,false,false
,ANZ Commodity Prices m/m,NZD,2020-02-04T19:00:00Z,None,,-3.4%,-0.9%,false,false
,RBA Gov Lowe Speaks,AUD,2020-02-04T20:30:00Z,High,,,,false,false
,RatingDog Services PMI,CNY,2020-02-04T20:45:00Z,None,52.0,52.5,51.8,false,false
,President Trump Speaks,USD,2020-02-04T21:00:00Z,High,,,,false,false
,Bank Holiday,NZD,2020-02-05T00:00:00Z,None,,,,true,false
,SECO Consumer Climate,CHF,2020-02-05T01:45:00Z,None,-8,-10,-9,false,false
,Spanish Services PMI,EUR,2020-02-05T03:15:00Z,None,54.0,54.9,52.3,false,false
,Italian Services PMI,EUR,2020-02-05T03:45:00Z,None,50.3,51.1,51.4,false,false
,French Final Services PMI,EUR,2020-02-05T03:50:00Z,None,51.7,51.7,51.0,false,false
,German Final Services PMI,EUR,2020-02-05T03:55:00Z,None,54.2,54.2,54.2,false,false
,Final Services PMI,EUR,2020-02-05T04:00:00Z,None,52.2,52.2,52.5,false,false
,Final Services PMI,GBP,2020-02-05T04:30:00Z,None,52.9,52.9,53.9,false,false
,Retail Sales m/m,EUR,2020-02-05T05:00:00Z,None,-0.5%,0.8%,-1.6%,false,false
,ECB President Lagarde Speaks,EUR,2020-02-05T07:15:00Z,High,,,,false,false
,ADP Non-Farm Employment Change,USD,2020-02-05T08:15:00Z,High,157K,199K,291K,false,false
,Trade Balance,CAD,2020-02-05T08:30:00Z,None,-0.6B,-1.2B,-0.4B,false,false
,Trade Balance,USD,2020-02-05T08:30:00Z,None,-48.2B,-43.7B,-48.9B,false,false
,Final Services PMI,USD,2020-02-05T09:45:00Z,None,53.2,53.2,53.4,false,false
,ISM Services PMI,USD,2020-02-05T10:00:00Z,High,55.1,55.0,55.5,false,false
,Crude Oil Inventories,USD,2020-02-05T10:30:00Z,None,2.9M,3.5M,3.4M,false,false
,Gov Council Member Wilkins Speaks,CAD,2020-02-05T12:15:00Z,None,,,,false,false
,FOMC Member Brainard Speaks,USD,2020-02-05T16:10:00Z,None,,,,false,false
,Goods Trade Balance,AUD,2020-02-05T19:30:00Z,High,5.65B,5.52B,5.22B,false,false
,Retail Sales m/m,AUD,2020-02-05T19:30:00Z,High,-0.2%,1.0%,-0.5%,false,false
,NAB Quarterly Business Confidence,AUD,2020-02-05T19:30:00Z,None,,-1,-1,false,false
,30-y Bond Auction,JPY,2020-02-05T22:35:00Z,None,,0.43|3.7,0.43|3.7,false,false
,German Factory Orders m/m,EUR,2020-02-06T02:00:00Z,None,0.6%,-0.8%,-2.1%,false,false
,ECB President Lagarde Speaks,EUR,2020-02-06T03:00:00Z,High,,,,false,false
,ECB Economic Bulletin,EUR,2020-02-06T04:00:00Z,None,,,,false,false
,Spanish 10-y Bond Auction,EUR,2020-02-06T04:49:00Z,None,,0.44|1.5,0.35|1.6,false,false
,French 10-y Bond Auction,EUR,2020-02-06T05:07:00Z,None,,0.04|1.7,-0.11|2.2,false,false
,Challenger Job Cuts y/y,USD,2020-02-06T07:30:00Z,None,,-25.2%,27.8%,false,false
,Prelim Nonfarm Productivity q/q,USD,2020-02-06T08:30:00Z,None,1.6%,-0.2%,1.4%,false,false
,Prelim Unit Labor Costs q/q,USD,2020-02-06T08:30:00Z,None,1.3%,2.5%,1.4%,false,false
,Unemployment Claims,USD,2020-02-06T08:30:00Z,None,215K,217K,202K,false,false
,FOMC Member Kaplan Speaks,USD,2020-02-06T09:15:00Z,None,,,,false,false
,Natural Gas Storage,USD,2020-02-06T10:30:00Z,None,-123B,-201B,-137B,false,false
,AIG Services Index,AUD,2020-02-06T17:21:00Z,None,,48.7,47.4,false,false
,RBA Gov Lowe Speaks,AUD,2020-02-06T17:30:00Z,High,,,,false,false
,Average Cash Earnings y/y,JPY,2020-02-06T18:30:00Z,None,-0.1%,0.1%,0.0%,false,false
,Household Spending y/y,JPY,2020-02-06T18:30:00Z,None,-1.7%,-2.0%,-4.8%,false,false
,FOMC Member Quarles Speaks,USD,2020-02-06T19:15:00Z,None,,,,false,false
,RBA Monetary Policy Statement,AUD,2020-02-06T19:30:00Z,High,,,,false,false
,Inflation Expectations q/q,NZD,2020-02-06T21:00:00Z,High,,1.80%,1.93%,false,false
,Leading Indicators,JPY,2020-02-07T00:00:00Z,None,91.4%,90.8%,91.6%,false,false
,German Industrial Production m/m,EUR,2020-02-07T02:00:00Z,None,-0.2%,1.2%,-3.5%,false,false
,German Trade Balance,EUR,2020-02-07T02:00:00Z,None,16.4B,18.5B,19.2B,false,false
,French Industrial Production m/m,EUR,2020-02-07T02:45:00Z,None,-0.3%,0.0%,-2.8%,false,false
,French Prelim Private Payrolls q/q,EUR,2020-02-07T02:45:00Z,None,0.2%,0.2%,0.2%,false,false
,French Trade Balance,EUR,2020-02-07T02:45:00Z,None,-5.1B,-5.4B,-4.1B,false,false
,Foreign Currency Reserves,CHF,2020-02-07T03:00:00Z,None,,772B,764B,false,false
,Lloyds HPI m/m,GBP,2020-02-07T03:30:00Z,None,0.6%,1.8%,0.4%,false,false
,Italian Retail Sales m/m,EUR,2020-02-07T04:00:00Z,None,0.2%,-0.2%,0.5%,false,false
,Employment Change,CAD,2020-02-07T08:30:00Z,High,16.3K,35.2K,34.5K,false,false
,Unemployment Rate,CAD,2020-02-07T08:30:00Z,High,5.7%,5.6%,5.5%,false,false
,Average Hourly Earnings m/m,USD,2020-02-07T08:30:00Z,High,0.3%,0.1%,0.2%,false,false
,Non-Farm Employment Change,USD,2020-02-07T08:30:00Z,High,163K,147K,225K,false,false
,Unemployment Rate,USD,2020-02-07T08:30:00Z,High,3.5%,3.5%,3.6%,false,false
,Ivey PMI,CAD,2020-02-07T10:00:00Z,None,52.3,51.9,57.3,false,false
,Final Wholesale Inventories m/m,USD,2020-02-07T10:00:00Z,None,-0.1%,-0.1%,-0.2%,false,false
,Fed Monetary Policy Report,USD,2020-02-07T11:00:00Z,None,,,,false,false
,Consumer Credit m/m,USD,2020-02-07T15:00:00Z,None,15.2B,11.8B,22.1B,false,false
,Bank Lending y/y,JPY,2020-02-09T18:50:00Z,None,1.7%,1.8%,1.9%,false,false
,Current Account,JPY,2020-02-09T18:50:00Z,None,1.68T,1.79T,1.71T,false,false
,CPI y/y,CNY,2020-02-09T20:30:00Z,None,4.9%,4.5%,5.4%,false,false
,PPI y/y,CNY,2020-02-09T20:30:00Z,None,0.1%,-0.5%,0.1%,false,false
,Bank Holiday,JPY,2020-02-10T00:00:00Z,None,,,,true,false
,Economy Watchers Sentiment,JPY,2020-02-10T00:02:00Z,None,39.2,39.8,41.9,false,false
,Unemployment Rate,CHF,2020-02-10T01:45:00Z,None,2.3%,2.3%,2.3%,false,false
,CPI m/m,CHF,2020-02-10T02:30:00Z,None,-0.2%,0.0%,-0.2%,false,false
,Italian Industrial Production m/m,EUR,2020-02-10T04:00:00Z,None,1.5%,0.0%,-2.7%,false,false
,Sentix Investor Confidence,EUR,2020-02-10T04:30:00Z,None,6.1,7.6,5.2,false,false
,Housing Starts,CAD,2020-02-10T08:12:00Z,None,200K,196K,213K,false,false
,FOMC Member Bowman Speaks,USD,2020-02-10T08:15:00Z,None,,,,false,false
,Building Permits m/m,CAD,2020-02-10T08:30:00Z,None,3.5%,-3.5%,7.4%,false,false
,FOMC Member Harker Speaks,USD,2020-02-10T15:15:00Z,None,,,,false,false
,BRC Retail Sales Monitor y/y,GBP,2020-02-10T19:01:00Z,None,0.6%,1.7%,0.0%,false,false
,NAB Business Confidence,AUD,2020-02-10T19:30:00Z,None,,-2,-1,false,false
,Prelim GDP q/q,GBP,2020-02-11T04:30:00Z,High,0.0%,0.4%,0.0%,false,false
,GDP m/m,GBP,2020-02-11T04:30:00Z,None,0.2%,-0.3%,0.3%,false,false
,Manufacturing Production m/m,GBP,2020-02-11T04:30:00Z,None,0.5%,-1.6%,0.3%,false,false
,Construction Output m/m,GBP,2020-02-11T04:30:00Z,None,-0.4%,2.4%,0.4%,false,false
,Goods Trade Balance,GBP,2020-02-11T04:30:00Z,None,-10.0B,-4.9B,0.8B,false,false
,Index of Services 3m/3m,GBP,2020-02-11T04:30:00Z,None,0.0%,0.1%,0.1%,false,false
,Industrial Production m/m,GBP,2020-02-11T04:30:00Z,None,0.3%,-1.1%,0.1%,false,false
,Prelim Business Investment q/q,GBP,2020-02-11T04:30:00Z,None,-0.5%,0.0%,-1.0%,false,false
,NFIB Small Business Index,USD,2020-02-11T05:56:00Z,None,103.6,102.7,104.3,false,false
,ECB President Lagarde Speaks,EUR,2020-02-11T09:00:00Z,High,,,,false,false
,JOLTS Job Openings,USD,2020-02-11T10:00:00Z,None,6.93M,6.79M,6.42M,false,false
,Mortgage Delinquencies,USD,2020-02-11T10:00:00Z,None,,3.97%,3.77%,false,false
,Fed Chairman Powell Testifies,USD,2020-02-11T10:00:00Z,High,,,,false,false
,BOE Gov Carney Speaks,GBP,2020-02-11T10:35:00Z,High,,,,false,false
,MPC Member Haskel Speaks,GBP,2020-02-11T12:00:00Z,None,,,,false,false
,FOMC Member Quarles Speaks,USD,2020-02-11T12:15:00Z,None,,,,false,false
,NIESR GDP Estimate,GBP,2020-02-11T12:37:00Z,None,,0.0%,0.0%,false,false
,FOMC Member Kashkari Speaks,USD,2020-02-11T14:15:00Z,None,,,,false,false
,API Weekly Statistical Bulletin,USD,2020-02-11T16:30:00Z,None,,,,false,false
,Westpac Consumer Sentiment,AUD,2020-02-11T18:30:00Z,None,,-1.8%,2.3%,false,false
,M2 Money Stock y/y,JPY,2020-02-11T18:50:00Z,None,2.8%,2.7%,2.8%,false,false
,Official Cash Rate,NZD,2020-02-11T20:00:00Z,High,1.00%,1.00%,1.00%,false,false
,RBNZ Monetary Policy Statement,NZD,2020-02-11T20:00:00Z,High,,,,false,false
,RBNZ Rate Statement,NZD,2020-02-11T20:00:00Z,High,,,,false,false
,RBNZ Press Conference,NZD,2020-02-11T21:00:00Z,High,,,,false,false
,Prelim Machine Tool Orders y/y,JPY,2020-02-12T00:59:00Z,None,,-33.5%,-35.6%,false,false
,Industrial Production m/m,EUR,2020-02-12T05:00:00Z,None,-1.8%,0.0%,-2.1%,false,false
,German 10-y Bond Auction,EUR,2020-02-12T05:33:00Z,None,,-0.25|1.2,-0.38|1.2,false,false
,FOMC Member Harker Speaks,USD,2020-02-12T08:30:00Z,None,,,,false,false
,CB Leading Index m/m,GBP,2020-02-12T09:30:00Z,None,,-0.2%,0.0%,false,false
,Fed Chairman Powell Testifies,USD,2020-02-12T09:30:00Z,High,,,,false,false
,Crude Oil Inventories,USD,2020-02-12T10:30:00Z,None,3.1M,3.4M,7.5M,false,false
,10-y Bond Auction,USD,2020-02-12T13:01:00Z,None,,1.87|2.4,1.62|2.6,false,false
,Federal Budget Balance,USD,2020-02-12T14:00:00Z,None,-10.7B,-13.3B,-32.6B,false,false
,RBNZ Gov Orr Speaks,NZD,2020-02-12T14:10:00Z,High,,,,false,false
,PPI y/y,JPY,2020-02-12T18:50:00Z,None,1.5%,0.9%,1.7%,false,false
,RBA Gov Lowe Speaks,AUD,2020-02-12T19:00:00Z,High,,,,false,false
,MI Inflation Expectations,AUD,2020-02-12T19:00:00Z,None,,4.7%,4.0%,false,false
,BOC Gov Poloz Speaks,CAD,2020-02-12T19:00:00Z,High,,,,false,false
,RICS House Price Balance,GBP,2020-02-12T19:01:00Z,None,3%,0%,17%,false,false
,German Final CPI m/m,EUR,2020-02-13T02:00:00Z,None,-0.6%,-0.6%,-0.6%,false,false
,EU Economic Forecasts,EUR,2020-02-13T05:00:00Z,None,,,,false,false
,Core CPI m/m,USD,2020-02-13T08:30:00Z,High,0.2%,0.1%,0.2%,false,false
,Core CPI y/y,USD,2020-02-13T08:30:00Z,High,2.2%,2.3%,2.3%,false,false
,CPI m/m,USD,2020-02-13T08:30:00Z,High,0.2%,0.2%,0.1%,false,false
,CPI y/y,USD,2020-02-13T08:30:00Z,High,2.4%,2.3%,2.5%,false,false
,Unemployment Claims,USD,2020-02-13T08:30:00Z,None,210K,203K,205K,false,false
,Fed Gov Nomination Hearings,USD,2020-02-13T09:00:00Z,High,,,,false,false
,Natural Gas Storage,USD,2020-02-13T10:30:00Z,None,-106B,-137B,-115B,false,false
,30-y Bond Auction,USD,2020-02-13T13:01:00Z,None,,2.34|2.5,2.06|2.4,false,false
,BusinessNZ Manufacturing Index,NZD,2020-02-13T16:30:00Z,None,,49.2,49.6,false,false
,FPI m/m,NZD,2020-02-13T16:45:00Z,None,,-0.2%,2.1%,false,false
,FOMC Member Williams Speaks,USD,2020-02-13T17:30:00Z,None,,,,false,false
,Tertiary Industry Activity m/m,JPY,2020-02-13T23:30:00Z,None,0.1%,1.4%,-0.2%,false,false
,German Prelim GDP q/q,EUR,2020-02-14T02:00:00Z,High,0.1%,0.1%,0.0%,false,false
,German WPI m/m,EUR,2020-02-14T02:00:00Z,None,0.1%,0.0%,1.0%,false,false
,PPI m/m,CHF,2020-02-14T02:30:00Z,None,0.2%,0.1%,0.0%,false,false
,Italian Trade Balance,EUR,2020-02-14T04:00:00Z,None,5.23B,4.89B,5.01B,false,false
,Flash Employment Change q/q,EUR,2020-02-14T05:00:00Z,None,0.1%,0.1%,0.3%,false,false
,Flash GDP q/q,EUR,2020-02-14T05:00:00Z,None,0.1%,0.1%,0.1%,false,false
,Trade Balance,EUR,2020-02-14T05:00:00Z,None,19.1B,19.1B,22.2B,false,false
,Core Retail Sales m/m,USD,2020-02-14T08:30:00Z,High,0.3%,0.6%,0.3%,false,false
,Retail Sales m/m,USD,2020-02-14T08:30:00Z,High,0.3%,0.2%,0.3%,false,false
,Import Prices m/m,USD,2020-02-14T08:30:00Z,None,-0.2%,0.2%,0.0%,false,false
,Capacity Utilization Rate,USD,2020-02-14T09:15:00Z,None,76.9%,77.1%,76.8%,false,false
,Industrial Production m/m,USD,2020-02-14T09:15:00Z,None,-0.2%,-0.4%,-0.3%,false,false
,Prelim UoM Consumer Sentiment,USD,2020-02-14T10:00:00Z,None,99.5,99.8,100.9,false,false
,Business Inventories m/m,USD,2020-02-14T10:00:00Z,None,0.1%,-0.2%,0.1%,false,false
,Prelim UoM Inflation Expectations,USD,2020-02-14T10:00:00Z,None,,2.5%,2.5%,false,false
,FOMC Member Mester Speaks,USD,2020-02-14T11:45:00Z,None,,,,false,false
,Foreign Direct Investment ytd/y,CNY,2020-02-16T00:00:00Z,None,,6.0%,5.8%,false,false
,BusinessNZ Services Index,NZD,2020-02-16T16:30:00Z,None,,52.1,57.1,false,false
,Visitor Arrivals m/m,NZD,2020-02-16T16:45:00Z,None,,-0.9%,1.0%,false,false
,Prelim GDP Price Index y/y,JPY,2020-02-16T18:50:00Z,None,1.1%,0.6%,1.3%,false,false
,Prelim GDP q/q,JPY,2020-02-16T18:50:00Z,None,-1.0%,0.4%,-1.6%,false,false
,Rightmove HPI m/m,GBP,2020-02-16T19:01:00Z,None,,2.3%,0.8%,false,false
,New Home Prices m/m,CNY,2020-02-16T20:30:00Z,None,,0.35%,0.27%,false,false
,Foreign Direct Investment ytd/y,CNY,2020-02-16T21:14:00Z,None,,5.8%,4.0%,false,false
,Revised Industrial Production m/m,JPY,2020-02-16T23:30:00Z,None,1.3%,1.3%,1.2%,false,false
,Bank Holiday,CAD,2020-02-17T00:00:00Z,None,,,,true,false
,Eurogroup Meetings,EUR,2020-02-17T00:00:00Z,None,,,,true,false
,Bank Holiday,USD,2020-02-17T00:00:00Z,None,,,,true,false
,German Buba Monthly Report,EUR,2020-02-17T06:00:00Z,None,,,,false,false
,Foreign Securities Purchases,CAD,2020-02-17T08:30:00Z,None,4.82B,-1.77B,-9.57B,false,false
,Monetary Policy Meeting Minutes,AUD,2020-02-17T19:30:00Z,High,,,,false,false
,ECOFIN Meetings,EUR,2020-02-18T00:00:00Z,None,,,,true,false
,Unemployment Rate,GBP,2020-02-18T04:30:00Z,None,3.8%,3.8%,3.8%,false,false
,Claimant Count Change,GBP,2020-02-18T04:30:00Z,None,20.2K,2.6K,5.5K,false,false
,Average Earnings Index 3m/y,GBP,2020-02-18T04:30:00Z,None,3.1%,3.2%,2.9%,false,false
,German ZEW Economic Sentiment,EUR,2020-02-18T05:00:00Z,High,20.0,26.7,8.7,false,false
,ZEW Economic Sentiment,EUR,2020-02-18T05:00:00Z,None,21.3,25.6,10.4,false,false
,Manufacturing Sales m/m,CAD,2020-02-18T08:30:00Z,None,0.8%,-1.0%,-0.7%,false,false
,Empire State Manufacturing Index,USD,2020-02-18T08:30:00Z,None,5.1,4.8,12.9,false,false
,GDT Price Index,NZD,2020-02-18T09:54:00Z,None,,-4.7%,-2.9%,false,false
,NAHB Housing Market Index,USD,2020-02-18T10:00:00Z,None,75,75,74,false,false
,CB Leading Index m/m,AUD,2020-02-18T10:30:00Z,None,,-0.3%,0.0%,false,false
,FOMC Member Kashkari Speaks,USD,2020-02-18T14:00:00Z,None,,,,false,false
,TIC Long-Term Purchases,USD,2020-02-18T16:00:00Z,None,31.4B,27.1B,85.6B,false,false
,MI Leading Index m/m,AUD,2020-02-18T18:30:00Z,None,,0.0%,0.1%,false,false
,Core Machinery Orders m/m,JPY,2020-02-18T18:50:00Z,None,-9.0%,18.0%,-12.5%,false,false
,Trade Balance,JPY,2020-02-18T18:50:00Z,None,-0.55T,-0.11T,-0.22T,false,false
,Wage Price Index q/q,AUD,2020-02-18T19:30:00Z,High,0.5%,0.5%,0.5%,false,false
,Current Account,EUR,2020-02-19T04:00:00Z,None,34.5B,32.4B,32.6B,false,false
,CPI y/y,GBP,2020-02-19T04:30:00Z,High,1.6%,1.3%,1.8%,false,false
,Core CPI y/y,GBP,2020-02-19T04:30:00Z,None,1.5%,1.4%,1.6%,false,false
,HPI y/y,GBP,2020-02-19T04:30:00Z,None,2.3%,1.7%,2.2%,false,false
,PPI Output m/m,GBP,2020-02-19T04:30:00Z,None,0.1%,0.0%,0.3%,false,false
,RPI y/y,GBP,2020-02-19T04:30:00Z,None,2.5%,2.2%,2.7%,false,false
,PPI Input m/m,GBP,2020-02-19T04:30:00Z,None,-0.5%,0.9%,0.9%,false,false
,German 30-y Bond Auction,EUR,2020-02-19T05:35:00Z,None,,0.31|1.1,0.07|1.1,false,false
,Core PPI m/m,USD,2020-02-19T08:30:00Z,None,0.2%,0.1%,0.5%,false,false
,Median CPI y/y,CAD,2020-02-19T08:30:00Z,None,2.2%,2.2%,2.2%,false,false
,Trimmed CPI y/y,CAD,2020-02-19T08:30:00Z,None,2.2%,2.0%,2.1%,false,false
,Building Permits,USD,2020-02-19T08:30:00Z,None,1.45M,1.42M,1.55M,false,false
,Common CPI y/y,CAD,2020-02-19T08:30:00Z,None,2.0%,2.0%,1.8%,false,false
,PPI m/m,USD,2020-02-19T08:30:00Z,None,0.1%,0.1%,0.5%,false,false
,FOMC Member Mester Speaks,USD,2020-02-19T08:30:00Z,None,,,,false,false
,Housing Starts,USD,2020-02-19T08:30:00Z,None,1.40M,1.63M,1.57M,false,false
,CPI m/m,CAD,2020-02-19T08:30:00Z,High,0.2%,0.0%,0.3%,false,false
,Core CPI m/m,CAD,2020-02-19T08:32:00Z,None,,-0.4%,0.4%,false,false
,FOMC Member Kashkari Speaks,USD,2020-02-19T11:45:00Z,None,,,,false,false
,FOMC Member Kaplan Speaks,USD,2020-02-19T13:30:00Z,None,,,,false,false
,FOMC Meeting Minutes,USD,2020-02-19T14:00:00Z,High,,,,false,false
,API Weekly Statistical Bulletin,USD,2020-02-19T16:30:00Z,None,,,,false,false
,PPI Input q/q,NZD,2020-02-19T16:45:00Z,None,0.6%,0.9%,0.1%,false,false
,PPI Output q/q,NZD,2020-02-19T16:45:00Z,None,0.5%,1.0%,0.4%,false,false
,Employment Change,AUD,2020-02-19T19:30:00Z,High,10.0K,28.7K,13.5K,false,false
,Unemployment Rate,AUD,2020-02-19T19:30:00Z,High,5.2%,5.1%,5.3%,false,false
,1-y Loan Prime Rate,CNY,2020-02-19T20:30:00Z,None,4.05%,4.15%,4.05%,false,false
,5-y Loan Prime Rate,CNY,2020-02-19T20:30:00Z,None,4.75%,4.80%,4.75%,false,false
,German GfK Consumer Climate,EUR,2020-02-20T01:59:00Z,None,9.9,9.9,9.8,false,false
,Trade Balance,CHF,2020-02-20T02:00:00Z,None,2.54B,1.97B,4.78B,false,false
,German PPI m/m,EUR,2020-02-20T02:00:00Z,None,0.1%,0.1%,0.8%,false,false
,French Final CPI m/m,EUR,2020-02-20T02:45:00Z,None,-0.4%,-0.4%,-0.4%,false,false
,New Loans,CNY,2020-02-20T03:00:00Z,None,3100B,1140B,3340B,false,false
,M2 Money Supply y/y,CNY,2020-02-20T03:00:00Z,None,8.6%,8.7%,8.4%,false,false
,Retail Sales m/m,GBP,2020-02-20T04:30:00Z,High,0.7%,-0.5%,0.9%,false,false
,Spanish 10-y Bond Auction,EUR,2020-02-20T04:44:00Z,None,,0.35|1.6,0.24|2.3,false,false
,CBI Industrial Order Expectations,GBP,2020-02-20T06:00:00Z,None,-19,-22,-18,false,false
,ECB Monetary Policy Meeting Accounts,EUR,2020-02-20T07:30:00Z,High,,,,false,false
,NHPI m/m,CAD,2020-02-20T08:30:00Z,None,0.2%,0.2%,0.0%,false,false
,Unemployment Claims,USD,2020-02-20T08:30:00Z,None,210K,206K,210K,false,false
,Philly Fed Manufacturing Index,USD,2020-02-20T08:30:00Z,None,10.1,17.0,36.7,false,false
,ADP Non-Farm Employment Change,CAD,2020-02-20T08:34:00Z,None,,46.7K,25.9K,false,false
,Consumer Confidence,EUR,2020-02-20T09:57:00Z,None,-8,-8,-7,false,false
,CB Leading Index m/m,USD,2020-02-20T10:00:00Z,None,0.4%,-0.3%,0.8%,false,false
,Natural Gas Storage,USD,2020-02-20T10:30:00Z,None,-143B,-115B,-151B,false,false
,Crude Oil Inventories,USD,2020-02-20T11:00:00Z,None,3.3M,7.5M,0.4M,false,false
,Flash Manufacturing PMI,AUD,2020-02-20T17:00:00Z,None,,49.6,49.8,false,false
,Flash Services PMI,AUD,2020-02-20T17:00:00Z,None,,50.6,48.4,false,false
,RBNZ Gov Orr Speaks,NZD,2020-02-20T18:00:00Z,High,,,,false,false
,National Core CPI y/y,JPY,2020-02-20T18:30:00Z,None,0.7%,0.7%,0.8%,false,false
,Flash Manufacturing PMI,JPY,2020-02-20T19:30:00Z,None,47.9,48.8,47.6,false,false
,All Industries Activity m/m,JPY,2020-02-20T23:30:00Z,None,0.3%,0.9%,0.0%,false,false
,French Flash Services PMI,EUR,2020-02-21T03:15:00Z,High,51.4,51.0,52.6,false,false
,French Flash Manufacturing PMI,EUR,2020-02-21T03:15:00Z,None,50.8,51.1,49.7,false,false
,German Flash Manufacturing PMI,EUR,2020-02-21T03:30:00Z,High,44.8,45.3,47.8,false,false
,German Flash Services PMI,EUR,2020-02-21T03:30:00Z,High,53.9,54.2,53.3,false,false
,Flash Manufacturing PMI,EUR,2020-02-21T04:00:00Z,None,47.4,47.9,49.1,false,false
,Flash Services PMI,EUR,2020-02-21T04:00:00Z,None,52.4,52.5,52.8,false,false
,Flash Manufacturing PMI,GBP,2020-02-21T04:30:00Z,High,49.7,50.0,51.9,false,false
,Flash Services PMI,GBP,2020-02-21T04:30:00Z,High,53.4,53.9,53.3,false,false
,Public Sector Net Borrowing,GBP,2020-02-21T04:30:00Z,None,-12.0B,3.5B,-10.5B,false,false
,Final Core CPI y/y,EUR,2020-02-21T05:00:00Z,None,1.1%,1.1%,1.1%,false,false
,Final CPI y/y,EUR,2020-02-21T05:00:00Z,None,1.4%,1.4%,1.4%,false,false
,Core Retail Sales m/m,CAD,2020-02-21T08:30:00Z,High,0.4%,0.5%,0.5%,false,false
,Retail Sales m/m,CAD,2020-02-21T08:30:00Z,None,0.1%,1.1%,0.0%,false,false
,Belgian NBB Business Climate,EUR,2020-02-21T09:00:00Z,None,-2.8,-2.0,-2.7,false,false
,FOMC Member Kaplan Speaks,USD,2020-02-21T09:35:00Z,None,,,,false,false
,Flash Manufacturing PMI,USD,2020-02-21T09:45:00Z,High,51.5,51.9,50.8,false,false
,Flash Services PMI,USD,2020-02-21T09:45:00Z,None,53.3,53.3,49.4,false,false
,Existing Home Sales,USD,2020-02-21T10:00:00Z,None,5.46M,5.53M,5.46M,false,false
,FOMC Member Brainard Speaks,USD,2020-02-21T10:15:00Z,None,,,,false,false
,MPC Member Tenreyro Speaks,GBP,2020-02-21T13:30:00Z,None,,,,false,false
,FOMC Member Clarida Speaks,USD,2020-02-21T13:30:00Z,None,,,,false,false
,G20 Meetings,All,2020-02-22T00:00:00Z,None,,,,false,false
,G20 Meetings,All,2020-02-23T00:00:00Z,None,,,,false,false
,Bank Holiday,JPY,2020-02-23T00:00:00Z,None,,,,true,false
,Retail Sales q/q,NZD,2020-02-23T16:45:00Z,High,0.8%,1.7%,0.7%,false,false
,Core Retail Sales q/q,NZD,2020-02-23T16:49:00Z,None,0.9%,1.9%,0.5%,false,false
,Credit Card Spending y/y,NZD,2020-02-23T21:00:00Z,None,,3.5%,3.7%,false,false
,German ifo Business Climate,EUR,2020-02-24T04:00:00Z,High,95.0,96.0,96.1,false,false
,Wholesale Sales m/m,CAD,2020-02-24T08:30:00Z,None,0.5%,-1.1%,0.9%,false,false
,CB Leading Index m/m,CNY,2020-02-24T09:00:00Z,None,,1.5%,1.0%,false,false
,MPC Member Haldane Speaks,GBP,2020-02-24T13:30:00Z,None,,,,false,false
,FOMC Member Mester Speaks,USD,2020-02-24T15:00:00Z,None,,,,false,false
,SPPI y/y,JPY,2020-02-24T18:50:00Z,None,2.1%,2.1%,2.3%,false,false
,German Final GDP q/q,EUR,2020-02-25T02:00:00Z,None,0.0%,0.0%,0.0%,false,false
,10-y Bond Auction,GBP,2020-02-25T05:36:00Z,None,,0.50|2.3,0.51|2.2,false,false
,CBI Realized Sales,GBP,2020-02-25T06:00:00Z,None,4,0,1,false,false
,Corporate Profits q/q,CAD,2020-02-25T08:30:00Z,None,,0.4%,3.6%,false,false
,HPI m/m,USD,2020-02-25T09:00:00Z,None,0.4%,0.3%,0.6%,false,false
,S&P/CS Composite-20 HPI y/y,USD,2020-02-25T09:00:00Z,None,2.8%,2.5%,2.9%,false,false
,FOMC Member Kaplan Speaks,USD,2020-02-25T09:45:00Z,None,,,,false,false
,Richmond Manufacturing Index,USD,2020-02-25T09:59:00Z,None,10,20,-2,false,false
,CB Consumer Confidence,USD,2020-02-25T10:00:00Z,High,132.6,130.4,130.7,false,false
,Gov Council Member Lane Speaks,CAD,2020-02-25T12:15:00Z,None,,,,false,false
,FOMC Member Clarida Speaks,USD,2020-02-25T15:00:00Z,None,,,,false,false
,API Weekly Statistical Bulletin,USD,2020-02-25T16:30:00Z,None,,,,false,false
,BRC Shop Price Index y/y,GBP,2020-02-25T19:01:00Z,None,,-0.3%,-0.6%,false,false
,Construction Work Done q/q,AUD,2020-02-25T19:30:00Z,None,-1.0%,0.4%,-3.0%,false,false
,BOJ Core CPI y/y,JPY,2020-02-26T00:00:00Z,None,0.2%,0.3%,0.3%,false,false
,UBS Economic Expectations,CHF,2020-02-26T04:00:00Z,None,,8.3,7.7,false,false
,ECB President Lagarde Speaks,EUR,2020-02-26T08:30:00Z,High,,,,false,false
,FOMC Member Kaplan Speaks,USD,2020-02-26T09:45:00Z,None,,,,false,false
,New Home Sales,USD,2020-02-26T10:00:00Z,None,714K,708K,764K,false,false
,Crude Oil Inventories,USD,2020-02-26T10:30:00Z,None,2.3M,0.4M,0.5M,false,false
,FOMC Member Kashkari Speaks,USD,2020-02-26T13:00:00Z,None,,,,false,false
,Trade Balance,NZD,2020-02-26T16:45:00Z,None,-545M,384M,-340M,false,false
,ANZ Business Confidence,NZD,2020-02-26T19:00:00Z,High,,-13.2,-19.4,false,false
,Private Capital Expenditure q/q,AUD,2020-02-26T19:30:00Z,High,0.5%,-0.4%,-2.8%,false,false
,Spanish Flash CPI y/y,EUR,2020-02-27T03:00:00Z,None,0.8%,1.1%,0.8%,false,false
,M3 Money Supply y/y,EUR,2020-02-27T04:00:00Z,None,5.3%,4.9%,5.2%,false,false
,Private Loans y/y,EUR,2020-02-27T04:00:00Z,None,3.7%,3.6%,3.7%,false,false
,Italian 10-y Bond Auction,EUR,2020-02-27T05:19:00Z,None,,0.94|1.2,1.00|1.3,false,false
,MPC Member Cunliffe Speaks,GBP,2020-02-27T05:30:00Z,None,,,,false,false
,Current Account,CAD,2020-02-27T08:30:00Z,None,-9.0B,-10.9B,-8.8B,false,false
,Core Durable Goods Orders m/m,USD,2020-02-27T08:30:00Z,None,0.2%,0.1%,0.9%,false,false
,Durable Goods Orders m/m,USD,2020-02-27T08:30:00Z,None,-1.5%,2.9%,-0.2%,false,false
,Prelim GDP q/q,USD,2020-02-27T08:30:00Z,None,2.1%,2.1%,2.1%,false,false
,Prelim GDP Price Index q/q,USD,2020-02-27T08:30:00Z,None,1.4%,1.4%,1.3%,false,false
,Unemployment Claims,USD,2020-02-27T08:30:00Z,None,211K,211K,219K,false,false
,Pending Home Sales m/m,USD,2020-02-27T10:00:00Z,None,2.8%,-4.3%,5.2%,false,false
,Natural Gas Storage,USD,2020-02-27T10:30:00Z,None,-158B,-151B,-143B,false,false
,FOMC Member Mester Speaks,USD,2020-02-27T15:30:00Z,None,,,,false,false
,Tokyo Core CPI y/y,JPY,2020-02-27T18:30:00Z,None,0.6%,0.7%,0.5%,false,false
,Unemployment Rate,JPY,2020-02-27T18:30:00Z,None,2.2%,2.2%,2.4%,false,false
,Prelim Industrial Production m/m,JPY,2020-02-27T18:50:00Z,None,0.2%,1.2%,0.8%,false,false
,Retail Sales y/y,JPY,2020-02-27T18:50:00Z,None,-1.3%,-2.6%,-0.4%,false,false
,FOMC Member Mester Speaks,USD,2020-02-27T19:00:00Z,None,,,,false,false
,GfK Consumer Confidence,GBP,2020-02-27T19:01:00Z,None,-8,-9,-7,false,false
,Private Sector Credit m/m,AUD,2020-02-27T19:30:00Z,None,0.2%,0.2%,0.3%,false,false
,Housing Starts y/y,JPY,2020-02-28T00:00:00Z,None,-5.8%,-7.9%,-10.1%,false,false
,German Prelim CPI m/m,EUR,2020-02-28T00:00:00Z,None,0.3%,-0.6%,0.4%,true,false
,Nationwide HPI m/m,GBP,2020-02-28T01:59:00Z,None,0.4%,0.5%,0.3%,false,false
,German Import Prices m/m,EUR,2020-02-28T02:00:00Z,None,0.1%,0.2%,-0.4%,false,false
,Retail Sales y/y,CHF,2020-02-28T02:30:00Z,None,0.1%,0.8%,-0.1%,false,false
,French Consumer Spending m/m,EUR,2020-02-28T02:45:00Z,None,-0.1%,-0.3%,-1.1%,false,false
,French Prelim CPI m/m,EUR,2020-02-28T02:45:00Z,None,0.0%,-0.4%,0.0%,false,false
,French Prelim GDP q/q,EUR,2020-02-28T02:45:00Z,None,-0.1%,-0.1%,-0.1%,false,false
,KOF Economic Barometer,CHF,2020-02-28T03:00:00Z,None,97.6,100.1,100.9,false,false
,German Unemployment Change,EUR,2020-02-28T03:55:00Z,None,4K,-4K,-10K,false,false
,German Buba President Weidmann Speaks,EUR,2020-02-28T05:00:00Z,None,,,,false,false
,Italian Prelim CPI m/m,EUR,2020-02-28T05:00:00Z,None,0.1%,0.1%,0.0%,false,false
,MPC Member Haldane Speaks,GBP,2020-02-28T06:15:00Z,None,,,,false,false
,GDP m/m,CAD,2020-02-28T08:30:00Z,High,0.1%,0.1%,0.3%,false,false
,RMPI m/m,CAD,2020-02-28T08:30:00Z,None,2.1%,2.7%,-2.2%,false,false
,IPPI m/m,CAD,2020-02-28T08:30:00Z,None,0.1%,0.3%,-0.3%,false,false
,Core PCE Price Index m/m,USD,2020-02-28T08:30:00Z,None,0.2%,0.2%,0.1%,false,false
,Personal Spending m/m,USD,2020-02-28T08:30:00Z,None,0.3%,0.4%,0.2%,false,false
,Goods Trade Balance,USD,2020-02-28T08:30:00Z,None,-68.5B,-68.7B,-65.5B,false,false
,Personal Income m/m,USD,2020-02-28T08:30:00Z,None,0.3%,0.1%,0.6%,false,false
,Prelim Wholesale Inventories m/m,USD,2020-02-28T08:30:00Z,None,0.1%,-0.2%,-0.2%,false,false
,Chicago PMI,USD,2020-02-28T09:45:00Z,None,46.1,42.9,49.0,false,false
,Revised UoM Consumer Sentiment,USD,2020-02-28T10:00:00Z,None,100.7,100.9,101.0,false,false
,Revised UoM Inflation Expectations,USD,2020-02-28T10:00:00Z,None,,2.5%,2.4%,false,false
,MPC Member Cunliffe Speaks,GBP,2020-02-28T11:15:00Z,None,,,,false,false
,Fed Announcement,USD,2020-02-28T14:30:00Z,High,,,,false,false
,Manufacturing PMI,CNY,2020-02-28T20:00:00Z,High,45.1,50.0,35.7,false,false
,Non-Manufacturing PMI,CNY,2020-02-28T20:00:00Z,High,51.4,54.1,29.6,false,false
,AIG Manufacturing Index,AUD,2020-03-01T16:30:00Z,None,,45.4,44.3,false,false
,Overseas Trade Index q/q,NZD,2020-03-01T16:45:00Z,None,0.8%,1.7%,2.6%,false,false
,Capital Spending q/y,JPY,2020-03-01T18:50:00Z,None,-2.5%,7.1%,-3.5%,false,false
,MI Inflation Gauge m/m,AUD,2020-03-01T19:00:00Z,None,,0.3%,-0.1%,false,false
,Company Operating Profits q/q,AUD,2020-03-01T19:30:00Z,None,-1.2%,-0.6%,-3.5%,false,false
,ANZ Job Advertisements m/m,AUD,2020-03-01T19:30:00Z,None,,4.0%,0.7%,false,false
,Final Manufacturing PMI,JPY,2020-03-01T19:30:00Z,None,47.6,47.6,47.8,false,false
,RatingDog Manufacturing PMI,CNY,2020-03-01T20:45:00Z,High,46.1,51.1,40.3,false,false
,Commodity Prices y/y,AUD,2020-03-02T00:30:00Z,None,,-2.6%,-6.1%,false,false
,Spanish Manufacturing PMI,EUR,2020-03-02T03:15:00Z,None,48.9,48.5,50.4,false,false
,Manufacturing PMI,CHF,2020-03-02T03:30:00Z,None,47.9,47.8,49.5,false,false
,Italian Manufacturing PMI,EUR,2020-03-02T03:45:00Z,None,48.0,48.9,48.7,false,false
,French Final Manufacturing PMI,EUR,2020-03-02T03:50:00Z,None,49.7,49.7,49.8,false,false
,German Final Manufacturing PMI,EUR,2020-03-02T03:55:00Z,None,47.8,47.8,48.0,false,false
,Final Manufacturing PMI,EUR,2020-03-02T04:00:00Z,None,49.1,49.1,49.2,false,false
,Final Manufacturing PMI,GBP,2020-03-02T04:30:00Z,None,51.9,51.9,51.7,false,false
,M4 Money Supply m/m,GBP,2020-03-02T04:30:00Z,None,0.2%,0.1%,0.6%,false,false
,Mortgage Approvals,GBP,2020-03-02T04:30:00Z,None,68K,68K,71K,false,false
,Net Lending to Individuals m/m,GBP,2020-03-02T04:32:00Z,None,5.9B,5.7B,5.2B,false,false
,Manufacturing PMI,CAD,2020-03-02T09:30:00Z,None,,50.6,51.8,false,false
,Final Manufacturing PMI,USD,2020-03-02T09:45:00Z,None,50.8,50.8,50.7,false,false
,ISM Manufacturing PMI,USD,2020-03-02T10:00:00Z,High,50.5,50.9,50.1,false,false
,Construction Spending m/m,USD,2020-03-02T10:00:00Z,None,0.6%,0.2%,1.8%,false,false
,ISM Manufacturing Prices,USD,2020-03-02T10:00:00Z,None,51.2,53.3,45.9,false,false
,Monetary Base y/y,JPY,2020-03-02T18:50:00Z,None,3.0%,2.9%,3.6%,false,false
,Building Approvals m/m,AUD,2020-03-02T19:30:00Z,High,1.1%,3.9%,-15.3%,false,false
,Current Account,AUD,2020-03-02T19:30:00Z,None,2.3B,6.5B,1.0B,false,false
,Cash Rate,AUD,2020-03-02T22:30:00Z,High,0.50%,0.75%,0.50%,false,false
,RBA Rate Statement,AUD,2020-03-02T22:30:00Z,High,,,,false,false
,10-y Bond Auction,JPY,2020-03-02T22:35:00Z,None,,-0.05|3.6,-0.10|3.2,false,false
,G7 Meetings,All,2020-03-03T00:00:00Z,High,,,,true,false
,Consumer Confidence,JPY,2020-03-03T00:00:00Z,None,38.4,39.1,38.4,false,false
,Omdia Total Vehicle Sales,USD,2020-03-03T00:00:00Z,None,16.8M,16.8M,16.8M,true,false
,GDP q/q,CHF,2020-03-03T01:45:00Z,None,0.2%,0.4%,0.3%,false,false
,French Gov Budget Balance,EUR,2020-03-03T02:45:00Z,None,,-92.8B,-20.0B,false,false
,Spanish Unemployment Change,EUR,2020-03-03T03:00:00Z,None,8.2K,90.2K,-7.8K,false,false
,Italian Monthly Unemployment Rate,EUR,2020-03-03T04:00:00Z,None,9.8%,9.8%,9.8%,false,false
,Construction PMI,GBP,2020-03-03T04:30:00Z,None,49.0,48.4,52.6,false,false
,Monetary Policy Report Hearings,GBP,2020-03-03T04:30:00Z,High,,,,false,false
,Core CPI Flash Estimate y/y,EUR,2020-03-03T05:00:00Z,None,1.2%,1.1%,1.2%,false,false
,PPI m/m,EUR,2020-03-03T05:00:00Z,None,0.5%,0.1%,0.4%,false,false
,Unemployment Rate,EUR,2020-03-03T05:00:00Z,None,7.4%,7.4%,7.4%,false,false
,CPI Flash Estimate y/y,EUR,2020-03-03T05:00:00Z,None,1.4%,1.4%,1.2%,false,false
,GDT Price Index,NZD,2020-03-03T09:38:00Z,None,,-2.9%,-1.2%,false,false
,Federal Funds Rate,USD,2020-03-03T10:00:00Z,High,,1.75%,1.25%,false,false
,FOMC Statement,USD,2020-03-03T10:00:00Z,High,,,,false,false
,RCM/TIPP Economic Optimism,USD,2020-03-03T10:00:00Z,None,58.1,59.8,53.9,false,false
,FOMC Press Conference,USD,2020-03-03T11:00:00Z,High,,,,false,false
,FOMC Member Mester Speaks,USD,2020-03-03T14:50:00Z,None,,,,false,false
,AIG Construction Index,AUD,2020-03-03T16:30:00Z,None,,41.3,42.7,false,false
,API Weekly Statistical Bulletin,USD,2020-03-03T16:30:00Z,None,,,,false,false
,Building Consents m/m,NZD,2020-03-03T16:45:00Z,None,,9.8%,-2.0%,false,false
,ANZ Commodity Prices m/m,NZD,2020-03-03T19:00:00Z,None,,-0.9%,-2.1%,false,false
,GDP q/q,AUD,2020-03-03T19:30:00Z,High,0.4%,0.6%,0.5%,false,false
,RatingDog Services PMI,CNY,2020-03-03T20:45:00Z,None,48.0,51.8,26.5,false,false
,OPEC-JMMC Meetings,All,2020-03-04T00:00:00Z,None,,,,true,false
,German Retail Sales m/m,EUR,2020-03-04T02:00:00Z,None,1.0%,-2.0%,0.9%,false,false
,CPI m/m,CHF,2020-03-04T02:30:00Z,None,0.2%,-0.2%,0.1%,false,false
,Spanish Services PMI,EUR,2020-03-04T03:15:00Z,None,52.5,52.3,52.1,false,false
,Italian Services PMI,EUR,2020-03-04T03:45:00Z,None,51.4,51.4,52.1,false,false
,French Final Services PMI,EUR,2020-03-04T03:50:00Z,None,52.6,52.6,52.5,false,false
,German Final Services PMI,EUR,2020-03-04T03:55:00Z,None,53.3,53.3,52.5,false,false
,Final Services PMI,EUR,2020-03-04T04:00:00Z,None,52.8,52.8,52.6,false,false
,Final Services PMI,GBP,2020-03-04T04:30:00Z,None,53.2,53.3,53.2,false,false
,Retail Sales m/m,EUR,2020-03-04T05:00:00Z,None,0.6%,-1.1%,0.6%,false,false
,ADP Non-Farm Employment Change,USD,2020-03-04T08:15:00Z,High,170K,209K,183K,false,false
,Labor Productivity q/q,CAD,2020-03-04T08:30:00Z,None,0.2%,0.2%,-0.1%,false,false
,BOE Gov Bailey Speaks,GBP,2020-03-04T09:15:00Z,High,,,,false,false
,Final Services PMI,USD,2020-03-04T09:45:00Z,None,49.4,49.4,49.4,false,false
,BOC Rate Statement,CAD,2020-03-04T10:00:00Z,High,,,,false,false
,Overnight Rate,CAD,2020-03-04T10:00:00Z,High,1.25%,1.75%,1.25%,false,false
,ISM Services PMI,USD,2020-03-04T10:00:00Z,High,54.9,55.5,57.3,false,false
,Crude Oil Inventories,USD,2020-03-04T10:30:00Z,None,2.8M,0.5M,0.8M,false,false
,MPC Member Broadbent Speaks,GBP,2020-03-04T13:00:00Z,None,,,,false,false
,Beige Book,USD,2020-03-04T14:00:00Z,None,,,,false,false
,Goods Trade Balance,AUD,2020-03-04T19:30:00Z,High,4.80B,5.38B,5.21B,false,false
,30-y Bond Auction,JPY,2020-03-04T22:35:00Z,None,,0.43|3.7,0.34|3.6,false,false
,OPEC Meetings,All,2020-03-05T00:00:00Z,High,,,,true,false
,Spanish 10-y Bond Auction,EUR,2020-03-05T04:48:00Z,None,,0.24|2.3,0.17|1.4,false,false
,French 10-y Bond Auction,EUR,2020-03-05T05:01:00Z,None,,-0.11|2.2,-0.32|2.2,false,false
,Challenger Job Cuts y/y,USD,2020-03-05T07:30:00Z,None,,27.8%,-26.3%,false,false
,MPC Member Haldane Speaks,GBP,2020-03-05T08:00:00Z,None,,,,false,false
,Revised Nonfarm Productivity q/q,USD,2020-03-05T08:30:00Z,None,1.4%,1.4%,1.2%,false,false
,Revised Unit Labor Costs q/q,USD,2020-03-05T08:30:00Z,None,1.5%,1.4%,0.9%,false,false
,Unemployment Claims,USD,2020-03-05T08:30:00Z,None,215K,219K,216K,false,false
,Factory Orders m/m,USD,2020-03-05T10:00:00Z,None,-0.2%,1.9%,-0.5%,false,false
,Natural Gas Storage,USD,2020-03-05T10:30:00Z,None,-112B,-143B,-109B,false,false
,BOE Gov Carney Speaks,GBP,2020-03-05T12:00:00Z,High,,,,false,false
,BOC Gov Poloz Speaks,CAD,2020-03-05T12:45:00Z,High,,,,false,false
,AIG Services Index,AUD,2020-03-05T16:30:00Z,None,,47.4,47.0,false,false
,Average Cash Earnings y/y,JPY,2020-03-05T18:30:00Z,None,0.2%,-0.2%,1.5%,false,false
,Household Spending y/y,JPY,2020-03-05T18:30:00Z,None,-3.9%,-4.8%,-3.9%,false,false
,FOMC Member Kaplan Speaks,USD,2020-03-05T18:30:00Z,None,,,,false,false
,Retail Sales m/m,AUD,2020-03-05T19:30:00Z,High,0.0%,-0.7%,-0.3%,false,false
,FOMC Member Kashkari Speaks,USD,2020-03-05T20:00:00Z,None,,,,false,false
,FOMC Member Williams Speaks,USD,2020-03-05T20:45:00Z,None,,,,false,false
,OPEC-JMMC Meetings,All,2020-03-06T00:00:00Z,None,,,,true,false
,G20 Meetings,All,2020-03-06T00:00:00Z,None,,,,true,false
,Leading Indicators,JPY,2020-03-06T00:02:00Z,None,91.3%,91.6%,90.3%,false,false
,German Factory Orders m/m,EUR,2020-03-06T02:00:00Z,None,1.5%,-2.1%,5.5%,false,false
,French Trade Balance,EUR,2020-03-06T02:45:00Z,None,-4.9B,-3.7B,-5.9B,false,false
,Foreign Currency Reserves,CHF,2020-03-06T03:00:00Z,None,,764B,769B,false,false
,Lloyds HPI m/m,GBP,2020-03-06T03:30:00Z,None,0.3%,0.4%,0.3%,false,false
,Italian Retail Sales m/m,EUR,2020-03-06T04:03:00Z,None,0.3%,0.5%,0.0%,false,false
,Average Hourly Earnings m/m,USD,2020-03-06T08:30:00Z,High,0.3%,0.2%,0.3%,false,false
,Unemployment Rate,CAD,2020-03-06T08:30:00Z,High,5.6%,5.5%,5.6%,false,false
,Non-Farm Employment Change,USD,2020-03-06T08:30:00Z,High,175K,273K,273K,false,false
,Unemployment Rate,USD,2020-03-06T08:30:00Z,High,3.6%,3.6%,3.5%,false,false
,Trade Balance,USD,2020-03-06T08:30:00Z,None,-46.3B,-48.6B,-45.3B,false,false
,Trade Balance,CAD,2020-03-06T08:30:00Z,High,-0.8B,-0.7B,-1.5B,false,false
,Employment Change,CAD,2020-03-06T08:30:00Z,High,10.5K,34.5K,30.3K,false,false
,Ivey PMI,CAD,2020-03-06T10:00:00Z,None,55.2,57.3,54.1,false,false
,Final Wholesale Inventories m/m,USD,2020-03-06T10:00:00Z,None,-0.2%,-0.2%,-0.4%,false,false
,FOMC Member Williams Speaks,USD,2020-03-06T14:00:00Z,None,,,,false,false
,Consumer Credit m/m,USD,2020-03-06T15:00:00Z,None,16.6B,20.3B,12.0B,false,false
,Trade Balance,CNY,2020-03-06T22:04:00Z,High,,329B,-43B,false,false
,USD-Denominated Trade Balance,CNY,2020-03-06T22:05:00Z,None,,46.8B,-7.1B,false,false
,Daylight Saving Time Shift,CAD,2020-03-08T03:00:00Z,None,,,,false,false
,Daylight Saving Time Shift,USD,2020-03-08T03:00:00Z,None,,,,false,false
,Bank Lending y/y,JPY,2020-03-08T19:50:00Z,None,1.9%,1.9%,2.1%,false,false
,Current Account,JPY,2020-03-08T19:50:00Z,None,1.66T,1.85T,1.63T,false,false
,Final GDP q/q,JPY,2020-03-08T19:50:00Z,None,-1.7%,-1.6%,-1.8%,false,false
,Final GDP Price Index y/y,JPY,2020-03-08T19:52:00Z,None,1.3%,1.3%,1.2%,false,false
,Economy Watchers Sentiment,JPY,2020-03-09T01:03:00Z,None,35.6,41.9,27.4,false,false
,Unemployment Rate,CHF,2020-03-09T02:45:00Z,None,2.3%,2.3%,2.3%,false,false
,German Industrial Production m/m,EUR,2020-03-09T03:00:00Z,None,1.7%,-2.2%,3.0%,false,false
,German Trade Balance,EUR,2020-03-09T03:00:00Z,None,18.8B,19.0B,18.5B,false,false
,Sentix Investor Confidence,EUR,2020-03-09T05:30:00Z,None,-11.0,5.2,-17.1,false,false
,Housing Starts,CAD,2020-03-09T08:13:00Z,None,217K,214K,210K,false,false
,Building Permits m/m,CAD,2020-03-09T08:30:00Z,None,-2.9%,9.9%,4.0%,false,false
,Manufacturing Sales q/q,NZD,2020-03-09T17:45:00Z,None,,1.2%,2.4%,false,false
,President Trump Speaks,USD,2020-03-09T18:34:00Z,High,,,,false,false
,M2 Money Stock y/y,JPY,2020-03-09T19:50:00Z,None,2.8%,2.8%,3.0%,false,false
,BRC Retail Sales Monitor y/y,GBP,2020-03-09T20:01:00Z,None,0.2%,0.0%,-0.4%,false,false
,NAB Business Confidence,AUD,2020-03-09T20:30:00Z,None,,-1,-4,false,false
,NFIB Small Business Index,USD,2020-03-09T20:38:00Z,None,102.7,104.3,104.5,false,false
,RBNZ Gov Orr Speaks,NZD,2020-03-09T21:00:00Z,High,,,,false,false
,CPI y/y,CNY,2020-03-09T21:30:00Z,None,5.2%,5.4%,5.2%,false,false
,PPI y/y,CNY,2020-03-09T21:30:00Z,None,-0.3%,0.1%,-0.4%,false,false
,Prelim Machine Tool Orders y/y,JPY,2020-03-10T02:03:00Z,None,,-35.6%,-30.1%,false,false
,French Final Private Payrolls q/q,EUR,2020-03-10T02:30:00Z,None,0.2%,0.2%,0.5%,false,false
,French Industrial Production m/m,EUR,2020-03-10T03:45:00Z,None,1.8%,-2.5%,1.2%,false,false
,Italian Industrial Production m/m,EUR,2020-03-10T05:00:00Z,None,1.6%,-2.6%,3.7%,false,false
,Final Employment Change q/q,EUR,2020-03-10T06:00:00Z,None,0.3%,0.3%,0.3%,false,false
,Revised GDP q/q,EUR,2020-03-10T06:00:00Z,None,0.1%,0.1%,0.1%,false,false
,10-y Bond Auction,GBP,2020-03-10T06:39:00Z,None,,0.51|2.2,0.31|2.2,false,false
,API Weekly Statistical Bulletin,USD,2020-03-10T16:30:00Z,None,,,,false,false
,RBA Deputy Gov Debelle Speaks,AUD,2020-03-10T18:00:00Z,None,,,,false,false
,Westpac Consumer Sentiment,AUD,2020-03-10T19:30:00Z,None,,2.3%,-3.8%,false,false
,Monetary Policy Summary,GBP,2020-03-11T03:00:00Z,High,,,,false,false
,MPC Official Bank Rate Votes,GBP,2020-03-11T03:00:00Z,High,,0-2-7,0-9-0,false,false
,Official Bank Rate,GBP,2020-03-11T03:00:00Z,High,,0.75%,0.25%,false,false
,Asset Purchase Facility,GBP,2020-03-11T03:00:00Z,None,,435B,435B,false,false
,MPC Asset Purchase Facility Votes,GBP,2020-03-11T03:00:00Z,None,,0-0-9,0-0-9,false,false
,New Loans,CNY,2020-03-11T04:00:00Z,None,1100B,3340B,906B,false,false
,M2 Money Supply y/y,CNY,2020-03-11T04:00:00Z,None,8.5%,8.4%,8.8%,false,false
,BOE Gov Carney Speaks,GBP,2020-03-11T05:00:00Z,High,,,,false,false
,Goods Trade Balance,GBP,2020-03-11T05:30:00Z,None,-7.2B,-1.4B,-3.7B,false,false
,Manufacturing Production m/m,GBP,2020-03-11T05:30:00Z,None,0.2%,0.3%,0.2%,false,false
,Construction Output m/m,GBP,2020-03-11T05:30:00Z,None,0.2%,0.4%,-0.8%,false,false
,GDP m/m,GBP,2020-03-11T05:30:00Z,None,0.2%,0.3%,0.0%,false,false
,Index of Services 3m/3m,GBP,2020-03-11T05:30:00Z,None,0.1%,0.1%,0.0%,false,false
,Industrial Production m/m,GBP,2020-03-11T05:30:00Z,None,0.3%,0.1%,-0.1%,false,false
,German 10-y Bond Auction,EUR,2020-03-11T06:34:00Z,None,,-0.38|1.2,-0.77|1.0,false,false
,Annual Budget Release,GBP,2020-03-11T08:30:00Z,High,,,,false,false
,Capacity Utilization Rate,CAD,2020-03-11T08:30:00Z,None,80.9%,81.5%,81.2%,false,false
,Core CPI m/m,USD,2020-03-11T08:30:00Z,High,0.2%,0.2%,0.2%,false,false
,Core CPI y/y,USD,2020-03-11T08:30:00Z,High,2.3%,2.3%,2.4%,false,false
,CPI m/m,USD,2020-03-11T08:30:00Z,High,0.0%,0.1%,0.1%,false,false
,CPI y/y,USD,2020-03-11T08:30:00Z,High,2.2%,2.5%,2.3%,false,false
,NIESR GDP Estimate,GBP,2020-03-11T09:02:00Z,None,,0.0%,0.2%,false,false
,Treasury Sec Mnuchin Speaks,USD,2020-03-11T10:00:00Z,High,,,,false,false
,Crude Oil Inventories,USD,2020-03-11T10:30:00Z,None,2.0M,0.8M,7.7M,false,false
,10-y Bond Auction,USD,2020-03-11T13:01:00Z,None,,1.62|2.6,0.85|2.4,false,false
,Federal Budget Balance,USD,2020-03-11T13:59:00Z,None,-238.1B,-32.6B,-235.3B,false,false
,PPI y/y,JPY,2020-03-11T19:50:00Z,None,1.1%,1.5%,0.8%,false,false
,BSI Manufacturing Index,JPY,2020-03-11T19:50:00Z,None,-10.2,-7.8,-17.2,false,false
,MI Inflation Expectations,AUD,2020-03-11T20:00:00Z,None,,4.0%,4.0%,false,false
,RICS House Price Balance,GBP,2020-03-11T20:01:00Z,None,20%,18%,29%,false,false
,President Trump Speaks,USD,2020-03-11T21:00:00Z,High,,,,false,false
,Italian Quarterly Unemployment Rate,EUR,2020-03-12T05:00:00Z,None,9.8%,9.8%,9.7%,false,false
,Industrial Production m/m,EUR,2020-03-12T06:00:00Z,None,1.4%,-1.8%,2.3%,false,false
,Italian 10-y Bond Auction,EUR,2020-03-12T06:22:00Z,None,,1.00|1.3,1.29|1.5,false,false
,Unemployment Claims,USD,2020-03-12T08:30:00Z,None,219K,215K,211K,false,false
,Core PPI m/m,USD,2020-03-12T08:30:00Z,None,0.1%,0.5%,-0.3%,false,false
,PPI m/m,USD,2020-03-12T08:30:00Z,None,-0.1%,0.5%,-0.6%,false,false
,Main Refinancing Rate,EUR,2020-03-12T08:45:00Z,High,0.00%,0.00%,0.00%,false,false
,Monetary Policy Statement,EUR,2020-03-12T08:45:00Z,High,,,,false,false
,ECB Press Conference,EUR,2020-03-12T09:30:00Z,High,,,,false,false
,Natural Gas Storage,USD,2020-03-12T10:30:00Z,None,-55B,-109B,-48B,false,false
,30-y Bond Auction,USD,2020-03-12T13:01:00Z,None,,2.06|2.4,1.32|2.4,false,false
,BusinessNZ Manufacturing Index,NZD,2020-03-12T17:30:00Z,None,,49.8,53.2,false,false
,FPI m/m,NZD,2020-03-12T17:45:00Z,None,,2.1%,0.0%,false,false
,Tertiary Industry Activity m/m,JPY,2020-03-13T00:30:00Z,None,0.0%,-0.3%,0.8%,false,false
,German Final CPI m/m,EUR,2020-03-13T03:00:00Z,None,0.4%,0.4%,0.4%,false,false
,German WPI m/m,EUR,2020-03-13T03:00:00Z,None,-0.8%,1.0%,-0.9%,false,false
,Foreign Direct Investment ytd/y,CNY,2020-03-13T03:36:00Z,None,,4.0%,-8.6%,false,false
,French Final CPI m/m,EUR,2020-03-13T03:45:00Z,None,0.0%,0.0%,0.0%,false,false
,Import Prices m/m,USD,2020-03-13T08:30:00Z,None,-1.0%,0.1%,-0.5%,false,false
,CB Leading Index m/m,GBP,2020-03-13T09:30:00Z,None,,0.1%,0.1%,false,false
,Prelim UoM Consumer Sentiment,USD,2020-03-13T10:00:00Z,None,95.0,101.0,95.9,false,false
,Prelim UoM Inflation Expectations,USD,2020-03-13T10:00:00Z,None,,2.4%,2.3%,false,false
,BOC Rate Statement,CAD,2020-03-13T14:08:00Z,High,,,,false,false
,Overnight Rate,CAD,2020-03-13T14:08:00Z,High,,1.25%,0.75%,false,false
,BOC Gov Poloz Speaks,CAD,2020-03-13T14:13:00Z,High,,,,false,false
,President Trump Speaks,USD,2020-03-13T15:30:00Z,High,,,,false,false
,RBNZ Rate Statement,NZD,2020-03-15T15:00:00Z,High,,,,false,false
,Official Cash Rate,NZD,2020-03-15T15:00:00Z,High,,1.00%,0.25%,false,false
,Federal Funds Rate,USD,2020-03-15T17:00:00Z,High,,1.25%,<0.25%,false,false
,FOMC Statement,USD,2020-03-15T17:00:00Z,High,,,,false,false
,Fed Announcement,USD,2020-03-15T17:00:00Z,High,,,,false,false
,President Trump Speaks,USD,2020-03-15T17:17:00Z,High,,,,false,false
,BusinessNZ Services Index,NZD,2020-03-15T17:30:00Z,None,,57.2,52.0,false,false
,Visitor Arrivals m/m,NZD,2020-03-15T17:48:00Z,None,,0.4%,-0.6%,false,false
,RBNZ Press Conference,NZD,2020-03-15T18:00:00Z,High,,,,false,false
,FOMC Press Conference,USD,2020-03-15T18:30:00Z,High,,,,false,false
,Core Machinery Orders m/m,JPY,2020-03-15T19:50:00Z,None,-1.0%,-12.5%,2.9%,false,false
,Rightmove HPI m/m,GBP,2020-03-15T20:01:00Z,None,,0.8%,1.0%,false,false
,New Home Prices m/m,CNY,2020-03-15T21:30:00Z,None,,0.27%,0.02%,false,false
,Unemployment Rate,CNY,2020-03-15T22:00:00Z,None,,5.2%,6.2%,false,false
,Industrial Production y/y,CNY,2020-03-15T22:00:00Z,High,-3.0%,6.9%,-13.5%,false,false
,Fixed Asset Investment ytd/y,CNY,2020-03-15T22:00:00Z,None,-2.0%,5.4%,-24.5%,false,false
,Retail Sales y/y,CNY,2020-03-15T22:00:00Z,None,-4.0%,8.0%,-20.5%,false,false
,NBS Press Conference,CNY,2020-03-15T22:01:00Z,None,,,,false,false
,G7 Meetings,All,2020-03-16T00:00:00Z,High,,,,true,false
,Eurogroup Meetings,EUR,2020-03-16T00:00:00Z,None,,,,true,false
,BOJ Policy Rate,JPY,2020-03-16T01:06:00Z,High,-0.10%,-0.10%,-0.10%,false,false
,Monetary Policy Statement,JPY,2020-03-16T01:06:00Z,High,,,,false,false
,BOJ Press Conference,JPY,2020-03-16T03:00:00Z,None,,,,false,false
,PPI m/m,CHF,2020-03-16T03:30:00Z,None,0.2%,0.0%,-0.9%,false,false
,Empire State Manufacturing Index,USD,2020-03-16T08:30:00Z,None,5.1,12.9,-21.5,false,false
,President Trump Speaks,USD,2020-03-16T15:25:00Z,High,,,,false,false
,Westpac Consumer Sentiment,NZD,2020-03-16T16:00:00Z,None,,109.9,104.2,false,false
,TIC Long-Term Purchases,USD,2020-03-16T16:00:00Z,None,72.5B,85.6B,20.9B,false,false
,HPI q/q,AUD,2020-03-16T20:30:00Z,None,4.5%,2.4%,3.9%,false,false
,Monetary Policy Meeting Minutes,AUD,2020-03-16T20:30:00Z,High,,,,false,false
,EU Economic Summit,EUR,2020-03-17T00:00:00Z,High,,,,true,false
,ECOFIN Meetings,EUR,2020-03-17T00:00:00Z,None,,,,true,false
,Revised Industrial Production m/m,JPY,2020-03-17T00:30:00Z,None,0.8%,0.8%,1.0%,false,false
,Average Earnings Index 3m/y,GBP,2020-03-17T05:30:00Z,None,3.0%,2.9%,3.1%,false,false
,Claimant Count Change,GBP,2020-03-17T05:30:00Z,None,6.2K,-0.2K,17.3K,false,false
,Unemployment Rate,GBP,2020-03-17T05:30:00Z,None,3.8%,3.8%,3.9%,false,false
,German ZEW Economic Sentiment,EUR,2020-03-17T06:00:00Z,High,-29.7,8.7,-49.5,false,false
,ZEW Economic Sentiment,EUR,2020-03-17T06:00:00Z,None,-23.1,10.4,-49.5,false,false
,30-y Bond Auction,GBP,2020-03-17T06:30:00Z,None,,1.25|1.7,1.03|2.1,false,false
,Foreign Securities Purchases,CAD,2020-03-17T08:30:00Z,None,-12.78B,-10.22B,17.01B,false,false
,Core Retail Sales m/m,USD,2020-03-17T08:30:00Z,High,0.1%,0.6%,-0.4%,false,false
,Retail Sales m/m,USD,2020-03-17T08:30:00Z,High,0.2%,0.6%,-0.5%,false,false
,Manufacturing Sales m/m,CAD,2020-03-17T08:30:00Z,None,-0.6%,-0.7%,-0.2%,false,false
,Capacity Utilization Rate,USD,2020-03-17T09:15:00Z,None,77.1%,76.6%,77.0%,false,false
,Industrial Production m/m,USD,2020-03-17T09:15:00Z,None,0.4%,-0.5%,0.6%,false,false
,Business Inventories m/m,USD,2020-03-17T10:00:00Z,None,-0.1%,0.0%,-0.1%,false,false
,JOLTS Job Openings,USD,2020-03-17T10:00:00Z,None,6.40M,6.55M,6.96M,false,false
,NAHB Housing Market Index,USD,2020-03-17T10:00:00Z,None,74,74,72,false,false
,Fed Announcement,USD,2020-03-17T10:45:00Z,High,,,,false,false
,GDT Price Index,NZD,2020-03-17T11:01:00Z,None,,-1.2%,-3.9%,false,false
,President Trump Speaks,USD,2020-03-17T11:40:00Z,High,,,,false,false
,API Weekly Statistical Bulletin,USD,2020-03-17T16:30:00Z,None,,,,false,false
,Current Account,NZD,2020-03-17T17:45:00Z,None,-2.83B,-6.26B,-2.66B,false,false
,Fed Announcement,USD,2020-03-17T18:00:00Z,High,,,,false,false
,MI Leading Index m/m,AUD,2020-03-17T19:30:00Z,None,,0.0%,-0.4%,false,false
,Trade Balance,JPY,2020-03-17T19:50:00Z,None,0.54T,-0.08T,0.50T,false,false
,Retail Sales m/m,AUD,2020-03-17T20:30:00Z,High,0.4%,-0.3%,0.4%,false,false
,Trade Balance,EUR,2020-03-18T06:00:00Z,None,19.3B,21.5B,17.3B,false,false
,Final CPI y/y,EUR,2020-03-18T06:00:00Z,None,1.2%,1.2%,1.2%,false,false
,Final Core CPI y/y,EUR,2020-03-18T06:00:00Z,None,1.2%,1.2%,1.2%,false,false
,Italian Trade Balance,EUR,2020-03-18T06:03:00Z,None,4.23B,5.01B,0.54B,false,false
,German 30-y Bond Auction,EUR,2020-03-18T06:37:00Z,None,,0.07|1.1,0.01|1.1,false,false
,Housing Starts,USD,2020-03-18T08:30:00Z,None,1.51M,1.62M,1.60M,false,false
,Building Permits,USD,2020-03-18T08:30:00Z,None,1.50M,1.55M,1.46M,false,false
,Core CPI m/m,CAD,2020-03-18T08:30:00Z,None,,0.4%,0.7%,false,false
,CPI m/m,CAD,2020-03-18T08:30:00Z,High,0.4%,0.3%,0.4%,false,false
,Common CPI y/y,CAD,2020-03-18T08:32:00Z,None,1.8%,1.8%,1.8%,false,false
,Trimmed CPI y/y,CAD,2020-03-18T08:32:00Z,None,2.1%,2.1%,2.0%,false,false
,Median CPI y/y,CAD,2020-03-18T08:32:00Z,None,2.2%,2.1%,2.1%,false,false
,Crude Oil Inventories,USD,2020-03-18T10:30:00Z,None,3.5M,7.7M,2.0M,false,false
,BOC Gov Poloz Speaks,CAD,2020-03-18T11:51:00Z,High,,,,false,false
,President Trump Speaks,USD,2020-03-18T12:07:00Z,High,,,,false,false
,GDP q/q,NZD,2020-03-18T17:45:00Z,High,0.5%,0.8%,0.5%,false,false
,National Core CPI y/y,JPY,2020-03-18T19:30:00Z,None,0.6%,0.8%,0.6%,false,false
,Monetary Policy Meeting Minutes,JPY,2020-03-18T19:50:00Z,None,,,,false,false
,RBA Bulletin,AUD,2020-03-18T20:30:00Z,None,,,,false,false
,Employment Change,AUD,2020-03-18T20:30:00Z,High,8.5K,12.9K,26.7K,false,false
,Unemployment Rate,AUD,2020-03-18T20:30:00Z,High,5.3%,5.3%,5.1%,false,false
,Cash Rate,AUD,2020-03-18T23:30:00Z,High,,0.50%,0.25%,false,false
,RBA Rate Statement,AUD,2020-03-18T23:30:00Z,High,,,,false,false
,Bank Holiday,JPY,2020-03-19T00:00:00Z,None,,,,true,false
,All Industries Activity m/m,JPY,2020-03-19T00:30:00Z,None,0.3%,-0.1%,0.8%,false,false
,RBA Gov Lowe Speaks,AUD,2020-03-19T01:00:00Z,High,,,,false,false
,Trade Balance,CHF,2020-03-19T03:00:00Z,None,4.23B,4.77B,3.57B,false,false
,SNB Monetary Policy Assessment,CHF,2020-03-19T04:30:00Z,High,,,,false,false
,SNB Policy Rate,CHF,2020-03-19T04:30:00Z,High,-0.75%,-0.75%,-0.75%,false,false
,German ifo Business Climate,EUR,2020-03-19T05:00:00Z,High,,96.0,87.7,false,false
,SNB Press Conference,CHF,2020-03-19T05:15:00Z,High,,,,false,false
,Spanish 10-y Bond Auction,EUR,2020-03-19T06:00:00Z,None,,0.17|1.4,0.66|2.2,false,false
,Philly Fed Manufacturing Index,USD,2020-03-19T08:30:00Z,None,9.5,36.7,-12.7,false,false
,Current Account,USD,2020-03-19T08:30:00Z,None,-109B,-125B,-110B,false,false
,ADP Non-Farm Employment Change,CAD,2020-03-19T08:30:00Z,None,,37.2K,7.2K,false,false
,NHPI m/m,CAD,2020-03-19T08:30:00Z,None,0.2%,0.0%,0.4%,false,false
,Unemployment Claims,USD,2020-03-19T08:30:00Z,None,220K,211K,281K,false,false
,Fed Announcement,USD,2020-03-19T09:00:00Z,High,,,,false,false
,SECO Economic Forecasts,CHF,2020-03-19T09:00:00Z,None,,,,false,false
,CB Leading Index m/m,USD,2020-03-19T10:00:00Z,None,0.1%,0.7%,0.1%,false,false
,Monetary Policy Summary,GBP,2020-03-19T10:30:00Z,High,,,,false,false
,MPC Official Bank Rate Votes,GBP,2020-03-19T10:30:00Z,High,,0-9-0,0-9-0,false,false
,Official Bank Rate,GBP,2020-03-19T10:30:00Z,High,,0.25%,0.10%,false,false
,Asset Purchase Facility,GBP,2020-03-19T10:30:00Z,None,,435B,645B,false,false
,MPC Asset Purchase Facility Votes,GBP,2020-03-19T10:30:00Z,None,,0-0-9,9-0-0,false,false
,Natural Gas Storage,USD,2020-03-19T10:30:00Z,None,-5B,-48B,-9B,false,false
,President Trump Speaks,USD,2020-03-19T11:38:00Z,High,,,,false,false
,BOE Gov Bailey Speaks,GBP,2020-03-19T12:30:00Z,High,,,,false,false
,1-y Loan Prime Rate,CNY,2020-03-19T21:30:00Z,None,4.05%,4.05%,4.05%,false,false
,5-y Loan Prime Rate,CNY,2020-03-19T21:30:00Z,None,4.75%,4.75%,4.75%,false,false
,Credit Card Spending y/y,NZD,2020-03-19T22:00:00Z,None,,3.7%,2.5%,false,false
,German PPI m/m,EUR,2020-03-20T03:00:00Z,None,-0.2%,0.8%,-0.4%,false,false
,Current Account,EUR,2020-03-20T05:00:00Z,None,30.3B,32.6B,34.7B,false,false
,Consumer Inflation Expectations,GBP,2020-03-20T05:30:00Z,None,,3.1%,3.0%,false,false
,Public Sector Net Borrowing,GBP,2020-03-20T05:30:00Z,None,0.9B,-12.4B,-0.4B,false,false
,Core Retail Sales m/m,CAD,2020-03-20T08:30:00Z,High,0.2%,0.7%,-0.1%,false,false
,Retail Sales m/m,CAD,2020-03-20T08:30:00Z,None,0.3%,0.2%,0.4%,false,false
,Fed Announcement,USD,2020-03-20T10:00:00Z,High,,,,false,false
,Existing Home Sales,USD,2020-03-20T10:00:00Z,None,5.50M,5.42M,5.77M,false,false
,Fed Announcement,USD,2020-03-20T11:00:00Z,High,,,,false,false
,President Trump Speaks,USD,2020-03-20T11:50:00Z,High,,,,false,false
,President Trump Speaks,USD,2020-03-21T12:30:00Z,High,,,,false,false
,G20 Meetings,All,2020-03-23T00:00:00Z,None,,,,true,false
,German Buba Monthly Report,EUR,2020-03-23T07:00:00Z,None,,,,false,false
,Fed Announcement,USD,2020-03-23T08:00:00Z,High,,,,false,false
,Wholesale Sales m/m,CAD,2020-03-23T08:30:00Z,None,-0.2%,1.0%,1.8%,false,false
,CB Leading Index m/m,CNY,2020-03-23T09:00:00Z,None,,1.0%,-1.0%,false,false
,Consumer Confidence,EUR,2020-03-23T11:00:00Z,None,-14,-7,-12,false,false
,Flash Services PMI,AUD,2020-03-23T18:00:00Z,None,,49.0,39.8,false,false
,Flash Manufacturing PMI,AUD,2020-03-23T18:00:00Z,None,,50.2,50.1,false,false
,President Trump Speaks,USD,2020-03-23T18:12:00Z,High,,,,false,false
,Flash Manufacturing PMI,JPY,2020-03-23T20:30:00Z,None,42.1,47.8,44.8,false,false
,G7 Meetings,All,2020-03-24T00:00:00Z,High,,,,true,false
,BOJ Core CPI y/y,JPY,2020-03-24T01:00:00Z,None,0.2%,0.3%,0.2%,false,false
,French Flash Services PMI,EUR,2020-03-24T04:15:00Z,High,39.6,52.5,29.0,false,false
,French Flash Manufacturing PMI,EUR,2020-03-24T04:15:00Z,None,39.4,49.8,42.9,false,false
,German Flash Manufacturing PMI,EUR,2020-03-24T04:30:00Z,High,40.1,48.0,45.7,false,false
,German Flash Services PMI,EUR,2020-03-24T04:30:00Z,High,43.0,52.5,34.5,false,false
,Flash Manufacturing PMI,EUR,2020-03-24T05:00:00Z,None,40.1,49.2,44.8,false,false
,Flash Services PMI,EUR,2020-03-24T05:00:00Z,None,40.0,52.6,28.4,false,false
,Flash Services PMI,GBP,2020-03-24T05:30:00Z,High,45.0,53.2,35.7,false,false
,FPC Meeting Minutes,GBP,2020-03-24T05:30:00Z,None,,,,false,false
,Flash Manufacturing PMI,GBP,2020-03-24T05:30:00Z,High,45.1,51.7,48.0,false,false
,FPC Statement,GBP,2020-03-24T05:30:00Z,None,,,,false,false
,CBI Industrial Order Expectations,GBP,2020-03-24T07:00:00Z,None,-38,-18,-29,false,false
,Flash Services PMI,USD,2020-03-24T09:45:00Z,None,44.1,49.4,39.1,false,false
,Flash Manufacturing PMI,USD,2020-03-24T09:45:00Z,High,45.1,50.7,49.2,false,false
,Richmond Manufacturing Index,USD,2020-03-24T09:59:00Z,None,-10,-2,2,false,false
,New Home Sales,USD,2020-03-24T10:00:00Z,None,750K,800K,765K,false,false
,President Trump Speaks,USD,2020-03-24T12:05:00Z,High,,,,false,false
,API Weekly Statistical Bulletin,USD,2020-03-24T16:30:00Z,None,,,,false,false
,Trade Balance,NZD,2020-03-24T17:45:00Z,None,550M,-414M,594M,false,false
,BOJ Summary of Opinions,JPY,2020-03-24T19:50:00Z,None,,,,false,false
,Core CPI y/y,GBP,2020-03-25T03:00:00Z,None,1.5%,1.6%,1.7%,false,false
,CPI y/y,GBP,2020-03-25T03:00:00Z,High,1.7%,1.8%,1.7%,false,false
,RPI y/y,GBP,2020-03-25T03:00:00Z,None,2.5%,2.7%,2.5%,false,false
,PPI Input m/m,GBP,2020-03-25T03:02:00Z,None,-2.0%,0.3%,-1.2%,false,false
,PPI Output m/m,GBP,2020-03-25T03:02:00Z,None,0.0%,0.2%,-0.3%,false,false
,UBS Economic Expectations,CHF,2020-03-25T05:00:00Z,None,,7.7,-45.8,false,false
,German ifo Business Climate,EUR,2020-03-25T05:00:00Z,None,87.9,87.7,86.1,false,false
,HPI y/y,GBP,2020-03-25T05:30:00Z,None,2.7%,1.7%,1.3%,false,false
,CBI Realized Sales,GBP,2020-03-25T07:00:00Z,None,-15,1,-3,false,false
,Core Durable Goods Orders m/m,USD,2020-03-25T08:30:00Z,None,-0.4%,0.8%,-0.6%,false,false
,Durable Goods Orders m/m,USD,2020-03-25T08:30:00Z,None,-1.0%,0.1%,1.2%,false,false
,HPI m/m,USD,2020-03-25T09:00:00Z,None,0.4%,0.7%,0.3%,false,false
,Belgian NBB Business Climate,EUR,2020-03-25T09:59:00Z,None,-11.2,-2.7,-10.9,false,false
,SNB Quarterly Bulletin,CHF,2020-03-25T10:00:00Z,None,,,,false,false
,CB Leading Index m/m,AUD,2020-03-25T10:30:00Z,None,,-0.3%,0.4%,false,false
,Crude Oil Inventories,USD,2020-03-25T10:30:00Z,None,2.9M,2.0M,1.6M,false,false
,SPPI y/y,JPY,2020-03-25T19:50:00Z,None,2.2%,2.3%,2.1%,false,false
,G20 Meetings,All,2020-03-26T00:00:00Z,None,,,,true,false
,German GfK Consumer Climate,EUR,2020-03-26T03:00:00Z,None,7.4,8.3,2.7,false,false
,Retail Sales m/m,GBP,2020-03-26T03:00:00Z,None,0.2%,1.1%,-0.3%,false,false
,ECB Economic Bulletin,EUR,2020-03-26T05:00:00Z,None,,,,false,false
,M3 Money Supply y/y,EUR,2020-03-26T05:00:00Z,None,5.2%,5.2%,5.5%,false,false
,Private Loans y/y,EUR,2020-03-26T05:02:00Z,None,3.8%,3.7%,3.8%,false,false
,FOMC Member Powell Speaks,USD,2020-03-26T07:06:00Z,High,,,,false,false
,Monetary Policy Summary,GBP,2020-03-26T08:00:00Z,High,,,,false,false
,MPC Official Bank Rate Votes,GBP,2020-03-26T08:00:00Z,High,0-0-9,0-9-0,0-0-9,false,false
,Official Bank Rate,GBP,2020-03-26T08:00:00Z,High,0.10%,0.10%,0.10%,false,false
,Asset Purchase Facility,GBP,2020-03-26T08:00:00Z,None,645B,645B,645B,false,false
,MPC Asset Purchase Facility Votes,GBP,2020-03-26T08:00:00Z,None,0-0-9,9-0-0,0-0-9,false,false
,Unemployment Claims,USD,2020-03-26T08:30:00Z,High,1648K,282K,3283K,false,false
,Final GDP q/q,USD,2020-03-26T08:30:00Z,None,2.1%,2.1%,2.1%,false,false
,Final GDP Price Index q/q,USD,2020-03-26T08:30:00Z,None,1.3%,1.3%,1.3%,false,false
,Goods Trade Balance,USD,2020-03-26T08:30:00Z,None,-64.5B,-65.9B,-59.9B,false,false
,Prelim Wholesale Inventories m/m,USD,2020-03-26T08:30:00Z,None,-0.2%,-0.4%,-0.5%,false,false
,Natural Gas Storage,USD,2020-03-26T10:30:00Z,None,-30B,-9B,-29B,false,false
,Tokyo Core CPI y/y,JPY,2020-03-26T19:30:00Z,None,0.4%,0.5%,0.4%,false,false
,Core PCE Price Index m/m,USD,2020-03-27T08:30:00Z,None,0.2%,0.1%,0.2%,false,false
,Personal Income m/m,USD,2020-03-27T08:30:00Z,None,0.4%,0.6%,0.6%,false,false
,Personal Spending m/m,USD,2020-03-27T08:30:00Z,None,0.2%,0.2%,0.2%,false,false
,BOC Rate Statement,CAD,2020-03-27T09:00:00Z,High,,,,false,false
,Overnight Rate,CAD,2020-03-27T09:00:00Z,High,,0.75%,0.25%,false,false
,BOC Press Conference,CAD,2020-03-27T09:30:00Z,High,,,,false,false
,Revised UoM Consumer Sentiment,USD,2020-03-27T10:00:00Z,None,90.0,95.9,89.1,false,false
,Revised UoM Inflation Expectations,USD,2020-03-27T10:00:00Z,None,,2.3%,2.2%,false,false
,BOC Gov Poloz Speaks,CAD,2020-03-27T13:00:00Z,High,,,,false,false
,President Trump Speaks,USD,2020-03-27T17:30:00Z,High,,,,false,false
,Daylight Saving Time Shift,GBP,2020-03-28T21:00:00Z,None,,,,false,false
,Daylight Saving Time Shift,CHF,2020-03-28T21:00:00Z,None,,,,false,false
,Daylight Saving Time Shift,EUR,2020-03-28T21:00:00Z,None,,,,false,false
,President Trump Speaks,USD,2020-03-29T17:43:00Z,High,,,,false,false
,German Prelim CPI m/m,EUR,2020-03-30T00:00:00Z,None,0.0%,0.4%,0.1%,true,false
,KOF Economic Barometer,CHF,2020-03-30T03:00:00Z,None,85.1,101.8,92.9,false,false
,Spanish Flash CPI y/y,EUR,2020-03-30T03:00:00Z,None,0.6%,0.7%,0.1%,false,false
,M4 Money Supply m/m,GBP,2020-03-30T04:30:00Z,None,0.4%,0.7%,0.3%,false,false
,Mortgage Approvals,GBP,2020-03-30T04:30:00Z,None,68K,71K,74K,false,false
,Net Lending to Individuals m/m,GBP,2020-03-30T04:32:00Z,None,5.1B,5.1B,5.2B,false,false
,Pending Home Sales m/m,USD,2020-03-30T10:00:00Z,None,-1.8%,5.3%,2.4%,false,false
,President Trump Speaks,USD,2020-03-30T17:15:00Z,High,,,,false,false
,Building Consents m/m,NZD,2020-03-30T17:45:00Z,None,,-2.8%,4.7%,false,false
,GfK Consumer Confidence,GBP,2020-03-30T19:01:00Z,None,-14,-7,-9,false,false
,Unemployment Rate,JPY,2020-03-30T19:30:00Z,None,2.4%,2.4%,2.4%,false,false
,Prelim Industrial Production m/m,JPY,2020-03-30T19:50:00Z,None,0.0%,1.0%,0.4%,false,false
,Retail Sales y/y,JPY,2020-03-30T19:50:00Z,None,-1.5%,-0.4%,1.7%,false,false
,ANZ Business Confidence,NZD,2020-03-30T20:00:00Z,High,,-19.4,-63.5,false,false
,Private Sector Credit m/m,AUD,2020-03-30T20:30:00Z,None,0.3%,0.4%,0.4%,false,false
,Manufacturing PMI,CNY,2020-03-30T21:00:00Z,High,44.9,35.7,52.0,false,false
,Non-Manufacturing PMI,CNY,2020-03-30T21:00:00Z,None,42.1,29.6,52.3,false,false
,Housing Starts y/y,JPY,2020-03-31T01:00:00Z,None,-14.6%,-10.1%,-12.3%,false,false
,German Import Prices m/m,EUR,2020-03-31T02:00:00Z,None,-0.3%,-0.4%,-0.9%,false,false
,Current Account,GBP,2020-03-31T02:00:00Z,None,-7.0B,-19.9B,-5.6B,false,false
,Final GDP q/q,GBP,2020-03-31T02:00:00Z,None,0.0%,0.0%,0.0%,false,false
,Revised Business Investment q/q,GBP,2020-03-31T02:00:00Z,None,-1.0%,-1.0%,-0.5%,false,false
,Retail Sales y/y,CHF,2020-03-31T02:30:00Z,None,0.0%,0.0%,0.3%,false,false
,French Consumer Spending m/m,EUR,2020-03-31T02:45:00Z,None,-0.7%,-1.2%,-0.1%,false,false
,French Prelim CPI m/m,EUR,2020-03-31T02:45:00Z,None,-0.4%,0.0%,0.0%,false,false
,German Unemployment Change,EUR,2020-03-31T03:55:00Z,None,23K,-8K,1K,false,false
,Core CPI Flash Estimate y/y,EUR,2020-03-31T05:00:00Z,None,1.1%,1.2%,1.0%,false,false
,CPI Flash Estimate y/y,EUR,2020-03-31T05:00:00Z,None,0.8%,1.2%,0.7%,false,false
,Italian Prelim CPI m/m,EUR,2020-03-31T05:00:00Z,None,0.1%,-0.1%,0.1%,false,false
,Italian 10-y Bond Auction,EUR,2020-03-31T05:14:00Z,None,,1.29|1.5,1.44|1.5,false,false
,RMPI m/m,CAD,2020-03-31T08:30:00Z,None,-2.0%,-2.3%,-4.7%,false,false
,IPPI m/m,CAD,2020-03-31T08:30:00Z,None,-0.2%,-0.3%,-0.5%,false,false
,GDP m/m,CAD,2020-03-31T08:30:00Z,None,0.1%,0.3%,0.1%,false,false
,Fed Announcement,USD,2020-03-31T08:30:00Z,High,,,,false,false
,S&P/CS Composite-20 HPI y/y,USD,2020-03-31T09:00:00Z,None,3.4%,2.8%,3.1%,false,false
,Chicago PMI,USD,2020-03-31T09:45:00Z,None,44.1,49.0,47.8,false,false
,CB Consumer Confidence,USD,2020-03-31T10:00:00Z,High,115.1,132.6,120.0,false,false
,API Weekly Statistical Bulletin,USD,2020-03-31T16:30:00Z,None,,,,false,false
,President Trump Speaks,USD,2020-03-31T17:30:00Z,High,,,,false,false
,AIG Manufacturing Index,AUD,2020-03-31T17:30:00Z,None,,44.3,53.7,false,false
,BRC Shop Price Index y/y,GBP,2020-03-31T19:01:00Z,None,,-0.6%,-0.8%,false,false
,Tankan Manufacturing Index,JPY,2020-03-31T19:50:00Z,None,-10,0,-8,false,false
,Tankan Non-Manufacturing Index,JPY,2020-03-31T19:50:00Z,None,3,20,8,false,false
,Monetary Policy Meeting Minutes,AUD,2020-03-31T20:30:00Z,None,,,,false,false
,Building Approvals m/m,AUD,2020-03-31T20:30:00Z,None,3.1%,-15.1%,19.9%,false,false
,Final Manufacturing PMI,JPY,2020-03-31T20:30:00Z,None,44.9,44.8,44.8,false,false
,RatingDog Manufacturing PMI,CNY,2020-03-31T21:45:00Z,None,45.0,40.3,50.1,false,false
,Omdia Total Vehicle Sales,USD,2020-04-01T00:00:00Z,None,12.2M,16.8M,11.4M,true,false
,Commodity Prices y/y,AUD,2020-04-01T01:30:00Z,None,,-6.0%,-10.2%,false,false
,German Retail Sales m/m,EUR,2020-04-01T02:00:00Z,None,0.1%,1.0%,1.2%,false,false
,Spanish Manufacturing PMI,EUR,2020-04-01T03:15:00Z,None,44.0,50.4,45.7,false,false
,Manufacturing PMI,CHF,2020-04-01T03:30:00Z,None,42.3,49.5,43.7,false,false
,Italian Manufacturing PMI,EUR,2020-04-01T03:45:00Z,None,41.1,48.7,40.3,false,false
,French Final Manufacturing PMI,EUR,2020-04-01T03:50:00Z,None,42.9,42.9,43.2,false,false
,German Final Manufacturing PMI,EUR,2020-04-01T03:55:00Z,None,45.6,45.7,45.4,false,false
,Final Manufacturing PMI,EUR,2020-04-01T04:00:00Z,None,44.7,44.8,44.5,false,false
,Italian Monthly Unemployment Rate,EUR,2020-04-01T04:00:00Z,None,10.0%,9.8%,9.7%,false,false
,Final Manufacturing PMI,GBP,2020-04-01T04:30:00Z,None,47.1,48.0,47.8,false,false
,Unemployment Rate,EUR,2020-04-01T05:00:00Z,None,7.4%,7.4%,7.3%,false,false
,ADP Non-Farm Employment Change,USD,2020-04-01T08:15:00Z,High,-150K,179K,-27K,false,false
,Manufacturing PMI,CAD,2020-04-01T09:30:00Z,None,,51.8,46.1,false,false
,Final Manufacturing PMI,USD,2020-04-01T09:45:00Z,None,48.2,49.2,48.5,false,false
,ISM Manufacturing PMI,USD,2020-04-01T10:00:00Z,High,44.9,50.1,49.1,false,false
,Construction Spending m/m,USD,2020-04-01T10:00:00Z,None,0.6%,2.8%,-1.3%,false,false
,ISM Manufacturing Prices,USD,2020-04-01T10:00:00Z,None,41.6,45.9,37.4,false,false
,Crude Oil Inventories,USD,2020-04-01T10:30:00Z,None,3.7M,1.6M,13.8M,false,false
,President Trump Speaks,USD,2020-04-01T17:37:00Z,High,,,,false,false
,Monetary Base y/y,JPY,2020-04-01T19:50:00Z,None,3.5%,3.6%,2.8%,false,false
,NAB Quarterly Business Confidence,AUD,2020-04-01T20:30:00Z,None,,-2,-11,false,false
,10-y Bond Auction,JPY,2020-04-01T23:35:00Z,None,,-0.10|3.2,0.02|4.2,false,false
,Nationwide HPI m/m,GBP,2020-04-02T02:00:00Z,None,0.0%,0.3%,0.8%,false,false
,CPI m/m,CHF,2020-04-02T02:30:00Z,None,0.1%,0.1%,0.1%,false,false
,Spanish Unemployment Change,EUR,2020-04-02T03:00:00Z,None,27.7K,-7.8K,302.3K,false,false
,Spanish 10-y Bond Auction,EUR,2020-04-02T04:53:00Z,None,,0.66|2.2,0.69|2.0,false,false
,French 10-y Bond Auction,EUR,2020-04-02T04:59:00Z,None,,-0.32|2.2,0.04|2.7,false,false
,PPI m/m,EUR,2020-04-02T05:00:00Z,None,-0.3%,0.2%,-0.6%,false,false
,Challenger Job Cuts y/y,USD,2020-04-02T07:30:00Z,None,,-26.3%,266.9%,false,false
,Trade Balance,CAD,2020-04-02T08:30:00Z,None,-2.3B,-1.7B,-1.0B,false,false
,Unemployment Claims,USD,2020-04-02T08:30:00Z,High,3600K,3307K,6648K,false,false
,Trade Balance,USD,2020-04-02T08:30:00Z,None,-40.6B,-45.5B,-39.9B,false,false
,Factory Orders m/m,USD,2020-04-02T10:00:00Z,None,0.2%,-0.5%,0.0%,false,false
,Natural Gas Storage,USD,2020-04-02T10:30:00Z,None,-31B,-29B,-19B,false,false
,President Trump Speaks,USD,2020-04-02T17:23:00Z,High,,,,false,false
,AIG Construction Index,AUD,2020-04-02T17:30:00Z,None,,42.7,37.9,false,false
,RatingDog Services PMI,CNY,2020-04-02T21:45:00Z,None,39.6,26.5,43.0,false,false
,French Gov Budget Balance,EUR,2020-04-03T02:45:00Z,None,,-20.0B,-35.2B,false,false
,Spanish Services PMI,EUR,2020-04-03T03:15:00Z,None,25.6,52.1,23.0,false,false
,Italian Services PMI,EUR,2020-04-03T03:45:00Z,None,22.4,52.1,17.4,false,false
,French Final Services PMI,EUR,2020-04-03T03:50:00Z,None,29.0,29.0,27.4,false,false
,German Final Services PMI,EUR,2020-04-03T03:55:00Z,None,34.3,34.5,31.7,false,false
,Final Services PMI,EUR,2020-04-03T04:00:00Z,None,28.2,28.4,26.4,false,false
,Final Services PMI,GBP,2020-04-03T04:30:00Z,None,34.7,35.7,34.5,false,false
,Retail Sales m/m,EUR,2020-04-03T05:00:00Z,None,0.1%,0.7%,0.9%,false,false
,Average Hourly Earnings m/m,USD,2020-04-03T08:30:00Z,High,0.2%,0.3%,0.4%,false,false
,Non-Farm Employment Change,USD,2020-04-03T08:30:00Z,High,-100K,275K,-701K,false,false
,Unemployment Rate,USD,2020-04-03T08:30:00Z,High,3.8%,3.5%,4.4%,false,false
,Final Services PMI,USD,2020-04-03T09:45:00Z,None,38.7,39.1,39.8,false,false
,ISM Services PMI,USD,2020-04-03T10:00:00Z,None,43.5,57.3,52.5,false,false
,Daylight Saving Time Shift,NZD,2020-04-04T10:00:00Z,None,,,,false,false
,Daylight Saving Time Shift,AUD,2020-04-04T12:00:00Z,None,,,,false,false
,President Trump Speaks,USD,2020-04-04T15:30:00Z,High,,,,false,false
,Bank Holiday,CNY,2020-04-05T00:00:00Z,None,,,,true,false
,President Trump Speaks,USD,2020-04-05T18:45:00Z,High,,,,false,false
,GfK Consumer Confidence,GBP,2020-04-05T19:01:00Z,None,,-9,-34,false,false
,ANZ Commodity Prices m/m,NZD,2020-04-05T21:00:00Z,None,,-2.1%,-2.1%,false,false
,MI Inflation Gauge m/m,AUD,2020-04-05T21:00:00Z,None,,-0.1%,0.2%,false,false
,Consumer Confidence,JPY,2020-04-06T01:00:00Z,None,34.2,38.4,30.9,false,false
,German Factory Orders m/m,EUR,2020-04-06T02:00:00Z,None,-2.7%,4.8%,-1.4%,false,false
,Construction PMI,GBP,2020-04-06T04:30:00Z,None,44.0,52.6,39.3,false,false
,Sentix Investor Confidence,EUR,2020-04-06T04:30:00Z,None,-30.5,-17.1,-42.9,false,false
,Housing Equity Withdrawal q/q,GBP,2020-04-06T04:34:00Z,None,-6.2B,-6.0B,-5.1B,false,false
,BOC Business Outlook Survey,CAD,2020-04-06T10:30:00Z,High,,,,false,false
,President Trump Speaks,USD,2020-04-06T17:42:00Z,High,,,,false,false
,NZIER Business Confidence,NZD,2020-04-06T18:02:00Z,None,,-21,-70,false,false
,AIG Services Index,AUD,2020-04-06T18:30:00Z,None,,47.0,38.7,false,false
,Average Cash Earnings y/y,JPY,2020-04-06T19:30:00Z,None,0.2%,1.2%,1.0%,false,false
,Household Spending y/y,JPY,2020-04-06T19:30:00Z,None,-3.3%,-3.9%,-0.3%,false,false
,ANZ Job Advertisements m/m,AUD,2020-04-06T21:30:00Z,None,,1.2%,-10.3%,false,false
,Goods Trade Balance,AUD,2020-04-06T21:30:00Z,None,3.75B,4.75B,4.36B,false,false
,30-y Bond Auction,JPY,2020-04-06T23:35:00Z,None,,0.34|3.6,0.43|3.5,false,false
,Eurogroup Meetings,EUR,2020-04-07T00:00:00Z,None,,,,false,false
,Cash Rate,AUD,2020-04-07T00:30:00Z,High,0.25%,0.25%,0.25%,false,false
,RBA Rate Statement,AUD,2020-04-07T00:30:00Z,High,,,,false,false
,Leading Indicators,JPY,2020-04-07T01:00:00Z,None,92.0%,90.5%,92.1%,false,false
,Unemployment Rate,CHF,2020-04-07T01:45:00Z,None,2.7%,2.6%,2.8%,false,false
,German Industrial Production m/m,EUR,2020-04-07T02:00:00Z,None,-0.7%,3.2%,0.3%,false,false
,French Trade Balance,EUR,2020-04-07T02:45:00Z,None,-5.1B,-6.0B,-5.2B,false,false
,Foreign Currency Reserves,CHF,2020-04-07T03:00:00Z,None,,769B,766B,false,false
,Lloyds HPI m/m,GBP,2020-04-07T03:30:00Z,None,0.2%,0.2%,0.0%,false,false
,Italian Retail Sales m/m,EUR,2020-04-07T04:00:00Z,None,-0.4%,0.1%,0.8%,false,false
,NFIB Small Business Index,USD,2020-04-07T06:00:00Z,None,96.3,104.5,96.4,false,false
,Ivey PMI,CAD,2020-04-07T10:00:00Z,None,50.1,54.1,26.0,false,false
,JOLTS Job Openings,USD,2020-04-07T10:00:00Z,None,6.55M,7.01M,6.88M,false,false
,RCM/TIPP Economic Optimism,USD,2020-04-07T10:00:00Z,None,49.1,53.9,47.8,false,false
,GDT Price Index,NZD,2020-04-07T10:54:00Z,None,,-3.9%,1.2%,false,false
,10-y Bond Auction,USD,2020-04-07T13:01:00Z,None,,0.85|2.4,0.78|2.4,false,false
,Consumer Credit m/m,USD,2020-04-07T15:00:00Z,None,13.9B,12.1B,22.3B,false,false
,API Weekly Statistical Bulletin,USD,2020-04-07T16:30:00Z,None,,,,false,false
,President Trump Speaks,USD,2020-04-07T17:42:00Z,High,,,,false,false
,Current Account,JPY,2020-04-07T19:50:00Z,None,2.02T,1.63T,2.38T,false,false
,Core Machinery Orders m/m,JPY,2020-04-07T19:50:00Z,None,-2.9%,2.9%,2.3%,false,false
,Prelim ANZ Business Confidence,NZD,2020-04-07T21:00:00Z,High,,-63.5,-73.1,false,false
,Eurogroup Meetings,EUR,2020-04-08T00:00:00Z,None,,,,false,false
,Economy Watchers Sentiment,JPY,2020-04-08T01:00:00Z,None,22.2,27.4,14.2,false,false
,10-y Bond Auction,GBP,2020-04-08T05:05:00Z,None,,0.31|2.2,0.38|3.9,false,false
,German 10-y Bond Auction,EUR,2020-04-08T05:34:00Z,None,,-0.77|1.0,-0.34|1.8,false,false
,Housing Starts,CAD,2020-04-08T08:13:00Z,None,173K,211K,195K,false,false
,Building Permits m/m,CAD,2020-04-08T08:30:00Z,None,-4.0%,3.3%,-7.3%,false,false
,Crude Oil Inventories,USD,2020-04-08T10:30:00Z,None,9.8M,13.8M,15.2M,false,false
,30-y Bond Auction,USD,2020-04-08T13:01:00Z,None,,1.32|2.4,1.33|2.4,false,false
,FOMC Meeting Minutes,USD,2020-04-08T14:00:00Z,None,,,,false,false
,President Trump Speaks,USD,2020-04-08T17:46:00Z,High,,,,false,false
,RICS House Price Balance,GBP,2020-04-08T19:01:00Z,None,11%,29%,11%,false,false
,BOJ Gov Kuroda Speaks,JPY,2020-04-08T20:30:00Z,None,,,,false,false
,RBA Financial Stability Review,AUD,2020-04-08T21:30:00Z,None,,,,false,false
,OPEC Meetings,All,2020-04-09T00:00:00Z,High,,,,true,false
,Bank Holiday,AUD,2020-04-09T00:00:00Z,None,,,,true,false
,Bank Holiday,NZD,2020-04-09T00:00:00Z,None,,,,true,false
,Eurogroup Meetings,EUR,2020-04-09T00:00:00Z,None,,,,false,false
,OPEC-JMMC Meetings,All,2020-04-09T00:00:00Z,High,,,,true,false
,Prelim Machine Tool Orders y/y,JPY,2020-04-09T01:59:00Z,None,,-29.6%,-40.8%,false,false
,Index of Services 3m/3m,GBP,2020-04-09T02:00:00Z,None,0.3%,0.0%,0.2%,false,false
,GDP m/m,GBP,2020-04-09T02:00:00Z,None,0.1%,0.1%,-0.1%,false,false
,Industrial Production m/m,GBP,2020-04-09T02:00:00Z,None,0.1%,0.2%,0.1%,false,false
,Goods Trade Balance,GBP,2020-04-09T02:00:00Z,None,-6.0B,-5.8B,-11.5B,false,false
,Construction Output m/m,GBP,2020-04-09T02:00:00Z,None,0.3%,-0.2%,-1.7%,false,false
,Manufacturing Production m/m,GBP,2020-04-09T02:00:00Z,None,0.2%,0.4%,0.5%,false,false
,German Trade Balance,EUR,2020-04-09T02:00:00Z,None,20.3B,18.7B,21.6B,false,false
,Italian Industrial Production m/m,EUR,2020-04-09T04:00:00Z,None,-1.6%,3.6%,-1.2%,false,false
,ECB Monetary Policy Meeting Accounts,EUR,2020-04-09T07:30:00Z,High,,,,false,false
,Employment Change,CAD,2020-04-09T08:30:00Z,High,-427.0K,30.3K,-1010.7K,false,false
,Unemployment Claims,USD,2020-04-09T08:30:00Z,High,5000K,6867K,6606K,false,false
,Core PPI m/m,USD,2020-04-09T08:30:00Z,None,0.0%,-0.3%,0.2%,false,false
,PPI m/m,USD,2020-04-09T08:30:00Z,None,-0.3%,-0.6%,-0.2%,false,false
,Fed Announcement,USD,2020-04-09T08:30:00Z,High,,,,false,false
,Unemployment Rate,CAD,2020-04-09T08:30:00Z,High,7.4%,5.6%,7.8%,false,false
,NIESR GDP Estimate,GBP,2020-04-09T09:28:00Z,None,,0.1%,-4.8%,false,false
,Prelim UoM Consumer Sentiment,USD,2020-04-09T10:00:00Z,None,75.0,89.1,71.0,false,false
,Final Wholesale Inventories m/m,USD,2020-04-09T10:00:00Z,None,-0.5%,-0.5%,-0.7%,false,false
,Prelim UoM Inflation Expectations,USD,2020-04-09T10:00:00Z,None,,2.2%,2.1%,false,false
,FOMC Member Powell Speaks,USD,2020-04-09T10:00:00Z,High,,,,false,false
,Natural Gas Storage,USD,2020-04-09T10:30:00Z,None,23B,-19B,38B,false,false
,FPC Statement,GBP,2020-04-09T13:00:00Z,None,,,,false,false
,President Trump Speaks,USD,2020-04-09T18:24:00Z,High,,,,false,false
,Bank Lending y/y,JPY,2020-04-09T19:50:00Z,None,2.1%,2.1%,2.0%,false,false
,PPI y/y,JPY,2020-04-09T19:50:00Z,None,-0.1%,0.8%,-0.4%,false,false
,PPI y/y,CNY,2020-04-09T21:30:00Z,None,-1.1%,-0.4%,-1.5%,false,false
,CPI y/y,CNY,2020-04-09T21:30:00Z,None,4.9%,5.2%,4.3%,false,false
,German Bank Holiday,EUR,2020-04-10T00:00:00Z,None,,,,true,false
,Bank Holiday,CHF,2020-04-10T00:00:00Z,None,,,,true,false
,Bank Holiday,GBP,2020-04-10T00:00:00Z,None,,,,true,false
,Bank Holiday,CAD,2020-04-10T00:00:00Z,None,,,,true,false
,G20 Meetings,All,2020-04-10T00:00:00Z,High,,,,true,false
,French Industrial Production m/m,EUR,2020-04-10T02:45:00Z,None,0.0%,1.1%,0.9%,false,false
,M2 Money Supply y/y,CNY,2020-04-10T03:30:00Z,None,8.9%,8.8%,10.1%,false,false
,New Loans,CNY,2020-04-10T03:30:00Z,None,1800B,906B,2850B,false,false
,Core CPI m/m,USD,2020-04-10T08:30:00Z,High,0.1%,0.2%,-0.1%,false,false
,CPI y/y,USD,2020-04-10T08:30:00Z,High,1.6%,2.3%,1.5%,false,false
,CPI m/m,USD,2020-04-10T08:30:00Z,High,-0.3%,0.1%,-0.4%,false,false
,Core CPI y/y,USD,2020-04-10T08:30:00Z,High,2.3%,2.4%,2.1%,false,false
,CB Leading Index m/m,GBP,2020-04-10T09:30:00Z,None,,0.0%,-0.1%,false,false
,FOMC Member Mester Speaks,USD,2020-04-10T12:30:00Z,None,,,,false,false
,FOMC Member Quarles Speaks,USD,2020-04-10T13:30:00Z,None,,,,false,false
,Federal Budget Balance,USD,2020-04-10T14:00:00Z,None,-135.0B,-235.3B,-119.1B,false,false
,President Trump Speaks,USD,2020-04-10T14:00:00Z,High,,,,false,false
,Bank Holiday,NZD,2020-04-12T00:00:00Z,None,,,,true,false
,Bank Holiday,AUD,2020-04-12T00:00:00Z,None,,,,true,false
,OPEC-JMMC Meetings,All,2020-04-12T00:00:00Z,High,,,,true,false
,M2 Money Stock y/y,JPY,2020-04-12T19:50:00Z,None,2.9%,3.0%,3.3%,false,false
,Bank Holiday,CHF,2020-04-13T00:00:00Z,None,,,,true,false
,French Bank Holiday,EUR,2020-04-13T00:00:00Z,None,,,,true,false
,German Bank Holiday,EUR,2020-04-13T00:00:00Z,None,,,,true,false
,Italian Bank Holiday,EUR,2020-04-13T00:00:00Z,None,,,,true,false
,Bank Holiday,GBP,2020-04-13T00:00:00Z,None,,,,true,false
,President Trump Speaks,USD,2020-04-13T17:49:00Z,High,,,,false,false
,Visitor Arrivals m/m,NZD,2020-04-13T18:45:00Z,None,,-1.3%,-7.7%,false,false
,NAB Business Confidence,AUD,2020-04-13T21:30:00Z,None,,-2,-66,false,false
,USD-Denominated Trade Balance,CNY,2020-04-13T23:48:00Z,None,19.7B,-7.1B,19.9B,false,false
,Trade Balance,CNY,2020-04-13T23:49:00Z,High,175B,-43B,139B,false,false
,IMF Meetings,All,2020-04-14T00:00:00Z,None,,,,false,false
,G7 Meetings,All,2020-04-14T00:00:00Z,High,,,,true,false
,Import Prices m/m,USD,2020-04-14T08:30:00Z,None,-3.1%,-0.7%,-2.3%,false,false
,API Weekly Statistical Bulletin,USD,2020-04-14T16:30:00Z,None,,,,false,false
,President Trump Speaks,USD,2020-04-14T18:15:00Z,High,,,,false,false
,FPI m/m,NZD,2020-04-14T18:45:00Z,None,,0.0%,0.7%,false,false
,Westpac Consumer Sentiment,AUD,2020-04-14T20:30:00Z,None,,-3.8%,-17.7%,false,false
,IMF Meetings,All,2020-04-15T00:00:00Z,None,,,,false,false
,French Final CPI m/m,EUR,2020-04-15T02:45:00Z,None,0.0%,0.0%,0.1%,false,false
,Foreign Direct Investment ytd/y,CNY,2020-04-15T04:17:00Z,None,,-8.6%,-10.8%,false,false
,SECO Consumer Climate,CHF,2020-04-15T05:00:00Z,None,,-9,-40,false,false
,10-y Bond Auction,GBP,2020-04-15T05:28:00Z,None,,0.38|3.9,0.27|2.9,false,false
,German 30-y Bond Auction,EUR,2020-04-15T05:37:00Z,None,,0.01|1.1,-0.09|1.9,false,false
,Empire State Manufacturing Index,USD,2020-04-15T08:30:00Z,None,-35.2,-21.5,-78.2,false,false
,Core Retail Sales m/m,USD,2020-04-15T08:30:00Z,High,-4.9%,-0.4%,-4.5%,false,false
,Retail Sales m/m,USD,2020-04-15T08:30:00Z,High,-8.0%,-0.4%,-8.7%,false,false
,Industrial Production m/m,USD,2020-04-15T09:15:00Z,None,-4.1%,0.5%,-5.4%,false,false
,Capacity Utilization Rate,USD,2020-04-15T09:15:00Z,None,73.7%,77.0%,72.7%,false,false
,BOC Rate Statement,CAD,2020-04-15T10:00:00Z,High,,,,false,false
,BOC Monetary Policy Report,CAD,2020-04-15T10:00:00Z,High,,,,false,false
,NAHB Housing Market Index,USD,2020-04-15T10:00:00Z,None,56,72,30,false,false
,Overnight Rate,CAD,2020-04-15T10:00:00Z,High,0.25%,0.25%,0.25%,false,false
,Business Inventories m/m,USD,2020-04-15T10:00:00Z,None,-0.4%,-0.3%,-0.4%,false,false
,Crude Oil Inventories,USD,2020-04-15T10:30:00Z,None,12.1M,15.2M,19.2M,false,false
,BOC Press Conference,CAD,2020-04-15T10:30:00Z,High,,,,false,false
,Beige Book,USD,2020-04-15T14:00:00Z,None,,,,false,false
,TIC Long-Term Purchases,USD,2020-04-15T16:00:00Z,None,24.6B,21.8B,49.4B,false,false
,President Trump Speaks,USD,2020-04-15T17:50:00Z,High,,,,false,false
,BRC Retail Sales Monitor y/y,GBP,2020-04-15T19:01:00Z,None,-5.5%,-0.4%,-3.5%,false,false
,MI Inflation Expectations,AUD,2020-04-15T21:00:00Z,None,,4.0%,4.6%,false,false
,Employment Change,AUD,2020-04-15T21:30:00Z,High,-33.0K,25.6K,5.9K,false,false
,Unemployment Rate,AUD,2020-04-15T21:30:00Z,High,5.4%,5.1%,5.2%,false,false
,New Home Prices m/m,CNY,2020-04-15T21:30:00Z,None,,0.02%,0.13%,false,false
,IMF Meetings,All,2020-04-16T00:00:00Z,None,,,,false,false
,German Final CPI m/m,EUR,2020-04-16T02:00:00Z,None,0.1%,0.1%,0.1%,false,false
,German WPI m/m,EUR,2020-04-16T02:00:00Z,None,0.2%,-0.9%,-0.4%,false,false
,PPI m/m,CHF,2020-04-16T02:30:00Z,None,-1.2%,-0.9%,-0.3%,false,false
,BOE Credit Conditions Survey,GBP,2020-04-16T04:30:00Z,None,,,,false,false
,Industrial Production m/m,EUR,2020-04-16T05:00:00Z,None,-0.1%,2.3%,-0.1%,false,false
,30-y Bond Auction,GBP,2020-04-16T06:34:00Z,None,,1.03|2.1,0.68|2.4,false,false
,Housing Starts,USD,2020-04-16T08:30:00Z,None,1.31M,1.56M,1.22M,false,false
,Manufacturing Sales m/m,CAD,2020-04-16T08:30:00Z,None,0.0%,-0.7%,0.5%,false,false
,ADP Non-Farm Employment Change,CAD,2020-04-16T08:30:00Z,None,,116.7K,-177.3K,false,false
,Building Permits,USD,2020-04-16T08:30:00Z,None,1.30M,1.45M,1.35M,false,false
,Unemployment Claims,USD,2020-04-16T08:30:00Z,High,5350K,6615K,5245K,false,false
,Philly Fed Manufacturing Index,USD,2020-04-16T08:32:00Z,None,-30.0,-12.7,-56.6,false,false
,MPC Member Tenreyro Speaks,GBP,2020-04-16T09:30:00Z,None,,,,false,false
,Natural Gas Storage,USD,2020-04-16T10:30:00Z,None,63B,38B,73B,false,false
,FOMC Member Williams Speaks,USD,2020-04-16T14:00:00Z,None,,,,false,false
,BOC Gov Poloz Speaks,CAD,2020-04-16T16:00:00Z,High,,,,false,false
,President Trump Speaks,USD,2020-04-16T18:08:00Z,High,,,,false,false
,Fixed Asset Investment ytd/y,CNY,2020-04-16T22:00:00Z,None,-15.0%,-24.5%,-16.1%,false,false
,GDP q/y,CNY,2020-04-16T22:00:00Z,High,-6.2%,6.0%,-6.8%,false,false
,Unemployment Rate,CNY,2020-04-16T22:00:00Z,None,,6.2%,5.9%,false,false
,Retail Sales y/y,CNY,2020-04-16T22:00:00Z,None,-10.0%,-20.5%,-15.8%,false,false
,NBS Press Conference,CNY,2020-04-16T22:00:00Z,None,,,,false,false
,Industrial Production y/y,CNY,2020-04-16T22:02:00Z,None,-7.0%,-13.5%,-1.1%,false,false
,IMF Meetings,All,2020-04-17T00:00:00Z,None,,,,false,false
,Revised Industrial Production m/m,JPY,2020-04-17T00:30:00Z,None,0.4%,0.4%,-0.3%,false,false
,Tertiary Industry Activity m/m,JPY,2020-04-17T00:30:00Z,None,-0.4%,0.3%,-0.5%,false,false
,Italian Trade Balance,EUR,2020-04-17T04:06:00Z,None,3.18B,0.55B,6.09B,false,false
,Final CPI y/y,EUR,2020-04-17T05:00:00Z,None,0.7%,0.7%,0.7%,false,false
,Final Core CPI y/y,EUR,2020-04-17T05:00:00Z,None,1.0%,1.0%,1.0%,false,false
,CB Leading Index m/m,USD,2020-04-17T10:00:00Z,None,-7.1%,-0.2%,-6.7%,false,false
,President Trump Speaks,USD,2020-04-17T18:00:00Z,High,,,,false,false
,President Trump Speaks,USD,2020-04-18T18:00:00Z,High,,,,false,false
,President Trump Speaks,USD,2020-04-19T18:25:00Z,High,,,,false,false
,CPI q/q,NZD,2020-04-19T18:45:00Z,None,0.4%,0.5%,0.8%,false,false
,Rightmove HPI m/m,GBP,2020-04-19T19:01:00Z,None,,1.0%,-0.2%,false,false
,Trade Balance,JPY,2020-04-19T19:50:00Z,None,-0.11T,0.48T,-0.19T,false,false
,5-y Loan Prime Rate,CNY,2020-04-19T21:30:00Z,None,4.65%,4.75%,4.65%,false,false
,1-y Loan Prime Rate,CNY,2020-04-19T21:30:00Z,None,3.85%,4.05%,3.85%,false,false
,German PPI m/m,EUR,2020-04-20T02:00:00Z,None,-0.7%,-0.4%,-0.8%,false,false
,Current Account,EUR,2020-04-20T04:00:00Z,None,36.3B,31.8B,40.2B,false,false
,Trade Balance,EUR,2020-04-20T05:00:00Z,None,19.2B,18.2B,25.8B,false,false
,German Buba Monthly Report,EUR,2020-04-20T06:00:00Z,None,,,,false,false
,Wholesale Sales m/m,CAD,2020-04-20T08:30:00Z,None,-0.2%,1.8%,0.7%,false,false
,President Trump Speaks,USD,2020-04-20T17:40:00Z,High,,,,false,false
,Monetary Policy Meeting Minutes,AUD,2020-04-20T21:30:00Z,None,,,,false,false
,RBA Gov Lowe Speaks,AUD,2020-04-21T01:00:00Z,High,,,,false,false
,Trade Balance,CHF,2020-04-21T02:00:00Z,None,3.23B,3.54B,4.02B,false,false
,Claimant Count Change,GBP,2020-04-21T02:00:00Z,High,170.0K,6.0K,12.1K,false,false
,Average Earnings Index 3m/y,GBP,2020-04-21T02:00:00Z,None,3.0%,3.1%,2.8%,false,false
,Unemployment Rate,GBP,2020-04-21T02:00:00Z,None,3.9%,3.9%,4.0%,false,false
,ZEW Economic Sentiment,EUR,2020-04-21T05:00:00Z,None,-38.2,-49.5,25.2,false,false
,German ZEW Economic Sentiment,EUR,2020-04-21T05:00:00Z,None,-40.0,-49.5,28.2,false,false
,Core Retail Sales m/m,CAD,2020-04-21T08:30:00Z,None,0.3%,0.1%,0.0%,false,false
,Retail Sales m/m,CAD,2020-04-21T08:30:00Z,None,0.3%,0.6%,0.3%,false,false
,Existing Home Sales,USD,2020-04-21T10:00:00Z,None,5.27M,5.76M,5.27M,false,false
,CB Leading Index m/m,AUD,2020-04-21T10:30:00Z,None,,0.3%,-0.4%,false,false
,GDT Price Index,NZD,2020-04-21T10:41:00Z,None,,1.2%,-4.2%,false,false
,API Weekly Statistical Bulletin,USD,2020-04-21T16:30:00Z,None,,,,false,false
,President Trump Speaks,USD,2020-04-21T17:46:00Z,High,,,,false,false
,MI Leading Index m/m,AUD,2020-04-21T20:30:00Z,None,,-0.4%,-0.8%,false,false
,Retail Sales m/m,AUD,2020-04-21T21:30:00Z,High,7.2%,0.5%,8.2%,false,false
,RPI y/y,GBP,2020-04-22T02:00:00Z,None,2.3%,2.5%,2.6%,false,false
,Core CPI y/y,GBP,2020-04-22T02:00:00Z,None,1.6%,1.7%,1.6%,false,false
,CPI y/y,GBP,2020-04-22T02:00:00Z,None,1.5%,1.7%,1.5%,false,false
,PPI Input m/m,GBP,2020-04-22T02:02:00Z,None,-3.9%,-0.9%,-3.6%,false,false
,PPI Output m/m,GBP,2020-04-22T02:02:00Z,None,-0.4%,-0.2%,-0.2%,false,false
,HPI y/y,GBP,2020-04-22T04:30:00Z,None,1.5%,1.5%,1.1%,false,false
,Common CPI y/y,CAD,2020-04-22T08:30:00Z,None,1.7%,1.8%,1.7%,false,false
,CPI m/m,CAD,2020-04-22T08:30:00Z,None,-0.4%,0.4%,-0.6%,false,false
,Median CPI y/y,CAD,2020-04-22T08:30:00Z,None,2.0%,2.1%,2.0%,false,false
,NHPI m/m,CAD,2020-04-22T08:30:00Z,None,0.1%,0.4%,0.3%,false,false
,Trimmed CPI y/y,CAD,2020-04-22T08:30:00Z,None,2.0%,2.0%,1.8%,false,false
,Core CPI m/m,CAD,2020-04-22T08:32:00Z,None,,0.7%,0.1%,false,false
,CB Leading Index m/m,CNY,2020-04-22T09:00:00Z,None,,-1.3%,1.4%,false,false
,HPI m/m,USD,2020-04-22T09:00:00Z,None,0.4%,0.5%,0.7%,false,false
,Consumer Confidence,EUR,2020-04-22T09:36:00Z,None,-20,-12,-23,false,false
,Crude Oil Inventories,USD,2020-04-22T10:30:00Z,None,14.7M,19.2M,15.0M,false,false
,President Trump Speaks,USD,2020-04-22T18:11:00Z,High,,,,false,false
,Flash Manufacturing PMI,AUD,2020-04-22T19:00:00Z,None,,49.7,45.6,false,false
,Flash Services PMI,AUD,2020-04-22T19:00:00Z,None,,38.5,19.6,false,false
,Flash Manufacturing PMI,JPY,2020-04-22T20:30:00Z,None,43.8,44.8,43.7,false,false
,Goods Trade Balance,AUD,2020-04-22T21:30:00Z,None,,,12.34B,false,false
,Credit Card Spending y/y,NZD,2020-04-22T23:00:00Z,None,,2.2%,-8.2%,false,false
,EU Economic Summit,EUR,2020-04-23T00:00:00Z,None,,,,true,false
,German GfK Consumer Climate,EUR,2020-04-23T02:00:00Z,None,-1.9,2.3,-23.4,false,false
,Public Sector Net Borrowing,GBP,2020-04-23T02:00:00Z,None,2.0B,0.1B,2.3B,false,false
,French Flash Services PMI,EUR,2020-04-23T03:15:00Z,High,24.7,27.4,10.4,false,false
,French Flash Manufacturing PMI,EUR,2020-04-23T03:15:00Z,None,37.3,43.2,31.5,false,false
,German Flash Manufacturing PMI,EUR,2020-04-23T03:30:00Z,High,39.0,45.4,34.4,false,false
,German Flash Services PMI,EUR,2020-04-23T03:30:00Z,High,28.3,31.7,15.9,false,false
,Flash Manufacturing PMI,EUR,2020-04-23T04:00:00Z,None,38.7,44.5,33.6,false,false
,Flash Services PMI,EUR,2020-04-23T04:00:00Z,None,23.2,26.4,11.7,false,false
,Flash Manufacturing PMI,GBP,2020-04-23T04:30:00Z,High,42.0,47.8,32.9,false,false
,Flash Services PMI,GBP,2020-04-23T04:30:00Z,High,28.5,34.5,12.3,false,false
,MPC Member Vlieghe Speaks,GBP,2020-04-23T05:30:00Z,None,,,,false,false
,CBI Industrial Order Expectations,GBP,2020-04-23T06:00:00Z,None,-50,-29,-56,false,false
,Unemployment Claims,USD,2020-04-23T08:30:00Z,High,4350K,5237K,4427K,false,false
,Flash Manufacturing PMI,USD,2020-04-23T09:45:00Z,High,35.1,48.5,36.9,false,false
,Flash Services PMI,USD,2020-04-23T09:45:00Z,None,30.5,39.8,27.0,false,false
,New Home Sales,USD,2020-04-23T10:00:00Z,None,643K,741K,627K,false,false
,Natural Gas Storage,USD,2020-04-23T10:30:00Z,None,43B,73B,43B,false,false
,President Trump Speaks,USD,2020-04-23T17:43:00Z,High,,,,false,false
,GfK Consumer Confidence,GBP,2020-04-23T19:01:00Z,None,-40,-34,-34,false,false
,National Core CPI y/y,JPY,2020-04-23T19:30:00Z,None,0.4%,0.6%,0.4%,false,false
,SPPI y/y,JPY,2020-04-23T19:50:00Z,None,1.7%,2.1%,1.6%,false,false
,All Industries Activity m/m,JPY,2020-04-24T00:30:00Z,None,-0.4%,0.6%,-0.6%,false,false
,Retail Sales m/m,GBP,2020-04-24T02:00:00Z,High,-4.5%,-0.3%,-5.1%,false,false
,German ifo Business Climate,EUR,2020-04-24T04:00:00Z,High,79.8,85.9,74.3,false,false
,Core Durable Goods Orders m/m,USD,2020-04-24T08:30:00Z,High,-6.1%,-0.7%,-0.2%,false,false
,Durable Goods Orders m/m,USD,2020-04-24T08:30:00Z,None,-12.0%,1.1%,-14.4%,false,false
,Belgian NBB Business Climate,EUR,2020-04-24T08:57:00Z,None,-21.0,-10.9,-36.1,false,false
,Revised UoM Consumer Sentiment,USD,2020-04-24T10:00:00Z,None,67.8,71.0,71.8,false,false
,Revised UoM Inflation Expectations,USD,2020-04-24T10:00:00Z,None,,2.1%,2.1%,false,false
,President Trump Speaks,USD,2020-04-24T17:40:00Z,High,,,,false,false
,Bank Holiday,NZD,2020-04-26T00:00:00Z,None,,,,true,false
,Monetary Policy Statement,JPY,2020-04-26T23:08:00Z,High,,,,false,false
,BOJ Policy Rate,JPY,2020-04-26T23:08:00Z,None,-0.10%,-0.10%,-0.10%,false,false
,BOJ Outlook Report,JPY,2020-04-26T23:09:00Z,High,,,,false,false
,BOJ Press Conference,JPY,2020-04-27T02:32:00Z,None,,,,false,false
,President Trump Speaks,USD,2020-04-27T17:38:00Z,High,,,,false,false
,Unemployment Rate,JPY,2020-04-27T19:30:00Z,None,2.5%,2.4%,2.5%,false,false
,Bank Holiday,JPY,2020-04-28T00:00:00Z,None,,,,true,false
,BOJ Core CPI y/y,JPY,2020-04-28T01:00:00Z,None,0.2%,0.2%,0.1%,false,false
,Spanish Unemployment Rate,EUR,2020-04-28T03:00:00Z,None,15.6%,13.8%,14.4%,false,false
,10-y Bond Auction,GBP,2020-04-28T05:09:00Z,None,,0.27|2.9,0.26|3.2,false,false
,CBI Realized Sales,GBP,2020-04-28T06:00:00Z,None,-45,-3,-55,false,false
,Goods Trade Balance,USD,2020-04-28T08:30:00Z,None,-55.0B,-59.9B,-64.2B,false,false
,Prelim Wholesale Inventories m/m,USD,2020-04-28T08:30:00Z,None,-0.4%,-0.7%,-1.0%,false,false
,S&P/CS Composite-20 HPI y/y,USD,2020-04-28T09:00:00Z,None,3.1%,3.1%,3.5%,false,false
,Richmond Manufacturing Index,USD,2020-04-28T09:59:00Z,None,-41,2,-53,false,false
,CB Consumer Confidence,USD,2020-04-28T10:00:00Z,High,88.3,118.8,86.9,false,false
,API Weekly Statistical Bulletin,USD,2020-04-28T16:30:00Z,None,,,,false,false
,Trade Balance,NZD,2020-04-28T18:45:00Z,None,700M,531M,672M,false,false
,BRC Shop Price Index y/y,GBP,2020-04-28T19:01:00Z,None,,-0.8%,-1.7%,false,false
,CPI m/m,AUD,2020-04-28T21:30:00Z,High,0.2%,0.7%,0.3%,false,false
,Trimmed Mean CPI m/m,AUD,2020-04-28T21:30:00Z,None,0.3%,0.5%,0.5%,false,false
,German Prelim CPI m/m,EUR,2020-04-29T00:00:00Z,None,0.0%,0.1%,0.3%,true,false
,German Import Prices m/m,EUR,2020-04-29T02:00:00Z,None,-2.3%,-0.9%,-3.5%,false,false
,UBS Economic Expectations,CHF,2020-04-29T04:00:00Z,None,,-45.8,12.7,false,false
,M3 Money Supply y/y,EUR,2020-04-29T04:00:00Z,None,5.5%,5.5%,7.5%,false,false
,Private Loans y/y,EUR,2020-04-29T04:00:00Z,None,3.8%,3.7%,3.4%,false,false
,Italian 10-y Bond Auction,EUR,2020-04-29T05:20:00Z,None,,1.44|1.5,1.78|1.3,false,false
,German 10-y Bond Auction,EUR,2020-04-29T05:37:00Z,None,,-0.34|1.8,-0.48|2.5,false,false
,30-y Bond Auction,GBP,2020-04-29T06:38:00Z,None,,0.68|2.4,0.61|2.3,false,false
,Foreign Securities Purchases,CAD,2020-04-29T08:30:00Z,None,9.05B,16.81B,20.61B,false,false
,Advance GDP q/q,USD,2020-04-29T08:32:00Z,High,-4.0%,2.1%,-4.8%,false,false
,Advance GDP Price Index q/q,USD,2020-04-29T08:34:00Z,None,1.0%,1.3%,1.3%,false,false
,Pending Home Sales m/m,USD,2020-04-29T10:00:00Z,None,-13.3%,2.3%,-20.8%,false,false
,Crude Oil Inventories,USD,2020-04-29T10:30:00Z,None,11.2M,15.0M,9.0M,false,false
,FOMC Statement,USD,2020-04-29T14:00:00Z,High,,,,false,false
,Federal Funds Rate,USD,2020-04-29T14:00:00Z,None,<0.25%,<0.25%,<0.25%,false,false
,FOMC Press Conference,USD,2020-04-29T14:30:00Z,High,,,,false,false
,Prelim Industrial Production m/m,JPY,2020-04-29T19:50:00Z,None,-5.0%,-0.3%,-3.7%,false,false
,Retail Sales y/y,JPY,2020-04-29T19:50:00Z,None,-4.6%,1.6%,-4.6%,false,false
,Manufacturing PMI,CNY,2020-04-29T21:00:00Z,High,51.0,52.0,50.8,false,false
,Non-Manufacturing PMI,CNY,2020-04-29T21:00:00Z,None,52.7,52.3,53.2,false,false
,ANZ Business Confidence,NZD,2020-04-29T21:00:00Z,None,,-73.1,-66.6,false,false
,Import Prices q/q,AUD,2020-04-29T21:30:00Z,None,1.0%,0.7%,-1.0%,false,false
,Private Sector Credit m/m,AUD,2020-04-29T21:30:00Z,None,0.3%,0.4%,1.1%,false,false
,RatingDog Manufacturing PMI,CNY,2020-04-29T21:45:00Z,None,49.2,50.1,49.4,false,false
,Bank Holiday,CNY,2020-04-30T00:00:00Z,None,,,,true,false
,Consumer Confidence,JPY,2020-04-30T01:00:00Z,None,27.8,30.9,21.6,false,false
,Housing Starts y/y,JPY,2020-04-30T01:02:00Z,None,-16.1%,-12.3%,-7.6%,false,false
,French Flash GDP q/q,EUR,2020-04-30T01:30:00Z,None,-4.0%,-0.1%,-5.8%,false,false
,German Retail Sales m/m,EUR,2020-04-30T02:03:00Z,None,-8.1%,0.8%,-5.6%,false,false
,Retail Sales y/y,CHF,2020-04-30T02:30:00Z,None,-3.6%,0.3%,-5.6%,false,false
,French Prelim CPI m/m,EUR,2020-04-30T02:45:00Z,None,-0.2%,0.0%,0.1%,false,false
,French Consumer Spending m/m,EUR,2020-04-30T02:45:00Z,None,-5.7%,-0.5%,-17.9%,false,false
,KOF Economic Barometer,CHF,2020-04-30T03:00:00Z,None,63.5,91.7,63.5,false,false
,Spanish Flash GDP q/q,EUR,2020-04-30T03:00:00Z,None,-4.2%,0.4%,-5.2%,false,false
,Spanish Flash CPI y/y,EUR,2020-04-30T03:00:00Z,None,-0.5%,0.0%,-0.7%,false,false
,German Unemployment Change,EUR,2020-04-30T03:55:00Z,None,75K,1K,373K,false,false
,Italian Monthly Unemployment Rate,EUR,2020-04-30T04:00:00Z,None,10.5%,9.3%,8.4%,false,false
,Core CPI Flash Estimate y/y,EUR,2020-04-30T05:00:00Z,None,0.7%,1.0%,0.9%,false,false
,CPI Flash Estimate y/y,EUR,2020-04-30T05:00:00Z,None,0.1%,0.7%,0.4%,false,false
,Italian Prelim CPI m/m,EUR,2020-04-30T05:00:00Z,None,-0.2%,0.1%,0.1%,false,false
,Unemployment Rate,EUR,2020-04-30T05:00:00Z,None,7.7%,7.3%,7.4%,false,false
,Prelim Flash GDP q/q,EUR,2020-04-30T05:00:00Z,None,-3.7%,0.1%,-3.8%,false,false
,Italian Prelim GDP q/q,EUR,2020-04-30T06:00:00Z,None,-5.0%,-0.3%,-4.7%,false,false
,Main Refinancing Rate,EUR,2020-04-30T07:45:00Z,High,0.00%,0.00%,0.00%,false,false
,Monetary Policy Statement,EUR,2020-04-30T07:45:00Z,High,,,,false,false
,IPPI m/m,CAD,2020-04-30T08:30:00Z,None,-1.9%,-0.6%,-0.9%,false,false
,Personal Income m/m,USD,2020-04-30T08:30:00Z,None,-1.6%,0.6%,-2.0%,false,false
,ECB Press Conference,EUR,2020-04-30T08:30:00Z,High,,,,false,false
,Unemployment Claims,USD,2020-04-30T08:30:00Z,High,3500K,4442K,3839K,false,false
,Personal Spending m/m,USD,2020-04-30T08:30:00Z,None,-4.8%,0.2%,-7.5%,false,false
,Core PCE Price Index m/m,USD,2020-04-30T08:30:00Z,None,-0.1%,0.2%,-0.1%,false,false
,Employment Cost Index q/q,USD,2020-04-30T08:30:00Z,None,0.7%,0.7%,0.8%,false,false
,RMPI m/m,CAD,2020-04-30T08:30:00Z,None,-15.5%,-4.8%,-15.6%,false,false
,GDP m/m,CAD,2020-04-30T08:30:00Z,High,0.2%,0.2%,0.0%,false,false
,Chicago PMI,USD,2020-04-30T09:45:00Z,None,38.0,47.8,35.4,false,false
,Fed Announcement,USD,2020-04-30T10:00:00Z,High,,,,false,false
,Natural Gas Storage,USD,2020-04-30T10:30:00Z,None,70B,43B,70B,false,false
,BOC Gov Poloz Speaks,CAD,2020-04-30T16:30:00Z,High,,,,false,false
,AIG Manufacturing Index,AUD,2020-04-30T18:00:00Z,None,,53.7,35.8,false,false
,Tokyo Core CPI y/y,JPY,2020-04-30T19:30:00Z,None,0.1%,0.4%,-0.1%,false,false
,Monetary Policy Meeting Minutes,JPY,2020-04-30T19:50:00Z,None,,,,false,false
,Retail Sales y/y,JPY,2020-04-30T19:50:00Z,None,,,,false,false
,Final Manufacturing PMI,JPY,2020-04-30T20:30:00Z,None,43.7,43.7,41.9,false,false
,PPI q/q,AUD,2020-04-30T21:30:00Z,None,0.2%,0.3%,0.2%,false,false
,Omdia Total Vehicle Sales,USD,2020-05-01T00:00:00Z,None,7.0M,11.4M,8.6M,true,false
,Bank Holiday,CHF,2020-05-01T00:00:00Z,None,,,,true,false
,French Bank Holiday,EUR,2020-05-01T00:00:00Z,None,,,,true,false
,German Bank Holiday,EUR,2020-05-01T00:00:00Z,None,,,,true,false
,Italian Bank Holiday,EUR,2020-05-01T00:00:00Z,None,,,,true,false
,Nationwide HPI m/m,GBP,2020-05-01T01:59:00Z,None,-0.3%,0.8%,0.7%,false,false
,Commodity Prices y/y,AUD,2020-05-01T02:30:00Z,None,,-10.7%,-8.1%,false,false
,M4 Money Supply m/m,GBP,2020-05-01T04:30:00Z,None,0.2%,0.4%,2.8%,false,false
,Mortgage Approvals,GBP,2020-05-01T04:30:00Z,None,59K,74K,56K,false,false
,Final Manufacturing PMI,GBP,2020-05-01T04:30:00Z,None,32.8,32.9,32.6,false,false
,Net Lending to Individuals m/m,GBP,2020-05-01T04:33:00Z,None,4.2B,5.2B,1.0B,false,false
,Manufacturing PMI,CAD,2020-05-01T09:30:00Z,None,,46.1,33.0,false,false
,BOC Gov Poloz Speaks,CAD,2020-05-01T09:40:00Z,High,,,,false,false
,Final Manufacturing PMI,USD,2020-05-01T09:45:00Z,None,36.9,36.9,36.1,false,false
,ISM Manufacturing PMI,USD,2020-05-01T10:00:00Z,High,36.7,49.1,41.5,false,false
,Construction Spending m/m,USD,2020-05-01T10:00:00Z,None,-3.5%,-2.5%,0.9%,false,false
,ISM Manufacturing Prices,USD,2020-05-01T10:00:00Z,None,30.7,37.4,35.3,false,false
,Bank Holiday,JPY,2020-05-03T00:00:00Z,None,,,,true,false
,MI Inflation Gauge m/m,AUD,2020-05-03T21:00:00Z,None,,0.2%,-0.1%,false,false
,ANZ Job Advertisements m/m,AUD,2020-05-03T21:30:00Z,None,,-10.0%,-53.1%,false,false
,Building Approvals m/m,AUD,2020-05-03T21:30:00Z,None,-15.0%,19.4%,-4.0%,false,false
,Bank Holiday,JPY,2020-05-04T00:00:00Z,None,,,,true,false
,Spanish Manufacturing PMI,EUR,2020-05-04T03:15:00Z,None,35.0,45.7,30.8,false,false
,Manufacturing PMI,CHF,2020-05-04T03:30:00Z,None,35.2,43.7,40.7,false,false
,Italian Manufacturing PMI,EUR,2020-05-04T03:45:00Z,None,30.3,40.3,31.1,false,false
,French Final Manufacturing PMI,EUR,2020-05-04T03:50:00Z,None,31.5,31.5,31.5,false,false
,German Final Manufacturing PMI,EUR,2020-05-04T03:55:00Z,None,34.4,34.4,34.5,false,false
,Final Manufacturing PMI,EUR,2020-05-04T04:00:00Z,None,33.6,33.6,33.4,false,false
,Sentix Investor Confidence,EUR,2020-05-04T04:30:00Z,None,-25.9,-42.9,-41.8,false,false
,Factory Orders m/m,USD,2020-05-04T10:00:00Z,None,-9.2%,-0.1%,-10.3%,false,false
,Gov Council Member Wilkins Speaks,CAD,2020-05-04T12:30:00Z,None,,,,false,false
,Loan Officer Survey,USD,2020-05-04T14:00:00Z,None,,,,false,false
,AIG Construction Index,AUD,2020-05-04T18:30:00Z,None,,37.9,21.6,false,false
,Building Consents m/m,NZD,2020-05-04T18:45:00Z,None,,5.7%,-21.3%,false,false
,ANZ Commodity Prices m/m,NZD,2020-05-04T21:00:00Z,None,,-2.0%,-1.1%,false,false
,Bank Holiday,JPY,2020-05-05T00:00:00Z,None,,,,true,false
,Cash Rate,AUD,2020-05-05T00:30:00Z,High,0.25%,0.25%,0.25%,false,false
,RBA Rate Statement,AUD,2020-05-05T00:30:00Z,High,,,,false,false
,SECO Consumer Climate,CHF,2020-05-05T01:45:00Z,None,-40,-40,-39,false,false
,CPI m/m,CHF,2020-05-05T02:30:00Z,None,-0.1%,0.1%,-0.4%,false,false
,French Gov Budget Balance,EUR,2020-05-05T02:45:00Z,None,,-35.2B,-52.5B,false,false
,Spanish Unemployment Change,EUR,2020-05-05T03:00:00Z,None,500.0K,302.3K,282.9K,false,false
,German Buba President Weidmann Speaks,EUR,2020-05-05T04:00:00Z,None,,,,false,false
,German Constitutional Court Ruling,EUR,2020-05-05T04:11:00Z,High,,,,false,false
,Final Services PMI,GBP,2020-05-05T04:30:00Z,None,12.3,12.3,13.4,false,false
,PPI m/m,EUR,2020-05-05T05:00:00Z,None,-1.3%,-0.7%,-1.5%,false,false
,Trade Balance,CAD,2020-05-05T08:30:00Z,High,-2.5B,-0.9B,-1.4B,false,false
,Trade Balance,USD,2020-05-05T08:30:00Z,None,-41.0B,-39.8B,-44.4B,false,false
,Final Services PMI,USD,2020-05-05T09:45:00Z,None,27.0,27.0,26.7,false,false
,ISM Services PMI,USD,2020-05-05T10:00:00Z,High,37.5,52.5,41.8,false,false
,RCM/TIPP Economic Optimism,USD,2020-05-05T10:01:00Z,None,35.2,47.8,49.7,false,false
,GDT Price Index,NZD,2020-05-05T10:51:00Z,None,,-4.2%,-0.8%,false,false
,API Weekly Statistical Bulletin,USD,2020-05-05T16:30:00Z,None,,,,false,false
,Employment Change q/q,NZD,2020-05-05T18:45:00Z,High,-0.2%,0.1%,0.7%,false,false
,Unemployment Rate,NZD,2020-05-05T18:45:00Z,High,4.4%,4.0%,4.2%,false,false
,Labor Cost Index q/q,NZD,2020-05-05T18:45:00Z,None,0.5%,0.6%,0.3%,false,false
,German Factory Orders m/m,EUR,2020-05-06T02:00:00Z,None,-10.0%,-1.2%,-15.6%,false,false
,Spanish Services PMI,EUR,2020-05-06T03:15:00Z,None,10.0,23.0,7.1,false,false
,Italian Services PMI,EUR,2020-05-06T03:45:00Z,None,9.2,17.4,10.8,false,false
,French Final Services PMI,EUR,2020-05-06T03:50:00Z,None,10.4,10.4,10.2,false,false
,German Final Services PMI,EUR,2020-05-06T03:55:00Z,None,15.9,15.9,16.2,false,false
,Final Services PMI,EUR,2020-05-06T04:00:00Z,None,11.7,11.7,12.0,false,false
,Construction PMI,GBP,2020-05-06T04:30:00Z,None,21.5,39.3,8.2,false,false
,Retail Sales m/m,EUR,2020-05-06T05:00:00Z,None,-11.2%,0.6%,-11.2%,false,false
,EU Economic Forecasts,EUR,2020-05-06T05:00:00Z,High,,,,false,false
,ADP Non-Farm Employment Change,USD,2020-05-06T08:15:00Z,High,-20500K,-149K,-20236K,false,false
,Crude Oil Inventories,USD,2020-05-06T10:30:00Z,None,8.5M,9.0M,4.6M,false,false
,AIG Services Index,AUD,2020-05-06T18:30:00Z,None,,38.7,27.1,false,false
,Monetary Base y/y,JPY,2020-05-06T19:50:00Z,None,4.5%,2.8%,2.3%,false,false
,Goods Trade Balance,AUD,2020-05-06T21:30:00Z,High,6.40B,3.87B,10.60B,false,false
,RatingDog Services PMI,CNY,2020-05-06T21:45:00Z,None,50.1,43.0,44.4,false,false
,Inflation Expectations q/q,NZD,2020-05-06T23:00:00Z,High,,1.93%,1.24%,false,false
,Trade Balance,CNY,2020-05-06T23:01:00Z,High,82B,139B,318B,false,false
,USD-Denominated Trade Balance,CNY,2020-05-06T23:02:00Z,None,9.1B,19.9B,45.3B,false,false
,Unemployment Rate,CHF,2020-05-07T01:45:00Z,None,3.4%,2.9%,3.3%,false,false
,Asset Purchase Facility,GBP,2020-05-07T02:00:00Z,None,645B,645B,645B,false,false
,MPC Asset Purchase Facility Votes,GBP,2020-05-07T02:00:00Z,None,0-0-9,0-0-9,2-0-7,false,false
,Monetary Policy Summary,GBP,2020-05-07T02:00:00Z,High,,,,false,false
,MPC Official Bank Rate Votes,GBP,2020-05-07T02:00:00Z,High,0-0-9,0-0-9,0-0-9,false,false
,Official Bank Rate,GBP,2020-05-07T02:00:00Z,High,0.10%,0.10%,0.10%,false,false
,German Industrial Production m/m,EUR,2020-05-07T02:00:00Z,None,-7.3%,0.3%,-9.2%,false,false
,BOE Financial Stability Report,GBP,2020-05-07T02:00:00Z,None,,,,false,false
,FPC Meeting Minutes,GBP,2020-05-07T02:00:00Z,None,,,,false,false
,FPC Statement,GBP,2020-05-07T02:00:00Z,None,,,,false,false
,BOE Monetary Policy Report,GBP,2020-05-07T02:00:00Z,High,,,,false,false
,French Industrial Production m/m,EUR,2020-05-07T02:45:00Z,None,-12.7%,0.8%,-16.2%,false,false
,French Prelim Private Payrolls q/q,EUR,2020-05-07T02:45:00Z,None,-0.3%,0.5%,-2.3%,false,false
,French Trade Balance,EUR,2020-05-07T02:45:00Z,None,-4.6B,-5.0B,-3.3B,false,false
,Foreign Currency Reserves,CHF,2020-05-07T03:00:00Z,None,,763B,800B,false,false
,Lloyds HPI m/m,GBP,2020-05-07T03:30:00Z,None,-0.3%,-0.3%,-0.6%,false,false
,German Buba President Weidmann Speaks,EUR,2020-05-07T04:00:00Z,None,,,,false,false
,Italian Retail Sales m/m,EUR,2020-05-07T04:07:00Z,None,-14.9%,0.9%,-20.5%,false,false
,BOE Gov Bailey Speaks,GBP,2020-05-07T05:00:00Z,High,,,,false,false
,French 10-y Bond Auction,EUR,2020-05-07T05:04:00Z,None,,0.04|2.7,0.03|2.0,false,false
,Challenger Job Cuts y/y,USD,2020-05-07T07:30:00Z,None,,266.9%,1576.9%,false,false
,Unemployment Claims,USD,2020-05-07T08:30:00Z,High,3000K,3846K,3169K,false,false
,Prelim Nonfarm Productivity q/q,USD,2020-05-07T08:30:00Z,None,-5.4%,1.2%,-2.5%,false,false
,Prelim Unit Labor Costs q/q,USD,2020-05-07T08:30:00Z,None,4.3%,0.9%,4.8%,false,false
,Ivey PMI,CAD,2020-05-07T10:00:00Z,None,24.3,26.0,22.8,false,false
,ECB President Lagarde Speaks,EUR,2020-05-07T10:00:00Z,High,,,,false,false
,Natural Gas Storage,USD,2020-05-07T10:30:00Z,None,112B,70B,109B,false,false
,Consumer Credit m/m,USD,2020-05-07T15:00:00Z,None,14.9B,19.9B,-12.0B,false,false
,FOMC Member Harker Speaks,USD,2020-05-07T16:00:00Z,None,,,,false,false
,GfK Consumer Confidence,GBP,2020-05-07T19:01:00Z,None,-37,-34,-33,false,false
,Average Cash Earnings y/y,JPY,2020-05-07T19:30:00Z,None,0.1%,0.7%,0.1%,false,false
,Household Spending y/y,JPY,2020-05-07T19:30:00Z,None,-6.3%,-0.3%,-6.0%,false,false
,RBA Monetary Policy Statement,AUD,2020-05-07T21:30:00Z,High,,,,false,false
,French Bank Holiday,EUR,2020-05-08T00:00:00Z,None,,,,true,false
,Bank Holiday,GBP,2020-05-08T00:00:00Z,None,,,,true,false
,Eurogroup Meetings,EUR,2020-05-08T00:00:00Z,None,,,,true,false
,German Trade Balance,EUR,2020-05-08T02:00:00Z,None,19.0B,21.4B,12.8B,false,false
,ECB President Lagarde Speaks,EUR,2020-05-08T07:00:00Z,High,,,,false,false
,President Trump Speaks,USD,2020-05-08T08:00:00Z,High,,,,false,false
,Housing Starts,CAD,2020-05-08T08:17:00Z,None,107K,195K,171K,false,false
,Non-Farm Employment Change,USD,2020-05-08T08:30:00Z,High,-22000K,-881K,-20537K,false,false
,Unemployment Rate,CAD,2020-05-08T08:30:00Z,High,18.0%,7.8%,13.0%,false,false
,Building Permits m/m,CAD,2020-05-08T08:30:00Z,None,-20.1%,-8.4%,-13.2%,false,false
,Average Hourly Earnings m/m,USD,2020-05-08T08:30:00Z,High,0.5%,0.5%,4.7%,false,false
,Employment Change,CAD,2020-05-08T08:30:00Z,High,-4000.0K,-1010.7K,-1993.8K,false,false
,Unemployment Rate,USD,2020-05-08T08:30:00Z,High,16.0%,4.4%,14.7%,false,false
,Final Wholesale Inventories m/m,USD,2020-05-08T10:00:00Z,None,-1.0%,-1.0%,-0.8%,false,false
,BOJ Summary of Opinions,JPY,2020-05-10T19:50:00Z,None,,,,false,false
,Prelim ANZ Business Confidence,NZD,2020-05-10T21:00:00Z,High,,-66.6,-45.6,false,false
,New Loans,CNY,2020-05-11T03:32:00Z,None,1300B,2850B,1700B,false,false
,M2 Money Supply y/y,CNY,2020-05-11T03:33:00Z,None,10.3%,10.1%,11.1%,false,false
,Italian Industrial Production m/m,EUR,2020-05-11T04:00:00Z,None,-20.0%,-1.0%,-28.4%,false,false
,NAB Business Confidence,AUD,2020-05-11T21:30:00Z,None,,-65,-46,false,false
,CPI y/y,CNY,2020-05-11T21:30:00Z,None,3.7%,4.3%,3.3%,false,false
,PPI y/y,CNY,2020-05-11T21:30:00Z,None,-2.6%,-1.5%,-3.1%,false,false
,10-y Bond Auction,JPY,2020-05-11T23:35:00Z,None,,0.02|4.2,0.00|4.1,false,false
,Leading Indicators,JPY,2020-05-12T01:00:00Z,None,84.3%,91.7%,83.8%,false,false
,NFIB Small Business Index,USD,2020-05-12T06:00:00Z,None,86.7,96.4,90.9,false,false
,Core CPI m/m,USD,2020-05-12T08:30:00Z,High,-0.2%,-0.1%,-0.4%,false,false
,Core CPI y/y,USD,2020-05-12T08:30:00Z,High,1.7%,2.1%,1.4%,false,false
,CPI m/m,USD,2020-05-12T08:30:00Z,High,-0.7%,-0.4%,-0.8%,false,false
,CPI y/y,USD,2020-05-12T08:30:00Z,High,0.4%,1.5%,0.3%,false,false
,FOMC Member Quarles Speaks,USD,2020-05-12T10:00:00Z,None,,,,false,false
,FOMC Member Harker Speaks,USD,2020-05-12T10:00:00Z,None,,,,false,false
,Mortgage Delinquencies,USD,2020-05-12T10:00:00Z,None,,3.77%,4.36%,false,false
,10-y Bond Auction,USD,2020-05-12T13:01:00Z,None,,0.78|2.4,0.70|2.7,false,false
,Federal Budget Balance,USD,2020-05-12T14:00:00Z,None,-729.7B,-119.1B,-737.9B,false,false
,API Weekly Statistical Bulletin,USD,2020-05-12T16:30:00Z,None,,,,false,false
,FOMC Member Mester Speaks,USD,2020-05-12T17:00:00Z,None,,,,false,false
,BRC Retail Sales Monitor y/y,GBP,2020-05-12T19:01:00Z,None,-15.0%,-3.5%,5.7%,false,false
,Bank Lending y/y,JPY,2020-05-12T19:50:00Z,None,2.0%,2.0%,3.0%,false,false
,Current Account,JPY,2020-05-12T19:50:00Z,None,1.29T,2.35T,0.94T,false,false
,Westpac Consumer Sentiment,AUD,2020-05-12T20:30:00Z,None,,-17.7%,16.4%,false,false
,Wage Price Index q/q,AUD,2020-05-12T21:30:00Z,None,0.5%,0.5%,0.5%,false,false
,Official Cash Rate,NZD,2020-05-12T22:00:00Z,High,0.25%,0.25%,0.25%,false,false
,RBNZ Monetary Policy Statement,NZD,2020-05-12T22:00:00Z,High,,,,false,false
,RBNZ Rate Statement,NZD,2020-05-12T22:00:00Z,High,,,,false,false
,RBNZ Press Conference,NZD,2020-05-12T23:00:00Z,High,,,,false,false
,Economy Watchers Sentiment,JPY,2020-05-13T01:02:00Z,None,10.1,14.2,7.9,false,false
,Prelim GDP q/q,GBP,2020-05-13T02:00:00Z,High,-2.6%,0.0%,-2.0%,false,false
,GDP m/m,GBP,2020-05-13T02:00:00Z,None,-7.9%,-0.2%,-5.8%,false,false
,Construction Output m/m,GBP,2020-05-13T02:00:00Z,None,-7.1%,-2.1%,-5.9%,false,false
,Index of Services 3m/3m,GBP,2020-05-13T02:00:00Z,None,-2.5%,0.2%,-1.9%,false,false
,Manufacturing Production m/m,GBP,2020-05-13T02:02:00Z,None,-6.0%,0.3%,-4.6%,false,false
,Goods Trade Balance,GBP,2020-05-13T02:02:00Z,None,-10.0B,-9.8B,-12.5B,false,false
,Industrial Production m/m,GBP,2020-05-13T02:02:00Z,None,-5.5%,-0.1%,-4.2%,false,false
,Prelim Business Investment q/q,GBP,2020-05-13T02:02:00Z,None,-3.0%,-0.5%,0.0%,false,false
,Industrial Production m/m,EUR,2020-05-13T05:00:00Z,None,-12.3%,-0.1%,-11.3%,false,false
,German 30-y Bond Auction,EUR,2020-05-13T05:35:00Z,None,,-0.09|1.9,-0.13|2.5,false,false
,Core PPI m/m,USD,2020-05-13T08:30:00Z,None,-0.1%,0.2%,-0.3%,false,false
,PPI m/m,USD,2020-05-13T08:30:00Z,None,-0.5%,-0.2%,-1.3%,false,false
,FOMC Member Powell Speaks,USD,2020-05-13T09:00:00Z,High,,,,false,false
,NIESR GDP Estimate,GBP,2020-05-13T09:10:00Z,None,,-2.0%,-11.8%,false,false
,Crude Oil Inventories,USD,2020-05-13T10:30:00Z,None,4.1M,4.6M,-0.7M,false,false
,30-y Bond Auction,USD,2020-05-13T13:05:00Z,None,,1.33|2.4,1.34|2.3,false,false
,RBNZ Gov Orr Speaks,NZD,2020-05-13T16:10:00Z,High,,,,false,false
,Visitor Arrivals m/m,NZD,2020-05-13T18:45:00Z,None,,-10.5%,-40.9%,false,false
,RICS House Price Balance,GBP,2020-05-13T19:01:00Z,None,-25%,9%,-21%,false,false
,M2 Money Stock y/y,JPY,2020-05-13T19:50:00Z,None,3.4%,3.3%,3.7%,false,false
,MI Inflation Expectations,AUD,2020-05-13T21:00:00Z,None,,4.6%,3.4%,false,false
,Employment Change,AUD,2020-05-13T21:30:00Z,High,-575.0K,0.7K,-594.3K,false,false
,Unemployment Rate,AUD,2020-05-13T21:30:00Z,High,8.3%,5.2%,6.2%,false,false
,Annual Budget Release,NZD,2020-05-13T22:00:00Z,High,,,,false,false
,30-y Bond Auction,JPY,2020-05-13T23:35:00Z,None,,0.43|3.5,0.45|3.7,false,false
,BusinessNZ Manufacturing Index,NZD,2020-05-14T00:00:00Z,None,,53.7,38.0,false,false
,Prelim Machine Tool Orders y/y,JPY,2020-05-14T01:59:00Z,None,,-40.7%,-48.3%,false,false
,German Final CPI m/m,EUR,2020-05-14T02:00:00Z,None,0.3%,0.3%,0.4%,false,false
,German WPI m/m,EUR,2020-05-14T02:00:00Z,None,-0.3%,-0.4%,-1.4%,false,false
,PPI m/m,CHF,2020-05-14T02:30:00Z,None,-1.3%,-0.3%,-1.3%,false,false
,Foreign Direct Investment ytd/y,CNY,2020-05-14T03:13:00Z,None,,-10.8%,-6.1%,false,false
,ECB Economic Bulletin,EUR,2020-05-14T04:00:00Z,None,,,,false,false
,Italian Trade Balance,EUR,2020-05-14T04:02:00Z,None,5.40B,6.09B,5.69B,false,false
,BOE Gov Bailey Speaks,GBP,2020-05-14T06:30:00Z,High,,,,false,false
,Manufacturing Sales m/m,CAD,2020-05-14T08:30:00Z,None,-4.4%,0.4%,-9.2%,false,false
,Unemployment Claims,USD,2020-05-14T08:30:00Z,None,2500K,3176K,2981K,false,false
,Import Prices m/m,USD,2020-05-14T08:30:00Z,None,-3.1%,-2.4%,-2.6%,false,false
,BOC Financial System Review,CAD,2020-05-14T10:00:00Z,None,,,,false,false
,BOC Gov Poloz Speaks,CAD,2020-05-14T10:30:00Z,High,,,,false,false
,Natural Gas Storage,USD,2020-05-14T10:30:00Z,None,107B,109B,103B,false,false
,FOMC Member Kashkari Speaks,USD,2020-05-14T11:00:00Z,None,,,,false,false
,BusinessNZ Manufacturing Index,NZD,2020-05-14T18:30:00Z,None,,38.0,26.1,false,false
,PPI y/y,JPY,2020-05-14T19:50:00Z,None,-1.4%,-0.4%,-2.3%,false,false
,Industrial Production y/y,CNY,2020-05-14T22:00:00Z,None,1.5%,-1.1%,3.9%,false,false
,Fixed Asset Investment ytd/y,CNY,2020-05-14T22:00:00Z,None,-9.8%,-16.1%,-10.3%,false,false
,Retail Sales y/y,CNY,2020-05-14T22:00:00Z,None,-5.9%,-15.8%,-7.5%,false,false
,Unemployment Rate,CNY,2020-05-14T22:00:00Z,None,5.8%,5.9%,6.0%,false,false
,Eurogroup Meetings,EUR,2020-05-15T00:00:00Z,None,,,,true,false
,German PPI m/m,EUR,2020-05-15T02:00:00Z,None,-0.6%,-0.8%,-0.7%,false,false
,French Final CPI m/m,EUR,2020-05-15T02:45:00Z,None,0.1%,0.1%,0.0%,false,false
,German Prelim GDP q/q,EUR,2020-05-15T04:00:00Z,High,-2.2%,-0.1%,-2.2%,false,false
,Trade Balance,EUR,2020-05-15T05:00:00Z,None,17.2B,25.6B,23.5B,false,false
,Flash Employment Change q/q,EUR,2020-05-15T05:00:00Z,None,-2.0%,0.3%,-0.2%,false,false
,Flash GDP q/q,EUR,2020-05-15T05:00:00Z,None,-3.8%,-3.8%,-3.8%,false,false
,Foreign Securities Purchases,CAD,2020-05-15T08:30:00Z,None,3.50B,19.42B,-9.78B,false,false
,Retail Sales m/m,USD,2020-05-15T08:30:00Z,High,-12.0%,-8.3%,-16.4%,false,false
,Core Retail Sales m/m,USD,2020-05-15T08:30:00Z,High,-8.6%,-4.0%,-17.2%,false,false
,Empire State Manufacturing Index,USD,2020-05-15T08:30:00Z,None,-65.0,-78.2,-48.5,false,false
,Industrial Production m/m,USD,2020-05-15T09:15:00Z,None,-11.3%,-4.5%,-11.2%,false,false
,Capacity Utilization Rate,USD,2020-05-15T09:15:00Z,None,63.9%,73.2%,64.9%,false,false
,Prelim UoM Inflation Expectations,USD,2020-05-15T10:00:00Z,None,,2.1%,3.0%,false,false
,JOLTS Job Openings,USD,2020-05-15T10:00:00Z,None,5.77M,7.00M,6.19M,false,false
,Business Inventories m/m,USD,2020-05-15T10:00:00Z,None,-0.3%,-0.5%,-0.2%,false,false
,Prelim UoM Consumer Sentiment,USD,2020-05-15T10:00:00Z,None,68.0,71.8,73.7,false,false
,TIC Long-Term Purchases,USD,2020-05-15T16:00:00Z,None,-67.4B,49.6B,-112.6B,false,false
,BusinessNZ Services Index,NZD,2020-05-17T18:30:00Z,None,,52.0,25.9,false,false
,FOMC Member Powell Speaks,USD,2020-05-17T19:00:00Z,High,,,,false,false
,Prelim GDP Price Index y/y,JPY,2020-05-17T19:50:00Z,None,0.7%,1.2%,0.9%,false,false
,Prelim GDP q/q,JPY,2020-05-17T19:50:00Z,None,-1.1%,-1.8%,-0.9%,false,false
,New Home Prices m/m,CNY,2020-05-17T21:30:00Z,None,,0.13%,0.42%,false,false
,Bank Holiday,CAD,2020-05-18T00:00:00Z,None,,,,true,false
,Tertiary Industry Activity m/m,JPY,2020-05-18T00:30:00Z,None,-3.6%,-0.7%,-4.2%,false,false
,German Buba Monthly Report,EUR,2020-05-18T06:00:00Z,None,,,,false,false
,CB Leading Index m/m,GBP,2020-05-18T09:30:00Z,None,,-0.1%,-1.3%,false,false
,NAHB Housing Market Index,USD,2020-05-18T10:00:00Z,None,35,30,37,false,false
,MPC Member Tenreyro Speaks,GBP,2020-05-18T11:00:00Z,None,,,,false,false
,FOMC Financial Stability Report,USD,2020-05-18T16:00:00Z,None,,,,false,false
,PPI Input q/q,NZD,2020-05-18T18:45:00Z,None,-0.3%,0.3%,-0.3%,false,false
,PPI Output q/q,NZD,2020-05-18T18:45:00Z,None,0.1%,0.5%,0.1%,false,false
,Monetary Policy Meeting Minutes,AUD,2020-05-18T21:30:00Z,None,,,,false,false
,ECOFIN Meetings,EUR,2020-05-19T00:00:00Z,None,,,,true,false
,G7 Meetings,All,2020-05-19T00:00:00Z,High,,,,true,false
,Revised Industrial Production m/m,JPY,2020-05-19T00:30:00Z,None,-3.7%,-3.7%,-3.7%,false,false
,Claimant Count Change,GBP,2020-05-19T02:00:00Z,High,675.0K,5.4K,856.5K,false,false
,Average Earnings Index 3m/y,GBP,2020-05-19T02:02:00Z,None,2.7%,2.8%,2.4%,false,false
,Unemployment Rate,GBP,2020-05-19T02:02:00Z,None,4.4%,4.0%,3.9%,false,false
,ZEW Economic Sentiment,EUR,2020-05-19T05:00:00Z,None,27.4,25.2,46.0,false,false
,German ZEW Economic Sentiment,EUR,2020-05-19T05:00:00Z,None,30.0,28.2,51.0,false,false
,Building Permits,USD,2020-05-19T08:30:00Z,None,1.00M,1.36M,1.07M,false,false
,Housing Starts,USD,2020-05-19T08:30:00Z,None,0.95M,1.28M,0.89M,false,false
,CB Leading Index m/m,CNY,2020-05-19T09:00:00Z,None,,0.4%,-1.0%,false,false
,Fed Chairman Powell Testifies,USD,2020-05-19T10:00:00Z,High,,,,false,false
,FOMC Member Kashkari Speaks,USD,2020-05-19T10:00:00Z,None,,,,false,false
,CB Leading Index m/m,AUD,2020-05-19T10:30:00Z,None,,-0.5%,-0.3%,false,false
,GDT Price Index,NZD,2020-05-19T10:43:00Z,None,,-0.8%,1.0%,false,false
,API Weekly Statistical Bulletin,USD,2020-05-19T16:30:00Z,None,,,,false,false
,FPI m/m,NZD,2020-05-19T18:45:00Z,None,,0.7%,1.0%,false,false
,Core Machinery Orders m/m,JPY,2020-05-19T19:50:00Z,None,-6.8%,2.3%,-0.4%,false,false
,MI Leading Index m/m,AUD,2020-05-19T21:00:00Z,None,,-0.7%,-1.5%,false,false
,Retail Sales m/m,AUD,2020-05-19T21:30:00Z,High,-17.7%,8.5%,-17.9%,false,false
,1-y Loan Prime Rate,CNY,2020-05-19T21:30:00Z,None,3.85%,3.85%,3.85%,false,false
,5-y Loan Prime Rate,CNY,2020-05-19T21:30:00Z,None,4.65%,4.65%,4.65%,false,false
,CPI y/y,GBP,2020-05-20T02:00:00Z,None,0.9%,1.5%,0.8%,false,false
,PPI Input m/m,GBP,2020-05-20T02:00:00Z,None,-4.2%,-3.8%,-5.1%,false,false
,PPI Output m/m,GBP,2020-05-20T02:00:00Z,None,-0.5%,-0.2%,-0.7%,false,false
,Core CPI y/y,GBP,2020-05-20T02:02:00Z,None,1.4%,1.6%,1.4%,false,false
,RPI y/y,GBP,2020-05-20T02:02:00Z,None,1.6%,2.6%,1.5%,false,false
,Current Account,EUR,2020-05-20T04:00:00Z,None,29.2B,37.8B,27.4B,false,false
,HPI y/y,GBP,2020-05-20T04:30:00Z,None,1.5%,2.0%,2.1%,false,false
,Final Core CPI y/y,EUR,2020-05-20T05:00:00Z,None,0.9%,0.9%,0.9%,false,false
,Final CPI y/y,EUR,2020-05-20T05:00:00Z,None,0.4%,0.4%,0.3%,false,false
,German 10-y Bond Auction,EUR,2020-05-20T05:33:00Z,None,,-0.48|2.5,-0.47|2.4,false,false
,CPI m/m,CAD,2020-05-20T08:30:00Z,None,-0.6%,-0.6%,-0.7%,false,false
,Common CPI y/y,CAD,2020-05-20T08:30:00Z,None,1.7%,1.7%,1.6%,false,false
,Median CPI y/y,CAD,2020-05-20T08:30:00Z,None,1.9%,2.0%,2.0%,false,false
,Trimmed CPI y/y,CAD,2020-05-20T08:30:00Z,None,1.8%,1.8%,1.8%,false,false
,Wholesale Sales m/m,CAD,2020-05-20T08:30:00Z,None,-4.5%,0.3%,-2.2%,false,false
,Core CPI m/m,CAD,2020-05-20T08:32:00Z,None,,0.1%,-0.4%,false,false
,BOE Gov Bailey Speaks,GBP,2020-05-20T09:30:00Z,High,,,,false,false
,Consumer Confidence,EUR,2020-05-20T10:00:00Z,None,-23,-23,-19,false,false
,Crude Oil Inventories,USD,2020-05-20T10:30:00Z,None,1.7M,-0.7M,-5.0M,false,false
,Gov Council Member Lane Speaks,CAD,2020-05-20T14:00:00Z,None,,,,false,false
,FOMC Meeting Minutes,USD,2020-05-20T14:00:00Z,None,,,,false,false
,Flash Manufacturing PMI,AUD,2020-05-20T19:00:00Z,None,,44.1,42.8,false,false
,Flash Services PMI,AUD,2020-05-20T19:00:00Z,None,,19.5,25.5,false,false
,Trade Balance,JPY,2020-05-20T19:50:00Z,None,-0.65T,-0.38T,-1.00T,false,false
,Flash Manufacturing PMI,JPY,2020-05-20T20:30:00Z,None,38.5,41.9,38.4,false,false
,RBA Gov Lowe Speaks,AUD,2020-05-20T22:30:00Z,High,,,,false,false
,Credit Card Spending y/y,NZD,2020-05-20T23:00:00Z,None,,-9.4%,-49.4%,false,false
,Bank Holiday,CHF,2020-05-21T00:00:00Z,None,,,,true,false
,French Bank Holiday,EUR,2020-05-21T00:00:00Z,None,,,,true,false
,German Bank Holiday,EUR,2020-05-21T00:00:00Z,None,,,,true,false
,French Flash Services PMI,EUR,2020-05-21T03:15:00Z,High,27.9,10.2,29.4,false,false
,French Flash Manufacturing PMI,EUR,2020-05-21T03:15:00Z,None,36.0,31.5,40.3,false,false
,German Flash Manufacturing PMI,EUR,2020-05-21T03:30:00Z,High,39.3,34.5,36.8,false,false
,German Flash Services PMI,EUR,2020-05-21T03:30:00Z,High,26.3,16.2,31.4,false,false
,Flash Manufacturing PMI,EUR,2020-05-21T04:00:00Z,None,38.0,33.4,39.5,false,false
,Flash Services PMI,EUR,2020-05-21T04:00:00Z,None,25.0,12.0,28.7,false,false
,Flash Manufacturing PMI,GBP,2020-05-21T04:30:00Z,None,35.1,32.6,40.6,false,false
,Flash Services PMI,GBP,2020-05-21T04:30:00Z,None,24.1,13.4,27.8,false,false
,Spanish 10-y Bond Auction,EUR,2020-05-21T04:55:00Z,None,,0.69|2.0,0.71|1.3,false,false
,CBI Industrial Order Expectations,GBP,2020-05-21T06:00:00Z,None,-50,-56,-62,false,false
,ADP Non-Farm Employment Change,CAD,2020-05-21T08:30:00Z,None,,-17.2K,-226.7K,false,false
,NHPI m/m,CAD,2020-05-21T08:30:00Z,None,-0.1%,0.3%,0.0%,false,false
,Philly Fed Manufacturing Index,USD,2020-05-21T08:30:00Z,None,-40.0,-56.6,-43.1,false,false
,Unemployment Claims,USD,2020-05-21T08:30:00Z,None,2400K,2687K,2438K,false,false
,Flash Manufacturing PMI,USD,2020-05-21T09:45:00Z,High,39.3,36.1,39.8,false,false
,Flash Services PMI,USD,2020-05-21T09:45:00Z,None,32.6,26.7,36.9,false,false
,CB Leading Index m/m,USD,2020-05-21T10:00:00Z,None,-5.5%,-7.4%,-4.4%,false,false
,Existing Home Sales,USD,2020-05-21T10:00:00Z,None,4.31M,5.27M,4.33M,false,false
,FOMC Member Williams Speaks,USD,2020-05-21T10:00:00Z,None,,,,false,false
,Natural Gas Storage,USD,2020-05-21T10:30:00Z,None,83B,103B,81B,false,false
,FOMC Member Clarida Speaks,USD,2020-05-21T13:00:00Z,None,,,,false,false
,FOMC Member Powell Speaks,USD,2020-05-21T14:30:00Z,High,,,,false,false
,Retail Sales q/q,NZD,2020-05-21T18:45:00Z,None,-1.5%,0.0%,-0.7%,false,false
,Core Retail Sales q/q,NZD,2020-05-21T18:48:00Z,None,0.7%,-0.1%,0.6%,false,false
,GfK Consumer Confidence,GBP,2020-05-21T19:01:00Z,None,,-33,-34,false,false
,National Core CPI y/y,JPY,2020-05-21T19:30:00Z,None,-0.1%,0.4%,-0.2%,false,false
,Monetary Policy Statement,JPY,2020-05-21T21:00:00Z,High,,,,false,false
,BOJ Policy Rate,JPY,2020-05-21T21:00:00Z,None,-0.10%,-0.10%,-0.10%,false,false
,Retail Sales m/m,GBP,2020-05-22T02:00:00Z,High,-15.8%,-5.2%,-18.1%,false,false
,Public Sector Net Borrowing,GBP,2020-05-22T02:00:00Z,None,48.7B,14.0B,61.4B,false,false
,ECB Monetary Policy Meeting Accounts,EUR,2020-05-22T07:30:00Z,High,,,,false,false
,Core Retail Sales m/m,CAD,2020-05-22T08:30:00Z,None,-4.8%,0.1%,-0.4%,false,false
,Retail Sales m/m,CAD,2020-05-22T08:30:00Z,None,-10.3%,0.4%,-10.0%,false,false
,Goods Trade Balance,AUD,2020-05-24T21:30:00Z,None,,11.35B,8.32B,false,false
,Bank Holiday,GBP,2020-05-25T00:00:00Z,None,,,,true,false
,Bank Holiday,USD,2020-05-25T00:00:00Z,None,,,,true,false
,German Final GDP q/q,EUR,2020-05-25T02:00:00Z,None,-2.2%,-2.2%,-2.2%,false,false
,German ifo Business Climate,EUR,2020-05-25T04:00:00Z,None,78.3,74.2,79.5,false,false
,Belgian NBB Business Climate,EUR,2020-05-25T08:56:00Z,None,-29.7,-36.1,-34.4,false,false
,BOC Gov Poloz Speaks,CAD,2020-05-25T13:30:00Z,None,,,,false,false
,Trade Balance,NZD,2020-05-25T18:45:00Z,None,1250M,722M,1267M,false,false
,SPPI y/y,JPY,2020-05-25T19:50:00Z,None,1.3%,1.6%,1.0%,false,false
,BOJ Gov Kuroda Speaks,JPY,2020-05-25T21:00:00Z,None,,,,false,false
,All Industries Activity m/m,JPY,2020-05-26T00:30:00Z,None,-3.9%,-0.7%,-3.8%,false,false
,BOJ Core CPI y/y,JPY,2020-05-26T01:00:00Z,None,0.0%,0.1%,-0.1%,false,false
,German GfK Consumer Climate,EUR,2020-05-26T02:00:00Z,None,-19.1,-23.1,-18.9,false,false
,Trade Balance,CHF,2020-05-26T02:02:00Z,None,3.89B,3.96B,4.04B,false,false
,CBI Realized Sales,GBP,2020-05-26T06:00:00Z,None,-65,-55,-50,false,false
,ECB Financial Stability Review,EUR,2020-05-26T09:00:00Z,None,,,,false,false
,HPI m/m,USD,2020-05-26T09:00:00Z,None,0.6%,0.8%,0.1%,false,false
,S&P/CS Composite-20 HPI y/y,USD,2020-05-26T09:00:00Z,None,3.4%,3.5%,3.9%,false,false
,CB Consumer Confidence,USD,2020-05-26T10:00:00Z,None,87.1,85.7,86.6,false,false
,New Home Sales,USD,2020-05-26T10:00:00Z,None,492K,619K,623K,false,false
,FOMC Member Kashkari Speaks,USD,2020-05-26T13:00:00Z,None,,,,false,false
,BOC Gov Poloz Speaks,CAD,2020-05-26T17:00:00Z,High,,,,false,false
,RBNZ Financial Stability Report,NZD,2020-05-26T17:00:00Z,High,,,,false,false
,RBNZ Gov Orr Speaks,NZD,2020-05-26T19:00:00Z,High,,,,false,false
,RBNZ Gov Orr Speaks,NZD,2020-05-26T21:00:00Z,High,,,,false,false
,Construction Work Done q/q,AUD,2020-05-26T21:30:00Z,None,-1.5%,-2.9%,-1.0%,false,false
,ECB President Lagarde Speaks,EUR,2020-05-27T03:30:00Z,None,,,,false,false
,UBS Economic Expectations,CHF,2020-05-27T04:00:00Z,None,,12.7,31.3,false,false
,Building Permits m/m,CAD,2020-05-27T08:30:00Z,None,-16.5%,-13.4%,-17.1%,false,false
,Richmond Manufacturing Index,USD,2020-05-27T09:59:00Z,None,-40,-53,-27,false,false
,Beige Book,USD,2020-05-27T14:00:00Z,None,,,,false,false
,API Weekly Statistical Bulletin,USD,2020-05-27T16:30:00Z,None,,,,false,false
,RBA Gov Lowe Speaks,AUD,2020-05-27T20:00:00Z,High,,,,false,false
,ANZ Business Confidence,NZD,2020-05-27T21:00:00Z,None,,-45.6,-41.8,false,false
,Private Capital Expenditure q/q,AUD,2020-05-27T21:30:00Z,High,-2.6%,-2.6%,-1.6%,false,false
,German Prelim CPI m/m,EUR,2020-05-28T00:00:00Z,None,0.1%,0.4%,-0.1%,true,false
,Spanish Flash CPI y/y,EUR,2020-05-28T03:00:00Z,None,-1.0%,-0.7%,-1.0%,false,false
,MPC Member Saunders Speaks,GBP,2020-05-28T06:00:00Z,None,,,,false,false
,30-y Bond Auction,GBP,2020-05-28T06:37:00Z,None,,0.61|2.3,0.60|2.6,false,false
,Current Account,CAD,2020-05-28T08:30:00Z,None,-10.2B,-9.3B,-11.1B,false,false
,Prelim GDP q/q,USD,2020-05-28T08:30:00Z,High,-4.8%,-4.8%,-5.0%,false,false
,Core Durable Goods Orders m/m,USD,2020-05-28T08:30:00Z,None,-14.8%,-0.4%,-7.4%,false,false
,Durable Goods Orders m/m,USD,2020-05-28T08:30:00Z,None,-19.0%,-14.7%,-17.2%,false,false
,Unemployment Claims,USD,2020-05-28T08:30:00Z,None,2100K,2446K,2123K,false,false
,Prelim GDP Price Index q/q,USD,2020-05-28T08:30:00Z,None,1.3%,1.3%,1.4%,false,false
,Pending Home Sales m/m,USD,2020-05-28T10:00:00Z,None,-15.0%,-20.8%,-21.8%,false,false
,Natural Gas Storage,USD,2020-05-28T10:30:00Z,None,113B,81B,109B,false,false
,Crude Oil Inventories,USD,2020-05-28T11:00:00Z,None,-2.5M,-5.0M,7.9M,false,false
,FOMC Member Williams Speaks,USD,2020-05-28T11:00:00Z,None,,,,false,false
,Tokyo Core CPI y/y,JPY,2020-05-28T19:30:00Z,None,-0.2%,-0.1%,0.2%,false,false
,Unemployment Rate,JPY,2020-05-28T19:30:00Z,None,2.7%,2.5%,2.6%,false,false
,Prelim Industrial Production m/m,JPY,2020-05-28T19:50:00Z,None,-5.5%,-3.7%,-9.1%,false,false
,Retail Sales y/y,JPY,2020-05-28T19:50:00Z,None,-11.2%,-4.7%,-13.7%,false,false
,Private Sector Credit m/m,AUD,2020-05-28T21:30:00Z,None,0.6%,1.1%,0.0%,false,false
,Housing Starts y/y,JPY,2020-05-29T01:00:00Z,None,-12.0%,-7.6%,-12.9%,false,false
,Consumer Confidence,JPY,2020-05-29T01:02:00Z,None,21.3,21.6,24.0,false,false
,German Import Prices m/m,EUR,2020-05-29T02:00:00Z,None,-1.5%,-3.5%,-1.8%,false,false
,German Retail Sales m/m,EUR,2020-05-29T02:00:00Z,None,-12.0%,-4.0%,-5.3%,false,false
,French Consumer Spending m/m,EUR,2020-05-29T02:45:00Z,None,-14.5%,-16.9%,-20.2%,false,false
,French Prelim CPI m/m,EUR,2020-05-29T02:45:00Z,None,0.1%,0.0%,0.0%,false,false
,French Prelim GDP q/q,EUR,2020-05-29T02:45:00Z,None,-5.8%,-5.8%,-5.3%,false,false
,KOF Economic Barometer,CHF,2020-05-29T03:00:00Z,None,70.2,59.7,53.2,false,false
,M3 Money Supply y/y,EUR,2020-05-29T04:00:00Z,None,8.1%,7.5%,8.3%,false,false
,Private Loans y/y,EUR,2020-05-29T04:00:00Z,None,3.5%,3.4%,3.0%,false,false
,Core CPI Flash Estimate y/y,EUR,2020-05-29T05:00:00Z,None,0.8%,0.9%,0.9%,false,false
,CPI Flash Estimate y/y,EUR,2020-05-29T05:00:00Z,None,0.1%,0.3%,0.1%,false,false
,Italian Prelim CPI m/m,EUR,2020-05-29T05:00:00Z,None,-0.1%,0.1%,-0.1%,false,false
,Italian 10-y Bond Auction,EUR,2020-05-29T05:21:00Z,None,,1.78|1.3,1.42|1.3,false,false
,GDP m/m,CAD,2020-05-29T08:30:00Z,High,-9.0%,0.0%,-7.2%,false,false
,RMPI m/m,CAD,2020-05-29T08:30:00Z,None,-23.9%,-15.6%,-13.4%,false,false
,IPPI m/m,CAD,2020-05-29T08:30:00Z,None,-2.0%,-1.5%,-2.3%,false,false
,Core PCE Price Index m/m,USD,2020-05-29T08:30:00Z,None,-0.3%,0.0%,-0.4%,false,false
,Personal Spending m/m,USD,2020-05-29T08:30:00Z,None,-12.6%,-6.9%,-13.6%,false,false
,Goods Trade Balance,USD,2020-05-29T08:30:00Z,None,-64.8B,-65.0B,-69.7B,false,false
,Personal Income m/m,USD,2020-05-29T08:30:00Z,None,-7.0%,-2.2%,10.5%,false,false
,Prelim Wholesale Inventories m/m,USD,2020-05-29T08:30:00Z,None,-0.5%,-0.8%,0.4%,false,false
,Chicago PMI,USD,2020-05-29T09:45:00Z,None,40.1,35.4,32.3,false,false
,Revised UoM Consumer Sentiment,USD,2020-05-29T10:00:00Z,None,73.7,73.7,72.3,false,false
,Revised UoM Inflation Expectations,USD,2020-05-29T10:00:00Z,None,,3.0%,3.2%,false,false
,FOMC Member Powell Speaks,USD,2020-05-29T11:00:00Z,High,,,,false,false
,President Trump Speaks,USD,2020-05-29T14:00:00Z,High,,,,false,false
,Manufacturing PMI,CNY,2020-05-30T21:00:00Z,High,51.1,50.8,50.6,false,false
,Non-Manufacturing PMI,CNY,2020-05-30T21:00:00Z,None,53.5,53.2,53.6,false,false
,Bank Holiday,NZD,2020-05-31T00:00:00Z,None,,,,true,false
,AIG Manufacturing Index,AUD,2020-05-31T18:30:00Z,None,,35.8,41.6,false,false
,Capital Spending q/y,JPY,2020-05-31T19:50:00Z,None,-5.1%,-3.5%,4.3%,false,false
,Final Manufacturing PMI,JPY,2020-05-31T20:30:00Z,None,38.4,38.4,38.4,false,false
,MI Inflation Gauge m/m,AUD,2020-05-31T21:00:00Z,None,,-0.1%,-1.2%,false,false
,RatingDog Manufacturing PMI,CNY,2020-05-31T21:45:00Z,None,49.7,49.4,50.7,false,false
,Bank Holiday,CHF,2020-06-01T00:00:00Z,None,,,,true,false
,French Bank Holiday,EUR,2020-06-01T00:00:00Z,None,,,,true,false
,German Bank Holiday,EUR,2020-06-01T00:00:00Z,None,,,,true,false
,Commodity Prices y/y,AUD,2020-06-01T02:30:00Z,None,,-7.3%,-7.4%,false,false
,Spanish Manufacturing PMI,EUR,2020-06-01T03:15:00Z,None,38.5,30.8,38.3,false,false
,Italian Manufacturing PMI,EUR,2020-06-01T03:45:00Z,None,35.5,31.1,45.4,false,false
,French Final Manufacturing PMI,EUR,2020-06-01T03:50:00Z,None,40.3,40.3,40.6,false,false
,German Final Manufacturing PMI,EUR,2020-06-01T03:55:00Z,None,36.8,36.8,36.6,false,false
,Final Manufacturing PMI,EUR,2020-06-01T04:00:00Z,None,39.5,39.5,39.4,false,false
,Final Manufacturing PMI,GBP,2020-06-01T04:30:00Z,None,40.7,40.6,40.7,false,false
,Manufacturing PMI,CAD,2020-06-01T09:30:00Z,None,,33.0,40.6,false,false
,Final Manufacturing PMI,USD,2020-06-01T09:45:00Z,None,39.8,39.8,39.8,false,false
,ISM Manufacturing PMI,USD,2020-06-01T10:00:00Z,High,43.5,41.5,43.1,false,false
,Construction Spending m/m,USD,2020-06-01T10:00:00Z,None,-6.5%,0.0%,-2.9%,false,false
,ISM Manufacturing Prices,USD,2020-06-01T10:00:00Z,None,40.0,35.3,40.8,false,false
,Building Consents m/m,NZD,2020-06-01T18:45:00Z,None,,-21.7%,-6.5%,false,false
,Overseas Trade Index q/q,NZD,2020-06-01T18:45:00Z,None,1.5%,2.8%,-0.7%,false,false
,Monetary Base y/y,JPY,2020-06-01T19:50:00Z,None,2.6%,2.3%,3.9%,false,false
,Company Operating Profits q/q,AUD,2020-06-01T21:30:00Z,None,0.0%,-3.5%,1.1%,false,false
,Current Account,AUD,2020-06-01T21:30:00Z,None,6.3B,1.7B,8.4B,false,false
,10-y Bond Auction,JPY,2020-06-01T23:35:00Z,None,,0.00|4.1,0.00|3.4,false,false
,Italian Bank Holiday,EUR,2020-06-02T00:00:00Z,None,,,,true,false
,Omdia Total Vehicle Sales,USD,2020-06-02T00:00:00Z,None,11.1M,8.6M,8.7M,true,false
,Cash Rate,AUD,2020-06-02T00:30:00Z,High,0.25%,0.25%,0.25%,false,false
,RBA Rate Statement,AUD,2020-06-02T00:30:00Z,High,,,,false,false
,Nationwide HPI m/m,GBP,2020-06-02T02:00:00Z,None,-1.0%,0.9%,-1.7%,false,false
,Retail Sales y/y,CHF,2020-06-02T02:30:00Z,None,-4.9%,-5.8%,-19.9%,false,false
,French Gov Budget Balance,EUR,2020-06-02T02:45:00Z,None,,-52.5B,-92.1B,false,false
,Spanish Unemployment Change,EUR,2020-06-02T03:00:00Z,None,230.3K,282.9K,26.6K,false,false
,Manufacturing PMI,CHF,2020-06-02T03:30:00Z,None,42.0,40.7,42.1,false,false
,Mortgage Approvals,GBP,2020-06-02T04:30:00Z,None,34K,56K,16K,false,false
,Net Lending to Individuals m/m,GBP,2020-06-02T04:30:00Z,None,1.7B,1.0B,-6.9B,false,false
,M4 Money Supply m/m,GBP,2020-06-02T04:32:00Z,None,2.5%,3.2%,1.5%,false,false
,10-y Bond Auction,GBP,2020-06-02T06:38:00Z,None,,0.26|3.2,0.26|2.8,false,false
,GDT Price Index,NZD,2020-06-02T10:57:00Z,None,,1.0%,0.1%,false,false
,API Weekly Statistical Bulletin,USD,2020-06-02T16:30:00Z,None,,,,false,false
,AIG Construction Index,AUD,2020-06-02T18:30:00Z,None,,21.6,24.9,false,false
,BRC Shop Price Index y/y,GBP,2020-06-02T19:01:00Z,None,,-1.7%,-2.4%,false,false
,RBA Gov Bullock Speaks,AUD,2020-06-02T21:10:00Z,None,,,,false,false
,GDP q/q,AUD,2020-06-02T21:30:00Z,High,-0.4%,0.5%,-0.3%,false,false
,Building Approvals m/m,AUD,2020-06-02T21:30:00Z,None,-10.8%,-2.6%,-1.8%,false,false
,RatingDog Services PMI,CNY,2020-06-02T21:45:00Z,None,47.4,44.4,55.0,false,false
,G7 Meetings,All,2020-06-03T00:00:00Z,High,,,,true,false
,GDP q/q,CHF,2020-06-03T01:45:00Z,None,-2.0%,0.3%,-2.6%,false,false
,Spanish Services PMI,EUR,2020-06-03T03:15:00Z,None,24.7,7.1,27.9,false,false
,Italian Services PMI,EUR,2020-06-03T03:45:00Z,None,26.2,10.8,28.9,false,false
,French Final Services PMI,EUR,2020-06-03T03:50:00Z,None,29.4,29.4,31.1,false,false
,German Final Services PMI,EUR,2020-06-03T03:55:00Z,None,31.4,31.4,32.6,false,false
,German Unemployment Change,EUR,2020-06-03T03:55:00Z,None,188K,372K,238K,false,false
,Final Services PMI,EUR,2020-06-03T04:00:00Z,None,28.7,28.7,30.5,false,false
,Italian Monthly Unemployment Rate,EUR,2020-06-03T04:00:00Z,None,9.2%,8.0%,6.3%,false,false
,Final Services PMI,GBP,2020-06-03T04:30:00Z,High,27.9,27.8,29.0,false,false
,PPI m/m,EUR,2020-06-03T05:00:00Z,None,-1.8%,-1.5%,-2.0%,false,false
,Unemployment Rate,EUR,2020-06-03T05:00:00Z,None,8.2%,7.1%,7.3%,false,false
,ADP Non-Farm Employment Change,USD,2020-06-03T08:15:00Z,High,-9000K,-19557K,-2760K,false,false
,Labor Productivity q/q,CAD,2020-06-03T08:30:00Z,None,1.9%,-0.1%,3.4%,false,false
,Final Services PMI,USD,2020-06-03T09:45:00Z,None,37.2,36.9,37.5,false,false
,BOC Rate Statement,CAD,2020-06-03T10:00:00Z,High,,,,false,false
,Overnight Rate,CAD,2020-06-03T10:00:00Z,High,0.25%,0.25%,0.25%,false,false
,ISM Services PMI,USD,2020-06-03T10:00:00Z,High,44.2,41.8,45.4,false,false
,Factory Orders m/m,USD,2020-06-03T10:00:00Z,None,-13.7%,-11.0%,-13.0%,false,false
,Crude Oil Inventories,USD,2020-06-03T10:30:00Z,None,3.0M,7.9M,-2.1M,false,false
,ANZ Commodity Prices m/m,NZD,2020-06-03T21:00:00Z,None,,-1.1%,-0.1%,false,false
,Goods Trade Balance,AUD,2020-06-03T21:30:00Z,None,7.50B,10.45B,8.80B,false,false
,30-y Bond Auction,JPY,2020-06-03T23:35:00Z,None,,0.45|3.7,0.53|2.8,false,false
,CPI m/m,CHF,2020-06-04T02:30:00Z,None,0.1%,-0.4%,0.0%,false,false
,Construction PMI,GBP,2020-06-04T04:30:00Z,None,29.5,8.2,28.9,false,false
,Spanish 10-y Bond Auction,EUR,2020-06-04T04:59:00Z,None,,0.71|1.3,0.55|1.4,false,false
,Retail Sales m/m,EUR,2020-06-04T05:00:00Z,None,-15.0%,-11.1%,-11.7%,false,false
,French 10-y Bond Auction,EUR,2020-06-04T05:03:00Z,None,,0.03|2.0,0.02|2.4,false,false
,Challenger Job Cuts y/y,USD,2020-06-04T07:30:00Z,None,,1576.9%,577.8%,false,false
,Main Refinancing Rate,EUR,2020-06-04T07:45:00Z,High,0.00%,0.00%,0.00%,false,false
,Monetary Policy Statement,EUR,2020-06-04T07:45:00Z,High,,,,false,false
,Trade Balance,CAD,2020-06-04T08:30:00Z,None,-2.7B,-1.5B,-3.3B,false,false
,ECB Press Conference,EUR,2020-06-04T08:30:00Z,High,,,,false,false
,Unemployment Claims,USD,2020-06-04T08:30:00Z,None,1820K,2126K,1877K,false,false
,Revised Nonfarm Productivity q/q,USD,2020-06-04T08:30:00Z,None,-2.5%,-2.5%,-0.9%,false,false
,Revised Unit Labor Costs q/q,USD,2020-06-04T08:30:00Z,None,4.8%,4.8%,5.1%,false,false
,Trade Balance,USD,2020-06-04T08:30:00Z,None,-41.5B,-42.3B,-49.4B,false,false
,Natural Gas Storage,USD,2020-06-04T10:30:00Z,None,110B,109B,102B,false,false
,Gov Council Member Gravelle Speaks,CAD,2020-06-04T14:00:00Z,None,,,,false,false
,AIG Services Index,AUD,2020-06-04T18:30:00Z,None,,27.1,31.6,false,false
,GfK Consumer Confidence,GBP,2020-06-04T19:01:00Z,None,-34,-34,-36,false,false
,Household Spending y/y,JPY,2020-06-04T19:30:00Z,None,-12.8%,-6.0%,-11.1%,false,false
,Leading Indicators,JPY,2020-06-05T01:00:00Z,None,76.3%,84.7%,76.2%,false,false
,German Factory Orders m/m,EUR,2020-06-05T02:00:00Z,None,-20.0%,-15.0%,-25.8%,false,false
,Foreign Currency Reserves,CHF,2020-06-05T03:00:00Z,None,,801B,816B,false,false
,Lloyds HPI m/m,GBP,2020-06-05T03:30:00Z,None,-0.7%,-0.6%,-0.2%,false,false
,Italian Retail Sales m/m,EUR,2020-06-05T04:00:00Z,None,-19.0%,-21.3%,-10.5%,false,false
,Employment Change,CAD,2020-06-05T08:30:00Z,High,-500.0K,-1993.8K,289.6K,false,false
,Unemployment Rate,CAD,2020-06-05T08:30:00Z,High,15.0%,13.0%,13.7%,false,false
,Average Hourly Earnings m/m,USD,2020-06-05T08:30:00Z,High,1.0%,4.7%,-1.0%,false,false
,Non-Farm Employment Change,USD,2020-06-05T08:30:00Z,High,-7750K,-20687K,2509K,false,false
,Unemployment Rate,USD,2020-06-05T08:30:00Z,High,19.4%,14.7%,13.3%,false,false
,Ivey PMI,CAD,2020-06-05T10:00:00Z,None,30.8,22.8,39.1,false,false
,Consumer Credit m/m,USD,2020-06-05T15:00:00Z,None,-20.0B,-11.5B,-68.8B,false,false
,OPEC Meetings,All,2020-06-06T00:00:00Z,High,,,,true,false
,OPEC-JMMC Meetings,All,2020-06-06T00:00:00Z,High,,,,true,false
,Trade Balance,CNY,2020-06-06T23:06:00Z,High,283B,318B,443B,false,false
,USD-Denominated Trade Balance,CNY,2020-06-06T23:07:00Z,None,41.4B,45.3B,62.9B,false,false
,Bank Holiday,AUD,2020-06-07T00:00:00Z,None,,,,true,false
,Bank Lending y/y,JPY,2020-06-07T19:50:00Z,None,4.0%,2.9%,4.8%,false,false
,Final GDP q/q,JPY,2020-06-07T19:50:00Z,None,-0.5%,-0.9%,-0.6%,false,false
,Current Account,JPY,2020-06-07T19:52:00Z,None,0.33T,0.94T,0.25T,false,false
,Final GDP Price Index y/y,JPY,2020-06-07T19:52:00Z,None,0.9%,0.9%,0.9%,false,false
,Economy Watchers Sentiment,JPY,2020-06-08T01:02:00Z,None,12.6,7.9,15.5,false,false
,German Industrial Production m/m,EUR,2020-06-08T02:00:00Z,None,-16.0%,-8.9%,-17.9%,false,false
,Sentix Investor Confidence,EUR,2020-06-08T04:30:00Z,None,-22.0,-41.8,-24.8,false,false
,Housing Starts,CAD,2020-06-08T08:17:00Z,None,160K,166K,193K,false,false
,ECB President Lagarde Speaks,EUR,2020-06-08T09:45:00Z,High,,,,false,false
,BRC Retail Sales Monitor y/y,GBP,2020-06-08T19:01:00Z,None,3.0%,5.7%,7.9%,false,false
,Average Cash Earnings y/y,JPY,2020-06-08T19:30:00Z,None,-1.0%,0.1%,-0.6%,false,false
,M2 Money Stock y/y,JPY,2020-06-08T19:50:00Z,None,4.0%,3.7%,5.1%,false,false
,Prelim ANZ Business Confidence,NZD,2020-06-08T21:00:00Z,None,,-41.8,-33.0,false,false
,NAB Business Confidence,AUD,2020-06-08T21:30:00Z,None,,-45,-20,false,false
,ANZ Job Advertisements m/m,AUD,2020-06-08T21:30:00Z,None,,-53.4%,0.5%,false,false
,ECOFIN Meetings,EUR,2020-06-09T00:00:00Z,None,,,,true,false
,Unemployment Rate,CHF,2020-06-09T01:45:00Z,None,3.6%,3.1%,3.4%,false,false
,Prelim Machine Tool Orders y/y,JPY,2020-06-09T01:59:00Z,None,,-48.3%,-52.8%,false,false
,German Trade Balance,EUR,2020-06-09T02:02:00Z,None,11.9B,12.8B,3.2B,false,false
,French Trade Balance,EUR,2020-06-09T02:45:00Z,None,-3.4B,-3.2B,-5.0B,false,false
,Final Employment Change q/q,EUR,2020-06-09T05:00:00Z,None,-0.2%,-0.2%,-0.2%,false,false
,Revised GDP q/q,EUR,2020-06-09T05:00:00Z,None,-3.8%,-3.8%,-3.6%,false,false
,NFIB Small Business Index,USD,2020-06-09T06:00:00Z,None,92.1,90.9,94.4,false,false
,Corporate Profits q/q,CAD,2020-06-09T08:32:00Z,None,,3.6%,-38.4%,false,false
,Final Wholesale Inventories m/m,USD,2020-06-09T10:00:00Z,None,0.4%,0.4%,0.3%,false,false
,JOLTS Job Openings,USD,2020-06-09T10:00:00Z,None,5.75M,6.01M,5.05M,false,false
,RCM/TIPP Economic Optimism,USD,2020-06-09T10:01:00Z,None,52.1,49.7,47.0,false,false
,MPC Member Cunliffe Speaks,GBP,2020-06-09T10:30:00Z,None,,,,false,false
,10-y Bond Auction,USD,2020-06-09T13:01:00Z,None,,0.70|2.7,0.83|2.3,false,false
,API Weekly Statistical Bulletin,USD,2020-06-09T16:30:00Z,None,,,,false,false
,Manufacturing Sales q/q,NZD,2020-06-09T18:45:00Z,None,,2.2%,0.0%,false,false
,Core Machinery Orders m/m,JPY,2020-06-09T19:50:00Z,None,-7.5%,-0.4%,-12.0%,false,false
,PPI y/y,JPY,2020-06-09T19:50:00Z,None,-2.4%,-2.4%,-2.7%,false,false
,Westpac Consumer Sentiment,AUD,2020-06-09T20:30:00Z,None,,16.4%,6.3%,false,false
,CPI y/y,CNY,2020-06-09T21:30:00Z,None,2.7%,3.3%,2.4%,false,false
,PPI y/y,CNY,2020-06-09T21:30:00Z,None,-3.2%,-3.1%,-3.7%,false,false
,French Industrial Production m/m,EUR,2020-06-10T02:45:00Z,None,-20.0%,-16.2%,-20.1%,false,false
,M2 Money Supply y/y,CNY,2020-06-10T04:32:00Z,None,11.3%,11.1%,11.1%,false,false
,New Loans,CNY,2020-06-10T04:32:00Z,None,1600B,1700B,1480B,false,false
,Core CPI m/m,USD,2020-06-10T08:30:00Z,High,0.0%,-0.4%,-0.1%,false,false
,Core CPI y/y,USD,2020-06-10T08:30:00Z,High,1.3%,1.4%,1.2%,false,false
,CPI m/m,USD,2020-06-10T08:30:00Z,High,0.0%,-0.8%,-0.1%,false,false
,CPI y/y,USD,2020-06-10T08:30:00Z,High,0.3%,0.3%,0.1%,false,false
,Crude Oil Inventories,USD,2020-06-10T10:30:00Z,None,-1.8M,-2.1M,5.7M,false,false
,Federal Funds Rate,USD,2020-06-10T14:00:00Z,High,<0.25%,<0.25%,<0.25%,false,false
,FOMC Economic Projections,USD,2020-06-10T14:00:00Z,High,,,,false,false
,FOMC Statement,USD,2020-06-10T14:00:00Z,High,,,,false,false
,Federal Budget Balance,USD,2020-06-10T14:00:00Z,None,-580.0B,-737.9B,-398.8B,false,false
,FOMC Press Conference,USD,2020-06-10T14:30:00Z,High,,,,false,false
,RICS House Price Balance,GBP,2020-06-10T19:01:00Z,None,-24%,-22%,-32%,false,false
,BSI Manufacturing Index,JPY,2020-06-10T19:50:00Z,None,-20.5,-17.2,-52.3,false,false
,MI Inflation Expectations,AUD,2020-06-10T21:00:00Z,None,,3.4%,3.3%,false,false
,Eurogroup Meetings,EUR,2020-06-11T00:00:00Z,None,,,,true,false
,French Final Private Payrolls q/q,EUR,2020-06-11T01:30:00Z,None,-2.3%,-2.3%,-2.5%,false,false
,Italian Industrial Production m/m,EUR,2020-06-11T04:00:00Z,None,-24.0%,-28.4%,-19.1%,false,false
,Core PPI m/m,USD,2020-06-11T08:30:00Z,None,-0.1%,-0.3%,-0.1%,false,false
,PPI m/m,USD,2020-06-11T08:30:00Z,None,0.1%,-1.3%,0.4%,false,false
,Unemployment Claims,USD,2020-06-11T08:30:00Z,None,1550K,1897K,1542K,false,false
,Natural Gas Storage,USD,2020-06-11T10:30:00Z,None,93B,102B,93B,false,false
,30-y Bond Auction,USD,2020-06-11T13:01:00Z,None,,1.34|2.3,1.45|2.3,false,false
,BusinessNZ Manufacturing Index,NZD,2020-06-11T18:30:00Z,None,,25.9,39.7,false,false
,Revised Industrial Production m/m,JPY,2020-06-12T00:30:00Z,None,-9.1%,-9.1%,-9.8%,false,false
,GDP m/m,GBP,2020-06-12T02:00:00Z,High,-18.6%,-5.8%,-20.4%,false,false
,Manufacturing Production m/m,GBP,2020-06-12T02:00:00Z,None,-15.0%,-4.6%,-24.3%,false,false
,Industrial Production m/m,GBP,2020-06-12T02:00:00Z,None,-15.0%,-4.2%,-20.3%,false,false
,Goods Trade Balance,GBP,2020-06-12T02:02:00Z,None,-11.0B,-11.9B,-7.5B,false,false
,Construction Output m/m,GBP,2020-06-12T02:03:00Z,None,-24.0%,-5.9%,-40.1%,false,false
,Index of Services 3m/3m,GBP,2020-06-12T02:03:00Z,None,-10.6%,-1.9%,-9.9%,false,false
,French Final CPI m/m,EUR,2020-06-12T02:45:00Z,None,0.0%,0.0%,0.1%,false,false
,Italian Quarterly Unemployment Rate,EUR,2020-06-12T04:00:00Z,None,8.8%,9.5%,8.9%,false,false
,Consumer Inflation Expectations,GBP,2020-06-12T04:30:00Z,None,,3.0%,2.9%,false,false
,Industrial Production m/m,EUR,2020-06-12T05:00:00Z,None,-19.0%,-11.9%,-17.1%,false,false
,Capacity Utilization Rate,CAD,2020-06-12T08:30:00Z,None,80.1%,81.4%,79.8%,false,false
,Import Prices m/m,USD,2020-06-12T08:30:00Z,None,0.6%,-2.6%,1.0%,false,false
,NIESR GDP Estimate,GBP,2020-06-12T09:08:00Z,None,,-10.3%,-17.6%,false,false
,CB Leading Index m/m,GBP,2020-06-12T09:30:00Z,None,,-1.2%,-2.9%,false,false
,Prelim UoM Consumer Sentiment,USD,2020-06-12T10:00:00Z,High,75.0,72.3,78.9,false,false
,Prelim UoM Inflation Expectations,USD,2020-06-12T10:00:00Z,None,,3.2%,3.0%,false,false
,Fed Monetary Policy Report,USD,2020-06-12T11:00:00Z,None,,,,false,false
,BusinessNZ Services Index,NZD,2020-06-14T18:30:00Z,None,,25.7,37.2,false,false
,Visitor Arrivals m/m,NZD,2020-06-14T18:45:00Z,None,,-40.8%,-98.9%,false,false
,FPI m/m,NZD,2020-06-14T18:45:00Z,None,,1.0%,-0.8%,false,false
,New Home Prices m/m,CNY,2020-06-14T21:30:00Z,None,,0.42%,0.49%,false,false
,Retail Sales y/y,CNY,2020-06-14T22:00:00Z,None,-2.3%,-7.5%,-2.8%,false,false
,Fixed Asset Investment ytd/y,CNY,2020-06-14T22:00:00Z,None,-6.0%,-10.3%,-6.3%,false,false
,Industrial Production y/y,CNY,2020-06-14T22:00:00Z,None,5.0%,3.9%,4.4%,false,false
,Unemployment Rate,CNY,2020-06-14T22:02:00Z,None,5.9%,6.0%,5.9%,false,false
,Tertiary Industry Activity m/m,JPY,2020-06-15T00:30:00Z,None,-7.5%,-3.8%,-6.0%,false,false
,PPI m/m,CHF,2020-06-15T02:30:00Z,None,-0.4%,-1.3%,-0.5%,false,false
,Trade Balance,EUR,2020-06-15T05:00:00Z,None,20.3B,25.5B,1.2B,false,false
,Manufacturing Sales m/m,CAD,2020-06-15T08:30:00Z,None,-20.2%,-9.8%,-28.5%,false,false
,Empire State Manufacturing Index,USD,2020-06-15T08:30:00Z,None,-30.0,-48.5,-0.2,false,false
,FOMC Member Kaplan Speaks,USD,2020-06-15T11:00:00Z,None,,,,false,false
,Fed Announcement,USD,2020-06-15T14:00:00Z,High,,,,false,false
,TIC Long-Term Purchases,USD,2020-06-15T16:00:00Z,None,86.7B,-111.6B,-128.4B,false,false
,Westpac Consumer Sentiment,NZD,2020-06-15T17:00:00Z,None,,104.2,97.2,false,false
,Monetary Policy Meeting Minutes,AUD,2020-06-15T21:30:00Z,None,,,,false,false
,HPI q/q,AUD,2020-06-15T21:30:00Z,None,2.5%,3.9%,1.6%,false,false
,Monetary Policy Statement,JPY,2020-06-15T22:33:00Z,High,,,,false,false
,BOJ Policy Rate,JPY,2020-06-15T22:33:00Z,None,-0.10%,-0.10%,-0.10%,false,false
,SECO Economic Forecasts,CHF,2020-06-16T01:45:00Z,None,,,,false,false
,German WPI m/m,EUR,2020-06-16T01:59:00Z,None,-1.0%,-1.4%,-0.6%,false,false
,German Final CPI m/m,EUR,2020-06-16T02:00:00Z,None,-0.1%,-0.1%,-0.1%,false,false
,Claimant Count Change,GBP,2020-06-16T02:00:00Z,High,405.3K,1032.7K,528.9K,false,false
,Unemployment Rate,GBP,2020-06-16T02:00:00Z,None,4.7%,3.9%,3.9%,false,false
,Average Earnings Index 3m/y,GBP,2020-06-16T02:02:00Z,None,1.4%,2.3%,1.0%,false,false
,BOJ Press Conference,JPY,2020-06-16T02:30:00Z,None,,,,false,false
,German ZEW Economic Sentiment,EUR,2020-06-16T05:00:00Z,None,60.0,51.0,63.4,false,false
,ZEW Economic Sentiment,EUR,2020-06-16T05:00:00Z,None,53.4,46.0,58.6,false,false
,10-y Bond Auction,GBP,2020-06-16T06:33:00Z,None,,0.26|2.8,0.22|3.3,false,false
,Foreign Securities Purchases,CAD,2020-06-16T08:30:00Z,None,5.00B,-9.82B,49.04B,false,false
,Retail Sales m/m,USD,2020-06-16T08:30:00Z,High,7.9%,-14.7%,17.7%,false,false
,Core Retail Sales m/m,USD,2020-06-16T08:30:00Z,High,5.5%,-15.2%,12.4%,false,false
,Capacity Utilization Rate,USD,2020-06-16T09:15:00Z,None,66.8%,64.0%,64.8%,false,false
,Industrial Production m/m,USD,2020-06-16T09:15:00Z,None,3.0%,-12.5%,1.4%,false,false
,Business Inventories m/m,USD,2020-06-16T10:00:00Z,None,-0.8%,-0.3%,-1.3%,false,false
,Fed Chairman Powell Testifies,USD,2020-06-16T10:00:00Z,High,,,,false,false
,NAHB Housing Market Index,USD,2020-06-16T10:00:00Z,None,43,37,58,false,false
,GDT Price Index,NZD,2020-06-16T10:44:00Z,None,,0.1%,1.9%,false,false
,BOC Gov Macklem Speaks,CAD,2020-06-16T15:00:00Z,High,,,,false,false
,FOMC Member Clarida Speaks,USD,2020-06-16T16:00:00Z,None,,,,false,false
,API Weekly Statistical Bulletin,USD,2020-06-16T16:30:00Z,None,,,,false,false
,Current Account,NZD,2020-06-16T18:45:00Z,None,1.59B,-2.77B,1.56B,false,false
,Trade Balance,JPY,2020-06-16T19:50:00Z,None,-0.68T,-1.04T,-0.60T,false,false
,MI Leading Index m/m,AUD,2020-06-16T20:30:00Z,None,,-1.5%,0.2%,false,false
,PPI Input m/m,GBP,2020-06-17T02:00:00Z,None,4.1%,-5.5%,0.3%,false,false
,CPI y/y,GBP,2020-06-17T02:00:00Z,None,0.5%,0.8%,0.5%,false,false
,PPI Output m/m,GBP,2020-06-17T02:00:00Z,None,0.0%,-0.8%,-0.3%,false,false
,Core CPI y/y,GBP,2020-06-17T02:00:00Z,None,1.3%,1.4%,1.2%,false,false
,RPI y/y,GBP,2020-06-17T02:02:00Z,None,1.2%,1.5%,1.0%,false,false
,Final CPI y/y,EUR,2020-06-17T05:00:00Z,None,0.1%,0.1%,0.1%,false,false
,Final Core CPI y/y,EUR,2020-06-17T05:00:00Z,None,0.9%,0.9%,0.9%,false,false
,German 10-y Bond Auction,EUR,2020-06-17T05:37:00Z,None,,-0.47|2.4,-0.38|1.8,false,false
,Common CPI y/y,CAD,2020-06-17T08:30:00Z,None,1.6%,1.5%,1.4%,false,false
,CPI m/m,CAD,2020-06-17T08:30:00Z,None,0.8%,-0.7%,0.3%,false,false
,Median CPI y/y,CAD,2020-06-17T08:30:00Z,None,1.9%,2.0%,1.9%,false,false
,Trimmed CPI y/y,CAD,2020-06-17T08:30:00Z,None,1.7%,1.9%,1.7%,false,false
,Building Permits,USD,2020-06-17T08:30:00Z,None,1.23M,1.07M,1.22M,false,false
,Housing Starts,USD,2020-06-17T08:30:00Z,None,1.10M,0.93M,0.97M,false,false
,Core CPI m/m,CAD,2020-06-17T08:32:00Z,None,,-0.4%,-0.1%,false,false
,CB Leading Index m/m,AUD,2020-06-17T10:30:00Z,None,,-0.2%,0.9%,false,false
,Crude Oil Inventories,USD,2020-06-17T10:30:00Z,None,0.0M,5.7M,1.2M,false,false
,Fed Chairman Powell Testifies,USD,2020-06-17T12:00:00Z,High,,,,false,false
,FOMC Member Mester Speaks,USD,2020-06-17T16:00:00Z,None,,,,false,false
,GDP q/q,NZD,2020-06-17T18:45:00Z,High,-1.0%,0.5%,-1.6%,false,false
,Unemployment Rate,AUD,2020-06-17T21:30:00Z,High,6.9%,6.4%,7.1%,false,false
,RBA Bulletin,AUD,2020-06-17T21:30:00Z,None,,,,false,false
,Employment Change,AUD,2020-06-17T21:30:00Z,High,-105.0K,-607.4K,-227.7K,false,false
,Monetary Policy Meeting Minutes,JPY,2020-06-18T00:00:00Z,None,,,,false,false
,SNB Financial Stability Report,CHF,2020-06-18T00:30:00Z,None,,,,false,false
,Trade Balance,CHF,2020-06-18T02:00:00Z,None,3.95B,3.99B,2.80B,false,false
,Foreign Direct Investment ytd/y,CNY,2020-06-18T03:10:00Z,None,,-6.1%,-3.8%,false,false
,SNB Monetary Policy Assessment,CHF,2020-06-18T03:30:00Z,High,,,,false,false
,SNB Policy Rate,CHF,2020-06-18T03:30:00Z,None,-0.75%,-0.75%,-0.75%,false,false
,ECB Economic Bulletin,EUR,2020-06-18T04:00:00Z,None,,,,false,false
,SNB Press Conference,CHF,2020-06-18T04:00:00Z,High,,,,false,false
,Italian Trade Balance,EUR,2020-06-18T04:03:00Z,None,4.88B,5.68B,-1.16B,false,false
,Spanish 10-y Bond Auction,EUR,2020-06-18T04:57:00Z,None,,0.55|1.4,0.53|3.9,false,false
,Asset Purchase Facility,GBP,2020-06-18T07:00:00Z,High,745B,645B,745B,false,false
,Monetary Policy Summary,GBP,2020-06-18T07:00:00Z,High,,,,false,false
,MPC Official Bank Rate Votes,GBP,2020-06-18T07:00:00Z,High,0-0-9,0-0-9,0-0-9,false,false
,Official Bank Rate,GBP,2020-06-18T07:00:00Z,High,0.10%,0.10%,0.10%,false,false
,MPC Asset Purchase Facility Votes,GBP,2020-06-18T07:02:00Z,High,9-0-0,2-0-7,8-0-1,false,false
,BOE Inflation Letter,GBP,2020-06-18T07:20:00Z,None,,,,false,false
,ADP Non-Farm Employment Change,CAD,2020-06-18T08:30:00Z,None,,-2361.7K,208.4K,false,false
,Philly Fed Manufacturing Index,USD,2020-06-18T08:30:00Z,None,-23.0,-43.1,27.5,false,false
,Unemployment Claims,USD,2020-06-18T08:30:00Z,None,1300K,1566K,1508K,false,false
,Wholesale Sales m/m,CAD,2020-06-18T08:30:00Z,None,-11.6%,-2.7%,-21.6%,false,false
,NHPI m/m,CAD,2020-06-18T08:32:00Z,None,0.2%,0.0%,0.1%,false,false
,BOE Gov Bailey Speaks,GBP,2020-06-18T09:30:00Z,High,,,,false,false
,CB Leading Index m/m,USD,2020-06-18T10:00:00Z,None,2.4%,-6.1%,2.8%,false,false
,Natural Gas Storage,USD,2020-06-18T10:30:00Z,None,83B,93B,85B,false,false
,FOMC Member Mester Speaks,USD,2020-06-18T12:15:00Z,None,,,,false,false
,Gov Council Member Schembri Speaks,CAD,2020-06-18T13:30:00Z,None,,,,false,false
,GfK Consumer Confidence,GBP,2020-06-18T19:01:00Z,None,-36,-36,-30,false,false
,National Core CPI y/y,JPY,2020-06-18T19:30:00Z,None,-0.1%,-0.2%,-0.2%,false,false
,Monetary Policy Meeting Minutes,JPY,2020-06-18T19:50:00Z,None,,,,false,false
,Retail Sales m/m,AUD,2020-06-18T21:30:00Z,None,15.0%,-17.7%,16.3%,false,false
,EU Economic Summit,EUR,2020-06-19T00:00:00Z,High,,,,true,false
,German PPI m/m,EUR,2020-06-19T02:00:00Z,None,-0.3%,-0.7%,-0.4%,false,false
,Public Sector Net Borrowing,GBP,2020-06-19T02:00:00Z,None,49.3B,47.8B,54.5B,false,false
,Retail Sales m/m,GBP,2020-06-19T02:00:00Z,None,6.3%,-18.0%,12.0%,false,false
,Current Account,EUR,2020-06-19T04:00:00Z,None,16.3B,27.4B,14.4B,false,false
,Current Account,USD,2020-06-19T08:30:00Z,None,-101B,-104B,-104B,false,false
,Retail Sales m/m,CAD,2020-06-19T08:30:00Z,None,-15.0%,-9.9%,-26.4%,false,false
,Core Retail Sales m/m,CAD,2020-06-19T08:30:00Z,High,-12.7%,-0.2%,-22.0%,false,false
,FOMC Member Quarles Speaks,USD,2020-06-19T12:00:00Z,None,,,,false,false
,FOMC Member Powell Speaks,USD,2020-06-19T13:00:00Z,None,,,,false,false
,RBA Gov Lowe Speaks,AUD,2020-06-21T19:00:00Z,High,,,,false,false
,5-y Loan Prime Rate,CNY,2020-06-21T21:30:00Z,None,4.65%,4.65%,4.65%,false,false
,1-y Loan Prime Rate,CNY,2020-06-21T21:30:00Z,None,3.85%,3.85%,3.85%,false,false
,Credit Card Spending y/y,NZD,2020-06-21T23:00:00Z,None,,-49.1%,-21.1%,false,false
,German Buba Monthly Report,EUR,2020-06-22T06:00:00Z,None,,,,false,false
,CBI Industrial Order Expectations,GBP,2020-06-22T06:00:00Z,None,-50,-62,-58,false,false
,CB Leading Index m/m,CNY,2020-06-22T09:00:00Z,None,,-0.9%,-0.9%,false,false
,Consumer Confidence,EUR,2020-06-22T09:48:00Z,None,-15,-19,-15,false,false
,Existing Home Sales,USD,2020-06-22T10:00:00Z,None,4.15M,4.33M,3.91M,false,false
,BOC Gov Macklem Speaks,CAD,2020-06-22T11:00:00Z,High,,,,false,false
,Flash Manufacturing PMI,AUD,2020-06-22T19:00:00Z,None,,44.0,49.8,false,false
,Flash Services PMI,AUD,2020-06-22T19:00:00Z,None,,26.9,53.2,false,false
,Flash Manufacturing PMI,JPY,2020-06-22T20:30:00Z,None,39.5,38.4,37.8,false,false
,Goods Trade Balance,AUD,2020-06-22T21:30:00Z,None,,6.98B,7.82B,false,false
,BOJ Core CPI y/y,JPY,2020-06-23T01:00:00Z,None,-0.1%,-0.1%,0.0%,false,false
,French Flash Manufacturing PMI,EUR,2020-06-23T03:15:00Z,None,46.1,40.6,52.1,false,false
,French Flash Services PMI,EUR,2020-06-23T03:15:00Z,High,44.9,31.1,50.3,false,false
,German Flash Manufacturing PMI,EUR,2020-06-23T03:30:00Z,High,41.5,36.6,44.6,false,false
,German Flash Services PMI,EUR,2020-06-23T03:30:00Z,High,41.7,32.6,45.8,false,false
,Flash Manufacturing PMI,EUR,2020-06-23T04:00:00Z,None,43.8,39.4,46.9,false,false
,Flash Services PMI,EUR,2020-06-23T04:00:00Z,None,40.5,30.5,47.3,false,false
,Flash Manufacturing PMI,GBP,2020-06-23T04:30:00Z,None,45.2,40.7,50.1,false,false
,Flash Services PMI,GBP,2020-06-23T04:30:00Z,None,39.1,29.0,47.0,false,false
,BOE Gov Bailey Speaks,GBP,2020-06-23T04:45:00Z,None,,,,false,false
,10-y Bond Auction,GBP,2020-06-23T06:36:00Z,None,,0.22|3.3,0.25|2.3,false,false
,Flash Manufacturing PMI,USD,2020-06-23T09:45:00Z,None,50.0,39.8,49.6,false,false
,Flash Services PMI,USD,2020-06-23T09:45:00Z,None,46.9,37.5,46.7,false,false
,Richmond Manufacturing Index,USD,2020-06-23T09:59:00Z,None,-3,-27,0,false,false
,New Home Sales,USD,2020-06-23T10:00:00Z,None,637K,580K,676K,false,false
,API Weekly Statistical Bulletin,USD,2020-06-23T16:30:00Z,None,,,,false,false
,SPPI y/y,JPY,2020-06-23T19:50:00Z,None,0.8%,0.8%,0.8%,false,false
,BOJ Summary of Opinions,JPY,2020-06-23T19:50:00Z,None,,,,false,false
,Official Cash Rate,NZD,2020-06-23T22:00:00Z,High,0.25%,0.25%,0.25%,false,false
,RBNZ Rate Statement,NZD,2020-06-23T22:00:00Z,High,,,,false,false
,Bank Holiday,CNY,2020-06-24T00:00:00Z,None,,,,true,false
,UBS Economic Expectations,CHF,2020-06-24T04:00:00Z,None,,31.3,48.7,false,false
,German ifo Business Climate,EUR,2020-06-24T04:00:00Z,None,85.0,79.7,86.2,false,false
,Belgian NBB Business Climate,EUR,2020-06-24T08:56:00Z,None,-25.1,-34.4,-22.9,false,false
,SNB Quarterly Bulletin,CHF,2020-06-24T09:00:00Z,None,,,,false,false
,HPI m/m,USD,2020-06-24T09:00:00Z,None,0.3%,0.1%,0.2%,false,false
,Crude Oil Inventories,USD,2020-06-24T10:30:00Z,None,1.2M,1.2M,1.4M,false,false
,Trade Balance,NZD,2020-06-24T18:45:00Z,None,1279M,1339M,1253M,false,false
,Bank Holiday,CNY,2020-06-25T00:00:00Z,None,,,,true,false
,All Industries Activity m/m,JPY,2020-06-25T00:30:00Z,None,-6.5%,-3.4%,-6.4%,false,false
,German GfK Consumer Climate,EUR,2020-06-25T02:00:00Z,None,-11.7,-18.6,-9.6,false,false
,CBI Realized Sales,GBP,2020-06-25T06:00:00Z,None,-37,-50,-37,false,false
,ECB Monetary Policy Meeting Accounts,EUR,2020-06-25T07:30:00Z,None,,,,false,false
,Core Durable Goods Orders m/m,USD,2020-06-25T08:30:00Z,None,2.1%,-7.7%,4.0%,false,false
,Durable Goods Orders m/m,USD,2020-06-25T08:30:00Z,None,10.3%,-17.7%,15.8%,false,false
,Final GDP q/q,USD,2020-06-25T08:30:00Z,None,-5.0%,-5.0%,-5.0%,false,false
,Unemployment Claims,USD,2020-06-25T08:30:00Z,None,1320K,1540K,1480K,false,false
,Goods Trade Balance,USD,2020-06-25T08:30:00Z,None,-68.0B,-70.7B,-74.3B,false,false
,Prelim Wholesale Inventories m/m,USD,2020-06-25T08:30:00Z,None,0.4%,0.3%,-1.2%,false,false
,Final GDP Price Index q/q,USD,2020-06-25T08:32:00Z,None,1.4%,1.4%,1.4%,false,false
,Natural Gas Storage,USD,2020-06-25T10:30:00Z,None,108B,85B,120B,false,false
,MPC Member Haldane Speaks,GBP,2020-06-25T13:00:00Z,None,,,,false,false
,Bank Stress Test Results,USD,2020-06-25T16:30:00Z,None,,,,false,false
,Tokyo Core CPI y/y,JPY,2020-06-25T19:30:00Z,None,0.2%,0.2%,0.2%,false,false
,German Import Prices m/m,EUR,2020-06-26T02:00:00Z,None,0.5%,-1.8%,0.3%,false,false
,ECB President Lagarde Speaks,EUR,2020-06-26T03:00:00Z,High,,,,false,false
,M3 Money Supply y/y,EUR,2020-06-26T04:00:00Z,None,8.6%,8.2%,8.9%,false,false
,Private Loans y/y,EUR,2020-06-26T04:00:00Z,None,3.3%,3.0%,3.0%,false,false
,Personal Income m/m,USD,2020-06-26T08:30:00Z,None,-6.0%,10.8%,-4.2%,false,false
,Personal Spending m/m,USD,2020-06-26T08:30:00Z,None,8.9%,-12.6%,8.2%,false,false
,Core PCE Price Index m/m,USD,2020-06-26T08:30:00Z,None,0.0%,-0.4%,0.1%,false,false
,Revised UoM Inflation Expectations,USD,2020-06-26T10:00:00Z,None,,3.0%,3.0%,false,false
,Revised UoM Consumer Sentiment,USD,2020-06-26T10:00:00Z,None,79.1,78.9,78.1,false,false
,Retail Sales y/y,JPY,2020-06-28T19:50:00Z,None,-11.6%,-13.9%,-12.3%,false,false
,RBNZ Statement of Intent,NZD,2020-06-28T22:00:00Z,None,,,,false,false
,Italian Bank Holiday,EUR,2020-06-29T00:00:00Z,None,,,,true,false
,German Prelim CPI m/m,EUR,2020-06-29T00:00:00Z,None,0.3%,-0.1%,0.6%,true,false
,Spanish Flash CPI y/y,EUR,2020-06-29T03:00:00Z,None,-0.9%,-0.9%,-0.3%,false,false
,M4 Money Supply m/m,GBP,2020-06-29T04:30:00Z,None,1.6%,1.5%,2.0%,false,false
,Mortgage Approvals,GBP,2020-06-29T04:30:00Z,None,25K,16K,9K,false,false
,Net Lending to Individuals m/m,GBP,2020-06-29T04:32:00Z,None,-4.0B,-7.4B,-3.4B,false,false
,BOE Gov Bailey Speaks,GBP,2020-06-29T05:30:00Z,None,,,,false,false
,Building Permits m/m,CAD,2020-06-29T08:30:00Z,None,10.3%,-15.4%,20.2%,false,false
,IPPI m/m,CAD,2020-06-29T08:30:00Z,None,2.7%,-2.3%,1.2%,false,false
,RMPI m/m,CAD,2020-06-29T08:30:00Z,None,29.7%,-13.4%,16.4%,false,false
,MPC Member Vlieghe Speaks,GBP,2020-06-29T08:30:00Z,None,,,,false,false
,Pending Home Sales m/m,USD,2020-06-29T10:00:00Z,None,18.9%,-21.8%,44.3%,false,false
,Unemployment Rate,JPY,2020-06-29T19:30:00Z,None,2.8%,2.6%,2.9%,false,false
,Prelim Industrial Production m/m,JPY,2020-06-29T19:50:00Z,None,-5.6%,-9.8%,-8.4%,false,false
,Manufacturing PMI,CNY,2020-06-29T21:00:00Z,High,50.4,50.6,50.9,false,false
,Non-Manufacturing PMI,CNY,2020-06-29T21:00:00Z,None,53.3,53.6,54.4,false,false
,ANZ Business Confidence,NZD,2020-06-29T21:00:00Z,None,,-33.0,-34.4,false,false
,Private Sector Credit m/m,AUD,2020-06-29T21:30:00Z,None,0.1%,0.0%,-0.1%,false,false
,RBA Deputy Gov Debelle Speaks,AUD,2020-06-29T22:30:00Z,None,,,,false,false
,Housing Starts y/y,JPY,2020-06-30T01:00:00Z,None,-15.0%,-12.9%,-12.3%,false,false
,Current Account,GBP,2020-06-30T02:00:00Z,None,-15.2B,-9.2B,-21.1B,false,false
,Final GDP q/q,GBP,2020-06-30T02:00:00Z,None,-2.0%,-2.0%,-2.2%,false,false
,Revised Business Investment q/q,GBP,2020-06-30T02:00:00Z,None,0.1%,0.0%,-0.3%,false,false
,Retail Sales y/y,CHF,2020-06-30T02:30:00Z,None,-15.0%,-18.8%,6.6%,false,false
,French Consumer Spending m/m,EUR,2020-06-30T02:45:00Z,None,30.0%,-19.1%,36.6%,false,false
,French Prelim CPI m/m,EUR,2020-06-30T02:45:00Z,None,0.4%,0.1%,-0.1%,false,false
,KOF Economic Barometer,CHF,2020-06-30T03:00:00Z,None,77.0,49.6,59.4,false,false
,Core CPI Flash Estimate y/y,EUR,2020-06-30T05:00:00Z,None,0.8%,0.9%,0.8%,false,false
,CPI Flash Estimate y/y,EUR,2020-06-30T05:00:00Z,None,-0.1%,0.1%,0.3%,false,false
,Italian Prelim CPI m/m,EUR,2020-06-30T05:00:00Z,None,0.1%,-0.2%,0.1%,false,false
,Italian 10-y Bond Auction,EUR,2020-06-30T05:19:00Z,None,,1.42|1.3,1.20|2.1,false,false
,MPC Member Haldane Speaks,GBP,2020-06-30T06:00:00Z,None,,,,false,false
,GDP m/m,CAD,2020-06-30T08:30:00Z,High,-12.5%,-7.5%,-11.6%,false,false
,S&P/CS Composite-20 HPI y/y,USD,2020-06-30T09:00:00Z,None,3.8%,3.9%,4.0%,false,false
,Chicago PMI,USD,2020-06-30T09:45:00Z,None,45.0,32.3,36.6,false,false
,MPC Member Cunliffe Speaks,GBP,2020-06-30T10:00:00Z,None,,,,false,false
,CB Consumer Confidence,USD,2020-06-30T10:00:00Z,None,91.6,85.9,98.1,false,false
,FOMC Member Williams Speaks,USD,2020-06-30T11:00:00Z,None,,,,false,false
,FOMC Member Brainard Speaks,USD,2020-06-30T11:05:00Z,None,,,,false,false
,Fed Chairman Powell Testifies,USD,2020-06-30T12:30:00Z,High,,,,false,false
,FOMC Member Kashkari Speaks,USD,2020-06-30T14:00:00Z,None,,,,false,false
,API Weekly Statistical Bulletin,USD,2020-06-30T16:30:00Z,None,,,,false,false
,AIG Manufacturing Index,AUD,2020-06-30T18:30:00Z,None,,41.6,51.5,false,false
,Building Consents m/m,NZD,2020-06-30T18:45:00Z,None,,-9.9%,35.6%,false,false
,BRC Shop Price Index y/y,GBP,2020-06-30T19:01:00Z,None,,-2.4%,-1.6%,false,false
,Tankan Manufacturing Index,JPY,2020-06-30T19:50:00Z,None,-31,-8,-34,false,false
,Tankan Non-Manufacturing Index,JPY,2020-06-30T19:50:00Z,None,-20,8,-17,false,false
,Final Manufacturing PMI,JPY,2020-06-30T20:30:00Z,None,37.8,37.8,40.1,false,false
,Building Approvals m/m,AUD,2020-06-30T21:30:00Z,None,-7.0%,-2.1%,-16.4%,false,false
,RatingDog Manufacturing PMI,CNY,2020-06-30T21:45:00Z,None,50.7,50.7,51.2,false,false
,Bank Holiday,CAD,2020-07-01T00:00:00Z,None,,,,true,false
,Omdia Total Vehicle Sales,USD,2020-07-01T00:00:00Z,None,13.0M,8.7M,13.1M,true,false
,Consumer Confidence,JPY,2020-07-01T01:00:00Z,None,28.9,24.0,28.4,false,false
,Nationwide HPI m/m,GBP,2020-07-01T01:55:00Z,None,-0.6%,-1.7%,-1.4%,false,false
,German Retail Sales m/m,EUR,2020-07-01T02:00:00Z,None,3.5%,-6.5%,13.9%,false,false
,Commodity Prices y/y,AUD,2020-07-01T02:30:00Z,None,,-11.8%,-11.4%,false,false
,Spanish Manufacturing PMI,EUR,2020-07-01T03:15:00Z,None,45.2,38.3,49.0,false,false
,Manufacturing PMI,CHF,2020-07-01T03:30:00Z,None,48.1,42.1,41.9,false,false
,Italian Manufacturing PMI,EUR,2020-07-01T03:45:00Z,None,47.9,45.4,47.5,false,false
,French Final Manufacturing PMI,EUR,2020-07-01T03:50:00Z,None,52.1,52.1,52.3,false,false
,German Final Manufacturing PMI,EUR,2020-07-01T03:55:00Z,None,44.6,44.6,45.2,false,false
,German Unemployment Change,EUR,2020-07-01T03:55:00Z,None,120K,237K,69K,false,false
,Final Manufacturing PMI,EUR,2020-07-01T04:00:00Z,None,46.9,46.9,47.4,false,false
,Final Manufacturing PMI,GBP,2020-07-01T04:30:00Z,None,50.2,50.1,50.1,false,false
,30-y Bond Auction,GBP,2020-07-01T06:38:00Z,None,,0.60|2.6,0.67|1.7,false,false
,MPC Member Haskel Speaks,GBP,2020-07-01T07:00:00Z,None,,,,false,false
,Challenger Job Cuts y/y,USD,2020-07-01T07:30:00Z,None,,577.8%,305.5%,false,false
,ADP Non-Farm Employment Change,USD,2020-07-01T08:15:00Z,High,2850K,3065K,2369K,false,false
,Final Manufacturing PMI,USD,2020-07-01T09:45:00Z,None,49.6,49.6,49.8,false,false
,ISM Manufacturing PMI,USD,2020-07-01T10:00:00Z,None,49.5,43.1,52.6,false,false
,Construction Spending m/m,USD,2020-07-01T10:00:00Z,None,1.0%,-3.5%,-2.1%,false,false
,ISM Manufacturing Prices,USD,2020-07-01T10:00:00Z,None,43.8,40.8,51.3,false,false
,Crude Oil Inventories,USD,2020-07-01T10:30:00Z,None,-0.9M,1.4M,-7.2M,false,false
,FOMC Meeting Minutes,USD,2020-07-01T14:00:00Z,None,,,,false,false
,Monetary Base y/y,JPY,2020-07-01T19:50:00Z,None,4.2%,3.9%,6.0%,false,false
,Goods Trade Balance,AUD,2020-07-01T21:30:00Z,None,9.00B,7.83B,8.03B,false,false
,10-y Bond Auction,JPY,2020-07-01T23:35:00Z,None,,0.00|3.4,0.06|3.7,false,false
,CPI m/m,CHF,2020-07-02T02:30:00Z,None,0.1%,0.0%,0.0%,false,false
,Spanish Unemployment Change,EUR,2020-07-02T03:00:00Z,None,-113.0K,26.6K,5.1K,false,false
,Italian Monthly Unemployment Rate,EUR,2020-07-02T04:00:00Z,None,7.9%,6.6%,7.8%,false,false
,Spanish 10-y Bond Auction,EUR,2020-07-02T04:55:00Z,None,,0.53|3.9,0.45|2.1,false,false
,PPI m/m,EUR,2020-07-02T05:00:00Z,None,-0.4%,-2.0%,-0.6%,false,false
,Unemployment Rate,EUR,2020-07-02T05:00:00Z,None,7.6%,7.3%,7.4%,false,false
,French 10-y Bond Auction,EUR,2020-07-02T05:06:00Z,None,,0.02|2.4,-0.09|2.7,false,false
,Trade Balance,CAD,2020-07-02T08:30:00Z,None,-3.0B,-4.3B,-0.7B,false,false
,Average Hourly Earnings m/m,USD,2020-07-02T08:30:00Z,High,-0.8%,-1.0%,-1.2%,false,false
,Non-Farm Employment Change,USD,2020-07-02T08:30:00Z,High,3037K,2699K,4800K,false,false
,Unemployment Rate,USD,2020-07-02T08:30:00Z,High,12.4%,13.3%,11.1%,false,false
,Unemployment Claims,USD,2020-07-02T08:30:00Z,None,1350K,1482K,1427K,false,false
,Trade Balance,USD,2020-07-02T08:30:00Z,None,-53.0B,-49.8B,-54.6B,false,false
,Manufacturing PMI,CAD,2020-07-02T09:30:00Z,None,,40.6,47.8,false,false
,President Trump Speaks,USD,2020-07-02T09:30:00Z,High,,,,false,false
,Factory Orders m/m,USD,2020-07-02T10:00:00Z,None,8.6%,-13.5%,8.0%,false,false
,Natural Gas Storage,USD,2020-07-02T10:30:00Z,None,77B,120B,65B,false,false
,AIG Construction Index,AUD,2020-07-02T18:30:00Z,None,,24.9,35.5,false,false
,GfK Consumer Confidence,GBP,2020-07-02T19:01:00Z,None,-29,-30,-27,false,false
,RatingDog Services PMI,CNY,2020-07-02T21:45:00Z,None,53.8,55.0,58.4,false,false
,Bank Holiday,USD,2020-07-03T00:00:00Z,None,,,,true,false
,French Gov Budget Balance,EUR,2020-07-03T02:45:00Z,None,,-92.1B,-117.9B,false,false
,Spanish Services PMI,EUR,2020-07-03T03:15:00Z,None,46.0,27.9,50.2,false,false
,Italian Services PMI,EUR,2020-07-03T03:45:00Z,None,46.9,28.9,46.4,false,false
,French Final Services PMI,EUR,2020-07-03T03:50:00Z,None,50.3,50.3,50.7,false,false
,German Final Services PMI,EUR,2020-07-03T03:55:00Z,None,45.8,45.8,47.3,false,false
,Final Services PMI,EUR,2020-07-03T04:00:00Z,None,47.3,47.3,48.3,false,false
,Final Services PMI,GBP,2020-07-03T04:30:00Z,None,47.0,47.0,47.1,false,false
,ECB President Lagarde Speaks,EUR,2020-07-04T06:40:00Z,None,,,,false,false
,ANZ Commodity Prices m/m,NZD,2020-07-05T21:00:00Z,None,,1.1%,-0.7%,false,false
,MI Inflation Gauge m/m,AUD,2020-07-05T21:02:00Z,None,,-1.2%,0.6%,false,false
,ANZ Job Advertisements m/m,AUD,2020-07-05T21:30:00Z,None,,-0.3%,42.0%,false,false
,German Factory Orders m/m,EUR,2020-07-06T02:00:00Z,None,15.1%,-26.2%,10.4%,false,false
,Sentix Investor Confidence,EUR,2020-07-06T04:30:00Z,None,-10.8,-24.8,-18.2,false,false
,Construction PMI,GBP,2020-07-06T04:30:00Z,None,46.0,28.9,55.3,false,false
,Housing Equity Withdrawal q/q,GBP,2020-07-06T04:34:00Z,None,-5.5B,-5.0B,-5.1B,false,false
,Retail Sales m/m,EUR,2020-07-06T05:00:00Z,None,15.0%,-12.1%,17.8%,false,false
,Final Services PMI,USD,2020-07-06T09:45:00Z,None,47.0,46.7,47.9,false,false
,ISM Services PMI,USD,2020-07-06T10:00:00Z,High,50.0,45.4,57.1,false,false
,BOC Business Outlook Survey,CAD,2020-07-06T10:30:00Z,None,,,,false,false
,NZIER Business Confidence,NZD,2020-07-06T18:03:00Z,None,,-70,-63,false,false
,AIG Services Index,AUD,2020-07-06T18:30:00Z,None,,31.6,31.5,false,false
,Average Cash Earnings y/y,JPY,2020-07-06T19:30:00Z,None,-0.9%,-0.7%,-2.1%,false,false
,Household Spending y/y,JPY,2020-07-06T19:30:00Z,None,-11.8%,-11.1%,-16.2%,false,false
,30-y Bond Auction,JPY,2020-07-06T23:35:00Z,None,,0.53|2.8,0.61|3.9,false,false
,Cash Rate,AUD,2020-07-07T00:30:00Z,High,0.25%,0.25%,0.25%,false,false
,RBA Rate Statement,AUD,2020-07-07T00:30:00Z,High,,,,false,false
,Leading Indicators,JPY,2020-07-07T01:00:00Z,None,79.5%,77.7%,79.3%,false,false
,German Industrial Production m/m,EUR,2020-07-07T02:00:00Z,None,11.0%,-17.5%,7.8%,false,false
,French Trade Balance,EUR,2020-07-07T02:45:00Z,None,-4.5B,-5.1B,-7.1B,false,false
,Foreign Currency Reserves,CHF,2020-07-07T03:00:00Z,None,,817B,850B,false,false
,Lloyds HPI m/m,GBP,2020-07-07T03:30:00Z,None,-0.8%,-0.2%,-0.1%,false,false
,Italian Retail Sales m/m,EUR,2020-07-07T04:02:00Z,None,15.0%,-10.7%,24.3%,false,false
,EU Economic Forecasts,EUR,2020-07-07T05:00:00Z,None,,,,false,false
,RCM/TIPP Economic Optimism,USD,2020-07-07T09:59:00Z,None,48.2,47.0,44.0,false,false
,Ivey PMI,CAD,2020-07-07T10:00:00Z,None,50.2,39.1,58.2,false,false
,JOLTS Job Openings,USD,2020-07-07T10:00:00Z,None,4.70M,5.00M,5.40M,false,false
,GDT Price Index,NZD,2020-07-07T10:55:00Z,None,,1.9%,8.3%,false,false
,FOMC Member Quarles Speaks,USD,2020-07-07T13:00:00Z,None,,,,false,false
,API Weekly Statistical Bulletin,USD,2020-07-07T16:30:00Z,None,,,,false,false
,Bank Lending y/y,JPY,2020-07-07T19:50:00Z,None,5.0%,4.8%,6.2%,false,false
,Current Account,JPY,2020-07-07T19:50:00Z,None,0.71T,0.25T,0.82T,false,false
,Economy Watchers Sentiment,JPY,2020-07-08T01:00:00Z,None,24.7,15.5,38.8,false,false
,Unemployment Rate,CHF,2020-07-08T01:45:00Z,None,3.6%,3.2%,3.3%,false,false
,Crude Oil Inventories,USD,2020-07-08T10:30:00Z,None,-3.2M,-7.2M,5.7M,false,false
,10-y Bond Auction,USD,2020-07-08T13:01:00Z,None,,0.83|2.3,0.65|2.6,false,false
,Consumer Credit m/m,USD,2020-07-08T15:00:00Z,None,-15.2B,-70.2B,-18.3B,false,false
,RICS House Price Balance,GBP,2020-07-08T19:01:00Z,None,-25%,-32%,-15%,false,false
,Core Machinery Orders m/m,JPY,2020-07-08T19:50:00Z,None,-5.2%,-12.0%,1.7%,false,false
,M2 Money Stock y/y,JPY,2020-07-08T19:50:00Z,None,5.6%,5.1%,7.2%,false,false
,Prelim ANZ Business Confidence,NZD,2020-07-08T21:00:00Z,None,,-34.4,-29.8,false,false
,CPI y/y,CNY,2020-07-08T21:30:00Z,None,2.5%,2.4%,2.5%,false,false
,PPI y/y,CNY,2020-07-08T21:32:00Z,None,-3.2%,-3.7%,-3.0%,false,false
,Eurogroup Meetings,EUR,2020-07-09T00:00:00Z,None,,,,true,false
,Prelim Machine Tool Orders y/y,JPY,2020-07-09T01:59:00Z,None,,-52.8%,-32.0%,false,false
,German Trade Balance,EUR,2020-07-09T02:00:00Z,None,6.6B,3.4B,7.6B,false,false
,Housing Starts,CAD,2020-07-09T08:15:00Z,None,185K,195K,212K,false,false
,Unemployment Claims,USD,2020-07-09T08:30:00Z,None,1375K,1413K,1314K,false,false
,Final Wholesale Inventories m/m,USD,2020-07-09T10:00:00Z,None,-1.2%,-1.2%,-1.2%,false,false
,Natural Gas Storage,USD,2020-07-09T10:30:00Z,None,60B,65B,56B,false,false
,30-y Bond Auction,USD,2020-07-09T13:01:00Z,None,,1.45|2.3,1.33|2.5,false,false
,PPI y/y,JPY,2020-07-09T19:50:00Z,None,-2.0%,-2.8%,-1.6%,false,false
,ECOFIN Meetings,EUR,2020-07-10T00:00:00Z,None,,,,true,false
,French Industrial Production m/m,EUR,2020-07-10T02:45:00Z,None,15.2%,-20.6%,19.6%,false,false
,M2 Money Supply y/y,CNY,2020-07-10T03:30:00Z,None,11.1%,11.1%,11.1%,false,false
,New Loans,CNY,2020-07-10T03:30:00Z,None,1800B,1480B,1810B,false,false
,Italian Industrial Production m/m,EUR,2020-07-10T04:00:00Z,None,23.5%,-20.5%,42.1%,false,false
,Employment Change,CAD,2020-07-10T08:30:00Z,High,700.0K,289.6K,952.9K,false,false
,Unemployment Rate,CAD,2020-07-10T08:30:00Z,High,12.0%,13.7%,12.3%,false,false
,Core PPI m/m,USD,2020-07-10T08:30:00Z,None,0.1%,-0.1%,-0.3%,false,false
,PPI m/m,USD,2020-07-10T08:30:00Z,None,0.4%,0.4%,-0.2%,false,false
,CB Leading Index m/m,GBP,2020-07-10T09:30:00Z,None,,-3.7%,-1.4%,false,false
,FPI m/m,NZD,2020-07-12T18:45:00Z,None,,-0.8%,0.5%,false,false
,Tertiary Industry Activity m/m,JPY,2020-07-13T00:30:00Z,None,-3.7%,-7.7%,-2.1%,false,false
,German WPI m/m,EUR,2020-07-13T02:00:00Z,None,0.5%,-0.6%,0.6%,false,false
,BOE Gov Bailey Speaks,GBP,2020-07-13T11:30:00Z,High,,,,false,false
,FOMC Member Williams Speaks,USD,2020-07-13T11:30:00Z,None,,,,false,false
,Federal Budget Balance,USD,2020-07-13T14:00:00Z,None,-860.0B,-398.8B,-864.1B,false,false
,Visitor Arrivals m/m,NZD,2020-07-13T18:45:00Z,None,,-98.9%,82.3%,false,false
,BRC Retail Sales Monitor y/y,GBP,2020-07-13T19:01:00Z,None,2.5%,7.9%,10.9%,false,false
,NAB Business Confidence,AUD,2020-07-13T21:30:00Z,None,,-20,1,false,false
,Trade Balance,CNY,2020-07-13T22:53:00Z,None,410B,443B,329B,false,false
,USD-Denominated Trade Balance,CNY,2020-07-13T22:58:00Z,None,58.3B,62.9B,46.4B,false,false
,French Bank Holiday,EUR,2020-07-14T00:00:00Z,None,,,,true,false
,Revised Industrial Production m/m,JPY,2020-07-14T00:30:00Z,None,-8.4%,-8.4%,-8.9%,false,false
,German Final CPI m/m,EUR,2020-07-14T02:00:00Z,None,0.6%,0.6%,0.6%,false,false
,GDP m/m,GBP,2020-07-14T02:00:00Z,None,5.5%,-20.3%,1.8%,false,false
,Construction Output m/m,GBP,2020-07-14T02:00:00Z,None,14.9%,-40.2%,8.2%,false,false
,Goods Trade Balance,GBP,2020-07-14T02:00:00Z,None,-8.2B,-4.8B,-2.8B,false,false
,Index of Services 3m/3m,GBP,2020-07-14T02:00:00Z,None,-16.9%,-10.7%,-18.9%,false,false
,Industrial Production m/m,GBP,2020-07-14T02:00:00Z,None,6.2%,-20.2%,6.0%,false,false
,Manufacturing Production m/m,GBP,2020-07-14T02:00:00Z,None,7.5%,-24.4%,8.4%,false,false
,PPI m/m,CHF,2020-07-14T02:30:00Z,None,0.3%,-0.5%,0.5%,false,false
,Industrial Production m/m,EUR,2020-07-14T05:00:00Z,None,14.9%,-18.2%,12.4%,false,false
,ZEW Economic Sentiment,EUR,2020-07-14T05:00:00Z,None,55.8,58.6,59.6,false,false
,German ZEW Economic Sentiment,EUR,2020-07-14T05:00:00Z,None,60.1,63.4,59.3,false,false
,NFIB Small Business Index,USD,2020-07-14T06:00:00Z,None,97.5,94.4,100.6,false,false
,10-y Bond Auction,GBP,2020-07-14T06:35:00Z,None,,0.25|2.3,0.20|2.5,false,false
,Core CPI y/y,USD,2020-07-14T08:30:00Z,High,1.1%,1.2%,1.2%,false,false
,CPI y/y,USD,2020-07-14T08:30:00Z,High,0.6%,0.1%,0.6%,false,false
,Core CPI m/m,USD,2020-07-14T08:30:00Z,None,0.1%,-0.1%,0.2%,false,false
,CPI m/m,USD,2020-07-14T08:30:00Z,None,0.5%,-0.1%,0.6%,false,false
,NIESR GDP Estimate,GBP,2020-07-14T09:13:00Z,None,,-19.1%,-21.2%,false,false
,SNB Chairman Jordan Speaks,CHF,2020-07-14T09:30:00Z,None,,,,false,false
,FOMC Member Brainard Speaks,USD,2020-07-14T14:00:00Z,None,,,,false,false
,API Weekly Statistical Bulletin,USD,2020-07-14T16:30:00Z,None,,,,false,false
,President Trump Speaks,USD,2020-07-14T17:00:00Z,High,,,,false,false
,Westpac Consumer Sentiment,AUD,2020-07-14T20:30:00Z,None,,6.3%,-6.1%,false,false
,BOJ Outlook Report,JPY,2020-07-14T22:57:00Z,High,,,,false,false
,Monetary Policy Statement,JPY,2020-07-14T22:57:00Z,High,,,,false,false
,BOJ Policy Rate,JPY,2020-07-14T22:57:00Z,None,-0.10%,-0.10%,-0.10%,false,false
,OPEC-JMMC Meetings,All,2020-07-15T00:00:00Z,High,,,,true,false
,CPI y/y,GBP,2020-07-15T02:00:00Z,None,0.4%,0.5%,0.6%,false,false
,Core CPI y/y,GBP,2020-07-15T02:00:00Z,None,1.2%,1.2%,1.4%,false,false
,PPI Input m/m,GBP,2020-07-15T02:00:00Z,None,3.0%,0.9%,2.4%,false,false
,PPI Output m/m,GBP,2020-07-15T02:00:00Z,None,0.2%,-0.2%,0.3%,false,false
,RPI y/y,GBP,2020-07-15T02:00:00Z,None,1.1%,1.0%,1.1%,false,false
,BOJ Press Conference,JPY,2020-07-15T02:30:00Z,None,,,,false,false
,MPC Member Tenreyro Speaks,GBP,2020-07-15T04:00:00Z,None,,,,false,false
,German 10-y Bond Auction,EUR,2020-07-15T05:33:00Z,None,,-0.38|1.8,-0.46|1.8,false,false
,Manufacturing Sales m/m,CAD,2020-07-15T08:30:00Z,None,9.2%,-27.9%,10.7%,false,false
,Empire State Manufacturing Index,USD,2020-07-15T08:30:00Z,None,10.0,-0.2,17.2,false,false
,Import Prices m/m,USD,2020-07-15T08:30:00Z,None,1.0%,0.8%,1.4%,false,false
,Industrial Production m/m,USD,2020-07-15T09:15:00Z,None,4.5%,1.4%,5.4%,false,false
,Capacity Utilization Rate,USD,2020-07-15T09:15:00Z,None,67.9%,65.1%,68.6%,false,false
,BOC Monetary Policy Report,CAD,2020-07-15T10:00:00Z,High,,,,false,false
,BOC Rate Statement,CAD,2020-07-15T10:00:00Z,High,,,,false,false
,Overnight Rate,CAD,2020-07-15T10:00:00Z,High,0.25%,0.25%,0.25%,false,false
,Crude Oil Inventories,USD,2020-07-15T10:30:00Z,None,-1.3M,5.7M,-7.5M,false,false
,BOC Press Conference,CAD,2020-07-15T11:00:00Z,High,,,,false,false
,FOMC Member Harker Speaks,USD,2020-07-15T12:00:00Z,None,,,,false,false
,Beige Book,USD,2020-07-15T14:00:00Z,None,,,,false,false
,CPI q/q,NZD,2020-07-15T18:45:00Z,High,-0.5%,0.8%,-0.5%,false,false
,MI Inflation Expectations,AUD,2020-07-15T21:00:00Z,None,,3.3%,3.2%,false,false
,Employment Change,AUD,2020-07-15T21:30:00Z,High,106.0K,-264.1K,210.8K,false,false
,Unemployment Rate,AUD,2020-07-15T21:30:00Z,High,7.2%,7.1%,7.4%,false,false
,New Home Prices m/m,CNY,2020-07-15T21:30:00Z,None,,0.49%,0.58%,false,false
,GDP q/y,CNY,2020-07-15T22:00:00Z,High,2.2%,-6.8%,3.2%,false,false
,Fixed Asset Investment ytd/y,CNY,2020-07-15T22:00:00Z,None,-3.4%,-6.3%,-3.1%,false,false
,Industrial Production y/y,CNY,2020-07-15T22:00:00Z,None,4.8%,4.4%,4.8%,false,false
,NBS Press Conference,CNY,2020-07-15T22:00:00Z,None,,,,false,false
,Retail Sales y/y,CNY,2020-07-15T22:00:00Z,None,0.5%,-2.8%,-1.8%,false,false
,Unemployment Rate,CNY,2020-07-15T22:00:00Z,None,5.9%,5.9%,5.7%,false,false
,Claimant Count Change,GBP,2020-07-16T02:00:00Z,None,250.0K,566.4K,-28.1K,false,false
,Average Earnings Index 3m/y,GBP,2020-07-16T02:00:00Z,None,-0.4%,1.0%,-0.3%,false,false
,Unemployment Rate,GBP,2020-07-16T02:00:00Z,None,4.2%,3.9%,3.9%,false,false
,French Final CPI m/m,EUR,2020-07-16T02:45:00Z,None,-0.1%,-0.1%,0.1%,false,false
,Foreign Direct Investment ytd/y,CNY,2020-07-16T03:21:00Z,None,,-3.8%,-1.3%,false,false
,Italian Trade Balance,EUR,2020-07-16T04:02:00Z,None,5.50B,-1.13B,5.58B,false,false
,BOE Credit Conditions Survey,GBP,2020-07-16T04:30:00Z,None,,,,false,false
,Spanish 10-y Bond Auction,EUR,2020-07-16T04:58:00Z,None,,0.45|2.1,0.27|2.7,false,false
,Trade Balance,EUR,2020-07-16T05:00:00Z,None,5.0B,1.6B,8.0B,false,false
,MPC Member Haldane Speaks,GBP,2020-07-16T06:45:00Z,None,,,,false,false
,Main Refinancing Rate,EUR,2020-07-16T07:45:00Z,High,0.00%,0.00%,0.00%,false,false
,Monetary Policy Statement,EUR,2020-07-16T07:45:00Z,High,,,,false,false
,ADP Non-Farm Employment Change,CAD,2020-07-16T08:30:00Z,None,,-2951.4K,1042.9K,false,false
,Foreign Securities Purchases,CAD,2020-07-16T08:30:00Z,None,26.00B,49.03B,22.41B,false,false
,ECB Press Conference,EUR,2020-07-16T08:30:00Z,High,,,,false,false
,Core Retail Sales m/m,USD,2020-07-16T08:30:00Z,High,5.0%,12.1%,7.3%,false,false
,Retail Sales m/m,USD,2020-07-16T08:30:00Z,High,5.0%,18.2%,7.5%,false,false
,Philly Fed Manufacturing Index,USD,2020-07-16T08:30:00Z,None,20.0,27.5,24.1,false,false
,Unemployment Claims,USD,2020-07-16T08:30:00Z,None,1250K,1310K,1300K,false,false
,Business Inventories m/m,USD,2020-07-16T10:00:00Z,None,-2.3%,-1.4%,-2.3%,false,false
,NAHB Housing Market Index,USD,2020-07-16T10:00:00Z,None,60,58,72,false,false
,Natural Gas Storage,USD,2020-07-16T10:30:00Z,None,48B,56B,45B,false,false
,FOMC Member Williams Speaks,USD,2020-07-16T11:10:00Z,None,,,,false,false
,TIC Long-Term Purchases,USD,2020-07-16T16:00:00Z,None,120.0B,-130.8B,127.0B,false,false
,BusinessNZ Manufacturing Index,NZD,2020-07-16T18:30:00Z,None,,39.8,56.3,false,false
,EU Economic Summit,EUR,2020-07-17T00:00:00Z,None,,,,false,false
,Final Core CPI y/y,EUR,2020-07-17T05:00:00Z,None,0.8%,0.8%,0.8%,false,false
,Final CPI y/y,EUR,2020-07-17T05:00:00Z,None,0.3%,0.3%,0.3%,false,false
,BOE Gov Bailey Speaks,GBP,2020-07-17T06:00:00Z,None,,,,false,false
,Wholesale Sales m/m,CAD,2020-07-17T08:30:00Z,None,7.4%,-21.4%,5.7%,false,false
,Building Permits,USD,2020-07-17T08:30:00Z,None,1.30M,1.22M,1.24M,false,false
,Housing Starts,USD,2020-07-17T08:30:00Z,None,1.17M,1.01M,1.19M,false,false
,Prelim UoM Consumer Sentiment,USD,2020-07-17T10:00:00Z,None,79.0,78.1,73.2,false,false
,Prelim UoM Inflation Expectations,USD,2020-07-17T10:00:00Z,None,,3.0%,3.1%,false,false
,EU Economic Summit,EUR,2020-07-18T00:00:00Z,High,,,,false,false
,EU Economic Summit,EUR,2020-07-19T00:00:00Z,None,,,,false,false
,BusinessNZ Services Index,NZD,2020-07-19T18:30:00Z,None,,37.5,54.1,false,false
,Monetary Policy Meeting Minutes,JPY,2020-07-19T19:50:00Z,None,,,,false,false
,Trade Balance,JPY,2020-07-19T19:50:00Z,None,-0.33T,-0.59T,-0.42T,false,false
,1-y Loan Prime Rate,CNY,2020-07-19T21:30:00Z,None,3.85%,3.85%,3.85%,false,false
,5-y Loan Prime Rate,CNY,2020-07-19T21:30:00Z,None,4.65%,4.65%,4.65%,false,false
,EU Economic Summit,EUR,2020-07-20T00:00:00Z,None,,,,false,false
,German PPI m/m,EUR,2020-07-20T02:00:00Z,None,0.2%,-0.4%,0.0%,false,false
,Current Account,EUR,2020-07-20T04:00:00Z,None,15.2B,14.3B,8.0B,false,false
,MPC Member Haldane Speaks,GBP,2020-07-20T11:10:00Z,None,,,,false,false
,MPC Member Tenreyro Speaks,GBP,2020-07-20T11:10:00Z,None,,,,false,false
,National Core CPI y/y,JPY,2020-07-20T19:30:00Z,None,-0.1%,-0.2%,0.0%,false,false
,Monetary Policy Meeting Minutes,AUD,2020-07-20T21:30:00Z,None,,,,false,false
,RBA Gov Lowe Speaks,AUD,2020-07-20T23:00:00Z,High,,,,false,false
,Credit Card Spending y/y,NZD,2020-07-20T23:00:00Z,None,,-20.6%,-9.2%,false,false
,Public Sector Net Borrowing,GBP,2020-07-21T02:00:00Z,None,34.5B,44.7B,34.8B,false,false
,Trade Balance,CHF,2020-07-21T02:02:00Z,None,3.15B,2.71B,3.22B,false,false
,30-y Bond Auction,GBP,2020-07-21T06:30:00Z,None,,0.67|1.7,0.68|1.8,false,false
,Core Retail Sales m/m,CAD,2020-07-21T08:30:00Z,High,11.9%,-20.7%,10.6%,false,false
,Retail Sales m/m,CAD,2020-07-21T08:30:00Z,None,20.2%,-25.0%,18.7%,false,false
,NHPI m/m,CAD,2020-07-21T08:30:00Z,None,0.2%,0.1%,0.1%,false,false
,CB Leading Index m/m,CNY,2020-07-21T09:00:00Z,None,,0.3%,0.8%,false,false
,CB Leading Index m/m,AUD,2020-07-21T10:30:00Z,None,,0.9%,-0.4%,false,false
,GDT Price Index,NZD,2020-07-21T10:46:00Z,None,,8.3%,-0.7%,false,false
,API Weekly Statistical Bulletin,USD,2020-07-21T16:30:00Z,None,,,,false,false
,President Trump Speaks,USD,2020-07-21T17:00:00Z,High,,,,false,false
,MI Leading Index m/m,AUD,2020-07-21T20:30:00Z,None,,0.2%,0.4%,false,false
,Flash Manufacturing PMI,JPY,2020-07-21T20:30:00Z,None,42.0,40.1,42.6,false,false
,Retail Sales m/m,AUD,2020-07-21T21:30:00Z,None,2.0%,16.9%,2.4%,false,false
,Bank Holiday,JPY,2020-07-22T00:00:00Z,None,,,,true,false
,German 30-y Bond Auction,EUR,2020-07-22T05:37:00Z,None,,-0.13|2.5,-0.06|2.4,false,false
,CPI m/m,CAD,2020-07-22T08:30:00Z,None,0.4%,0.3%,0.8%,false,false
,Median CPI y/y,CAD,2020-07-22T08:30:00Z,None,1.8%,1.9%,1.9%,false,false
,Trimmed CPI y/y,CAD,2020-07-22T08:30:00Z,None,1.6%,1.6%,1.8%,false,false
,Common CPI y/y,CAD,2020-07-22T08:30:00Z,None,1.4%,1.4%,1.5%,false,false
,Core CPI m/m,CAD,2020-07-22T08:32:00Z,None,,-0.1%,0.4%,false,false
,HPI m/m,USD,2020-07-22T09:00:00Z,None,0.3%,0.1%,-0.3%,false,false
,ECB President Lagarde Speaks,EUR,2020-07-22T09:15:00Z,High,,,,false,false
,Existing Home Sales,USD,2020-07-22T10:00:00Z,None,4.77M,3.91M,4.72M,false,false
,Crude Oil Inventories,USD,2020-07-22T10:30:00Z,None,-2.1M,-7.5M,4.9M,false,false
,President Trump Speaks,USD,2020-07-22T17:30:00Z,None,,,,false,false
,NAB Quarterly Business Confidence,AUD,2020-07-22T21:30:00Z,None,,-12,-15,false,false
,Bank Holiday,JPY,2020-07-23T00:00:00Z,None,,,,true,false
,German GfK Consumer Climate,EUR,2020-07-23T02:00:00Z,None,-4.6,-9.4,-0.3,false,false
,CBI Industrial Order Expectations,GBP,2020-07-23T06:00:00Z,None,-37,-58,-46,false,false
,MPC Member Haskel Speaks,GBP,2020-07-23T07:00:00Z,None,,,,false,false
,Unemployment Claims,USD,2020-07-23T08:30:00Z,None,1300K,1307K,1416K,false,false
,Consumer Confidence,EUR,2020-07-23T09:47:00Z,None,-12,-15,-15,false,false
,CB Leading Index m/m,USD,2020-07-23T10:00:00Z,None,2.1%,3.2%,2.0%,false,false
,Natural Gas Storage,USD,2020-07-23T10:30:00Z,None,37B,45B,37B,false,false
,President Trump Speaks,USD,2020-07-23T17:00:00Z,None,,,,false,false
,Trade Balance,NZD,2020-07-23T18:45:00Z,None,450M,1286M,426M,false,false
,Flash Manufacturing PMI,AUD,2020-07-23T19:00:00Z,None,,51.2,53.4,false,false
,Flash Services PMI,AUD,2020-07-23T19:00:00Z,None,,53.1,58.5,false,false
,GfK Consumer Confidence,GBP,2020-07-23T19:01:00Z,None,-25,-27,-27,false,false
,Goods Trade Balance,AUD,2020-07-23T21:30:00Z,None,,7.31B,8.38B,false,false
,Retail Sales m/m,GBP,2020-07-24T02:00:00Z,None,8.3%,12.3%,13.9%,false,false
,French Flash Services PMI,EUR,2020-07-24T03:15:00Z,High,52.3,50.7,57.8,false,false
,French Flash Manufacturing PMI,EUR,2020-07-24T03:15:00Z,None,53.1,52.3,52.0,false,false
,German Flash Manufacturing PMI,EUR,2020-07-24T03:30:00Z,High,48.0,45.2,50.0,false,false
,German Flash Services PMI,EUR,2020-07-24T03:30:00Z,High,50.4,47.3,56.7,false,false
,Flash Manufacturing PMI,EUR,2020-07-24T04:00:00Z,None,50.0,47.4,51.1,false,false
,Flash Services PMI,EUR,2020-07-24T04:00:00Z,None,51.0,48.3,55.1,false,false
,Flash Manufacturing PMI,GBP,2020-07-24T04:30:00Z,None,52.0,50.1,53.6,false,false
,Flash Services PMI,GBP,2020-07-24T04:30:00Z,None,51.4,47.1,56.6,false,false
,Belgian NBB Business Climate,EUR,2020-07-24T08:55:00Z,None,-14.3,-22.9,-13.9,false,false
,Flash Manufacturing PMI,USD,2020-07-24T09:45:00Z,None,52.0,49.8,51.3,false,false
,Flash Services PMI,USD,2020-07-24T09:45:00Z,None,51.0,47.9,49.6,false,false
,New Home Sales,USD,2020-07-24T10:00:00Z,None,700K,682K,776K,false,false
,BOJ Summary of Opinions,JPY,2020-07-26T19:50:00Z,None,,,,false,false
,RBA Assist Gov Kent Speaks,AUD,2020-07-26T20:00:00Z,None,,,,false,false
,All Industries Activity m/m,JPY,2020-07-27T00:30:00Z,None,-3.5%,-7.6%,-3.5%,false,false
,BOJ Core CPI y/y,JPY,2020-07-27T01:00:00Z,None,0.1%,0.0%,0.1%,false,false
,German ifo Business Climate,EUR,2020-07-27T04:00:00Z,None,89.2,86.3,90.5,false,false
,M3 Money Supply y/y,EUR,2020-07-27T04:00:00Z,None,9.5%,8.9%,9.2%,false,false
,Private Loans y/y,EUR,2020-07-27T04:00:00Z,None,3.2%,3.0%,3.0%,false,false
,German Buba Monthly Report,EUR,2020-07-27T06:00:00Z,None,,,,false,false
,Core Durable Goods Orders m/m,USD,2020-07-27T08:30:00Z,None,3.5%,3.7%,3.3%,false,false
,Durable Goods Orders m/m,USD,2020-07-27T08:30:00Z,None,7.0%,15.7%,7.3%,false,false
,SPPI y/y,JPY,2020-07-27T19:50:00Z,None,0.8%,0.5%,0.8%,false,false
,Spanish Unemployment Rate,EUR,2020-07-28T03:00:00Z,None,16.6%,14.4%,15.3%,false,false
,CBI Realized Sales,GBP,2020-07-28T06:00:00Z,None,-27,-37,4,false,false
,S&P/CS Composite-20 HPI y/y,USD,2020-07-28T09:00:00Z,None,4.1%,3.9%,3.7%,false,false
,Fed Announcement,USD,2020-07-28T09:30:00Z,High,,,,false,false
,Richmond Manufacturing Index,USD,2020-07-28T09:59:00Z,None,5,0,10,false,false
,CB Consumer Confidence,USD,2020-07-28T10:00:00Z,None,94.0,98.3,92.6,false,false
,API Weekly Statistical Bulletin,USD,2020-07-28T16:30:00Z,None,,,,false,false
,BRC Shop Price Index y/y,GBP,2020-07-28T19:01:00Z,None,,-1.6%,-1.3%,false,false
,CPI m/m,AUD,2020-07-28T21:30:00Z,High,-2.0%,0.3%,-1.9%,false,false
,Trimmed Mean CPI m/m,AUD,2020-07-28T21:30:00Z,High,0.1%,0.5%,-0.1%,false,false
,German Import Prices m/m,EUR,2020-07-29T02:00:00Z,None,0.5%,0.3%,0.6%,false,false
,UBS Economic Expectations,CHF,2020-07-29T04:00:00Z,None,,48.7,42.4,false,false
,M4 Money Supply m/m,GBP,2020-07-29T04:30:00Z,None,2.2%,2.1%,1.0%,false,false
,Mortgage Approvals,GBP,2020-07-29T04:30:00Z,None,35K,9K,40K,false,false
,Net Lending to Individuals m/m,GBP,2020-07-29T04:30:00Z,None,-0.4B,-3.3B,1.8B,false,false
,Goods Trade Balance,USD,2020-07-29T08:30:00Z,None,-75.5B,-75.3B,-70.6B,false,false
,Prelim Wholesale Inventories m/m,USD,2020-07-29T08:30:00Z,None,-0.4%,-1.2%,-2.0%,false,false
,Pending Home Sales m/m,USD,2020-07-29T10:00:00Z,High,15.6%,44.3%,16.6%,false,false
,Crude Oil Inventories,USD,2020-07-29T10:30:00Z,None,1.0M,4.9M,-10.6M,false,false
,FOMC Statement,USD,2020-07-29T14:00:00Z,High,,,,false,false
,Federal Funds Rate,USD,2020-07-29T14:00:00Z,None,<0.25%,<0.25%,<0.25%,false,false
,FOMC Press Conference,USD,2020-07-29T14:30:00Z,High,,,,false,false
,Building Consents m/m,NZD,2020-07-29T18:45:00Z,None,,41.7%,0.5%,false,false
,Retail Sales y/y,JPY,2020-07-29T19:50:00Z,None,-6.0%,-12.5%,-1.2%,false,false
,ANZ Business Confidence,NZD,2020-07-29T21:00:00Z,None,,-29.8,-31.8,false,false
,Building Approvals m/m,AUD,2020-07-29T21:30:00Z,None,-2.0%,-15.8%,-4.9%,false,false
,Import Prices q/q,AUD,2020-07-29T21:30:00Z,None,-2.5%,-1.0%,-1.9%,false,false
,German Prelim CPI m/m,EUR,2020-07-30T00:00:00Z,None,-0.2%,0.6%,-0.5%,true,false
,KOF Economic Barometer,CHF,2020-07-30T03:00:00Z,None,72.5,60.6,85.7,false,false
,Spanish Flash CPI y/y,EUR,2020-07-30T03:00:00Z,None,-0.3%,-0.3%,-0.6%,false,false
,German Unemployment Change,EUR,2020-07-30T03:55:00Z,None,42K,68K,-18K,false,false
,Italian Monthly Unemployment Rate,EUR,2020-07-30T04:00:00Z,None,8.5%,8.3%,8.8%,false,false
,German Prelim GDP q/q,EUR,2020-07-30T04:00:00Z,High,-9.0%,-2.0%,-10.1%,false,false
,ECB Economic Bulletin,EUR,2020-07-30T04:00:00Z,None,,,,false,false
,Unemployment Rate,EUR,2020-07-30T05:00:00Z,None,7.7%,7.7%,7.8%,false,false
,Italian 10-y Bond Auction,EUR,2020-07-30T05:17:00Z,None,,1.20|2.1,1.04|1.4,false,false
,Unemployment Claims,USD,2020-07-30T08:30:00Z,None,1440K,1422K,1434K,false,false
,Advance GDP Price Index q/q,USD,2020-07-30T08:30:00Z,None,0.0%,1.4%,-1.8%,false,false
,Advance GDP q/q,USD,2020-07-30T08:30:00Z,High,-34.5%,-5.0%,-32.9%,false,false
,Natural Gas Storage,USD,2020-07-30T10:30:00Z,None,25B,37B,26B,false,false
,Unemployment Rate,JPY,2020-07-30T19:30:00Z,None,3.0%,2.9%,2.8%,false,false
,Prelim Industrial Production m/m,JPY,2020-07-30T19:50:00Z,None,0.9%,-8.9%,2.7%,false,false
,Non-Manufacturing PMI,CNY,2020-07-30T21:00:00Z,None,54.5,54.4,54.2,false,false
,Manufacturing PMI,CNY,2020-07-30T21:00:00Z,High,50.8,50.9,51.1,false,false
,PPI q/q,AUD,2020-07-30T21:30:00Z,None,-0.8%,0.2%,-1.2%,false,false
,Private Sector Credit m/m,AUD,2020-07-30T21:30:00Z,None,-0.1%,-0.1%,-0.2%,false,false
,Consumer Confidence,JPY,2020-07-31T01:00:00Z,None,29.5,28.4,29.5,false,false
,Housing Starts y/y,JPY,2020-07-31T01:02:00Z,None,-12.6%,-12.3%,-12.8%,false,false
,French Flash GDP q/q,EUR,2020-07-31T01:30:00Z,None,-15.2%,-5.3%,-13.8%,false,false
,Nationwide HPI m/m,GBP,2020-07-31T01:58:00Z,None,-0.2%,-1.6%,1.7%,false,false
,German Retail Sales m/m,EUR,2020-07-31T02:00:00Z,None,-3.0%,12.7%,-1.6%,false,false
,Retail Sales y/y,CHF,2020-07-31T02:30:00Z,None,0.9%,6.2%,1.1%,false,false
,French Consumer Spending m/m,EUR,2020-07-31T02:45:00Z,None,6.9%,37.4%,9.0%,false,false
,French Prelim CPI m/m,EUR,2020-07-31T02:45:00Z,None,-0.1%,0.1%,0.4%,false,false
,Spanish Flash GDP q/q,EUR,2020-07-31T03:00:00Z,None,-16.0%,-5.2%,-18.5%,false,false
,Italian Prelim GDP q/q,EUR,2020-07-31T04:00:00Z,None,-15.0%,-5.3%,-12.4%,false,false
,Italian Prelim CPI m/m,EUR,2020-07-31T05:00:00Z,None,0.1%,0.1%,-0.1%,false,false
,CPI Flash Estimate y/y,EUR,2020-07-31T05:00:00Z,None,0.3%,0.3%,0.4%,false,false
,Core CPI Flash Estimate y/y,EUR,2020-07-31T05:00:00Z,None,0.8%,0.8%,1.2%,false,false
,Prelim Flash GDP q/q,EUR,2020-07-31T05:00:00Z,None,-12.0%,-3.6%,-12.1%,false,false
,Italian Retail Sales m/m,EUR,2020-07-31T06:00:00Z,None,9.8%,24.3%,12.1%,false,false
,Building Permits m/m,CAD,2020-07-31T08:30:00Z,None,8.2%,21.6%,6.2%,false,false
,GDP m/m,CAD,2020-07-31T08:30:00Z,High,3.5%,-11.7%,4.5%,false,false
,IPPI m/m,CAD,2020-07-31T08:30:00Z,None,0.8%,1.2%,0.4%,false,false
,RMPI m/m,CAD,2020-07-31T08:30:00Z,None,7.0%,16.4%,7.5%,false,false
,Core PCE Price Index m/m,USD,2020-07-31T08:30:00Z,None,0.2%,0.2%,0.2%,false,false
,Personal Spending m/m,USD,2020-07-31T08:30:00Z,None,5.3%,8.5%,5.6%,false,false
,Employment Cost Index q/q,USD,2020-07-31T08:30:00Z,None,0.6%,0.8%,0.5%,false,false
,Personal Income m/m,USD,2020-07-31T08:30:00Z,None,-0.8%,-4.4%,-1.1%,false,false
,Chicago PMI,USD,2020-07-31T09:45:00Z,None,44.0,36.6,51.9,false,false
,Revised UoM Consumer Sentiment,USD,2020-07-31T10:00:00Z,None,72.9,73.2,72.5,false,false
,Revised UoM Inflation Expectations,USD,2020-07-31T10:00:00Z,None,,3.1%,3.0%,false,false
,AIG Manufacturing Index,AUD,2020-08-02T18:30:00Z,None,,51.5,53.5,false,false
,Final Manufacturing PMI,JPY,2020-08-02T20:30:00Z,None,42.6,42.6,45.2,false,false
,MI Inflation Gauge m/m,AUD,2020-08-02T21:00:00Z,None,,0.6%,0.9%,false,false
,ANZ Job Advertisements m/m,AUD,2020-08-02T21:30:00Z,None,,41.4%,16.7%,false,false
,RatingDog Manufacturing PMI,CNY,2020-08-02T21:45:00Z,None,51.1,51.2,52.8,false,false
,Bank Holiday,CAD,2020-08-03T00:00:00Z,None,,,,true,false
,Omdia Total Vehicle Sales,USD,2020-08-03T00:00:00Z,None,14.0M,13.1M,14.5M,true,false
,CPI m/m,CHF,2020-08-03T02:30:00Z,None,-0.4%,0.0%,-0.2%,false,false
,Spanish Manufacturing PMI,EUR,2020-08-03T03:15:00Z,None,52.6,49.0,53.5,false,false
,Manufacturing PMI,CHF,2020-08-03T03:30:00Z,None,50.0,41.9,49.2,false,false
,Italian Manufacturing PMI,EUR,2020-08-03T03:45:00Z,None,51.3,47.5,51.9,false,false
,French Final Manufacturing PMI,EUR,2020-08-03T03:50:00Z,None,52.0,52.0,52.4,false,false
,German Final Manufacturing PMI,EUR,2020-08-03T03:55:00Z,None,50.0,50.0,51.0,false,false
,Final Manufacturing PMI,EUR,2020-08-03T04:00:00Z,None,51.1,51.1,51.8,false,false
,Final Manufacturing PMI,GBP,2020-08-03T04:30:00Z,None,53.6,53.6,53.3,false,false
,Final Manufacturing PMI,USD,2020-08-03T09:45:00Z,None,51.3,51.3,50.9,false,false
,ISM Manufacturing Prices,USD,2020-08-03T10:00:00Z,None,52.2,51.3,53.2,false,false
,Construction Spending m/m,USD,2020-08-03T10:00:00Z,None,1.0%,-1.7%,-0.7%,false,false
,ISM Manufacturing PMI,USD,2020-08-03T10:00:00Z,High,53.6,52.6,54.2,false,false
,Loan Officer Survey,USD,2020-08-03T14:00:00Z,None,,,,false,false
,Tokyo Core CPI y/y,JPY,2020-08-03T19:30:00Z,None,0.2%,0.2%,0.4%,false,false
,Monetary Base y/y,JPY,2020-08-03T19:50:00Z,None,7.1%,6.0%,9.8%,false,false
,Goods Trade Balance,AUD,2020-08-03T21:30:00Z,None,8.80B,7.34B,8.20B,false,false
,10-y Bond Auction,JPY,2020-08-03T23:35:00Z,None,,0.06|3.7,0.02|3.6,false,false
,RBA Rate Statement,AUD,2020-08-04T00:30:00Z,High,,,,false,false
,Cash Rate,AUD,2020-08-04T00:30:00Z,High,0.25%,0.25%,0.25%,false,false
,SECO Consumer Climate,CHF,2020-08-04T01:45:00Z,None,-23,-39,-12,false,false
,Commodity Prices y/y,AUD,2020-08-04T02:30:00Z,None,,-10.6%,-12.0%,false,false
,French Gov Budget Balance,EUR,2020-08-04T02:45:00Z,None,,-117.9B,-124.9B,false,false
,Spanish Unemployment Change,EUR,2020-08-04T03:00:00Z,None,19.5K,5.1K,-89.8K,false,false
,PPI m/m,EUR,2020-08-04T05:00:00Z,None,0.6%,-0.6%,0.7%,false,false
,Manufacturing PMI,CAD,2020-08-04T09:30:00Z,None,,47.8,52.9,false,false
,RCM/TIPP Economic Optimism,USD,2020-08-04T09:59:00Z,None,45.3,44.0,46.8,false,false
,Factory Orders m/m,USD,2020-08-04T10:00:00Z,None,5.1%,7.7%,6.2%,false,false
,GDT Price Index,NZD,2020-08-04T10:54:00Z,None,,-0.7%,-5.1%,false,false
,API Weekly Statistical Bulletin,USD,2020-08-04T16:30:00Z,None,,,,false,false
,AIG Construction Index,AUD,2020-08-04T18:30:00Z,None,,35.5,42.7,false,false
,Employment Change q/q,NZD,2020-08-04T18:45:00Z,High,-2.0%,1.0%,-0.4%,false,false
,Unemployment Rate,NZD,2020-08-04T18:45:00Z,High,5.6%,4.2%,4.0%,false,false
,Labor Cost Index q/q,NZD,2020-08-04T18:45:00Z,None,0.4%,0.3%,0.2%,false,false
,ANZ Commodity Prices m/m,NZD,2020-08-04T21:00:00Z,None,,-0.8%,2.3%,false,false
,RatingDog Services PMI,CNY,2020-08-04T21:45:00Z,None,58.0,58.4,54.1,false,false
,Spanish Services PMI,EUR,2020-08-05T03:15:00Z,None,52.3,50.2,51.9,false,false
,Italian Services PMI,EUR,2020-08-05T03:45:00Z,None,51.2,46.4,51.6,false,false
,French Final Services PMI,EUR,2020-08-05T03:50:00Z,None,57.8,57.8,57.3,false,false
,German Final Services PMI,EUR,2020-08-05T03:55:00Z,None,56.7,56.7,55.6,false,false
,Final Services PMI,EUR,2020-08-05T04:00:00Z,None,55.1,55.1,54.7,false,false
,Final Services PMI,GBP,2020-08-05T04:30:00Z,None,56.6,56.6,56.5,false,false
,Retail Sales m/m,EUR,2020-08-05T05:00:00Z,None,6.5%,20.3%,5.7%,false,false
,10-y Bond Auction,GBP,2020-08-05T05:06:00Z,None,,0.20|2.5,0.14|2.4,false,false
,BOJ Gov Kuroda Speaks,JPY,2020-08-05T08:00:00Z,None,,,,false,false
,ADP Non-Farm Employment Change,USD,2020-08-05T08:15:00Z,None,1200K,4314K,167K,false,false
,Trade Balance,CAD,2020-08-05T08:30:00Z,None,-0.6B,-1.3B,-3.2B,false,false
,Trade Balance,USD,2020-08-05T08:30:00Z,None,-50.3B,-54.8B,-50.7B,false,false
,Final Services PMI,USD,2020-08-05T09:45:00Z,None,49.6,49.6,50.0,false,false
,ISM Services PMI,USD,2020-08-05T10:00:00Z,High,55.0,57.1,58.1,false,false
,Crude Oil Inventories,USD,2020-08-05T10:30:00Z,None,-3.4M,-10.6M,-7.4M,false,false
,FOMC Member Mester Speaks,USD,2020-08-05T17:00:00Z,None,,,,false,false
,Inflation Expectations q/q,NZD,2020-08-05T23:00:00Z,High,,1.24%,1.43%,false,false
,Asset Purchase Facility,GBP,2020-08-06T02:00:00Z,None,745B,745B,745B,false,false
,MPC Asset Purchase Facility Votes,GBP,2020-08-06T02:00:00Z,None,0-0-9,8-0-1,0-0-9,false,false
,FPC Statement,GBP,2020-08-06T02:00:00Z,None,,,,false,false
,BOE Monetary Policy Report,GBP,2020-08-06T02:00:00Z,High,,,,false,false
,FPC Meeting Minutes,GBP,2020-08-06T02:00:00Z,None,,,,false,false
,BOE Financial Stability Report,GBP,2020-08-06T02:00:00Z,None,,,,false,false
,German Factory Orders m/m,EUR,2020-08-06T02:00:00Z,None,10.3%,10.4%,27.9%,false,false
,Official Bank Rate,GBP,2020-08-06T02:00:00Z,High,0.10%,0.10%,0.10%,false,false
,MPC Official Bank Rate Votes,GBP,2020-08-06T02:00:00Z,High,0-0-9,0-0-9,0-0-9,false,false
,Monetary Policy Summary,GBP,2020-08-06T02:00:00Z,High,,,,false,false
,Italian Industrial Production m/m,EUR,2020-08-06T04:00:00Z,None,5.6%,41.6%,8.2%,false,false
,Construction PMI,GBP,2020-08-06T04:30:00Z,None,57.0,55.3,58.1,false,false
,Spanish 10-y Bond Auction,EUR,2020-08-06T04:56:00Z,None,,0.27|2.7,0.26|3.0,false,false
,BOE Gov Bailey Speaks,GBP,2020-08-06T05:00:00Z,High,,,,false,false
,French 10-y Bond Auction,EUR,2020-08-06T05:01:00Z,None,,-0.09|2.7,-0.27|2.1,false,false
,Challenger Job Cuts y/y,USD,2020-08-06T07:30:00Z,None,,305.5%,576.1%,false,false
,Unemployment Claims,USD,2020-08-06T08:30:00Z,None,1410K,1435K,1186K,false,false
,FOMC Member Kaplan Speaks,USD,2020-08-06T10:00:00Z,None,,,,false,false
,Natural Gas Storage,USD,2020-08-06T10:30:00Z,None,31B,26B,33B,false,false
,AIG Services Index,AUD,2020-08-06T18:30:00Z,None,,31.5,44.0,false,false
,Average Cash Earnings y/y,JPY,2020-08-06T19:30:00Z,None,-3.0%,-2.3%,-1.7%,false,false
,Household Spending y/y,JPY,2020-08-06T19:30:00Z,None,-7.8%,-16.2%,-1.2%,false,false
,RBA Monetary Policy Statement,AUD,2020-08-06T21:30:00Z,High,,,,false,false
,RBA Assist Gov Ellis Speaks,AUD,2020-08-06T21:45:00Z,None,,,,false,false
,Trade Balance,CNY,2020-08-06T23:03:00Z,None,291B,329B,442B,false,false
,USD-Denominated Trade Balance,CNY,2020-08-06T23:14:00Z,None,42.5B,46.4B,62.3B,false,false
,Leading Indicators,JPY,2020-08-07T01:00:00Z,None,84.8%,78.4%,85.0%,false,false
,German Trade Balance,EUR,2020-08-07T02:00:00Z,None,10.3B,7.5B,14.5B,false,false
,German Industrial Production m/m,EUR,2020-08-07T02:00:00Z,None,8.3%,7.4%,8.9%,false,false
,French Trade Balance,EUR,2020-08-07T02:45:00Z,None,-7.1B,-7.5B,-8.0B,false,false
,French Prelim Private Payrolls q/q,EUR,2020-08-07T02:45:00Z,None,-1.0%,-2.5%,-0.6%,false,false
,French Industrial Production m/m,EUR,2020-08-07T02:45:00Z,None,8.6%,19.9%,12.7%,false,false
,Foreign Currency Reserves,CHF,2020-08-07T03:00:00Z,None,,851B,846B,false,false
,Lloyds HPI m/m,GBP,2020-08-07T03:30:00Z,None,0.2%,0.0%,1.6%,false,false
,Italian Trade Balance,EUR,2020-08-07T04:00:00Z,None,6.50B,5.58B,6.23B,false,false
,Non-Farm Employment Change,USD,2020-08-07T08:30:00Z,High,1530K,4791K,1763K,false,false
,Average Hourly Earnings m/m,USD,2020-08-07T08:30:00Z,High,-0.5%,-1.3%,0.2%,false,false
,Unemployment Rate,USD,2020-08-07T08:30:00Z,High,10.5%,11.1%,10.2%,false,false
,Employment Change,CAD,2020-08-07T08:30:00Z,High,395.0K,952.9K,418.5K,false,false
,Unemployment Rate,CAD,2020-08-07T08:30:00Z,High,11.1%,12.3%,10.9%,false,false
,Ivey PMI,CAD,2020-08-07T10:00:00Z,None,57.5,58.2,68.5,false,false
,Final Wholesale Inventories m/m,USD,2020-08-07T10:00:00Z,None,-2.0%,-2.0%,-1.4%,false,false
,Consumer Credit m/m,USD,2020-08-07T15:00:00Z,None,10.0B,-14.4B,8.9B,false,false
,Bank Holiday,JPY,2020-08-09T00:00:00Z,None,,,,true,false
,Prelim ANZ Business Confidence,NZD,2020-08-09T21:00:00Z,None,,-31.8,-42.4,false,false
,PPI y/y,CNY,2020-08-09T21:30:00Z,None,-2.5%,-3.0%,-2.4%,false,false
,CPI y/y,CNY,2020-08-09T21:30:00Z,None,2.6%,2.5%,2.7%,false,false
,Unemployment Rate,CHF,2020-08-10T01:45:00Z,None,3.4%,3.3%,3.3%,false,false
,Sentix Investor Confidence,EUR,2020-08-10T04:30:00Z,None,-16.0,-18.2,-13.4,false,false
,JOLTS Job Openings,USD,2020-08-10T10:00:00Z,None,5.30M,5.37M,5.89M,false,false
,BRC Retail Sales Monitor y/y,GBP,2020-08-10T19:01:00Z,None,2.5%,10.9%,4.3%,false,false
,Bank Lending y/y,JPY,2020-08-10T19:50:00Z,None,6.2%,6.2%,6.3%,false,false
,Current Account,JPY,2020-08-10T19:50:00Z,None,1.00T,0.82T,1.05T,false,false
,NAB Business Confidence,AUD,2020-08-10T21:30:00Z,None,,1,-14,false,false
,Economy Watchers Sentiment,JPY,2020-08-11T01:05:00Z,None,40.0,38.8,41.1,false,false
,Claimant Count Change,GBP,2020-08-11T02:00:00Z,None,9.7K,-68.5K,94.4K,false,false
,Unemployment Rate,GBP,2020-08-11T02:00:00Z,None,4.2%,3.9%,3.9%,false,false
,Average Earnings Index 3m/y,GBP,2020-08-11T02:02:00Z,None,-1.2%,-0.3%,-1.2%,false,false
,M2 Money Supply y/y,CNY,2020-08-11T04:32:00Z,None,11.1%,11.1%,10.7%,false,false
,New Loans,CNY,2020-08-11T04:32:00Z,None,1200B,1810B,993B,false,false
,ZEW Economic Sentiment,EUR,2020-08-11T05:00:00Z,None,55.3,59.6,64.0,false,false
,German ZEW Economic Sentiment,EUR,2020-08-11T05:00:00Z,None,57.0,59.3,71.5,false,false
,NFIB Small Business Index,USD,2020-08-11T06:00:00Z,None,100.7,100.6,98.8,false,false
,Housing Starts,CAD,2020-08-11T08:15:00Z,None,208K,212K,246K,false,false
,Core PPI m/m,USD,2020-08-11T08:30:00Z,None,0.1%,-0.3%,0.5%,false,false
,PPI m/m,USD,2020-08-11T08:30:00Z,None,0.3%,-0.2%,0.6%,false,false
,CB Leading Index m/m,GBP,2020-08-11T09:30:00Z,None,,-3.8%,-2.4%,false,false
,API Weekly Statistical Bulletin,USD,2020-08-11T16:30:00Z,None,,,,false,false
,Visitor Arrivals m/m,NZD,2020-08-11T18:45:00Z,None,,82.8%,65.6%,false,false
,M2 Money Stock y/y,JPY,2020-08-11T19:50:00Z,None,8.5%,7.3%,7.9%,false,false
,Westpac Consumer Sentiment,AUD,2020-08-11T20:30:00Z,None,,-6.1%,-9.5%,false,false
,Wage Price Index q/q,AUD,2020-08-11T21:30:00Z,None,0.3%,0.5%,0.2%,false,false
,Official Cash Rate,NZD,2020-08-11T22:00:00Z,High,0.25%,0.25%,0.25%,false,false
,RBNZ Monetary Policy Statement,NZD,2020-08-11T22:00:00Z,High,,,,false,false
,RBNZ Rate Statement,NZD,2020-08-11T22:00:00Z,High,,,,false,false
,RBNZ Press Conference,NZD,2020-08-11T23:00:00Z,High,,,,false,false
,Prelim Machine Tool Orders y/y,JPY,2020-08-12T01:59:00Z,None,,-32.1%,-31.1%,false,false
,GDP m/m,GBP,2020-08-12T02:00:00Z,None,8.1%,2.4%,8.7%,false,false
,Prelim GDP q/q,GBP,2020-08-12T02:00:00Z,None,-20.5%,-2.2%,-20.4%,false,false
,Industrial Production m/m,GBP,2020-08-12T02:00:00Z,None,9.2%,6.2%,9.3%,false,false
,Manufacturing Production m/m,GBP,2020-08-12T02:00:00Z,None,10.0%,8.3%,11.0%,false,false
,Prelim Business Investment q/q,GBP,2020-08-12T02:00:00Z,None,-30.0%,-0.3%,-31.4%,false,false
,Construction Output m/m,GBP,2020-08-12T02:02:00Z,None,15.1%,7.6%,23.5%,false,false
,Index of Services 3m/3m,GBP,2020-08-12T02:02:00Z,None,-20.5%,-18.5%,-19.9%,false,false
,Goods Trade Balance,GBP,2020-08-12T02:04:00Z,None,-4.5B,-1.8B,-5.1B,false,false
,Industrial Production m/m,EUR,2020-08-12T05:00:00Z,None,10.1%,12.3%,9.1%,false,false
,German 10-y Bond Auction,EUR,2020-08-12T05:43:00Z,None,,-0.46|1.8,-0.46|2.5,false,false
,Core CPI m/m,USD,2020-08-12T08:30:00Z,High,0.2%,0.2%,0.6%,false,false
,Core CPI y/y,USD,2020-08-12T08:30:00Z,High,1.1%,1.2%,1.6%,false,false
,CPI m/m,USD,2020-08-12T08:30:00Z,High,0.3%,0.6%,0.6%,false,false
,CPI y/y,USD,2020-08-12T08:30:00Z,High,0.7%,0.6%,1.0%,false,false
,NIESR GDP Estimate,GBP,2020-08-12T09:03:00Z,None,,-20.4%,-7.9%,false,false
,Crude Oil Inventories,USD,2020-08-12T10:30:00Z,None,-3.4M,-7.4M,-4.5M,false,false
,FOMC Member Kaplan Speaks,USD,2020-08-12T11:00:00Z,None,,,,false,false
,10-y Bond Auction,USD,2020-08-12T13:01:00Z,None,,0.65|2.6,0.68|2.4,false,false
,Federal Budget Balance,USD,2020-08-12T14:00:00Z,None,-138.3B,-864.1B,-63.0B,false,false
,FPI m/m,NZD,2020-08-12T18:45:00Z,None,,0.5%,1.2%,false,false
,RICS House Price Balance,GBP,2020-08-12T19:01:00Z,None,-5%,-13%,12%,false,false
,PPI y/y,JPY,2020-08-12T19:50:00Z,None,-1.1%,-1.6%,-0.9%,false,false
,MI Inflation Expectations,AUD,2020-08-12T21:00:00Z,None,,3.2%,3.3%,false,false
,Employment Change,AUD,2020-08-12T21:30:00Z,High,30.0K,228.4K,114.7K,false,false
,Unemployment Rate,AUD,2020-08-12T21:30:00Z,High,7.8%,7.4%,7.5%,false,false
,German Final CPI m/m,EUR,2020-08-13T02:00:00Z,None,-0.5%,-0.5%,-0.5%,false,false
,German WPI m/m,EUR,2020-08-13T02:00:00Z,None,0.4%,0.6%,0.5%,false,false
,Foreign Direct Investment ytd/y,CNY,2020-08-13T05:08:00Z,None,,-1.3%,0.5%,false,false
,Unemployment Claims,USD,2020-08-13T08:30:00Z,None,1120K,1191K,963K,false,false
,Import Prices m/m,USD,2020-08-13T08:30:00Z,None,0.6%,1.4%,0.7%,false,false
,Natural Gas Storage,USD,2020-08-13T10:30:00Z,None,51B,33B,58B,false,false
,30-y Bond Auction,USD,2020-08-13T13:01:00Z,None,,1.33|2.5,1.41|2.1,false,false
,BusinessNZ Manufacturing Index,NZD,2020-08-13T18:30:00Z,None,,56.2,58.8,false,false
,RBA Gov Lowe Speaks,AUD,2020-08-13T19:30:00Z,High,,,,false,false
,New Home Prices m/m,CNY,2020-08-13T21:30:00Z,None,,0.58%,0.47%,false,false
,Fixed Asset Investment ytd/y,CNY,2020-08-13T22:00:00Z,None,-1.6%,-3.1%,-1.6%,false,false
,Industrial Production y/y,CNY,2020-08-13T22:00:00Z,None,5.1%,4.8%,4.8%,false,false
,Retail Sales y/y,CNY,2020-08-13T22:00:00Z,None,0.1%,-1.8%,-1.1%,false,false
,Unemployment Rate,CNY,2020-08-13T22:00:00Z,None,5.7%,5.7%,5.7%,false,false
,Tertiary Industry Activity m/m,JPY,2020-08-14T00:30:00Z,None,6.4%,-2.9%,7.9%,false,false
,PPI m/m,CHF,2020-08-14T02:30:00Z,None,0.3%,0.5%,0.1%,false,false
,French Final CPI m/m,EUR,2020-08-14T02:45:00Z,None,0.4%,0.4%,0.4%,false,false
,Flash Employment Change q/q,EUR,2020-08-14T05:00:00Z,None,-2.2%,-0.2%,-2.8%,false,false
,Flash GDP q/q,EUR,2020-08-14T05:00:00Z,None,-12.1%,-12.1%,-12.1%,false,false
,Trade Balance,EUR,2020-08-14T05:00:00Z,None,18.0B,8.6B,17.1B,false,false
,Manufacturing Sales m/m,CAD,2020-08-14T08:30:00Z,None,16.4%,11.6%,20.7%,false,false
,Core Retail Sales m/m,USD,2020-08-14T08:30:00Z,High,1.3%,8.3%,1.9%,false,false
,Retail Sales m/m,USD,2020-08-14T08:30:00Z,High,2.0%,8.4%,1.2%,false,false
,Prelim Nonfarm Productivity q/q,USD,2020-08-14T08:30:00Z,None,1.5%,-0.9%,7.3%,false,false
,Prelim Unit Labor Costs q/q,USD,2020-08-14T08:30:00Z,None,6.5%,5.1%,12.2%,false,false
,Capacity Utilization Rate,USD,2020-08-14T09:15:00Z,None,70.3%,68.5%,70.6%,false,false
,Industrial Production m/m,USD,2020-08-14T09:15:00Z,None,3.1%,5.7%,3.0%,false,false
,Prelim UoM Consumer Sentiment,USD,2020-08-14T10:00:00Z,None,72.0,72.5,72.8,false,false
,Business Inventories m/m,USD,2020-08-14T10:00:00Z,None,-1.1%,-2.3%,-1.1%,false,false
,Prelim UoM Inflation Expectations,USD,2020-08-14T10:00:00Z,None,,3.0%,3.0%,false,false
,BusinessNZ Services Index,NZD,2020-08-16T18:30:00Z,None,,54.3,54.3,false,false
,Rightmove HPI m/m,GBP,2020-08-16T19:01:00Z,None,,-0.2%,-0.2%,false,false
,Prelim GDP Price Index y/y,JPY,2020-08-16T19:50:00Z,None,1.9%,0.9%,1.5%,false,false
,Prelim GDP q/q,JPY,2020-08-16T19:50:00Z,None,-7.5%,-0.6%,-7.8%,false,false
,G7 Meetings,All,2020-08-17T00:00:00Z,None,,,,true,false
,Revised Industrial Production m/m,JPY,2020-08-17T00:30:00Z,None,2.7%,2.7%,1.9%,false,false
,German Buba Monthly Report,EUR,2020-08-17T06:00:00Z,None,,,,false,false
,Foreign Securities Purchases,CAD,2020-08-17T08:30:00Z,None,20.00B,22.39B,-13.52B,false,false
,Empire State Manufacturing Index,USD,2020-08-17T08:30:00Z,None,14.6,17.2,3.7,false,false
,Mortgage Delinquencies,USD,2020-08-17T10:00:00Z,None,,4.36%,8.22%,false,false
,NAHB Housing Market Index,USD,2020-08-17T10:00:00Z,None,74,72,78,false,false
,TIC Long-Term Purchases,USD,2020-08-17T16:00:00Z,None,108.0B,118.1B,113.0B,false,false
,Monetary Policy Meeting Minutes,AUD,2020-08-17T21:30:00Z,High,,,,false,false
,30-y Bond Auction,JPY,2020-08-17T23:35:00Z,None,,0.61|3.9,0.62|3.4,false,false
,30-y Bond Auction,GBP,2020-08-18T06:33:00Z,None,,0.68|1.8,0.78|2.1,false,false
,Building Permits,USD,2020-08-18T08:30:00Z,None,1.33M,1.26M,1.50M,false,false
,Housing Starts,USD,2020-08-18T08:30:00Z,None,1.23M,1.22M,1.50M,false,false
,CB Leading Index m/m,AUD,2020-08-18T10:30:00Z,None,,-0.1%,0.4%,false,false
,GDT Price Index,NZD,2020-08-18T10:41:00Z,None,,-5.1%,-1.7%,false,false
,API Weekly Statistical Bulletin,USD,2020-08-18T16:30:00Z,None,,,,false,false
,PPI Input q/q,NZD,2020-08-18T18:45:00Z,None,-0.8%,-0.3%,-1.0%,false,false
,PPI Output q/q,NZD,2020-08-18T18:45:00Z,None,-0.1%,0.1%,-0.3%,false,false
,Core Machinery Orders m/m,JPY,2020-08-18T19:50:00Z,None,2.1%,1.7%,-7.6%,false,false
,Trade Balance,JPY,2020-08-18T19:50:00Z,None,-0.44T,-0.41T,-0.03T,false,false
,MI Leading Index m/m,AUD,2020-08-18T20:30:00Z,None,,0.5%,0.1%,false,false
,OPEC-JMMC Meetings,All,2020-08-19T00:00:00Z,High,,,,true,false
,Core CPI y/y,GBP,2020-08-19T02:00:00Z,None,1.3%,1.4%,1.8%,false,false
,CPI y/y,GBP,2020-08-19T02:00:00Z,None,0.6%,0.6%,1.0%,false,false
,PPI Input m/m,GBP,2020-08-19T02:00:00Z,None,1.1%,3.0%,1.8%,false,false
,PPI Output m/m,GBP,2020-08-19T02:00:00Z,None,0.2%,0.3%,0.3%,false,false
,RPI y/y,GBP,2020-08-19T02:00:00Z,None,1.2%,1.1%,1.6%,false,false
,Current Account,EUR,2020-08-19T04:00:00Z,None,7.0B,11.3B,20.7B,false,false
,HPI y/y,GBP,2020-08-19T04:30:00Z,None,2.4%,3.5%,2.6%,false,false
,Final Core CPI y/y,EUR,2020-08-19T05:00:00Z,None,1.2%,1.2%,1.2%,false,false
,Final CPI y/y,EUR,2020-08-19T05:00:00Z,None,0.4%,0.3%,0.4%,false,false
,German 30-y Bond Auction,EUR,2020-08-19T05:33:00Z,None,,-0.06|2.4,-0.05|2.9,false,false
,Common CPI y/y,CAD,2020-08-19T08:30:00Z,None,1.6%,1.4%,1.3%,false,false
,CPI m/m,CAD,2020-08-19T08:30:00Z,None,0.4%,0.8%,0.0%,false,false
,Median CPI y/y,CAD,2020-08-19T08:30:00Z,None,2.0%,1.9%,1.9%,false,false
,Trimmed CPI y/y,CAD,2020-08-19T08:30:00Z,None,1.8%,1.8%,1.7%,false,false
,Wholesale Sales m/m,CAD,2020-08-19T08:30:00Z,None,10.4%,5.7%,18.5%,false,false
,Prelim Benchmark Payrolls Revision,USD,2020-08-19T08:30:00Z,None,,-501K,-173K,false,false
,Core CPI m/m,CAD,2020-08-19T08:32:00Z,None,,0.4%,-0.1%,false,false
,Crude Oil Inventories,USD,2020-08-19T10:30:00Z,None,-2.9M,-4.5M,-1.6M,false,false
,FOMC Meeting Minutes,USD,2020-08-19T14:00:00Z,None,,,,false,false
,1-y Loan Prime Rate,CNY,2020-08-19T21:30:00Z,None,3.85%,3.85%,3.85%,false,false
,5-y Loan Prime Rate,CNY,2020-08-19T21:30:00Z,None,4.65%,4.65%,4.65%,false,false
,Trade Balance,CHF,2020-08-20T02:00:00Z,None,3.02B,3.20B,3.38B,false,false
,German PPI m/m,EUR,2020-08-20T02:00:00Z,None,0.1%,0.0%,0.2%,false,false
,ECB Monetary Policy Meeting Accounts,EUR,2020-08-20T07:30:00Z,None,,,,false,false
,Philly Fed Manufacturing Index,USD,2020-08-20T08:30:00Z,None,21.0,24.1,17.2,false,false
,Unemployment Claims,USD,2020-08-20T08:30:00Z,None,930K,971K,1106K,false,false
,ADP Non-Farm Employment Change,CAD,2020-08-20T08:32:00Z,None,,-1764.6K,1149.8K,false,false
,CB Leading Index m/m,USD,2020-08-20T10:00:00Z,None,1.0%,3.0%,1.4%,false,false
,Natural Gas Storage,USD,2020-08-20T10:30:00Z,None,43B,58B,43B,false,false
,Gov Council Member Beaudry Speaks,CAD,2020-08-20T12:00:00Z,None,,,,false,false
,Flash Manufacturing PMI,AUD,2020-08-20T19:00:00Z,None,,54.0,53.9,false,false
,Flash Services PMI,AUD,2020-08-20T19:00:00Z,None,,58.2,48.1,false,false
,GfK Consumer Confidence,GBP,2020-08-20T19:01:00Z,None,-25,-27,-27,false,false
,National Core CPI y/y,JPY,2020-08-20T19:30:00Z,None,0.1%,0.0%,0.0%,false,false
,Flash Manufacturing PMI,JPY,2020-08-20T20:30:00Z,None,45.0,45.2,46.6,false,false
,Retail Sales m/m,AUD,2020-08-20T21:30:00Z,None,3.2%,2.7%,3.3%,false,false
,Credit Card Spending y/y,NZD,2020-08-20T23:00:00Z,None,,-9.4%,-5.8%,false,false
,Public Sector Net Borrowing,GBP,2020-08-21T02:00:00Z,None,28.3B,28.8B,25.9B,false,false
,Retail Sales m/m,GBP,2020-08-21T02:00:00Z,None,2.0%,13.9%,3.6%,false,false
,French Flash Services PMI,EUR,2020-08-21T03:15:00Z,High,56.3,57.3,51.9,false,false
,French Flash Manufacturing PMI,EUR,2020-08-21T03:15:00Z,None,53.0,52.4,49.0,false,false
,German Flash Manufacturing PMI,EUR,2020-08-21T03:30:00Z,High,52.2,51.0,53.0,false,false
,German Flash Services PMI,EUR,2020-08-21T03:30:00Z,High,55.3,55.6,50.8,false,false
,Flash Manufacturing PMI,EUR,2020-08-21T04:00:00Z,None,52.7,51.8,51.7,false,false
,Flash Services PMI,EUR,2020-08-21T04:00:00Z,None,54.6,54.7,50.1,false,false
,Flash Manufacturing PMI,GBP,2020-08-21T04:30:00Z,None,54.0,53.3,55.3,false,false
,Flash Services PMI,GBP,2020-08-21T04:30:00Z,None,57.0,56.5,60.1,false,false
,CBI Industrial Order Expectations,GBP,2020-08-21T06:00:00Z,None,-34,-46,-44,false,false
,Core Retail Sales m/m,CAD,2020-08-21T08:30:00Z,None,14.5%,11.8%,15.7%,false,false
,Retail Sales m/m,CAD,2020-08-21T08:30:00Z,None,24.7%,21.2%,23.7%,false,false
,NHPI m/m,CAD,2020-08-21T08:30:00Z,None,0.1%,0.1%,0.4%,false,false
,Flash Manufacturing PMI,USD,2020-08-21T09:45:00Z,None,51.9,50.9,53.6,false,false
,Flash Services PMI,USD,2020-08-21T09:45:00Z,None,50.9,50.0,54.8,false,false
,Consumer Confidence,EUR,2020-08-21T09:52:00Z,None,-15,-15,-15,false,false
,Existing Home Sales,USD,2020-08-21T10:00:00Z,None,5.40M,4.70M,5.86M,false,false
,Retail Sales q/q,NZD,2020-08-23T18:45:00Z,None,-16.3%,-1.2%,-14.6%,false,false
,Core Retail Sales q/q,NZD,2020-08-23T18:53:00Z,None,-15.0%,0.1%,-13.7%,false,false
,CB Leading Index m/m,CNY,2020-08-24T09:00:00Z,None,,1.0%,0.7%,false,false
,Goods Trade Balance,AUD,2020-08-24T21:30:00Z,None,,7.74B,3.30B,false,false
,BOJ Core CPI y/y,JPY,2020-08-25T01:00:00Z,None,0.1%,0.1%,0.0%,false,false
,German Final GDP q/q,EUR,2020-08-25T02:00:00Z,None,-10.1%,-10.1%,-9.7%,false,false
,German ifo Business Climate,EUR,2020-08-25T04:00:00Z,None,92.5,90.4,92.6,false,false
,CBI Realized Sales,GBP,2020-08-25T06:00:00Z,None,7,4,-6,false,false
,Corporate Profits q/q,CAD,2020-08-25T08:32:00Z,None,,-38.4%,-8.0%,false,false
,S&P/CS Composite-20 HPI y/y,USD,2020-08-25T09:00:00Z,None,3.6%,3.6%,3.5%,false,false
,HPI m/m,USD,2020-08-25T09:00:00Z,None,0.3%,-0.2%,0.9%,false,false
,Belgian NBB Business Climate,EUR,2020-08-25T09:00:00Z,None,-11.7,-13.9,-12.0,false,false
,Richmond Manufacturing Index,USD,2020-08-25T09:59:00Z,None,10,10,18,false,false
,CB Consumer Confidence,USD,2020-08-25T10:00:00Z,None,93.0,91.7,84.8,false,false
,New Home Sales,USD,2020-08-25T10:00:00Z,None,787K,791K,901K,false,false
,Gov Council Member Schembri Speaks,CAD,2020-08-25T13:30:00Z,None,,,,false,false
,API Weekly Statistical Bulletin,USD,2020-08-25T16:30:00Z,None,,,,false,false
,Trade Balance,NZD,2020-08-25T18:45:00Z,None,285M,475M,282M,false,false
,SPPI y/y,JPY,2020-08-25T19:50:00Z,None,0.8%,0.9%,1.2%,false,false
,Construction Work Done q/q,AUD,2020-08-25T21:30:00Z,None,-6.5%,0.7%,-0.7%,false,false
,UBS Economic Expectations,CHF,2020-08-26T04:00:00Z,None,,42.4,45.6,false,false
,10-y Bond Auction,GBP,2020-08-26T05:06:00Z,None,,0.14|2.4,0.32|2.7,false,false
,Core Durable Goods Orders m/m,USD,2020-08-26T08:30:00Z,None,1.9%,3.6%,2.4%,false,false
,Durable Goods Orders m/m,USD,2020-08-26T08:30:00Z,None,4.4%,7.6%,11.2%,false,false
,Gov Council Member Wilkins Speaks,CAD,2020-08-26T10:00:00Z,None,,,,false,false
,Crude Oil Inventories,USD,2020-08-26T10:30:00Z,None,-3.4M,-1.6M,-4.7M,false,false
,MPC Member Haldane Speaks,GBP,2020-08-26T12:00:00Z,None,,,,false,false
,Private Capital Expenditure q/q,AUD,2020-08-26T21:30:00Z,None,-8.2%,-2.1%,-5.9%,false,false
,Jackson Hole Symposium,All,2020-08-27T00:00:00Z,High,,,,false,false
,All Industries Activity m/m,JPY,2020-08-27T00:30:00Z,None,6.3%,-4.1%,6.1%,false,false
,GDP q/q,CHF,2020-08-27T01:45:00Z,None,-8.8%,-2.5%,-8.2%,false,false
,M3 Money Supply y/y,EUR,2020-08-27T04:00:00Z,None,9.2%,9.2%,10.2%,false,false
,Private Loans y/y,EUR,2020-08-27T04:00:00Z,None,3.0%,3.0%,3.0%,false,false
,Current Account,CAD,2020-08-27T08:30:00Z,None,-11.8B,-13.2B,-8.6B,false,false
,Unemployment Claims,USD,2020-08-27T08:30:00Z,None,1000K,1104K,1006K,false,false
,Prelim GDP q/q,USD,2020-08-27T08:30:00Z,None,-32.5%,-32.9%,-31.7%,false,false
,Prelim GDP Price Index q/q,USD,2020-08-27T08:30:00Z,None,-1.8%,-1.8%,-2.0%,false,false
,FOMC Member Powell Speaks,USD,2020-08-27T09:10:00Z,High,,,,false,false
,Pending Home Sales m/m,USD,2020-08-27T10:00:00Z,None,2.5%,15.8%,5.9%,false,false
,Natural Gas Storage,USD,2020-08-27T10:30:00Z,None,39B,43B,45B,false,false
,BOC Gov Macklem Speaks,CAD,2020-08-27T11:15:00Z,High,,,,false,false
,Tokyo Core CPI y/y,JPY,2020-08-27T19:30:00Z,None,0.3%,0.4%,-0.3%,false,false
,Jackson Hole Symposium,All,2020-08-28T00:00:00Z,High,,,,false,false
,German GfK Consumer Climate,EUR,2020-08-28T02:00:00Z,None,1.0,-0.2,-1.8,false,false
,German Import Prices m/m,EUR,2020-08-28T02:03:00Z,None,0.2%,0.6%,0.3%,false,false
,French Prelim GDP q/q,EUR,2020-08-28T02:45:00Z,None,-13.8%,-13.8%,-13.8%,false,false
,French Prelim CPI m/m,EUR,2020-08-28T02:45:00Z,None,-0.2%,0.4%,-0.1%,false,false
,French Consumer Spending m/m,EUR,2020-08-28T02:45:00Z,None,1.2%,10.3%,0.5%,false,false
,KOF Economic Barometer,CHF,2020-08-28T03:00:00Z,None,90.3,86.0,110.2,false,false
,Italian 10-y Bond Auction,EUR,2020-08-28T05:20:00Z,None,,1.04|1.4,1.11|1.3,false,false
,Personal Spending m/m,USD,2020-08-28T08:30:00Z,None,1.5%,6.2%,1.9%,false,false
,Core PCE Price Index m/m,USD,2020-08-28T08:30:00Z,None,0.5%,0.3%,0.3%,false,false
,Goods Trade Balance,USD,2020-08-28T08:30:00Z,None,-72.3B,-71.0B,-79.3B,false,false
,GDP m/m,CAD,2020-08-28T08:30:00Z,None,5.2%,4.8%,6.5%,false,false
,Prelim Wholesale Inventories m/m,USD,2020-08-28T08:30:00Z,None,-1.0%,-1.4%,-0.1%,false,false
,Personal Income m/m,USD,2020-08-28T08:30:00Z,None,-0.3%,-1.0%,0.4%,false,false
,BOE Gov Bailey Speaks,GBP,2020-08-28T09:05:00Z,High,,,,false,false
,Chicago PMI,USD,2020-08-28T09:45:00Z,None,51.0,51.9,51.2,false,false
,Revised UoM Inflation Expectations,USD,2020-08-28T10:00:00Z,None,,3.0%,3.1%,false,false
,Revised UoM Consumer Sentiment,USD,2020-08-28T10:00:00Z,None,72.8,72.8,74.1,false,false
,Prelim Industrial Production m/m,JPY,2020-08-30T19:50:00Z,None,5.0%,1.9%,8.0%,false,false
,Retail Sales y/y,JPY,2020-08-30T19:50:00Z,None,-1.7%,-1.3%,-2.8%,false,false
,ANZ Business Confidence,NZD,2020-08-30T21:00:00Z,None,,-42.4,-41.8,false,false
,Non-Manufacturing PMI,CNY,2020-08-30T21:00:00Z,None,54.0,54.2,55.2,false,false
,Manufacturing PMI,CNY,2020-08-30T21:00:00Z,None,51.1,51.1,51.0,false,false
,MI Inflation Gauge m/m,AUD,2020-08-30T21:00:00Z,None,,0.9%,0.1%,false,false
,Private Sector Credit m/m,AUD,2020-08-30T21:30:00Z,None,-0.1%,-0.2%,-0.1%,false,false
,Company Operating Profits q/q,AUD,2020-08-30T21:30:00Z,None,-6.0%,1.4%,15.0%,false,false
,German Prelim CPI m/m,EUR,2020-08-31T00:00:00Z,None,0.0%,-0.5%,-0.1%,true,false
,Bank Holiday,GBP,2020-08-31T00:00:00Z,None,,,,true,false
,Consumer Confidence,JPY,2020-08-31T01:00:00Z,None,28.7,29.5,29.3,false,false
,Housing Starts y/y,JPY,2020-08-31T01:02:00Z,None,-12.0%,-12.8%,-11.4%,false,false
,Retail Sales y/y,CHF,2020-08-31T02:30:00Z,None,0.9%,3.3%,4.1%,false,false
,Spanish Flash CPI y/y,EUR,2020-08-31T03:00:00Z,None,-0.4%,-0.6%,-0.5%,false,false
,Italian Prelim CPI m/m,EUR,2020-08-31T05:00:00Z,None,0.3%,-0.2%,0.3%,false,false
,IPPI m/m,CAD,2020-08-31T08:30:00Z,None,0.8%,0.2%,0.7%,false,false
,RMPI m/m,CAD,2020-08-31T08:30:00Z,None,4.3%,7.5%,3.0%,false,false
,Building Permits m/m,CAD,2020-08-31T08:30:00Z,None,-1.0%,5.7%,-3.0%,false,false
,FOMC Member Clarida Speaks,USD,2020-08-31T09:00:00Z,None,,,,false,false
,AIG Manufacturing Index,AUD,2020-08-31T18:30:00Z,None,,53.5,49.3,false,false
,Building Consents m/m,NZD,2020-08-31T18:45:00Z,None,,0.7%,-4.5%,false,false
,Unemployment Rate,JPY,2020-08-31T19:30:00Z,None,3.0%,2.8%,2.9%,false,false
,Capital Spending q/y,JPY,2020-08-31T19:50:00Z,None,-4.0%,0.1%,-11.3%,false,false
,Final Manufacturing PMI,JPY,2020-08-31T20:30:00Z,None,46.6,46.6,47.2,false,false
,Current Account,AUD,2020-08-31T21:30:00Z,None,13.0B,9.0B,17.7B,false,false
,Building Approvals m/m,AUD,2020-08-31T21:30:00Z,None,-0.9%,-4.2%,12.0%,false,false
,RatingDog Manufacturing PMI,CNY,2020-08-31T21:45:00Z,None,52.6,52.8,53.1,false,false
,10-y Bond Auction,JPY,2020-08-31T23:35:00Z,None,,0.02|3.6,0.03|3.2,false,false
,Omdia Total Vehicle Sales,USD,2020-09-01T00:00:00Z,None,15.0M,14.5M,15.2M,true,false
,Cash Rate,AUD,2020-09-01T00:30:00Z,High,0.25%,0.25%,0.25%,false,false
,RBA Rate Statement,AUD,2020-09-01T00:30:00Z,High,,,,false,false
,Commodity Prices y/y,AUD,2020-09-01T02:30:00Z,None,,-13.7%,-9.2%,false,false
,Spanish Manufacturing PMI,EUR,2020-09-01T03:15:00Z,None,52.5,53.5,49.9,false,false
,Manufacturing PMI,CHF,2020-09-01T03:30:00Z,None,51.4,49.2,51.8,false,false
,Italian Manufacturing PMI,EUR,2020-09-01T03:45:00Z,None,52.0,51.9,53.1,false,false
,French Final Manufacturing PMI,EUR,2020-09-01T03:50:00Z,None,49.0,49.0,49.8,false,false
,German Final Manufacturing PMI,EUR,2020-09-01T03:55:00Z,None,53.0,53.0,52.2,false,false
,German Unemployment Change,EUR,2020-09-01T03:55:00Z,None,-3K,-17K,-9K,false,false
,Final Manufacturing PMI,EUR,2020-09-01T04:00:00Z,None,51.7,51.7,51.7,false,false
,Italian Monthly Unemployment Rate,EUR,2020-09-01T04:00:00Z,None,9.1%,9.3%,9.7%,false,false
,M4 Money Supply m/m,GBP,2020-09-01T04:30:00Z,None,1.2%,1.1%,0.9%,false,false
,Final Manufacturing PMI,GBP,2020-09-01T04:30:00Z,None,55.3,55.3,55.2,false,false
,Mortgage Approvals,GBP,2020-09-01T04:30:00Z,None,55K,40K,66K,false,false
,Net Lending to Individuals m/m,GBP,2020-09-01T04:32:00Z,None,3.8B,2.0B,3.9B,false,false
,CPI Flash Estimate y/y,EUR,2020-09-01T05:00:00Z,None,0.2%,0.4%,-0.2%,false,false
,Core CPI Flash Estimate y/y,EUR,2020-09-01T05:00:00Z,None,0.9%,1.2%,0.4%,false,false
,Unemployment Rate,EUR,2020-09-01T05:00:00Z,None,8.0%,7.7%,7.9%,false,false
,Manufacturing PMI,CAD,2020-09-01T09:30:00Z,None,,52.9,55.1,false,false
,Final Manufacturing PMI,USD,2020-09-01T09:45:00Z,None,53.6,53.6,53.1,false,false
,ISM Manufacturing Prices,USD,2020-09-01T10:00:00Z,None,60.0,53.2,59.5,false,false
,Construction Spending m/m,USD,2020-09-01T10:00:00Z,None,1.0%,-0.5%,0.1%,false,false
,ISM Manufacturing PMI,USD,2020-09-01T10:00:00Z,High,54.6,54.2,56.0,false,false
,GDT Price Index,NZD,2020-09-01T11:08:00Z,None,,-1.7%,-1.0%,false,false
,FOMC Member Brainard Speaks,USD,2020-09-01T13:00:00Z,None,,,,false,false
,API Weekly Statistical Bulletin,USD,2020-09-01T16:30:00Z,None,,,,false,false
,Overseas Trade Index q/q,NZD,2020-09-01T18:45:00Z,None,0.6%,-0.6%,2.5%,false,false
,BRC Shop Price Index y/y,GBP,2020-09-01T19:01:00Z,None,,-1.3%,-1.6%,false,false
,Monetary Base y/y,JPY,2020-09-01T19:50:00Z,None,10.1%,9.8%,11.5%,false,false
,RBNZ Gov Orr Speaks,NZD,2020-09-01T20:30:00Z,High,,,,false,false
,GDP q/q,AUD,2020-09-01T21:30:00Z,High,-6.0%,-0.3%,-7.0%,false,false
,Nationwide HPI m/m,GBP,2020-09-02T01:57:00Z,None,0.5%,1.8%,2.0%,false,false
,German Retail Sales m/m,EUR,2020-09-02T02:00:00Z,None,0.5%,-1.9%,-0.9%,false,false
,Spanish Unemployment Change,EUR,2020-09-02T03:00:00Z,None,10.1K,-89.8K,29.8K,false,false
,HPI y/y,GBP,2020-09-02T04:30:00Z,None,2.8%,2.7%,2.9%,false,false
,PPI m/m,EUR,2020-09-02T05:00:00Z,None,0.5%,0.7%,0.6%,false,false
,ADP Non-Farm Employment Change,USD,2020-09-02T08:15:00Z,High,1250K,212K,428K,false,false
,Labor Productivity q/q,CAD,2020-09-02T08:30:00Z,None,6.5%,4.5%,9.8%,false,false
,BOE Gov Bailey Speaks,GBP,2020-09-02T09:30:00Z,High,,,,false,false
,FOMC Member Williams Speaks,USD,2020-09-02T10:00:00Z,None,,,,false,false
,Factory Orders m/m,USD,2020-09-02T10:00:00Z,None,6.0%,6.4%,6.4%,false,false
,MPC Member Broadbent Speaks,GBP,2020-09-02T10:30:00Z,None,,,,false,false
,Crude Oil Inventories,USD,2020-09-02T10:30:00Z,None,-2.0M,-4.7M,-9.4M,false,false
,FOMC Member Mester Speaks,USD,2020-09-02T12:00:00Z,None,,,,false,false
,Beige Book,USD,2020-09-02T14:00:00Z,None,,,,false,false
,AIG Construction Index,AUD,2020-09-02T18:30:00Z,None,,42.7,37.9,false,false
,ANZ Commodity Prices m/m,NZD,2020-09-02T21:00:00Z,None,,2.9%,-0.9%,false,false
,Goods Trade Balance,AUD,2020-09-02T21:30:00Z,None,5.00B,8.15B,4.61B,false,false
,RatingDog Services PMI,CNY,2020-09-02T21:45:00Z,None,54.0,54.1,54.0,false,false
,30-y Bond Auction,JPY,2020-09-02T23:35:00Z,None,,0.62|3.4,0.61|3.5,false,false
,CPI m/m,CHF,2020-09-03T02:30:00Z,None,0.1%,-0.2%,0.0%,false,false
,Spanish Services PMI,EUR,2020-09-03T03:15:00Z,None,48.0,51.9,47.7,false,false
,Italian Services PMI,EUR,2020-09-03T03:45:00Z,None,49.4,51.6,47.1,false,false
,French Final Services PMI,EUR,2020-09-03T03:50:00Z,None,51.9,51.9,51.5,false,false
,German Final Services PMI,EUR,2020-09-03T03:55:00Z,None,50.8,50.8,52.5,false,false
,Final Services PMI,EUR,2020-09-03T04:00:00Z,None,50.1,50.1,50.5,false,false
,Final Services PMI,GBP,2020-09-03T04:30:00Z,None,60.1,60.1,58.8,false,false
,Spanish 10-y Bond Auction,EUR,2020-09-03T04:53:00Z,None,,0.26|3.0,0.05|2.4,false,false
,Retail Sales m/m,EUR,2020-09-03T05:00:00Z,None,1.3%,5.3%,-1.3%,false,false
,French 10-y Bond Auction,EUR,2020-09-03T05:04:00Z,None,,-0.27|2.1,-0.19|1.6,false,false
,Challenger Job Cuts y/y,USD,2020-09-03T07:30:00Z,None,,576.1%,116.5%,false,false
,Trade Balance,USD,2020-09-03T08:30:00Z,None,-58.2B,-53.5B,-63.6B,false,false
,Revised Unit Labor Costs q/q,USD,2020-09-03T08:30:00Z,None,12.0%,12.2%,9.0%,false,false
,Revised Nonfarm Productivity q/q,USD,2020-09-03T08:30:00Z,None,7.3%,7.3%,10.1%,false,false
,Unemployment Claims,USD,2020-09-03T08:30:00Z,None,955K,1011K,881K,false,false
,Trade Balance,CAD,2020-09-03T08:30:00Z,None,-2.5B,-1.6B,-2.5B,false,false
,Final Services PMI,USD,2020-09-03T09:45:00Z,None,54.8,54.8,55.0,false,false
,BOE Gov Bailey Speaks,GBP,2020-09-03T10:00:00Z,High,,,,false,false
,ISM Services PMI,USD,2020-09-03T10:00:00Z,High,57.0,58.1,56.9,false,false
,Natural Gas Storage,USD,2020-09-03T10:30:00Z,None,37B,45B,35B,false,false
,German Factory Orders m/m,EUR,2020-09-04T02:00:00Z,None,5.1%,28.8%,2.8%,false,false
,French Gov Budget Balance,EUR,2020-09-04T02:45:00Z,None,,-124.9B,-151.0B,false,false
,Construction PMI,GBP,2020-09-04T04:30:00Z,None,58.5,58.1,54.6,false,false
,MPC Member Saunders Speaks,GBP,2020-09-04T05:30:00Z,None,,,,false,false
,Non-Farm Employment Change,USD,2020-09-04T08:30:00Z,High,1375K,1734K,1371K,false,false
,Unemployment Rate,USD,2020-09-04T08:30:00Z,High,9.8%,10.2%,8.4%,false,false
,Average Hourly Earnings m/m,USD,2020-09-04T08:30:00Z,High,0.0%,0.1%,0.4%,false,false
,Unemployment Rate,CAD,2020-09-04T08:30:00Z,High,10.1%,10.9%,10.2%,false,false
,Employment Change,CAD,2020-09-04T08:30:00Z,High,262.5K,418.5K,245.8K,false,false
,Ivey PMI,CAD,2020-09-04T10:00:00Z,None,65.0,68.5,67.8,false,false
,AIG Services Index,AUD,2020-09-06T18:30:00Z,None,,44.0,42.5,false,false
,ANZ Job Advertisements m/m,AUD,2020-09-06T21:30:00Z,None,,19.1%,1.6%,false,false
,Trade Balance,CNY,2020-09-06T23:01:00Z,None,385B,442B,417B,false,false
,USD-Denominated Trade Balance,CNY,2020-09-06T23:13:00Z,None,49.8B,62.3B,58.9B,false,false
,Bank Holiday,USD,2020-09-07T00:00:00Z,None,,,,true,false
,Bank Holiday,CAD,2020-09-07T00:00:00Z,None,,,,true,false
,Leading Indicators,JPY,2020-09-07T01:00:00Z,None,87.2%,83.8%,86.9%,false,false
,German Industrial Production m/m,EUR,2020-09-07T02:00:00Z,None,4.5%,9.3%,1.2%,false,false
,Foreign Currency Reserves,CHF,2020-09-07T03:00:00Z,None,,847B,848B,false,false
,Lloyds HPI m/m,GBP,2020-09-07T03:30:00Z,None,1.0%,1.7%,1.6%,false,false
,Sentix Investor Confidence,EUR,2020-09-07T04:30:00Z,None,-11.4,-13.4,-8.0,false,false
,BRC Retail Sales Monitor y/y,GBP,2020-09-07T19:01:00Z,None,3.5%,4.3%,4.7%,false,false
,Average Cash Earnings y/y,JPY,2020-09-07T19:30:00Z,None,-1.6%,-2.0%,-1.3%,false,false
,Household Spending y/y,JPY,2020-09-07T19:30:00Z,None,-3.6%,-1.2%,-7.6%,false,false
,Bank Lending y/y,JPY,2020-09-07T19:50:00Z,None,6.4%,6.4%,6.7%,false,false
,Current Account,JPY,2020-09-07T19:50:00Z,None,1.44T,1.05T,0.96T,false,false
,Final GDP q/q,JPY,2020-09-07T19:50:00Z,None,-8.1%,-7.8%,-7.9%,false,false
,Final GDP Price Index y/y,JPY,2020-09-07T19:52:00Z,None,1.5%,1.5%,1.3%,false,false
,NAB Business Confidence,AUD,2020-09-07T21:30:00Z,None,,-14,-8,false,false
,Economy Watchers Sentiment,JPY,2020-09-08T01:00:00Z,None,41.0,41.1,43.9,false,false
,French Final Private Payrolls q/q,EUR,2020-09-08T01:30:00Z,None,-0.6%,-0.6%,-0.8%,false,false
,German Trade Balance,EUR,2020-09-08T02:00:00Z,None,14.9B,14.5B,18.0B,false,false
,French Trade Balance,EUR,2020-09-08T02:45:00Z,None,-7.0B,-8.1B,-7.0B,false,false
,Italian Retail Sales m/m,EUR,2020-09-08T04:00:00Z,None,1.1%,10.2%,-2.2%,false,false
,Final Employment Change q/q,EUR,2020-09-08T05:00:00Z,None,-2.8%,-2.8%,-2.9%,false,false
,Revised GDP q/q,EUR,2020-09-08T05:00:00Z,None,-12.1%,-12.1%,-11.8%,false,false
,NFIB Small Business Index,USD,2020-09-08T06:00:00Z,None,99.0,98.8,100.2,false,false
,RCM/TIPP Economic Optimism,USD,2020-09-08T10:00:00Z,None,47.3,46.8,45.0,false,false
,Consumer Credit m/m,USD,2020-09-08T15:00:00Z,None,12.9B,11.4B,12.2B,false,false
,Manufacturing Sales q/q,NZD,2020-09-08T18:45:00Z,None,,0.0%,-11.9%,false,false
,M2 Money Stock y/y,JPY,2020-09-08T19:50:00Z,None,8.2%,7.9%,8.6%,false,false
,Westpac Consumer Sentiment,AUD,2020-09-08T20:30:00Z,None,,-9.5%,18.0%,false,false
,Prelim ANZ Business Confidence,NZD,2020-09-08T21:00:00Z,None,,-41.8,-26.0,false,false
,CPI y/y,CNY,2020-09-08T21:30:00Z,None,2.4%,2.7%,2.4%,false,false
,PPI y/y,CNY,2020-09-08T21:30:00Z,None,-1.9%,-2.4%,-2.0%,false,false
,Unemployment Rate,CHF,2020-09-09T01:45:00Z,None,3.4%,3.4%,3.4%,false,false
,Prelim Machine Tool Orders y/y,JPY,2020-09-09T01:59:00Z,None,,-31.1%,-23.3%,false,false
,German 10-y Bond Auction,EUR,2020-09-09T05:35:00Z,None,,-0.46|2.5,-0.50|2.0,false,false
,Housing Starts,CAD,2020-09-09T08:14:00Z,None,222K,245K,262K,false,false
,BOC Rate Statement,CAD,2020-09-09T10:00:00Z,High,,,,false,false
,Overnight Rate,CAD,2020-09-09T10:00:00Z,High,0.25%,0.25%,0.25%,false,false
,JOLTS Job Openings,USD,2020-09-09T10:00:00Z,None,6.05M,6.00M,6.62M,false,false
,10-y Bond Auction,USD,2020-09-09T13:01:00Z,None,,0.68|2.4,0.70|2.3,false,false
,API Weekly Statistical Bulletin,USD,2020-09-09T16:30:00Z,None,,,,false,false
,RICS House Price Balance,GBP,2020-09-09T19:01:00Z,None,23%,13%,44%,false,false
,Core Machinery Orders m/m,JPY,2020-09-09T19:50:00Z,None,2.0%,-7.6%,6.3%,false,false
,MI Inflation Expectations,AUD,2020-09-09T21:00:00Z,None,,3.3%,3.1%,false,false
,French Industrial Production m/m,EUR,2020-09-10T02:45:00Z,None,5.1%,13.0%,3.8%,false,false
,Italian Industrial Production m/m,EUR,2020-09-10T04:00:00Z,None,3.6%,8.2%,7.4%,false,false
,30-y Bond Auction,GBP,2020-09-10T06:30:00Z,None,,0.78|2.1,0.83|2.2,false,false
,Main Refinancing Rate,EUR,2020-09-10T07:45:00Z,High,0.00%,0.00%,0.00%,false,false
,Monetary Policy Statement,EUR,2020-09-10T07:45:00Z,High,,,,false,false
,ECB Press Conference,EUR,2020-09-10T08:30:00Z,High,,,,false,false
,Core PPI m/m,USD,2020-09-10T08:30:00Z,None,0.2%,0.5%,0.4%,false,false
,PPI m/m,USD,2020-09-10T08:30:00Z,None,0.2%,0.6%,0.3%,false,false
,Unemployment Claims,USD,2020-09-10T08:30:00Z,None,838K,884K,884K,false,false
,CB Leading Index m/m,GBP,2020-09-10T09:30:00Z,None,,0.0%,-0.3%,false,false
,Final Wholesale Inventories m/m,USD,2020-09-10T10:00:00Z,None,-0.1%,-0.1%,-0.3%,false,false
,Natural Gas Storage,USD,2020-09-10T10:30:00Z,None,68B,35B,70B,false,false
,Crude Oil Inventories,USD,2020-09-10T11:00:00Z,None,-3.1M,-9.4M,2.0M,false,false
,BOC Gov Macklem Speaks,CAD,2020-09-10T12:30:00Z,High,,,,false,false
,ECB President Lagarde Speaks,EUR,2020-09-10T13:00:00Z,None,,,,false,false
,30-y Bond Auction,USD,2020-09-10T13:01:00Z,None,,1.41|2.1,1.47|2.3,false,false
,BusinessNZ Manufacturing Index,NZD,2020-09-10T18:30:00Z,None,,59.0,50.7,false,false
,FPI m/m,NZD,2020-09-10T18:45:00Z,None,,1.2%,0.7%,false,false
,BSI Manufacturing Index,JPY,2020-09-10T19:50:00Z,None,-36.1,-52.3,0.1,false,false
,PPI y/y,JPY,2020-09-10T19:50:00Z,None,-0.5%,-0.9%,-0.5%,false,false
,Eurogroup Meetings,EUR,2020-09-11T00:00:00Z,None,,,,true,false
,Construction Output m/m,GBP,2020-09-11T02:00:00Z,None,10.3%,23.5%,17.6%,false,false
,German Final CPI m/m,EUR,2020-09-11T02:00:00Z,None,-0.1%,-0.1%,-0.1%,false,false
,GDP m/m,GBP,2020-09-11T02:00:00Z,None,6.6%,8.7%,6.6%,false,false
,Goods Trade Balance,GBP,2020-09-11T02:00:00Z,None,-7.4B,-6.6B,-8.6B,false,false
,Index of Services 3m/3m,GBP,2020-09-11T02:00:00Z,None,-7.8%,-19.9%,-8.1%,false,false
,Industrial Production m/m,GBP,2020-09-11T02:00:00Z,None,4.2%,9.3%,5.2%,false,false
,Manufacturing Production m/m,GBP,2020-09-11T02:00:00Z,None,5.0%,11.0%,6.3%,false,false
,German WPI m/m,EUR,2020-09-11T02:00:00Z,None,0.5%,0.5%,-0.4%,false,false
,German Buba President Weidmann Speaks,EUR,2020-09-11T04:00:00Z,None,,,,false,false
,Italian Quarterly Unemployment Rate,EUR,2020-09-11T04:00:00Z,None,8.4%,9.2%,8.3%,false,false
,M2 Money Supply y/y,CNY,2020-09-11T04:01:00Z,None,10.7%,10.7%,10.4%,false,false
,New Loans,CNY,2020-09-11T04:01:00Z,None,1250B,993B,1280B,false,false
,Consumer Inflation Expectations,GBP,2020-09-11T04:30:00Z,None,,2.9%,2.8%,false,false
,Foreign Direct Investment ytd/y,CNY,2020-09-11T06:35:00Z,None,,0.5%,2.6%,false,false
,Core CPI y/y,USD,2020-09-11T08:30:00Z,High,1.6%,1.6%,1.7%,false,false
,Capacity Utilization Rate,CAD,2020-09-11T08:30:00Z,None,70.9%,79.8%,70.3%,false,false
,CPI y/y,USD,2020-09-11T08:30:00Z,High,1.2%,1.0%,1.3%,false,false
,Core CPI m/m,USD,2020-09-11T08:30:00Z,None,0.2%,0.6%,0.4%,false,false
,CPI m/m,USD,2020-09-11T08:30:00Z,None,0.3%,0.6%,0.4%,false,false
,NIESR GDP Estimate,GBP,2020-09-11T08:52:00Z,None,,-7.6%,7.0%,false,false
,Federal Budget Balance,USD,2020-09-11T14:00:00Z,None,-238.7B,-63.0B,-200.1B,false,false
,ECB President Lagarde Speaks,EUR,2020-09-13T05:30:00Z,None,,,,false,false
,BusinessNZ Services Index,NZD,2020-09-13T18:30:00Z,None,,54.4,46.9,false,false
,Visitor Arrivals m/m,NZD,2020-09-13T18:52:00Z,None,,60.8%,8.8%,false,false
,New Home Prices m/m,CNY,2020-09-13T21:30:00Z,None,,0.47%,0.56%,false,false
,Tertiary Industry Activity m/m,JPY,2020-09-14T00:30:00Z,None,0.6%,9.0%,-0.5%,false,false
,Revised Industrial Production m/m,JPY,2020-09-14T00:33:00Z,None,8.0%,8.0%,8.7%,false,false
,Industrial Production m/m,EUR,2020-09-14T05:00:00Z,None,4.0%,9.5%,4.1%,false,false
,Westpac Consumer Sentiment,NZD,2020-09-14T16:58:00Z,None,,97.2,95.1,false,false
,Monetary Policy Meeting Minutes,AUD,2020-09-14T21:30:00Z,None,,,,false,false
,HPI q/q,AUD,2020-09-14T21:30:00Z,None,-1.3%,1.6%,-1.8%,false,false
,Fixed Asset Investment ytd/y,CNY,2020-09-14T22:00:00Z,None,-0.5%,-1.6%,-0.3%,false,false
,Industrial Production y/y,CNY,2020-09-14T22:00:00Z,None,5.1%,4.8%,5.6%,false,false
,Retail Sales y/y,CNY,2020-09-14T22:00:00Z,None,0.0%,-1.1%,0.5%,false,false
,Unemployment Rate,CNY,2020-09-14T22:00:00Z,None,5.6%,5.7%,5.6%,false,false
,Claimant Count Change,GBP,2020-09-15T02:00:00Z,None,99.5K,69.9K,73.7K,false,false
,Average Earnings Index 3m/y,GBP,2020-09-15T02:00:00Z,None,-1.3%,-1.2%,-1.0%,false,false
,Unemployment Rate,GBP,2020-09-15T02:00:00Z,None,4.1%,3.9%,4.1%,false,false
,PPI m/m,CHF,2020-09-15T02:30:00Z,None,0.2%,0.1%,-0.4%,false,false
,French Final CPI m/m,EUR,2020-09-15T02:45:00Z,None,-0.1%,-0.1%,-0.1%,false,false
,ZEW Economic Sentiment,EUR,2020-09-15T05:00:00Z,None,63.0,64.0,73.9,false,false
,German ZEW Economic Sentiment,EUR,2020-09-15T05:00:00Z,None,69.7,71.5,77.4,false,false
,Manufacturing Sales m/m,CAD,2020-09-15T08:30:00Z,None,8.8%,23.0%,7.0%,false,false
,Empire State Manufacturing Index,USD,2020-09-15T08:30:00Z,None,6.2,3.7,17.0,false,false
,Import Prices m/m,USD,2020-09-15T08:30:00Z,None,0.5%,1.2%,0.9%,false,false
,Capacity Utilization Rate,USD,2020-09-15T09:15:00Z,None,71.7%,71.1%,71.4%,false,false
,Industrial Production m/m,USD,2020-09-15T09:15:00Z,None,1.2%,3.5%,0.4%,false,false
,CB Leading Index m/m,AUD,2020-09-15T10:30:00Z,None,,0.2%,-0.3%,false,false
,GDT Price Index,NZD,2020-09-15T11:04:00Z,None,,-1.0%,3.6%,false,false
,API Weekly Statistical Bulletin,USD,2020-09-15T16:30:00Z,None,,,,false,false
,Current Account,NZD,2020-09-15T18:45:00Z,None,0.69B,1.90B,1.83B,false,false
,Trade Balance,JPY,2020-09-15T19:50:00Z,None,0.01T,0.04T,0.35T,false,false
,MI Leading Index m/m,AUD,2020-09-15T20:30:00Z,None,,0.1%,0.5%,false,false
,CPI y/y,GBP,2020-09-16T02:00:00Z,None,0.1%,1.0%,0.2%,false,false
,Core CPI y/y,GBP,2020-09-16T02:00:00Z,None,0.7%,1.8%,0.9%,false,false
,PPI Input m/m,GBP,2020-09-16T02:00:00Z,None,0.1%,1.8%,-0.4%,false,false
,PPI Output m/m,GBP,2020-09-16T02:00:00Z,None,0.2%,0.3%,0.0%,false,false
,RPI y/y,GBP,2020-09-16T02:00:00Z,None,0.6%,1.6%,0.5%,false,false
,HPI y/y,GBP,2020-09-16T04:30:00Z,None,3.2%,1.1%,3.4%,false,false
,Trade Balance,EUR,2020-09-16T05:00:00Z,None,19.3B,16.0B,20.3B,false,false
,10-y Bond Auction,GBP,2020-09-16T05:05:00Z,None,,0.32|2.7,0.26|3.0,false,false
,German 30-y Bond Auction,EUR,2020-09-16T05:34:00Z,None,,-0.05|2.9,-0.07|1.9,false,false
,Core Retail Sales m/m,USD,2020-09-16T08:30:00Z,High,1.0%,1.3%,0.7%,false,false
,CPI m/m,CAD,2020-09-16T08:30:00Z,None,0.1%,0.0%,-0.1%,false,false
,Foreign Securities Purchases,CAD,2020-09-16T08:30:00Z,None,10.50B,-14.13B,-8.52B,false,false
,Median CPI y/y,CAD,2020-09-16T08:30:00Z,None,1.9%,1.9%,1.9%,false,false
,Trimmed CPI y/y,CAD,2020-09-16T08:30:00Z,None,1.8%,1.7%,1.7%,false,false
,Common CPI y/y,CAD,2020-09-16T08:30:00Z,None,1.4%,1.3%,1.5%,false,false
,Retail Sales m/m,USD,2020-09-16T08:30:00Z,None,1.1%,0.9%,0.6%,false,false
,Core CPI m/m,CAD,2020-09-16T08:32:00Z,None,,-0.1%,0.0%,false,false
,Business Inventories m/m,USD,2020-09-16T10:00:00Z,None,0.2%,-1.1%,0.1%,false,false
,NAHB Housing Market Index,USD,2020-09-16T10:00:00Z,None,78,78,83,false,false
,Crude Oil Inventories,USD,2020-09-16T10:30:00Z,None,2.1M,2.0M,-4.4M,false,false
,Federal Funds Rate,USD,2020-09-16T14:00:00Z,None,<0.25%,<0.25%,<0.25%,false,false
,FOMC Statement,USD,2020-09-16T14:00:00Z,High,,,,false,false
,FOMC Economic Projections,USD,2020-09-16T14:00:00Z,High,,,,false,false
,FOMC Press Conference,USD,2020-09-16T14:30:00Z,High,,,,false,false
,TIC Long-Term Purchases,USD,2020-09-16T16:00:00Z,None,109.3B,113.0B,10.8B,false,false
,GDP q/q,NZD,2020-09-16T18:45:00Z,High,-12.5%,-1.4%,-12.2%,false,false
,Employment Change,AUD,2020-09-16T21:30:00Z,High,-40.0K,119.2K,111.0K,false,false
,Unemployment Rate,AUD,2020-09-16T21:30:00Z,High,7.7%,7.5%,6.8%,false,false
,RBA Bulletin,AUD,2020-09-16T21:30:00Z,None,,,,false,false
,Monetary Policy Statement,JPY,2020-09-16T22:52:00Z,High,,,,false,false
,BOJ Policy Rate,JPY,2020-09-16T22:52:00Z,None,-0.10%,-0.10%,-0.10%,false,false
,OPEC-JMMC Meetings,All,2020-09-17T00:00:00Z,High,,,,true,false
,Trade Balance,CHF,2020-09-17T02:00:00Z,None,3.20B,3.34B,3.58B,false,false
,BOJ Press Conference,JPY,2020-09-17T02:32:00Z,None,,,,false,false
,Italian Trade Balance,EUR,2020-09-17T04:00:00Z,None,5.20B,6.23B,9.69B,false,false
,Final Core CPI y/y,EUR,2020-09-17T05:00:00Z,None,0.4%,0.4%,0.4%,false,false
,Final CPI y/y,EUR,2020-09-17T05:00:00Z,None,-0.2%,-0.2%,-0.2%,false,false
,MPC Official Bank Rate Votes,GBP,2020-09-17T07:00:00Z,High,0-0-9,0-0-9,0-0-9,false,false
,Monetary Policy Summary,GBP,2020-09-17T07:00:00Z,High,,,,false,false
,Official Bank Rate,GBP,2020-09-17T07:00:00Z,High,0.10%,0.10%,0.10%,false,false
,BOE Inflation Letter,GBP,2020-09-17T07:00:00Z,None,,,,false,false
,MPC Asset Purchase Facility Votes,GBP,2020-09-17T07:00:00Z,None,0-0-9,0-0-9,0-0-9,false,false
,Asset Purchase Facility,GBP,2020-09-17T07:00:00Z,None,745B,745B,745B,false,false
,Philly Fed Manufacturing Index,USD,2020-09-17T08:30:00Z,None,15.0,17.2,15.0,false,false
,Unemployment Claims,USD,2020-09-17T08:30:00Z,None,825K,893K,860K,false,false
,Building Permits,USD,2020-09-17T08:30:00Z,None,1.51M,1.48M,1.47M,false,false
,Housing Starts,USD,2020-09-17T08:30:00Z,None,1.47M,1.49M,1.42M,false,false
,ADP Non-Farm Employment Change,CAD,2020-09-17T08:32:00Z,None,,-523.0K,-205.4K,false,false
,Natural Gas Storage,USD,2020-09-17T10:30:00Z,None,76B,70B,89B,false,false
,National Core CPI y/y,JPY,2020-09-17T19:30:00Z,None,-0.4%,0.0%,-0.4%,false,false
,German PPI m/m,EUR,2020-09-18T02:00:00Z,None,0.0%,0.2%,0.0%,false,false
,Retail Sales m/m,GBP,2020-09-18T02:00:00Z,None,0.8%,3.7%,0.8%,false,false
,Current Account,EUR,2020-09-18T04:00:00Z,None,12.0B,20.7B,16.6B,false,false
,Core Retail Sales m/m,CAD,2020-09-18T08:30:00Z,None,0.5%,15.5%,-0.4%,false,false
,Retail Sales m/m,CAD,2020-09-18T08:30:00Z,None,0.8%,22.7%,0.6%,false,false
,Wholesale Sales m/m,CAD,2020-09-18T08:30:00Z,None,3.4%,18.8%,4.3%,false,false
,Current Account,USD,2020-09-18T08:30:00Z,None,-158B,-112B,-171B,false,false
,Prelim UoM Inflation Expectations,USD,2020-09-18T10:00:00Z,None,,3.1%,2.7%,false,false
,Prelim UoM Consumer Sentiment,USD,2020-09-18T10:00:00Z,None,75.0,74.1,78.9,false,false
,CB Leading Index m/m,USD,2020-09-18T10:00:00Z,None,1.3%,2.0%,1.2%,false,false
,Bank Holiday,JPY,2020-09-20T00:00:00Z,None,,,,true,false
,Rightmove HPI m/m,GBP,2020-09-20T19:01:00Z,None,,-0.2%,0.2%,false,false
,1-y Loan Prime Rate,CNY,2020-09-20T21:30:00Z,None,3.85%,3.85%,3.85%,false,false
,5-y Loan Prime Rate,CNY,2020-09-20T21:30:00Z,None,4.65%,4.65%,4.65%,false,false
,Credit Card Spending y/y,NZD,2020-09-20T23:00:00Z,None,,-5.0%,-11.9%,false,false
,Bank Holiday,JPY,2020-09-21T00:00:00Z,None,,,,true,false
,German Buba Monthly Report,EUR,2020-09-21T06:00:00Z,None,,,,false,false
,ECB President Lagarde Speaks,EUR,2020-09-21T08:20:00Z,High,,,,false,false
,NHPI m/m,CAD,2020-09-21T08:30:00Z,None,0.2%,0.4%,0.5%,false,false
,FOMC Member Powell Speaks,USD,2020-09-21T10:00:00Z,High,,,,false,false
,FOMC Member Brainard Speaks,USD,2020-09-21T12:00:00Z,None,,,,false,false
,FOMC Member Williams Speaks,USD,2020-09-21T18:00:00Z,None,,,,false,false
,RBA Deputy Gov Debelle Speaks,AUD,2020-09-21T20:30:00Z,None,,,,false,false
,BOE Gov Bailey Speaks,GBP,2020-09-22T03:30:00Z,High,,,,false,false
,CBI Industrial Order Expectations,GBP,2020-09-22T06:00:00Z,None,-32,-44,-48,false,false
,CB Leading Index m/m,CNY,2020-09-22T09:00:00Z,None,,0.7%,1.2%,false,false
,Consumer Confidence,EUR,2020-09-22T09:44:00Z,None,-15,-15,-14,false,false
,Richmond Manufacturing Index,USD,2020-09-22T09:59:00Z,None,12,18,21,false,false
,Existing Home Sales,USD,2020-09-22T10:00:00Z,None,6.05M,5.86M,6.00M,false,false
,Fed Chairman Powell Testifies,USD,2020-09-22T10:30:00Z,High,,,,false,false
,API Weekly Statistical Bulletin,USD,2020-09-22T16:30:00Z,None,,,,false,false
,Flash Manufacturing PMI,AUD,2020-09-22T19:00:00Z,None,,53.6,55.5,false,false
,Flash Services PMI,AUD,2020-09-22T19:00:00Z,None,,49.0,50.0,false,false
,Flash Manufacturing PMI,JPY,2020-09-22T20:30:00Z,None,48.0,47.2,47.3,false,false
,Retail Sales m/m,AUD,2020-09-22T21:30:00Z,None,-2.0%,3.2%,-4.2%,false,false
,Official Cash Rate,NZD,2020-09-22T22:00:00Z,High,0.25%,0.25%,0.25%,false,false
,RBNZ Rate Statement,NZD,2020-09-22T22:00:00Z,High,,,,false,false
,All Industries Activity m/m,JPY,2020-09-23T00:30:00Z,None,1.3%,6.8%,1.3%,false,false
,German GfK Consumer Climate,EUR,2020-09-23T01:59:00Z,None,-1.0,-1.7,-1.6,false,false
,French Flash Services PMI,EUR,2020-09-23T03:15:00Z,High,52.2,51.5,47.5,false,false
,French Flash Manufacturing PMI,EUR,2020-09-23T03:15:00Z,None,50.6,49.8,50.9,false,false
,German Flash Manufacturing PMI,EUR,2020-09-23T03:30:00Z,High,52.0,52.2,56.6,false,false
,German Flash Services PMI,EUR,2020-09-23T03:30:00Z,High,53.0,52.5,49.1,false,false
,Flash Manufacturing PMI,EUR,2020-09-23T04:00:00Z,None,51.5,51.7,53.7,false,false
,Flash Services PMI,EUR,2020-09-23T04:00:00Z,None,51.0,50.5,47.6,false,false
,Flash Manufacturing PMI,GBP,2020-09-23T04:30:00Z,None,54.3,55.2,54.3,false,false
,Flash Services PMI,GBP,2020-09-23T04:30:00Z,None,57.0,58.8,55.1,false,false
,FOMC Member Mester Speaks,USD,2020-09-23T09:00:00Z,None,,,,false,false
,HPI m/m,USD,2020-09-23T09:00:00Z,None,0.4%,1.0%,1.0%,false,false
,Flash Manufacturing PMI,USD,2020-09-23T09:45:00Z,High,52.5,53.1,53.5,false,false
,Flash Services PMI,USD,2020-09-23T09:45:00Z,None,54.5,55.0,54.6,false,false
,Fed Chairman Powell Testifies,USD,2020-09-23T10:00:00Z,High,,,,false,false
,Crude Oil Inventories,USD,2020-09-23T10:30:00Z,None,-2.5M,-4.4M,-1.6M,false,false
,FOMC Member Quarles Speaks,USD,2020-09-23T14:00:00Z,None,,,,false,false
,Trade Balance,NZD,2020-09-23T18:45:00Z,None,-350M,447M,-353M,false,false
,Monetary Policy Meeting Minutes,JPY,2020-09-23T19:50:00Z,None,,,,false,false
,BOJ Core CPI y/y,JPY,2020-09-24T01:00:00Z,None,0.1%,0.0%,0.0%,false,false
,SNB Monetary Policy Assessment,CHF,2020-09-24T03:30:00Z,High,,,,false,false
,SNB Policy Rate,CHF,2020-09-24T03:30:00Z,None,-0.75%,-0.75%,-0.75%,false,false
,ECB Economic Bulletin,EUR,2020-09-24T04:00:00Z,None,,,,false,false
,German ifo Business Climate,EUR,2020-09-24T04:00:00Z,None,93.9,92.5,93.4,false,false
,SNB Press Conference,CHF,2020-09-24T04:15:00Z,High,,,,false,false
,CBI Realized Sales,GBP,2020-09-24T06:00:00Z,None,-10,-6,11,false,false
,Unemployment Claims,USD,2020-09-24T08:30:00Z,None,845K,866K,870K,false,false
,Belgian NBB Business Climate,EUR,2020-09-24T08:57:00Z,None,-11.0,-12.0,-10.8,false,false
,BOE Gov Bailey Speaks,GBP,2020-09-24T10:00:00Z,None,,,,false,false
,Fed Chairman Powell Testifies,USD,2020-09-24T10:00:00Z,High,,,,false,false
,Treasury Sec Mnuchin Speaks,USD,2020-09-24T10:00:00Z,High,,,,false,false
,New Home Sales,USD,2020-09-24T10:00:00Z,None,890K,965K,1011K,false,false
,Natural Gas Storage,USD,2020-09-24T10:30:00Z,None,78B,89B,66B,false,false
,FOMC Member Williams Speaks,USD,2020-09-24T14:00:00Z,None,,,,false,false
,GfK Consumer Confidence,GBP,2020-09-24T19:01:00Z,None,-27,-27,-25,false,false
,SPPI y/y,JPY,2020-09-24T19:50:00Z,None,1.2%,1.1%,1.0%,false,false
,Goods Trade Balance,AUD,2020-09-24T21:30:00Z,None,,3.12B,4.29B,false,false
,Public Sector Net Borrowing,GBP,2020-09-25T02:00:00Z,None,40.6B,14.7B,35.2B,false,false
,M3 Money Supply y/y,EUR,2020-09-25T04:00:00Z,None,10.0%,10.1%,9.5%,false,false
,Private Loans y/y,EUR,2020-09-25T04:00:00Z,None,3.0%,3.0%,3.0%,false,false
,Core Durable Goods Orders m/m,USD,2020-09-25T08:30:00Z,None,1.0%,2.6%,0.4%,false,false
,Durable Goods Orders m/m,USD,2020-09-25T08:30:00Z,None,1.1%,11.4%,0.4%,false,false
,FOMC Member Williams Speaks,USD,2020-09-25T15:10:00Z,None,,,,false,false
,Daylight Saving Time Shift,NZD,2020-09-26T10:00:00Z,None,,,,false,false
,Bank Holiday,CNY,2020-09-27T00:00:00Z,None,,,,true,false
,ECB President Lagarde Speaks,EUR,2020-09-28T09:45:00Z,High,,,,false,false
,FOMC Member Mester Speaks,USD,2020-09-28T14:00:00Z,None,,,,false,false
,Tokyo Core CPI y/y,JPY,2020-09-28T19:30:00Z,None,-0.3%,-0.3%,-0.2%,false,false
,BOJ Summary of Opinions,JPY,2020-09-28T19:50:00Z,None,,,,false,false
,German Prelim CPI m/m,EUR,2020-09-29T00:00:00Z,None,-0.1%,-0.1%,-0.2%,true,false
,Spanish Flash CPI y/y,EUR,2020-09-29T03:00:00Z,None,-0.4%,-0.5%,-0.4%,false,false
,M4 Money Supply m/m,GBP,2020-09-29T04:30:00Z,None,1.1%,0.8%,-0.4%,false,false
,Mortgage Approvals,GBP,2020-09-29T04:30:00Z,None,72K,66K,85K,false,false
,Net Lending to Individuals m/m,GBP,2020-09-29T04:30:00Z,None,5.2B,3.9B,3.4B,false,false
,Italian 10-y Bond Auction,EUR,2020-09-29T05:22:00Z,None,,1.11|1.3,0.89|1.3,false,false
,IPPI m/m,CAD,2020-09-29T08:30:00Z,None,0.6%,0.7%,0.3%,false,false
,RMPI m/m,CAD,2020-09-29T08:30:00Z,None,6.2%,3.0%,3.2%,false,false
,Goods Trade Balance,USD,2020-09-29T08:30:00Z,None,-81.8B,-80.1B,-82.9B,false,false
,Prelim Wholesale Inventories m/m,USD,2020-09-29T08:30:00Z,None,-0.1%,-0.3%,0.5%,false,false
,S&P/CS Composite-20 HPI y/y,USD,2020-09-29T09:00:00Z,None,3.6%,3.5%,3.9%,false,false
,FOMC Member Williams Speaks,USD,2020-09-29T09:15:00Z,None,,,,false,false
,FOMC Member Harker Speaks,USD,2020-09-29T09:30:00Z,None,,,,false,false
,CB Consumer Confidence,USD,2020-09-29T10:00:00Z,None,90.0,86.3,101.8,false,false
,FOMC Member Clarida Speaks,USD,2020-09-29T11:40:00Z,None,,,,false,false
,FOMC Member Quarles Speaks,USD,2020-09-29T13:00:00Z,None,,,,false,false
,FOMC Member Williams Speaks,USD,2020-09-29T13:00:00Z,None,,,,false,false
,Loan Officer Survey,USD,2020-09-29T14:00:00Z,None,,,,false,false
,FOMC Member Quarles Speaks,USD,2020-09-29T15:00:00Z,None,,,,false,false
,API Weekly Statistical Bulletin,USD,2020-09-29T16:30:00Z,None,,,,false,false
,Building Consents m/m,NZD,2020-09-29T17:45:00Z,None,,-4.6%,0.3%,false,false
,BRC Shop Price Index y/y,GBP,2020-09-29T19:01:00Z,None,,-1.6%,-1.6%,false,false
,Prelim Industrial Production m/m,JPY,2020-09-29T19:50:00Z,None,1.5%,8.7%,1.7%,false,false
,Retail Sales y/y,JPY,2020-09-29T19:50:00Z,None,-3.2%,-2.9%,-1.9%,false,false
,ANZ Business Confidence,NZD,2020-09-29T20:00:00Z,None,,-26.0,-28.5,false,false
,Manufacturing PMI,CNY,2020-09-29T21:00:00Z,None,51.3,51.0,51.5,false,false
,Non-Manufacturing PMI,CNY,2020-09-29T21:00:00Z,None,54.6,55.2,55.9,false,false
,Building Approvals m/m,AUD,2020-09-29T21:30:00Z,None,0.1%,12.2%,-1.6%,false,false
,Private Sector Credit m/m,AUD,2020-09-29T21:30:00Z,None,-0.1%,-0.1%,0.0%,false,false
,RatingDog Manufacturing PMI,CNY,2020-09-29T21:45:00Z,None,53.1,53.1,53.0,false,false
,Bank Holiday,CNY,2020-09-30T00:00:00Z,None,,,,true,false
,Housing Starts y/y,JPY,2020-09-30T01:00:00Z,None,-10.0%,-11.4%,-9.1%,false,false
,German Import Prices m/m,EUR,2020-09-30T01:59:00Z,None,0.0%,0.3%,0.1%,false,false
,German Retail Sales m/m,EUR,2020-09-30T01:59:00Z,None,0.4%,-0.2%,3.1%,false,false
,Nationwide HPI m/m,GBP,2020-09-30T01:59:00Z,None,0.5%,2.0%,0.9%,false,false
,Current Account,GBP,2020-09-30T02:00:00Z,None,-1.0B,-20.8B,-2.8B,false,false
,Final GDP q/q,GBP,2020-09-30T02:00:00Z,None,-20.4%,-20.4%,-19.8%,false,false
,Revised Business Investment q/q,GBP,2020-09-30T02:02:00Z,None,-31.4%,-31.4%,-26.5%,false,false
,French Consumer Spending m/m,EUR,2020-09-30T02:45:00Z,None,-0.2%,-0.9%,2.3%,false,false
,French Prelim CPI m/m,EUR,2020-09-30T02:45:00Z,None,-0.3%,-0.1%,-0.5%,false,false
,KOF Economic Barometer,CHF,2020-09-30T03:00:00Z,None,106.1,110.2,113.8,false,false
,ECB President Lagarde Speaks,EUR,2020-09-30T03:20:00Z,High,,,,false,false
,German Unemployment Change,EUR,2020-09-30T03:55:00Z,None,-7K,-9K,-8K,false,false
,UBS Economic Expectations,CHF,2020-09-30T04:00:00Z,None,,45.6,26.2,false,false
,MPC Member Haldane Speaks,GBP,2020-09-30T04:30:00Z,None,,,,false,false
,Italian Prelim CPI m/m,EUR,2020-09-30T05:00:00Z,None,-0.5%,0.3%,-0.6%,false,false
,ADP Non-Farm Employment Change,USD,2020-09-30T08:15:00Z,None,650K,481K,749K,false,false
,Chicago PMI,USD,2020-09-30T08:20:00Z,None,52.0,51.2,62.4,false,false
,GDP m/m,CAD,2020-09-30T08:30:00Z,None,2.9%,6.5%,3.0%,false,false
,Final GDP q/q,USD,2020-09-30T08:30:00Z,None,-31.7%,-31.7%,-31.4%,false,false
,Final GDP Price Index q/q,USD,2020-09-30T08:30:00Z,None,-2.0%,-2.0%,-1.8%,false,false
,SNB Quarterly Bulletin,CHF,2020-09-30T09:00:00Z,None,,,,false,false
,Pending Home Sales m/m,USD,2020-09-30T10:00:00Z,None,3.1%,5.9%,8.8%,false,false
,Crude Oil Inventories,USD,2020-09-30T10:30:00Z,None,1.0M,-1.6M,-2.0M,false,false
,FOMC Member Kashkari Speaks,USD,2020-09-30T11:00:00Z,None,,,,false,false
,FOMC Member Bowman Speaks,USD,2020-09-30T13:40:00Z,None,,,,false,false
,AIG Manufacturing Index,AUD,2020-09-30T18:30:00Z,None,,49.3,46.7,false,false
,Tankan Manufacturing Index,JPY,2020-09-30T19:50:00Z,None,-23,-34,-27,false,false
,Tankan Non-Manufacturing Index,JPY,2020-09-30T19:50:00Z,None,-9,-17,-12,false,false
,Final Manufacturing PMI,JPY,2020-09-30T20:30:00Z,None,47.3,47.3,47.7,false,false
,10-y Bond Auction,JPY,2020-09-30T23:35:00Z,None,,0.03|3.2,0.02|4.1,false,false
,Omdia Total Vehicle Sales,USD,2020-10-01T00:00:00Z,None,15.5M,15.2M,16.3M,true,false
,Bank Holiday,CNY,2020-10-01T00:00:00Z,None,,,,true,false
,Commodity Prices y/y,AUD,2020-10-01T02:30:00Z,None,,-10.2%,-5.8%,false,false
,CPI m/m,CHF,2020-10-01T02:30:00Z,None,0.0%,0.0%,0.0%,false,false
,Retail Sales y/y,CHF,2020-10-01T02:30:00Z,None,4.5%,3.6%,2.5%,false,false
,Spanish Manufacturing PMI,EUR,2020-10-01T03:15:00Z,None,50.5,49.9,50.8,false,false
,Manufacturing PMI,CHF,2020-10-01T03:30:00Z,None,53.4,51.8,53.1,false,false
,Italian Manufacturing PMI,EUR,2020-10-01T03:45:00Z,None,53.6,53.1,53.2,false,false
,French Final Manufacturing PMI,EUR,2020-10-01T03:50:00Z,None,50.9,50.9,51.2,false,false
,German Final Manufacturing PMI,EUR,2020-10-01T03:55:00Z,None,56.6,56.6,56.4,false,false
,Final Manufacturing PMI,EUR,2020-10-01T04:00:00Z,None,53.7,53.7,53.7,false,false
,Italian Monthly Unemployment Rate,EUR,2020-10-01T04:00:00Z,None,10.2%,9.8%,9.7%,false,false
,Final Manufacturing PMI,GBP,2020-10-01T04:30:00Z,None,54.3,54.3,54.1,false,false
,Spanish 10-y Bond Auction,EUR,2020-10-01T04:55:00Z,None,,0.05|2.4,0.22|3.2,false,false
,PPI m/m,EUR,2020-10-01T05:00:00Z,None,0.2%,0.7%,0.1%,false,false
,Unemployment Rate,EUR,2020-10-01T05:00:00Z,None,8.1%,8.0%,8.1%,false,false
,French 10-y Bond Auction,EUR,2020-10-01T05:01:00Z,None,,-0.19|1.6,-0.25|1.8,false,false
,MPC Member Haldane Speaks,GBP,2020-10-01T06:20:00Z,None,,,,false,false
,Challenger Job Cuts y/y,USD,2020-10-01T07:30:00Z,None,,116.5%,185.9%,false,false
,Building Permits m/m,CAD,2020-10-01T08:30:00Z,None,2.0%,-1.6%,1.7%,false,false
,Core PCE Price Index m/m,USD,2020-10-01T08:30:00Z,None,0.3%,0.4%,0.3%,false,false
,Personal Spending m/m,USD,2020-10-01T08:30:00Z,None,0.7%,1.5%,1.0%,false,false
,Unemployment Claims,USD,2020-10-01T08:30:00Z,None,850K,873K,837K,false,false
,Personal Income m/m,USD,2020-10-01T08:30:00Z,None,-2.0%,0.5%,-2.7%,false,false
,Manufacturing PMI,CAD,2020-10-01T09:30:00Z,None,,55.1,56.0,false,false
,Final Manufacturing PMI,USD,2020-10-01T09:45:00Z,None,53.5,53.5,53.2,false,false
,ISM Manufacturing PMI,USD,2020-10-01T10:00:00Z,High,56.0,56.0,55.4,false,false
,Construction Spending m/m,USD,2020-10-01T10:00:00Z,None,0.8%,0.7%,1.4%,false,false
,ISM Manufacturing Prices,USD,2020-10-01T10:00:00Z,None,59.0,59.5,62.8,false,false
,Natural Gas Storage,USD,2020-10-01T10:30:00Z,None,76B,66B,76B,false,false
,FOMC Member Williams Speaks,USD,2020-10-01T11:00:00Z,None,,,,false,false
,FOMC Member Bowman Speaks,USD,2020-10-01T15:00:00Z,None,,,,false,false
,Unemployment Rate,JPY,2020-10-01T19:30:00Z,None,3.0%,2.9%,3.0%,false,false
,Monetary Base y/y,JPY,2020-10-01T19:50:00Z,None,11.9%,11.5%,14.3%,false,false
,Consumer Confidence,JPY,2020-10-02T01:00:00Z,None,31.6,29.3,32.7,false,false
,French Gov Budget Balance,EUR,2020-10-02T02:45:00Z,None,,-151.0B,-165.7B,false,false
,Spanish Unemployment Change,EUR,2020-10-02T03:00:00Z,None,59.5K,29.8K,-26.3K,false,false
,Core CPI Flash Estimate y/y,EUR,2020-10-02T05:00:00Z,None,0.5%,0.4%,0.2%,false,false
,CPI Flash Estimate y/y,EUR,2020-10-02T05:00:00Z,None,-0.1%,-0.2%,-0.3%,false,false
,Average Hourly Earnings m/m,USD,2020-10-02T08:30:00Z,High,0.5%,0.3%,0.1%,false,false
,Non-Farm Employment Change,USD,2020-10-02T08:30:00Z,High,900K,1489K,661K,false,false
,Unemployment Rate,USD,2020-10-02T08:30:00Z,High,8.2%,8.4%,7.9%,false,false
,FOMC Member Harker Speaks,USD,2020-10-02T09:00:00Z,None,,,,false,false
,Revised UoM Consumer Sentiment,USD,2020-10-02T10:00:00Z,None,78.9,78.9,80.4,false,false
,Factory Orders m/m,USD,2020-10-02T10:00:00Z,None,1.5%,6.5%,0.7%,false,false
,Revised UoM Inflation Expectations,USD,2020-10-02T10:00:00Z,None,,2.7%,2.6%,false,false
,Daylight Saving Time Shift,AUD,2020-10-03T12:00:00Z,None,,,,false,false
,Bank Holiday,CNY,2020-10-04T00:00:00Z,None,,,,true,false
,ANZ Commodity Prices m/m,NZD,2020-10-04T20:00:00Z,None,,-1.0%,-0.2%,false,false
,MI Inflation Gauge m/m,AUD,2020-10-04T20:02:00Z,None,,0.1%,0.1%,false,false
,AIG Construction Index,AUD,2020-10-04T20:20:00Z,None,,37.9,45.2,false,false
,NAB Business Confidence,AUD,2020-10-04T20:30:00Z,None,,-8,-4,false,false
,Eurogroup Meetings,EUR,2020-10-05T00:00:00Z,None,,,,true,false
,Bank Holiday,CNY,2020-10-05T00:00:00Z,None,,,,true,false
,Spanish Services PMI,EUR,2020-10-05T03:15:00Z,None,46.4,47.7,42.4,false,false
,Italian Services PMI,EUR,2020-10-05T03:45:00Z,None,46.7,47.1,48.8,false,false
,French Final Services PMI,EUR,2020-10-05T03:50:00Z,None,47.5,47.5,47.5,false,false
,German Final Services PMI,EUR,2020-10-05T03:55:00Z,None,49.1,49.1,50.6,false,false
,Final Services PMI,EUR,2020-10-05T04:00:00Z,None,47.6,47.6,48.0,false,false
,Sentix Investor Confidence,EUR,2020-10-05T04:30:00Z,None,-9.2,-8.0,-8.3,false,false
,Final Services PMI,GBP,2020-10-05T04:30:00Z,None,55.1,55.1,56.1,false,false
,Retail Sales m/m,EUR,2020-10-05T05:00:00Z,None,2.4%,-1.8%,4.4%,false,false
,Final Services PMI,USD,2020-10-05T09:45:00Z,None,54.6,54.6,54.6,false,false
,ISM Services PMI,USD,2020-10-05T10:00:00Z,High,56.3,56.9,57.8,false,false
,ANZ Job Advertisements m/m,AUD,2020-10-05T20:30:00Z,None,,2.6%,7.8%,false,false
,Goods Trade Balance,AUD,2020-10-05T20:30:00Z,None,5.05B,4.65B,2.64B,false,false
,Cash Rate,AUD,2020-10-05T23:30:00Z,High,0.25%,0.25%,0.25%,false,false
,RBA Rate Statement,AUD,2020-10-05T23:30:00Z,High,,,,false,false
,30-y Bond Auction,JPY,2020-10-05T23:35:00Z,None,,0.61|3.5,0.64|3.5,false,false
,ECOFIN Meetings,EUR,2020-10-06T00:00:00Z,None,,,,true,false
,Bank Holiday,CNY,2020-10-06T00:00:00Z,None,,,,true,false
,German Factory Orders m/m,EUR,2020-10-06T02:00:00Z,None,3.0%,3.3%,4.5%,false,false
,Annual Budget Release,AUD,2020-10-06T04:30:00Z,High,,,,false,false
,Construction PMI,GBP,2020-10-06T04:30:00Z,None,54.0,54.6,56.8,false,false
,ECB President Lagarde Speaks,EUR,2020-10-06T04:35:00Z,None,,,,false,false
,Housing Equity Withdrawal q/q,GBP,2020-10-06T04:45:00Z,None,-4.3B,-4.5B,-7.7B,false,false
,Trade Balance,CAD,2020-10-06T08:30:00Z,None,-2.1B,-2.5B,-2.4B,false,false
,Trade Balance,USD,2020-10-06T08:30:00Z,None,-66.2B,-63.4B,-67.1B,false,false
,ECB President Lagarde Speaks,EUR,2020-10-06T09:00:00Z,None,,,,false,false
,RCM/TIPP Economic Optimism,USD,2020-10-06T09:59:00Z,None,55.0,45.0,55.2,false,false
,JOLTS Job Openings,USD,2020-10-06T10:00:00Z,None,6.50M,6.70M,6.49M,false,false
,FOMC Member Powell Speaks,USD,2020-10-06T10:40:00Z,High,,,,false,false
,GDT Price Index,NZD,2020-10-06T10:57:00Z,None,,3.6%,2.2%,false,false
,FOMC Member Harker Speaks,USD,2020-10-06T11:45:00Z,None,,,,false,false
,API Weekly Statistical Bulletin,USD,2020-10-06T16:30:00Z,None,,,,false,false
,AIG Services Index,AUD,2020-10-06T17:30:00Z,None,,42.5,36.2,false,false
,FOMC Member Kaplan Speaks,USD,2020-10-06T18:00:00Z,None,,,,false,false
,BOJ Gov Kuroda Speaks,JPY,2020-10-06T19:05:00Z,None,,,,false,false
,Leading Indicators,JPY,2020-10-07T01:00:00Z,None,89.2%,86.7%,88.8%,false,false
,German Industrial Production m/m,EUR,2020-10-07T01:55:00Z,None,1.5%,1.4%,-0.2%,false,false
,French Trade Balance,EUR,2020-10-07T02:45:00Z,None,-6.5B,-7.0B,-7.7B,false,false
,Foreign Currency Reserves,CHF,2020-10-07T03:00:00Z,None,,849B,874B,false,false
,Lloyds HPI m/m,GBP,2020-10-07T03:32:00Z,None,1.5%,1.7%,1.6%,false,false
,Italian Retail Sales m/m,EUR,2020-10-07T04:00:00Z,None,3.8%,-6.0%,8.2%,false,false
,HPI y/y,GBP,2020-10-07T04:30:00Z,None,3.4%,2.9%,2.3%,false,false
,10-y Bond Auction,GBP,2020-10-07T05:07:00Z,None,,0.26|3.0,0.31|2.8,false,false
,German 10-y Bond Auction,EUR,2020-10-07T05:34:00Z,None,,-0.50|2.0,-0.51|2.1,false,false
,ECB President Lagarde Speaks,EUR,2020-10-07T08:10:00Z,None,,,,false,false
,Ivey PMI,CAD,2020-10-07T10:00:00Z,None,64.5,67.8,54.3,false,false
,Crude Oil Inventories,USD,2020-10-07T10:30:00Z,None,-1.2M,-2.0M,0.5M,false,false
,10-y Bond Auction,USD,2020-10-07T13:01:00Z,None,,0.70|2.3,0.77|2.5,false,false
,FOMC Meeting Minutes,USD,2020-10-07T14:00:00Z,High,,,,false,false
,FOMC Member Kashkari Speaks,USD,2020-10-07T14:40:00Z,None,,,,false,false
,Consumer Credit m/m,USD,2020-10-07T15:00:00Z,None,14.9B,14.7B,-7.2B,false,false
,FOMC Member Williams Speaks,USD,2020-10-07T15:00:00Z,None,,,,false,false
,RICS House Price Balance,GBP,2020-10-07T19:01:00Z,None,39%,44%,61%,false,false
,Current Account,JPY,2020-10-07T19:50:00Z,None,1.50T,0.96T,1.65T,false,false
,Prelim ANZ Business Confidence,NZD,2020-10-07T20:00:00Z,None,,-28.5,-14.5,false,false
,Economy Watchers Sentiment,JPY,2020-10-08T01:02:00Z,None,45.0,43.9,49.3,false,false
,Unemployment Rate,CHF,2020-10-08T01:45:00Z,None,3.4%,3.4%,3.3%,false,false
,German Trade Balance,EUR,2020-10-08T01:59:00Z,None,17.1B,18.0B,15.7B,false,false
,BOE Gov Bailey Speaks,GBP,2020-10-08T03:25:00Z,High,,,,false,false
,SNB Chairman Jordan Speaks,CHF,2020-10-08T05:30:00Z,None,,,,false,false
,FPC Meeting Minutes,GBP,2020-10-08T05:30:00Z,None,,,,false,false
,FPC Statement,GBP,2020-10-08T05:30:00Z,None,,,,false,false
,ECB Monetary Policy Meeting Accounts,EUR,2020-10-08T07:30:00Z,None,,,,false,false
,Housing Starts,CAD,2020-10-08T08:13:00Z,None,240K,262K,209K,false,false
,BOC Gov Macklem Speaks,CAD,2020-10-08T08:30:00Z,High,,,,false,false
,Unemployment Claims,USD,2020-10-08T08:30:00Z,None,820K,849K,840K,false,false
,Natural Gas Storage,USD,2020-10-08T10:30:00Z,None,73B,76B,75B,false,false
,30-y Bond Auction,USD,2020-10-08T13:01:00Z,None,,1.47|2.3,1.58|2.3,false,false
,Average Cash Earnings y/y,JPY,2020-10-08T19:30:00Z,None,-1.2%,-1.5%,-1.3%,false,false
,Household Spending y/y,JPY,2020-10-08T19:30:00Z,None,-6.6%,-7.6%,-6.9%,false,false
,RBA Financial Stability Review,AUD,2020-10-08T20:30:00Z,High,,,,false,false
,RatingDog Services PMI,CNY,2020-10-08T21:45:00Z,None,54.5,54.0,54.8,false,false
,Manufacturing Production m/m,GBP,2020-10-09T02:00:00Z,None,3.2%,6.9%,0.7%,false,false
,GDP m/m,GBP,2020-10-09T02:00:00Z,None,4.6%,6.4%,2.1%,false,false
,Goods Trade Balance,GBP,2020-10-09T02:00:00Z,None,-9.1B,-7.9B,-9.0B,false,false
,Index of Services 3m/3m,GBP,2020-10-09T02:00:00Z,None,7.0%,-7.1%,7.1%,false,false
,Industrial Production m/m,GBP,2020-10-09T02:00:00Z,None,2.6%,5.2%,0.3%,false,false
,Construction Output m/m,GBP,2020-10-09T02:00:00Z,None,5.1%,17.2%,3.0%,false,false
,French Industrial Production m/m,EUR,2020-10-09T02:45:00Z,None,2.1%,3.8%,1.3%,false,false
,Italian Industrial Production m/m,EUR,2020-10-09T04:00:00Z,None,1.3%,7.0%,7.7%,false,false
,Employment Change,CAD,2020-10-09T08:30:00Z,High,150.0K,245.8K,378.2K,false,false
,Unemployment Rate,CAD,2020-10-09T08:30:00Z,High,9.8%,10.2%,9.0%,false,false
,NIESR GDP Estimate,GBP,2020-10-09T08:48:00Z,None,,8.0%,15.2%,false,false
,Final Wholesale Inventories m/m,USD,2020-10-09T10:00:00Z,None,0.5%,0.5%,0.4%,false,false
,Visitor Arrivals m/m,NZD,2020-10-11T17:53:00Z,None,,8.8%,104.7%,false,false
,PPI y/y,JPY,2020-10-11T19:50:00Z,None,-0.5%,-0.6%,-0.8%,false,false
,Core Machinery Orders m/m,JPY,2020-10-11T19:50:00Z,None,-1.0%,6.3%,0.2%,false,false
,Bank Lending y/y,JPY,2020-10-11T19:50:00Z,None,6.5%,6.7%,6.4%,false,false
,Bank Holiday,CAD,2020-10-12T00:00:00Z,None,,,,true,false
,Bank Holiday,USD,2020-10-12T00:00:00Z,None,,,,true,false
,SECO Economic Forecasts,CHF,2020-10-12T01:45:00Z,None,,,,false,false
,Prelim Machine Tool Orders y/y,JPY,2020-10-12T01:58:00Z,None,,-23.2%,-15.0%,false,false
,German WPI m/m,EUR,2020-10-12T01:59:00Z,None,0.2%,-0.4%,0.0%,false,false
,MPC Member Haskel Speaks,GBP,2020-10-12T10:00:00Z,None,,,,false,false
,BOE Gov Bailey Speaks,GBP,2020-10-12T12:00:00Z,None,,,,false,false
,FPI m/m,NZD,2020-10-12T17:45:00Z,None,,0.7%,-1.0%,false,false
,BRC Retail Sales Monitor y/y,GBP,2020-10-12T19:01:00Z,None,3.5%,4.7%,6.1%,false,false
,M2 Money Stock y/y,JPY,2020-10-12T19:50:00Z,None,9.1%,8.6%,9.0%,false,false
,Trade Balance,CNY,2020-10-12T23:03:00Z,None,420B,417B,258B,false,false
,USD-Denominated Trade Balance,CNY,2020-10-12T23:04:00Z,None,59.3B,58.9B,37.0B,false,false
,German Final CPI m/m,EUR,2020-10-13T01:59:00Z,None,-0.2%,-0.2%,-0.2%,false,false
,Claimant Count Change,GBP,2020-10-13T02:00:00Z,None,78.8K,39.5K,28.1K,false,false
,Unemployment Rate,GBP,2020-10-13T02:00:00Z,None,4.3%,4.1%,4.5%,false,false
,Average Earnings Index 3m/y,GBP,2020-10-13T02:02:00Z,None,-0.6%,-1.0%,0.0%,false,false
,German ZEW Economic Sentiment,EUR,2020-10-13T05:00:00Z,None,74.1,77.4,56.1,false,false
,ZEW Economic Sentiment,EUR,2020-10-13T05:00:00Z,None,72.0,73.9,52.3,false,false
,NFIB Small Business Index,USD,2020-10-13T06:00:00Z,None,100.9,100.2,104.0,false,false
,Core CPI y/y,USD,2020-10-13T08:30:00Z,High,1.7%,1.7%,1.7%,false,false
,CPI m/m,USD,2020-10-13T08:30:00Z,None,0.2%,0.4%,0.2%,false,false
,Core CPI m/m,USD,2020-10-13T08:30:00Z,None,0.2%,0.4%,0.2%,false,false
,CPI y/y,USD,2020-10-13T08:30:00Z,High,1.4%,1.3%,1.4%,false,false
,BOE Gov Bailey Speaks,GBP,2020-10-13T10:00:00Z,High,,,,false,false
,Westpac Consumer Sentiment,AUD,2020-10-13T19:30:00Z,None,,18.0%,11.9%,false,false
,Revised Industrial Production m/m,JPY,2020-10-14T00:30:00Z,None,1.7%,1.7%,1.0%,false,false
,ECB President Lagarde Speaks,EUR,2020-10-14T04:00:00Z,None,,,,false,false
,M2 Money Supply y/y,CNY,2020-10-14T04:32:00Z,None,10.4%,10.4%,10.9%,false,false
,New Loans,CNY,2020-10-14T04:32:00Z,None,1700B,1280B,1900B,false,false
,Industrial Production m/m,EUR,2020-10-14T05:00:00Z,None,0.8%,5.0%,0.7%,false,false
,German 30-y Bond Auction,EUR,2020-10-14T05:36:00Z,None,,-0.07|1.9,-0.16|2.4,false,false
,Core PPI m/m,USD,2020-10-14T08:30:00Z,None,0.2%,0.4%,0.4%,false,false
,PPI m/m,USD,2020-10-14T08:30:00Z,None,0.2%,0.3%,0.4%,false,false
,FOMC Member Clarida Speaks,USD,2020-10-14T09:00:00Z,None,,,,false,false
,MPC Member Haldane Speaks,GBP,2020-10-14T09:00:00Z,None,,,,false,false
,FOMC Member Quarles Speaks,USD,2020-10-14T10:30:00Z,None,,,,false,false
,Gov Council Member Lane Speaks,CAD,2020-10-14T10:30:00Z,None,,,,false,false
,FOMC Member Quarles Speaks,USD,2020-10-14T15:00:00Z,None,,,,false,false
,API Weekly Statistical Bulletin,USD,2020-10-14T16:30:00Z,None,,,,false,false
,RBA Gov Lowe Speaks,AUD,2020-10-14T17:45:00Z,High,,,,false,false
,FOMC Member Kaplan Speaks,USD,2020-10-14T18:00:00Z,None,,,,false,false
,MI Inflation Expectations,AUD,2020-10-14T20:00:00Z,None,,3.1%,3.4%,false,false
,Unemployment Rate,AUD,2020-10-14T20:30:00Z,High,7.0%,6.8%,6.9%,false,false
,Employment Change,AUD,2020-10-14T20:30:00Z,High,-38.0K,129.1K,-29.5K,false,false
,CPI y/y,CNY,2020-10-14T21:30:00Z,None,1.9%,2.4%,1.7%,false,false
,PPI y/y,CNY,2020-10-14T21:30:00Z,None,-1.9%,-2.0%,-2.1%,false,false
,EU Economic Summit,EUR,2020-10-15T00:00:00Z,High,,,,true,false
,Tertiary Industry Activity m/m,JPY,2020-10-15T00:30:00Z,None,1.2%,0.1%,0.8%,false,false
,PPI m/m,CHF,2020-10-15T02:30:00Z,None,0.2%,-0.4%,0.1%,false,false
,French Final CPI m/m,EUR,2020-10-15T02:45:00Z,None,-0.5%,-0.5%,-0.5%,false,false
,BOE Credit Conditions Survey,GBP,2020-10-15T04:30:00Z,None,,,,false,false
,Philly Fed Manufacturing Index,USD,2020-10-15T08:30:00Z,None,14.4,15.0,32.3,false,false
,Unemployment Claims,USD,2020-10-15T08:30:00Z,None,810K,845K,898K,false,false
,Empire State Manufacturing Index,USD,2020-10-15T08:30:00Z,None,13.9,17.0,10.5,false,false
,Import Prices m/m,USD,2020-10-15T08:30:00Z,None,0.3%,0.9%,0.3%,false,false
,ADP Non-Farm Employment Change,CAD,2020-10-15T08:32:00Z,None,,-770.6K,-240.8K,false,false
,MPC Member Cunliffe Speaks,GBP,2020-10-15T09:00:00Z,None,,,,false,false
,CB Leading Index m/m,GBP,2020-10-15T09:30:00Z,None,,0.8%,0.5%,false,false
,Gov Council Member Lane Speaks,CAD,2020-10-15T09:45:00Z,None,,,,false,false
,Natural Gas Storage,USD,2020-10-15T10:30:00Z,None,58B,75B,46B,false,false
,Crude Oil Inventories,USD,2020-10-15T11:00:00Z,None,-2.1M,0.5M,-3.8M,false,false
,FOMC Member Kaplan Speaks,USD,2020-10-15T11:00:00Z,None,,,,false,false
,FOMC Member Quarles Speaks,USD,2020-10-15T11:00:00Z,None,,,,false,false
,ECB President Lagarde Speaks,EUR,2020-10-15T12:00:00Z,None,,,,false,false
,FOMC Member Kashkari Speaks,USD,2020-10-15T17:00:00Z,None,,,,false,false
,BusinessNZ Manufacturing Index,NZD,2020-10-15T17:30:00Z,None,,51.0,54.0,false,false
,IMF Meetings,All,2020-10-16T00:00:00Z,None,,,,false,false
,Parliamentary Elections,NZD,2020-10-16T00:00:00Z,High,,,,true,false
,RBA Annual Report,AUD,2020-10-16T00:30:00Z,None,,,,false,false
,Foreign Direct Investment ytd/y,CNY,2020-10-16T04:57:00Z,None,,2.6%,5.2%,false,false
,Final Core CPI y/y,EUR,2020-10-16T05:00:00Z,None,0.2%,0.2%,0.2%,false,false
,Final CPI y/y,EUR,2020-10-16T05:00:00Z,None,-0.3%,-0.3%,-0.3%,false,false
,Trade Balance,EUR,2020-10-16T05:00:00Z,None,18.1B,19.3B,21.9B,false,false
,Italian Trade Balance,EUR,2020-10-16T05:02:00Z,None,7.23B,9.69B,3.93B,false,false
,Foreign Securities Purchases,CAD,2020-10-16T08:30:00Z,None,-3.01B,-8.49B,15.51B,false,false
,Manufacturing Sales m/m,CAD,2020-10-16T08:30:00Z,None,-1.4%,7.2%,-2.0%,false,false
,Core Retail Sales m/m,USD,2020-10-16T08:30:00Z,High,0.4%,0.5%,1.5%,false,false
,Retail Sales m/m,USD,2020-10-16T08:30:00Z,High,0.7%,0.6%,1.9%,false,false
,Capacity Utilization Rate,USD,2020-10-16T09:15:00Z,None,72.1%,72.0%,71.5%,false,false
,Industrial Production m/m,USD,2020-10-16T09:15:00Z,None,0.6%,0.4%,-0.6%,false,false
,Prelim UoM Consumer Sentiment,USD,2020-10-16T10:00:00Z,None,80.2,80.4,81.2,false,false
,Business Inventories m/m,USD,2020-10-16T10:00:00Z,None,0.3%,0.1%,0.3%,false,false
,Prelim UoM Inflation Expectations,USD,2020-10-16T10:00:00Z,None,,2.6%,2.7%,false,false
,Federal Budget Balance,USD,2020-10-16T14:00:00Z,None,-123.3B,-200.1B,-124.6B,false,false
,TIC Long-Term Purchases,USD,2020-10-16T16:00:00Z,None,20.0B,11.3B,27.8B,false,false
,IMF Meetings,All,2020-10-17T00:00:00Z,None,,,,false,false
,IMF Meetings,All,2020-10-18T00:00:00Z,None,,,,false,false
,ECB President Lagarde Speaks,EUR,2020-10-18T09:05:00Z,None,,,,false,false
,BusinessNZ Services Index,NZD,2020-10-18T17:30:00Z,None,,47.2,50.3,false,false
,Rightmove HPI m/m,GBP,2020-10-18T19:01:00Z,None,,0.2%,1.1%,false,false
,Trade Balance,JPY,2020-10-18T19:50:00Z,None,0.85T,0.36T,0.48T,false,false
,GDP q/y,CNY,2020-10-18T21:59:00Z,High,5.5%,3.2%,4.9%,false,false
,NBS Press Conference,CNY,2020-10-18T22:00:00Z,None,,,,false,false
,Unemployment Rate,CNY,2020-10-18T22:00:00Z,None,5.5%,5.6%,5.4%,false,false
,Retail Sales y/y,CNY,2020-10-18T22:00:00Z,None,1.7%,0.5%,3.3%,false,false
,Industrial Production y/y,CNY,2020-10-18T22:00:00Z,None,5.8%,5.6%,6.9%,false,false
,Fixed Asset Investment ytd/y,CNY,2020-10-18T22:00:00Z,None,0.9%,-0.3%,0.8%,false,false
,OPEC-JMMC Meetings,All,2020-10-19T00:00:00Z,High,,,,true,false
,FOMC Member Powell Speaks,USD,2020-10-19T08:00:00Z,High,,,,false,false
,Wholesale Sales m/m,CAD,2020-10-19T08:30:00Z,None,0.1%,5.2%,0.3%,false,false
,ECB President Lagarde Speaks,EUR,2020-10-19T08:45:00Z,None,,,,false,false
,NAHB Housing Market Index,USD,2020-10-19T10:00:00Z,None,83,83,85,false,false
,MPC Member Cunliffe Speaks,GBP,2020-10-19T10:05:00Z,None,,,,false,false
,BOC Business Outlook Survey,CAD,2020-10-19T10:30:00Z,None,,,,false,false
,MPC Member Cunliffe Speaks,GBP,2020-10-19T11:00:00Z,None,,,,false,false
,FOMC Member Clarida Speaks,USD,2020-10-19T11:45:00Z,None,,,,false,false
,FOMC Member Harker Speaks,USD,2020-10-19T15:00:00Z,None,,,,false,false
,NZIER Business Confidence,NZD,2020-10-19T17:00:00Z,None,,-63,-40,false,false
,RBA Assist Gov Kent Speaks,AUD,2020-10-19T19:00:00Z,None,,,,false,false
,Monetary Policy Meeting Minutes,AUD,2020-10-19T20:30:00Z,High,,,,false,false
,New Home Prices m/m,CNY,2020-10-19T21:30:00Z,None,,0.56%,0.34%,false,false
,1-y Loan Prime Rate,CNY,2020-10-19T21:30:00Z,None,3.85%,3.85%,3.85%,false,false
,5-y Loan Prime Rate,CNY,2020-10-19T21:30:00Z,None,4.65%,4.65%,4.65%,false,false
,Trade Balance,CHF,2020-10-20T02:00:00Z,None,4.32B,3.54B,3.28B,false,false
,German PPI m/m,EUR,2020-10-20T02:00:00Z,None,0.1%,0.0%,0.4%,false,false
,Current Account,EUR,2020-10-20T04:00:00Z,None,17.2B,17.0B,19.9B,false,false
,Building Permits,USD,2020-10-20T08:30:00Z,None,1.52M,1.48M,1.55M,false,false
,Housing Starts,USD,2020-10-20T08:30:00Z,None,1.45M,1.39M,1.42M,false,false
,FOMC Member Williams Speaks,USD,2020-10-20T09:00:00Z,None,,,,false,false
,CB Leading Index m/m,CNY,2020-10-20T09:00:00Z,None,,1.0%,1.3%,false,false
,CB Leading Index m/m,AUD,2020-10-20T10:30:00Z,None,,-0.3%,0.8%,false,false
,GDT Price Index,NZD,2020-10-20T10:39:00Z,None,,2.2%,0.4%,false,false
,FOMC Member Quarles Speaks,USD,2020-10-20T10:50:00Z,None,,,,false,false
,API Weekly Statistical Bulletin,USD,2020-10-20T16:30:00Z,None,,,,false,false
,MI Leading Index m/m,AUD,2020-10-20T19:30:00Z,None,,0.5%,0.2%,false,false
,Retail Sales m/m,AUD,2020-10-20T20:30:00Z,None,-1.1%,-4.0%,-1.5%,false,false
,Credit Card Spending y/y,NZD,2020-10-20T22:00:00Z,None,,-11.8%,-9.9%,false,false
,CPI y/y,GBP,2020-10-21T02:00:00Z,None,0.4%,0.2%,0.5%,false,false
,Core CPI y/y,GBP,2020-10-21T02:00:00Z,None,1.3%,0.9%,1.3%,false,false
,Public Sector Net Borrowing,GBP,2020-10-21T02:00:00Z,None,32.5B,29.4B,35.4B,false,false
,RPI y/y,GBP,2020-10-21T02:00:00Z,None,1.2%,0.5%,1.1%,false,false
,PPI Input m/m,GBP,2020-10-21T02:03:00Z,None,-0.9%,-0.2%,1.1%,false,false
,PPI Output m/m,GBP,2020-10-21T02:03:00Z,None,-0.1%,0.1%,-0.1%,false,false
,ECB President Lagarde Speaks,EUR,2020-10-21T03:30:00Z,None,,,,false,false
,HPI y/y,GBP,2020-10-21T04:30:00Z,None,2.4%,2.1%,2.5%,false,false
,MPC Member Ramsden Speaks,GBP,2020-10-21T08:10:00Z,None,,,,false,false
,CPI m/m,CAD,2020-10-21T08:30:00Z,High,-0.1%,-0.1%,-0.1%,false,false
,Core Retail Sales m/m,CAD,2020-10-21T08:30:00Z,None,0.9%,-0.1%,0.5%,false,false
,Retail Sales m/m,CAD,2020-10-21T08:30:00Z,None,1.0%,1.0%,0.4%,false,false
,Common CPI y/y,CAD,2020-10-21T08:30:00Z,None,1.5%,1.5%,1.5%,false,false
,Median CPI y/y,CAD,2020-10-21T08:30:00Z,None,1.9%,1.9%,1.9%,false,false
,NHPI m/m,CAD,2020-10-21T08:30:00Z,None,0.5%,0.5%,1.2%,false,false
,Trimmed CPI y/y,CAD,2020-10-21T08:30:00Z,None,1.7%,1.7%,1.8%,false,false
,Core CPI m/m,CAD,2020-10-21T08:32:00Z,None,,0.0%,0.1%,false,false
,FOMC Member Brainard Speaks,USD,2020-10-21T08:50:00Z,None,,,,false,false
,FOMC Member Mester Speaks,USD,2020-10-21T10:00:00Z,None,,,,false,false
,Crude Oil Inventories,USD,2020-10-21T10:30:00Z,None,0.5M,-3.8M,-1.0M,false,false
,Beige Book,USD,2020-10-21T14:00:00Z,None,,,,false,false
,RBA Deputy Gov Debelle Speaks,AUD,2020-10-21T18:30:00Z,None,,,,false,false
,German GfK Consumer Climate,EUR,2020-10-22T02:00:00Z,None,-2.9,-1.7,-3.1,false,false
,MPC Member Haldane Speaks,GBP,2020-10-22T04:30:00Z,None,,,,false,false
,BOE Gov Bailey Speaks,GBP,2020-10-22T05:25:00Z,High,,,,false,false
,CBI Industrial Order Expectations,GBP,2020-10-22T06:00:00Z,None,-50,-48,-34,false,false
,30-y Bond Auction,GBP,2020-10-22T06:34:00Z,None,,0.83|2.2,0.84|2.2,false,false
,Unemployment Claims,USD,2020-10-22T08:30:00Z,None,860K,842K,787K,false,false
,Consumer Confidence,EUR,2020-10-22T09:52:00Z,None,-15,-14,-16,false,false
,CB Leading Index m/m,USD,2020-10-22T10:00:00Z,None,0.8%,1.4%,0.7%,false,false
,Existing Home Sales,USD,2020-10-22T10:00:00Z,None,6.20M,5.98M,6.54M,false,false
,Natural Gas Storage,USD,2020-10-22T10:30:00Z,None,52B,46B,49B,false,false
,CPI q/q,NZD,2020-10-22T17:45:00Z,None,0.9%,-0.5%,0.7%,false,false
,Flash Manufacturing PMI,AUD,2020-10-22T18:00:00Z,None,,55.4,54.2,false,false
,Flash Services PMI,AUD,2020-10-22T18:00:00Z,None,,50.8,53.8,false,false
,GfK Consumer Confidence,GBP,2020-10-22T19:01:00Z,None,-28,-25,-31,false,false
,National Core CPI y/y,JPY,2020-10-22T19:30:00Z,None,-0.4%,-0.4%,-0.3%,false,false
,Flash Manufacturing PMI,JPY,2020-10-22T20:30:00Z,None,48.4,47.7,48.0,false,false
,Retail Sales m/m,GBP,2020-10-23T02:00:00Z,None,0.0%,0.9%,1.5%,false,false
,French Flash Services PMI,EUR,2020-10-23T03:15:00Z,High,47.0,47.5,46.5,false,false
,French Flash Manufacturing PMI,EUR,2020-10-23T03:15:00Z,None,51.3,51.2,51.0,false,false
,German Flash Manufacturing PMI,EUR,2020-10-23T03:30:00Z,High,55.0,56.4,58.0,false,false
,German Flash Services PMI,EUR,2020-10-23T03:30:00Z,High,49.6,50.6,48.9,false,false
,Flash Manufacturing PMI,EUR,2020-10-23T04:00:00Z,None,53.0,53.7,54.4,false,false
,Flash Services PMI,EUR,2020-10-23T04:00:00Z,None,47.1,48.0,46.2,false,false
,Flash Manufacturing PMI,GBP,2020-10-23T04:30:00Z,None,53.2,54.1,53.3,false,false
,Flash Services PMI,GBP,2020-10-23T04:30:00Z,None,53.4,56.1,52.3,false,false
,Belgian NBB Business Climate,EUR,2020-10-23T08:59:00Z,None,-11.2,-10.8,-8.5,false,false
,Flash Services PMI,USD,2020-10-23T09:45:00Z,None,54.7,54.6,56.0,false,false
,Flash Manufacturing PMI,USD,2020-10-23T09:45:00Z,None,53.5,53.2,53.3,false,false
,Daylight Saving Time Shift,EUR,2020-10-24T22:00:00Z,None,,,,false,false
,Daylight Saving Time Shift,CHF,2020-10-24T22:00:00Z,None,,,,false,false
,Daylight Saving Time Shift,GBP,2020-10-24T22:00:00Z,None,,,,false,false
,Bank Holiday,NZD,2020-10-25T00:00:00Z,None,,,,true,false
,SPPI y/y,JPY,2020-10-25T19:50:00Z,None,1.0%,1.1%,1.3%,false,false
,Goods Trade Balance,AUD,2020-10-25T20:30:00Z,None,,4.11B,5.11B,false,false
,German ifo Business Climate,EUR,2020-10-26T05:00:00Z,None,93.1,93.2,92.7,false,false
,German Buba Monthly Report,EUR,2020-10-26T07:00:00Z,None,,,,false,false
,New Home Sales,USD,2020-10-26T10:00:00Z,None,1025K,994K,959K,false,false
,SNB Chairman Jordan Speaks,CHF,2020-10-26T10:30:00Z,None,,,,false,false
,Trade Balance,NZD,2020-10-26T17:45:00Z,None,-1015M,-282M,-1017M,false,false
,RBA Deputy Gov Debelle Speaks,AUD,2020-10-26T22:30:00Z,None,,,,false,false
,BOJ Core CPI y/y,JPY,2020-10-27T00:59:00Z,None,0.0%,0.0%,-0.1%,false,false
,RBA Gov Bullock Speaks,AUD,2020-10-27T02:00:00Z,None,,,,false,false
,Spanish Unemployment Rate,EUR,2020-10-27T04:00:00Z,None,16.0%,15.3%,16.3%,false,false
,M3 Money Supply y/y,EUR,2020-10-27T05:00:00Z,None,9.6%,9.5%,10.4%,false,false
,Private Loans y/y,EUR,2020-10-27T05:00:00Z,None,3.1%,3.0%,3.1%,false,false
,CBI Realized Sales,GBP,2020-10-27T07:00:00Z,None,-1,11,-23,false,false
,Core Durable Goods Orders m/m,USD,2020-10-27T08:30:00Z,None,0.3%,0.6%,0.8%,false,false
,Durable Goods Orders m/m,USD,2020-10-27T08:30:00Z,None,0.5%,0.5%,1.9%,false,false
,HPI m/m,USD,2020-10-27T09:00:00Z,None,0.7%,1.1%,1.5%,false,false
,S&P/CS Composite-20 HPI y/y,USD,2020-10-27T09:00:00Z,None,4.2%,4.1%,5.2%,false,false
,Richmond Manufacturing Index,USD,2020-10-27T09:59:00Z,None,18,21,29,false,false
,CB Consumer Confidence,USD,2020-10-27T10:00:00Z,None,102.1,101.3,100.9,false,false
,API Weekly Statistical Bulletin,USD,2020-10-27T16:30:00Z,None,,,,false,false
,BRC Shop Price Index y/y,GBP,2020-10-27T20:01:00Z,None,,-1.6%,-1.2%,false,false
,CPI m/m,AUD,2020-10-27T20:30:00Z,High,1.5%,-1.9%,1.6%,false,false
,Trimmed Mean CPI m/m,AUD,2020-10-27T20:30:00Z,High,0.3%,-0.1%,0.4%,false,false
,German Import Prices m/m,EUR,2020-10-28T03:00:00Z,None,-0.3%,0.1%,0.3%,false,false
,UBS Economic Expectations,CHF,2020-10-28T05:00:00Z,None,,26.2,2.3,false,false
,10-y Bond Auction,GBP,2020-10-28T06:03:00Z,None,,0.31|2.8,0.24|3.0,false,false
,Prelim Wholesale Inventories m/m,USD,2020-10-28T08:30:00Z,None,0.4%,0.4%,-0.1%,false,false
,Goods Trade Balance,USD,2020-10-28T08:30:00Z,None,-84.8B,-83.1B,-79.4B,false,false
,BOC Rate Statement,CAD,2020-10-28T10:00:00Z,High,,,,false,false
,BOC Monetary Policy Report,CAD,2020-10-28T10:00:00Z,High,,,,false,false
,Overnight Rate,CAD,2020-10-28T10:00:00Z,None,0.25%,0.25%,0.25%,false,false
,Crude Oil Inventories,USD,2020-10-28T10:30:00Z,None,1.5M,-1.0M,4.3M,false,false
,BOC Press Conference,CAD,2020-10-28T11:00:00Z,High,,,,false,false
,FOMC Member Kaplan Speaks,USD,2020-10-28T18:00:00Z,None,,,,false,false
,Retail Sales y/y,JPY,2020-10-28T19:50:00Z,None,-7.5%,-1.9%,-8.7%,false,false
,ANZ Business Confidence,NZD,2020-10-28T20:00:00Z,None,,-14.5,-15.7,false,false
,Import Prices q/q,AUD,2020-10-28T20:30:00Z,None,-2.1%,-1.9%,-3.5%,false,false
,NAB Quarterly Business Confidence,AUD,2020-10-28T20:30:00Z,None,,-15,-10,false,false
,BOJ Outlook Report,JPY,2020-10-28T23:12:00Z,High,,,,false,false
,BOJ Policy Rate,JPY,2020-10-28T23:12:00Z,None,-0.10%,-0.10%,-0.10%,false,false
,Monetary Policy Statement,JPY,2020-10-28T23:12:00Z,High,,,,false,false
,German Prelim CPI m/m,EUR,2020-10-29T00:00:00Z,None,0.0%,-0.2%,0.1%,true,false
,EU Economic Summit,EUR,2020-10-29T00:00:00Z,None,,,,true,false
,Consumer Confidence,JPY,2020-10-29T01:00:00Z,None,35.2,32.7,33.6,false,false
,BOJ Press Conference,JPY,2020-10-29T02:30:00Z,None,,,,false,false
,Spanish Flash CPI y/y,EUR,2020-10-29T04:00:00Z,None,-0.4%,-0.4%,-0.9%,false,false
,German Unemployment Change,EUR,2020-10-29T04:55:00Z,None,-5K,-10K,-35K,false,false
,M4 Money Supply m/m,GBP,2020-10-29T05:30:00Z,None,0.3%,-0.5%,0.9%,false,false
,Mortgage Approvals,GBP,2020-10-29T05:32:00Z,None,76K,86K,91K,false,false
,Net Lending to Individuals m/m,GBP,2020-10-29T05:32:00Z,None,4.2B,3.3B,4.2B,false,false
,Italian 10-y Bond Auction,EUR,2020-10-29T06:16:00Z,None,,0.89|1.3,0.79|1.3,false,false
,Building Permits m/m,CAD,2020-10-29T08:30:00Z,None,18.0%,1.4%,17.0%,false,false
,Advance GDP q/q,USD,2020-10-29T08:30:00Z,High,32.0%,-31.4%,33.1%,false,false
,Unemployment Claims,USD,2020-10-29T08:30:00Z,None,773K,791K,751K,false,false
,Advance GDP Price Index q/q,USD,2020-10-29T08:32:00Z,None,2.9%,-1.8%,3.6%,false,false
,Monetary Policy Statement,EUR,2020-10-29T08:45:00Z,High,,,,false,false
,Main Refinancing Rate,EUR,2020-10-29T08:45:00Z,High,0.00%,0.00%,0.00%,false,false
,ECB Press Conference,EUR,2020-10-29T09:30:00Z,High,,,,false,false
,Pending Home Sales m/m,USD,2020-10-29T10:00:00Z,None,3.1%,8.8%,-2.2%,false,false
,Natural Gas Storage,USD,2020-10-29T10:30:00Z,None,35B,49B,29B,false,false
,Tokyo Core CPI y/y,JPY,2020-10-29T19:30:00Z,None,-0.5%,-0.2%,-0.5%,false,false
,Unemployment Rate,JPY,2020-10-29T19:30:00Z,None,3.1%,3.0%,3.0%,false,false
,Prelim Industrial Production m/m,JPY,2020-10-29T19:50:00Z,None,3.0%,1.0%,4.0%,false,false
,PPI q/q,AUD,2020-10-29T20:30:00Z,None,0.4%,-1.2%,0.4%,false,false
,Private Sector Credit m/m,AUD,2020-10-29T20:30:00Z,None,0.1%,0.0%,0.1%,false,false
,Housing Starts y/y,JPY,2020-10-30T01:00:00Z,None,-8.6%,-9.1%,-9.9%,false,false
,French Flash GDP q/q,EUR,2020-10-30T02:30:00Z,None,15.0%,-13.7%,18.2%,false,false
,French Consumer Spending m/m,EUR,2020-10-30T02:30:00Z,None,-1.5%,2.2%,-5.1%,false,false
,Nationwide HPI m/m,GBP,2020-10-30T02:52:00Z,None,0.4%,0.9%,0.8%,false,false
,German Retail Sales m/m,EUR,2020-10-30T03:00:00Z,None,-0.6%,1.8%,-2.2%,false,false
,Retail Sales y/y,CHF,2020-10-30T03:30:00Z,None,2.8%,4.0%,0.3%,false,false
,French Prelim CPI m/m,EUR,2020-10-30T03:45:00Z,None,0.0%,-0.5%,-0.1%,false,false
,KOF Economic Barometer,CHF,2020-10-30T04:00:00Z,None,107.9,110.1,106.6,false,false
,Italian Monthly Unemployment Rate,EUR,2020-10-30T04:00:00Z,None,10.1%,9.7%,9.6%,false,false
,Spanish Flash GDP q/q,EUR,2020-10-30T04:00:00Z,None,13.5%,-17.8%,16.7%,false,false
,German Prelim GDP q/q,EUR,2020-10-30T05:00:00Z,None,7.3%,-9.7%,8.2%,false,false
,Italian Prelim GDP q/q,EUR,2020-10-30T05:00:00Z,None,11.1%,-12.8%,16.1%,false,false
,Italian Prelim CPI m/m,EUR,2020-10-30T05:58:00Z,None,0.2%,-0.7%,0.2%,false,false
,Unemployment Rate,EUR,2020-10-30T06:00:00Z,None,8.2%,8.3%,8.3%,false,false
,Core CPI Flash Estimate y/y,EUR,2020-10-30T06:00:00Z,None,0.2%,0.2%,0.2%,false,false
,CPI Flash Estimate y/y,EUR,2020-10-30T06:00:00Z,None,-0.3%,-0.3%,-0.3%,false,false
,Prelim Flash GDP q/q,EUR,2020-10-30T06:00:00Z,None,9.5%,-11.8%,12.7%,false,false
,GDP m/m,CAD,2020-10-30T08:30:00Z,High,0.9%,3.1%,1.2%,false,false
,IPPI m/m,CAD,2020-10-30T08:30:00Z,None,0.1%,0.3%,-0.1%,false,false
,RMPI m/m,CAD,2020-10-30T08:30:00Z,None,0.3%,3.1%,-2.2%,false,false
,Core PCE Price Index m/m,USD,2020-10-30T08:30:00Z,None,0.2%,0.3%,0.2%,false,false
,Personal Spending m/m,USD,2020-10-30T08:30:00Z,None,1.0%,1.0%,1.4%,false,false
,Employment Cost Index q/q,USD,2020-10-30T08:30:00Z,None,0.5%,0.5%,0.5%,false,false
,Personal Income m/m,USD,2020-10-30T08:30:00Z,None,0.3%,-2.5%,0.9%,false,false
,Chicago PMI,USD,2020-10-30T09:45:00Z,None,58.2,62.4,61.1,false,false
,Revised UoM Consumer Sentiment,USD,2020-10-30T10:00:00Z,None,81.2,81.2,81.8,false,false
,Revised UoM Inflation Expectations,USD,2020-10-30T10:00:00Z,None,,2.7%,2.6%,false,false
,German Buba President Weidmann Speaks,EUR,2020-10-30T10:30:00Z,None,,,,false,false
,Fed Announcement,USD,2020-10-30T11:00:00Z,High,,,,false,false
,Non-Manufacturing PMI,CNY,2020-10-30T21:00:00Z,None,56.2,55.9,56.2,false,false
,Manufacturing PMI,CNY,2020-10-30T21:00:00Z,None,51.4,51.5,51.4,false,false
,Daylight Saving Time Shift,CAD,2020-11-01T02:00:00Z,None,,,,false,false
,Daylight Saving Time Shift,USD,2020-11-01T02:00:00Z,None,,,,false,false
,AIG Manufacturing Index,AUD,2020-11-01T16:30:00Z,None,,46.7,56.3,false,false
,Building Consents m/m,NZD,2020-11-01T16:45:00Z,None,,0.2%,3.6%,false,false
,MI Inflation Gauge m/m,AUD,2020-11-01T19:00:00Z,None,,0.1%,-0.1%,false,false
,Final Manufacturing PMI,JPY,2020-11-01T19:30:00Z,None,48.0,48.0,48.7,false,false
,ANZ Job Advertisements m/m,AUD,2020-11-01T19:30:00Z,None,,8.3%,9.4%,false,false
,Building Approvals m/m,AUD,2020-11-01T19:30:00Z,None,1.5%,-2.3%,15.4%,false,false
,RatingDog Manufacturing PMI,CNY,2020-11-01T20:45:00Z,None,52.9,53.0,53.6,false,false
,Bank Holiday,JPY,2020-11-02T00:00:00Z,None,,,,true,false
,Commodity Prices y/y,AUD,2020-11-02T00:30:00Z,None,,-5.2%,-0.3%,false,false
,Spanish Manufacturing PMI,EUR,2020-11-02T03:15:00Z,None,51.0,50.8,52.5,false,false
,Manufacturing PMI,CHF,2020-11-02T03:30:00Z,None,53.6,53.1,52.3,false,false
,Italian Manufacturing PMI,EUR,2020-11-02T03:45:00Z,None,53.9,53.2,53.8,false,false
,French Final Manufacturing PMI,EUR,2020-11-02T03:50:00Z,None,51.0,51.0,51.3,false,false
,German Final Manufacturing PMI,EUR,2020-11-02T03:55:00Z,None,58.0,58.0,58.2,false,false
,Final Manufacturing PMI,EUR,2020-11-02T04:00:00Z,None,54.4,54.4,54.8,false,false
,Final Manufacturing PMI,GBP,2020-11-02T04:30:00Z,None,53.3,53.3,53.7,false,false
,Manufacturing PMI,CAD,2020-11-02T09:30:00Z,None,,56.0,55.5,false,false
,Final Manufacturing PMI,USD,2020-11-02T09:45:00Z,None,53.3,53.3,53.4,false,false
,ISM Manufacturing PMI,USD,2020-11-02T10:00:00Z,High,55.6,55.4,59.3,false,false
,Construction Spending m/m,USD,2020-11-02T10:00:00Z,None,1.0%,0.8%,0.3%,false,false
,ISM Manufacturing Prices,USD,2020-11-02T10:00:00Z,None,60.5,62.8,65.5,false,false
,Cash Rate,AUD,2020-11-02T22:30:00Z,High,0.10%,0.25%,0.10%,false,false
,RBA Rate Statement,AUD,2020-11-02T22:30:00Z,High,,,,false,false
,Omdia Total Vehicle Sales,USD,2020-11-03T00:00:00Z,None,16.5M,16.3M,16.2M,true,false
,Presidential Election,USD,2020-11-03T00:00:00Z,High,,,,true,false
,Congressional Elections,USD,2020-11-03T00:00:00Z,High,,,,true,false
,RBA Gov Lowe Speaks,AUD,2020-11-03T00:00:00Z,High,,,,false,false
,CPI m/m,CHF,2020-11-03T02:30:00Z,None,0.0%,0.0%,0.0%,false,false
,French Gov Budget Balance,EUR,2020-11-03T02:45:00Z,None,,-165.7B,-161.6B,false,false
,GDT Price Index,NZD,2020-11-03T09:12:00Z,None,,0.4%,-2.0%,false,false
,Factory Orders m/m,USD,2020-11-03T10:00:00Z,None,1.0%,0.6%,1.1%,false,false
,API Weekly Statistical Bulletin,USD,2020-11-03T16:30:00Z,None,,,,false,false
,AIG Construction Index,AUD,2020-11-03T16:30:00Z,None,,45.2,52.7,false,false
,Employment Change q/q,NZD,2020-11-03T16:45:00Z,High,-0.7%,-0.3%,-0.8%,false,false
,Unemployment Rate,NZD,2020-11-03T16:45:00Z,High,5.3%,4.0%,5.3%,false,false
,Labor Cost Index q/q,NZD,2020-11-03T16:45:00Z,None,0.2%,0.2%,0.4%,false,false
,Monetary Base y/y,JPY,2020-11-03T18:50:00Z,None,14.5%,14.3%,16.3%,false,false
,Monetary Policy Meeting Minutes,JPY,2020-11-03T18:50:00Z,None,,,,false,false
,ANZ Commodity Prices m/m,NZD,2020-11-03T19:00:00Z,None,,-0.2%,1.9%,false,false
,RatingDog Services PMI,CNY,2020-11-03T20:45:00Z,None,55.1,54.8,56.8,false,false
,10-y Bond Auction,JPY,2020-11-03T22:35:00Z,None,,0.02|4.1,0.05|4.1,false,false
,ECOFIN Meetings,EUR,2020-11-04T00:00:00Z,None,,,,true,false
,Spanish Unemployment Change,EUR,2020-11-04T03:00:00Z,None,50.2K,-26.3K,49.6K,false,false
,Spanish Services PMI,EUR,2020-11-04T03:15:00Z,None,40.0,42.4,41.4,false,false
,Italian Services PMI,EUR,2020-11-04T03:45:00Z,None,47.4,48.8,46.7,false,false
,French Final Services PMI,EUR,2020-11-04T03:50:00Z,None,46.5,46.5,46.5,false,false
,German Final Services PMI,EUR,2020-11-04T03:55:00Z,None,48.9,48.9,49.5,false,false
,Final Services PMI,EUR,2020-11-04T04:00:00Z,None,46.2,46.2,46.9,false,false
,Final Services PMI,GBP,2020-11-04T04:30:00Z,None,52.3,52.3,51.4,false,false
,PPI m/m,EUR,2020-11-04T05:00:00Z,None,0.3%,0.1%,0.3%,false,false
,ADP Non-Farm Employment Change,USD,2020-11-04T08:15:00Z,None,650K,753K,365K,false,false
,Trade Balance,CAD,2020-11-04T08:30:00Z,None,-2.2B,-3.2B,-3.3B,false,false
,Trade Balance,USD,2020-11-04T08:30:00Z,None,-64.2B,-67.0B,-63.9B,false,false
,Final Services PMI,USD,2020-11-04T09:45:00Z,None,56.0,56.0,56.9,false,false
,ISM Services PMI,USD,2020-11-04T10:00:00Z,High,57.4,57.8,56.6,false,false
,Crude Oil Inventories,USD,2020-11-04T10:30:00Z,None,0.3M,4.3M,-8.0M,false,false
,Prelim ANZ Business Confidence,NZD,2020-11-04T19:00:00Z,None,,-15.7,-15.6,false,false
,Goods Trade Balance,AUD,2020-11-04T19:30:00Z,None,3.70B,2.62B,5.63B,false,false
,SECO Consumer Climate,CHF,2020-11-05T01:45:00Z,None,-14,-12,-13,false,false
,BOE Monetary Policy Report,GBP,2020-11-05T02:00:00Z,High,,,,false,false
,Asset Purchase Facility,GBP,2020-11-05T02:00:00Z,High,845B,745B,875B,false,false
,German Factory Orders m/m,EUR,2020-11-05T02:00:00Z,None,2.1%,4.9%,0.5%,false,false
,Monetary Policy Summary,GBP,2020-11-05T02:00:00Z,High,,,,false,false
,MPC Asset Purchase Facility Votes,GBP,2020-11-05T02:00:00Z,High,9-0-0,0-0-9,9-0-0,false,false
,MPC Official Bank Rate Votes,GBP,2020-11-05T02:00:00Z,None,0-0-9,0-0-9,0-0-9,false,false
,Official Bank Rate,GBP,2020-11-05T02:00:00Z,None,0.10%,0.10%,0.10%,false,false
,BOE Gov Bailey Speaks,GBP,2020-11-05T04:15:00Z,High,,,,false,false
,Construction PMI,GBP,2020-11-05T04:30:00Z,None,55.0,56.8,53.1,false,false
,EU Economic Forecasts,EUR,2020-11-05T05:00:00Z,None,,,,false,false
,Retail Sales m/m,EUR,2020-11-05T05:00:00Z,None,-1.4%,4.2%,-2.0%,false,false
,French 10-y Bond Auction,EUR,2020-11-05T05:12:00Z,None,,-0.25|1.8,-0.38|2.4,false,false
,Challenger Job Cuts y/y,USD,2020-11-05T07:30:00Z,None,,185.9%,60.4%,false,false
,Unemployment Claims,USD,2020-11-05T08:30:00Z,None,740K,758K,751K,false,false
,Prelim Nonfarm Productivity q/q,USD,2020-11-05T08:30:00Z,None,3.6%,10.1%,4.9%,false,false
,Prelim Unit Labor Costs q/q,USD,2020-11-05T08:32:00Z,None,-10.0%,9.0%,-8.9%,false,false
,Gov Board Member Maechler Speaks,CHF,2020-11-05T10:00:00Z,None,,,,false,false
,German Buba President Weidmann Speaks,EUR,2020-11-05T10:00:00Z,None,,,,false,false
,Natural Gas Storage,USD,2020-11-05T10:30:00Z,None,-34B,29B,-36B,false,false
,FOMC Statement,USD,2020-11-05T14:00:00Z,High,,,,false,false
,Federal Funds Rate,USD,2020-11-05T14:00:00Z,None,<0.25%,<0.25%,<0.25%,false,false
,FOMC Press Conference,USD,2020-11-05T14:30:00Z,High,,,,false,false
,AIG Services Index,AUD,2020-11-05T16:30:00Z,None,,36.2,51.4,false,false
,Average Cash Earnings y/y,JPY,2020-11-05T18:30:00Z,None,-1.1%,-1.3%,-0.9%,false,false
,Household Spending y/y,JPY,2020-11-05T18:30:00Z,None,-10.5%,-6.9%,-10.2%,false,false
,RBA Monetary Policy Statement,AUD,2020-11-05T19:30:00Z,None,,,,false,false
,Inflation Expectations q/q,NZD,2020-11-05T21:00:00Z,None,,1.43%,1.59%,false,false
,German Industrial Production m/m,EUR,2020-11-06T02:00:00Z,None,2.6%,0.5%,1.6%,false,false
,French Prelim Private Payrolls q/q,EUR,2020-11-06T02:45:00Z,None,0.2%,-0.8%,1.8%,false,false
,French Trade Balance,EUR,2020-11-06T02:45:00Z,None,-6.9B,-7.7B,-5.7B,false,false
,Foreign Currency Reserves,CHF,2020-11-06T03:00:00Z,None,,874B,871B,false,false
,Lloyds HPI m/m,GBP,2020-11-06T03:30:00Z,None,1.0%,1.5%,0.3%,false,false
,Italian Retail Sales m/m,EUR,2020-11-06T04:00:00Z,None,-1.5%,8.2%,-0.8%,false,false
,Employment Change,CAD,2020-11-06T08:30:00Z,High,59.0K,378.2K,83.6K,false,false
,Unemployment Rate,CAD,2020-11-06T08:30:00Z,High,9.0%,9.0%,8.9%,false,false
,Average Hourly Earnings m/m,USD,2020-11-06T08:30:00Z,High,0.2%,0.0%,0.1%,false,false
,Non-Farm Employment Change,USD,2020-11-06T08:30:00Z,High,595K,672K,638K,false,false
,Unemployment Rate,USD,2020-11-06T08:30:00Z,High,7.7%,7.9%,6.9%,false,false
,BOC Gov Macklem Speaks,CAD,2020-11-06T09:00:00Z,None,,,,false,false
,Ivey PMI,CAD,2020-11-06T10:00:00Z,None,55.2,54.3,54.5,false,false
,Final Wholesale Inventories m/m,USD,2020-11-06T10:00:00Z,None,-0.1%,-0.1%,0.4%,false,false
,Consumer Credit m/m,USD,2020-11-06T15:00:00Z,None,7.9B,-6.9B,16.2B,false,false
,Trade Balance,CNY,2020-11-06T22:01:00Z,None,330B,258B,402B,false,false
,USD-Denominated Trade Balance,CNY,2020-11-06T22:03:00Z,None,46.2B,37.0B,58.4B,false,false
,BOJ Summary of Opinions,JPY,2020-11-08T18:50:00Z,None,,,,false,false
,Leading Indicators,JPY,2020-11-08T23:59:00Z,None,92.9%,88.4%,92.9%,false,false
,Unemployment Rate,CHF,2020-11-09T01:45:00Z,None,3.3%,3.4%,3.3%,false,false
,German Trade Balance,EUR,2020-11-09T02:00:00Z,None,17.2B,15.4B,17.8B,false,false
,ECB President Lagarde Speaks,EUR,2020-11-09T04:25:00Z,None,,,,false,false
,Sentix Investor Confidence,EUR,2020-11-09T04:30:00Z,None,-15.0,-8.3,-10.0,false,false
,BOE Gov Bailey Speaks,GBP,2020-11-09T05:35:00Z,High,,,,false,false
,MPC Member Haldane Speaks,GBP,2020-11-09T09:00:00Z,None,,,,false,false
,FOMC Member Mester Speaks,USD,2020-11-09T13:30:00Z,None,,,,false,false
,Loan Officer Survey,USD,2020-11-09T14:00:00Z,None,,,,false,false
,Current Account,JPY,2020-11-09T18:50:00Z,None,1.79T,1.66T,1.35T,false,false
,Bank Lending y/y,JPY,2020-11-09T18:50:00Z,None,6.3%,6.4%,6.2%,false,false
,BRC Retail Sales Monitor y/y,GBP,2020-11-09T19:01:00Z,None,5.5%,6.1%,5.2%,false,false
,NAB Business Confidence,AUD,2020-11-09T19:30:00Z,None,,-4,5,false,false
,CPI y/y,CNY,2020-11-09T20:30:00Z,None,0.8%,1.7%,0.5%,false,false
,PPI y/y,CNY,2020-11-09T20:30:00Z,None,-1.9%,-2.1%,-2.1%,false,false
,30-y Bond Auction,JPY,2020-11-09T22:35:00Z,None,,0.64|3.5,0.64|3.8,false,false
,Economy Watchers Sentiment,JPY,2020-11-10T00:00:00Z,None,50.9,49.3,54.5,false,false
,Average Earnings Index 3m/y,GBP,2020-11-10T02:00:00Z,None,1.0%,0.1%,1.3%,false,false
,Claimant Count Change,GBP,2020-11-10T02:00:00Z,None,20.3K,-40.2K,-29.8K,false,false
,Unemployment Rate,GBP,2020-11-10T02:00:00Z,None,4.7%,4.5%,4.8%,false,false
,French Industrial Production m/m,EUR,2020-11-10T02:45:00Z,None,0.8%,1.1%,1.4%,false,false
,Italian Industrial Production m/m,EUR,2020-11-10T04:00:00Z,None,-1.9%,7.4%,-5.6%,false,false
,ZEW Economic Sentiment,EUR,2020-11-10T05:00:00Z,None,43.3,52.3,32.8,false,false
,German ZEW Economic Sentiment,EUR,2020-11-10T05:00:00Z,None,45.0,56.1,39.0,false,false
,NFIB Small Business Index,USD,2020-11-10T06:00:00Z,None,104.3,104.0,104.0,false,false
,JOLTS Job Openings,USD,2020-11-10T10:00:00Z,None,6.50M,6.35M,6.44M,false,false
,Mortgage Delinquencies,USD,2020-11-10T10:00:00Z,None,,8.22%,7.65%,false,false
,RCM/TIPP Economic Optimism,USD,2020-11-10T10:02:00Z,None,56.3,55.2,50.0,false,false
,FOMC Member Kaplan Speaks,USD,2020-11-10T12:00:00Z,None,,,,false,false
,10-y Bond Auction,USD,2020-11-10T13:01:00Z,None,,0.77|2.5,0.96|2.3,false,false
,FOMC Member Quarles Speaks,USD,2020-11-10T14:30:00Z,None,,,,false,false
,API Weekly Statistical Bulletin,USD,2020-11-10T16:30:00Z,None,,,,false,false
,FOMC Member Brainard Speaks,USD,2020-11-10T17:00:00Z,None,,,,false,false
,Westpac Consumer Sentiment,AUD,2020-11-10T18:30:00Z,None,,11.9%,2.5%,false,false
,M2 Money Stock y/y,JPY,2020-11-10T18:50:00Z,None,9.1%,9.0%,9.0%,false,false
,Official Cash Rate,NZD,2020-11-10T20:00:00Z,High,0.25%,0.25%,0.25%,false,false
,RBNZ Monetary Policy Statement,NZD,2020-11-10T20:00:00Z,High,,,,false,false
,RBNZ Rate Statement,NZD,2020-11-10T20:00:00Z,High,,,,false,false
,RBNZ Press Conference,NZD,2020-11-10T21:00:00Z,High,,,,false,false
,French Bank Holiday,EUR,2020-11-11T00:00:00Z,None,,,,true,false
,Bank Holiday,CAD,2020-11-11T00:00:00Z,None,,,,true,false
,Bank Holiday,USD,2020-11-11T00:00:00Z,None,,,,true,false
,Prelim Machine Tool Orders y/y,JPY,2020-11-11T00:59:00Z,None,,-15.0%,-5.9%,false,false
,M2 Money Supply y/y,CNY,2020-11-11T03:02:00Z,None,10.9%,10.9%,10.5%,false,false
,New Loans,CNY,2020-11-11T03:02:00Z,None,750B,1900B,690B,false,false
,German 30-y Bond Auction,EUR,2020-11-11T05:34:00Z,None,,-0.16|2.4,-0.06|1.6,false,false
,ECB President Lagarde Speaks,EUR,2020-11-11T08:00:00Z,None,,,,false,false
,Visitor Arrivals m/m,NZD,2020-11-11T16:52:00Z,None,,104.7%,9.0%,false,false
,Core Machinery Orders m/m,JPY,2020-11-11T18:50:00Z,None,-1.1%,0.2%,-4.4%,false,false
,PPI y/y,JPY,2020-11-11T18:50:00Z,None,-2.0%,-0.8%,-2.1%,false,false
,RICS House Price Balance,GBP,2020-11-11T19:01:00Z,None,54%,62%,68%,false,false
,MI Inflation Expectations,AUD,2020-11-11T22:35:00Z,None,,3.4%,3.5%,false,false
,Tertiary Industry Activity m/m,JPY,2020-11-11T23:30:00Z,None,1.3%,0.8%,1.8%,false,false
,German Final CPI m/m,EUR,2020-11-12T02:00:00Z,None,0.1%,0.1%,0.1%,false,false
,Prelim GDP q/q,GBP,2020-11-12T02:00:00Z,None,15.8%,-19.8%,15.5%,false,false
,Construction Output m/m,GBP,2020-11-12T02:00:00Z,None,2.1%,3.8%,2.9%,false,false
,GDP m/m,GBP,2020-11-12T02:00:00Z,None,1.5%,2.2%,1.1%,false,false
,Goods Trade Balance,GBP,2020-11-12T02:00:00Z,None,-9.2B,-6.8B,-9.3B,false,false
,Index of Services 3m/3m,GBP,2020-11-12T02:00:00Z,None,14.6%,6.9%,14.2%,false,false
,Industrial Production m/m,GBP,2020-11-12T02:00:00Z,None,0.9%,0.3%,0.5%,false,false
,Manufacturing Production m/m,GBP,2020-11-12T02:00:00Z,None,0.7%,0.9%,0.2%,false,false
,Prelim Business Investment q/q,GBP,2020-11-12T02:00:00Z,None,14.4%,-26.5%,8.8%,false,false
,BOE Gov Bailey Speaks,GBP,2020-11-12T03:00:00Z,High,,,,false,false
,ECB Economic Bulletin,EUR,2020-11-12T04:00:00Z,None,,,,false,false
,Industrial Production m/m,EUR,2020-11-12T05:00:00Z,None,0.6%,0.6%,-0.4%,false,false
,NIESR GDP Estimate,GBP,2020-11-12T08:15:00Z,None,,15.5%,10.2%,false,false
,Core CPI y/y,USD,2020-11-12T08:30:00Z,High,1.7%,1.7%,1.6%,false,false
,Core CPI m/m,USD,2020-11-12T08:30:00Z,None,0.2%,0.2%,0.0%,false,false
,CPI m/m,USD,2020-11-12T08:30:00Z,None,0.1%,0.2%,0.0%,false,false
,Unemployment Claims,USD,2020-11-12T08:30:00Z,None,730K,757K,709K,false,false
,CPI y/y,USD,2020-11-12T08:30:00Z,High,1.3%,1.4%,1.2%,false,false
,Crude Oil Inventories,USD,2020-11-12T11:00:00Z,None,-2.0M,-8.0M,4.3M,false,false
,ECB President Lagarde Speaks,EUR,2020-11-12T11:45:00Z,High,,,,false,false
,BOE Gov Bailey Speaks,GBP,2020-11-12T11:45:00Z,High,,,,false,false
,FOMC Member Powell Speaks,USD,2020-11-12T11:45:00Z,High,,,,false,false
,30-y Bond Auction,USD,2020-11-12T13:01:00Z,None,,1.58|2.3,1.68|2.3,false,false
,Gov Council Member Wilkins Speaks,CAD,2020-11-12T13:30:00Z,None,,,,false,false
,Federal Budget Balance,USD,2020-11-12T14:00:00Z,None,-274.0B,-124.6B,-284.1B,false,false
,BusinessNZ Manufacturing Index,NZD,2020-11-12T16:30:00Z,None,,54.0,51.7,false,false
,FPI m/m,NZD,2020-11-12T16:45:00Z,None,,-1.0%,-0.7%,false,false
,German WPI m/m,EUR,2020-11-13T02:00:00Z,None,0.1%,0.0%,-0.2%,false,false
,PPI m/m,CHF,2020-11-13T02:30:00Z,None,0.1%,0.1%,0.0%,false,false
,French Final CPI m/m,EUR,2020-11-13T02:45:00Z,None,-0.1%,-0.1%,0.0%,false,false
,German Buba President Weidmann Speaks,EUR,2020-11-13T05:00:00Z,None,,,,false,false
,Flash Employment Change q/q,EUR,2020-11-13T05:00:00Z,None,0.7%,-2.9%,0.9%,false,false
,Flash GDP q/q,EUR,2020-11-13T05:00:00Z,None,12.7%,12.7%,12.6%,false,false
,Trade Balance,EUR,2020-11-13T05:00:00Z,None,22.3B,21.0B,24.0B,false,false
,Core PPI m/m,USD,2020-11-13T08:30:00Z,None,0.2%,0.4%,0.1%,false,false
,PPI m/m,USD,2020-11-13T08:30:00Z,None,0.2%,0.4%,0.3%,false,false
,MPC Member Tenreyro Speaks,GBP,2020-11-13T09:00:00Z,None,,,,false,false
,CB Leading Index m/m,GBP,2020-11-13T09:30:00Z,None,,-0.7%,-1.5%,false,false
,Prelim UoM Consumer Sentiment,USD,2020-11-13T10:00:00Z,None,82.1,81.8,77.0,false,false
,Prelim UoM Inflation Expectations,USD,2020-11-13T10:00:00Z,None,,2.6%,2.8%,false,false
,Natural Gas Storage,USD,2020-11-13T10:30:00Z,None,-3B,-36B,8B,false,false
,BOE Gov Bailey Speaks,GBP,2020-11-13T11:00:00Z,None,,,,false,false
,BusinessNZ Services Index,NZD,2020-11-15T16:30:00Z,None,,50.4,51.4,false,false
,Prelim GDP Price Index y/y,JPY,2020-11-15T18:50:00Z,None,1.0%,1.3%,1.1%,false,false
,Prelim GDP q/q,JPY,2020-11-15T18:50:00Z,None,4.4%,-7.9%,5.0%,false,false
,Rightmove HPI m/m,GBP,2020-11-15T19:01:00Z,None,,1.1%,-0.5%,false,false
,Foreign Direct Investment ytd/y,CNY,2020-11-15T19:41:00Z,None,,5.2%,6.4%,false,false
,New Home Prices m/m,CNY,2020-11-15T20:30:00Z,None,,0.34%,0.15%,false,false
,Fixed Asset Investment ytd/y,CNY,2020-11-15T21:00:00Z,None,1.6%,0.8%,1.8%,false,false
,Industrial Production y/y,CNY,2020-11-15T21:00:00Z,None,6.7%,6.9%,6.9%,false,false
,Retail Sales y/y,CNY,2020-11-15T21:00:00Z,None,5.1%,3.3%,4.3%,false,false
,Unemployment Rate,CNY,2020-11-15T21:00:00Z,None,5.3%,5.4%,5.3%,false,false
,Revised Industrial Production m/m,JPY,2020-11-15T23:30:00Z,None,4.0%,4.0%,3.9%,false,false
,RBA Gov Lowe Speaks,AUD,2020-11-16T03:25:00Z,High,,,,false,false
,German Buba Monthly Report,EUR,2020-11-16T06:00:00Z,None,,,,false,false
,ECB President Lagarde Speaks,EUR,2020-11-16T08:00:00Z,None,,,,false,false
,Manufacturing Sales m/m,CAD,2020-11-16T08:30:00Z,None,1.7%,-1.4%,1.5%,false,false
,Empire State Manufacturing Index,USD,2020-11-16T08:30:00Z,None,13.8,10.5,6.3,false,false
,CB Leading Index m/m,AUD,2020-11-16T10:30:00Z,None,,0.7%,-0.2%,false,false
,MPC Member Haskel Speaks,GBP,2020-11-16T12:30:00Z,None,,,,false,false
,FOMC Member Clarida Speaks,USD,2020-11-16T14:00:00Z,None,,,,false,false
,FOMC Financial Stability Report,USD,2020-11-16T16:00:00Z,None,,,,false,false
,RBA Assist Gov Kent Speaks,AUD,2020-11-16T17:30:00Z,None,,,,false,false
,Monetary Policy Meeting Minutes,AUD,2020-11-16T19:30:00Z,High,,,,false,false
,OPEC-JMMC Meetings,All,2020-11-17T00:00:00Z,High,,,,true,false
,ECOFIN Meetings,EUR,2020-11-17T00:00:00Z,None,,,,true,false
,BRICS Summit,All,2020-11-17T00:00:00Z,None,,,,true,false
,Italian Trade Balance,EUR,2020-11-17T04:02:00Z,None,4.30B,3.93B,5.85B,false,false
,BOE Gov Bailey Speaks,GBP,2020-11-17T06:00:00Z,None,,,,false,false
,30-y Bond Auction,GBP,2020-11-17T06:32:00Z,None,,0.84|2.2,0.92|2.3,false,false
,Housing Starts,CAD,2020-11-17T08:13:00Z,None,220K,209K,215K,false,false
,Foreign Securities Purchases,CAD,2020-11-17T08:30:00Z,None,5.00B,15.51B,4.46B,false,false
,Wholesale Sales m/m,CAD,2020-11-17T08:30:00Z,None,0.4%,0.2%,0.9%,false,false
,Core Retail Sales m/m,USD,2020-11-17T08:30:00Z,High,0.6%,1.2%,0.2%,false,false
,Retail Sales m/m,USD,2020-11-17T08:30:00Z,High,0.5%,1.6%,0.3%,false,false
,Import Prices m/m,USD,2020-11-17T08:30:00Z,None,0.2%,0.2%,-0.1%,false,false
,Capacity Utilization Rate,USD,2020-11-17T09:15:00Z,None,72.3%,72.0%,72.8%,false,false
,Industrial Production m/m,USD,2020-11-17T09:15:00Z,None,1.1%,-0.4%,1.1%,false,false
,GDT Price Index,NZD,2020-11-17T09:32:00Z,None,,-2.0%,1.8%,false,false
,Business Inventories m/m,USD,2020-11-17T10:00:00Z,None,0.5%,0.3%,0.7%,false,false
,NAHB Housing Market Index,USD,2020-11-17T10:00:00Z,None,85,85,90,false,false
,ECB President Lagarde Speaks,EUR,2020-11-17T11:00:00Z,None,,,,false,false
,MPC Member Ramsden Speaks,GBP,2020-11-17T12:00:00Z,None,,,,false,false
,FOMC Member Powell Speaks,USD,2020-11-17T13:00:00Z,High,,,,false,false
,FOMC Member Brainard Speaks,USD,2020-11-17T13:00:00Z,None,,,,false,false
,TIC Long-Term Purchases,USD,2020-11-17T16:00:00Z,None,41.5B,27.8B,108.9B,false,false
,API Weekly Statistical Bulletin,USD,2020-11-17T16:30:00Z,None,,,,false,false
,PPI Input q/q,NZD,2020-11-17T16:45:00Z,None,-0.1%,-0.9%,0.6%,false,false
,PPI Output q/q,NZD,2020-11-17T16:45:00Z,None,0.0%,-0.2%,-0.3%,false,false
,RBA Gov Lowe Speaks,AUD,2020-11-17T17:00:00Z,High,,,,false,false
,MI Leading Index m/m,AUD,2020-11-17T18:30:00Z,None,,0.2%,0.1%,false,false
,Trade Balance,JPY,2020-11-17T18:50:00Z,None,0.11T,0.44T,0.31T,false,false
,Wage Price Index q/q,AUD,2020-11-17T19:30:00Z,None,0.2%,0.2%,0.1%,false,false
,Core CPI y/y,GBP,2020-11-18T02:00:00Z,None,1.3%,1.3%,1.5%,false,false
,CPI y/y,GBP,2020-11-18T02:00:00Z,None,0.5%,0.5%,0.7%,false,false
,RPI y/y,GBP,2020-11-18T02:00:00Z,None,1.2%,1.1%,1.3%,false,false
,PPI Input m/m,GBP,2020-11-18T02:02:00Z,None,0.0%,0.3%,0.2%,false,false
,PPI Output m/m,GBP,2020-11-18T02:02:00Z,None,0.1%,-0.1%,0.0%,false,false
,HPI y/y,GBP,2020-11-18T04:30:00Z,None,2.9%,3.0%,4.7%,false,false
,Final Core CPI y/y,EUR,2020-11-18T05:00:00Z,None,0.2%,0.2%,0.2%,false,false
,Final CPI y/y,EUR,2020-11-18T05:00:00Z,None,-0.3%,-0.3%,-0.3%,false,false
,MPC Member Haldane Speaks,GBP,2020-11-18T05:30:00Z,None,,,,false,false
,German 10-y Bond Auction,EUR,2020-11-18T05:34:00Z,None,,-0.51|2.1,-0.57|2.0,false,false
,CPI m/m,CAD,2020-11-18T08:30:00Z,High,0.2%,-0.1%,0.4%,false,false
,Common CPI y/y,CAD,2020-11-18T08:30:00Z,None,1.5%,1.5%,1.6%,false,false
,Median CPI y/y,CAD,2020-11-18T08:30:00Z,None,1.9%,1.9%,1.9%,false,false
,Trimmed CPI y/y,CAD,2020-11-18T08:30:00Z,None,1.8%,1.7%,1.8%,false,false
,Building Permits,USD,2020-11-18T08:30:00Z,None,1.57M,1.55M,1.55M,false,false
,Housing Starts,USD,2020-11-18T08:30:00Z,None,1.45M,1.46M,1.53M,false,false
,Core CPI m/m,CAD,2020-11-18T08:32:00Z,None,,0.1%,0.4%,false,false
,Crude Oil Inventories,USD,2020-11-18T10:30:00Z,None,1.7M,4.3M,0.8M,false,false
,FOMC Member Williams Speaks,USD,2020-11-18T12:15:00Z,None,,,,false,false
,Employment Change,AUD,2020-11-18T19:30:00Z,High,-26.7K,-42.5K,178.8K,false,false
,Unemployment Rate,AUD,2020-11-18T19:30:00Z,High,7.1%,6.9%,7.0%,false,false
,Trade Balance,CHF,2020-11-19T02:00:00Z,None,3.55B,3.05B,3.86B,false,false
,ECB President Lagarde Speaks,EUR,2020-11-19T03:00:00Z,None,,,,false,false
,Current Account,EUR,2020-11-19T04:00:00Z,None,18.1B,20.9B,25.2B,false,false
,CBI Industrial Order Expectations,GBP,2020-11-19T06:00:00Z,None,-39,-34,-40,false,false
,ADP Non-Farm Employment Change,CAD,2020-11-19T08:30:00Z,High,,-564.4K,-79.5K,false,false
,Philly Fed Manufacturing Index,USD,2020-11-19T08:30:00Z,None,22.0,32.3,26.3,false,false
,Unemployment Claims,USD,2020-11-19T08:30:00Z,None,707K,711K,742K,false,false
,ECB President Lagarde Speaks,EUR,2020-11-19T10:00:00Z,None,,,,false,false
,CB Leading Index m/m,USD,2020-11-19T10:00:00Z,None,0.7%,0.7%,0.7%,false,false
,Existing Home Sales,USD,2020-11-19T10:00:00Z,None,6.45M,6.57M,6.85M,false,false
,Natural Gas Storage,USD,2020-11-19T10:30:00Z,None,22B,8B,31B,false,false
,National Core CPI y/y,JPY,2020-11-19T18:30:00Z,None,-0.7%,-0.3%,-0.7%,false,false
,GfK Consumer Confidence,GBP,2020-11-19T19:01:00Z,None,-33,-31,-33,false,false
,Retail Sales m/m,AUD,2020-11-19T19:30:00Z,None,1.0%,-1.1%,1.6%,false,false
,Flash Manufacturing PMI,JPY,2020-11-19T19:30:00Z,None,49.4,48.7,48.3,false,false
,1-y Loan Prime Rate,CNY,2020-11-19T20:30:00Z,None,3.85%,3.85%,3.85%,false,false
,5-y Loan Prime Rate,CNY,2020-11-19T20:30:00Z,None,4.65%,4.65%,4.65%,false,false
,Credit Card Spending y/y,NZD,2020-11-19T21:00:00Z,None,,-9.8%,-6.3%,false,false
,German PPI m/m,EUR,2020-11-20T02:00:00Z,None,0.1%,0.4%,0.1%,false,false
,Retail Sales m/m,GBP,2020-11-20T02:00:00Z,None,-0.3%,1.4%,1.2%,false,false
,Public Sector Net Borrowing,GBP,2020-11-20T02:00:00Z,None,31.6B,27.9B,21.6B,false,false
,ECB President Lagarde Speaks,EUR,2020-11-20T03:15:00Z,None,,,,false,false
,Retail Sales m/m,CAD,2020-11-20T08:30:00Z,None,0.2%,0.5%,1.1%,false,false
,NHPI m/m,CAD,2020-11-20T08:30:00Z,None,0.8%,1.2%,0.8%,false,false
,FOMC Member Kaplan Speaks,USD,2020-11-20T08:30:00Z,None,,,,false,false
,Core Retail Sales m/m,CAD,2020-11-20T08:30:00Z,None,0.0%,0.5%,1.0%,false,false
,Corporate Profits q/q,CAD,2020-11-20T08:32:00Z,None,,-8.0%,44.9%,false,false
,Consumer Confidence,EUR,2020-11-20T09:50:00Z,None,-18,-16,-18,false,false
,G20 Meetings,All,2020-11-21T00:00:00Z,None,,,,false,false
,Bank Holiday,JPY,2020-11-22T00:00:00Z,None,,,,true,false
,G20 Meetings,All,2020-11-22T00:00:00Z,None,,,,false,false
,Retail Sales q/q,NZD,2020-11-22T16:45:00Z,None,20.0%,-14.8%,28.0%,false,false
,Core Retail Sales q/q,NZD,2020-11-22T16:48:00Z,None,19.5%,-13.7%,24.1%,false,false
,Flash Manufacturing PMI,AUD,2020-11-22T17:00:00Z,None,,54.2,56.1,false,false
,Flash Services PMI,AUD,2020-11-22T17:00:00Z,None,,53.7,54.9,false,false
,French Flash Services PMI,EUR,2020-11-23T03:15:00Z,High,39.2,46.5,38.0,false,false
,French Flash Manufacturing PMI,EUR,2020-11-23T03:15:00Z,None,50.2,51.3,49.1,false,false
,German Flash Services PMI,EUR,2020-11-23T03:30:00Z,High,46.1,49.5,46.2,false,false
,German Flash Manufacturing PMI,EUR,2020-11-23T03:30:00Z,High,56.0,58.2,57.9,false,false
,Flash Services PMI,EUR,2020-11-23T04:00:00Z,None,42.2,46.9,41.3,false,false
,Flash Manufacturing PMI,EUR,2020-11-23T04:00:00Z,None,53.2,54.8,53.6,false,false
,Flash Manufacturing PMI,GBP,2020-11-23T04:30:00Z,None,50.5,53.7,55.2,false,false
,Flash Services PMI,GBP,2020-11-23T04:30:00Z,None,43.2,51.4,45.8,false,false
,MPC Member Haldane Speaks,GBP,2020-11-23T04:40:00Z,None,,,,false,false
,CB Leading Index m/m,CNY,2020-11-23T09:00:00Z,None,,1.4%,1.3%,false,false
,Flash Manufacturing PMI,USD,2020-11-23T09:45:00Z,None,52.5,53.4,56.7,false,false
,Flash Services PMI,USD,2020-11-23T09:45:00Z,None,55.8,56.9,57.7,false,false
,Monetary Policy Report Hearings,GBP,2020-11-23T10:30:00Z,High,,,,false,false
,Gov Council Member Gravelle Speaks,CAD,2020-11-23T14:00:00Z,None,,,,false,false
,Goods Trade Balance,AUD,2020-11-23T19:30:00Z,None,,5.02B,4.84B,false,false
,RBA Deputy Gov Debelle Speaks,AUD,2020-11-23T21:30:00Z,None,,,,false,false
,German Final GDP q/q,EUR,2020-11-24T02:00:00Z,None,8.2%,8.2%,8.5%,false,false
,German ifo Business Climate,EUR,2020-11-24T04:00:00Z,None,90.3,92.5,90.7,false,false
,CBI Realized Sales,GBP,2020-11-24T06:00:00Z,None,-34,-23,-25,false,false
,MPC Member Haskel Speaks,GBP,2020-11-24T06:30:00Z,None,,,,false,false
,Belgian NBB Business Climate,EUR,2020-11-24T08:52:00Z,None,-11.8,-8.5,-12.1,false,false
,HPI m/m,USD,2020-11-24T09:00:00Z,None,0.8%,1.5%,1.7%,false,false
,S&P/CS Composite-20 HPI y/y,USD,2020-11-24T09:00:00Z,None,5.3%,5.3%,6.6%,false,false
,Richmond Manufacturing Index,USD,2020-11-24T09:59:00Z,None,20,29,15,false,false
,CB Consumer Confidence,USD,2020-11-24T10:00:00Z,None,97.7,101.4,96.1,false,false
,Gov Council Member Wilkins Speaks,CAD,2020-11-24T12:45:00Z,None,,,,false,false
,RBNZ Financial Stability Report,NZD,2020-11-24T15:00:00Z,None,,,,false,false
,API Weekly Statistical Bulletin,USD,2020-11-24T16:30:00Z,None,,,,false,false
,RBNZ Gov Orr Speaks,NZD,2020-11-24T17:00:00Z,High,,,,false,false
,SPPI y/y,JPY,2020-11-24T18:50:00Z,None,-0.5%,1.4%,-0.6%,false,false
,Construction Work Done q/q,AUD,2020-11-24T19:30:00Z,None,-2.0%,0.5%,-2.6%,false,false
,BOJ Core CPI y/y,JPY,2020-11-24T23:59:00Z,None,-0.1%,-0.1%,0.0%,false,false
,UBS Economic Expectations,CHF,2020-11-25T04:00:00Z,None,,2.3,30.0,false,false
,ECB Financial Stability Review,EUR,2020-11-25T04:30:00Z,None,,,,false,false
,Autumn Forecast Statement,GBP,2020-11-25T07:45:00Z,None,,,,false,false
,Prelim GDP q/q,USD,2020-11-25T08:30:00Z,None,33.1%,33.1%,33.1%,false,false
,Core Durable Goods Orders m/m,USD,2020-11-25T08:30:00Z,None,0.5%,0.9%,1.3%,false,false
,Durable Goods Orders m/m,USD,2020-11-25T08:30:00Z,None,1.0%,2.1%,1.3%,false,false
,Goods Trade Balance,USD,2020-11-25T08:30:00Z,None,-80.2B,-79.4B,-80.3B,false,false
,Prelim Wholesale Inventories m/m,USD,2020-11-25T08:30:00Z,None,0.4%,0.4%,0.9%,false,false
,Unemployment Claims,USD,2020-11-25T08:30:00Z,None,732K,748K,778K,false,false
,Prelim GDP Price Index q/q,USD,2020-11-25T08:36:00Z,None,3.6%,3.6%,3.6%,false,false
,Core PCE Price Index m/m,USD,2020-11-25T10:00:00Z,None,0.0%,0.2%,0.0%,false,false
,New Home Sales,USD,2020-11-25T10:00:00Z,None,972K,1002K,999K,false,false
,Personal Income m/m,USD,2020-11-25T10:00:00Z,None,0.0%,0.7%,-0.7%,false,false
,Personal Spending m/m,USD,2020-11-25T10:00:00Z,None,0.4%,1.2%,0.5%,false,false
,Revised UoM Inflation Expectations,USD,2020-11-25T10:00:00Z,None,,2.8%,2.8%,false,false
,Revised UoM Consumer Sentiment,USD,2020-11-25T10:00:00Z,None,76.9,77.0,76.9,false,false
,Crude Oil Inventories,USD,2020-11-25T10:30:00Z,None,0.1M,0.8M,-0.8M,false,false
,Natural Gas Storage,USD,2020-11-25T12:00:00Z,None,-18B,31B,-18B,false,false
,FOMC Meeting Minutes,USD,2020-11-25T14:00:00Z,High,,,,false,false
,Trade Balance,NZD,2020-11-25T16:45:00Z,None,-500M,-1025M,-501M,false,false
,Private Capital Expenditure q/q,AUD,2020-11-25T19:30:00Z,None,-1.5%,-6.4%,-3.0%,false,false
,Bank Holiday,USD,2020-11-26T00:00:00Z,None,,,,true,false
,German GfK Consumer Climate,EUR,2020-11-26T02:00:00Z,None,-4.9,-3.2,-6.7,false,false
,M3 Money Supply y/y,EUR,2020-11-26T04:00:00Z,None,10.4%,10.4%,10.5%,false,false
,Private Loans y/y,EUR,2020-11-26T04:00:00Z,None,3.1%,3.1%,3.1%,false,false
,ECB Monetary Policy Meeting Accounts,EUR,2020-11-26T07:30:00Z,None,,,,false,false
,Tokyo Core CPI y/y,JPY,2020-11-26T18:30:00Z,None,-0.6%,-0.5%,-0.7%,false,false
,German Import Prices m/m,EUR,2020-11-27T02:00:00Z,None,0.1%,0.3%,0.3%,false,false
,French Consumer Spending m/m,EUR,2020-11-27T02:45:00Z,None,3.6%,-4.4%,3.7%,false,false
,French Prelim CPI m/m,EUR,2020-11-27T02:45:00Z,None,0.0%,0.0%,0.2%,false,false
,French Prelim GDP q/q,EUR,2020-11-27T02:45:00Z,None,18.2%,18.2%,18.7%,false,false
,Italian 10-y Bond Auction,EUR,2020-11-27T05:12:00Z,None,,0.79|1.3,0.59|1.6,false,false
,OPEC-JMMC Meetings,All,2020-11-29T00:00:00Z,High,,,,true,false
,Prelim Industrial Production m/m,JPY,2020-11-29T18:50:00Z,None,2.3%,3.9%,3.8%,false,false
,Retail Sales y/y,JPY,2020-11-29T18:50:00Z,None,6.4%,-8.7%,6.4%,false,false
,MI Inflation Gauge m/m,AUD,2020-11-29T19:00:00Z,None,,-0.1%,0.3%,false,false
,ANZ Business Confidence,NZD,2020-11-29T19:00:00Z,None,,-15.6,-6.9,false,false
,Company Operating Profits q/q,AUD,2020-11-29T19:30:00Z,None,4.0%,15.8%,3.2%,false,false
,Private Sector Credit m/m,AUD,2020-11-29T19:30:00Z,None,0.1%,0.0%,0.0%,false,false
,Non-Manufacturing PMI,CNY,2020-11-29T20:00:00Z,None,56.0,56.2,56.4,false,false
,Manufacturing PMI,CNY,2020-11-29T20:00:00Z,None,51.6,51.4,52.1,false,false
,Eurogroup Meetings,EUR,2020-11-30T00:00:00Z,None,,,,true,false
,Housing Starts y/y,JPY,2020-11-30T00:00:00Z,None,-9.0%,-9.9%,-8.3%,false,false
,German Prelim CPI m/m,EUR,2020-11-30T00:00:00Z,None,-0.7%,0.1%,-0.8%,true,false
,OPEC Meetings,All,2020-11-30T00:00:00Z,High,,,,true,false
,Retail Sales y/y,CHF,2020-11-30T02:30:00Z,None,0.6%,0.4%,3.1%,false,false
,KOF Economic Barometer,CHF,2020-11-30T03:00:00Z,None,101.0,106.3,103.5,false,false
,Spanish Flash CPI y/y,EUR,2020-11-30T03:00:00Z,None,-0.9%,-0.8%,-0.8%,false,false
,M4 Money Supply m/m,GBP,2020-11-30T04:30:00Z,None,1.0%,0.8%,0.6%,false,false
,Net Lending to Individuals m/m,GBP,2020-11-30T04:30:00Z,None,4.7B,4.2B,3.7B,false,false
,Mortgage Approvals,GBP,2020-11-30T04:32:00Z,None,85K,92K,98K,false,false
,Italian Prelim CPI m/m,EUR,2020-11-30T05:00:00Z,None,-0.2%,0.2%,-0.1%,false,false
,ECB President Lagarde Speaks,EUR,2020-11-30T05:00:00Z,None,,,,false,false
,IPPI m/m,CAD,2020-11-30T08:30:00Z,None,0.0%,0.6%,-0.4%,false,false
,Building Permits m/m,CAD,2020-11-30T08:30:00Z,None,-3.8%,18.6%,-14.6%,false,false
,Current Account,CAD,2020-11-30T08:30:00Z,None,-8.9B,-7.0B,-7.5B,false,false
,RMPI m/m,CAD,2020-11-30T08:30:00Z,None,-2.0%,-1.8%,0.5%,false,false
,MPC Member Tenreyro Speaks,GBP,2020-11-30T09:30:00Z,None,,,,false,false
,Chicago PMI,USD,2020-11-30T09:45:00Z,None,59.4,61.1,58.2,false,false
,Pending Home Sales m/m,USD,2020-11-30T10:00:00Z,None,1.1%,-2.0%,-1.1%,false,false
,Annual Budget Release,CAD,2020-11-30T15:00:00Z,None,,,,false,false
,AIG Manufacturing Index,AUD,2020-11-30T16:30:00Z,None,,56.3,52.1,false,false
,Unemployment Rate,JPY,2020-11-30T18:30:00Z,None,3.1%,3.0%,3.1%,false,false
,Capital Spending q/y,JPY,2020-11-30T18:50:00Z,None,-12.0%,-11.3%,-10.6%,false,false
,Building Approvals m/m,AUD,2020-11-30T19:30:00Z,None,-3.0%,16.2%,3.8%,false,false
,Current Account,AUD,2020-11-30T19:30:00Z,None,7.2B,16.3B,10.0B,false,false
,Final Manufacturing PMI,JPY,2020-11-30T19:30:00Z,None,48.3,48.3,49.0,false,false
,RatingDog Manufacturing PMI,CNY,2020-11-30T20:45:00Z,None,53.6,53.6,54.9,false,false
,RBA Rate Statement,AUD,2020-11-30T22:30:00Z,High,,,,false,false
,Cash Rate,AUD,2020-11-30T22:30:00Z,None,0.10%,0.10%,0.10%,false,false
,10-y Bond Auction,JPY,2020-11-30T22:35:00Z,None,,0.05|4.1,0.02|3.4,false,false
,ECOFIN Meetings,EUR,2020-12-01T00:00:00Z,None,,,,true,false
,Omdia Total Vehicle Sales,USD,2020-12-01T00:00:00Z,None,16.1M,16.2M,15.6M,true,false
,Commodity Prices y/y,AUD,2020-12-01T00:30:00Z,None,,-0.4%,2.2%,false,false
,GDP q/q,CHF,2020-12-01T01:45:00Z,None,6.0%,-7.3%,7.2%,false,false
,Nationwide HPI m/m,GBP,2020-12-01T02:00:00Z,None,0.2%,0.8%,0.9%,false,false
,Spanish Manufacturing PMI,EUR,2020-12-01T03:15:00Z,None,50.8,52.5,49.8,false,false
,Manufacturing PMI,CHF,2020-12-01T03:30:00Z,None,51.5,52.3,55.2,false,false
,Italian Manufacturing PMI,EUR,2020-12-01T03:45:00Z,None,52.0,53.8,51.5,false,false
,French Final Manufacturing PMI,EUR,2020-12-01T03:50:00Z,None,49.1,49.1,49.6,false,false
,German Unemployment Change,EUR,2020-12-01T03:55:00Z,None,9K,-38K,-39K,false,false
,German Final Manufacturing PMI,EUR,2020-12-01T03:55:00Z,None,57.9,57.9,57.8,false,false
,Final Manufacturing PMI,EUR,2020-12-01T04:00:00Z,None,53.6,53.6,53.8,false,false
,Final Manufacturing PMI,GBP,2020-12-01T04:30:00Z,None,55.2,55.2,55.6,false,false
,Core CPI Flash Estimate y/y,EUR,2020-12-01T05:00:00Z,None,0.2%,0.2%,0.2%,false,false
,CPI Flash Estimate y/y,EUR,2020-12-01T05:00:00Z,None,-0.2%,-0.3%,-0.3%,false,false
,GDP m/m,CAD,2020-12-01T08:30:00Z,None,0.9%,0.9%,0.8%,false,false
,Manufacturing PMI,CAD,2020-12-01T09:30:00Z,None,,55.5,55.8,false,false
,GDT Price Index,NZD,2020-12-01T09:40:00Z,None,,1.8%,4.3%,false,false
,Final Manufacturing PMI,USD,2020-12-01T09:45:00Z,None,56.7,56.7,56.7,false,false
,Construction Spending m/m,USD,2020-12-01T10:00:00Z,None,0.8%,-0.5%,1.3%,false,false
,ISM Manufacturing PMI,USD,2020-12-01T10:00:00Z,High,57.9,59.3,57.5,false,false
,Fed Chairman Powell Testifies,USD,2020-12-01T10:00:00Z,High,,,,false,false
,ISM Manufacturing Prices,USD,2020-12-01T10:00:00Z,None,65.0,65.5,65.4,false,false
,FOMC Member Brainard Speaks,USD,2020-12-01T12:00:00Z,None,,,,false,false
,ECB President Lagarde Speaks,EUR,2020-12-01T12:00:00Z,None,,,,false,false
,API Weekly Statistical Bulletin,USD,2020-12-01T16:30:00Z,None,,,,false,false
,Overseas Trade Index q/q,NZD,2020-12-01T16:45:00Z,None,-3.7%,2.4%,-4.7%,false,false
,Monetary Base y/y,JPY,2020-12-01T18:50:00Z,None,17.2%,16.3%,16.5%,false,false
,RBA Gov Lowe Speaks,AUD,2020-12-01T19:00:00Z,High,,,,false,false
,BRC Shop Price Index y/y,GBP,2020-12-01T19:01:00Z,None,,-1.2%,-1.8%,false,false
,GDP q/q,AUD,2020-12-01T19:30:00Z,High,2.5%,-7.0%,3.3%,false,false
,Consumer Confidence,JPY,2020-12-01T23:59:00Z,None,33.0,33.6,33.7,false,false
,German Retail Sales m/m,EUR,2020-12-02T02:00:00Z,None,1.3%,-1.9%,2.6%,false,false
,CPI m/m,CHF,2020-12-02T02:30:00Z,None,-0.1%,0.0%,-0.2%,false,false
,Spanish Unemployment Change,EUR,2020-12-02T03:00:00Z,None,54.5K,49.6K,25.3K,false,false
,Italian Monthly Unemployment Rate,EUR,2020-12-02T04:00:00Z,None,9.9%,9.7%,9.8%,false,false
,PPI m/m,EUR,2020-12-02T05:00:00Z,None,0.2%,0.4%,0.4%,false,false
,Unemployment Rate,EUR,2020-12-02T05:00:00Z,None,8.4%,8.5%,8.4%,false,false
,10-y Bond Auction,GBP,2020-12-02T06:33:00Z,None,,0.24|3.0,0.43|2.7,false,false
,ADP Non-Farm Employment Change,USD,2020-12-02T08:15:00Z,None,433K,404K,307K,false,false
,Labor Productivity q/q,CAD,2020-12-02T08:30:00Z,None,-6.9%,10.5%,-10.3%,false,false
,FOMC Member Quarles Speaks,USD,2020-12-02T09:00:00Z,None,,,,false,false
,FOMC Member Harker Speaks,USD,2020-12-02T10:00:00Z,None,,,,false,false
,Fed Chairman Powell Testifies,USD,2020-12-02T10:00:00Z,High,,,,false,false
,Crude Oil Inventories,USD,2020-12-02T10:30:00Z,None,-1.7M,-0.8M,-0.7M,false,false
,FOMC Member Williams Speaks,USD,2020-12-02T13:00:00Z,None,,,,false,false
,Beige Book,USD,2020-12-02T14:00:00Z,None,,,,false,false
,AIG Construction Index,AUD,2020-12-02T16:30:00Z,None,,52.7,55.3,false,false
,Building Consents m/m,NZD,2020-12-02T16:45:00Z,None,,3.6%,8.8%,false,false
,ANZ Commodity Prices m/m,NZD,2020-12-02T19:00:00Z,None,,2.0%,0.9%,false,false
,Goods Trade Balance,AUD,2020-12-02T19:30:00Z,None,5.83B,5.82B,7.46B,false,false
,RatingDog Services PMI,CNY,2020-12-02T20:45:00Z,None,56.5,56.8,57.8,false,false
,30-y Bond Auction,JPY,2020-12-02T22:35:00Z,None,,0.64|3.8,0.65|3.5,false,false
,OPEC-JMMC Meetings,All,2020-12-03T00:00:00Z,High,,,,true,false
,Spanish Services PMI,EUR,2020-12-03T03:15:00Z,None,36.5,41.4,39.5,false,false
,Italian Services PMI,EUR,2020-12-03T03:45:00Z,None,40.9,46.7,39.4,false,false
,French Final Services PMI,EUR,2020-12-03T03:50:00Z,None,49.1,38.0,38.8,false,false
,German Final Services PMI,EUR,2020-12-03T03:55:00Z,None,46.2,46.2,46.0,false,false
,Final Services PMI,EUR,2020-12-03T04:00:00Z,None,41.3,41.3,41.7,false,false
,Final Services PMI,GBP,2020-12-03T04:30:00Z,None,45.8,45.8,47.6,false,false
,Retail Sales m/m,EUR,2020-12-03T05:00:00Z,None,0.7%,-1.7%,1.5%,false,false
,French 10-y Bond Auction,EUR,2020-12-03T05:04:00Z,None,,-0.38|2.4,-0.26|2.1,false,false
,Challenger Job Cuts y/y,USD,2020-12-03T07:30:00Z,None,,60.4%,45.4%,false,false
,Unemployment Claims,USD,2020-12-03T08:30:00Z,None,775K,787K,712K,false,false
,Final Services PMI,USD,2020-12-03T09:45:00Z,None,57.5,57.7,58.4,false,false
,ISM Services PMI,USD,2020-12-03T10:00:00Z,None,55.9,56.6,55.9,false,false
,Natural Gas Storage,USD,2020-12-03T10:30:00Z,None,-17B,-18B,-1B,false,false
,German Factory Orders m/m,EUR,2020-12-04T02:00:00Z,None,1.4%,1.1%,2.9%,false,false
,French Gov Budget Balance,EUR,2020-12-04T02:45:00Z,None,,-161.6B,-159.9B,false,false
,Italian Retail Sales m/m,EUR,2020-12-04T04:00:00Z,None,0.2%,-0.7%,0.6%,false,false
,MPC Member Saunders Speaks,GBP,2020-12-04T04:30:00Z,None,,,,false,false
,Construction PMI,GBP,2020-12-04T04:30:00Z,None,52.3,53.1,54.7,false,false
,Unemployment Rate,USD,2020-12-04T08:30:00Z,High,6.8%,6.9%,6.7%,false,false
,Trade Balance,USD,2020-12-04T08:30:00Z,None,-64.7B,-62.1B,-63.1B,false,false
,Employment Change,CAD,2020-12-04T08:30:00Z,High,22.0K,83.6K,62.1K,false,false
,Unemployment Rate,CAD,2020-12-04T08:30:00Z,High,9.0%,8.9%,8.5%,false,false
,Trade Balance,CAD,2020-12-04T08:30:00Z,None,-3.2B,-3.8B,-3.8B,false,false
,Average Hourly Earnings m/m,USD,2020-12-04T08:30:00Z,High,0.1%,0.1%,0.3%,false,false
,Non-Farm Employment Change,USD,2020-12-04T08:30:00Z,High,480K,610K,245K,false,false
,MPC Member Tenreyro Speaks,GBP,2020-12-04T08:45:00Z,None,,,,false,false
,Factory Orders m/m,USD,2020-12-04T10:00:00Z,None,0.8%,1.3%,1.0%,false,false
,FOMC Member Bowman Speaks,USD,2020-12-04T10:00:00Z,None,,,,false,false
,AIG Services Index,AUD,2020-12-06T16:30:00Z,None,,51.4,52.9,false,false
,RBA Gov Lowe Speaks,AUD,2020-12-06T17:00:00Z,None,,,,false,false
,ANZ Job Advertisements m/m,AUD,2020-12-06T19:30:00Z,None,,11.9%,13.9%,false,false
,USD-Denominated Trade Balance,CNY,2020-12-06T21:59:00Z,None,53.8B,58.4B,75.4B,false,false
,Trade Balance,CNY,2020-12-06T22:00:00Z,None,373B,402B,507B,false,false
,Leading Indicators,JPY,2020-12-06T23:59:00Z,None,93.4%,92.5%,93.8%,false,false
,G7 Meetings,All,2020-12-07T00:00:00Z,None,,,,true,false
,German Industrial Production m/m,EUR,2020-12-07T02:00:00Z,None,1.8%,2.3%,3.2%,false,false
,Foreign Currency Reserves,CHF,2020-12-07T03:10:00Z,None,,872B,876B,false,false
,Lloyds HPI m/m,GBP,2020-12-07T03:30:00Z,None,0.6%,0.3%,1.2%,false,false
,Sentix Investor Confidence,EUR,2020-12-07T04:30:00Z,None,-11.9,-10.0,-2.7,false,false
,Ivey PMI,CAD,2020-12-07T10:00:00Z,None,52.3,54.5,52.7,false,false
,Consumer Credit m/m,USD,2020-12-07T15:00:00Z,None,17.6B,15.0B,7.2B,false,false
,Household Spending y/y,JPY,2020-12-07T18:30:00Z,None,2.7%,-10.2%,1.9%,false,false
,Average Cash Earnings y/y,JPY,2020-12-07T18:30:00Z,None,-0.7%,-1.3%,-0.8%,false,false
,Bank Lending y/y,JPY,2020-12-07T18:50:00Z,None,6.3%,6.1%,6.3%,false,false
,Current Account,JPY,2020-12-07T18:50:00Z,None,1.83T,1.35T,1.98T,false,false
,Final GDP q/q,JPY,2020-12-07T18:50:00Z,None,5.0%,5.0%,5.3%,false,false
,Final GDP Price Index y/y,JPY,2020-12-07T18:52:00Z,None,1.1%,1.1%,1.2%,false,false
,BRC Retail Sales Monitor y/y,GBP,2020-12-07T19:01:00Z,None,5.0%,5.2%,7.7%,false,false
,HPI q/q,AUD,2020-12-07T19:30:00Z,None,-1.6%,-1.8%,0.8%,false,false
,NAB Business Confidence,AUD,2020-12-07T19:30:00Z,None,,3,12,false,false
,Economy Watchers Sentiment,JPY,2020-12-08T00:00:00Z,None,52.7,54.5,45.6,false,false
,Italian Bank Holiday,EUR,2020-12-08T00:00:00Z,None,,,,true,false
,French Final Private Payrolls q/q,EUR,2020-12-08T01:30:00Z,None,-1.0%,1.8%,1.6%,false,false
,Unemployment Rate,CHF,2020-12-08T01:45:00Z,None,3.4%,3.4%,3.4%,false,false
,French Trade Balance,EUR,2020-12-08T02:45:00Z,None,-5.5B,-5.6B,-4.8B,false,false
,ZEW Economic Sentiment,EUR,2020-12-08T05:00:00Z,None,37.5,32.8,54.4,false,false
,Final Employment Change q/q,EUR,2020-12-08T05:00:00Z,None,0.9%,0.9%,1.0%,false,false
,Revised GDP q/q,EUR,2020-12-08T05:00:00Z,None,12.6%,12.6%,12.5%,false,false
,German ZEW Economic Sentiment,EUR,2020-12-08T05:00:00Z,None,45.9,39.0,55.0,false,false
,NFIB Small Business Index,USD,2020-12-08T06:00:00Z,None,102.6,104.0,101.4,false,false
,30-y Bond Auction,GBP,2020-12-08T06:36:00Z,None,,0.92|2.3,0.84|2.6,false,false
,Revised Nonfarm Productivity q/q,USD,2020-12-08T08:30:00Z,None,4.9%,4.9%,4.6%,false,false
,Revised Unit Labor Costs q/q,USD,2020-12-08T08:30:00Z,None,-8.9%,-8.9%,-6.6%,false,false
,RCM/TIPP Economic Optimism,USD,2020-12-08T10:00:00Z,None,50.0,50.0,49.0,false,false
,API Weekly Statistical Bulletin,USD,2020-12-08T16:30:00Z,None,,,,false,false
,Manufacturing Sales q/q,NZD,2020-12-08T16:45:00Z,None,,-11.9%,10.0%,false,false
,Westpac Consumer Sentiment,AUD,2020-12-08T18:30:00Z,None,,2.5%,4.1%,false,false
,Core Machinery Orders m/m,JPY,2020-12-08T18:50:00Z,None,2.6%,-4.4%,17.1%,false,false
,M2 Money Stock y/y,JPY,2020-12-08T18:50:00Z,None,8.9%,9.0%,9.1%,false,false
,PPI y/y,CNY,2020-12-08T20:30:00Z,None,-1.8%,-2.1%,-1.5%,false,false
,CPI y/y,CNY,2020-12-08T20:30:00Z,None,0.0%,0.5%,-0.5%,false,false
,Prelim Machine Tool Orders y/y,JPY,2020-12-09T01:00:00Z,None,,-6.0%,8.0%,false,false
,German Trade Balance,EUR,2020-12-09T02:00:00Z,None,18.7B,17.6B,18.2B,false,false
,New Loans,CNY,2020-12-09T03:15:00Z,None,1450B,690B,1430B,false,false
,M2 Money Supply y/y,CNY,2020-12-09T03:15:00Z,None,10.5%,10.5%,10.7%,false,false
,BOC Rate Statement,CAD,2020-12-09T10:00:00Z,High,,,,false,false
,JOLTS Job Openings,USD,2020-12-09T10:00:00Z,None,6.30M,6.49M,6.65M,false,false
,Final Wholesale Inventories m/m,USD,2020-12-09T10:00:00Z,None,0.9%,0.9%,1.1%,false,false
,Overnight Rate,CAD,2020-12-09T10:00:00Z,None,0.25%,0.25%,0.25%,false,false
,Crude Oil Inventories,USD,2020-12-09T10:30:00Z,None,-0.9M,-0.7M,15.2M,false,false
,10-y Bond Auction,USD,2020-12-09T13:01:00Z,None,,0.96|2.3,0.95|2.3,false,false
,PPI y/y,JPY,2020-12-09T18:50:00Z,None,-2.2%,-2.1%,-2.2%,false,false
,BSI Manufacturing Index,JPY,2020-12-09T18:50:00Z,None,3.5,0.1,21.6,false,false
,MI Inflation Expectations,AUD,2020-12-09T19:00:00Z,None,,3.5%,3.5%,false,false
,RICS House Price Balance,GBP,2020-12-09T19:01:00Z,None,64%,67%,66%,false,false
,RBA Bulletin,AUD,2020-12-09T19:30:00Z,None,,,,false,false
,EU Economic Summit,EUR,2020-12-10T00:00:00Z,High,,,,false,false
,Construction Output m/m,GBP,2020-12-10T02:00:00Z,None,1.2%,2.9%,1.0%,false,false
,Index of Services 3m/3m,GBP,2020-12-10T02:00:00Z,None,9.8%,14.2%,9.7%,false,false
,GDP m/m,GBP,2020-12-10T02:00:00Z,None,0.4%,1.1%,0.4%,false,false
,Goods Trade Balance,GBP,2020-12-10T02:00:00Z,None,-9.6B,-9.3B,-12.0B,false,false
,Industrial Production m/m,GBP,2020-12-10T02:00:00Z,None,0.3%,0.5%,1.3%,false,false
,Manufacturing Production m/m,GBP,2020-12-10T02:00:00Z,None,0.3%,0.2%,1.7%,false,false
,French Industrial Production m/m,EUR,2020-12-10T02:45:00Z,None,0.4%,1.6%,1.6%,false,false
,Spanish 10-y Bond Auction,EUR,2020-12-10T04:44:00Z,None,,0.22|3.2,-0.03|3.0,false,false
,Main Refinancing Rate,EUR,2020-12-10T07:45:00Z,High,0.00%,0.00%,0.00%,false,false
,Monetary Policy Statement,EUR,2020-12-10T07:45:00Z,High,,,,false,false
,NIESR GDP Estimate,GBP,2020-12-10T08:19:00Z,None,,10.3%,1.5%,false,false
,Core CPI m/m,USD,2020-12-10T08:30:00Z,None,0.1%,0.0%,0.2%,false,false
,CPI m/m,USD,2020-12-10T08:30:00Z,None,0.1%,0.0%,0.2%,false,false
,Unemployment Claims,USD,2020-12-10T08:30:00Z,None,723K,716K,853K,false,false
,ECB Press Conference,EUR,2020-12-10T08:30:00Z,High,,,,false,false
,Core CPI y/y,USD,2020-12-10T08:30:00Z,High,1.5%,1.6%,1.6%,false,false
,CPI y/y,USD,2020-12-10T08:30:00Z,High,1.2%,1.2%,1.2%,false,false
,Natural Gas Storage,USD,2020-12-10T10:30:00Z,None,-85B,-1B,-91B,false,false
,30-y Bond Auction,USD,2020-12-10T13:01:00Z,None,,1.68|2.3,1.67|2.5,false,false
,Gov Council Member Beaudry Speaks,CAD,2020-12-10T13:30:00Z,None,,,,false,false
,Federal Budget Balance,USD,2020-12-10T14:00:00Z,None,-200.0B,-284.1B,-145.3B,false,false
,BusinessNZ Manufacturing Index,NZD,2020-12-10T16:30:00Z,None,,52.4,55.3,false,false
,FPI m/m,NZD,2020-12-10T16:45:00Z,None,,-0.7%,-0.9%,false,false
,EU Economic Summit,EUR,2020-12-11T00:00:00Z,None,,,,false,false
,Euro Summit,EUR,2020-12-11T00:00:00Z,High,,,,true,false
,FPC Statement,GBP,2020-12-11T02:00:00Z,None,,,,false,false
,FPC Meeting Minutes,GBP,2020-12-11T02:00:00Z,None,,,,false,false
,BOE Financial Stability Report,GBP,2020-12-11T02:00:00Z,None,,,,false,false
,German Final CPI m/m,EUR,2020-12-11T02:00:00Z,None,-0.8%,-0.8%,-0.8%,false,false
,BOE Gov Bailey Speaks,GBP,2020-12-11T03:30:00Z,High,,,,false,false
,Italian Industrial Production m/m,EUR,2020-12-11T04:00:00Z,None,1.1%,-5.1%,1.3%,false,false
,Consumer Inflation Expectations,GBP,2020-12-11T04:30:00Z,None,,2.8%,2.7%,false,false
,Italian Quarterly Unemployment Rate,EUR,2020-12-11T05:00:00Z,None,9.8%,8.4%,9.8%,false,false
,Capacity Utilization Rate,CAD,2020-12-11T08:30:00Z,None,77.8%,70.7%,76.5%,false,false
,Core PPI m/m,USD,2020-12-11T08:30:00Z,None,0.2%,0.1%,0.1%,false,false
,PPI m/m,USD,2020-12-11T08:30:00Z,None,0.1%,0.3%,0.1%,false,false
,CB Leading Index m/m,GBP,2020-12-11T09:30:00Z,None,,-1.5%,-2.1%,false,false
,Prelim UoM Consumer Sentiment,USD,2020-12-11T10:00:00Z,None,76.1,76.9,81.4,false,false
,Prelim UoM Inflation Expectations,USD,2020-12-11T10:00:00Z,None,,2.8%,2.3%,false,false
,BusinessNZ Services Index,NZD,2020-12-13T16:30:00Z,None,,50.8,46.7,false,false
,Visitor Arrivals m/m,NZD,2020-12-13T16:45:00Z,None,,9.0%,5.9%,false,false
,Tankan Manufacturing Index,JPY,2020-12-13T18:50:00Z,None,-16,-27,-10,false,false
,Tankan Non-Manufacturing Index,JPY,2020-12-13T18:50:00Z,None,-7,-12,-5,false,false
,Rightmove HPI m/m,GBP,2020-12-13T19:01:00Z,None,,-0.5%,-0.6%,false,false
,New Home Prices m/m,CNY,2020-12-13T20:30:00Z,None,,0.15%,0.12%,false,false
,Revised Industrial Production m/m,JPY,2020-12-13T23:30:00Z,None,3.8%,3.8%,4.0%,false,false
,Tertiary Industry Activity m/m,JPY,2020-12-13T23:30:00Z,None,1.3%,2.3%,1.0%,false,false
,German WPI m/m,EUR,2020-12-14T02:00:00Z,None,0.2%,-0.2%,0.1%,false,false
,Industrial Production m/m,EUR,2020-12-14T05:00:00Z,None,1.8%,0.1%,2.1%,false,false
,German Buba Monthly Report,EUR,2020-12-14T06:00:00Z,None,,,,false,false
,Westpac Consumer Sentiment,NZD,2020-12-14T15:00:00Z,None,,95.1,106.0,false,false
,Monetary Policy Meeting Minutes,AUD,2020-12-14T19:30:00Z,None,,,,false,false
,Fixed Asset Investment ytd/y,CNY,2020-12-14T21:00:00Z,None,2.6%,1.8%,2.6%,false,false
,Industrial Production y/y,CNY,2020-12-14T21:00:00Z,None,7.0%,6.9%,7.0%,false,false
,Retail Sales y/y,CNY,2020-12-14T21:00:00Z,None,5.1%,4.3%,5.0%,false,false
,Unemployment Rate,CNY,2020-12-14T21:00:00Z,None,5.2%,5.3%,5.2%,false,false
,Foreign Direct Investment ytd/y,CNY,2020-12-15T01:16:00Z,None,,6.4%,6.3%,false,false
,SECO Economic Forecasts,CHF,2020-12-15T01:45:00Z,None,,,,false,false
,Average Earnings Index 3m/y,GBP,2020-12-15T02:00:00Z,None,2.2%,1.4%,2.7%,false,false
,Claimant Count Change,GBP,2020-12-15T02:00:00Z,None,10.5K,-64.1K,64.3K,false,false
,Unemployment Rate,GBP,2020-12-15T02:00:00Z,None,5.1%,4.8%,4.9%,false,false
,PPI m/m,CHF,2020-12-15T02:30:00Z,None,0.1%,0.0%,-0.1%,false,false
,French Final CPI m/m,EUR,2020-12-15T02:45:00Z,None,0.2%,0.2%,0.2%,false,false
,Italian Trade Balance,EUR,2020-12-15T05:00:00Z,None,5.40B,5.85B,7.57B,false,false
,Housing Starts,CAD,2020-12-15T08:13:00Z,None,220K,215K,246K,false,false
,Manufacturing Sales m/m,CAD,2020-12-15T08:30:00Z,None,0.5%,1.5%,0.3%,false,false
,Empire State Manufacturing Index,USD,2020-12-15T08:30:00Z,None,6.3,6.3,4.9,false,false
,Import Prices m/m,USD,2020-12-15T08:30:00Z,None,0.3%,-0.1%,0.1%,false,false
,GDT Price Index,NZD,2020-12-15T09:12:00Z,None,,4.3%,1.3%,false,false
,Capacity Utilization Rate,USD,2020-12-15T09:15:00Z,None,73.1%,73.0%,73.3%,false,false
,Industrial Production m/m,USD,2020-12-15T09:15:00Z,None,0.3%,0.9%,0.4%,false,false
,CB Leading Index m/m,AUD,2020-12-15T10:30:00Z,None,,0.1%,0.8%,false,false
,BOC Gov Macklem Speaks,CAD,2020-12-15T14:30:00Z,None,,,,false,false
,TIC Long-Term Purchases,USD,2020-12-15T16:00:00Z,None,75.5B,108.9B,51.9B,false,false
,API Weekly Statistical Bulletin,USD,2020-12-15T16:30:00Z,None,,,,false,false
,Current Account,NZD,2020-12-15T16:45:00Z,None,-3.65B,1.91B,-3.52B,false,false
,Flash Manufacturing PMI,AUD,2020-12-15T17:00:00Z,None,,55.8,56.0,false,false
,Flash Services PMI,AUD,2020-12-15T17:00:00Z,None,,55.1,57.4,false,false
,MI Leading Index m/m,AUD,2020-12-15T18:30:00Z,None,,0.3%,0.5%,false,false
,Trade Balance,JPY,2020-12-15T18:50:00Z,None,0.54T,0.36T,0.57T,false,false
,Flash Manufacturing PMI,JPY,2020-12-15T19:30:00Z,None,48.9,49.0,49.7,false,false
,Eurogroup Meetings,EUR,2020-12-16T00:00:00Z,None,,,,true,false
,Core CPI y/y,GBP,2020-12-16T02:00:00Z,None,1.4%,1.5%,1.1%,false,false
,CPI y/y,GBP,2020-12-16T02:00:00Z,None,0.6%,0.7%,0.3%,false,false
,RPI y/y,GBP,2020-12-16T02:00:00Z,None,1.3%,1.3%,0.9%,false,false
,PPI Input m/m,GBP,2020-12-16T02:02:00Z,None,0.4%,0.4%,0.2%,false,false
,PPI Output m/m,GBP,2020-12-16T02:02:00Z,None,0.1%,0.0%,0.2%,false,false
,French Flash Services PMI,EUR,2020-12-16T03:15:00Z,High,39.9,38.8,49.2,false,false
,French Flash Manufacturing PMI,EUR,2020-12-16T03:15:00Z,None,50.0,49.6,51.1,false,false
,German Flash Manufacturing PMI,EUR,2020-12-16T03:30:00Z,High,56.4,57.8,58.6,false,false
,German Flash Services PMI,EUR,2020-12-16T03:30:00Z,High,44.1,46.0,47.7,false,false
,Flash Manufacturing PMI,EUR,2020-12-16T04:00:00Z,None,53.0,53.8,55.5,false,false
,Flash Services PMI,EUR,2020-12-16T04:00:00Z,None,41.9,41.7,47.3,false,false
,Flash Services PMI,GBP,2020-12-16T04:30:00Z,None,50.5,47.6,49.9,false,false
,HPI y/y,GBP,2020-12-16T04:30:00Z,None,5.1%,4.3%,5.4%,false,false
,Flash Manufacturing PMI,GBP,2020-12-16T04:30:00Z,None,55.9,55.6,57.3,false,false
,Trade Balance,EUR,2020-12-16T05:00:00Z,None,22.1B,23.7B,25.9B,false,false
,Foreign Securities Purchases,CAD,2020-12-16T08:30:00Z,None,10.05B,4.68B,6.92B,false,false
,Common CPI y/y,CAD,2020-12-16T08:30:00Z,None,1.6%,1.5%,1.5%,false,false
,CPI m/m,CAD,2020-12-16T08:30:00Z,None,0.0%,0.4%,0.1%,false,false
,Treasury Currency Report,USD,2020-12-16T08:30:00Z,None,,,,false,false
,Median CPI y/y,CAD,2020-12-16T08:30:00Z,None,1.9%,1.9%,1.9%,false,false
,Trimmed CPI y/y,CAD,2020-12-16T08:30:00Z,None,1.8%,1.7%,1.7%,false,false
,Wholesale Sales m/m,CAD,2020-12-16T08:30:00Z,None,0.7%,0.6%,1.0%,false,false
,Core Retail Sales m/m,USD,2020-12-16T08:30:00Z,High,0.1%,-0.1%,-0.9%,false,false
,Retail Sales m/m,USD,2020-12-16T08:30:00Z,High,-0.3%,-0.1%,-1.1%,false,false
,Core CPI m/m,CAD,2020-12-16T08:32:00Z,None,,0.4%,0.2%,false,false
,Flash Manufacturing PMI,USD,2020-12-16T09:45:00Z,High,55.9,56.7,56.5,false,false
,Flash Services PMI,USD,2020-12-16T09:45:00Z,None,55.7,58.4,55.3,false,false
,Business Inventories m/m,USD,2020-12-16T10:00:00Z,None,0.6%,0.8%,0.7%,false,false
,NAHB Housing Market Index,USD,2020-12-16T10:00:00Z,None,88,90,86,false,false
,Crude Oil Inventories,USD,2020-12-16T10:30:00Z,None,-2.8M,15.2M,-3.1M,false,false
,Federal Funds Rate,USD,2020-12-16T14:00:00Z,None,<0.25%,<0.25%,<0.25%,false,false
,FOMC Economic Projections,USD,2020-12-16T14:00:00Z,High,,,,false,false
,FOMC Statement,USD,2020-12-16T14:00:00Z,High,,,,false,false
,FOMC Press Conference,USD,2020-12-16T14:30:00Z,High,,,,false,false
,GDP q/q,NZD,2020-12-16T16:45:00Z,High,12.9%,-11.0%,14.0%,false,false
,Employment Change,AUD,2020-12-16T19:30:00Z,High,40.9K,180.4K,90.0K,false,false
,Unemployment Rate,AUD,2020-12-16T19:30:00Z,High,7.0%,7.0%,6.8%,false,false
,Mid-Year Economic and Fiscal Outlook,AUD,2020-12-16T19:30:00Z,None,,,,false,false
,Trade Balance,CHF,2020-12-17T02:00:00Z,None,4.12B,3.86B,4.46B,false,false
,SNB Policy Rate,CHF,2020-12-17T03:30:00Z,None,-0.75%,-0.75%,-0.75%,false,false
,SNB Monetary Policy Assessment,CHF,2020-12-17T03:30:00Z,High,,,,false,false
,SNB Press Conference,CHF,2020-12-17T04:00:00Z,High,,,,false,false
,Final Core CPI y/y,EUR,2020-12-17T05:00:00Z,None,0.2%,0.2%,0.2%,false,false
,Final CPI y/y,EUR,2020-12-17T05:00:00Z,None,-0.3%,-0.3%,-0.3%,false,false
,Monetary Policy Summary,GBP,2020-12-17T07:00:00Z,High,,,,false,false
,MPC Official Bank Rate Votes,GBP,2020-12-17T07:00:00Z,High,0-0-9,0-0-9,0-0-9,false,false
,Official Bank Rate,GBP,2020-12-17T07:00:00Z,High,0.10%,0.10%,0.10%,false,false
,MPC Asset Purchase Facility Votes,GBP,2020-12-17T07:00:00Z,None,0-0-9,9-0-0,0-0-9,false,false
,Asset Purchase Facility,GBP,2020-12-17T07:00:00Z,None,875B,875B,875B,false,false
,Philly Fed Manufacturing Index,USD,2020-12-17T08:29:00Z,None,20.1,26.3,11.1,false,false
,Unemployment Claims,USD,2020-12-17T08:30:00Z,None,817K,862K,885K,false,false
,ADP Non-Farm Employment Change,CAD,2020-12-17T08:30:00Z,None,,-383.5K,40.8K,false,false
,Building Permits,USD,2020-12-17T08:30:00Z,None,1.55M,1.54M,1.64M,false,false
,Housing Starts,USD,2020-12-17T08:30:00Z,None,1.53M,1.53M,1.55M,false,false
,Natural Gas Storage,USD,2020-12-17T10:30:00Z,None,-120B,-91B,-122B,false,false
,Trade Balance,NZD,2020-12-17T16:45:00Z,None,250M,-472M,252M,false,false
,National Core CPI y/y,JPY,2020-12-17T18:30:00Z,None,-0.9%,-0.7%,-0.9%,false,false
,ANZ Business Confidence,NZD,2020-12-17T19:00:00Z,None,,-6.9,9.4,false,false
,GfK Consumer Confidence,GBP,2020-12-17T19:01:00Z,None,-30,-33,-26,false,false
,Monetary Policy Statement,JPY,2020-12-17T22:13:00Z,High,,,,false,false
,BOJ Policy Rate,JPY,2020-12-17T22:13:00Z,None,-0.10%,-0.10%,-0.10%,false,false
,BOJ Press Conference,JPY,2020-12-18T01:30:00Z,None,,,,false,false
,Retail Sales m/m,GBP,2020-12-18T02:00:00Z,None,-4.0%,1.3%,-3.8%,false,false
,German PPI m/m,EUR,2020-12-18T02:00:00Z,None,0.1%,0.1%,0.2%,false,false
,German ifo Business Climate,EUR,2020-12-18T04:00:00Z,None,90.2,90.9,92.1,false,false
,Current Account,EUR,2020-12-18T04:00:00Z,None,22.6B,25.2B,26.6B,false,false
,CBI Industrial Order Expectations,GBP,2020-12-18T06:00:00Z,None,-30,-40,-25,false,false
,Core Retail Sales m/m,CAD,2020-12-18T08:30:00Z,None,0.1%,1.9%,0.0%,false,false
,Retail Sales m/m,CAD,2020-12-18T08:30:00Z,None,0.1%,1.9%,0.4%,false,false
,Current Account,USD,2020-12-18T08:30:00Z,None,-190B,-161B,-179B,false,false
,Belgian NBB Business Climate,EUR,2020-12-18T08:54:00Z,None,-12.4,-12.1,-8.4,false,false
,CB Leading Index m/m,USD,2020-12-18T10:00:00Z,None,0.4%,0.8%,0.6%,false,false
,FOMC Member Brainard Speaks,USD,2020-12-18T11:10:00Z,None,,,,false,false
,Bank Stress Test Results,USD,2020-12-18T16:30:00Z,None,,,,false,false
,5-y Loan Prime Rate,CNY,2020-12-20T20:30:00Z,None,4.65%,4.65%,4.65%,false,false
,1-y Loan Prime Rate,CNY,2020-12-20T20:30:00Z,None,3.85%,3.85%,3.85%,false,false
,Credit Card Spending y/y,NZD,2020-12-20T21:00:00Z,None,,-6.0%,-5.6%,false,false
,CBI Realized Sales,GBP,2020-12-21T06:00:00Z,None,3,-25,-3,false,false
,NHPI m/m,CAD,2020-12-21T08:30:00Z,None,0.9%,0.8%,0.6%,false,false
,Consumer Confidence,EUR,2020-12-21T09:39:00Z,None,-18,-18,-14,false,false
,Retail Sales m/m,AUD,2020-12-21T19:30:00Z,None,2.1%,1.4%,7.0%,false,false
,BOJ Core CPI y/y,JPY,2020-12-21T23:59:00Z,None,0.0%,0.0%,-0.1%,false,false
,German GfK Consumer Climate,EUR,2020-12-22T02:00:00Z,None,-8.7,-6.8,-7.3,false,false
,Final GDP q/q,GBP,2020-12-22T02:00:00Z,None,15.5%,15.5%,16.0%,false,false
,Public Sector Net Borrowing,GBP,2020-12-22T02:00:00Z,None,26.3B,20.9B,30.8B,false,false
,Revised Business Investment q/q,GBP,2020-12-22T02:00:00Z,None,8.8%,8.8%,9.4%,false,false
,Current Account,GBP,2020-12-22T02:02:00Z,None,-12.9B,-11.9B,-15.7B,false,false
,Final GDP q/q,USD,2020-12-22T08:30:00Z,None,33.1%,33.1%,33.4%,false,false
,Final GDP Price Index q/q,USD,2020-12-22T08:32:00Z,None,3.6%,3.6%,3.5%,false,false
,CB Leading Index m/m,CNY,2020-12-22T09:00:00Z,None,,1.3%,1.2%,false,false
,Richmond Manufacturing Index,USD,2020-12-22T09:59:00Z,None,11,15,19,false,false
,CB Consumer Confidence,USD,2020-12-22T10:00:00Z,None,97.1,92.9,88.6,false,false
,Existing Home Sales,USD,2020-12-22T10:00:00Z,None,6.70M,6.86M,6.69M,false,false
,API Weekly Statistical Bulletin,USD,2020-12-22T16:30:00Z,None,,,,false,false
,Monetary Policy Meeting Minutes,JPY,2020-12-22T18:50:00Z,None,,,,false,false
,Goods Trade Balance,AUD,2020-12-22T19:30:00Z,None,,4.67B,1.96B,false,false
,Private Sector Credit m/m,AUD,2020-12-22T19:30:00Z,None,0.1%,0.0%,0.1%,false,false
,German Import Prices m/m,EUR,2020-12-23T02:00:00Z,None,0.3%,0.3%,0.5%,false,false
,GDP m/m,CAD,2020-12-23T08:30:00Z,None,0.3%,0.8%,0.4%,false,false
,Core Durable Goods Orders m/m,USD,2020-12-23T08:30:00Z,None,0.5%,1.9%,0.4%,false,false
,Core PCE Price Index m/m,USD,2020-12-23T08:30:00Z,None,0.1%,0.0%,0.0%,false,false
,Durable Goods Orders m/m,USD,2020-12-23T08:30:00Z,None,0.6%,1.8%,0.9%,false,false
,Personal Income m/m,USD,2020-12-23T08:30:00Z,None,-0.3%,-0.6%,-1.1%,false,false
,Personal Spending m/m,USD,2020-12-23T08:30:00Z,None,-0.2%,0.3%,-0.4%,false,false
,Unemployment Claims,USD,2020-12-23T08:30:00Z,None,882K,892K,803K,false,false
,SNB Quarterly Bulletin,CHF,2020-12-23T09:00:00Z,None,,,,false,false
,HPI m/m,USD,2020-12-23T09:00:00Z,None,0.6%,1.7%,1.5%,false,false
,New Home Sales,USD,2020-12-23T10:00:00Z,None,994K,945K,841K,false,false
,Revised UoM Consumer Sentiment,USD,2020-12-23T10:00:00Z,None,81.0,81.4,80.7,false,false
,Revised UoM Inflation Expectations,USD,2020-12-23T10:00:00Z,None,,2.3%,2.5%,false,false
,Crude Oil Inventories,USD,2020-12-23T10:30:00Z,None,-2.9M,-3.1M,-0.6M,false,false
,Natural Gas Storage,USD,2020-12-23T12:00:00Z,None,-160B,-122B,-152B,false,false
,SPPI y/y,JPY,2020-12-23T18:50:00Z,None,-0.6%,-0.5%,-0.6%,false,false
,BOJ Gov Kuroda Speaks,JPY,2020-12-23T23:55:00Z,None,,,,false,false
,German Bank Holiday,EUR,2020-12-24T00:00:00Z,None,,,,true,false
,Bank Holiday,AUD,2020-12-24T00:00:00Z,None,,,,true,false
,Bank Holiday,NZD,2020-12-24T00:00:00Z,None,,,,true,false
,Building Permits m/m,CAD,2020-12-24T08:30:00Z,None,2.5%,-12.6%,12.9%,false,false
,Tokyo Core CPI y/y,JPY,2020-12-24T18:30:00Z,None,-0.8%,-0.7%,-0.9%,false,false
,Unemployment Rate,JPY,2020-12-24T18:30:00Z,None,3.1%,3.1%,2.9%,false,false
,Retail Sales y/y,JPY,2020-12-24T18:50:00Z,None,1.8%,6.4%,0.7%,false,false
,Housing Starts y/y,JPY,2020-12-25T00:00:00Z,None,-4.8%,-8.3%,-3.7%,false,false
,Bank Holiday,CHF,2020-12-25T00:00:00Z,None,,,,true,false
,French Bank Holiday,EUR,2020-12-25T00:00:00Z,None,,,,true,false
,German Bank Holiday,EUR,2020-12-25T00:00:00Z,None,,,,true,false
,Italian Bank Holiday,EUR,2020-12-25T00:00:00Z,None,,,,true,false
,Bank Holiday,GBP,2020-12-25T00:00:00Z,None,,,,true,false
,Bank Holiday,CAD,2020-12-25T00:00:00Z,None,,,,true,false
,Bank Holiday,USD,2020-12-25T00:00:00Z,None,,,,true,false
,Bank Holiday,AUD,2020-12-27T00:00:00Z,None,,,,true,false
,Bank Holiday,NZD,2020-12-27T00:00:00Z,None,,,,true,false
,BOJ Summary of Opinions,JPY,2020-12-27T18:50:00Z,None,,,,false,false
,Prelim Industrial Production m/m,JPY,2020-12-27T18:50:00Z,None,1.4%,4.0%,0.0%,false,false
,Bank Holiday,GBP,2020-12-28T00:00:00Z,None,,,,true,false
,Bank Holiday,CAD,2020-12-28T00:00:00Z,None,,,,true,false
,S&P/CS Composite-20 HPI y/y,USD,2020-12-29T09:00:00Z,None,7.0%,6.6%,7.9%,false,false
,API Weekly Statistical Bulletin,USD,2020-12-29T16:30:00Z,None,,,,false,false
,Bank Holiday,JPY,2020-12-30T00:00:00Z,None,,,,true,false
,Nationwide HPI m/m,GBP,2020-12-30T01:57:00Z,None,0.4%,0.9%,0.8%,false,false
,KOF Economic Barometer,CHF,2020-12-30T03:00:00Z,None,101.4,103.7,104.3,false,false
,Spanish Flash CPI y/y,EUR,2020-12-30T03:00:00Z,None,-0.6%,-0.8%,-0.5%,false,false
,UBS Economic Expectations,CHF,2020-12-30T04:00:00Z,None,,30.0,46.8,false,false
,Goods Trade Balance,USD,2020-12-30T08:30:00Z,None,-81.5B,-80.4B,-84.8B,false,false
,Prelim Wholesale Inventories m/m,USD,2020-12-30T08:30:00Z,None,0.7%,1.1%,-0.1%,false,false
,Chicago PMI,USD,2020-12-30T09:45:00Z,None,56.6,58.2,59.5,false,false
,Pending Home Sales m/m,USD,2020-12-30T10:00:00Z,None,0.1%,-0.9%,-2.6%,false,false
,Crude Oil Inventories,USD,2020-12-30T10:30:00Z,None,-3.0M,-0.6M,-6.1M,false,false
,Manufacturing PMI,CNY,2020-12-30T20:00:00Z,None,52.0,52.1,51.9,false,false
,Non-Manufacturing PMI,CNY,2020-12-30T20:00:00Z,None,56.3,56.4,55.7,false,false
,German Bank Holiday,EUR,2020-12-31T00:00:00Z,None,,,,true,false
,Bank Holiday,NZD,2020-12-31T00:00:00Z,None,,,,true,false
,Bank Holiday,AUD,2020-12-31T00:00:00Z,None,,,,true,false
,Bank Holiday,JPY,2020-12-31T00:00:00Z,None,,,,true,false
,Bank Holiday,CNY,2020-12-31T00:00:00Z,None,,,,true,false
,Unemployment Claims,USD,2020-12-31T08:30:00Z,None,832K,806K,787K,false,false
,Natural Gas Storage,USD,2020-12-31T10:30:00Z,None,-127B,-152B,-114B,false,false
