id,title,currency,date,impact,forecast,previous,actual,all_day,tentative
,French Bank Holiday,EUR,2015-01-01T00:00:00Z,None,,,,true,false
,German Bank Holiday,EUR,2015-01-01T00:00:00Z,None,,,,true,false
,Italian Bank Holiday,EUR,2015-01-01T00:00:00Z,None,,,,true,false
,Bank Holiday,GBP,2015-01-01T00:00:00Z,None,,,,true,false
,Bank Holiday,CAD,2015-01-01T00:00:00Z,None,,,,true,false
,Bank Holiday,USD,2015-01-01T00:00:00Z,None,,,,true,false
,Bank Holiday,NZD,2015-01-01T00:00:00Z,None,,,,true,false
,Bank Holiday,CNY,2015-01-01T00:00:00Z,None,,,,true,false
,Bank Holiday,JPY,2015-01-01T00:00:00Z,None,,,,true,false
,Bank Holiday,CHF,2015-01-01T00:00:00Z,None,,,,true,false
,Bank Holiday,CHF,2015-01-02T00:00:00Z,None,,,,true,false
,Commodity Prices y/y,AUD,2015-01-02T00:30:00Z,None,,-18.4%,-21.2%,false,false
,Spanish Manufacturing PMI,EUR,2015-01-02T03:15:00Z,None,54.9,54.7,53.8,false,false
,Italian Manufacturing PMI,EUR,2015-01-02T03:45:00Z,None,49.6,49.0,48.4,false,false
,French Final Manufacturing PMI,EUR,2015-01-02T03:50:00Z,None,47.9,47.9,47.5,false,false
,German Final Manufacturing PMI,EUR,2015-01-02T03:55:00Z,None,51.2,51.2,51.2,false,false
,Final Manufacturing PMI,EUR,2015-01-02T04:00:00Z,None,50.8,50.8,50.6,false,false
,Final Manufacturing PMI,GBP,2015-01-02T04:30:00Z,High,53.7,53.3,52.5,false,false
,Net Lending to Individuals m/m,GBP,2015-01-02T04:30:00Z,None,2.5B,2.7B,3.3B,false,false
,M4 Money Supply m/m,GBP,2015-01-02T04:30:00Z,None,0.2%,0.0%,0.0%,false,false
,Mortgage Approvals,GBP,2015-01-02T04:30:00Z,None,59K,60K,59K,false,false
,Manufacturing PMI,CAD,2015-01-02T09:30:00Z,None,,55.3,53.9,false,false
,Final Manufacturing PMI,USD,2015-01-02T09:45:00Z,None,54.1,53.7,53.9,false,false
,ISM Manufacturing PMI,USD,2015-01-02T10:00:00Z,High,57.6,58.7,55.5,false,false
,Construction Spending m/m,USD,2015-01-02T10:00:00Z,None,0.4%,1.2%,-0.3%,false,false
,ISM Manufacturing Prices,USD,2015-01-02T10:00:00Z,None,43.1,44.5,38.5,false,false
,AIG Manufacturing Index,AUD,2015-01-04T17:30:00Z,None,,50.1,46.9,false,false
,Final Manufacturing PMI,JPY,2015-01-04T20:35:00Z,None,52.1,52.1,52.0,false,false
,German Prelim CPI m/m,EUR,2015-01-05T00:00:00Z,High,0.1%,0.0%,0.0%,true,false
,Total Vehicle Sales,USD,2015-01-05T00:00:00Z,None,16.9M,17.2M,16.9M,true,false
,Spanish Unemployment Change,EUR,2015-01-05T03:00:00Z,None,-72.0K,-14.7K,-64.4K,false,false
,Manufacturing PMI,CHF,2015-01-05T03:30:00Z,None,52.9,52.1,54.0,false,false
,Sentix Investor Confidence,EUR,2015-01-05T04:30:00Z,None,-0.9,-2.5,0.9,false,false
,Construction PMI,GBP,2015-01-05T04:30:00Z,High,59.2,59.4,57.6,false,false
,FOMC Member Williams Speaks,USD,2015-01-05T08:00:00Z,None,,,,false,false
,Monetary Base y/y,JPY,2015-01-05T18:50:00Z,None,34.3%,36.7%,38.2%,false,false
,Goods Trade Balance,AUD,2015-01-05T19:30:00Z,High,-1.59B,-0.88B,-0.93B,false,false
,RatingDog Services PMI,CNY,2015-01-05T20:45:00Z,None,,53.0,53.4,false,false
,10-y Bond Auction,JPY,2015-01-05T22:45:00Z,None,,0.47|3.0,0.30|3.4,false,false
,Italian Bank Holiday,EUR,2015-01-06T00:00:00Z,None,,,,true,false
,Spanish Services PMI,EUR,2015-01-06T03:15:00Z,None,52.9,52.7,54.3,false,false
,Italian Services PMI,EUR,2015-01-06T03:45:00Z,None,51.4,51.8,49.4,false,false
,French Final Services PMI,EUR,2015-01-06T03:50:00Z,None,49.8,49.8,50.6,false,false
,German Final Services PMI,EUR,2015-01-06T03:55:00Z,None,51.4,51.4,52.1,false,false
,Final Services PMI,EUR,2015-01-06T04:00:00Z,None,51.9,51.9,51.6,false,false
,Final Services PMI,GBP,2015-01-06T04:30:00Z,High,58.9,58.6,55.8,false,false
,BOE Credit Conditions Survey,GBP,2015-01-06T04:30:00Z,None,,,,false,false
,10-y Bond Auction,GBP,2015-01-06T05:35:00Z,None,,2.21|1.5,1.62|1.6,false,false
,RMPI m/m,CAD,2015-01-06T08:30:00Z,None,-4.6%,-4.2%,-5.8%,false,false
,IPPI m/m,CAD,2015-01-06T08:30:00Z,None,-0.5%,-0.6%,-0.4%,false,false
,Final Services PMI,USD,2015-01-06T09:45:00Z,None,53.8,53.6,53.3,false,false
,GDT Price Index,NZD,2015-01-06T09:49:00Z,High,,2.4%,3.6%,false,false
,ISM Services PMI,USD,2015-01-06T10:00:00Z,High,58.2,59.3,56.2,false,false
,Factory Orders m/m,USD,2015-01-06T10:00:00Z,None,-0.3%,-0.7%,-0.7%,false,false
,AIG Services Index,AUD,2015-01-06T17:20:00Z,None,,43.8,47.5,false,false
,ANZ Commodity Prices m/m,NZD,2015-01-06T19:00:00Z,None,,-1.6%,-4.4%,false,false
,BRC Shop Price Index y/y,GBP,2015-01-06T19:01:00Z,None,,-1.9%,-1.7%,false,false
,German Retail Sales m/m,EUR,2015-01-07T02:00:00Z,None,0.2%,2.0%,1.0%,false,false
,Foreign Currency Reserves,CHF,2015-01-07T03:00:00Z,None,,463B,495B,false,false
,German Unemployment Change,EUR,2015-01-07T03:55:00Z,None,-6K,-16K,-27K,false,false
,Italian Monthly Unemployment Rate,EUR,2015-01-07T04:00:00Z,None,13.3%,13.3%,13.4%,false,false
,Retail PMI,EUR,2015-01-07T04:10:00Z,None,,48.9,47.6,false,false
,CPI Flash Estimate y/y,EUR,2015-01-07T05:00:00Z,High,0.0%,0.3%,-0.2%,false,false
,Core CPI Flash Estimate y/y,EUR,2015-01-07T05:00:00Z,None,0.6%,0.7%,0.8%,false,false
,Unemployment Rate,EUR,2015-01-07T05:00:00Z,None,11.5%,11.5%,11.5%,false,false
,Italian Prelim CPI m/m,EUR,2015-01-07T05:00:00Z,None,-0.2%,-0.2%,0.0%,false,false
,ADP Non-Farm Employment Change,USD,2015-01-07T08:15:00Z,High,227K,227K,241K,false,false
,Trade Balance,CAD,2015-01-07T08:30:00Z,High,-0.2B,-0.3B,-0.6B,false,false
,Trade Balance,USD,2015-01-07T08:30:00Z,High,-42.3B,-42.2B,-39.0B,false,false
,Ivey PMI,CAD,2015-01-07T10:00:00Z,High,52.3,56.9,55.4,false,false
,Crude Oil Inventories,USD,2015-01-07T10:30:00Z,None,0.9M,-1.8M,-3.1M,false,false
,FOMC Meeting Minutes,USD,2015-01-07T14:00:00Z,High,,,,false,false
,FOMC Member Evans Speaks,USD,2015-01-07T18:30:00Z,None,,,,false,false
,Building Approvals m/m,AUD,2015-01-07T19:30:00Z,High,-2.7%,11.5%,7.5%,false,false
,German Factory Orders m/m,EUR,2015-01-08T02:00:00Z,None,-0.6%,2.9%,-2.4%,false,false
,Lloyds HPI m/m,GBP,2015-01-08T03:00:00Z,None,0.3%,0.5%,0.9%,false,false
,French 10-y Bond Auction,EUR,2015-01-08T04:59:00Z,None,,1.11|2.4,0.79|2.0,false,false
,Retail Sales m/m,EUR,2015-01-08T05:00:00Z,None,0.3%,0.6%,0.6%,false,false
,PPI m/m,EUR,2015-01-08T05:00:00Z,None,-0.2%,-0.3%,-0.3%,false,false
,Official Bank Rate,GBP,2015-01-08T07:00:00Z,High,0.50%,0.50%,0.50%,false,false
,Asset Purchase Facility,GBP,2015-01-08T07:00:00Z,None,375B,375B,375B,false,false
,Challenger Job Cuts y/y,USD,2015-01-08T07:30:00Z,None,,-20.7%,6.6%,false,false
,NHPI m/m,CAD,2015-01-08T08:30:00Z,None,0.2%,0.1%,0.1%,false,false
,Unemployment Claims,USD,2015-01-08T08:30:00Z,High,291K,298K,294K,false,false
,Natural Gas Storage,USD,2015-01-08T10:30:00Z,None,-120B,-26B,-131B,false,false
,Consumer Credit m/m,USD,2015-01-08T15:00:00Z,None,15.1B,16.0B,14.1B,false,false
,Building Consents m/m,NZD,2015-01-08T16:45:00Z,None,,9.8%,10.0%,false,false
,AIG Construction Index,AUD,2015-01-08T17:30:00Z,None,,45.4,44.4,false,false
,Retail Sales m/m,AUD,2015-01-08T19:30:00Z,High,0.3%,0.4%,0.1%,false,false
,CPI y/y,CNY,2015-01-08T20:30:00Z,High,1.5%,1.4%,1.5%,false,false
,PPI y/y,CNY,2015-01-08T20:30:00Z,None,-3.1%,-2.7%,-3.3%,false,false
,Leading Indicators,JPY,2015-01-09T00:00:00Z,None,104.9%,104.5%,103.8%,false,false
,Unemployment Rate,CHF,2015-01-09T01:45:00Z,None,3.1%,3.2%,3.2%,false,false
,German Industrial Production m/m,EUR,2015-01-09T02:00:00Z,None,0.4%,0.6%,-0.1%,false,false
,German Trade Balance,EUR,2015-01-09T02:00:00Z,None,19.4B,20.6B,17.7B,false,false
,French Industrial Production m/m,EUR,2015-01-09T02:45:00Z,None,0.4%,-0.7%,-0.3%,false,false
,French Trade Balance,EUR,2015-01-09T02:45:00Z,None,-4.5B,-4.3B,-3.2B,false,false
,CPI m/m,CHF,2015-01-09T03:15:00Z,None,-0.3%,0.0%,-0.5%,false,false
,Manufacturing Production m/m,GBP,2015-01-09T04:30:00Z,High,0.4%,-0.7%,0.7%,false,false
,Goods Trade Balance,GBP,2015-01-09T04:30:00Z,None,-9.5B,-9.8B,-8.8B,false,false
,Construction Output m/m,GBP,2015-01-09T04:30:00Z,None,1.3%,-1.9%,-2.0%,false,false
,Industrial Production m/m,GBP,2015-01-09T04:30:00Z,None,0.2%,-0.3%,-0.1%,false,false
,Housing Starts,CAD,2015-01-09T08:13:00Z,None,191K,195K,181K,false,false
,Building Permits m/m,CAD,2015-01-09T08:30:00Z,High,0.8%,2.1%,-13.8%,false,false
,Employment Change,CAD,2015-01-09T08:30:00Z,High,10.3K,-10.7K,-4.3K,false,false
,Unemployment Rate,CAD,2015-01-09T08:30:00Z,High,6.6%,6.6%,6.6%,false,false
,Non-Farm Employment Change,USD,2015-01-09T08:30:00Z,High,241K,353K,252K,false,false
,Unemployment Rate,USD,2015-01-09T08:30:00Z,High,5.7%,5.8%,5.6%,false,false
,Average Hourly Earnings m/m,USD,2015-01-09T08:30:00Z,None,0.2%,0.2%,-0.2%,false,false
,NIESR GDP Estimate,GBP,2015-01-09T09:49:00Z,None,,0.7%,0.6%,false,false
,Final Wholesale Inventories m/m,USD,2015-01-09T10:00:00Z,None,0.4%,0.6%,0.8%,false,false
,FOMC Member Lacker Speaks,USD,2015-01-09T13:20:00Z,None,,,,false,false
,Bank Holiday,JPY,2015-01-11T00:00:00Z,None,,,,true,false
,ANZ Job Advertisements m/m,AUD,2015-01-11T19:30:00Z,None,,0.7%,1.8%,false,false
,Home Loans m/m,AUD,2015-01-11T19:30:00Z,None,1.8%,0.2%,-0.7%,false,false
,Labor Market Conditions Index m/m,USD,2015-01-12T10:10:00Z,None,,5.5,6.1,false,false
,BOC Business Outlook Survey,CAD,2015-01-12T10:30:00Z,None,,,,false,false
,FOMC Member Lockhart Speaks,USD,2015-01-12T12:40:00Z,None,,,,false,false
,Current Account,JPY,2015-01-12T18:50:00Z,None,0.69T,0.95T,0.91T,false,false
,Bank Lending y/y,JPY,2015-01-12T18:50:00Z,None,,2.7%,2.6%,false,false
,BRC Retail Sales Monitor y/y,GBP,2015-01-12T19:01:00Z,None,,0.9%,-0.4%,false,false
,USD-Denominated Trade Balance,CNY,2015-01-12T21:00:00Z,High,48.9B,54.5B,49.6B,false,false
,Economy Watchers Sentiment,JPY,2015-01-13T00:03:00Z,None,44.3,41.5,45.2,false,false
,German WPI m/m,EUR,2015-01-13T02:00:00Z,None,0.2%,-0.7%,-1.0%,false,false
,Italian Industrial Production m/m,EUR,2015-01-13T04:00:00Z,None,0.1%,0.0%,0.3%,false,false
,CPI y/y,GBP,2015-01-13T04:30:00Z,High,0.7%,1.0%,0.5%,false,false
,PPI Input m/m,GBP,2015-01-13T04:30:00Z,None,-2.5%,-0.7%,-2.4%,false,false
,RPI y/y,GBP,2015-01-13T04:30:00Z,None,1.7%,2.0%,1.6%,false,false
,Core CPI y/y,GBP,2015-01-13T04:30:00Z,None,1.4%,1.2%,1.3%,false,false
,ONS HPI y/y,GBP,2015-01-13T04:30:00Z,None,10.1%,10.4%,10.0%,false,false
,PPI Output m/m,GBP,2015-01-13T04:30:00Z,None,-0.1%,-0.2%,-0.3%,false,false
,NFIB Small Business Index,USD,2015-01-13T09:00:00Z,None,98.6,98.1,100.4,false,false
,JOLTS Job Openings,USD,2015-01-13T10:00:00Z,None,4.86M,4.83M,4.97M,false,false
,RCM/TIPP Economic Optimism,USD,2015-01-13T10:00:00Z,None,48.9,48.4,51.5,false,false
,10-y Bond Auction,USD,2015-01-13T13:01:00Z,None,,2.21|3.0,1.93|2.6,false,false
,Federal Budget Balance,USD,2015-01-13T14:00:00Z,None,3.8B,-56.8B,1.9B,false,false
,M2 Money Stock y/y,JPY,2015-01-13T18:50:00Z,None,3.6%,3.6%,3.6%,false,false
,30-y Bond Auction,JPY,2015-01-13T22:45:00Z,None,,1.46|3.1,1.12|3.6,false,false
,Prelim Machine Tool Orders y/y,JPY,2015-01-14T01:00:00Z,None,,36.6%,33.8%,false,false
,French Final CPI m/m,EUR,2015-01-14T02:45:00Z,None,0.0%,-0.2%,0.1%,false,false
,European Court of Justice Ruling,EUR,2015-01-14T03:35:00Z,High,,,,false,false
,Industrial Production m/m,EUR,2015-01-14T05:00:00Z,None,0.0%,0.3%,0.2%,false,false
,CB Leading Index m/m,GBP,2015-01-14T05:00:00Z,None,,-0.3%,-0.3%,false,false
,German 10-y Bond Auction,EUR,2015-01-14T05:33:00Z,None,,0.74|1.1,0.52|1.3,false,false
,Core Retail Sales m/m,USD,2015-01-14T08:30:00Z,High,0.1%,0.1%,-1.0%,false,false
,Retail Sales m/m,USD,2015-01-14T08:30:00Z,High,0.2%,0.4%,-0.9%,false,false
,Import Prices m/m,USD,2015-01-14T08:30:00Z,None,-2.7%,-1.8%,-2.5%,false,false
,BOE Gov Carney Speaks,GBP,2015-01-14T09:15:00Z,High,,,,false,false
,Business Inventories m/m,USD,2015-01-14T10:00:00Z,None,0.2%,0.2%,0.2%,false,false
,Crude Oil Inventories,USD,2015-01-14T10:30:00Z,None,1.2M,-3.1M,5.4M,false,false
,30-y Bond Auction,USD,2015-01-14T13:01:00Z,None,,2.85|2.8,2.43|2.3,false,false
,Beige Book,USD,2015-01-14T14:00:00Z,None,,,,false,false
,FPI m/m,NZD,2015-01-14T16:45:00Z,None,,-0.5%,0.3%,false,false
,Core Machinery Orders m/m,JPY,2015-01-14T18:50:00Z,None,4.8%,-6.4%,1.3%,false,false
,PPI y/y,JPY,2015-01-14T18:50:00Z,None,2.2%,2.6%,1.9%,false,false
,RICS House Price Balance,GBP,2015-01-14T19:01:00Z,None,11%,13%,11%,false,false
,Employment Change,AUD,2015-01-14T19:30:00Z,High,5.3K,45.0K,37.4K,false,false
,Unemployment Rate,AUD,2015-01-14T19:30:00Z,High,6.3%,6.2%,6.1%,false,false
,REINZ HPI m/m,NZD,2015-01-14T20:30:00Z,None,,3.3%,-1.0%,false,false
,New Loans,CNY,2015-01-14T21:02:00Z,None,885B,853B,697B,false,false
,M2 Money Supply y/y,CNY,2015-01-14T21:02:00Z,None,12.5%,12.3%,12.2%,false,false
,Libor Rate,CHF,2015-01-15T04:30:00Z,High,,-0.25%,-0.75%,false,false
,Trade Balance,EUR,2015-01-15T05:00:00Z,None,21.3B,19.6B,20.0B,false,false
,SNB Chairman Jordan Speaks,CHF,2015-01-15T07:15:00Z,High,,,,false,false
,Foreign Direct Investment ytd/y,CNY,2015-01-15T07:55:00Z,None,,0.7%,1.7%,false,false
,PPI m/m,USD,2015-01-15T08:30:00Z,High,-0.3%,-0.2%,-0.3%,false,false
,Unemployment Claims,USD,2015-01-15T08:30:00Z,High,299K,297K,316K,false,false
,Core PPI m/m,USD,2015-01-15T08:30:00Z,None,0.2%,0.0%,0.3%,false,false
,Empire State Manufacturing Index,USD,2015-01-15T08:30:00Z,None,5.3,-3.6,10.0,false,false
,Philly Fed Manufacturing Index,USD,2015-01-15T10:00:00Z,High,20.3,24.5,6.3,false,false
,Natural Gas Storage,USD,2015-01-15T10:30:00Z,None,-224B,-131B,-236B,false,false
,German Buba President Weidmann Speaks,EUR,2015-01-15T11:15:00Z,High,,,,false,false
,Tertiary Industry Activity m/m,JPY,2015-01-15T18:50:00Z,None,0.3%,-0.1%,0.2%,false,false
,German Final CPI m/m,EUR,2015-01-16T02:00:00Z,None,0.0%,0.0%,0.0%,false,false
,French Gov Budget Balance,EUR,2015-01-16T02:45:00Z,None,,-84.7B,-90.8B,false,false
,Retail Sales y/y,CHF,2015-01-16T03:15:00Z,None,1.1%,0.6%,-1.2%,false,false
,Final CPI y/y,EUR,2015-01-16T05:00:00Z,None,-0.2%,-0.2%,-0.2%,false,false
,Final Core CPI y/y,EUR,2015-01-16T05:00:00Z,None,0.8%,0.8%,0.7%,false,false
,Core CPI m/m,USD,2015-01-16T08:30:00Z,High,0.1%,0.1%,0.0%,false,false
,Core CPI y/y,USD,2015-01-16T08:30:00Z,High,1.7%,1.7%,1.6%,false,false
,CPI m/m,USD,2015-01-16T08:30:00Z,High,-0.3%,-0.3%,-0.4%,false,false
,CPI y/y,USD,2015-01-16T08:30:00Z,High,0.7%,1.3%,0.8%,false,false
,Capacity Utilization Rate,USD,2015-01-16T09:15:00Z,None,80.2%,80.0%,79.7%,false,false
,Industrial Production m/m,USD,2015-01-16T09:15:00Z,None,0.1%,1.3%,-0.1%,false,false
,Prelim UoM Consumer Sentiment,USD,2015-01-16T10:00:00Z,High,94.2,93.6,98.2,false,false
,Prelim UoM Inflation Expectations,USD,2015-01-16T10:00:00Z,None,,2.8%,2.4%,false,false
,FOMC Member Williams Speaks,USD,2015-01-16T11:00:00Z,None,,,,false,false
,TIC Long-Term Purchases,USD,2015-01-16T16:00:00Z,None,27.3B,-1.4B,33.5B,false,false
,FOMC Member Lockhart Speaks,USD,2015-01-17T08:50:00Z,None,,,,false,false
,Rightmove HPI m/m,GBP,2015-01-18T18:01:00Z,None,,-3.3%,1.4%,false,false
,MI Inflation Gauge m/m,AUD,2015-01-18T18:30:00Z,None,,0.1%,0.0%,false,false
,New Motor Vehicle Sales m/m,AUD,2015-01-18T19:30:00Z,None,,-0.5%,3.0%,false,false
,Revised Industrial Production m/m,JPY,2015-01-18T23:30:00Z,None,-0.5%,-0.6%,-0.5%,false,false
,Consumer Confidence,JPY,2015-01-19T00:00:00Z,None,38.6,37.7,38.8,false,false
,Bank Holiday,USD,2015-01-19T00:00:00Z,None,,,,true,false
,PPI m/m,CHF,2015-01-19T03:15:00Z,None,-0.6%,-0.7%,-0.4%,false,false
,Current Account,EUR,2015-01-19T04:00:00Z,None,22.7B,19.5B,18.1B,false,false
,German Buba Monthly Report,EUR,2015-01-19T06:00:00Z,None,,,,false,false
,Foreign Securities Purchases,CAD,2015-01-19T08:30:00Z,None,7.23B,9.53B,4.29B,false,false
,NZIER Business Confidence,NZD,2015-01-19T16:00:00Z,High,,19,23,false,false
,GDP q/y,CNY,2015-01-19T21:00:00Z,High,7.2%,7.3%,7.3%,false,false
,Fixed Asset Investment ytd/y,CNY,2015-01-19T21:00:00Z,None,15.7%,15.8%,15.7%,false,false
,Industrial Production y/y,CNY,2015-01-19T21:00:00Z,None,7.4%,7.2%,7.9%,false,false
,NBS Press Conference,CNY,2015-01-19T21:00:00Z,None,,,,false,false
,Retail Sales y/y,CNY,2015-01-19T21:00:00Z,None,11.7%,11.7%,11.9%,false,false
,German PPI m/m,EUR,2015-01-20T02:00:00Z,None,-0.3%,0.0%,-0.7%,false,false
,Italian Trade Balance,EUR,2015-01-20T04:03:00Z,None,4.32B,5.40B,3.54B,false,false
,German ZEW Economic Sentiment,EUR,2015-01-20T05:00:00Z,High,40.1,34.9,48.4,false,false
,ZEW Economic Sentiment,EUR,2015-01-20T05:00:00Z,None,37.6,31.8,45.2,false,false
,Manufacturing Sales m/m,CAD,2015-01-20T08:30:00Z,High,-0.5%,-1.1%,-1.4%,false,false
,GDT Price Index,NZD,2015-01-20T09:34:00Z,High,,3.6%,1.0%,false,false
,FOMC Member Powell Speaks,USD,2015-01-20T10:00:00Z,None,,,,false,false
,NAHB Housing Market Index,USD,2015-01-20T10:00:00Z,None,58,58,57,false,false
,CPI q/q,NZD,2015-01-20T16:45:00Z,High,0.0%,0.3%,-0.2%,false,false
,Westpac Consumer Sentiment,AUD,2015-01-20T18:30:00Z,None,,-5.7%,2.4%,false,false
,President Obama Speaks,USD,2015-01-20T21:00:00Z,None,,,,false,false
,Monetary Policy Statement,JPY,2015-01-20T22:29:00Z,High,,,,false,false
,All Industries Activity m/m,JPY,2015-01-20T23:30:00Z,None,0.1%,0.1%,0.1%,false,false
,WEF Annual Meetings,All,2015-01-21T00:00:00Z,None,,,,false,false
,BOJ Press Conference,JPY,2015-01-21T01:30:00Z,High,,,,false,false
,Average Earnings Index 3m/y,GBP,2015-01-21T04:30:00Z,High,1.7%,1.4%,1.7%,false,false
,Claimant Count Change,GBP,2015-01-21T04:30:00Z,High,-24.2K,-29.6K,-29.7K,false,false
,MPC Official Bank Rate Votes,GBP,2015-01-21T04:30:00Z,High,2-0-7,2-0-7,0-0-9,false,false
,MPC Asset Purchase Facility Votes,GBP,2015-01-21T04:30:00Z,None,0-0-9,0-0-9,0-0-9,false,false
,Unemployment Rate,GBP,2015-01-21T04:30:00Z,None,5.9%,6.0%,5.8%,false,false
,UBS Economic Expectations,CHF,2015-01-21T05:00:00Z,None,,-4.9,-10.8,false,false
,Wholesale Sales m/m,CAD,2015-01-21T08:30:00Z,High,0.2%,-1.1%,-0.3%,false,false
,Building Permits,USD,2015-01-21T08:30:00Z,High,1.06M,1.05M,1.03M,false,false
,Housing Starts,USD,2015-01-21T08:30:00Z,None,1.04M,1.04M,1.09M,false,false
,BOC Monetary Policy Report,CAD,2015-01-21T10:00:00Z,High,,,,false,false
,BOC Rate Statement,CAD,2015-01-21T10:00:00Z,High,,,,false,false
,Overnight Rate,CAD,2015-01-21T10:00:00Z,High,1.00%,1.00%,0.75%,false,false
,BOC Press Conference,CAD,2015-01-21T11:15:00Z,High,,,,false,false
,BusinessNZ Manufacturing Index,NZD,2015-01-21T16:30:00Z,None,,55.6,57.7,false,false
,MI Inflation Expectations,AUD,2015-01-21T19:00:00Z,None,,3.4%,3.2%,false,false
,HIA New Home Sales m/m,AUD,2015-01-21T19:00:00Z,None,,3.0%,2.2%,false,false
,BOJ Monthly Report,JPY,2015-01-22T00:00:00Z,None,,,,false,false
,WEF Annual Meetings,All,2015-01-22T00:00:00Z,None,,,,false,false
,Spanish Unemployment Rate,EUR,2015-01-22T03:00:00Z,None,23.6%,23.7%,23.7%,false,false
,MPC Member Miles Speaks,GBP,2015-01-22T04:00:00Z,None,,,,false,false
,Public Sector Net Borrowing,GBP,2015-01-22T04:30:00Z,None,9.2B,11.7B,12.5B,false,false
,Italian Retail Sales m/m,EUR,2015-01-22T05:00:00Z,None,0.1%,0.0%,0.1%,false,false
,CBI Industrial Order Expectations,GBP,2015-01-22T06:00:00Z,None,6,5,4,false,false
,Main Refinancing Rate,EUR,2015-01-22T07:45:00Z,High,0.05%,0.05%,0.05%,false,false
,ECB Press Conference,EUR,2015-01-22T08:30:00Z,High,,,,false,false
,Unemployment Claims,USD,2015-01-22T08:30:00Z,High,301K,317K,307K,false,false
,HPI m/m,USD,2015-01-22T09:00:00Z,None,0.4%,0.4%,0.8%,false,false
,Consumer Confidence,EUR,2015-01-22T10:00:00Z,None,-11,-11,-9,false,false
,Natural Gas Storage,USD,2015-01-22T10:30:00Z,None,-231B,-236B,-216B,false,false
,Crude Oil Inventories,USD,2015-01-22T11:00:00Z,None,2.5M,5.4M,10.1M,false,false
,Flash Manufacturing PMI,JPY,2015-01-22T20:35:00Z,None,52.0,52.0,52.1,false,false
,Caixin Flash Manufacturing PMI,CNY,2015-01-22T20:45:00Z,High,49.5,49.6,49.8,false,false
,WEF Annual Meetings,All,2015-01-23T00:00:00Z,None,,,,false,false
,French Flash Manufacturing PMI,EUR,2015-01-23T03:00:00Z,High,48.1,47.5,49.5,false,false
,French Flash Services PMI,EUR,2015-01-23T03:00:00Z,None,50.9,50.6,49.5,false,false
,German Flash Manufacturing PMI,EUR,2015-01-23T03:30:00Z,High,51.8,51.2,51.0,false,false
,German Flash Services PMI,EUR,2015-01-23T03:30:00Z,None,52.6,52.1,52.7,false,false
,Flash Manufacturing PMI,EUR,2015-01-23T04:00:00Z,None,51.0,50.6,51.0,false,false
,Flash Services PMI,EUR,2015-01-23T04:00:00Z,None,52.1,51.6,52.3,false,false
,Retail Sales m/m,GBP,2015-01-23T04:30:00Z,High,-0.6%,1.6%,0.4%,false,false
,Core CPI m/m,CAD,2015-01-23T08:30:00Z,High,-0.3%,-0.2%,-0.3%,false,false
,Core Retail Sales m/m,CAD,2015-01-23T08:30:00Z,High,0.5%,0.1%,0.7%,false,false
,CPI m/m,CAD,2015-01-23T08:30:00Z,None,-0.5%,-0.4%,-0.7%,false,false
,Retail Sales m/m,CAD,2015-01-23T08:30:00Z,None,0.1%,0.0%,0.4%,false,false
,Belgian NBB Business Climate,EUR,2015-01-23T09:00:00Z,None,-6.1,-6.9,-8.8,false,false
,Flash Manufacturing PMI,USD,2015-01-23T09:45:00Z,None,54.1,53.9,53.7,false,false
,Existing Home Sales,USD,2015-01-23T10:00:00Z,None,5.08M,4.92M,5.04M,false,false
,CB Leading Index m/m,USD,2015-01-23T10:00:00Z,None,0.5%,0.4%,0.5%,false,false
,WEF Annual Meetings,All,2015-01-24T00:00:00Z,None,,,,false,false
,Greek Parliamentary Election,EUR,2015-01-25T00:00:00Z,High,,,,true,false
,Bank Holiday,AUD,2015-01-25T00:00:00Z,None,,,,true,false
,BusinessNZ Services Index,NZD,2015-01-25T16:30:00Z,None,,53.7,56.5,false,false
,Monetary Policy Meeting Minutes,JPY,2015-01-25T18:50:00Z,None,,,,false,false
,Trade Balance,JPY,2015-01-25T18:50:00Z,None,-0.74T,-0.83T,-0.71T,false,false
,Credit Card Spending y/y,NZD,2015-01-25T21:00:00Z,None,,5.1%,4.5%,false,false
,Eurogroup Meetings,EUR,2015-01-26T00:00:00Z,None,,,,true,false
,German ifo Business Climate,EUR,2015-01-26T04:00:00Z,High,106.7,105.5,106.7,false,false
,SPPI y/y,JPY,2015-01-26T18:50:00Z,None,3.6%,3.6%,3.6%,false,false
,NAB Business Confidence,AUD,2015-01-26T19:30:00Z,High,,2,2,false,false
,CB Leading Index m/m,CNY,2015-01-26T21:00:00Z,None,,0.8%,1.1%,false,false
,ECOFIN Meetings,EUR,2015-01-27T00:00:00Z,None,,,,true,false
,Index of Services 3m/3m,GBP,2015-01-27T04:30:00Z,None,1.0%,0.7%,0.8%,false,false
,High Street Lending,GBP,2015-01-27T04:30:00Z,None,36.6K,36.7K,35.7K,false,false
,Prelim GDP q/q,GBP,2015-01-27T04:30:00Z,High,0.6%,0.7%,0.5%,false,false
,Core Durable Goods Orders m/m,USD,2015-01-27T08:30:00Z,High,0.6%,-0.7%,-0.8%,false,false
,Durable Goods Orders m/m,USD,2015-01-27T08:30:00Z,None,0.6%,-0.9%,-3.4%,false,false
,S&P/CS Composite-20 HPI y/y,USD,2015-01-27T09:00:00Z,None,4.4%,4.5%,4.3%,false,false
,Flash Services PMI,USD,2015-01-27T09:45:00Z,None,53.9,53.3,54.0,false,false
,Richmond Manufacturing Index,USD,2015-01-27T09:59:00Z,None,6,7,6,false,false
,CB Consumer Confidence,USD,2015-01-27T10:00:00Z,High,95.3,93.1,102.9,false,false
,New Home Sales,USD,2015-01-27T10:00:00Z,High,452K,431K,481K,false,false
,MI Leading Index m/m,AUD,2015-01-27T18:30:00Z,None,,-0.1%,0.0%,false,false
,CPI m/m,AUD,2015-01-27T19:30:00Z,High,0.3%,0.5%,0.2%,false,false
,Trimmed Mean CPI m/m,AUD,2015-01-27T19:30:00Z,None,0.5%,0.3%,0.7%,false,false
,UBS Consumption Indicator,CHF,2015-01-28T02:00:00Z,None,,1.29,1.42,false,false
,German GfK Consumer Climate,EUR,2015-01-28T02:00:00Z,None,9.2,9.0,9.3,false,false
,German Import Prices m/m,EUR,2015-01-28T02:00:00Z,None,-1.4%,-0.8%,-1.7%,false,false
,German 30-y Bond Auction,EUR,2015-01-28T05:34:00Z,None,,1.77|1.2,1.07|1.3,false,false
,Crude Oil Inventories,USD,2015-01-28T10:30:00Z,None,4.2M,10.1M,8.9M,false,false
,BOE Gov Carney Speaks,GBP,2015-01-28T13:50:00Z,High,,,,false,false
,Federal Funds Rate,USD,2015-01-28T14:00:00Z,High,<0.25%,<0.25%,<0.25%,false,false
,FOMC Statement,USD,2015-01-28T14:00:00Z,High,,,,false,false
,Official Cash Rate,NZD,2015-01-28T15:00:00Z,High,3.50%,3.50%,3.50%,false,false
,RBNZ Rate Statement,NZD,2015-01-28T15:00:00Z,High,,,,false,false
,Trade Balance,NZD,2015-01-28T16:45:00Z,High,-48M,-285M,-159M,false,false
,CB Leading Index m/m,AUD,2015-01-28T18:00:00Z,None,,-0.2%,0.1%,false,false
,Retail Sales y/y,JPY,2015-01-28T18:50:00Z,None,1.1%,0.5%,0.2%,false,false
,Import Prices q/q,AUD,2015-01-28T19:30:00Z,None,1.5%,-0.8%,0.9%,false,false
,German Prelim CPI m/m,EUR,2015-01-29T00:00:00Z,High,-0.8%,0.0%,-1.0%,true,false
,Nationwide HPI m/m,GBP,2015-01-29T02:00:00Z,None,0.4%,0.2%,0.3%,false,false
,German Unemployment Change,EUR,2015-01-29T03:55:00Z,None,-9K,-25K,-9K,false,false
,M3 Money Supply y/y,EUR,2015-01-29T04:00:00Z,None,3.6%,3.1%,3.6%,false,false
,Private Loans y/y,EUR,2015-01-29T04:00:00Z,None,-0.5%,-0.9%,-0.5%,false,false
,Italian 10-y Bond Auction,EUR,2015-01-29T05:19:00Z,None,,1.89|1.3,1.62|1.4,false,false
,CBI Realized Sales,GBP,2015-01-29T06:00:00Z,None,31,61,39,false,false
,Unemployment Claims,USD,2015-01-29T08:30:00Z,High,301K,308K,265K,false,false
,Pending Home Sales m/m,USD,2015-01-29T10:00:00Z,None,0.6%,0.6%,-3.7%,false,false
,Natural Gas Storage,USD,2015-01-29T10:30:00Z,None,-113B,-216B,-94B,false,false
,Building Consents m/m,NZD,2015-01-29T16:45:00Z,None,,10.5%,-2.1%,false,false
,Visitor Arrivals m/m,NZD,2015-01-29T16:45:00Z,None,,3.1%,-1.3%,false,false
,Household Spending y/y,JPY,2015-01-29T18:30:00Z,None,-2.3%,-2.5%,-3.4%,false,false
,Tokyo Core CPI y/y,JPY,2015-01-29T18:30:00Z,None,2.2%,2.3%,2.2%,false,false
,National Core CPI y/y,JPY,2015-01-29T18:30:00Z,None,2.6%,2.7%,2.5%,false,false
,Unemployment Rate,JPY,2015-01-29T18:30:00Z,None,3.5%,3.5%,3.4%,false,false
,Prelim Industrial Production m/m,JPY,2015-01-29T18:50:00Z,None,1.3%,-0.5%,1.0%,false,false
,GfK Consumer Confidence,GBP,2015-01-29T19:05:00Z,None,-2,-4,1,false,false
,PPI q/q,AUD,2015-01-29T19:30:00Z,High,0.3%,0.2%,0.1%,false,false
,Private Sector Credit m/m,AUD,2015-01-29T19:30:00Z,None,0.5%,0.5%,0.5%,false,false
,Housing Starts y/y,JPY,2015-01-30T00:00:00Z,None,-14.6%,-14.3%,-14.7%,false,false
,German Retail Sales m/m,EUR,2015-01-30T02:00:00Z,None,0.4%,0.9%,0.2%,false,false
,French Consumer Spending m/m,EUR,2015-01-30T02:45:00Z,None,0.3%,0.2%,1.5%,false,false
,KOF Economic Barometer,CHF,2015-01-30T03:00:00Z,None,94.8,98.8,97.0,false,false
,Spanish Flash CPI y/y,EUR,2015-01-30T03:00:00Z,None,-1.5%,-1.0%,-1.4%,false,false
,Spanish Flash GDP q/q,EUR,2015-01-30T03:00:00Z,None,0.5%,0.5%,0.7%,false,false
,Italian Monthly Unemployment Rate,EUR,2015-01-30T04:00:00Z,None,13.5%,13.3%,12.9%,false,false
,Net Lending to Individuals m/m,GBP,2015-01-30T04:30:00Z,None,3.2B,3.1B,2.2B,false,false
,M4 Money Supply m/m,GBP,2015-01-30T04:30:00Z,None,0.5%,0.1%,0.1%,false,false
,Mortgage Approvals,GBP,2015-01-30T04:30:00Z,None,60K,59K,60K,false,false
,CPI Flash Estimate y/y,EUR,2015-01-30T05:00:00Z,High,-0.5%,-0.2%,-0.6%,false,false
,Core CPI Flash Estimate y/y,EUR,2015-01-30T05:00:00Z,None,0.6%,0.7%,0.6%,false,false
,Unemployment Rate,EUR,2015-01-30T05:00:00Z,None,11.5%,11.5%,11.4%,false,false
,GDP m/m,CAD,2015-01-30T08:30:00Z,High,-0.1%,0.3%,-0.2%,false,false
,Advance GDP q/q,USD,2015-01-30T08:30:00Z,High,3.0%,5.0%,2.6%,false,false
,Advance GDP Price Index q/q,USD,2015-01-30T08:30:00Z,None,0.9%,1.4%,0.0%,false,false
,Employment Cost Index q/q,USD,2015-01-30T08:30:00Z,None,0.6%,0.7%,0.6%,false,false
,Chicago PMI,USD,2015-01-30T09:45:00Z,None,57.7,58.3,59.4,false,false
,Revised UoM Consumer Sentiment,USD,2015-01-30T10:00:00Z,None,98.5,98.2,98.1,false,false
,Revised UoM Inflation Expectations,USD,2015-01-30T10:00:00Z,None,,2.4%,2.5%,false,false
,Manufacturing PMI,CNY,2015-01-31T19:59:00Z,High,50.3,50.1,49.8,false,false
,Non-Manufacturing PMI,CNY,2015-01-31T19:59:00Z,None,,54.1,53.7,false,false
,AIG Manufacturing Index,AUD,2015-02-01T17:25:00Z,None,,46.9,49.0,false,false
,MI Inflation Gauge m/m,AUD,2015-02-01T18:30:00Z,None,,0.0%,0.1%,false,false
,Final Manufacturing PMI,JPY,2015-02-01T20:35:00Z,None,52.1,52.1,52.2,false,false
,RatingDog Manufacturing PMI,CNY,2015-02-01T20:45:00Z,High,49.8,49.8,49.7,false,false
,Commodity Prices y/y,AUD,2015-02-02T00:30:00Z,None,,-20.6%,-20.4%,false,false
,Spanish Manufacturing PMI,EUR,2015-02-02T03:15:00Z,None,54.2,53.8,54.7,false,false
,Manufacturing PMI,CHF,2015-02-02T03:30:00Z,None,54.5,54.0,48.2,false,false
,Italian Manufacturing PMI,EUR,2015-02-02T03:45:00Z,None,49.3,48.4,49.9,false,false
,French Final Manufacturing PMI,EUR,2015-02-02T03:50:00Z,None,49.5,49.5,49.2,false,false
,German Final Manufacturing PMI,EUR,2015-02-02T03:55:00Z,None,51.0,51.0,50.9,false,false
,Final Manufacturing PMI,EUR,2015-02-02T04:00:00Z,None,51.0,51.0,51.0,false,false
,Final Manufacturing PMI,GBP,2015-02-02T04:30:00Z,High,52.9,52.7,53.0,false,false
,Core PCE Price Index m/m,USD,2015-02-02T08:30:00Z,None,0.0%,0.0%,0.0%,false,false
,Personal Spending m/m,USD,2015-02-02T08:30:00Z,None,-0.1%,0.5%,-0.3%,false,false
,Personal Income m/m,USD,2015-02-02T08:30:00Z,None,0.2%,0.3%,0.3%,false,false
,Manufacturing PMI,CAD,2015-02-02T09:30:00Z,None,,53.9,51.0,false,false
,Final Manufacturing PMI,USD,2015-02-02T09:45:00Z,None,54.1,53.7,53.9,false,false
,ISM Manufacturing PMI,USD,2015-02-02T10:00:00Z,High,54.9,55.5,53.5,false,false
,Construction Spending m/m,USD,2015-02-02T10:00:00Z,None,0.9%,-0.2%,0.4%,false,false
,ISM Manufacturing Prices,USD,2015-02-02T10:00:00Z,None,40.1,38.5,35.0,false,false
,Loan Officer Survey,USD,2015-02-02T14:00:00Z,None,,,,false,false
,Monetary Base y/y,JPY,2015-02-02T18:50:00Z,None,40.1%,38.2%,37.4%,false,false
,ANZ Commodity Prices m/m,NZD,2015-02-02T19:00:00Z,None,,-4.4%,-0.9%,false,false
,Building Approvals m/m,AUD,2015-02-02T19:30:00Z,High,-4.8%,7.7%,-3.3%,false,false
,Goods Trade Balance,AUD,2015-02-02T19:30:00Z,High,-0.85B,-1.02B,-0.44B,false,false
,Cash Rate,AUD,2015-02-02T22:30:00Z,High,2.50%,2.50%,2.25%,false,false
,RBA Rate Statement,AUD,2015-02-02T22:30:00Z,High,,,,false,false
,10-y Bond Auction,JPY,2015-02-02T22:45:00Z,None,,0.30|3.4,0.31|2.7,false,false
,Total Vehicle Sales,USD,2015-02-03T00:00:00Z,None,17.0M,16.9M,16.7M,true,false
,Trade Balance,CHF,2015-02-03T02:00:00Z,None,2.17B,3.80B,1.52B,false,false
,Spanish Unemployment Change,EUR,2015-02-03T03:00:00Z,High,83.4K,-64.4K,78.0K,false,false
,Construction PMI,GBP,2015-02-03T04:30:00Z,High,56.9,57.6,59.1,false,false
,PPI m/m,EUR,2015-02-03T05:00:00Z,None,-0.7%,-0.3%,-1.0%,false,false
,Italian Prelim CPI m/m,EUR,2015-02-03T05:00:00Z,None,-0.1%,0.0%,-0.4%,false,false
,RMPI m/m,CAD,2015-02-03T08:30:00Z,None,-8.8%,-5.7%,-7.6%,false,false
,IPPI m/m,CAD,2015-02-03T08:30:00Z,None,-0.5%,-0.5%,-1.6%,false,false
,Factory Orders m/m,USD,2015-02-03T10:00:00Z,None,-1.8%,-1.7%,-3.4%,false,false
,GDT Price Index,NZD,2015-02-03T10:06:00Z,High,,1.0%,9.4%,false,false
,Employment Change q/q,NZD,2015-02-03T16:45:00Z,High,0.8%,0.9%,1.2%,false,false
,Unemployment Rate,NZD,2015-02-03T16:45:00Z,High,5.3%,5.4%,5.7%,false,false
,Labor Cost Index q/q,NZD,2015-02-03T16:45:00Z,None,0.5%,0.5%,0.5%,false,false
,AIG Services Index,AUD,2015-02-03T17:30:00Z,None,,47.5,49.9,false,false
,RBNZ Gov Wheeler Speaks,NZD,2015-02-03T19:00:00Z,High,,,,false,false
,BRC Shop Price Index y/y,GBP,2015-02-03T19:01:00Z,None,,-1.7%,-1.3%,false,false
,NAB Quarterly Business Confidence,AUD,2015-02-03T19:30:00Z,None,,6,2,false,false
,Average Cash Earnings y/y,JPY,2015-02-03T20:30:00Z,None,1.6%,0.1%,1.6%,false,false
,RatingDog Services PMI,CNY,2015-02-03T20:45:00Z,None,,53.4,51.8,false,false
,Spanish Services PMI,EUR,2015-02-04T03:15:00Z,None,54.5,54.3,56.7,false,false
,Italian Services PMI,EUR,2015-02-04T03:45:00Z,None,49.9,49.4,51.2,false,false
,French Final Services PMI,EUR,2015-02-04T03:50:00Z,None,49.5,49.5,49.4,false,false
,German Final Services PMI,EUR,2015-02-04T03:55:00Z,None,52.7,52.7,54.0,false,false
,Final Services PMI,EUR,2015-02-04T04:00:00Z,None,52.3,52.3,52.7,false,false
,Final Services PMI,GBP,2015-02-04T04:30:00Z,High,56.6,55.8,57.2,false,false
,Retail Sales m/m,EUR,2015-02-04T05:00:00Z,None,-0.1%,0.7%,0.3%,false,false
,ADP Non-Farm Employment Change,USD,2015-02-04T08:15:00Z,High,224K,253K,213K,false,false
,Final Services PMI,USD,2015-02-04T09:45:00Z,None,54.3,54.0,54.2,false,false
,Ivey PMI,CAD,2015-02-04T10:00:00Z,High,53.8,55.4,45.4,false,false
,ISM Services PMI,USD,2015-02-04T10:00:00Z,High,56.6,56.2,56.7,false,false
,Crude Oil Inventories,USD,2015-02-04T10:30:00Z,None,4.0M,8.9M,6.3M,false,false
,HIA New Home Sales m/m,AUD,2015-02-04T19:00:00Z,None,,2.2%,-1.9%,false,false
,Retail Sales m/m,AUD,2015-02-04T19:30:00Z,High,0.3%,0.1%,0.2%,false,false
,30-y Bond Auction,JPY,2015-02-04T22:45:00Z,None,,1.12|3.6,1.46|2.7,false,false
,Bank Holiday,NZD,2015-02-05T00:00:00Z,None,,,,true,false
,SECO Consumer Climate,CHF,2015-02-05T01:45:00Z,None,-13,-11,-6,false,false
,German Factory Orders m/m,EUR,2015-02-05T02:00:00Z,None,1.4%,-2.4%,4.2%,false,false
,Lloyds HPI m/m,GBP,2015-02-05T03:00:00Z,None,0.1%,1.1%,2.0%,false,false
,ECB Economic Bulletin,EUR,2015-02-05T04:00:00Z,None,,,,false,false
,Retail PMI,EUR,2015-02-05T04:10:00Z,None,,47.6,46.6,false,false
,EU Economic Forecasts,EUR,2015-02-05T05:00:00Z,None,,,,false,false
,French 10-y Bond Auction,EUR,2015-02-05T05:00:00Z,None,,0.79|2.0,0.61|1.9,false,false
,Official Bank Rate,GBP,2015-02-05T07:00:00Z,High,0.50%,0.50%,0.50%,false,false
,Asset Purchase Facility,GBP,2015-02-05T07:00:00Z,None,375B,375B,375B,false,false
,Challenger Job Cuts y/y,USD,2015-02-05T07:30:00Z,None,,6.6%,17.6%,false,false
,Unemployment Claims,USD,2015-02-05T08:30:00Z,High,287K,267K,278K,false,false
,Trade Balance,USD,2015-02-05T08:30:00Z,High,-38.2B,-39.8B,-46.6B,false,false
,Prelim Nonfarm Productivity q/q,USD,2015-02-05T08:30:00Z,None,0.3%,2.3%,-1.8%,false,false
,Prelim Unit Labor Costs q/q,USD,2015-02-05T08:30:00Z,None,1.3%,-1.0%,2.7%,false,false
,Trade Balance,CAD,2015-02-05T08:30:00Z,High,-1.2B,-0.3B,-0.6B,false,false
,Natural Gas Storage,USD,2015-02-05T10:30:00Z,None,-119B,-94B,-115B,false,false
,AIG Construction Index,AUD,2015-02-05T17:30:00Z,None,,44.4,45.9,false,false
,RBA Monetary Policy Statement,AUD,2015-02-05T19:30:00Z,High,,,,false,false
,Leading Indicators,JPY,2015-02-06T00:00:00Z,None,105.5%,103.9%,105.2%,false,false
,German Industrial Production m/m,EUR,2015-02-06T02:00:00Z,None,0.4%,0.1%,0.1%,false,false
,French Gov Budget Balance,EUR,2015-02-06T02:45:00Z,None,,-90.8B,-85.6B,false,false
,French Trade Balance,EUR,2015-02-06T02:45:00Z,None,-3.1B,-3.1B,-3.4B,false,false
,Foreign Currency Reserves,CHF,2015-02-06T03:00:00Z,High,,495B,498B,false,false
,Retail Sales y/y,CHF,2015-02-06T03:15:00Z,None,0.4%,-0.6%,2.2%,false,false
,Goods Trade Balance,GBP,2015-02-06T04:30:00Z,None,-9.0B,-9.3B,-10.2B,false,false
,Building Permits m/m,CAD,2015-02-06T08:30:00Z,High,4.8%,-13.6%,7.7%,false,false
,Employment Change,CAD,2015-02-06T08:30:00Z,High,4.7K,-4.3K,35.4K,false,false
,Unemployment Rate,CAD,2015-02-06T08:30:00Z,High,6.7%,6.6%,6.6%,false,false
,Non-Farm Employment Change,USD,2015-02-06T08:30:00Z,High,236K,329K,257K,false,false
,Unemployment Rate,USD,2015-02-06T08:30:00Z,High,5.6%,5.6%,5.7%,false,false
,Average Hourly Earnings m/m,USD,2015-02-06T08:30:00Z,None,0.3%,-0.2%,0.5%,false,false
,FOMC Member Lockhart Speaks,USD,2015-02-06T12:45:00Z,None,,,,false,false
,Consumer Credit m/m,USD,2015-02-06T15:00:00Z,None,14.6B,13.5B,14.8B,false,false
,Trade Balance,CNY,2015-02-07T21:27:00Z,None,,305B,367B,false,false
,USD-Denominated Trade Balance,CNY,2015-02-07T21:39:00Z,High,48.9B,49.6B,60.0B,false,false
,Current Account,JPY,2015-02-08T18:50:00Z,None,0.95T,0.91T,0.98T,false,false
,Bank Lending y/y,JPY,2015-02-08T18:50:00Z,None,,2.6%,2.5%,false,false
,RBA Gov Stevens Speaks,AUD,2015-02-08T19:15:00Z,High,,,,false,false
,ANZ Job Advertisements m/m,AUD,2015-02-08T19:30:00Z,None,,1.8%,1.3%,false,false
,Consumer Confidence,JPY,2015-02-09T00:00:00Z,None,39.4,38.8,39.1,false,false
,G20 Meetings,All,2015-02-09T00:00:00Z,None,,,,false,false
,Economy Watchers Sentiment,JPY,2015-02-09T01:00:00Z,None,45.7,45.2,45.6,false,false
,German Trade Balance,EUR,2015-02-09T02:00:00Z,None,18.2B,17.9B,21.8B,false,false
,Sentix Investor Confidence,EUR,2015-02-09T04:30:00Z,None,3.4,0.9,12.4,false,false
,Housing Starts,CAD,2015-02-09T08:13:00Z,None,184K,180K,187K,false,false
,Labor Market Conditions Index m/m,USD,2015-02-09T10:00:00Z,None,,7.3,4.9,false,false
,FOMC Member Powell Speaks,USD,2015-02-09T16:00:00Z,None,,,,false,false
,Tertiary Industry Activity m/m,JPY,2015-02-09T18:50:00Z,None,0.1%,0.2%,-0.3%,false,false
,M2 Money Stock y/y,JPY,2015-02-09T18:50:00Z,None,3.6%,3.6%,3.4%,false,false
,BRC Retail Sales Monitor y/y,GBP,2015-02-09T19:01:00Z,None,,-0.4%,0.2%,false,false
,NAB Business Confidence,AUD,2015-02-09T19:30:00Z,High,,2,3,false,false
,HPI q/q,AUD,2015-02-09T19:30:00Z,None,2.0%,1.4%,1.9%,false,false
,CPI y/y,CNY,2015-02-09T20:30:00Z,High,1.1%,1.5%,0.8%,false,false
,PPI y/y,CNY,2015-02-09T20:30:00Z,None,-3.7%,-3.3%,-4.3%,false,false
,G20 Meetings,All,2015-02-10T00:00:00Z,None,,,,false,false
,Bank Holiday,JPY,2015-02-10T00:00:00Z,None,,,,true,false
,Unemployment Rate,CHF,2015-02-10T01:45:00Z,None,3.2%,3.1%,3.1%,false,false
,French Industrial Production m/m,EUR,2015-02-10T02:45:00Z,None,0.3%,-0.2%,1.5%,false,false
,CPI m/m,CHF,2015-02-10T03:15:00Z,None,-0.4%,-0.5%,-0.4%,false,false
,Italian Industrial Production m/m,EUR,2015-02-10T04:00:00Z,None,0.1%,0.3%,0.4%,false,false
,Manufacturing Production m/m,GBP,2015-02-10T04:30:00Z,High,0.3%,0.8%,0.1%,false,false
,Industrial Production m/m,GBP,2015-02-10T04:30:00Z,None,0.3%,-0.1%,-0.2%,false,false
,FOMC Member Lacker Speaks,USD,2015-02-10T08:20:00Z,None,,,,false,false
,NFIB Small Business Index,USD,2015-02-10T09:00:00Z,None,101.3,100.4,97.9,false,false
,NIESR GDP Estimate,GBP,2015-02-10T09:35:00Z,None,,0.5%,0.7%,false,false
,JOLTS Job Openings,USD,2015-02-10T10:00:00Z,None,5.03M,4.85M,5.03M,false,false
,Final Wholesale Inventories m/m,USD,2015-02-10T10:00:00Z,None,0.2%,0.8%,0.1%,false,false
,RCM/TIPP Economic Optimism,USD,2015-02-10T10:00:00Z,None,51.4,51.5,47.5,false,false
,Gov Council Member Wilkins Speaks,CAD,2015-02-10T12:45:00Z,None,,,,false,false
,Westpac Consumer Sentiment,AUD,2015-02-10T18:20:00Z,None,,2.4%,8.0%,false,false
,Home Loans m/m,AUD,2015-02-10T19:30:00Z,None,2.3%,-0.4%,2.7%,false,false
,REINZ HPI m/m,NZD,2015-02-10T21:02:00Z,None,,-1.0%,-1.0%,false,false
,Eurogroup Meetings,EUR,2015-02-11T00:00:00Z,High,,,,true,false
,30-y Bond Auction,GBP,2015-02-11T05:35:00Z,None,,2.70|1.8,2.36|1.6,false,false
,Crude Oil Inventories,USD,2015-02-11T10:30:00Z,None,3.7M,6.3M,4.9M,false,false
,10-y Bond Auction,USD,2015-02-11T13:01:00Z,None,,1.93|2.6,2.00|2.6,false,false
,Federal Budget Balance,USD,2015-02-11T14:00:00Z,None,-2.6B,1.9B,-17.5B,false,false
,BusinessNZ Manufacturing Index,NZD,2015-02-11T16:30:00Z,None,,57.1,50.9,false,false
,RBA Deputy Gov Debelle Speaks,AUD,2015-02-11T17:00:00Z,None,,,,false,false
,Core Machinery Orders m/m,JPY,2015-02-11T18:50:00Z,None,2.4%,1.3%,8.3%,false,false
,PPI y/y,JPY,2015-02-11T18:50:00Z,None,1.2%,1.8%,0.3%,false,false
,MI Inflation Expectations,AUD,2015-02-11T19:00:00Z,None,,3.2%,4.0%,false,false
,RICS House Price Balance,GBP,2015-02-11T19:01:00Z,None,10%,12%,7%,false,false
,Unemployment Rate,AUD,2015-02-11T19:30:00Z,High,6.2%,6.1%,6.4%,false,false
,Employment Change,AUD,2015-02-11T19:30:00Z,High,-4.7K,42.3K,-12.2K,false,false
,EU Economic Summit,EUR,2015-02-12T00:00:00Z,High,,,,true,false
,Prelim Machine Tool Orders y/y,JPY,2015-02-12T00:59:00Z,None,,33.9%,20.4%,false,false
,German Final CPI m/m,EUR,2015-02-12T02:00:00Z,None,-1.0%,-1.0%,-1.1%,false,false
,PPI m/m,CHF,2015-02-12T03:28:00Z,None,-0.6%,-0.4%,-0.6%,false,false
,Industrial Production m/m,EUR,2015-02-12T05:00:00Z,None,0.3%,0.1%,0.0%,false,false
,BOE Inflation Letter,GBP,2015-02-12T05:30:00Z,None,,,,false,false
,BOE Monetary Policy Report,GBP,2015-02-12T05:30:00Z,High,,,,false,false
,BOE Gov Carney Speaks,GBP,2015-02-12T05:30:00Z,High,,,,false,false
,NHPI m/m,CAD,2015-02-12T08:30:00Z,None,0.2%,0.1%,0.1%,false,false
,Core Retail Sales m/m,USD,2015-02-12T08:30:00Z,High,-0.4%,-0.9%,-0.9%,false,false
,Retail Sales m/m,USD,2015-02-12T08:30:00Z,High,-0.4%,-0.9%,-0.8%,false,false
,Unemployment Claims,USD,2015-02-12T08:30:00Z,High,282K,279K,304K,false,false
,Business Inventories m/m,USD,2015-02-12T10:00:00Z,None,0.2%,0.2%,0.1%,false,false
,Natural Gas Storage,USD,2015-02-12T10:30:00Z,None,-165B,-115B,-160B,false,false
,30-y Bond Auction,USD,2015-02-12T13:01:00Z,None,,2.43|2.3,2.56|2.3,false,false
,FPI m/m,NZD,2015-02-12T16:45:00Z,None,,0.3%,1.3%,false,false
,RBA Gov Stevens Speaks,AUD,2015-02-12T17:30:00Z,High,,,,false,false
,CB Leading Index m/m,CNY,2015-02-12T21:00:00Z,None,,1.1%,0.9%,false,false
,French Prelim GDP q/q,EUR,2015-02-13T01:30:00Z,None,0.1%,0.3%,0.1%,false,false
,German Prelim GDP q/q,EUR,2015-02-13T02:00:00Z,None,0.3%,0.1%,0.7%,false,false
,German WPI m/m,EUR,2015-02-13T02:00:00Z,None,0.4%,-1.0%,-0.4%,false,false
,French Prelim Private Payrolls q/q,EUR,2015-02-13T02:45:00Z,None,-0.1%,-0.3%,0.0%,false,false
,Italian Prelim GDP q/q,EUR,2015-02-13T04:00:00Z,None,0.0%,-0.1%,0.0%,false,false
,New Loans,CNY,2015-02-13T04:02:00Z,None,1355B,697B,1470B,false,false
,M2 Money Supply y/y,CNY,2015-02-13T04:02:00Z,None,12.1%,12.2%,10.8%,false,false
,Construction Output m/m,GBP,2015-02-13T04:30:00Z,None,2.6%,-1.8%,0.4%,false,false
,Flash GDP q/q,EUR,2015-02-13T05:00:00Z,None,0.2%,0.2%,0.3%,false,false
,Manufacturing Sales m/m,CAD,2015-02-13T08:30:00Z,High,0.8%,-1.3%,1.7%,false,false
,Import Prices m/m,USD,2015-02-13T08:30:00Z,None,-3.1%,-1.9%,-2.8%,false,false
,CB Leading Index m/m,GBP,2015-02-13T09:30:00Z,None,,-0.3%,0.1%,false,false
,Prelim UoM Consumer Sentiment,USD,2015-02-13T10:00:00Z,High,98.2,98.1,93.6,false,false
,Prelim UoM Inflation Expectations,USD,2015-02-13T10:00:00Z,None,,2.5%,2.8%,false,false
,BusinessNZ Services Index,NZD,2015-02-15T16:30:00Z,None,,56.2,57.8,false,false
,Retail Sales q/q,NZD,2015-02-15T16:45:00Z,High,1.3%,1.6%,1.7%,false,false
,Core Retail Sales q/q,NZD,2015-02-15T16:45:00Z,None,1.1%,1.5%,1.5%,false,false
,Rightmove HPI m/m,GBP,2015-02-15T18:16:00Z,None,,1.4%,2.1%,false,false
,Prelim GDP q/q,JPY,2015-02-15T18:50:00Z,High,0.9%,-0.5%,0.6%,false,false
,Prelim GDP Price Index y/y,JPY,2015-02-15T18:50:00Z,None,1.9%,2.0%,2.3%,false,false
,New Motor Vehicle Sales m/m,AUD,2015-02-15T19:30:00Z,None,,2.6%,-1.5%,false,false
,Foreign Direct Investment ytd/y,CNY,2015-02-15T20:30:00Z,None,,1.7%,29.4%,false,false
,Revised Industrial Production m/m,JPY,2015-02-15T23:30:00Z,None,1.0%,1.0%,0.8%,false,false
,Eurogroup Meetings,EUR,2015-02-16T00:00:00Z,High,,,,true,false
,Bank Holiday,CAD,2015-02-16T00:00:00Z,None,,,,true,false
,Bank Holiday,USD,2015-02-16T00:00:00Z,None,,,,true,false
,Trade Balance,EUR,2015-02-16T05:00:00Z,None,21.3B,21.6B,23.3B,false,false
,German Buba Monthly Report,EUR,2015-02-16T06:00:00Z,None,,,,false,false
,Monetary Policy Meeting Minutes,AUD,2015-02-16T19:30:00Z,High,,,,false,false
,Bank Holiday,CNY,2015-02-17T00:00:00Z,None,,,,true,false
,ECOFIN Meetings,EUR,2015-02-17T00:00:00Z,None,,,,true,false
,Italian Trade Balance,EUR,2015-02-17T04:00:00Z,None,3.27B,3.54B,5.76B,false,false
,Core CPI y/y,GBP,2015-02-17T04:30:00Z,None,1.3%,1.3%,1.4%,false,false
,PPI Input m/m,GBP,2015-02-17T04:30:00Z,None,-2.5%,-3.3%,-3.7%,false,false
,PPI Output m/m,GBP,2015-02-17T04:30:00Z,None,-0.2%,-0.5%,-0.5%,false,false
,CPI y/y,GBP,2015-02-17T04:30:00Z,High,0.3%,0.5%,0.3%,false,false
,ONS HPI y/y,GBP,2015-02-17T04:30:00Z,None,10.3%,9.9%,9.8%,false,false
,RPI y/y,GBP,2015-02-17T04:30:00Z,None,1.2%,1.6%,1.1%,false,false
,German ZEW Economic Sentiment,EUR,2015-02-17T05:00:00Z,High,55.4,48.4,53.0,false,false
,ZEW Economic Sentiment,EUR,2015-02-17T05:00:00Z,None,51.3,45.2,52.7,false,false
,Empire State Manufacturing Index,USD,2015-02-17T08:30:00Z,None,8.9,10.0,7.8,false,false
,Foreign Securities Purchases,CAD,2015-02-17T08:30:00Z,None,5.35B,4.30B,-13.55B,false,false
,GDT Price Index,NZD,2015-02-17T09:33:00Z,High,,9.4%,10.1%,false,false
,NAHB Housing Market Index,USD,2015-02-17T10:00:00Z,None,58,57,55,false,false
,SNB Chairman Jordan Speaks,CHF,2015-02-17T12:00:00Z,High,,,,false,false
,CB Leading Index m/m,AUD,2015-02-17T18:00:00Z,None,,0.1%,0.4%,false,false
,MI Leading Index m/m,AUD,2015-02-17T18:30:00Z,None,,0.0%,0.1%,false,false
,Monetary Policy Statement,JPY,2015-02-17T21:49:00Z,High,,,,false,false
,Greek Presidential Elections,EUR,2015-02-18T00:00:00Z,None,,,,true,false
,Bank Holiday,CNY,2015-02-18T00:00:00Z,None,,,,true,false
,BOJ Press Conference,JPY,2015-02-18T01:31:00Z,High,,,,false,false
,Average Earnings Index 3m/y,GBP,2015-02-18T04:30:00Z,High,1.7%,1.8%,2.1%,false,false
,Claimant Count Change,GBP,2015-02-18T04:30:00Z,High,-25.2K,-35.8K,-38.6K,false,false
,MPC Asset Purchase Facility Votes,GBP,2015-02-18T04:30:00Z,None,0-0-9,0-0-9,0-0-9,false,false
,MPC Official Bank Rate Votes,GBP,2015-02-18T04:30:00Z,High,0-0-9,0-0-9,0-0-9,false,false
,Unemployment Rate,GBP,2015-02-18T04:30:00Z,None,5.8%,5.8%,5.7%,false,false
,UBS Economic Expectations,CHF,2015-02-18T05:00:00Z,None,,-10.8,-73.0,false,false
,German 10-y Bond Auction,EUR,2015-02-18T05:33:00Z,None,,0.52|1.3,0.37|1.4,false,false
,Wholesale Sales m/m,CAD,2015-02-18T08:30:00Z,High,0.4%,-0.5%,2.5%,false,false
,Building Permits,USD,2015-02-18T08:30:00Z,High,1.08M,1.06M,1.05M,false,false
,PPI m/m,USD,2015-02-18T08:30:00Z,High,-0.4%,-0.3%,-0.8%,false,false
,Core PPI m/m,USD,2015-02-18T08:30:00Z,None,0.1%,0.3%,-0.1%,false,false
,Housing Starts,USD,2015-02-18T08:30:00Z,None,1.07M,1.09M,1.07M,false,false
,Capacity Utilization Rate,USD,2015-02-18T09:15:00Z,None,79.9%,79.4%,79.4%,false,false
,Industrial Production m/m,USD,2015-02-18T09:15:00Z,None,0.5%,-0.3%,0.2%,false,false
,FOMC Meeting Minutes,USD,2015-02-18T14:00:00Z,High,,,,false,false
,TIC Long-Term Purchases,USD,2015-02-18T16:00:00Z,None,41.3B,33.5B,35.4B,false,false
,PPI Input q/q,NZD,2015-02-18T16:45:00Z,High,-0.2%,-1.5%,-0.4%,false,false
,PPI Output q/q,NZD,2015-02-18T16:45:00Z,None,-0.3%,-1.1%,-0.1%,false,false
,FOMC Member Powell Speaks,USD,2015-02-18T17:00:00Z,None,,,,false,false
,Trade Balance,JPY,2015-02-18T18:50:00Z,None,-0.95T,-0.62T,-0.41T,false,false
,All Industries Activity m/m,JPY,2015-02-18T23:30:00Z,None,-0.2%,0.0%,-0.3%,false,false
,BOJ Monthly Report,JPY,2015-02-19T00:00:00Z,None,,,,false,false
,Bank Holiday,CNY,2015-02-19T00:00:00Z,None,,,,true,false
,Trade Balance,CHF,2015-02-19T02:00:00Z,None,1.23B,1.51B,3.43B,false,false
,French Final CPI m/m,EUR,2015-02-19T02:45:00Z,None,-0.9%,0.1%,-1.0%,false,false
,Current Account,EUR,2015-02-19T04:00:00Z,None,23.3B,19.9B,17.8B,false,false
,Spanish 10-y Bond Auction,EUR,2015-02-19T04:43:00Z,None,,1.73|1.8,1.62|2.0,false,false
,CBI Industrial Order Expectations,GBP,2015-02-19T06:00:00Z,None,7,4,10,false,false
,ECB Monetary Policy Meeting Accounts,EUR,2015-02-19T07:30:00Z,High,,,,false,false
,Unemployment Claims,USD,2015-02-19T08:30:00Z,High,293K,304K,283K,false,false
,Consumer Confidence,EUR,2015-02-19T09:59:00Z,None,-8,-9,-7,false,false
,Philly Fed Manufacturing Index,USD,2015-02-19T10:00:00Z,High,8.8,6.3,5.2,false,false
,CB Leading Index m/m,USD,2015-02-19T10:00:00Z,None,0.4%,0.4%,0.2%,false,false
,Natural Gas Storage,USD,2015-02-19T10:30:00Z,None,-110B,-160B,-111B,false,false
,Crude Oil Inventories,USD,2015-02-19T11:00:00Z,None,-1.8M,4.9M,7.7M,false,false
,German Buba President Weidmann Speaks,EUR,2015-02-19T11:30:00Z,None,,,,false,false
,Gov Council Member Cote Speaks,CAD,2015-02-19T12:15:00Z,None,,,,false,false
,Flash Manufacturing PMI,JPY,2015-02-19T20:35:00Z,None,52.6,52.2,51.5,false,false
,Eurogroup Meetings,EUR,2015-02-20T00:00:00Z,High,,,,true,false
,German PPI m/m,EUR,2015-02-20T02:00:00Z,None,-0.3%,-0.7%,-0.6%,false,false
,French Flash Manufacturing PMI,EUR,2015-02-20T03:00:00Z,High,49.7,49.2,47.7,false,false
,French Flash Services PMI,EUR,2015-02-20T03:00:00Z,None,49.9,49.4,53.4,false,false
,German Flash Manufacturing PMI,EUR,2015-02-20T03:30:00Z,High,51.8,50.9,50.9,false,false
,German Flash Services PMI,EUR,2015-02-20T03:30:00Z,None,54.3,54.0,55.5,false,false
,Flash Manufacturing PMI,EUR,2015-02-20T04:00:00Z,None,51.6,51.0,51.1,false,false
,Flash Services PMI,EUR,2015-02-20T04:00:00Z,None,53.2,52.7,53.9,false,false
,Retail Sales m/m,GBP,2015-02-20T04:30:00Z,High,-0.1%,0.2%,-0.3%,false,false
,Public Sector Net Borrowing,GBP,2015-02-20T04:30:00Z,None,-9.5B,9.9B,-9.4B,false,false
,Core Retail Sales m/m,CAD,2015-02-20T08:30:00Z,High,-0.7%,0.6%,-2.3%,false,false
,Retail Sales m/m,CAD,2015-02-20T08:30:00Z,None,-0.3%,0.4%,-2.0%,false,false
,Flash Manufacturing PMI,USD,2015-02-20T09:45:00Z,None,53.7,53.9,54.3,false,false
,Bank Holiday,CNY,2015-02-22T00:00:00Z,None,,,,true,false
,Monetary Policy Meeting Minutes,JPY,2015-02-22T18:50:00Z,None,,,,false,false
,Credit Card Spending y/y,NZD,2015-02-22T21:00:00Z,None,,4.5%,6.2%,false,false
,Bank Holiday,CNY,2015-02-23T00:00:00Z,None,,,,true,false
,German ifo Business Climate,EUR,2015-02-23T04:00:00Z,High,107.4,106.7,106.8,false,false
,CBI Realized Sales,GBP,2015-02-23T06:00:00Z,None,42,39,1,false,false
,Existing Home Sales,USD,2015-02-23T10:00:00Z,None,5.03M,5.07M,4.82M,false,false
,SPPI y/y,JPY,2015-02-23T18:50:00Z,None,3.6%,3.5%,3.4%,false,false
,Inflation Expectations q/q,NZD,2015-02-23T21:00:00Z,None,,2.06%,1.80%,false,false
,Eurogroup Meetings,EUR,2015-02-24T00:00:00Z,High,,,,true,false
,German Final GDP q/q,EUR,2015-02-24T02:00:00Z,None,0.7%,0.7%,0.7%,false,false
,Employment Level,CHF,2015-02-24T03:15:00Z,None,4.22M,4.23M,4.23M,false,false
,MPC Member Forbes Speaks,GBP,2015-02-24T04:10:00Z,None,,,,false,false
,Final CPI y/y,EUR,2015-02-24T05:00:00Z,None,-0.6%,-0.6%,-0.6%,false,false
,Final Core CPI y/y,EUR,2015-02-24T05:00:00Z,None,0.6%,0.6%,0.6%,false,false
,Monetary Policy Report Hearings,GBP,2015-02-24T05:00:00Z,High,,,,false,false
,Corporate Profits q/q,CAD,2015-02-24T08:30:00Z,None,,3.7%,-2.8%,false,false
,ECB President Draghi Speaks,EUR,2015-02-24T09:00:00Z,High,,,,false,false
,Belgian NBB Business Climate,EUR,2015-02-24T09:00:00Z,None,-8.4,-8.8,-8.3,false,false
,S&P/CS Composite-20 HPI y/y,USD,2015-02-24T09:00:00Z,None,4.5%,4.3%,4.5%,false,false
,Flash Services PMI,USD,2015-02-24T09:45:00Z,None,54.5,54.2,57.0,false,false
,Richmond Manufacturing Index,USD,2015-02-24T09:59:00Z,None,7,6,0,false,false
,CB Consumer Confidence,USD,2015-02-24T10:00:00Z,High,99.6,103.8,96.4,false,false
,Fed Chair Yellen Testifies,USD,2015-02-24T10:00:00Z,High,,,,false,false
,Fed Monetary Policy Report,USD,2015-02-24T10:00:00Z,None,,,,false,false
,BOC Gov Poloz Speaks,CAD,2015-02-24T14:00:00Z,High,,,,false,false
,RBNZ Gov Wheeler Speaks,NZD,2015-02-24T18:40:00Z,High,,,,false,false
,Construction Work Done q/q,AUD,2015-02-24T19:30:00Z,None,-1.2%,-2.8%,-0.2%,false,false
,Wage Price Index q/q,AUD,2015-02-24T19:30:00Z,None,0.6%,0.6%,0.6%,false,false
,Caixin Flash Manufacturing PMI,CNY,2015-02-24T20:45:00Z,High,49.6,49.7,50.1,false,false
,UBS Consumption Indicator,CHF,2015-02-25T02:00:00Z,None,,1.42,1.24,false,false
,High Street Lending,GBP,2015-02-25T04:30:00Z,None,36.2K,35.8K,36.4K,false,false
,BOE Gov Carney Speaks,GBP,2015-02-25T05:00:00Z,High,,,,false,false
,Mortgage Delinquencies,USD,2015-02-25T10:00:00Z,None,,5.85%,5.68%,false,false
,New Home Sales,USD,2015-02-25T10:00:00Z,High,471K,482K,481K,false,false
,Fed Chair Yellen Testifies,USD,2015-02-25T10:00:00Z,High,,,,false,false
,Crude Oil Inventories,USD,2015-02-25T10:30:00Z,None,3.6M,7.7M,8.4M,false,false
,ECB President Draghi Speaks,EUR,2015-02-25T11:30:00Z,High,,,,false,false
,Trade Balance,NZD,2015-02-25T16:45:00Z,High,-162M,-195M,56M,false,false
,Visitor Arrivals m/m,NZD,2015-02-25T16:47:00Z,None,,-1.3%,0.8%,false,false
,Private Capital Expenditure q/q,AUD,2015-02-25T19:30:00Z,High,-1.7%,0.6%,-2.2%,false,false
,German GfK Consumer Climate,EUR,2015-02-26T02:00:00Z,None,9.6,9.3,9.7,false,false
,German Unemployment Change,EUR,2015-02-26T03:55:00Z,None,-10K,-10K,-20K,false,false
,M3 Money Supply y/y,EUR,2015-02-26T04:00:00Z,None,3.7%,3.6%,4.1%,false,false
,Italian Retail Sales m/m,EUR,2015-02-26T04:00:00Z,None,0.0%,0.1%,-0.2%,false,false
,Private Loans y/y,EUR,2015-02-26T04:00:00Z,None,-0.3%,-0.5%,-0.1%,false,false
,Second Estimate GDP q/q,GBP,2015-02-26T04:30:00Z,High,0.5%,0.5%,0.5%,false,false
,Prelim Business Investment q/q,GBP,2015-02-26T04:30:00Z,None,2.0%,-1.4%,-1.4%,false,false
,Index of Services 3m/3m,GBP,2015-02-26T04:30:00Z,None,0.7%,0.7%,0.8%,false,false
,Italian 10-y Bond Auction,EUR,2015-02-26T05:23:00Z,None,,1.62|1.4,1.36|1.5,false,false
,CPI y/y,USD,2015-02-26T08:30:00Z,High,-0.1%,0.8%,-0.1%,false,false
,Durable Goods Orders m/m,USD,2015-02-26T08:30:00Z,None,1.7%,-3.3%,2.8%,false,false
,Core CPI y/y,USD,2015-02-26T08:30:00Z,High,1.6%,1.6%,1.6%,false,false
,CPI m/m,USD,2015-02-26T08:30:00Z,High,-0.6%,-0.4%,-0.7%,false,false
,CPI m/m,CAD,2015-02-26T08:30:00Z,None,-0.4%,-0.7%,-0.2%,false,false
,Unemployment Claims,USD,2015-02-26T08:30:00Z,High,288K,282K,313K,false,false
,Core Durable Goods Orders m/m,USD,2015-02-26T08:30:00Z,None,0.6%,-0.9%,0.3%,false,false
,Core CPI m/m,CAD,2015-02-26T08:30:00Z,High,0.1%,-0.3%,0.2%,false,false
,Core CPI m/m,USD,2015-02-26T08:30:00Z,High,0.1%,0.0%,0.2%,false,false
,HPI m/m,USD,2015-02-26T09:00:00Z,None,0.5%,0.7%,0.8%,false,false
,Natural Gas Storage,USD,2015-02-26T10:30:00Z,None,-241B,-111B,-219B,false,false
,MPC Member Shafik Speaks,GBP,2015-02-26T12:30:00Z,None,,,,false,false
,FOMC Member Lockhart Speaks,USD,2015-02-26T13:00:00Z,None,,,,false,false
,Building Consents m/m,NZD,2015-02-26T16:45:00Z,None,,-2.3%,-3.8%,false,false
,GfK Consumer Confidence,GBP,2015-02-26T18:05:00Z,None,2,1,1,false,false
,Tokyo Core CPI y/y,JPY,2015-02-26T18:30:00Z,None,2.2%,2.2%,2.2%,false,false
,National Core CPI y/y,JPY,2015-02-26T18:30:00Z,None,2.4%,2.5%,2.2%,false,false
,Unemployment Rate,JPY,2015-02-26T18:30:00Z,None,3.4%,3.4%,3.6%,false,false
,Household Spending y/y,JPY,2015-02-26T18:30:00Z,None,-4.0%,-3.4%,-5.1%,false,false
,Prelim Industrial Production m/m,JPY,2015-02-26T18:50:00Z,None,2.9%,0.8%,4.0%,false,false
,Retail Sales y/y,JPY,2015-02-26T18:50:00Z,None,-1.2%,0.1%,-2.0%,false,false
,ANZ Business Confidence,NZD,2015-02-26T19:00:00Z,High,,30.4,34.4,false,false
,Private Sector Credit m/m,AUD,2015-02-26T19:30:00Z,None,0.5%,0.5%,0.6%,false,false
,Housing Starts y/y,JPY,2015-02-27T00:00:00Z,None,-11.1%,-14.7%,-13.0%,false,false
,German Prelim CPI m/m,EUR,2015-02-27T00:00:00Z,High,0.6%,-1.1%,0.9%,true,false
,German Import Prices m/m,EUR,2015-02-27T02:00:00Z,None,-0.8%,-1.7%,-0.8%,false,false
,French Consumer Spending m/m,EUR,2015-02-27T02:45:00Z,None,-0.3%,1.6%,0.6%,false,false
,KOF Economic Barometer,CHF,2015-02-27T03:00:00Z,None,89.1,96.1,90.1,false,false
,Spanish Flash CPI y/y,EUR,2015-02-27T03:00:00Z,None,-1.5%,-1.3%,-1.1%,false,false
,Italian Prelim CPI m/m,EUR,2015-02-27T05:00:00Z,None,0.2%,-0.4%,0.3%,false,false
,Prelim GDP q/q,USD,2015-02-27T08:30:00Z,High,2.1%,2.6%,2.2%,false,false
,Prelim GDP Price Index q/q,USD,2015-02-27T08:30:00Z,None,0.0%,0.0%,0.1%,false,false
,Chicago PMI,USD,2015-02-27T09:45:00Z,None,58.4,59.4,45.8,false,false
,Pending Home Sales m/m,USD,2015-02-27T10:00:00Z,None,2.5%,-1.5%,1.7%,false,false
,Revised UoM Consumer Sentiment,USD,2015-02-27T10:00:00Z,None,94.2,93.6,95.4,false,false
,Revised UoM Inflation Expectations,USD,2015-02-27T10:00:00Z,None,,2.8%,2.8%,false,false
,FOMC Member Dudley Speaks,USD,2015-02-27T10:15:00Z,None,,,,false,false
,FOMC Member Fischer Speaks,USD,2015-02-27T13:30:00Z,None,,,,false,false
,Non-Manufacturing PMI,CNY,2015-02-28T20:00:00Z,None,,53.7,53.9,false,false
,Manufacturing PMI,CNY,2015-02-28T20:00:00Z,High,49.7,49.8,49.9,false,false
,Overseas Trade Index q/q,NZD,2015-03-01T16:45:00Z,None,-2.9%,-4.5%,-1.9%,false,false
,AIG Manufacturing Index,AUD,2015-03-01T17:26:00Z,None,,49.0,45.4,false,false
,MI Inflation Gauge m/m,AUD,2015-03-01T18:30:00Z,None,,0.1%,0.0%,false,false
,Capital Spending q/y,JPY,2015-03-01T18:50:00Z,None,4.1%,5.5%,2.8%,false,false
,HIA New Home Sales m/m,AUD,2015-03-01T19:00:00Z,None,,-1.9%,1.8%,false,false
,Company Operating Profits q/q,AUD,2015-03-01T19:30:00Z,None,0.7%,-0.4%,-0.2%,false,false
,Final Manufacturing PMI,JPY,2015-03-01T20:35:00Z,None,51.5,51.5,51.6,false,false
,RatingDog Manufacturing PMI,CNY,2015-03-01T20:45:00Z,High,50.1,50.1,50.7,false,false
,Commodity Prices y/y,AUD,2015-03-02T00:30:00Z,None,,-19.2%,-20.6%,false,false
,Nationwide HPI m/m,GBP,2015-03-02T01:49:00Z,None,0.4%,0.3%,-0.1%,false,false
,Spanish Manufacturing PMI,EUR,2015-03-02T03:15:00Z,None,55.2,54.7,54.2,false,false
,Manufacturing PMI,CHF,2015-03-02T03:30:00Z,None,47.4,48.2,47.3,false,false
,Italian Manufacturing PMI,EUR,2015-03-02T03:45:00Z,None,50.2,49.9,51.9,false,false
,French Final Manufacturing PMI,EUR,2015-03-02T03:50:00Z,None,47.7,47.7,47.6,false,false
,German Final Manufacturing PMI,EUR,2015-03-02T03:55:00Z,None,50.9,50.9,51.1,false,false
,Final Manufacturing PMI,EUR,2015-03-02T04:00:00Z,None,51.1,51.1,51.0,false,false
,Italian Monthly Unemployment Rate,EUR,2015-03-02T04:00:00Z,None,12.9%,12.7%,12.6%,false,false
,Italian Quarterly Unemployment Rate,EUR,2015-03-02T04:00:00Z,None,12.8%,12.8%,13.0%,false,false
,Net Lending to Individuals m/m,GBP,2015-03-02T04:30:00Z,None,2.7B,2.1B,2.4B,false,false
,M4 Money Supply m/m,GBP,2015-03-02T04:30:00Z,None,0.3%,0.1%,-0.8%,false,false
,Mortgage Approvals,GBP,2015-03-02T04:30:00Z,None,61K,60K,61K,false,false
,Final Manufacturing PMI,GBP,2015-03-02T04:30:00Z,High,53.5,53.1,54.1,false,false
,CPI Flash Estimate y/y,EUR,2015-03-02T05:00:00Z,High,-0.5%,-0.6%,-0.3%,false,false
,Core CPI Flash Estimate y/y,EUR,2015-03-02T05:00:00Z,None,0.6%,0.6%,0.6%,false,false
,Unemployment Rate,EUR,2015-03-02T05:00:00Z,None,11.4%,11.3%,11.2%,false,false
,Current Account,CAD,2015-03-02T08:30:00Z,None,-7.4B,-9.6B,-13.9B,false,false
,Core PCE Price Index m/m,USD,2015-03-02T08:30:00Z,None,0.1%,0.0%,0.1%,false,false
,Personal Spending m/m,USD,2015-03-02T08:30:00Z,None,0.0%,-0.3%,-0.2%,false,false
,Personal Income m/m,USD,2015-03-02T08:30:00Z,None,0.4%,0.3%,0.3%,false,false
,Manufacturing PMI,CAD,2015-03-02T09:30:00Z,None,,51.0,48.7,false,false
,Final Manufacturing PMI,USD,2015-03-02T09:45:00Z,None,54.3,54.3,55.1,false,false
,Construction Spending m/m,USD,2015-03-02T10:00:00Z,None,0.4%,0.8%,-1.1%,false,false
,ISM Manufacturing Prices,USD,2015-03-02T10:00:00Z,None,36.2,35.0,35.0,false,false
,ISM Manufacturing PMI,USD,2015-03-02T10:00:00Z,High,53.4,53.5,52.9,false,false
,Monetary Base y/y,JPY,2015-03-02T18:50:00Z,None,34.3%,37.4%,36.7%,false,false
,ANZ Commodity Prices m/m,NZD,2015-03-02T19:00:00Z,None,,1.0%,1.8%,false,false
,Building Approvals m/m,AUD,2015-03-02T19:30:00Z,High,-1.8%,-2.8%,7.9%,false,false
,Current Account,AUD,2015-03-02T19:30:00Z,None,-10.9B,-12.1B,-9.6B,false,false
,Average Cash Earnings y/y,JPY,2015-03-02T20:30:00Z,None,0.6%,1.3%,1.3%,false,false
,Cash Rate,AUD,2015-03-02T22:30:00Z,High,2.00%,2.25%,2.25%,false,false
,RBA Rate Statement,AUD,2015-03-02T22:30:00Z,High,,,,false,false
,10-y Bond Auction,JPY,2015-03-02T22:45:00Z,None,,0.31|2.7,0.40|2.8,false,false
,Total Vehicle Sales,USD,2015-03-03T00:00:00Z,None,16.8M,16.7M,16.2M,true,false
,GDP q/q,CHF,2015-03-03T01:45:00Z,None,0.3%,0.7%,0.6%,false,false
,German Retail Sales m/m,EUR,2015-03-03T02:00:00Z,None,0.5%,0.6%,2.9%,false,false
,Spanish Unemployment Change,EUR,2015-03-03T03:00:00Z,High,10.5K,78.0K,-13.5K,false,false
,Construction PMI,GBP,2015-03-03T04:30:00Z,High,59.0,59.1,60.1,false,false
,PPI m/m,EUR,2015-03-03T05:00:00Z,None,-0.5%,-1.0%,-0.9%,false,false
,BOE Gov Carney Speaks,GBP,2015-03-03T05:00:00Z,High,,,,false,false
,GDP m/m,CAD,2015-03-03T08:30:00Z,High,0.2%,-0.2%,0.3%,false,false
,RMPI m/m,CAD,2015-03-03T08:30:00Z,None,-6.2%,-7.5%,-7.7%,false,false
,IPPI m/m,CAD,2015-03-03T08:30:00Z,None,-0.9%,-1.5%,-0.4%,false,false
,GDT Price Index,NZD,2015-03-03T09:31:00Z,High,,10.1%,1.1%,false,false
,RCM/TIPP Economic Optimism,USD,2015-03-03T10:00:00Z,None,48.3,47.5,49.1,false,false
,AIG Services Index,AUD,2015-03-03T17:30:00Z,None,,49.9,51.7,false,false
,BRC Shop Price Index y/y,GBP,2015-03-03T19:01:00Z,None,,-1.3%,-1.7%,false,false
,GDP q/q,AUD,2015-03-03T19:30:00Z,High,0.7%,0.4%,0.5%,false,false
,Fed Chair Yellen Speaks,USD,2015-03-03T20:15:00Z,High,,,,false,false
,RatingDog Services PMI,CNY,2015-03-03T20:45:00Z,None,,51.8,52.0,false,false
,Spanish Services PMI,EUR,2015-03-04T03:15:00Z,None,56.9,56.7,56.2,false,false
,Italian Services PMI,EUR,2015-03-04T03:45:00Z,None,51.8,51.2,50.0,false,false
,French Final Services PMI,EUR,2015-03-04T03:50:00Z,None,53.4,53.4,53.4,false,false
,German Final Services PMI,EUR,2015-03-04T03:55:00Z,None,55.5,55.5,54.7,false,false
,Final Services PMI,EUR,2015-03-04T04:00:00Z,None,53.9,53.9,53.7,false,false
,Final Services PMI,GBP,2015-03-04T04:30:00Z,High,57.6,57.2,56.7,false,false
,Retail Sales m/m,EUR,2015-03-04T05:00:00Z,None,0.2%,0.4%,1.1%,false,false
,ADP Non-Farm Employment Change,USD,2015-03-04T08:15:00Z,High,219K,250K,212K,false,false
,FOMC Member Evans Speaks,USD,2015-03-04T09:00:00Z,None,,,,false,false
,Final Services PMI,USD,2015-03-04T09:45:00Z,None,54.8,57.0,57.1,false,false
,BOC Rate Statement,CAD,2015-03-04T10:00:00Z,High,,,,false,false
,Overnight Rate,CAD,2015-03-04T10:00:00Z,High,0.75%,0.75%,0.75%,false,false
,ISM Services PMI,USD,2015-03-04T10:00:00Z,High,56.5,56.7,56.9,false,false
,Crude Oil Inventories,USD,2015-03-04T10:30:00Z,None,4.0M,8.4M,10.3M,false,false
,Beige Book,USD,2015-03-04T14:00:00Z,None,,,,false,false
,Retail Sales m/m,AUD,2015-03-04T19:30:00Z,High,0.4%,0.2%,0.4%,false,false
,Goods Trade Balance,AUD,2015-03-04T19:30:00Z,High,-0.94B,-0.50B,-0.98B,false,false
,RBA Deputy Gov Lowe Speaks,AUD,2015-03-04T20:30:00Z,None,,,,false,false
,30-y Bond Auction,JPY,2015-03-04T22:45:00Z,None,,1.46|2.7,1.51|3.8,false,false
,German Factory Orders m/m,EUR,2015-03-05T02:00:00Z,None,-1.0%,4.4%,-3.9%,false,false
,Lloyds HPI m/m,GBP,2015-03-05T02:58:00Z,None,-0.2%,1.9%,-0.3%,false,false
,Retail PMI,EUR,2015-03-05T04:10:00Z,None,,46.6,46.4,false,false
,French 10-y Bond Auction,EUR,2015-03-05T04:59:00Z,None,,0.61|1.9,0.67|1.5,false,false
,Official Bank Rate,GBP,2015-03-05T07:00:00Z,High,0.50%,0.50%,0.50%,false,false
,Asset Purchase Facility,GBP,2015-03-05T07:00:00Z,None,375B,375B,375B,false,false
,Challenger Job Cuts y/y,USD,2015-03-05T07:30:00Z,None,,17.6%,20.9%,false,false
,Main Refinancing Rate,EUR,2015-03-05T07:45:00Z,High,0.05%,0.05%,0.05%,false,false
,Unemployment Claims,USD,2015-03-05T08:30:00Z,High,293K,313K,320K,false,false
,Revised Nonfarm Productivity q/q,USD,2015-03-05T08:30:00Z,None,-2.3%,-1.8%,-2.2%,false,false
,Revised Unit Labor Costs q/q,USD,2015-03-05T08:30:00Z,None,3.3%,2.7%,4.1%,false,false
,ECB Press Conference,EUR,2015-03-05T08:30:00Z,High,,,,false,false
,Ivey PMI,CAD,2015-03-05T10:00:00Z,High,49.4,45.4,49.7,false,false
,Factory Orders m/m,USD,2015-03-05T10:00:00Z,None,0.2%,-3.5%,-0.2%,false,false
,FOMC Member Williams Speaks,USD,2015-03-05T10:00:00Z,None,,,,false,false
,Natural Gas Storage,USD,2015-03-05T10:30:00Z,None,-224B,-219B,-228B,false,false
,Bank Stress Test Results,USD,2015-03-05T16:30:00Z,None,,,,false,false
,AIG Construction Index,AUD,2015-03-05T17:20:00Z,None,,45.9,43.9,false,false
,Leading Indicators,JPY,2015-03-06T00:00:00Z,None,105.9%,105.6%,105.1%,false,false
,German Industrial Production m/m,EUR,2015-03-06T02:00:00Z,None,0.6%,1.0%,0.6%,false,false
,French Gov Budget Balance,EUR,2015-03-06T02:45:00Z,None,,-85.6B,-9.4B,false,false
,French Trade Balance,EUR,2015-03-06T02:45:00Z,None,-3.0B,-3.3B,-3.7B,false,false
,Foreign Currency Reserves,CHF,2015-03-06T03:00:00Z,High,,499B,509B,false,false
,CPI m/m,CHF,2015-03-06T03:15:00Z,None,0.0%,-0.4%,-0.3%,false,false
,Consumer Inflation Expectations,GBP,2015-03-06T04:30:00Z,None,,2.5%,1.9%,false,false
,Revised GDP q/q,EUR,2015-03-06T05:00:00Z,None,0.3%,0.3%,0.3%,false,false
,Non-Farm Employment Change,USD,2015-03-06T08:30:00Z,High,240K,239K,295K,false,false
,Labor Productivity q/q,CAD,2015-03-06T08:30:00Z,None,0.0%,0.2%,-0.1%,false,false
,Trade Balance,CAD,2015-03-06T08:30:00Z,High,-0.9B,-1.2B,-2.5B,false,false
,Unemployment Rate,USD,2015-03-06T08:30:00Z,High,5.6%,5.7%,5.5%,false,false
,Average Hourly Earnings m/m,USD,2015-03-06T08:30:00Z,None,0.2%,0.5%,0.1%,false,false
,Trade Balance,USD,2015-03-06T08:30:00Z,None,-41.3B,-45.6B,-41.8B,false,false
,Building Permits m/m,CAD,2015-03-06T08:30:00Z,High,-4.2%,6.1%,-12.9%,false,false
,Consumer Credit m/m,USD,2015-03-06T15:00:00Z,None,14.7B,17.9B,11.6B,false,false
,Trade Balance,CNY,2015-03-07T21:29:00Z,High,20B,367B,371B,false,false
,USD-Denominated Trade Balance,CNY,2015-03-07T21:51:00Z,High,7.8B,60.0B,60.6B,false,false
,Daylight Saving Time Shift,CAD,2015-03-08T03:00:00Z,None,,,,false,false
,Daylight Saving Time Shift,USD,2015-03-08T03:00:00Z,None,,,,false,false
,Manufacturing Sales q/q,NZD,2015-03-08T17:45:00Z,None,,-1.1%,-0.7%,false,false
,Final GDP Price Index y/y,JPY,2015-03-08T19:50:00Z,None,2.3%,2.3%,2.4%,false,false
,Bank Lending y/y,JPY,2015-03-08T19:50:00Z,None,,2.5%,2.5%,false,false
,Final GDP q/q,JPY,2015-03-08T19:50:00Z,None,0.5%,0.6%,0.4%,false,false
,Current Account,JPY,2015-03-08T19:50:00Z,None,1.16T,0.85T,1.06T,false,false
,ANZ Job Advertisements m/m,AUD,2015-03-08T20:30:00Z,None,,1.2%,0.9%,false,false
,Eurogroup Meetings,EUR,2015-03-09T00:00:00Z,High,,,,true,false
,Economy Watchers Sentiment,JPY,2015-03-09T01:00:00Z,None,46.7,45.6,50.1,false,false
,German Trade Balance,EUR,2015-03-09T03:00:00Z,None,20.4B,21.6B,19.7B,false,false
,Sentix Investor Confidence,EUR,2015-03-09T05:30:00Z,None,15.3,12.4,18.6,false,false
,Housing Starts,CAD,2015-03-09T08:13:00Z,None,176K,187K,156K,false,false
,Labor Market Conditions Index m/m,USD,2015-03-09T10:00:00Z,None,,4.8,4.0,false,false
,German Buba President Weidmann Speaks,EUR,2015-03-09T13:30:00Z,None,,,,false,false
,M2 Money Stock y/y,JPY,2015-03-09T19:50:00Z,None,3.5%,3.4%,3.5%,false,false
,BRC Retail Sales Monitor y/y,GBP,2015-03-09T20:01:00Z,None,,0.2%,0.2%,false,false
,NAB Business Confidence,AUD,2015-03-09T20:30:00Z,High,,4,0,false,false
,CPI y/y,CNY,2015-03-09T21:30:00Z,High,1.0%,0.8%,1.4%,false,false
,PPI y/y,CNY,2015-03-09T21:30:00Z,None,-4.3%,-4.3%,-4.8%,false,false
,ECOFIN Meetings,EUR,2015-03-10T00:00:00Z,None,,,,true,false
,Prelim Machine Tool Orders y/y,JPY,2015-03-10T02:00:00Z,None,,20.4%,28.9%,false,false
,Unemployment Rate,CHF,2015-03-10T02:45:00Z,None,3.2%,3.2%,3.2%,false,false
,French Industrial Production m/m,EUR,2015-03-10T03:45:00Z,None,-0.2%,1.4%,0.4%,false,false
,Italian Industrial Production m/m,EUR,2015-03-10T05:00:00Z,None,0.2%,0.4%,-0.7%,false,false
,NFIB Small Business Index,USD,2015-03-10T09:00:00Z,None,99.2,97.9,98.0,false,false
,JOLTS Job Openings,USD,2015-03-10T10:00:00Z,None,5.04M,4.88M,5.00M,false,false
,Final Wholesale Inventories m/m,USD,2015-03-10T10:00:00Z,None,0.0%,0.0%,0.3%,false,false
,BOE Gov Carney Speaks,GBP,2015-03-10T10:35:00Z,High,,,,false,false
,MPC Member McCafferty Speaks,GBP,2015-03-10T14:30:00Z,None,,,,false,false
,RBA Assist Gov Kent Speaks,AUD,2015-03-10T18:05:00Z,None,,,,false,false
,Westpac Consumer Sentiment,AUD,2015-03-10T19:30:00Z,None,,8.0%,-1.2%,false,false
,Core Machinery Orders m/m,JPY,2015-03-10T19:50:00Z,None,-3.9%,8.3%,-1.7%,false,false
,PPI y/y,JPY,2015-03-10T19:50:00Z,None,0.5%,0.3%,0.5%,false,false
,Home Loans m/m,AUD,2015-03-10T20:30:00Z,None,-1.9%,2.4%,-3.5%,false,false
,Industrial Production y/y,CNY,2015-03-11T01:30:00Z,High,7.7%,7.9%,6.8%,false,false
,Fixed Asset Investment ytd/y,CNY,2015-03-11T01:30:00Z,None,15.1%,15.7%,13.9%,false,false
,Retail Sales y/y,CNY,2015-03-11T01:30:00Z,None,11.6%,11.9%,10.7%,false,false
,French Final Private Payrolls q/q,EUR,2015-03-11T02:30:00Z,None,0.0%,0.0%,0.0%,false,false
,ECB President Draghi Speaks,EUR,2015-03-11T04:00:00Z,High,,,,false,false
,Manufacturing Production m/m,GBP,2015-03-11T05:30:00Z,High,0.2%,0.1%,-0.5%,false,false
,Industrial Production m/m,GBP,2015-03-11T05:30:00Z,None,0.2%,-0.2%,-0.1%,false,false
,Crude Oil Inventories,USD,2015-03-11T10:30:00Z,None,4.5M,10.3M,4.5M,false,false
,NIESR GDP Estimate,GBP,2015-03-11T10:57:00Z,None,,0.6%,0.6%,false,false
,MPC Member Weale Speaks,GBP,2015-03-11T11:00:00Z,None,,,,false,false
,10-y Bond Auction,USD,2015-03-11T13:01:00Z,None,,2.00|2.6,2.14|2.6,false,false
,Official Cash Rate,NZD,2015-03-11T16:00:00Z,High,3.50%,3.50%,3.50%,false,false
,RBNZ Rate Statement,NZD,2015-03-11T16:00:00Z,High,,,,false,false
,RBNZ Monetary Policy Statement,NZD,2015-03-11T16:00:00Z,None,,,,false,false
,RBNZ Press Conference,NZD,2015-03-11T16:05:00Z,High,,,,false,false
,Bank Stress Test Results,USD,2015-03-11T16:30:00Z,None,,,,false,false
,FPI m/m,NZD,2015-03-11T17:45:00Z,None,,1.3%,-0.7%,false,false
,BSI Manufacturing Index,JPY,2015-03-11T19:50:00Z,None,5.7,8.1,2.4,false,false
,Tertiary Industry Activity m/m,JPY,2015-03-11T19:50:00Z,None,0.6%,0.0%,1.4%,false,false
,MI Inflation Expectations,AUD,2015-03-11T20:00:00Z,None,,4.0%,3.2%,false,false
,RICS House Price Balance,GBP,2015-03-11T20:01:00Z,None,6%,7%,14%,false,false
,RBNZ Gov Wheeler Speaks,NZD,2015-03-11T20:10:00Z,High,,,,false,false
,REINZ HPI m/m,NZD,2015-03-11T20:25:00Z,None,,-1.0%,0.8%,false,false
,Employment Change,AUD,2015-03-11T20:30:00Z,High,15.3K,-14.6K,15.6K,false,false
,Unemployment Rate,AUD,2015-03-11T20:30:00Z,High,6.4%,6.4%,6.3%,false,false
,Consumer Confidence,JPY,2015-03-12T01:00:00Z,None,39.9,39.1,40.7,false,false
,M2 Money Supply y/y,CNY,2015-03-12T02:33:00Z,None,11.1%,10.8%,12.5%,false,false
,New Loans,CNY,2015-03-12T02:33:00Z,None,755B,1470B,1020B,false,false
,German Final CPI m/m,EUR,2015-03-12T03:00:00Z,None,0.9%,0.9%,0.9%,false,false
,French Final CPI m/m,EUR,2015-03-12T03:45:00Z,None,0.6%,-1.0%,0.7%,false,false
,Goods Trade Balance,GBP,2015-03-12T05:30:00Z,None,-9.7B,-9.9B,-8.4B,false,false
,Spanish 10-y Bond Auction,EUR,2015-03-12T05:43:00Z,None,,1.62|2.0,1.02|1.7,false,false
,Industrial Production m/m,EUR,2015-03-12T06:00:00Z,None,0.3%,0.3%,-0.1%,false,false
,German Buba President Weidmann Speaks,EUR,2015-03-12T06:00:00Z,None,,,,false,false
,Core Retail Sales m/m,USD,2015-03-12T08:30:00Z,High,0.6%,-1.1%,-0.1%,false,false
,Import Prices m/m,USD,2015-03-12T08:30:00Z,None,0.2%,-3.1%,0.4%,false,false
,Capacity Utilization Rate,CAD,2015-03-12T08:30:00Z,None,83.7%,83.2%,83.6%,false,false
,NHPI m/m,CAD,2015-03-12T08:30:00Z,None,0.2%,0.1%,-0.1%,false,false
,Retail Sales m/m,USD,2015-03-12T08:30:00Z,High,0.3%,-0.8%,-0.6%,false,false
,Unemployment Claims,USD,2015-03-12T08:30:00Z,High,306K,325K,289K,false,false
,BOE Gov Carney Speaks,GBP,2015-03-12T08:45:00Z,High,,,,false,false
,Business Inventories m/m,USD,2015-03-12T10:00:00Z,None,0.2%,0.0%,0.0%,false,false
,Natural Gas Storage,USD,2015-03-12T10:30:00Z,None,-189B,-228B,-198B,false,false
,30-y Bond Auction,USD,2015-03-12T13:01:00Z,None,,2.56|2.3,2.68|2.2,false,false
,Federal Budget Balance,USD,2015-03-12T14:00:00Z,None,-188.9B,-17.5B,-192.3B,false,false
,BusinessNZ Manufacturing Index,NZD,2015-03-12T17:30:00Z,None,,50.7,55.9,false,false
,Revised Industrial Production m/m,JPY,2015-03-13T00:30:00Z,None,4.0%,4.0%,3.7%,false,false
,German WPI m/m,EUR,2015-03-13T03:00:00Z,None,-0.2%,-0.4%,0.5%,false,false
,MPC Member Shafik Speaks,GBP,2015-03-13T05:00:00Z,None,,,,false,false
,Construction Output m/m,GBP,2015-03-13T05:30:00Z,None,1.4%,0.6%,-2.6%,false,false
,PPI m/m,USD,2015-03-13T08:30:00Z,High,0.2%,-0.8%,-0.5%,false,false
,Core PPI m/m,USD,2015-03-13T08:30:00Z,None,0.1%,-0.1%,-0.5%,false,false
,Unemployment Rate,CAD,2015-03-13T08:30:00Z,High,6.7%,6.6%,6.8%,false,false
,Employment Change,CAD,2015-03-13T08:30:00Z,High,-3.5K,35.4K,-1.0K,false,false
,Prelim UoM Inflation Expectations,USD,2015-03-13T10:00:00Z,None,,2.8%,3.0%,false,false
,Prelim UoM Consumer Sentiment,USD,2015-03-13T10:00:00Z,High,95.6,95.4,91.2,false,false
,MPC Member Haldane Speaks,GBP,2015-03-13T11:15:00Z,None,,,,false,false
,BusinessNZ Services Index,NZD,2015-03-15T17:30:00Z,None,,58.0,55.6,false,false
,RBA Deputy Gov Debelle Speaks,AUD,2015-03-15T18:00:00Z,None,,,,false,false
,Rightmove HPI m/m,GBP,2015-03-15T19:01:00Z,None,,2.1%,1.0%,false,false
,New Motor Vehicle Sales m/m,AUD,2015-03-15T20:30:00Z,None,,-1.9%,2.9%,false,false
,PPI m/m,CHF,2015-03-16T04:15:00Z,None,0.4%,-0.6%,-1.4%,false,false
,Retail Sales y/y,CHF,2015-03-16T04:15:00Z,None,2.6%,1.9%,-0.3%,false,false
,Foreign Securities Purchases,CAD,2015-03-16T08:30:00Z,None,-1.95B,-13.54B,5.73B,false,false
,Empire State Manufacturing Index,USD,2015-03-16T08:30:00Z,None,8.1,7.8,6.9,false,false
,Capacity Utilization Rate,USD,2015-03-16T09:15:00Z,None,79.5%,79.1%,78.9%,false,false
,Industrial Production m/m,USD,2015-03-16T09:15:00Z,None,0.3%,-0.3%,0.1%,false,false
,CB Leading Index m/m,GBP,2015-03-16T09:30:00Z,None,,0.0%,0.2%,false,false
,NAHB Housing Market Index,USD,2015-03-16T10:00:00Z,None,57,55,53,false,false
,ECB President Draghi Speaks,EUR,2015-03-16T14:45:00Z,High,,,,false,false
,TIC Long-Term Purchases,USD,2015-03-16T16:00:00Z,None,27.2B,39.2B,-27.2B,false,false
,Monetary Policy Meeting Minutes,AUD,2015-03-16T20:30:00Z,High,,,,false,false
,Foreign Direct Investment ytd/y,CNY,2015-03-16T22:00:00Z,None,,29.4%,17.0%,false,false
,Monetary Policy Statement,JPY,2015-03-16T23:04:00Z,High,,,,false,false
,BOJ Press Conference,JPY,2015-03-17T02:32:00Z,High,,,,false,false
,Final CPI y/y,EUR,2015-03-17T06:00:00Z,None,-0.3%,-0.3%,-0.3%,false,false
,Final Core CPI y/y,EUR,2015-03-17T06:00:00Z,None,0.6%,0.6%,0.7%,false,false
,ZEW Economic Sentiment,EUR,2015-03-17T06:00:00Z,None,58.2,52.7,62.4,false,false
,German ZEW Economic Sentiment,EUR,2015-03-17T06:00:00Z,High,58.9,53.0,54.8,false,false
,Final Employment Change q/q,EUR,2015-03-17T06:00:00Z,None,0.1%,0.4%,0.1%,false,false
,Housing Starts,USD,2015-03-17T08:30:00Z,None,1.05M,1.08M,0.90M,false,false
,Building Permits,USD,2015-03-17T08:30:00Z,High,1.07M,1.06M,1.09M,false,false
,Manufacturing Sales m/m,CAD,2015-03-17T08:30:00Z,High,-1.1%,1.6%,-1.7%,false,false
,Treasury Sec Lew Speaks,USD,2015-03-17T10:00:00Z,None,,,,false,false
,GDT Price Index,NZD,2015-03-17T10:18:00Z,High,,1.1%,-8.8%,false,false
,Current Account,NZD,2015-03-17T17:45:00Z,None,-3.12B,-5.02B,-3.19B,false,false
,MI Leading Index m/m,AUD,2015-03-17T19:30:00Z,None,,0.1%,0.3%,false,false
,Trade Balance,JPY,2015-03-17T19:50:00Z,None,-1.21T,-0.41T,-0.64T,false,false
,BOJ Monthly Report,JPY,2015-03-18T01:00:00Z,None,,,,false,false
,Italian Trade Balance,EUR,2015-03-18T05:00:00Z,None,4.32B,5.74B,0.22B,false,false
,MPC Official Bank Rate Votes,GBP,2015-03-18T05:30:00Z,High,0-0-9,0-0-9,0-0-9,false,false
,Claimant Count Change,GBP,2015-03-18T05:30:00Z,High,-30.6K,-39.4K,-31.0K,false,false
,Average Earnings Index 3m/y,GBP,2015-03-18T05:30:00Z,High,2.2%,2.1%,1.8%,false,false
,MPC Asset Purchase Facility Votes,GBP,2015-03-18T05:30:00Z,None,0-0-9,0-0-9,0-0-9,false,false
,Unemployment Rate,GBP,2015-03-18T05:30:00Z,None,5.6%,5.7%,5.7%,false,false
,UBS Economic Expectations,CHF,2015-03-18T06:00:00Z,None,,-73.0,-37.9,false,false
,German 10-y Bond Auction,EUR,2015-03-18T06:33:00Z,None,,0.37|1.4,0.25|2.4,false,false
,Wholesale Sales m/m,CAD,2015-03-18T08:30:00Z,High,-0.7%,2.8%,-3.1%,false,false
,Annual Budget Release,GBP,2015-03-18T08:30:00Z,High,,,,false,false
,Crude Oil Inventories,USD,2015-03-18T10:30:00Z,None,4.0M,4.5M,9.6M,false,false
,Federal Funds Rate,USD,2015-03-18T14:00:00Z,High,<0.25%,<0.25%,<0.25%,false,false
,FOMC Economic Projections,USD,2015-03-18T14:00:00Z,High,,,,false,false
,FOMC Statement,USD,2015-03-18T14:00:00Z,High,,,,false,false
,Treasury Sec Lew Speaks,USD,2015-03-18T14:00:00Z,None,,,,false,false
,FOMC Press Conference,USD,2015-03-18T14:30:00Z,High,,,,false,false
,GDP q/q,NZD,2015-03-18T17:45:00Z,High,0.8%,0.9%,0.8%,false,false
,RBA Bulletin,AUD,2015-03-18T20:30:00Z,None,,,,false,false
,EU Economic Summit,EUR,2015-03-19T00:00:00Z,High,,,,false,false
,All Industries Activity m/m,JPY,2015-03-19T00:30:00Z,None,1.9%,-0.1%,1.9%,false,false
,SECO Economic Forecasts,CHF,2015-03-19T02:45:00Z,None,,,,false,false
,Trade Balance,CHF,2015-03-19T03:00:00Z,None,2.87B,3.41B,2.47B,false,false
,Libor Rate,CHF,2015-03-19T04:30:00Z,High,-0.75%,-0.75%,-0.75%,false,false
,SNB Monetary Policy Assessment,CHF,2015-03-19T04:30:00Z,High,,,,false,false
,SNB Press Conference,CHF,2015-03-19T04:30:00Z,High,,,,false,false
,ECB Economic Bulletin,EUR,2015-03-19T05:00:00Z,None,,,,false,false
,Long Term Refinancing Operation,EUR,2015-03-19T06:20:00Z,High,40.0B,129.8B,97.8B,false,false
,10-y Bond Auction,GBP,2015-03-19T06:36:00Z,None,,1.62|1.6,1.68|1.4,false,false
,Unemployment Claims,USD,2015-03-19T08:30:00Z,High,295K,290K,291K,false,false
,Current Account,USD,2015-03-19T08:30:00Z,None,-103B,-99B,-113B,false,false
,Philly Fed Manufacturing Index,USD,2015-03-19T10:00:00Z,High,7.2,5.2,5.0,false,false
,CB Leading Index m/m,USD,2015-03-19T10:00:00Z,None,0.3%,0.2%,0.2%,false,false
,FOMC Member Tarullo Speaks,USD,2015-03-19T10:00:00Z,None,,,,false,false
,Natural Gas Storage,USD,2015-03-19T10:30:00Z,None,-50B,-198B,-45B,false,false
,Visitor Arrivals m/m,NZD,2015-03-19T17:45:00Z,None,,1.2%,6.9%,false,false
,Monetary Policy Meeting Minutes,JPY,2015-03-19T19:50:00Z,None,,,,false,false
,Credit Card Spending y/y,NZD,2015-03-19T22:00:00Z,None,,6.2%,5.8%,false,false
,RBA Gov Stevens Speaks,AUD,2015-03-19T22:10:00Z,High,,,,false,false
,EU Economic Summit,EUR,2015-03-20T00:00:00Z,None,,,,false,false
,German PPI m/m,EUR,2015-03-20T03:00:00Z,None,0.2%,-0.6%,0.1%,false,false
,Current Account,EUR,2015-03-20T05:00:00Z,None,21.3B,22.5B,29.4B,false,false
,Public Sector Net Borrowing,GBP,2015-03-20T05:30:00Z,None,7.7B,-8.9B,6.2B,false,false
,Core CPI m/m,CAD,2015-03-20T08:30:00Z,High,0.6%,0.2%,0.6%,false,false
,Retail Sales m/m,CAD,2015-03-20T08:30:00Z,None,-0.7%,-1.8%,-1.7%,false,false
,CPI m/m,CAD,2015-03-20T08:30:00Z,None,0.7%,-0.2%,0.9%,false,false
,Core Retail Sales m/m,CAD,2015-03-20T08:30:00Z,High,-0.4%,-2.0%,-1.8%,false,false
,FOMC Member Lockhart Speaks,USD,2015-03-20T10:20:00Z,None,,,,false,false
,FOMC Member Evans Speaks,USD,2015-03-20T11:30:00Z,None,,,,false,false
,Westpac Consumer Sentiment,NZD,2015-03-22T17:00:00Z,None,,114.8,117.4,false,false
,CBI Industrial Order Expectations,GBP,2015-03-23T07:00:00Z,None,9,10,0,false,false
,German Buba Monthly Report,EUR,2015-03-23T07:00:00Z,None,,,,false,false
,ECB President Draghi Speaks,EUR,2015-03-23T10:00:00Z,High,,,,false,false
,Existing Home Sales,USD,2015-03-23T10:00:00Z,None,4.91M,4.82M,4.88M,false,false
,Consumer Confidence,EUR,2015-03-23T11:00:00Z,None,-6,-7,-4,false,false
,FOMC Member Fischer Speaks,USD,2015-03-23T12:20:00Z,High,,,,false,false
,CB Leading Index m/m,AUD,2015-03-23T19:00:00Z,None,,0.3%,0.4%,false,false
,FOMC Member Williams Speaks,USD,2015-03-23T21:15:00Z,None,,,,false,false
,Flash Manufacturing PMI,JPY,2015-03-23T21:35:00Z,None,52.1,51.6,50.4,false,false
,Caixin Flash Manufacturing PMI,CNY,2015-03-23T21:45:00Z,High,50.5,50.7,49.2,false,false
,CB Leading Index m/m,CNY,2015-03-23T22:00:00Z,None,,0.5%,1.5%,false,false
,RBA Assist Gov Edey Speaks,AUD,2015-03-24T00:50:00Z,None,,,,false,false
,French Flash Manufacturing PMI,EUR,2015-03-24T04:00:00Z,High,48.9,47.6,48.2,false,false
,French Flash Services PMI,EUR,2015-03-24T04:00:00Z,None,53.1,53.4,52.8,false,false
,German Flash Manufacturing PMI,EUR,2015-03-24T04:30:00Z,High,51.5,51.1,52.4,false,false
,German Flash Services PMI,EUR,2015-03-24T04:30:00Z,None,55.0,54.7,55.3,false,false
,Flash Services PMI,EUR,2015-03-24T05:00:00Z,None,53.9,53.7,54.3,false,false
,Flash Manufacturing PMI,EUR,2015-03-24T05:00:00Z,None,51.6,51.0,51.9,false,false
,CPI y/y,GBP,2015-03-24T05:30:00Z,High,0.1%,0.3%,0.0%,false,false
,PPI Input m/m,GBP,2015-03-24T05:30:00Z,None,1.6%,-3.6%,0.2%,false,false
,RPI y/y,GBP,2015-03-24T05:30:00Z,None,0.9%,1.1%,1.0%,false,false
,Core CPI y/y,GBP,2015-03-24T05:30:00Z,None,1.3%,1.4%,1.2%,false,false
,ONS HPI y/y,GBP,2015-03-24T05:30:00Z,None,10.2%,9.8%,8.4%,false,false
,PPI Output m/m,GBP,2015-03-24T05:30:00Z,None,-0.1%,-0.4%,0.2%,false,false
,Core CPI m/m,USD,2015-03-24T08:30:00Z,High,0.1%,0.2%,0.2%,false,false
,Core CPI y/y,USD,2015-03-24T08:30:00Z,High,1.7%,1.6%,1.7%,false,false
,CPI y/y,USD,2015-03-24T08:30:00Z,High,-0.1%,-0.1%,0.0%,false,false
,CPI m/m,USD,2015-03-24T08:30:00Z,High,0.2%,-0.7%,0.2%,false,false
,HPI m/m,USD,2015-03-24T09:00:00Z,None,0.5%,0.7%,0.3%,false,false
,Flash Manufacturing PMI,USD,2015-03-24T09:45:00Z,None,54.9,55.1,55.3,false,false
,Richmond Manufacturing Index,USD,2015-03-24T09:59:00Z,None,2,0,-8,false,false
,Belgian NBB Business Climate,EUR,2015-03-24T10:00:00Z,None,-7.5,-8.3,-6.3,false,false
,New Home Sales,USD,2015-03-24T10:00:00Z,None,466K,500K,539K,false,false
,Trade Balance,NZD,2015-03-24T17:45:00Z,High,375M,33M,50M,false,false
,SPPI y/y,JPY,2015-03-24T19:50:00Z,None,3.3%,3.5%,3.3%,false,false
,RBA Financial Stability Review,AUD,2015-03-24T20:30:00Z,None,,,,false,false
,UBS Consumption Indicator,CHF,2015-03-25T03:00:00Z,None,,1.11,1.19,false,false
,German ifo Business Climate,EUR,2015-03-25T05:00:00Z,High,107.4,106.8,107.9,false,false
,High Street Lending,GBP,2015-03-25T05:30:00Z,None,36.9K,36.5K,37.3K,false,false
,FOMC Member Evans Speaks,USD,2015-03-25T06:30:00Z,None,,,,false,false
,Core Durable Goods Orders m/m,USD,2015-03-25T08:30:00Z,High,0.3%,0.0%,-0.4%,false,false
,Durable Goods Orders m/m,USD,2015-03-25T08:30:00Z,None,0.3%,2.0%,-1.4%,false,false
,SNB Quarterly Bulletin,CHF,2015-03-25T10:00:00Z,None,,,,false,false
,Crude Oil Inventories,USD,2015-03-25T10:30:00Z,None,5.0M,9.6M,8.2M,false,false
,Gov Council Member Lane Speaks,CAD,2015-03-25T15:45:00Z,None,,,,false,false
,German GfK Consumer Climate,EUR,2015-03-26T03:00:00Z,None,9.8,9.7,10.0,false,false
,M3 Money Supply y/y,EUR,2015-03-26T05:00:00Z,None,4.3%,3.7%,4.0%,false,false
,Private Loans y/y,EUR,2015-03-26T05:00:00Z,None,0.1%,-0.2%,-0.1%,false,false
,Retail Sales m/m,GBP,2015-03-26T05:30:00Z,High,0.4%,0.1%,0.7%,false,false
,FPC Statement,GBP,2015-03-26T05:30:00Z,None,,,,false,false
,CBI Realized Sales,GBP,2015-03-26T07:00:00Z,None,16,1,18,false,false
,Unemployment Claims,USD,2015-03-26T08:30:00Z,High,291K,291K,282K,false,false
,FOMC Member Lockhart Speaks,USD,2015-03-26T09:00:00Z,None,,,,false,false
,BOC Gov Poloz Speaks,CAD,2015-03-26T09:30:00Z,High,,,,false,false
,Flash Services PMI,USD,2015-03-26T09:45:00Z,None,57.2,57.1,58.6,false,false
,Natural Gas Storage,USD,2015-03-26T10:30:00Z,None,10B,-45B,12B,false,false
,Gov Board Member Zurbrugg Speaks,CHF,2015-03-26T13:00:00Z,High,,,,false,false
,BOE Gov Carney Speaks,GBP,2015-03-26T13:30:00Z,None,,,,false,false
,Household Spending y/y,JPY,2015-03-26T19:30:00Z,None,-3.1%,-5.1%,-2.9%,false,false
,Tokyo Core CPI y/y,JPY,2015-03-26T19:30:00Z,None,2.2%,2.2%,2.2%,false,false
,National Core CPI y/y,JPY,2015-03-26T19:30:00Z,None,2.1%,2.2%,2.0%,false,false
,Unemployment Rate,JPY,2015-03-26T19:30:00Z,None,3.5%,3.6%,3.5%,false,false
,Retail Sales y/y,JPY,2015-03-26T19:50:00Z,None,-1.4%,-2.0%,-1.8%,false,false
,German Import Prices m/m,EUR,2015-03-27T03:00:00Z,None,0.5%,-0.8%,1.4%,false,false
,Nationwide HPI m/m,GBP,2015-03-27T03:00:00Z,None,0.2%,-0.1%,0.1%,false,false
,MPC Member Haldane Speaks,GBP,2015-03-27T04:00:00Z,None,,,,false,false
,BOE Gov Carney Speaks,GBP,2015-03-27T04:45:00Z,None,,,,false,false
,MPC Member Broadbent Speaks,GBP,2015-03-27T05:15:00Z,None,,,,false,false
,Italian Retail Sales m/m,EUR,2015-03-27T06:00:00Z,None,0.1%,-0.1%,0.1%,false,false
,FOMC Member Fischer Speaks,USD,2015-03-27T06:30:00Z,None,,,,false,false
,Final GDP q/q,USD,2015-03-27T08:30:00Z,High,2.4%,2.2%,2.2%,false,false
,Final GDP Price Index q/q,USD,2015-03-27T08:30:00Z,None,0.1%,0.1%,0.1%,false,false
,Revised UoM Consumer Sentiment,USD,2015-03-27T10:00:00Z,None,92.5,91.2,93.0,false,false
,Revised UoM Inflation Expectations,USD,2015-03-27T10:00:00Z,None,,3.0%,3.0%,false,false
,Fed Chair Yellen Speaks,USD,2015-03-27T15:45:00Z,High,,,,false,false
,Daylight Saving Time Shift,CHF,2015-03-28T21:00:00Z,None,,,,false,false
,Daylight Saving Time Shift,EUR,2015-03-28T21:00:00Z,None,,,,false,false
,Daylight Saving Time Shift,GBP,2015-03-28T21:00:00Z,None,,,,false,false
,Prelim Industrial Production m/m,JPY,2015-03-29T19:50:00Z,None,-1.8%,3.7%,-3.4%,false,false
,German Prelim CPI m/m,EUR,2015-03-30T00:00:00Z,None,0.4%,0.9%,0.5%,true,false
,KOF Economic Barometer,CHF,2015-03-30T03:00:00Z,None,89.3,90.3,90.8,false,false
,Spanish Flash CPI y/y,EUR,2015-03-30T03:00:00Z,None,-1.0%,-1.1%,-0.7%,false,false
,M4 Money Supply m/m,GBP,2015-03-30T04:30:00Z,None,-0.2%,-0.7%,-0.2%,false,false
,Mortgage Approvals,GBP,2015-03-30T04:30:00Z,None,62K,61K,62K,false,false
,Net Lending to Individuals m/m,GBP,2015-03-30T04:30:00Z,None,2.5B,2.4B,2.5B,false,false
,Italian 10-y Bond Auction,EUR,2015-03-30T05:21:00Z,None,,1.36|1.5,1.34|1.5,false,false
,Core PCE Price Index m/m,USD,2015-03-30T08:30:00Z,None,0.1%,0.1%,0.1%,false,false
,IPPI m/m,CAD,2015-03-30T08:30:00Z,None,0.6%,-0.3%,1.8%,false,false
,Personal Spending m/m,USD,2015-03-30T08:30:00Z,None,0.3%,-0.2%,0.1%,false,false
,Personal Income m/m,USD,2015-03-30T08:30:00Z,None,0.3%,0.4%,0.4%,false,false
,RMPI m/m,CAD,2015-03-30T08:30:00Z,None,5.1%,-7.8%,6.1%,false,false
,Pending Home Sales m/m,USD,2015-03-30T10:00:00Z,None,0.5%,1.2%,3.1%,false,false
,Building Consents m/m,NZD,2015-03-30T17:45:00Z,None,,-4.6%,-6.3%,false,false
,GfK Consumer Confidence,GBP,2015-03-30T18:58:00Z,None,1,1,4,false,false
,FOMC Member Fischer Speaks,USD,2015-03-30T19:15:00Z,None,,,,false,false
,ANZ Business Confidence,NZD,2015-03-30T20:00:00Z,High,,34.4,35.8,false,false
,HIA New Home Sales m/m,AUD,2015-03-30T20:00:00Z,None,,1.8%,1.1%,false,false
,Private Sector Credit m/m,AUD,2015-03-30T20:30:00Z,None,0.5%,0.6%,0.5%,false,false
,Housing Starts y/y,JPY,2015-03-31T01:00:00Z,None,-7.0%,-13.0%,-3.1%,false,false
,German Retail Sales m/m,EUR,2015-03-31T02:00:00Z,None,-0.9%,2.3%,-0.5%,false,false
,French Consumer Spending m/m,EUR,2015-03-31T02:45:00Z,None,0.3%,0.7%,0.1%,false,false
,German Unemployment Change,EUR,2015-03-31T03:55:00Z,None,-10K,-20K,-15K,false,false
,Italian Monthly Unemployment Rate,EUR,2015-03-31T04:00:00Z,None,12.5%,12.6%,12.7%,false,false
,Current Account,GBP,2015-03-31T04:30:00Z,High,-21.2B,-27.7B,-25.3B,false,false
,Final GDP q/q,GBP,2015-03-31T04:30:00Z,None,0.5%,0.5%,0.6%,false,false
,Index of Services 3m/3m,GBP,2015-03-31T04:30:00Z,None,0.7%,0.9%,0.8%,false,false
,Revised Business Investment q/q,GBP,2015-03-31T04:30:00Z,None,-1.4%,-1.4%,-0.9%,false,false
,Core CPI Flash Estimate y/y,EUR,2015-03-31T05:00:00Z,None,0.6%,0.7%,0.6%,false,false
,Unemployment Rate,EUR,2015-03-31T05:00:00Z,None,11.2%,11.4%,11.3%,false,false
,Italian Prelim CPI m/m,EUR,2015-03-31T05:00:00Z,None,0.2%,0.4%,0.1%,false,false
,CPI Flash Estimate y/y,EUR,2015-03-31T05:00:00Z,High,-0.3%,-0.3%,-0.1%,false,false
,FOMC Member Lacker Speaks,USD,2015-03-31T08:00:00Z,None,,,,false,false
,GDP m/m,CAD,2015-03-31T08:30:00Z,High,0.2%,0.3%,-0.1%,false,false
,FOMC Member Lockhart Speaks,USD,2015-03-31T08:50:00Z,None,,,,false,false
,S&P/CS Composite-20 HPI y/y,USD,2015-03-31T09:00:00Z,None,4.6%,4.4%,4.6%,false,false
,Chicago PMI,USD,2015-03-31T09:45:00Z,None,52.5,45.8,46.3,false,false
,CB Consumer Confidence,USD,2015-03-31T10:00:00Z,High,96.6,98.8,101.3,false,false
,AIG Manufacturing Index,AUD,2015-03-31T18:30:00Z,None,,45.4,46.3,false,false
,Tankan Manufacturing Index,JPY,2015-03-31T19:50:00Z,None,14,12,12,false,false
,Tankan Non-Manufacturing Index,JPY,2015-03-31T19:50:00Z,None,17,16,19,false,false
,Building Approvals m/m,AUD,2015-03-31T20:30:00Z,High,-3.8%,5.9%,-3.2%,false,false
,Manufacturing PMI,CNY,2015-03-31T21:00:00Z,High,49.7,49.9,50.1,false,false
,Non-Manufacturing PMI,CNY,2015-03-31T21:00:00Z,None,,53.9,53.7,false,false
,Final Manufacturing PMI,JPY,2015-03-31T21:35:00Z,None,50.4,50.4,50.3,false,false
,RatingDog Manufacturing PMI,CNY,2015-03-31T21:45:00Z,High,49.3,49.2,49.6,false,false
,Total Vehicle Sales,USD,2015-04-01T00:00:00Z,None,16.7M,16.2M,17.2M,true,false
,Commodity Prices y/y,AUD,2015-04-01T01:30:00Z,None,,-21.6%,-19.7%,false,false
,Spanish Manufacturing PMI,EUR,2015-04-01T03:15:00Z,None,54.0,54.2,54.3,false,false
,Manufacturing PMI,CHF,2015-04-01T03:30:00Z,None,47.2,47.3,47.9,false,false
,Italian Manufacturing PMI,EUR,2015-04-01T03:45:00Z,None,52.2,51.9,53.3,false,false
,French Final Manufacturing PMI,EUR,2015-04-01T03:50:00Z,None,48.2,48.2,48.8,false,false
,German Final Manufacturing PMI,EUR,2015-04-01T03:55:00Z,None,52.4,52.4,52.8,false,false
,Final Manufacturing PMI,EUR,2015-04-01T04:00:00Z,None,51.9,51.9,52.2,false,false
,Final Manufacturing PMI,GBP,2015-04-01T04:30:00Z,High,54.5,54.0,54.4,false,false
,ADP Non-Farm Employment Change,USD,2015-04-01T08:15:00Z,High,227K,214K,189K,false,false
,FOMC Member Williams Speaks,USD,2015-04-01T09:00:00Z,None,,,,false,false
,Manufacturing PMI,CAD,2015-04-01T09:30:00Z,None,,48.7,48.9,false,false
,Final Manufacturing PMI,USD,2015-04-01T09:45:00Z,None,55.3,55.3,55.7,false,false
,GDT Price Index,NZD,2015-04-01T09:58:00Z,High,,-8.8%,-10.8%,false,false
,ISM Manufacturing Prices,USD,2015-04-01T10:00:00Z,None,38.1,35.0,39.0,false,false
,Construction Spending m/m,USD,2015-04-01T10:00:00Z,None,-0.1%,-1.7%,-0.1%,false,false
,ISM Manufacturing PMI,USD,2015-04-01T10:00:00Z,High,52.5,52.9,51.5,false,false
,Crude Oil Inventories,USD,2015-04-01T10:30:00Z,None,4.2M,8.2M,4.8M,false,false
,FOMC Member Lockhart Speaks,USD,2015-04-01T10:30:00Z,None,,,,false,false
,MI Inflation Gauge m/m,AUD,2015-04-01T19:30:00Z,None,,0.0%,0.4%,false,false
,Monetary Base y/y,JPY,2015-04-01T19:50:00Z,None,35.3%,36.7%,35.2%,false,false
,ANZ Commodity Prices m/m,NZD,2015-04-01T20:00:00Z,None,,4.2%,4.6%,false,false
,Goods Trade Balance,AUD,2015-04-01T20:30:00Z,High,-1.28B,-1.00B,-1.26B,false,false
,10-y Bond Auction,JPY,2015-04-01T23:45:00Z,None,,0.40|2.8,0.37|2.7,false,false
,Bank Holiday,NZD,2015-04-02T00:00:00Z,None,,,,true,false
,Bank Holiday,AUD,2015-04-02T00:00:00Z,None,,,,true,false
,Construction PMI,GBP,2015-04-02T04:30:00Z,High,59.7,60.1,57.8,false,false
,French 10-y Bond Auction,EUR,2015-04-02T04:59:00Z,None,,0.67|1.5,0.46|1.7,false,false
,Challenger Job Cuts y/y,USD,2015-04-02T07:30:00Z,None,,20.9%,6.4%,false,false
,ECB Monetary Policy Meeting Accounts,EUR,2015-04-02T07:30:00Z,None,,,,false,false
,Trade Balance,CAD,2015-04-02T08:30:00Z,High,-2.0B,-1.5B,-1.0B,false,false
,Trade Balance,USD,2015-04-02T08:30:00Z,High,-41.3B,-42.7B,-35.4B,false,false
,Unemployment Claims,USD,2015-04-02T08:30:00Z,High,286K,288K,268K,false,false
,Fed Chair Yellen Speaks,USD,2015-04-02T08:40:00Z,None,,,,false,false
,Factory Orders m/m,USD,2015-04-02T10:00:00Z,None,-0.4%,-0.7%,0.2%,false,false
,Natural Gas Storage,USD,2015-04-02T10:30:00Z,None,-9B,12B,-18B,false,false
,President Obama Speaks,USD,2015-04-02T14:15:00Z,None,,,,false,false
,FOMC Member Brainard Speaks,USD,2015-04-02T15:45:00Z,None,,,,false,false
,RatingDog Services PMI,CNY,2015-04-02T21:45:00Z,None,,52.0,52.3,false,false
,German Bank Holiday,EUR,2015-04-03T00:00:00Z,None,,,,true,false
,Bank Holiday,CHF,2015-04-03T00:00:00Z,None,,,,true,false
,Bank Holiday,GBP,2015-04-03T00:00:00Z,None,,,,true,false
,Bank Holiday,CAD,2015-04-03T00:00:00Z,None,,,,true,false
,Average Cash Earnings y/y,JPY,2015-04-03T01:44:00Z,None,0.7%,0.6%,0.5%,false,false
,Non-Farm Employment Change,USD,2015-04-03T08:30:00Z,High,246K,264K,126K,false,false
,Unemployment Rate,USD,2015-04-03T08:30:00Z,High,5.5%,5.5%,5.5%,false,false
,Average Hourly Earnings m/m,USD,2015-04-03T08:30:00Z,None,0.2%,0.1%,0.3%,false,false
,Daylight Saving Time Shift,NZD,2015-04-04T10:00:00Z,None,,,,false,false
,Daylight Saving Time Shift,AUD,2015-04-04T12:00:00Z,None,,,,false,false
,Bank Holiday,CNY,2015-04-05T00:00:00Z,None,,,,true,false
,Bank Holiday,NZD,2015-04-05T00:00:00Z,None,,,,true,false
,Bank Holiday,AUD,2015-04-05T00:00:00Z,None,,,,true,false
,Bank Holiday,CHF,2015-04-06T00:00:00Z,None,,,,true,false
,Italian Bank Holiday,EUR,2015-04-06T00:00:00Z,None,,,,true,false
,French Bank Holiday,EUR,2015-04-06T00:00:00Z,None,,,,true,false
,German Bank Holiday,EUR,2015-04-06T00:00:00Z,None,,,,true,false
,Bank Holiday,GBP,2015-04-06T00:00:00Z,None,,,,true,false
,Leading Indicators,JPY,2015-04-06T01:00:00Z,None,105.2%,105.5%,105.3%,false,false
,Spanish Unemployment Change,EUR,2015-04-06T03:00:00Z,High,-18.3K,-13.5K,-60.2K,false,false
,FOMC Member Dudley Speaks,USD,2015-04-06T08:30:00Z,High,,,,false,false
,Final Services PMI,USD,2015-04-06T09:45:00Z,None,58.6,58.6,59.2,false,false
,Ivey PMI,CAD,2015-04-06T10:00:00Z,High,51.1,49.7,47.9,false,false
,ISM Services PMI,USD,2015-04-06T10:00:00Z,High,56.6,56.9,56.5,false,false
,Labor Market Conditions Index m/m,USD,2015-04-06T10:00:00Z,None,,2.0,-0.3,false,false
,BOC Business Outlook Survey,CAD,2015-04-06T10:30:00Z,None,,,,false,false
,AIG Services Index,AUD,2015-04-06T19:30:00Z,None,,51.7,50.2,false,false
,Retail Sales m/m,AUD,2015-04-06T21:30:00Z,High,0.4%,0.5%,0.7%,false,false
,ANZ Job Advertisements m/m,AUD,2015-04-06T21:30:00Z,None,,0.7%,-1.4%,false,false
,Cash Rate,AUD,2015-04-07T00:30:00Z,High,2.25%,2.25%,2.25%,false,false
,RBA Rate Statement,AUD,2015-04-07T00:30:00Z,High,,,,false,false
,Foreign Currency Reserves,CHF,2015-04-07T03:00:00Z,None,,509B,522B,false,false
,Spanish Services PMI,EUR,2015-04-07T03:15:00Z,None,56.5,56.2,57.3,false,false
,Italian Services PMI,EUR,2015-04-07T03:45:00Z,None,51.1,50.0,51.6,false,false
,French Final Services PMI,EUR,2015-04-07T03:50:00Z,None,52.8,52.8,52.4,false,false
,German Final Services PMI,EUR,2015-04-07T03:55:00Z,None,55.3,55.3,55.4,false,false
,Final Services PMI,EUR,2015-04-07T04:00:00Z,None,54.3,54.3,54.2,false,false
,Sentix Investor Confidence,EUR,2015-04-07T04:30:00Z,None,20.9,18.6,20.0,false,false
,Final Services PMI,GBP,2015-04-07T04:30:00Z,High,57.1,56.7,58.9,false,false
,FPC Meeting Minutes,GBP,2015-04-07T04:30:00Z,None,,,,false,false
,PPI m/m,EUR,2015-04-07T05:00:00Z,None,0.1%,-1.1%,0.5%,false,false
,JOLTS Job Openings,USD,2015-04-07T10:00:00Z,None,5.01M,4.97M,5.13M,false,false
,RCM/TIPP Economic Optimism,USD,2015-04-07T10:00:00Z,None,49.1,49.1,51.3,false,false
,Consumer Credit m/m,USD,2015-04-07T15:00:00Z,None,12.4B,10.8B,15.5B,false,false
,BRC Shop Price Index y/y,GBP,2015-04-07T19:01:00Z,None,,-1.7%,-2.1%,false,false
,Current Account,JPY,2015-04-07T19:50:00Z,None,0.61T,1.06T,0.60T,false,false
,Monetary Policy Statement,JPY,2015-04-07T23:36:00Z,High,,,,false,false
,Economy Watchers Sentiment,JPY,2015-04-08T01:00:00Z,None,50.6,50.1,52.2,false,false
,German Factory Orders m/m,EUR,2015-04-08T02:00:00Z,None,1.5%,-2.6%,-0.9%,false,false
,BOJ Press Conference,JPY,2015-04-08T02:32:00Z,High,,,,false,false
,French Trade Balance,EUR,2015-04-08T02:45:00Z,None,-3.8B,-3.7B,-3.4B,false,false
,CPI m/m,CHF,2015-04-08T03:15:00Z,None,0.1%,-0.3%,0.3%,false,false
,Retail PMI,EUR,2015-04-08T04:10:00Z,None,,46.4,48.6,false,false
,BOE Credit Conditions Survey,GBP,2015-04-08T04:30:00Z,None,,,,false,false
,Housing Equity Withdrawal q/q,GBP,2015-04-08T04:30:00Z,None,-10.2B,-12.2B,-13.0B,false,false
,Retail Sales m/m,EUR,2015-04-08T05:00:00Z,None,-0.1%,0.9%,-0.2%,false,false
,FOMC Member Dudley Speaks,USD,2015-04-08T09:30:00Z,None,,,,false,false
,Crude Oil Inventories,USD,2015-04-08T10:30:00Z,None,3.3M,4.8M,10.9M,false,false
,10-y Bond Auction,USD,2015-04-08T13:01:00Z,None,,2.14|2.6,1.93|2.6,false,false
,FOMC Meeting Minutes,USD,2015-04-08T14:00:00Z,High,,,,false,false
,AIG Construction Index,AUD,2015-04-08T19:30:00Z,None,,43.9,50.1,false,false
,30-y Bond Auction,JPY,2015-04-08T23:45:00Z,None,,1.51|3.8,1.38|2.9,false,false
,BOJ Monthly Report,JPY,2015-04-09T01:00:00Z,None,,,,false,false
,Prelim Machine Tool Orders y/y,JPY,2015-04-09T01:58:00Z,None,,28.9%,14.6%,false,false
,German Industrial Production m/m,EUR,2015-04-09T02:00:00Z,None,0.1%,-0.4%,0.2%,false,false
,German Trade Balance,EUR,2015-04-09T02:00:00Z,None,20.3B,19.6B,19.7B,false,false
,Lloyds HPI m/m,GBP,2015-04-09T02:59:00Z,None,0.1%,-0.4%,0.4%,false,false
,Goods Trade Balance,GBP,2015-04-09T04:30:00Z,None,-8.9B,-9.2B,-10.3B,false,false
,Spanish 10-y Bond Auction,EUR,2015-04-09T04:45:00Z,None,,1.02|1.7,1.23|1.9,false,false
,Official Bank Rate,GBP,2015-04-09T07:00:00Z,High,0.50%,0.50%,0.50%,false,false
,Asset Purchase Facility,GBP,2015-04-09T07:00:00Z,None,375B,375B,375B,false,false
,Building Permits m/m,CAD,2015-04-09T08:30:00Z,High,3.4%,-12.3%,-0.9%,false,false
,NHPI m/m,CAD,2015-04-09T08:30:00Z,None,0.1%,-0.1%,0.2%,false,false
,Unemployment Claims,USD,2015-04-09T08:30:00Z,High,283K,267K,281K,false,false
,Final Wholesale Inventories m/m,USD,2015-04-09T10:00:00Z,None,0.2%,0.4%,0.3%,false,false
,Natural Gas Storage,USD,2015-04-09T10:30:00Z,None,10B,-18B,15B,false,false
,30-y Bond Auction,USD,2015-04-09T13:01:00Z,None,,2.68|2.2,2.60|2.2,false,false
,Treasury Currency Report,USD,2015-04-09T16:30:00Z,None,,,,false,false
,Bank Lending y/y,JPY,2015-04-09T19:50:00Z,None,,2.5%,2.6%,false,false
,PPI y/y,CNY,2015-04-09T21:30:00Z,None,-4.8%,-4.8%,-4.6%,false,false
,CPI y/y,CNY,2015-04-09T21:30:00Z,High,1.3%,1.4%,1.4%,false,false
,Home Loans m/m,AUD,2015-04-09T21:30:00Z,None,3.0%,-1.7%,1.2%,false,false
,Unemployment Rate,CHF,2015-04-10T01:45:00Z,None,3.2%,3.2%,3.2%,false,false
,French Gov Budget Balance,EUR,2015-04-10T02:45:00Z,None,,-9.4B,-23.4B,false,false
,French Industrial Production m/m,EUR,2015-04-10T02:45:00Z,None,-0.1%,0.3%,0.0%,false,false
,Manufacturing Production m/m,GBP,2015-04-10T04:30:00Z,High,0.4%,-0.6%,0.4%,false,false
,Construction Output m/m,GBP,2015-04-10T04:30:00Z,None,1.9%,-2.5%,-0.9%,false,false
,Industrial Production m/m,GBP,2015-04-10T04:30:00Z,None,0.3%,-0.1%,0.1%,false,false
,Housing Starts,CAD,2015-04-10T08:13:00Z,None,175K,151K,190K,false,false
,Employment Change,CAD,2015-04-10T08:30:00Z,High,-0.5K,-1.0K,28.7K,false,false
,Unemployment Rate,CAD,2015-04-10T08:30:00Z,High,6.9%,6.8%,6.8%,false,false
,FOMC Member Lacker Speaks,USD,2015-04-10T08:30:00Z,None,,,,false,false
,Import Prices m/m,USD,2015-04-10T08:30:00Z,None,-0.4%,0.2%,-0.3%,false,false
,NIESR GDP Estimate,GBP,2015-04-10T10:00:00Z,None,,0.6%,0.6%,false,false
,Monetary Policy Meeting Minutes,JPY,2015-04-12T19:50:00Z,None,,,,false,false
,Core Machinery Orders m/m,JPY,2015-04-12T19:50:00Z,None,-2.6%,-1.7%,-0.4%,false,false
,PPI y/y,JPY,2015-04-12T19:50:00Z,None,0.4%,0.4%,0.7%,false,false
,M2 Money Stock y/y,JPY,2015-04-12T19:50:00Z,None,3.6%,3.5%,3.6%,false,false
,Trade Balance,CNY,2015-04-12T22:00:00Z,High,250B,371B,18B,false,false
,USD-Denominated Trade Balance,CNY,2015-04-12T22:19:00Z,None,43.4B,60.6B,3.1B,false,false
,Italian Industrial Production m/m,EUR,2015-04-13T05:00:00Z,None,0.5%,-0.7%,0.6%,false,false
,Federal Budget Balance,USD,2015-04-13T14:00:00Z,None,-43.1B,-192.3B,-52.9B,false,false
,NZIER Business Confidence,NZD,2015-04-13T17:59:00Z,High,,23,23,false,false
,REINZ HPI m/m,NZD,2015-04-13T18:00:00Z,None,,0.8%,6.7%,false,false
,BRC Retail Sales Monitor y/y,GBP,2015-04-13T19:01:00Z,None,,0.2%,3.2%,false,false
,NAB Business Confidence,AUD,2015-04-13T21:30:00Z,None,,0,3,false,false
,German WPI m/m,EUR,2015-04-14T02:00:00Z,None,0.2%,0.5%,1.0%,false,false
,M2 Money Supply y/y,CNY,2015-04-14T04:03:00Z,None,12.3%,12.5%,11.6%,false,false
,New Loans,CNY,2015-04-14T04:03:00Z,None,1050B,1020B,1180B,false,false
,RPI y/y,GBP,2015-04-14T04:30:00Z,None,1.0%,1.0%,0.9%,false,false
,PPI Output m/m,GBP,2015-04-14T04:30:00Z,None,0.2%,0.2%,0.2%,false,false
,PPI Input m/m,GBP,2015-04-14T04:30:00Z,None,-0.5%,0.1%,0.3%,false,false
,CPI y/y,GBP,2015-04-14T04:30:00Z,High,0.0%,0.0%,0.0%,false,false
,Core CPI y/y,GBP,2015-04-14T04:30:00Z,None,1.2%,1.2%,1.0%,false,false
,ONS HPI y/y,GBP,2015-04-14T04:30:00Z,None,8.7%,8.4%,7.2%,false,false
,Industrial Production m/m,EUR,2015-04-14T05:00:00Z,None,0.3%,-0.3%,1.1%,false,false
,Core Retail Sales m/m,USD,2015-04-14T08:30:00Z,High,0.7%,0.0%,0.4%,false,false
,PPI m/m,USD,2015-04-14T08:30:00Z,High,0.3%,-0.5%,0.2%,false,false
,Retail Sales m/m,USD,2015-04-14T08:30:00Z,High,1.1%,-0.5%,0.9%,false,false
,Core PPI m/m,USD,2015-04-14T08:30:00Z,None,0.2%,-0.5%,0.2%,false,false
,NFIB Small Business Index,USD,2015-04-14T09:00:00Z,None,98.4,98.0,95.2,false,false
,Business Inventories m/m,USD,2015-04-14T10:00:00Z,None,0.2%,0.0%,0.3%,false,false
,FPI m/m,NZD,2015-04-14T18:45:00Z,None,,-0.7%,0.1%,false,false
,Westpac Consumer Sentiment,AUD,2015-04-14T20:30:00Z,None,,-1.2%,-3.2%,false,false
,NBS Press Conference,CNY,2015-04-14T22:00:00Z,None,,,,false,false
,Retail Sales y/y,CNY,2015-04-14T22:00:00Z,None,10.9%,10.7%,10.2%,false,false
,Fixed Asset Investment ytd/y,CNY,2015-04-14T22:00:00Z,None,13.8%,13.9%,13.5%,false,false
,Industrial Production y/y,CNY,2015-04-14T22:00:00Z,High,6.9%,6.8%,5.6%,false,false
,GDP q/y,CNY,2015-04-14T22:00:00Z,High,7.0%,7.3%,7.0%,false,false
,Trade Balance,EUR,2015-04-15T00:00:00Z,None,21.9B,22.7B,21.2B,false,false
,Revised Industrial Production m/m,JPY,2015-04-15T00:30:00Z,None,-3.3%,-3.4%,-3.1%,false,false
,German Final CPI m/m,EUR,2015-04-15T02:00:00Z,None,0.5%,0.5%,0.5%,false,false
,French Final CPI m/m,EUR,2015-04-15T02:45:00Z,None,0.7%,0.7%,0.7%,false,false
,Trade Balance,EUR,2015-04-15T05:00:00Z,None,21.2B,21.2B,22.0B,false,false
,German 10-y Bond Auction,EUR,2015-04-15T05:32:00Z,None,,0.25|2.4,0.13|1.5,false,false
,Main Refinancing Rate,EUR,2015-04-15T07:45:00Z,High,0.05%,0.05%,0.05%,false,false
,Manufacturing Sales m/m,CAD,2015-04-15T08:30:00Z,High,0.2%,-3.0%,-1.7%,false,false
,ECB Press Conference,EUR,2015-04-15T08:30:00Z,High,,,,false,false
,Empire State Manufacturing Index,USD,2015-04-15T08:30:00Z,None,7.2,6.9,-1.2,false,false
,Capacity Utilization Rate,USD,2015-04-15T09:15:00Z,None,78.7%,79.0%,78.4%,false,false
,Industrial Production m/m,USD,2015-04-15T09:15:00Z,None,-0.3%,0.1%,-0.6%,false,false
,CB Leading Index m/m,GBP,2015-04-15T09:30:00Z,None,,0.2%,0.6%,false,false
,GDT Price Index,NZD,2015-04-15T09:59:00Z,High,,-10.8%,-3.6%,false,false
,BOC Monetary Policy Report,CAD,2015-04-15T10:00:00Z,High,,,,false,false
,BOC Rate Statement,CAD,2015-04-15T10:00:00Z,High,,,,false,false
,Overnight Rate,CAD,2015-04-15T10:00:00Z,High,0.75%,0.75%,0.75%,false,false
,NAHB Housing Market Index,USD,2015-04-15T10:00:00Z,None,55,52,56,false,false
,Crude Oil Inventories,USD,2015-04-15T10:30:00Z,None,3.5M,10.9M,1.3M,false,false
,BOC Press Conference,CAD,2015-04-15T11:15:00Z,High,,,,false,false
,Beige Book,USD,2015-04-15T14:00:00Z,None,,,,false,false
,TIC Long-Term Purchases,USD,2015-04-15T16:00:00Z,None,40.0B,-27.4B,9.8B,false,false
,BusinessNZ Manufacturing Index,NZD,2015-04-15T18:30:00Z,None,,56.1,54.5,false,false
,RICS House Price Balance,GBP,2015-04-15T19:01:00Z,None,15%,15%,21%,false,false
,FOMC Member Lacker Speaks,USD,2015-04-15T19:30:00Z,None,,,,false,false
,MI Inflation Expectations,AUD,2015-04-15T21:00:00Z,None,,3.2%,3.4%,false,false
,Employment Change,AUD,2015-04-15T21:30:00Z,High,14.9K,42.0K,37.7K,false,false
,Unemployment Rate,AUD,2015-04-15T21:30:00Z,High,6.3%,6.2%,6.1%,false,false
,New Motor Vehicle Sales m/m,AUD,2015-04-15T21:30:00Z,None,,2.7%,0.5%,false,false
,Foreign Direct Investment ytd/y,CNY,2015-04-15T22:00:00Z,None,,17.0%,11.3%,false,false
,G20 Meetings,All,2015-04-16T00:00:00Z,None,,,,false,false
,PPI m/m,CHF,2015-04-16T03:15:00Z,None,0.1%,-1.4%,0.2%,false,false
,Italian Trade Balance,EUR,2015-04-16T04:02:00Z,None,1.21B,0.23B,3.54B,false,false
,Spanish 10-y Bond Auction,EUR,2015-04-16T04:44:00Z,None,,1.23|1.9,1.28|2.3,false,false
,Building Permits,USD,2015-04-16T08:30:00Z,High,1.08M,1.10M,1.04M,false,false
,Unemployment Claims,USD,2015-04-16T08:30:00Z,High,284K,282K,294K,false,false
,Housing Starts,USD,2015-04-16T08:30:00Z,None,1.05M,0.91M,0.93M,false,false
,Philly Fed Manufacturing Index,USD,2015-04-16T10:00:00Z,High,6.5,5.0,7.5,false,false
,Natural Gas Storage,USD,2015-04-16T10:30:00Z,None,52B,15B,63B,false,false
,FOMC Member Lockhart Speaks,USD,2015-04-16T13:00:00Z,None,,,,false,false
,FOMC Member Fischer Speaks,USD,2015-04-16T15:00:00Z,None,,,,false,false
,IMF Meetings,All,2015-04-17T00:00:00Z,None,,,,false,false
,G20 Meetings,All,2015-04-17T00:00:00Z,None,,,,false,false
,Consumer Confidence,JPY,2015-04-17T01:00:00Z,None,41.4,40.7,41.7,false,false
,Retail Sales y/y,CHF,2015-04-17T03:15:00Z,None,0.7%,-0.3%,-2.7%,false,false
,Current Account,EUR,2015-04-17T04:00:00Z,None,29.1B,30.4B,26.4B,false,false
,Unemployment Rate,GBP,2015-04-17T04:30:00Z,None,5.6%,5.7%,5.6%,false,false
,Claimant Count Change,GBP,2015-04-17T04:30:00Z,High,-29.1K,-29.1K,-20.7K,false,false
,Average Earnings Index 3m/y,GBP,2015-04-17T04:30:00Z,High,1.8%,1.9%,1.7%,false,false
,Final CPI y/y,EUR,2015-04-17T05:00:00Z,None,-0.1%,-0.1%,-0.1%,false,false
,Final Core CPI y/y,EUR,2015-04-17T05:00:00Z,None,0.6%,0.6%,0.6%,false,false
,Core CPI y/y,USD,2015-04-17T08:30:00Z,High,1.7%,1.7%,1.8%,false,false
,Core Retail Sales m/m,CAD,2015-04-17T08:30:00Z,High,0.7%,-1.5%,2.0%,false,false
,CPI m/m,CAD,2015-04-17T08:30:00Z,None,0.5%,0.9%,0.7%,false,false
,Foreign Securities Purchases,CAD,2015-04-17T08:30:00Z,None,6.00B,5.75B,9.27B,false,false
,Retail Sales m/m,CAD,2015-04-17T08:30:00Z,None,0.5%,-1.4%,1.7%,false,false
,Core CPI m/m,USD,2015-04-17T08:30:00Z,High,0.2%,0.2%,0.2%,false,false
,Core CPI m/m,CAD,2015-04-17T08:30:00Z,High,0.3%,0.6%,0.6%,false,false
,CPI m/m,USD,2015-04-17T08:30:00Z,High,0.2%,0.2%,0.2%,false,false
,CPI y/y,USD,2015-04-17T08:30:00Z,High,0.0%,-0.1%,-0.1%,false,false
,Prelim UoM Inflation Expectations,USD,2015-04-17T10:00:00Z,None,,3.0%,2.5%,false,false
,CB Leading Index m/m,USD,2015-04-17T10:00:00Z,None,0.3%,0.1%,0.2%,false,false
,Prelim UoM Consumer Sentiment,USD,2015-04-17T10:00:00Z,High,93.8,93.0,95.9,false,false
,IMF Meetings,All,2015-04-18T00:00:00Z,None,,,,false,false
,ECB President Draghi Speaks,EUR,2015-04-18T12:00:00Z,High,,,,false,false
,IMF Meetings,All,2015-04-19T00:00:00Z,None,,,,false,false
,BusinessNZ Services Index,NZD,2015-04-19T18:30:00Z,None,,56.4,57.6,false,false
,CPI q/q,NZD,2015-04-19T18:45:00Z,High,-0.2%,-0.2%,-0.3%,false,false
,Rightmove HPI m/m,GBP,2015-04-19T19:01:00Z,None,,1.0%,1.6%,false,false
,Tertiary Industry Activity m/m,JPY,2015-04-19T19:50:00Z,None,-0.6%,0.7%,0.3%,false,false
,German PPI m/m,EUR,2015-04-20T02:00:00Z,None,0.2%,0.1%,0.1%,false,false
,German Buba Monthly Report,EUR,2015-04-20T06:00:00Z,None,,,,false,false
,BOC Gov Poloz Speaks,CAD,2015-04-20T10:05:00Z,High,,,,false,false
,RBA Gov Stevens Speaks,AUD,2015-04-20T12:30:00Z,High,,,,false,false
,Monetary Policy Meeting Minutes,AUD,2015-04-20T21:30:00Z,High,,,,false,false
,German ZEW Economic Sentiment,EUR,2015-04-21T05:00:00Z,High,55.6,54.8,53.3,false,false
,ZEW Economic Sentiment,EUR,2015-04-21T05:00:00Z,None,63.7,62.4,64.8,false,false
,30-y Bond Auction,GBP,2015-04-21T05:35:00Z,None,,2.36|1.6,2.34|1.4,false,false
,Wholesale Sales m/m,CAD,2015-04-21T08:30:00Z,High,0.2%,-2.9%,-0.4%,false,false
,Annual Budget Release,CAD,2015-04-21T16:00:00Z,None,,,,false,false
,Trade Balance,JPY,2015-04-21T19:50:00Z,None,-0.41T,-0.57T,0.00T,false,false
,MI Leading Index m/m,AUD,2015-04-21T20:30:00Z,None,,0.1%,-0.3%,false,false
,CPI m/m,AUD,2015-04-21T21:30:00Z,High,0.1%,0.2%,0.2%,false,false
,Trimmed Mean CPI m/m,AUD,2015-04-21T21:30:00Z,None,0.6%,0.6%,0.6%,false,false
,CB Leading Index m/m,CNY,2015-04-21T22:00:00Z,None,,1.4%,0.2%,false,false
,MPC Official Bank Rate Votes,GBP,2015-04-22T04:30:00Z,High,0-0-9,0-0-9,0-0-9,false,false
,MPC Asset Purchase Facility Votes,GBP,2015-04-22T04:30:00Z,None,0-0-9,0-0-9,0-0-9,false,false
,UBS Economic Expectations,CHF,2015-04-22T05:00:00Z,None,,-37.9,-23.2,false,false
,Italian Retail Sales m/m,EUR,2015-04-22T05:00:00Z,None,0.1%,0.2%,-0.2%,false,false
,HPI m/m,USD,2015-04-22T09:00:00Z,None,0.7%,0.3%,0.7%,false,false
,Consumer Confidence,EUR,2015-04-22T09:54:00Z,None,-3,-4,-5,false,false
,Existing Home Sales,USD,2015-04-22T10:00:00Z,None,5.04M,4.89M,5.19M,false,false
,Crude Oil Inventories,USD,2015-04-22T10:30:00Z,None,2.7M,1.3M,5.3M,false,false
,Visitor Arrivals m/m,NZD,2015-04-22T18:45:00Z,None,,6.8%,-3.6%,false,false
,RBNZ Assist Gov McDermott Speaks,NZD,2015-04-22T20:30:00Z,None,,,,false,false
,NAB Quarterly Business Confidence,AUD,2015-04-22T21:30:00Z,None,,2,0,false,false
,Flash Manufacturing PMI,JPY,2015-04-22T21:35:00Z,None,50.8,50.3,49.7,false,false
,Caixin Flash Manufacturing PMI,CNY,2015-04-22T21:45:00Z,High,49.5,49.6,49.2,false,false
,Credit Card Spending y/y,NZD,2015-04-22T23:00:00Z,None,,5.8%,5.2%,false,false
,Trade Balance,CHF,2015-04-23T02:00:00Z,None,2.16B,2.32B,2.52B,false,false
,German GfK Consumer Climate,EUR,2015-04-23T02:00:00Z,None,10.0,10.0,10.1,false,false
,French Flash Manufacturing PMI,EUR,2015-04-23T03:00:00Z,High,49.4,48.8,48.4,false,false
,French Flash Services PMI,EUR,2015-04-23T03:00:00Z,None,52.5,52.4,50.8,false,false
,Spanish Unemployment Rate,EUR,2015-04-23T03:00:00Z,None,23.5%,23.7%,23.8%,false,false
,German Flash Manufacturing PMI,EUR,2015-04-23T03:30:00Z,High,53.1,52.8,51.9,false,false
,German Flash Services PMI,EUR,2015-04-23T03:30:00Z,None,55.6,55.4,54.4,false,false
,Flash Manufacturing PMI,EUR,2015-04-23T04:00:00Z,None,52.6,52.2,51.9,false,false
,Flash Services PMI,EUR,2015-04-23T04:00:00Z,None,54.5,54.2,53.7,false,false
,Retail Sales m/m,GBP,2015-04-23T04:30:00Z,High,0.4%,0.6%,-0.5%,false,false
,Public Sector Net Borrowing,GBP,2015-04-23T04:30:00Z,None,6.6B,4.8B,6.7B,false,false
,RBA Deputy Gov Debelle Speaks,AUD,2015-04-23T06:00:00Z,None,,,,false,false
,Unemployment Claims,USD,2015-04-23T08:30:00Z,High,288K,294K,295K,false,false
,Flash Manufacturing PMI,USD,2015-04-23T09:45:00Z,None,55.6,55.7,54.2,false,false
,New Home Sales,USD,2015-04-23T10:00:00Z,None,514K,543K,481K,false,false
,Natural Gas Storage,USD,2015-04-23T10:30:00Z,None,83B,63B,90B,false,false
,SPPI y/y,JPY,2015-04-23T19:50:00Z,None,3.3%,3.3%,3.2%,false,false
,Eurogroup Meetings,EUR,2015-04-24T00:00:00Z,High,,,,true,false
,All Industries Activity m/m,JPY,2015-04-24T00:34:00Z,None,-0.9%,0.5%,0.1%,false,false
,SNB Chairman Jordan Speaks,CHF,2015-04-24T04:00:00Z,High,,,,false,false
,German ifo Business Climate,EUR,2015-04-24T04:00:00Z,High,108.5,107.9,108.6,false,false
,Core Durable Goods Orders m/m,USD,2015-04-24T08:30:00Z,High,0.2%,-0.6%,-0.2%,false,false
,Durable Goods Orders m/m,USD,2015-04-24T08:30:00Z,None,0.7%,-1.1%,4.0%,false,false
,Belgian NBB Business Climate,EUR,2015-04-24T09:00:00Z,None,-5.8,-6.3,-6.2,false,false
,BOC Gov Poloz Speaks,CAD,2015-04-24T10:30:00Z,High,,,,false,false
,Bank Holiday,NZD,2015-04-26T00:00:00Z,None,,,,true,false
,German Import Prices m/m,EUR,2015-04-27T02:00:00Z,None,0.5%,1.4%,1.0%,false,false
,CBI Industrial Order Expectations,GBP,2015-04-27T06:00:00Z,None,4,0,1,false,false
,Flash Services PMI,USD,2015-04-27T09:45:00Z,None,59.1,59.2,57.8,false,false
,RBA Gov Stevens Speaks,AUD,2015-04-27T18:40:00Z,High,,,,false,false
,Retail Sales y/y,JPY,2015-04-27T19:50:00Z,None,-7.4%,-1.7%,-9.7%,false,false
,CB Leading Index m/m,AUD,2015-04-27T20:00:00Z,None,,0.4%,0.5%,false,false
,Bank Holiday,JPY,2015-04-28T00:00:00Z,None,,,,true,false
,Prelim GDP q/q,GBP,2015-04-28T04:30:00Z,High,0.5%,0.6%,0.3%,false,false
,High Street Lending,GBP,2015-04-28T04:30:00Z,None,37.9K,37.5K,38.8K,false,false
,Index of Services 3m/3m,GBP,2015-04-28T04:30:00Z,None,0.7%,0.8%,0.7%,false,false
,BOC Gov Poloz Speaks,CAD,2015-04-28T08:45:00Z,High,,,,false,false
,S&P/CS Composite-20 HPI y/y,USD,2015-04-28T09:00:00Z,None,4.7%,4.5%,5.0%,false,false
,Richmond Manufacturing Index,USD,2015-04-28T09:59:00Z,None,-2,-8,-3,false,false
,CB Consumer Confidence,USD,2015-04-28T10:00:00Z,High,102.6,101.4,95.2,false,false
,Trade Balance,NZD,2015-04-28T18:45:00Z,High,315M,83M,631M,false,false
,ANZ Business Confidence,NZD,2015-04-28T21:00:00Z,High,,35.8,30.2,false,false
,German Prelim CPI m/m,EUR,2015-04-29T00:00:00Z,None,-0.1%,0.5%,-0.1%,true,false
,Nationwide HPI m/m,GBP,2015-04-29T01:58:00Z,None,0.2%,0.1%,1.0%,false,false
,UBS Consumption Indicator,CHF,2015-04-29T02:00:00Z,None,,1.21,1.35,false,false
,M3 Money Supply y/y,EUR,2015-04-29T04:00:00Z,None,4.3%,4.0%,4.6%,false,false
,Private Loans y/y,EUR,2015-04-29T04:00:00Z,None,0.1%,-0.1%,0.1%,false,false
,Italian 10-y Bond Auction,EUR,2015-04-29T05:27:00Z,None,,1.34|1.5,1.40|1.6,false,false
,10-y Bond Auction,GBP,2015-04-29T05:38:00Z,None,,1.68|1.4,1.88|1.5,false,false
,CBI Realized Sales,GBP,2015-04-29T06:00:00Z,None,26,18,12,false,false
,RMPI m/m,CAD,2015-04-29T08:30:00Z,None,-1.8%,5.9%,-0.9%,false,false
,IPPI m/m,CAD,2015-04-29T08:30:00Z,None,-0.1%,1.9%,0.3%,false,false
,Advance GDP q/q,USD,2015-04-29T08:30:00Z,High,1.0%,2.2%,0.2%,false,false
,Advance GDP Price Index q/q,USD,2015-04-29T08:30:00Z,None,0.4%,0.1%,-0.1%,false,false
,Pending Home Sales m/m,USD,2015-04-29T10:00:00Z,None,1.1%,3.6%,1.1%,false,false
,Crude Oil Inventories,USD,2015-04-29T10:30:00Z,None,2.1M,5.3M,1.9M,false,false
,Federal Funds Rate,USD,2015-04-29T14:00:00Z,High,<0.25%,<0.25%,<0.25%,false,false
,FOMC Statement,USD,2015-04-29T14:00:00Z,High,,,,false,false
,Official Cash Rate,NZD,2015-04-29T17:00:00Z,High,3.50%,3.50%,3.50%,false,false
,RBNZ Rate Statement,NZD,2015-04-29T17:00:00Z,High,,,,false,false
,GfK Consumer Confidence,GBP,2015-04-29T18:35:00Z,None,5,4,4,false,false
,Building Consents m/m,NZD,2015-04-29T18:45:00Z,None,,-6.5%,11.0%,false,false
,Prelim Industrial Production m/m,JPY,2015-04-29T19:50:00Z,None,-3.4%,-3.1%,-0.3%,false,false
,Import Prices q/q,AUD,2015-04-29T21:30:00Z,None,1.1%,0.9%,-0.2%,false,false
,Private Sector Credit m/m,AUD,2015-04-29T21:30:00Z,None,0.5%,0.5%,0.5%,false,false
,Bank Holiday,CNY,2015-04-30T00:00:00Z,None,,,,true,false
,Monetary Policy Statement,JPY,2015-04-30T00:04:00Z,High,,,,false,false
,Housing Starts y/y,JPY,2015-04-30T01:00:00Z,None,-1.8%,-3.1%,0.7%,false,false
,German Retail Sales m/m,EUR,2015-04-30T02:00:00Z,None,0.5%,-0.1%,-2.3%,false,false
,BOJ Outlook Report,JPY,2015-04-30T02:00:00Z,None,,,,false,false
,BOJ Press Conference,JPY,2015-04-30T02:31:00Z,High,,,,false,false
,French Consumer Spending m/m,EUR,2015-04-30T02:45:00Z,None,-0.5%,0.2%,-0.6%,false,false
,KOF Economic Barometer,CHF,2015-04-30T03:00:00Z,None,91.6,90.9,89.5,false,false
,Spanish Flash CPI y/y,EUR,2015-04-30T03:00:00Z,None,-0.7%,-0.7%,-0.6%,false,false
,Spanish Flash GDP q/q,EUR,2015-04-30T03:00:00Z,None,0.8%,0.7%,0.9%,false,false
,German Unemployment Change,EUR,2015-04-30T03:55:00Z,None,-14K,-14K,-8K,false,false
,ECB Economic Bulletin,EUR,2015-04-30T04:00:00Z,None,,,,false,false
,Italian Monthly Unemployment Rate,EUR,2015-04-30T04:00:00Z,None,12.6%,12.7%,13.0%,false,false
,Core CPI Flash Estimate y/y,EUR,2015-04-30T05:00:00Z,None,0.6%,0.6%,0.6%,false,false
,CPI Flash Estimate y/y,EUR,2015-04-30T05:00:00Z,None,0.0%,-0.1%,0.0%,false,false
,Unemployment Rate,EUR,2015-04-30T05:00:00Z,None,11.2%,11.3%,11.3%,false,false
,Italian Prelim CPI m/m,EUR,2015-04-30T05:00:00Z,None,0.2%,0.1%,0.3%,false,false
,GDP m/m,CAD,2015-04-30T08:30:00Z,High,-0.1%,-0.2%,0.0%,false,false
,Unemployment Claims,USD,2015-04-30T08:30:00Z,High,290K,296K,262K,false,false
,Core PCE Price Index m/m,USD,2015-04-30T08:30:00Z,None,0.2%,0.1%,0.1%,false,false
,Employment Cost Index q/q,USD,2015-04-30T08:30:00Z,None,0.6%,0.6%,0.7%,false,false
,Personal Spending m/m,USD,2015-04-30T08:30:00Z,None,0.6%,0.2%,0.4%,false,false
,FOMC Member Tarullo Speaks,USD,2015-04-30T08:30:00Z,None,,,,false,false
,Personal Income m/m,USD,2015-04-30T08:30:00Z,None,0.2%,0.4%,0.0%,false,false
,Chicago PMI,USD,2015-04-30T09:45:00Z,None,50.1,46.3,52.3,false,false
,BOC Gov Poloz Speaks,CAD,2015-04-30T10:30:00Z,High,,,,false,false
,Natural Gas Storage,USD,2015-04-30T10:30:00Z,None,79B,90B,81B,false,false
,AIG Manufacturing Index,AUD,2015-04-30T19:30:00Z,None,,46.3,48.0,false,false
,Household Spending y/y,JPY,2015-04-30T19:30:00Z,None,-11.7%,-2.9%,-10.6%,false,false
,Tokyo Core CPI y/y,JPY,2015-04-30T19:30:00Z,None,0.5%,2.2%,0.4%,false,false
,National Core CPI y/y,JPY,2015-04-30T19:30:00Z,None,2.0%,2.0%,2.2%,false,false
,Unemployment Rate,JPY,2015-04-30T19:30:00Z,None,3.5%,3.5%,3.4%,false,false
,Manufacturing PMI,CNY,2015-04-30T21:00:00Z,High,50.0,50.1,50.1,false,false
,Non-Manufacturing PMI,CNY,2015-04-30T21:00:00Z,None,,53.7,53.4,false,false
,PPI q/q,AUD,2015-04-30T21:30:00Z,High,0.2%,0.1%,0.5%,false,false
,Average Cash Earnings y/y,JPY,2015-04-30T21:30:00Z,None,0.4%,0.1%,0.1%,false,false
,Final Manufacturing PMI,JPY,2015-04-30T21:35:00Z,None,49.8,49.7,49.9,false,false
,Bank Holiday,CHF,2015-05-01T00:00:00Z,None,,,,true,false
,Italian Bank Holiday,EUR,2015-05-01T00:00:00Z,None,,,,true,false
,French Bank Holiday,EUR,2015-05-01T00:00:00Z,None,,,,true,false
,German Bank Holiday,EUR,2015-05-01T00:00:00Z,None,,,,true,false
,Total Vehicle Sales,USD,2015-05-01T00:00:00Z,None,16.9M,17.2M,16.5M,true,false
,Commodity Prices y/y,AUD,2015-05-01T02:30:00Z,None,,-19.2%,-20.5%,false,false
,Final Manufacturing PMI,GBP,2015-05-01T04:30:00Z,High,54.6,54.0,51.9,false,false
,Net Lending to Individuals m/m,GBP,2015-05-01T04:30:00Z,None,2.6B,2.6B,3.1B,false,false
,M4 Money Supply m/m,GBP,2015-05-01T04:30:00Z,None,0.1%,-0.2%,0.3%,false,false
,Mortgage Approvals,GBP,2015-05-01T04:30:00Z,None,63K,62K,61K,false,false
,Manufacturing PMI,CAD,2015-05-01T09:30:00Z,None,,48.9,49.0,false,false
,Final Manufacturing PMI,USD,2015-05-01T09:45:00Z,None,54.2,54.2,54.1,false,false
,ISM Manufacturing PMI,USD,2015-05-01T10:00:00Z,High,52.1,51.5,51.5,false,false
,Revised UoM Consumer Sentiment,USD,2015-05-01T10:00:00Z,None,96.1,95.9,95.9,false,false
,Construction Spending m/m,USD,2015-05-01T10:00:00Z,None,0.5%,0.0%,-0.6%,false,false
,ISM Manufacturing Prices,USD,2015-05-01T10:00:00Z,None,42.3,39.0,40.5,false,false
,Revised UoM Inflation Expectations,USD,2015-05-01T10:00:00Z,None,,2.5%,2.6%,false,false
,Bank Holiday,JPY,2015-05-03T00:00:00Z,None,,,,true,false
,MI Inflation Gauge m/m,AUD,2015-05-03T20:30:00Z,None,,0.4%,0.3%,false,false
,ANZ Commodity Prices m/m,NZD,2015-05-03T21:00:00Z,None,,4.6%,-7.4%,false,false
,ANZ Job Advertisements m/m,AUD,2015-05-03T21:30:00Z,None,,-1.3%,2.3%,false,false
,Building Approvals m/m,AUD,2015-05-03T21:30:00Z,High,-1.7%,-1.6%,2.8%,false,false
,RatingDog Manufacturing PMI,CNY,2015-05-03T21:45:00Z,High,49.4,49.2,48.9,false,false
,Bank Holiday,JPY,2015-05-04T00:00:00Z,None,,,,true,false
,Bank Holiday,GBP,2015-05-04T00:00:00Z,None,,,,true,false
,Spanish Manufacturing PMI,EUR,2015-05-04T03:15:00Z,None,54.6,54.3,54.2,false,false
,Manufacturing PMI,CHF,2015-05-04T03:30:00Z,None,48.2,47.9,47.9,false,false
,Italian Manufacturing PMI,EUR,2015-05-04T03:45:00Z,None,53.4,53.3,53.8,false,false
,French Final Manufacturing PMI,EUR,2015-05-04T03:50:00Z,None,48.4,48.4,48.0,false,false
,German Final Manufacturing PMI,EUR,2015-05-04T03:55:00Z,None,51.9,51.9,52.1,false,false
,Final Manufacturing PMI,EUR,2015-05-04T04:00:00Z,None,51.9,51.9,52.0,false,false
,Sentix Investor Confidence,EUR,2015-05-04T04:30:00Z,None,19.5,20.0,19.6,false,false
,Factory Orders m/m,USD,2015-05-04T10:00:00Z,None,2.1%,-0.1%,2.1%,false,false
,FOMC Member Evans Speaks,USD,2015-05-04T12:25:00Z,None,,,,false,false
,Loan Officer Survey,USD,2015-05-04T14:00:00Z,None,,,,false,false
,AIG Services Index,AUD,2015-05-04T19:13:00Z,None,,50.2,49.7,false,false
,Goods Trade Balance,AUD,2015-05-04T21:30:00Z,High,-0.98B,-1.61B,-1.32B,false,false
,Bank Holiday,JPY,2015-05-05T00:00:00Z,None,,,,true,false
,Cash Rate,AUD,2015-05-05T00:30:00Z,High,2.00%,2.25%,2.00%,false,false
,RBA Rate Statement,AUD,2015-05-05T00:30:00Z,High,,,,false,false
,French Gov Budget Balance,EUR,2015-05-05T02:45:00Z,None,,-23.4B,-26.3B,false,false
,Spanish Unemployment Change,EUR,2015-05-05T03:00:00Z,High,-64.8K,-60.2K,-118.9K,false,false
,Construction PMI,GBP,2015-05-05T04:30:00Z,High,57.6,57.8,54.2,false,false
,EU Economic Forecasts,EUR,2015-05-05T05:00:00Z,None,,,,false,false
,PPI m/m,EUR,2015-05-05T05:00:00Z,None,0.3%,0.6%,0.2%,false,false
,Trade Balance,CAD,2015-05-05T08:30:00Z,High,-0.8B,-2.2B,-3.0B,false,false
,Trade Balance,USD,2015-05-05T08:30:00Z,High,-41.2B,-35.9B,-51.4B,false,false
,Final Services PMI,USD,2015-05-05T09:45:00Z,None,57.8,57.8,57.4,false,false
,RCM/TIPP Economic Optimism,USD,2015-05-05T10:00:00Z,None,50.6,51.3,49.7,false,false
,ISM Services PMI,USD,2015-05-05T10:00:00Z,High,56.2,56.5,57.8,false,false
,GDT Price Index,NZD,2015-05-05T10:20:00Z,High,,-3.6%,-3.5%,false,false
,Gov Council Member Wilkins Speaks,CAD,2015-05-05T12:45:00Z,None,,,,false,false
,Employment Change q/q,NZD,2015-05-05T18:45:00Z,High,0.8%,1.2%,0.7%,false,false
,Unemployment Rate,NZD,2015-05-05T18:45:00Z,High,5.5%,5.8%,5.8%,false,false
,Labor Cost Index q/q,NZD,2015-05-05T18:45:00Z,None,0.4%,0.5%,0.3%,false,false
,BRC Shop Price Index y/y,GBP,2015-05-05T19:00:00Z,None,,-2.1%,-1.9%,false,false
,HIA New Home Sales m/m,AUD,2015-05-05T21:00:00Z,None,,1.1%,4.4%,false,false
,Retail Sales m/m,AUD,2015-05-05T21:30:00Z,High,0.4%,0.7%,0.3%,false,false
,RatingDog Services PMI,CNY,2015-05-05T21:45:00Z,None,53.1,52.3,52.9,false,false
,Spanish Services PMI,EUR,2015-05-06T03:15:00Z,None,57.4,57.3,60.3,false,false
,Italian Services PMI,EUR,2015-05-06T03:45:00Z,None,52.1,51.6,53.1,false,false
,French Final Services PMI,EUR,2015-05-06T03:50:00Z,None,50.8,50.8,51.4,false,false
,German Final Services PMI,EUR,2015-05-06T03:55:00Z,None,54.4,54.4,54.0,false,false
,Final Services PMI,EUR,2015-05-06T04:00:00Z,None,53.7,53.7,54.1,false,false
,Final Services PMI,GBP,2015-05-06T04:30:00Z,High,58.6,58.9,59.5,false,false
,Retail Sales m/m,EUR,2015-05-06T05:00:00Z,None,-0.4%,0.1%,-0.8%,false,false
,ADP Non-Farm Employment Change,USD,2015-05-06T08:15:00Z,High,199K,175K,169K,false,false
,Prelim Nonfarm Productivity q/q,USD,2015-05-06T08:30:00Z,None,-1.8%,-2.2%,-1.9%,false,false
,Prelim Unit Labor Costs q/q,USD,2015-05-06T08:30:00Z,High,4.5%,4.1%,5.0%,false,false
,Fed Chair Yellen Speaks,USD,2015-05-06T09:15:00Z,High,,,,false,false
,Ivey PMI,CAD,2015-05-06T10:00:00Z,High,50.1,47.9,58.2,false,false
,Mortgage Delinquencies,USD,2015-05-06T10:00:00Z,None,,5.68%,5.54%,false,false
,Crude Oil Inventories,USD,2015-05-06T10:30:00Z,None,1.3M,1.9M,-3.9M,false,false
,FOMC Member Lockhart Speaks,USD,2015-05-06T13:30:00Z,None,,,,false,false
,AIG Construction Index,AUD,2015-05-06T19:30:00Z,None,,50.1,47.0,false,false
,Monetary Base y/y,JPY,2015-05-06T19:50:00Z,None,34.3%,35.2%,35.2%,false,false
,Employment Change,AUD,2015-05-06T21:30:00Z,High,4.5K,48.1K,-2.9K,false,false
,Unemployment Rate,AUD,2015-05-06T21:30:00Z,High,6.2%,6.1%,6.2%,false,false
,Parliamentary Elections,GBP,2015-05-07T00:00:00Z,High,,,,true,false
,SECO Consumer Climate,CHF,2015-05-07T01:45:00Z,None,-11,-6,-6,false,false
,German Factory Orders m/m,EUR,2015-05-07T02:00:00Z,None,1.6%,-0.9%,0.9%,false,false
,French Industrial Production m/m,EUR,2015-05-07T02:45:00Z,None,0.1%,0.5%,-0.3%,false,false
,French Trade Balance,EUR,2015-05-07T02:45:00Z,None,-3.5B,-3.6B,-4.6B,false,false
,Foreign Currency Reserves,CHF,2015-05-07T03:00:00Z,None,,522B,522B,false,false
,Retail PMI,EUR,2015-05-07T04:10:00Z,None,,48.6,49.5,false,false
,Spanish 10-y Bond Auction,EUR,2015-05-07T04:46:00Z,None,,1.28|2.3,1.88|3.0,false,false
,French 10-y Bond Auction,EUR,2015-05-07T04:58:00Z,None,,0.46|1.7,0.98|1.7,false,false
,Challenger Job Cuts y/y,USD,2015-05-07T07:30:00Z,None,,6.4%,52.8%,false,false
,Building Permits m/m,CAD,2015-05-07T08:30:00Z,High,2.1%,-0.3%,11.6%,false,false
,Unemployment Claims,USD,2015-05-07T08:30:00Z,High,277K,262K,265K,false,false
,Natural Gas Storage,USD,2015-05-07T10:30:00Z,None,75B,81B,76B,false,false
,Consumer Credit m/m,USD,2015-05-07T15:00:00Z,None,15.8B,14.8B,20.5B,false,false
,Monetary Policy Meeting Minutes,JPY,2015-05-07T19:50:00Z,None,,,,false,false
,RBA Monetary Policy Statement,AUD,2015-05-07T21:30:00Z,High,,,,false,false
,Trade Balance,CNY,2015-05-07T22:00:00Z,High,174B,18B,210B,false,false
,USD-Denominated Trade Balance,CNY,2015-05-07T22:10:00Z,None,34.5B,3.1B,34.1B,false,false
,French Bank Holiday,EUR,2015-05-08T00:00:00Z,None,,,,true,false
,Unemployment Rate,CHF,2015-05-08T01:45:00Z,None,3.2%,3.2%,3.3%,false,false
,German Industrial Production m/m,EUR,2015-05-08T02:00:00Z,None,0.4%,0.0%,-0.5%,false,false
,German Trade Balance,EUR,2015-05-08T02:00:00Z,None,20.3B,20.0B,19.3B,false,false
,Lloyds HPI m/m,GBP,2015-05-08T03:00:00Z,None,0.3%,0.6%,1.6%,false,false
,CPI m/m,CHF,2015-05-08T03:15:00Z,None,0.1%,0.3%,-0.2%,false,false
,Italian Industrial Production m/m,EUR,2015-05-08T04:00:00Z,None,0.3%,0.7%,0.4%,false,false
,Goods Trade Balance,GBP,2015-05-08T04:30:00Z,None,-9.8B,-10.8B,-10.1B,false,false
,Housing Starts,CAD,2015-05-08T08:15:00Z,None,187K,190K,182K,false,false
,Employment Change,CAD,2015-05-08T08:30:00Z,High,-4.5K,28.7K,-19.7K,false,false
,Unemployment Rate,CAD,2015-05-08T08:30:00Z,High,6.9%,6.8%,6.8%,false,false
,Non-Farm Employment Change,USD,2015-05-08T08:30:00Z,High,228K,85K,223K,false,false
,Unemployment Rate,USD,2015-05-08T08:30:00Z,High,5.4%,5.5%,5.4%,false,false
,Average Hourly Earnings m/m,USD,2015-05-08T08:30:00Z,None,0.2%,0.2%,0.1%,false,false
,FOMC Member Dudley Speaks,USD,2015-05-08T09:45:00Z,None,,,,false,false
,Final Wholesale Inventories m/m,USD,2015-05-08T10:00:00Z,None,0.3%,0.2%,0.1%,false,false
,CPI y/y,CNY,2015-05-08T21:30:00Z,High,1.6%,1.4%,1.5%,false,false
,PPI y/y,CNY,2015-05-08T21:30:00Z,None,-4.6%,-4.6%,-4.6%,false,false
,NAB Business Confidence,AUD,2015-05-10T21:30:00Z,High,,3,3,false,false
,Eurogroup Meetings,EUR,2015-05-11T00:00:00Z,High,,,,true,false
,Asset Purchase Facility,GBP,2015-05-11T07:00:00Z,None,375B,375B,375B,false,false
,Official Bank Rate,GBP,2015-05-11T07:00:00Z,High,0.50%,0.50%,0.50%,false,false
,Labor Market Conditions Index m/m,USD,2015-05-11T10:00:00Z,None,,-1.8,-1.9,false,false
,BRC Retail Sales Monitor y/y,GBP,2015-05-11T19:01:00Z,None,,3.2%,-2.4%,false,false
,Home Loans m/m,AUD,2015-05-11T21:30:00Z,None,1.1%,1.1%,1.6%,false,false
,REINZ HPI m/m,NZD,2015-05-11T22:14:00Z,None,,6.7%,0.5%,false,false
,10-y Bond Auction,JPY,2015-05-11T23:45:00Z,None,,0.37|2.7,0.43|2.2,false,false
,ECOFIN Meetings,EUR,2015-05-12T00:00:00Z,None,,,,true,false
,Leading Indicators,JPY,2015-05-12T01:00:00Z,None,105.5%,104.8%,105.5%,false,false
,Manufacturing Production m/m,GBP,2015-05-12T04:30:00Z,High,0.3%,0.5%,0.4%,false,false
,Industrial Production m/m,GBP,2015-05-12T04:30:00Z,None,0.0%,0.1%,0.5%,false,false
,Annual Budget Release,AUD,2015-05-12T05:30:00Z,High,,,,false,false
,NFIB Small Business Index,USD,2015-05-12T08:48:00Z,None,96.1,95.2,96.9,false,false
,NIESR GDP Estimate,GBP,2015-05-12T10:00:00Z,None,,0.3%,0.4%,false,false
,JOLTS Job Openings,USD,2015-05-12T10:02:00Z,None,5.16M,5.14M,4.99M,false,false
,FOMC Member Williams Speaks,USD,2015-05-12T12:45:00Z,None,,,,false,false
,Federal Budget Balance,USD,2015-05-12T13:58:00Z,None,151.3B,-52.9B,156.7B,false,false
,RBNZ Financial Stability Report,NZD,2015-05-12T17:00:00Z,High,,,,false,false
,RBNZ Gov Wheeler Speaks,NZD,2015-05-12T17:05:00Z,High,,,,false,false
,FPI m/m,NZD,2015-05-12T18:45:00Z,None,,0.1%,-0.3%,false,false
,Bank Lending y/y,JPY,2015-05-12T19:50:00Z,None,,2.6%,2.6%,false,false
,Current Account,JPY,2015-05-12T19:50:00Z,None,1.34T,0.61T,2.07T,false,false
,Wage Price Index q/q,AUD,2015-05-12T21:30:00Z,None,0.6%,0.6%,0.5%,false,false
,Economy Watchers Sentiment,JPY,2015-05-13T01:00:00Z,None,52.1,52.2,53.6,false,false
,French Prelim GDP q/q,EUR,2015-05-13T01:30:00Z,None,0.4%,0.0%,0.6%,false,false
,Industrial Production y/y,CNY,2015-05-13T01:30:00Z,High,6.1%,5.6%,5.9%,false,false
,Fixed Asset Investment ytd/y,CNY,2015-05-13T01:30:00Z,None,13.6%,13.5%,12.0%,false,false
,Retail Sales y/y,CNY,2015-05-13T01:30:00Z,None,10.4%,10.2%,10.0%,false,false
,German Prelim GDP q/q,EUR,2015-05-13T02:00:00Z,High,0.5%,0.7%,0.3%,false,false
,German Final CPI m/m,EUR,2015-05-13T02:00:00Z,None,-0.1%,-0.1%,0.0%,false,false
,German WPI m/m,EUR,2015-05-13T02:00:00Z,None,0.4%,1.0%,0.4%,false,false
,French Final CPI m/m,EUR,2015-05-13T02:45:00Z,None,0.2%,0.7%,0.1%,false,false
,French Prelim Private Payrolls q/q,EUR,2015-05-13T02:45:00Z,None,0.0%,0.0%,-0.1%,false,false
,Italian Prelim GDP q/q,EUR,2015-05-13T04:00:00Z,None,0.2%,0.0%,0.3%,false,false
,M2 Money Supply y/y,CNY,2015-05-13T04:03:00Z,None,11.9%,11.6%,10.1%,false,false
,New Loans,CNY,2015-05-13T04:03:00Z,None,1210B,1180B,708B,false,false
,Average Earnings Index 3m/y,GBP,2015-05-13T04:30:00Z,High,1.7%,1.7%,1.9%,false,false
,Claimant Count Change,GBP,2015-05-13T04:30:00Z,High,-20.5K,-16.7K,-12.6K,false,false
,Unemployment Rate,GBP,2015-05-13T04:30:00Z,None,5.5%,5.6%,5.5%,false,false
,Industrial Production m/m,EUR,2015-05-13T05:00:00Z,None,0.1%,1.0%,-0.3%,false,false
,Flash GDP q/q,EUR,2015-05-13T05:00:00Z,None,0.5%,0.3%,0.4%,false,false
,BOE Monetary Policy Report,GBP,2015-05-13T05:30:00Z,High,,,,false,false
,BOE Gov Carney Speaks,GBP,2015-05-13T05:30:00Z,High,,,,false,false
,BOE Inflation Letter,GBP,2015-05-13T05:30:00Z,None,,,,false,false
,German 10-y Bond Auction,EUR,2015-05-13T05:33:00Z,None,,0.13|1.5,0.65|1.3,false,false
,Import Prices m/m,USD,2015-05-13T08:30:00Z,None,0.3%,-0.2%,-0.3%,false,false
,Core Retail Sales m/m,USD,2015-05-13T08:30:00Z,High,0.4%,0.7%,0.1%,false,false
,Retail Sales m/m,USD,2015-05-13T08:30:00Z,High,0.3%,1.1%,0.0%,false,false
,Business Inventories m/m,USD,2015-05-13T10:00:00Z,None,0.2%,0.2%,0.1%,false,false
,Crude Oil Inventories,USD,2015-05-13T10:30:00Z,None,-0.1M,-3.9M,-2.2M,false,false
,10-y Bond Auction,USD,2015-05-13T13:01:00Z,None,,1.93|2.6,2.24|2.7,false,false
,BusinessNZ Manufacturing Index,NZD,2015-05-13T18:30:00Z,None,,54.6,51.8,false,false
,Retail Sales q/q,NZD,2015-05-13T18:45:00Z,High,1.6%,1.9%,2.7%,false,false
,Core Retail Sales q/q,NZD,2015-05-13T18:45:00Z,None,1.5%,1.9%,2.9%,false,false
,RICS House Price Balance,GBP,2015-05-13T19:01:00Z,None,22%,22%,33%,false,false
,M2 Money Stock y/y,JPY,2015-05-13T19:50:00Z,None,3.6%,3.6%,3.6%,false,false
,30-y Bond Auction,JPY,2015-05-13T23:45:00Z,None,,1.38|2.9,1.51|2.7,false,false
,German Bank Holiday,EUR,2015-05-14T00:00:00Z,None,,,,true,false
,Bank Holiday,CHF,2015-05-14T00:00:00Z,None,,,,true,false
,French Bank Holiday,EUR,2015-05-14T00:00:00Z,None,,,,true,false
,Prelim Machine Tool Orders y/y,JPY,2015-05-14T01:57:00Z,None,,14.9%,10.4%,false,false
,NHPI m/m,CAD,2015-05-14T08:30:00Z,None,0.2%,0.2%,0.0%,false,false
,PPI m/m,USD,2015-05-14T08:30:00Z,High,0.1%,0.2%,-0.4%,false,false
,Unemployment Claims,USD,2015-05-14T08:30:00Z,High,272K,265K,264K,false,false
,Core PPI m/m,USD,2015-05-14T08:30:00Z,None,0.1%,0.2%,-0.2%,false,false
,Natural Gas Storage,USD,2015-05-14T10:30:00Z,None,112B,76B,111B,false,false
,BOC Review,CAD,2015-05-14T10:30:00Z,None,,,,false,false
,ECB President Draghi Speaks,EUR,2015-05-14T11:00:00Z,High,,,,false,false
,30-y Bond Auction,USD,2015-05-14T13:01:00Z,None,,2.60|2.2,3.04|2.2,false,false
,Gov Council Member Patterson Speaks,CAD,2015-05-14T15:45:00Z,None,,,,false,false
,PPI y/y,JPY,2015-05-14T19:50:00Z,None,-2.1%,0.7%,-2.1%,false,false
,Foreign Direct Investment ytd/y,CNY,2015-05-14T22:00:00Z,None,,11.3%,11.1%,false,false
,BOJ Gov Kuroda Speaks,JPY,2015-05-14T23:40:00Z,High,,,,false,false
,Consumer Confidence,JPY,2015-05-15T01:00:00Z,None,41.9,41.7,41.5,false,false
,PPI m/m,CHF,2015-05-15T03:15:00Z,None,-0.1%,0.2%,-2.1%,false,false
,Construction Output m/m,GBP,2015-05-15T04:30:00Z,None,4.1%,-0.3%,3.9%,false,false
,Manufacturing Sales m/m,CAD,2015-05-15T08:30:00Z,High,1.2%,-2.2%,2.9%,false,false
,Foreign Securities Purchases,CAD,2015-05-15T08:30:00Z,None,7.23B,9.35B,22.47B,false,false
,Empire State Manufacturing Index,USD,2015-05-15T08:30:00Z,None,5.1,-1.2,3.1,false,false
,Capacity Utilization Rate,USD,2015-05-15T09:15:00Z,None,78.4%,78.6%,78.2%,false,false
,Industrial Production m/m,USD,2015-05-15T09:15:00Z,None,0.1%,-0.3%,-0.3%,false,false
,CB Leading Index m/m,GBP,2015-05-15T09:30:00Z,None,,0.6%,0.2%,false,false
,Prelim UoM Consumer Sentiment,USD,2015-05-15T10:00:00Z,High,95.8,95.9,88.6,false,false
,Prelim UoM Inflation Expectations,USD,2015-05-15T10:00:00Z,None,,2.6%,2.9%,false,false
,TIC Long-Term Purchases,USD,2015-05-15T16:00:00Z,None,21.3B,20.9B,17.6B,false,false
,BusinessNZ Services Index,NZD,2015-05-17T18:30:00Z,None,,58.0,56.5,false,false
,Rightmove HPI m/m,GBP,2015-05-17T19:01:00Z,None,,1.6%,-0.1%,false,false
,RBA Deputy Gov Lowe Speaks,AUD,2015-05-17T19:30:00Z,None,,,,false,false
,Core Machinery Orders m/m,JPY,2015-05-17T19:50:00Z,None,1.7%,-0.4%,2.9%,false,false
,New Motor Vehicle Sales m/m,AUD,2015-05-17T21:30:00Z,None,,0.7%,-1.5%,false,false
,Bank Holiday,CAD,2015-05-18T00:00:00Z,None,,,,true,false
,Revised Industrial Production m/m,JPY,2015-05-18T00:30:00Z,None,-0.3%,-0.3%,-0.8%,false,false
,Tertiary Industry Activity m/m,JPY,2015-05-18T00:34:00Z,None,-0.5%,0.4%,-1.0%,false,false
,FOMC Member Evans Speaks,USD,2015-05-18T02:00:00Z,None,,,,false,false
,Retail Sales y/y,CHF,2015-05-18T03:15:00Z,None,-2.0%,-3.1%,-2.8%,false,false
,Italian Trade Balance,EUR,2015-05-18T04:00:00Z,None,2.47B,3.54B,4.06B,false,false
,German Buba Monthly Report,EUR,2015-05-18T06:00:00Z,None,,,,false,false
,NAHB Housing Market Index,USD,2015-05-18T10:00:00Z,None,57,56,54,false,false
,PPI Output q/q,NZD,2015-05-18T18:45:00Z,None,0.1%,-0.1%,-0.9%,false,false
,PPI Input q/q,NZD,2015-05-18T18:45:00Z,None,-0.6%,-0.4%,-1.1%,false,false
,CB Leading Index m/m,AUD,2015-05-18T20:00:00Z,None,,0.5%,-0.1%,false,false
,Monetary Policy Meeting Minutes,AUD,2015-05-18T21:30:00Z,High,,,,false,false
,Inflation Expectations q/q,NZD,2015-05-18T23:00:00Z,High,,1.80%,1.85%,false,false
,Core CPI y/y,GBP,2015-05-19T04:30:00Z,None,1.0%,1.0%,0.8%,false,false
,CPI y/y,GBP,2015-05-19T04:30:00Z,High,0.0%,0.0%,-0.1%,false,false
,PPI Input m/m,GBP,2015-05-19T04:30:00Z,None,0.8%,0.4%,0.4%,false,false
,RPI y/y,GBP,2015-05-19T04:30:00Z,None,0.9%,0.9%,0.9%,false,false
,ONS HPI y/y,GBP,2015-05-19T04:30:00Z,None,7.7%,7.4%,9.6%,false,false
,PPI Output m/m,GBP,2015-05-19T04:30:00Z,None,0.2%,0.1%,0.1%,false,false
,German ZEW Economic Sentiment,EUR,2015-05-19T05:00:00Z,High,48.8,53.3,41.9,false,false
,Final CPI y/y,EUR,2015-05-19T05:00:00Z,None,0.0%,0.0%,0.0%,false,false
,ZEW Economic Sentiment,EUR,2015-05-19T05:00:00Z,None,62.4,64.8,61.2,false,false
,Final Core CPI y/y,EUR,2015-05-19T05:00:00Z,None,0.6%,0.6%,0.6%,false,false
,Trade Balance,EUR,2015-05-19T05:00:00Z,None,22.9B,22.6B,19.7B,false,false
,Housing Starts,USD,2015-05-19T08:30:00Z,None,1.02M,0.94M,1.14M,false,false
,Building Permits,USD,2015-05-19T08:30:00Z,High,1.06M,1.04M,1.14M,false,false
,GDT Price Index,NZD,2015-05-19T10:29:00Z,High,,-3.5%,-2.2%,false,false
,BOC Gov Poloz Speaks,CAD,2015-05-19T11:45:00Z,High,,,,false,false
,Gov Board Member Danthine Speaks,CHF,2015-05-19T12:00:00Z,None,,,,false,false
,RBA Deputy Gov Lowe Speaks,AUD,2015-05-19T19:15:00Z,None,,,,false,false
,Prelim GDP q/q,JPY,2015-05-19T19:50:00Z,High,0.4%,0.4%,0.6%,false,false
,Prelim GDP Price Index y/y,JPY,2015-05-19T19:50:00Z,None,3.6%,2.4%,3.4%,false,false
,Westpac Consumer Sentiment,AUD,2015-05-19T20:30:00Z,None,,-3.2%,6.4%,false,false
,German PPI m/m,EUR,2015-05-20T02:00:00Z,None,0.1%,0.1%,0.1%,false,false
,FOMC Member Evans Speaks,USD,2015-05-20T03:00:00Z,None,,,,false,false
,MPC Official Bank Rate Votes,GBP,2015-05-20T04:30:00Z,High,0-0-9,0-0-9,0-0-9,false,false
,MPC Asset Purchase Facility Votes,GBP,2015-05-20T04:30:00Z,None,0-0-9,0-0-9,0-0-9,false,false
,UBS Economic Expectations,CHF,2015-05-20T05:00:00Z,None,,-23.2,-0.1,false,false
,Wholesale Sales m/m,CAD,2015-05-20T08:30:00Z,High,0.9%,-0.6%,0.8%,false,false
,Crude Oil Inventories,USD,2015-05-20T10:30:00Z,None,-1.3M,-2.2M,-2.7M,false,false
,FOMC Meeting Minutes,USD,2015-05-20T14:00:00Z,High,,,,false,false
,Visitor Arrivals m/m,NZD,2015-05-20T18:45:00Z,None,,-4.0%,1.4%,false,false
,RBA Assist Gov Edey Speaks,AUD,2015-05-20T18:50:00Z,None,,,,false,false
,MI Inflation Expectations,AUD,2015-05-20T21:00:00Z,None,,3.4%,3.6%,false,false
,Flash Manufacturing PMI,JPY,2015-05-20T21:35:00Z,None,50.3,49.9,50.9,false,false
,Caixin Flash Manufacturing PMI,CNY,2015-05-20T21:45:00Z,High,49.4,48.9,49.1,false,false
,Annual Budget Release,NZD,2015-05-20T22:00:00Z,None,,,,false,false
,Credit Card Spending y/y,NZD,2015-05-20T23:00:00Z,None,,5.2%,7.1%,false,false
,All Industries Activity m/m,JPY,2015-05-21T00:30:00Z,None,-0.4%,0.2%,-1.3%,false,false
,French Flash Services PMI,EUR,2015-05-21T03:00:00Z,None,52.0,51.4,51.6,false,false
,French Flash Manufacturing PMI,EUR,2015-05-21T03:00:00Z,High,48.6,48.0,49.3,false,false
,German Flash Services PMI,EUR,2015-05-21T03:30:00Z,None,53.9,54.0,52.9,false,false
,German Flash Manufacturing PMI,EUR,2015-05-21T03:30:00Z,High,51.9,52.1,51.4,false,false
,Flash Manufacturing PMI,EUR,2015-05-21T04:00:00Z,None,51.8,52.0,52.3,false,false
,Flash Services PMI,EUR,2015-05-21T04:00:00Z,None,53.9,54.1,53.3,false,false
,Current Account,EUR,2015-05-21T04:00:00Z,None,26.1B,27.3B,18.6B,false,false
,Retail Sales m/m,GBP,2015-05-21T04:30:00Z,High,0.4%,-0.7%,1.2%,false,false
,CBI Industrial Order Expectations,GBP,2015-05-21T06:00:00Z,None,3,1,-5,false,false
,ECB Monetary Policy Meeting Accounts,EUR,2015-05-21T07:30:00Z,High,,,,false,false
,Unemployment Claims,USD,2015-05-21T08:30:00Z,High,271K,264K,274K,false,false
,Flash Manufacturing PMI,USD,2015-05-21T09:45:00Z,None,54.6,54.1,53.8,false,false
,CB Leading Index m/m,USD,2015-05-21T10:00:00Z,None,0.3%,0.4%,0.7%,false,false
,Consumer Confidence,EUR,2015-05-21T10:00:00Z,None,-5,-5,-6,false,false
,Existing Home Sales,USD,2015-05-21T10:00:00Z,High,5.23M,5.21M,5.04M,false,false
,Philly Fed Manufacturing Index,USD,2015-05-21T10:00:00Z,High,8.1,7.5,6.7,false,false
,Natural Gas Storage,USD,2015-05-21T10:30:00Z,None,100B,111B,92B,false,false
,ECB President Draghi Speaks,EUR,2015-05-21T13:30:00Z,None,,,,false,false
,FOMC Member Fischer Speaks,USD,2015-05-21T13:30:00Z,None,,,,false,false
,FOMC Member Williams Speaks,USD,2015-05-21T19:00:00Z,None,,,,false,false
,CB Leading Index m/m,CNY,2015-05-21T22:00:00Z,None,,0.5%,1.1%,false,false
,Monetary Policy Statement,JPY,2015-05-21T22:49:00Z,High,,,,false,false
,German Final GDP q/q,EUR,2015-05-22T02:00:00Z,None,0.3%,0.3%,0.3%,false,false
,BOJ Press Conference,JPY,2015-05-22T02:30:00Z,High,,,,false,false
,ECB President Draghi Speaks,EUR,2015-05-22T04:00:00Z,High,,,,false,false
,German ifo Business Climate,EUR,2015-05-22T04:00:00Z,High,108.3,108.6,108.5,false,false
,Public Sector Net Borrowing,GBP,2015-05-22T04:30:00Z,None,7.8B,6.1B,6.0B,false,false
,Italian Retail Sales m/m,EUR,2015-05-22T05:00:00Z,None,0.2%,-0.1%,-0.1%,false,false
,MPC Member Shafik Speaks,GBP,2015-05-22T05:45:00Z,None,,,,false,false
,BOE Gov Carney Speaks,GBP,2015-05-22T07:00:00Z,High,,,,false,false
,CPI y/y,USD,2015-05-22T08:30:00Z,High,-0.2%,-0.1%,-0.2%,false,false
,Core Retail Sales m/m,CAD,2015-05-22T08:30:00Z,High,0.7%,1.8%,0.5%,false,false
,CPI m/m,CAD,2015-05-22T08:30:00Z,None,0.1%,0.7%,-0.1%,false,false
,Retail Sales m/m,CAD,2015-05-22T08:30:00Z,None,0.5%,1.5%,0.7%,false,false
,Core CPI m/m,USD,2015-05-22T08:30:00Z,High,0.2%,0.2%,0.3%,false,false
,Core CPI y/y,USD,2015-05-22T08:30:00Z,High,1.7%,1.8%,1.8%,false,false
,CPI m/m,USD,2015-05-22T08:30:00Z,High,0.1%,0.2%,0.1%,false,false
,Core CPI m/m,CAD,2015-05-22T08:30:00Z,High,0.1%,0.6%,0.1%,false,false
,Fed Chair Yellen Speaks,USD,2015-05-22T13:00:00Z,High,,,,false,false
,BOJ Gov Kuroda Speaks,JPY,2015-05-23T09:30:00Z,High,,,,false,false
,ECB President Draghi Speaks,EUR,2015-05-23T09:30:00Z,High,,,,false,false
,FOMC Member Fischer Speaks,USD,2015-05-23T09:30:00Z,None,,,,false,false
,Trade Balance,JPY,2015-05-24T19:50:00Z,None,-0.38T,0.01T,-0.21T,false,false
,Bank Holiday,CHF,2015-05-25T00:00:00Z,None,,,,true,false
,German Bank Holiday,EUR,2015-05-25T00:00:00Z,None,,,,true,false
,French Bank Holiday,EUR,2015-05-25T00:00:00Z,None,,,,true,false
,Bank Holiday,GBP,2015-05-25T00:00:00Z,None,,,,true,false
,Bank Holiday,USD,2015-05-25T00:00:00Z,None,,,,true,false
,BOJ Monthly Report,JPY,2015-05-25T01:00:00Z,None,,,,false,false
,FOMC Member Fischer Speaks,USD,2015-05-25T11:00:00Z,None,,,,false,false
,Trade Balance,NZD,2015-05-25T18:45:00Z,High,105M,754M,123M,false,false
,SPPI y/y,JPY,2015-05-25T19:50:00Z,None,0.6%,3.1%,0.7%,false,false
,Employment Level,CHF,2015-05-26T03:15:00Z,None,4.21M,4.23M,4.23M,false,false
,CBI Realized Sales,GBP,2015-05-26T06:00:00Z,None,18,12,51,false,false
,Core Durable Goods Orders m/m,USD,2015-05-26T08:30:00Z,High,0.5%,0.3%,0.5%,false,false
,Durable Goods Orders m/m,USD,2015-05-26T08:30:00Z,None,-0.4%,4.7%,-0.5%,false,false
,HPI m/m,USD,2015-05-26T09:00:00Z,None,0.7%,0.6%,0.3%,false,false
,S&P/CS Composite-20 HPI y/y,USD,2015-05-26T09:00:00Z,None,4.6%,5.0%,5.0%,false,false
,Flash Services PMI,USD,2015-05-26T09:45:00Z,None,57.0,57.4,56.4,false,false
,Richmond Manufacturing Index,USD,2015-05-26T09:59:00Z,None,0,-3,1,false,false
,CB Consumer Confidence,USD,2015-05-26T10:00:00Z,High,95.2,94.3,95.4,false,false
,New Home Sales,USD,2015-05-26T10:00:00Z,None,501K,484K,517K,false,false
,FOMC Member Fischer Speaks,USD,2015-05-26T12:30:00Z,None,,,,false,false
,Monetary Policy Meeting Minutes,JPY,2015-05-26T19:50:00Z,None,,,,false,false
,FOMC Member Lacker Speaks,USD,2015-05-26T20:10:00Z,None,,,,false,false
,MI Leading Index m/m,AUD,2015-05-26T20:30:00Z,None,,-0.3%,0.1%,false,false
,RBA Deputy Gov Lowe Speaks,AUD,2015-05-26T20:45:00Z,None,,,,false,false
,Construction Work Done q/q,AUD,2015-05-26T21:30:00Z,None,-1.5%,-0.6%,-2.4%,false,false
,G7 Meetings,All,2015-05-27T00:00:00Z,High,,,,false,false
,UBS Consumption Indicator,CHF,2015-05-27T02:00:00Z,None,,1.34,1.25,false,false
,German GfK Consumer Climate,EUR,2015-05-27T02:00:00Z,None,10.0,10.1,10.2,false,false
,German 30-y Bond Auction,EUR,2015-05-27T05:33:00Z,None,,1.07|1.3,1.18|1.1,false,false
,Belgian NBB Business Climate,EUR,2015-05-27T09:00:00Z,None,-5.7,-6.2,-4.9,false,false
,BOC Rate Statement,CAD,2015-05-27T10:00:00Z,High,,,,false,false
,Overnight Rate,CAD,2015-05-27T10:00:00Z,High,0.75%,0.75%,0.75%,false,false
,Retail Sales y/y,JPY,2015-05-27T19:50:00Z,None,5.3%,-9.7%,5.0%,false,false
,Private Capital Expenditure q/q,AUD,2015-05-27T21:30:00Z,High,-2.3%,-1.7%,-4.4%,false,false
,G7 Meetings,All,2015-05-28T00:00:00Z,High,,,,false,false
,Trade Balance,CHF,2015-05-28T02:00:00Z,None,2.77B,2.50B,2.86B,false,false
,German Import Prices m/m,EUR,2015-05-28T02:00:00Z,None,0.5%,1.0%,0.6%,false,false
,FOMC Member Williams Speaks,USD,2015-05-28T02:20:00Z,None,,,,false,false
,ECB Financial Stability Review,EUR,2015-05-28T04:00:00Z,None,,,,false,false
,Second Estimate GDP q/q,GBP,2015-05-28T04:30:00Z,High,0.4%,0.3%,0.3%,false,false
,Prelim Business Investment q/q,GBP,2015-05-28T04:30:00Z,None,1.2%,-0.9%,1.7%,false,false
,High Street Lending,GBP,2015-05-28T04:30:00Z,None,39.2K,39.2K,42.1K,false,false
,Index of Services 3m/3m,GBP,2015-05-28T04:30:00Z,None,0.5%,0.7%,0.4%,false,false
,Italian 10-y Bond Auction,EUR,2015-05-28T05:20:00Z,None,,1.40|1.6,1.83|1.4,false,false
,Current Account,CAD,2015-05-28T08:30:00Z,None,-18.6B,-13.1B,-17.5B,false,false
,RMPI m/m,CAD,2015-05-28T08:30:00Z,None,1.7%,-1.5%,3.8%,false,false
,Corporate Profits q/q,CAD,2015-05-28T08:30:00Z,None,,-2.8%,-6.0%,false,false
,IPPI m/m,CAD,2015-05-28T08:30:00Z,None,-0.1%,0.2%,-0.9%,false,false
,Unemployment Claims,USD,2015-05-28T08:30:00Z,High,271K,275K,282K,false,false
,Pending Home Sales m/m,USD,2015-05-28T10:00:00Z,None,0.8%,1.2%,3.4%,false,false
,Natural Gas Storage,USD,2015-05-28T10:30:00Z,None,95B,92B,112B,false,false
,Crude Oil Inventories,USD,2015-05-28T11:00:00Z,None,-1.5M,-2.7M,-2.8M,false,false
,GfK Consumer Confidence,GBP,2015-05-28T18:08:00Z,None,4,4,1,false,false
,Building Consents m/m,NZD,2015-05-28T18:45:00Z,None,,10.3%,-1.7%,false,false
,Household Spending y/y,JPY,2015-05-28T19:30:00Z,None,3.1%,-10.6%,-1.3%,false,false
,Tokyo Core CPI y/y,JPY,2015-05-28T19:30:00Z,None,0.2%,0.4%,0.2%,false,false
,National Core CPI y/y,JPY,2015-05-28T19:30:00Z,None,0.2%,2.2%,0.3%,false,false
,Unemployment Rate,JPY,2015-05-28T19:30:00Z,None,3.4%,3.4%,3.3%,false,false
,Prelim Industrial Production m/m,JPY,2015-05-28T19:50:00Z,None,0.9%,-0.8%,1.0%,false,false
,HIA New Home Sales m/m,AUD,2015-05-28T21:00:00Z,None,,4.4%,0.6%,false,false
,ANZ Business Confidence,NZD,2015-05-28T21:00:00Z,High,,30.2,15.7,false,false
,Private Sector Credit m/m,AUD,2015-05-28T21:30:00Z,None,0.5%,0.5%,0.3%,false,false
,G7 Meetings,All,2015-05-29T00:00:00Z,High,,,,false,false
,Housing Starts y/y,JPY,2015-05-29T01:00:00Z,None,0.3%,0.7%,0.4%,false,false
,GDP q/q,CHF,2015-05-29T01:45:00Z,None,0.0%,0.5%,-0.2%,false,false
,German Retail Sales m/m,EUR,2015-05-29T02:00:00Z,None,1.1%,-1.4%,1.7%,false,false
,French Consumer Spending m/m,EUR,2015-05-29T02:45:00Z,None,0.4%,-0.7%,0.1%,false,false
,KOF Economic Barometer,CHF,2015-05-29T03:00:00Z,None,90.1,89.8,93.1,false,false
,Spanish Flash CPI y/y,EUR,2015-05-29T03:00:00Z,None,-0.5%,-0.6%,-0.2%,false,false
,M3 Money Supply y/y,EUR,2015-05-29T04:00:00Z,None,4.9%,4.6%,5.3%,false,false
,Private Loans y/y,EUR,2015-05-29T04:00:00Z,None,0.4%,0.1%,0.0%,false,false
,Italian Prelim CPI m/m,EUR,2015-05-29T05:00:00Z,None,0.1%,0.2%,0.2%,false,false
,GDP m/m,CAD,2015-05-29T08:30:00Z,High,0.2%,-0.1%,-0.2%,false,false
,Prelim GDP q/q,USD,2015-05-29T08:30:00Z,High,-0.8%,0.2%,-0.7%,false,false
,Prelim GDP Price Index q/q,USD,2015-05-29T08:30:00Z,None,-0.1%,-0.1%,-0.1%,false,false
,Chicago PMI,USD,2015-05-29T09:45:00Z,None,53.1,52.3,46.2,false,false
,Revised UoM Consumer Sentiment,USD,2015-05-29T10:00:00Z,None,90.0,88.6,90.7,false,false
,Revised UoM Inflation Expectations,USD,2015-05-29T10:00:00Z,None,,2.9%,2.8%,false,false
,Gov Council Member Schembri Speaks,CAD,2015-05-30T14:00:00Z,None,,,,false,false
,Bank Holiday,NZD,2015-05-31T00:00:00Z,None,,,,true,false
,AIG Manufacturing Index,AUD,2015-05-31T19:12:00Z,None,,48.0,52.3,false,false
,Capital Spending q/y,JPY,2015-05-31T19:50:00Z,None,-0.1%,2.8%,7.3%,false,false
,MI Inflation Gauge m/m,AUD,2015-05-31T20:24:00Z,None,,0.3%,0.3%,false,false
,Manufacturing PMI,CNY,2015-05-31T20:58:00Z,High,50.2,50.1,50.2,false,false
,Non-Manufacturing PMI,CNY,2015-05-31T21:00:00Z,None,,53.4,53.2,false,false
,Building Approvals m/m,AUD,2015-05-31T21:30:00Z,High,-1.7%,2.9%,-4.4%,false,false
,Company Operating Profits q/q,AUD,2015-05-31T21:30:00Z,None,0.1%,-0.4%,0.2%,false,false
,Final Manufacturing PMI,JPY,2015-05-31T21:35:00Z,None,50.9,50.9,50.9,false,false
,RatingDog Manufacturing PMI,CNY,2015-05-31T21:45:00Z,High,49.2,49.1,49.2,false,false
,German Prelim CPI m/m,EUR,2015-06-01T00:00:00Z,None,0.0%,0.0%,0.1%,true,false
,Commodity Prices y/y,AUD,2015-06-01T02:30:00Z,None,,-20.7%,-19.5%,false,false
,Spanish Manufacturing PMI,EUR,2015-06-01T03:15:00Z,None,54.4,54.2,55.8,false,false
,Manufacturing PMI,CHF,2015-06-01T03:30:00Z,None,47.2,47.9,49.4,false,false
,Italian Manufacturing PMI,EUR,2015-06-01T03:45:00Z,None,53.1,53.8,54.8,false,false
,French Final Manufacturing PMI,EUR,2015-06-01T03:50:00Z,None,49.3,49.3,49.4,false,false
,German Final Manufacturing PMI,EUR,2015-06-01T03:55:00Z,None,51.4,51.4,51.1,false,false
,Final Manufacturing PMI,EUR,2015-06-01T04:00:00Z,None,52.3,52.3,52.2,false,false
,Final Manufacturing PMI,GBP,2015-06-01T04:30:00Z,High,52.7,51.8,52.0,false,false
,Core PCE Price Index m/m,USD,2015-06-01T08:30:00Z,None,0.2%,0.1%,0.1%,false,false
,Personal Spending m/m,USD,2015-06-01T08:30:00Z,None,0.2%,0.5%,0.0%,false,false
,Personal Income m/m,USD,2015-06-01T08:30:00Z,None,0.3%,0.0%,0.4%,false,false
,FOMC Member Fischer Speaks,USD,2015-06-01T09:30:00Z,None,,,,false,false
,Manufacturing PMI,CAD,2015-06-01T09:30:00Z,None,,49.0,49.8,false,false
,Final Manufacturing PMI,USD,2015-06-01T09:45:00Z,None,54.2,53.8,54.0,false,false
,ISM Manufacturing PMI,USD,2015-06-01T10:00:00Z,High,51.9,51.5,52.8,false,false
,Construction Spending m/m,USD,2015-06-01T10:00:00Z,None,0.7%,0.5%,2.2%,false,false
,ISM Manufacturing Prices,USD,2015-06-01T10:00:00Z,None,43.0,40.5,49.5,false,false
,Overseas Trade Index q/q,NZD,2015-06-01T18:45:00Z,None,1.6%,-2.3%,1.5%,false,false
,Monetary Base y/y,JPY,2015-06-01T19:50:00Z,None,34.3%,35.2%,35.6%,false,false
,Current Account,AUD,2015-06-01T21:30:00Z,None,-10.9B,-10.2B,-10.7B,false,false
,Average Cash Earnings y/y,JPY,2015-06-01T21:30:00Z,None,0.4%,0.0%,0.9%,false,false
,10-y Bond Auction,JPY,2015-06-01T23:45:00Z,None,,0.43|2.2,0.45|2.7,false,false
,Italian Bank Holiday,EUR,2015-06-02T00:00:00Z,None,,,,true,false
,Total Vehicle Sales,USD,2015-06-02T00:00:00Z,None,17.0M,16.5M,17.8M,true,false
,RBA Rate Statement,AUD,2015-06-02T00:30:00Z,High,,,,false,false
,Cash Rate,AUD,2015-06-02T00:30:00Z,High,2.00%,2.00%,2.00%,false,false
,Spanish Unemployment Change,EUR,2015-06-02T03:00:00Z,None,-115.4K,-118.9K,-118.0K,false,false
,German Unemployment Change,EUR,2015-06-02T03:55:00Z,None,-10K,-9K,-6K,false,false
,M4 Money Supply m/m,GBP,2015-06-02T04:30:00Z,None,0.4%,0.3%,0.4%,false,false
,Net Lending to Individuals m/m,GBP,2015-06-02T04:30:00Z,None,2.3B,3.3B,2.9B,false,false
,Mortgage Approvals,GBP,2015-06-02T04:30:00Z,None,64K,62K,68K,false,false
,Construction PMI,GBP,2015-06-02T04:30:00Z,High,55.1,54.2,55.9,false,false
,Core CPI Flash Estimate y/y,EUR,2015-06-02T05:00:00Z,None,0.7%,0.6%,0.9%,false,false
,CPI Flash Estimate y/y,EUR,2015-06-02T05:00:00Z,None,0.2%,0.0%,0.3%,false,false
,PPI m/m,EUR,2015-06-02T05:00:00Z,None,0.1%,0.2%,-0.1%,false,false
,10-y Bond Auction,GBP,2015-06-02T05:38:00Z,None,,1.88|1.5,2.02|1.2,false,false
,RCM/TIPP Economic Optimism,USD,2015-06-02T10:00:00Z,None,49.8,49.7,48.1,false,false
,FOMC Member Brainard Speaks,USD,2015-06-02T10:00:00Z,None,,,,false,false
,Factory Orders m/m,USD,2015-06-02T10:00:00Z,None,0.0%,2.2%,-0.4%,false,false
,GDT Price Index,NZD,2015-06-02T10:08:00Z,High,,-2.2%,-4.3%,false,false
,BRC Shop Price Index y/y,GBP,2015-06-02T19:01:00Z,None,,-1.9%,-1.9%,false,false
,AIG Services Index,AUD,2015-06-02T19:30:00Z,None,,49.7,49.6,false,false
,ANZ Commodity Prices m/m,NZD,2015-06-02T21:00:00Z,None,,-7.4%,-4.7%,false,false
,GDP q/q,AUD,2015-06-02T21:30:00Z,High,0.7%,0.5%,0.9%,false,false
,RatingDog Services PMI,CNY,2015-06-02T21:45:00Z,None,53.3,52.9,53.5,false,false
,Nationwide HPI m/m,GBP,2015-06-03T01:57:00Z,None,0.4%,1.0%,0.3%,false,false
,Spanish Services PMI,EUR,2015-06-03T03:15:00Z,None,59.5,60.3,58.4,false,false
,Italian Services PMI,EUR,2015-06-03T03:45:00Z,None,52.8,53.1,52.5,false,false
,French Final Services PMI,EUR,2015-06-03T03:50:00Z,None,51.6,51.6,52.8,false,false
,German Final Services PMI,EUR,2015-06-03T03:55:00Z,None,52.9,52.9,53.0,false,false
,Final Services PMI,EUR,2015-06-03T04:00:00Z,None,53.3,53.3,53.8,false,false
,Italian Monthly Unemployment Rate,EUR,2015-06-03T04:00:00Z,None,12.8%,12.6%,12.4%,false,false
,Italian Quarterly Unemployment Rate,EUR,2015-06-03T04:00:00Z,None,12.9%,12.7%,12.4%,false,false
,Final Services PMI,GBP,2015-06-03T04:30:00Z,High,59.2,59.5,56.5,false,false
,Retail Sales m/m,EUR,2015-06-03T05:00:00Z,None,0.7%,-0.6%,0.7%,false,false
,Unemployment Rate,EUR,2015-06-03T05:00:00Z,None,11.2%,11.2%,11.1%,false,false
,Main Refinancing Rate,EUR,2015-06-03T07:45:00Z,High,0.05%,0.05%,0.05%,false,false
,ADP Non-Farm Employment Change,USD,2015-06-03T08:15:00Z,High,198K,165K,201K,false,false
,Trade Balance,CAD,2015-06-03T08:30:00Z,High,-2.1B,-3.9B,-3.0B,false,false
,ECB Press Conference,EUR,2015-06-03T08:30:00Z,High,,,,false,false
,Trade Balance,USD,2015-06-03T08:30:00Z,High,-43.9B,-50.6B,-40.9B,false,false
,Final Services PMI,USD,2015-06-03T09:45:00Z,None,56.5,56.4,56.2,false,false
,ISM Services PMI,USD,2015-06-03T10:00:00Z,High,57.1,57.8,55.7,false,false
,Crude Oil Inventories,USD,2015-06-03T10:30:00Z,None,-1.9M,-2.8M,-1.9M,false,false
,Beige Book,USD,2015-06-03T14:00:00Z,None,,,,false,false
,FOMC Member Evans Speaks,USD,2015-06-03T14:15:00Z,None,,,,false,false
,Goods Trade Balance,AUD,2015-06-03T21:30:00Z,High,-2.17B,-1.23B,-3.89B,false,false
,Retail Sales m/m,AUD,2015-06-03T21:30:00Z,High,0.4%,0.2%,0.0%,false,false
,30-y Bond Auction,JPY,2015-06-03T23:45:00Z,None,,1.51|2.7,1.53|3.1,false,false
,Lloyds HPI m/m,GBP,2015-06-04T03:00:00Z,None,0.2%,1.6%,-0.1%,false,false
,Retail PMI,EUR,2015-06-04T04:10:00Z,None,,49.5,51.4,false,false
,French 10-y Bond Auction,EUR,2015-06-04T05:00:00Z,None,,0.98|1.7,1.28|1.8,false,false
,Official Bank Rate,GBP,2015-06-04T07:00:00Z,High,0.50%,0.50%,0.50%,false,false
,Asset Purchase Facility,GBP,2015-06-04T07:00:00Z,None,375B,375B,375B,false,false
,Challenger Job Cuts y/y,USD,2015-06-04T07:30:00Z,None,,52.8%,-22.5%,false,false
,Unemployment Claims,USD,2015-06-04T08:30:00Z,High,280K,284K,276K,false,false
,Revised Nonfarm Productivity q/q,USD,2015-06-04T08:30:00Z,None,-2.8%,-1.9%,-3.1%,false,false
,Revised Unit Labor Costs q/q,USD,2015-06-04T08:30:00Z,None,5.8%,5.0%,6.7%,false,false
,Ivey PMI,CAD,2015-06-04T10:00:00Z,High,55.1,58.2,62.3,false,false
,Natural Gas Storage,USD,2015-06-04T10:30:00Z,None,119B,112B,132B,false,false
,FOMC Member Tarullo Speaks,USD,2015-06-04T12:00:00Z,None,,,,false,false
,AIG Construction Index,AUD,2015-06-04T19:30:00Z,None,,47.0,47.8,false,false
,OPEC Meetings,All,2015-06-05T00:00:00Z,High,,,,true,false
,Leading Indicators,JPY,2015-06-05T01:00:00Z,None,107.3%,106.0%,107.2%,false,false
,German Factory Orders m/m,EUR,2015-06-05T02:00:00Z,None,0.6%,1.1%,1.4%,false,false
,French Trade Balance,EUR,2015-06-05T02:45:00Z,None,-4.0B,-4.4B,-3.0B,false,false
,Foreign Currency Reserves,CHF,2015-06-05T03:00:00Z,None,,522B,518B,false,false
,Consumer Inflation Expectations,GBP,2015-06-05T04:30:00Z,None,,1.9%,2.2%,false,false
,Employment Change,CAD,2015-06-05T08:30:00Z,High,10.2K,-19.7K,58.9K,false,false
,Unemployment Rate,CAD,2015-06-05T08:30:00Z,High,6.8%,6.8%,6.8%,false,false
,Labor Productivity q/q,CAD,2015-06-05T08:30:00Z,None,0.2%,0.3%,-0.1%,false,false
,Non-Farm Employment Change,USD,2015-06-05T08:30:00Z,High,222K,221K,280K,false,false
,Unemployment Rate,USD,2015-06-05T08:30:00Z,High,5.4%,5.4%,5.5%,false,false
,Average Hourly Earnings m/m,USD,2015-06-05T08:30:00Z,None,0.2%,0.1%,0.3%,false,false
,FOMC Member Dudley Speaks,USD,2015-06-05T12:30:00Z,High,,,,false,false
,Consumer Credit m/m,USD,2015-06-05T15:00:00Z,None,16.5B,21.3B,20.5B,false,false
,G7 Meetings,All,2015-06-07T00:00:00Z,High,,,,false,false
,Bank Holiday,AUD,2015-06-07T00:00:00Z,None,,,,true,false
,Current Account,JPY,2015-06-07T19:50:00Z,None,1.45T,2.07T,1.27T,false,false
,Final GDP q/q,JPY,2015-06-07T19:50:00Z,None,0.7%,0.6%,1.0%,false,false
,Bank Lending y/y,JPY,2015-06-07T19:50:00Z,None,,2.6%,2.6%,false,false
,Final GDP Price Index y/y,JPY,2015-06-07T19:50:00Z,None,3.4%,3.4%,3.4%,false,false
,Trade Balance,CNY,2015-06-07T22:19:00Z,High,245B,210B,367B,false,false
,USD-Denominated Trade Balance,CNY,2015-06-07T22:25:00Z,None,44.9B,34.1B,59.5B,false,false
,G7 Meetings,All,2015-06-08T00:00:00Z,High,,,,false,false
,Economy Watchers Sentiment,JPY,2015-06-08T01:00:00Z,None,54.2,53.6,53.3,false,false
,German Industrial Production m/m,EUR,2015-06-08T02:00:00Z,None,0.6%,-0.4%,0.9%,false,false
,German Trade Balance,EUR,2015-06-08T02:00:00Z,None,18.1B,19.4B,22.3B,false,false
,Sentix Investor Confidence,EUR,2015-06-08T04:30:00Z,None,18.9,19.6,17.1,false,false
,Housing Starts,CAD,2015-06-08T08:13:00Z,None,187K,183K,202K,false,false
,Building Permits m/m,CAD,2015-06-08T08:30:00Z,High,3.4%,13.6%,11.6%,false,false
,Labor Market Conditions Index m/m,USD,2015-06-08T10:00:00Z,None,,-0.5,1.3,false,false
,Gov Council Member Wilkins Speaks,CAD,2015-06-08T16:30:00Z,None,,,,false,false
,Manufacturing Sales q/q,NZD,2015-06-08T18:45:00Z,None,,-1.0%,-2.8%,false,false
,BRC Retail Sales Monitor y/y,GBP,2015-06-08T19:01:00Z,None,,-2.4%,0.0%,false,false
,M2 Money Stock y/y,JPY,2015-06-08T19:50:00Z,None,3.6%,3.6%,4.0%,false,false
,NAB Business Confidence,AUD,2015-06-08T21:30:00Z,High,,3,7,false,false
,ANZ Job Advertisements m/m,AUD,2015-06-08T21:30:00Z,None,,2.5%,0.0%,false,false
,Home Loans m/m,AUD,2015-06-08T21:30:00Z,None,-1.8%,1.5%,1.0%,false,false
,CPI y/y,CNY,2015-06-08T21:30:00Z,High,1.3%,1.5%,1.2%,false,false
,PPI y/y,CNY,2015-06-08T21:30:00Z,None,-4.5%,-4.6%,-4.6%,false,false
,Consumer Confidence,JPY,2015-06-09T01:00:00Z,None,41.9,41.5,41.4,false,false
,Unemployment Rate,CHF,2015-06-09T01:45:00Z,None,3.3%,3.3%,3.3%,false,false
,Prelim Machine Tool Orders y/y,JPY,2015-06-09T01:59:00Z,None,,10.5%,15.0%,false,false
,French Gov Budget Balance,EUR,2015-06-09T02:45:00Z,None,,-26.3B,-59.8B,false,false
,CPI m/m,CHF,2015-06-09T03:15:00Z,None,0.1%,-0.2%,0.2%,false,false
,Goods Trade Balance,GBP,2015-06-09T04:30:00Z,None,-10.0B,-10.7B,-8.6B,false,false
,Revised GDP q/q,EUR,2015-06-09T05:00:00Z,None,0.4%,0.4%,0.4%,false,false
,NFIB Small Business Index,USD,2015-06-09T06:00:00Z,None,97.1,96.9,98.3,false,false
,JOLTS Job Openings,USD,2015-06-09T10:00:00Z,None,5.03M,5.11M,5.38M,false,false
,Final Wholesale Inventories m/m,USD,2015-06-09T10:00:00Z,None,0.2%,0.2%,0.4%,false,false
,Core Machinery Orders m/m,JPY,2015-06-09T19:50:00Z,None,-2.0%,2.9%,3.8%,false,false
,PPI y/y,JPY,2015-06-09T19:50:00Z,None,-2.2%,-2.1%,-2.1%,false,false
,Westpac Consumer Sentiment,AUD,2015-06-09T20:30:00Z,None,,6.4%,-6.9%,false,false
,RBA Gov Stevens Speaks,AUD,2015-06-09T22:50:00Z,High,,,,false,false
,French Industrial Production m/m,EUR,2015-06-10T02:45:00Z,None,0.4%,0.0%,-0.9%,false,false
,Italian Industrial Production m/m,EUR,2015-06-10T04:00:00Z,None,0.3%,0.5%,-0.3%,false,false
,Manufacturing Production m/m,GBP,2015-06-10T04:30:00Z,High,0.1%,0.4%,-0.4%,false,false
,Industrial Production m/m,GBP,2015-06-10T04:30:00Z,None,0.1%,0.6%,0.4%,false,false
,NIESR GDP Estimate,GBP,2015-06-10T10:00:00Z,None,,0.5%,0.6%,false,false
,Crude Oil Inventories,USD,2015-06-10T10:30:00Z,None,-1.5M,-1.9M,-6.8M,false,false
,10-y Bond Auction,USD,2015-06-10T13:01:00Z,None,,2.24|2.7,2.46|2.7,false,false
,Federal Budget Balance,USD,2015-06-10T14:00:00Z,None,-97.4B,156.7B,-82.4B,false,false
,BOE Gov Carney Speaks,GBP,2015-06-10T16:00:00Z,High,,,,false,false
,Official Cash Rate,NZD,2015-06-10T17:00:00Z,High,3.50%,3.50%,3.25%,false,false
,RBNZ Rate Statement,NZD,2015-06-10T17:00:00Z,High,,,,false,false
,RBNZ Monetary Policy Statement,NZD,2015-06-10T17:00:00Z,None,,,,false,false
,RBNZ Press Conference,NZD,2015-06-10T17:05:00Z,High,,,,false,false
,RICS House Price Balance,GBP,2015-06-10T19:01:00Z,None,35%,32%,34%,false,false
,BSI Manufacturing Index,JPY,2015-06-10T19:50:00Z,None,3.2,2.4,-6.0,false,false
,MI Inflation Expectations,AUD,2015-06-10T21:00:00Z,None,,3.6%,3.0%,false,false
,Employment Change,AUD,2015-06-10T21:30:00Z,High,12.1K,-13.7K,42.0K,false,false
,Unemployment Rate,AUD,2015-06-10T21:30:00Z,High,6.2%,6.1%,6.0%,false,false
,Industrial Production y/y,CNY,2015-06-11T01:30:00Z,High,6.0%,5.9%,6.1%,false,false
,Fixed Asset Investment ytd/y,CNY,2015-06-11T01:30:00Z,None,11.7%,12.0%,11.4%,false,false
,Retail Sales y/y,CNY,2015-06-11T01:30:00Z,None,10.1%,10.0%,10.1%,false,false
,French Final Private Payrolls q/q,EUR,2015-06-11T01:30:00Z,None,-0.1%,-0.1%,0.0%,false,false
,French Final CPI m/m,EUR,2015-06-11T02:45:00Z,None,0.3%,0.1%,0.2%,false,false
,New Loans,CNY,2015-06-11T03:04:00Z,None,860B,708B,901B,false,false
,M2 Money Supply y/y,CNY,2015-06-11T03:04:00Z,None,10.6%,10.1%,10.8%,false,false
,30-y Bond Auction,GBP,2015-06-11T05:35:00Z,None,,2.34|1.4,2.86|1.6,false,false
,NHPI m/m,CAD,2015-06-11T08:30:00Z,None,0.2%,0.0%,0.1%,false,false
,Capacity Utilization Rate,CAD,2015-06-11T08:30:00Z,None,83.1%,83.5%,82.7%,false,false
,Core Retail Sales m/m,USD,2015-06-11T08:30:00Z,High,0.7%,0.1%,1.0%,false,false
,Retail Sales m/m,USD,2015-06-11T08:30:00Z,High,1.1%,0.2%,1.2%,false,false
,Unemployment Claims,USD,2015-06-11T08:30:00Z,High,277K,277K,279K,false,false
,Import Prices m/m,USD,2015-06-11T08:30:00Z,None,0.9%,-0.2%,1.3%,false,false
,Business Inventories m/m,USD,2015-06-11T10:00:00Z,None,0.2%,0.1%,0.4%,false,false
,Natural Gas Storage,USD,2015-06-11T10:30:00Z,None,114B,132B,111B,false,false
,BOC Financial System Review,CAD,2015-06-11T10:30:00Z,None,,,,false,false
,BOC Gov Poloz Speaks,CAD,2015-06-11T11:15:00Z,High,,,,false,false
,30-y Bond Auction,USD,2015-06-11T13:01:00Z,None,,3.04|2.2,3.14|2.5,false,false
,BusinessNZ Manufacturing Index,NZD,2015-06-11T18:30:00Z,None,,51.7,51.5,false,false
,FPI m/m,NZD,2015-06-11T18:45:00Z,None,,-0.3%,0.4%,false,false
,Revised Industrial Production m/m,JPY,2015-06-12T00:30:00Z,None,1.0%,1.0%,1.2%,false,false
,Tertiary Industry Activity m/m,JPY,2015-06-12T00:35:00Z,None,0.4%,-1.0%,-0.2%,false,false
,German WPI m/m,EUR,2015-06-12T02:00:00Z,None,0.3%,0.4%,0.5%,false,false
,Construction Output m/m,GBP,2015-06-12T04:30:00Z,None,0.1%,1.4%,-0.8%,false,false
,Industrial Production m/m,EUR,2015-06-12T05:00:00Z,None,0.4%,-0.4%,0.1%,false,false
,PPI m/m,USD,2015-06-12T08:30:00Z,High,0.4%,-0.4%,0.5%,false,false
,Core PPI m/m,USD,2015-06-12T08:30:00Z,None,0.1%,-0.2%,0.1%,false,false
,Prelim UoM Consumer Sentiment,USD,2015-06-12T10:00:00Z,High,91.3,90.7,94.6,false,false
,Prelim UoM Inflation Expectations,USD,2015-06-12T10:00:00Z,None,,2.8%,2.7%,false,false
,BusinessNZ Services Index,NZD,2015-06-14T18:30:00Z,None,,56.3,58.0,false,false
,Rightmove HPI m/m,GBP,2015-06-14T19:01:00Z,None,,-0.1%,3.0%,false,false
,German Buba President Weidmann Speaks,EUR,2015-06-15T03:00:00Z,None,,,,false,false
,PPI m/m,CHF,2015-06-15T03:15:00Z,None,0.1%,-2.1%,-0.8%,false,false
,Retail Sales y/y,CHF,2015-06-15T03:15:00Z,None,-2.2%,-2.8%,1.6%,false,false
,RBA Assist Gov Kent Speaks,AUD,2015-06-15T03:50:00Z,None,,,,false,false
,Trade Balance,EUR,2015-06-15T05:00:00Z,None,20.3B,19.9B,24.3B,false,false
,German Buba Monthly Report,EUR,2015-06-15T06:00:00Z,None,,,,false,false
,Manufacturing Sales m/m,CAD,2015-06-15T08:30:00Z,High,-1.3%,2.7%,-2.1%,false,false
,Empire State Manufacturing Index,USD,2015-06-15T08:30:00Z,None,5.8,3.1,-2.0,false,false
,ECB President Draghi Speaks,EUR,2015-06-15T09:00:00Z,High,,,,false,false
,Capacity Utilization Rate,USD,2015-06-15T09:15:00Z,None,78.3%,78.3%,78.1%,false,false
,Industrial Production m/m,USD,2015-06-15T09:15:00Z,None,0.2%,-0.5%,-0.2%,false,false
,NAHB Housing Market Index,USD,2015-06-15T10:00:00Z,None,56,54,59,false,false
,TIC Long-Term Purchases,USD,2015-06-15T16:00:00Z,None,22.5B,25.6B,53.9B,false,false
,RBA Deputy Gov Debelle Speaks,AUD,2015-06-15T17:55:00Z,None,,,,false,false
,New Motor Vehicle Sales m/m,AUD,2015-06-15T21:30:00Z,None,,-1.5%,-1.3%,false,false
,Monetary Policy Meeting Minutes,AUD,2015-06-15T21:30:00Z,High,,,,false,false
,SECO Economic Forecasts,CHF,2015-06-16T01:45:00Z,None,,,,false,false
,German Final CPI m/m,EUR,2015-06-16T02:00:00Z,None,0.1%,0.1%,0.1%,false,false
,European Court of Justice Ruling,EUR,2015-06-16T03:36:00Z,High,,,,false,false
,PPI Output m/m,GBP,2015-06-16T04:30:00Z,None,0.1%,0.1%,0.1%,false,false
,CPI y/y,GBP,2015-06-16T04:30:00Z,High,0.1%,-0.1%,0.1%,false,false
,PPI Input m/m,GBP,2015-06-16T04:30:00Z,None,0.7%,1.4%,-0.9%,false,false
,RPI y/y,GBP,2015-06-16T04:30:00Z,None,1.1%,0.9%,1.0%,false,false
,ONS HPI y/y,GBP,2015-06-16T04:30:00Z,None,10.2%,9.6%,5.5%,false,false
,Core CPI y/y,GBP,2015-06-16T04:30:00Z,None,1.0%,0.8%,0.9%,false,false
,German ZEW Economic Sentiment,EUR,2015-06-16T05:00:00Z,High,37.5,41.9,31.5,false,false
,ZEW Economic Sentiment,EUR,2015-06-16T05:00:00Z,None,60.3,61.2,53.7,false,false
,Final Employment Change q/q,EUR,2015-06-16T05:00:00Z,None,0.1%,0.1%,0.1%,false,false
,Foreign Securities Purchases,CAD,2015-06-16T08:30:00Z,None,5.03B,22.56B,12.94B,false,false
,Building Permits,USD,2015-06-16T08:30:00Z,High,1.11M,1.14M,1.28M,false,false
,Housing Starts,USD,2015-06-16T08:30:00Z,None,1.10M,1.17M,1.04M,false,false
,CB Leading Index m/m,GBP,2015-06-16T09:30:00Z,None,,0.3%,0.4%,false,false
,GDT Price Index,NZD,2015-06-16T10:08:00Z,High,,-4.3%,-1.3%,false,false
,Current Account,NZD,2015-06-16T18:45:00Z,None,0.27B,-3.17B,0.66B,false,false
,Trade Balance,JPY,2015-06-16T19:50:00Z,None,-0.17T,-0.24T,-0.18T,false,false
,MI Leading Index m/m,AUD,2015-06-16T20:30:00Z,None,,0.0%,-0.1%,false,false
,Italian Trade Balance,EUR,2015-06-17T04:04:00Z,None,3.27B,4.01B,3.74B,false,false
,Average Earnings Index 3m/y,GBP,2015-06-17T04:30:00Z,High,2.5%,2.3%,2.7%,false,false
,Unemployment Rate,GBP,2015-06-17T04:30:00Z,None,5.5%,5.5%,5.5%,false,false
,MPC Asset Purchase Facility Votes,GBP,2015-06-17T04:30:00Z,None,0-0-9,0-0-9,0-0-9,false,false
,MPC Official Bank Rate Votes,GBP,2015-06-17T04:30:00Z,High,0-0-9,0-0-9,0-0-9,false,false
,Claimant Count Change,GBP,2015-06-17T04:30:00Z,High,-12.5K,-7.8K,-6.5K,false,false
,Final Core CPI y/y,EUR,2015-06-17T05:00:00Z,None,0.9%,0.9%,0.9%,false,false
,Final CPI y/y,EUR,2015-06-17T05:00:00Z,None,0.3%,0.3%,0.3%,false,false
,UBS Economic Expectations,CHF,2015-06-17T05:00:00Z,None,,-0.1,0.1,false,false
,German 10-y Bond Auction,EUR,2015-06-17T05:34:00Z,None,,0.65|1.3,0.81|1.7,false,false
,Wholesale Sales m/m,CAD,2015-06-17T08:30:00Z,High,0.3%,1.0%,1.9%,false,false
,Crude Oil Inventories,USD,2015-06-17T10:30:00Z,None,-1.6M,-6.8M,-2.7M,false,false
,MPC Member Forbes Speaks,GBP,2015-06-17T13:30:00Z,None,,,,false,false
,BOE Gov Carney Speaks,GBP,2015-06-17T13:45:00Z,High,,,,false,false
,FOMC Economic Projections,USD,2015-06-17T14:00:00Z,High,,,,false,false
,FOMC Statement,USD,2015-06-17T14:00:00Z,High,,,,false,false
,Federal Funds Rate,USD,2015-06-17T14:00:00Z,High,<0.25%,<0.25%,<0.25%,false,false
,FOMC Press Conference,USD,2015-06-17T14:30:00Z,High,,,,false,false
,GDP q/q,NZD,2015-06-17T18:45:00Z,High,0.6%,0.7%,0.2%,false,false
,RBA Bulletin,AUD,2015-06-17T21:30:00Z,None,,,,false,false
,Foreign Direct Investment ytd/y,CNY,2015-06-17T22:02:00Z,None,,11.1%,10.5%,false,false
,Eurogroup Meetings,EUR,2015-06-18T00:00:00Z,High,,,,true,false
,SNB Financial Stability Report,CHF,2015-06-18T00:30:00Z,None,,,,false,false
,Trade Balance,CHF,2015-06-18T02:00:00Z,None,2.72B,2.66B,3.43B,false,false
,SNB Press Conference,CHF,2015-06-18T03:30:00Z,High,,,,false,false
,SNB Monetary Policy Assessment,CHF,2015-06-18T03:30:00Z,High,,,,false,false
,Libor Rate,CHF,2015-06-18T03:30:00Z,High,-0.75%,-0.75%,-0.75%,false,false
,ECB Economic Bulletin,EUR,2015-06-18T04:00:00Z,None,,,,false,false
,Retail Sales m/m,GBP,2015-06-18T04:30:00Z,High,0.0%,0.9%,0.2%,false,false
,Spanish 10-y Bond Auction,EUR,2015-06-18T04:47:00Z,None,,1.88|3.0,2.35|1.9,false,false
,Long Term Refinancing Operation,EUR,2015-06-18T05:30:00Z,High,60.0B,97.8B,73.8B,false,false
,CPI m/m,USD,2015-06-18T08:30:00Z,High,0.5%,0.1%,0.4%,false,false
,Core CPI m/m,USD,2015-06-18T08:30:00Z,High,0.2%,0.3%,0.1%,false,false
,Core CPI y/y,USD,2015-06-18T08:30:00Z,High,1.8%,1.8%,1.7%,false,false
,CPI y/y,USD,2015-06-18T08:30:00Z,High,0.1%,-0.2%,0.0%,false,false
,Unemployment Claims,USD,2015-06-18T08:30:00Z,High,278K,279K,267K,false,false
,Current Account,USD,2015-06-18T08:30:00Z,None,-116B,-103B,-113B,false,false
,Philly Fed Manufacturing Index,USD,2015-06-18T10:00:00Z,High,8.1,6.7,15.2,false,false
,CB Leading Index m/m,USD,2015-06-18T10:00:00Z,None,0.4%,0.7%,0.7%,false,false
,Natural Gas Storage,USD,2015-06-18T10:30:00Z,None,95B,111B,89B,false,false
,Monetary Policy Statement,JPY,2015-06-18T23:04:00Z,High,,,,false,false
,ECOFIN Meetings,EUR,2015-06-19T00:00:00Z,None,,,,true,false
,All Industries Activity m/m,JPY,2015-06-19T00:30:00Z,None,0.3%,-1.4%,0.1%,false,false
,German PPI m/m,EUR,2015-06-19T02:00:00Z,None,0.2%,0.1%,0.0%,false,false
,BOJ Press Conference,JPY,2015-06-19T02:31:00Z,High,,,,false,false
,Current Account,EUR,2015-06-19T04:00:00Z,None,18.1B,18.0B,22.3B,false,false
,Public Sector Net Borrowing,GBP,2015-06-19T04:30:00Z,None,10.1B,5.5B,9.4B,false,false
,Retail Sales m/m,CAD,2015-06-19T08:30:00Z,None,0.7%,0.9%,-0.1%,false,false
,Core CPI m/m,CAD,2015-06-19T08:30:00Z,High,0.3%,0.1%,0.4%,false,false
,Core Retail Sales m/m,CAD,2015-06-19T08:30:00Z,High,0.3%,0.7%,-0.6%,false,false
,CPI m/m,CAD,2015-06-19T08:30:00Z,None,0.4%,-0.1%,0.6%,false,false
,FOMC Member Williams Speaks,USD,2015-06-19T11:40:00Z,None,,,,false,false
,Bank Holiday,CNY,2015-06-21T00:00:00Z,None,,,,true,false
,Westpac Consumer Sentiment,NZD,2015-06-21T17:52:00Z,None,,117.4,113.0,false,false
,Visitor Arrivals m/m,NZD,2015-06-21T18:47:00Z,None,,1.5%,0.1%,false,false
,Credit Card Spending y/y,NZD,2015-06-21T23:00:00Z,None,,7.2%,7.1%,false,false
,Euro Summit,EUR,2015-06-22T00:00:00Z,High,,,,true,false
,Eurogroup Meetings,EUR,2015-06-22T00:00:00Z,High,,,,true,false
,BOJ Monthly Report,JPY,2015-06-22T01:00:00Z,None,,,,false,false
,MPC Member Cunliffe Speaks,GBP,2015-06-22T03:45:00Z,None,,,,false,false
,Existing Home Sales,USD,2015-06-22T10:00:00Z,High,5.27M,5.09M,5.35M,false,false
,Consumer Confidence,EUR,2015-06-22T10:00:00Z,None,-6,-6,-6,false,false
,CB Leading Index m/m,AUD,2015-06-22T20:00:00Z,None,,0.0%,-0.3%,false,false
,HPI q/q,AUD,2015-06-22T21:30:00Z,None,2.2%,2.0%,1.6%,false,false
,Flash Manufacturing PMI,JPY,2015-06-22T21:35:00Z,None,50.6,50.9,49.9,false,false
,Caixin Flash Manufacturing PMI,CNY,2015-06-22T21:45:00Z,High,49.4,49.2,49.6,false,false
,French Flash Manufacturing PMI,EUR,2015-06-23T03:00:00Z,High,50.1,49.4,50.5,false,false
,French Flash Services PMI,EUR,2015-06-23T03:00:00Z,None,52.5,52.8,54.1,false,false
,German Flash Manufacturing PMI,EUR,2015-06-23T03:30:00Z,High,51.5,51.1,51.9,false,false
,German Flash Services PMI,EUR,2015-06-23T03:30:00Z,None,52.9,53.0,54.2,false,false
,Flash Manufacturing PMI,EUR,2015-06-23T04:00:00Z,None,52.0,52.2,52.5,false,false
,Flash Services PMI,EUR,2015-06-23T04:00:00Z,None,53.7,53.8,54.4,false,false
,Italian Retail Sales m/m,EUR,2015-06-23T05:00:00Z,None,0.1%,-0.1%,0.7%,false,false
,CBI Industrial Order Expectations,GBP,2015-06-23T06:00:00Z,None,1,-5,-7,false,false
,FOMC Member Powell Speaks,USD,2015-06-23T08:00:00Z,High,,,,false,false
,Core Durable Goods Orders m/m,USD,2015-06-23T08:30:00Z,High,0.6%,-0.2%,0.5%,false,false
,Durable Goods Orders m/m,USD,2015-06-23T08:30:00Z,None,-0.6%,-1.0%,-1.8%,false,false
,HPI m/m,USD,2015-06-23T09:00:00Z,None,0.6%,0.3%,0.3%,false,false
,Flash Manufacturing PMI,USD,2015-06-23T09:45:00Z,None,54.2,54.0,53.4,false,false
,Richmond Manufacturing Index,USD,2015-06-23T09:59:00Z,None,3,1,6,false,false
,New Home Sales,USD,2015-06-23T10:00:00Z,None,524K,534K,546K,false,false
,Monetary Policy Meeting Minutes,JPY,2015-06-23T19:50:00Z,None,,,,false,false
,SPPI y/y,JPY,2015-06-23T19:50:00Z,None,0.4%,0.7%,0.6%,false,false
,CB Leading Index m/m,CNY,2015-06-23T22:00:00Z,None,,1.4%,1.1%,false,false
,Eurogroup Meetings,EUR,2015-06-24T00:00:00Z,High,,,,true,false
,UBS Consumption Indicator,CHF,2015-06-24T02:00:00Z,None,,1.67,1.73,false,false
,German ifo Business Climate,EUR,2015-06-24T04:00:00Z,High,108.2,108.5,107.4,false,false
,High Street Lending,GBP,2015-06-24T04:30:00Z,None,43.1K,42.0K,42.5K,false,false
,Final GDP q/q,USD,2015-06-24T08:30:00Z,High,-0.2%,-0.7%,-0.2%,false,false
,Final GDP Price Index q/q,USD,2015-06-24T08:30:00Z,None,-0.1%,-0.1%,0.0%,false,false
,Belgian NBB Business Climate,EUR,2015-06-24T09:00:00Z,None,-5.2,-4.9,-3.9,false,false
,SNB Quarterly Bulletin,CHF,2015-06-24T09:00:00Z,None,,,,false,false
,Crude Oil Inventories,USD,2015-06-24T10:30:00Z,None,-1.8M,-2.7M,-4.9M,false,false
,Eurogroup Meetings,EUR,2015-06-25T00:00:00Z,High,,,,true,false
,EU Economic Summit,EUR,2015-06-25T00:00:00Z,High,,,,false,false
,German GfK Consumer Climate,EUR,2015-06-25T02:00:00Z,None,10.1,10.2,10.1,false,false
,SNB Chairman Jordan Speaks,CHF,2015-06-25T04:00:00Z,High,,,,false,false
,CBI Realized Sales,GBP,2015-06-25T06:00:00Z,None,32,51,29,false,false
,FOMC Member Tarullo Speaks,USD,2015-06-25T08:00:00Z,None,,,,false,false
,Personal Income m/m,USD,2015-06-25T08:30:00Z,None,0.6%,0.5%,0.5%,false,false
,Unemployment Claims,USD,2015-06-25T08:30:00Z,High,271K,268K,271K,false,false
,Core PCE Price Index m/m,USD,2015-06-25T08:30:00Z,None,0.1%,0.1%,0.1%,false,false
,Personal Spending m/m,USD,2015-06-25T08:30:00Z,None,0.7%,0.1%,0.9%,false,false
,FOMC Member Powell Speaks,USD,2015-06-25T09:45:00Z,None,,,,false,false
,Flash Services PMI,USD,2015-06-25T09:45:00Z,None,56.5,56.2,54.8,false,false
,Natural Gas Storage,USD,2015-06-25T10:30:00Z,None,79B,89B,75B,false,false
,Gov Council Member Schembri Speaks,CAD,2015-06-25T12:10:00Z,None,,,,false,false
,Trade Balance,NZD,2015-06-25T18:45:00Z,High,-90M,183M,350M,false,false
,Household Spending y/y,JPY,2015-06-25T19:30:00Z,None,3.5%,-1.3%,4.8%,false,false
,Tokyo Core CPI y/y,JPY,2015-06-25T19:30:00Z,None,0.1%,0.2%,0.1%,false,false
,National Core CPI y/y,JPY,2015-06-25T19:30:00Z,None,0.0%,0.3%,0.1%,false,false
,Unemployment Rate,JPY,2015-06-25T19:30:00Z,None,3.3%,3.3%,3.3%,false,false
,RBNZ Statement of Intent,NZD,2015-06-25T22:00:00Z,None,,,,false,false
,EU Economic Summit,EUR,2015-06-26T00:00:00Z,None,,,,false,false
,German Import Prices m/m,EUR,2015-06-26T02:00:00Z,None,0.2%,0.6%,-0.2%,false,false
,Private Loans y/y,EUR,2015-06-26T04:00:00Z,None,0.3%,0.0%,0.5%,false,false
,M3 Money Supply y/y,EUR,2015-06-26T04:00:00Z,None,5.4%,5.3%,5.0%,false,false
,Revised UoM Consumer Sentiment,USD,2015-06-26T10:00:00Z,None,94.6,94.6,96.1,false,false
,Revised UoM Inflation Expectations,USD,2015-06-26T10:00:00Z,None,,2.7%,2.7%,false,false
,BOE Gov Carney Speaks,GBP,2015-06-26T10:15:00Z,High,,,,false,false
,Eurogroup Meetings,EUR,2015-06-27T00:00:00Z,High,,,,true,false
,MPC Member Weale Speaks,GBP,2015-06-27T19:00:00Z,None,,,,false,false
,BOC Gov Poloz Speaks,CAD,2015-06-28T08:15:00Z,None,,,,false,false
,Retail Sales y/y,JPY,2015-06-28T19:50:00Z,None,2.1%,4.9%,3.0%,false,false
,Prelim Industrial Production m/m,JPY,2015-06-28T19:50:00Z,None,-0.8%,1.2%,-2.2%,false,false
,Italian Bank Holiday,EUR,2015-06-29T00:00:00Z,None,,,,true,false
,German Prelim CPI m/m,EUR,2015-06-29T00:00:00Z,None,0.1%,0.1%,-0.1%,true,false
,Spanish Flash CPI y/y,EUR,2015-06-29T03:00:00Z,None,-0.1%,-0.2%,0.1%,false,false
,Net Lending to Individuals m/m,GBP,2015-06-29T04:30:00Z,None,3.3B,2.9B,3.1B,false,false
,M4 Money Supply m/m,GBP,2015-06-29T04:30:00Z,None,0.5%,0.4%,0.5%,false,false
,Mortgage Approvals,GBP,2015-06-29T04:30:00Z,None,69K,68K,64K,false,false
,RMPI m/m,CAD,2015-06-29T08:30:00Z,None,4.4%,4.0%,4.4%,false,false
,IPPI m/m,CAD,2015-06-29T08:30:00Z,None,0.4%,-0.8%,0.5%,false,false
,Pending Home Sales m/m,USD,2015-06-29T10:00:00Z,None,1.3%,2.7%,0.9%,false,false
,Building Consents m/m,NZD,2015-06-29T18:45:00Z,None,,-0.9%,0.0%,false,false
,GfK Consumer Confidence,GBP,2015-06-29T18:50:00Z,None,2,1,7,false,false
,HIA New Home Sales m/m,AUD,2015-06-29T21:00:00Z,None,,0.6%,-2.3%,false,false
,ANZ Business Confidence,NZD,2015-06-29T21:00:00Z,High,,15.7,-2.3,false,false
,Private Sector Credit m/m,AUD,2015-06-29T21:30:00Z,None,0.5%,0.3%,0.5%,false,false
,Average Cash Earnings y/y,JPY,2015-06-29T21:30:00Z,None,0.7%,0.7%,0.6%,false,false
,Eurogroup Meetings,EUR,2015-06-30T00:00:00Z,High,,,,true,false
,Housing Starts y/y,JPY,2015-06-30T01:00:00Z,None,6.2%,0.4%,5.8%,false,false
,German Retail Sales m/m,EUR,2015-06-30T02:00:00Z,None,0.0%,1.3%,0.5%,false,false
,French Consumer Spending m/m,EUR,2015-06-30T02:45:00Z,None,0.3%,0.1%,0.1%,false,false
,KOF Economic Barometer,CHF,2015-06-30T03:00:00Z,None,93.7,92.7,89.7,false,false
,German Unemployment Change,EUR,2015-06-30T03:55:00Z,None,-5K,-5K,-1K,false,false
,Italian Monthly Unemployment Rate,EUR,2015-06-30T04:00:00Z,None,12.5%,12.4%,12.4%,false,false
,Current Account,GBP,2015-06-30T04:30:00Z,High,-23.7B,-28.9B,-26.5B,false,false
,Final GDP q/q,GBP,2015-06-30T04:30:00Z,None,0.4%,0.3%,0.4%,false,false
,Index of Services 3m/3m,GBP,2015-06-30T04:30:00Z,None,0.5%,0.4%,0.5%,false,false
,Revised Business Investment q/q,GBP,2015-06-30T04:30:00Z,None,1.8%,1.7%,2.0%,false,false
,RBA Gov Stevens Speaks,AUD,2015-06-30T04:40:00Z,High,,,,false,false
,Italian Prelim CPI m/m,EUR,2015-06-30T05:00:00Z,None,0.3%,0.1%,0.1%,false,false
,Unemployment Rate,EUR,2015-06-30T05:00:00Z,None,11.1%,11.1%,11.1%,false,false
,CPI Flash Estimate y/y,EUR,2015-06-30T05:00:00Z,None,0.2%,0.3%,0.2%,false,false
,Core CPI Flash Estimate y/y,EUR,2015-06-30T05:00:00Z,None,0.8%,0.9%,0.8%,false,false
,Italian 10-y Bond Auction,EUR,2015-06-30T05:26:00Z,None,,1.83|1.4,2.35|1.4,false,false
,MPC Member Haldane Speaks,GBP,2015-06-30T07:00:00Z,None,,,,false,false
,GDP m/m,CAD,2015-06-30T08:30:00Z,High,0.1%,-0.2%,-0.1%,false,false
,S&P/CS Composite-20 HPI y/y,USD,2015-06-30T09:00:00Z,None,5.3%,5.0%,4.9%,false,false
,Chicago PMI,USD,2015-06-30T09:45:00Z,None,50.2,46.2,49.4,false,false
,CB Consumer Confidence,USD,2015-06-30T10:00:00Z,High,97.1,94.6,101.4,false,false
,AIG Manufacturing Index,AUD,2015-06-30T19:30:00Z,None,,52.3,44.2,false,false
,Tankan Manufacturing Index,JPY,2015-06-30T19:50:00Z,None,12,12,15,false,false
,Tankan Non-Manufacturing Index,JPY,2015-06-30T19:50:00Z,None,23,19,23,false,false
,Non-Manufacturing PMI,CNY,2015-06-30T21:00:00Z,None,,53.2,53.8,false,false
,Manufacturing PMI,CNY,2015-06-30T21:00:00Z,High,50.5,50.2,50.2,false,false
,Building Approvals m/m,AUD,2015-06-30T21:30:00Z,High,1.2%,-5.2%,2.4%,false,false
,Final Manufacturing PMI,JPY,2015-06-30T21:35:00Z,None,49.9,49.9,50.1,false,false
,RatingDog Manufacturing PMI,CNY,2015-06-30T21:45:00Z,High,49.6,49.6,49.4,false,false
,Eurogroup Meetings,EUR,2015-07-01T00:00:00Z,High,,,,true,false
,Bank Holiday,CAD,2015-07-01T00:00:00Z,None,,,,true,false
,Total Vehicle Sales,USD,2015-07-01T00:00:00Z,None,17.2M,17.8M,17.2M,true,false
,Commodity Prices y/y,AUD,2015-07-01T02:30:00Z,None,,-20.8%,-17.9%,false,false
,Spanish Manufacturing PMI,EUR,2015-07-01T03:15:00Z,None,55.6,55.8,54.5,false,false
,Manufacturing PMI,CHF,2015-07-01T03:30:00Z,None,50.0,49.4,50.0,false,false
,Italian Manufacturing PMI,EUR,2015-07-01T03:45:00Z,None,54.4,54.8,54.1,false,false
,French Final Manufacturing PMI,EUR,2015-07-01T03:50:00Z,None,50.5,50.5,50.7,false,false
,German Final Manufacturing PMI,EUR,2015-07-01T03:55:00Z,None,51.9,51.9,51.9,false,false
,Final Manufacturing PMI,EUR,2015-07-01T04:00:00Z,None,52.5,52.5,52.5,false,false
,Final Manufacturing PMI,GBP,2015-07-01T04:30:00Z,High,52.6,51.9,51.4,false,false
,BOE Gov Carney Speaks,GBP,2015-07-01T05:30:00Z,High,,,,false,false
,BOE Financial Stability Report,GBP,2015-07-01T05:30:00Z,None,,,,false,false
,FPC Statement,GBP,2015-07-01T05:30:00Z,None,,,,false,false
,Challenger Job Cuts y/y,USD,2015-07-01T07:30:00Z,None,,-22.5%,42.7%,false,false
,ADP Non-Farm Employment Change,USD,2015-07-01T08:15:00Z,High,219K,203K,237K,false,false
,Final Manufacturing PMI,USD,2015-07-01T09:45:00Z,None,53.4,53.4,53.6,false,false
,ISM Manufacturing PMI,USD,2015-07-01T10:00:00Z,High,53.2,52.8,53.5,false,false
,Construction Spending m/m,USD,2015-07-01T10:00:00Z,None,0.4%,2.1%,0.8%,false,false
,ISM Manufacturing Prices,USD,2015-07-01T10:00:00Z,None,51.1,49.5,49.5,false,false
,GDT Price Index,NZD,2015-07-01T10:07:00Z,High,,-1.3%,-5.9%,false,false
,Crude Oil Inventories,USD,2015-07-01T10:30:00Z,None,-1.9M,-4.9M,2.4M,false,false
,Monetary Base y/y,JPY,2015-07-01T19:50:00Z,None,36.2%,35.6%,34.2%,false,false
,ANZ Commodity Prices m/m,NZD,2015-07-01T21:00:00Z,None,,-4.9%,-3.1%,false,false
,Goods Trade Balance,AUD,2015-07-01T21:30:00Z,High,-2.21B,-4.14B,-2.75B,false,false
,10-y Bond Auction,JPY,2015-07-01T23:45:00Z,None,,0.45|2.7,0.51|2.6,false,false
,Nationwide HPI m/m,GBP,2015-07-02T02:00:00Z,None,0.6%,0.2%,-0.2%,false,false
,Spanish Unemployment Change,EUR,2015-07-02T03:00:00Z,None,-124.3K,-118.0K,-94.7K,false,false
,Construction PMI,GBP,2015-07-02T04:30:00Z,High,56.6,55.9,58.1,false,false
,Spanish 10-y Bond Auction,EUR,2015-07-02T04:53:00Z,None,,2.35|1.9,2.26|1.8,false,false
,French 10-y Bond Auction,EUR,2015-07-02T04:59:00Z,None,,1.28|1.8,1.30|2.1,false,false
,PPI m/m,EUR,2015-07-02T05:00:00Z,None,0.1%,-0.1%,0.0%,false,false
,ECB Monetary Policy Meeting Accounts,EUR,2015-07-02T07:30:00Z,None,,,,false,false
,Non-Farm Employment Change,USD,2015-07-02T08:30:00Z,High,231K,254K,223K,false,false
,Unemployment Rate,USD,2015-07-02T08:30:00Z,High,5.4%,5.5%,5.3%,false,false
,Average Hourly Earnings m/m,USD,2015-07-02T08:30:00Z,None,0.2%,0.2%,0.0%,false,false
,Unemployment Claims,USD,2015-07-02T08:30:00Z,None,270K,271K,281K,false,false
,Manufacturing PMI,CAD,2015-07-02T09:30:00Z,None,,49.8,51.3,false,false
,Factory Orders m/m,USD,2015-07-02T10:00:00Z,None,-0.5%,-0.7%,-1.0%,false,false
,Natural Gas Storage,USD,2015-07-02T10:30:00Z,None,74B,75B,69B,false,false
,ECB President Draghi Speaks,EUR,2015-07-02T11:10:00Z,High,,,,false,false
,AIG Services Index,AUD,2015-07-02T19:30:00Z,None,,49.6,51.2,false,false
,Retail Sales m/m,AUD,2015-07-02T21:30:00Z,High,0.5%,-0.1%,0.3%,false,false
,RatingDog Services PMI,CNY,2015-07-02T21:45:00Z,None,53.8,53.5,51.8,false,false
,Bank Holiday,USD,2015-07-03T00:00:00Z,None,,,,true,false
,Spanish Services PMI,EUR,2015-07-03T03:15:00Z,None,58.0,58.4,56.1,false,false
,Italian Services PMI,EUR,2015-07-03T03:45:00Z,None,52.9,52.5,53.4,false,false
,French Final Services PMI,EUR,2015-07-03T03:50:00Z,None,54.1,54.1,54.1,false,false
,German Final Services PMI,EUR,2015-07-03T03:55:00Z,None,54.2,54.2,53.8,false,false
,Final Services PMI,EUR,2015-07-03T04:00:00Z,None,54.4,54.4,54.4,false,false
,Final Services PMI,GBP,2015-07-03T04:30:00Z,High,57.4,56.5,58.5,false,false
,Retail Sales m/m,EUR,2015-07-03T05:00:00Z,None,0.1%,0.7%,0.2%,false,false
,Greek Bailout Vote,EUR,2015-07-05T00:00:00Z,High,,,No,true,false
,MI Inflation Gauge m/m,AUD,2015-07-05T20:30:00Z,None,,0.3%,0.1%,false,false
,ANZ Job Advertisements m/m,AUD,2015-07-05T21:30:00Z,None,,0.1%,1.3%,false,false
,Leading Indicators,JPY,2015-07-06T01:00:00Z,None,106.2%,106.4%,106.2%,false,false
,German Factory Orders m/m,EUR,2015-07-06T02:00:00Z,None,0.0%,2.2%,-0.2%,false,false
,CPI m/m,CHF,2015-07-06T03:15:00Z,None,0.1%,0.2%,0.1%,false,false
,Retail PMI,EUR,2015-07-06T04:10:00Z,None,,51.4,50.4,false,false
,Sentix Investor Confidence,EUR,2015-07-06T04:30:00Z,None,15.6,17.1,18.5,false,false
,Housing Equity Withdrawal q/q,GBP,2015-07-06T04:30:00Z,None,-12.1B,-12.6B,-13.0B,false,false
,Final Services PMI,USD,2015-07-06T09:45:00Z,None,54.8,54.8,54.8,false,false
,Ivey PMI,CAD,2015-07-06T10:00:00Z,High,56.2,62.3,55.9,false,false
,ISM Services PMI,USD,2015-07-06T10:00:00Z,High,56.5,55.7,56.0,false,false
,Labor Market Conditions Index m/m,USD,2015-07-06T10:29:00Z,None,,0.9,0.8,false,false
,BOC Business Outlook Survey,CAD,2015-07-06T10:30:00Z,None,,,,false,false
,NZIER Business Confidence,NZD,2015-07-06T18:00:00Z,High,,23,5,false,false
,AIG Construction Index,AUD,2015-07-06T19:23:00Z,None,,47.8,46.4,false,false
,Eurogroup Meetings,EUR,2015-07-07T00:00:00Z,High,,,,true,false
,Euro Summit,EUR,2015-07-07T00:00:00Z,High,,,,true,false
,Cash Rate,AUD,2015-07-07T00:30:00Z,High,2.00%,2.00%,2.00%,false,false
,RBA Rate Statement,AUD,2015-07-07T00:30:00Z,High,,,,false,false
,Unemployment Rate,CHF,2015-07-07T01:45:00Z,None,3.3%,3.3%,3.3%,false,false
,German Industrial Production m/m,EUR,2015-07-07T02:00:00Z,None,0.1%,0.6%,0.0%,false,false
,French Gov Budget Balance,EUR,2015-07-07T02:45:00Z,None,,-59.8B,-63.9B,false,false
,French Trade Balance,EUR,2015-07-07T02:45:00Z,None,-3.3B,-3.3B,-4.0B,false,false
,Foreign Currency Reserves,CHF,2015-07-07T03:00:00Z,None,,518B,516B,false,false
,Manufacturing Production m/m,GBP,2015-07-07T04:30:00Z,High,0.1%,-0.4%,-0.6%,false,false
,Industrial Production m/m,GBP,2015-07-07T04:30:00Z,None,-0.2%,0.3%,0.4%,false,false
,30-y Bond Auction,GBP,2015-07-07T05:35:00Z,None,,2.86|1.6,2.73|1.9,false,false
,Trade Balance,CAD,2015-07-07T08:30:00Z,High,-2.6B,-3.0B,-3.3B,false,false
,Trade Balance,USD,2015-07-07T08:30:00Z,High,-42.5B,-40.7B,-41.9B,false,false
,NIESR GDP Estimate,GBP,2015-07-07T10:00:00Z,None,,0.6%,0.7%,false,false
,JOLTS Job Openings,USD,2015-07-07T10:00:00Z,None,5.33M,5.33M,5.36M,false,false
,RCM/TIPP Economic Optimism,USD,2015-07-07T10:00:00Z,None,48.9,48.1,48.1,false,false
,BRC Shop Price Index y/y,GBP,2015-07-07T19:01:00Z,None,,-1.9%,-1.3%,false,false
,Current Account,JPY,2015-07-07T19:50:00Z,None,1.39T,1.27T,1.64T,false,false
,Bank Lending y/y,JPY,2015-07-07T19:50:00Z,None,,2.6%,2.5%,false,false
,BRICS Summit,All,2015-07-08T00:00:00Z,None,,,,false,false
,Economy Watchers Sentiment,JPY,2015-07-08T01:00:00Z,None,53.2,53.3,51.0,false,false
,Lloyds HPI m/m,GBP,2015-07-08T03:00:00Z,None,0.2%,0.3%,1.7%,false,false
,FPC Meeting Minutes,GBP,2015-07-08T04:30:00Z,None,,,,false,false
,Annual Budget Release,GBP,2015-07-08T07:30:00Z,High,,,,false,false
,Building Permits m/m,CAD,2015-07-08T08:30:00Z,High,-5.2%,12.1%,-14.5%,false,false
,Crude Oil Inventories,USD,2015-07-08T10:30:00Z,None,-0.6M,2.4M,0.4M,false,false
,10-y Bond Auction,USD,2015-07-08T13:01:00Z,None,,2.46|2.7,2.23|2.7,false,false
,FOMC Meeting Minutes,USD,2015-07-08T14:00:00Z,High,,,,false,false
,FOMC Member Williams Speaks,USD,2015-07-08T14:00:00Z,None,,,,false,false
,Consumer Credit m/m,USD,2015-07-08T15:00:00Z,None,18.5B,21.4B,16.1B,false,false
,RICS House Price Balance,GBP,2015-07-08T19:01:00Z,None,37%,34%,40%,false,false
,Core Machinery Orders m/m,JPY,2015-07-08T19:50:00Z,None,-4.8%,3.8%,0.6%,false,false
,M2 Money Stock y/y,JPY,2015-07-08T19:50:00Z,None,4.0%,4.1%,3.8%,false,false
,Employment Change,AUD,2015-07-08T21:30:00Z,High,-2.1K,40.0K,7.3K,false,false
,Unemployment Rate,AUD,2015-07-08T21:30:00Z,High,6.1%,5.9%,6.0%,false,false
,CPI y/y,CNY,2015-07-08T21:30:00Z,High,1.3%,1.2%,1.4%,false,false
,PPI y/y,CNY,2015-07-08T21:30:00Z,None,-4.6%,-4.6%,-4.8%,false,false
,30-y Bond Auction,JPY,2015-07-08T23:45:00Z,None,,1.53|3.1,1.43|2.2,false,false
,BRICS Summit,All,2015-07-09T00:00:00Z,None,,,,false,false
,Prelim Machine Tool Orders y/y,JPY,2015-07-09T01:59:00Z,None,,15.0%,6.6%,false,false
,German Trade Balance,EUR,2015-07-09T02:00:00Z,None,20.6B,21.5B,22.8B,false,false
,Official Bank Rate,GBP,2015-07-09T07:00:00Z,High,0.50%,0.50%,0.50%,false,false
,Asset Purchase Facility,GBP,2015-07-09T07:00:00Z,None,375B,375B,375B,false,false
,Housing Starts,CAD,2015-07-09T08:13:00Z,None,191K,197K,203K,false,false
,NHPI m/m,CAD,2015-07-09T08:30:00Z,None,0.1%,0.1%,0.2%,false,false
,Unemployment Claims,USD,2015-07-09T08:30:00Z,High,274K,282K,297K,false,false
,FOMC Member Brainard Speaks,USD,2015-07-09T10:15:00Z,None,,,,false,false
,Natural Gas Storage,USD,2015-07-09T10:30:00Z,None,86B,69B,91B,false,false
,30-y Bond Auction,USD,2015-07-09T13:01:00Z,None,,3.14|2.5,3.08|2.2,false,false
,PPI y/y,JPY,2015-07-09T19:50:00Z,None,-2.2%,-2.2%,-2.4%,false,false
,Home Loans m/m,AUD,2015-07-09T21:30:00Z,None,-3.3%,0.7%,-6.1%,false,false
,Consumer Confidence,JPY,2015-07-10T01:00:00Z,None,41.9,41.4,41.7,false,false
,German WPI m/m,EUR,2015-07-10T02:00:00Z,None,0.1%,0.5%,-0.2%,false,false
,French Industrial Production m/m,EUR,2015-07-10T02:45:00Z,None,0.5%,-0.8%,0.4%,false,false
,Italian Industrial Production m/m,EUR,2015-07-10T04:00:00Z,None,0.3%,-0.3%,0.9%,false,false
,Goods Trade Balance,GBP,2015-07-10T04:30:00Z,None,-9.7B,-9.4B,-8.0B,false,false
,Construction Output m/m,GBP,2015-07-10T04:30:00Z,None,0.7%,-0.5%,-1.3%,false,false
,Employment Change,CAD,2015-07-10T08:30:00Z,High,-9.0K,58.9K,-6.4K,false,false
,Unemployment Rate,CAD,2015-07-10T08:30:00Z,High,6.9%,6.8%,6.8%,false,false
,Final Wholesale Inventories m/m,USD,2015-07-10T10:00:00Z,None,0.3%,0.4%,0.8%,false,false
,Fed Chair Yellen Speaks,USD,2015-07-10T12:30:00Z,High,,,,false,false
,Eurogroup Meetings,EUR,2015-07-11T00:00:00Z,High,,,,false,false
,Eurogroup Meetings,EUR,2015-07-12T00:00:00Z,High,,,,false,false
,Euro Summit,EUR,2015-07-12T00:00:00Z,High,,,,true,false
,FPI m/m,NZD,2015-07-12T18:45:00Z,None,,0.4%,0.5%,false,false
,Trade Balance,CNY,2015-07-12T22:00:00Z,High,355B,367B,284B,false,false
,USD-Denominated Trade Balance,CNY,2015-07-12T22:46:00Z,None,57.0B,59.5B,46.5B,false,false
,Eurogroup Meetings,EUR,2015-07-13T00:00:00Z,High,,,,true,false
,Revised Industrial Production m/m,JPY,2015-07-13T00:30:00Z,None,-2.1%,-2.2%,-2.1%,false,false
,Tertiary Industry Activity m/m,JPY,2015-07-13T00:32:00Z,None,-0.2%,-0.1%,-0.7%,false,false
,BOE Credit Conditions Survey,GBP,2015-07-13T04:30:00Z,None,,,,false,false
,Federal Budget Balance,USD,2015-07-13T14:00:00Z,None,41.2B,-82.4B,51.8B,false,false
,BRC Retail Sales Monitor y/y,GBP,2015-07-13T19:01:00Z,None,,0.0%,1.8%,false,false
,NAB Business Confidence,AUD,2015-07-13T21:30:00Z,High,,8,10,false,false
,M2 Money Supply y/y,CNY,2015-07-13T22:05:00Z,None,11.0%,10.8%,11.8%,false,false
,French Bank Holiday,EUR,2015-07-14T00:00:00Z,None,,,,true,false
,ECOFIN Meetings,EUR,2015-07-14T00:00:00Z,None,,,,true,false
,German Final CPI m/m,EUR,2015-07-14T02:00:00Z,None,-0.1%,-0.1%,-0.1%,false,false
,PPI m/m,CHF,2015-07-14T03:15:00Z,None,0.2%,-0.8%,-0.1%,false,false
,CPI y/y,GBP,2015-07-14T04:30:00Z,High,0.0%,0.1%,0.0%,false,false
,PPI Input m/m,GBP,2015-07-14T04:30:00Z,None,-0.7%,-1.1%,-1.3%,false,false
,RPI y/y,GBP,2015-07-14T04:30:00Z,None,1.0%,1.0%,1.0%,false,false
,Core CPI y/y,GBP,2015-07-14T04:30:00Z,None,0.9%,0.9%,0.8%,false,false
,ONS HPI y/y,GBP,2015-07-14T04:30:00Z,None,5.9%,5.5%,5.7%,false,false
,PPI Output m/m,GBP,2015-07-14T04:30:00Z,None,0.1%,0.1%,0.0%,false,false
,German ZEW Economic Sentiment,EUR,2015-07-14T05:00:00Z,High,30.6,31.5,29.7,false,false
,ZEW Economic Sentiment,EUR,2015-07-14T05:00:00Z,None,51.1,53.7,42.7,false,false
,Industrial Production m/m,EUR,2015-07-14T05:00:00Z,None,0.2%,0.0%,-0.4%,false,false
,Monetary Policy Report Hearings,GBP,2015-07-14T05:15:00Z,High,,,,false,false
,NFIB Small Business Index,USD,2015-07-14T06:00:00Z,None,98.6,98.3,94.1,false,false
,BOE Gov Carney Speaks,GBP,2015-07-14T07:45:00Z,High,,,,false,false
,Core Retail Sales m/m,USD,2015-07-14T08:30:00Z,High,0.7%,0.8%,-0.1%,false,false
,Retail Sales m/m,USD,2015-07-14T08:30:00Z,High,0.2%,1.0%,-0.3%,false,false
,Import Prices m/m,USD,2015-07-14T08:30:00Z,None,0.1%,1.2%,-0.1%,false,false
,Business Inventories m/m,USD,2015-07-14T10:00:00Z,None,0.3%,0.4%,0.3%,false,false
,MPC Member Miles Speaks,GBP,2015-07-14T13:00:00Z,None,,,,false,false
,Westpac Consumer Sentiment,AUD,2015-07-14T20:30:00Z,None,,-6.9%,-3.2%,false,false
,New Motor Vehicle Sales m/m,AUD,2015-07-14T21:30:00Z,None,,-0.8%,3.8%,false,false
,GDP q/y,CNY,2015-07-14T22:00:00Z,High,6.9%,7.0%,7.0%,false,false
,Industrial Production y/y,CNY,2015-07-14T22:00:00Z,High,6.0%,6.1%,6.8%,false,false
,Fixed Asset Investment ytd/y,CNY,2015-07-14T22:00:00Z,None,11.2%,11.4%,11.4%,false,false
,NBS Press Conference,CNY,2015-07-14T22:00:00Z,None,,,,false,false
,Retail Sales y/y,CNY,2015-07-14T22:00:00Z,None,10.2%,10.1%,10.6%,false,false
,Monetary Policy Statement,JPY,2015-07-14T23:18:00Z,High,,,,false,false
,Eurogroup Meetings,EUR,2015-07-15T00:00:00Z,High,,,,true,false
,BOJ Press Conference,JPY,2015-07-15T02:32:00Z,High,,,,false,false
,French Final CPI m/m,EUR,2015-07-15T02:45:00Z,None,0.1%,0.2%,-0.1%,false,false
,Average Earnings Index 3m/y,GBP,2015-07-15T04:30:00Z,High,3.3%,2.7%,3.2%,false,false
,Claimant Count Change,GBP,2015-07-15T04:30:00Z,High,-8.9K,-1.1K,7.0K,false,false
,Unemployment Rate,GBP,2015-07-15T04:30:00Z,None,5.5%,5.5%,5.6%,false,false
,UBS Economic Expectations,CHF,2015-07-15T05:00:00Z,None,,0.1,-5.4,false,false
,German 10-y Bond Auction,EUR,2015-07-15T05:34:00Z,None,,0.81|1.7,0.88|1.1,false,false
,Manufacturing Sales m/m,CAD,2015-07-15T08:30:00Z,High,0.3%,-2.2%,0.1%,false,false
,PPI m/m,USD,2015-07-15T08:30:00Z,High,0.2%,0.5%,0.4%,false,false
,Core PPI m/m,USD,2015-07-15T08:30:00Z,None,0.1%,0.1%,0.3%,false,false
,Empire State Manufacturing Index,USD,2015-07-15T08:30:00Z,None,3.4,-2.0,3.9,false,false
,Capacity Utilization Rate,USD,2015-07-15T09:15:00Z,None,78.1%,78.2%,78.4%,false,false
,Industrial Production m/m,USD,2015-07-15T09:15:00Z,None,0.2%,-0.2%,0.3%,false,false
,GDT Price Index,NZD,2015-07-15T09:48:00Z,High,,-5.9%,-10.7%,false,false
,BOC Monetary Policy Report,CAD,2015-07-15T10:00:00Z,High,,,,false,false
,BOC Rate Statement,CAD,2015-07-15T10:00:00Z,High,,,,false,false
,Overnight Rate,CAD,2015-07-15T10:00:00Z,High,0.75%,0.75%,0.50%,false,false
,Fed Chair Yellen Testifies,USD,2015-07-15T10:00:00Z,High,,,,false,false
,Fed Monetary Policy Report,USD,2015-07-15T10:00:00Z,None,,,,false,false
,Crude Oil Inventories,USD,2015-07-15T10:30:00Z,None,-2.0M,0.4M,-4.3M,false,false
,BOC Press Conference,CAD,2015-07-15T11:15:00Z,High,,,,false,false
,Beige Book,USD,2015-07-15T14:00:00Z,None,,,,false,false
,FOMC Member Williams Speaks,USD,2015-07-15T15:00:00Z,None,,,,false,false
,BusinessNZ Manufacturing Index,NZD,2015-07-15T18:30:00Z,None,,52.0,55.2,false,false
,CPI q/q,NZD,2015-07-15T18:45:00Z,High,0.5%,-0.2%,0.4%,false,false
,Greek Gov Debt Crisis Vote,EUR,2015-07-15T18:53:00Z,High,Pass,,Pass,false,false
,MI Inflation Expectations,AUD,2015-07-15T21:00:00Z,None,,3.0%,3.4%,false,false
,Eurogroup Meetings,EUR,2015-07-16T00:00:00Z,High,,,,true,false
,BOJ Monthly Report,JPY,2015-07-16T01:00:00Z,None,,,,false,false
,Retail Sales y/y,CHF,2015-07-16T03:15:00Z,None,1.9%,1.6%,-1.8%,false,false
,Italian Trade Balance,EUR,2015-07-16T04:03:00Z,None,2.83B,3.73B,4.18B,false,false
,Spanish 10-y Bond Auction,EUR,2015-07-16T04:51:00Z,None,,2.26|1.8,2.10|1.5,false,false
,Final Core CPI y/y,EUR,2015-07-16T05:00:00Z,None,0.8%,0.8%,0.8%,false,false
,Trade Balance,EUR,2015-07-16T05:00:00Z,None,22.3B,23.9B,21.2B,false,false
,Final CPI y/y,EUR,2015-07-16T05:00:00Z,None,0.2%,0.2%,0.2%,false,false
,Main Refinancing Rate,EUR,2015-07-16T07:45:00Z,High,0.05%,0.05%,0.05%,false,false
,Foreign Securities Purchases,CAD,2015-07-16T08:30:00Z,None,8.21B,16.73B,-5.45B,false,false
,ECB Press Conference,EUR,2015-07-16T08:30:00Z,High,,,,false,false
,Unemployment Claims,USD,2015-07-16T08:30:00Z,High,284K,296K,281K,false,false
,CB Leading Index m/m,GBP,2015-07-16T09:30:00Z,None,,0.3%,-0.4%,false,false
,Philly Fed Manufacturing Index,USD,2015-07-16T10:00:00Z,High,11.9,15.2,5.7,false,false
,NAHB Housing Market Index,USD,2015-07-16T10:00:00Z,None,59,60,60,false,false
,Natural Gas Storage,USD,2015-07-16T10:30:00Z,None,89B,91B,99B,false,false
,BOE Gov Carney Speaks,GBP,2015-07-16T14:00:00Z,None,,,,false,false
,Fed Chair Yellen Testifies,USD,2015-07-16T14:30:00Z,High,,,,false,false
,TIC Long-Term Purchases,USD,2015-07-16T16:00:00Z,None,30.3B,54.4B,93.0B,false,false
,CB Leading Index m/m,AUD,2015-07-16T20:00:00Z,None,,-0.3%,0.2%,false,false
,CPI y/y,USD,2015-07-17T08:30:00Z,High,0.0%,0.0%,0.1%,false,false
,CPI m/m,CAD,2015-07-17T08:30:00Z,None,0.2%,0.6%,0.2%,false,false
,Building Permits,USD,2015-07-17T08:30:00Z,High,1.11M,1.25M,1.34M,false,false
,Core CPI m/m,USD,2015-07-17T08:30:00Z,High,0.2%,0.1%,0.2%,false,false
,Core CPI y/y,USD,2015-07-17T08:30:00Z,High,1.8%,1.7%,1.8%,false,false
,CPI m/m,USD,2015-07-17T08:30:00Z,High,0.3%,0.4%,0.3%,false,false
,Core CPI m/m,CAD,2015-07-17T08:30:00Z,High,-0.1%,0.4%,0.0%,false,false
,Housing Starts,USD,2015-07-17T08:30:00Z,None,1.10M,1.07M,1.17M,false,false
,Prelim UoM Consumer Sentiment,USD,2015-07-17T10:00:00Z,High,96.0,96.1,93.3,false,false
,FOMC Member Fischer Speaks,USD,2015-07-17T10:00:00Z,None,,,,false,false
,Prelim UoM Inflation Expectations,USD,2015-07-17T10:00:00Z,None,,2.7%,2.8%,false,false
,Bank Holiday,JPY,2015-07-19T00:00:00Z,None,,,,true,false
,BusinessNZ Services Index,NZD,2015-07-19T18:30:00Z,None,,58.0,58.2,false,false
,Rightmove HPI m/m,GBP,2015-07-19T19:01:00Z,None,,3.0%,0.1%,false,false
,New Loans,CNY,2015-07-19T20:19:00Z,None,1050B,901B,1279B,false,false
,German PPI m/m,EUR,2015-07-20T02:00:00Z,None,0.0%,0.0%,-0.1%,false,false
,Current Account,EUR,2015-07-20T04:00:00Z,None,23.1B,24.0B,18.0B,false,false
,German Buba Monthly Report,EUR,2015-07-20T06:00:00Z,None,,,,false,false
,Wholesale Sales m/m,CAD,2015-07-20T08:30:00Z,High,0.1%,1.7%,-1.0%,false,false
,Treasury Sec Lew Speaks,USD,2015-07-20T14:30:00Z,None,,,,false,false
,Visitor Arrivals m/m,NZD,2015-07-20T18:45:00Z,None,,0.1%,-0.2%,false,false
,Monetary Policy Meeting Minutes,JPY,2015-07-20T19:50:00Z,None,,,,false,false
,Monetary Policy Meeting Minutes,AUD,2015-07-20T21:30:00Z,High,,,,false,false
,Foreign Direct Investment ytd/y,CNY,2015-07-20T22:00:00Z,None,,10.5%,8.3%,false,false
,Credit Card Spending y/y,NZD,2015-07-20T23:00:00Z,None,,7.2%,6.5%,false,false
,Trade Balance,CHF,2015-07-21T02:00:00Z,None,2.54B,3.41B,3.58B,false,false
,Public Sector Net Borrowing,GBP,2015-07-21T04:30:00Z,None,8.6B,8.4B,8.6B,false,false
,MI Leading Index m/m,AUD,2015-07-21T20:30:00Z,None,,-0.1%,0.0%,false,false
,CPI m/m,AUD,2015-07-21T21:30:00Z,High,0.8%,0.2%,0.7%,false,false
,Trimmed Mean CPI m/m,AUD,2015-07-21T21:30:00Z,None,0.6%,0.7%,0.6%,false,false
,CB Leading Index m/m,CNY,2015-07-21T22:00:00Z,None,,1.1%,1.0%,false,false
,RBA Gov Stevens Speaks,AUD,2015-07-21T23:05:00Z,High,,,,false,false
,All Industries Activity m/m,JPY,2015-07-22T00:30:00Z,None,-0.5%,0.1%,-0.5%,false,false
,MPC Official Bank Rate Votes,GBP,2015-07-22T04:30:00Z,High,0-0-9,0-0-9,0-0-9,false,false
,MPC Asset Purchase Facility Votes,GBP,2015-07-22T04:30:00Z,None,0-0-9,0-0-9,0-0-9,false,false
,Italian Retail Sales m/m,EUR,2015-07-22T05:00:00Z,None,0.1%,0.7%,-0.1%,false,false
,HPI m/m,USD,2015-07-22T09:00:00Z,None,0.5%,0.4%,0.4%,false,false
,Existing Home Sales,USD,2015-07-22T10:00:00Z,None,5.40M,5.32M,5.49M,false,false
,Crude Oil Inventories,USD,2015-07-22T10:30:00Z,None,-1.7M,-4.3M,2.5M,false,false
,Official Cash Rate,NZD,2015-07-22T17:00:00Z,High,3.00%,3.25%,3.00%,false,false
,RBNZ Rate Statement,NZD,2015-07-22T17:00:00Z,High,,,,false,false
,Trade Balance,JPY,2015-07-22T19:50:00Z,None,-0.25T,-0.16T,-0.25T,false,false
,Greek Gov Debt Crisis Vote,EUR,2015-07-22T21:11:00Z,High,Pass,,Pass,false,false
,NAB Quarterly Business Confidence,AUD,2015-07-22T21:30:00Z,None,,0,4,false,false
,Spanish Unemployment Rate,EUR,2015-07-23T03:00:00Z,None,22.8%,23.8%,22.4%,false,false
,Retail Sales m/m,GBP,2015-07-23T04:30:00Z,High,0.4%,0.3%,-0.2%,false,false
,Core Retail Sales m/m,CAD,2015-07-23T08:30:00Z,High,0.7%,-0.5%,0.9%,false,false
,Retail Sales m/m,CAD,2015-07-23T08:30:00Z,None,0.4%,-0.1%,1.0%,false,false
,Unemployment Claims,USD,2015-07-23T08:30:00Z,High,279K,281K,255K,false,false
,Consumer Confidence,EUR,2015-07-23T10:00:00Z,None,-6,-6,-7,false,false
,CB Leading Index m/m,USD,2015-07-23T10:00:00Z,None,0.1%,0.8%,0.6%,false,false
,German Buba President Weidmann Speaks,EUR,2015-07-23T10:15:00Z,None,,,,false,false
,Natural Gas Storage,USD,2015-07-23T10:30:00Z,None,71B,99B,61B,false,false
,Trade Balance,NZD,2015-07-23T18:45:00Z,High,100M,371M,-60M,false,false
,Flash Manufacturing PMI,JPY,2015-07-23T21:35:00Z,None,50.5,50.1,51.4,false,false
,Caixin Flash Manufacturing PMI,CNY,2015-07-23T21:45:00Z,High,49.8,49.4,48.2,false,false
,French Flash Manufacturing PMI,EUR,2015-07-24T03:00:00Z,High,51.1,50.7,49.6,false,false
,French Flash Services PMI,EUR,2015-07-24T03:00:00Z,None,53.9,54.1,52.0,false,false
,German Flash Manufacturing PMI,EUR,2015-07-24T03:30:00Z,High,52.1,51.9,51.5,false,false
,German Flash Services PMI,EUR,2015-07-24T03:30:00Z,None,54.1,53.8,53.7,false,false
,Flash Manufacturing PMI,EUR,2015-07-24T04:00:00Z,None,52.5,52.5,52.2,false,false
,Flash Services PMI,EUR,2015-07-24T04:00:00Z,None,54.2,54.4,53.8,false,false
,High Street Lending,GBP,2015-07-24T04:30:00Z,None,43.5K,42.9K,44.5K,false,false
,Belgian NBB Business Climate,EUR,2015-07-24T09:08:00Z,None,-4.0,-3.9,-4.1,false,false
,Flash Manufacturing PMI,USD,2015-07-24T09:45:00Z,None,53.7,53.6,53.8,false,false
,New Home Sales,USD,2015-07-24T10:00:00Z,None,543K,517K,482K,false,false
,SPPI y/y,JPY,2015-07-26T19:50:00Z,None,0.6%,0.6%,0.4%,false,false
,German Import Prices m/m,EUR,2015-07-27T02:00:00Z,None,0.2%,-0.2%,-0.5%,false,false
,German ifo Business Climate,EUR,2015-07-27T04:00:00Z,High,107.6,107.5,108.0,false,false
,M3 Money Supply y/y,EUR,2015-07-27T04:00:00Z,None,5.1%,5.0%,5.0%,false,false
,Private Loans y/y,EUR,2015-07-27T04:00:00Z,None,0.7%,0.5%,0.6%,false,false
,CBI Industrial Order Expectations,GBP,2015-07-27T06:00:00Z,None,-4,-7,-10,false,false
,Core Durable Goods Orders m/m,USD,2015-07-27T08:30:00Z,High,0.4%,0.0%,0.8%,false,false
,Durable Goods Orders m/m,USD,2015-07-27T08:30:00Z,None,3.2%,-2.2%,3.4%,false,false
,Prelim GDP q/q,GBP,2015-07-28T04:30:00Z,High,0.7%,0.4%,0.7%,false,false
,Index of Services 3m/3m,GBP,2015-07-28T04:30:00Z,None,0.5%,0.5%,0.4%,false,false
,RMPI m/m,CAD,2015-07-28T08:30:00Z,None,1.1%,4.5%,0.0%,false,false
,IPPI m/m,CAD,2015-07-28T08:30:00Z,None,0.3%,0.5%,0.5%,false,false
,S&P/CS Composite-20 HPI y/y,USD,2015-07-28T09:00:00Z,None,5.2%,5.0%,4.9%,false,false
,Flash Services PMI,USD,2015-07-28T09:45:00Z,None,55.1,54.8,55.2,false,false
,Richmond Manufacturing Index,USD,2015-07-28T09:59:00Z,None,6,6,13,false,false
,CB Consumer Confidence,USD,2015-07-28T10:00:00Z,High,100.1,99.8,90.9,false,false
,MPC Member Cunliffe Speaks,GBP,2015-07-28T14:00:00Z,None,,,,false,false
,RBNZ Gov Wheeler Speaks,NZD,2015-07-28T17:00:00Z,High,,,,false,false
,Retail Sales y/y,JPY,2015-07-28T19:50:00Z,None,0.8%,3.0%,0.9%,false,false
,UBS Consumption Indicator,CHF,2015-07-29T02:00:00Z,None,,1.62,1.68,false,false
,German GfK Consumer Climate,EUR,2015-07-29T02:00:00Z,None,10.1,10.1,10.1,false,false
,Net Lending to Individuals m/m,GBP,2015-07-29T04:30:00Z,None,3.0B,3.5B,3.8B,false,false
,M4 Money Supply m/m,GBP,2015-07-29T04:30:00Z,None,0.4%,0.5%,-0.5%,false,false
,Mortgage Approvals,GBP,2015-07-29T04:30:00Z,None,66K,65K,67K,false,false
,CBI Realized Sales,GBP,2015-07-29T06:00:00Z,None,30,29,21,false,false
,Pending Home Sales m/m,USD,2015-07-29T10:00:00Z,None,1.0%,0.6%,-1.8%,false,false
,Crude Oil Inventories,USD,2015-07-29T10:30:00Z,None,-0.1M,2.5M,-4.2M,false,false
,Federal Funds Rate,USD,2015-07-29T14:00:00Z,High,<0.25%,<0.25%,<0.25%,false,false
,FOMC Statement,USD,2015-07-29T14:00:00Z,High,,,,false,false
,Building Consents m/m,NZD,2015-07-29T18:45:00Z,None,,0.0%,-4.1%,false,false
,Prelim Industrial Production m/m,JPY,2015-07-29T19:50:00Z,None,0.4%,-2.1%,0.8%,false,false
,RBA Gov Stevens Speaks,AUD,2015-07-29T21:00:00Z,High,,,,false,false
,Building Approvals m/m,AUD,2015-07-29T21:30:00Z,High,-0.8%,2.3%,-8.2%,false,false
,Import Prices q/q,AUD,2015-07-29T21:30:00Z,None,1.4%,-0.2%,1.4%,false,false
,German Prelim CPI m/m,EUR,2015-07-30T00:00:00Z,None,0.2%,-0.1%,0.2%,true,false
,KOF Economic Barometer,CHF,2015-07-30T03:00:00Z,None,90.3,89.8,99.8,false,false
,Spanish Flash CPI y/y,EUR,2015-07-30T03:00:00Z,None,0.1%,0.1%,0.0%,false,false
,Spanish Flash GDP q/q,EUR,2015-07-30T03:00:00Z,None,1.1%,0.9%,1.0%,false,false
,German Unemployment Change,EUR,2015-07-30T03:55:00Z,None,-5K,1K,9K,false,false
,ECB Economic Bulletin,EUR,2015-07-30T04:00:00Z,None,,,,false,false
,Italian 10-y Bond Auction,EUR,2015-07-30T05:22:00Z,None,,2.35|1.4,1.83|1.4,false,false
,Advance GDP q/q,USD,2015-07-30T08:30:00Z,High,2.6%,-0.2%,2.3%,false,false
,Unemployment Claims,USD,2015-07-30T08:30:00Z,High,268K,255K,267K,false,false
,Advance GDP Price Index q/q,USD,2015-07-30T08:30:00Z,None,1.5%,0.0%,2.0%,false,false
,Goods Trade Balance,USD,2015-07-30T08:37:00Z,High,,,-62.3B,false,false
,Natural Gas Storage,USD,2015-07-30T10:30:00Z,None,53B,61B,52B,false,false
,GfK Consumer Confidence,GBP,2015-07-30T18:28:00Z,None,5,7,4,false,false
,National Core CPI y/y,JPY,2015-07-30T19:30:00Z,None,0.0%,0.1%,0.1%,false,false
,Tokyo Core CPI y/y,JPY,2015-07-30T19:30:00Z,None,0.0%,0.1%,-0.1%,false,false
,Household Spending y/y,JPY,2015-07-30T19:30:00Z,None,2.0%,4.8%,-2.0%,false,false
,Unemployment Rate,JPY,2015-07-30T19:30:00Z,None,3.3%,3.3%,3.4%,false,false
,ANZ Business Confidence,NZD,2015-07-30T21:00:00Z,High,,-2.3,-15.3,false,false
,PPI q/q,AUD,2015-07-30T21:30:00Z,High,0.2%,0.5%,0.3%,false,false
,Private Sector Credit m/m,AUD,2015-07-30T21:30:00Z,None,0.5%,0.5%,0.4%,false,false
,Housing Starts y/y,JPY,2015-07-31T01:00:00Z,None,3.2%,5.8%,16.3%,false,false
,German Retail Sales m/m,EUR,2015-07-31T02:00:00Z,None,0.3%,0.4%,-2.3%,false,false
,French Consumer Spending m/m,EUR,2015-07-31T02:45:00Z,None,0.7%,0.1%,0.4%,false,false
,Italian Monthly Unemployment Rate,EUR,2015-07-31T04:00:00Z,None,12.3%,12.5%,12.7%,false,false
,Core CPI Flash Estimate y/y,EUR,2015-07-31T05:00:00Z,None,0.8%,0.8%,1.0%,false,false
,CPI Flash Estimate y/y,EUR,2015-07-31T05:00:00Z,None,0.2%,0.2%,0.2%,false,false
,Unemployment Rate,EUR,2015-07-31T05:00:00Z,None,11.0%,11.1%,11.1%,false,false
,Italian Prelim CPI m/m,EUR,2015-07-31T05:00:00Z,None,0.0%,0.2%,-0.1%,false,false
,GDP m/m,CAD,2015-07-31T08:30:00Z,High,0.0%,-0.1%,-0.2%,false,false
,Employment Cost Index q/q,USD,2015-07-31T08:30:00Z,None,0.6%,0.7%,0.2%,false,false
,Chicago PMI,USD,2015-07-31T09:45:00Z,None,50.7,49.4,54.7,false,false
,Revised UoM Consumer Sentiment,USD,2015-07-31T10:00:00Z,None,94.2,93.3,93.1,false,false
,Revised UoM Inflation Expectations,USD,2015-07-31T10:00:00Z,None,,2.8%,2.8%,false,false
,Manufacturing PMI,CNY,2015-07-31T21:00:00Z,High,50.2,50.2,50.0,false,false
,Non-Manufacturing PMI,CNY,2015-07-31T21:00:00Z,None,,53.8,53.9,false,false
,Bank Holiday,AUD,2015-08-02T00:00:00Z,None,,,,true,false
,AIG Manufacturing Index,AUD,2015-08-02T19:30:00Z,None,,44.2,50.4,false,false
,MI Inflation Gauge m/m,AUD,2015-08-02T20:30:00Z,None,,0.1%,0.2%,false,false
,HIA New Home Sales m/m,AUD,2015-08-02T21:00:00Z,None,,-2.3%,0.5%,false,false
,ANZ Job Advertisements m/m,AUD,2015-08-02T21:30:00Z,None,,1.2%,-0.4%,false,false
,Final Manufacturing PMI,JPY,2015-08-02T21:35:00Z,None,51.4,51.4,51.2,false,false
,RatingDog Manufacturing PMI,CNY,2015-08-02T21:45:00Z,High,48.3,48.2,47.8,false,false
,Bank Holiday,CAD,2015-08-03T00:00:00Z,None,,,,true,false
,Total Vehicle Sales,USD,2015-08-03T00:00:00Z,None,17.2M,17.2M,17.6M,true,false
,Spanish Manufacturing PMI,EUR,2015-08-03T03:15:00Z,None,54.2,54.5,53.6,false,false
,Manufacturing PMI,CHF,2015-08-03T03:30:00Z,None,50.6,50.0,48.7,false,false
,Italian Manufacturing PMI,EUR,2015-08-03T03:45:00Z,None,54.6,54.1,55.3,false,false
,French Final Manufacturing PMI,EUR,2015-08-03T03:50:00Z,None,49.6,49.6,49.6,false,false
,German Final Manufacturing PMI,EUR,2015-08-03T03:55:00Z,None,51.5,51.5,51.8,false,false
,Final Manufacturing PMI,EUR,2015-08-03T04:00:00Z,None,52.2,52.2,52.4,false,false
,Final Manufacturing PMI,GBP,2015-08-03T04:30:00Z,High,51.6,51.4,51.9,false,false
,Core PCE Price Index m/m,USD,2015-08-03T08:30:00Z,None,0.1%,0.1%,0.1%,false,false
,Personal Spending m/m,USD,2015-08-03T08:30:00Z,None,0.2%,0.7%,0.2%,false,false
,Personal Income m/m,USD,2015-08-03T08:30:00Z,None,0.4%,0.4%,0.4%,false,false
,ISM Manufacturing PMI,USD,2015-08-03T09:45:00Z,High,53.6,53.5,52.7,false,false
,Final Manufacturing PMI,USD,2015-08-03T09:45:00Z,None,53.8,53.8,53.8,false,false
,ISM Manufacturing Prices,USD,2015-08-03T09:45:00Z,None,49.5,49.5,44.0,false,false
,Construction Spending m/m,USD,2015-08-03T10:00:00Z,None,0.8%,1.8%,0.1%,false,false
,FOMC Member Powell Speaks,USD,2015-08-03T10:50:00Z,None,,,,false,false
,Loan Officer Survey,USD,2015-08-03T14:00:00Z,None,,,,false,false
,Monetary Base y/y,JPY,2015-08-03T19:50:00Z,None,32.2%,34.2%,32.8%,false,false
,ANZ Commodity Prices m/m,NZD,2015-08-03T21:00:00Z,None,,-3.1%,-11.2%,false,false
,Goods Trade Balance,AUD,2015-08-03T21:30:00Z,High,-3.06B,-2.68B,-2.93B,false,false
,Retail Sales m/m,AUD,2015-08-03T21:30:00Z,High,0.5%,0.4%,0.7%,false,false
,Average Cash Earnings y/y,JPY,2015-08-03T21:30:00Z,None,0.9%,0.7%,-2.4%,false,false
,10-y Bond Auction,JPY,2015-08-03T23:45:00Z,None,,0.51|2.6,0.40|2.8,false,false
,Cash Rate,AUD,2015-08-04T00:30:00Z,High,2.00%,2.00%,2.00%,false,false
,RBA Rate Statement,AUD,2015-08-04T00:30:00Z,High,,,,false,false
,Nationwide HPI m/m,GBP,2015-08-04T02:00:00Z,None,0.4%,-0.2%,0.4%,false,false
,Commodity Prices y/y,AUD,2015-08-04T02:30:00Z,None,,-17.1%,-20.2%,false,false
,Spanish Unemployment Change,EUR,2015-08-04T03:00:00Z,None,-45.6K,-94.7K,-74.0K,false,false
,Construction PMI,GBP,2015-08-04T04:30:00Z,High,58.6,58.1,57.1,false,false
,PPI m/m,EUR,2015-08-04T05:00:00Z,None,-0.1%,0.0%,-0.1%,false,false
,10-y Bond Auction,GBP,2015-08-04T05:35:00Z,None,,2.02|1.2,1.98|1.4,false,false
,Manufacturing PMI,CAD,2015-08-04T09:30:00Z,None,,51.3,50.8,false,false
,Factory Orders m/m,USD,2015-08-04T10:00:00Z,None,1.8%,-1.1%,1.8%,false,false
,RCM/TIPP Economic Optimism,USD,2015-08-04T10:00:00Z,None,48.0,48.1,46.9,false,false
,GDT Price Index,NZD,2015-08-04T10:14:00Z,High,,-10.7%,-9.3%,false,false
,Employment Change q/q,NZD,2015-08-04T18:45:00Z,High,0.5%,0.6%,0.3%,false,false
,Unemployment Rate,NZD,2015-08-04T18:45:00Z,High,5.9%,5.8%,5.9%,false,false
,Labor Cost Index q/q,NZD,2015-08-04T18:45:00Z,None,0.5%,0.3%,0.5%,false,false
,BRC Shop Price Index y/y,GBP,2015-08-04T19:01:00Z,None,,-1.3%,-1.4%,false,false
,AIG Services Index,AUD,2015-08-04T19:30:00Z,None,,51.2,54.1,false,false
,RatingDog Services PMI,CNY,2015-08-04T21:45:00Z,None,52.2,51.8,53.8,false,false
,CPI m/m,CHF,2015-08-05T03:15:00Z,None,-0.4%,0.1%,-0.6%,false,false
,Spanish Services PMI,EUR,2015-08-05T03:15:00Z,None,55.8,56.1,59.7,false,false
,Italian Services PMI,EUR,2015-08-05T03:45:00Z,None,53.2,53.4,52.0,false,false
,French Final Services PMI,EUR,2015-08-05T03:50:00Z,None,52.1,52.0,52.0,false,false
,German Final Services PMI,EUR,2015-08-05T03:55:00Z,None,53.7,53.7,53.8,false,false
,Final Services PMI,EUR,2015-08-05T04:00:00Z,None,53.8,53.8,54.0,false,false
,Italian Industrial Production m/m,EUR,2015-08-05T04:00:00Z,None,-0.2%,0.9%,-1.1%,false,false
,Final Services PMI,GBP,2015-08-05T04:30:00Z,High,58.1,58.5,57.4,false,false
,Retail Sales m/m,EUR,2015-08-05T05:00:00Z,None,-0.1%,0.1%,-0.6%,false,false
,ADP Non-Farm Employment Change,USD,2015-08-05T08:15:00Z,High,216K,229K,185K,false,false
,Trade Balance,CAD,2015-08-05T08:30:00Z,High,-2.8B,-3.4B,-0.5B,false,false
,Trade Balance,USD,2015-08-05T08:30:00Z,High,-42.8B,-40.9B,-43.8B,false,false
,Final Services PMI,USD,2015-08-05T09:45:00Z,None,55.2,55.2,55.7,false,false
,ISM Services PMI,USD,2015-08-05T10:00:00Z,High,56.3,56.0,60.3,false,false
,Crude Oil Inventories,USD,2015-08-05T10:30:00Z,None,-1.3M,-4.2M,-4.4M,false,false
,Employment Change,AUD,2015-08-05T21:30:00Z,High,10.2K,7.0K,38.5K,false,false
,Unemployment Rate,AUD,2015-08-05T21:30:00Z,High,6.1%,6.1%,6.3%,false,false
,Leading Indicators,JPY,2015-08-06T01:00:00Z,None,106.9%,106.2%,107.2%,false,false
,SECO Consumer Climate,CHF,2015-08-06T01:45:00Z,None,-7,-6,-19,false,false
,German Factory Orders m/m,EUR,2015-08-06T02:00:00Z,None,0.4%,-0.3%,2.0%,false,false
,Lloyds HPI m/m,GBP,2015-08-06T03:00:00Z,None,0.5%,1.6%,-0.6%,false,false
,Retail PMI,EUR,2015-08-06T04:10:00Z,None,,50.4,54.2,false,false
,Manufacturing Production m/m,GBP,2015-08-06T04:30:00Z,High,0.2%,-0.6%,0.2%,false,false
,Industrial Production m/m,GBP,2015-08-06T04:30:00Z,None,0.1%,0.3%,-0.4%,false,false
,Spanish 10-y Bond Auction,EUR,2015-08-06T04:45:00Z,None,,2.10|1.5,1.98|1.7,false,false
,French 10-y Bond Auction,EUR,2015-08-06T05:00:00Z,None,,1.30|2.1,1.02|2.0,false,false
,BOE Monetary Policy Report,GBP,2015-08-06T07:00:00Z,High,,,,false,false
,Monetary Policy Summary,GBP,2015-08-06T07:00:00Z,High,,,,false,false
,MPC Official Bank Rate Votes,GBP,2015-08-06T07:00:00Z,High,2-0-7,0-0-9,1-0-8,false,false
,Official Bank Rate,GBP,2015-08-06T07:00:00Z,High,0.50%,0.50%,0.50%,false,false
,Asset Purchase Facility,GBP,2015-08-06T07:00:00Z,None,375B,375B,375B,false,false
,BOE Inflation Letter,GBP,2015-08-06T07:00:00Z,None,,,,false,false
,MPC Asset Purchase Facility Votes,GBP,2015-08-06T07:00:00Z,None,0-0-9,0-0-9,0-0-9,false,false
,Challenger Job Cuts y/y,USD,2015-08-06T07:30:00Z,None,,42.7%,125.4%,false,false
,BOE Gov Carney Speaks,GBP,2015-08-06T07:45:00Z,High,,,,false,false
,Unemployment Claims,USD,2015-08-06T08:30:00Z,High,273K,267K,270K,false,false
,NIESR GDP Estimate,GBP,2015-08-06T10:00:00Z,None,,0.7%,0.7%,false,false
,Natural Gas Storage,USD,2015-08-06T10:30:00Z,None,46B,52B,32B,false,false
,AIG Construction Index,AUD,2015-08-06T19:30:00Z,None,,46.4,47.1,false,false
,RBA Monetary Policy Statement,AUD,2015-08-06T21:30:00Z,High,,,,false,false
,Home Loans m/m,AUD,2015-08-06T21:30:00Z,None,5.2%,-7.3%,4.4%,false,false
,Monetary Policy Statement,JPY,2015-08-06T23:18:00Z,High,,,,false,false
,Unemployment Rate,CHF,2015-08-07T01:45:00Z,None,3.3%,3.3%,3.3%,false,false
,German Industrial Production m/m,EUR,2015-08-07T02:00:00Z,None,0.3%,0.2%,-1.4%,false,false
,German Trade Balance,EUR,2015-08-07T02:00:00Z,None,23.2B,22.6B,22.0B,false,false
,BOJ Press Conference,JPY,2015-08-07T02:30:00Z,High,,,,false,false
,French Gov Budget Balance,EUR,2015-08-07T02:45:00Z,None,,-63.9B,-58.5B,false,false
,French Industrial Production m/m,EUR,2015-08-07T02:45:00Z,None,0.3%,0.4%,-0.1%,false,false
,French Trade Balance,EUR,2015-08-07T02:45:00Z,None,-3.7B,-4.0B,-2.7B,false,false
,Foreign Currency Reserves,CHF,2015-08-07T03:00:00Z,None,,516B,532B,false,false
,Goods Trade Balance,GBP,2015-08-07T04:30:00Z,None,-9.1B,-8.4B,-9.2B,false,false
,Building Permits m/m,CAD,2015-08-07T08:30:00Z,High,5.1%,-13.9%,14.8%,false,false
,Employment Change,CAD,2015-08-07T08:30:00Z,High,5.3K,-6.4K,6.6K,false,false
,Unemployment Rate,CAD,2015-08-07T08:30:00Z,High,6.8%,6.8%,6.8%,false,false
,Average Hourly Earnings m/m,USD,2015-08-07T08:30:00Z,High,0.2%,0.0%,0.2%,false,false
,Non-Farm Employment Change,USD,2015-08-07T08:30:00Z,High,222K,231K,215K,false,false
,Unemployment Rate,USD,2015-08-07T08:30:00Z,High,5.3%,5.3%,5.3%,false,false
,Ivey PMI,CAD,2015-08-07T10:00:00Z,High,51.8,55.9,52.9,false,false
,Consumer Credit m/m,USD,2015-08-07T15:00:00Z,None,17.2B,16.5B,20.7B,false,false
,Trade Balance,CNY,2015-08-07T21:52:00Z,High,353B,284B,263B,false,false
,USD-Denominated Trade Balance,CNY,2015-08-07T22:04:00Z,None,53.4B,46.5B,43.0B,false,false
,CPI y/y,CNY,2015-08-08T21:30:00Z,High,1.5%,1.4%,1.6%,false,false
,PPI y/y,CNY,2015-08-08T21:30:00Z,None,-5.0%,-4.8%,-5.4%,false,false
,Current Account,JPY,2015-08-09T19:50:00Z,None,1.41T,1.64T,1.30T,false,false
,Bank Lending y/y,JPY,2015-08-09T19:50:00Z,None,,2.5%,2.6%,false,false
,BOJ Monthly Report,JPY,2015-08-10T01:00:00Z,None,,,,false,false
,Consumer Confidence,JPY,2015-08-10T01:00:00Z,None,42.2,41.7,40.3,false,false
,Economy Watchers Sentiment,JPY,2015-08-10T02:00:00Z,None,53.1,51.0,51.6,false,false
,Sentix Investor Confidence,EUR,2015-08-10T04:30:00Z,None,20.2,18.5,18.4,false,false
,FOMC Member Fischer Speaks,USD,2015-08-10T07:15:00Z,None,,,,false,false
,FOMC Member Lockhart Speaks,USD,2015-08-10T09:00:00Z,None,,,,false,false
,Labor Market Conditions Index m/m,USD,2015-08-10T10:00:00Z,None,,1.4,1.1,false,false
,FOMC Member Lockhart Speaks,USD,2015-08-10T12:25:00Z,High,,,,false,false
,BRC Retail Sales Monitor y/y,GBP,2015-08-10T19:01:00Z,None,,1.8%,1.2%,false,false
,M2 Money Stock y/y,JPY,2015-08-10T19:50:00Z,None,3.9%,3.9%,4.1%,false,false
,New Loans,CNY,2015-08-10T20:30:00Z,None,725B,1279B,1480B,false,false
,M2 Money Supply y/y,CNY,2015-08-10T20:30:00Z,None,11.7%,11.8%,13.3%,false,false
,NAB Business Confidence,AUD,2015-08-10T21:30:00Z,High,,8,4,false,false
,30-y Bond Auction,JPY,2015-08-10T23:45:00Z,None,,1.43|2.2,1.44|3.3,false,false
,Prelim Machine Tool Orders y/y,JPY,2015-08-11T01:59:00Z,None,,6.6%,1.6%,false,false
,German WPI m/m,EUR,2015-08-11T02:00:00Z,None,0.2%,-0.2%,0.1%,false,false
,German ZEW Economic Sentiment,EUR,2015-08-11T05:00:00Z,High,31.7,29.7,25.0,false,false
,ZEW Economic Sentiment,EUR,2015-08-11T05:00:00Z,None,43.9,42.7,47.6,false,false
,NFIB Small Business Index,USD,2015-08-11T06:00:00Z,None,95.4,94.1,95.4,false,false
,Housing Starts,CAD,2015-08-11T08:13:00Z,None,205K,202K,193K,false,false
,Prelim Unit Labor Costs q/q,USD,2015-08-11T08:30:00Z,High,0.0%,6.7%,0.5%,false,false
,Prelim Nonfarm Productivity q/q,USD,2015-08-11T08:30:00Z,None,1.6%,-3.1%,1.3%,false,false
,CB Leading Index m/m,GBP,2015-08-11T09:30:00Z,None,,-0.4%,-0.2%,false,false
,Final Wholesale Inventories m/m,USD,2015-08-11T10:00:00Z,None,0.4%,0.6%,0.9%,false,false
,Monetary Policy Meeting Minutes,JPY,2015-08-11T19:50:00Z,None,,,,false,false
,PPI y/y,JPY,2015-08-11T19:50:00Z,None,-2.9%,-2.4%,-3.0%,false,false
,Westpac Consumer Sentiment,AUD,2015-08-11T20:30:00Z,None,,-3.2%,7.8%,false,false
,Wage Price Index q/q,AUD,2015-08-11T21:30:00Z,None,0.6%,0.5%,0.6%,false,false
,Revised Industrial Production m/m,JPY,2015-08-12T00:30:00Z,None,0.8%,0.8%,1.1%,false,false
,Tertiary Industry Activity m/m,JPY,2015-08-12T00:30:00Z,None,0.1%,-0.6%,0.3%,false,false
,Industrial Production y/y,CNY,2015-08-12T01:30:00Z,High,6.7%,6.8%,6.0%,false,false
,Fixed Asset Investment ytd/y,CNY,2015-08-12T01:30:00Z,None,11.5%,11.4%,11.2%,false,false
,Retail Sales y/y,CNY,2015-08-12T01:30:00Z,None,10.6%,10.6%,10.5%,false,false
,Italian Trade Balance,EUR,2015-08-12T04:00:00Z,None,3.98B,4.14B,2.81B,false,false
,Claimant Count Change,GBP,2015-08-12T04:30:00Z,High,1.4K,0.2K,-4.9K,false,false
,Unemployment Rate,GBP,2015-08-12T04:30:00Z,None,5.6%,5.6%,5.6%,false,false
,Average Earnings Index 3m/y,GBP,2015-08-12T04:30:00Z,High,2.8%,3.2%,2.4%,false,false
,UBS Economic Expectations,CHF,2015-08-12T05:00:00Z,None,,-5.4,5.9,false,false
,Industrial Production m/m,EUR,2015-08-12T05:00:00Z,None,-0.1%,-0.2%,-0.4%,false,false
,German 10-y Bond Auction,EUR,2015-08-12T05:32:00Z,None,,0.88|1.1,0.61|1.3,false,false
,RBA Deputy Gov Lowe Speaks,AUD,2015-08-12T06:00:00Z,None,,,,false,false
,FOMC Member Dudley Speaks,USD,2015-08-12T08:30:00Z,None,,,,false,false
,JOLTS Job Openings,USD,2015-08-12T10:00:00Z,None,5.33M,5.36M,5.25M,false,false
,Crude Oil Inventories,USD,2015-08-12T10:30:00Z,None,-1.6M,-4.4M,-1.7M,false,false
,10-y Bond Auction,USD,2015-08-12T13:01:00Z,None,,2.23|2.7,2.12|2.4,false,false
,Federal Budget Balance,USD,2015-08-12T14:00:00Z,None,-133.5B,51.8B,-149.2B,false,false
,BusinessNZ Manufacturing Index,NZD,2015-08-12T18:30:00Z,None,,55.1,53.5,false,false
,FPI m/m,NZD,2015-08-12T18:45:00Z,None,,0.5%,0.6%,false,false
,RICS House Price Balance,GBP,2015-08-12T19:01:00Z,None,42%,40%,44%,false,false
,Core Machinery Orders m/m,JPY,2015-08-12T19:50:00Z,None,-5.3%,0.6%,-7.9%,false,false
,MI Inflation Expectations,AUD,2015-08-12T20:45:00Z,None,,3.4%,3.7%,false,false
,German Final CPI m/m,EUR,2015-08-13T02:00:00Z,None,0.2%,0.2%,0.2%,false,false
,French Final CPI m/m,EUR,2015-08-13T02:45:00Z,None,-0.4%,-0.1%,-0.4%,false,false
,PPI m/m,CHF,2015-08-13T03:15:00Z,None,-0.2%,-0.1%,-0.3%,false,false
,ECB Monetary Policy Meeting Accounts,EUR,2015-08-13T07:30:00Z,None,,,,false,false
,NHPI m/m,CAD,2015-08-13T08:30:00Z,None,0.1%,0.2%,0.3%,false,false
,Core Retail Sales m/m,USD,2015-08-13T08:30:00Z,High,0.4%,0.4%,0.4%,false,false
,Retail Sales m/m,USD,2015-08-13T08:30:00Z,High,0.6%,0.0%,0.6%,false,false
,Unemployment Claims,USD,2015-08-13T08:30:00Z,High,272K,269K,274K,false,false
,Import Prices m/m,USD,2015-08-13T08:30:00Z,None,-1.0%,0.0%,-0.9%,false,false
,Mortgage Delinquencies,USD,2015-08-13T10:00:00Z,None,,5.54%,5.30%,false,false
,Business Inventories m/m,USD,2015-08-13T10:00:00Z,None,0.3%,0.3%,0.8%,false,false
,Natural Gas Storage,USD,2015-08-13T10:30:00Z,None,47B,32B,65B,false,false
,30-y Bond Auction,USD,2015-08-13T13:01:00Z,None,,3.08|2.2,2.88|2.3,false,false
,Core Retail Sales q/q,NZD,2015-08-13T18:45:00Z,None,0.7%,2.5%,0.1%,false,false
,Retail Sales q/q,NZD,2015-08-13T18:45:00Z,High,0.5%,2.3%,0.1%,false,false
,RBA Assist Gov Kent Speaks,AUD,2015-08-13T22:15:00Z,None,,,,false,false
,Foreign Direct Investment ytd/y,CNY,2015-08-13T22:53:00Z,None,,8.3%,7.9%,false,false
,Eurogroup Meetings,EUR,2015-08-14T00:00:00Z,None,,,,true,false
,French Prelim GDP q/q,EUR,2015-08-14T01:30:00Z,None,0.2%,0.7%,0.0%,false,false
,German Prelim GDP q/q,EUR,2015-08-14T02:00:00Z,High,0.5%,0.3%,0.4%,false,false
,French Prelim Private Payrolls q/q,EUR,2015-08-14T02:45:00Z,None,0.1%,0.0%,0.2%,false,false
,Greek Gov Debt Crisis Vote,EUR,2015-08-14T02:57:00Z,High,Pass,,Pass,false,false
,Italian Prelim GDP q/q,EUR,2015-08-14T04:00:00Z,None,0.3%,0.3%,0.2%,false,false
,Construction Output m/m,GBP,2015-08-14T04:30:00Z,None,2.4%,-1.0%,0.9%,false,false
,Final CPI y/y,EUR,2015-08-14T05:00:00Z,None,0.2%,0.2%,0.2%,false,false
,Flash GDP q/q,EUR,2015-08-14T05:00:00Z,None,0.4%,0.4%,0.3%,false,false
,Final Core CPI y/y,EUR,2015-08-14T05:00:00Z,None,1.0%,1.0%,1.0%,false,false
,Manufacturing Sales m/m,CAD,2015-08-14T08:30:00Z,High,2.3%,0.2%,1.2%,false,false
,PPI m/m,USD,2015-08-14T08:30:00Z,High,0.1%,0.4%,0.2%,false,false
,Core PPI m/m,USD,2015-08-14T08:30:00Z,None,0.1%,0.3%,0.3%,false,false
,Capacity Utilization Rate,USD,2015-08-14T09:15:00Z,None,78.0%,77.7%,78.0%,false,false
,Industrial Production m/m,USD,2015-08-14T09:15:00Z,None,0.3%,0.1%,0.6%,false,false
,Prelim UoM Consumer Sentiment,USD,2015-08-14T10:00:00Z,High,93.5,93.1,92.9,false,false
,Prelim UoM Inflation Expectations,USD,2015-08-14T10:00:00Z,None,,2.8%,2.8%,false,false
,BusinessNZ Services Index,NZD,2015-08-16T18:30:00Z,None,,58.4,56.5,false,false
,Rightmove HPI m/m,GBP,2015-08-16T19:01:00Z,None,,0.1%,-0.8%,false,false
,Prelim GDP q/q,JPY,2015-08-16T19:50:00Z,High,-0.5%,1.0%,-0.4%,false,false
,Prelim GDP Price Index y/y,JPY,2015-08-16T19:50:00Z,None,2.2%,3.4%,1.6%,false,false
,Retail Sales y/y,CHF,2015-08-17T03:15:00Z,None,-0.6%,-1.8%,-0.9%,false,false
,Trade Balance,EUR,2015-08-17T05:00:00Z,None,19.3B,21.3B,21.9B,false,false
,German Buba Monthly Report,EUR,2015-08-17T06:00:00Z,None,,,,false,false
,Foreign Securities Purchases,CAD,2015-08-17T08:30:00Z,None,-5.95B,-5.46B,8.51B,false,false
,Empire State Manufacturing Index,USD,2015-08-17T08:30:00Z,None,5.0,3.9,-14.9,false,false
,NAHB Housing Market Index,USD,2015-08-17T10:00:00Z,None,62,60,61,false,false
,TIC Long-Term Purchases,USD,2015-08-17T16:00:00Z,None,23.0B,93.0B,103.1B,false,false
,New Motor Vehicle Sales m/m,AUD,2015-08-17T21:30:00Z,None,,3.9%,-1.3%,false,false
,Monetary Policy Meeting Minutes,AUD,2015-08-17T21:30:00Z,High,,,,false,false
,PPI Input m/m,GBP,2015-08-18T04:30:00Z,None,-1.8%,-1.8%,-0.9%,false,false
,CPI y/y,GBP,2015-08-18T04:30:00Z,High,0.0%,0.0%,0.1%,false,false
,RPI y/y,GBP,2015-08-18T04:30:00Z,None,1.0%,1.0%,1.0%,false,false
,Core CPI y/y,GBP,2015-08-18T04:30:00Z,None,0.8%,0.8%,1.2%,false,false
,ONS HPI y/y,GBP,2015-08-18T04:30:00Z,None,5.9%,5.6%,5.7%,false,false
,PPI Output m/m,GBP,2015-08-18T04:30:00Z,None,-0.1%,-0.1%,-0.1%,false,false
,Building Permits,USD,2015-08-18T08:30:00Z,High,1.23M,1.34M,1.12M,false,false
,Housing Starts,USD,2015-08-18T08:30:00Z,None,1.19M,1.20M,1.21M,false,false
,GDT Price Index,NZD,2015-08-18T11:00:00Z,High,,-9.3%,14.8%,false,false
,PPI Input q/q,NZD,2015-08-18T18:45:00Z,None,-0.5%,-1.1%,-0.3%,false,false
,PPI Output q/q,NZD,2015-08-18T18:45:00Z,None,-0.2%,-0.9%,-0.2%,false,false
,Trade Balance,JPY,2015-08-18T19:50:00Z,None,-0.16T,-0.28T,-0.37T,false,false
,MI Leading Index m/m,AUD,2015-08-18T20:30:00Z,None,,0.0%,0.0%,false,false
,All Industries Activity m/m,JPY,2015-08-19T00:30:00Z,None,0.4%,-0.5%,0.3%,false,false
,Current Account,EUR,2015-08-19T04:00:00Z,None,19.2B,19.1B,25.4B,false,false
,Core CPI m/m,USD,2015-08-19T08:30:00Z,High,0.2%,0.2%,0.1%,false,false
,CPI m/m,USD,2015-08-19T08:30:00Z,High,0.2%,0.3%,0.1%,false,false
,CPI y/y,USD,2015-08-19T08:30:00Z,High,0.2%,0.1%,0.2%,false,false
,Crude Oil Inventories,USD,2015-08-19T10:30:00Z,None,-0.6M,-1.7M,2.6M,false,false
,FOMC Meeting Minutes,USD,2015-08-19T13:46:00Z,High,,,,false,false
,Trade Balance,CHF,2015-08-20T02:00:00Z,None,2.59B,3.51B,3.74B,false,false
,German PPI m/m,EUR,2015-08-20T02:00:00Z,None,-0.1%,-0.1%,0.0%,false,false
,FOMC Member Williams Speaks,USD,2015-08-20T02:45:00Z,None,,,,false,false
,Retail Sales m/m,GBP,2015-08-20T04:30:00Z,High,0.4%,-0.1%,0.1%,false,false
,Spanish 10-y Bond Auction,EUR,2015-08-20T04:43:00Z,None,,1.98|1.7,1.92|2.3,false,false
,CBI Industrial Order Expectations,GBP,2015-08-20T06:00:00Z,None,-10,-10,-1,false,false
,Wholesale Sales m/m,CAD,2015-08-20T08:30:00Z,None,1.0%,-0.9%,1.3%,false,false
,Unemployment Claims,USD,2015-08-20T08:30:00Z,High,272K,273K,277K,false,false
,Philly Fed Manufacturing Index,USD,2015-08-20T10:00:00Z,High,6.9,5.7,8.3,false,false
,Existing Home Sales,USD,2015-08-20T10:00:00Z,High,5.45M,5.48M,5.59M,false,false
,CB Leading Index m/m,USD,2015-08-20T10:00:00Z,None,0.2%,0.6%,-0.2%,false,false
,Natural Gas Storage,USD,2015-08-20T10:30:00Z,None,60B,65B,53B,false,false
,Visitor Arrivals m/m,NZD,2015-08-20T18:45:00Z,None,,-0.5%,-2.7%,false,false
,Flash Manufacturing PMI,JPY,2015-08-20T21:35:00Z,None,52.1,51.2,51.9,false,false
,Caixin Flash Manufacturing PMI,CNY,2015-08-20T21:45:00Z,High,48.1,47.8,47.1,false,false
,Credit Card Spending y/y,NZD,2015-08-20T23:00:00Z,None,,6.6%,9.7%,false,false
,German GfK Consumer Climate,EUR,2015-08-21T02:00:00Z,None,10.2,10.1,9.9,false,false
,French Flash Services PMI,EUR,2015-08-21T03:00:00Z,None,52.1,52.0,51.8,false,false
,French Flash Manufacturing PMI,EUR,2015-08-21T03:00:00Z,High,49.8,49.6,48.6,false,false
,German Flash Manufacturing PMI,EUR,2015-08-21T03:30:00Z,High,51.7,51.8,53.2,false,false
,German Flash Services PMI,EUR,2015-08-21T03:30:00Z,None,53.7,53.8,53.6,false,false
,Flash Manufacturing PMI,EUR,2015-08-21T04:00:00Z,None,52.3,52.4,52.4,false,false
,Flash Services PMI,EUR,2015-08-21T04:00:00Z,None,54.1,54.0,54.3,false,false
,Public Sector Net Borrowing,GBP,2015-08-21T04:30:00Z,None,-2.3B,8.6B,-2.1B,false,false
,CPI m/m,CAD,2015-08-21T08:30:00Z,None,0.1%,0.2%,0.1%,false,false
,Core CPI m/m,CAD,2015-08-21T08:30:00Z,High,0.0%,0.0%,0.0%,false,false
,Core Retail Sales m/m,CAD,2015-08-21T08:30:00Z,High,0.6%,0.8%,0.8%,false,false
,Core CPI y/y,USD,2015-08-21T08:30:00Z,High,1.8%,1.8%,1.8%,false,false
,Retail Sales m/m,CAD,2015-08-21T08:30:00Z,None,0.2%,0.9%,0.6%,false,false
,Flash Manufacturing PMI,USD,2015-08-21T09:45:00Z,None,53.9,53.8,52.9,false,false
,Consumer Confidence,EUR,2015-08-21T10:00:00Z,None,-7,-7,-7,false,false
,FOMC Member Lockhart Speaks,USD,2015-08-24T15:55:00Z,None,,,,false,false
,CB Leading Index m/m,AUD,2015-08-24T20:00:00Z,None,,0.2%,-0.2%,false,false
,CB Leading Index m/m,CNY,2015-08-24T22:00:00Z,None,,0.6%,0.9%,false,false
,Inflation Expectations q/q,NZD,2015-08-24T23:00:00Z,High,,1.85%,1.94%,false,false
,German Final GDP q/q,EUR,2015-08-25T02:00:00Z,None,0.4%,0.4%,0.4%,false,false
,Employment Level,CHF,2015-08-25T03:15:00Z,None,4.24M,4.23M,4.24M,false,false
,German ifo Business Climate,EUR,2015-08-25T04:00:00Z,High,107.6,108.0,108.3,false,false
,Belgian NBB Business Climate,EUR,2015-08-25T08:58:00Z,None,-3.2,-4.1,-5.1,false,false
,S&P/CS Composite-20 HPI y/y,USD,2015-08-25T09:00:00Z,None,5.1%,5.0%,5.0%,false,false
,HPI m/m,USD,2015-08-25T09:00:00Z,None,0.4%,0.5%,0.2%,false,false
,Flash Services PMI,USD,2015-08-25T09:45:00Z,None,54.1,55.7,55.2,false,false
,Richmond Manufacturing Index,USD,2015-08-25T09:59:00Z,None,9,13,0,false,false
,CB Consumer Confidence,USD,2015-08-25T10:00:00Z,High,92.8,91.0,101.5,false,false
,New Home Sales,USD,2015-08-25T10:00:00Z,None,512K,481K,507K,false,false
,Gov Council Member Schembri Speaks,CAD,2015-08-25T12:40:00Z,None,,,,false,false
,Trade Balance,NZD,2015-08-25T18:45:00Z,High,-665M,-194M,-649M,false,false
,SPPI y/y,JPY,2015-08-25T19:50:00Z,None,0.4%,0.4%,0.6%,false,false
,RBA Gov Stevens Speaks,AUD,2015-08-25T20:05:00Z,High,,,,false,false
,Construction Work Done q/q,AUD,2015-08-25T21:30:00Z,None,-1.5%,-0.8%,1.6%,false,false
,UBS Consumption Indicator,CHF,2015-08-26T02:00:00Z,None,,1.61,1.64,false,false
,High Street Lending,GBP,2015-08-26T04:30:00Z,None,46.0K,44.8K,46.0K,false,false
,CBI Realized Sales,GBP,2015-08-26T06:00:00Z,None,19,21,24,false,false
,Core Durable Goods Orders m/m,USD,2015-08-26T08:30:00Z,High,0.3%,0.6%,0.6%,false,false
,Durable Goods Orders m/m,USD,2015-08-26T08:30:00Z,None,-0.4%,4.1%,2.0%,false,false
,FOMC Member Dudley Speaks,USD,2015-08-26T10:00:00Z,High,,,,false,false
,Crude Oil Inventories,USD,2015-08-26T10:30:00Z,None,1.0M,2.6M,-5.5M,false,false
,Private Capital Expenditure q/q,AUD,2015-08-26T21:30:00Z,High,-2.5%,-4.7%,-4.0%,false,false
,Jackson Hole Symposium,All,2015-08-27T00:00:00Z,High,,,,false,false
,German Import Prices m/m,EUR,2015-08-27T02:00:00Z,None,-0.3%,-0.5%,-0.7%,false,false
,Nationwide HPI m/m,GBP,2015-08-27T02:00:00Z,None,0.4%,0.4%,0.3%,false,false
,M3 Money Supply y/y,EUR,2015-08-27T04:00:00Z,None,4.9%,4.9%,5.3%,false,false
,Private Loans y/y,EUR,2015-08-27T04:15:00Z,None,0.7%,0.2%,0.9%,false,false
,Corporate Profits q/q,CAD,2015-08-27T08:30:00Z,None,,-6.0%,12.9%,false,false
,Prelim GDP q/q,USD,2015-08-27T08:30:00Z,High,3.2%,2.3%,3.7%,false,false
,Unemployment Claims,USD,2015-08-27T08:30:00Z,High,275K,277K,271K,false,false
,Prelim GDP Price Index q/q,USD,2015-08-27T08:30:00Z,None,2.0%,2.0%,2.1%,false,false
,Pending Home Sales m/m,USD,2015-08-27T10:00:00Z,None,1.3%,-1.7%,0.5%,false,false
,Natural Gas Storage,USD,2015-08-27T10:30:00Z,None,59B,53B,69B,false,false
,GfK Consumer Confidence,GBP,2015-08-27T18:07:00Z,None,4,4,7,false,false
,Household Spending y/y,JPY,2015-08-27T19:30:00Z,None,0.9%,-2.0%,-0.2%,false,false
,Tokyo Core CPI y/y,JPY,2015-08-27T19:30:00Z,None,-0.1%,-0.1%,-0.1%,false,false
,National Core CPI y/y,JPY,2015-08-27T19:30:00Z,None,-0.2%,0.1%,0.0%,false,false
,Unemployment Rate,JPY,2015-08-27T19:30:00Z,None,3.4%,3.4%,3.3%,false,false
,Retail Sales y/y,JPY,2015-08-27T19:50:00Z,None,1.1%,1.0%,1.6%,false,false
,German Prelim CPI m/m,EUR,2015-08-28T00:00:00Z,None,-0.1%,0.2%,0.0%,true,false
,Jackson Hole Symposium,All,2015-08-28T00:00:00Z,High,,,,false,false
,GDP q/q,CHF,2015-08-28T01:45:00Z,None,-0.1%,-0.2%,0.2%,false,false
,Spanish Flash CPI y/y,EUR,2015-08-28T03:00:00Z,None,-0.1%,0.1%,-0.4%,false,false
,Prelim Business Investment q/q,GBP,2015-08-28T04:30:00Z,None,1.6%,2.0%,2.9%,false,false
,Index of Services 3m/3m,GBP,2015-08-28T04:30:00Z,None,0.7%,0.4%,0.7%,false,false
,Second Estimate GDP q/q,GBP,2015-08-28T04:30:00Z,High,0.7%,0.7%,0.7%,false,false
,Italian 10-y Bond Auction,EUR,2015-08-28T05:21:00Z,None,,1.83|1.4,1.95|1.4,false,false
,RMPI m/m,CAD,2015-08-28T08:30:00Z,None,-4.0%,0.2%,-5.9%,false,false
,IPPI m/m,CAD,2015-08-28T08:30:00Z,None,0.1%,0.6%,0.7%,false,false
,Goods Trade Balance,USD,2015-08-28T08:30:00Z,High,,-62.3B,-59.1B,false,false
,Core PCE Price Index m/m,USD,2015-08-28T08:30:00Z,None,0.1%,0.1%,0.1%,false,false
,Personal Spending m/m,USD,2015-08-28T08:30:00Z,None,0.4%,0.3%,0.3%,false,false
,Personal Income m/m,USD,2015-08-28T08:30:00Z,None,0.4%,0.4%,0.4%,false,false
,Revised UoM Inflation Expectations,USD,2015-08-28T10:00:00Z,None,,2.8%,2.8%,false,false
,Revised UoM Consumer Sentiment,USD,2015-08-28T10:00:00Z,None,93.2,92.9,91.9,false,false
,SNB Chairman Jordan Speaks,CHF,2015-08-28T12:25:00Z,High,,,,false,false
,FOMC Member Lockhart Speaks,USD,2015-08-28T14:15:00Z,None,,,,false,false
,Jackson Hole Symposium,All,2015-08-29T00:00:00Z,High,,,,false,false
,FOMC Member Fischer Speaks,USD,2015-08-29T12:25:00Z,High,,,,false,false
,BOE Gov Carney Speaks,GBP,2015-08-29T12:25:00Z,High,,,,false,false
,Building Consents m/m,NZD,2015-08-30T18:45:00Z,None,,-3.3%,20.4%,false,false
,Prelim Industrial Production m/m,JPY,2015-08-30T19:50:00Z,None,0.1%,1.1%,-0.6%,false,false
,MI Inflation Gauge m/m,AUD,2015-08-30T20:30:00Z,None,,0.2%,0.1%,false,false
,HIA New Home Sales m/m,AUD,2015-08-30T21:00:00Z,None,,0.5%,-1.8%,false,false
,ANZ Business Confidence,NZD,2015-08-30T21:00:00Z,High,,-15.3,-29.1,false,false
,Company Operating Profits q/q,AUD,2015-08-30T21:30:00Z,None,-1.9%,-0.3%,-1.9%,false,false
,Private Sector Credit m/m,AUD,2015-08-30T21:30:00Z,None,0.4%,0.4%,0.6%,false,false
,Bank Holiday,GBP,2015-08-31T00:00:00Z,None,,,,true,false
,Housing Starts y/y,JPY,2015-08-31T01:00:00Z,None,11.2%,16.3%,7.4%,false,false
,German Retail Sales m/m,EUR,2015-08-31T02:00:00Z,None,1.3%,-1.0%,1.4%,false,false
,KOF Economic Barometer,CHF,2015-08-31T03:00:00Z,None,99.9,100.4,100.7,false,false
,Italian Retail Sales m/m,EUR,2015-08-31T04:00:00Z,None,0.1%,-0.2%,-0.3%,false,false
,Core CPI Flash Estimate y/y,EUR,2015-08-31T05:00:00Z,None,1.0%,1.0%,1.0%,false,false
,CPI Flash Estimate y/y,EUR,2015-08-31T05:00:00Z,None,0.2%,0.2%,0.2%,false,false
,Italian Prelim CPI m/m,EUR,2015-08-31T05:00:00Z,None,0.2%,-0.1%,0.2%,false,false
,Current Account,CAD,2015-08-31T08:30:00Z,None,-17.2B,-18.1B,-17.4B,false,false
,Chicago PMI,USD,2015-08-31T09:45:00Z,None,54.7,54.7,54.4,false,false
,Overseas Trade Index q/q,NZD,2015-08-31T18:45:00Z,None,-1.9%,1.2%,1.3%,false,false
,AIG Manufacturing Index,AUD,2015-08-31T19:30:00Z,None,,50.4,51.7,false,false
,Capital Spending q/y,JPY,2015-08-31T19:50:00Z,None,9.0%,7.3%,5.6%,false,false
,Manufacturing PMI,CNY,2015-08-31T21:00:00Z,High,49.8,50.0,49.7,false,false
,Non-Manufacturing PMI,CNY,2015-08-31T21:00:00Z,None,,53.9,53.4,false,false
,Building Approvals m/m,AUD,2015-08-31T21:30:00Z,High,2.9%,-5.2%,4.2%,false,false
,Current Account,AUD,2015-08-31T21:30:00Z,None,-15.9B,-13.5B,-19.0B,false,false
,Final Manufacturing PMI,JPY,2015-08-31T21:35:00Z,None,51.9,51.9,51.7,false,false
,RatingDog Manufacturing PMI,CNY,2015-08-31T21:45:00Z,High,47.2,47.1,47.3,false,false
,RatingDog Services PMI,CNY,2015-08-31T21:45:00Z,None,53.9,53.8,51.5,false,false
,10-y Bond Auction,JPY,2015-08-31T23:45:00Z,None,,0.40|2.8,0.42|3.5,false,false
,Total Vehicle Sales,USD,2015-09-01T00:00:00Z,None,17.3M,17.6M,17.8M,true,false
,Cash Rate,AUD,2015-09-01T00:30:00Z,High,2.00%,2.00%,2.00%,false,false
,RBA Rate Statement,AUD,2015-09-01T00:30:00Z,High,,,,false,false
,Commodity Prices y/y,AUD,2015-09-01T02:30:00Z,None,,-19.1%,-20.9%,false,false
,Spanish Manufacturing PMI,EUR,2015-09-01T03:15:00Z,None,53.9,53.6,53.2,false,false
,Manufacturing PMI,CHF,2015-09-01T03:30:00Z,None,49.9,48.7,52.2,false,false
,Italian Manufacturing PMI,EUR,2015-09-01T03:45:00Z,None,56.2,55.3,53.8,false,false
,French Final Manufacturing PMI,EUR,2015-09-01T03:50:00Z,None,48.6,48.6,48.3,false,false
,German Unemployment Change,EUR,2015-09-01T03:55:00Z,None,-3K,8K,-7K,false,false
,German Final Manufacturing PMI,EUR,2015-09-01T03:55:00Z,None,53.2,53.2,53.3,false,false
,Final Manufacturing PMI,EUR,2015-09-01T04:00:00Z,None,52.4,52.4,52.3,false,false
,Italian Monthly Unemployment Rate,EUR,2015-09-01T04:00:00Z,None,12.7%,12.5%,12.0%,false,false
,Italian Quarterly Unemployment Rate,EUR,2015-09-01T04:00:00Z,None,12.5%,12.3%,12.4%,false,false
,Final Manufacturing PMI,GBP,2015-09-01T04:30:00Z,High,51.9,51.9,51.5,false,false
,Net Lending to Individuals m/m,GBP,2015-09-01T04:30:00Z,None,3.9B,3.9B,3.9B,false,false
,M4 Money Supply m/m,GBP,2015-09-01T04:30:00Z,None,0.2%,-0.5%,1.0%,false,false
,Mortgage Approvals,GBP,2015-09-01T04:30:00Z,None,68K,67K,69K,false,false
,Unemployment Rate,EUR,2015-09-01T05:00:00Z,None,11.1%,11.1%,10.9%,false,false
,GDP m/m,CAD,2015-09-01T08:30:00Z,High,0.2%,-0.2%,0.5%,false,false
,Manufacturing PMI,CAD,2015-09-01T09:30:00Z,None,,50.8,49.4,false,false
,Final Manufacturing PMI,USD,2015-09-01T09:45:00Z,None,52.9,52.9,53.0,false,false
,ISM Manufacturing PMI,USD,2015-09-01T10:00:00Z,High,52.6,52.7,51.1,false,false
,Construction Spending m/m,USD,2015-09-01T10:00:00Z,None,0.8%,0.7%,0.7%,false,false
,ISM Manufacturing Prices,USD,2015-09-01T10:00:00Z,None,39.7,44.0,39.0,false,false
,RCM/TIPP Economic Optimism,USD,2015-09-01T10:00:00Z,None,47.3,46.9,42.0,false,false
,GDT Price Index,NZD,2015-09-01T10:49:00Z,High,,14.8%,10.9%,false,false
,Monetary Base y/y,JPY,2015-09-01T19:50:00Z,None,33.2%,32.8%,33.3%,false,false
,ANZ Commodity Prices m/m,NZD,2015-09-01T21:00:00Z,None,,-5.5%,-5.2%,false,false
,GDP q/q,AUD,2015-09-01T21:30:00Z,High,0.4%,0.9%,0.2%,false,false
,Bank Holiday,CNY,2015-09-02T00:00:00Z,None,,,,true,false
,Spanish Unemployment Change,EUR,2015-09-02T03:00:00Z,None,35.3K,-74.0K,21.7K,false,false
,Construction PMI,GBP,2015-09-02T04:30:00Z,High,57.6,57.1,57.3,false,false
,PPI m/m,EUR,2015-09-02T05:00:00Z,None,-0.1%,-0.1%,-0.1%,false,false
,ADP Non-Farm Employment Change,USD,2015-09-02T08:15:00Z,High,204K,177K,190K,false,false
,Revised Unit Labor Costs q/q,USD,2015-09-02T08:30:00Z,None,-0.5%,0.5%,-1.4%,false,false
,Revised Nonfarm Productivity q/q,USD,2015-09-02T08:30:00Z,None,2.9%,1.3%,3.3%,false,false
,Factory Orders m/m,USD,2015-09-02T10:00:00Z,None,0.8%,2.2%,0.4%,false,false
,Crude Oil Inventories,USD,2015-09-02T10:30:00Z,None,-0.7M,-5.5M,4.7M,false,false
,Beige Book,USD,2015-09-02T14:00:00Z,None,,,,false,false
,AIG Services Index,AUD,2015-09-02T19:30:00Z,None,,54.1,55.6,false,false
,Goods Trade Balance,AUD,2015-09-02T21:30:00Z,High,-3.10B,-3.05B,-2.46B,false,false
,Retail Sales m/m,AUD,2015-09-02T21:30:00Z,High,0.4%,0.6%,-0.1%,false,false
,Bank Holiday,CNY,2015-09-03T00:00:00Z,None,,,,true,false
,Spanish Services PMI,EUR,2015-09-03T03:15:00Z,None,59.3,59.7,59.6,false,false
,Italian Services PMI,EUR,2015-09-03T03:45:00Z,None,53.1,52.0,54.6,false,false
,French Final Services PMI,EUR,2015-09-03T03:50:00Z,None,51.8,51.8,50.6,false,false
,German Final Services PMI,EUR,2015-09-03T03:55:00Z,None,53.6,53.6,54.9,false,false
,Final Services PMI,EUR,2015-09-03T04:00:00Z,None,54.3,54.3,54.4,false,false
,Final Services PMI,GBP,2015-09-03T04:30:00Z,High,57.6,57.4,55.6,false,false
,Spanish 10-y Bond Auction,EUR,2015-09-03T04:51:00Z,None,,1.92|2.3,2.13|1.8,false,false
,French 10-y Bond Auction,EUR,2015-09-03T05:00:00Z,None,,1.02|2.0,1.21|1.7,false,false
,Retail Sales m/m,EUR,2015-09-03T05:00:00Z,None,0.6%,-0.2%,0.4%,false,false
,Challenger Job Cuts y/y,USD,2015-09-03T07:30:00Z,None,,125.4%,2.9%,false,false
,Main Refinancing Rate,EUR,2015-09-03T07:45:00Z,High,0.05%,0.05%,0.05%,false,false
,ECB Press Conference,EUR,2015-09-03T08:30:00Z,High,,,,false,false
,Trade Balance,USD,2015-09-03T08:30:00Z,High,-43.2B,-45.2B,-41.9B,false,false
,Unemployment Claims,USD,2015-09-03T08:30:00Z,High,273K,270K,282K,false,false
,Trade Balance,CAD,2015-09-03T08:30:00Z,High,-1.4B,-0.8B,-0.6B,false,false
,Final Services PMI,USD,2015-09-03T09:45:00Z,None,55.2,55.2,56.1,false,false
,ISM Services PMI,USD,2015-09-03T10:00:00Z,High,58.3,60.3,59.0,false,false
,Natural Gas Storage,USD,2015-09-03T10:30:00Z,None,88B,69B,94B,false,false
,Average Cash Earnings y/y,JPY,2015-09-03T21:30:00Z,None,2.1%,-2.5%,0.6%,false,false
,G20 Meetings,All,2015-09-04T00:00:00Z,None,,,,false,false
,German Factory Orders m/m,EUR,2015-09-04T02:00:00Z,None,-0.5%,1.8%,-1.4%,false,false
,CPI m/m,CHF,2015-09-04T03:15:00Z,None,-0.2%,-0.6%,-0.2%,false,false
,Retail PMI,EUR,2015-09-04T04:10:00Z,None,,54.2,51.4,false,false
,FOMC Member Lacker Speaks,USD,2015-09-04T08:10:00Z,High,,,,false,false
,Average Hourly Earnings m/m,USD,2015-09-04T08:30:00Z,High,0.2%,0.2%,0.3%,false,false
,Employment Change,CAD,2015-09-04T08:30:00Z,High,-4.8K,6.6K,12.0K,false,false
,Unemployment Rate,CAD,2015-09-04T08:30:00Z,High,6.8%,6.8%,7.0%,false,false
,Non-Farm Employment Change,USD,2015-09-04T08:30:00Z,High,215K,245K,173K,false,false
,Unemployment Rate,USD,2015-09-04T08:30:00Z,High,5.2%,5.3%,5.1%,false,false
,Labor Productivity q/q,CAD,2015-09-04T08:30:00Z,None,-0.7%,-0.5%,-0.6%,false,false
,Ivey PMI,CAD,2015-09-04T10:00:00Z,High,53.5,52.9,58.0,false,false
,G20 Meetings,All,2015-09-05T00:00:00Z,High,,,,false,false
,AIG Construction Index,AUD,2015-09-06T19:30:00Z,None,,47.1,53.8,false,false
,ANZ Job Advertisements m/m,AUD,2015-09-06T21:30:00Z,None,,-0.5%,1.0%,false,false
,Bank Holiday,CAD,2015-09-07T00:00:00Z,None,,,,true,false
,Bank Holiday,USD,2015-09-07T00:00:00Z,None,,,,true,false
,Leading Indicators,JPY,2015-09-07T01:00:00Z,None,104.9%,106.5%,104.9%,false,false
,German Industrial Production m/m,EUR,2015-09-07T02:00:00Z,None,1.2%,-0.9%,0.7%,false,false
,Foreign Currency Reserves,CHF,2015-09-07T03:00:00Z,None,,531B,540B,false,false
,Sentix Investor Confidence,EUR,2015-09-07T04:30:00Z,None,16.2,18.4,13.6,false,false
,Manufacturing Sales q/q,NZD,2015-09-07T18:45:00Z,None,,-2.6%,0.4%,false,false
,BRC Retail Sales Monitor y/y,GBP,2015-09-07T19:01:00Z,None,,1.2%,-1.0%,false,false
,Bank Lending y/y,JPY,2015-09-07T19:50:00Z,None,,2.6%,2.7%,false,false
,Current Account,JPY,2015-09-07T19:50:00Z,None,1.25T,1.30T,1.32T,false,false
,Final GDP Price Index y/y,JPY,2015-09-07T19:50:00Z,None,1.6%,1.6%,1.5%,false,false
,Final GDP q/q,JPY,2015-09-07T19:50:00Z,None,-0.4%,-0.4%,-0.3%,false,false
,NAB Business Confidence,AUD,2015-09-07T21:30:00Z,High,,4,1,false,false
,Trade Balance,CNY,2015-09-07T22:33:00Z,High,348B,263B,368B,false,false
,USD-Denominated Trade Balance,CNY,2015-09-07T23:04:00Z,None,48.6B,43.0B,60.2B,false,false
,30-y Bond Auction,JPY,2015-09-07T23:45:00Z,None,,1.44|3.3,1.41|3.1,false,false
,Economy Watchers Sentiment,JPY,2015-09-08T01:00:00Z,None,52.1,51.6,49.3,false,false
,Unemployment Rate,CHF,2015-09-08T01:45:00Z,None,3.3%,3.3%,3.3%,false,false
,German Trade Balance,EUR,2015-09-08T02:00:00Z,None,21.8B,22.1B,22.8B,false,false
,French Trade Balance,EUR,2015-09-08T02:45:00Z,None,-3.2B,-2.8B,-3.3B,false,false
,French Gov Budget Balance,EUR,2015-09-08T02:45:00Z,None,,-58.5B,-79.8B,false,false
,Revised GDP q/q,EUR,2015-09-08T05:00:00Z,None,0.3%,0.3%,0.4%,false,false
,30-y Bond Auction,GBP,2015-09-08T05:34:00Z,None,,2.73|1.9,2.45|1.4,false,false
,NFIB Small Business Index,USD,2015-09-08T06:00:00Z,None,96.0,95.4,95.9,false,false
,Labor Market Conditions Index m/m,USD,2015-09-08T10:07:00Z,None,,1.8,2.1,false,false
,Consumer Credit m/m,USD,2015-09-08T15:13:00Z,None,18.4B,27.0B,19.1B,false,false
,BRC Shop Price Index y/y,GBP,2015-09-08T19:01:00Z,None,,-1.4%,-1.4%,false,false
,M2 Money Stock y/y,JPY,2015-09-08T19:50:00Z,None,4.1%,4.0%,4.2%,false,false
,Westpac Consumer Sentiment,AUD,2015-09-08T20:30:00Z,None,,7.8%,-5.6%,false,false
,Home Loans m/m,AUD,2015-09-08T21:30:00Z,None,0.8%,4.8%,0.3%,false,false
,RBA Deputy Gov Lowe Speaks,AUD,2015-09-08T23:10:00Z,None,,,,false,false
,Consumer Confidence,JPY,2015-09-09T01:00:00Z,None,40.6,40.3,41.7,false,false
,Prelim Machine Tool Orders y/y,JPY,2015-09-09T01:59:00Z,None,,1.7%,-16.5%,false,false
,Manufacturing Production m/m,GBP,2015-09-09T04:30:00Z,High,0.2%,0.2%,-0.8%,false,false
,Goods Trade Balance,GBP,2015-09-09T04:30:00Z,None,-9.5B,-8.5B,-11.1B,false,false
,Industrial Production m/m,GBP,2015-09-09T04:30:00Z,None,0.1%,-0.4%,-0.4%,false,false
,RBA Deputy Gov Debelle Speaks,AUD,2015-09-09T05:00:00Z,None,,,,false,false
,German 10-y Bond Auction,EUR,2015-09-09T05:34:00Z,None,,0.61|1.3,0.69|1.2,false,false
,Housing Starts,CAD,2015-09-09T08:13:00Z,None,194K,193K,217K,false,false
,Building Permits m/m,CAD,2015-09-09T08:30:00Z,High,-4.7%,15.5%,-0.6%,false,false
,BOC Rate Statement,CAD,2015-09-09T10:00:00Z,High,,,,false,false
,Overnight Rate,CAD,2015-09-09T10:00:00Z,High,0.50%,0.50%,0.50%,false,false
,NIESR GDP Estimate,GBP,2015-09-09T10:00:00Z,None,,0.6%,0.5%,false,false
,JOLTS Job Openings,USD,2015-09-09T10:00:00Z,None,5.30M,5.32M,5.75M,false,false
,10-y Bond Auction,USD,2015-09-09T13:01:00Z,None,,2.12|2.4,2.24|2.7,false,false
,Official Cash Rate,NZD,2015-09-09T17:00:00Z,High,2.75%,3.00%,2.75%,false,false
,RBNZ Rate Statement,NZD,2015-09-09T17:00:00Z,High,,,,false,false
,RBNZ Monetary Policy Statement,NZD,2015-09-09T17:00:00Z,None,,,,false,false
,RBNZ Press Conference,NZD,2015-09-09T17:05:00Z,High,,,,false,false
,RICS House Price Balance,GBP,2015-09-09T19:01:00Z,None,46%,44%,53%,false,false
,Core Machinery Orders m/m,JPY,2015-09-09T19:50:00Z,None,3.4%,-7.9%,-3.6%,false,false
,PPI y/y,JPY,2015-09-09T19:50:00Z,None,-3.2%,-3.1%,-3.6%,false,false
,MI Inflation Expectations,AUD,2015-09-09T21:00:00Z,None,,3.7%,3.2%,false,false
,RBNZ Gov Wheeler Speaks,NZD,2015-09-09T21:10:00Z,High,,,,false,false
,Employment Change,AUD,2015-09-09T21:30:00Z,High,5.2K,39.2K,17.4K,false,false
,Unemployment Rate,AUD,2015-09-09T21:30:00Z,High,6.2%,6.3%,6.2%,false,false
,CPI y/y,CNY,2015-09-09T21:30:00Z,High,1.9%,1.6%,2.0%,false,false
,PPI y/y,CNY,2015-09-09T21:30:00Z,None,-5.6%,-5.4%,-5.9%,false,false
,French Final Private Payrolls q/q,EUR,2015-09-10T01:30:00Z,None,0.2%,0.2%,0.2%,false,false
,French Industrial Production m/m,EUR,2015-09-10T02:45:00Z,None,0.3%,0.0%,-0.8%,false,false
,Lloyds HPI m/m,GBP,2015-09-10T03:00:00Z,None,0.5%,-0.4%,2.7%,false,false
,Foreign Direct Investment ytd/y,CNY,2015-09-10T03:42:00Z,None,,7.9%,9.2%,false,false
,Monetary Policy Summary,GBP,2015-09-10T07:00:00Z,High,,,,false,false
,MPC Official Bank Rate Votes,GBP,2015-09-10T07:00:00Z,High,1-0-8,1-0-8,1-0-8,false,false
,Official Bank Rate,GBP,2015-09-10T07:00:00Z,High,0.50%,0.50%,0.50%,false,false
,Asset Purchase Facility,GBP,2015-09-10T07:00:00Z,None,375B,375B,375B,false,false
,MPC Asset Purchase Facility Votes,GBP,2015-09-10T07:00:00Z,None,0-0-9,0-0-9,0-0-9,false,false
,NHPI m/m,CAD,2015-09-10T08:30:00Z,None,0.2%,0.3%,0.1%,false,false
,Capacity Utilization Rate,CAD,2015-09-10T08:30:00Z,None,81.8%,82.6%,81.3%,false,false
,Unemployment Claims,USD,2015-09-10T08:30:00Z,High,279K,281K,275K,false,false
,Import Prices m/m,USD,2015-09-10T08:30:00Z,None,-1.7%,-0.9%,-1.8%,false,false
,Final Wholesale Inventories m/m,USD,2015-09-10T10:00:00Z,None,0.2%,0.7%,-0.1%,false,false
,Natural Gas Storage,USD,2015-09-10T10:30:00Z,None,76B,94B,68B,false,false
,Crude Oil Inventories,USD,2015-09-10T11:00:00Z,None,0.9M,4.7M,2.6M,false,false
,30-y Bond Auction,USD,2015-09-10T13:01:00Z,None,,2.88|2.3,2.98|2.5,false,false
,BusinessNZ Manufacturing Index,NZD,2015-09-10T18:30:00Z,None,,53.7,55.0,false,false
,FPI m/m,NZD,2015-09-10T18:45:00Z,None,,0.6%,-0.5%,false,false
,BSI Manufacturing Index,JPY,2015-09-10T19:50:00Z,None,-1.9,-6.0,11.0,false,false
,ECOFIN Meetings,EUR,2015-09-11T00:00:00Z,None,,,,false,false
,German Final CPI m/m,EUR,2015-09-11T02:00:00Z,None,0.0%,0.0%,0.0%,false,false
,German WPI m/m,EUR,2015-09-11T02:00:00Z,None,0.2%,0.1%,-0.8%,false,false
,M2 Money Supply y/y,CNY,2015-09-11T04:00:00Z,None,13.3%,13.3%,13.3%,false,false
,New Loans,CNY,2015-09-11T04:00:00Z,None,850B,1480B,810B,false,false
,Italian Industrial Production m/m,EUR,2015-09-11T04:00:00Z,None,0.9%,-1.0%,1.1%,false,false
,Construction Output m/m,GBP,2015-09-11T04:30:00Z,None,0.5%,0.9%,-1.0%,false,false
,Consumer Inflation Expectations,GBP,2015-09-11T04:30:00Z,None,,2.2%,2.0%,false,false
,MPC Member Forbes Speaks,GBP,2015-09-11T07:30:00Z,None,,,,false,false
,PPI m/m,USD,2015-09-11T08:30:00Z,High,-0.1%,0.2%,0.0%,false,false
,Core PPI m/m,USD,2015-09-11T08:30:00Z,None,0.1%,0.3%,0.3%,false,false
,Prelim UoM Consumer Sentiment,USD,2015-09-11T10:00:00Z,High,91.4,91.9,85.7,false,false
,Prelim UoM Inflation Expectations,USD,2015-09-11T10:00:00Z,None,,2.8%,2.9%,false,false
,Federal Budget Balance,USD,2015-09-11T13:55:00Z,None,-82.3B,-149.2B,-64.4B,false,false
,ECOFIN Meetings,EUR,2015-09-12T00:00:00Z,None,,,,false,false
,Eurogroup Meetings,EUR,2015-09-12T00:00:00Z,None,,,,true,false
,Industrial Production y/y,CNY,2015-09-13T01:30:00Z,High,6.3%,6.0%,6.1%,false,false
,Fixed Asset Investment ytd/y,CNY,2015-09-13T01:30:00Z,None,11.2%,11.2%,10.9%,false,false
,Retail Sales y/y,CNY,2015-09-13T01:30:00Z,None,10.6%,10.5%,10.8%,false,false
,BusinessNZ Services Index,NZD,2015-09-13T18:30:00Z,None,,57.3,58.2,false,false
,Revised Industrial Production m/m,JPY,2015-09-14T00:30:00Z,None,-0.6%,-0.6%,-0.8%,false,false
,Tertiary Industry Activity m/m,JPY,2015-09-14T00:30:00Z,None,0.2%,0.3%,0.2%,false,false
,PPI m/m,CHF,2015-09-14T03:15:00Z,None,-0.4%,-0.3%,-0.7%,false,false
,Retail Sales y/y,CHF,2015-09-14T03:15:00Z,None,1.5%,-1.2%,-0.1%,false,false
,Industrial Production m/m,EUR,2015-09-14T05:00:00Z,None,0.3%,-0.3%,0.6%,false,false
,Monetary Policy Meeting Minutes,AUD,2015-09-14T21:30:00Z,High,,,,false,false
,New Motor Vehicle Sales m/m,AUD,2015-09-14T21:30:00Z,None,,-1.6%,-1.6%,false,false
,Monetary Policy Statement,JPY,2015-09-14T23:07:00Z,High,,,,false,false
,BOJ Press Conference,JPY,2015-09-15T02:30:00Z,High,,,,false,false
,French Final CPI m/m,EUR,2015-09-15T02:45:00Z,None,0.4%,-0.4%,0.3%,false,false
,CPI y/y,GBP,2015-09-15T04:30:00Z,High,0.0%,0.1%,0.0%,false,false
,PPI Input m/m,GBP,2015-09-15T04:30:00Z,None,-2.3%,-1.2%,-2.4%,false,false
,RPI y/y,GBP,2015-09-15T04:30:00Z,None,0.9%,1.0%,1.1%,false,false
,Core CPI y/y,GBP,2015-09-15T04:30:00Z,None,1.0%,1.2%,1.0%,false,false
,ONS HPI y/y,GBP,2015-09-15T04:30:00Z,None,6.2%,5.7%,5.2%,false,false
,PPI Output m/m,GBP,2015-09-15T04:30:00Z,None,-0.2%,-0.1%,-0.4%,false,false
,German ZEW Economic Sentiment,EUR,2015-09-15T05:00:00Z,High,18.3,25.0,12.1,false,false
,ZEW Economic Sentiment,EUR,2015-09-15T05:00:00Z,None,42.1,47.6,33.3,false,false
,Final Employment Change q/q,EUR,2015-09-15T05:00:00Z,None,0.1%,0.2%,0.3%,false,false
,Trade Balance,EUR,2015-09-15T05:00:00Z,None,21.4B,21.9B,22.4B,false,false
,Core Retail Sales m/m,USD,2015-09-15T08:30:00Z,High,0.2%,0.6%,0.1%,false,false
,Retail Sales m/m,USD,2015-09-15T08:30:00Z,High,0.3%,0.7%,0.2%,false,false
,Empire State Manufacturing Index,USD,2015-09-15T08:30:00Z,None,-0.5,-14.9,-14.7,false,false
,Capacity Utilization Rate,USD,2015-09-15T09:15:00Z,None,77.9%,78.0%,77.6%,false,false
,Industrial Production m/m,USD,2015-09-15T09:15:00Z,None,-0.1%,0.9%,-0.4%,false,false
,CB Leading Index m/m,GBP,2015-09-15T09:30:00Z,None,,-0.3%,-0.3%,false,false
,Business Inventories m/m,USD,2015-09-15T10:00:00Z,None,-0.2%,0.7%,0.1%,false,false
,GDT Price Index,NZD,2015-09-15T11:15:00Z,High,,10.9%,16.5%,false,false
,Current Account,NZD,2015-09-15T18:45:00Z,None,-1.40B,0.82B,-1.22B,false,false
,RBA Deputy Gov Debelle Speaks,AUD,2015-09-15T19:30:00Z,None,,,,false,false
,MI Leading Index m/m,AUD,2015-09-15T20:30:00Z,None,,0.1%,-0.3%,false,false
,BOJ Monthly Report,JPY,2015-09-16T01:00:00Z,None,,,,false,false
,Average Earnings Index 3m/y,GBP,2015-09-16T04:30:00Z,High,2.5%,2.6%,2.9%,false,false
,Claimant Count Change,GBP,2015-09-16T04:30:00Z,High,-5.1K,-6.8K,1.2K,false,false
,Unemployment Rate,GBP,2015-09-16T04:30:00Z,None,5.6%,5.6%,5.5%,false,false
,UBS Economic Expectations,CHF,2015-09-16T05:00:00Z,None,,5.9,9.7,false,false
,Final CPI y/y,EUR,2015-09-16T05:00:00Z,None,0.2%,0.2%,0.1%,false,false
,Final Core CPI y/y,EUR,2015-09-16T05:00:00Z,None,1.0%,1.0%,0.9%,false,false
,German 30-y Bond Auction,EUR,2015-09-16T05:33:00Z,None,,1.18|1.1,1.49|1.0,false,false
,10-y Bond Auction,GBP,2015-09-16T05:35:00Z,None,,1.98|1.4,1.95|1.4,false,false
,Manufacturing Sales m/m,CAD,2015-09-16T08:30:00Z,High,1.1%,1.5%,1.7%,false,false
,Foreign Securities Purchases,CAD,2015-09-16T08:30:00Z,None,5.50B,8.79B,-10.12B,false,false
,Core CPI m/m,USD,2015-09-16T08:30:00Z,High,0.1%,0.1%,0.1%,false,false
,Core CPI y/y,USD,2015-09-16T08:30:00Z,High,1.9%,1.8%,1.8%,false,false
,CPI m/m,USD,2015-09-16T08:30:00Z,High,0.0%,0.1%,-0.1%,false,false
,CPI y/y,USD,2015-09-16T08:30:00Z,High,0.2%,0.2%,0.2%,false,false
,Monetary Policy Report Hearings,GBP,2015-09-16T09:15:00Z,High,,,,false,false
,NAHB Housing Market Index,USD,2015-09-16T10:00:00Z,None,61,61,62,false,false
,Crude Oil Inventories,USD,2015-09-16T10:30:00Z,None,0.7M,2.6M,-2.1M,false,false
,Gov Council Member Cote Speaks,CAD,2015-09-16T13:20:00Z,None,,,,false,false
,TIC Long-Term Purchases,USD,2015-09-16T16:00:00Z,None,27.5B,103.1B,7.7B,false,false
,GDP q/q,NZD,2015-09-16T18:45:00Z,High,0.5%,0.2%,0.4%,false,false
,Trade Balance,JPY,2015-09-16T19:50:00Z,None,-0.35T,-0.38T,-0.36T,false,false
,RBA Bulletin,AUD,2015-09-16T21:30:00Z,None,,,,false,false
,SECO Economic Forecasts,CHF,2015-09-17T01:45:00Z,None,,,,false,false
,BOJ Gov Kuroda Speaks,JPY,2015-09-17T02:35:00Z,High,,,,false,false
,Libor Rate,CHF,2015-09-17T03:30:00Z,High,-0.75%,-0.75%,-0.75%,false,false
,SNB Monetary Policy Assessment,CHF,2015-09-17T03:30:00Z,High,,,,false,false
,ECB Economic Bulletin,EUR,2015-09-17T04:00:00Z,None,,,,false,false
,Italian Trade Balance,EUR,2015-09-17T04:02:00Z,None,2.47B,2.81B,8.03B,false,false
,Retail Sales m/m,GBP,2015-09-17T04:30:00Z,High,0.2%,0.0%,0.2%,false,false
,Spanish 10-y Bond Auction,EUR,2015-09-17T04:51:00Z,None,,2.13|1.8,2.15|2.5,false,false
,Building Permits,USD,2015-09-17T08:30:00Z,High,1.15M,1.13M,1.17M,false,false
,Unemployment Claims,USD,2015-09-17T08:30:00Z,High,276K,275K,264K,false,false
,Current Account,USD,2015-09-17T08:30:00Z,None,-111B,-118B,-110B,false,false
,Housing Starts,USD,2015-09-17T08:30:00Z,None,1.16M,1.16M,1.13M,false,false
,Philly Fed Manufacturing Index,USD,2015-09-17T10:00:00Z,High,6.1,8.3,-6.0,false,false
,Natural Gas Storage,USD,2015-09-17T10:30:00Z,None,70B,68B,73B,false,false
,Federal Funds Rate,USD,2015-09-17T14:00:00Z,High,<0.25%,<0.25%,<0.25%,false,false
,FOMC Statement,USD,2015-09-17T14:00:00Z,High,,,,false,false
,FOMC Economic Projections,USD,2015-09-17T14:00:00Z,High,,,,false,false
,FOMC Press Conference,USD,2015-09-17T14:30:00Z,High,,,,false,false
,RBA Gov Stevens Speaks,AUD,2015-09-17T19:30:00Z,High,,,,false,false
,Monetary Policy Meeting Minutes,JPY,2015-09-17T19:50:00Z,None,,,,false,false
,Current Account,EUR,2015-09-18T04:00:00Z,None,21.3B,24.9B,22.6B,false,false
,MPC Member Haldane Speaks,GBP,2015-09-18T07:05:00Z,None,,,,false,false
,Core CPI m/m,CAD,2015-09-18T08:30:00Z,High,0.2%,0.0%,0.2%,false,false
,CPI m/m,CAD,2015-09-18T08:30:00Z,None,0.0%,0.1%,0.0%,false,false
,CB Leading Index m/m,USD,2015-09-18T10:00:00Z,None,0.2%,-0.2%,0.1%,false,false
,FOMC Member Williams Speaks,USD,2015-09-19T13:30:00Z,None,,,,false,false
,Bank Holiday,JPY,2015-09-20T00:00:00Z,None,,,,true,false
,Greek Parliamentary Election,EUR,2015-09-20T00:00:00Z,High,,,,true,false
,Westpac Consumer Sentiment,NZD,2015-09-20T18:00:00Z,None,,113.0,106.0,false,false
,Visitor Arrivals m/m,NZD,2015-09-20T18:45:00Z,None,,-2.7%,0.2%,false,false
,Rightmove HPI m/m,GBP,2015-09-20T19:01:00Z,None,,-0.8%,0.9%,false,false
,Credit Card Spending y/y,NZD,2015-09-20T23:00:00Z,None,,9.8%,10.5%,false,false
,Bank Holiday,JPY,2015-09-21T00:00:00Z,None,,,,true,false
,German PPI m/m,EUR,2015-09-21T02:00:00Z,None,-0.3%,0.0%,-0.5%,false,false
,German Buba Monthly Report,EUR,2015-09-21T06:00:00Z,None,,,,false,false
,Wholesale Sales m/m,CAD,2015-09-21T08:30:00Z,None,0.3%,1.3%,0.0%,false,false
,Existing Home Sales,USD,2015-09-21T10:00:00Z,None,5.50M,5.58M,5.31M,false,false
,FOMC Member Lockhart Speaks,USD,2015-09-21T13:00:00Z,None,,,,false,false
,BOC Gov Poloz Speaks,CAD,2015-09-21T14:45:00Z,High,,,,false,false
,HPI q/q,AUD,2015-09-21T21:30:00Z,None,2.5%,1.6%,4.7%,false,false
,CB Leading Index m/m,CNY,2015-09-21T22:00:00Z,None,,0.9%,1.0%,false,false
,Bank Holiday,JPY,2015-09-22T00:00:00Z,None,,,,true,false
,Trade Balance,CHF,2015-09-22T02:00:00Z,None,2.77B,3.58B,2.87B,false,false
,Public Sector Net Borrowing,GBP,2015-09-22T04:30:00Z,None,8.7B,-0.1B,11.3B,false,false
,CBI Industrial Order Expectations,GBP,2015-09-22T06:00:00Z,None,0,-1,-7,false,false
,HPI m/m,USD,2015-09-22T09:00:00Z,None,0.4%,0.2%,0.6%,false,false
,Richmond Manufacturing Index,USD,2015-09-22T09:59:00Z,None,4,0,-5,false,false
,Consumer Confidence,EUR,2015-09-22T10:00:00Z,None,-7,-7,-7,false,false
,MPC Member Shafik Speaks,GBP,2015-09-22T14:00:00Z,None,,,,false,false
,FOMC Member Lockhart Speaks,USD,2015-09-22T19:00:00Z,None,,,,false,false
,CB Leading Index m/m,AUD,2015-09-22T20:00:00Z,None,,-0.3%,0.3%,false,false
,Caixin Flash Manufacturing PMI,CNY,2015-09-22T21:45:00Z,High,47.6,47.3,47.0,false,false
,French Flash Manufacturing PMI,EUR,2015-09-23T03:00:00Z,High,48.6,48.3,50.4,false,false
,French Flash Services PMI,EUR,2015-09-23T03:00:00Z,None,51.1,50.6,51.2,false,false
,German Flash Manufacturing PMI,EUR,2015-09-23T03:30:00Z,High,52.8,53.3,52.5,false,false
,German Flash Services PMI,EUR,2015-09-23T03:30:00Z,None,54.5,54.9,54.3,false,false
,Flash Manufacturing PMI,EUR,2015-09-23T04:00:00Z,None,52.2,52.3,52.0,false,false
,Flash Services PMI,EUR,2015-09-23T04:00:00Z,None,54.1,54.4,54.0,false,false
,Retail Sales m/m,CAD,2015-09-23T08:30:00Z,None,0.5%,0.4%,0.5%,false,false
,Core Retail Sales m/m,CAD,2015-09-23T08:30:00Z,High,0.4%,0.5%,0.0%,false,false
,ECB President Draghi Speaks,EUR,2015-09-23T09:00:00Z,High,,,,false,false
,SNB Quarterly Bulletin,CHF,2015-09-23T09:00:00Z,None,,,,false,false
,Flash Manufacturing PMI,USD,2015-09-23T09:45:00Z,None,53.3,53.0,53.0,false,false
,Crude Oil Inventories,USD,2015-09-23T10:30:00Z,None,-1.0M,-2.1M,-1.9M,false,false
,MPC Member Broadbent Speaks,GBP,2015-09-23T12:00:00Z,None,,,,false,false
,FOMC Member Lockhart Speaks,USD,2015-09-23T12:30:00Z,None,,,,false,false
,Trade Balance,NZD,2015-09-23T18:45:00Z,None,-875M,-726M,-1035M,false,false
,Flash Manufacturing PMI,JPY,2015-09-23T21:35:00Z,None,51.3,51.7,50.9,false,false
,All Industries Activity m/m,JPY,2015-09-24T00:30:00Z,None,0.1%,0.5%,0.2%,false,false
,German GfK Consumer Climate,EUR,2015-09-24T02:00:00Z,None,9.8,9.9,9.6,false,false
,German ifo Business Climate,EUR,2015-09-24T04:00:00Z,High,107.8,108.4,108.5,false,false
,High Street Lending,GBP,2015-09-24T04:30:00Z,None,46.3K,46.3K,46.7K,false,false
,Italian Retail Sales m/m,EUR,2015-09-24T05:00:00Z,None,0.2%,-0.4%,0.4%,false,false
,Long Term Refinancing Operation,EUR,2015-09-24T05:31:00Z,High,50.3B,73.8B,15.5B,false,false
,Unemployment Claims,USD,2015-09-24T08:30:00Z,High,268K,264K,267K,false,false
,Durable Goods Orders m/m,USD,2015-09-24T08:30:00Z,None,-2.0%,2.2%,-2.0%,false,false
,Core Durable Goods Orders m/m,USD,2015-09-24T08:30:00Z,High,0.2%,0.4%,0.0%,false,false
,Belgian NBB Business Climate,EUR,2015-09-24T09:00:00Z,None,-4.7,-5.1,-6.8,false,false
,New Home Sales,USD,2015-09-24T10:00:00Z,None,516K,522K,552K,false,false
,Natural Gas Storage,USD,2015-09-24T10:30:00Z,None,95B,73B,106B,false,false
,Fed Chair Yellen Speaks,USD,2015-09-24T17:00:00Z,High,,,,false,false
,National Core CPI y/y,JPY,2015-09-24T19:30:00Z,None,-0.1%,0.0%,-0.1%,false,false
,Tokyo Core CPI y/y,JPY,2015-09-24T19:30:00Z,None,-0.2%,-0.1%,-0.2%,false,false
,SPPI y/y,JPY,2015-09-24T19:50:00Z,None,0.5%,0.6%,0.7%,false,false
,German Buba President Weidmann Speaks,EUR,2015-09-25T03:00:00Z,None,,,,false,false
,M3 Money Supply y/y,EUR,2015-09-25T04:00:00Z,None,5.4%,5.3%,4.8%,false,false
,Private Loans y/y,EUR,2015-09-25T04:00:00Z,None,1.1%,0.9%,1.0%,false,false
,FPC Statement,GBP,2015-09-25T04:30:00Z,None,,,,false,false
,Final GDP q/q,USD,2015-09-25T08:30:00Z,High,3.7%,3.7%,3.9%,false,false
,Final GDP Price Index q/q,USD,2015-09-25T08:30:00Z,None,2.1%,2.1%,2.1%,false,false
,Flash Services PMI,USD,2015-09-25T09:45:00Z,None,55.5,56.1,55.6,false,false
,Revised UoM Inflation Expectations,USD,2015-09-25T10:00:00Z,None,,2.9%,2.8%,false,false
,Revised UoM Consumer Sentiment,USD,2015-09-25T10:00:00Z,None,87.2,85.7,87.2,false,false
,German Buba President Weidmann Speaks,EUR,2015-09-25T12:30:00Z,None,,,,false,false
,Daylight Saving Time Shift,NZD,2015-09-26T10:00:00Z,None,,,,false,false
,MPC Member Cunliffe Speaks,GBP,2015-09-28T03:00:00Z,None,,,,false,false
,FOMC Member Tarullo Speaks,USD,2015-09-28T05:15:00Z,None,,,,false,false
,Personal Spending m/m,USD,2015-09-28T08:30:00Z,None,0.3%,0.4%,0.4%,false,false
,Core PCE Price Index m/m,USD,2015-09-28T08:30:00Z,None,0.1%,0.1%,0.1%,false,false
,FOMC Member Dudley Speaks,USD,2015-09-28T08:30:00Z,High,,,,false,false
,Personal Income m/m,USD,2015-09-28T08:30:00Z,None,0.4%,0.5%,0.3%,false,false
,Pending Home Sales m/m,USD,2015-09-28T10:00:00Z,None,0.4%,0.5%,-1.4%,false,false
,FOMC Member Evans Speaks,USD,2015-09-28T13:30:00Z,None,,,,false,false
,FOMC Member Williams Speaks,USD,2015-09-28T17:00:00Z,None,,,,false,false
,German Prelim CPI m/m,EUR,2015-09-29T00:00:00Z,None,-0.1%,0.0%,-0.2%,true,false
,German Import Prices m/m,EUR,2015-09-29T02:00:00Z,None,-1.4%,-0.7%,-1.5%,false,false
,Spanish Flash CPI y/y,EUR,2015-09-29T03:00:00Z,None,-0.6%,-0.4%,-0.9%,false,false
,M4 Money Supply m/m,GBP,2015-09-29T04:30:00Z,None,0.7%,1.0%,-0.4%,false,false
,Mortgage Approvals,GBP,2015-09-29T04:30:00Z,None,70K,69K,71K,false,false
,Net Lending to Individuals m/m,GBP,2015-09-29T04:30:00Z,None,4.1B,4.0B,4.3B,false,false
,Italian 10-y Bond Auction,EUR,2015-09-29T05:21:00Z,None,,1.95|1.4,1.82|1.3,false,false
,CBI Realized Sales,GBP,2015-09-29T06:00:00Z,None,29,24,49,false,false
,Goods Trade Balance,USD,2015-09-29T08:30:00Z,None,-57.3B,-59.1B,-67.2B,false,false
,IPPI m/m,CAD,2015-09-29T08:30:00Z,None,-0.8%,0.6%,-0.3%,false,false
,RMPI m/m,CAD,2015-09-29T08:30:00Z,None,-7.3%,-6.0%,-6.6%,false,false
,S&P/CS Composite-20 HPI y/y,USD,2015-09-29T09:00:00Z,None,5.1%,4.9%,5.0%,false,false
,CB Consumer Confidence,USD,2015-09-29T10:00:00Z,High,96.2,101.3,103.0,false,false
,BOE Gov Carney Speaks,GBP,2015-09-29T15:15:00Z,High,,,,false,false
,Building Consents m/m,NZD,2015-09-29T17:45:00Z,None,,20.3%,-4.9%,false,false
,GfK Consumer Confidence,GBP,2015-09-29T19:05:00Z,None,5,7,3,false,false
,Retail Sales y/y,JPY,2015-09-29T19:50:00Z,None,1.2%,1.8%,0.8%,false,false
,Prelim Industrial Production m/m,JPY,2015-09-29T19:50:00Z,None,1.1%,-0.8%,-0.5%,false,false
,ANZ Business Confidence,NZD,2015-09-29T20:00:00Z,High,,-29.1,-18.9,false,false
,Building Approvals m/m,AUD,2015-09-29T21:30:00Z,High,-1.8%,7.9%,-6.9%,false,false
,Private Sector Credit m/m,AUD,2015-09-29T21:30:00Z,None,0.5%,0.6%,0.6%,false,false
,French Consumer Spending m/m,EUR,2015-09-30T00:00:00Z,None,0.2%,0.4%,0.3%,false,false
,Bank Holiday,CNY,2015-09-30T00:00:00Z,None,,,,true,false
,Housing Starts y/y,JPY,2015-09-30T01:00:00Z,None,7.8%,7.4%,8.8%,false,false
,Nationwide HPI m/m,GBP,2015-09-30T01:58:00Z,None,0.4%,0.4%,0.5%,false,false
,UBS Consumption Indicator,CHF,2015-09-30T02:00:00Z,None,,1.59,1.63,false,false
,German Retail Sales m/m,EUR,2015-09-30T02:00:00Z,None,0.2%,1.6%,-0.4%,false,false
,French Consumer Spending m/m,EUR,2015-09-30T02:45:00Z,None,0.4%,0.3%,0.0%,false,false
,KOF Economic Barometer,CHF,2015-09-30T03:00:00Z,None,101.2,101.2,100.4,false,false
,German Unemployment Change,EUR,2015-09-30T03:55:00Z,None,-5K,-6K,2K,false,false
,Italian Monthly Unemployment Rate,EUR,2015-09-30T04:00:00Z,None,12.0%,12.0%,11.9%,false,false
,Revised Business Investment q/q,GBP,2015-09-30T04:30:00Z,None,2.9%,2.9%,1.6%,false,false
,Current Account,GBP,2015-09-30T04:30:00Z,High,-22.2B,-24.0B,-16.8B,false,false
,Final GDP q/q,GBP,2015-09-30T04:30:00Z,None,0.7%,0.7%,0.7%,false,false
,Index of Services 3m/3m,GBP,2015-09-30T04:30:00Z,None,0.8%,0.6%,0.8%,false,false
,Unemployment Rate,EUR,2015-09-30T05:00:00Z,None,10.9%,11.0%,11.0%,false,false
,CPI Flash Estimate y/y,EUR,2015-09-30T05:00:00Z,None,0.0%,0.1%,-0.1%,false,false
,Core CPI Flash Estimate y/y,EUR,2015-09-30T05:00:00Z,None,0.9%,0.9%,0.9%,false,false
,Italian Prelim CPI m/m,EUR,2015-09-30T05:00:00Z,None,-0.2%,0.2%,-0.3%,false,false
,FOMC Member Dudley Speaks,USD,2015-09-30T08:00:00Z,None,,,,false,false
,ADP Non-Farm Employment Change,USD,2015-09-30T08:15:00Z,High,192K,186K,200K,false,false
,GDP m/m,CAD,2015-09-30T08:30:00Z,High,0.2%,0.4%,0.3%,false,false
,Chicago PMI,USD,2015-09-30T09:45:00Z,None,53.2,54.4,48.7,false,false
,Crude Oil Inventories,USD,2015-09-30T10:30:00Z,None,-0.5M,-1.9M,4.0M,false,false
,Fed Chair Yellen Speaks,USD,2015-09-30T15:00:00Z,High,,,,false,false
,AIG Manufacturing Index,AUD,2015-09-30T19:30:00Z,None,,51.7,52.1,false,false
,Tankan Manufacturing Index,JPY,2015-09-30T19:50:00Z,None,13,15,12,false,false
,Tankan Non-Manufacturing Index,JPY,2015-09-30T19:50:00Z,None,21,23,25,false,false
,FOMC Member Brainard Speaks,USD,2015-09-30T20:15:00Z,None,,,,false,false
,Manufacturing PMI,CNY,2015-09-30T21:00:00Z,High,49.7,49.7,49.8,false,false
,Non-Manufacturing PMI,CNY,2015-09-30T21:00:00Z,None,,53.4,53.4,false,false
,Final Manufacturing PMI,JPY,2015-09-30T21:35:00Z,None,50.9,50.9,51.0,false,false
,RatingDog Manufacturing PMI,CNY,2015-09-30T21:45:00Z,High,47.2,47.0,47.2,false,false
,RatingDog Services PMI,CNY,2015-09-30T21:45:00Z,None,51.2,51.5,50.5,false,false
,10-y Bond Auction,JPY,2015-09-30T23:45:00Z,None,,0.42|3.5,0.34|3.0,false,false
,Total Vehicle Sales,USD,2015-10-01T00:00:00Z,None,17.5M,17.8M,18.2M,true,false
,Bank Holiday,CNY,2015-10-01T00:00:00Z,None,,,,true,false
,Commodity Prices y/y,AUD,2015-10-01T03:00:00Z,None,,-21.4%,-21.3%,false,false
,Spanish Manufacturing PMI,EUR,2015-10-01T03:15:00Z,None,53.0,53.2,51.7,false,false
,Retail Sales y/y,CHF,2015-10-01T03:15:00Z,None,0.3%,0.1%,-0.3%,false,false
,Manufacturing PMI,CHF,2015-10-01T03:30:00Z,None,51.9,52.2,49.5,false,false
,Italian Manufacturing PMI,EUR,2015-10-01T03:45:00Z,None,53.4,53.8,52.7,false,false
,French Final Manufacturing PMI,EUR,2015-10-01T03:50:00Z,None,50.4,50.4,50.6,false,false
,German Final Manufacturing PMI,EUR,2015-10-01T03:55:00Z,None,52.6,52.5,52.3,false,false
,Final Manufacturing PMI,EUR,2015-10-01T04:00:00Z,None,52.0,52.0,52.0,false,false
,Final Manufacturing PMI,GBP,2015-10-01T04:30:00Z,High,51.3,51.6,51.5,false,false
,FPC Meeting Minutes,GBP,2015-10-01T04:30:00Z,None,,,,false,false
,Spanish 10-y Bond Auction,EUR,2015-10-01T04:45:00Z,None,,2.15|2.5,1.84|1.8,false,false
,French 10-y Bond Auction,EUR,2015-10-01T04:56:00Z,None,,1.21|1.7,0.98|2.2,false,false
,Challenger Job Cuts y/y,USD,2015-10-01T07:30:00Z,None,,2.9%,93.2%,false,false
,Unemployment Claims,USD,2015-10-01T08:30:00Z,High,273K,267K,277K,false,false
,Manufacturing PMI,CAD,2015-10-01T09:30:00Z,None,,49.4,48.6,false,false
,Final Manufacturing PMI,USD,2015-10-01T09:45:00Z,None,53.0,53.0,53.1,false,false
,ISM Manufacturing PMI,USD,2015-10-01T10:00:00Z,High,50.8,51.1,50.2,false,false
,Construction Spending m/m,USD,2015-10-01T10:00:00Z,None,0.6%,0.4%,0.7%,false,false
,ISM Manufacturing Prices,USD,2015-10-01T10:00:00Z,None,40.0,39.0,38.0,false,false
,Natural Gas Storage,USD,2015-10-01T10:30:00Z,None,101B,106B,98B,false,false
,Gov Board Member Zurbrugg Speaks,CHF,2015-10-01T12:00:00Z,High,,,,false,false
,FOMC Member Williams Speaks,USD,2015-10-01T14:30:00Z,None,,,,false,false
,Unemployment Rate,JPY,2015-10-01T19:30:00Z,None,3.3%,3.3%,3.4%,false,false
,Household Spending y/y,JPY,2015-10-01T19:30:00Z,None,0.4%,-0.2%,2.9%,false,false
,Monetary Base y/y,JPY,2015-10-01T19:50:00Z,None,34.2%,33.3%,35.1%,false,false
,ANZ Commodity Prices m/m,NZD,2015-10-01T20:00:00Z,None,,-5.2%,5.5%,false,false
,HIA New Home Sales m/m,AUD,2015-10-01T21:00:00Z,None,,-1.8%,2.3%,false,false
,ECB President Draghi Speaks,EUR,2015-10-01T21:30:00Z,High,,,,false,false
,Retail Sales m/m,AUD,2015-10-01T21:30:00Z,High,0.4%,-0.1%,0.4%,false,false
,Spanish Unemployment Change,EUR,2015-10-02T03:00:00Z,None,17.9K,21.7K,26.1K,false,false
,Construction PMI,GBP,2015-10-02T04:30:00Z,High,57.5,57.3,59.9,false,false
,PPI m/m,EUR,2015-10-02T05:00:00Z,None,-0.5%,-0.2%,-0.8%,false,false
,Non-Farm Employment Change,USD,2015-10-02T08:30:00Z,High,201K,136K,142K,false,false
,Average Hourly Earnings m/m,USD,2015-10-02T08:30:00Z,High,0.2%,0.4%,0.0%,false,false
,Unemployment Rate,USD,2015-10-02T08:30:00Z,High,5.1%,5.1%,5.1%,false,false
,Factory Orders m/m,USD,2015-10-02T10:00:00Z,None,-0.9%,0.2%,-1.7%,false,false
,FOMC Member Fischer Speaks,USD,2015-10-02T13:30:00Z,None,,,,false,false
,FOMC Member Dudley Speaks,USD,2015-10-03T11:00:00Z,None,,,,false,false
,Daylight Saving Time Shift,AUD,2015-10-03T12:00:00Z,None,,,,false,false
,Bank Holiday,CNY,2015-10-04T00:00:00Z,None,,,,true,false
,Bank Holiday,AUD,2015-10-04T00:00:00Z,None,,,,true,false
,AIG Services Index,AUD,2015-10-04T18:30:00Z,None,,55.6,52.3,false,false
,MI Inflation Gauge m/m,AUD,2015-10-04T19:30:00Z,None,,0.1%,0.3%,false,false
,ANZ Job Advertisements m/m,AUD,2015-10-04T20:30:00Z,None,,1.3%,3.9%,false,false
,Average Cash Earnings y/y,JPY,2015-10-04T21:30:00Z,None,0.7%,0.9%,0.5%,false,false
,Bank Holiday,CNY,2015-10-05T00:00:00Z,None,,,,true,false
,Eurogroup Meetings,EUR,2015-10-05T00:00:00Z,None,,,,false,false
,Spanish Services PMI,EUR,2015-10-05T03:15:00Z,None,59.7,59.6,55.1,false,false
,Italian Services PMI,EUR,2015-10-05T03:45:00Z,None,54.8,54.6,53.3,false,false
,French Final Services PMI,EUR,2015-10-05T03:50:00Z,None,51.2,51.2,51.9,false,false
,German Final Services PMI,EUR,2015-10-05T03:55:00Z,None,54.4,54.3,54.1,false,false
,Final Services PMI,EUR,2015-10-05T04:00:00Z,None,54.0,54.0,53.7,false,false
,Final Services PMI,GBP,2015-10-05T04:30:00Z,High,56.4,55.6,53.3,false,false
,Sentix Investor Confidence,EUR,2015-10-05T04:30:00Z,None,12.2,13.6,11.7,false,false
,Retail Sales m/m,EUR,2015-10-05T05:00:00Z,None,-0.1%,0.6%,0.0%,false,false
,Final Services PMI,USD,2015-10-05T09:45:00Z,None,55.7,55.6,55.1,false,false
,ISM Services PMI,USD,2015-10-05T10:00:00Z,High,58.0,59.0,56.9,false,false
,Labor Market Conditions Index m/m,USD,2015-10-05T10:00:00Z,None,,1.2,0.0,false,false
,NZIER Business Confidence,NZD,2015-10-05T17:00:00Z,High,,5,-14,false,false
,Goods Trade Balance,AUD,2015-10-05T20:30:00Z,High,-2.48B,-2.79B,-3.10B,false,false
,Cash Rate,AUD,2015-10-05T23:30:00Z,High,2.00%,2.00%,2.00%,false,false
,RBA Rate Statement,AUD,2015-10-05T23:30:00Z,High,,,,false,false
,Bank Holiday,CNY,2015-10-06T00:00:00Z,None,,,,true,false
,ECOFIN Meetings,EUR,2015-10-06T00:00:00Z,None,,,,true,false
,Eurogroup Meetings,EUR,2015-10-06T00:00:00Z,None,,,,false,false
,German Factory Orders m/m,EUR,2015-10-06T02:00:00Z,None,0.5%,-2.2%,-1.8%,false,false
,Lloyds HPI m/m,GBP,2015-10-06T03:00:00Z,None,0.1%,2.7%,-0.9%,false,false
,CPI m/m,CHF,2015-10-06T03:15:00Z,None,0.1%,-0.2%,0.1%,false,false
,Retail PMI,EUR,2015-10-06T04:10:00Z,None,,51.4,51.9,false,false
,Housing Equity Withdrawal q/q,GBP,2015-10-06T04:30:00Z,None,-12.5B,-12.1B,-10.9B,false,false
,Trade Balance,CAD,2015-10-06T08:30:00Z,High,-1.1B,-0.8B,-2.5B,false,false
,Trade Balance,USD,2015-10-06T08:30:00Z,High,-47.6B,-41.8B,-48.3B,false,false
,RCM/TIPP Economic Optimism,USD,2015-10-06T10:00:00Z,None,44.6,42.0,47.3,false,false
,Ivey PMI,CAD,2015-10-06T10:00:00Z,None,54.1,58.0,53.7,false,false
,GDT Price Index,NZD,2015-10-06T10:49:00Z,High,,16.5%,9.9%,false,false
,ECB President Draghi Speaks,EUR,2015-10-06T13:00:00Z,High,,,,false,false
,FOMC Member Williams Speaks,USD,2015-10-06T17:30:00Z,None,,,,false,false
,AIG Construction Index,AUD,2015-10-06T18:28:00Z,None,,53.8,51.9,false,false
,BRC Shop Price Index y/y,GBP,2015-10-06T19:01:00Z,None,,-1.4%,-1.9%,false,false
,Monetary Policy Statement,JPY,2015-10-06T23:00:00Z,High,,,,false,false
,Leading Indicators,JPY,2015-10-07T01:00:00Z,None,103.4%,105.0%,103.5%,false,false
,German Industrial Production m/m,EUR,2015-10-07T02:00:00Z,None,0.3%,1.2%,-1.2%,false,false
,BOJ Press Conference,JPY,2015-10-07T02:31:00Z,High,,,,false,false
,French Trade Balance,EUR,2015-10-07T02:45:00Z,None,-3.6B,-3.2B,-3.0B,false,false
,Foreign Currency Reserves,CHF,2015-10-07T03:00:00Z,None,,540B,542B,false,false
,RBA Deputy Gov Debelle Speaks,AUD,2015-10-07T03:05:00Z,None,,,,false,false
,Manufacturing Production m/m,GBP,2015-10-07T04:30:00Z,High,0.4%,-0.7%,0.5%,false,false
,Industrial Production m/m,GBP,2015-10-07T04:30:00Z,None,0.3%,-0.3%,1.0%,false,false
,German 10-y Bond Auction,EUR,2015-10-07T05:32:00Z,None,,0.69|1.2,0.62|1.1,false,false
,Building Permits m/m,CAD,2015-10-07T08:30:00Z,High,0.5%,0.7%,-3.7%,false,false
,NIESR GDP Estimate,GBP,2015-10-07T10:00:00Z,None,,0.5%,0.5%,false,false
,Crude Oil Inventories,USD,2015-10-07T10:30:00Z,None,2.2M,4.0M,3.1M,false,false
,10-y Bond Auction,USD,2015-10-07T13:01:00Z,None,,2.24|2.7,2.07|2.6,false,false
,Consumer Credit m/m,USD,2015-10-07T15:00:00Z,None,18.8B,18.9B,16.0B,false,false
,RICS House Price Balance,GBP,2015-10-07T19:01:00Z,None,54%,53%,44%,false,false
,Current Account,JPY,2015-10-07T19:50:00Z,None,1.28T,1.32T,1.59T,false,false
,Core Machinery Orders m/m,JPY,2015-10-07T19:50:00Z,None,3.3%,-3.6%,-5.7%,false,false
,30-y Bond Auction,JPY,2015-10-07T23:45:00Z,None,,1.41|3.1,1.35|3.3,false,false
,BOJ Monthly Report,JPY,2015-10-08T01:00:00Z,None,,,,false,false
,Economy Watchers Sentiment,JPY,2015-10-08T01:00:00Z,None,48.6,49.3,47.5,false,false
,Unemployment Rate,CHF,2015-10-08T01:45:00Z,None,3.4%,3.3%,3.4%,false,false
,German Trade Balance,EUR,2015-10-08T02:00:00Z,None,20.2B,22.4B,19.6B,false,false
,MPC Official Bank Rate Votes,GBP,2015-10-08T07:00:00Z,High,1-0-8,1-0-8,1-0-8,false,false
,Monetary Policy Summary,GBP,2015-10-08T07:00:00Z,High,,,,false,false
,Official Bank Rate,GBP,2015-10-08T07:00:00Z,High,0.50%,0.50%,0.50%,false,false
,Asset Purchase Facility,GBP,2015-10-08T07:00:00Z,None,375B,375B,375B,false,false
,MPC Asset Purchase Facility Votes,GBP,2015-10-08T07:00:00Z,None,0-0-9,0-0-9,0-0-9,false,false
,ECB Monetary Policy Meeting Accounts,EUR,2015-10-08T07:30:00Z,None,,,,false,false
,Housing Starts,CAD,2015-10-08T08:13:00Z,None,202K,214K,231K,false,false
,NHPI m/m,CAD,2015-10-08T08:30:00Z,None,0.2%,0.1%,0.3%,false,false
,Unemployment Claims,USD,2015-10-08T08:30:00Z,High,274K,276K,263K,false,false
,Natural Gas Storage,USD,2015-10-08T10:30:00Z,None,101B,98B,95B,false,false
,30-y Bond Auction,USD,2015-10-08T13:03:00Z,None,,2.98|2.5,2.91|2.5,false,false
,BOE Gov Carney Speaks,GBP,2015-10-08T14:00:00Z,High,,,,false,false
,FOMC Meeting Minutes,USD,2015-10-08T14:00:00Z,High,,,,false,false
,FOMC Member Williams Speaks,USD,2015-10-08T15:30:00Z,None,,,,false,false
,Home Loans m/m,AUD,2015-10-08T20:30:00Z,None,4.9%,-0.3%,2.9%,false,false
,IMF Meetings,All,2015-10-09T00:00:00Z,None,,,,false,false
,French Gov Budget Balance,EUR,2015-10-09T02:45:00Z,None,,-79.8B,-89.7B,false,false
,French Industrial Production m/m,EUR,2015-10-09T02:45:00Z,None,0.6%,-1.1%,1.6%,false,false
,Italian Industrial Production m/m,EUR,2015-10-09T04:00:00Z,None,-0.3%,1.1%,-0.5%,false,false
,Construction Output m/m,GBP,2015-10-09T04:30:00Z,None,1.0%,-1.0%,-4.3%,false,false
,Goods Trade Balance,GBP,2015-10-09T04:30:00Z,None,-10.0B,-12.2B,-11.1B,false,false
,Employment Change,CAD,2015-10-09T08:30:00Z,High,10.5K,12.0K,12.1K,false,false
,Unemployment Rate,CAD,2015-10-09T08:30:00Z,High,6.9%,7.0%,7.1%,false,false
,Import Prices m/m,USD,2015-10-09T08:30:00Z,None,-0.5%,-1.6%,-0.1%,false,false
,FOMC Member Lockhart Speaks,USD,2015-10-09T09:10:00Z,None,,,,false,false
,Final Wholesale Inventories m/m,USD,2015-10-09T10:00:00Z,None,0.1%,-0.3%,0.1%,false,false
,BOC Business Outlook Survey,CAD,2015-10-09T10:30:00Z,None,,,,false,false
,FOMC Member Evans Speaks,USD,2015-10-09T13:10:00Z,None,,,,false,false
,German Buba President Weidmann Speaks,EUR,2015-10-09T17:15:00Z,None,,,,false,false
,IMF Meetings,All,2015-10-10T00:00:00Z,None,,,,false,false
,BOC Gov Poloz Speaks,CAD,2015-10-10T14:45:00Z,High,,,,false,false
,MPC Member Shafik Speaks,GBP,2015-10-10T15:30:00Z,None,,,,false,false
,IMF Meetings,All,2015-10-11T00:00:00Z,None,,,,false,false
,Bank Holiday,JPY,2015-10-11T00:00:00Z,None,,,,true,false
,Bank Holiday,CAD,2015-10-12T00:00:00Z,None,,,,true,false
,Bank Holiday,USD,2015-10-12T00:00:00Z,None,,,,true,false
,Foreign Direct Investment ytd/y,CNY,2015-10-12T05:26:00Z,None,,9.2%,9.0%,false,false
,FOMC Member Lockhart Speaks,USD,2015-10-12T08:10:00Z,None,,,,false,false
,MPC Member Weale Speaks,GBP,2015-10-12T09:00:00Z,None,,,,false,false
,CB Leading Index m/m,GBP,2015-10-12T09:30:00Z,None,,-0.2%,0.2%,false,false
,FOMC Member Evans Speaks,USD,2015-10-12T10:30:00Z,None,,,,false,false
,BOC Gov Poloz Speaks,CAD,2015-10-12T13:20:00Z,High,,,,false,false
,FOMC Member Brainard Speaks,USD,2015-10-12T16:30:00Z,None,,,,false,false
,RBA Deputy Gov Lowe Speaks,AUD,2015-10-12T17:40:00Z,None,,,,false,false
,FPI m/m,NZD,2015-10-12T17:45:00Z,None,,-0.5%,-0.5%,false,false
,BRC Retail Sales Monitor y/y,GBP,2015-10-12T19:01:00Z,None,,-1.0%,2.6%,false,false
,Monetary Policy Meeting Minutes,JPY,2015-10-12T19:50:00Z,None,,,,false,false
,Bank Lending y/y,JPY,2015-10-12T19:50:00Z,None,,2.7%,2.6%,false,false
,NAB Business Confidence,AUD,2015-10-12T20:30:00Z,High,,1,5,false,false
,Trade Balance,CNY,2015-10-12T22:00:00Z,High,292B,368B,376B,false,false
,USD-Denominated Trade Balance,CNY,2015-10-12T23:08:00Z,None,46.9B,60.2B,60.3B,false,false
,Consumer Confidence,JPY,2015-10-13T01:00:00Z,None,41.6,41.7,40.6,false,false
,Prelim Machine Tool Orders y/y,JPY,2015-10-13T01:58:00Z,None,,-16.5%,-19.1%,false,false
,German Final CPI m/m,EUR,2015-10-13T02:00:00Z,None,-0.2%,-0.2%,-0.2%,false,false
,German WPI m/m,EUR,2015-10-13T02:00:00Z,None,-0.3%,-0.8%,-0.6%,false,false
,PPI m/m,CHF,2015-10-13T03:15:00Z,None,-0.1%,-0.7%,-0.1%,false,false
,CPI y/y,GBP,2015-10-13T04:30:00Z,High,0.0%,0.0%,-0.1%,false,false
,BOE Credit Conditions Survey,GBP,2015-10-13T04:30:00Z,None,,,,false,false
,PPI Input m/m,GBP,2015-10-13T04:30:00Z,None,0.2%,-3.0%,0.6%,false,false
,RPI y/y,GBP,2015-10-13T04:30:00Z,None,1.0%,1.1%,0.8%,false,false
,Core CPI y/y,GBP,2015-10-13T04:30:00Z,None,1.1%,1.0%,1.0%,false,false
,ONS HPI y/y,GBP,2015-10-13T04:30:00Z,None,5.5%,5.2%,5.2%,false,false
,PPI Output m/m,GBP,2015-10-13T04:30:00Z,None,-0.2%,-0.5%,-0.1%,false,false
,German ZEW Economic Sentiment,EUR,2015-10-13T05:00:00Z,High,6.8,12.1,1.9,false,false
,ZEW Economic Sentiment,EUR,2015-10-13T05:00:00Z,None,30.1,33.3,30.1,false,false
,MPC Member Vlieghe Speaks,GBP,2015-10-13T05:00:00Z,None,,,,false,false
,MPC Member McCafferty Speaks,GBP,2015-10-13T06:00:00Z,None,,,,false,false
,NFIB Small Business Index,USD,2015-10-13T06:00:00Z,None,95.6,95.9,96.1,false,false
,MPC Member Haldane Speaks,GBP,2015-10-13T13:00:00Z,None,,,,false,false
,RBNZ Gov Wheeler Speaks,NZD,2015-10-13T16:10:00Z,High,,,,false,false
,Westpac Consumer Sentiment,AUD,2015-10-13T19:30:00Z,None,,-5.6%,4.2%,false,false
,M2 Money Stock y/y,JPY,2015-10-13T19:50:00Z,None,4.3%,4.2%,3.8%,false,false
,PPI y/y,JPY,2015-10-13T19:50:00Z,None,-3.9%,-3.6%,-3.9%,false,false
,CPI y/y,CNY,2015-10-13T21:30:00Z,High,1.8%,2.0%,1.6%,false,false
,PPI y/y,CNY,2015-10-13T21:30:00Z,None,-5.9%,-5.9%,-5.9%,false,false
,French Final CPI m/m,EUR,2015-10-14T02:45:00Z,None,-0.4%,0.3%,-0.4%,false,false
,Average Earnings Index 3m/y,GBP,2015-10-14T04:30:00Z,High,3.1%,2.9%,3.0%,false,false
,Claimant Count Change,GBP,2015-10-14T04:30:00Z,High,-2.3K,1.2K,4.6K,false,false
,Unemployment Rate,GBP,2015-10-14T04:30:00Z,None,5.5%,5.5%,5.4%,false,false
,UBS Economic Expectations,CHF,2015-10-14T05:00:00Z,None,,9.7,18.3,false,false
,Industrial Production m/m,EUR,2015-10-14T05:00:00Z,None,-0.4%,0.8%,-0.5%,false,false
,Core Retail Sales m/m,USD,2015-10-14T08:30:00Z,High,-0.1%,-0.1%,-0.3%,false,false
,PPI m/m,USD,2015-10-14T08:30:00Z,High,-0.2%,0.0%,-0.5%,false,false
,Retail Sales m/m,USD,2015-10-14T08:30:00Z,High,0.2%,0.0%,0.1%,false,false
,Core PPI m/m,USD,2015-10-14T08:30:00Z,None,0.1%,0.3%,-0.3%,false,false
,Business Inventories m/m,USD,2015-10-14T10:00:00Z,None,0.1%,0.0%,0.0%,false,false
,Beige Book,USD,2015-10-14T14:00:00Z,None,,,,false,false
,BusinessNZ Manufacturing Index,NZD,2015-10-14T17:30:00Z,None,,55.1,55.4,false,false
,MI Inflation Expectations,AUD,2015-10-14T20:00:00Z,None,,3.2%,3.5%,false,false
,Employment Change,AUD,2015-10-14T20:30:00Z,High,7.2K,18.1K,-5.1K,false,false
,Unemployment Rate,AUD,2015-10-14T20:30:00Z,High,6.2%,6.2%,6.2%,false,false
,New Motor Vehicle Sales m/m,AUD,2015-10-14T20:30:00Z,None,,-1.7%,5.5%,false,false
,Revised Industrial Production m/m,JPY,2015-10-15T00:30:00Z,None,-0.5%,-0.5%,-1.2%,false,false
,Tertiary Industry Activity m/m,JPY,2015-10-15T00:30:00Z,None,0.0%,0.2%,0.1%,false,false
,M2 Money Supply y/y,CNY,2015-10-15T04:00:00Z,None,13.1%,13.3%,13.1%,false,false
,New Loans,CNY,2015-10-15T04:00:00Z,None,900B,810B,1050B,false,false
,Spanish 10-y Bond Auction,EUR,2015-10-15T04:48:00Z,None,,1.84|1.8,1.77|2.2,false,false
,Core CPI m/m,USD,2015-10-15T08:30:00Z,High,0.1%,0.1%,0.2%,false,false
,Core CPI y/y,USD,2015-10-15T08:30:00Z,High,1.8%,1.8%,1.9%,false,false
,CPI m/m,USD,2015-10-15T08:30:00Z,High,-0.2%,-0.1%,-0.2%,false,false
,CPI y/y,USD,2015-10-15T08:30:00Z,High,-0.1%,0.2%,0.0%,false,false
,Unemployment Claims,USD,2015-10-15T08:30:00Z,High,269K,262K,255K,false,false
,Empire State Manufacturing Index,USD,2015-10-15T08:30:00Z,None,-7.3,-14.7,-11.4,false,false
,Philly Fed Manufacturing Index,USD,2015-10-15T10:00:00Z,High,-1.8,-6.0,-4.5,false,false
,FOMC Member Dudley Speaks,USD,2015-10-15T10:30:00Z,None,,,,false,false
,Natural Gas Storage,USD,2015-10-15T10:30:00Z,None,92B,95B,100B,false,false
,Crude Oil Inventories,USD,2015-10-15T11:00:00Z,None,2.2M,3.1M,7.6M,false,false
,Federal Budget Balance,USD,2015-10-15T15:26:00Z,None,93.8B,-64.4B,91.1B,false,false
,CPI q/q,NZD,2015-10-15T17:45:00Z,High,0.2%,0.4%,0.3%,false,false
,RBA Financial Stability Review,AUD,2015-10-15T20:30:00Z,None,,,,false,false
,BOJ Gov Kuroda Speaks,JPY,2015-10-16T02:35:00Z,High,,,,false,false
,Italian Trade Balance,EUR,2015-10-16T04:00:00Z,None,4.23B,8.07B,1.85B,false,false
,Final CPI y/y,EUR,2015-10-16T05:00:00Z,None,-0.1%,-0.1%,-0.1%,false,false
,Final Core CPI y/y,EUR,2015-10-16T05:00:00Z,None,0.9%,0.9%,0.9%,false,false
,Trade Balance,EUR,2015-10-16T05:00:00Z,None,22.2B,22.4B,19.8B,false,false
,MPC Member Forbes Speaks,GBP,2015-10-16T06:30:00Z,None,,,,false,false
,Manufacturing Sales m/m,CAD,2015-10-16T08:30:00Z,High,-0.8%,1.7%,-0.2%,false,false
,Foreign Securities Purchases,CAD,2015-10-16T08:30:00Z,None,2.21B,-10.09B,3.11B,false,false
,Capacity Utilization Rate,USD,2015-10-16T09:15:00Z,None,77.4%,77.8%,77.5%,false,false
,Industrial Production m/m,USD,2015-10-16T09:15:00Z,None,-0.2%,-0.1%,-0.2%,false,false
,Prelim UoM Consumer Sentiment,USD,2015-10-16T10:00:00Z,High,88.8,87.2,92.1,false,false
,JOLTS Job Openings,USD,2015-10-16T10:00:00Z,None,5.77M,5.67M,5.37M,false,false
,Prelim UoM Inflation Expectations,USD,2015-10-16T10:00:00Z,None,,2.8%,2.7%,false,false
,TIC Long-Term Purchases,USD,2015-10-16T16:00:00Z,None,24.3B,7.7B,20.4B,false,false
,BusinessNZ Services Index,NZD,2015-10-18T17:30:00Z,None,,57.6,59.3,false,false
,Rightmove HPI m/m,GBP,2015-10-18T19:01:00Z,None,,0.9%,0.6%,false,false
,GDP q/y,CNY,2015-10-18T22:00:00Z,High,6.8%,7.0%,6.9%,false,false
,Industrial Production y/y,CNY,2015-10-18T22:00:00Z,High,6.0%,6.1%,5.7%,false,false
,Fixed Asset Investment ytd/y,CNY,2015-10-18T22:00:00Z,None,10.8%,10.9%,10.3%,false,false
,NBS Press Conference,CNY,2015-10-18T22:00:00Z,None,,,,false,false
,Retail Sales y/y,CNY,2015-10-18T22:00:00Z,None,10.8%,10.8%,10.9%,false,false
,Federal Election,CAD,2015-10-19T00:00:00Z,None,,,,true,false
,FOMC Member Brainard Speaks,USD,2015-10-19T10:00:00Z,None,,,,false,false
,NAHB Housing Market Index,USD,2015-10-19T10:00:00Z,None,62,61,64,false,false
,Treasury Currency Report,USD,2015-10-19T16:30:00Z,None,,,,false,false
,Monetary Policy Meeting Minutes,AUD,2015-10-19T20:30:00Z,High,,,,false,false
,Trade Balance,CHF,2015-10-20T02:00:00Z,None,2.51B,2.86B,3.05B,false,false
,German PPI m/m,EUR,2015-10-20T02:00:00Z,None,-0.1%,-0.5%,-0.4%,false,false
,Current Account,EUR,2015-10-20T04:00:00Z,None,20.1B,25.6B,17.7B,false,false
,MPC Member McCafferty Speaks,GBP,2015-10-20T05:45:00Z,None,,,,false,false
,BOE Gov Carney Speaks,GBP,2015-10-20T06:00:00Z,High,,,,false,false
,Wholesale Sales m/m,CAD,2015-10-20T08:30:00Z,None,0.2%,-0.1%,-0.1%,false,false
,Building Permits,USD,2015-10-20T08:30:00Z,High,1.16M,1.16M,1.10M,false,false
,Housing Starts,USD,2015-10-20T08:30:00Z,None,1.14M,1.13M,1.21M,false,false
,FOMC Member Dudley Speaks,USD,2015-10-20T09:00:00Z,None,,,,false,false
,FOMC Member Powell Speaks,USD,2015-10-20T09:15:00Z,None,,,,false,false
,GDT Price Index,NZD,2015-10-20T10:04:00Z,High,,9.9%,-3.1%,false,false
,Fed Chair Yellen Speaks,USD,2015-10-20T11:00:00Z,None,,,,false,false
,Visitor Arrivals m/m,NZD,2015-10-20T17:45:00Z,None,,0.5%,4.2%,false,false
,CB Leading Index m/m,AUD,2015-10-20T19:00:00Z,None,,0.3%,-0.4%,false,false
,MI Leading Index m/m,AUD,2015-10-20T19:30:00Z,None,,-0.3%,0.1%,false,false
,Trade Balance,JPY,2015-10-20T19:50:00Z,None,-0.07T,-0.37T,-0.36T,false,false
,Credit Card Spending y/y,NZD,2015-10-20T22:00:00Z,None,,10.4%,7.3%,false,false
,All Industries Activity m/m,JPY,2015-10-21T00:30:00Z,None,-0.1%,-0.1%,-0.2%,false,false
,Public Sector Net Borrowing,GBP,2015-10-21T04:30:00Z,None,9.1B,10.8B,8.6B,false,false
,BOC Monetary Policy Report,CAD,2015-10-21T10:00:00Z,High,,,,false,false
,BOC Rate Statement,CAD,2015-10-21T10:00:00Z,High,,,,false,false
,Overnight Rate,CAD,2015-10-21T10:00:00Z,High,0.50%,0.50%,0.50%,false,false
,Crude Oil Inventories,USD,2015-10-21T10:30:00Z,None,3.5M,7.6M,8.0M,false,false
,BOC Press Conference,CAD,2015-10-21T11:15:00Z,High,,,,false,false
,BOE Gov Carney Speaks,GBP,2015-10-21T13:00:00Z,High,,,,false,false
,FOMC Member Powell Speaks,USD,2015-10-21T13:30:00Z,None,,,,false,false
,RBA Annual Report,AUD,2015-10-21T17:30:00Z,None,,,,false,false
,RBA Assist Gov Edey Speaks,AUD,2015-10-21T18:45:00Z,None,,,,false,false
,NAB Quarterly Business Confidence,AUD,2015-10-21T20:30:00Z,None,,4,0,false,false
,Spanish Unemployment Rate,EUR,2015-10-22T03:00:00Z,None,21.9%,22.4%,21.2%,false,false
,MPC Member Cunliffe Speaks,GBP,2015-10-22T04:20:00Z,None,,,,false,false
,Retail Sales m/m,GBP,2015-10-22T04:30:00Z,High,0.3%,-0.4%,1.9%,false,false
,Main Refinancing Rate,EUR,2015-10-22T07:45:00Z,High,0.05%,0.05%,0.05%,false,false
,Core Retail Sales m/m,CAD,2015-10-22T08:30:00Z,High,0.2%,0.1%,0.0%,false,false
,Retail Sales m/m,CAD,2015-10-22T08:30:00Z,None,0.1%,0.6%,0.5%,false,false
,ECB Press Conference,EUR,2015-10-22T08:30:00Z,High,,,,false,false
,Unemployment Claims,USD,2015-10-22T08:30:00Z,High,266K,256K,259K,false,false
,HPI m/m,USD,2015-10-22T09:00:00Z,None,0.4%,0.5%,0.3%,false,false
,Consumer Confidence,EUR,2015-10-22T10:00:00Z,None,-7,-7,-8,false,false
,Existing Home Sales,USD,2015-10-22T10:00:00Z,None,5.38M,5.30M,5.55M,false,false
,CB Leading Index m/m,USD,2015-10-22T10:00:00Z,None,0.0%,0.0%,-0.2%,false,false
,Natural Gas Storage,USD,2015-10-22T10:30:00Z,None,89B,100B,81B,false,false
,Flash Manufacturing PMI,JPY,2015-10-22T21:35:00Z,None,50.6,51.0,52.5,false,false
,CB Leading Index m/m,CNY,2015-10-22T22:00:00Z,None,,1.0%,1.6%,false,false
,French Flash Manufacturing PMI,EUR,2015-10-23T03:00:00Z,High,50.2,50.6,50.7,false,false
,French Flash Services PMI,EUR,2015-10-23T03:00:00Z,None,51.9,51.9,52.3,false,false
,German Flash Manufacturing PMI,EUR,2015-10-23T03:30:00Z,High,51.8,52.3,51.6,false,false
,German Flash Services PMI,EUR,2015-10-23T03:30:00Z,None,54.0,54.1,55.2,false,false
,Flash Manufacturing PMI,EUR,2015-10-23T04:00:00Z,None,51.8,52.0,52.0,false,false
,Flash Services PMI,EUR,2015-10-23T04:00:00Z,None,53.6,53.7,54.2,false,false
,Italian Retail Sales m/m,EUR,2015-10-23T05:00:00Z,None,0.3%,0.3%,0.3%,false,false
,Core CPI m/m,CAD,2015-10-23T08:30:00Z,High,0.3%,0.2%,0.2%,false,false
,CPI m/m,CAD,2015-10-23T08:30:00Z,None,-0.1%,0.0%,-0.2%,false,false
,Belgian NBB Business Climate,EUR,2015-10-23T09:00:00Z,None,-6.6,-6.8,-4.0,false,false
,Flash Manufacturing PMI,USD,2015-10-23T09:45:00Z,None,52.8,53.1,54.0,false,false
,Daylight Saving Time Shift,CHF,2015-10-24T22:00:00Z,None,,,,false,false
,Daylight Saving Time Shift,EUR,2015-10-24T22:00:00Z,None,,,,false,false
,Daylight Saving Time Shift,GBP,2015-10-24T22:00:00Z,None,,,,false,false
,Bank Holiday,NZD,2015-10-25T00:00:00Z,None,,,,true,false
,German ifo Business Climate,EUR,2015-10-26T05:00:00Z,High,108.1,108.5,108.2,false,false
,High Street Lending,GBP,2015-10-26T05:30:00Z,None,46.2K,46.6K,44.5K,false,false
,German Buba Monthly Report,EUR,2015-10-26T07:00:00Z,None,,,,false,false
,CBI Industrial Order Expectations,GBP,2015-10-26T07:00:00Z,None,-8,-7,-18,false,false
,New Home Sales,USD,2015-10-26T10:00:00Z,None,546K,529K,468K,false,false
,Trade Balance,NZD,2015-10-26T17:45:00Z,High,-822M,-1079M,-1222M,false,false
,SPPI y/y,JPY,2015-10-26T19:50:00Z,None,0.6%,0.8%,0.6%,false,false
,UBS Consumption Indicator,CHF,2015-10-27T03:00:00Z,None,,1.64,1.65,false,false
,M3 Money Supply y/y,EUR,2015-10-27T05:00:00Z,None,5.0%,4.9%,4.9%,false,false
,Private Loans y/y,EUR,2015-10-27T05:00:00Z,None,1.1%,1.0%,1.1%,false,false
,Prelim GDP q/q,GBP,2015-10-27T05:30:00Z,High,0.6%,0.7%,0.5%,false,false
,Index of Services 3m/3m,GBP,2015-10-27T05:30:00Z,None,1.0%,0.8%,0.9%,false,false
,10-y Bond Auction,GBP,2015-10-27T06:36:00Z,None,,1.95|1.4,1.82|1.7,false,false
,Core Durable Goods Orders m/m,USD,2015-10-27T08:30:00Z,High,0.0%,-0.2%,-0.4%,false,false
,Durable Goods Orders m/m,USD,2015-10-27T08:30:00Z,None,-1.1%,-2.3%,-1.2%,false,false
,S&P/CS Composite-20 HPI y/y,USD,2015-10-27T09:00:00Z,None,5.1%,4.9%,5.1%,false,false
,Flash Services PMI,USD,2015-10-27T09:45:00Z,None,55.3,55.1,54.4,false,false
,Richmond Manufacturing Index,USD,2015-10-27T09:59:00Z,None,-3,-5,-1,false,false
,CB Consumer Confidence,USD,2015-10-27T10:00:00Z,High,102.5,102.6,97.6,false,false
,Gov Council Member Lane Speaks,CAD,2015-10-27T11:20:00Z,None,,,,false,false
,Retail Sales y/y,JPY,2015-10-27T19:50:00Z,None,0.4%,0.8%,-0.2%,false,false
,CPI m/m,AUD,2015-10-27T20:30:00Z,High,0.7%,0.7%,0.5%,false,false
,Trimmed Mean CPI m/m,AUD,2015-10-27T20:30:00Z,None,0.5%,0.6%,0.3%,false,false
,German GfK Consumer Climate,EUR,2015-10-28T03:00:00Z,None,9.5,9.6,9.4,false,false
,German Import Prices m/m,EUR,2015-10-28T03:00:00Z,None,-0.2%,-1.5%,-0.7%,false,false
,German 10-y Bond Auction,EUR,2015-10-28T06:34:00Z,None,,0.62|1.1,0.44|1.2,false,false
,Goods Trade Balance,USD,2015-10-28T08:30:00Z,None,-64.9B,-67.2B,-58.6B,false,false
,Crude Oil Inventories,USD,2015-10-28T10:30:00Z,None,3.7M,8.0M,3.4M,false,false
,Federal Funds Rate,USD,2015-10-28T14:00:00Z,High,<0.25%,<0.25%,<0.25%,false,false
,FOMC Statement,USD,2015-10-28T14:00:00Z,High,,,,false,false
,Official Cash Rate,NZD,2015-10-28T16:00:00Z,High,2.75%,2.75%,2.75%,false,false
,RBNZ Rate Statement,NZD,2015-10-28T16:00:00Z,High,,,,false,false
,Prelim Industrial Production m/m,JPY,2015-10-28T19:50:00Z,None,-0.5%,-1.2%,1.0%,false,false
,HIA New Home Sales m/m,AUD,2015-10-28T20:00:00Z,None,,2.3%,-4.0%,false,false
,Import Prices q/q,AUD,2015-10-28T20:30:00Z,None,1.6%,1.4%,1.4%,false,false
,German Prelim CPI m/m,EUR,2015-10-29T00:00:00Z,None,-0.1%,-0.2%,0.0%,true,false
,Nationwide HPI m/m,GBP,2015-10-29T02:58:00Z,None,0.5%,0.5%,0.6%,false,false
,Spanish Flash CPI y/y,EUR,2015-10-29T04:00:00Z,None,-0.6%,-0.9%,-0.7%,false,false
,German Unemployment Change,EUR,2015-10-29T04:55:00Z,None,-4K,2K,-5K,false,false
,Net Lending to Individuals m/m,GBP,2015-10-29T05:30:00Z,None,4.4B,4.7B,4.9B,false,false
,M4 Money Supply m/m,GBP,2015-10-29T05:30:00Z,None,-0.2%,-0.5%,-1.0%,false,false
,Mortgage Approvals,GBP,2015-10-29T05:30:00Z,None,73K,71K,69K,false,false
,Italian 10-y Bond Auction,EUR,2015-10-29T06:22:00Z,None,,1.82|1.3,1.48|1.7,false,false
,CBI Realized Sales,GBP,2015-10-29T07:00:00Z,None,35,49,19,false,false
,RMPI m/m,CAD,2015-10-29T08:30:00Z,None,1.2%,-6.8%,3.0%,false,false
,IPPI m/m,CAD,2015-10-29T08:30:00Z,None,-0.1%,-0.3%,-0.3%,false,false
,Advance GDP q/q,USD,2015-10-29T08:30:00Z,High,1.6%,3.9%,1.5%,false,false
,Unemployment Claims,USD,2015-10-29T08:30:00Z,High,264K,259K,260K,false,false
,Advance GDP Price Index q/q,USD,2015-10-29T08:30:00Z,None,1.5%,2.1%,1.2%,false,false
,FOMC Member Lockhart Speaks,USD,2015-10-29T09:10:00Z,None,,,,false,false
,Pending Home Sales m/m,USD,2015-10-29T10:00:00Z,None,1.1%,-1.4%,-2.3%,false,false
,Natural Gas Storage,USD,2015-10-29T10:30:00Z,None,70B,81B,63B,false,false
,Building Consents m/m,NZD,2015-10-29T17:45:00Z,None,,-5.3%,-5.7%,false,false
,Tokyo Core CPI y/y,JPY,2015-10-29T19:30:00Z,High,-0.2%,-0.2%,-0.2%,false,false
,Household Spending y/y,JPY,2015-10-29T19:30:00Z,None,1.2%,2.9%,-0.4%,false,false
,National Core CPI y/y,JPY,2015-10-29T19:30:00Z,None,-0.2%,-0.1%,-0.1%,false,false
,Unemployment Rate,JPY,2015-10-29T19:30:00Z,None,3.4%,3.4%,3.4%,false,false
,ANZ Business Confidence,NZD,2015-10-29T19:54:00Z,High,,-18.9,10.5,false,false
,GfK Consumer Confidence,GBP,2015-10-29T19:57:00Z,None,4,3,2,false,false
,PPI q/q,AUD,2015-10-29T20:30:00Z,None,0.3%,0.3%,0.9%,false,false
,Private Sector Credit m/m,AUD,2015-10-29T20:30:00Z,None,0.5%,0.6%,0.8%,false,false
,Monetary Policy Statement,JPY,2015-10-29T23:22:00Z,High,,,,false,false
,Housing Starts y/y,JPY,2015-10-30T01:00:00Z,None,6.5%,8.8%,2.6%,false,false
,BOJ Outlook Report,JPY,2015-10-30T02:00:00Z,High,,,,false,false
,BOJ Press Conference,JPY,2015-10-30T02:32:00Z,High,,,,false,false
,German Retail Sales m/m,EUR,2015-10-30T03:00:00Z,None,0.4%,-0.7%,0.0%,false,false
,French Consumer Spending m/m,EUR,2015-10-30T03:45:00Z,None,0.2%,0.1%,0.0%,false,false
,KOF Economic Barometer,CHF,2015-10-30T04:00:00Z,None,100.1,100.3,99.8,false,false
,Spanish Flash GDP q/q,EUR,2015-10-30T04:00:00Z,None,0.9%,1.0%,0.8%,false,false
,Italian Monthly Unemployment Rate,EUR,2015-10-30T05:00:00Z,None,11.9%,11.9%,11.8%,false,false
,Core CPI Flash Estimate y/y,EUR,2015-10-30T06:00:00Z,None,0.9%,0.9%,1.0%,false,false
,CPI Flash Estimate y/y,EUR,2015-10-30T06:00:00Z,None,0.0%,-0.1%,0.0%,false,false
,Unemployment Rate,EUR,2015-10-30T06:00:00Z,None,11.0%,10.9%,10.8%,false,false
,Italian Prelim CPI m/m,EUR,2015-10-30T06:00:00Z,None,0.1%,-0.4%,0.2%,false,false
,GDP m/m,CAD,2015-10-30T08:30:00Z,High,0.1%,0.3%,0.1%,false,false
,Employment Cost Index q/q,USD,2015-10-30T08:30:00Z,High,0.6%,0.2%,0.6%,false,false
,Core PCE Price Index m/m,USD,2015-10-30T08:30:00Z,None,0.2%,0.1%,0.1%,false,false
,Personal Spending m/m,USD,2015-10-30T08:30:00Z,None,0.2%,0.4%,0.1%,false,false
,Personal Income m/m,USD,2015-10-30T08:30:00Z,None,0.2%,0.4%,0.1%,false,false
,Chicago PMI,USD,2015-10-30T09:45:00Z,None,49.5,48.7,56.2,false,false
,Revised UoM Inflation Expectations,USD,2015-10-30T10:00:00Z,None,,2.7%,2.7%,false,false
,Revised UoM Consumer Sentiment,USD,2015-10-30T10:00:00Z,None,92.6,92.1,90.0,false,false
,FOMC Member Williams Speaks,USD,2015-10-30T10:00:00Z,None,,,,false,false
,Manufacturing PMI,CNY,2015-10-31T21:00:00Z,High,50.0,49.8,49.8,false,false
,Non-Manufacturing PMI,CNY,2015-10-31T21:00:00Z,None,,53.4,53.1,false,false
,Daylight Saving Time Shift,CAD,2015-11-01T02:00:00Z,None,,,,false,false
,Daylight Saving Time Shift,USD,2015-11-01T02:00:00Z,None,,,,false,false
,AIG Manufacturing Index,AUD,2015-11-01T17:30:00Z,None,,52.1,50.2,false,false
,MI Inflation Gauge m/m,AUD,2015-11-01T18:30:00Z,None,,0.3%,0.0%,false,false
,Building Approvals m/m,AUD,2015-11-01T19:30:00Z,High,1.8%,-9.5%,2.2%,false,false
,Final Manufacturing PMI,JPY,2015-11-01T20:35:00Z,None,52.1,52.5,52.4,false,false
,RatingDog Manufacturing PMI,CNY,2015-11-01T20:45:00Z,High,47.7,47.2,48.3,false,false
,Bank Holiday,JPY,2015-11-02T00:00:00Z,None,,,,true,false
,Commodity Prices y/y,AUD,2015-11-02T00:30:00Z,None,,-21.0%,-19.8%,false,false
,Spanish Manufacturing PMI,EUR,2015-11-02T03:15:00Z,None,51.9,51.7,51.3,false,false
,Retail Sales y/y,CHF,2015-11-02T03:15:00Z,None,0.2%,-0.6%,0.2%,false,false
,Manufacturing PMI,CHF,2015-11-02T03:30:00Z,None,50.2,49.5,50.7,false,false
,Italian Manufacturing PMI,EUR,2015-11-02T03:45:00Z,None,52.9,52.7,54.1,false,false
,French Final Manufacturing PMI,EUR,2015-11-02T03:50:00Z,None,50.7,50.7,50.6,false,false
,German Final Manufacturing PMI,EUR,2015-11-02T03:55:00Z,None,51.6,51.6,52.1,false,false
,Final Manufacturing PMI,EUR,2015-11-02T04:00:00Z,None,52.0,52.0,52.3,false,false
,Final Manufacturing PMI,GBP,2015-11-02T04:30:00Z,High,51.3,51.8,55.5,false,false
,Manufacturing PMI,CAD,2015-11-02T09:30:00Z,None,,48.6,48.0,false,false
,Final Manufacturing PMI,USD,2015-11-02T09:45:00Z,None,54.0,54.0,54.1,false,false
,Construction Spending m/m,USD,2015-11-02T10:00:00Z,None,0.5%,0.7%,0.6%,false,false
,ISM Manufacturing Prices,USD,2015-11-02T10:00:00Z,None,39.5,38.0,39.0,false,false
,ISM Manufacturing PMI,USD,2015-11-02T10:00:00Z,High,50.0,50.2,50.1,false,false
,FOMC Member Williams Speaks,USD,2015-11-02T12:00:00Z,None,,,,false,false
,Loan Officer Survey,USD,2015-11-02T14:00:00Z,None,,,,false,false
,ANZ Commodity Prices m/m,NZD,2015-11-02T19:00:00Z,None,,5.5%,6.9%,false,false
,Cash Rate,AUD,2015-11-02T22:30:00Z,High,2.00%,2.00%,2.00%,false,false
,RBA Rate Statement,AUD,2015-11-02T22:30:00Z,High,,,,false,false
,Total Vehicle Sales,USD,2015-11-03T00:00:00Z,None,17.8M,18.2M,18.2M,true,false
,Spanish Unemployment Change,EUR,2015-11-03T03:00:00Z,None,70.3K,26.1K,82.3K,false,false
,Construction PMI,GBP,2015-11-03T04:30:00Z,High,58.9,59.9,58.8,false,false
,GDT Price Index,NZD,2015-11-03T08:41:00Z,High,,-3.1%,-7.4%,false,false
,Factory Orders m/m,USD,2015-11-03T10:00:00Z,None,-0.8%,-2.1%,-1.0%,false,false
,RCM/TIPP Economic Optimism,USD,2015-11-03T10:00:00Z,None,47.5,47.3,45.5,false,false
,ECB President Draghi Speaks,EUR,2015-11-03T14:00:00Z,None,,,,false,false
,Employment Change q/q,NZD,2015-11-03T16:45:00Z,High,0.4%,0.1%,-0.4%,false,false
,Unemployment Rate,NZD,2015-11-03T16:45:00Z,High,6.0%,5.9%,6.0%,false,false
,Labor Cost Index q/q,NZD,2015-11-03T16:45:00Z,None,0.5%,0.5%,0.4%,false,false
,AIG Services Index,AUD,2015-11-03T17:30:00Z,None,,52.3,48.9,false,false
,Monetary Base y/y,JPY,2015-11-03T18:50:00Z,None,36.2%,35.1%,32.5%,false,false
,BRC Shop Price Index y/y,GBP,2015-11-03T19:01:00Z,None,,-1.9%,-1.8%,false,false
,Goods Trade Balance,AUD,2015-11-03T19:30:00Z,High,-2.85B,-2.71B,-2.32B,false,false
,Retail Sales m/m,AUD,2015-11-03T19:30:00Z,High,0.4%,0.4%,0.4%,false,false
,RatingDog Services PMI,CNY,2015-11-03T20:45:00Z,None,51.0,50.5,52.0,false,false
,Consumer Confidence,JPY,2015-11-04T00:00:00Z,None,41.1,40.6,41.5,false,false
,ECB President Draghi Speaks,EUR,2015-11-04T03:00:00Z,High,,,,false,false
,Spanish Services PMI,EUR,2015-11-04T03:15:00Z,None,55.5,55.1,55.9,false,false
,Italian Services PMI,EUR,2015-11-04T03:45:00Z,None,53.7,53.3,53.4,false,false
,French Final Services PMI,EUR,2015-11-04T03:50:00Z,None,52.3,52.3,52.7,false,false
,German Final Services PMI,EUR,2015-11-04T03:55:00Z,None,55.2,55.2,54.5,false,false
,Final Services PMI,EUR,2015-11-04T04:00:00Z,None,54.2,54.2,54.1,false,false
,Final Services PMI,GBP,2015-11-04T04:30:00Z,High,54.6,53.3,54.9,false,false
,PPI m/m,EUR,2015-11-04T05:00:00Z,None,-0.4%,-0.8%,-0.3%,false,false
,FOMC Member Brainard Speaks,USD,2015-11-04T05:30:00Z,None,,,,false,false
,ADP Non-Farm Employment Change,USD,2015-11-04T08:15:00Z,High,183K,190K,182K,false,false
,Trade Balance,CAD,2015-11-04T08:30:00Z,High,-1.9B,-2.7B,-1.7B,false,false
,Trade Balance,USD,2015-11-04T08:30:00Z,High,-42.7B,-48.0B,-40.8B,false,false
,Final Services PMI,USD,2015-11-04T09:45:00Z,None,54.6,54.4,54.8,false,false
,Fed Chair Yellen Testifies,USD,2015-11-04T10:00:00Z,High,,,,false,false
,ISM Services PMI,USD,2015-11-04T10:00:00Z,High,56.6,56.9,59.1,false,false
,Crude Oil Inventories,USD,2015-11-04T10:30:00Z,None,2.5M,3.4M,2.8M,false,false
,FOMC Member Dudley Speaks,USD,2015-11-04T14:30:00Z,None,,,,false,false
,RBA Gov Stevens Speaks,AUD,2015-11-04T17:25:00Z,High,,,,false,false
,Monetary Policy Meeting Minutes,JPY,2015-11-04T18:50:00Z,None,,,,false,false
,FOMC Member Fischer Speaks,USD,2015-11-04T19:30:00Z,None,,,,false,false
,RBA Deputy Gov Lowe Speaks,AUD,2015-11-04T20:00:00Z,None,,,,false,false
,10-y Bond Auction,JPY,2015-11-04T22:45:00Z,None,,0.34|3.0,0.32|2.8,false,false
,SECO Consumer Climate,CHF,2015-11-05T01:45:00Z,None,-14,-19,-18,false,false
,German Factory Orders m/m,EUR,2015-11-05T02:00:00Z,None,1.1%,-1.8%,-1.7%,false,false
,Lloyds HPI m/m,GBP,2015-11-05T03:00:00Z,None,0.7%,-0.9%,1.1%,false,false
,CPI m/m,CHF,2015-11-05T03:15:00Z,None,0.0%,0.1%,0.1%,false,false
,ECB Economic Bulletin,EUR,2015-11-05T04:00:00Z,None,,,,false,false
,Retail PMI,EUR,2015-11-05T04:10:00Z,None,,51.9,51.3,false,false
,Spanish 10-y Bond Auction,EUR,2015-11-05T04:50:00Z,None,,1.77|2.2,1.75|2.4,false,false
,EU Economic Forecasts,EUR,2015-11-05T05:00:00Z,None,,,,false,false
,French 10-y Bond Auction,EUR,2015-11-05T05:00:00Z,None,,0.98|2.2,0.95|2.5,false,false
,Retail Sales m/m,EUR,2015-11-05T05:00:00Z,None,0.2%,0.0%,-0.1%,false,false
,ECB President Draghi Speaks,EUR,2015-11-05T05:45:00Z,None,,,,false,false
,MPC Official Bank Rate Votes,GBP,2015-11-05T07:00:00Z,High,1-0-8,1-0-8,1-0-8,false,false
,Monetary Policy Summary,GBP,2015-11-05T07:00:00Z,High,,,,false,false
,BOE Monetary Policy Report,GBP,2015-11-05T07:00:00Z,High,,,,false,false
,Official Bank Rate,GBP,2015-11-05T07:00:00Z,High,0.50%,0.50%,0.50%,false,false
,Asset Purchase Facility,GBP,2015-11-05T07:00:00Z,None,375B,375B,375B,false,false
,BOE Inflation Letter,GBP,2015-11-05T07:00:00Z,None,,,,false,false
,MPC Asset Purchase Facility Votes,GBP,2015-11-05T07:00:00Z,None,0-0-9,0-0-9,0-0-9,false,false
,Challenger Job Cuts y/y,USD,2015-11-05T07:30:00Z,None,,93.2%,-1.3%,false,false
,BOE Gov Carney Speaks,GBP,2015-11-05T07:45:00Z,High,,,,false,false
,Unemployment Claims,USD,2015-11-05T08:30:00Z,High,263K,260K,276K,false,false
,FOMC Member Dudley Speaks,USD,2015-11-05T08:30:00Z,None,,,,false,false
,Prelim Nonfarm Productivity q/q,USD,2015-11-05T08:30:00Z,None,0.1%,3.3%,1.6%,false,false
,Prelim Unit Labor Costs q/q,USD,2015-11-05T08:30:00Z,None,2.2%,-1.4%,1.4%,false,false
,FOMC Member Fischer Speaks,USD,2015-11-05T09:10:00Z,None,,,,false,false
,Ivey PMI,CAD,2015-11-05T10:00:00Z,None,54.0,53.7,53.1,false,false
,Natural Gas Storage,USD,2015-11-05T10:30:00Z,None,60B,63B,52B,false,false
,FOMC Member Tarullo Speaks,USD,2015-11-05T13:25:00Z,None,,,,false,false
,FOMC Member Lockhart Speaks,USD,2015-11-05T13:30:00Z,None,,,,false,false
,BOE Gov Carney Speaks,GBP,2015-11-05T15:15:00Z,High,,,,false,false
,FOMC Member Dudley Speaks,USD,2015-11-05T17:00:00Z,None,,,,false,false
,AIG Construction Index,AUD,2015-11-05T17:30:00Z,None,,51.9,52.1,false,false
,FOMC Member Evans Speaks,USD,2015-11-05T18:45:00Z,None,,,,false,false
,RBA Monetary Policy Statement,AUD,2015-11-05T19:30:00Z,High,,,,false,false
,RBA Assist Gov Edey Speaks,AUD,2015-11-05T20:00:00Z,None,,,,false,false
,BOJ Gov Kuroda Speaks,JPY,2015-11-05T23:00:00Z,High,,,,false,false
,Leading Indicators,JPY,2015-11-06T00:00:00Z,None,102.1%,103.5%,101.4%,false,false
,German Industrial Production m/m,EUR,2015-11-06T02:00:00Z,None,0.6%,-0.6%,-1.1%,false,false
,French Gov Budget Balance,EUR,2015-11-06T02:45:00Z,None,,-89.7B,-74.5B,false,false
,French Trade Balance,EUR,2015-11-06T02:45:00Z,None,-3.1B,-3.0B,-3.4B,false,false
,Foreign Currency Reserves,CHF,2015-11-06T03:00:00Z,None,,541B,551B,false,false
,Manufacturing Production m/m,GBP,2015-11-06T04:30:00Z,High,0.4%,0.4%,0.8%,false,false
,Goods Trade Balance,GBP,2015-11-06T04:30:00Z,None,-10.7B,-10.8B,-9.4B,false,false
,Industrial Production m/m,GBP,2015-11-06T04:30:00Z,None,-0.1%,0.9%,-0.2%,false,false
,Employment Change,CAD,2015-11-06T08:30:00Z,High,9.5K,12.1K,44.4K,false,false
,Unemployment Rate,USD,2015-11-06T08:30:00Z,High,5.0%,5.1%,5.0%,false,false
,Non-Farm Employment Change,USD,2015-11-06T08:30:00Z,High,181K,137K,271K,false,false
,Average Hourly Earnings m/m,USD,2015-11-06T08:30:00Z,High,0.2%,0.0%,0.4%,false,false
,Building Permits m/m,CAD,2015-11-06T08:30:00Z,None,1.4%,-3.6%,-6.7%,false,false
,Unemployment Rate,CAD,2015-11-06T08:30:00Z,High,7.1%,7.1%,7.0%,false,false
,NIESR GDP Estimate,GBP,2015-11-06T09:53:00Z,None,,0.5%,0.6%,false,false
,Consumer Credit m/m,USD,2015-11-06T15:00:00Z,None,17.6B,16.0B,28.9B,false,false
,FOMC Member Brainard Speaks,USD,2015-11-06T16:15:00Z,None,,,,false,false
,FOMC Member Williams Speaks,USD,2015-11-07T11:10:00Z,None,,,,false,false
,Trade Balance,CNY,2015-11-07T21:09:00Z,High,367B,376B,393B,false,false
,USD-Denominated Trade Balance,CNY,2015-11-07T22:01:00Z,None,62.1B,60.3B,61.6B,false,false
,ANZ Job Advertisements m/m,AUD,2015-11-08T19:30:00Z,None,,3.8%,0.4%,false,false
,Average Cash Earnings y/y,JPY,2015-11-08T20:30:00Z,None,0.5%,0.4%,0.6%,false,false
,Eurogroup Meetings,EUR,2015-11-09T00:00:00Z,None,,,,true,false
,German Trade Balance,EUR,2015-11-09T02:00:00Z,None,20.3B,19.6B,19.4B,false,false
,Sentix Investor Confidence,EUR,2015-11-09T04:30:00Z,None,12.4,11.7,15.1,false,false
,Housing Starts,CAD,2015-11-09T08:13:00Z,None,200K,232K,198K,false,false
,Labor Market Conditions Index m/m,USD,2015-11-09T10:00:00Z,None,,1.3,1.6,false,false
,Bank Lending y/y,JPY,2015-11-09T18:50:00Z,None,,2.6%,2.5%,false,false
,Current Account,JPY,2015-11-09T18:50:00Z,None,1.50T,1.59T,0.78T,false,false
,BRC Retail Sales Monitor y/y,GBP,2015-11-09T19:01:00Z,None,,2.6%,-0.2%,false,false
,NAB Business Confidence,AUD,2015-11-09T19:30:00Z,High,,5,2,false,false
,Home Loans m/m,AUD,2015-11-09T19:30:00Z,None,0.1%,1.5%,2.0%,false,false
,CPI y/y,CNY,2015-11-09T20:30:00Z,High,1.5%,1.6%,1.3%,false,false
,PPI y/y,CNY,2015-11-09T20:30:00Z,None,-5.9%,-5.9%,-5.9%,false,false
,ECOFIN Meetings,EUR,2015-11-10T00:00:00Z,None,,,,true,false
,Economy Watchers Sentiment,JPY,2015-11-10T00:00:00Z,None,48.2,47.5,48.2,false,false
,Unemployment Rate,CHF,2015-11-10T01:45:00Z,None,3.4%,3.4%,3.4%,false,false
,French Industrial Production m/m,EUR,2015-11-10T02:45:00Z,None,0.1%,1.7%,0.1%,false,false
,German Buba President Weidmann Speaks,EUR,2015-11-10T04:00:00Z,None,,,,false,false
,Italian Industrial Production m/m,EUR,2015-11-10T04:00:00Z,None,0.5%,-0.5%,0.2%,false,false
,NFIB Small Business Index,USD,2015-11-10T05:58:00Z,None,96.4,96.1,96.1,false,false
,Import Prices m/m,USD,2015-11-10T08:30:00Z,None,-0.1%,-0.6%,-0.5%,false,false
,Final Wholesale Inventories m/m,USD,2015-11-10T10:00:00Z,None,0.0%,0.3%,0.5%,false,false
,Gov Council Member Wilkins Speaks,CAD,2015-11-10T12:00:00Z,None,,,,false,false
,MPC Member Cunliffe Speaks,GBP,2015-11-10T12:30:00Z,None,,,,false,false
,10-y Bond Auction,USD,2015-11-10T13:01:00Z,None,,2.07|2.6,2.30|2.6,false,false
,RBNZ Financial Stability Report,NZD,2015-11-10T15:00:00Z,High,,,,false,false
,RBNZ Gov Wheeler Speaks,NZD,2015-11-10T15:05:00Z,High,,,,false,false
,FOMC Member Evans Speaks,USD,2015-11-10T17:15:00Z,None,,,,false,false
,Westpac Consumer Sentiment,AUD,2015-11-10T18:30:00Z,None,,4.2%,3.9%,false,false
,M2 Money Stock y/y,JPY,2015-11-10T18:50:00Z,None,3.8%,3.8%,3.6%,false,false
,Bank Holiday,USD,2015-11-11T00:00:00Z,None,,,,true,false
,Bank Holiday,CAD,2015-11-11T00:00:00Z,None,,,,true,false
,French Bank Holiday,EUR,2015-11-11T00:00:00Z,None,,,,true,false
,Industrial Production y/y,CNY,2015-11-11T00:30:00Z,High,5.8%,5.7%,5.6%,false,false
,Fixed Asset Investment ytd/y,CNY,2015-11-11T00:30:00Z,None,10.2%,10.3%,10.2%,false,false
,Retail Sales y/y,CNY,2015-11-11T00:30:00Z,None,10.9%,10.9%,11.0%,false,false
,Prelim Machine Tool Orders y/y,JPY,2015-11-11T01:03:00Z,None,,-19.1%,-23.1%,false,false
,German WPI m/m,EUR,2015-11-11T02:00:00Z,None,0.2%,-0.6%,-0.4%,false,false
,Foreign Direct Investment ytd/y,CNY,2015-11-11T02:52:00Z,None,,9.0%,8.6%,false,false
,Claimant Count Change,GBP,2015-11-11T04:30:00Z,High,1.6K,0.5K,3.3K,false,false
,Unemployment Rate,GBP,2015-11-11T04:30:00Z,None,5.4%,5.4%,5.3%,false,false
,Average Earnings Index 3m/y,GBP,2015-11-11T04:30:00Z,High,3.2%,3.0%,3.0%,false,false
,ECB President Draghi Speaks,EUR,2015-11-11T08:15:00Z,High,,,,false,false
,BusinessNZ Manufacturing Index,NZD,2015-11-11T16:30:00Z,None,,55.0,53.3,false,false
,FPI m/m,NZD,2015-11-11T16:45:00Z,None,,-0.5%,-1.2%,false,false
,Core Machinery Orders m/m,JPY,2015-11-11T18:50:00Z,None,3.3%,-5.7%,7.5%,false,false
,PPI y/y,JPY,2015-11-11T18:50:00Z,None,-3.5%,-4.0%,-3.8%,false,false
,MI Inflation Expectations,AUD,2015-11-11T19:00:00Z,None,,3.5%,3.5%,false,false
,RICS House Price Balance,GBP,2015-11-11T19:01:00Z,None,45%,44%,49%,false,false
,Unemployment Rate,AUD,2015-11-11T19:30:00Z,High,6.2%,6.2%,5.9%,false,false
,Employment Change,AUD,2015-11-11T19:30:00Z,High,14.8K,-0.8K,58.6K,false,false
,30-y Bond Auction,JPY,2015-11-11T22:45:00Z,None,,1.35|3.3,1.39|3.2,false,false
,German Final CPI m/m,EUR,2015-11-12T02:00:00Z,None,0.0%,0.0%,0.0%,false,false
,French Final CPI m/m,EUR,2015-11-12T02:45:00Z,None,0.1%,-0.4%,0.1%,false,false
,New Loans,CNY,2015-11-12T03:00:00Z,None,800B,1050B,514B,false,false
,M2 Money Supply y/y,CNY,2015-11-12T03:00:00Z,None,13.2%,13.1%,13.5%,false,false
,ECB President Draghi Speaks,EUR,2015-11-12T03:30:00Z,High,,,,false,false
,Industrial Production m/m,EUR,2015-11-12T05:00:00Z,None,-0.1%,-0.4%,-0.3%,false,false
,ECB President Draghi Speaks,EUR,2015-11-12T05:30:00Z,High,,,,false,false
,NHPI m/m,CAD,2015-11-12T08:30:00Z,None,0.2%,0.3%,0.1%,false,false
,Unemployment Claims,USD,2015-11-12T08:30:00Z,High,270K,276K,276K,false,false
,Fed Chair Yellen Speaks,USD,2015-11-12T09:30:00Z,High,,,,false,false
,JOLTS Job Openings,USD,2015-11-12T10:00:00Z,None,5.39M,5.38M,5.53M,false,false
,FOMC Member Evans Speaks,USD,2015-11-12T10:15:00Z,None,,,,false,false
,Crude Oil Inventories,USD,2015-11-12T11:00:00Z,None,0.8M,2.8M,4.2M,false,false
,MPC Member Haldane Speaks,GBP,2015-11-12T12:00:00Z,None,,,,false,false
,FOMC Member Dudley Speaks,USD,2015-11-12T12:15:00Z,None,,,,false,false
,30-y Bond Auction,USD,2015-11-12T13:01:00Z,None,,2.91|2.5,3.07|2.4,false,false
,Federal Budget Balance,USD,2015-11-12T13:57:00Z,None,-130.2B,91.1B,-136.5B,false,false
,FOMC Member Fischer Speaks,USD,2015-11-12T18:00:00Z,None,,,,false,false
,Revised Industrial Production m/m,JPY,2015-11-12T23:30:00Z,None,1.0%,1.0%,1.1%,false,false
,Tertiary Industry Activity m/m,JPY,2015-11-12T23:34:00Z,None,0.2%,0.2%,-0.4%,false,false
,French Prelim GDP q/q,EUR,2015-11-13T01:30:00Z,None,0.3%,0.0%,0.3%,false,false
,German Prelim GDP q/q,EUR,2015-11-13T02:00:00Z,High,0.3%,0.4%,0.3%,false,false
,French Prelim Private Payrolls q/q,EUR,2015-11-13T02:45:00Z,None,0.1%,0.2%,0.1%,false,false
,PPI m/m,CHF,2015-11-13T03:15:00Z,None,-0.2%,-0.1%,0.2%,false,false
,Italian Prelim GDP q/q,EUR,2015-11-13T04:00:00Z,None,0.3%,0.3%,0.2%,false,false
,Construction Output m/m,GBP,2015-11-13T04:30:00Z,None,1.5%,-3.4%,-0.2%,false,false
,Flash GDP q/q,EUR,2015-11-13T05:00:00Z,None,0.4%,0.4%,0.3%,false,false
,Trade Balance,EUR,2015-11-13T05:00:00Z,None,19.4B,19.0B,20.1B,false,false
,Gov Council Member Wilkins Speaks,CAD,2015-11-13T08:00:00Z,None,,,,false,false
,Core Retail Sales m/m,USD,2015-11-13T08:30:00Z,High,0.4%,-0.4%,0.2%,false,false
,PPI m/m,USD,2015-11-13T08:30:00Z,High,0.2%,-0.5%,-0.4%,false,false
,Retail Sales m/m,USD,2015-11-13T08:30:00Z,High,0.3%,0.0%,0.1%,false,false
,Core PPI m/m,USD,2015-11-13T08:30:00Z,None,0.1%,-0.3%,-0.3%,false,false
,CB Leading Index m/m,GBP,2015-11-13T09:30:00Z,None,,0.1%,-0.3%,false,false
,Prelim UoM Consumer Sentiment,USD,2015-11-13T10:00:00Z,High,91.3,90.0,93.1,false,false
,Business Inventories m/m,USD,2015-11-13T10:00:00Z,None,0.1%,0.1%,0.3%,false,false
,Prelim UoM Inflation Expectations,USD,2015-11-13T10:00:00Z,None,,2.7%,2.5%,false,false
,Natural Gas Storage,USD,2015-11-13T10:30:00Z,None,51B,52B,49B,false,false
,G20 Meetings,All,2015-11-15T00:00:00Z,None,,,,false,false
,BusinessNZ Services Index,NZD,2015-11-15T16:30:00Z,None,,59.6,56.2,false,false
,Core Retail Sales q/q,NZD,2015-11-15T16:45:00Z,None,1.4%,0.0,1.0%,false,false
,Retail Sales q/q,NZD,2015-11-15T16:45:00Z,High,1.0%,0.1%,1.6%,false,false
,Prelim GDP Price Index y/y,JPY,2015-11-15T18:50:00Z,None,1.7%,1.5%,2.0%,false,false
,Prelim GDP q/q,JPY,2015-11-15T18:50:00Z,High,-0.1%,-0.3%,-0.2%,false,false
,Rightmove HPI m/m,GBP,2015-11-15T19:01:00Z,None,,0.6%,-1.3%,false,false
,New Motor Vehicle Sales m/m,AUD,2015-11-15T19:30:00Z,None,,5.9%,-3.6%,false,false
,G20 Meetings,All,2015-11-16T00:00:00Z,None,,,,false,false
,Final CPI y/y,EUR,2015-11-16T05:00:00Z,None,0.0%,0.0%,0.1%,false,false
,Final Core CPI y/y,EUR,2015-11-16T05:00:00Z,None,1.0%,1.0%,1.1%,false,false
,ECB President Draghi Speaks,EUR,2015-11-16T05:15:00Z,High,,,,false,false
,German Buba Monthly Report,EUR,2015-11-16T06:00:00Z,None,,,,false,false
,Empire State Manufacturing Index,USD,2015-11-16T08:30:00Z,None,-5.3,-11.4,-10.7,false,false
,Manufacturing Sales m/m,CAD,2015-11-16T08:30:00Z,High,0.3%,-0.6%,-1.5%,false,false
,Foreign Securities Purchases,CAD,2015-11-16T08:30:00Z,None,4.12B,5.78B,3.35B,false,false
,RBA Assist Gov Kent Speaks,AUD,2015-11-16T16:30:00Z,None,,,,false,false
,Monetary Policy Meeting Minutes,AUD,2015-11-16T19:30:00Z,High,,,,false,false
,Inflation Expectations q/q,NZD,2015-11-16T21:00:00Z,High,,1.94%,1.85%,false,false
,Italian Trade Balance,EUR,2015-11-17T04:00:00Z,None,2.24B,1.85B,2.19B,false,false
,PPI Output m/m,GBP,2015-11-17T04:30:00Z,None,-0.1%,-0.1%,0.0%,false,false
,CPI y/y,GBP,2015-11-17T04:30:00Z,High,-0.1%,-0.1%,-0.1%,false,false
,PPI Input m/m,GBP,2015-11-17T04:30:00Z,None,0.2%,0.5%,0.2%,false,false
,RPI y/y,GBP,2015-11-17T04:30:00Z,None,0.9%,0.8%,0.7%,false,false
,Core CPI y/y,GBP,2015-11-17T04:30:00Z,None,1.0%,1.0%,1.1%,false,false
,ONS HPI y/y,GBP,2015-11-17T04:30:00Z,None,5.4%,5.5%,6.1%,false,false
,ZEW Economic Sentiment,EUR,2015-11-17T05:00:00Z,None,35.2,30.1,28.3,false,false
,German ZEW Economic Sentiment,EUR,2015-11-17T05:00:00Z,High,6.7,1.9,10.4,false,false
,Core CPI m/m,USD,2015-11-17T08:30:00Z,High,0.2%,0.2%,0.2%,false,false
,Core CPI y/y,USD,2015-11-17T08:30:00Z,High,1.9%,1.9%,1.9%,false,false
,CPI m/m,USD,2015-11-17T08:30:00Z,High,0.2%,-0.2%,0.2%,false,false
,CPI y/y,USD,2015-11-17T08:30:00Z,High,0.1%,0.0%,0.2%,false,false
,GDT Price Index,NZD,2015-11-17T09:07:00Z,High,,-7.4%,-7.9%,false,false
,Industrial Production m/m,USD,2015-11-17T09:15:00Z,None,0.1%,-0.2%,-0.2%,false,false
,Capacity Utilization Rate,USD,2015-11-17T09:15:00Z,None,77.5%,77.7%,77.5%,false,false
,NAHB Housing Market Index,USD,2015-11-17T10:00:00Z,None,64,65,62,false,false
,Mortgage Delinquencies,USD,2015-11-17T10:00:00Z,None,,5.30%,4.99%,false,false
,FOMC Member Tarullo Speaks,USD,2015-11-17T15:30:00Z,None,,,,false,false
,TIC Long-Term Purchases,USD,2015-11-17T16:00:00Z,None,23.3B,20.8B,33.6B,false,false
,RBA Deputy Gov Debelle Speaks,AUD,2015-11-17T17:15:00Z,None,,,,false,false
,CB Leading Index m/m,AUD,2015-11-17T18:00:00Z,None,,-0.4%,-0.1%,false,false
,MI Leading Index m/m,AUD,2015-11-17T18:30:00Z,None,,0.1%,0.1%,false,false
,Wage Price Index q/q,AUD,2015-11-17T19:30:00Z,None,0.6%,0.6%,0.6%,false,false
,UBS Economic Expectations,CHF,2015-11-18T05:00:00Z,None,,18.3,0.0,false,false
,10-y Bond Auction,GBP,2015-11-18T05:35:00Z,None,,1.82|1.7,1.94|1.5,false,false
,FOMC Member Dudley Speaks,USD,2015-11-18T08:00:00Z,None,,,,false,false
,Housing Starts,USD,2015-11-18T08:30:00Z,None,1.16M,1.19M,1.06M,false,false
,Building Permits,USD,2015-11-18T08:30:00Z,High,1.15M,1.11M,1.15M,false,false
,Crude Oil Inventories,USD,2015-11-18T10:30:00Z,None,2.0M,4.2M,0.3M,false,false
,FOMC Meeting Minutes,USD,2015-11-18T14:00:00Z,High,,,,false,false
,PPI Output q/q,NZD,2015-11-18T16:45:00Z,None,0.2%,-0.2%,1.3%,false,false
,PPI Input q/q,NZD,2015-11-18T16:45:00Z,None,0.1%,-0.3%,1.6%,false,false
,Trade Balance,JPY,2015-11-18T18:50:00Z,None,-0.38T,-0.31T,-0.20T,false,false
,Monetary Policy Statement,JPY,2015-11-18T22:17:00Z,High,,,,false,false
,All Industries Activity m/m,JPY,2015-11-18T23:30:00Z,None,0.2%,-0.1%,-0.2%,false,false
,BOJ Press Conference,JPY,2015-11-19T01:31:00Z,High,,,,false,false
,Trade Balance,CHF,2015-11-19T02:00:00Z,None,3.18B,3.25B,4.16B,false,false
,German Buba President Weidmann Speaks,EUR,2015-11-19T03:00:00Z,None,,,,false,false
,Current Account,EUR,2015-11-19T04:00:00Z,None,18.3B,18.7B,29.4B,false,false
,Retail Sales m/m,GBP,2015-11-19T04:30:00Z,High,-0.4%,1.7%,-0.6%,false,false
,CBI Industrial Order Expectations,GBP,2015-11-19T06:00:00Z,None,-10,-18,-11,false,false
,ECB Monetary Policy Meeting Accounts,EUR,2015-11-19T07:30:00Z,None,,,,false,false
,Wholesale Sales m/m,CAD,2015-11-19T08:30:00Z,None,0.2%,-0.1%,-0.1%,false,false
,Philly Fed Manufacturing Index,USD,2015-11-19T08:30:00Z,High,0.1,-4.5,1.9,false,false
,Unemployment Claims,USD,2015-11-19T08:30:00Z,High,272K,276K,271K,false,false
,CB Leading Index m/m,USD,2015-11-19T10:00:00Z,None,0.5%,-0.1%,0.6%,false,false
,BOC Review,CAD,2015-11-19T10:30:00Z,None,,,,false,false
,Natural Gas Storage,USD,2015-11-19T10:30:00Z,None,23B,49B,15B,false,false
,Gov Board Member Maechler Speaks,CHF,2015-11-19T12:30:00Z,None,,,,false,false
,FOMC Member Lockhart Speaks,USD,2015-11-19T12:30:00Z,None,,,,false,false
,FOMC Member Fischer Speaks,USD,2015-11-19T16:45:00Z,None,,,,false,false
,Credit Card Spending y/y,NZD,2015-11-19T21:00:00Z,None,,7.3%,7.8%,false,false
,CB Leading Index m/m,CNY,2015-11-19T21:00:00Z,None,,1.6%,0.6%,false,false
,BOJ Monthly Report,JPY,2015-11-20T00:00:00Z,None,,,,false,false
,German PPI m/m,EUR,2015-11-20T02:00:00Z,None,-0.2%,-0.4%,-0.4%,false,false
,ECB President Draghi Speaks,EUR,2015-11-20T03:00:00Z,High,,,,false,false
,Public Sector Net Borrowing,GBP,2015-11-20T04:30:00Z,None,5.5B,8.3B,7.5B,false,false
,German Buba President Weidmann Speaks,EUR,2015-11-20T05:15:00Z,None,,,,false,false
,Core CPI m/m,CAD,2015-11-20T08:30:00Z,High,0.2%,0.2%,0.3%,false,false
,Core Retail Sales m/m,CAD,2015-11-20T08:30:00Z,High,-0.3%,0.0%,-0.5%,false,false
,CPI m/m,CAD,2015-11-20T08:30:00Z,None,0.1%,-0.2%,0.1%,false,false
,Retail Sales m/m,CAD,2015-11-20T08:30:00Z,None,0.1%,0.5%,-0.5%,false,false
,Consumer Confidence,EUR,2015-11-20T10:00:00Z,None,-7,-8,-6,false,false
,FOMC Member Dudley Speaks,USD,2015-11-20T11:15:00Z,None,,,,false,false
,FOMC Member Williams Speaks,USD,2015-11-21T12:00:00Z,None,,,,false,false
,Bank Holiday,JPY,2015-11-22T00:00:00Z,None,,,,true,false
,German Buba President Weidmann Speaks,EUR,2015-11-22T06:00:00Z,None,,,,false,false
,Visitor Arrivals m/m,NZD,2015-11-22T16:45:00Z,None,,4.4%,0.2%,false,false
,Eurogroup Meetings,EUR,2015-11-23T00:00:00Z,None,,,,true,false
,French Flash Manufacturing PMI,EUR,2015-11-23T03:00:00Z,High,50.7,50.6,50.8,false,false
,French Flash Services PMI,EUR,2015-11-23T03:00:00Z,None,52.1,52.7,51.3,false,false
,German Flash Manufacturing PMI,EUR,2015-11-23T03:30:00Z,High,52.2,52.1,52.6,false,false
,German Flash Services PMI,EUR,2015-11-23T03:30:00Z,None,54.3,54.5,55.6,false,false
,Flash Manufacturing PMI,EUR,2015-11-23T04:00:00Z,None,52.3,52.3,52.8,false,false
,Flash Services PMI,EUR,2015-11-23T04:00:00Z,None,54.2,54.1,54.6,false,false
,Flash Manufacturing PMI,USD,2015-11-23T09:45:00Z,None,54.0,54.1,52.6,false,false
,Existing Home Sales,USD,2015-11-23T10:00:00Z,None,5.39M,5.55M,5.36M,false,false
,Flash Manufacturing PMI,JPY,2015-11-23T20:35:00Z,None,52.1,52.4,52.8,false,false
,German Final GDP q/q,EUR,2015-11-24T02:00:00Z,None,0.3%,0.3%,0.3%,false,false
,German ifo Business Climate,EUR,2015-11-24T04:00:00Z,High,108.3,108.2,109.0,false,false
,RBA Gov Stevens Speaks,AUD,2015-11-24T04:05:00Z,High,,,,false,false
,Monetary Policy Report Hearings,GBP,2015-11-24T05:00:00Z,High,,,,false,false
,CBI Realized Sales,GBP,2015-11-24T06:00:00Z,None,25,19,7,false,false
,Prelim GDP q/q,USD,2015-11-24T08:30:00Z,High,2.0%,1.5%,2.1%,false,false
,Goods Trade Balance,USD,2015-11-24T08:30:00Z,None,-61.8B,-59.1B,-58.4B,false,false
,Prelim GDP Price Index q/q,USD,2015-11-24T08:30:00Z,None,1.2%,1.2%,1.3%,false,false
,Belgian NBB Business Climate,EUR,2015-11-24T09:00:00Z,None,-3.2,-4.0,-3.9,false,false
,S&P/CS Composite-20 HPI y/y,USD,2015-11-24T09:00:00Z,None,5.2%,5.1%,5.5%,false,false
,Richmond Manufacturing Index,USD,2015-11-24T09:59:00Z,None,0,-1,-3,false,false
,CB Consumer Confidence,USD,2015-11-24T10:00:00Z,High,99.3,99.1,90.4,false,false
,Gov Council Member Patterson Speaks,CAD,2015-11-24T17:35:00Z,None,,,,false,false
,Monetary Policy Meeting Minutes,JPY,2015-11-24T18:50:00Z,None,,,,false,false
,SPPI y/y,JPY,2015-11-24T18:50:00Z,None,0.6%,0.5%,0.5%,false,false
,Construction Work Done q/q,AUD,2015-11-24T19:30:00Z,None,-1.8%,2.1%,-3.6%,false,false
,UBS Consumption Indicator,CHF,2015-11-25T02:00:00Z,None,,1.56,1.60,false,false
,High Street Lending,GBP,2015-11-25T04:30:00Z,None,45.5K,44.8K,45.4K,false,false
,ECB Financial Stability Review,EUR,2015-11-25T05:00:00Z,None,,,,false,false
,Italian Retail Sales m/m,EUR,2015-11-25T05:00:00Z,None,0.5%,0.2%,-0.1%,false,false
,RBA Deputy Gov Debelle Speaks,AUD,2015-11-25T05:20:00Z,None,,,,false,false
,German 10-y Bond Auction,EUR,2015-11-25T05:35:00Z,None,,0.44|1.2,0.49|1.1,false,false
,Autumn Forecast Statement,GBP,2015-11-25T07:30:00Z,None,,,,false,false
,Unemployment Claims,USD,2015-11-25T08:30:00Z,High,273K,272K,260K,false,false
,Core Durable Goods Orders m/m,USD,2015-11-25T08:30:00Z,High,0.5%,-0.3%,0.5%,false,false
,Core PCE Price Index m/m,USD,2015-11-25T08:30:00Z,None,0.1%,0.2%,0.0%,false,false
,Durable Goods Orders m/m,USD,2015-11-25T08:30:00Z,None,1.6%,-0.8%,3.0%,false,false
,Personal Spending m/m,USD,2015-11-25T08:30:00Z,None,0.3%,0.1%,0.1%,false,false
,Personal Income m/m,USD,2015-11-25T08:30:00Z,None,0.4%,0.2%,0.4%,false,false
,HPI m/m,USD,2015-11-25T09:00:00Z,None,0.5%,0.3%,0.8%,false,false
,Flash Services PMI,USD,2015-11-25T09:45:00Z,None,55.2,54.8,56.5,false,false
,New Home Sales,USD,2015-11-25T10:00:00Z,None,500K,447K,495K,false,false
,Revised UoM Consumer Sentiment,USD,2015-11-25T10:00:00Z,None,93.2,93.1,91.3,false,false
,Revised UoM Inflation Expectations,USD,2015-11-25T10:00:00Z,None,,2.5%,2.7%,false,false
,Crude Oil Inventories,USD,2015-11-25T10:30:00Z,None,1.2M,0.3M,1.0M,false,false
,Natural Gas Storage,USD,2015-11-25T12:00:00Z,None,5B,15B,9B,false,false
,Trade Balance,NZD,2015-11-25T16:45:00Z,High,-1000M,-1140M,-963M,false,false
,Private Capital Expenditure q/q,AUD,2015-11-25T19:30:00Z,High,-2.8%,-4.4%,-9.2%,false,false
,Bank Holiday,USD,2015-11-26T00:00:00Z,None,,,,true,false
,M3 Money Supply y/y,EUR,2015-11-26T04:00:00Z,None,4.9%,4.9%,5.3%,false,false
,Private Loans y/y,EUR,2015-11-26T04:00:00Z,None,1.2%,1.1%,1.2%,false,false
,Corporate Profits q/q,CAD,2015-11-26T08:30:00Z,None,,12.9%,-5.4%,false,false
,Household Spending y/y,JPY,2015-11-26T18:30:00Z,None,0.0%,-0.4%,-2.4%,false,false
,Tokyo Core CPI y/y,JPY,2015-11-26T18:30:00Z,None,-0.1%,-0.2%,0.0%,false,false
,National Core CPI y/y,JPY,2015-11-26T18:30:00Z,None,-0.1%,-0.1%,-0.1%,false,false
,Unemployment Rate,JPY,2015-11-26T18:30:00Z,None,3.4%,3.4%,3.1%,false,false
,GfK Consumer Confidence,GBP,2015-11-26T18:39:00Z,None,2,2,1,false,false
,BOJ Core CPI y/y,JPY,2015-11-27T00:00:00Z,None,,1.2%,1.2%,false,false
,German Import Prices m/m,EUR,2015-11-27T02:00:00Z,None,-0.1%,-0.7%,-0.3%,false,false
,Nationwide HPI m/m,GBP,2015-11-27T02:00:00Z,None,0.5%,0.5%,0.1%,false,false
,French Consumer Spending m/m,EUR,2015-11-27T02:45:00Z,None,0.2%,0.1%,-0.7%,false,false
,Spanish Flash CPI y/y,EUR,2015-11-27T03:00:00Z,None,-0.5%,-0.7%,-0.3%,false,false
,Second Estimate GDP q/q,GBP,2015-11-27T04:30:00Z,High,0.5%,0.5%,0.5%,false,false
,Prelim Business Investment q/q,GBP,2015-11-27T04:30:00Z,None,1.5%,1.6%,2.2%,false,false
,Index of Services 3m/3m,GBP,2015-11-27T04:30:00Z,None,0.8%,0.9%,0.7%,false,false
,Italian 10-y Bond Auction,EUR,2015-11-27T05:23:00Z,None,,1.48|1.7,1.36|1.7,false,false
,German GfK Consumer Climate,EUR,2015-11-27T07:00:00Z,None,9.2,9.4,9.3,false,false
,RMPI m/m,CAD,2015-11-27T08:30:00Z,None,0.4%,2.4%,0.4%,false,false
,IPPI m/m,CAD,2015-11-27T08:30:00Z,None,-0.1%,-0.4%,-0.5%,false,false
,Building Consents m/m,NZD,2015-11-29T16:45:00Z,None,,-5.8%,5.1%,false,false
,MI Inflation Gauge m/m,AUD,2015-11-29T18:30:00Z,None,,0.0%,0.1%,false,false
,Retail Sales y/y,JPY,2015-11-29T18:50:00Z,None,0.9%,-0.1%,1.8%,false,false
,Prelim Industrial Production m/m,JPY,2015-11-29T18:50:00Z,None,1.9%,1.1%,1.4%,false,false
,ANZ Business Confidence,NZD,2015-11-29T19:00:00Z,High,,10.5,14.6,false,false
,Company Operating Profits q/q,AUD,2015-11-29T19:30:00Z,None,1.1%,-0.5%,1.3%,false,false
,Private Sector Credit m/m,AUD,2015-11-29T19:30:00Z,None,0.6%,0.7%,0.7%,false,false
,BOJ Gov Kuroda Speaks,JPY,2015-11-29T20:00:00Z,High,,,,false,false
,Housing Starts y/y,JPY,2015-11-30T00:00:00Z,None,2.5%,2.6%,-2.5%,false,false
,German Prelim CPI m/m,EUR,2015-11-30T00:00:00Z,None,0.1%,0.0%,0.1%,true,false
,German Retail Sales m/m,EUR,2015-11-30T02:00:00Z,None,0.3%,0.0%,-0.4%,false,false
,KOF Economic Barometer,CHF,2015-11-30T03:00:00Z,None,100.3,100.4,97.9,false,false
,Net Lending to Individuals m/m,GBP,2015-11-30T04:30:00Z,None,4.8B,4.9B,4.8B,false,false
,M4 Money Supply m/m,GBP,2015-11-30T04:30:00Z,None,-0.2%,-1.0%,0.6%,false,false
,Mortgage Approvals,GBP,2015-11-30T04:30:00Z,None,70K,69K,70K,false,false
,Italian Prelim CPI m/m,EUR,2015-11-30T05:00:00Z,None,-0.2%,0.2%,-0.4%,false,false
,Current Account,CAD,2015-11-30T08:30:00Z,None,-15.2B,-16.6B,-16.2B,false,false
,Chicago PMI,USD,2015-11-30T09:45:00Z,None,54.3,56.2,48.7,false,false
,Pending Home Sales m/m,USD,2015-11-30T10:00:00Z,None,1.6%,-1.6%,0.2%,false,false
,Overseas Trade Index q/q,NZD,2015-11-30T16:45:00Z,None,-2.5%,1.5%,-3.7%,false,false
,AIG Manufacturing Index,AUD,2015-11-30T17:30:00Z,None,,50.2,52.5,false,false
,Capital Spending q/y,JPY,2015-11-30T18:50:00Z,None,2.3%,5.6%,11.2%,false,false
,Building Approvals m/m,AUD,2015-11-30T19:30:00Z,None,-2.4%,2.3%,3.9%,false,false
,Current Account,AUD,2015-11-30T19:30:00Z,None,-16.6B,-20.5B,-18.1B,false,false
,Manufacturing PMI,CNY,2015-11-30T20:00:00Z,High,49.9,49.8,49.6,false,false
,Non-Manufacturing PMI,CNY,2015-11-30T20:00:00Z,None,,53.1,53.6,false,false
,Final Manufacturing PMI,JPY,2015-11-30T20:35:00Z,None,52.8,52.8,52.6,false,false
,RatingDog Manufacturing PMI,CNY,2015-11-30T20:45:00Z,High,48.3,48.3,48.6,false,false
,Cash Rate,AUD,2015-11-30T22:30:00Z,High,2.00%,2.00%,2.00%,false,false
,RBA Rate Statement,AUD,2015-11-30T22:30:00Z,High,,,,false,false
,10-y Bond Auction,JPY,2015-11-30T22:45:00Z,None,,0.32|2.8,0.32|3.6,false,false
,Total Vehicle Sales,USD,2015-12-01T00:00:00Z,None,18.0M,18.2M,18.2M,true,false
,Commodity Prices y/y,AUD,2015-12-01T00:30:00Z,None,,-20.2%,-22.0%,false,false
,GDP q/q,CHF,2015-12-01T01:45:00Z,None,0.2%,0.2%,0.0%,false,false
,Bank Stress Test Results,GBP,2015-12-01T02:00:00Z,High,,,,false,false
,BOE Financial Stability Report,GBP,2015-12-01T02:00:00Z,None,,,,false,false
,FPC Statement,GBP,2015-12-01T02:00:00Z,None,,,,false,false
,BOE Gov Carney Speaks,GBP,2015-12-01T03:00:00Z,High,,,,false,false
,Spanish Manufacturing PMI,EUR,2015-12-01T03:15:00Z,None,51.9,51.3,53.1,false,false
,Retail Sales y/y,CHF,2015-12-01T03:18:00Z,None,0.4%,-1.2%,-0.8%,false,false
,Manufacturing PMI,CHF,2015-12-01T03:30:00Z,None,50.8,50.7,49.7,false,false
,Italian Manufacturing PMI,EUR,2015-12-01T03:45:00Z,None,54.3,54.1,54.9,false,false
,French Final Manufacturing PMI,EUR,2015-12-01T03:50:00Z,None,50.8,50.8,50.6,false,false
,German Unemployment Change,EUR,2015-12-01T03:55:00Z,None,-4K,-6K,-13K,false,false
,German Final Manufacturing PMI,EUR,2015-12-01T03:55:00Z,None,52.6,52.6,52.9,false,false
,Final Manufacturing PMI,EUR,2015-12-01T04:00:00Z,None,52.8,52.8,52.8,false,false
,Italian Monthly Unemployment Rate,EUR,2015-12-01T04:00:00Z,None,11.7%,11.6%,11.5%,false,false
,Final Manufacturing PMI,GBP,2015-12-01T04:30:00Z,High,53.7,55.2,52.7,false,false
,Unemployment Rate,EUR,2015-12-01T05:00:00Z,None,10.8%,10.8%,10.7%,false,false
,GDP m/m,CAD,2015-12-01T08:30:00Z,High,0.1%,0.1%,-0.5%,false,false
,GDT Price Index,NZD,2015-12-01T09:24:00Z,High,,-7.9%,3.6%,false,false
,Manufacturing PMI,CAD,2015-12-01T09:30:00Z,None,,48.0,48.6,false,false
,Final Manufacturing PMI,USD,2015-12-01T09:45:00Z,None,52.6,52.6,52.8,false,false
,ISM Manufacturing PMI,USD,2015-12-01T10:00:00Z,High,50.6,50.1,48.6,false,false
,Construction Spending m/m,USD,2015-12-01T10:00:00Z,None,0.5%,0.6%,1.0%,false,false
,ISM Manufacturing Prices,USD,2015-12-01T10:00:00Z,None,40.0,39.0,35.5,false,false
,FOMC Member Evans Speaks,USD,2015-12-01T12:45:00Z,None,,,,false,false
,Monetary Base y/y,JPY,2015-12-01T18:50:00Z,None,35.2%,32.5%,32.5%,false,false
,BRC Shop Price Index y/y,GBP,2015-12-01T19:01:00Z,None,,-1.8%,-2.1%,false,false
,RBA Gov Stevens Speaks,AUD,2015-12-01T19:10:00Z,High,,,,false,false
,GDP q/q,AUD,2015-12-01T19:30:00Z,High,0.7%,0.3%,0.9%,false,false
,FOMC Member Brainard Speaks,USD,2015-12-01T20:00:00Z,None,,,,false,false
,Spanish Unemployment Change,EUR,2015-12-02T03:00:00Z,None,-10.3K,82.3K,-27.1K,false,false
,Construction PMI,GBP,2015-12-02T04:30:00Z,High,58.4,58.8,55.3,false,false
,Core CPI Flash Estimate y/y,EUR,2015-12-02T05:00:00Z,None,1.1%,1.1%,0.9%,false,false
,CPI Flash Estimate y/y,EUR,2015-12-02T05:00:00Z,None,0.2%,0.1%,0.1%,false,false
,PPI m/m,EUR,2015-12-02T05:00:00Z,None,-0.4%,-0.4%,-0.3%,false,false
,FOMC Member Lockhart Speaks,USD,2015-12-02T08:10:00Z,None,,,,false,false
,ADP Non-Farm Employment Change,USD,2015-12-02T08:15:00Z,High,191K,196K,217K,false,false
,Fed Chair Yellen Speaks,USD,2015-12-02T08:30:00Z,None,,,,false,false
,Revised Nonfarm Productivity q/q,USD,2015-12-02T08:30:00Z,None,2.2%,1.6%,2.2%,false,false
,Revised Unit Labor Costs q/q,USD,2015-12-02T08:30:00Z,None,1.1%,1.4%,1.8%,false,false
,FOMC Member Tarullo Speaks,USD,2015-12-02T09:00:00Z,None,,,,false,false
,BOC Rate Statement,CAD,2015-12-02T10:00:00Z,High,,,,false,false
,Overnight Rate,CAD,2015-12-02T10:00:00Z,High,0.50%,0.50%,0.50%,false,false
,Crude Oil Inventories,USD,2015-12-02T10:30:00Z,None,-0.6M,1.0M,1.2M,false,false
,Fed Chair Yellen Speaks,USD,2015-12-02T12:25:00Z,High,,,,false,false
,Beige Book,USD,2015-12-02T14:00:00Z,None,,,,false,false
,FOMC Member Williams Speaks,USD,2015-12-02T15:40:00Z,None,,,,false,false
,AIG Services Index,AUD,2015-12-02T17:30:00Z,None,,48.9,48.2,false,false
,HIA New Home Sales m/m,AUD,2015-12-02T19:00:00Z,None,,-4.0%,-3.0%,false,false
,Goods Trade Balance,AUD,2015-12-02T19:30:00Z,High,-2.61B,-2.40B,-3.31B,false,false
,RatingDog Services PMI,CNY,2015-12-02T20:45:00Z,None,53.1,52.0,51.2,false,false
,Spanish Services PMI,EUR,2015-12-03T03:15:00Z,None,56.2,55.9,56.7,false,false
,Italian Services PMI,EUR,2015-12-03T03:45:00Z,None,53.9,53.4,53.4,false,false
,French Final Services PMI,EUR,2015-12-03T03:50:00Z,None,51.3,51.3,51.0,false,false
,German Final Services PMI,EUR,2015-12-03T03:55:00Z,None,55.6,55.6,55.6,false,false
,Final Services PMI,EUR,2015-12-03T04:00:00Z,None,54.6,54.6,54.2,false,false
,Final Services PMI,GBP,2015-12-03T04:30:00Z,High,55.1,54.9,55.9,false,false
,Spanish 10-y Bond Auction,EUR,2015-12-03T04:56:00Z,None,,1.75|2.4,1.46|2.6,false,false
,French 10-y Bond Auction,EUR,2015-12-03T05:00:00Z,None,,0.95|2.5,0.50|2.3,false,false
,Retail Sales m/m,EUR,2015-12-03T05:00:00Z,None,0.2%,-0.1%,-0.1%,false,false
,Challenger Job Cuts y/y,USD,2015-12-03T07:30:00Z,None,,-1.3%,-13.9%,false,false
,Main Refinancing Rate,EUR,2015-12-03T07:45:00Z,High,0.05%,0.05%,0.05%,false,false
,ECB Press Conference,EUR,2015-12-03T08:30:00Z,High,,,,false,false
,Unemployment Claims,USD,2015-12-03T08:30:00Z,High,269K,260K,269K,false,false
,Final Services PMI,USD,2015-12-03T09:45:00Z,None,56.5,56.5,56.1,false,false
,Fed Chair Yellen Testifies,USD,2015-12-03T10:00:00Z,High,,,,false,false
,ISM Services PMI,USD,2015-12-03T10:00:00Z,High,58.1,59.1,55.9,false,false
,Factory Orders m/m,USD,2015-12-03T10:00:00Z,None,1.2%,-0.8%,1.5%,false,false
,Natural Gas Storage,USD,2015-12-03T10:30:00Z,None,-22B,9B,-53B,false,false
,FOMC Member Fischer Speaks,USD,2015-12-03T13:10:00Z,None,,,,false,false
,ANZ Commodity Prices m/m,NZD,2015-12-03T19:00:00Z,None,,7.1%,-5.6%,false,false
,Retail Sales m/m,AUD,2015-12-03T19:30:00Z,High,0.4%,0.4%,0.5%,false,false
,Average Cash Earnings y/y,JPY,2015-12-03T20:30:00Z,None,0.4%,0.4%,0.7%,false,false
,Consumer Confidence,JPY,2015-12-04T00:00:00Z,None,41.8,41.5,42.6,false,false
,OPEC Meetings,All,2015-12-04T00:00:00Z,High,,,,true,false
,German Factory Orders m/m,EUR,2015-12-04T02:00:00Z,None,1.3%,-0.7%,1.8%,false,false
,CPI m/m,CHF,2015-12-04T03:15:00Z,None,0.0%,0.1%,-0.1%,false,false
,Retail PMI,EUR,2015-12-04T04:10:00Z,None,,51.3,48.5,false,false
,Employment Change,CAD,2015-12-04T08:30:00Z,High,-9.7K,44.4K,-35.7K,false,false
,Trade Balance,CAD,2015-12-04T08:30:00Z,High,-1.7B,-2.3B,-2.8B,false,false
,Unemployment Rate,CAD,2015-12-04T08:30:00Z,High,7.0%,7.0%,7.1%,false,false
,Labor Productivity q/q,CAD,2015-12-04T08:30:00Z,None,0.2%,-0.9,0.1%,false,false
,Average Hourly Earnings m/m,USD,2015-12-04T08:30:00Z,High,0.2%,0.4%,0.2%,false,false
,Non-Farm Employment Change,USD,2015-12-04T08:30:00Z,High,201K,298K,211K,false,false
,Unemployment Rate,USD,2015-12-04T08:30:00Z,High,5.0%,5.0%,5.0%,false,false
,Trade Balance,USD,2015-12-04T08:30:00Z,None,-40.6B,-42.5B,-43.9B,false,false
,Ivey PMI,CAD,2015-12-04T10:00:00Z,None,55.3,53.1,63.6,false,false
,ECB President Draghi Speaks,EUR,2015-12-04T12:20:00Z,High,,,,false,false
,AIG Construction Index,AUD,2015-12-06T17:30:00Z,None,,52.1,50.7,false,false
,ANZ Job Advertisements m/m,AUD,2015-12-06T19:30:00Z,None,,0.3%,1.3%,false,false
,Leading Indicators,JPY,2015-12-07T00:00:00Z,None,102.9%,101.6%,102.9%,false,false
,Eurogroup Meetings,EUR,2015-12-07T00:00:00Z,None,,,,true,false
,German Industrial Production m/m,EUR,2015-12-07T02:00:00Z,None,0.8%,-1.1%,0.2%,false,false
,Foreign Currency Reserves,CHF,2015-12-07T03:00:00Z,None,,552B,563B,false,false
,Sentix Investor Confidence,EUR,2015-12-07T04:30:00Z,None,17.2,15.1,15.7,false,false
,BOJ Gov Kuroda Speaks,JPY,2015-12-07T06:45:00Z,High,,,,false,false
,Labor Market Conditions Index m/m,USD,2015-12-07T10:00:00Z,None,,2.2,0.5,false,false
,BOE Gov Carney Speaks,GBP,2015-12-07T10:00:00Z,High,,,,false,false
,Consumer Credit m/m,USD,2015-12-07T15:00:00Z,None,18.3B,28.6B,16.0B,false,false
,Manufacturing Sales q/q,NZD,2015-12-07T16:45:00Z,None,,1.0%,4.2%,false,false
,Current Account,JPY,2015-12-07T18:50:00Z,None,1.53T,0.78T,1.49T,false,false
,Final GDP q/q,JPY,2015-12-07T18:50:00Z,None,0.1%,-0.2%,0.3%,false,false
,Bank Lending y/y,JPY,2015-12-07T18:50:00Z,None,,2.5%,2.3%,false,false
,Final GDP Price Index y/y,JPY,2015-12-07T18:50:00Z,None,2.0%,2.0%,1.8%,false,false
,BRC Retail Sales Monitor y/y,GBP,2015-12-07T19:01:00Z,None,,-0.2%,-0.4%,false,false
,NAB Business Confidence,AUD,2015-12-07T19:30:00Z,High,,3,5,false,false
,Trade Balance,CNY,2015-12-07T20:56:00Z,High,395B,393B,343B,false,false
,USD-Denominated Trade Balance,CNY,2015-12-07T21:52:00Z,None,64.2B,61.6B,54.1B,false,false
,30-y Bond Auction,JPY,2015-12-07T22:45:00Z,None,,1.39|3.2,1.40|3.9,false,false
,Economy Watchers Sentiment,JPY,2015-12-08T00:00:00Z,None,48.6,48.2,46.1,false,false
,Italian Bank Holiday,EUR,2015-12-08T00:00:00Z,None,,,,true,false
,ECOFIN Meetings,EUR,2015-12-08T00:00:00Z,None,,,,true,false
,French Gov Budget Balance,EUR,2015-12-08T02:45:00Z,None,,-74.5B,-76.2B,false,false
,French Trade Balance,EUR,2015-12-08T02:45:00Z,None,-3.3B,-3.6B,-4.6B,false,false
,Lloyds HPI m/m,GBP,2015-12-08T03:00:00Z,None,0.3%,1.1%,-0.2%,false,false
,Manufacturing Production m/m,GBP,2015-12-08T04:30:00Z,High,-0.1%,0.9%,-0.4%,false,false
,Industrial Production m/m,GBP,2015-12-08T04:30:00Z,None,0.0%,0.0%,0.1%,false,false
,Revised GDP q/q,EUR,2015-12-08T05:00:00Z,None,0.3%,0.3%,0.3%,false,false
,30-y Bond Auction,GBP,2015-12-08T05:34:00Z,None,,2.45|1.4,2.49|1.4,false,false
,NFIB Small Business Index,USD,2015-12-08T06:00:00Z,None,96.6,96.1,94.8,false,false
,Housing Starts,CAD,2015-12-08T08:13:00Z,None,200K,198K,212K,false,false
,Building Permits m/m,CAD,2015-12-08T08:30:00Z,High,3.0%,-6.6%,9.1%,false,false
,NIESR GDP Estimate,GBP,2015-12-08T09:58:00Z,None,,0.5%,0.6%,false,false
,RCM/TIPP Economic Optimism,USD,2015-12-08T10:00:00Z,None,45.2,45.5,47.2,false,false
,JOLTS Job Openings,USD,2015-12-08T10:02:00Z,None,5.59M,5.53M,5.38M,false,false
,BOC Gov Poloz Speaks,CAD,2015-12-08T12:50:00Z,High,,,,false,false
,Westpac Consumer Sentiment,AUD,2015-12-08T18:30:00Z,None,,3.9%,-0.8%,false,false
,Core Machinery Orders m/m,JPY,2015-12-08T18:50:00Z,None,-1.5%,7.5%,10.7%,false,false
,M2 Money Stock y/y,JPY,2015-12-08T18:50:00Z,None,3.5%,3.7%,3.3%,false,false
,Home Loans m/m,AUD,2015-12-08T19:30:00Z,None,-1.0%,2.1%,-0.5%,false,false
,CPI y/y,CNY,2015-12-08T20:30:00Z,High,1.4%,1.3%,1.5%,false,false
,PPI y/y,CNY,2015-12-08T20:30:00Z,None,-5.9%,-5.9%,-5.9%,false,false
,Prelim Machine Tool Orders y/y,JPY,2015-12-09T01:00:00Z,None,,-22.9%,-17.9%,false,false
,Unemployment Rate,CHF,2015-12-09T01:45:00Z,None,3.4%,3.4%,3.4%,false,false
,German Trade Balance,EUR,2015-12-09T02:00:00Z,None,19.2B,19.2B,20.8B,false,false
,FPC Meeting Minutes,GBP,2015-12-09T04:30:00Z,None,,,,false,false
,Final Wholesale Inventories m/m,USD,2015-12-09T10:00:00Z,None,0.2%,0.2%,-0.1%,false,false
,Crude Oil Inventories,USD,2015-12-09T10:30:00Z,None,0.7M,1.2M,-3.6M,false,false
,10-y Bond Auction,USD,2015-12-09T13:01:00Z,None,,2.30|2.6,2.23|2.6,false,false
,Official Cash Rate,NZD,2015-12-09T15:00:00Z,High,2.50%,2.75%,2.50%,false,false
,RBNZ Rate Statement,NZD,2015-12-09T15:00:00Z,High,,,,false,false
,RBNZ Monetary Policy Statement,NZD,2015-12-09T15:00:00Z,None,,,,false,false
,RBNZ Press Conference,NZD,2015-12-09T15:05:00Z,High,,,,false,false
,BSI Manufacturing Index,JPY,2015-12-09T18:50:00Z,None,12.1,11.0,3.8,false,false
,PPI y/y,JPY,2015-12-09T18:50:00Z,None,-3.8%,-3.8%,-3.6%,false,false
,MI Inflation Expectations,AUD,2015-12-09T19:00:00Z,None,,3.5%,4.0%,false,false
,RICS House Price Balance,GBP,2015-12-09T19:01:00Z,None,47%,50%,49%,false,false
,RBNZ Gov Wheeler Speaks,NZD,2015-12-09T19:10:00Z,High,,,,false,false
,Employment Change,AUD,2015-12-09T19:30:00Z,High,-10.0K,56.1K,71.4K,false,false
,Unemployment Rate,AUD,2015-12-09T19:30:00Z,High,6.0%,5.9%,5.8%,false,false
,French Final Private Payrolls q/q,EUR,2015-12-10T01:30:00Z,None,0.1%,0.1%,0.0%,false,false
,French Final CPI m/m,EUR,2015-12-10T02:45:00Z,None,0.0%,0.1%,-0.2%,false,false
,French Industrial Production m/m,EUR,2015-12-10T02:45:00Z,None,-0.1%,0.0%,0.5%,false,false
,Libor Rate,CHF,2015-12-10T03:30:00Z,High,-0.75%,-0.75%,-0.75%,false,false
,SNB Monetary Policy Assessment,CHF,2015-12-10T03:30:00Z,High,,,,false,false
,SNB Press Conference,CHF,2015-12-10T04:00:00Z,High,,,,false,false
,Goods Trade Balance,GBP,2015-12-10T04:30:00Z,None,-9.8B,-8.8B,-11.8B,false,false
,Monetary Policy Summary,GBP,2015-12-10T07:00:00Z,High,,,,false,false
,MPC Official Bank Rate Votes,GBP,2015-12-10T07:00:00Z,High,1-0-8,1-0-8,1-0-8,false,false
,Official Bank Rate,GBP,2015-12-10T07:00:00Z,High,0.50%,0.50%,0.50%,false,false
,Asset Purchase Facility,GBP,2015-12-10T07:00:00Z,None,375B,375B,375B,false,false
,MPC Asset Purchase Facility Votes,GBP,2015-12-10T07:00:00Z,None,0-0-9,0-0-9,0-0-9,false,false
,NHPI m/m,CAD,2015-12-10T08:30:00Z,None,0.1%,0.1%,0.3%,false,false
,Capacity Utilization Rate,CAD,2015-12-10T08:30:00Z,None,82.1%,81.4%,82.0%,false,false
,Unemployment Claims,USD,2015-12-10T08:30:00Z,High,266K,269K,282K,false,false
,Import Prices m/m,USD,2015-12-10T08:30:00Z,None,-0.8%,-0.3%,-0.4%,false,false
,Natural Gas Storage,USD,2015-12-10T10:30:00Z,None,-64B,-53B,-76B,false,false
,German Buba President Weidmann Speaks,EUR,2015-12-10T13:00:00Z,None,,,,false,false
,30-y Bond Auction,USD,2015-12-10T13:01:00Z,None,,3.07|2.4,2.98|2.4,false,false
,BOE Gov Carney Speaks,GBP,2015-12-10T13:30:00Z,None,,,,false,false
,Federal Budget Balance,USD,2015-12-10T14:00:00Z,None,-68.2B,-136.5B,-64.6B,false,false
,BusinessNZ Manufacturing Index,NZD,2015-12-10T16:30:00Z,None,,53.2,54.7,false,false
,FPI m/m,NZD,2015-12-10T16:45:00Z,None,,-1.2%,-0.2%,false,false
,German Final CPI m/m,EUR,2015-12-11T02:00:00Z,None,0.1%,0.1%,0.1%,false,false
,German WPI m/m,EUR,2015-12-11T02:00:00Z,None,0.2%,-0.4%,-0.2%,false,false
,M2 Money Supply y/y,CNY,2015-12-11T03:00:00Z,None,13.4%,13.5%,13.7%,false,false
,New Loans,CNY,2015-12-11T03:00:00Z,None,720B,514B,709B,false,false
,Foreign Direct Investment ytd/y,CNY,2015-12-11T03:43:00Z,None,,8.6%,7.9%,false,false
,Italian Industrial Production m/m,EUR,2015-12-11T04:00:00Z,None,0.3%,0.2%,0.5%,false,false
,Construction Output m/m,GBP,2015-12-11T04:30:00Z,None,1.1%,0.0%,0.2%,false,false
,Consumer Inflation Expectations,GBP,2015-12-11T04:30:00Z,None,,2.0%,2.0%,false,false
,Long Term Refinancing Operation,EUR,2015-12-11T05:30:00Z,None,7.5B,15.5B,18.3B,false,false
,Italian Quarterly Unemployment Rate,EUR,2015-12-11T06:00:00Z,None,11.9%,12.3%,11.7%,false,false
,Core Retail Sales m/m,USD,2015-12-11T08:30:00Z,High,0.3%,0.1%,0.4%,false,false
,PPI m/m,USD,2015-12-11T08:30:00Z,High,0.0%,-0.4%,0.3%,false,false
,Retail Sales m/m,USD,2015-12-11T08:30:00Z,High,0.2%,0.1%,0.2%,false,false
,Core PPI m/m,USD,2015-12-11T08:30:00Z,None,0.2%,-0.3%,0.3%,false,false
,Prelim UoM Consumer Sentiment,USD,2015-12-11T10:00:00Z,High,92.3,91.3,91.8,false,false
,Business Inventories m/m,USD,2015-12-11T10:00:00Z,None,0.1%,0.1%,0.0%,false,false
,Prelim UoM Inflation Expectations,USD,2015-12-11T10:00:00Z,None,,2.7%,2.6%,false,false
,MPC Member Weale Speaks,GBP,2015-12-11T10:35:00Z,None,,,,false,false
,Industrial Production y/y,CNY,2015-12-12T00:30:00Z,High,5.7%,5.6%,6.2%,false,false
,Fixed Asset Investment ytd/y,CNY,2015-12-12T00:30:00Z,None,10.1%,10.2%,10.2%,false,false
,Retail Sales y/y,CNY,2015-12-12T00:30:00Z,None,11.2%,11.0%,11.2%,false,false
,BusinessNZ Services Index,NZD,2015-12-13T16:30:00Z,None,,56.6,59.8,false,false
,Tankan Manufacturing Index,JPY,2015-12-13T18:50:00Z,None,11,12,12,false,false
,Tankan Non-Manufacturing Index,JPY,2015-12-13T18:50:00Z,None,23,25,25,false,false
,Rightmove HPI m/m,GBP,2015-12-13T19:01:00Z,None,,-1.3%,-1.1%,false,false
,Revised Industrial Production m/m,JPY,2015-12-13T23:30:00Z,None,1.4%,1.4%,1.4%,false,false
,Tertiary Industry Activity m/m,JPY,2015-12-13T23:33:00Z,None,0.5%,-0.4%,0.9%,false,false
,Industrial Production m/m,EUR,2015-12-14T05:00:00Z,None,0.3%,-0.3%,0.6%,false,false
,ECB President Draghi Speaks,EUR,2015-12-14T06:00:00Z,High,,,,false,false
,MPC Member Shafik Speaks,GBP,2015-12-14T07:00:00Z,None,,,,false,false
,Monetary Policy Meeting Minutes,AUD,2015-12-14T19:30:00Z,High,,,,false,false
,HPI q/q,AUD,2015-12-14T19:30:00Z,None,2.1%,4.7%,2.0%,false,false
,Mid-Year Economic and Fiscal Outlook,AUD,2015-12-14T19:30:00Z,None,,,,false,false
,New Motor Vehicle Sales m/m,AUD,2015-12-14T19:30:00Z,None,,-3.7%,1.0%,false,false
,PPI m/m,CHF,2015-12-15T03:15:00Z,None,0.1%,0.2%,0.4%,false,false
,CPI y/y,GBP,2015-12-15T04:30:00Z,High,0.1%,-0.1%,0.1%,false,false
,MPC Member Haldane Speaks,GBP,2015-12-15T04:30:00Z,None,,,,false,false
,PPI Input m/m,GBP,2015-12-15T04:30:00Z,None,-1.0%,0.0%,-1.6%,false,false
,RPI y/y,GBP,2015-12-15T04:30:00Z,None,0.9%,0.7%,1.1%,false,false
,Core CPI y/y,GBP,2015-12-15T04:30:00Z,None,1.2%,1.1%,1.2%,false,false
,ONS HPI y/y,GBP,2015-12-15T04:30:00Z,None,6.4%,6.1%,7.0%,false,false
,PPI Output m/m,GBP,2015-12-15T04:30:00Z,None,0.0%,-0.1%,-0.2%,false,false
,German ZEW Economic Sentiment,EUR,2015-12-15T05:00:00Z,High,15.2,10.4,16.1,false,false
,ZEW Economic Sentiment,EUR,2015-12-15T05:00:00Z,None,34.4,28.3,33.9,false,false
,Final Employment Change q/q,EUR,2015-12-15T05:00:00Z,None,0.2%,0.4%,0.3%,false,false
,Manufacturing Sales m/m,CAD,2015-12-15T08:30:00Z,High,-0.4%,-1.5%,-1.1%,false,false
,Core CPI m/m,USD,2015-12-15T08:30:00Z,High,0.2%,0.2%,0.2%,false,false
,Core CPI y/y,USD,2015-12-15T08:30:00Z,High,2.0%,1.9%,2.0%,false,false
,CPI m/m,USD,2015-12-15T08:30:00Z,High,0.0%,0.2%,0.0%,false,false
,CPI y/y,USD,2015-12-15T08:30:00Z,High,0.5%,0.2%,0.5%,false,false
,Empire State Manufacturing Index,USD,2015-12-15T08:30:00Z,None,-5.7,-10.7,-4.6,false,false
,GDT Price Index,NZD,2015-12-15T08:52:00Z,High,,3.6%,1.9%,false,false
,CB Leading Index m/m,GBP,2015-12-15T09:30:00Z,None,,-0.3%,-0.1%,false,false
,NAHB Housing Market Index,USD,2015-12-15T10:00:00Z,None,63,62,61,false,false
,BOC Financial System Review,CAD,2015-12-15T11:00:00Z,None,,,,false,false
,BOC Gov Poloz Speaks,CAD,2015-12-15T11:45:00Z,High,,,,false,false
,TIC Long-Term Purchases,USD,2015-12-15T16:00:00Z,None,32.4B,33.6B,-16.6B,false,false
,Current Account,NZD,2015-12-15T16:45:00Z,None,-4.85B,-1.17B,-4.75B,false,false
,RBA Deputy Gov Debelle Speaks,AUD,2015-12-15T18:30:00Z,None,,,,false,false
,MI Leading Index m/m,AUD,2015-12-15T18:30:00Z,None,,0.1%,-0.2%,false,false
,Flash Manufacturing PMI,JPY,2015-12-15T20:35:00Z,None,52.2,52.6,52.5,false,false
,French Flash Manufacturing PMI,EUR,2015-12-16T03:00:00Z,High,50.6,50.6,51.6,false,false
,French Flash Services PMI,EUR,2015-12-16T03:00:00Z,None,50.7,51.0,50.0,false,false
,German Flash Services PMI,EUR,2015-12-16T03:30:00Z,None,55.5,55.6,55.4,false,false
,German Flash Manufacturing PMI,EUR,2015-12-16T03:30:00Z,High,52.7,52.9,53.0,false,false
,Flash Manufacturing PMI,EUR,2015-12-16T04:00:00Z,None,52.8,52.8,53.1,false,false
,Flash Services PMI,EUR,2015-12-16T04:00:00Z,None,54.0,54.2,53.9,false,false
,Average Earnings Index 3m/y,GBP,2015-12-16T04:30:00Z,High,2.5%,3.0%,2.4%,false,false
,Claimant Count Change,GBP,2015-12-16T04:30:00Z,High,0.9K,0.2K,3.9K,false,false
,Unemployment Rate,GBP,2015-12-16T04:30:00Z,None,5.3%,5.3%,5.2%,false,false
,UBS Economic Expectations,CHF,2015-12-16T05:00:00Z,None,,0.0,16.6,false,false
,Final CPI y/y,EUR,2015-12-16T05:00:00Z,None,0.1%,0.1%,0.2%,false,false
,Final Core CPI y/y,EUR,2015-12-16T05:00:00Z,None,0.9%,0.9%,0.9%,false,false
,Trade Balance,EUR,2015-12-16T05:00:00Z,None,22.3B,19.9B,19.9B,false,false
,Foreign Securities Purchases,CAD,2015-12-16T08:30:00Z,None,6.13B,3.35B,22.08B,false,false
,Building Permits,USD,2015-12-16T08:30:00Z,High,1.16M,1.16M,1.29M,false,false
,Housing Starts,USD,2015-12-16T08:30:00Z,None,1.14M,1.06M,1.17M,false,false
,SNB Quarterly Bulletin,CHF,2015-12-16T09:00:00Z,None,,,,false,false
,Capacity Utilization Rate,USD,2015-12-16T09:15:00Z,None,77.3%,77.5%,77.0%,false,false
,Industrial Production m/m,USD,2015-12-16T09:15:00Z,None,0.0%,-0.4%,-0.6%,false,false
,Flash Manufacturing PMI,USD,2015-12-16T09:45:00Z,None,52.7,52.8,51.3,false,false
,Crude Oil Inventories,USD,2015-12-16T10:30:00Z,None,-0.3M,-3.6M,4.8M,false,false
,Federal Funds Rate,USD,2015-12-16T14:00:00Z,High,0.50%,<0.25%,0.50%,false,false
,FOMC Economic Projections,USD,2015-12-16T14:00:00Z,High,,,,false,false
,FOMC Statement,USD,2015-12-16T14:00:00Z,High,,,,false,false
,FOMC Press Conference,USD,2015-12-16T14:30:00Z,High,,,,false,false
,GDP q/q,NZD,2015-12-16T16:45:00Z,High,0.8%,0.3%,0.9%,false,false
,Trade Balance,JPY,2015-12-16T18:50:00Z,None,-0.21T,-0.17T,0.00T,false,false
,RBA Bulletin,AUD,2015-12-16T19:30:00Z,None,,,,false,false
,SECO Economic Forecasts,CHF,2015-12-17T01:45:00Z,None,,,,false,false
,German ifo Business Climate,EUR,2015-12-17T04:00:00Z,High,109.2,109.0,108.7,false,false
,ECB Economic Bulletin,EUR,2015-12-17T04:00:00Z,None,,,,false,false
,Italian Trade Balance,EUR,2015-12-17T04:04:00Z,None,2.87B,2.19B,4.81B,false,false
,Retail Sales m/m,GBP,2015-12-17T04:30:00Z,High,0.6%,-0.5%,1.7%,false,false
,CBI Industrial Order Expectations,GBP,2015-12-17T06:00:00Z,None,-9,-11,-7,false,false
,Philly Fed Manufacturing Index,USD,2015-12-17T08:30:00Z,High,2.1,1.9,-5.9,false,false
,Unemployment Claims,USD,2015-12-17T08:30:00Z,High,271K,282K,271K,false,false
,Current Account,USD,2015-12-17T08:30:00Z,None,-123B,-111B,-124B,false,false
,CB Leading Index m/m,USD,2015-12-17T10:00:00Z,None,0.2%,0.6%,0.4%,false,false
,Natural Gas Storage,USD,2015-12-17T10:30:00Z,None,-58B,-76B,-34B,false,false
,ANZ Business Confidence,NZD,2015-12-17T19:00:00Z,High,,14.6,23.0,false,false
,Monetary Policy Statement,JPY,2015-12-17T22:50:00Z,High,,,,false,false
,BOJ Press Conference,JPY,2015-12-18T01:30:00Z,High,,,,false,false
,Current Account,EUR,2015-12-18T04:00:00Z,None,32.2B,30.1B,20.4B,false,false
,Core CPI m/m,CAD,2015-12-18T08:30:00Z,High,0.0%,0.3%,-0.3%,false,false
,CPI m/m,CAD,2015-12-18T08:30:00Z,None,0.1%,0.1%,-0.1%,false,false
,Wholesale Sales m/m,CAD,2015-12-18T08:30:00Z,None,0.1%,-0.3%,-0.6%,false,false
,Flash Services PMI,USD,2015-12-18T09:45:00Z,None,55.9,56.1,53.7,false,false
,FOMC Member Lacker Speaks,USD,2015-12-18T13:00:00Z,None,,,,false,false
,Spanish Parliamentary Election,EUR,2015-12-20T00:00:00Z,None,,,,true,false
,Westpac Consumer Sentiment,NZD,2015-12-20T16:00:00Z,None,,106.0,110.7,false,false
,Visitor Arrivals m/m,NZD,2015-12-20T16:45:00Z,None,,0.4%,3.9%,false,false
,Credit Card Spending y/y,NZD,2015-12-20T21:00:00Z,None,,7.8%,8.5%,false,false
,All Industries Activity m/m,JPY,2015-12-20T23:30:00Z,None,0.9%,-0.2%,1.0%,false,false
,BOJ Monthly Report,JPY,2015-12-21T00:00:00Z,None,,,,false,false
,German PPI m/m,EUR,2015-12-21T02:00:00Z,None,-0.2%,-0.4%,-0.2%,false,false
,German Buba Monthly Report,EUR,2015-12-21T06:00:00Z,None,,,,false,false
,CBI Realized Sales,GBP,2015-12-21T06:00:00Z,None,22,7,19,false,false
,Consumer Confidence,EUR,2015-12-21T10:00:00Z,None,-6,-6,-6,false,false
,GfK Consumer Confidence,GBP,2015-12-21T19:05:00Z,None,1,1,2,false,false
,CB Leading Index m/m,CNY,2015-12-21T21:00:00Z,None,,0.3%,0.6%,false,false
,Bank Holiday,JPY,2015-12-22T00:00:00Z,None,,,,true,false
,Trade Balance,CHF,2015-12-22T02:00:00Z,None,3.82B,4.09B,3.14B,false,false
,German GfK Consumer Climate,EUR,2015-12-22T02:00:00Z,None,9.3,9.3,9.4,false,false
,German Import Prices m/m,EUR,2015-12-22T02:00:00Z,None,0.2%,-0.3%,-0.2%,false,false
,Public Sector Net Borrowing,GBP,2015-12-22T04:30:00Z,None,11.9B,6.7B,13.6B,false,false
,Final GDP q/q,USD,2015-12-22T08:30:00Z,High,1.9%,2.1%,2.0%,false,false
,Final GDP Price Index q/q,USD,2015-12-22T08:30:00Z,None,1.3%,1.3%,1.3%,false,false
,Belgian NBB Business Climate,EUR,2015-12-22T08:55:00Z,None,-4.0,-3.9,-1.4,false,false
,HPI m/m,USD,2015-12-22T09:00:00Z,None,0.4%,0.7%,0.5%,false,false
,Existing Home Sales,USD,2015-12-22T10:00:00Z,None,5.32M,5.32M,4.76M,false,false
,Richmond Manufacturing Index,USD,2015-12-22T10:00:00Z,None,-1,-3,6,false,false
,Trade Balance,NZD,2015-12-22T16:45:00Z,High,-812M,-905M,-779M,false,false
,Personal Spending m/m,USD,2015-12-22T19:50:00Z,None,0.3%,0.0%,0.3%,false,false
,French Consumer Spending m/m,EUR,2015-12-23T02:45:00Z,None,0.2%,-0.2%,-1.1%,false,false
,KOF Economic Barometer,CHF,2015-12-23T03:00:00Z,None,98.9,97.3,96.6,false,false
,Current Account,GBP,2015-12-23T04:30:00Z,High,-21.3B,-17.5B,-17.5B,false,false
,Final GDP q/q,GBP,2015-12-23T04:30:00Z,None,0.5%,0.5%,0.4%,false,false
,Index of Services 3m/3m,GBP,2015-12-23T04:30:00Z,None,0.6%,0.6%,0.5%,false,false
,Revised Business Investment q/q,GBP,2015-12-23T04:30:00Z,None,2.2%,2.2%,2.2%,false,false
,Italian Retail Sales m/m,EUR,2015-12-23T05:00:00Z,None,0.3%,-0.1%,-0.3%,false,false
,Core Retail Sales m/m,CAD,2015-12-23T08:30:00Z,High,0.4%,-0.4%,0.0%,false,false
,GDP m/m,CAD,2015-12-23T08:30:00Z,High,0.2%,-0.5%,0.0%,false,false
,Retail Sales m/m,CAD,2015-12-23T08:30:00Z,None,0.4%,-0.4%,0.1%,false,false
,Core Durable Goods Orders m/m,USD,2015-12-23T08:30:00Z,High,0.1%,0.6%,-0.1%,false,false
,Core PCE Price Index m/m,USD,2015-12-23T08:30:00Z,None,0.1%,0.0%,0.1%,false,false
,Durable Goods Orders m/m,USD,2015-12-23T08:30:00Z,None,-0.6%,2.9%,0.0%,false,false
,Personal Income m/m,USD,2015-12-23T08:30:00Z,None,0.2%,0.4%,0.3%,false,false
,New Home Sales,USD,2015-12-23T10:00:00Z,None,507K,470K,490K,false,false
,Revised UoM Consumer Sentiment,USD,2015-12-23T10:00:00Z,None,92.1,91.8,92.6,false,false
,Revised UoM Inflation Expectations,USD,2015-12-23T10:00:00Z,None,,2.6%,2.6%,false,false
,Crude Oil Inventories,USD,2015-12-23T10:30:00Z,None,1.4M,4.8M,-5.9M,false,false
,CB Leading Index m/m,AUD,2015-12-23T18:00:00Z,None,,-0.1%,-0.1%,false,false
,Monetary Policy Meeting Minutes,JPY,2015-12-23T18:50:00Z,None,,,,false,false
,German Bank Holiday,EUR,2015-12-24T00:00:00Z,None,,,,true,false
,Bank Holiday,NZD,2015-12-24T00:00:00Z,None,,,,true,false
,Bank Holiday,AUD,2015-12-24T00:00:00Z,None,,,,true,false
,High Street Lending,GBP,2015-12-24T04:30:00Z,None,46.2K,45.5K,45.0K,false,false
,Unemployment Claims,USD,2015-12-24T08:30:00Z,High,270K,272K,267K,false,false
,Natural Gas Storage,USD,2015-12-24T10:30:00Z,None,-26B,-34B,-32B,false,false
,Household Spending y/y,JPY,2015-12-24T18:30:00Z,None,-2.1%,-2.4%,-2.9%,false,false
,Tokyo Core CPI y/y,JPY,2015-12-24T18:30:00Z,None,0.1%,0.0%,0.1%,false,false
,National Core CPI y/y,JPY,2015-12-24T18:30:00Z,None,0.0%,-0.1%,0.1%,false,false
,Unemployment Rate,JPY,2015-12-24T18:30:00Z,None,3.2%,3.1%,3.3%,false,false
,SPPI y/y,JPY,2015-12-24T18:50:00Z,None,0.4%,0.4%,0.2%,false,false
,German Bank Holiday,EUR,2015-12-25T00:00:00Z,None,,,,true,false
,Housing Starts y/y,JPY,2015-12-25T00:00:00Z,None,0.9%,-2.5%,1.7%,false,false
,Bank Holiday,CHF,2015-12-25T00:00:00Z,None,,,,true,false
,Italian Bank Holiday,EUR,2015-12-25T00:00:00Z,None,,,,true,false
,BOJ Core CPI y/y,JPY,2015-12-25T00:00:00Z,None,1.2%,1.2%,1.2%,false,false
,French Bank Holiday,EUR,2015-12-25T00:00:00Z,None,,,,true,false
,Bank Holiday,GBP,2015-12-25T00:00:00Z,None,,,,true,false
,Bank Holiday,CAD,2015-12-25T00:00:00Z,None,,,,true,false
,Bank Holiday,USD,2015-12-25T00:00:00Z,None,,,,true,false
,Bank Holiday,NZD,2015-12-27T00:00:00Z,None,,,,true,false
,Bank Holiday,AUD,2015-12-27T00:00:00Z,None,,,,true,false
,Retail Sales y/y,JPY,2015-12-27T18:50:00Z,None,-0.1%,1.8%,-1.0%,false,false
,Prelim Industrial Production m/m,JPY,2015-12-27T18:50:00Z,None,-0.4%,1.4%,-1.0%,false,false
,Bank Holiday,GBP,2015-12-28T00:00:00Z,None,,,,true,false
,Bank Holiday,CAD,2015-12-28T00:00:00Z,None,,,,true,false
,Goods Trade Balance,USD,2015-12-29T08:30:00Z,None,-60.9B,-58.4B,-60.5B,false,false
,S&P/CS Composite-20 HPI y/y,USD,2015-12-29T09:00:00Z,None,5.6%,5.4%,5.5%,false,false
,CB Consumer Confidence,USD,2015-12-29T10:00:00Z,High,93.9,92.6,96.5,false,false
,Bank Holiday,JPY,2015-12-30T00:00:00Z,None,,,,true,false
,UBS Consumption Indicator,CHF,2015-12-30T02:00:00Z,None,,1.63,1.66,false,false
,Nationwide HPI m/m,GBP,2015-12-30T02:00:00Z,None,0.4%,0.1%,0.8%,false,false
,Spanish Flash CPI y/y,EUR,2015-12-30T03:00:00Z,None,0.1%,-0.3%,0.0%,false,false
,M3 Money Supply y/y,EUR,2015-12-30T04:00:00Z,None,5.2%,5.3%,5.1%,false,false
,Private Loans y/y,EUR,2015-12-30T04:00:00Z,None,1.3%,1.2%,1.4%,false,false
,Italian 10-y Bond Auction,EUR,2015-12-30T05:19:00Z,None,,1.36|1.7,1.59|1.3,false,false
,Pending Home Sales m/m,USD,2015-12-30T10:00:00Z,None,0.6%,0.4%,-0.9%,false,false
,Crude Oil Inventories,USD,2015-12-30T10:30:00Z,None,-1.8M,-5.9M,2.6M,false,false
,Private Sector Credit m/m,AUD,2015-12-30T19:30:00Z,None,0.6%,0.7%,0.4%,false,false
,German Bank Holiday,EUR,2015-12-31T00:00:00Z,None,,,,true,false
,Bank Holiday,NZD,2015-12-31T00:00:00Z,None,,,,true,false
,Bank Holiday,AUD,2015-12-31T00:00:00Z,None,,,,true,false
,Bank Holiday,CNY,2015-12-31T00:00:00Z,None,,,,true,false
,Bank Holiday,JPY,2015-12-31T00:00:00Z,None,,,,true,false
,Housing Equity Withdrawal q/q,GBP,2015-12-31T04:37:00Z,None,-10.5B,-12.2B,-8.8B,false,false
,Unemployment Claims,USD,2015-12-31T08:30:00Z,High,274K,267K,287K,false,false
,Chicago PMI,USD,2015-12-31T09:45:00Z,None,50.4,48.7,42.9,false,false
,Natural Gas Storage,USD,2015-12-31T10:30:00Z,None,-54B,-32B,-58B,false,false
,Manufacturing PMI,CNY,2015-12-31T20:00:00Z,High,49.9,49.6,49.7,false,false
,Non-Manufacturing PMI,CNY,2015-12-31T20:00:00Z,None,,53.6,54.4,false,false
