id,title,currency,date,impact,forecast,previous,actual,all_day,tentative
,French Bank Holiday,EUR,2026-01-01T00:00:00Z,None,,,,true,false
,Italian Bank Holiday,EUR,2026-01-01T00:00:00Z,None,,,,true,false
,Bank Holiday,GBP,2026-01-01T00:00:00Z,None,,,,true,false
,Bank Holiday,CAD,2026-01-01T00:00:00Z,None,,,,true,false
,Bank Holiday,CHF,2026-01-01T00:00:00Z,None,,,,true,false
,German Bank Holiday,EUR,2026-01-01T00:00:00Z,None,,,,true,false
,Bank Holiday,JPY,2026-01-01T00:00:00Z,None,,,,true,false
,Bank Holiday,CNY,2026-01-01T00:00:00Z,None,,,,true,false
,Bank Holiday,USD,2026-01-01T00:00:00Z,None,,,,true,false
,Bank Holiday,NZD,2026-01-01T00:00:00Z,None,,,,true,false
,Bank Holiday,CHF,2026-01-02T00:00:00Z,None,,,,true,false
,Nationwide HPI m/m,GBP,2026-01-02T02:00:00Z,None,0.1%,0.3%,-0.4%,false,false
,Spanish Manufacturing PMI,EUR,2026-01-02T03:15:00Z,None,51.2,51.5,49.6,false,false
,Italian Manufacturing PMI,EUR,2026-01-02T03:45:00Z,None,50.0,50.6,47.9,false,false
,French Final Manufacturing PMI,EUR,2026-01-02T03:50:00Z,None,50.6,50.6,50.7,false,false
,German Final Manufacturing PMI,EUR,2026-01-02T03:55:00Z,None,47.7,47.7,47.0,false,false
,Final Manufacturing PMI,EUR,2026-01-02T04:00:00Z,None,49.2,49.2,48.8,false,false
,Private Loans y/y,EUR,2026-01-02T04:00:00Z,None,2.8%,2.8%,2.9%,false,false
,M3 Money Supply y/y,EUR,2026-01-02T04:00:00Z,None,2.7%,2.8%,3.0%,false,false
,Final Manufacturing PMI,GBP,2026-01-02T04:30:00Z,None,51.2,51.2,50.6,false,false
,Manufacturing PMI,CAD,2026-01-02T09:30:00Z,None,,48.4,48.6,false,false
,Final Manufacturing PMI,USD,2026-01-02T09:45:00Z,None,51.8,51.8,51.8,false,false
,FOMC Member Paulson Speaks,USD,2026-01-03T10:15:00Z,None,,,,false,false
,FOMC Member Paulson Speaks,USD,2026-01-03T14:30:00Z,None,,,,false,false
,FOMC Member Kashkari Speaks,USD,2026-01-04T12:30:00Z,None,,,,false,false
,Final Manufacturing PMI,JPY,2026-01-04T19:30:00Z,None,49.8,49.7,50.0,false,false
,RatingDog Services PMI,CNY,2026-01-04T20:45:00Z,None,52.0,52.1,52.0,false,false
,Omdia Total Vehicle Sales,USD,2026-01-05T00:00:00Z,None,15.7M,15.6M,16.0M,true,false
,Retail Sales y/y,CHF,2026-01-05T02:30:00Z,None,2.5%,2.2%,2.3%,false,false
,Spanish Unemployment Change,EUR,2026-01-05T03:00:00Z,None,5.7K,-18.8K,-16.3K,false,false
,Manufacturing PMI,CHF,2026-01-05T03:30:00Z,None,49.7,49.7,45.8,false,false
,Mortgage Approvals,GBP,2026-01-05T04:30:00Z,None,64K,65K,65K,false,false
,M4 Money Supply m/m,GBP,2026-01-05T04:30:00Z,None,-0.1%,-0.2%,0.8%,false,false
,Net Lending to Individuals m/m,GBP,2026-01-05T04:30:00Z,None,5.2B,5.9B,6.6B,false,false
,ISM Manufacturing PMI,USD,2026-01-05T10:00:00Z,High,48.3,48.2,47.9,false,false
,ISM Manufacturing Prices,USD,2026-01-05T10:00:00Z,None,59.0,58.5,58.5,false,false
,Monetary Base y/y,JPY,2026-01-05T18:50:00Z,None,-8.0%,-8.5%,-9.8%,false,false
,BRC Shop Price Index y/y,GBP,2026-01-05T19:01:00Z,None,0.6%,0.6%,0.7%,false,false
,10-y Bond Auction,JPY,2026-01-05T22:35:00Z,None,,1.87|3.6,2.10|3.3,false,false
,Italian Bank Holiday,EUR,2026-01-06T00:00:00Z,None,,,,true,false
,German Prelim CPI m/m,EUR,2026-01-06T00:00:00Z,None,0.3%,-0.2%,0.0%,true,false
,French Prelim CPI m/m,EUR,2026-01-06T02:45:00Z,None,0.2%,-0.2%,0.1%,false,false
,Spanish Services PMI,EUR,2026-01-06T03:15:00Z,None,54.8,55.6,57.1,false,false
,Italian Services PMI,EUR,2026-01-06T03:45:00Z,None,54.2,55.0,51.5,false,false
,French Final Services PMI,EUR,2026-01-06T03:50:00Z,None,50.3,50.2,50.1,false,false
,German Final Services PMI,EUR,2026-01-06T03:55:00Z,None,52.6,52.6,52.7,false,false
,Final Services PMI,EUR,2026-01-06T04:00:00Z,None,52.6,52.6,52.4,false,false
,Final Services PMI,GBP,2026-01-06T04:30:00Z,None,52.1,52.1,51.4,false,false
,FOMC Member Barkin Speaks,USD,2026-01-06T08:00:00Z,None,,,,false,false
,Final Services PMI,USD,2026-01-06T09:45:00Z,None,52.9,52.9,52.5,false,false
,GDT Price Index,NZD,2026-01-06T10:54:00Z,None,,-4.4%,6.3%,false,false
,President Trump Speaks,USD,2026-01-06T14:00:00Z,None,,,,false,false
,API Weekly Statistical Bulletin,USD,2026-01-06T16:30:00Z,None,,,,false,false
,Building Approvals m/m,AUD,2026-01-06T19:30:00Z,None,1.9%,-6.1%,15.2%,false,false
,Trimmed Mean CPI m/m,AUD,2026-01-06T19:30:00Z,High,0.2%,0.3%,0.3%,false,false
,CPI y/y,AUD,2026-01-06T19:30:00Z,High,3.6%,3.8%,3.4%,false,false
,CPI m/m,AUD,2026-01-06T19:30:00Z,High,0.1%,0.0%,0.0%,false,false
,German Retail Sales m/m,EUR,2026-01-07T02:00:00Z,None,0.2%,0.3%,-0.6%,false,false
,German Unemployment Change,EUR,2026-01-07T03:55:00Z,None,5K,1K,3K,false,false
,Construction PMI,GBP,2026-01-07T04:30:00Z,None,42.4,39.4,40.1,false,false
,Housing Equity Withdrawal q/q,GBP,2026-01-07T04:30:00Z,None,-8.7B,-17.9B,-10.9B,false,false
,Core CPI Flash Estimate y/y,EUR,2026-01-07T05:00:00Z,None,2.4%,2.4%,2.3%,false,false
,CPI Flash Estimate y/y,EUR,2026-01-07T05:00:00Z,None,2.0%,2.1%,2.0%,false,false
,Italian Prelim CPI m/m,EUR,2026-01-07T05:00:00Z,None,0.2%,-0.2%,0.2%,false,false
,German 10-y Bond Auction,EUR,2026-01-07T05:34:00Z,None,,2.67|2.0,2.83|1.3,false,false
,ADP Non-Farm Employment Change,USD,2026-01-07T08:15:00Z,High,49K,-29K,41K,false,false
,JOLTS Job Openings,USD,2026-01-07T10:00:00Z,High,7.61M,7.45M,7.15M,false,false
,ISM Services PMI,USD,2026-01-07T10:00:00Z,High,52.2,52.6,54.4,false,false
,Ivey PMI,CAD,2026-01-07T10:00:00Z,None,49.5,48.4,51.9,false,false
,Factory Orders m/m,USD,2026-01-07T10:00:00Z,None,-1.1%,0.2%,-1.3%,false,false
,Crude Oil Inventories,USD,2026-01-07T10:30:00Z,None,-1.2M,-1.9M,-3.8M,false,false
,FOMC Member Bowman Speaks,USD,2026-01-07T16:10:00Z,None,,,,false,false
,Average Cash Earnings y/y,JPY,2026-01-07T18:30:00Z,None,2.3%,2.5%,0.5%,false,false
,Goods Trade Balance,AUD,2026-01-07T19:30:00Z,None,5.14B,4.35B,2.94B,false,false
,30-y Bond Auction,JPY,2026-01-07T22:35:00Z,None,,3.43|4.0,3.45|3.1,false,false
,Consumer Confidence,JPY,2026-01-08T00:00:00Z,None,37.8,37.5,37.2,false,false
,German Factory Orders m/m,EUR,2026-01-08T02:00:00Z,None,-0.9%,1.6%,5.6%,false,false
,Lloyds HPI m/m,GBP,2026-01-08T02:02:00Z,None,0.1%,-0.1%,-0.6%,false,false
,CPI m/m,CHF,2026-01-08T02:30:00Z,High,0.0%,-0.2%,0.0%,false,false
,French Trade Balance,EUR,2026-01-08T02:45:00Z,None,-4.3B,-3.5B,-4.2B,false,false
,Summary of Monetary Policy Discussions,CHF,2026-01-08T03:30:00Z,None,,,,false,false
,Italian Monthly Unemployment Rate,EUR,2026-01-08T04:00:00Z,None,6.0%,5.8%,5.7%,false,false
,French 10-y Bond Auction,EUR,2026-01-08T04:59:00Z,None,,3.38|2.3,3.53|2.0,false,false
,PPI m/m,EUR,2026-01-08T05:00:00Z,None,0.4%,0.1%,0.5%,false,false
,Unemployment Rate,EUR,2026-01-08T05:00:00Z,None,6.4%,6.4%,6.3%,false,false
,Challenger Job Cuts y/y,USD,2026-01-08T05:30:00Z,None,,23.5%,-8.3%,false,false
,FOMC Member Miran Speaks,USD,2026-01-08T08:00:00Z,None,,,,false,false
,Trade Balance,CAD,2026-01-08T08:30:00Z,None,-1.4B,0.2B,-0.6B,false,false
,Trade Balance,USD,2026-01-08T08:30:00Z,None,-58.1B,-48.1B,-29.4B,false,false
,Prelim Unit Labor Costs q/q,USD,2026-01-08T08:30:00Z,None,0.0%,1.0%,-1.9%,false,false
,Prelim Nonfarm Productivity q/q,USD,2026-01-08T08:30:00Z,None,4.9%,3.3%,4.9%,false,false
,Goods Trade Balance,USD,2026-01-08T08:30:00Z,None,,-78.3B,-59.1B,false,false
,Unemployment Claims,USD,2026-01-08T08:30:00Z,High,213K,200K,208K,false,false
,Final Wholesale Inventories m/m,USD,2026-01-08T10:00:00Z,None,0.2%,0.5%,0.2%,false,false
,Natural Gas Storage,USD,2026-01-08T10:30:00Z,None,-109B,-38B,-119B,false,false
,Consumer Credit m/m,USD,2026-01-08T15:00:00Z,None,10.1B,9.2B,4.2B,false,false
,Household Spending y/y,JPY,2026-01-08T18:30:00Z,None,-1.0%,-3.0%,2.9%,false,false
,CPI y/y,CNY,2026-01-08T20:30:00Z,None,0.8%,0.7%,0.8%,false,false
,PPI y/y,CNY,2026-01-08T20:30:00Z,None,-2.0%,-2.2%,-1.9%,false,false
,Leading Indicators,JPY,2026-01-09T00:00:00Z,None,110.4%,109.8%,110.5%,false,false
,Building Permits,USD,2026-01-09T00:00:00Z,None,1.33M,1.31M,1.42M,false,false
,Housing Starts,USD,2026-01-09T00:00:00Z,None,1.29M,1.31M,1.31M,false,false
,German Industrial Production m/m,EUR,2026-01-09T02:00:00Z,None,-0.6%,2.0%,0.8%,false,false
,German Trade Balance,EUR,2026-01-09T02:00:00Z,None,16.3B,17.2B,13.1B,false,false
,French Consumer Spending m/m,EUR,2026-01-09T02:45:00Z,None,-0.1%,0.5%,-0.3%,false,false
,French Industrial Production m/m,EUR,2026-01-09T02:45:00Z,None,-0.2%,0.2%,-0.1%,false,false
,Unemployment Rate,CHF,2026-01-09T03:00:00Z,None,3.0%,3.0%,3.0%,false,false
,Foreign Currency Reserves,CHF,2026-01-09T03:00:00Z,None,,727B,725B,false,false
,Italian Retail Sales m/m,EUR,2026-01-09T04:00:00Z,None,0.3%,0.5%,0.5%,false,false
,Retail Sales m/m,EUR,2026-01-09T05:00:00Z,None,0.1%,0.0%,0.2%,false,false
,Employment Change,CAD,2026-01-09T08:30:00Z,High,-1.8K,53.6K,8.2K,false,false
,Unemployment Rate,CAD,2026-01-09T08:30:00Z,High,6.7%,6.5%,6.8%,false,false
,Average Hourly Earnings m/m,USD,2026-01-09T08:30:00Z,High,0.3%,0.1%,0.3%,false,false
,Non-Farm Employment Change,USD,2026-01-09T08:30:00Z,High,66K,56K,50K,false,false
,Building Permits,USD,2026-01-09T08:30:00Z,None,1.35M,1.42M,1.41M,false,false
,Housing Starts,USD,2026-01-09T08:30:00Z,None,1.33M,1.31M,1.25M,false,false
,Unemployment Rate,USD,2026-01-09T08:30:00Z,High,4.5%,4.6%,4.4%,false,false
,Prelim UoM Inflation Expectations,USD,2026-01-09T10:00:00Z,High,,4.2%,4.2%,false,false
,FOMC Member Kashkari Speaks,USD,2026-01-09T10:00:00Z,None,,,,false,false
,Prelim UoM Consumer Sentiment,USD,2026-01-09T10:00:00Z,High,53.5,52.9,54.0,false,false
,FOMC Member Barkin Speaks,USD,2026-01-09T13:35:00Z,None,,,,false,false
,Bank Holiday,JPY,2026-01-11T00:00:00Z,None,,,,true,false
,ANZ Job Advertisements m/m,AUD,2026-01-11T19:30:00Z,None,,-1.5%,-0.5%,false,false
,Household Spending m/m,AUD,2026-01-11T19:30:00Z,None,0.6%,1.4%,1.0%,false,false
,SECO Consumer Climate,CHF,2026-01-12T03:00:00Z,None,-33,-34,-31,false,false
,Sentix Investor Confidence,EUR,2026-01-12T04:30:00Z,None,-5.1,-6.2,-1.8,false,false
,FOMC Member Barkin Speaks,USD,2026-01-12T12:45:00Z,None,,,,false,false
,10-y Bond Auction,USD,2026-01-12T13:01:00Z,None,,4.18|2.6,4.17|2.6,false,false
,NZIER Business Confidence,NZD,2026-01-12T16:00:00Z,None,,18,48,false,false
,Westpac Consumer Sentiment,AUD,2026-01-12T17:50:00Z,None,,-9.0%,-1.7%,false,false
,FOMC Member Williams Speaks,USD,2026-01-12T18:00:00Z,None,,,,false,false
,Bank Lending y/y,JPY,2026-01-12T18:50:00Z,None,4.1%,4.1%,4.4%,false,false
,Current Account,JPY,2026-01-12T18:50:00Z,None,3.04T,2.48T,3.14T,false,false
,BRC Retail Sales Monitor y/y,GBP,2026-01-12T19:01:00Z,None,1.3%,1.2%,1.0%,false,false
,ADP Weekly Employment Change,USD,2026-01-13T00:00:00Z,None,,8.8K,11.0K,false,false
,Economy Watchers Sentiment,JPY,2026-01-13T00:00:00Z,None,48.7,48.7,48.6,false,false
,New Home Sales,USD,2026-01-13T00:00:00Z,None,,711K,738K,false,false
,French Gov Budget Balance,EUR,2026-01-13T03:36:00Z,None,,-136.2B,-155.4B,false,false
,NFIB Small Business Index,USD,2026-01-13T06:00:00Z,None,99.5,99.0,99.5,false,false
,ADP Weekly Employment Change,USD,2026-01-13T08:15:00Z,None,,11.0K,11.8K,false,false
,Building Permits m/m,CAD,2026-01-13T08:30:00Z,None,-5.6%,15.7%,-13.1%,false,false
,CPI m/m,USD,2026-01-13T08:30:00Z,High,0.3%,0.3%,0.3%,false,false
,CPI y/y,USD,2026-01-13T08:30:00Z,High,2.7%,2.7%,2.7%,false,false
,Core CPI y/y,USD,2026-01-13T08:30:00Z,High,2.7%,2.6%,2.6%,false,false
,Core CPI m/m,USD,2026-01-13T08:30:00Z,High,0.3%,0.2%,0.2%,false,false
,New Home Sales,USD,2026-01-13T10:00:00Z,None,716K,738K,737K,false,false
,FOMC Member Musalem Speaks,USD,2026-01-13T10:00:00Z,None,,,,false,false
,RCM/TIPP Economic Optimism,USD,2026-01-13T10:03:00Z,None,48.2,47.9,47.2,false,false
,30-y Bond Auction,USD,2026-01-13T13:01:00Z,None,,4.77|2.4,4.83|2.4,false,false
,President Trump Speaks,USD,2026-01-13T14:00:00Z,None,,,,false,false
,Federal Budget Balance,USD,2026-01-13T14:00:00Z,None,-144.5B,-173.3B,-144.7B,false,false
,FOMC Member Barkin Speaks,USD,2026-01-13T16:00:00Z,None,,,,false,false
,API Weekly Statistical Bulletin,USD,2026-01-13T16:30:00Z,None,,,,false,false
,Building Consents m/m,NZD,2026-01-13T16:45:00Z,None,,-0.7%,2.8%,false,false
,M2 Money Stock y/y,JPY,2026-01-13T18:50:00Z,None,1.9%,1.7%,1.7%,false,false
,ANZ Commodity Prices m/m,NZD,2026-01-13T19:00:00Z,None,,-1.6%,-2.1%,false,false
,Trade Balance,CNY,2026-01-13T21:24:00Z,None,805B,793B,809B,false,false
,USD-Denominated Trade Balance,CNY,2026-01-13T21:24:00Z,None,114.3B,111.7B,114.1B,false,false
,Core PPI m/m,USD,2026-01-14T00:00:00Z,None,,0.4%,0.3%,false,false
,PPI m/m,USD,2026-01-14T00:00:00Z,None,,0.6%,0.1%,false,false
,Prelim Machine Tool Orders y/y,JPY,2026-01-14T01:00:00Z,None,,14.8%,10.6%,false,false
,MPC Member Taylor Speaks,GBP,2026-01-14T03:00:00Z,None,,,,false,false
,10-y Bond Auction,GBP,2026-01-14T05:02:00Z,None,,4.61|3.1,4.46|3.3,false,false
,German 30-y Bond Auction,EUR,2026-01-14T05:36:00Z,None,,3.26|1.3,3.45|2.1,false,false
,Retail Sales m/m,USD,2026-01-14T08:30:00Z,High,0.5%,-0.1%,0.6%,false,false
,PPI m/m,USD,2026-01-14T08:30:00Z,High,0.2%,0.1%,0.2%,false,false
,Core Retail Sales m/m,USD,2026-01-14T08:30:00Z,High,0.4%,0.2%,0.5%,false,false
,Current Account,USD,2026-01-14T08:30:00Z,None,-235B,-249B,-226B,false,false
,Core PPI m/m,USD,2026-01-14T08:30:00Z,High,0.2%,0.3%,0.0%,false,false
,FOMC Member Paulson Speaks,USD,2026-01-14T09:50:00Z,None,,,,false,false
,Business Inventories m/m,USD,2026-01-14T10:00:00Z,None,0.1%,0.3%,0.3%,false,false
,Existing Home Sales,USD,2026-01-14T10:00:00Z,None,4.21M,4.14M,4.35M,false,false
,FOMC Member Miran Speaks,USD,2026-01-14T10:30:00Z,None,,,,false,false
,Crude Oil Inventories,USD,2026-01-14T10:30:00Z,None,-1.7M,-3.8M,3.4M,false,false
,MPC Member Ramsden Speaks,GBP,2026-01-14T10:30:00Z,None,,,,false,false
,FOMC Member Bostic Speaks,USD,2026-01-14T12:00:00Z,None,,,,false,false
,FOMC Member Kashkari Speaks,USD,2026-01-14T12:00:00Z,None,,,,false,false
,Beige Book,USD,2026-01-14T14:00:00Z,None,,,,false,false
,FOMC Member Williams Speaks,USD,2026-01-14T14:10:00Z,None,,,,false,false
,PPI y/y,JPY,2026-01-14T18:50:00Z,None,2.4%,2.7%,2.4%,false,false
,MI Inflation Expectations,AUD,2026-01-14T19:00:00Z,None,,4.7%,4.6%,false,false
,RICS House Price Balance,GBP,2026-01-14T19:01:00Z,None,-17%,-14%,-14%,false,false
,NAB Quarterly Business Confidence,AUD,2026-01-14T19:30:00Z,None,,2,0,false,false
,Manufacturing Production m/m,GBP,2026-01-15T02:00:00Z,None,0.4%,0.4%,2.1%,false,false
,Construction Output m/m,GBP,2026-01-15T02:00:00Z,None,-0.3%,-1.2%,-1.3%,false,false
,Goods Trade Balance,GBP,2026-01-15T02:00:00Z,None,-20.3B,-24.2B,-23.7B,false,false
,Index of Services 3m/3m,GBP,2026-01-15T02:00:00Z,None,0.0%,0.1%,0.2%,false,false
,Industrial Production m/m,GBP,2026-01-15T02:00:00Z,None,0.2%,1.3%,1.1%,false,false
,GDP m/m,GBP,2026-01-15T02:00:00Z,High,0.1%,-0.1%,0.3%,false,false
,German WPI m/m,EUR,2026-01-15T02:00:00Z,None,0.2%,0.3%,-0.2%,false,false
,M2 Money Supply y/y,CNY,2026-01-15T02:02:00Z,None,8.0%,8.0%,8.5%,false,false
,New Loans,CNY,2026-01-15T02:02:00Z,None,820B,390B,910B,false,false
,French Final CPI m/m,EUR,2026-01-15T02:45:00Z,None,0.1%,0.1%,0.1%,false,false
,ECB Economic Bulletin,EUR,2026-01-15T04:00:00Z,None,,,,false,false
,Italian Industrial Production m/m,EUR,2026-01-15T04:00:00Z,None,0.6%,-1.0%,1.5%,false,false
,BOE Credit Conditions Survey,GBP,2026-01-15T04:30:00Z,None,,,,false,false
,Trade Balance,EUR,2026-01-15T05:00:00Z,None,14.8B,13.7B,10.7B,false,false
,Industrial Production m/m,EUR,2026-01-15T05:00:00Z,None,0.5%,0.7%,0.7%,false,false
,Italian Trade Balance,EUR,2026-01-15T06:00:00Z,None,5.22B,4.18B,5.08B,false,false
,Manufacturing Sales m/m,CAD,2026-01-15T08:30:00Z,None,-1.1%,-1.0%,-1.2%,false,false
,Wholesale Sales m/m,CAD,2026-01-15T08:30:00Z,None,0.1%,0.4%,-1.8%,false,false
,Unemployment Claims,USD,2026-01-15T08:30:00Z,High,215K,207K,198K,false,false
,Empire State Manufacturing Index,USD,2026-01-15T08:30:00Z,None,0.8,-3.9,7.7,false,false
,Philly Fed Manufacturing Index,USD,2026-01-15T08:30:00Z,None,-1.6,-10.2,12.6,false,false
,Import Prices m/m,USD,2026-01-15T08:30:00Z,None,-0.1%,0.0%,0.4%,false,false
,FOMC Member Bostic Speaks,USD,2026-01-15T08:35:00Z,None,,,,false,false
,FOMC Member Barr Speaks,USD,2026-01-15T09:15:00Z,None,,,,false,false
,Natural Gas Storage,USD,2026-01-15T10:30:00Z,None,-89B,-119B,-71B,false,false
,FOMC Member Barkin Speaks,USD,2026-01-15T12:40:00Z,None,,,,false,false
,FOMC Member Schmid Speaks,USD,2026-01-15T13:30:00Z,None,,,,false,false
,TIC Long-Term Purchases,USD,2026-01-15T16:00:00Z,None,48.7B,30.9B,220.2B,false,false
,BusinessNZ Manufacturing Index,NZD,2026-01-15T16:30:00Z,None,,51.7,56.1,false,false
,FPI m/m,NZD,2026-01-15T16:45:00Z,None,,-0.4%,-0.3%,false,false
,German Final CPI m/m,EUR,2026-01-16T02:00:00Z,None,0.0%,0.0%,0.0%,false,false
,BOE Gov Bailey Speaks,GBP,2026-01-16T05:00:00Z,High,,,,false,false
,Housing Starts,CAD,2026-01-16T08:15:00Z,None,257K,255K,282K,false,false
,Foreign Securities Purchases,CAD,2026-01-16T08:30:00Z,None,24.61B,46.62B,16.33B,false,false
,Capacity Utilization Rate,USD,2026-01-16T09:15:00Z,None,76.0%,76.1%,76.3%,false,false
,Industrial Production m/m,USD,2026-01-16T09:15:00Z,None,0.1%,0.4%,0.4%,false,false
,CB Leading Index m/m,GBP,2026-01-16T09:30:00Z,None,,0.0%,-0.1%,false,false
,NAHB Housing Market Index,USD,2026-01-16T10:00:00Z,None,40,39,37,false,false
,CB Leading Index m/m,AUD,2026-01-16T10:30:00Z,None,,0.4%,0.2%,false,false
,FOMC Member Collins Speaks,USD,2026-01-16T10:50:00Z,None,,,,false,false
,FOMC Member Bowman Speaks,USD,2026-01-16T11:00:00Z,None,,,,false,false
,FOMC Member Jefferson Speaks,USD,2026-01-16T15:30:00Z,None,,,,false,false
,Core Machinery Orders m/m,JPY,2026-01-18T18:50:00Z,None,-5.2%,7.0%,-11.0%,false,false
,MI Inflation Gauge m/m,AUD,2026-01-18T19:00:00Z,None,,0.3%,1.0%,false,false
,Rightmove HPI m/m,GBP,2026-01-18T19:01:00Z,None,,-1.8%,2.8%,false,false
,New Home Prices m/m,CNY,2026-01-18T20:30:00Z,None,,-0.39%,-0.37%,false,false
,Fixed Asset Investment ytd/y,CNY,2026-01-18T21:00:00Z,None,-3.1%,-2.6%,-3.8%,false,false
,GDP q/y,CNY,2026-01-18T21:00:00Z,None,4.5%,4.8%,4.5%,false,false
,Industrial Production y/y,CNY,2026-01-18T21:00:00Z,None,5.1%,4.8%,5.2%,false,false
,NBS Press Conference,CNY,2026-01-18T21:00:00Z,None,,,,false,false
,Retail Sales y/y,CNY,2026-01-18T21:00:00Z,None,1.1%,1.3%,0.9%,false,false
,Unemployment Rate,CNY,2026-01-18T21:00:00Z,None,5.2%,5.1%,5.1%,false,false
,Revised Industrial Production m/m,JPY,2026-01-18T23:30:00Z,None,-2.6%,-2.6%,-2.7%,false,false
,Tertiary Industry Activity m/m,JPY,2026-01-18T23:30:00Z,None,0.0%,0.9%,-0.2%,false,false
,WEF Annual Meetings,All,2026-01-19T00:00:00Z,None,,,,false,false
,Bank Holiday,USD,2026-01-19T00:00:00Z,None,,,,true,false
,Eurogroup Meetings,EUR,2026-01-19T00:00:00Z,None,,,,true,false
,Final Core CPI y/y,EUR,2026-01-19T05:00:00Z,None,2.3%,2.3%,2.3%,false,false
,Final CPI y/y,EUR,2026-01-19T05:00:00Z,None,2.0%,2.0%,1.9%,false,false
,CPI m/m,CAD,2026-01-19T08:30:00Z,High,-0.4%,0.1%,-0.2%,false,false
,Median CPI y/y,CAD,2026-01-19T08:30:00Z,High,2.7%,2.8%,2.5%,false,false
,Trimmed CPI y/y,CAD,2026-01-19T08:30:00Z,High,2.7%,2.9%,2.7%,false,false
,Common CPI y/y,CAD,2026-01-19T08:30:00Z,None,2.8%,2.8%,2.8%,false,false
,Core CPI m/m,CAD,2026-01-19T08:32:00Z,None,,-0.1%,-0.4%,false,false
,BOC Business Outlook Survey,CAD,2026-01-19T10:30:00Z,None,,,,false,false
,BusinessNZ Services Index,NZD,2026-01-19T16:30:00Z,None,,47.2,51.5,false,false
,5-y Loan Prime Rate,CNY,2026-01-19T20:00:00Z,None,3.50%,3.50%,3.50%,false,false
,1-y Loan Prime Rate,CNY,2026-01-19T20:00:00Z,None,3.00%,3.00%,3.00%,false,false
,WEF Annual Meetings,All,2026-01-20T00:00:00Z,None,,,,false,false
,ECOFIN Meetings,EUR,2026-01-20T00:00:00Z,None,,,,true,false
,German PPI m/m,EUR,2026-01-20T02:00:00Z,None,-0.2%,0.0%,-0.2%,false,false
,Claimant Count Change,GBP,2026-01-20T02:00:00Z,High,15.6K,-3.3K,17.9K,false,false
,Average Earnings Index 3m/y,GBP,2026-01-20T02:00:00Z,None,4.6%,4.8%,4.7%,false,false
,Unemployment Rate,GBP,2026-01-20T02:00:00Z,None,5.1%,5.1%,5.1%,false,false
,PPI m/m,CHF,2026-01-20T02:30:00Z,None,-0.2%,-0.5%,-0.2%,false,false
,Current Account,EUR,2026-01-20T04:00:00Z,None,20.3B,26.7B,8.6B,false,false
,BOE Gov Bailey Speaks,GBP,2026-01-20T04:45:00Z,High,,,,false,false
,German ZEW Economic Sentiment,EUR,2026-01-20T05:00:00Z,None,50.0,45.8,59.6,false,false
,ZEW Economic Sentiment,EUR,2026-01-20T05:00:00Z,None,36.7,33.7,40.8,false,false
,ADP Weekly Employment Change,USD,2026-01-20T08:15:00Z,None,,11.3K,8.0K,false,false
,GDT Price Index,NZD,2026-01-20T09:43:00Z,None,,6.3%,1.5%,false,false
,German Buba President Nagel Speaks,EUR,2026-01-20T11:30:00Z,None,,,,false,false
,SNB Chairman Schlegel Speaks,CHF,2026-01-20T11:30:00Z,None,,,,false,false
,President Trump Speaks,USD,2026-01-20T13:00:00Z,None,,,,false,false
,MI Leading Index m/m,AUD,2026-01-20T18:30:00Z,None,,0.0%,0.1%,false,false
,WEF Annual Meetings,All,2026-01-21T00:00:00Z,High,,,,false,false
,Construction Spending m/m,USD,2026-01-21T00:00:00Z,None,,0.4%,-0.6%,false,false
,RPI y/y,GBP,2026-01-21T02:00:00Z,None,4.1%,3.8%,4.2%,false,false
,PPI Input m/m,GBP,2026-01-21T02:00:00Z,None,-0.1%,0.5%,-0.2%,false,false
,PPI Output m/m,GBP,2026-01-21T02:00:00Z,None,0.1%,0.1%,0.0%,false,false
,Core CPI y/y,GBP,2026-01-21T02:00:00Z,None,3.3%,3.2%,3.2%,false,false
,CPI y/y,GBP,2026-01-21T02:00:00Z,High,3.3%,3.2%,3.4%,false,false
,ECB President Lagarde Speaks,EUR,2026-01-21T02:30:00Z,None,,,,false,false
,HPI y/y,GBP,2026-01-21T04:30:00Z,None,1.8%,1.9%,2.5%,false,false
,German 30-y Bond Auction,EUR,2026-01-21T05:34:00Z,None,,3.45|2.1,3.49|2.4,false,false
,CBI Industrial Order Expectations,GBP,2026-01-21T06:00:00Z,None,-33,-32,-30,false,false
,IPPI m/m,CAD,2026-01-21T08:30:00Z,None,0.3%,1.1%,-0.6%,false,false
,RMPI m/m,CAD,2026-01-21T08:30:00Z,None,-0.5%,0.6%,0.5%,false,false
,President Trump Speaks,USD,2026-01-21T08:30:00Z,High,,,,false,false
,Pending Home Sales m/m,USD,2026-01-21T10:00:00Z,None,-0.3%,3.3%,-9.3%,false,false
,Construction Spending m/m,USD,2026-01-21T10:00:00Z,None,0.1%,-0.6%,0.5%,false,false
,ECB President Lagarde Speaks,EUR,2026-01-21T11:45:00Z,None,,,,false,false
,President Trump Speaks,USD,2026-01-21T13:00:00Z,None,,,,false,false
,German Buba President Nagel Speaks,EUR,2026-01-21T13:30:00Z,None,,,,false,false
,API Weekly Statistical Bulletin,USD,2026-01-21T16:30:00Z,None,,,,false,false
,Visitor Arrivals m/m,NZD,2026-01-21T16:45:00Z,None,,0.7%,0.8%,false,false
,Trade Balance,JPY,2026-01-21T18:50:00Z,None,-0.06T,0.01T,-0.21T,false,false
,Employment Change,AUD,2026-01-21T19:30:00Z,High,28.3K,-28.7K,65.2K,false,false
,Unemployment Rate,AUD,2026-01-21T19:30:00Z,High,4.4%,4.3%,4.1%,false,false
,Core PCE Price Index m/m,USD,2026-01-22T00:00:00Z,None,,0.2%,0.2%,false,false
,Personal Spending m/m,USD,2026-01-22T00:00:00Z,None,,0.4%,0.5%,false,false
,Personal Income m/m,USD,2026-01-22T00:00:00Z,None,,0.4%,0.1%,false,false
,WEF Annual Meetings,All,2026-01-22T00:00:00Z,None,,,,false,false
,Public Sector Net Borrowing,GBP,2026-01-22T02:00:00Z,None,13.4B,10.9B,11.6B,false,false
,German Buba Monthly Report,EUR,2026-01-22T06:00:00Z,None,,,,false,false
,CBI Realized Sales,GBP,2026-01-22T06:00:00Z,None,-35,-44,-17,false,false
,ECB Monetary Policy Meeting Accounts,EUR,2026-01-22T07:30:00Z,None,,,,false,false
,Unemployment Claims,USD,2026-01-22T08:30:00Z,High,209K,199K,200K,false,false
,Final GDP Price Index q/q,USD,2026-01-22T08:30:00Z,None,3.8%,3.8%,3.8%,false,false
,Final GDP q/q,USD,2026-01-22T08:30:00Z,High,4.3%,4.3%,4.4%,false,false
,NHPI m/m,CAD,2026-01-22T08:30:00Z,None,-0.2%,0.0%,-0.2%,false,false
,Consumer Confidence,EUR,2026-01-22T10:00:00Z,None,-13,-15,-12,false,false
,Core PCE Price Index m/m,USD,2026-01-22T10:00:00Z,High,0.2%,0.2%,0.2%,false,false
,Personal Income m/m,USD,2026-01-22T10:00:00Z,None,0.4%,0.1%,0.3%,false,false
,Personal Spending m/m,USD,2026-01-22T10:00:00Z,None,0.5%,0.5%,0.5%,false,false
,Natural Gas Storage,USD,2026-01-22T10:30:00Z,None,-90B,-71B,-120B,false,false
,Crude Oil Inventories,USD,2026-01-22T12:00:00Z,None,-1.0M,3.4M,3.6M,false,false
,CPI q/q,NZD,2026-01-22T16:45:00Z,High,0.5%,1.0%,0.6%,false,false
,Flash Manufacturing PMI,AUD,2026-01-22T17:00:00Z,None,,51.6,52.4,false,false
,Flash Services PMI,AUD,2026-01-22T17:00:00Z,None,,51.1,56.0,false,false
,National Core CPI y/y,JPY,2026-01-22T18:30:00Z,None,2.4%,3.0%,2.4%,false,false
,GfK Consumer Confidence,GBP,2026-01-22T19:01:00Z,None,-17,-17,-16,false,false
,Flash Manufacturing PMI,JPY,2026-01-22T19:30:00Z,None,50.1,50.0,51.5,false,false
,BOJ Outlook Report,JPY,2026-01-22T22:07:00Z,High,,,,false,false
,BOJ Policy Rate,JPY,2026-01-22T22:07:00Z,High,<0.75%,<0.75%,<0.75%,false,false
,Monetary Policy Statement,JPY,2026-01-22T22:07:00Z,High,,,,false,false
,WEF Annual Meetings,All,2026-01-23T00:00:00Z,None,,,,false,false
,CB Leading Index m/m,USD,2026-01-23T00:00:00Z,None,,-0.2%,-0.1%,false,false
,BOJ Press Conference,JPY,2026-01-23T01:30:00Z,High,,,,false,false
,Retail Sales m/m,GBP,2026-01-23T02:00:00Z,High,0.0%,-0.1%,0.4%,false,false
,French Flash Manufacturing PMI,EUR,2026-01-23T03:15:00Z,None,50.4,50.7,51.0,false,false
,French Flash Services PMI,EUR,2026-01-23T03:15:00Z,None,50.3,50.1,47.9,false,false
,German Flash Manufacturing PMI,EUR,2026-01-23T03:30:00Z,High,47.8,47.0,48.7,false,false
,German Flash Services PMI,EUR,2026-01-23T03:30:00Z,High,52.6,52.7,53.3,false,false
,Flash Manufacturing PMI,EUR,2026-01-23T04:00:00Z,None,49.1,48.8,49.4,false,false
,Flash Services PMI,EUR,2026-01-23T04:00:00Z,None,52.6,52.4,51.9,false,false
,Flash Manufacturing PMI,GBP,2026-01-23T04:30:00Z,High,50.6,50.6,51.6,false,false
,Flash Services PMI,GBP,2026-01-23T04:30:00Z,High,51.7,51.4,54.3,false,false
,MPC Member Greene Speaks,GBP,2026-01-23T04:30:00Z,None,,,,false,false
,ECB President Lagarde Speaks,EUR,2026-01-23T05:00:00Z,None,,,,false,false
,Foreign Direct Investment ytd/y,CNY,2026-01-23T07:11:00Z,None,,-7.5%,-9.5%,false,false
,Core Retail Sales m/m,CAD,2026-01-23T08:30:00Z,None,1.0%,-0.6%,1.7%,false,false
,Retail Sales m/m,CAD,2026-01-23T08:30:00Z,None,1.2%,-0.3%,1.3%,false,false
,Flash Manufacturing PMI,USD,2026-01-23T09:45:00Z,High,51.9,51.8,51.9,false,false
,Flash Services PMI,USD,2026-01-23T09:45:00Z,High,52.9,52.5,52.5,false,false
,Revised UoM Consumer Sentiment,USD,2026-01-23T10:00:00Z,None,54.0,54.0,56.4,false,false
,Revised UoM Inflation Expectations,USD,2026-01-23T10:00:00Z,None,,4.2%,4.0%,false,false
,CB Leading Index m/m,USD,2026-01-23T10:54:00Z,None,-0.2%,-0.1%,-0.3%,false,false
,Bank Holiday,AUD,2026-01-25T00:00:00Z,None,,,,true,false
,German ifo Business Climate,EUR,2026-01-26T04:00:00Z,None,88.3,87.6,87.6,false,false
,German Buba President Nagel Speaks,EUR,2026-01-26T06:00:00Z,None,,,,false,false
,German Buba President Nagel Speaks,EUR,2026-01-26T08:30:00Z,None,,,,false,false
,Core Durable Goods Orders m/m,USD,2026-01-26T08:30:00Z,None,0.3%,0.1%,0.5%,false,false
,Durable Goods Orders m/m,USD,2026-01-26T08:30:00Z,None,3.1%,-2.1%,5.3%,false,false
,Belgian NBB Business Climate,EUR,2026-01-26T08:33:00Z,None,-10.2,-11.9,-8.8,false,false
,SPPI y/y,JPY,2026-01-26T18:50:00Z,None,2.7%,2.7%,2.6%,false,false
,BRC Shop Price Index y/y,GBP,2026-01-26T19:01:00Z,None,0.7%,0.7%,1.5%,false,false
,NAB Business Confidence,AUD,2026-01-26T19:30:00Z,None,,2,3,false,false
,Credit Card Spending y/y,NZD,2026-01-26T21:00:00Z,None,,4.4%,-0.3%,false,false
,BOJ Core CPI y/y,JPY,2026-01-27T00:00:00Z,None,2.0%,2.2%,1.9%,false,false
,Spanish Unemployment Rate,EUR,2026-01-27T03:00:00Z,None,10.2%,10.5%,9.9%,false,false
,ADP Weekly Employment Change,USD,2026-01-27T08:15:00Z,None,,8.0K,7.8K,false,false
,HPI m/m,USD,2026-01-27T09:00:00Z,None,0.3%,0.4%,0.6%,false,false
,S&P/CS Composite-20 HPI y/y,USD,2026-01-27T09:00:00Z,None,1.2%,1.3%,1.4%,false,false
,CB Consumer Confidence,USD,2026-01-27T10:00:00Z,None,90.6,94.2,84.5,false,false
,Richmond Manufacturing Index,USD,2026-01-27T10:00:00Z,None,-5,-7,-6,false,false
,German Buba President Nagel Speaks,EUR,2026-01-27T12:00:00Z,None,,,,false,false
,President Trump Speaks,USD,2026-01-27T16:00:00Z,None,,,,false,false
,API Weekly Statistical Bulletin,USD,2026-01-27T16:30:00Z,None,,,,false,false
,Monetary Policy Meeting Minutes,JPY,2026-01-27T18:50:00Z,None,,,,false,false
,CPI m/m,AUD,2026-01-27T19:30:00Z,High,0.7%,0.0%,1.0%,false,false
,CPI y/y,AUD,2026-01-27T19:30:00Z,High,3.5%,3.4%,3.8%,false,false
,Trimmed Mean CPI m/m,AUD,2026-01-27T19:30:00Z,High,0.3%,0.3%,0.2%,false,false
,German GfK Consumer Climate,EUR,2026-01-28T02:00:00Z,None,-25.5,-26.9,-24.1,false,false
,UBS Economic Expectations,CHF,2026-01-28T04:00:00Z,None,,6.2,-4.7,false,false
,German 10-y Bond Auction,EUR,2026-01-28T05:34:00Z,None,,2.83|1.3,2.85|1.7,false,false
,CB Leading Index m/m,CNY,2026-01-28T09:00:00Z,None,,-0.2%,-0.1%,false,false
,BOC Monetary Policy Report,CAD,2026-01-28T09:45:00Z,High,,,,false,false
,BOC Rate Statement,CAD,2026-01-28T09:45:00Z,High,,,,false,false
,Overnight Rate,CAD,2026-01-28T09:45:00Z,High,2.25%,2.25%,2.25%,false,false
,BOC Press Conference,CAD,2026-01-28T10:30:00Z,High,,,,false,false
,Crude Oil Inventories,USD,2026-01-28T10:30:00Z,None,-0.2M,3.6M,-2.3M,false,false
,Federal Funds Rate,USD,2026-01-28T14:00:00Z,High,3.75%,3.75%,3.75%,false,false
,FOMC Statement,USD,2026-01-28T14:00:00Z,High,,,,false,false
,FOMC Press Conference,USD,2026-01-28T14:30:00Z,High,,,,false,false
,Trade Balance,NZD,2026-01-28T16:45:00Z,None,30M,-335M,52M,false,false
,ANZ Business Confidence,NZD,2026-01-28T19:00:00Z,None,,73.6,64.1,false,false
,Import Prices q/q,AUD,2026-01-28T19:30:00Z,None,-0.2%,-0.4%,0.9%,false,false
,Consumer Confidence,JPY,2026-01-29T00:00:00Z,None,37.1,37.2,37.9,false,false
,M3 Money Supply y/y,EUR,2026-01-29T04:00:00Z,None,3.0%,3.0%,2.8%,false,false
,Private Loans y/y,EUR,2026-01-29T04:00:00Z,None,2.9%,2.9%,3.0%,false,false
,Trade Balance,CAD,2026-01-29T08:30:00Z,None,-0.7B,-0.4B,-2.2B,false,false
,Unemployment Claims,USD,2026-01-29T08:30:00Z,High,206K,210K,209K,false,false
,Goods Trade Balance,USD,2026-01-29T08:30:00Z,None,,-59.0B,-86.9B,false,false
,Revised Nonfarm Productivity q/q,USD,2026-01-29T08:30:00Z,None,4.9%,4.9%,4.9%,false,false
,Revised Unit Labor Costs q/q,USD,2026-01-29T08:30:00Z,None,-1.9%,-1.9%,-1.9%,false,false
,Trade Balance,USD,2026-01-29T08:30:00Z,None,-43.4B,-29.2B,-56.8B,false,false
,Factory Orders m/m,USD,2026-01-29T10:00:00Z,None,1.7%,-1.2%,2.7%,false,false
,Final Wholesale Inventories m/m,USD,2026-01-29T10:00:00Z,None,0.2%,0.2%,0.2%,false,false
,Natural Gas Storage,USD,2026-01-29T10:30:00Z,None,-237B,-120B,-242B,false,false
,Treasury Currency Report,USD,2026-01-29T16:00:00Z,None,,,,false,false
,President Trump Speaks,USD,2026-01-29T16:30:00Z,None,,,,false,false
,Tokyo Core CPI y/y,JPY,2026-01-29T18:30:00Z,None,2.2%,2.3%,2.0%,false,false
,Unemployment Rate,JPY,2026-01-29T18:30:00Z,None,2.6%,2.6%,2.6%,false,false
,Prelim Industrial Production m/m,JPY,2026-01-29T18:50:00Z,None,-0.4%,-2.7%,-0.1%,false,false
,Retail Sales y/y,JPY,2026-01-29T18:50:00Z,None,0.7%,1.1%,-0.9%,false,false
,PPI q/q,AUD,2026-01-29T19:30:00Z,None,1.1%,1.0%,0.8%,false,false
,Private Sector Credit m/m,AUD,2026-01-29T19:30:00Z,None,0.6%,0.6%,0.8%,false,false
,Housing Starts y/y,JPY,2026-01-30T00:00:00Z,None,-4.5%,-8.5%,-1.3%,false,false
,German Prelim CPI m/m,EUR,2026-01-30T00:00:00Z,None,0.0%,0.0%,0.1%,true,false
,French Consumer Spending m/m,EUR,2026-01-30T01:30:00Z,None,-0.4%,-0.3%,-0.6%,false,false
,French Flash GDP q/q,EUR,2026-01-30T01:30:00Z,None,0.2%,0.5%,0.2%,false,false
,German Import Prices m/m,EUR,2026-01-30T02:00:00Z,None,-0.4%,0.5%,-0.1%,false,false
,French Prelim Private Payrolls q/q,EUR,2026-01-30T02:45:00Z,None,0.1%,-0.1%,-0.1%,false,false
,KOF Economic Barometer,CHF,2026-01-30T03:00:00Z,None,103.1,103.6,102.5,false,false
,Spanish Flash CPI y/y,EUR,2026-01-30T03:00:00Z,None,2.4%,2.9%,2.4%,false,false
,Spanish Flash GDP q/q,EUR,2026-01-30T03:00:00Z,None,0.6%,0.6%,0.8%,false,false
,German Unemployment Change,EUR,2026-01-30T03:55:00Z,None,4K,3K,0K,false,false
,German Prelim GDP q/q,EUR,2026-01-30T04:00:00Z,None,0.2%,0.0%,0.3%,false,false
,Italian Prelim GDP q/q,EUR,2026-01-30T04:00:00Z,None,0.2%,0.1%,0.3%,false,false
,M4 Money Supply m/m,GBP,2026-01-30T04:30:00Z,None,0.3%,0.8%,0.3%,false,false
,Mortgage Approvals,GBP,2026-01-30T04:30:00Z,None,65K,64K,61K,false,false
,Net Lending to Individuals m/m,GBP,2026-01-30T04:30:00Z,None,6.1B,6.7B,6.1B,false,false
,Italian Monthly Unemployment Rate,EUR,2026-01-30T05:00:00Z,None,5.8%,5.6%,5.6%,false,false
,Prelim Flash GDP q/q,EUR,2026-01-30T05:00:00Z,None,0.2%,0.3%,0.3%,false,false
,Unemployment Rate,EUR,2026-01-30T05:00:00Z,None,6.3%,6.3%,6.2%,false,false
,GDP m/m,CAD,2026-01-30T08:30:00Z,High,0.1%,-0.3%,0.0%,false,false
,Core PPI m/m,USD,2026-01-30T08:30:00Z,High,0.2%,0.0%,0.7%,false,false
,PPI m/m,USD,2026-01-30T08:30:00Z,High,0.2%,0.2%,0.5%,false,false
,Chicago PMI,USD,2026-01-30T09:45:00Z,None,43.5,43.5,54.0,false,false
,FOMC Member Musalem Speaks,USD,2026-01-30T13:30:00Z,None,,,,false,false
,FOMC Member Bowman Speaks,USD,2026-01-30T17:00:00Z,None,,,,false,false
,Manufacturing PMI,CNY,2026-01-30T20:30:00Z,None,50.1,50.1,49.3,false,false
,Non-Manufacturing PMI,CNY,2026-01-30T20:30:00Z,None,50.3,50.2,49.4,false,false
,OPEC-JMMC Meetings,All,2026-02-01T00:00:00Z,None,,,,true,false
,BOJ Summary of Opinions,JPY,2026-02-01T18:50:00Z,None,,,,false,false
,MI Inflation Gauge m/m,AUD,2026-02-01T19:00:00Z,None,,1.0%,0.2%,false,false
,ANZ Job Advertisements m/m,AUD,2026-02-01T19:30:00Z,None,,-0.8%,4.4%,false,false
,Final Manufacturing PMI,JPY,2026-02-01T19:30:00Z,None,51.5,51.5,51.5,false,false
,RatingDog Manufacturing PMI,CNY,2026-02-01T20:45:00Z,None,50.1,50.1,50.3,false,false
,Commodity Prices y/y,AUD,2026-02-02T00:30:00Z,None,,-3.2%,2.6%,false,false
,German Retail Sales m/m,EUR,2026-02-02T02:00:00Z,None,-0.1%,-0.5%,0.1%,false,false
,Nationwide HPI m/m,GBP,2026-02-02T02:00:00Z,None,0.3%,-0.4%,0.3%,false,false
,Retail Sales y/y,CHF,2026-02-02T02:30:00Z,None,2.5%,1.7%,2.9%,false,false
,Spanish Manufacturing PMI,EUR,2026-02-02T03:15:00Z,None,49.9,49.6,49.2,false,false
,Manufacturing PMI,CHF,2026-02-02T03:30:00Z,None,47.2,45.8,48.8,false,false
,Italian Manufacturing PMI,EUR,2026-02-02T03:45:00Z,None,48.5,47.9,48.1,false,false
,French Final Manufacturing PMI,EUR,2026-02-02T03:50:00Z,None,51.0,51.0,51.2,false,false
,German Final Manufacturing PMI,EUR,2026-02-02T03:55:00Z,None,48.7,48.7,49.1,false,false
,Final Manufacturing PMI,EUR,2026-02-02T04:00:00Z,None,49.4,49.4,49.5,false,false
,Final Manufacturing PMI,GBP,2026-02-02T04:30:00Z,None,51.6,51.6,51.8,false,false
,MPC Member Breeden Speaks,GBP,2026-02-02T06:45:00Z,None,,,,false,false
,Manufacturing PMI,CAD,2026-02-02T09:30:00Z,None,,48.6,50.4,false,false
,Final Manufacturing PMI,USD,2026-02-02T09:45:00Z,None,51.9,51.9,52.4,false,false
,ISM Manufacturing PMI,USD,2026-02-02T10:00:00Z,High,48.5,47.9,52.6,false,false
,ISM Manufacturing Prices,USD,2026-02-02T10:00:00Z,None,59.3,58.5,59.0,false,false
,FOMC Member Bostic Speaks,USD,2026-02-02T12:30:00Z,None,,,,false,false
,Loan Officer Survey,USD,2026-02-02T14:00:00Z,None,,,,false,false
,Building Consents m/m,NZD,2026-02-02T16:45:00Z,None,,2.7%,-4.6%,false,false
,Monetary Base y/y,JPY,2026-02-02T18:50:00Z,None,-10.3%,-9.8%,-9.5%,false,false
,Building Approvals m/m,AUD,2026-02-02T19:30:00Z,None,-6.2%,13.1%,-14.9%,false,false
,Cash Rate,AUD,2026-02-02T22:30:00Z,High,3.85%,3.60%,3.85%,false,false
,RBA Monetary Policy Statement,AUD,2026-02-02T22:30:00Z,High,,,,false,false
,RBA Rate Statement,AUD,2026-02-02T22:30:00Z,High,,,,false,false
,10-y Bond Auction,JPY,2026-02-02T22:35:00Z,None,,2.10|3.3,2.25|3.0,false,false
,RBA Press Conference,AUD,2026-02-02T23:30:00Z,High,,,,false,false
,Omdia Total Vehicle Sales,USD,2026-02-03T00:00:00Z,None,15.3M,16.0M,14.9M,true,false
,French Gov Budget Balance,EUR,2026-02-03T02:45:00Z,None,,-155.4B,-124.7B,false,false
,French Prelim CPI m/m,EUR,2026-02-03T02:45:00Z,None,-0.1%,0.1%,-0.3%,false,false
,Spanish Unemployment Change,EUR,2026-02-03T03:00:00Z,None,13.4K,-16.3K,30.4K,false,false
,10-y Bond Auction,GBP,2026-02-03T05:02:00Z,None,,4.46|3.3,4.59|3.6,false,false
,FOMC Member Barkin Speaks,USD,2026-02-03T08:00:00Z,None,,,,false,false
,FOMC Member Bowman Speaks,USD,2026-02-03T09:40:00Z,None,,,,false,false
,RCM/TIPP Economic Optimism,USD,2026-02-03T10:01:00Z,None,47.9,47.2,48.8,false,false
,API Weekly Statistical Bulletin,USD,2026-02-03T16:30:00Z,None,,,,false,false
,Employment Change q/q,NZD,2026-02-03T16:45:00Z,High,0.3%,0.0%,0.5%,false,false
,Unemployment Rate,NZD,2026-02-03T16:45:00Z,High,5.3%,5.3%,5.4%,false,false
,Labor Cost Index q/q,NZD,2026-02-03T16:45:00Z,None,0.5%,0.5%,0.4%,false,false
,GDT Price Index,NZD,2026-02-03T17:56:00Z,None,,1.5%,6.7%,false,false
,ANZ Commodity Prices m/m,NZD,2026-02-03T19:00:00Z,None,,-2.1%,2.0%,false,false
,RatingDog Services PMI,CNY,2026-02-03T20:45:00Z,None,52.0,52.0,52.3,false,false
,RBA Assist Gov Jones Speaks,AUD,2026-02-04T00:10:00Z,None,,,,false,false
,Spanish Services PMI,EUR,2026-02-04T03:15:00Z,None,56.6,57.1,53.5,false,false
,Italian Services PMI,EUR,2026-02-04T03:45:00Z,None,51.3,51.5,52.9,false,false
,French Final Services PMI,EUR,2026-02-04T03:50:00Z,None,47.9,47.9,48.4,false,false
,German Final Services PMI,EUR,2026-02-04T03:55:00Z,None,53.3,53.3,52.4,false,false
,Final Services PMI,EUR,2026-02-04T04:00:00Z,None,51.9,51.9,51.6,false,false
,Final Services PMI,GBP,2026-02-04T04:30:00Z,None,54.2,54.3,54.0,false,false
,Core CPI Flash Estimate y/y,EUR,2026-02-04T05:00:00Z,None,2.3%,2.3%,2.2%,false,false
,CPI Flash Estimate y/y,EUR,2026-02-04T05:00:00Z,None,1.7%,1.9%,1.7%,false,false
,PPI m/m,EUR,2026-02-04T05:00:00Z,None,-0.3%,0.7%,-0.3%,false,false
,Italian Prelim CPI m/m,EUR,2026-02-04T05:00:00Z,None,0.4%,0.2%,0.4%,false,false
,ADP Non-Farm Employment Change,USD,2026-02-04T08:15:00Z,High,46K,37K,22K,false,false
,Final Services PMI,USD,2026-02-04T09:45:00Z,None,52.5,52.5,52.7,false,false
,ISM Services PMI,USD,2026-02-04T10:00:00Z,High,53.5,54.4,53.8,false,false
,Crude Oil Inventories,USD,2026-02-04T10:30:00Z,None,-2.0M,-2.3M,-3.5M,false,false
,FOMC Member Cook Speaks,USD,2026-02-04T18:30:00Z,None,,,,false,false
,Goods Trade Balance,AUD,2026-02-04T19:30:00Z,None,3.42B,2.60B,3.37B,false,false
,30-y Bond Auction,JPY,2026-02-04T22:35:00Z,None,,3.45|3.1,3.62|3.6,false,false
,Bank Holiday,NZD,2026-02-05T00:00:00Z,None,,,,true,false
,German Factory Orders m/m,EUR,2026-02-05T02:00:00Z,None,-1.8%,5.7%,7.8%,false,false
,French Industrial Production m/m,EUR,2026-02-05T02:45:00Z,None,0.2%,0.1%,-0.7%,false,false
,Italian Retail Sales m/m,EUR,2026-02-05T04:00:00Z,None,-0.4%,0.5%,-0.8%,false,false
,Construction PMI,GBP,2026-02-05T04:30:00Z,None,42.2,40.1,46.4,false,false
,Spanish 10-y Bond Auction,EUR,2026-02-05T04:43:00Z,None,,3.20|1.9,3.22|2.4,false,false
,Retail Sales m/m,EUR,2026-02-05T05:00:00Z,None,-0.2%,0.1%,-0.5%,false,false
,French 10-y Bond Auction,EUR,2026-02-05T05:01:00Z,None,,3.53|2.0,3.45|2.4,false,false
,BOE Monetary Policy Report,GBP,2026-02-05T07:00:00Z,High,,,,false,false
,Monetary Policy Summary,GBP,2026-02-05T07:00:00Z,High,,,,false,false
,MPC Official Bank Rate Votes,GBP,2026-02-05T07:00:00Z,High,0-2-7,0-5-4,0-4-5,false,false
,Official Bank Rate,GBP,2026-02-05T07:00:00Z,High,3.75%,3.75%,3.75%,false,false
,BOE Gov Bailey Speaks,GBP,2026-02-05T07:30:00Z,High,,,,false,false
,Challenger Job Cuts y/y,USD,2026-02-05T07:30:00Z,None,,-8.3%,117.8%,false,false
,Main Refinancing Rate,EUR,2026-02-05T08:15:00Z,High,2.15%,2.15%,2.15%,false,false
,Monetary Policy Statement,EUR,2026-02-05T08:15:00Z,High,,,,false,false
,Unemployment Claims,USD,2026-02-05T08:30:00Z,High,212K,209K,231K,false,false
,ECB Press Conference,EUR,2026-02-05T08:45:00Z,High,,,,false,false
,JOLTS Job Openings,USD,2026-02-05T10:00:00Z,High,7.25M,6.93M,6.54M,false,false
,Natural Gas Storage,USD,2026-02-05T10:30:00Z,None,-379B,-242B,-360B,false,false
,FOMC Member Bostic Speaks,USD,2026-02-05T10:50:00Z,None,,,,false,false
,BOC Gov Macklem Speaks,CAD,2026-02-05T12:25:00Z,High,,,,false,false
,RBA Gov Bullock Speaks,AUD,2026-02-05T17:30:00Z,High,,,,false,false
,Household Spending y/y,JPY,2026-02-05T18:30:00Z,None,-0.5%,2.9%,-2.6%,false,false
,President Trump Speaks,USD,2026-02-05T19:00:00Z,None,,,,false,false
,Leading Indicators,JPY,2026-02-06T00:00:00Z,None,109.8%,109.9%,110.2%,false,false
,German Industrial Production m/m,EUR,2026-02-06T02:00:00Z,None,-0.2%,0.2%,-1.9%,false,false
,German Trade Balance,EUR,2026-02-06T02:00:00Z,None,14.1B,13.6B,17.1B,false,false
,Lloyds HPI m/m,GBP,2026-02-06T02:00:00Z,None,0.1%,-0.5%,0.7%,false,false
,French Trade Balance,EUR,2026-02-06T02:45:00Z,None,-3.8B,-4.0B,-4.8B,false,false
,Foreign Currency Reserves,CHF,2026-02-06T03:00:00Z,None,,725B,712B,false,false
,Unemployment Rate,CHF,2026-02-06T03:00:00Z,None,3.0%,3.0%,2.9%,false,false
,MPC Member Pill Speaks,GBP,2026-02-06T07:00:00Z,None,,,,false,false
,Unemployment Rate,CAD,2026-02-06T08:30:00Z,High,6.8%,6.8%,6.5%,false,false
,Employment Change,CAD,2026-02-06T08:30:00Z,High,5.2K,8.2K,-24.8K,false,false
,Ivey PMI,CAD,2026-02-06T10:00:00Z,None,49.7,51.9,50.9,false,false
,Prelim UoM Consumer Sentiment,USD,2026-02-06T10:00:00Z,High,55.0,56.4,57.3,false,false
,Prelim UoM Inflation Expectations,USD,2026-02-06T10:00:00Z,High,,4.0%,3.5%,false,false
,FOMC Member Jefferson Speaks,USD,2026-02-06T12:00:00Z,None,,,,false,false
,Consumer Credit m/m,USD,2026-02-06T15:00:00Z,None,9.0B,4.7B,24.0B,false,false
,Lower House Elections,JPY,2026-02-08T00:00:00Z,High,,,,true,false
,BOE Gov Bailey Speaks,GBP,2026-02-08T01:40:00Z,None,,,,false,false
,Average Cash Earnings y/y,JPY,2026-02-08T18:30:00Z,None,3.0%,1.7%,2.4%,false,false
,Bank Lending y/y,JPY,2026-02-08T18:50:00Z,None,4.5%,4.3%,4.5%,false,false
,Current Account,JPY,2026-02-08T18:50:00Z,None,2.95T,3.14T,2.70T,false,false
,Household Spending m/m,AUD,2026-02-08T19:30:00Z,None,0.2%,1.0%,-0.4%,false,false
,Economy Watchers Sentiment,JPY,2026-02-09T00:00:00Z,None,49.1,48.6,47.6,false,false
,SECO Consumer Climate,CHF,2026-02-09T03:00:00Z,None,-30,-31,-30,false,false
,Sentix Investor Confidence,EUR,2026-02-09T04:30:00Z,None,-0.2,-1.8,4.2,false,false
,German Buba President Nagel Speaks,EUR,2026-02-09T11:00:00Z,None,,,,false,false
,ECB President Lagarde Speaks,EUR,2026-02-09T12:00:00Z,None,,,,false,false
,FOMC Member Waller Speaks,USD,2026-02-09T13:30:00Z,None,,,,false,false
,MPC Member Mann Speaks,GBP,2026-02-09T14:30:00Z,None,,,,false,false
,FOMC Member Miran Speaks,USD,2026-02-09T14:30:00Z,None,,,,false,false
,FOMC Member Bostic Speaks,USD,2026-02-09T15:15:00Z,None,,,,false,false
,FOMC Member Miran Speaks,USD,2026-02-09T17:00:00Z,None,,,,false,false
,MPC Member Mann Speaks,GBP,2026-02-09T17:15:00Z,None,,,,false,false
,Westpac Consumer Sentiment,AUD,2026-02-09T18:30:00Z,None,,-1.7%,-2.6%,false,false
,M2 Money Stock y/y,JPY,2026-02-09T18:50:00Z,None,1.7%,1.7%,1.6%,false,false
,BRC Retail Sales Monitor y/y,GBP,2026-02-09T19:01:00Z,None,1.3%,1.0%,2.3%,false,false
,NAB Business Confidence,AUD,2026-02-09T19:30:00Z,None,,2,3,false,false
,ADP Weekly Employment Change,USD,2026-02-10T00:00:00Z,None,,8.3K,3.8K,false,false
,ADP Weekly Employment Change,USD,2026-02-10T00:00:00Z,None,,3.8K,5.0K,false,false
,Bank Holiday,JPY,2026-02-10T00:00:00Z,None,,,,true,false
,Prelim Machine Tool Orders y/y,JPY,2026-02-10T01:00:00Z,None,,10.9%,25.3%,false,false
,NFIB Small Business Index,USD,2026-02-10T06:00:00Z,None,99.8,99.5,99.3,false,false
,ADP Weekly Employment Change,USD,2026-02-10T08:15:00Z,None,,5.0K,6.5K,false,false
,Core Retail Sales m/m,USD,2026-02-10T08:30:00Z,High,0.3%,0.4%,0.0%,false,false
,Retail Sales m/m,USD,2026-02-10T08:30:00Z,High,0.4%,0.6%,0.0%,false,false
,Employment Cost Index q/q,USD,2026-02-10T08:30:00Z,None,0.8%,0.8%,0.7%,false,false
,Import Prices m/m,USD,2026-02-10T08:30:00Z,None,0.1%,0.4%,0.1%,false,false
,Business Inventories m/m,USD,2026-02-10T10:00:00Z,None,0.2%,0.2%,0.1%,false,false
,FOMC Member Hammack Speaks,USD,2026-02-10T12:00:00Z,None,,,,false,false
,FOMC Member Logan Speaks,USD,2026-02-10T13:00:00Z,None,,,,false,false
,API Weekly Statistical Bulletin,USD,2026-02-10T16:30:00Z,None,,,,false,false
,RBA Deputy Gov Hauser Speaks,AUD,2026-02-10T20:30:00Z,None,,,,false,false
,CPI y/y,CNY,2026-02-10T20:30:00Z,None,0.4%,0.8%,0.2%,false,false
,PPI y/y,CNY,2026-02-10T20:30:00Z,None,-1.5%,-1.9%,-1.4%,false,false
,Italian Industrial Production m/m,EUR,2026-02-11T04:00:00Z,None,-0.6%,1.5%,-0.4%,false,false
,German 30-y Bond Auction,EUR,2026-02-11T05:33:00Z,None,,3.49|2.4,3.47|1.6,false,false
,Building Permits m/m,CAD,2026-02-11T08:30:00Z,None,4.9%,-13.2%,6.8%,false,false
,Average Hourly Earnings m/m,USD,2026-02-11T08:30:00Z,High,0.3%,0.1%,0.4%,false,false
,Non-Farm Employment Change,USD,2026-02-11T08:30:00Z,High,66K,48K,130K,false,false
,Unemployment Rate,USD,2026-02-11T08:30:00Z,High,4.4%,4.4%,4.3%,false,false
,FOMC Member Schmid Speaks,USD,2026-02-11T10:00:00Z,None,,,,false,false
,FOMC Member Bowman Speaks,USD,2026-02-11T10:15:00Z,None,,,,false,false
,Crude Oil Inventories,USD,2026-02-11T10:30:00Z,None,-0.2M,-3.5M,8.5M,false,false
,10-y Bond Auction,USD,2026-02-11T13:01:00Z,None,,4.17|2.6,4.18|2.4,false,false
,BOC Summary of Deliberations,CAD,2026-02-11T13:30:00Z,None,,,,false,false
,Federal Budget Balance,USD,2026-02-11T14:00:00Z,None,-94.6B,-144.7B,-94.6B,false,false
,FOMC Member Hammack Speaks,USD,2026-02-11T16:00:00Z,None,,,,false,false
,PPI y/y,JPY,2026-02-11T18:50:00Z,None,2.3%,2.4%,2.3%,false,false
,MI Inflation Expectations,AUD,2026-02-11T19:00:00Z,None,,4.6%,5.0%,false,false
,RICS House Price Balance,GBP,2026-02-11T19:01:00Z,None,-11%,-13%,-10%,false,false
,RBA Assist Gov Hunter Speaks,AUD,2026-02-11T23:45:00Z,None,,,,false,false
,GDP m/m,GBP,2026-02-12T02:00:00Z,High,0.1%,0.2%,0.1%,false,false
,Prelim GDP q/q,GBP,2026-02-12T02:00:00Z,None,0.2%,0.1%,0.1%,false,false
,Construction Output m/m,GBP,2026-02-12T02:00:00Z,None,0.5%,-0.8%,-0.5%,false,false
,Goods Trade Balance,GBP,2026-02-12T02:00:00Z,None,-22.3B,-23.6B,-22.7B,false,false
,Index of Services 3m/3m,GBP,2026-02-12T02:00:00Z,None,0.2%,0.0%,0.0%,false,false
,Industrial Production m/m,GBP,2026-02-12T02:00:00Z,None,-0.1%,1.3%,-0.9%,false,false
,Manufacturing Production m/m,GBP,2026-02-12T02:00:00Z,None,-0.2%,1.9%,-0.5%,false,false
,Prelim Business Investment q/q,GBP,2026-02-12T02:00:00Z,None,-0.5%,1.5%,-2.7%,false,false
,Unemployment Claims,USD,2026-02-12T08:30:00Z,High,222K,232K,227K,false,false
,Gov Council Member Rogers Speaks,CAD,2026-02-12T08:45:00Z,None,,,,false,false
,CB Leading Index m/m,GBP,2026-02-12T09:30:00Z,None,,-0.1%,0.0%,false,false
,Existing Home Sales,USD,2026-02-12T10:00:00Z,None,4.16M,4.27M,3.91M,false,false
,CB Leading Index m/m,AUD,2026-02-12T10:30:00Z,None,,0.3%,0.3%,false,false
,Natural Gas Storage,USD,2026-02-12T10:30:00Z,None,-256B,-360B,-249B,false,false
,Mortgage Delinquencies,USD,2026-02-12T12:40:00Z,None,,3.99%,4.26%,false,false
,30-y Bond Auction,USD,2026-02-12T13:01:00Z,None,,4.83|2.4,4.75|2.7,false,false
,German Buba President Nagel Speaks,EUR,2026-02-12T15:30:00Z,None,,,,false,false
,BusinessNZ Manufacturing Index,NZD,2026-02-12T16:30:00Z,None,,56.1,55.2,false,false
,Visitor Arrivals m/m,NZD,2026-02-12T16:45:00Z,None,,0.8%,1.7%,false,false
,FOMC Member Logan Speaks,USD,2026-02-12T19:00:00Z,None,,,,false,false
,FOMC Member Miran Speaks,USD,2026-02-12T19:05:00Z,None,,,,false,false
,New Home Prices m/m,CNY,2026-02-12T20:30:00Z,None,,-0.37%,-0.37%,false,false
,Inflation Expectations q/q,NZD,2026-02-12T21:00:00Z,None,,2.28%,2.37%,false,false
,German WPI m/m,EUR,2026-02-13T02:00:00Z,None,0.1%,-0.2%,0.9%,false,false
,CPI m/m,CHF,2026-02-13T02:30:00Z,High,0.0%,0.0%,-0.1%,false,false
,M2 Money Supply y/y,CNY,2026-02-13T04:03:00Z,None,8.3%,8.5%,9.0%,false,false
,New Loans,CNY,2026-02-13T04:03:00Z,None,5000B,910B,4710B,false,false
,Flash Employment Change q/q,EUR,2026-02-13T05:00:00Z,None,0.1%,0.2%,0.2%,false,false
,Flash GDP q/q,EUR,2026-02-13T05:00:00Z,None,0.3%,0.3%,0.3%,false,false
,Trade Balance,EUR,2026-02-13T05:00:00Z,None,11.8B,10.2B,11.6B,false,false
,MPC Member Pill Speaks,GBP,2026-02-13T07:00:00Z,None,,,,false,false
,Core CPI m/m,USD,2026-02-13T08:30:00Z,High,0.3%,0.2%,0.3%,false,false
,Core CPI y/y,USD,2026-02-13T08:30:00Z,High,2.5%,2.6%,2.5%,false,false
,CPI m/m,USD,2026-02-13T08:30:00Z,High,0.3%,0.3%,0.2%,false,false
,CPI y/y,USD,2026-02-13T08:30:00Z,High,2.5%,2.7%,2.4%,false,false
,ECB President Lagarde Speaks,EUR,2026-02-14T11:30:00Z,None,,,,false,false
,Bank Holiday,CNY,2026-02-15T00:00:00Z,None,,,,true,false
,ECB President Lagarde Speaks,EUR,2026-02-15T04:30:00Z,None,,,,false,false
,BusinessNZ Services Index,NZD,2026-02-15T16:30:00Z,None,,51.7,50.9,false,false
,Prelim GDP Price Index y/y,JPY,2026-02-15T18:50:00Z,None,3.2%,3.4%,3.4%,false,false
,Prelim GDP q/q,JPY,2026-02-15T18:50:00Z,None,0.4%,-0.6%,0.1%,false,false
,Rightmove HPI m/m,GBP,2026-02-15T19:01:00Z,None,,2.8%,0.0%,false,false
,Revised Industrial Production m/m,JPY,2026-02-15T23:30:00Z,None,-0.1%,-0.1%,-0.1%,false,false
,Eurogroup Meetings,EUR,2026-02-16T00:00:00Z,None,,,,true,false
,Bank Holiday,CAD,2026-02-16T00:00:00Z,None,,,,true,false
,Bank Holiday,USD,2026-02-16T00:00:00Z,None,,,,true,false
,Bank Holiday,CNY,2026-02-16T00:00:00Z,None,,,,true,false
,Industrial Production m/m,EUR,2026-02-16T05:00:00Z,None,-1.5%,0.3%,-1.4%,false,false
,Housing Starts,CAD,2026-02-16T08:15:00Z,None,266K,281K,238K,false,false
,FOMC Member Bowman Speaks,USD,2026-02-16T08:25:00Z,None,,,,false,false
,Manufacturing Sales m/m,CAD,2026-02-16T08:30:00Z,None,0.5%,-1.3%,0.6%,false,false
,German Buba President Nagel Speaks,EUR,2026-02-16T12:40:00Z,None,,,,false,false
,FPI m/m,NZD,2026-02-16T16:45:00Z,None,,-0.3%,2.1%,false,false
,Monetary Policy Meeting Minutes,AUD,2026-02-16T19:30:00Z,None,,,,false,false
,Tertiary Industry Activity m/m,JPY,2026-02-16T23:30:00Z,None,-0.3%,-0.4%,-0.5%,false,false
,ECOFIN Meetings,EUR,2026-02-17T00:00:00Z,None,,,,true,false
,Bank Holiday,CNY,2026-02-17T00:00:00Z,None,,,,true,false
,Unemployment Rate,GBP,2026-02-17T02:00:00Z,None,5.2%,5.1%,5.2%,false,false
,Claimant Count Change,GBP,2026-02-17T02:00:00Z,High,22.8K,2.7K,28.6K,false,false
,Average Earnings Index 3m/y,GBP,2026-02-17T02:00:00Z,None,4.6%,4.6%,4.2%,false,false
,German Final CPI m/m,EUR,2026-02-17T02:00:00Z,None,0.1%,0.1%,0.1%,false,false
,Italian Trade Balance,EUR,2026-02-17T04:00:00Z,None,4.75B,5.06B,6.04B,false,false
,ZEW Economic Sentiment,EUR,2026-02-17T05:00:00Z,None,45.7,40.8,39.4,false,false
,German ZEW Economic Sentiment,EUR,2026-02-17T05:00:00Z,None,65.8,59.6,58.3,false,false
,ADP Weekly Employment Change,USD,2026-02-17T08:15:00Z,None,,7.8K,10.3K,false,false
,CPI m/m,CAD,2026-02-17T08:30:00Z,High,0.1%,-0.2%,0.0%,false,false
,Median CPI y/y,CAD,2026-02-17T08:30:00Z,High,2.5%,2.6%,2.5%,false,false
,Trimmed CPI y/y,CAD,2026-02-17T08:30:00Z,High,2.6%,2.7%,2.4%,false,false
,Common CPI y/y,CAD,2026-02-17T08:30:00Z,None,2.7%,2.8%,2.7%,false,false
,Foreign Securities Purchases,CAD,2026-02-17T08:30:00Z,None,14.27B,15.96B,-5.57B,false,false
,Wholesale Sales m/m,CAD,2026-02-17T08:30:00Z,None,2.0%,-1.8%,2.0%,false,false
,Empire State Manufacturing Index,USD,2026-02-17T08:30:00Z,None,6.4,7.7,7.1,false,false
,Core CPI m/m,CAD,2026-02-17T08:32:00Z,None,,-0.4%,0.2%,false,false
,Cleveland Fed Inflation Expectations,USD,2026-02-17T09:45:00Z,None,,3.3%,3.1%,false,false
,NAHB Housing Market Index,USD,2026-02-17T10:00:00Z,None,38,37,36,false,false
,GDT Price Index,NZD,2026-02-17T11:16:00Z,None,,6.7%,3.6%,false,false
,FOMC Member Barr Speaks,USD,2026-02-17T12:45:00Z,None,,,,false,false
,FOMC Member Daly Speaks,USD,2026-02-17T14:30:00Z,None,,,,false,false
,PPI Input q/q,NZD,2026-02-17T16:45:00Z,None,0.4%,0.2%,-0.5%,false,false
,PPI Output q/q,NZD,2026-02-17T16:45:00Z,None,0.6%,0.6%,0.1%,false,false
,MI Leading Index m/m,AUD,2026-02-17T18:30:00Z,None,,0.1%,-0.1%,false,false
,Trade Balance,JPY,2026-02-17T18:50:00Z,None,-0.18T,-0.06T,0.46T,false,false
,Wage Price Index q/q,AUD,2026-02-17T19:30:00Z,None,0.8%,0.8%,0.8%,false,false
,Official Cash Rate,NZD,2026-02-17T20:00:00Z,High,2.25%,2.25%,2.25%,false,false
,RBNZ Monetary Policy Statement,NZD,2026-02-17T20:00:00Z,High,,,,false,false
,RBNZ Rate Statement,NZD,2026-02-17T20:00:00Z,High,,,,false,false
,RBNZ Press Conference,NZD,2026-02-17T21:00:00Z,High,,,,false,false
,Building Permits,USD,2026-02-18T00:00:00Z,None,,1.41M,1.39M,false,false
,Housing Starts,USD,2026-02-18T00:00:00Z,None,,1.27M,1.32M,false,false
,Bank Holiday,CNY,2026-02-18T00:00:00Z,None,,,,true,false
,CPI y/y,GBP,2026-02-18T02:00:00Z,High,3.0%,3.4%,3.0%,false,false
,RPI y/y,GBP,2026-02-18T02:00:00Z,None,3.8%,4.2%,3.8%,false,false
,PPI Output m/m,GBP,2026-02-18T02:00:00Z,None,0.2%,-0.1%,0.0%,false,false
,PPI Input m/m,GBP,2026-02-18T02:00:00Z,None,0.4%,-0.5%,0.4%,false,false
,Core CPI y/y,GBP,2026-02-18T02:00:00Z,None,3.0%,3.2%,3.1%,false,false
,French Final CPI m/m,EUR,2026-02-18T02:45:00Z,None,-0.3%,-0.3%,-0.3%,false,false
,HPI y/y,GBP,2026-02-18T04:30:00Z,None,1.8%,2.8%,2.4%,false,false
,German 10-y Bond Auction,EUR,2026-02-18T05:32:00Z,None,,2.85|1.7,2.73|1.5,false,false
,Core Durable Goods Orders m/m,USD,2026-02-18T08:30:00Z,None,0.3%,0.4%,0.9%,false,false
,Durable Goods Orders m/m,USD,2026-02-18T08:30:00Z,None,-1.8%,5.4%,-1.4%,false,false
,Building Permits,USD,2026-02-18T08:30:00Z,None,1.40M,1.39M,1.45M,false,false
,Housing Starts,USD,2026-02-18T08:30:00Z,None,1.31M,1.32M,1.40M,false,false
,Capacity Utilization Rate,USD,2026-02-18T09:15:00Z,None,76.6%,75.7%,76.2%,false,false
,Industrial Production m/m,USD,2026-02-18T09:15:00Z,None,0.4%,0.2%,0.7%,false,false
,FOMC Member Bowman Speaks,USD,2026-02-18T13:00:00Z,None,,,,false,false
,FOMC Meeting Minutes,USD,2026-02-18T14:00:00Z,High,,,,false,false
,RBNZ Gov Breman Speaks,NZD,2026-02-18T14:10:00Z,High,,,,false,false
,TIC Long-Term Purchases,USD,2026-02-18T16:00:00Z,None,128.6B,206.6B,28.0B,false,false
,API Weekly Statistical Bulletin,USD,2026-02-18T16:30:00Z,None,,,,false,false
,Core Machinery Orders m/m,JPY,2026-02-18T18:50:00Z,None,5.1%,-11.0%,19.1%,false,false
,Employment Change,AUD,2026-02-18T19:30:00Z,High,20.0K,68.5K,17.8K,false,false
,Unemployment Rate,AUD,2026-02-18T19:30:00Z,High,4.2%,4.1%,4.1%,false,false
,Bank Holiday,CNY,2026-02-19T00:00:00Z,None,,,,true,false
,Current Account,EUR,2026-02-19T04:00:00Z,None,9.8B,8.9B,14.6B,false,false
,ECB Economic Bulletin,EUR,2026-02-19T04:00:00Z,None,,,,false,false
,Spanish 10-y Bond Auction,EUR,2026-02-19T04:43:00Z,None,,3.22|2.4,3.17|2.5,false,false
,German Buba Monthly Report,EUR,2026-02-19T06:00:00Z,None,,,,false,false
,CBI Industrial Order Expectations,GBP,2026-02-19T06:00:00Z,None,-28,-30,-28,false,false
,FOMC Member Bostic Speaks,USD,2026-02-19T08:20:00Z,None,,,,false,false
,NHPI m/m,CAD,2026-02-19T08:30:00Z,None,0.1%,-0.2%,-0.4%,false,false
,Trade Balance,CAD,2026-02-19T08:30:00Z,None,-2.1B,-2.6B,-1.3B,false,false
,Unemployment Claims,USD,2026-02-19T08:30:00Z,High,223K,229K,206K,false,false
,Philly Fed Manufacturing Index,USD,2026-02-19T08:30:00Z,None,7.5,12.6,16.3,false,false
,FOMC Member Bowman Speaks,USD,2026-02-19T08:30:00Z,None,,,,false,false
,Goods Trade Balance,USD,2026-02-19T08:30:00Z,None,-86.0B,-82.8B,-98.5B,false,false
,Prelim Wholesale Inventories m/m,USD,2026-02-19T08:30:00Z,None,0.2%,0.2%,0.2%,false,false
,Trade Balance,USD,2026-02-19T08:30:00Z,None,-55.5B,-53.0B,-70.3B,false,false
,FOMC Member Kashkari Speaks,USD,2026-02-19T09:00:00Z,None,,,,false,false
,Pending Home Sales m/m,USD,2026-02-19T10:00:00Z,None,1.4%,-7.4%,-0.8%,false,false
,CB Leading Index m/m,USD,2026-02-19T10:00:00Z,None,-0.2%,-0.3%,-0.2%,false,false
,Consumer Confidence,EUR,2026-02-19T10:10:00Z,None,-12,-12,-12,false,false
,FOMC Member Goolsbee Speaks,USD,2026-02-19T10:30:00Z,None,,,,false,false
,Natural Gas Storage,USD,2026-02-19T10:30:00Z,None,-148B,-249B,-144B,false,false
,Crude Oil Inventories,USD,2026-02-19T12:00:00Z,None,1.7M,8.5M,-9.0M,false,false
,President Trump Speaks,USD,2026-02-19T16:00:00Z,None,,,,false,false
,Trade Balance,NZD,2026-02-19T16:45:00Z,None,-745M,-88M,-519M,false,false
,Flash Manufacturing PMI,AUD,2026-02-19T17:00:00Z,None,,52.3,51.5,false,false
,Flash Services PMI,AUD,2026-02-19T17:00:00Z,None,,56.3,52.2,false,false
,RBNZ Gov Breman Speaks,NZD,2026-02-19T18:00:00Z,High,,,,false,false
,National Core CPI y/y,JPY,2026-02-19T18:30:00Z,None,2.0%,2.4%,2.0%,false,false
,ECB President Lagarde Speaks,EUR,2026-02-19T19:00:00Z,None,,,,false,false
,Flash Manufacturing PMI,JPY,2026-02-19T19:30:00Z,None,51.3,51.5,52.8,false,false
,New Home Sales,USD,2026-02-20T00:00:00Z,None,,737K,758K,false,false
,German PPI m/m,EUR,2026-02-20T02:00:00Z,None,0.3%,-0.2%,-0.6%,false,false
,Retail Sales m/m,GBP,2026-02-20T02:00:00Z,High,0.2%,0.4%,1.8%,false,false
,Public Sector Net Borrowing,GBP,2026-02-20T02:00:00Z,None,-24.0B,13.4B,-30.4B,false,false
,French Flash Manufacturing PMI,EUR,2026-02-20T03:15:00Z,None,50.9,51.2,49.9,false,false
,French Flash Services PMI,EUR,2026-02-20T03:15:00Z,None,49.1,48.4,49.6,false,false
,German Flash Manufacturing PMI,EUR,2026-02-20T03:30:00Z,High,49.6,49.1,50.7,false,false
,German Flash Services PMI,EUR,2026-02-20T03:30:00Z,High,52.4,52.4,53.4,false,false
,Flash Manufacturing PMI,EUR,2026-02-20T04:00:00Z,None,49.9,49.5,50.8,false,false
,Flash Services PMI,EUR,2026-02-20T04:00:00Z,None,51.9,51.6,51.8,false,false
,Flash Manufacturing PMI,GBP,2026-02-20T04:30:00Z,High,51.5,51.8,52.0,false,false
,Flash Services PMI,GBP,2026-02-20T04:30:00Z,High,53.5,54.0,53.9,false,false
,Core Retail Sales m/m,CAD,2026-02-20T08:30:00Z,None,-0.1%,1.6%,0.1%,false,false
,Retail Sales m/m,CAD,2026-02-20T08:30:00Z,None,-0.5%,1.2%,-0.4%,false,false
,IPPI m/m,CAD,2026-02-20T08:30:00Z,None,0.2%,-0.9%,2.7%,false,false
,RMPI m/m,CAD,2026-02-20T08:30:00Z,None,0.7%,0.3%,7.7%,false,false
,Advance GDP q/q,USD,2026-02-20T08:30:00Z,High,2.8%,4.4%,1.4%,false,false
,Core PCE Price Index m/m,USD,2026-02-20T08:30:00Z,High,0.3%,0.2%,0.4%,false,false
,Advance GDP Price Index q/q,USD,2026-02-20T08:30:00Z,None,2.8%,3.8%,3.6%,false,false
,Personal Income m/m,USD,2026-02-20T08:30:00Z,None,0.3%,0.4%,0.3%,false,false
,Personal Spending m/m,USD,2026-02-20T08:30:00Z,None,0.4%,0.4%,0.4%,false,false
,Flash Manufacturing PMI,USD,2026-02-20T09:45:00Z,High,52.4,52.4,51.2,false,false
,Flash Services PMI,USD,2026-02-20T09:45:00Z,High,53.0,52.7,52.3,false,false
,FOMC Member Bostic Speaks,USD,2026-02-20T09:45:00Z,None,,,,false,false
,New Home Sales,USD,2026-02-20T10:00:00Z,None,732K,758K,745K,false,false
,Revised UoM Consumer Sentiment,USD,2026-02-20T10:00:00Z,None,56.9,57.3,56.6,false,false
,Revised UoM Inflation Expectations,USD,2026-02-20T10:00:00Z,None,,3.5%,3.4%,false,false
,President Trump Speaks,USD,2026-02-20T12:45:00Z,High,,,,false,false
,FOMC Member Logan Speaks,USD,2026-02-20T12:45:00Z,None,,,,false,false
,FOMC Member Musalem Speaks,USD,2026-02-20T15:30:00Z,None,,,,false,false
,Bank Holiday,JPY,2026-02-22T00:00:00Z,None,,,,true,false
,Bank Holiday,CNY,2026-02-22T00:00:00Z,None,,,,true,false
,Retail Sales q/q,NZD,2026-02-22T16:45:00Z,None,0.6%,1.9%,0.9%,false,false
,Core Retail Sales q/q,NZD,2026-02-22T16:45:00Z,None,0.4%,1.2%,1.5%,false,false
,Credit Card Spending y/y,NZD,2026-02-22T21:00:00Z,None,,-0.2%,1.0%,false,false
,PPI m/m,CHF,2026-02-23T02:30:00Z,None,0.1%,-0.2%,-0.2%,false,false
,German ifo Business Climate,EUR,2026-02-23T04:00:00Z,None,88.4,87.6,88.6,false,false
,MPC Member Taylor Speaks,GBP,2026-02-23T06:00:00Z,None,,,,false,false
,FOMC Member Waller Speaks,USD,2026-02-23T08:00:00Z,None,,,,false,false
,Belgian NBB Business Climate,EUR,2026-02-23T08:26:00Z,None,-7.5,-8.8,-13.7,false,false
,Factory Orders m/m,USD,2026-02-23T10:00:00Z,None,-0.4%,2.7%,-0.7%,false,false
,ECB President Lagarde Speaks,EUR,2026-02-23T12:30:00Z,None,,,,false,false
,1-y Loan Prime Rate,CNY,2026-02-23T20:00:00Z,None,3.00%,3.00%,3.00%,false,false
,5-y Loan Prime Rate,CNY,2026-02-23T20:00:00Z,None,3.50%,3.50%,3.50%,false,false
,CBI Realized Sales,GBP,2026-02-24T06:00:00Z,None,-27,-17,-43,false,false
,FOMC Member Goolsbee Speaks,USD,2026-02-24T08:00:00Z,None,,,,false,false
,ADP Weekly Employment Change,USD,2026-02-24T08:15:00Z,None,,11.5K,12.8K,false,false
,FOMC Member Bostic Speaks,USD,2026-02-24T09:00:00Z,None,,,,false,false
,FOMC Member Collins Speaks,USD,2026-02-24T09:00:00Z,None,,,,false,false
,HPI m/m,USD,2026-02-24T09:00:00Z,None,0.3%,0.7%,0.1%,false,false
,S&P/CS Composite-20 HPI y/y,USD,2026-02-24T09:00:00Z,None,1.3%,1.4%,1.4%,false,false
,FOMC Member Waller Speaks,USD,2026-02-24T09:15:00Z,None,,,,false,false
,Monetary Policy Report Hearings,GBP,2026-02-24T09:15:00Z,None,,,,false,false
,FOMC Member Cook Speaks,USD,2026-02-24T09:30:00Z,None,,,,false,false
,CB Consumer Confidence,USD,2026-02-24T10:00:00Z,None,87.4,89.0,91.2,false,false
,Richmond Manufacturing Index,USD,2026-02-24T10:00:00Z,None,-8,-6,-10,false,false
,Final Wholesale Inventories m/m,USD,2026-02-24T10:00:00Z,None,0.2%,0.2%,0.2%,false,false
,SNB Chairman Schlegel Speaks,CHF,2026-02-24T12:30:00Z,None,,,,false,false
,FOMC Member Barkin Speaks,USD,2026-02-24T15:20:00Z,None,,,,false,false
,FOMC Member Collins Speaks,USD,2026-02-24T15:20:00Z,None,,,,false,false
,API Weekly Statistical Bulletin,USD,2026-02-24T16:30:00Z,None,,,,false,false
,SPPI y/y,JPY,2026-02-24T18:50:00Z,None,2.6%,2.6%,2.6%,false,false
,CPI m/m,AUD,2026-02-24T19:30:00Z,High,0.2%,1.0%,0.4%,false,false
,CPI y/y,AUD,2026-02-24T19:30:00Z,High,3.7%,3.8%,3.8%,false,false
,Trimmed Mean CPI m/m,AUD,2026-02-24T19:30:00Z,High,0.4%,0.2%,0.3%,false,false
,Construction Work Done q/q,AUD,2026-02-24T19:30:00Z,None,1.2%,0.1%,-0.1%,false,false
,President Trump Speaks,USD,2026-02-24T21:00:00Z,High,,,,false,false
,BOJ Core CPI y/y,JPY,2026-02-25T00:00:00Z,None,1.8%,1.9%,1.7%,false,false
,German Final GDP q/q,EUR,2026-02-25T02:00:00Z,None,0.3%,0.3%,0.3%,false,false
,German GfK Consumer Climate,EUR,2026-02-25T02:00:00Z,None,-23.0,-24.2,-24.7,false,false
,RBA Gov Bullock Speaks,AUD,2026-02-25T03:40:00Z,None,,,,false,false
,UBS Economic Expectations,CHF,2026-02-25T04:00:00Z,None,,-4.7,9.8,false,false
,Final Core CPI y/y,EUR,2026-02-25T05:00:00Z,None,2.2%,2.2%,2.2%,false,false
,Final CPI y/y,EUR,2026-02-25T05:00:00Z,None,1.7%,1.7%,1.7%,false,false
,Corporate Profits q/q,CAD,2026-02-25T08:30:00Z,None,,7.6%,-1.6%,false,false
,CB Leading Index m/m,CNY,2026-02-25T09:00:00Z,None,,0.0%,-0.3%,false,false
,FOMC Member Barkin Speaks,USD,2026-02-25T09:30:00Z,None,,,,false,false
,Crude Oil Inventories,USD,2026-02-25T10:30:00Z,None,1.8M,-9.0M,16.0M,false,false
,FOMC Member Schmid Speaks,USD,2026-02-25T11:00:00Z,None,,,,false,false
,FOMC Member Musalem Speaks,USD,2026-02-25T13:20:00Z,None,,,,false,false
,ANZ Business Confidence,NZD,2026-02-25T19:00:00Z,None,,64.1,59.2,false,false
,Private Capital Expenditure q/q,AUD,2026-02-25T19:30:00Z,None,-0.1%,6.4%,0.4%,false,false
,RBA Bulletin,AUD,2026-02-25T19:30:00Z,None,,,,false,false
,ECB President Lagarde Speaks,EUR,2026-02-26T03:30:00Z,None,,,,false,false
,M3 Money Supply y/y,EUR,2026-02-26T04:00:00Z,None,2.9%,2.8%,3.3%,false,false
,Private Loans y/y,EUR,2026-02-26T04:00:00Z,None,3.1%,3.0%,3.0%,false,false
,MPC Member Lombardelli Speaks,GBP,2026-02-26T04:00:00Z,None,,,,false,false
,Italian 10-y Bond Auction,EUR,2026-02-26T05:06:00Z,None,,3.44|1.6,3.31|1.5,false,false
,Current Account,CAD,2026-02-26T08:30:00Z,None,-8.2B,-5.3B,-0.7B,false,false
,Unemployment Claims,USD,2026-02-26T08:30:00Z,High,217K,208K,212K,false,false
,FOMC Member Bowman Speaks,USD,2026-02-26T10:00:00Z,None,,,,false,false
,Natural Gas Storage,USD,2026-02-26T10:30:00Z,None,-36B,-144B,-52B,false,false
,Tokyo Core CPI y/y,JPY,2026-02-26T18:30:00Z,None,1.7%,2.0%,1.8%,false,false
,Prelim Industrial Production m/m,JPY,2026-02-26T18:50:00Z,None,5.5%,-0.1%,2.2%,false,false
,Retail Sales y/y,JPY,2026-02-26T18:50:00Z,None,0.1%,-0.9%,1.8%,false,false
,GfK Consumer Confidence,GBP,2026-02-26T19:01:00Z,None,-15,-16,-19,false,false
,Private Sector Credit m/m,AUD,2026-02-26T19:30:00Z,None,0.7%,0.8%,0.5%,false,false
,Construction Spending m/m,USD,2026-02-27T00:00:00Z,None,,-0.1%,-0.2%,false,false
,Housing Starts y/y,JPY,2026-02-27T00:00:00Z,None,-1.9%,-1.3%,-0.4%,false,false
,German Prelim CPI m/m,EUR,2026-02-27T00:00:00Z,None,0.5%,0.1%,0.2%,true,false
,German Import Prices m/m,EUR,2026-02-27T02:00:00Z,None,0.6%,-0.1%,1.1%,false,false
,French Consumer Spending m/m,EUR,2026-02-27T02:45:00Z,None,0.4%,-0.5%,0.5%,false,false
,French Prelim CPI m/m,EUR,2026-02-27T02:45:00Z,None,0.5%,-0.3%,0.7%,false,false
,French Prelim GDP q/q,EUR,2026-02-27T02:45:00Z,None,0.2%,0.2%,0.2%,false,false
,French Final Private Payrolls q/q,EUR,2026-02-27T02:48:00Z,None,-0.1%,-0.1%,-0.1%,false,false
,Spanish Flash CPI y/y,EUR,2026-02-27T03:00:00Z,None,2.2%,2.3%,2.3%,false,false
,KOF Economic Barometer,CHF,2026-02-27T03:00:00Z,None,103.0,103.3,104.2,false,false
,GDP q/q,CHF,2026-02-27T03:00:00Z,None,0.2%,-0.4%,0.1%,false,false
,German Unemployment Change,EUR,2026-02-27T03:55:00Z,None,2K,1K,1K,false,false
,MPC Member Pill Speaks,GBP,2026-02-27T08:00:00Z,None,,,,false,false
,GDP m/m,CAD,2026-02-27T08:30:00Z,High,0.1%,0.0%,0.2%,false,false
,Core PPI m/m,USD,2026-02-27T08:30:00Z,High,0.3%,0.6%,0.8%,false,false
,PPI m/m,USD,2026-02-27T08:30:00Z,High,0.3%,0.4%,0.5%,false,false
,Chicago PMI,USD,2026-02-27T09:45:00Z,None,52.0,54.0,57.7,false,false
,Construction Spending m/m,USD,2026-02-27T10:00:00Z,None,0.2%,-0.2%,0.3%,false,false
,Foreign Direct Investment ytd/y,CNY,2026-02-28T05:47:00Z,None,,-9.5%,-5.7%,false,false
,German Buba President Nagel Speaks,EUR,2026-03-01T10:00:00Z,None,,,,false,false
,MI Inflation Gauge m/m,AUD,2026-03-01T19:00:00Z,None,,0.2%,-0.2%,false,false
,ANZ Job Advertisements m/m,AUD,2026-03-01T19:30:00Z,None,,5.2%,3.2%,false,false
,Company Operating Profits q/q,AUD,2026-03-01T19:30:00Z,None,1.8%,1.5%,5.8%,false,false
,Final Manufacturing PMI,JPY,2026-03-01T19:30:00Z,None,52.8,52.8,53.0,false,false
,Commodity Prices y/y,AUD,2026-03-02T00:30:00Z,None,,2.8%,3.4%,false,false
,German Retail Sales m/m,EUR,2026-03-02T02:00:00Z,None,0.0%,1.2%,-0.9%,false,false
,Nationwide HPI m/m,GBP,2026-03-02T02:00:00Z,None,0.2%,0.3%,0.3%,false,false
,Retail Sales y/y,CHF,2026-03-02T02:30:00Z,None,2.7%,2.8%,-1.1%,false,false
,Spanish Manufacturing PMI,EUR,2026-03-02T03:15:00Z,None,49.9,49.2,50.0,false,false
,Manufacturing PMI,CHF,2026-03-02T03:30:00Z,None,49.8,48.8,47.4,false,false
,Italian Manufacturing PMI,EUR,2026-03-02T03:45:00Z,None,49.1,48.1,50.6,false,false
,French Final Manufacturing PMI,EUR,2026-03-02T03:50:00Z,None,49.9,49.9,50.1,false,false
,German Final Manufacturing PMI,EUR,2026-03-02T03:55:00Z,None,50.7,50.7,50.9,false,false
,Final Manufacturing PMI,EUR,2026-03-02T04:00:00Z,None,50.8,50.8,50.8,false,false
,Mortgage Approvals,GBP,2026-03-02T04:30:00Z,None,62K,61K,60K,false,false
,M4 Money Supply m/m,GBP,2026-03-02T04:30:00Z,None,0.2%,0.4%,-0.1%,false,false
,Final Manufacturing PMI,GBP,2026-03-02T04:30:00Z,None,52.0,52.0,51.7,false,false
,Net Lending to Individuals m/m,GBP,2026-03-02T04:30:00Z,None,6.2B,6.1B,5.9B,false,false
,MPC Member Taylor Speaks,GBP,2026-03-02T07:30:00Z,None,,,,false,false
,RBA Assist Gov Hunter Speaks,AUD,2026-03-02T07:30:00Z,None,,,,false,false
,ECB President Lagarde Speaks,EUR,2026-03-02T09:00:00Z,None,,,,false,false
,Gov Council Member Kozicki Speaks,CAD,2026-03-02T09:00:00Z,None,,,,false,false
,German Buba President Nagel Speaks,EUR,2026-03-02T09:10:00Z,None,,,,false,false
,Manufacturing PMI,CAD,2026-03-02T09:30:00Z,None,,50.4,51.0,false,false
,Final Manufacturing PMI,USD,2026-03-02T09:45:00Z,None,51.2,51.2,51.6,false,false
,ISM Manufacturing PMI,USD,2026-03-02T10:00:00Z,High,51.7,52.6,52.4,false,false
,ISM Manufacturing Prices,USD,2026-03-02T10:00:00Z,None,60.6,59.0,70.5,false,false
,MPC Member Ramsden Speaks,GBP,2026-03-02T10:30:00Z,None,,,,false,false
,President Trump Speaks,USD,2026-03-02T11:00:00Z,None,,,,false,false
,RBA Gov Bullock Speaks,AUD,2026-03-02T16:10:00Z,High,,,,false,false
,Building Consents m/m,NZD,2026-03-02T16:45:00Z,None,,-4.5%,1.9%,false,false
,Unemployment Rate,JPY,2026-03-02T18:30:00Z,None,2.6%,2.6%,2.7%,false,false
,Capital Spending q/y,JPY,2026-03-02T18:50:00Z,None,3.0%,2.9%,6.5%,false,false
,Monetary Base y/y,JPY,2026-03-02T18:50:00Z,None,-9.8%,-9.5%,-10.6%,false,false
,BRC Shop Price Index y/y,GBP,2026-03-02T19:01:00Z,None,1.4%,1.5%,1.1%,false,false
,Building Approvals m/m,AUD,2026-03-02T19:30:00Z,None,5.4%,-14.9%,-7.2%,false,false
,Current Account,AUD,2026-03-02T19:30:00Z,None,-16.8B,-18.3B,-21.1B,false,false
,10-y Bond Auction,JPY,2026-03-02T22:35:00Z,None,,2.25|3.0,2.12|3.3,false,false
,BOJ Gov Ueda Speaks,JPY,2026-03-02T23:00:00Z,High,,,,false,false
,Omdia Total Vehicle Sales,USD,2026-03-03T00:00:00Z,None,15.4M,14.9M,15.8M,true,false
,French Gov Budget Balance,EUR,2026-03-03T02:45:00Z,None,,-124.7B,-9.7B,false,false
,Spanish Unemployment Change,EUR,2026-03-03T03:00:00Z,None,26.7K,30.4K,3.6K,false,false
,Core CPI Flash Estimate y/y,EUR,2026-03-03T05:00:00Z,None,2.2%,2.2%,2.4%,false,false
,CPI Flash Estimate y/y,EUR,2026-03-03T05:00:00Z,None,1.7%,1.7%,1.9%,false,false
,Italian Prelim CPI m/m,EUR,2026-03-03T05:00:00Z,None,0.3%,0.4%,0.8%,false,false
,Annual Budget Release,GBP,2026-03-03T07:30:00Z,High,,,,false,false
,FOMC Member Bowman Speaks,USD,2026-03-03T08:30:00Z,None,,,,false,false
,FOMC Member Williams Speaks,USD,2026-03-03T09:55:00Z,None,,,,false,false
,RCM/TIPP Economic Optimism,USD,2026-03-03T10:01:00Z,None,50.1,48.8,47.5,false,false
,FOMC Member Schmid Speaks,USD,2026-03-03T10:10:00Z,None,,,,false,false
,GDT Price Index,NZD,2026-03-03T10:26:00Z,None,,3.6%,5.7%,false,false
,FOMC Member Kashkari Speaks,USD,2026-03-03T11:45:00Z,None,,,,false,false
,API Weekly Statistical Bulletin,USD,2026-03-03T16:30:00Z,None,,,,false,false
,Overseas Trade Index q/q,NZD,2026-03-03T16:45:00Z,None,-0.1%,-2.1%,3.7%,false,false
,ANZ Commodity Prices m/m,NZD,2026-03-03T19:00:00Z,None,,2.0%,4.2%,false,false
,GDP q/q,AUD,2026-03-03T19:30:00Z,High,0.7%,0.5%,0.8%,false,false
,Non-Manufacturing PMI,CNY,2026-03-03T20:30:00Z,None,49.7,49.4,49.5,false,false
,Manufacturing PMI,CNY,2026-03-03T20:30:00Z,None,49.2,49.3,49.0,false,false
,RatingDog Manufacturing PMI,CNY,2026-03-03T20:45:00Z,None,50.1,50.3,52.1,false,false
,RatingDog Services PMI,CNY,2026-03-03T20:45:00Z,None,52.3,52.3,56.7,false,false
,Consumer Confidence,JPY,2026-03-04T00:00:00Z,None,38.2,37.9,40.0,false,false
,CPI m/m,CHF,2026-03-04T02:30:00Z,None,0.5%,-0.1%,0.6%,false,false
,Spanish Services PMI,EUR,2026-03-04T03:15:00Z,None,52.9,53.5,51.9,false,false
,Italian Services PMI,EUR,2026-03-04T03:45:00Z,None,52.6,52.9,52.3,false,false
,French Final Services PMI,EUR,2026-03-04T03:50:00Z,None,49.6,49.6,49.6,false,false
,German Final Services PMI,EUR,2026-03-04T03:55:00Z,None,53.4,53.4,53.5,false,false
,Gov Board Member Martin Speaks,CHF,2026-03-04T04:00:00Z,None,,,,false,false
,Final Services PMI,EUR,2026-03-04T04:00:00Z,None,51.8,51.8,51.9,false,false
,Italian Monthly Unemployment Rate,EUR,2026-03-04T04:00:00Z,None,5.6%,5.5%,5.1%,false,false
,Final Services PMI,GBP,2026-03-04T04:30:00Z,None,53.9,53.9,53.9,false,false
,PPI m/m,EUR,2026-03-04T05:00:00Z,None,0.2%,-0.3%,0.7%,false,false
,Unemployment Rate,EUR,2026-03-04T05:00:00Z,None,6.2%,6.3%,6.1%,false,false
,ADP Non-Farm Employment Change,USD,2026-03-04T08:15:00Z,High,50K,11K,63K,false,false
,Labor Productivity q/q,CAD,2026-03-04T08:30:00Z,None,-0.1%,1.1%,-0.1%,false,false
,Final Services PMI,USD,2026-03-04T09:45:00Z,None,52.4,52.3,51.7,false,false
,ISM Services PMI,USD,2026-03-04T10:00:00Z,High,53.5,53.8,56.1,false,false
,BOC Gov Macklem Speaks,CAD,2026-03-04T10:30:00Z,None,,,,false,false
,Crude Oil Inventories,USD,2026-03-04T10:30:00Z,None,3.0M,16.0M,3.5M,false,false
,Beige Book,USD,2026-03-04T14:00:00Z,None,,,,false,false
,Goods Trade Balance,AUD,2026-03-04T19:30:00Z,None,3.78B,3.37B,2.63B,false,false
,Household Spending m/m,AUD,2026-03-04T19:30:00Z,None,0.4%,-0.5%,0.3%,false,false
,30-y Bond Auction,JPY,2026-03-04T22:35:00Z,None,,3.62|3.6,3.40|3.7,false,false
,French Industrial Production m/m,EUR,2026-03-05T02:45:00Z,None,0.4%,-0.5%,0.5%,false,false
,Unemployment Rate,CHF,2026-03-05T03:00:00Z,None,2.9%,2.9%,3.0%,false,false
,Italian Retail Sales m/m,EUR,2026-03-05T04:00:00Z,None,-0.1%,-0.7%,0.6%,false,false
,Construction PMI,GBP,2026-03-05T04:30:00Z,None,47.0,46.4,44.5,false,false
,French 10-y Bond Auction,EUR,2026-03-05T04:59:00Z,None,,3.45|2.4,3.39|2.2,false,false
,German Buba President Nagel Speaks,EUR,2026-03-05T05:00:00Z,None,,,,false,false
,Retail Sales m/m,EUR,2026-03-05T05:00:00Z,None,0.3%,0.1%,-0.1%,false,false
,ECB Monetary Policy Meeting Accounts,EUR,2026-03-05T07:30:00Z,None,,,,false,false
,Challenger Job Cuts y/y,USD,2026-03-05T07:30:00Z,None,,117.8%,-71.9%,false,false
,Unemployment Claims,USD,2026-03-05T08:30:00Z,High,215K,213K,213K,false,false
,Import Prices m/m,USD,2026-03-05T08:30:00Z,None,0.3%,0.2%,0.2%,false,false
,Prelim Nonfarm Productivity q/q,USD,2026-03-05T08:30:00Z,None,1.9%,5.2%,2.8%,false,false
,Prelim Unit Labor Costs q/q,USD,2026-03-05T08:30:00Z,None,2.0%,-1.8%,2.8%,false,false
,Natural Gas Storage,USD,2026-03-05T10:30:00Z,None,-122B,-52B,-132B,false,false
,ECB President Lagarde Speaks,EUR,2026-03-05T12:00:00Z,None,,,,false,false
,FOMC Member Bowman Speaks,USD,2026-03-05T13:00:00Z,None,,,,false,false
,FOMC Member Goolsbee Speaks,USD,2026-03-05T19:00:00Z,None,,,,false,false
,Lloyds HPI m/m,GBP,2026-03-06T02:00:00Z,None,0.3%,0.8%,0.3%,false,false
,Foreign Currency Reserves,CHF,2026-03-06T03:00:00Z,None,,712B,710B,false,false
,Final Employment Change q/q,EUR,2026-03-06T05:00:00Z,None,0.2%,0.2%,0.2%,false,false
,Revised GDP q/q,EUR,2026-03-06T05:00:00Z,None,0.3%,0.3%,0.2%,false,false
,FOMC Member Waller Speaks,USD,2026-03-06T07:30:00Z,None,,,,false,false
,Average Hourly Earnings m/m,USD,2026-03-06T08:30:00Z,High,0.3%,0.4%,0.4%,false,false
,Core Retail Sales m/m,USD,2026-03-06T08:30:00Z,High,0.1%,0.0%,0.0%,false,false
,Non-Farm Employment Change,USD,2026-03-06T08:30:00Z,High,58K,126K,-92K,false,false
,Retail Sales m/m,USD,2026-03-06T08:30:00Z,High,-0.3%,0.0%,-0.2%,false,false
,Unemployment Rate,USD,2026-03-06T08:30:00Z,High,4.3%,4.3%,4.4%,false,false
,FOMC Member Daly Speaks,USD,2026-03-06T08:30:00Z,None,,,,false,false
,FOMC Member Goolsbee Speaks,USD,2026-03-06T09:50:00Z,None,,,,false,false
,Ivey PMI,CAD,2026-03-06T10:00:00Z,None,51.1,50.9,56.6,false,false
,Business Inventories m/m,USD,2026-03-06T10:00:00Z,None,0.1%,0.0%,0.1%,false,false
,FOMC Member Paulson Speaks,USD,2026-03-06T10:15:00Z,None,,,,false,false
,FOMC Member Daly Speaks,USD,2026-03-06T10:15:00Z,None,,,,false,false
,FOMC Member Schmid Speaks,USD,2026-03-06T11:30:00Z,None,,,,false,false
,FOMC Member Miran Speaks,USD,2026-03-06T11:30:00Z,None,,,,false,false
,FOMC Member Collins Speaks,USD,2026-03-06T13:20:00Z,None,,,,false,false
,FOMC Member Hammack Speaks,USD,2026-03-06T13:30:00Z,None,,,,false,false
,RBA Deputy Gov Hauser Speaks,AUD,2026-03-06T13:30:00Z,None,,,,false,false
,Consumer Credit m/m,USD,2026-03-06T15:00:00Z,None,12.4B,25.2B,8.0B,false,false
,FOMC Member Hammack Speaks,USD,2026-03-06T15:10:00Z,None,,,,false,false
,Daylight Saving Time Shift,CAD,2026-03-08T03:00:00Z,None,,,,false,false
,Daylight Saving Time Shift,USD,2026-03-08T03:00:00Z,None,,,,false,false
,Average Cash Earnings y/y,JPY,2026-03-08T19:30:00Z,None,2.5%,2.4%,3.0%,false,false
,Bank Lending y/y,JPY,2026-03-08T19:50:00Z,None,4.4%,4.4%,4.5%,false,false
,Current Account,JPY,2026-03-08T19:50:00Z,None,3.19T,2.70T,3.15T,false,false
,CPI y/y,CNY,2026-03-08T21:30:00Z,None,0.9%,0.2%,1.3%,false,false
,PPI y/y,CNY,2026-03-08T21:30:00Z,None,-1.1%,-1.4%,-0.9%,false,false
,Eurogroup Meetings,EUR,2026-03-09T00:00:00Z,None,,,,true,false
,Leading Indicators,JPY,2026-03-09T01:00:00Z,None,113.0%,111.0%,112.4%,false,false
,Economy Watchers Sentiment,JPY,2026-03-09T02:00:00Z,None,48.1,47.6,48.9,false,false
,German Industrial Production m/m,EUR,2026-03-09T03:00:00Z,None,1.0%,-1.0%,-0.5%,false,false
,German Factory Orders m/m,EUR,2026-03-09T03:00:00Z,None,-4.2%,6.4%,-11.1%,false,false
,SECO Consumer Climate,CHF,2026-03-09T04:00:00Z,None,-29,-30,-30,false,false
,Sentix Investor Confidence,EUR,2026-03-09T05:30:00Z,None,-3.1,4.2,-3.1,false,false
,President Trump Speaks,USD,2026-03-09T17:30:00Z,None,,,,false,false
,Household Spending y/y,JPY,2026-03-09T19:30:00Z,None,2.4%,-2.6%,-1.0%,false,false
,Westpac Consumer Sentiment,AUD,2026-03-09T19:30:00Z,None,,-2.6%,1.2%,false,false
,M2 Money Stock y/y,JPY,2026-03-09T19:50:00Z,None,1.5%,1.6%,1.7%,false,false
,Final GDP Price Index y/y,JPY,2026-03-09T19:50:00Z,None,3.4%,3.4%,3.4%,false,false
,Final GDP q/q,JPY,2026-03-09T19:50:00Z,None,0.3%,0.1%,0.3%,false,false
,BRC Retail Sales Monitor y/y,GBP,2026-03-09T20:01:00Z,None,2.0%,2.3%,0.7%,false,false
,NAB Business Confidence,AUD,2026-03-09T20:30:00Z,None,,4,-1,false,false
,USD-Denominated Trade Balance,CNY,2026-03-09T23:01:00Z,None,177.4B,114.1B,213.6B,false,false
,Trade Balance,CNY,2026-03-09T23:02:00Z,None,1250B,809B,1503B,false,false
,ADP Weekly Employment Change,USD,2026-03-10T00:00:00Z,None,,12.0K,15.5K,false,false
,ECOFIN Meetings,EUR,2026-03-10T00:00:00Z,None,,,,true,false
,Prelim Machine Tool Orders y/y,JPY,2026-03-10T02:00:00Z,None,,25.3%,24.2%,false,false
,German Trade Balance,EUR,2026-03-10T03:00:00Z,None,15.4B,17.4B,21.2B,false,false
,French Trade Balance,EUR,2026-03-10T03:45:00Z,None,-5.2B,-4.3B,-1.8B,false,false
,NFIB Small Business Index,USD,2026-03-10T06:00:00Z,None,99.6,99.3,98.8,false,false
,ADP Weekly Employment Change,USD,2026-03-10T08:15:00Z,None,,15.5K,15.5K,false,false
,Existing Home Sales,USD,2026-03-10T10:00:00Z,None,3.89M,4.02M,4.09M,false,false
,API Weekly Statistical Bulletin,USD,2026-03-10T16:30:00Z,None,,,,false,false
,PPI y/y,JPY,2026-03-10T19:50:00Z,None,2.2%,2.3%,2.0%,false,false
,German Final CPI m/m,EUR,2026-03-11T03:00:00Z,None,0.2%,0.2%,0.2%,false,false
,MPC Member Breeden Speaks,GBP,2026-03-11T06:00:00Z,None,,,,false,false
,German 10-y Bond Auction,EUR,2026-03-11T06:33:00Z,None,,2.73|1.5,2.89|1.2,false,false
,Core CPI m/m,USD,2026-03-11T08:30:00Z,High,0.2%,0.3%,0.2%,false,false
,CPI m/m,USD,2026-03-11T08:30:00Z,High,0.3%,0.2%,0.3%,false,false
,CPI y/y,USD,2026-03-11T08:30:00Z,High,2.4%,2.4%,2.4%,false,false
,FOMC Member Bowman Speaks,USD,2026-03-11T08:30:00Z,None,,,,false,false
,Core CPI y/y,USD,2026-03-11T08:30:00Z,High,2.5%,2.5%,2.5%,false,false
,Crude Oil Inventories,USD,2026-03-11T10:30:00Z,None,2.8M,3.5M,3.8M,false,false
,10-y Bond Auction,USD,2026-03-11T13:01:00Z,None,,4.18|2.4,4.22|2.4,false,false
,Federal Budget Balance,USD,2026-03-11T14:00:00Z,None,-304.4B,-94.6B,-307.5B,false,false
,President Trump Speaks,USD,2026-03-11T16:25:00Z,None,,,,false,false
,Manufacturing Sales q/q,NZD,2026-03-11T17:45:00Z,None,,2.6%,0.6%,false,false
,BSI Manufacturing Index,JPY,2026-03-11T19:50:00Z,None,5.3,4.7,3.8,false,false
,MI Inflation Expectations,AUD,2026-03-11T20:00:00Z,None,,5.0%,5.2%,false,false
,RICS House Price Balance,GBP,2026-03-11T20:01:00Z,None,-8%,-10%,-12%,false,false
,Italian Quarterly Unemployment Rate,EUR,2026-03-12T05:00:00Z,None,6.1%,6.0%,5.6%,false,false
,BOE Gov Bailey Speaks,GBP,2026-03-12T05:30:00Z,None,,,,false,false
,Trade Balance,USD,2026-03-12T08:30:00Z,None,-66.6B,-72.9B,-54.5B,false,false
,Housing Starts,USD,2026-03-12T08:30:00Z,None,1.34M,1.39M,1.49M,false,false
,Trade Balance,CAD,2026-03-12T08:30:00Z,None,-1.1B,-1.3B,-3.6B,false,false
,Wholesale Sales m/m,CAD,2026-03-12T08:30:00Z,None,-0.6%,1.8%,-1.0%,false,false
,Unemployment Claims,USD,2026-03-12T08:30:00Z,High,214K,214K,213K,false,false
,Building Permits,USD,2026-03-12T08:30:00Z,None,1.42M,1.45M,1.38M,false,false
,Goods Trade Balance,USD,2026-03-12T08:30:00Z,None,,-98.5B,-80.8B,false,false
,Building Permits m/m,CAD,2026-03-12T08:30:00Z,None,-2.0%,6.1%,4.8%,false,false
,CB Leading Index m/m,GBP,2026-03-12T09:30:00Z,None,,0.0%,0.0%,false,false
,Natural Gas Storage,USD,2026-03-12T10:30:00Z,None,-42B,-132B,-38B,false,false
,FOMC Member Bowman Speaks,USD,2026-03-12T11:00:00Z,None,,,,false,false
,30-y Bond Auction,USD,2026-03-12T13:01:00Z,None,,4.75|2.7,4.87|2.5,false,false
,BusinessNZ Manufacturing Index,NZD,2026-03-12T17:30:00Z,None,,55.1,55.0,false,false
,Visitor Arrivals m/m,NZD,2026-03-12T17:45:00Z,None,,1.6%,0.9%,false,false
,Construction Output m/m,GBP,2026-03-13T03:00:00Z,None,0.0%,-0.5%,0.2%,false,false
,German WPI m/m,EUR,2026-03-13T03:00:00Z,None,0.3%,0.9%,0.6%,false,false
,Manufacturing Production m/m,GBP,2026-03-13T03:00:00Z,None,0.2%,-0.5%,0.1%,false,false
,Industrial Production m/m,GBP,2026-03-13T03:00:00Z,None,0.3%,-0.9%,-0.1%,false,false
,Index of Services 3m/3m,GBP,2026-03-13T03:00:00Z,None,0.3%,0.0%,0.2%,false,false
,Goods Trade Balance,GBP,2026-03-13T03:00:00Z,None,-22.2B,-22.7B,-14.4B,false,false
,GDP m/m,GBP,2026-03-13T03:00:00Z,High,0.2%,0.1%,0.0%,false,false
,French Final CPI m/m,EUR,2026-03-13T03:45:00Z,None,0.7%,0.7%,0.6%,false,false
,Italian Industrial Production m/m,EUR,2026-03-13T05:00:00Z,None,0.4%,-0.5%,-0.6%,false,false
,M2 Money Supply y/y,CNY,2026-03-13T05:02:00Z,None,8.9%,9.0%,9.0%,false,false
,New Loans,CNY,2026-03-13T05:03:00Z,None,865B,4710B,900B,false,false
,Consumer Inflation Expectations,GBP,2026-03-13T05:30:00Z,None,,3.5%,3.2%,false,false
,Industrial Production m/m,EUR,2026-03-13T06:00:00Z,None,0.6%,-0.5%,-1.5%,false,false
,Core Durable Goods Orders m/m,USD,2026-03-13T08:30:00Z,None,0.5%,1.0%,0.4%,false,false
,Personal Spending m/m,USD,2026-03-13T08:30:00Z,None,0.3%,0.4%,0.4%,false,false
,Personal Income m/m,USD,2026-03-13T08:30:00Z,None,0.5%,0.3%,0.4%,false,false
,Prelim GDP Price Index q/q,USD,2026-03-13T08:30:00Z,None,3.6%,3.6%,3.8%,false,false
,Durable Goods Orders m/m,USD,2026-03-13T08:30:00Z,None,1.1%,-0.9%,0.0%,false,false
,Prelim GDP q/q,USD,2026-03-13T08:30:00Z,High,1.4%,1.4%,0.7%,false,false
,Core PCE Price Index m/m,USD,2026-03-13T08:30:00Z,High,0.4%,0.4%,0.4%,false,false
,Manufacturing Sales m/m,CAD,2026-03-13T08:30:00Z,None,-3.3%,0.4%,-3.0%,false,false
,Capacity Utilization Rate,CAD,2026-03-13T08:30:00Z,None,78.4%,78.9%,78.5%,false,false
,Unemployment Rate,CAD,2026-03-13T08:30:00Z,High,6.6%,6.5%,6.7%,false,false
,Employment Change,CAD,2026-03-13T08:30:00Z,High,10.3K,-24.8K,-83.9K,false,false
,Prelim UoM Inflation Expectations,USD,2026-03-13T10:00:00Z,None,,3.4%,3.4%,false,false
,Prelim UoM Consumer Sentiment,USD,2026-03-13T10:00:00Z,None,55.0,56.6,55.5,false,false
,JOLTS Job Openings,USD,2026-03-13T10:00:00Z,High,6.76M,6.55M,6.95M,false,false
,BusinessNZ Services Index,NZD,2026-03-15T17:30:00Z,None,,50.7,48.0,false,false
,Rightmove HPI m/m,GBP,2026-03-15T19:54:00Z,None,,0.0%,0.8%,false,false
,New Home Prices m/m,CNY,2026-03-15T21:30:00Z,None,,-0.37%,-0.28%,false,false
,Retail Sales y/y,CNY,2026-03-15T22:00:00Z,None,2.6%,0.9%,2.8%,false,false
,Industrial Production y/y,CNY,2026-03-15T22:00:00Z,None,5.3%,5.2%,6.3%,false,false
,Unemployment Rate,CNY,2026-03-15T22:00:00Z,None,5.1%,5.1%,5.3%,false,false
,NBS Press Conference,CNY,2026-03-15T22:00:00Z,None,,,,false,false
,Fixed Asset Investment ytd/y,CNY,2026-03-15T22:00:00Z,None,-5.0%,-3.8%,1.8%,false,false
,Housing Starts,CAD,2026-03-16T08:15:00Z,None,243K,240K,251K,false,false
,Median CPI y/y,CAD,2026-03-16T08:30:00Z,High,2.4%,2.5%,2.3%,false,false
,Common CPI y/y,CAD,2026-03-16T08:30:00Z,None,2.6%,2.7%,2.4%,false,false
,Trimmed CPI y/y,CAD,2026-03-16T08:30:00Z,High,2.4%,2.4%,2.3%,false,false
,Empire State Manufacturing Index,USD,2026-03-16T08:30:00Z,None,4.0,7.1,-0.2,false,false
,CPI m/m,CAD,2026-03-16T08:30:00Z,High,0.7%,0.0%,0.5%,false,false
,Core CPI m/m,CAD,2026-03-16T08:32:00Z,None,,0.2%,0.4%,false,false
,Industrial Production m/m,USD,2026-03-16T09:15:00Z,None,0.1%,0.7%,0.2%,false,false
,Capacity Utilization Rate,USD,2026-03-16T09:15:00Z,None,76.2%,76.3%,76.3%,false,false
,NAHB Housing Market Index,USD,2026-03-16T10:00:00Z,None,37,37,38,false,false
,President Trump Speaks,USD,2026-03-16T11:30:00Z,None,,,,false,false
,FPI m/m,NZD,2026-03-16T17:45:00Z,None,,2.1%,-0.1%,false,false
,RBA Rate Statement,AUD,2026-03-16T23:30:00Z,High,,,,false,false
,Cash Rate,AUD,2026-03-16T23:30:00Z,High,4.10%,3.85%,4.10%,false,false
,RBA Press Conference,AUD,2026-03-17T00:30:00Z,High,,,,false,false
,Tertiary Industry Activity m/m,JPY,2026-03-17T00:30:00Z,None,0.9%,-0.8%,1.7%,false,false
,PPI m/m,CHF,2026-03-17T03:30:00Z,None,0.0%,-0.2%,-0.3%,false,false
,German ZEW Economic Sentiment,EUR,2026-03-17T06:00:00Z,None,39.0,58.3,-0.5,false,false
,ZEW Economic Sentiment,EUR,2026-03-17T06:00:00Z,None,26.5,39.4,-8.5,false,false
,ADP Weekly Employment Change,USD,2026-03-17T08:15:00Z,None,,14.8K,9.0K,false,false
,Pending Home Sales m/m,USD,2026-03-17T10:00:00Z,None,-0.6%,-1.0%,1.8%,false,false
,CB Leading Index m/m,AUD,2026-03-17T10:25:00Z,None,,0.3%,0.2%,false,false
,German Buba President Nagel Speaks,EUR,2026-03-17T11:15:00Z,None,,,,false,false
,GDT Price Index,NZD,2026-03-17T11:18:00Z,None,,5.7%,0.1%,false,false
,Westpac Consumer Sentiment,NZD,2026-03-17T15:05:00Z,None,,96.5,94.7,false,false
,API Weekly Statistical Bulletin,USD,2026-03-17T16:30:00Z,None,,,,false,false
,Current Account,NZD,2026-03-17T17:45:00Z,None,-4.78B,-8.36B,-5.98B,false,false
,MI Leading Index m/m,AUD,2026-03-17T19:30:00Z,None,,0.0%,-0.1%,false,false
,Trade Balance,JPY,2026-03-17T19:50:00Z,None,-0.62T,0.50T,-0.37T,false,false
,SECO Economic Forecasts,CHF,2026-03-18T04:00:00Z,None,,,,false,false
,Final Core CPI y/y,EUR,2026-03-18T06:00:00Z,None,2.4%,2.4%,2.4%,false,false
,Final CPI y/y,EUR,2026-03-18T06:00:00Z,None,1.9%,1.9%,1.9%,false,false
,German 30-y Bond Auction,EUR,2026-03-18T06:34:00Z,None,,3.47|1.6,3.45|1.7,false,false
,Foreign Securities Purchases,CAD,2026-03-18T08:30:00Z,None,4.72B,-5.84B,46.73B,false,false
,Core PPI m/m,USD,2026-03-18T08:30:00Z,High,0.3%,0.8%,0.5%,false,false
,PPI m/m,USD,2026-03-18T08:30:00Z,High,0.3%,0.5%,0.7%,false,false
,BOC Rate Statement,CAD,2026-03-18T09:45:00Z,High,,,,false,false
,Overnight Rate,CAD,2026-03-18T09:45:00Z,High,2.25%,2.25%,2.25%,false,false
,Factory Orders m/m,USD,2026-03-18T10:00:00Z,None,0.1%,-0.7%,0.1%,false,false
,BOC Press Conference,CAD,2026-03-18T10:30:00Z,High,,,,false,false
,Crude Oil Inventories,USD,2026-03-18T10:30:00Z,None,-1.5M,3.8M,6.2M,false,false
,Federal Funds Rate,USD,2026-03-18T14:00:00Z,High,3.75%,3.75%,3.75%,false,false
,FOMC Economic Projections,USD,2026-03-18T14:00:00Z,High,,,,false,false
,FOMC Statement,USD,2026-03-18T14:00:00Z,High,,,,false,false
,FOMC Press Conference,USD,2026-03-18T14:30:00Z,High,,,,false,false
,TIC Long-Term Purchases,USD,2026-03-18T16:00:00Z,None,71.6B,96.5B,15.5B,false,false
,GDP q/q,NZD,2026-03-18T17:45:00Z,High,0.5%,0.9%,0.2%,false,false
,Core Machinery Orders m/m,JPY,2026-03-18T19:50:00Z,None,-9.6%,19.1%,-5.5%,false,false
,Employment Change,AUD,2026-03-18T20:30:00Z,High,20.8K,26.1K,48.9K,false,false
,Unemployment Rate,AUD,2026-03-18T20:30:00Z,High,4.1%,4.1%,4.3%,false,false
,RBA Financial Stability Review,AUD,2026-03-18T20:30:00Z,None,,,,false,false
,BOJ Policy Rate,JPY,2026-03-18T22:46:00Z,High,<0.75%,<0.75%,<0.75%,false,false
,Monetary Policy Statement,JPY,2026-03-18T22:46:00Z,High,,,,false,false
,Euro Summit,EUR,2026-03-19T00:00:00Z,None,,,,true,false
,Bank Holiday,JPY,2026-03-19T00:00:00Z,None,,,,true,false
,Revised Industrial Production m/m,JPY,2026-03-19T00:30:00Z,None,2.2%,2.2%,4.3%,false,false
,BOJ Press Conference,JPY,2026-03-19T02:30:00Z,High,,,,false,false
,Claimant Count Change,GBP,2026-03-19T03:00:00Z,High,25.8K,4.7K,24.7K,false,false
,Average Earnings Index 3m/y,GBP,2026-03-19T03:00:00Z,None,3.9%,4.2%,3.9%,false,false
,Unemployment Rate,GBP,2026-03-19T03:00:00Z,None,5.3%,5.2%,5.2%,false,false
,SNB Monetary Policy Assessment,CHF,2026-03-19T04:30:00Z,High,,,,false,false
,SNB Policy Rate,CHF,2026-03-19T04:30:00Z,High,0.00%,0.00%,0.00%,false,false
,SNB Press Conference,CHF,2026-03-19T05:00:00Z,High,,,,false,false
,Spanish 10-y Bond Auction,EUR,2026-03-19T05:44:00Z,None,,3.17|2.5,3.48|2.3,false,false
,Monetary Policy Summary,GBP,2026-03-19T08:00:00Z,High,,,,false,false
,MPC Official Bank Rate Votes,GBP,2026-03-19T08:00:00Z,High,0-2-7,0-4-5,0-0-9,false,false
,Official Bank Rate,GBP,2026-03-19T08:00:00Z,High,3.75%,3.75%,3.75%,false,false
,Unemployment Claims,USD,2026-03-19T08:30:00Z,High,215K,213K,205K,false,false
,Philly Fed Manufacturing Index,USD,2026-03-19T08:30:00Z,None,8.3,16.3,18.1,false,false
,Main Refinancing Rate,EUR,2026-03-19T09:15:00Z,High,2.15%,2.15%,2.15%,false,false
,Monetary Policy Statement,EUR,2026-03-19T09:15:00Z,High,,,,false,false
,ECB Press Conference,EUR,2026-03-19T09:45:00Z,High,,,,false,false
,Final Wholesale Inventories m/m,USD,2026-03-19T10:00:00Z,None,0.2%,0.2%,-0.5%,false,false
,CB Leading Index m/m,USD,2026-03-19T10:00:00Z,None,-0.1%,-0.2%,-0.1%,false,false
,New Home Sales,USD,2026-03-19T10:00:00Z,None,722K,712K,587K,false,false
,Natural Gas Storage,USD,2026-03-19T10:30:00Z,None,39B,-38B,35B,false,false
,Trade Balance,NZD,2026-03-19T17:45:00Z,None,-740M,-627M,-257M,false,false
,1-y Loan Prime Rate,CNY,2026-03-19T21:00:00Z,None,3.00%,3.00%,3.00%,false,false
,5-y Loan Prime Rate,CNY,2026-03-19T21:00:00Z,None,3.50%,3.50%,3.50%,false,false
,Credit Card Spending y/y,NZD,2026-03-19T22:00:00Z,None,,0.9%,-1.1%,false,false
,German PPI m/m,EUR,2026-03-20T03:00:00Z,None,0.3%,-0.6%,-0.5%,false,false
,Public Sector Net Borrowing,GBP,2026-03-20T03:00:00Z,None,8.7B,-31.9B,14.3B,false,false
,Current Account,EUR,2026-03-20T05:00:00Z,None,17.2B,13.3B,37.9B,false,false
,Italian Trade Balance,EUR,2026-03-20T05:00:00Z,None,5.65B,5.99B,1.09B,false,false
,Foreign Direct Investment ytd/y,CNY,2026-03-20T05:06:00Z,None,,-5.7%,-5.7%,false,false
,Trade Balance,EUR,2026-03-20T06:00:00Z,None,12.8B,10.3B,12.1B,false,false
,CBI Industrial Order Expectations,GBP,2026-03-20T07:00:00Z,None,-30,-28,-27,false,false
,RMPI m/m,CAD,2026-03-20T08:30:00Z,None,2.4%,7.7%,0.6%,false,false
,Retail Sales m/m,CAD,2026-03-20T08:30:00Z,None,1.4%,-0.4%,1.1%,false,false
,IPPI m/m,CAD,2026-03-20T08:30:00Z,None,1.1%,2.8%,0.4%,false,false
,NHPI m/m,CAD,2026-03-20T08:30:00Z,None,-0.2%,-0.4%,0.3%,false,false
,Core Retail Sales m/m,CAD,2026-03-20T08:30:00Z,None,1.2%,0.0%,0.8%,false,false
,German Buba President Nagel Speaks,EUR,2026-03-20T13:30:00Z,None,,,,false,false
,FOMC Member Powell Speaks,USD,2026-03-21T13:30:00Z,None,,,,false,false
,FOMC Member Miran Speaks,USD,2026-03-23T08:45:00Z,None,,,,false,false
,Construction Spending m/m,USD,2026-03-23T10:00:00Z,None,0.1%,0.8%,-0.3%,false,false
,Consumer Confidence,EUR,2026-03-23T11:00:00Z,None,-15,-12,-16,false,false
,RBNZ Gov Breman Speaks,NZD,2026-03-23T16:00:00Z,None,,,,false,false
,Flash Manufacturing PMI,AUD,2026-03-23T18:00:00Z,None,,51.0,50.1,false,false
,Flash Services PMI,AUD,2026-03-23T18:00:00Z,None,,52.8,46.6,false,false
,National Core CPI y/y,JPY,2026-03-23T19:30:00Z,None,1.7%,2.0%,1.6%,false,false
,Flash Manufacturing PMI,JPY,2026-03-23T20:30:00Z,None,53.2,53.0,51.4,false,false
,French Flash Manufacturing PMI,EUR,2026-03-24T04:15:00Z,None,49.4,50.1,50.2,false,false
,French Flash Services PMI,EUR,2026-03-24T04:15:00Z,None,49.2,49.6,48.3,false,false
,German Flash Manufacturing PMI,EUR,2026-03-24T04:30:00Z,High,49.6,50.9,51.7,false,false
,German Flash Services PMI,EUR,2026-03-24T04:30:00Z,High,52.5,53.5,51.2,false,false
,Flash Manufacturing PMI,EUR,2026-03-24T05:00:00Z,None,49.4,50.8,51.4,false,false
,Flash Services PMI,EUR,2026-03-24T05:00:00Z,None,51.1,51.9,50.1,false,false
,Flash Manufacturing PMI,GBP,2026-03-24T05:30:00Z,High,50.0,51.7,51.4,false,false
,Flash Services PMI,GBP,2026-03-24T05:30:00Z,High,52.8,53.9,51.2,false,false
,10-y Bond Auction,GBP,2026-03-24T06:02:00Z,None,,4.59|3.6,4.91|3.5,false,false
,CBI Realized Sales,GBP,2026-03-24T07:00:00Z,None,-43,-43,-52,false,false
,ADP Weekly Employment Change,USD,2026-03-24T08:15:00Z,None,,9.0K,10.0K,false,false
,Revised Unit Labor Costs q/q,USD,2026-03-24T08:30:00Z,None,3.6%,2.8%,4.4%,false,false
,Revised Nonfarm Productivity q/q,USD,2026-03-24T08:30:00Z,None,1.9%,2.8%,1.8%,false,false
,MPC Member Pill Speaks,GBP,2026-03-24T09:25:00Z,None,,,,false,false
,Flash Services PMI,USD,2026-03-24T09:45:00Z,High,52.0,51.7,51.1,false,false
,Flash Manufacturing PMI,USD,2026-03-24T09:45:00Z,High,51.5,51.6,52.4,false,false
,Richmond Manufacturing Index,USD,2026-03-24T10:00:00Z,None,-8,-10,0,false,false
,German Buba President Nagel Speaks,EUR,2026-03-24T11:00:00Z,None,,,,false,false
,Gov Board Member Tschudin Speaks,CHF,2026-03-24T11:15:00Z,None,,,,false,false
,SNB Chairman Schlegel Speaks,CHF,2026-03-24T13:00:00Z,None,,,,false,false
,API Weekly Statistical Bulletin,USD,2026-03-24T16:30:00Z,None,,,,false,false
,FOMC Member Goolsbee Speaks,USD,2026-03-24T18:00:00Z,None,,,,false,false
,FOMC Member Barr Speaks,USD,2026-03-24T18:30:00Z,None,,,,false,false
,Monetary Policy Meeting Minutes,JPY,2026-03-24T19:50:00Z,None,,,,false,false
,CPI m/m,AUD,2026-03-24T20:30:00Z,High,0.1%,0.4%,0.0%,false,false
,CPI y/y,AUD,2026-03-24T20:30:00Z,High,3.8%,3.8%,3.7%,false,false
,Trimmed Mean CPI m/m,AUD,2026-03-24T20:30:00Z,High,0.3%,0.3%,0.2%,false,false
,RBA Assist Gov Jones Speaks,AUD,2026-03-24T22:40:00Z,None,,,,false,false
,CPI y/y,GBP,2026-03-25T03:00:00Z,High,3.0%,3.0%,3.0%,false,false
,Core CPI y/y,GBP,2026-03-25T03:00:00Z,None,3.1%,3.1%,3.2%,false,false
,PPI Input m/m,GBP,2026-03-25T03:00:00Z,None,0.5%,0.3%,0.8%,false,false
,PPI Output m/m,GBP,2026-03-25T03:00:00Z,None,0.3%,0.0%,-0.5%,false,false
,RPI y/y,GBP,2026-03-25T03:00:00Z,None,3.7%,3.8%,3.6%,false,false
,ECB President Lagarde Speaks,EUR,2026-03-25T04:45:00Z,None,,,,false,false
,UBS Economic Expectations,CHF,2026-03-25T05:00:00Z,None,,9.8,-35.0,false,false
,German ifo Business Climate,EUR,2026-03-25T05:00:00Z,None,86.2,88.4,86.4,false,false
,HPI y/y,GBP,2026-03-25T05:30:00Z,None,1.7%,1.9%,1.3%,false,false
,MPC Member Greene Speaks,GBP,2026-03-25T08:00:00Z,None,,,,false,false
,Current Account,USD,2026-03-25T08:30:00Z,None,-211B,-239B,-191B,false,false
,Import Prices m/m,USD,2026-03-25T08:30:00Z,None,0.6%,0.6%,1.3%,false,false
,CB Leading Index m/m,CNY,2026-03-25T09:00:00Z,None,,0.1%,-0.2%,false,false
,Belgian NBB Business Climate,EUR,2026-03-25T09:28:00Z,None,-14.8,-13.7,-13.7,false,false
,SNB Quarterly Bulletin,CHF,2026-03-25T10:00:00Z,None,,,,false,false
,Crude Oil Inventories,USD,2026-03-25T10:30:00Z,None,-1.3M,6.2M,6.9M,false,false
,FOMC Member Miran Speaks,USD,2026-03-25T16:10:00Z,None,,,,false,false
,RBA Assist Gov Kent Speaks,AUD,2026-03-25T18:15:00Z,None,,,,false,false
,President Trump Speaks,USD,2026-03-25T19:20:00Z,None,,,,false,false
,SPPI y/y,JPY,2026-03-25T19:50:00Z,None,2.6%,2.6%,2.7%,false,false
,NAB Quarterly Business Confidence,AUD,2026-03-25T20:30:00Z,None,,0,-4,false,false
,BOJ Core CPI y/y,JPY,2026-03-26T01:02:00Z,None,1.6%,1.7%,1.7%,false,false
,German GfK Consumer Climate,EUR,2026-03-26T03:00:00Z,None,-27.3,-24.8,-28.0,false,false
,Private Loans y/y,EUR,2026-03-26T05:00:00Z,None,3.1%,3.0%,3.0%,false,false
,M3 Money Supply y/y,EUR,2026-03-26T05:00:00Z,None,3.3%,3.2%,3.0%,false,false
,MPC Member Breeden Speaks,GBP,2026-03-26T05:30:00Z,None,,,,false,false
,30-y Bond Auction,GBP,2026-03-26T06:02:00Z,None,,5.29|3.2,5.52|3.8,false,false
,German Buba Monthly Report,EUR,2026-03-26T07:00:00Z,None,,,,false,false
,Unemployment Claims,USD,2026-03-26T08:30:00Z,High,211K,205K,210K,false,false
,Natural Gas Storage,USD,2026-03-26T10:30:00Z,None,-49B,35B,-54B,false,false
,MPC Member Taylor Speaks,GBP,2026-03-26T12:00:00Z,None,,,,false,false
,MPC Member Greene Speaks,GBP,2026-03-26T12:30:00Z,None,,,,false,false
,Gov Council Member Rogers Speaks,CAD,2026-03-26T13:10:00Z,None,,,,false,false
,President Trump Speaks,USD,2026-03-26T16:00:00Z,None,,,,false,false
,FOMC Member Cook Speaks,USD,2026-03-26T16:00:00Z,None,,,,false,false
,FOMC Member Miran Speaks,USD,2026-03-26T18:30:00Z,None,,,,false,false
,FOMC Member Jefferson Speaks,USD,2026-03-26T19:00:00Z,None,,,,false,false
,FOMC Member Barr Speaks,USD,2026-03-26T19:10:00Z,None,,,,false,false
,GfK Consumer Confidence,GBP,2026-03-26T20:01:00Z,None,-24,-19,-21,false,false
,Eurogroup Meetings,EUR,2026-03-27T00:00:00Z,None,,,,true,false
,Retail Sales m/m,GBP,2026-03-27T03:00:00Z,High,-0.6%,2.0%,-0.4%,false,false
,Spanish Flash CPI y/y,EUR,2026-03-27T04:00:00Z,None,3.6%,2.3%,3.3%,false,false
,Italian 10-y Bond Auction,EUR,2026-03-27T06:04:00Z,None,,3.31|1.5,4.09|1.7,false,false
,Revised UoM Inflation Expectations,USD,2026-03-27T10:00:00Z,None,,3.4%,3.8%,false,false
,Revised UoM Consumer Sentiment,USD,2026-03-27T10:00:00Z,None,53.9,55.5,53.3,false,false
,FOMC Member Barkin Speaks,USD,2026-03-27T11:00:00Z,None,,,,false,false
,FOMC Member Daly Speaks,USD,2026-03-27T11:30:00Z,None,,,,false,false
,FOMC Member Paulson Speaks,USD,2026-03-27T11:30:00Z,None,,,,false,false
,President Trump Speaks,USD,2026-03-27T17:30:00Z,None,,,,false,false
,Daylight Saving Time Shift,CHF,2026-03-28T20:00:00Z,None,,,,false,false
,Daylight Saving Time Shift,EUR,2026-03-28T20:00:00Z,None,,,,false,false
,Daylight Saving Time Shift,GBP,2026-03-28T20:00:00Z,None,,,,false,false
,BOJ Summary of Opinions,JPY,2026-03-29T19:50:00Z,None,,,,false,false
,German Prelim CPI m/m,EUR,2026-03-30T00:00:00Z,None,1.1%,0.2%,1.1%,true,false
,KOF Economic Barometer,CHF,2026-03-30T03:00:00Z,None,101.1,103.8,96.1,false,false
,Mortgage Approvals,GBP,2026-03-30T04:30:00Z,None,61K,60K,63K,false,false
,M4 Money Supply m/m,GBP,2026-03-30T04:30:00Z,None,0.1%,-0.1%,0.6%,false,false
,Net Lending to Individuals m/m,GBP,2026-03-30T04:30:00Z,None,5.6B,6.0B,6.8B,false,false
,FOMC Member Powell Speaks,USD,2026-03-30T10:30:00Z,High,,,,false,false
,FOMC Member Williams Speaks,USD,2026-03-30T16:00:00Z,None,,,,false,false
,BRC Shop Price Index y/y,GBP,2026-03-30T19:01:00Z,None,1.2%,1.1%,1.2%,false,false
,Tokyo Core CPI y/y,JPY,2026-03-30T19:30:00Z,None,1.8%,1.8%,1.7%,false,false
,Unemployment Rate,JPY,2026-03-30T19:30:00Z,None,2.7%,2.7%,2.6%,false,false
,Prelim Industrial Production m/m,JPY,2026-03-30T19:50:00Z,None,-2.1%,4.3%,-2.1%,false,false
,Retail Sales y/y,JPY,2026-03-30T19:50:00Z,None,0.9%,1.8%,-0.2%,false,false
,ANZ Business Confidence,NZD,2026-03-30T20:00:00Z,None,,59.2,32.5,false,false
,Monetary Policy Meeting Minutes,AUD,2026-03-30T20:30:00Z,None,,,,false,false
,Private Sector Credit m/m,AUD,2026-03-30T20:30:00Z,None,0.6%,0.5%,0.6%,false,false
,Manufacturing PMI,CNY,2026-03-30T21:30:00Z,None,50.1,49.0,50.4,false,false
,Non-Manufacturing PMI,CNY,2026-03-30T21:30:00Z,None,49.9,49.5,50.1,false,false
,Housing Starts y/y,JPY,2026-03-31T01:00:00Z,None,-4.5%,-0.4%,-4.9%,false,false
,German Retail Sales m/m,EUR,2026-03-31T02:00:00Z,None,0.3%,-1.1%,-0.6%,false,false
,Current Account,GBP,2026-03-31T02:00:00Z,None,-24.0B,-10.7B,-18.4B,false,false
,Final GDP q/q,GBP,2026-03-31T02:00:00Z,None,0.1%,0.1%,0.1%,false,false
,Nationwide HPI m/m,GBP,2026-03-31T02:00:00Z,None,0.0%,0.3%,0.9%,false,false
,Revised Business Investment q/q,GBP,2026-03-31T02:00:00Z,None,-2.7%,-2.7%,-2.5%,false,false
,German Import Prices m/m,EUR,2026-03-31T02:00:00Z,None,0.7%,1.1%,0.3%,false,false
,French Consumer Spending m/m,EUR,2026-03-31T02:45:00Z,None,-0.3%,0.4%,-1.4%,false,false
,French Prelim CPI m/m,EUR,2026-03-31T02:45:00Z,None,0.9%,0.6%,0.9%,false,false
,German Unemployment Change,EUR,2026-03-31T03:55:00Z,None,2K,1K,0K,false,false
,Core CPI Flash Estimate y/y,EUR,2026-03-31T05:00:00Z,None,2.4%,2.4%,2.3%,false,false
,CPI Flash Estimate y/y,EUR,2026-03-31T05:00:00Z,None,2.6%,1.9%,2.5%,false,false
,Italian Prelim CPI m/m,EUR,2026-03-31T05:00:00Z,None,0.6%,0.7%,0.5%,false,false
,GDP m/m,CAD,2026-03-31T08:30:00Z,High,0.0%,0.2%,0.1%,false,false
,HPI m/m,USD,2026-03-31T09:00:00Z,None,0.1%,0.3%,0.1%,false,false
,S&P/CS Composite-20 HPI y/y,USD,2026-03-31T09:00:00Z,None,1.4%,1.4%,1.2%,false,false
,Chicago PMI,USD,2026-03-31T09:45:00Z,None,54.8,57.7,52.8,false,false
,JOLTS Job Openings,USD,2026-03-31T10:00:00Z,High,6.89M,7.24M,6.88M,false,false
,CB Consumer Confidence,USD,2026-03-31T10:00:00Z,None,87.8,91.0,91.8,false,false
,FOMC Member Goolsbee Speaks,USD,2026-03-31T12:00:00Z,None,,,,false,false
,FOMC Member Schmid Speaks,USD,2026-03-31T13:10:00Z,None,,,,false,false
,FOMC Member Barr Speaks,USD,2026-03-31T15:00:00Z,None,,,,false,false
,API Weekly Statistical Bulletin,USD,2026-03-31T16:30:00Z,None,,,,false,false
,FOMC Member Bowman Speaks,USD,2026-03-31T17:10:00Z,None,,,,false,false
,Building Consents m/m,NZD,2026-03-31T17:45:00Z,None,,2.0%,2.7%,false,false
,Tankan Non-Manufacturing Index,JPY,2026-03-31T19:50:00Z,None,33,34,36,false,false
,Tankan Manufacturing Index,JPY,2026-03-31T19:50:00Z,None,16,15,17,false,false
,Building Approvals m/m,AUD,2026-03-31T20:30:00Z,None,5.8%,-7.2%,29.7%,false,false
,Final Manufacturing PMI,JPY,2026-03-31T20:30:00Z,None,51.6,51.4,51.6,false,false
,RatingDog Manufacturing PMI,CNY,2026-03-31T21:45:00Z,None,51.6,52.1,50.8,false,false
,Omdia Total Vehicle Sales,USD,2026-04-01T00:00:00Z,None,15.9M,15.8M,16.3M,true,false
,Commodity Prices y/y,AUD,2026-04-01T01:30:00Z,None,,4.9%,12.8%,false,false
,Retail Sales y/y,CHF,2026-04-01T02:30:00Z,None,1.5%,-0.6%,0.9%,false,false
,Spanish Manufacturing PMI,EUR,2026-04-01T03:15:00Z,None,50.5,50.0,48.7,false,false
,Manufacturing PMI,CHF,2026-04-01T03:30:00Z,None,47.2,47.4,53.3,false,false
,Italian Manufacturing PMI,EUR,2026-04-01T03:45:00Z,None,50.9,50.6,51.3,false,false
,French Final Manufacturing PMI,EUR,2026-04-01T03:50:00Z,None,50.2,50.2,50.0,false,false
,German Final Manufacturing PMI,EUR,2026-04-01T03:55:00Z,None,51.7,51.7,52.2,false,false
,Final Manufacturing PMI,EUR,2026-04-01T04:00:00Z,None,51.4,51.4,51.6,false,false
,Italian Monthly Unemployment Rate,EUR,2026-04-01T04:00:00Z,None,5.2%,5.1%,5.3%,false,false
,Final Manufacturing PMI,GBP,2026-04-01T04:30:00Z,None,51.4,51.4,51.0,false,false
,Unemployment Rate,EUR,2026-04-01T05:00:00Z,None,6.1%,6.1%,6.2%,false,false
,FPC Meeting Minutes,GBP,2026-04-01T05:30:00Z,None,,,,false,false
,FPC Statement,GBP,2026-04-01T05:30:00Z,None,,,,false,false
,ADP Non-Farm Employment Change,USD,2026-04-01T08:15:00Z,High,41K,66K,62K,false,false
,Core Retail Sales m/m,USD,2026-04-01T08:30:00Z,High,0.3%,0.0%,0.5%,false,false
,Retail Sales m/m,USD,2026-04-01T08:30:00Z,High,0.5%,-0.1%,0.6%,false,false
,FOMC Member Musalem Speaks,USD,2026-04-01T09:05:00Z,None,,,,false,false
,FOMC Member Barr Speaks,USD,2026-04-01T09:10:00Z,None,,,,false,false
,Manufacturing PMI,CAD,2026-04-01T09:30:00Z,None,,51.0,50.0,false,false
,Final Manufacturing PMI,USD,2026-04-01T09:45:00Z,None,52.3,52.4,52.3,false,false
,ISM Manufacturing PMI,USD,2026-04-01T10:00:00Z,High,52.3,52.4,52.7,false,false
,ISM Manufacturing Prices,USD,2026-04-01T10:00:00Z,None,74.0,70.5,78.3,false,false
,Business Inventories m/m,USD,2026-04-01T10:00:00Z,None,0.0%,0.0%,-0.1%,false,false
,Crude Oil Inventories,USD,2026-04-01T10:30:00Z,None,1.8M,6.9M,5.5M,false,false
,BOC Summary of Deliberations,CAD,2026-04-01T13:30:00Z,None,,,,false,false
,Monetary Base y/y,JPY,2026-04-01T19:50:00Z,None,-10.8%,-10.6%,-11.6%,false,false
,Goods Trade Balance,AUD,2026-04-01T20:30:00Z,None,2.81B,2.26B,5.69B,false,false
,President Trump Speaks,USD,2026-04-01T21:00:00Z,High,,,,false,false
,10-y Bond Auction,JPY,2026-04-01T23:35:00Z,None,,2.12|3.3,2.35|2.6,false,false
,Bank Holiday,NZD,2026-04-02T00:00:00Z,None,,,,true,false
,Bank Holiday,AUD,2026-04-02T00:00:00Z,None,,,,true,false
,CPI m/m,CHF,2026-04-02T02:30:00Z,None,0.5%,0.6%,0.2%,false,false
,French Gov Budget Balance,EUR,2026-04-02T02:45:00Z,None,,-9.7B,-32.1B,false,false
,ECB Economic Bulletin,EUR,2026-04-02T04:00:00Z,None,,,,false,false
,French 10-y Bond Auction,EUR,2026-04-02T04:55:00Z,None,,3.39|2.2,3.73|1.9,false,false
,Italian Retail Sales m/m,EUR,2026-04-02T05:06:00Z,None,0.3%,0.6%,0.0%,false,false
,Challenger Job Cuts y/y,USD,2026-04-02T07:30:00Z,None,,-71.9%,-78.0%,false,false
,Unemployment Claims,USD,2026-04-02T08:30:00Z,High,212K,211K,202K,false,false
,Trade Balance,CAD,2026-04-02T08:30:00Z,None,-2.5B,-4.2B,-5.7B,false,false
,Goods Trade Balance,USD,2026-04-02T08:30:00Z,None,,-80.9B,-83.5B,false,false
,Trade Balance,USD,2026-04-02T08:30:00Z,None,-60.5B,-54.7B,-57.3B,false,false
,FOMC Member Logan Speaks,USD,2026-04-02T10:15:00Z,None,,,,false,false
,Natural Gas Storage,USD,2026-04-02T10:30:00Z,None,38B,-54B,36B,false,false
,FOMC Member Bowman Speaks,USD,2026-04-02T12:45:00Z,None,,,,false,false
,RatingDog Services PMI,CNY,2026-04-02T21:45:00Z,None,53.6,56.7,52.1,false,false
,Bank Holiday,CHF,2026-04-03T00:00:00Z,None,,,,true,false
,German Bank Holiday,EUR,2026-04-03T00:00:00Z,None,,,,true,false
,Bank Holiday,GBP,2026-04-03T00:00:00Z,None,,,,true,false
,Bank Holiday,CAD,2026-04-03T00:00:00Z,None,,,,true,false
,French Industrial Production m/m,EUR,2026-04-03T02:45:00Z,None,-0.1%,0.2%,-0.7%,false,false
,Average Hourly Earnings m/m,USD,2026-04-03T08:30:00Z,High,0.3%,0.4%,0.2%,false,false
,Non-Farm Employment Change,USD,2026-04-03T08:30:00Z,High,65K,-133K,178K,false,false
,Unemployment Rate,USD,2026-04-03T08:30:00Z,High,4.4%,4.4%,4.3%,false,false
,Final Services PMI,USD,2026-04-03T09:45:00Z,None,51.1,51.1,49.8,false,false
,Daylight Saving Time Shift,NZD,2026-04-04T10:00:00Z,None,,,,false,false
,Daylight Saving Time Shift,AUD,2026-04-04T12:00:00Z,None,,,,false,false
,OPEC-JMMC Meetings,All,2026-04-05T00:00:00Z,High,,,,true,false
,Bank Holiday,NZD,2026-04-05T00:00:00Z,None,,,,true,false
,Bank Holiday,AUD,2026-04-05T00:00:00Z,None,,,,true,false
,Bank Holiday,CNY,2026-04-05T00:00:00Z,None,,,,true,false
,Italian Bank Holiday,EUR,2026-04-06T00:00:00Z,None,,,,true,false
,French Bank Holiday,EUR,2026-04-06T00:00:00Z,None,,,,true,false
,German Bank Holiday,EUR,2026-04-06T00:00:00Z,None,,,,true,false
,Bank Holiday,CHF,2026-04-06T00:00:00Z,None,,,,true,false
,Bank Holiday,GBP,2026-04-06T00:00:00Z,None,,,,true,false
,Spanish Unemployment Change,EUR,2026-04-06T03:00:00Z,None,10.3K,3.6K,-22.9K,false,false
,ISM Services PMI,USD,2026-04-06T10:00:00Z,High,54.8,56.1,54.0,false,false
,President Trump Speaks,USD,2026-04-06T13:00:00Z,High,,,,false,false
,Household Spending y/y,JPY,2026-04-06T19:30:00Z,None,-0.8%,-1.0%,-1.8%,false,false
,MI Inflation Gauge m/m,AUD,2026-04-06T21:00:00Z,None,,-0.2%,1.3%,false,false
,ANZ Commodity Prices m/m,NZD,2026-04-06T21:00:00Z,None,,4.2%,4.1%,false,false
,Household Spending m/m,AUD,2026-04-06T21:30:00Z,None,0.2%,0.3%,0.3%,false,false
,ANZ Job Advertisements m/m,AUD,2026-04-06T21:30:00Z,None,,3.2%,-3.1%,false,false
,30-y Bond Auction,JPY,2026-04-06T23:35:00Z,None,,3.40|3.7,3.70|3.1,false,false
,ADP Weekly Employment Change,USD,2026-04-07T00:00:00Z,None,,10.0K,15.3K,false,false
,Leading Indicators,JPY,2026-04-07T01:00:00Z,None,112.4%,112.1%,112.4%,false,false
,Foreign Currency Reserves,CHF,2026-04-07T03:00:00Z,None,,710B,721B,false,false
,Spanish Services PMI,EUR,2026-04-07T03:15:00Z,None,50.7,51.9,53.3,false,false
,Italian Services PMI,EUR,2026-04-07T03:45:00Z,None,51.0,52.3,48.8,false,false
,French Final Services PMI,EUR,2026-04-07T03:50:00Z,None,48.3,48.3,48.8,false,false
,German Final Services PMI,EUR,2026-04-07T03:55:00Z,None,51.2,51.2,50.9,false,false
,Final Services PMI,EUR,2026-04-07T04:00:00Z,None,50.1,50.1,50.2,false,false
,Sentix Investor Confidence,EUR,2026-04-07T04:30:00Z,None,-7.8,-3.1,-19.2,false,false
,Final Services PMI,GBP,2026-04-07T04:30:00Z,None,51.1,51.2,50.5,false,false
,ADP Weekly Employment Change,USD,2026-04-07T08:15:00Z,None,,15.3K,26.0K,false,false
,Core Durable Goods Orders m/m,USD,2026-04-07T08:30:00Z,None,0.5%,0.3%,0.8%,false,false
,Durable Goods Orders m/m,USD,2026-04-07T08:30:00Z,None,-1.1%,-0.5%,-1.4%,false,false
,Ivey PMI,CAD,2026-04-07T10:00:00Z,None,55.9,56.6,49.7,false,false
,RCM/TIPP Economic Optimism,USD,2026-04-07T10:01:00Z,None,48.1,47.5,42.8,false,false
,GDT Price Index,NZD,2026-04-07T10:35:00Z,None,,0.1%,-3.4%,false,false
,FOMC Member Goolsbee Speaks,USD,2026-04-07T12:35:00Z,None,,,,false,false
,Consumer Credit m/m,USD,2026-04-07T15:00:00Z,None,10.3B,7.7B,9.5B,false,false
,API Weekly Statistical Bulletin,USD,2026-04-07T16:30:00Z,None,,,,false,false
,FOMC Member Jefferson Speaks,USD,2026-04-07T17:50:00Z,None,,,,false,false
,Average Cash Earnings y/y,JPY,2026-04-07T19:30:00Z,None,2.7%,2.5%,3.3%,false,false
,Current Account,JPY,2026-04-07T19:50:00Z,None,2.40T,3.13T,2.71T,false,false
,Official Cash Rate,NZD,2026-04-07T22:00:00Z,High,2.25%,2.25%,2.25%,false,false
,RBNZ Rate Statement,NZD,2026-04-07T22:00:00Z,High,,,,false,false
,RBNZ Press Conference,NZD,2026-04-07T23:00:00Z,High,,,,false,false
,Economy Watchers Sentiment,JPY,2026-04-08T01:00:00Z,None,48.0,48.9,42.2,false,false
,German Factory Orders m/m,EUR,2026-04-08T02:00:00Z,None,3.0%,-11.1%,0.9%,false,false
,Lloyds HPI m/m,GBP,2026-04-08T02:04:00Z,None,0.2%,0.3%,-0.5%,false,false
,French Trade Balance,EUR,2026-04-08T02:45:00Z,None,-2.4B,-2.0B,-5.8B,false,false
,Unemployment Rate,CHF,2026-04-08T03:00:00Z,None,3.0%,3.0%,3.0%,false,false
,Construction PMI,GBP,2026-04-08T04:30:00Z,None,43.6,44.5,45.6,false,false
,Housing Equity Withdrawal q/q,GBP,2026-04-08T04:30:00Z,None,-9.6B,-11.2B,-13.8B,false,false
,Retail Sales m/m,EUR,2026-04-08T05:00:00Z,None,-0.2%,0.0%,-0.2%,false,false
,PPI m/m,EUR,2026-04-08T05:00:00Z,None,-0.6%,0.8%,-0.7%,false,false
,German 10-y Bond Auction,EUR,2026-04-08T05:32:00Z,None,,2.89|1.2,2.92|1.2,false,false
,Crude Oil Inventories,USD,2026-04-08T10:30:00Z,None,-1.0M,5.5M,3.1M,false,false
,10-y Bond Auction,USD,2026-04-08T13:01:00Z,None,,4.22|2.4,4.28|2.4,false,false
,FOMC Member Daly Speaks,USD,2026-04-08T13:05:00Z,None,,,,false,false
,FOMC Meeting Minutes,USD,2026-04-08T14:00:00Z,High,,,,false,false
,RICS House Price Balance,GBP,2026-04-08T19:01:00Z,None,-18%,-14%,-23%,false,false
,Consumer Confidence,JPY,2026-04-09T01:00:00Z,None,38.3,40.0,33.3,false,false
,German Industrial Production m/m,EUR,2026-04-09T02:00:00Z,None,0.6%,0.0%,-0.3%,false,false
,German Trade Balance,EUR,2026-04-09T02:00:00Z,None,18.1B,21.4B,19.8B,false,false
,Prelim Machine Tool Orders y/y,JPY,2026-04-09T02:00:00Z,None,,24.2%,28.1%,false,false
,SNB Chairman Schlegel Speaks,CHF,2026-04-09T04:00:00Z,None,,,,false,false
,BOE Credit Conditions Survey,GBP,2026-04-09T04:30:00Z,None,,,,false,false
,Spanish 10-y Bond Auction,EUR,2026-04-09T04:40:00Z,None,,3.48|2.3,3.44|2.0,false,false
,Final GDP q/q,USD,2026-04-09T08:30:00Z,High,0.7%,0.7%,0.5%,false,false
,Core PCE Price Index m/m,USD,2026-04-09T08:30:00Z,High,0.4%,0.4%,0.4%,false,false
,Unemployment Claims,USD,2026-04-09T08:30:00Z,None,210K,203K,219K,false,false
,Personal Income m/m,USD,2026-04-09T08:30:00Z,None,0.3%,0.4%,-0.1%,false,false
,Personal Spending m/m,USD,2026-04-09T08:30:00Z,None,0.6%,0.3%,0.5%,false,false
,Final GDP Price Index q/q,USD,2026-04-09T08:33:00Z,None,3.8%,3.8%,3.7%,false,false
,Final Wholesale Inventories m/m,USD,2026-04-09T10:00:00Z,None,-0.1%,-0.5%,0.8%,false,false
,Natural Gas Storage,USD,2026-04-09T10:30:00Z,None,41B,36B,50B,false,false
,30-y Bond Auction,USD,2026-04-09T13:01:00Z,None,,4.87|2.5,4.88|2.4,false,false
,BusinessNZ Manufacturing Index,NZD,2026-04-09T18:30:00Z,None,,54.8,53.2,false,false
,Bank Lending y/y,JPY,2026-04-09T19:50:00Z,None,4.4%,4.5%,4.8%,false,false
,PPI y/y,JPY,2026-04-09T19:50:00Z,None,2.4%,2.1%,2.6%,false,false
,PPI y/y,CNY,2026-04-09T21:30:00Z,None,0.4%,-0.9%,0.5%,false,false
,CPI y/y,CNY,2026-04-09T21:30:00Z,None,1.2%,1.3%,1.0%,false,false
,German Final CPI m/m,EUR,2026-04-10T02:00:00Z,None,1.1%,1.1%,1.1%,false,false
,SECO Consumer Climate,CHF,2026-04-10T03:00:00Z,None,-32,-30,-43,false,false
,Italian Industrial Production m/m,EUR,2026-04-10T04:00:00Z,None,0.5%,-0.6%,0.1%,false,false
,Employment Change,CAD,2026-04-10T08:30:00Z,High,14.5K,-83.9K,14.1K,false,false
,Unemployment Rate,CAD,2026-04-10T08:30:00Z,High,6.8%,6.7%,6.7%,false,false
,Core CPI m/m,USD,2026-04-10T08:30:00Z,High,0.3%,0.2%,0.2%,false,false
,Core CPI y/y,USD,2026-04-10T08:30:00Z,High,2.7%,2.5%,2.6%,false,false
,CPI m/m,USD,2026-04-10T08:30:00Z,High,1.0%,0.3%,0.9%,false,false
,CPI y/y,USD,2026-04-10T08:30:00Z,High,3.4%,2.4%,3.3%,false,false
,Prelim UoM Consumer Sentiment,USD,2026-04-10T10:00:00Z,None,51.6,53.3,47.6,false,false
,Prelim UoM Inflation Expectations,USD,2026-04-10T10:00:00Z,None,,3.8%,4.8%,false,false
,Factory Orders m/m,USD,2026-04-10T10:00:00Z,None,-0.3%,0.0%,0.0%,false,false
,Federal Budget Balance,USD,2026-04-10T13:58:00Z,None,-157.8B,-307.5B,-164.1B,false,false
,BusinessNZ Services Index,NZD,2026-04-12T18:30:00Z,None,,47.6,46.0,false,false
,M2 Money Stock y/y,JPY,2026-04-12T19:50:00Z,None,1.6%,1.7%,2.0%,false,false
,IMF Meetings,All,2026-04-13T00:00:00Z,None,,,,false,false
,M2 Money Supply y/y,CNY,2026-04-13T05:00:00Z,None,8.9%,9.0%,8.5%,false,false
,New Loans,CNY,2026-04-13T05:01:00Z,None,3465B,900B,2990B,false,false
,Building Permits m/m,CAD,2026-04-13T08:30:00Z,None,-0.4%,3.5%,-8.4%,false,false
,Existing Home Sales,USD,2026-04-13T10:00:00Z,None,4.07M,4.13M,3.98M,false,false
,RBA Deputy Gov Hauser Speaks,AUD,2026-04-13T18:15:00Z,None,,,,false,false
,FOMC Member Miran Speaks,USD,2026-04-13T18:20:00Z,None,,,,false,false
,Visitor Arrivals m/m,NZD,2026-04-13T18:45:00Z,None,,1.1%,1.7%,false,false
,BRC Retail Sales Monitor y/y,GBP,2026-04-13T19:01:00Z,None,0.9%,0.7%,3.1%,false,false
,Westpac Consumer Sentiment,AUD,2026-04-13T20:30:00Z,None,,1.2%,-12.5%,false,false
,NAB Business Confidence,AUD,2026-04-13T21:30:00Z,None,,0,-29,false,false
,USD-Denominated Trade Balance,CNY,2026-04-13T22:56:00Z,None,107.2B,213.6B,51.1B,false,false
,Trade Balance,CNY,2026-04-13T22:57:00Z,None,760B,1503B,355B,false,false
,IMF Meetings,All,2026-04-14T00:00:00Z,None,,,,false,false
,Revised Industrial Production m/m,JPY,2026-04-14T00:30:00Z,None,-2.1%,-2.1%,-2.0%,false,false
,German WPI m/m,EUR,2026-04-14T02:00:00Z,None,0.4%,0.6%,2.7%,false,false
,MPC Member Mann Speaks,GBP,2026-04-14T04:50:00Z,None,,,,false,false
,NFIB Small Business Index,USD,2026-04-14T06:00:00Z,None,97.8,98.8,95.8,false,false
,ADP Weekly Employment Change,USD,2026-04-14T08:15:00Z,None,,26.0K,39.3K,false,false
,Core PPI m/m,USD,2026-04-14T08:30:00Z,High,0.4%,0.3%,0.1%,false,false
,PPI m/m,USD,2026-04-14T08:30:00Z,High,1.1%,0.5%,0.5%,false,false
,CB Leading Index m/m,GBP,2026-04-14T09:30:00Z,None,,-0.1%,-0.1%,false,false
,FOMC Member Goolsbee Speaks,USD,2026-04-14T09:45:00Z,None,,,,false,false
,ECB President Lagarde Speaks,EUR,2026-04-14T10:00:00Z,None,,,,false,false
,MPC Member Greene Speaks,GBP,2026-04-14T10:00:00Z,None,,,,false,false
,FOMC Member Goolsbee Speaks,USD,2026-04-14T10:15:00Z,None,,,,false,false
,BOE Gov Bailey Speaks,GBP,2026-04-14T12:05:00Z,None,,,,false,false
,FOMC Member Goolsbee Speaks,USD,2026-04-14T12:10:00Z,None,,,,false,false
,FOMC Member Barr Speaks,USD,2026-04-14T12:45:00Z,None,,,,false,false
,FOMC Member Barkin Speaks,USD,2026-04-14T13:00:00Z,None,,,,false,false
,FOMC Member Collins Speaks,USD,2026-04-14T13:00:00Z,None,,,,false,false
,FOMC Member Paulson Speaks,USD,2026-04-14T13:00:00Z,None,,,,false,false
,MPC Member Breeden Speaks,GBP,2026-04-14T16:10:00Z,None,,,,false,false
,API Weekly Statistical Bulletin,USD,2026-04-14T16:30:00Z,None,,,,false,false
,ECB President Lagarde Speaks,EUR,2026-04-14T17:00:00Z,None,,,,false,false
,Core Machinery Orders m/m,JPY,2026-04-14T19:50:00Z,None,-1.1%,-5.5%,13.6%,false,false
,IMF Meetings,All,2026-04-15T00:00:00Z,None,,,,false,false
,French Final CPI m/m,EUR,2026-04-15T02:45:00Z,None,0.9%,0.9%,1.0%,false,false
,Industrial Production m/m,EUR,2026-04-15T05:00:00Z,None,0.3%,-0.8%,0.4%,false,false
,German 30-y Bond Auction,EUR,2026-04-15T05:34:00Z,None,,3.45|1.7,3.58|1.4,false,false
,President Trump Speaks,USD,2026-04-15T06:00:00Z,None,,,,false,false
,Manufacturing Sales m/m,CAD,2026-04-15T08:30:00Z,None,3.8%,-3.1%,3.6%,false,false
,Wholesale Sales m/m,CAD,2026-04-15T08:30:00Z,None,2.3%,-1.1%,2.0%,false,false
,Empire State Manufacturing Index,USD,2026-04-15T08:30:00Z,None,0.3,-0.2,11.0,false,false
,FOMC Member Barr Speaks,USD,2026-04-15T08:30:00Z,None,,,,false,false
,FOMC Member Hammack Speaks,USD,2026-04-15T08:30:00Z,None,,,,false,false
,Import Prices m/m,USD,2026-04-15T08:30:00Z,None,2.3%,0.9%,0.8%,false,false
,NAHB Housing Market Index,USD,2026-04-15T10:00:00Z,None,37,38,34,false,false
,CB Leading Index m/m,AUD,2026-04-15T10:30:00Z,None,,0.1%,1.1%,false,false
,Crude Oil Inventories,USD,2026-04-15T10:30:00Z,None,2.1M,3.1M,-0.9M,false,false
,BOE Gov Bailey Speaks,GBP,2026-04-15T11:50:00Z,None,,,,false,false
,SNB Chairman Schlegel Speaks,CHF,2026-04-15T13:00:00Z,None,,,,false,false
,RBNZ Gov Breman Speaks,NZD,2026-04-15T13:00:00Z,None,,,,false,false
,FOMC Member Bowman Speaks,USD,2026-04-15T13:45:00Z,None,,,,false,false
,BOE Gov Bailey Speaks,GBP,2026-04-15T14:00:00Z,None,,,,false,false
,Beige Book,USD,2026-04-15T14:00:00Z,None,,,,false,false
,ECB President Lagarde Speaks,EUR,2026-04-15T15:30:00Z,None,,,,false,false
,RBA Deputy Gov Hauser Speaks,AUD,2026-04-15T16:00:00Z,None,,,,false,false
,TIC Long-Term Purchases,USD,2026-04-15T16:04:00Z,None,36.6B,2.4B,58.6B,false,false
,MI Inflation Expectations,AUD,2026-04-15T21:00:00Z,None,,5.2%,5.9%,false,false
,Employment Change,AUD,2026-04-15T21:30:00Z,High,19.1K,49.7K,17.9K,false,false
,Unemployment Rate,AUD,2026-04-15T21:30:00Z,High,4.3%,4.3%,4.3%,false,false
,New Home Prices m/m,CNY,2026-04-15T21:30:00Z,None,,-0.28%,-0.21%,false,false
,Fixed Asset Investment ytd/y,CNY,2026-04-15T22:00:00Z,None,1.9%,1.8%,1.7%,false,false
,GDP q/y,CNY,2026-04-15T22:00:00Z,None,4.8%,4.5%,5.0%,false,false
,Industrial Production y/y,CNY,2026-04-15T22:00:00Z,None,5.4%,6.3%,5.7%,false,false
,NBS Press Conference,CNY,2026-04-15T22:00:00Z,None,,,,false,false
,Retail Sales y/y,CNY,2026-04-15T22:00:00Z,None,2.4%,2.8%,1.7%,false,false
,Unemployment Rate,CNY,2026-04-15T22:00:00Z,None,5.2%,5.3%,5.4%,false,false
,IMF Meetings,All,2026-04-16T00:00:00Z,None,,,,false,false
,GDP m/m,GBP,2026-04-16T02:00:00Z,High,0.1%,0.1%,0.5%,false,false
,Construction Output m/m,GBP,2026-04-16T02:00:00Z,None,-0.4%,0.5%,1.0%,false,false
,Goods Trade Balance,GBP,2026-04-16T02:00:00Z,None,-19.4B,-15.1B,-18.8B,false,false
,Index of Services 3m/3m,GBP,2026-04-16T02:00:00Z,None,0.3%,0.3%,0.5%,false,false
,Industrial Production m/m,GBP,2026-04-16T02:00:00Z,None,0.3%,-0.1%,0.5%,false,false
,Manufacturing Production m/m,GBP,2026-04-16T02:00:00Z,None,0.3%,0.2%,-0.1%,false,false
,PPI m/m,CHF,2026-04-16T02:30:00Z,None,0.5%,-0.3%,0.2%,false,false
,Summary of Monetary Policy Discussions,CHF,2026-04-16T03:30:00Z,None,,,,false,false
,Final Core CPI y/y,EUR,2026-04-16T05:00:00Z,None,2.3%,2.3%,2.3%,false,false
,Final CPI y/y,EUR,2026-04-16T05:00:00Z,None,2.5%,2.5%,2.6%,false,false
,ECB Monetary Policy Meeting Accounts,EUR,2026-04-16T07:30:00Z,None,,,,false,false
,Philly Fed Manufacturing Index,USD,2026-04-16T08:30:00Z,None,10.3,18.1,26.7,false,false
,Unemployment Claims,USD,2026-04-16T08:30:00Z,None,213K,218K,207K,false,false
,FOMC Member Williams Speaks,USD,2026-04-16T08:35:00Z,None,,,,false,false
,Capacity Utilization Rate,USD,2026-04-16T09:15:00Z,None,76.3%,76.1%,75.7%,false,false
,Industrial Production m/m,USD,2026-04-16T09:15:00Z,None,0.1%,0.7%,-0.5%,false,false
,Natural Gas Storage,USD,2026-04-16T10:30:00Z,None,55B,50B,59B,false,false
,FOMC Member Miran Speaks,USD,2026-04-16T10:35:00Z,None,,,,false,false
,MPC Member Taylor Speaks,GBP,2026-04-16T11:40:00Z,None,,,,false,false
,Gov Board Member Tschudin Speaks,CHF,2026-04-16T12:00:00Z,None,,,,false,false
,German Buba President Nagel Speaks,EUR,2026-04-16T12:45:00Z,None,,,,false,false
,RBA Assist Gov Hunter Speaks,AUD,2026-04-16T14:30:00Z,None,,,,false,false
,MPC Member Taylor Speaks,GBP,2026-04-16T15:00:00Z,None,,,,false,false
,FPI m/m,NZD,2026-04-16T18:45:00Z,None,,-0.1%,-0.6%,false,false
,President Trump Speaks,USD,2026-04-16T19:00:00Z,None,,,,false,false
,IMF Meetings,All,2026-04-17T00:00:00Z,None,,,,false,false
,Current Account,EUR,2026-04-17T04:00:00Z,None,29.8B,40.4B,24.9B,false,false
,Italian Trade Balance,EUR,2026-04-17T04:00:00Z,None,3.83B,1.13B,4.94B,false,false
,Trade Balance,EUR,2026-04-17T05:00:00Z,None,11.7B,12.8B,7.0B,false,false
,MPC Member Pill Speaks,GBP,2026-04-17T08:00:00Z,None,,,,false,false
,Housing Starts,CAD,2026-04-17T08:15:00Z,None,258K,251K,236K,false,false
,Foreign Securities Purchases,CAD,2026-04-17T08:30:00Z,None,23.81B,46.79B,6.17B,false,false
,FOMC Member Daly Speaks,USD,2026-04-17T11:30:00Z,None,,,,false,false
,FOMC Member Barkin Speaks,USD,2026-04-17T12:15:00Z,None,,,,false,false
,FOMC Member Waller Speaks,USD,2026-04-17T14:00:00Z,None,,,,false,false
,President Trump Speaks,USD,2026-04-17T17:00:00Z,None,,,,false,false
,IMF Meetings,All,2026-04-18T00:00:00Z,None,,,,false,false
,Trade Balance,NZD,2026-04-19T18:45:00Z,None,175M,-365M,698M,false,false
,Rightmove HPI m/m,GBP,2026-04-19T19:01:00Z,None,,0.8%,0.8%,false,false
,1-y Loan Prime Rate,CNY,2026-04-19T21:00:00Z,None,3.00%,3.00%,3.00%,false,false
,5-y Loan Prime Rate,CNY,2026-04-19T21:00:00Z,None,3.50%,3.50%,3.50%,false,false
,Tertiary Industry Activity m/m,JPY,2026-04-20T00:30:00Z,None,-0.4%,2.0%,-0.4%,false,false
,German PPI m/m,EUR,2026-04-20T02:00:00Z,None,1.4%,-0.5%,2.5%,false,false
,CPI m/m,CAD,2026-04-20T08:30:00Z,High,1.1%,0.5%,0.9%,false,false
,Median CPI y/y,CAD,2026-04-20T08:30:00Z,High,2.4%,2.3%,2.3%,false,false
,Trimmed CPI y/y,CAD,2026-04-20T08:30:00Z,High,2.3%,2.3%,2.2%,false,false
,Common CPI y/y,CAD,2026-04-20T08:30:00Z,None,2.6%,2.4%,2.6%,false,false
,Core CPI m/m,CAD,2026-04-20T08:30:00Z,None,,0.4%,0.2%,false,false
,BOC Business Outlook Survey,CAD,2026-04-20T11:30:00Z,None,,,,false,false
,ECB President Lagarde Speaks,EUR,2026-04-20T12:40:00Z,None,,,,false,false
,NZIER Business Confidence,NZD,2026-04-20T18:00:00Z,None,,48,-4,false,false
,CPI q/q,NZD,2026-04-20T18:45:00Z,High,0.8%,0.6%,0.9%,false,false
,Claimant Count Change,GBP,2026-04-21T02:00:00Z,High,22.6K,17.1K,26.8K,false,false
,Average Earnings Index 3m/y,GBP,2026-04-21T02:00:00Z,None,3.6%,4.1%,3.8%,false,false
,Unemployment Rate,GBP,2026-04-21T02:00:00Z,None,5.2%,5.2%,4.9%,false,false
,German Buba President Nagel Speaks,EUR,2026-04-21T02:30:00Z,None,,,,false,false
,German ZEW Economic Sentiment,EUR,2026-04-21T05:00:00Z,None,-5.9,-0.5,-17.2,false,false
,ZEW Economic Sentiment,EUR,2026-04-21T05:00:00Z,None,-12.7,-8.5,-20.4,false,false
,ADP Weekly Employment Change,USD,2026-04-21T08:15:00Z,None,,40.3K,54.8K,false,false
,Core Retail Sales m/m,USD,2026-04-21T08:30:00Z,High,1.4%,0.7%,1.9%,false,false
,Retail Sales m/m,USD,2026-04-21T08:30:00Z,High,1.4%,0.7%,1.7%,false,false
,President Trump Speaks,USD,2026-04-21T08:30:00Z,None,,,,false,false
,Fed Chairman Warsh Testifies,USD,2026-04-21T10:00:00Z,High,,,,false,false
,Pending Home Sales m/m,USD,2026-04-21T10:00:00Z,None,0.0%,2.5%,1.5%,false,false
,Business Inventories m/m,USD,2026-04-21T10:00:00Z,None,0.4%,0.0%,0.4%,false,false
,GDT Price Index,NZD,2026-04-21T11:28:00Z,None,,-3.4%,-2.7%,false,false
,Gov Board Member Tschudin Speaks,CHF,2026-04-21T12:15:00Z,None,,,,false,false
,FOMC Member Waller Speaks,USD,2026-04-21T14:30:00Z,None,,,,false,false
,API Weekly Statistical Bulletin,USD,2026-04-21T16:30:00Z,None,,,,false,false
,Trade Balance,JPY,2026-04-21T19:50:00Z,None,0.23T,-0.37T,0.09T,false,false
,MI Leading Index m/m,AUD,2026-04-21T20:30:00Z,None,,-0.1%,-0.1%,false,false
,RBA Assist Gov Hunter Speaks,AUD,2026-04-22T01:45:00Z,None,,,,false,false
,CPI y/y,GBP,2026-04-22T02:00:00Z,High,3.3%,3.0%,3.3%,false,false
,Core CPI y/y,GBP,2026-04-22T02:00:00Z,None,3.2%,3.2%,3.1%,false,false
,PPI Input m/m,GBP,2026-04-22T02:00:00Z,None,2.9%,0.9%,4.4%,false,false
,PPI Output m/m,GBP,2026-04-22T02:00:00Z,None,1.0%,-0.5%,0.9%,false,false
,RPI y/y,GBP,2026-04-22T02:00:00Z,None,3.9%,3.6%,4.1%,false,false
,MPC Member Breeden Speaks,GBP,2026-04-22T04:05:00Z,None,,,,false,false
,HPI y/y,GBP,2026-04-22T04:30:00Z,None,0.9%,1.0%,1.2%,false,false
,German Buba Monthly Report,EUR,2026-04-22T06:00:00Z,None,,,,false,false
,NHPI m/m,CAD,2026-04-22T08:30:00Z,None,0.2%,0.3%,-0.2%,false,false
,Consumer Confidence,EUR,2026-04-22T10:00:00Z,None,-18,-16,-21,false,false
,Crude Oil Inventories,USD,2026-04-22T10:30:00Z,None,-1.9M,-0.9M,1.9M,false,false
,German Buba President Nagel Speaks,EUR,2026-04-22T13:00:00Z,None,,,,false,false
,ECB President Lagarde Speaks,EUR,2026-04-22T13:30:00Z,None,,,,false,false
,Flash Manufacturing PMI,AUD,2026-04-22T19:00:00Z,None,,49.8,51.0,false,false
,Flash Services PMI,AUD,2026-04-22T19:00:00Z,None,,46.3,50.3,false,false
,Flash Manufacturing PMI,JPY,2026-04-22T20:30:00Z,None,51.1,51.6,54.9,false,false
,Credit Card Spending y/y,NZD,2026-04-22T23:00:00Z,None,,1.1%,2.1%,false,false
,Public Sector Net Borrowing,GBP,2026-04-23T02:00:00Z,None,10.4B,12.8B,12.6B,false,false
,French Flash Manufacturing PMI,EUR,2026-04-23T03:15:00Z,None,49.5,50.0,52.8,false,false
,French Flash Services PMI,EUR,2026-04-23T03:15:00Z,None,48.5,48.8,46.5,false,false
,German Flash Manufacturing PMI,EUR,2026-04-23T03:30:00Z,High,51.4,52.2,51.2,false,false
,German Flash Services PMI,EUR,2026-04-23T03:30:00Z,High,50.4,50.9,46.9,false,false
,Flash Manufacturing PMI,EUR,2026-04-23T04:00:00Z,None,50.9,51.6,52.2,false,false
,Flash Services PMI,EUR,2026-04-23T04:00:00Z,None,49.8,50.2,47.4,false,false
,Flash Manufacturing PMI,GBP,2026-04-23T04:30:00Z,High,50.3,51.0,53.6,false,false
,Flash Services PMI,GBP,2026-04-23T04:30:00Z,High,50.0,50.5,52.0,false,false
,CBI Industrial Order Expectations,GBP,2026-04-23T06:00:00Z,None,-34,-27,-38,false,false
,IPPI m/m,CAD,2026-04-23T08:30:00Z,None,1.6%,0.6%,2.4%,false,false
,RMPI m/m,CAD,2026-04-23T08:30:00Z,None,9.3%,0.9%,12.0%,false,false
,Unemployment Claims,USD,2026-04-23T08:30:00Z,None,211K,208K,214K,false,false
,GfK Consumer Confidence,GBP,2026-04-23T09:21:00Z,None,-24,-21,-25,false,false
,Flash Manufacturing PMI,USD,2026-04-23T09:45:00Z,None,52.5,52.3,54.0,false,false
,Flash Services PMI,USD,2026-04-23T09:45:00Z,None,50.5,49.8,51.3,false,false
,Natural Gas Storage,USD,2026-04-23T10:30:00Z,None,96B,59B,103B,false,false
,German Buba President Nagel Speaks,EUR,2026-04-23T11:00:00Z,None,,,,false,false
,National Core CPI y/y,JPY,2026-04-23T19:30:00Z,None,1.7%,1.6%,1.8%,false,false
,SPPI y/y,JPY,2026-04-23T19:50:00Z,None,3.0%,2.7%,3.1%,false,false
,Retail Sales m/m,GBP,2026-04-24T02:00:00Z,High,0.0%,-0.6%,0.7%,false,false
,SNB Chairman Schlegel Speaks,CHF,2026-04-24T04:00:00Z,None,,,,false,false
,German ifo Business Climate,EUR,2026-04-24T04:00:00Z,None,85.7,86.3,84.4,false,false
,Foreign Direct Investment ytd/y,CNY,2026-04-24T05:01:00Z,None,,-5.7%,-7.3%,false,false
,Core Retail Sales m/m,CAD,2026-04-24T08:30:00Z,None,0.8%,1.0%,0.5%,false,false
,Retail Sales m/m,CAD,2026-04-24T08:30:00Z,None,0.9%,1.2%,0.7%,false,false
,Belgian NBB Business Climate,EUR,2026-04-24T08:32:00Z,None,-14.8,-13.7,-14.2,false,false
,Revised UoM Consumer Sentiment,USD,2026-04-24T10:00:00Z,None,48.5,47.6,49.8,false,false
,Revised UoM Inflation Expectations,USD,2026-04-24T10:00:00Z,None,,4.8%,4.7%,false,false
,President Trump Speaks,USD,2026-04-25T12:00:00Z,None,,,,false,false
,President Trump Speaks,USD,2026-04-25T22:45:00Z,None,,,,false,false
,Bank Holiday,AUD,2026-04-26T00:00:00Z,None,,,,true,false
,Bank Holiday,NZD,2026-04-26T00:00:00Z,None,,,,true,false
,President Trump Speaks,USD,2026-04-26T19:00:00Z,None,,,,false,false
,German GfK Consumer Climate,EUR,2026-04-27T02:00:00Z,None,-30.2,-28.1,-33.3,false,false
,CBI Realized Sales,GBP,2026-04-27T06:00:00Z,None,-42,-52,-68,false,false
,CB Leading Index m/m,CNY,2026-04-27T09:00:00Z,None,,-0.2%,-0.2%,false,false
,BRC Shop Price Index y/y,GBP,2026-04-27T19:01:00Z,None,1.4%,1.2%,1.0%,false,false
,Unemployment Rate,JPY,2026-04-27T19:30:00Z,None,2.6%,2.6%,2.7%,false,false
,BOJ Outlook Report,JPY,2026-04-27T23:04:00Z,High,,,,false,false
,BOJ Policy Rate,JPY,2026-04-27T23:04:00Z,High,<0.75%,<0.75%,<0.75%,false,false
,Monetary Policy Statement,JPY,2026-04-27T23:04:00Z,High,,,,false,false
,Bank Holiday,JPY,2026-04-28T00:00:00Z,None,,,,true,false
,BOJ Core CPI y/y,JPY,2026-04-28T01:00:00Z,None,1.9%,1.7%,1.7%,false,false
,BOJ Press Conference,JPY,2026-04-28T02:30:00Z,High,,,,false,false
,Spanish Unemployment Rate,EUR,2026-04-28T03:00:00Z,None,9.8%,9.9%,10.8%,false,false
,ADP Weekly Employment Change,USD,2026-04-28T08:15:00Z,None,,40.3K,39.3K,false,false
,HPI m/m,USD,2026-04-28T09:00:00Z,None,0.1%,0.2%,0.0%,false,false
,S&P/CS Composite-20 HPI y/y,USD,2026-04-28T09:00:00Z,None,1.1%,1.2%,0.9%,false,false
,CB Consumer Confidence,USD,2026-04-28T10:00:00Z,None,89.0,92.2,92.8,false,false
,Richmond Manufacturing Index,USD,2026-04-28T10:00:00Z,None,2,0,3,false,false
,API Weekly Statistical Bulletin,USD,2026-04-28T16:30:00Z,None,,,,false,false
,RBNZ Gov Breman Speaks,NZD,2026-04-28T20:30:00Z,None,,,,false,false
,CPI m/m,AUD,2026-04-28T21:30:00Z,High,1.3%,0.0%,1.1%,false,false
,CPI y/y,AUD,2026-04-28T21:30:00Z,High,4.8%,3.7%,4.6%,false,false
,Trimmed Mean CPI m/m,AUD,2026-04-28T21:30:00Z,High,0.3%,0.2%,0.3%,false,false
,Building Permits,USD,2026-04-29T00:00:00Z,None,,1.39M,1.54M,false,false
,German Prelim CPI m/m,EUR,2026-04-29T00:00:00Z,None,0.7%,1.1%,0.6%,true,false
,Housing Starts,USD,2026-04-29T00:00:00Z,None,,1.40M,1.36M,false,false
,Spanish Flash CPI y/y,EUR,2026-04-29T03:00:00Z,None,3.5%,3.3%,3.2%,false,false
,M3 Money Supply y/y,EUR,2026-04-29T04:00:00Z,None,3.1%,3.0%,3.2%,false,false
,Private Loans y/y,EUR,2026-04-29T04:00:00Z,None,3.1%,3.0%,3.0%,false,false
,UBS Economic Expectations,CHF,2026-04-29T04:00:00Z,None,,-35.0,-30.3,false,false
,Italian 10-y Bond Auction,EUR,2026-04-29T05:17:00Z,None,,4.09|1.7,3.77|1.7,false,false
,German 10-y Bond Auction,EUR,2026-04-29T05:32:00Z,None,,2.92|1.2,3.08|1.5,false,false
,Housing Starts,USD,2026-04-29T08:30:00Z,None,1.38M,1.36M,1.50M,false,false
,Building Permits,USD,2026-04-29T08:30:00Z,None,1.39M,1.54M,1.37M,false,false
,Durable Goods Orders m/m,USD,2026-04-29T08:30:00Z,None,0.4%,-1.3%,0.8%,false,false
,Goods Trade Balance,USD,2026-04-29T08:30:00Z,None,-87.5B,-83.5B,-87.9B,false,false
,Core Durable Goods Orders m/m,USD,2026-04-29T08:30:00Z,None,0.4%,0.9%,0.9%,false,false
,Prelim Wholesale Inventories m/m,USD,2026-04-29T08:30:00Z,None,0.4%,0.9%,1.4%,false,false
,BOC Monetary Policy Report,CAD,2026-04-29T09:45:00Z,High,,,,false,false
,BOC Rate Statement,CAD,2026-04-29T09:45:00Z,High,,,,false,false
,Overnight Rate,CAD,2026-04-29T09:45:00Z,High,2.25%,2.25%,2.25%,false,false
,Crude Oil Inventories,USD,2026-04-29T10:30:00Z,None,0.3M,1.9M,-6.2M,false,false
,BOC Press Conference,CAD,2026-04-29T10:30:00Z,High,,,,false,false
,FOMC Statement,USD,2026-04-29T14:00:00Z,High,,,,false,false
,Federal Funds Rate,USD,2026-04-29T14:00:00Z,High,3.75%,3.75%,3.75%,false,false
,FOMC Press Conference,USD,2026-04-29T14:30:00Z,High,,,,false,false
,Prelim Industrial Production m/m,JPY,2026-04-29T19:50:00Z,None,1.0%,-2.0%,-0.5%,false,false
,Retail Sales y/y,JPY,2026-04-29T19:50:00Z,None,0.9%,-0.1%,1.7%,false,false
,ANZ Business Confidence,NZD,2026-04-29T21:00:00Z,None,,32.5,-10.6,false,false
,Import Prices q/q,AUD,2026-04-29T21:30:00Z,None,0.4%,0.9%,0.1%,false,false
,Private Sector Credit m/m,AUD,2026-04-29T21:30:00Z,None,0.6%,0.6%,0.7%,false,false
,Manufacturing PMI,CNY,2026-04-29T21:30:00Z,None,50.1,50.4,50.3,false,false
,Non-Manufacturing PMI,CNY,2026-04-29T21:30:00Z,None,49.9,50.1,49.4,false,false
,RatingDog Manufacturing PMI,CNY,2026-04-29T21:45:00Z,None,50.9,50.8,52.2,false,false
,Bank Holiday,CNY,2026-04-30T00:00:00Z,None,,,,true,false
,CB Leading Index m/m,USD,2026-04-30T00:00:00Z,None,,-0.1%,0.3%,false,false
,Consumer Confidence,JPY,2026-04-30T01:00:00Z,None,32.8,33.3,32.2,false,false
,Housing Starts y/y,JPY,2026-04-30T01:00:00Z,None,-28.7%,-4.9%,-29.3%,false,false
,French Consumer Spending m/m,EUR,2026-04-30T01:30:00Z,None,0.7%,-1.4%,0.7%,false,false
,French Flash GDP q/q,EUR,2026-04-30T01:30:00Z,None,0.2%,0.2%,0.0%,false,false
,German Retail Sales m/m,EUR,2026-04-30T02:00:00Z,None,-0.3%,-0.3%,-2.0%,false,false
,German Import Prices m/m,EUR,2026-04-30T02:00:00Z,None,3.6%,0.3%,3.6%,false,false
,French Prelim Private Payrolls q/q,EUR,2026-04-30T02:45:00Z,None,-0.1%,-0.1%,-0.1%,false,false
,French Prelim CPI m/m,EUR,2026-04-30T02:45:00Z,None,0.9%,1.0%,1.0%,false,false
,Spanish Flash GDP q/q,EUR,2026-04-30T03:00:00Z,None,0.5%,0.8%,0.6%,false,false
,KOF Economic Barometer,CHF,2026-04-30T03:00:00Z,None,95.8,95.6,97.9,false,false
,German Unemployment Change,EUR,2026-04-30T03:55:00Z,None,4K,3K,20K,false,false
,Italian Prelim GDP q/q,EUR,2026-04-30T04:00:00Z,None,0.1%,0.3%,0.2%,false,false
,German Prelim GDP q/q,EUR,2026-04-30T04:00:00Z,None,0.1%,0.3%,0.3%,false,false
,Italian Monthly Unemployment Rate,EUR,2026-04-30T04:30:00Z,None,5.3%,5.4%,5.2%,false,false
,Core CPI Flash Estimate y/y,EUR,2026-04-30T05:00:00Z,None,2.2%,2.3%,2.2%,false,false
,CPI Flash Estimate y/y,EUR,2026-04-30T05:00:00Z,None,3.0%,2.6%,3.0%,false,false
,Italian Prelim CPI m/m,EUR,2026-04-30T05:00:00Z,None,0.9%,0.5%,1.2%,false,false
,Prelim Flash GDP q/q,EUR,2026-04-30T05:00:00Z,None,0.2%,0.2%,0.1%,false,false
,Unemployment Rate,EUR,2026-04-30T05:00:00Z,None,6.2%,6.3%,6.2%,false,false
,BOE Monetary Policy Report,GBP,2026-04-30T07:00:00Z,High,,,,false,false
,Monetary Policy Summary,GBP,2026-04-30T07:00:00Z,High,,,,false,false
,MPC Official Bank Rate Votes,GBP,2026-04-30T07:00:00Z,High,1-0-8,0-0-9,1-0-8,false,false
,Official Bank Rate,GBP,2026-04-30T07:00:00Z,High,3.75%,3.75%,3.75%,false,false
,BOE Inflation Letter,GBP,2026-04-30T07:00:00Z,None,,,,false,false
,BOE Gov Bailey Speaks,GBP,2026-04-30T07:30:00Z,High,,,,false,false
,Main Refinancing Rate,EUR,2026-04-30T08:15:00Z,High,2.15%,2.15%,2.15%,false,false
,Monetary Policy Statement,EUR,2026-04-30T08:15:00Z,High,,,,false,false
,GDP m/m,CAD,2026-04-30T08:30:00Z,High,0.2%,0.1%,0.2%,false,false
,Advance GDP q/q,USD,2026-04-30T08:30:00Z,High,2.2%,0.5%,2.0%,false,false
,Core PCE Price Index m/m,USD,2026-04-30T08:30:00Z,High,0.3%,0.4%,0.3%,false,false
,Employment Cost Index q/q,USD,2026-04-30T08:30:00Z,High,0.8%,0.7%,0.9%,false,false
,Advance GDP Price Index q/q,USD,2026-04-30T08:30:00Z,None,3.8%,3.7%,3.6%,false,false
,Unemployment Claims,USD,2026-04-30T08:30:00Z,None,213K,215K,189K,false,false
,Personal Income m/m,USD,2026-04-30T08:30:00Z,None,0.3%,0.0%,0.6%,false,false
,Personal Spending m/m,USD,2026-04-30T08:30:00Z,None,0.9%,0.6%,0.9%,false,false
,ECB Press Conference,EUR,2026-04-30T08:45:00Z,High,,,,false,false
,Chicago PMI,USD,2026-04-30T09:45:00Z,None,54.8,52.8,49.2,false,false
,CB Leading Index m/m,USD,2026-04-30T10:00:00Z,None,-0.2%,0.3%,-0.6%,false,false
,Natural Gas Storage,USD,2026-04-30T10:30:00Z,None,83B,103B,79B,false,false
,Building Consents m/m,NZD,2026-04-30T18:45:00Z,None,,2.8%,-1.3%,false,false
,Tokyo Core CPI y/y,JPY,2026-04-30T19:30:00Z,None,1.8%,1.7%,1.5%,false,false
,Final Manufacturing PMI,JPY,2026-04-30T20:30:00Z,None,54.9,54.9,55.1,false,false
,PPI q/q,AUD,2026-04-30T21:30:00Z,None,0.9%,0.8%,0.4%,false,false
,Omdia Total Vehicle Sales,USD,2026-05-01T00:00:00Z,None,16.0M,16.3M,15.9M,true,false
,French Bank Holiday,EUR,2026-05-01T00:00:00Z,None,,,,true,false
,German Bank Holiday,EUR,2026-05-01T00:00:00Z,None,,,,true,false
,Italian Bank Holiday,EUR,2026-05-01T00:00:00Z,None,,,,true,false
,Bank Holiday,CHF,2026-05-01T00:00:00Z,None,,,,true,false
,Nationwide HPI m/m,GBP,2026-05-01T02:00:00Z,None,-0.3%,0.9%,0.4%,false,false
,Commodity Prices y/y,AUD,2026-05-01T02:30:00Z,None,,12.6%,15.7%,false,false
,Retail Sales y/y,CHF,2026-05-01T02:30:00Z,None,0.6%,0.4%,0.5%,false,false
,M4 Money Supply m/m,GBP,2026-05-01T04:30:00Z,None,0.5%,0.7%,0.8%,false,false
,Mortgage Approvals,GBP,2026-05-01T04:30:00Z,None,60K,63K,64K,false,false
,Net Lending to Individuals m/m,GBP,2026-05-01T04:30:00Z,None,5.9B,7.2B,8.0B,false,false
,Final Manufacturing PMI,GBP,2026-05-01T04:30:00Z,None,53.3,53.6,53.7,false,false
,MPC Member Pill Speaks,GBP,2026-05-01T07:15:00Z,None,,,,false,false
,Manufacturing PMI,CAD,2026-05-01T09:30:00Z,None,,50.0,53.3,false,false
,Final Manufacturing PMI,USD,2026-05-01T09:45:00Z,None,54.0,54.0,54.5,false,false
,ISM Manufacturing PMI,USD,2026-05-01T10:00:00Z,None,53.1,52.7,52.7,false,false
,ISM Manufacturing Prices,USD,2026-05-01T10:00:00Z,None,80.0,78.3,84.6,false,false
,President Trump Speaks,USD,2026-05-01T15:00:00Z,None,,,,false,false
,Bank Holiday,JPY,2026-05-03T00:00:00Z,None,,,,true,false
,Bank Holiday,CNY,2026-05-03T00:00:00Z,None,,,,true,false
,MI Inflation Gauge m/m,AUD,2026-05-03T21:00:00Z,None,,1.3%,0.6%,false,false
,ANZ Job Advertisements m/m,AUD,2026-05-03T21:30:00Z,None,,-3.2%,-0.8%,false,false
,Building Approvals m/m,AUD,2026-05-03T21:30:00Z,None,-10.2%,31.0%,-10.5%,false,false
,Bank Holiday,GBP,2026-05-04T00:00:00Z,None,,,,true,false
,Eurogroup Meetings,EUR,2026-05-04T00:00:00Z,None,,,,true,false
,Bank Holiday,JPY,2026-05-04T00:00:00Z,None,,,,true,false
,Bank Holiday,CNY,2026-05-04T00:00:00Z,None,,,,true,false
,Spanish Manufacturing PMI,EUR,2026-05-04T03:15:00Z,None,49.5,48.7,51.7,false,false
,Manufacturing PMI,CHF,2026-05-04T03:30:00Z,None,52.0,53.3,54.5,false,false
,Italian Manufacturing PMI,EUR,2026-05-04T03:45:00Z,None,51.6,51.3,52.1,false,false
,French Final Manufacturing PMI,EUR,2026-05-04T03:50:00Z,None,52.8,52.8,52.8,false,false
,German Final Manufacturing PMI,EUR,2026-05-04T03:55:00Z,None,51.2,51.2,51.4,false,false
,Final Manufacturing PMI,EUR,2026-05-04T04:00:00Z,None,52.2,52.2,52.2,false,false
,Sentix Investor Confidence,EUR,2026-05-04T04:30:00Z,None,-20.9,-19.2,-16.4,false,false
,Factory Orders m/m,USD,2026-05-04T10:00:00Z,None,0.5%,0.3%,1.5%,false,false
,FOMC Member Williams Speaks,USD,2026-05-04T12:50:00Z,None,,,,false,false
,German Buba President Nagel Speaks,EUR,2026-05-04T13:05:00Z,None,,,,false,false
,Loan Officer Survey,USD,2026-05-04T14:00:00Z,None,,,,false,false
,BOC Gov Macklem Speaks,CAD,2026-05-04T15:30:00Z,None,,,,false,false
,ANZ Commodity Prices m/m,NZD,2026-05-04T21:00:00Z,None,,4.2%,-0.8%,false,false
,Household Spending m/m,AUD,2026-05-04T21:30:00Z,None,1.8%,0.3%,1.6%,false,false
,ECOFIN Meetings,EUR,2026-05-05T00:00:00Z,None,,,,true,false
,New Home Sales,USD,2026-05-05T00:00:00Z,None,,583K,635K,false,false
,Bank Holiday,JPY,2026-05-05T00:00:00Z,None,,,,true,false
,Cash Rate,AUD,2026-05-05T00:30:00Z,High,4.35%,4.10%,4.35%,false,false
,RBA Rate Statement,AUD,2026-05-05T00:30:00Z,High,,,,false,false
,RBA Monetary Policy Statement,AUD,2026-05-05T00:30:00Z,High,,,,false,false
,RBA Press Conference,AUD,2026-05-05T01:30:00Z,High,,,,false,false
,CPI m/m,CHF,2026-05-05T02:30:00Z,None,0.3%,0.2%,0.3%,false,false
,Spanish Unemployment Change,EUR,2026-05-05T03:00:00Z,None,-18.6K,-22.9K,-62.7K,false,false
,ECB President Lagarde Speaks,EUR,2026-05-05T08:30:00Z,None,,,,false,false
,Trade Balance,USD,2026-05-05T08:30:00Z,None,-61.0B,-57.8B,-60.3B,false,false
,Trade Balance,CAD,2026-05-05T08:30:00Z,None,-2.4B,-5.1B,1.8B,false,false
,French Gov Budget Balance,EUR,2026-05-05T09:31:00Z,None,,-32.1B,-42.9B,false,false
,Final Services PMI,USD,2026-05-05T09:45:00Z,None,51.3,51.3,51.0,false,false
,FOMC Member Bowman Speaks,USD,2026-05-05T10:00:00Z,None,,,,false,false
,New Home Sales,USD,2026-05-05T10:00:00Z,None,652K,635K,682K,false,false
,JOLTS Job Openings,USD,2026-05-05T10:00:00Z,High,6.86M,6.92M,6.87M,false,false
,ISM Services PMI,USD,2026-05-05T10:00:00Z,High,53.7,54.0,53.6,false,false
,RCM/TIPP Economic Optimism,USD,2026-05-05T10:03:00Z,None,42.0,42.8,42.6,false,false
,GDT Price Index,NZD,2026-05-05T11:37:00Z,None,,-2.7%,1.5%,false,false
,FOMC Member Barr Speaks,USD,2026-05-05T12:30:00Z,None,,,,false,false
,API Weekly Statistical Bulletin,USD,2026-05-05T16:30:00Z,None,,,,false,false
,RBNZ Financial Stability Report,NZD,2026-05-05T17:00:00Z,None,,,,false,false
,Labor Cost Index q/q,NZD,2026-05-05T18:45:00Z,None,0.4%,0.4%,0.5%,false,false
,Employment Change q/q,NZD,2026-05-05T18:45:00Z,High,0.3%,0.5%,0.2%,false,false
,Unemployment Rate,NZD,2026-05-05T18:45:00Z,High,5.4%,5.4%,5.3%,false,false
,RBNZ Gov Breman Speaks,NZD,2026-05-05T21:00:00Z,None,,,,false,false
,RatingDog Services PMI,CNY,2026-05-05T21:45:00Z,None,52.0,52.1,52.6,false,false
,French Industrial Production m/m,EUR,2026-05-06T02:45:00Z,None,0.5%,-0.9%,1.0%,false,false
,Spanish Services PMI,EUR,2026-05-06T03:15:00Z,None,51.9,53.3,47.9,false,false
,Italian Services PMI,EUR,2026-05-06T03:45:00Z,None,47.9,48.8,49.8,false,false
,French Final Services PMI,EUR,2026-05-06T03:50:00Z,None,46.5,46.5,46.5,false,false
,German Final Services PMI,EUR,2026-05-06T03:55:00Z,None,46.9,46.9,46.9,false,false
,Final Services PMI,EUR,2026-05-06T04:00:00Z,None,47.4,47.4,47.6,false,false
,Italian Retail Sales m/m,EUR,2026-05-06T04:00:00Z,None,-0.4%,-0.1%,0.8%,false,false
,Final Services PMI,GBP,2026-05-06T04:30:00Z,None,51.9,52.0,52.7,false,false
,PPI m/m,EUR,2026-05-06T05:00:00Z,None,3.3%,-0.6%,3.4%,false,false
,ADP Non-Farm Employment Change,USD,2026-05-06T08:15:00Z,None,118K,61K,109K,false,false
,FOMC Member Musalem Speaks,USD,2026-05-06T09:30:00Z,None,,,,false,false
,Ivey PMI,CAD,2026-05-06T10:00:00Z,None,49.9,49.7,57.7,false,false
,Crude Oil Inventories,USD,2026-05-06T10:30:00Z,None,-3.4M,-6.2M,-2.3M,false,false
,FOMC Member Goolsbee Speaks,USD,2026-05-06T13:00:00Z,None,,,,false,false
,BOC Gov Macklem Speaks,CAD,2026-05-06T16:15:00Z,None,,,,false,false
,RBNZ Gov Breman Speaks,NZD,2026-05-06T17:10:00Z,None,,,,false,false
,Monetary Base y/y,JPY,2026-05-06T19:50:00Z,None,-10.5%,-11.6%,-11.3%,false,false
,Monetary Policy Meeting Minutes,JPY,2026-05-06T19:50:00Z,None,,,,false,false
,Goods Trade Balance,AUD,2026-05-06T21:30:00Z,None,4.38B,5.03B,-1.84B,false,false
,Construction Spending m/m,USD,2026-05-07T00:00:00Z,None,,-1.9%,-0.2%,false,false
,German Factory Orders m/m,EUR,2026-05-07T02:00:00Z,None,1.0%,1.4%,5.0%,false,false
,French Trade Balance,EUR,2026-05-07T02:45:00Z,None,-6.7B,-5.5B,-6.9B,false,false
,Foreign Currency Reserves,CHF,2026-05-07T03:00:00Z,None,,721B,716B,false,false
,Unemployment Rate,CHF,2026-05-07T03:00:00Z,None,3.0%,3.0%,3.0%,false,false
,MPC Member Lombardelli Speaks,GBP,2026-05-07T04:00:00Z,None,,,,false,false
,Construction PMI,GBP,2026-05-07T04:30:00Z,None,45.8,45.6,39.7,false,false
,Spanish 10-y Bond Auction,EUR,2026-05-07T04:46:00Z,None,,3.44|2.0,3.39|2.1,false,false
,French 10-y Bond Auction,EUR,2026-05-07T04:57:00Z,None,,3.73|1.9,3.61|2.0,false,false
,Retail Sales m/m,EUR,2026-05-07T05:00:00Z,None,-0.3%,-0.3%,-0.1%,false,false
,Challenger Job Cuts y/y,USD,2026-05-07T05:30:00Z,None,,-78.0%,-20.9%,false,false
,Unemployment Claims,USD,2026-05-07T08:30:00Z,None,205K,190K,200K,false,false
,Prelim Nonfarm Productivity q/q,USD,2026-05-07T08:30:00Z,None,0.7%,1.8%,0.8%,false,false
,Prelim Unit Labor Costs q/q,USD,2026-05-07T08:30:00Z,None,2.6%,4.4%,2.3%,false,false
,MPC Member Taylor Speaks,GBP,2026-05-07T08:40:00Z,None,,,,false,false
,Construction Spending m/m,USD,2026-05-07T10:00:00Z,None,0.3%,-0.2%,0.6%,false,false
,Natural Gas Storage,USD,2026-05-07T10:30:00Z,None,72B,79B,63B,false,false
,FOMC Member Kashkari Speaks,USD,2026-05-07T13:00:00Z,None,,,,false,false
,FOMC Member Hammack Speaks,USD,2026-05-07T14:05:00Z,None,,,,false,false
,Consumer Credit m/m,USD,2026-05-07T15:00:00Z,None,12.5B,8.8B,24.9B,false,false
,FOMC Member Williams Speaks,USD,2026-05-07T15:30:00Z,None,,,,false,false
,Average Cash Earnings y/y,JPY,2026-05-07T19:30:00Z,None,3.2%,3.4%,2.7%,false,false
,French Bank Holiday,EUR,2026-05-08T00:00:00Z,None,,,,true,false
,German Industrial Production m/m,EUR,2026-05-08T02:00:00Z,None,0.4%,-0.5%,-0.7%,false,false
,German Trade Balance,EUR,2026-05-08T02:00:00Z,None,17.8B,19.6B,14.3B,false,false
,Lloyds HPI m/m,GBP,2026-05-08T02:00:00Z,None,0.0%,-0.5%,-0.1%,false,false
,SECO Consumer Climate,CHF,2026-05-08T03:00:00Z,None,-46,-43,-40,false,false
,ECB President Lagarde Speaks,EUR,2026-05-08T03:00:00Z,None,,,,false,false
,FOMC Member Cook Speaks,USD,2026-05-08T05:45:00Z,None,,,,false,false
,BOE Gov Bailey Speaks,GBP,2026-05-08T08:20:00Z,High,,,,false,false
,Unemployment Rate,USD,2026-05-08T08:30:00Z,High,4.3%,4.3%,4.3%,false,false
,Employment Change,CAD,2026-05-08T08:30:00Z,High,12.9K,14.1K,-17.7K,false,false
,Unemployment Rate,CAD,2026-05-08T08:30:00Z,High,6.7%,6.7%,6.9%,false,false
,Average Hourly Earnings m/m,USD,2026-05-08T08:30:00Z,High,0.3%,0.2%,0.2%,false,false
,Non-Farm Employment Change,USD,2026-05-08T08:30:00Z,High,65K,185K,115K,false,false
,Final Wholesale Inventories m/m,USD,2026-05-08T10:00:00Z,None,1.4%,1.4%,1.3%,false,false
,Prelim UoM Consumer Sentiment,USD,2026-05-08T10:00:00Z,None,49.7,49.8,48.2,false,false
,Prelim UoM Inflation Expectations,USD,2026-05-08T10:00:00Z,None,,4.7%,4.5%,false,false
,FOMC Member Goolsbee Speaks,USD,2026-05-08T11:05:00Z,None,,,,false,false
,President Trump Speaks,USD,2026-05-08T12:00:00Z,None,,,,false,false
,German Buba President Nagel Speaks,EUR,2026-05-08T12:15:00Z,None,,,,false,false
,FOMC Member Goolsbee Speaks,USD,2026-05-08T14:20:00Z,None,,,,false,false
,FOMC Financial Stability Report,USD,2026-05-08T16:00:00Z,None,,,,false,false
,FOMC Member Goolsbee Speaks,USD,2026-05-08T19:30:00Z,None,,,,false,false
,FOMC Member Daly Speaks,USD,2026-05-08T19:30:00Z,None,,,,false,false
,FOMC Member Bowman Speaks,USD,2026-05-08T19:30:00Z,None,,,,false,false
,FOMC Member Waller Speaks,USD,2026-05-08T19:30:00Z,None,,,,false,false
,USD-Denominated Trade Balance,CNY,2026-05-08T22:42:00Z,None,83.1B,51.1B,84.8B,false,false
,Trade Balance,CNY,2026-05-08T22:43:00Z,None,575B,355B,586B,false,false
,CPI y/y,CNY,2026-05-10T21:30:00Z,None,0.9%,1.0%,1.2%,false,false
,PPI y/y,CNY,2026-05-10T21:30:00Z,None,1.7%,0.5%,2.8%,false,false
,Cleveland Fed Inflation Expectations,USD,2026-05-11T09:45:00Z,None,,3.1%,3.7%,false,false
,Existing Home Sales,USD,2026-05-11T10:00:00Z,None,4.05M,4.01M,4.02M,false,false
,BRC Retail Sales Monitor y/y,GBP,2026-05-11T19:01:00Z,None,0.7%,3.1%,-3.4%,false,false
,Household Spending y/y,JPY,2026-05-11T19:30:00Z,None,-1.4%,-1.8%,-2.9%,false,false
,BOJ Summary of Opinions,JPY,2026-05-11T19:50:00Z,None,,,,false,false
,NAB Business Confidence,AUD,2026-05-11T21:30:00Z,None,,-29,-24,false,false
,10-y Bond Auction,JPY,2026-05-11T23:35:00Z,None,,2.35|2.6,2.54|3.9,false,false
,ADP Weekly Employment Change,USD,2026-05-12T00:00:00Z,None,,39.3K,30.3K,false,false
,Leading Indicators,JPY,2026-05-12T01:00:00Z,None,114.4%,113.3%,114.5%,false,false
,German Final CPI m/m,EUR,2026-05-12T02:00:00Z,None,0.6%,0.6%,0.6%,false,false
,PPI m/m,CHF,2026-05-12T02:30:00Z,None,0.4%,0.2%,0.8%,false,false
,German Buba President Nagel Speaks,EUR,2026-05-12T03:15:00Z,None,,,,false,false
,FOMC Member Williams Speaks,USD,2026-05-12T03:15:00Z,None,,,,false,false
,Italian Industrial Production m/m,EUR,2026-05-12T04:00:00Z,None,0.2%,0.2%,0.7%,false,false
,ZEW Economic Sentiment,EUR,2026-05-12T05:00:00Z,None,-21.6,-20.4,-9.1,false,false
,German ZEW Economic Sentiment,EUR,2026-05-12T05:00:00Z,None,-19.2,-17.2,-10.2,false,false
,Annual Budget Release,AUD,2026-05-12T05:30:00Z,None,,,,false,false
,NFIB Small Business Index,USD,2026-05-12T06:00:00Z,None,96.1,95.8,95.9,false,false
,ADP Weekly Employment Change,USD,2026-05-12T08:15:00Z,None,,30.3K,33.0K,false,false
,Core CPI y/y,USD,2026-05-12T08:30:00Z,High,2.7%,2.6%,2.8%,false,false
,CPI m/m,USD,2026-05-12T08:30:00Z,High,0.6%,0.9%,0.6%,false,false
,CPI y/y,USD,2026-05-12T08:30:00Z,High,3.7%,3.3%,3.8%,false,false
,Core CPI m/m,USD,2026-05-12T08:30:00Z,High,0.3%,0.2%,0.4%,false,false
,FOMC Member Goolsbee Speaks,USD,2026-05-12T09:10:00Z,None,,,,false,false
,CB Leading Index m/m,AUD,2026-05-12T10:30:00Z,None,,1.0%,-0.6%,false,false
,FOMC Member Goolsbee Speaks,USD,2026-05-12T13:00:00Z,None,,,,false,false
,10-y Bond Auction,USD,2026-05-12T13:01:00Z,None,,4.28|2.4,4.47|2.4,false,false
,Federal Budget Balance,USD,2026-05-12T14:00:00Z,None,157.2B,-164.1B,215.0B,false,false
,API Weekly Statistical Bulletin,USD,2026-05-12T16:30:00Z,None,,,,false,false
,Bank Lending y/y,JPY,2026-05-12T19:50:00Z,None,4.6%,4.8%,5.4%,false,false
,Current Account,JPY,2026-05-12T19:50:00Z,None,2.95T,2.70T,3.90T,false,false
,Wage Price Index q/q,AUD,2026-05-12T21:30:00Z,None,0.8%,0.8%,0.8%,false,false
,Inflation Expectations q/q,NZD,2026-05-12T23:00:00Z,None,,2.37%,2.53%,false,false
,Economy Watchers Sentiment,JPY,2026-05-13T01:00:00Z,None,41.5,42.2,40.8,false,false
,German WPI m/m,EUR,2026-05-13T02:00:00Z,None,1.7%,2.7%,2.0%,false,false
,French Final CPI m/m,EUR,2026-05-13T02:45:00Z,None,1.0%,1.0%,1.0%,false,false
,Flash Employment Change q/q,EUR,2026-05-13T05:00:00Z,None,0.0%,0.2%,0.1%,false,false
,Flash GDP q/q,EUR,2026-05-13T05:00:00Z,None,0.1%,0.1%,0.1%,false,false
,Industrial Production m/m,EUR,2026-05-13T05:00:00Z,None,0.3%,0.2%,0.2%,false,false
,German 30-y Bond Auction,EUR,2026-05-13T05:35:00Z,None,,3.58|1.4,3.62|1.3,false,false
,PPI m/m,USD,2026-05-13T08:30:00Z,High,0.5%,0.7%,1.4%,false,false
,Core PPI m/m,USD,2026-05-13T08:30:00Z,High,0.3%,0.2%,1.0%,false,false
,CB Leading Index m/m,GBP,2026-05-13T09:30:00Z,None,,-0.1%,-0.7%,false,false
,MPC Member Mann Speaks,GBP,2026-05-13T10:00:00Z,None,,,,false,false
,Crude Oil Inventories,USD,2026-05-13T10:30:00Z,None,-2.0M,-2.3M,-4.3M,false,false
,Gov Council Member Alexopoulos Speaks,CAD,2026-05-13T11:05:00Z,None,,,,false,false
,FOMC Member Collins Speaks,USD,2026-05-13T11:30:00Z,None,,,,false,false
,30-y Bond Auction,USD,2026-05-13T13:01:00Z,None,,4.88|2.4,5.05|2.3,false,false
,FOMC Member Kashkari Speaks,USD,2026-05-13T13:15:00Z,None,,,,false,false
,BOC Summary of Deliberations,CAD,2026-05-13T13:30:00Z,None,,,,false,false
,Fed Chair Nomination Vote,USD,2026-05-13T14:40:00Z,High,Pass,,Pass,false,false
,ECB President Lagarde Speaks,EUR,2026-05-13T15:15:00Z,None,,,,false,false
,Visitor Arrivals m/m,NZD,2026-05-13T18:50:00Z,None,,2.1%,-3.0%,false,false
,RICS House Price Balance,GBP,2026-05-13T19:01:00Z,None,-25%,-25%,-34%,false,false
,M2 Money Stock y/y,JPY,2026-05-13T19:50:00Z,None,1.9%,2.0%,2.3%,false,false
,30-y Bond Auction,JPY,2026-05-13T23:35:00Z,None,,3.70|3.1,3.84|3.5,false,false
,German Bank Holiday,EUR,2026-05-14T00:00:00Z,None,,,,true,false
,French Bank Holiday,EUR,2026-05-14T00:00:00Z,None,,,,true,false
,Bank Holiday,CHF,2026-05-14T00:00:00Z,None,,,,true,false
,Index of Services 3m/3m,GBP,2026-05-14T02:00:00Z,None,0.6%,0.6%,0.8%,false,false
,GDP m/m,GBP,2026-05-14T02:00:00Z,High,-0.1%,0.4%,0.3%,false,false
,Prelim GDP q/q,GBP,2026-05-14T02:00:00Z,None,0.6%,0.2%,0.6%,false,false
,Construction Output m/m,GBP,2026-05-14T02:00:00Z,None,-0.5%,0.5%,1.5%,false,false
,Goods Trade Balance,GBP,2026-05-14T02:00:00Z,None,-19.8B,-22.8B,-27.2B,false,false
,Industrial Production m/m,GBP,2026-05-14T02:00:00Z,None,-0.2%,0.3%,-0.2%,false,false
,Manufacturing Production m/m,GBP,2026-05-14T02:00:00Z,None,-0.1%,-0.2%,1.2%,false,false
,Prelim Business Investment q/q,GBP,2026-05-14T02:00:00Z,None,1.1%,-2.5%,0.7%,false,false
,M2 Money Supply y/y,CNY,2026-05-14T05:01:00Z,None,8.5%,8.5%,8.6%,false,false
,New Loans,CNY,2026-05-14T05:02:00Z,None,320B,2990B,-10B,false,false
,Unemployment Claims,USD,2026-05-14T08:30:00Z,None,205K,199K,211K,false,false
,Retail Sales m/m,USD,2026-05-14T08:30:00Z,High,0.5%,1.6%,0.5%,false,false
,Core Retail Sales m/m,USD,2026-05-14T08:30:00Z,High,0.7%,1.9%,0.7%,false,false
,Wholesale Sales m/m,CAD,2026-05-14T08:30:00Z,None,1.3%,2.4%,1.9%,false,false
,Import Prices m/m,USD,2026-05-14T08:30:00Z,None,1.0%,0.9%,1.9%,false,false
,Business Inventories m/m,USD,2026-05-14T10:00:00Z,None,0.8%,0.4%,0.9%,false,false
,Mortgage Delinquencies,USD,2026-05-14T10:13:00Z,None,,4.26%,4.44%,false,false
,FOMC Member Schmid Speaks,USD,2026-05-14T10:15:00Z,None,,,,false,false
,Natural Gas Storage,USD,2026-05-14T10:30:00Z,None,86B,63B,85B,false,false
,MPC Member Pill Speaks,GBP,2026-05-14T11:15:00Z,None,,,,false,false
,FOMC Member Hammack Speaks,USD,2026-05-14T13:00:00Z,None,,,,false,false
,FOMC Member Williams Speaks,USD,2026-05-14T17:45:00Z,None,,,,false,false
,BusinessNZ Manufacturing Index,NZD,2026-05-14T18:30:00Z,None,,52.8,50.5,false,false
,FPI m/m,NZD,2026-05-14T18:45:00Z,None,,-0.6%,0.0%,false,false
,FOMC Member Barr Speaks,USD,2026-05-14T19:00:00Z,None,,,,false,false
,PPI y/y,JPY,2026-05-14T19:50:00Z,None,3.0%,2.9%,4.9%,false,false
,Prelim Machine Tool Orders y/y,JPY,2026-05-15T02:00:00Z,None,,28.0%,45.1%,false,false
,ECB Economic Bulletin,EUR,2026-05-15T04:00:00Z,None,,,,false,false
,Housing Starts,CAD,2026-05-15T08:15:00Z,None,244K,240K,279K,false,false
,Foreign Securities Purchases,CAD,2026-05-15T08:30:00Z,None,11.45B,5.84B,4.62B,false,false
,Manufacturing Sales m/m,CAD,2026-05-15T08:30:00Z,None,3.5%,3.4%,3.0%,false,false
,Empire State Manufacturing Index,USD,2026-05-15T08:30:00Z,None,7.3,11.0,19.6,false,false
,Industrial Production m/m,USD,2026-05-15T09:15:00Z,None,0.3%,-0.3%,0.7%,false,false
,Capacity Utilization Rate,USD,2026-05-15T09:15:00Z,None,75.8%,75.7%,76.1%,false,false
,BusinessNZ Services Index,NZD,2026-05-17T18:30:00Z,None,,46.2,48.9,false,false
,Rightmove HPI m/m,GBP,2026-05-17T19:01:00Z,None,,0.8%,1.2%,false,false
,New Home Prices m/m,CNY,2026-05-17T21:30:00Z,None,,-0.21%,-0.19%,false,false
,Fixed Asset Investment ytd/y,CNY,2026-05-17T22:00:00Z,None,1.7%,1.7%,-1.6%,false,false
,Industrial Production y/y,CNY,2026-05-17T22:00:00Z,None,6.0%,5.7%,4.1%,false,false
,NBS Press Conference,CNY,2026-05-17T22:00:00Z,None,,,,false,false
,Retail Sales y/y,CNY,2026-05-17T22:00:00Z,None,2.0%,1.7%,0.2%,false,false
,Unemployment Rate,CNY,2026-05-17T22:00:00Z,None,5.3%,5.4%,5.2%,false,false
,G7 Meetings,All,2026-05-18T00:00:00Z,None,,,,false,false
,Bank Holiday,CAD,2026-05-18T00:00:00Z,None,,,,true,false
,MPC Member Greene Speaks,GBP,2026-05-18T03:35:00Z,None,,,,false,false
,Italian Trade Balance,EUR,2026-05-18T04:00:00Z,None,5.25B,4.98B,4.71B,false,false
,MPC Member Mann Speaks,GBP,2026-05-18T04:30:00Z,None,,,,false,false
,NAHB Housing Market Index,USD,2026-05-18T10:00:00Z,None,34,34,37,false,false
,FOMC Member Goolsbee Speaks,USD,2026-05-18T15:35:00Z,None,,,,false,false
,TIC Long-Term Purchases,USD,2026-05-18T16:00:00Z,None,87.2B,57.0B,81.3B,false,false
,PPI Input q/q,NZD,2026-05-18T18:45:00Z,None,0.8%,-0.5%,1.4%,false,false
,PPI Output q/q,NZD,2026-05-18T18:45:00Z,None,0.5%,0.1%,0.8%,false,false
,RBA Assist Gov Hunter Speaks,AUD,2026-05-18T19:25:00Z,None,,,,false,false
,Prelim GDP Price Index y/y,JPY,2026-05-18T19:50:00Z,None,3.1%,3.4%,3.4%,false,false
,Prelim GDP q/q,JPY,2026-05-18T19:50:00Z,None,0.4%,0.3%,0.5%,false,false
,Westpac Consumer Sentiment,AUD,2026-05-18T20:30:00Z,None,,-12.5%,3.5%,false,false
,RBA Assist Gov Hunter Speaks,AUD,2026-05-18T20:40:00Z,None,,,,false,false
,Monetary Policy Meeting Minutes,AUD,2026-05-18T21:30:00Z,None,,,,false,false
,G7 Meetings,All,2026-05-19T00:00:00Z,None,,,,false,false
,Revised Industrial Production m/m,JPY,2026-05-19T00:30:00Z,None,-0.5%,-0.5%,-0.4%,false,false
,Tertiary Industry Activity m/m,JPY,2026-05-19T00:30:00Z,None,-0.4%,-0.7%,-0.2%,false,false
,Claimant Count Change,GBP,2026-05-19T02:00:00Z,High,23.1K,4.9K,26.5K,false,false
,Average Earnings Index 3m/y,GBP,2026-05-19T02:00:00Z,None,3.8%,3.9%,4.1%,false,false
,Unemployment Rate,GBP,2026-05-19T02:00:00Z,None,4.9%,4.9%,5.0%,false,false
,MPC Member Breeden Speaks,GBP,2026-05-19T04:10:00Z,None,,,,false,false
,Trade Balance,EUR,2026-05-19T05:00:00Z,None,5.4B,6.5B,3.5B,false,false
,FOMC Member Waller Speaks,USD,2026-05-19T08:00:00Z,None,,,,false,false
,ADP Weekly Employment Change,USD,2026-05-19T08:15:00Z,None,,33.0K,42.3K,false,false
,CPI m/m,CAD,2026-05-19T08:30:00Z,High,0.7%,0.9%,0.4%,false,false
,Common CPI y/y,CAD,2026-05-19T08:30:00Z,None,2.6%,2.6%,2.5%,false,false
,Median CPI y/y,CAD,2026-05-19T08:30:00Z,None,2.3%,2.3%,2.1%,false,false
,Trimmed CPI y/y,CAD,2026-05-19T08:30:00Z,None,2.2%,2.2%,2.0%,false,false
,Building Permits m/m,CAD,2026-05-19T08:30:00Z,None,2.1%,-7.8%,10.3%,false,false
,NHPI m/m,CAD,2026-05-19T08:30:00Z,None,0.0%,-0.2%,-0.4%,false,false
,Core CPI m/m,CAD,2026-05-19T08:32:00Z,None,,0.2%,0.2%,false,false
,Pending Home Sales m/m,USD,2026-05-19T10:00:00Z,None,1.0%,1.7%,1.4%,false,false
,GDT Price Index,NZD,2026-05-19T10:53:00Z,None,,1.5%,0.6%,false,false
,API Weekly Statistical Bulletin,USD,2026-05-19T16:30:00Z,None,,,,false,false
,FOMC Member Paulson Speaks,USD,2026-05-19T19:00:00Z,None,,,,false,false
,1-y Loan Prime Rate,CNY,2026-05-19T21:00:00Z,None,3.00%,3.00%,3.00%,false,false
,5-y Loan Prime Rate,CNY,2026-05-19T21:00:00Z,None,3.50%,3.50%,3.50%,false,false
,German PPI m/m,EUR,2026-05-20T02:00:00Z,None,2.0%,2.5%,1.2%,false,false
,CPI y/y,GBP,2026-05-20T02:00:00Z,High,3.0%,3.3%,2.8%,false,false
,Core CPI y/y,GBP,2026-05-20T02:00:00Z,None,2.6%,3.1%,2.5%,false,false
,PPI Input m/m,GBP,2026-05-20T02:00:00Z,None,1.2%,4.3%,2.4%,false,false
,PPI Output m/m,GBP,2026-05-20T02:00:00Z,None,1.0%,1.4%,1.4%,false,false
,RPI y/y,GBP,2026-05-20T02:00:00Z,None,3.6%,4.1%,3.0%,false,false
,HPI y/y,GBP,2026-05-20T04:30:00Z,None,-0.1%,1.7%,0.0%,false,false
,Final Core CPI y/y,EUR,2026-05-20T05:00:00Z,None,2.2%,2.2%,2.2%,false,false
,Final CPI y/y,EUR,2026-05-20T05:00:00Z,None,3.0%,3.0%,3.0%,false,false
,German 10-y Bond Auction,EUR,2026-05-20T05:32:00Z,None,,3.08|1.5,3.16|1.5,false,false
,Monetary Policy Report Hearings,GBP,2026-05-20T09:15:00Z,None,,,,false,false
,FOMC Member Barr Speaks,USD,2026-05-20T09:15:00Z,None,,,,false,false
,Crude Oil Inventories,USD,2026-05-20T10:30:00Z,None,-2.5M,-4.3M,-7.9M,false,false
,FOMC Meeting Minutes,USD,2026-05-20T14:00:00Z,High,,,,false,false
,Trade Balance,NZD,2026-05-20T18:45:00Z,None,980M,430M,1920M,false,false
,Flash Manufacturing PMI,AUD,2026-05-20T19:00:00Z,None,,51.3,50.2,false,false
,Flash Services PMI,AUD,2026-05-20T19:00:00Z,None,,50.7,47.7,false,false
,Core Machinery Orders m/m,JPY,2026-05-20T19:50:00Z,None,-7.7%,13.6%,-9.4%,false,false
,Trade Balance,JPY,2026-05-20T19:50:00Z,None,-0.23T,0.09T,0.24T,false,false
,Flash Manufacturing PMI,JPY,2026-05-20T20:30:00Z,None,54.5,55.1,54.5,false,false
,MI Inflation Expectations,AUD,2026-05-20T21:00:00Z,None,,5.9%,5.6%,false,false
,Employment Change,AUD,2026-05-20T21:30:00Z,High,16.7K,23.3K,-18.6K,false,false
,Unemployment Rate,AUD,2026-05-20T21:30:00Z,High,4.3%,4.3%,4.5%,false,false
,Credit Card Spending y/y,NZD,2026-05-20T23:00:00Z,None,,2.1%,2.9%,false,false
,French Flash Manufacturing PMI,EUR,2026-05-21T03:15:00Z,None,52.1,52.8,48.9,false,false
,French Flash Services PMI,EUR,2026-05-21T03:15:00Z,None,46.6,46.5,42.9,false,false
,German Flash Manufacturing PMI,EUR,2026-05-21T03:30:00Z,None,51.0,51.4,49.9,false,false
,German Flash Services PMI,EUR,2026-05-21T03:30:00Z,None,47.1,46.9,47.8,false,false
,Current Account,EUR,2026-05-21T04:00:00Z,None,26.3B,25.6B,14.9B,false,false
,Flash Manufacturing PMI,EUR,2026-05-21T04:00:00Z,None,51.7,52.2,51.4,false,false
,Flash Services PMI,EUR,2026-05-21T04:00:00Z,None,47.8,47.6,46.4,false,false
,Flash Manufacturing PMI,GBP,2026-05-21T04:30:00Z,None,52.9,53.7,53.7,false,false
,Flash Services PMI,GBP,2026-05-21T04:30:00Z,None,51.7,52.7,47.9,false,false
,10-y Bond Auction,GBP,2026-05-21T05:03:00Z,None,,4.91|3.5,5.03|3.4,false,false
,EU Economic Forecasts,EUR,2026-05-21T05:30:00Z,None,,,,false,false
,German Buba Monthly Report,EUR,2026-05-21T06:00:00Z,None,,,,false,false
,CBI Industrial Order Expectations,GBP,2026-05-21T06:00:00Z,None,-40,-38,-41,false,false
,MPC Member Taylor Speaks,GBP,2026-05-21T08:00:00Z,None,,,,false,false
,Philly Fed Manufacturing Index,USD,2026-05-21T08:30:00Z,None,17.6,26.7,-0.4,false,false
,Unemployment Claims,USD,2026-05-21T08:30:00Z,None,210K,212K,209K,false,false
,Building Permits,USD,2026-05-21T08:30:00Z,None,1.38M,1.37M,1.44M,false,false
,Housing Starts,USD,2026-05-21T08:30:00Z,None,1.42M,1.51M,1.47M,false,false
,Flash Manufacturing PMI,USD,2026-05-21T09:45:00Z,None,53.8,54.5,55.3,false,false
,Flash Services PMI,USD,2026-05-21T09:45:00Z,None,51.1,51.0,50.9,false,false
,Consumer Confidence,EUR,2026-05-21T10:02:00Z,None,-21,-21,-19,false,false
,Natural Gas Storage,USD,2026-05-21T10:30:00Z,None,96B,85B,101B,false,false
,BOE Gov Bailey Speaks,GBP,2026-05-21T11:00:00Z,High,,,,false,false
,FOMC Member Barkin Speaks,USD,2026-05-21T12:20:00Z,None,,,,false,false
,Core Retail Sales q/q,NZD,2026-05-21T18:45:00Z,None,0.8%,1.4%,1.0%,false,false
,Retail Sales q/q,NZD,2026-05-21T18:45:00Z,None,0.5%,0.9%,0.9%,false,false
,GfK Consumer Confidence,GBP,2026-05-21T19:01:00Z,None,-28,-25,-23,false,false
,National Core CPI y/y,JPY,2026-05-21T19:30:00Z,None,1.7%,1.8%,1.4%,false,false
,ECOFIN Meetings,EUR,2026-05-22T00:00:00Z,None,,,,true,false
,Eurogroup Meetings,EUR,2026-05-22T00:00:00Z,None,,,,true,false
,German Final GDP q/q,EUR,2026-05-22T02:00:00Z,None,0.3%,0.3%,0.3%,false,false
,German GfK Consumer Climate,EUR,2026-05-22T02:00:00Z,None,-33.7,-33.1,-29.8,false,false
,Retail Sales m/m,GBP,2026-05-22T02:00:00Z,None,-0.6%,0.6%,-1.3%,false,false
,Public Sector Net Borrowing,GBP,2026-05-22T02:00:00Z,None,20.7B,11.5B,24.3B,false,false
,German ifo Business Climate,EUR,2026-05-22T04:00:00Z,None,84.2,84.5,84.9,false,false
,Core Retail Sales m/m,CAD,2026-05-22T08:30:00Z,None,0.9%,0.6%,1.4%,false,false
,Retail Sales m/m,CAD,2026-05-22T08:30:00Z,None,0.6%,0.7%,0.9%,false,false
,IPPI m/m,CAD,2026-05-22T08:30:00Z,None,1.2%,2.8%,2.0%,false,false
,RMPI m/m,CAD,2026-05-22T08:30:00Z,None,2.7%,11.9%,2.6%,false,false
,Belgian NBB Business Climate,EUR,2026-05-22T08:40:00Z,None,-13.5,-14.2,-13.3,false,false
,Revised UoM Consumer Sentiment,USD,2026-05-22T10:00:00Z,None,48.2,48.2,44.8,false,false
,CB Leading Index m/m,USD,2026-05-22T10:00:00Z,None,-0.1%,-0.6%,0.1%,false,false
,FOMC Member Waller Speaks,USD,2026-05-22T10:00:00Z,None,,,,false,false
,Revised UoM Inflation Expectations,USD,2026-05-22T10:00:00Z,None,,4.5%,4.8%,false,false
,Foreign Direct Investment ytd/y,CNY,2026-05-22T23:46:00Z,None,,-7.3%,-10.3%,false,false
,ECOFIN Meetings,EUR,2026-05-23T00:00:00Z,None,,,,true,false
,Bank Holiday,CHF,2026-05-25T00:00:00Z,None,,,,true,false
,French Bank Holiday,EUR,2026-05-25T00:00:00Z,None,,,,true,false
,German Bank Holiday,EUR,2026-05-25T00:00:00Z,None,,,,true,false
,Bank Holiday,GBP,2026-05-25T00:00:00Z,None,,,,true,false
,Bank Holiday,USD,2026-05-25T00:00:00Z,None,,,,true,false
,Corporate Profits q/q,CAD,2026-05-25T08:30:00Z,None,,-1.6%,-2.0%,false,false
,BRC Shop Price Index y/y,GBP,2026-05-25T19:01:00Z,None,1.1%,1.0%,1.2%,false,false
,BOJ Core CPI y/y,JPY,2026-05-26T01:00:00Z,None,1.7%,1.7%,1.4%,false,false
,CBI Realized Sales,GBP,2026-05-26T06:00:00Z,None,-52,-68,-46,false,false
,Gov Council Member Vincent Speaks,CAD,2026-05-26T08:20:00Z,None,,,,false,false
,HPI m/m,USD,2026-05-26T09:00:00Z,None,0.1%,-0.1%,0.1%,false,false
,S&P/CS Composite-20 HPI y/y,USD,2026-05-26T09:00:00Z,None,0.9%,0.9%,0.8%,false,false
,CB Consumer Confidence,USD,2026-05-26T10:00:00Z,None,91.9,93.8,93.1,false,false
,SPPI y/y,JPY,2026-05-26T19:50:00Z,None,3.3%,3.3%,3.0%,false,false
,BOJ Gov Ueda Speaks,JPY,2026-05-26T20:00:00Z,None,,,,false,false
,MI Leading Index m/m,AUD,2026-05-26T20:30:00Z,None,,-0.1%,0.0%,false,false
,CPI m/m,AUD,2026-05-26T21:30:00Z,High,0.6%,1.1%,0.4%,false,false
,CPI y/y,AUD,2026-05-26T21:30:00Z,High,4.4%,4.6%,4.2%,false,false
,Trimmed Mean CPI m/m,AUD,2026-05-26T21:30:00Z,High,0.3%,0.2%,0.3%,false,false
,Construction Work Done q/q,AUD,2026-05-26T21:30:00Z,None,0.8%,0.2%,3.4%,false,false
,Official Cash Rate,NZD,2026-05-26T22:00:00Z,High,2.25%,2.25%,2.25%,false,false
,RBNZ Monetary Policy Statement,NZD,2026-05-26T22:00:00Z,High,,,,false,false
,RBNZ Rate Statement,NZD,2026-05-26T22:00:00Z,High,,,,false,false
,RBNZ Press Conference,NZD,2026-05-26T23:00:00Z,High,,,,false,false
,RBA Deputy Gov Hauser Speaks,AUD,2026-05-27T04:00:00Z,None,,,,false,false
,UBS Economic Expectations,CHF,2026-05-27T04:00:00Z,None,,-30.3,-11.1,false,false
,ECB Financial Stability Review,EUR,2026-05-27T04:00:00Z,None,,,,false,false
,FOMC Member Logan Speaks,USD,2026-05-27T04:00:00Z,None,,,,false,false
,German 30-y Bond Auction,EUR,2026-05-27T05:33:00Z,None,,3.62|1.3,3.50|1.8,false,false
,ADP Weekly Employment Change,USD,2026-05-27T08:15:00Z,None,,40.8K,35.8K,false,false
,CB Leading Index m/m,CNY,2026-05-27T09:00:00Z,None,,-0.3%,-0.8%,false,false
,Richmond Manufacturing Index,USD,2026-05-27T10:00:00Z,None,4,3,13,false,false
,FOMC Member Cook Speaks,USD,2026-05-27T15:55:00Z,None,,,,false,false
,RBNZ Gov Breman Speaks,NZD,2026-05-27T16:10:00Z,None,,,,false,false
,API Weekly Statistical Bulletin,USD,2026-05-27T16:30:00Z,None,,,,false,false
,FOMC Member Jefferson Speaks,USD,2026-05-27T20:00:00Z,None,,,,false,false
,Household Spending m/m,AUD,2026-05-27T21:30:00Z,None,-0.5%,1.6%,-1.1%,false,false
,Private Capital Expenditure q/q,AUD,2026-05-27T21:30:00Z,None,1.2%,0.7%,6.5%,false,false
,RBA Bulletin,AUD,2026-05-27T21:30:00Z,None,,,,false,false
,Annual Budget Release,NZD,2026-05-27T22:00:00Z,None,,,,false,false
,MPC Member Lombardelli Speaks,GBP,2026-05-27T22:25:00Z,None,,,,false,false
,FOMC Member Goolsbee Speaks,USD,2026-05-27T22:25:00Z,None,,,,false,false
,ECB President Lagarde Speaks,EUR,2026-05-28T03:10:00Z,None,,,,false,false
,MPC Member Breeden Speaks,GBP,2026-05-28T04:05:00Z,None,,,,false,false
,Italian 10-y Bond Auction,EUR,2026-05-28T05:09:00Z,None,,3.77|1.7,3.77|1.6,false,false
,SNB Chairman Schlegel Speaks,CHF,2026-05-28T07:00:00Z,None,,,,false,false
,ECB Monetary Policy Meeting Accounts,EUR,2026-05-28T07:30:00Z,None,,,,false,false
,Current Account,CAD,2026-05-28T08:30:00Z,None,-3.9B,-1.0B,-7.2B,false,false
,Core PCE Price Index m/m,USD,2026-05-28T08:30:00Z,High,0.3%,0.3%,0.2%,false,false
,Prelim GDP q/q,USD,2026-05-28T08:30:00Z,High,2.0%,0.7%,1.6%,false,false
,Prelim GDP Price Index q/q,USD,2026-05-28T08:30:00Z,None,3.6%,3.8%,3.5%,false,false
,Unemployment Claims,USD,2026-05-28T08:30:00Z,None,211K,210K,215K,false,false
,Core Durable Goods Orders m/m,USD,2026-05-28T08:30:00Z,None,0.5%,1.1%,1.1%,false,false
,Durable Goods Orders m/m,USD,2026-05-28T08:30:00Z,None,4.0%,1.3%,7.9%,false,false
,Personal Income m/m,USD,2026-05-28T08:30:00Z,None,0.4%,0.5%,0.0%,false,false
,Personal Spending m/m,USD,2026-05-28T08:30:00Z,None,0.5%,1.0%,0.5%,false,false
,FOMC Member Williams Speaks,USD,2026-05-28T08:55:00Z,None,,,,false,false
,BOC Financial System Review,CAD,2026-05-28T10:00:00Z,None,,,,false,false
,New Home Sales,USD,2026-05-28T10:00:00Z,None,661K,663K,622K,false,false
,FOMC Member Musalem Speaks,USD,2026-05-28T10:15:00Z,None,,,,false,false
,Natural Gas Storage,USD,2026-05-28T10:30:00Z,None,96B,101B,92B,false,false
,BOC Press Conference,CAD,2026-05-28T11:00:00Z,None,,,,false,false
,Crude Oil Inventories,USD,2026-05-28T12:00:00Z,None,-3.8M,-7.9M,-3.3M,false,false
,FOMC Member Musalem Speaks,USD,2026-05-28T13:10:00Z,None,,,,false,false
,Treasury Sec Bessent Speaks,USD,2026-05-28T14:00:00Z,None,,,,false,false
,FOMC Member Barkin Speaks,USD,2026-05-28T15:00:00Z,None,,,,false,false
,Tokyo Core CPI y/y,JPY,2026-05-28T19:30:00Z,None,1.5%,1.5%,1.3%,false,false
,Unemployment Rate,JPY,2026-05-28T19:30:00Z,None,2.7%,2.7%,2.5%,false,false
,Prelim Industrial Production m/m,JPY,2026-05-28T19:50:00Z,None,-0.4%,-0.4%,0.8%,false,false
,Retail Sales y/y,JPY,2026-05-28T19:50:00Z,None,1.4%,1.4%,2.1%,false,false
,ANZ Business Confidence,NZD,2026-05-28T21:00:00Z,None,,-10.6,10.0,false,false
,German Prelim CPI m/m,EUR,2026-05-29T00:00:00Z,None,0.1%,0.6%,-0.2%,true,false
,Consumer Confidence,JPY,2026-05-29T01:00:00Z,None,32.3,32.2,33.6,false,false
,Housing Starts y/y,JPY,2026-05-29T01:00:00Z,None,14.7%,-29.3%,11.4%,false,false
,German Import Prices m/m,EUR,2026-05-29T02:00:00Z,None,1.2%,3.6%,1.2%,false,false
,FOMC Member Kashkari Speaks,USD,2026-05-29T02:00:00Z,None,,,,false,false
,French Consumer Spending m/m,EUR,2026-05-29T02:45:00Z,None,-0.1%,0.9%,-0.5%,false,false
,French Final Private Payrolls q/q,EUR,2026-05-29T02:45:00Z,None,-0.1%,-0.1%,-0.1%,false,false
,French Prelim CPI m/m,EUR,2026-05-29T02:45:00Z,None,0.2%,1.0%,0.1%,false,false
,French Prelim GDP q/q,EUR,2026-05-29T02:45:00Z,None,0.0%,0.0%,-0.1%,false,false
,KOF Economic Barometer,CHF,2026-05-29T03:00:00Z,None,98.0,97.8,98.0,false,false
,Spanish Flash CPI y/y,EUR,2026-05-29T03:00:00Z,None,3.3%,3.2%,3.2%,false,false
,German Unemployment Change,EUR,2026-05-29T03:55:00Z,None,11K,19k,-12K,false,false
,Italian Monthly Unemployment Rate,EUR,2026-05-29T04:00:00Z,None,5.3%,5.2%,5.1%,false,false
,BOE Gov Bailey Speaks,GBP,2026-05-29T04:20:00Z,High,,,,false,false
,Italian Prelim CPI m/m,EUR,2026-05-29T05:00:00Z,None,0.1%,1.2%,0.4%,false,false
,FOMC Member Schmid Speaks,USD,2026-05-29T06:50:00Z,None,,,,false,false
,GDP m/m,CAD,2026-05-29T08:30:00Z,High,0.1%,0.2%,-0.1%,false,false
,Goods Trade Balance,USD,2026-05-29T08:30:00Z,None,-86.7B,-85.3B,-82.4B,false,false
,Prelim Wholesale Inventories m/m,USD,2026-05-29T08:30:00Z,None,0.6%,1.3%,0.5%,false,false
,FOMC Member Bowman Speaks,USD,2026-05-29T09:10:00Z,None,,,,false,false
,FOMC Member Paulson Speaks,USD,2026-05-29T09:15:00Z,None,,,,false,false
,Chicago PMI,USD,2026-05-29T09:45:00Z,None,50.6,49.2,62.7,false,false
,FOMC Member Daly Speaks,USD,2026-05-29T12:40:00Z,None,,,,false,false
,MPC Member Mann Speaks,GBP,2026-05-30T05:40:00Z,None,,,,false,false
,Manufacturing PMI,CNY,2026-05-30T21:30:00Z,None,50.2,50.3,50.0,false,false
,Non-Manufacturing PMI,CNY,2026-05-30T21:30:00Z,None,49.5,49.4,50.1,false,false
,Bank Holiday,NZD,2026-05-31T00:00:00Z,None,,,,true,false
,FOMC Member Waller Speaks,USD,2026-05-31T08:30:00Z,None,,,,false,false
,MPC Member Greene Speaks,GBP,2026-05-31T08:30:00Z,None,,,,false,false
,Capital Spending q/y,JPY,2026-05-31T19:50:00Z,None,4.1%,6.5%,0.0%,false,false
,FOMC Member Powell Speaks,USD,2026-05-31T20:30:00Z,None,,,,false,false
,Final Manufacturing PMI,JPY,2026-05-31T20:30:00Z,None,54.5,54.5,54.5,false,false
,MI Inflation Gauge m/m,AUD,2026-05-31T21:00:00Z,None,,0.6%,-0.3%,false,false
,ANZ Job Advertisements m/m,AUD,2026-05-31T21:30:00Z,None,,-0.6%,1.8%,false,false
,RatingDog Manufacturing PMI,CNY,2026-05-31T21:45:00Z,None,51.4,52.2,51.8,false,false
,German Retail Sales m/m,EUR,2026-06-01T02:00:00Z,None,-0.4%,-0.3%,-0.3%,false,false
,Nationwide HPI m/m,GBP,2026-06-01T02:00:00Z,None,-0.1%,0.4%,-0.6%,false,false
,Commodity Prices y/y,AUD,2026-06-01T02:30:00Z,None,,15.0%,16.8%,false,false
,Retail Sales y/y,CHF,2026-06-01T02:30:00Z,None,0.2%,1.3%,1.6%,false,false
,GDP q/q,CHF,2026-06-01T03:00:00Z,None,0.6%,0.2%,0.7%,false,false
,Spanish Manufacturing PMI,EUR,2026-06-01T03:15:00Z,None,53.7,51.7,51.2,false,false
,Manufacturing PMI,CHF,2026-06-01T03:30:00Z,None,54.0,54.5,57.3,false,false
,Italian Manufacturing PMI,EUR,2026-06-01T03:45:00Z,None,52.0,52.1,52.9,false,false
,French Final Manufacturing PMI,EUR,2026-06-01T03:50:00Z,None,48.9,48.9,49.7,false,false
,German Final Manufacturing PMI,EUR,2026-06-01T03:55:00Z,None,49.9,49.9,50.1,false,false
,M3 Money Supply y/y,EUR,2026-06-01T04:00:00Z,None,3.1%,3.2%,2.7%,false,false
,Final Manufacturing PMI,EUR,2026-06-01T04:00:00Z,None,51.4,51.4,51.6,false,false
,Private Loans y/y,EUR,2026-06-01T04:00:00Z,None,3.0%,3.0%,3.0%,false,false
,Final Manufacturing PMI,GBP,2026-06-01T04:30:00Z,None,53.7,53.7,53.9,false,false
,Unemployment Rate,EUR,2026-06-01T05:00:00Z,None,6.2%,6.3%,6.3%,false,false
,Manufacturing PMI,CAD,2026-06-01T09:30:00Z,None,,53.3,52.9,false,false
,Final Manufacturing PMI,USD,2026-06-01T09:45:00Z,None,55.3,55.3,55.1,false,false
,ISM Manufacturing PMI,USD,2026-06-01T10:00:00Z,High,53.3,52.7,54.0,false,false
,ISM Manufacturing Prices,USD,2026-06-01T10:00:00Z,None,85.3,84.6,82.1,false,false
,Construction Spending m/m,USD,2026-06-01T10:00:00Z,None,0.3%,0.2%,0.4%,false,false
,Gov Council Member Rogers Speaks,CAD,2026-06-01T12:00:00Z,None,,,,false,false
,Monetary Base y/y,JPY,2026-06-01T19:50:00Z,None,-9.5%,-11.3%,-12.2%,false,false
,Building Approvals m/m,AUD,2026-06-01T21:30:00Z,None,-1.5%,-10.5%,-3.4%,false,false
,Company Operating Profits q/q,AUD,2026-06-01T21:30:00Z,None,0.5%,5.9%,-1.3%,false,false
,Current Account,AUD,2026-06-01T21:30:00Z,None,-23.1B,-23.0B,-27.1B,false,false
,10-y Bond Auction,JPY,2026-06-01T23:35:00Z,None,,2.54|3.9,2.65|3.5,false,false
,Italian Bank Holiday,EUR,2026-06-02T00:00:00Z,None,,,,true,false
,Omdia Total Vehicle Sales,USD,2026-06-02T00:00:00Z,None,16.0M,15.9M,16.1M,true,false
,FOMC Member Kashkari Speaks,USD,2026-06-02T01:50:00Z,None,,,,false,false
,French Gov Budget Balance,EUR,2026-06-02T02:45:00Z,None,,-42.9B,-69.6B,false,false
,Spanish Unemployment Change,EUR,2026-06-02T03:00:00Z,None,-56.8K,-62.7K,-36.3K,false,false
,M4 Money Supply m/m,GBP,2026-06-02T04:30:00Z,None,0.6%,0.8%,0.2%,false,false
,Mortgage Approvals,GBP,2026-06-02T04:30:00Z,None,62K,64K,66K,false,false
,Net Lending to Individuals m/m,GBP,2026-06-02T04:30:00Z,None,7.1B,8.7B,6.2B,false,false
,Core CPI Flash Estimate y/y,EUR,2026-06-02T05:00:00Z,None,2.4%,2.2%,2.5%,false,false
,CPI Flash Estimate y/y,EUR,2026-06-02T05:00:00Z,None,3.2%,3.0%,3.2%,false,false
,10-y Bond Auction,GBP,2026-06-02T05:00:00Z,None,,5.03|3.4,4.98|3.6,false,false
,FOMC Member Hammack Speaks,USD,2026-06-02T08:30:00Z,None,,,,false,false
,JOLTS Job Openings,USD,2026-06-02T10:00:00Z,None,6.87M,6.89M,7.62M,false,false
,BOE Gov Bailey Speaks,GBP,2026-06-02T10:00:00Z,High,,,,false,false
,RCM/TIPP Economic Optimism,USD,2026-06-02T10:02:00Z,None,44.5,42.6,42.5,false,false
,MPC Member Greene Speaks,GBP,2026-06-02T11:00:00Z,None,,,,false,false
,GDT Price Index,NZD,2026-06-02T11:05:00Z,None,,0.6%,-0.6%,false,false
,API Weekly Statistical Bulletin,USD,2026-06-02T16:30:00Z,None,,,,false,false
,Overseas Trade Index q/q,NZD,2026-06-02T18:45:00Z,None,-1.2%,3.7%,-2.0%,false,false
,Building Consents m/m,NZD,2026-06-02T18:45:00Z,None,,-0.8%,10.9%,false,false
,GDP q/q,AUD,2026-06-02T21:30:00Z,High,0.5%,0.9%,0.3%,false,false
,RatingDog Services PMI,CNY,2026-06-02T21:45:00Z,None,52.3,52.6,54.4,false,false
,FOMC Member Goolsbee Speaks,USD,2026-06-02T23:00:00Z,None,,,,false,false
,Private Sector Credit m/m,AUD,2026-06-03T02:19:00Z,None,0.6%,0.7%,0.7%,false,false
,Spanish Services PMI,EUR,2026-06-03T03:15:00Z,None,48.2,47.9,50.1,false,false
,Italian Services PMI,EUR,2026-06-03T03:45:00Z,None,49.2,49.8,49.4,false,false
,French Final Services PMI,EUR,2026-06-03T03:50:00Z,None,42.9,42.9,44.3,false,false
,German Final Services PMI,EUR,2026-06-03T03:55:00Z,None,47.8,47.8,48.1,false,false
,Final Services PMI,EUR,2026-06-03T04:00:00Z,None,46.4,46.4,47.7,false,false
,Final Services PMI,GBP,2026-06-03T04:30:00Z,None,47.9,47.9,49.3,false,false
,BOJ Gov Ueda Speaks,JPY,2026-06-03T04:30:00Z,High,,,,false,false
,PPI m/m,EUR,2026-06-03T05:00:00Z,None,0.6%,3.4%,0.6%,false,false
,ADP Non-Farm Employment Change,USD,2026-06-03T08:15:00Z,High,118K,105K,122K,false,false
,Labor Productivity q/q,CAD,2026-06-03T08:30:00Z,None,0.3%,-0.3%,-0.5%,false,false
,FOMC Member Barr Speaks,USD,2026-06-03T09:00:00Z,None,,,,false,false
,Final Services PMI,USD,2026-06-03T09:45:00Z,None,51.0,50.9,50.7,false,false
,Treasury Sec Bessent Speaks,USD,2026-06-03T10:00:00Z,None,,,,false,false
,Factory Orders m/m,USD,2026-06-03T10:00:00Z,None,4.6%,1.8%,4.8%,false,false
,ISM Services PMI,USD,2026-06-03T10:00:00Z,High,53.7,53.6,54.5,false,false
,Crude Oil Inventories,USD,2026-06-03T10:30:00Z,None,-2.9M,-3.3M,-8.0M,false,false
,Beige Book,USD,2026-06-03T14:00:00Z,None,,,,false,false
,FOMC Member Logan Speaks,USD,2026-06-03T16:00:00Z,None,,,,false,false
,ANZ Commodity Prices m/m,NZD,2026-06-03T21:00:00Z,None,,-0.8%,0.7%,false,false
,Goods Trade Balance,AUD,2026-06-03T21:30:00Z,None,1.23B,-1.02B,1.79B,false,false
,RBA Gov Bullock Speaks,AUD,2026-06-04T01:00:00Z,High,,,,false,false
,CPI m/m,CHF,2026-06-04T02:30:00Z,None,0.3%,0.3%,0.2%,false,false
,Unemployment Rate,CHF,2026-06-04T03:00:00Z,None,3.0%,3.0%,3.1%,false,false
,ECB President Lagarde Speaks,EUR,2026-06-04T04:00:00Z,None,,,,false,false
,Construction PMI,GBP,2026-06-04T04:30:00Z,None,40.4,39.7,38.2,false,false
,French 10-y Bond Auction,EUR,2026-06-04T04:50:00Z,None,,3.61|2.0,3.80|2.4,false,false
,Retail Sales m/m,EUR,2026-06-04T05:00:00Z,None,-0.3%,0.8%,-0.4%,false,false
,Challenger Job Cuts y/y,USD,2026-06-04T05:30:00Z,None,,-20.9%,3.4%,false,false
,Revised Unit Labor Costs q/q,USD,2026-06-04T08:30:00Z,None,2.4%,2.3%,1.8%,false,false
,Revised Nonfarm Productivity q/q,USD,2026-06-04T08:30:00Z,None,0.5%,0.8%,0.3%,false,false
,FOMC Member Barkin Speaks,USD,2026-06-04T08:30:00Z,None,,,,false,false
,Unemployment Claims,USD,2026-06-04T08:30:00Z,None,214K,212K,225K,false,false
,FOMC Member Bowman Speaks,USD,2026-06-04T10:00:00Z,None,,,,false,false
,Treasury Sec Bessent Speaks,USD,2026-06-04T10:00:00Z,None,,,,false,false
,Natural Gas Storage,USD,2026-06-04T10:30:00Z,None,99B,92B,95B,false,false
,BOE Gov Bailey Speaks,GBP,2026-06-04T11:40:00Z,High,,,,false,false
,FOMC Member Daly Speaks,USD,2026-06-04T11:40:00Z,None,,,,false,false
,FOMC Member Schmid Speaks,USD,2026-06-04T13:00:00Z,None,,,,false,false
,FOMC Member Daly Speaks,USD,2026-06-04T13:10:00Z,None,,,,false,false
,President Trump Speaks,USD,2026-06-04T15:00:00Z,None,,,,false,false
,Household Spending y/y,JPY,2026-06-04T19:30:00Z,None,-1.5%,-2.9%,-0.5%,false,false
,Average Cash Earnings y/y,JPY,2026-06-04T19:30:00Z,None,3.1%,3.1%,3.5%,false,false
,RBA Deputy Gov Hauser Speaks,AUD,2026-06-05T00:35:00Z,None,,,,false,false
,Leading Indicators,JPY,2026-06-05T01:00:00Z,None,114.4%,114.0%,115.9%,false,false
,Lloyds HPI m/m,GBP,2026-06-05T02:00:00Z,None,0.0%,-0.1%,-0.1%,false,false
,French Trade Balance,EUR,2026-06-05T02:45:00Z,None,-6.2B,-6.4B,-5.6B,false,false
,French Industrial Production m/m,EUR,2026-06-05T02:45:00Z,None,-0.2%,1.4%,0.1%,false,false
,Foreign Currency Reserves,CHF,2026-06-05T03:00:00Z,None,,716B,711B,false,false
,Revised GDP q/q,EUR,2026-06-05T05:00:00Z,None,0.1%,0.1%,-0.2%,false,false
,Italian Retail Sales m/m,EUR,2026-06-05T05:00:00Z,None,0.4%,0.8%,0.0%,false,false
,Final Employment Change q/q,EUR,2026-06-05T05:00:00Z,None,0.1%,0.1%,0.1%,false,false
,Unemployment Rate,USD,2026-06-05T08:30:00Z,High,4.3%,4.3%,4.3%,false,false
,Employment Change,CAD,2026-06-05T08:30:00Z,High,10.6K,-17.7K,87.8K,false,false
,Non-Farm Employment Change,USD,2026-06-05T08:30:00Z,High,85K,179K,172K,false,false
,Average Hourly Earnings m/m,USD,2026-06-05T08:30:00Z,High,0.3%,0.2%,0.3%,false,false
,Unemployment Rate,CAD,2026-06-05T08:30:00Z,High,6.9%,6.9%,6.6%,false,false
,MPC Member Dhingra Speaks,GBP,2026-06-05T09:40:00Z,None,,,,false,false
,Ivey PMI,CAD,2026-06-05T10:00:00Z,None,54.5,57.7,58.2,false,false
,BOE Gov Bailey Speaks,GBP,2026-06-05T14:00:00Z,None,,,,false,false
,Consumer Credit m/m,USD,2026-06-05T15:00:00Z,None,17.8B,22.2B,20.7B,false,false
,FOMC Member Barr Speaks,USD,2026-06-06T12:00:00Z,None,,,,false,false
,OPEC Meetings,All,2026-06-07T00:00:00Z,None,,,,true,false
,Bank Holiday,AUD,2026-06-07T00:00:00Z,None,,,,true,false
,OPEC-JMMC Meetings,All,2026-06-07T00:00:00Z,None,,,,true,false
,Current Account,JPY,2026-06-07T19:50:00Z,None,3.26T,3.90T,4.21T,false,false
,Bank Lending y/y,JPY,2026-06-07T19:50:00Z,None,5.6%,5.4%,5.7%,false,false
,Final GDP q/q,JPY,2026-06-07T20:03:00Z,None,0.3%,0.5%,0.5%,false,false
,Final GDP Price Index y/y,JPY,2026-06-07T20:03:00Z,None,3.4%,3.4%,3.2%,false,false
,Economy Watchers Sentiment,JPY,2026-06-08T01:00:00Z,None,41.9,40.8,43.6,false,false
,German Factory Orders m/m,EUR,2026-06-08T02:00:00Z,None,-2.2%,4.5%,-3.8%,false,false
,Sentix Investor Confidence,EUR,2026-06-08T04:30:00Z,None,-13.8,-16.4,-13.4,false,false
,Manufacturing Sales q/q,NZD,2026-06-08T18:45:00Z,None,,0.8%,2.8%,false,false
,BRC Retail Sales Monitor y/y,GBP,2026-06-08T19:01:00Z,None,0.8%,-3.4%,3.4%,false,false
,M2 Money Stock y/y,JPY,2026-06-08T19:50:00Z,None,2.4%,2.3%,2.5%,false,false
,Westpac Consumer Sentiment,AUD,2026-06-08T20:30:00Z,None,,3.5%,-2.9%,false,false
,NAB Business Confidence,AUD,2026-06-08T21:30:00Z,None,,-23,-14,false,false
,USD-Denominated Trade Balance,CNY,2026-06-08T22:32:00Z,None,92.1B,84.8B,105.4B,false,false
,Trade Balance,CNY,2026-06-08T22:33:00Z,None,625B,586B,724B,false,false
,ADP Weekly Employment Change,USD,2026-06-09T00:00:00Z,None,,35.8K,30.5K,false,false
,Prelim Machine Tool Orders y/y,JPY,2026-06-09T02:00:00Z,None,,45.1%,37.4%,false,false
,German Trade Balance,EUR,2026-06-09T02:00:00Z,None,15.4B,14.7B,14.5B,false,false
,German Industrial Production m/m,EUR,2026-06-09T02:00:00Z,None,0.4%,-0.1%,0.4%,false,false
,NFIB Small Business Index,USD,2026-06-09T06:00:00Z,None,96.0,95.9,95.3,false,false
,ADP Weekly Employment Change,USD,2026-06-09T08:15:00Z,None,,30.5K,29.0K,false,false
,Trade Balance,CAD,2026-06-09T08:30:00Z,None,2.5B,1.8B,2.7B,false,false
,Trade Balance,USD,2026-06-09T08:30:00Z,None,-56.2B,-56.6B,-55.9B,false,false
,Existing Home Sales,USD,2026-06-09T10:00:00Z,None,4.07M,4.04M,4.17M,false,false
,Final Wholesale Inventories m/m,USD,2026-06-09T10:00:00Z,None,0.6%,0.5%,0.6%,false,false
,API Weekly Statistical Bulletin,USD,2026-06-09T16:30:00Z,None,,,,false,false
,PPI y/y,JPY,2026-06-09T19:50:00Z,None,5.6%,5.3%,6.3%,false,false
,PPI y/y,CNY,2026-06-09T21:30:00Z,None,3.9%,2.8%,3.9%,false,false
,CPI y/y,CNY,2026-06-09T21:30:00Z,None,1.3%,1.2%,1.2%,false,false
,30-y Bond Auction,JPY,2026-06-09T23:35:00Z,None,,3.84|3.5,3.86|2.9,false,false
,Italian Industrial Production m/m,EUR,2026-06-10T04:00:00Z,None,0.0%,0.6%,0.5%,false,false
,German 10-y Bond Auction,EUR,2026-06-10T05:35:00Z,None,,3.16|1.5,3.06|1.7,false,false
,Core CPI m/m,USD,2026-06-10T08:30:00Z,High,0.3%,0.4%,0.2%,false,false
,Core CPI y/y,USD,2026-06-10T08:30:00Z,High,2.9%,2.8%,2.9%,false,false
,CPI m/m,USD,2026-06-10T08:30:00Z,High,0.5%,0.6%,0.5%,false,false
,CPI y/y,USD,2026-06-10T08:30:00Z,High,4.2%,3.8%,4.2%,false,false
,Overnight Rate,CAD,2026-06-10T09:45:00Z,High,2.25%,2.25%,2.25%,false,false
,BOC Rate Statement,CAD,2026-06-10T09:45:00Z,High,,,,false,false
,BOC Press Conference,CAD,2026-06-10T10:30:00Z,High,,,,false,false
,Crude Oil Inventories,USD,2026-06-10T10:30:00Z,None,-3.0M,-8.0M,-7.2M,false,false
,10-y Bond Auction,USD,2026-06-10T13:01:00Z,None,,4.47|2.4,4.54|2.6,false,false
,Federal Budget Balance,USD,2026-06-10T13:59:00Z,None,-282.9B,215.0B,-292.6B,false,false
,RICS House Price Balance,GBP,2026-06-10T19:01:00Z,None,-32%,-35%,-35%,false,false
,BSI Manufacturing Index,JPY,2026-06-10T19:50:00Z,None,4.2,3.8,-1.8,false,false
,MI Inflation Expectations,AUD,2026-06-10T21:00:00Z,None,,5.6%,5.5%,false,false
,Eurogroup Meetings,EUR,2026-06-11T00:00:00Z,None,,,,true,false
,Main Refinancing Rate,EUR,2026-06-11T08:15:00Z,High,2.40%,2.15%,2.40%,false,false
,Monetary Policy Statement,EUR,2026-06-11T08:15:00Z,High,,,,false,false
,Building Permits m/m,CAD,2026-06-11T08:30:00Z,None,-3.7%,10.6%,-7.6%,false,false
,Core PPI m/m,USD,2026-06-11T08:30:00Z,High,0.5%,0.7%,0.4%,false,false
,PPI m/m,USD,2026-06-11T08:30:00Z,High,0.7%,1.1%,1.1%,false,false
,Unemployment Claims,USD,2026-06-11T08:30:00Z,None,220K,225K,229K,false,false
,ECB Press Conference,EUR,2026-06-11T08:45:00Z,High,,,,false,false
,Natural Gas Storage,USD,2026-06-11T10:30:00Z,None,101B,95B,108B,false,false
,30-y Bond Auction,USD,2026-06-11T13:01:00Z,None,,5.05|2.3,5.02|2.3,false,false
,BusinessNZ Manufacturing Index,NZD,2026-06-11T18:30:00Z,None,,50.4,49.9,false,false
,Visitor Arrivals m/m,NZD,2026-06-11T18:45:00Z,None,,-2.6%,2.3%,false,false
,ECOFIN Meetings,EUR,2026-06-12T00:00:00Z,None,,,,true,false
,Revised Industrial Production m/m,JPY,2026-06-12T00:30:00Z,None,0.9%,0.8%,0.5%,false,false
,German Final CPI m/m,EUR,2026-06-12T02:00:00Z,None,-0.2%,-0.2%,-0.2%,false,false
,GDP m/m,GBP,2026-06-12T02:00:00Z,High,-0.1%,0.3%,-0.1%,false,false
,Construction Output m/m,GBP,2026-06-12T02:00:00Z,None,-0.7%,1.5%,0.1%,false,false
,Goods Trade Balance,GBP,2026-06-12T02:00:00Z,None,-22.5B,-27.2B,-26.0B,false,false
,Index of Services 3m/3m,GBP,2026-06-12T02:00:00Z,None,0.8%,0.8%,0.8%,false,false
,Industrial Production m/m,GBP,2026-06-12T02:00:00Z,None,0.1%,-0.2%,0.0%,false,false
,Manufacturing Production m/m,GBP,2026-06-12T02:00:00Z,None,-0.2%,1.2%,0.4%,false,false
,French Final CPI m/m,EUR,2026-06-12T02:45:00Z,None,0.1%,0.1%,0.1%,false,false
,Consumer Inflation Expectations,GBP,2026-06-12T04:30:00Z,None,,3.2%,4.0%,false,false
,Italian Quarterly Unemployment Rate,EUR,2026-06-12T04:30:00Z,None,,5.7%,5.3%,false,false
,New Loans,CNY,2026-06-12T05:00:00Z,None,450B,-10B,520B,false,false
,M2 Money Supply y/y,CNY,2026-06-12T05:00:00Z,None,8.6%,8.6%,8.6%,false,false
,CB Leading Index m/m,GBP,2026-06-12T09:30:00Z,None,,-0.5%,-0.4%,false,false
,Prelim UoM Consumer Sentiment,USD,2026-06-12T10:00:00Z,None,46.1,44.8,48.9,false,false
,Prelim UoM Inflation Expectations,USD,2026-06-12T10:00:00Z,None,,4.8%,4.6%,false,false
,German Buba President Nagel Speaks,EUR,2026-06-12T10:30:00Z,None,,,,false,false
,BusinessNZ Services Index,NZD,2026-06-14T18:30:00Z,None,,48.7,47.5,false,false
,Rightmove HPI m/m,GBP,2026-06-14T19:01:00Z,None,,1.2%,-0.6%,false,false
,G7 Meetings,All,2026-06-15T00:00:00Z,None,,,,false,false
,Tertiary Industry Activity m/m,JPY,2026-06-15T00:30:00Z,None,0.5%,-0.6%,1.3%,false,false
,German WPI m/m,EUR,2026-06-15T02:00:00Z,None,0.8%,2.0%,-0.6%,false,false
,PPI m/m,CHF,2026-06-15T02:30:00Z,None,0.4%,0.8%,-0.4%,false,false
,SECO Consumer Climate,CHF,2026-06-15T03:00:00Z,None,-38,-40,-38,false,false
,German Buba President Nagel Speaks,EUR,2026-06-15T03:00:00Z,None,,,,false,false
,ECB President Lagarde Speaks,EUR,2026-06-15T03:30:00Z,None,,,,false,false
,Italian Trade Balance,EUR,2026-06-15T04:00:00Z,None,5.19B,4.81B,4.29B,false,false
,Trade Balance,EUR,2026-06-15T05:00:00Z,None,7.8B,0.6B,1.3B,false,false
,Industrial Production m/m,EUR,2026-06-15T05:00:00Z,None,0.2%,0.4%,0.1%,false,false
,Housing Starts,CAD,2026-06-15T08:15:00Z,None,255K,278K,261K,false,false
,Empire State Manufacturing Index,USD,2026-06-15T08:30:00Z,None,13.2,19.6,5.7,false,false
,Wholesale Sales m/m,CAD,2026-06-15T08:30:00Z,None,0.2%,1.6%,0.6%,false,false
,Manufacturing Sales m/m,CAD,2026-06-15T08:30:00Z,None,4.4%,3.4%,4.2%,false,false
,Industrial Production m/m,USD,2026-06-15T09:15:00Z,None,0.3%,0.9%,0.1%,false,false
,Capacity Utilization Rate,USD,2026-06-15T09:15:00Z,None,76.2%,76.1%,76.2%,false,false
,NAHB Housing Market Index,USD,2026-06-15T10:00:00Z,None,36,37,35,false,false
,FPI m/m,NZD,2026-06-15T18:45:00Z,None,,0.0%,1.0%,false,false
,New Home Prices m/m,CNY,2026-06-15T21:30:00Z,None,,-0.19%,-0.20%,false,false
,Retail Sales y/y,CNY,2026-06-15T22:00:00Z,None,-0.3%,0.2%,-0.6%,false,false
,Fixed Asset Investment ytd/y,CNY,2026-06-15T22:00:00Z,None,-2.3%,-1.6%,-4.1%,false,false
,Industrial Production y/y,CNY,2026-06-15T22:00:00Z,None,4.4%,4.1%,4.5%,false,false
,NBS Press Conference,CNY,2026-06-15T22:00:00Z,None,,,,false,false
,Unemployment Rate,CNY,2026-06-15T22:00:00Z,None,5.2%,5.2%,5.1%,false,false
,BOJ Policy Rate,JPY,2026-06-15T23:19:00Z,High,<1.00%,<0.75%,<1.00%,false,false
,Monetary Policy Statement,JPY,2026-06-15T23:19:00Z,High,,,,false,false
,G7 Meetings,All,2026-06-16T00:00:00Z,None,,,,false,false
,Cash Rate,AUD,2026-06-16T00:30:00Z,High,4.35%,4.35%,4.35%,false,false
,RBA Rate Statement,AUD,2026-06-16T00:30:00Z,High,,,,false,false
,RBA Press Conference,AUD,2026-06-16T01:30:00Z,High,,,,false,false
,BOJ Press Conference,JPY,2026-06-16T02:30:00Z,High,,,,false,false
,ZEW Economic Sentiment,EUR,2026-06-16T05:00:00Z,None,-7.2,-9.1,9.5,false,false
,German ZEW Economic Sentiment,EUR,2026-06-16T05:00:00Z,None,-5.8,-10.2,10.5,false,false
,10-y Bond Auction,GBP,2026-06-16T05:02:00Z,None,,4.98|3.6,4.86|3.5,false,false
,ADP Weekly Employment Change,USD,2026-06-16T08:15:00Z,None,,29.0K,25.5K,false,false
,Foreign Securities Purchases,CAD,2026-06-16T08:30:00Z,None,8.16B,4.40B,46.91B,false,false
,Building Permits,USD,2026-06-16T08:30:00Z,None,1.42M,1.42M,1.41M,false,false
,Housing Starts,USD,2026-06-16T08:30:00Z,None,1.43M,1.39M,1.18M,false,false
,Import Prices m/m,USD,2026-06-16T08:30:00Z,None,0.9%,2.0%,1.9%,false,false
,GDT Price Index,NZD,2026-06-16T11:14:00Z,None,,-0.6%,-2.8%,false,false
,API Weekly Statistical Bulletin,USD,2026-06-16T16:30:00Z,None,,,,false,false
,Westpac Consumer Sentiment,NZD,2026-06-16T17:00:00Z,None,,94.7,80.4,false,false
,Current Account,NZD,2026-06-16T18:45:00Z,None,-1.01B,-5.64B,-1.01B,false,false
,Core Machinery Orders m/m,JPY,2026-06-16T19:50:00Z,None,1.2%,-9.4%,8.7%,false,false
,Trade Balance,JPY,2026-06-16T19:50:00Z,None,-0.21T,0.20T,-0.09T,false,false
,MI Leading Index m/m,AUD,2026-06-16T20:30:00Z,None,,0.1%,0.0%,false,false
,RBA Assist Gov Jones Speaks,AUD,2026-06-16T21:30:00Z,None,,,,false,false
,G7 Meetings,All,2026-06-17T00:00:00Z,None,,,,false,false
,CPI y/y,GBP,2026-06-17T02:00:00Z,High,3.0%,2.8%,2.8%,false,false
,Core CPI y/y,GBP,2026-06-17T02:00:00Z,None,2.7%,2.5%,2.6%,false,false
,PPI Input m/m,GBP,2026-06-17T02:00:00Z,None,0.5%,2.6%,0.2%,false,false
,PPI Output m/m,GBP,2026-06-17T02:00:00Z,None,0.5%,1.5%,0.5%,false,false
,RPI y/y,GBP,2026-06-17T02:00:00Z,None,3.3%,3.0%,3.1%,false,false
,HPI y/y,GBP,2026-06-17T04:30:00Z,None,2.8%,0.0%,3.8%,false,false
,Final Core CPI y/y,EUR,2026-06-17T05:00:00Z,None,2.5%,2.5%,2.6%,false,false
,Final CPI y/y,EUR,2026-06-17T05:00:00Z,None,3.2%,3.2%,3.2%,false,false
,ECB President Lagarde Speaks,EUR,2026-06-17T06:50:00Z,None,,,,false,false
,Retail Sales m/m,USD,2026-06-17T08:30:00Z,None,0.5%,0.4%,0.9%,false,false
,Core Retail Sales m/m,USD,2026-06-17T08:30:00Z,None,0.6%,0.7%,0.8%,false,false
,NHPI m/m,CAD,2026-06-17T08:30:00Z,None,-0.1%,-0.4%,-0.3%,false,false
,Business Inventories m/m,USD,2026-06-17T10:00:00Z,None,0.5%,1.0%,0.5%,false,false
,Pending Home Sales m/m,USD,2026-06-17T10:00:00Z,None,0.8%,0.3%,3.8%,false,false
,Crude Oil Inventories,USD,2026-06-17T10:30:00Z,None,-3.6M,-7.2M,-8.3M,false,false
,President Trump Speaks,USD,2026-06-17T10:45:00Z,None,,,,false,false
,FOMC Statement,USD,2026-06-17T14:00:00Z,High,,,,false,false
,Federal Funds Rate,USD,2026-06-17T14:00:00Z,High,3.75%,3.75%,3.75%,false,false
,FOMC Economic Projections,USD,2026-06-17T14:00:00Z,High,,,,false,false
,FOMC Press Conference,USD,2026-06-17T14:30:00Z,High,,,,false,false
,GDP q/q,NZD,2026-06-17T18:45:00Z,High,0.8%,0.5%,0.8%,false,false
,Bank Holiday,CNY,2026-06-18T00:00:00Z,None,,,,true,false
,Claimant Count Change,GBP,2026-06-18T02:00:00Z,High,25.8K,8.3K,31.2K,false,false
,Average Earnings Index 3m/y,GBP,2026-06-18T02:00:00Z,None,4.0%,4.4%,4.4%,false,false
,Unemployment Rate,GBP,2026-06-18T02:00:00Z,None,5.0%,5.0%,4.9%,false,false
,SECO Economic Forecasts,CHF,2026-06-18T03:00:00Z,None,,,,false,false
,German Buba President Nagel Speaks,EUR,2026-06-18T03:00:00Z,None,,,,false,false
,SNB Monetary Policy Assessment,CHF,2026-06-18T03:30:00Z,High,,,,false,false
,SNB Policy Rate,CHF,2026-06-18T03:30:00Z,High,0.00%,0.00%,0.00%,false,false
,SNB Press Conference,CHF,2026-06-18T04:00:00Z,High,,,,false,false
,Current Account,EUR,2026-06-18T04:00:00Z,None,18.5B,14.9B,15.7B,false,false
,Spanish 10-y Bond Auction,EUR,2026-06-18T04:36:00Z,None,,3.39|2.1,3.38|1.9,false,false
,German Buba Monthly Report,EUR,2026-06-18T06:00:00Z,None,,,,false,false
,Monetary Policy Summary,GBP,2026-06-18T07:00:00Z,High,,,,false,false
,MPC Official Bank Rate Votes,GBP,2026-06-18T07:00:00Z,High,1-0-8,1-0-8,2-0-7,false,false
,Official Bank Rate,GBP,2026-06-18T07:00:00Z,High,3.75%,3.75%,3.75%,false,false
,IPPI m/m,CAD,2026-06-18T08:30:00Z,None,1.3%,1.6%,1.2%,false,false
,RMPI m/m,CAD,2026-06-18T08:30:00Z,None,1.1%,2.6%,0.7%,false,false
,Philly Fed Manufacturing Index,USD,2026-06-18T08:30:00Z,None,9.8,-0.4,10.3,false,false
,Unemployment Claims,USD,2026-06-18T08:30:00Z,None,225K,230K,226K,false,false
,CB Leading Index m/m,USD,2026-06-18T10:00:00Z,None,0.1%,0.2%,0.1%,false,false
,Natural Gas Storage,USD,2026-06-18T10:30:00Z,None,82B,108B,73B,false,false
,TIC Long-Term Purchases,USD,2026-06-18T16:00:00Z,None,72.5B,79.9B,103.1B,false,false
,Trade Balance,NZD,2026-06-18T18:45:00Z,None,875M,1598M,800M,false,false
,GfK Consumer Confidence,GBP,2026-06-18T19:01:00Z,None,-23,-23,-23,false,false
,National Core CPI y/y,JPY,2026-06-18T19:30:00Z,None,1.4%,1.4%,1.4%,false,false
,Monetary Policy Meeting Minutes,JPY,2026-06-18T19:50:00Z,None,,,,false,false
,Bank Holiday,USD,2026-06-19T00:00:00Z,None,,,,true,false
,German PPI m/m,EUR,2026-06-19T02:00:00Z,None,0.7%,1.2%,0.3%,false,false
,Retail Sales m/m,GBP,2026-06-19T02:00:00Z,None,0.5%,-1.0%,1.2%,false,false
,Public Sector Net Borrowing,GBP,2026-06-19T02:00:00Z,None,19.0B,23.0B,23.3B,false,false
,Core Retail Sales m/m,CAD,2026-06-19T08:30:00Z,None,0.8%,1.2%,0.1%,false,false
,Retail Sales m/m,CAD,2026-06-19T08:30:00Z,None,0.6%,0.9%,0.5%,false,false
,CB Leading Index m/m,AUD,2026-06-19T10:30:00Z,None,,-0.7%,0.3%,false,false
,1-y Loan Prime Rate,CNY,2026-06-21T21:00:00Z,None,3.00%,3.00%,3.00%,false,false
,5-y Loan Prime Rate,CNY,2026-06-21T21:00:00Z,None,3.50%,3.50%,3.50%,false,false
,Credit Card Spending y/y,NZD,2026-06-21T23:00:00Z,None,,3.1%,5.1%,false,false
,Foreign Direct Investment ytd/y,CNY,2026-06-22T05:06:00Z,None,,-10.3%,-8.6%,false,false
,German Buba President Nagel Speaks,EUR,2026-06-22T07:00:00Z,None,,,,false,false
,CPI m/m,CAD,2026-06-22T08:30:00Z,High,0.7%,0.4%,1.0%,false,false
,Median CPI y/y,CAD,2026-06-22T08:30:00Z,High,2.1%,2.1%,2.1%,false,false
,Trimmed CPI y/y,CAD,2026-06-22T08:30:00Z,High,2.0%,2.0%,2.0%,false,false
,Common CPI y/y,CAD,2026-06-22T08:30:00Z,None,2.5%,2.5%,2.7%,false,false
,Core CPI m/m,CAD,2026-06-22T08:30:00Z,None,,0.2%,0.6%,false,false
,ECB President Lagarde Speaks,EUR,2026-06-22T09:00:00Z,None,,,,false,false
,FOMC Member Waller Speaks,USD,2026-06-22T09:00:00Z,None,,,,false,false
,Consumer Confidence,EUR,2026-06-22T10:04:00Z,None,-18,-19,-18,false,false
,ECB President Lagarde Speaks,EUR,2026-06-22T11:25:00Z,None,,,,false,false
,FOMC Member Goolsbee Speaks,USD,2026-06-22T17:30:00Z,None,,,,false,false
,Flash Manufacturing PMI,AUD,2026-06-22T19:00:00Z,None,,50.7,51.2,false,false
,Flash Services PMI,AUD,2026-06-22T19:00:00Z,None,,48.7,49.9,false,false
,Flash Manufacturing PMI,JPY,2026-06-22T20:30:00Z,None,54.5,54.5,54.9,false,false
,BOJ Core CPI y/y,JPY,2026-06-23T01:00:00Z,None,1.5%,1.4%,1.4%,false,false
,French Flash Manufacturing PMI,EUR,2026-06-23T03:15:00Z,None,50.2,49.7,50.7,false,false
,French Flash Services PMI,EUR,2026-06-23T03:15:00Z,None,45.9,44.3,47.4,false,false
,German Flash Manufacturing PMI,EUR,2026-06-23T03:30:00Z,None,50.3,50.1,50.0,false,false
,German Flash Services PMI,EUR,2026-06-23T03:30:00Z,None,49.0,48.1,46.8,false,false
,Flash Manufacturing PMI,EUR,2026-06-23T04:00:00Z,None,51.6,51.6,51.3,false,false
,Flash Services PMI,EUR,2026-06-23T04:00:00Z,None,48.6,47.7,48.9,false,false
,Flash Manufacturing PMI,GBP,2026-06-23T04:30:00Z,None,53.5,53.9,53.1,false,false
,Flash Services PMI,GBP,2026-06-23T04:30:00Z,None,50.1,49.3,48.7,false,false
,MPC Member Breeden Speaks,GBP,2026-06-23T04:55:00Z,None,,,,false,false
,CBI Industrial Order Expectations,GBP,2026-06-23T06:00:00Z,None,-33,-41,-45,false,false
,ADP Weekly Employment Change,USD,2026-06-23T08:15:00Z,None,,26.5K,30.8K,false,false
,MPC Member Taylor Speaks,GBP,2026-06-23T09:15:00Z,None,,,,false,false
,BOC Gov Macklem Speaks,CAD,2026-06-23T09:25:00Z,None,,,,false,false
,Flash Manufacturing PMI,USD,2026-06-23T09:45:00Z,None,54.6,55.1,55.7,false,false
,Flash Services PMI,USD,2026-06-23T09:45:00Z,None,51.1,50.7,51.3,false,false
,Richmond Manufacturing Index,USD,2026-06-23T10:00:00Z,None,8,13,4,false,false
,MPC Member Dhingra Speaks,GBP,2026-06-23T13:30:00Z,None,,,,false,false
,President Trump Speaks,USD,2026-06-23T14:05:00Z,None,,,,false,false
,API Weekly Statistical Bulletin,USD,2026-06-23T16:30:00Z,None,,,,false,false
,BOJ Summary of Opinions,JPY,2026-06-23T19:50:00Z,None,,,,false,false
,SPPI y/y,JPY,2026-06-23T19:50:00Z,None,3.3%,3.3%,3.3%,false,false
,CPI m/m,AUD,2026-06-23T21:30:00Z,High,-0.4%,0.4%,-0.7%,false,false
,CPI y/y,AUD,2026-06-23T21:30:00Z,High,4.3%,4.2%,4.0%,false,false
,Trimmed Mean CPI m/m,AUD,2026-06-23T21:30:00Z,High,0.3%,0.3%,0.4%,false,false
,RBA Deputy Gov Hauser Speaks,AUD,2026-06-24T02:30:00Z,None,,,,false,false
,Gov Board Member Martin Speaks,CHF,2026-06-24T03:00:00Z,None,,,,false,false
,UBS Economic Expectations,CHF,2026-06-24T04:00:00Z,None,,-11.1,-25.0,false,false
,German ifo Business Climate,EUR,2026-06-24T04:00:00Z,None,85.6,85.0,85.6,false,false
,German Buba President Nagel Speaks,EUR,2026-06-24T05:00:00Z,None,,,,false,false
,German 10-y Bond Auction,EUR,2026-06-24T05:40:00Z,None,,3.06|1.7,2.96|1.7,false,false
,Gov Council Member Rogers Speaks,CAD,2026-06-24T07:15:00Z,None,,,,false,false
,MPC Member Breeden Speaks,GBP,2026-06-24T07:15:00Z,None,,,,false,false
,Current Account,USD,2026-06-24T08:30:00Z,None,-212B,-221B,-227B,false,false
,Belgian NBB Business Climate,EUR,2026-06-24T08:38:00Z,None,-12.0,-13.3,-12.4,false,false
,SNB Quarterly Bulletin,CHF,2026-06-24T09:00:00Z,None,,,,false,false
,New Home Sales,USD,2026-06-24T10:00:00Z,None,638K,626K,580K,false,false
,Crude Oil Inventories,USD,2026-06-24T10:30:00Z,None,-3.9M,-8.3M,-6.1M,false,false
,MPC Member Dhingra Speaks,GBP,2026-06-24T11:00:00Z,None,,,,false,false
,MPC Member Pill Speaks,GBP,2026-06-24T12:30:00Z,None,,,,false,false
,BOC Summary of Deliberations,CAD,2026-06-24T13:30:00Z,None,,,,false,false
,Bank Stress Test Results,USD,2026-06-24T16:00:00Z,None,,,,false,false
,President Trump Speaks,USD,2026-06-24T20:30:00Z,None,,,,false,false
,Employment Change,AUD,2026-06-24T21:30:00Z,High,31.2K,-40.7K,40.3K,false,false
,Unemployment Rate,AUD,2026-06-24T21:30:00Z,High,4.4%,4.5%,4.4%,false,false
,Household Spending m/m,AUD,2026-06-24T21:30:00Z,None,0.5%,-1.1%,1.3%,false,false
,NAB Quarterly Business Confidence,AUD,2026-06-24T23:50:00Z,None,,-5,-19,false,false
,German GfK Consumer Climate,EUR,2026-06-25T02:00:00Z,None,-27.8,-29.7,-29.2,false,false
,ECB Economic Bulletin,EUR,2026-06-25T04:00:00Z,None,,,,false,false
,CBI Realized Sales,GBP,2026-06-25T06:00:00Z,None,-41,-46,-54,false,false
,Core PCE Price Index m/m,USD,2026-06-25T08:30:00Z,High,0.3%,0.3%,0.3%,false,false
,Final GDP q/q,USD,2026-06-25T08:30:00Z,High,1.6%,1.6%,2.1%,false,false
,Final GDP Price Index q/q,USD,2026-06-25T08:30:00Z,None,3.5%,3.5%,3.6%,false,false
,Unemployment Claims,USD,2026-06-25T08:30:00Z,None,225K,227K,215K,false,false
,Core Durable Goods Orders m/m,USD,2026-06-25T08:30:00Z,None,0.5%,1.4%,1.3%,false,false
,Durable Goods Orders m/m,USD,2026-06-25T08:30:00Z,None,-5.0%,8.0%,-4.5%,false,false
,Personal Income m/m,USD,2026-06-25T08:30:00Z,None,0.4%,0.0%,0.7%,false,false
,Personal Spending m/m,USD,2026-06-25T08:30:00Z,None,0.6%,0.4%,0.7%,false,false
,FOMC Member Bowman Speaks,USD,2026-06-25T08:45:00Z,None,,,,false,false
,CB Leading Index m/m,CNY,2026-06-25T09:04:00Z,None,,-0.9%,-0.1%,false,false
,Natural Gas Storage,USD,2026-06-25T10:30:00Z,None,67B,73B,76B,false,false
,FOMC Member Williams Speaks,USD,2026-06-25T15:40:00Z,None,,,,false,false
,FOMC Member Goolsbee Speaks,USD,2026-06-25T18:30:00Z,None,,,,false,false
,Tokyo Core CPI y/y,JPY,2026-06-25T19:30:00Z,None,1.6%,1.3%,1.6%,false,false
,German Buba President Nagel Speaks,EUR,2026-06-26T04:30:00Z,None,,,,false,false
,Italian 10-y Bond Auction,EUR,2026-06-26T05:06:00Z,None,,3.77|1.6,3.63|1.7,false,false
,Goods Trade Balance,USD,2026-06-26T08:30:00Z,None,-85.0B,-83.0B,-105.8B,false,false
,Prelim Wholesale Inventories m/m,USD,2026-06-26T08:30:00Z,None,0.3%,0.6%,0.3%,false,false
,Revised UoM Consumer Sentiment,USD,2026-06-26T10:00:00Z,None,50.0,48.9,49.5,false,false
,Revised UoM Inflation Expectations,USD,2026-06-26T10:00:00Z,None,,4.6%,4.6%,false,false
,FOMC Member Kashkari Speaks,USD,2026-06-26T11:30:00Z,None,,,,false,false
,President Trump Speaks,USD,2026-06-26T13:30:00Z,None,,,,false,false
,RBA Gov Bullock Speaks,AUD,2026-06-28T08:15:00Z,None,,,,false,false
,FOMC Member Barkin Speaks,USD,2026-06-28T12:35:00Z,None,,,,false,false
,RBA Assist Gov Kent Speaks,AUD,2026-06-28T19:30:00Z,None,,,,false,false
,Retail Sales y/y,JPY,2026-06-28T19:50:00Z,None,3.1%,2.8%,5.3%,false,false
,Italian Bank Holiday,EUR,2026-06-29T00:00:00Z,None,,,,true,false
,MPC Member Pill Speaks,GBP,2026-06-29T01:00:00Z,None,,,,false,false
,Spanish Flash CPI y/y,EUR,2026-06-29T03:00:00Z,None,3.2%,3.2%,3.2%,false,false
,M3 Money Supply y/y,EUR,2026-06-29T04:00:00Z,None,2.7%,2.7%,3.2%,false,false
,Private Loans y/y,EUR,2026-06-29T04:00:00Z,None,2.9%,3.0%,3.1%,false,false
,M4 Money Supply m/m,GBP,2026-06-29T04:30:00Z,None,0.2%,0.2%,0.1%,false,false
,Mortgage Approvals,GBP,2026-06-29T04:30:00Z,None,63K,66K,56K,false,false
,Net Lending to Individuals m/m,GBP,2026-06-29T04:30:00Z,None,6.0B,6.2B,4.6B,false,false
,ECB President Lagarde Speaks,EUR,2026-06-29T15:00:00Z,None,,,,false,false
,BRC Shop Price Index y/y,GBP,2026-06-29T19:01:00Z,None,1.2%,1.2%,1.2%,false,false
,Unemployment Rate,JPY,2026-06-29T19:30:00Z,None,2.5%,2.5%,2.5%,false,false
,Prelim Industrial Production m/m,JPY,2026-06-29T19:50:00Z,None,0.6%,0.5%,0.5%,false,false
,ANZ Business Confidence,NZD,2026-06-29T21:00:00Z,None,,10.0,36.6,false,false
,Monetary Policy Meeting Minutes,AUD,2026-06-29T21:30:00Z,None,,,,false,false
,Private Sector Credit m/m,AUD,2026-06-29T21:30:00Z,None,0.6%,0.7%,0.7%,false,false
,Manufacturing PMI,CNY,2026-06-29T21:30:00Z,None,50.1,50.0,50.3,false,false
,Non-Manufacturing PMI,CNY,2026-06-29T21:30:00Z,None,49.9,50.1,50.2,false,false
,German Prelim CPI m/m,EUR,2026-06-30T00:00:00Z,None,0.0%,-0.2%,-0.3%,true,false
,Housing Starts y/y,JPY,2026-06-30T01:00:00Z,None,31.8%,11.4%,33.9%,false,false
,German Import Prices m/m,EUR,2026-06-30T02:00:00Z,None,0.4%,1.2%,0.7%,false,false
,German Retail Sales m/m,EUR,2026-06-30T02:00:00Z,None,0.0%,-0.4%,1.1%,false,false
,Current Account,GBP,2026-06-30T02:00:00Z,None,-22.2B,-27.2B,-22.1B,false,false
,Final GDP q/q,GBP,2026-06-30T02:00:00Z,None,0.6%,0.6%,0.6%,false,false
,Revised Business Investment q/q,GBP,2026-06-30T02:00:00Z,None,0.7%,0.7%,0.9%,false,false
,French Consumer Spending m/m,EUR,2026-06-30T02:45:00Z,None,0.2%,-0.5%,0.5%,false,false
,French Prelim CPI m/m,EUR,2026-06-30T02:45:00Z,None,0.0%,0.1%,-0.2%,false,false
,KOF Economic Barometer,CHF,2026-06-30T03:00:00Z,None,99.0,98.6,101.2,false,false
,German Unemployment Change,EUR,2026-06-30T03:55:00Z,None,7K,-12K,-1K,false,false
,Italian Prelim CPI m/m,EUR,2026-06-30T05:00:00Z,None,0.2%,0.4%,0.0%,false,false
,MPC Member Breeden Speaks,GBP,2026-06-30T06:40:00Z,None,,,,false,false
,GDP m/m,CAD,2026-06-30T08:30:00Z,High,0.4%,-0.1%,0.5%,false,false
,HPI m/m,USD,2026-06-30T09:00:00Z,None,0.2%,0.2%,-0.1%,false,false
,S&P/CS Composite-20 HPI y/y,USD,2026-06-30T09:00:00Z,None,0.9%,0.9%,1.1%,false,false
,Chicago PMI,USD,2026-06-30T09:45:00Z,None,55.7,62.7,56.7,false,false
,CB Consumer Confidence,USD,2026-06-30T10:00:00Z,None,94.4,90.6,91.2,false,false
,JOLTS Job Openings,USD,2026-06-30T10:00:00Z,None,7.28M,7.59M,7.59M,false,false
,API Weekly Statistical Bulletin,USD,2026-06-30T16:30:00Z,None,,,,false,false
,Tankan Manufacturing Index,JPY,2026-06-30T19:50:00Z,None,16,17,22,false,false
,Tankan Non-Manufacturing Index,JPY,2026-06-30T19:50:00Z,None,36,36,37,false,false
,Final Manufacturing PMI,JPY,2026-06-30T20:30:00Z,None,54.9,54.9,54.8,false,false
,Building Approvals m/m,AUD,2026-06-30T21:30:00Z,None,0.5%,-0.2%,-1.1%,false,false
,RatingDog Manufacturing PMI,CNY,2026-06-30T21:45:00Z,None,51.9,51.8,51.7,false,false
,Omdia Total Vehicle Sales,USD,2026-07-01T00:00:00Z,None,16.1M,16.1M,16.5M,true,false
,Bank Holiday,CAD,2026-07-01T00:00:00Z,None,,,,true,false
,Consumer Confidence,JPY,2026-07-01T01:00:00Z,None,34.1,33.6,33.8,false,false
,Nationwide HPI m/m,GBP,2026-07-01T02:00:00Z,None,0.1%,-0.6%,0.0%,false,false
,Commodity Prices y/y,AUD,2026-07-01T02:30:00Z,None,,18.5%,16.9%,false,false
,Retail Sales y/y,CHF,2026-07-01T02:30:00Z,None,1.8%,1.7%,3.5%,false,false
,Spanish Manufacturing PMI,EUR,2026-07-01T03:15:00Z,None,51.0,51.2,49.7,false,false
,Manufacturing PMI,CHF,2026-07-01T03:30:00Z,None,56.4,57.3,54.3,false,false
,Italian Manufacturing PMI,EUR,2026-07-01T03:45:00Z,None,52.4,52.9,52.2,false,false
,French Final Manufacturing PMI,EUR,2026-07-01T03:50:00Z,None,50.7,50.7,51.2,false,false
,German Final Manufacturing PMI,EUR,2026-07-01T03:55:00Z,None,50.0,50.0,50.3,false,false
,Final Manufacturing PMI,EUR,2026-07-01T04:00:00Z,None,51.3,51.3,51.4,false,false
,Final Manufacturing PMI,GBP,2026-07-01T04:30:00Z,None,53.1,53.1,52.5,false,false
,Core CPI Flash Estimate y/y,EUR,2026-07-01T05:00:00Z,None,2.5%,2.6%,2.4%,false,false
,CPI Flash Estimate y/y,EUR,2026-07-01T05:00:00Z,None,3.0%,3.2%,2.8%,false,false
,Challenger Job Cuts y/y,USD,2026-07-01T05:30:00Z,None,,3.4%,-4.5%,false,false
,ADP Non-Farm Employment Change,USD,2026-07-01T08:15:00Z,None,118K,122K,98K,false,false
,BOC Gov Macklem Speaks,CAD,2026-07-01T09:00:00Z,None,,,,false,false
,ECB President Lagarde Speaks,EUR,2026-07-01T09:00:00Z,None,,,,false,false
,BOE Gov Bailey Speaks,GBP,2026-07-01T09:00:00Z,High,,,,false,false
,Fed Chairman Warsh Speaks,USD,2026-07-01T09:00:00Z,High,,,,false,false
,Final Manufacturing PMI,USD,2026-07-01T09:45:00Z,None,55.7,55.7,53.9,false,false
,Construction Spending m/m,USD,2026-07-01T10:00:00Z,None,0.1%,0.3%,0.1%,false,false
,ISM Manufacturing PMI,USD,2026-07-01T10:00:00Z,High,53.8,54.0,53.3,false,false
,ISM Manufacturing Prices,USD,2026-07-01T10:00:00Z,None,77.7,82.1,73.0,false,false
,ECB President Lagarde Speaks,EUR,2026-07-01T10:00:00Z,None,,,,false,false
,Crude Oil Inventories,USD,2026-07-01T10:30:00Z,None,-2.9M,-6.1M,-3.8M,false,false
,President Trump Speaks,USD,2026-07-01T15:15:00Z,None,,,,false,false
,Building Consents m/m,NZD,2026-07-01T18:45:00Z,None,,11.1%,-4.0%,false,false
,Monetary Base y/y,JPY,2026-07-01T19:50:00Z,None,-10.0%,-12.2%,-13.7%,false,false
,Goods Trade Balance,AUD,2026-07-01T21:30:00Z,None,2.19B,1.38B,-3.02B,false,false
,10-y Bond Auction,JPY,2026-07-01T23:35:00Z,None,,2.65|3.5,2.73|3.1,false,false
,SNB Financial Stability Report,CHF,2026-07-02T00:30:00Z,None,,,,false,false
,CPI m/m,CHF,2026-07-02T02:30:00Z,None,0.1%,0.2%,0.0%,false,false
,French Gov Budget Balance,EUR,2026-07-02T02:45:00Z,None,,-69.6B,-93.3B,false,false
,Spanish Unemployment Change,EUR,2026-07-02T03:00:00Z,None,-40.8K,-36.3K,-28.7K,false,false
,Italian Monthly Unemployment Rate,EUR,2026-07-02T04:00:00Z,None,5.1%,5.1%,5.0%,false,false
,BOE Credit Conditions Survey,GBP,2026-07-02T04:30:00Z,None,,,,false,false
,Spanish 10-y Bond Auction,EUR,2026-07-02T04:41:00Z,None,,3.38|1.9,3.40|1.8,false,false
,French 10-y Bond Auction,EUR,2026-07-02T04:56:00Z,None,,3.80|2.4,3.68|3.3,false,false
,Unemployment Rate,EUR,2026-07-02T05:00:00Z,None,6.3%,6.2%,6.2%,false,false
,10-y Bond Auction,GBP,2026-07-02T05:03:00Z,None,,4.86|3.5,4.93|3.3,false,false
,FOMC Member Daly Speaks,USD,2026-07-02T07:45:00Z,None,,,,false,false
,Unemployment Rate,USD,2026-07-02T08:30:00Z,High,4.3%,4.3%,4.2%,false,false
,Average Hourly Earnings m/m,USD,2026-07-02T08:30:00Z,High,0.3%,0.3%,0.3%,false,false
,Non-Farm Employment Change,USD,2026-07-02T08:30:00Z,High,114K,129K,57K,false,false
,Unemployment Claims,USD,2026-07-02T08:30:00Z,None,219K,216K,215K,false,false
,Manufacturing PMI,CAD,2026-07-02T09:30:00Z,None,,52.9,53.0,false,false
,Factory Orders m/m,USD,2026-07-02T10:00:00Z,None,-1.7%,5.3%,-1.3%,false,false
,Natural Gas Storage,USD,2026-07-02T10:30:00Z,None,81B,76B,87B,false,false
,MPC Member Mann Speaks,GBP,2026-07-02T11:45:00Z,None,,,,false,false
,RatingDog Services PMI,CNY,2026-07-02T21:45:00Z,None,53.0,54.4,54.1,false,false
,Bank Holiday,USD,2026-07-03T00:00:00Z,None,,,,true,false
,French Industrial Production m/m,EUR,2026-07-03T02:45:00Z,None,-0.3%,0.3%,-0.1%,false,false
,Spanish Services PMI,EUR,2026-07-03T03:15:00Z,None,51.0,50.1,54.2,false,false
,Italian Services PMI,EUR,2026-07-03T03:45:00Z,None,50.3,49.4,50.2,false,false
,French Final Services PMI,EUR,2026-07-03T03:50:00Z,None,47.4,47.4,46.8,false,false
,German Final Services PMI,EUR,2026-07-03T03:55:00Z,None,46.9,46.8,48.6,false,false
,ECB President Lagarde Speaks,EUR,2026-07-03T04:00:00Z,None,,,,false,false
,Final Services PMI,EUR,2026-07-03T04:00:00Z,None,48.9,48.9,49.4,false,false
,Italian Retail Sales m/m,EUR,2026-07-03T04:00:00Z,None,0.2%,0.0%,0.2%,false,false
,Final Services PMI,GBP,2026-07-03T04:30:00Z,None,48.8,48.7,48.8,false,false
,German Buba President Nagel Speaks,EUR,2026-07-03T11:00:00Z,None,,,,false,false
,BOE Gov Bailey Speaks,GBP,2026-07-03T11:00:00Z,None,,,,false,false
,MI Inflation Gauge m/m,AUD,2026-07-05T21:00:00Z,None,,-0.3%,-0.4%,false,false
,ANZ Commodity Prices m/m,NZD,2026-07-05T21:00:00Z,None,,0.7%,-1.0%,false,false
,ANZ Job Advertisements m/m,AUD,2026-07-05T21:30:00Z,None,,2.0%,-0.2%,false,false
,German Factory Orders m/m,EUR,2026-07-06T02:00:00Z,None,1.1%,-3.2%,1.9%,false,false
,Unemployment Rate,CHF,2026-07-06T03:00:00Z,None,3.1%,3.1%,3.1%,false,false
,Construction PMI,GBP,2026-07-06T04:30:00Z,None,40.1,38.2,38.4,false,false
,Housing Equity Withdrawal q/q,GBP,2026-07-06T04:30:00Z,None,-14.5B,-13.9B,-12.6B,false,false
,Sentix Investor Confidence,EUR,2026-07-06T04:30:00Z,None,-8.9,-13.4,-3.1,false,false
,PPI m/m,EUR,2026-07-06T05:00:00Z,None,0.2%,0.7%,0.2%,false,false
,Retail Sales m/m,EUR,2026-07-06T05:00:00Z,None,0.2%,-0.3%,0.2%,false,false
,Final Services PMI,USD,2026-07-06T09:45:00Z,None,51.4,51.3,51.2,false,false
,ISM Services PMI,USD,2026-07-06T10:00:00Z,High,54.2,54.5,54.0,false,false
,FOMC Member Waller Speaks,USD,2026-07-06T11:00:00Z,None,,,,false,false
,BOC Business Outlook Survey,CAD,2026-07-06T11:30:00Z,None,,,,false,false
,Average Cash Earnings y/y,JPY,2026-07-06T19:30:00Z,None,3.4%,3.6%,3.2%,false,false
,Household Spending y/y,JPY,2026-07-06T19:30:00Z,None,-2.3%,-0.5%,-0.4%,false,false
,30-y Bond Auction,JPY,2026-07-06T23:35:00Z,None,,3.86|2.9,3.99|4.6,false,false
,ADP Weekly Employment Change,USD,2026-07-07T00:00:00Z,None,,30.8K,24.3K,false,false
,Leading Indicators,JPY,2026-07-07T01:00:00Z,None,116.9%,116.1%,116.8%,false,false
,German Industrial Production m/m,EUR,2026-07-07T02:00:00Z,None,0.1%,0.2%,0.9%,false,false
,Lloyds HPI m/m,GBP,2026-07-07T02:03:00Z,None,0.1%,-0.2%,0.2%,false,false
,French Trade Balance,EUR,2026-07-07T02:45:00Z,None,-5.9B,-5.4B,-6.9B,false,false
,Foreign Currency Reserves,CHF,2026-07-07T03:00:00Z,None,,711B,759B,false,false
,BOE Financial Stability Report,GBP,2026-07-07T05:30:00Z,None,,,,false,false
,FPC Meeting Minutes,GBP,2026-07-07T05:30:00Z,None,,,,false,false
,FPC Statement,GBP,2026-07-07T05:30:00Z,None,,,,false,false
,BOE Gov Bailey Speaks,GBP,2026-07-07T06:30:00Z,None,,,,false,false
,FOMC Member Bowman Speaks,USD,2026-07-07T07:00:00Z,None,,,,false,false
,ADP Weekly Employment Change,USD,2026-07-07T08:15:00Z,None,,24.3K,21.0K,false,false
,Trade Balance,CAD,2026-07-07T08:30:00Z,None,2.8B,3.4B,4.2B,false,false
,Trade Balance,USD,2026-07-07T08:30:00Z,None,-78.3B,-54.6B,-77.6B,false,false
,Ivey PMI,CAD,2026-07-07T10:00:00Z,None,59.1,58.2,56.2,false,false
,RCM/TIPP Economic Optimism,USD,2026-07-07T10:04:00Z,None,45.0,42.5,45.5,false,false
,GDT Price Index,NZD,2026-07-07T11:16:00Z,None,,-2.8%,-4.9%,false,false
,API Weekly Statistical Bulletin,USD,2026-07-07T16:30:00Z,None,,,,false,false
,Bank Lending y/y,JPY,2026-07-07T19:50:00Z,None,5.8%,5.7%,5.7%,false,false
,Current Account,JPY,2026-07-07T19:50:00Z,None,3.19T,4.21T,3.06T,false,false
,RBA Assist Gov Hunter Speaks,AUD,2026-07-07T21:00:00Z,None,,,,false,false
,Official Cash Rate,NZD,2026-07-07T22:00:00Z,High,2.50%,2.25%,2.50%,false,false
,RBNZ Rate Statement,NZD,2026-07-07T22:00:00Z,High,,,,false,false
,RBNZ Press Conference,NZD,2026-07-07T23:00:00Z,High,,,,false,false
,Economy Watchers Sentiment,JPY,2026-07-08T01:00:00Z,None,44.3,43.6,44.0,false,false
,German 10-y Bond Auction,EUR,2026-07-08T05:41:00Z,None,,2.96|1.7,3.09|1.0,false,false
,German Buba President Nagel Speaks,EUR,2026-07-08T07:30:00Z,None,,,,false,false
,Final Wholesale Inventories m/m,USD,2026-07-08T10:00:00Z,None,0.3%,0.3%,0.1%,false,false
,Crude Oil Inventories,USD,2026-07-08T10:30:00Z,None,-1.9M,-3.8M,3.0M,false,false
,SNB Chairman Schlegel Speaks,CHF,2026-07-08T12:40:00Z,None,,,,false,false
,10-y Bond Auction,USD,2026-07-08T13:01:00Z,None,,4.54|2.6,4.58|2.6,false,false
,FOMC Meeting Minutes,USD,2026-07-08T14:00:00Z,High,,,,false,false
,Consumer Credit m/m,USD,2026-07-08T15:00:00Z,None,16.9B,20.8B,-0.2B,false,false
,BusinessNZ Manufacturing Index,NZD,2026-07-08T18:30:00Z,None,,51.3,59.7,false,false
,RICS House Price Balance,GBP,2026-07-08T19:01:00Z,None,-31%,-34%,-33%,false,false
,M2 Money Stock y/y,JPY,2026-07-08T19:50:00Z,None,2.4%,2.4%,2.2%,false,false
,CPI y/y,CNY,2026-07-08T21:30:00Z,None,1.1%,1.2%,1.0%,false,false
,PPI y/y,CNY,2026-07-08T21:30:00Z,None,4.1%,3.9%,4.1%,false,false
,Bank Holiday,NZD,2026-07-09T00:00:00Z,None,,,,true,false
,Eurogroup Meetings,EUR,2026-07-09T00:00:00Z,None,,,,true,false
,Prelim Machine Tool Orders y/y,JPY,2026-07-09T02:00:00Z,None,,37.5%,52.8%,false,false
,German Trade Balance,EUR,2026-07-09T02:00:00Z,None,14.9B,14.7B,19.1B,false,false
,ECB Monetary Policy Meeting Accounts,EUR,2026-07-09T07:30:00Z,None,,,,false,false
,Unemployment Claims,USD,2026-07-09T08:30:00Z,None,218K,217K,215K,false,false
,FOMC Member Williams Speaks,USD,2026-07-09T09:00:00Z,None,,,,false,false
,Existing Home Sales,USD,2026-07-09T10:00:00Z,None,4.19M,4.19M,4.09M,false,false
,Natural Gas Storage,USD,2026-07-09T10:30:00Z,None,60B,87B,61B,false,false
,Gov Board Member Martin Speaks,CHF,2026-07-09T12:00:00Z,None,,,,false,false
,30-y Bond Auction,USD,2026-07-09T13:01:00Z,None,,5.02|2.3,5.06|2.4,false,false
,PPI y/y,JPY,2026-07-09T19:50:00Z,None,6.8%,6.6%,7.1%,false,false
,ECOFIN Meetings,EUR,2026-07-10T00:00:00Z,None,,,,true,false
,German Final CPI m/m,EUR,2026-07-10T02:00:00Z,None,-0.3%,-0.3%,-0.3%,false,false
,French Final CPI m/m,EUR,2026-07-10T02:45:00Z,None,-0.2%,-0.2%,-0.3%,false,false
,SECO Consumer Climate,CHF,2026-07-10T03:00:00Z,None,-35,-38,-36,false,false
,Italian Industrial Production m/m,EUR,2026-07-10T04:00:00Z,None,-0.1%,0.4%,-0.3%,false,false
,Employment Change,CAD,2026-07-10T08:30:00Z,High,11.2K,87.8K,18.2K,false,false
,Unemployment Rate,CAD,2026-07-10T08:30:00Z,High,6.6%,6.6%,6.5%,false,false
,Building Permits m/m,CAD,2026-07-10T08:30:00Z,None,1.0%,-6.6%,-1.7%,false,false
,Fed Monetary Policy Report,USD,2026-07-10T11:00:00Z,None,,,,false,false
,BusinessNZ Services Index,NZD,2026-07-12T18:30:00Z,None,,48.0,50.6,false,false
,FOMC Member Bowman Speaks,USD,2026-07-13T05:25:00Z,None,,,,false,false
,FOMC Member Waller Speaks,USD,2026-07-13T12:30:00Z,None,,,,false,false
,Federal Budget Balance,USD,2026-07-13T13:59:00Z,None,-135.8B,-292.6B,-120.3B,false,false
,MPC Member Pill Speaks,GBP,2026-07-13T14:00:00Z,None,,,,false,false
,NZIER Business Confidence,NZD,2026-07-13T18:00:00Z,None,,-4,8,false,false
,Visitor Arrivals m/m,NZD,2026-07-13T18:45:00Z,None,,1.8%,-2.4%,false,false
,BRC Retail Sales Monitor y/y,GBP,2026-07-13T19:01:00Z,None,2.6%,3.4%,1.7%,false,false
,Westpac Consumer Sentiment,AUD,2026-07-13T20:30:00Z,None,,-2.9%,4.1%,false,false
,NAB Business Confidence,AUD,2026-07-13T21:30:00Z,None,,-14,-5,false,false
,Trade Balance,CNY,2026-07-13T22:31:00Z,None,810B,724B,859B,false,false
,USD-Denominated Trade Balance,CNY,2026-07-13T22:31:00Z,None,119.5B,105.4B,125.6B,false,false
,French Bank Holiday,EUR,2026-07-14T00:00:00Z,None,,,,true,false
,Revised Industrial Production m/m,JPY,2026-07-14T00:30:00Z,None,0.5%,0.5%,0.1%,false,false
,German WPI m/m,EUR,2026-07-14T02:00:00Z,None,0.5%,-0.6%,-0.7%,false,false
,PPI m/m,CHF,2026-07-14T02:30:00Z,None,-0.5%,-0.4%,-0.3%,false,false
,BOE Gov Bailey Speaks,GBP,2026-07-14T04:45:00Z,None,,,,false,false
,NFIB Small Business Index,USD,2026-07-14T06:00:00Z,None,95.8,95.3,97.4,false,false
,ADP Weekly Employment Change,USD,2026-07-14T08:15:00Z,None,,21.0K,19.8K,false,false
,Core CPI m/m,USD,2026-07-14T08:30:00Z,High,0.2%,0.2%,0.0%,false,false
,Core CPI y/y,USD,2026-07-14T08:30:00Z,High,2.8%,2.9%,2.6%,false,false
,CPI m/m,USD,2026-07-14T08:30:00Z,High,-0.1%,0.5%,-0.4%,false,false
,CPI y/y,USD,2026-07-14T08:30:00Z,High,3.8%,4.2%,3.5%,false,false
,CB Leading Index m/m,GBP,2026-07-14T09:30:00Z,None,,-0.3%,-0.5%,false,false
,Fed Chairman Warsh Testifies,USD,2026-07-14T10:00:00Z,High,,,,false,false
,CB Leading Index m/m,AUD,2026-07-14T10:30:00Z,None,,0.3%,0.2%,false,false
,FOMC Member Barr Speaks,USD,2026-07-14T12:40:00Z,None,,,,false,false
,FOMC Member Goolsbee Speaks,USD,2026-07-14T13:00:00Z,None,,,,false,false
,FOMC Member Bowman Speaks,USD,2026-07-14T14:55:00Z,None,,,,false,false
,BOE Gov Bailey Speaks,GBP,2026-07-14T16:00:00Z,High,,,,false,false
,TIC Long-Term Purchases,USD,2026-07-14T16:00:00Z,None,128.5B,104.8B,232.7B,false,false
,API Weekly Statistical Bulletin,USD,2026-07-14T16:30:00Z,None,,,,false,false
,Core Machinery Orders m/m,JPY,2026-07-14T19:50:00Z,None,-4.2%,8.7%,-12.4%,false,false
,New Home Prices m/m,CNY,2026-07-14T21:30:00Z,None,,-0.20%,-0.15%,false,false
,Fixed Asset Investment ytd/y,CNY,2026-07-14T22:00:00Z,None,-5.0%,-4.1%,-5.7%,false,false
,GDP q/y,CNY,2026-07-14T22:00:00Z,None,4.5%,5.0%,4.3%,false,false
,Industrial Production y/y,CNY,2026-07-14T22:00:00Z,None,4.7%,4.5%,5.3%,false,false
,NBS Press Conference,CNY,2026-07-14T22:00:00Z,None,,,,false,false
,Retail Sales y/y,CNY,2026-07-14T22:00:00Z,None,-0.1%,-0.6%,1.0%,false,false
,Unemployment Rate,CNY,2026-07-14T22:00:00Z,None,5.1%,5.1%,5.0%,false,false
