id,title,currency,date,impact,forecast,previous,actual,all_day,tentative
,Bank Holiday,CNY,2013-01-01T00:00:00Z,None,,,,true,false
,French Bank Holiday,EUR,2013-01-01T00:00:00Z,None,,,,true,false
,German Bank Holiday,EUR,2013-01-01T00:00:00Z,None,,,,true,false
,Bank Holiday,GBP,2013-01-01T00:00:00Z,None,,,,true,false
,Bank Holiday,CAD,2013-01-01T00:00:00Z,None,,,,true,false
,Bank Holiday,USD,2013-01-01T00:00:00Z,None,,,,true,false
,Bank Holiday,NZD,2013-01-01T00:00:00Z,None,,,,true,false
,Bank Holiday,CHF,2013-01-01T00:00:00Z,None,,,,true,false
,Italian Bank Holiday,EUR,2013-01-01T00:00:00Z,None,,,,true,false
,Bank Holiday,JPY,2013-01-01T00:00:00Z,None,,,,true,false
,AIG Manufacturing Index,AUD,2013-01-01T17:30:00Z,None,,44.3,44.3,false,false
,Bank Holiday,CNY,2013-01-02T00:00:00Z,None,,,,true,false
,Bank Holiday,CHF,2013-01-02T00:00:00Z,None,,,,true,false
,German Prelim CPI m/m,EUR,2013-01-02T00:00:00Z,None,0.7%,-0.1%,0.9%,true,false
,Bank Holiday,JPY,2013-01-02T00:00:00Z,None,,,,true,false
,Commodity Prices y/y,AUD,2013-01-02T00:30:00Z,None,,-10.3%,-8.0%,false,false
,Spanish Flash CPI y/y,EUR,2013-01-02T03:00:00Z,None,2.9%,2.9%,2.9%,false,false
,Spanish Manufacturing PMI,EUR,2013-01-02T03:15:00Z,None,44.9,45.3,44.6,false,false
,Italian Manufacturing PMI,EUR,2013-01-02T03:45:00Z,None,45.4,45.1,46.7,false,false
,French Final Manufacturing PMI,EUR,2013-01-02T03:50:00Z,None,44.6,44.6,44.6,false,false
,German Final Manufacturing PMI,EUR,2013-01-02T03:55:00Z,None,46.3,46.3,46.0,false,false
,Final Manufacturing PMI,EUR,2013-01-02T04:00:00Z,None,46.3,46.3,46.1,false,false
,Final Manufacturing PMI,GBP,2013-01-02T04:30:00Z,High,49.2,49.2,51.4,false,false
,GDT Price Index,NZD,2013-01-02T08:30:00Z,None,,0.3%,1.6%,false,false
,Final Manufacturing PMI,USD,2013-01-02T09:00:00Z,None,53.2,54.2,54.0,false,false
,Manufacturing PMI,CAD,2013-01-02T09:30:00Z,None,,50.4,50.4,false,false
,ISM Manufacturing PMI,USD,2013-01-02T10:00:00Z,High,50.2,49.5,50.7,false,false
,Construction Spending m/m,USD,2013-01-02T10:00:00Z,None,0.6%,0.7%,-0.3%,false,false
,ISM Manufacturing Prices,USD,2013-01-02T10:00:00Z,None,51.4,52.5,55.5,false,false
,Non-Manufacturing PMI,CNY,2013-01-02T20:00:00Z,None,,55.6,56.1,false,false
,Total Vehicle Sales,USD,2013-01-03T00:00:00Z,None,15.3M,15.5M,15.4M,true,false
,Nationwide HPI m/m,GBP,2013-01-03T02:00:00Z,None,0.1%,0.0%,-0.1%,false,false
,KOF Economic Barometer,CHF,2013-01-03T03:00:00Z,None,1.39,1.50,1.28,false,false
,Spanish Unemployment Change,EUR,2013-01-03T03:00:00Z,None,50.3K,74.3K,-59.1K,false,false
,Manufacturing PMI,CHF,2013-01-03T03:30:00Z,None,48.7,48.5,49.5,false,false
,German Unemployment Change,EUR,2013-01-03T03:55:00Z,None,11K,5K,3K,false,false
,M3 Money Supply y/y,EUR,2013-01-03T04:00:00Z,None,3.8%,3.9%,3.8%,false,false
,Private Loans y/y,EUR,2013-01-03T04:00:00Z,None,-0.5%,-0.8%,-0.8%,false,false
,Construction PMI,GBP,2013-01-03T04:30:00Z,High,49.6,49.3,48.7,false,false
,BOE Credit Conditions Survey,GBP,2013-01-03T04:30:00Z,None,,,,false,false
,French 10-y Bond Auction,EUR,2013-01-03T05:00:00Z,None,,2.22|2.0,2.07|1.7,false,false
,Challenger Job Cuts y/y,USD,2013-01-03T07:30:00Z,None,,34.4%,-22.1%,false,false
,ADP Non-Farm Employment Change,USD,2013-01-03T08:15:00Z,High,134K,148K,215K,false,false
,Unemployment Claims,USD,2013-01-03T08:30:00Z,High,356K,362K,372K,false,false
,FOMC Meeting Minutes,USD,2013-01-03T14:00:00Z,High,,,,false,false
,AIG Services Index,AUD,2013-01-03T17:30:00Z,None,,47.1,43.2,false,false
,RatingDog Services PMI,CNY,2013-01-03T20:45:00Z,None,,52.1,51.7,false,false
,German Retail Sales m/m,EUR,2013-01-04T02:00:00Z,None,0.9%,-1.3%,1.2%,false,false
,Spanish Services PMI,EUR,2013-01-04T03:15:00Z,None,42.7,42.4,44.3,false,false
,Italian Services PMI,EUR,2013-01-04T03:45:00Z,None,45.1,44.6,45.6,false,false
,French Final Services PMI,EUR,2013-01-04T03:50:00Z,None,46.0,46.0,45.2,false,false
,German Final Services PMI,EUR,2013-01-04T03:55:00Z,None,52.1,52.1,52.0,false,false
,Final Services PMI,EUR,2013-01-04T04:00:00Z,None,47.8,47.8,47.8,false,false
,Mortgage Approvals,GBP,2013-01-04T04:30:00Z,None,54K,53K,54K,false,false
,M4 Money Supply m/m,GBP,2013-01-04T04:30:00Z,None,0.3%,0.2%,-0.2%,false,false
,Net Lending to Individuals m/m,GBP,2013-01-04T04:30:00Z,None,0.4B,-0.2B,-0.1B,false,false
,Final Services PMI,GBP,2013-01-04T04:30:00Z,High,50.4,50.2,48.9,false,false
,Italian Prelim CPI m/m,EUR,2013-01-04T05:00:00Z,None,0.2%,-0.2%,0.3%,false,false
,CPI Flash Estimate y/y,EUR,2013-01-04T05:00:00Z,None,2.1%,2.2%,2.2%,false,false
,Employment Change,CAD,2013-01-04T08:30:00Z,High,4.0K,59.3K,39.8K,false,false
,Unemployment Rate,CAD,2013-01-04T08:30:00Z,High,7.3%,7.2%,7.1%,false,false
,RMPI m/m,CAD,2013-01-04T08:30:00Z,None,-0.9%,0.1%,-1.9%,false,false
,IPPI m/m,CAD,2013-01-04T08:30:00Z,None,-0.2%,-0.1%,-0.3%,false,false
,Non-Farm Employment Change,USD,2013-01-04T08:30:00Z,High,150K,161K,155K,false,false
,Unemployment Rate,USD,2013-01-04T08:30:00Z,High,7.7%,7.7%,7.8%,false,false
,Average Hourly Earnings m/m,USD,2013-01-04T08:30:00Z,None,0.2%,0.3%,0.3%,false,false
,ISM Services PMI,USD,2013-01-04T10:00:00Z,High,54.2,54.7,56.1,false,false
,Factory Orders m/m,USD,2013-01-04T10:00:00Z,None,0.3%,0.8%,0.0%,false,false
,Natural Gas Storage,USD,2013-01-04T10:30:00Z,None,-129B,-72B,-135B,false,false
,Crude Oil Inventories,USD,2013-01-04T11:00:00Z,None,-0.7M,-0.6M,-11.1M,false,false
,FOMC Member Yellen Speaks,USD,2013-01-04T15:30:00Z,None,,,,false,false
,FOMC Member Yellen Speaks,USD,2013-01-05T10:15:00Z,None,,,,false,false
,Monetary Base y/y,JPY,2013-01-06T18:50:00Z,None,5.3%,5.0%,11.8%,false,false
,Foreign Currency Reserves,CHF,2013-01-07T03:00:00Z,High,,427B,427B,false,false
,Lloyds HPI m/m,GBP,2013-01-07T03:00:00Z,None,0.2%,1.6%,1.3%,false,false
,Sentix Investor Confidence,EUR,2013-01-07T04:30:00Z,None,-13.7,-16.8,-7.0,false,false
,PPI m/m,EUR,2013-01-07T05:00:00Z,None,-0.1%,0.1%,-0.2%,false,false
,Ivey PMI,CAD,2013-01-07T10:00:00Z,High,51.3,47.5,52.8,false,false
,AIG Construction Index,AUD,2013-01-07T17:30:00Z,None,,37.0,38.8,false,false
,BRC Retail Sales Monitor y/y,GBP,2013-01-07T19:00:00Z,None,,0.4%,0.3%,false,false
,Goods Trade Balance,AUD,2013-01-07T19:30:00Z,High,-2.21B,-2.44B,-2.64B,false,false
,10-y Bond Auction,JPY,2013-01-07T22:45:00Z,None,,0.73|3.8,0.82|3.6,false,false
,Unemployment Rate,CHF,2013-01-08T01:45:00Z,None,3.0%,3.0%,3.0%,false,false
,German Trade Balance,EUR,2013-01-08T02:00:00Z,None,15.4B,14.9B,14.6B,false,false
,French Trade Balance,EUR,2013-01-08T02:45:00Z,None,-4.8B,-4.7B,-4.3B,false,false
,Italian Monthly Unemployment Rate,EUR,2013-01-08T04:00:00Z,None,11.2%,11.1%,11.1%,false,false
,Retail Sales m/m,EUR,2013-01-08T05:00:00Z,None,0.3%,-0.7%,0.1%,false,false
,Unemployment Rate,EUR,2013-01-08T05:00:00Z,None,11.8%,11.7%,11.8%,false,false
,German Factory Orders m/m,EUR,2013-01-08T06:00:00Z,None,-1.4%,3.8%,-1.8%,false,false
,NFIB Small Business Index,USD,2013-01-08T07:30:00Z,None,87.2,87.5,88.0,false,false
,RCM/TIPP Economic Optimism,USD,2013-01-08T10:00:00Z,None,46.3,45.1,46.5,false,false
,Consumer Credit m/m,USD,2013-01-08T15:00:00Z,None,12.9B,14.1B,16.0B,false,false
,Building Consents m/m,NZD,2013-01-08T16:45:00Z,None,,-2.0%,-5.4%,false,false
,BRC Shop Price Index y/y,GBP,2013-01-08T19:01:00Z,None,,1.5%,1.5%,false,false
,HIA New Home Sales m/m,AUD,2013-01-08T19:09:00Z,None,,3.4%,4.7%,false,false
,Retail Sales m/m,AUD,2013-01-08T19:30:00Z,High,0.3%,0.0%,-0.1%,false,false
,Goods Trade Balance,GBP,2013-01-09T04:30:00Z,None,-9.1B,-9.5B,-9.2B,false,false
,Final GDP q/q,EUR,2013-01-09T05:00:00Z,None,-0.1%,-0.1%,-0.1%,false,false
,German Industrial Production m/m,EUR,2013-01-09T06:00:00Z,None,1.1%,-2.0%,0.2%,false,false
,Housing Starts,CAD,2013-01-09T08:13:00Z,None,198K,201K,198K,false,false
,Crude Oil Inventories,USD,2013-01-09T10:30:00Z,None,0.9M,-11.1M,1.3M,false,false
,10-y Bond Auction,USD,2013-01-09T13:00:00Z,None,,1.65|3.0,1.86|2.8,false,false
,Trade Balance,NZD,2013-01-09T16:45:00Z,None,-645M,-666M,-700M,false,false
,ANZ Commodity Prices m/m,NZD,2013-01-09T19:00:00Z,None,,0.9%,1.0%,false,false
,Building Approvals m/m,AUD,2013-01-09T19:30:00Z,High,4.0%,-5.1%,2.9%,false,false
,New Loans,CNY,2013-01-09T19:30:00Z,None,550B,523B,454B,false,false
,M2 Money Supply y/y,CNY,2013-01-09T19:30:00Z,None,14.1%,13.9%,13.8%,false,false
,USD-Denominated Trade Balance,CNY,2013-01-09T21:00:00Z,High,20.1B,19.6B,31.6B,false,false
,30-y Bond Auction,JPY,2013-01-09T22:45:00Z,None,,1.93|4.1,1.99|3.5,false,false
,Leading Indicators,JPY,2013-01-10T00:00:00Z,None,93.1%,92.8%,91.9%,false,false
,French Final CPI m/m,EUR,2013-01-10T02:45:00Z,None,0.4%,-0.2%,0.3%,false,false
,French Industrial Production m/m,EUR,2013-01-10T02:45:00Z,None,0.2%,-0.6%,0.5%,false,false
,Official Bank Rate,GBP,2013-01-10T07:00:00Z,High,0.50%,0.50%,0.50%,false,false
,Asset Purchase Facility,GBP,2013-01-10T07:00:00Z,High,375B,375B,375B,false,false
,Main Refinancing Rate,EUR,2013-01-10T07:45:00Z,High,0.75%,0.75%,0.75%,false,false
,Unemployment Claims,USD,2013-01-10T08:30:00Z,High,361K,367K,371K,false,false
,Building Permits m/m,CAD,2013-01-10T08:30:00Z,High,2.4%,15.9%,-17.9%,false,false
,NHPI m/m,CAD,2013-01-10T08:30:00Z,None,0.2%,0.2%,0.1%,false,false
,ECB Press Conference,EUR,2013-01-10T08:30:00Z,High,,,,false,false
,Final Wholesale Inventories m/m,USD,2013-01-10T10:00:00Z,None,0.2%,0.3%,0.6%,false,false
,JOLTS Job Openings,USD,2013-01-10T10:00:00Z,None,3.68M,3.67M,3.68M,false,false
,Natural Gas Storage,USD,2013-01-10T10:30:00Z,None,-185B,-135B,-201B,false,false
,30-y Bond Auction,USD,2013-01-10T13:00:00Z,None,,2.92|2.5,3.07|2.8,false,false
,FOMC Member George Speaks,USD,2013-01-10T13:10:00Z,None,,,,false,false
,FOMC Member Bullard Speaks,USD,2013-01-10T14:00:00Z,None,,,,false,false
,Gov Council Member Macklem Speaks,CAD,2013-01-10T16:00:00Z,None,,,,false,false
,Current Account,JPY,2013-01-10T18:50:00Z,High,0.31T,0.41T,0.23T,false,false
,Bank Lending y/y,JPY,2013-01-10T18:50:00Z,None,,1.0%,1.2%,false,false
,PPI y/y,CNY,2013-01-10T20:30:00Z,None,-1.8%,-2.2%,-1.9%,false,false
,CPI y/y,CNY,2013-01-10T20:30:00Z,High,2.3%,2.0%,2.5%,false,false
,Economy Watchers Sentiment,JPY,2013-01-11T00:00:00Z,None,41.1,40.0,45.8,false,false
,CPI m/m,CHF,2013-01-11T03:15:00Z,High,-0.1%,-0.3%,-0.2%,false,false
,Manufacturing Production m/m,GBP,2013-01-11T04:30:00Z,High,0.5%,-1.3%,-0.3%,false,false
,Industrial Production m/m,GBP,2013-01-11T04:30:00Z,None,0.8%,-0.9%,0.3%,false,false
,Trade Balance,CAD,2013-01-11T08:30:00Z,High,-0.3B,-0.6B,-2.0B,false,false
,Trade Balance,USD,2013-01-11T08:30:00Z,High,-41.1B,-42.1B,-48.7B,false,false
,Import Prices m/m,USD,2013-01-11T08:30:00Z,None,0.1%,-0.8%,-0.1%,false,false
,NIESR GDP Estimate,GBP,2013-01-11T09:54:00Z,None,,0.1%,-0.3%,false,false
,Federal Budget Balance,USD,2013-01-11T14:00:00Z,None,-11.6B,-172.1B,-0.3B,false,false
,Bank Holiday,JPY,2013-01-13T00:00:00Z,None,,,,true,false
,MI Inflation Gauge m/m,AUD,2013-01-13T18:30:00Z,None,,-0.1%,0.4%,false,false
,Home Loans m/m,AUD,2013-01-13T19:30:00Z,None,0.5%,-0.4%,-0.5%,false,false
,ANZ Job Advertisements m/m,AUD,2013-01-13T19:30:00Z,None,,-2.8%,-3.8%,false,false
,FOMC Member Evans Speaks,USD,2013-01-13T20:20:00Z,None,,,,false,false
,German WPI m/m,EUR,2013-01-14T02:00:00Z,None,0.5%,-0.7%,0.0%,false,false
,Italian Industrial Production m/m,EUR,2013-01-14T04:00:00Z,None,-0.1%,-1.1%,-1.0%,false,false
,Industrial Production m/m,EUR,2013-01-14T05:00:00Z,None,0.2%,-1.0%,-0.3%,false,false
,BOC Business Outlook Survey,CAD,2013-01-14T10:30:00Z,None,,,,false,false
,REINZ HPI m/m,NZD,2013-01-14T15:30:00Z,None,,1.4%,-0.6%,false,false
,Fed Chairman Bernanke Speaks,USD,2013-01-14T16:00:00Z,High,,,,false,false
,NZIER Business Confidence,NZD,2013-01-14T16:00:00Z,None,,8,20,false,false
,FPI m/m,NZD,2013-01-14T16:45:00Z,None,,-0.8%,-0.2%,false,false
,M2 Money Stock y/y,JPY,2013-01-14T18:50:00Z,None,2.1%,2.1%,2.6%,false,false
,RICS House Price Balance,GBP,2013-01-14T19:01:00Z,None,-8%,-9%,0%,false,false
,Prelim Machine Tool Orders y/y,JPY,2013-01-15T01:00:00Z,None,,-21.3%,-27.5%,false,false
,German Final CPI m/m,EUR,2013-01-15T02:00:00Z,None,0.9%,0.9%,0.9%,false,false
,French Gov Budget Balance,EUR,2013-01-15T02:45:00Z,None,,-94.6B,-103.4B,false,false
,CPI y/y,GBP,2013-01-15T04:30:00Z,High,2.7%,2.7%,2.7%,false,false
,PPI Input m/m,GBP,2013-01-15T04:30:00Z,None,0.0%,0.1%,-0.2%,false,false
,RPI y/y,GBP,2013-01-15T04:30:00Z,None,3.0%,3.0%,3.1%,false,false
,Core CPI y/y,GBP,2013-01-15T04:30:00Z,None,2.6%,2.6%,2.4%,false,false
,ONS HPI y/y,GBP,2013-01-15T04:30:00Z,None,1.7%,1.5%,2.1%,false,false
,PPI Output m/m,GBP,2013-01-15T04:30:00Z,None,0.0%,-0.3%,-0.1%,false,false
,CB Leading Index m/m,GBP,2013-01-15T05:00:00Z,None,,-0.3%,0.2%,false,false
,BOE Gov King Speaks,GBP,2013-01-15T05:00:00Z,High,,,,false,false
,Trade Balance,EUR,2013-01-15T05:00:00Z,None,8.2B,7.4B,11.0B,false,false
,FOMC Member Rosengren Speaks,USD,2013-01-15T08:00:00Z,None,,,,false,false
,Core Retail Sales m/m,USD,2013-01-15T08:30:00Z,High,0.2%,-0.1%,0.3%,false,false
,PPI m/m,USD,2013-01-15T08:30:00Z,High,-0.1%,-0.8%,-0.2%,false,false
,Retail Sales m/m,USD,2013-01-15T08:30:00Z,High,0.2%,0.4%,0.5%,false,false
,Core PPI m/m,USD,2013-01-15T08:30:00Z,None,0.2%,0.1%,0.1%,false,false
,Empire State Manufacturing Index,USD,2013-01-15T08:30:00Z,None,1.9,-8.1,-7.8,false,false
,Business Inventories m/m,USD,2013-01-15T10:00:00Z,None,0.3%,0.3%,0.3%,false,false
,Westpac Consumer Sentiment,AUD,2013-01-15T18:30:00Z,None,,-4.1%,0.6%,false,false
,PPI y/y,JPY,2013-01-15T18:50:00Z,None,-0.7%,-0.9%,-0.6%,false,false
,Core Machinery Orders m/m,JPY,2013-01-15T18:50:00Z,None,0.4%,2.6%,3.9%,false,false
,New Motor Vehicle Sales m/m,AUD,2013-01-15T19:30:00Z,None,,0.2%,2.2%,false,false
,Foreign Direct Investment ytd/y,CNY,2013-01-15T21:00:00Z,None,,-3.6%,-3.7%,false,false
,Consumer Confidence,JPY,2013-01-16T00:00:00Z,None,40.7,39.4,39.2,false,false
,Retail Sales y/y,CHF,2013-01-16T03:15:00Z,None,3.3%,2.7%,2.9%,false,false
,Italian Trade Balance,EUR,2013-01-16T04:00:00Z,None,1.91B,2.42B,2.36B,false,false
,Final Core CPI y/y,EUR,2013-01-16T05:00:00Z,None,1.5%,1.4%,1.5%,false,false
,Final CPI y/y,EUR,2013-01-16T05:00:00Z,None,2.2%,2.2%,2.2%,false,false
,German 10-y Bond Auction,EUR,2013-01-16T05:33:00Z,None,,1.40|1.5,1.56|1.7,false,false
,GDT Price Index,NZD,2013-01-16T08:30:00Z,None,,1.6%,1.9%,false,false
,Core CPI m/m,USD,2013-01-16T08:30:00Z,High,0.2%,0.1%,0.1%,false,false
,Core CPI y/y,USD,2013-01-16T08:30:00Z,High,1.9%,1.9%,1.9%,false,false
,CPI y/y,USD,2013-01-16T08:30:00Z,High,1.8%,1.8%,1.7%,false,false
,CPI m/m,USD,2013-01-16T08:30:00Z,None,0.0%,-0.3%,0.0%,false,false
,TIC Long-Term Purchases,USD,2013-01-16T09:00:00Z,None,19.8B,-1.0B,52.3B,false,false
,Industrial Production m/m,USD,2013-01-16T09:15:00Z,None,0.2%,1.0%,0.3%,false,false
,Capacity Utilization Rate,USD,2013-01-16T09:15:00Z,None,78.6%,78.7%,78.8%,false,false
,NAHB Housing Market Index,USD,2013-01-16T10:00:00Z,None,48,47,47,false,false
,Crude Oil Inventories,USD,2013-01-16T10:30:00Z,None,2.0M,1.3M,-1.0M,false,false
,Beige Book,USD,2013-01-16T14:00:00Z,None,,,,false,false
,Tertiary Industry Activity m/m,JPY,2013-01-16T18:50:00Z,None,0.1%,0.1%,-0.3%,false,false
,MI Inflation Expectations,AUD,2013-01-16T18:59:00Z,None,,1.8%,2.0%,false,false
,Employment Change,AUD,2013-01-16T19:30:00Z,High,2.3K,17.1K,-5.5K,false,false
,Unemployment Rate,AUD,2013-01-16T19:30:00Z,High,5.4%,5.3%,5.4%,false,false
,PPI m/m,CHF,2013-01-17T03:15:00Z,None,0.2%,0.0%,0.1%,false,false
,ECB Monthly Bulletin,EUR,2013-01-17T04:00:00Z,None,,,,false,false
,Foreign Securities Purchases,CAD,2013-01-17T08:30:00Z,None,9.45B,12.67B,5.62B,false,false
,Building Permits,USD,2013-01-17T08:30:00Z,High,0.91M,0.90M,0.90M,false,false
,Unemployment Claims,USD,2013-01-17T08:30:00Z,High,369K,372K,335K,false,false
,Housing Starts,USD,2013-01-17T08:30:00Z,None,0.89M,0.85M,0.95M,false,false
,Philly Fed Manufacturing Index,USD,2013-01-17T10:00:00Z,High,7.1,8.1,-5.8,false,false
,Natural Gas Storage,USD,2013-01-17T10:30:00Z,None,-131B,-201B,-148B,false,false
,CPI q/q,NZD,2013-01-17T16:45:00Z,High,0.1%,0.3%,-0.2%,false,false
,GDP q/y,CNY,2013-01-17T21:00:00Z,High,7.8%,7.4%,7.9%,false,false
,Fixed Asset Investment ytd/y,CNY,2013-01-17T21:00:00Z,None,20.7%,20.7%,20.6%,false,false
,Industrial Production y/y,CNY,2013-01-17T21:00:00Z,None,10.2%,10.1%,10.3%,false,false
,NBS Press Conference,CNY,2013-01-17T21:00:00Z,None,,,,false,false
,Retail Sales y/y,CNY,2013-01-17T21:00:00Z,None,15.0%,14.9%,15.2%,false,false
,Revised Industrial Production m/m,JPY,2013-01-17T23:30:00Z,None,-1.7%,-1.7%,-1.4%,false,false
,Retail Sales m/m,GBP,2013-01-18T04:30:00Z,High,0.2%,0.0%,-0.1%,false,false
,Manufacturing Sales m/m,CAD,2013-01-18T08:30:00Z,None,0.9%,-1.2%,1.7%,false,false
,Prelim UoM Consumer Sentiment,USD,2013-01-18T09:55:00Z,High,75.1,72.9,71.3,false,false
,Prelim UoM Inflation Expectations,USD,2013-01-18T09:55:00Z,None,,3.2%,3.4%,false,false
,Rightmove HPI m/m,GBP,2013-01-20T19:01:00Z,None,,-3.3%,0.2%,false,false
,Eurogroup Meetings,EUR,2013-01-21T00:00:00Z,High,,,,true,false
,Bank Holiday,USD,2013-01-21T00:00:00Z,None,,,,true,false
,German PPI m/m,EUR,2013-01-21T02:00:00Z,None,0.0%,-0.1%,-0.3%,false,false
,German Buba Monthly Report,EUR,2013-01-21T06:00:00Z,None,,,,false,false
,Wholesale Sales m/m,CAD,2013-01-21T08:30:00Z,None,0.5%,0.8%,0.7%,false,false
,German Buba President Weidmann Speaks,EUR,2013-01-21T13:00:00Z,None,,,,false,false
,Monetary Policy Statement,JPY,2013-01-21T22:47:00Z,High,,,,false,false
,Overnight Call Rate,JPY,2013-01-21T22:47:00Z,High,<0.10%,<0.10%,<0.10%,false,false
,All Industries Activity m/m,JPY,2013-01-21T23:32:00Z,None,-0.3%,0.2%,-0.3%,false,false
,ECOFIN Meetings,EUR,2013-01-22T00:00:00Z,None,,,,true,false
,BOJ Press Conference,JPY,2013-01-22T01:04:00Z,High,,,,false,false
,Public Sector Net Borrowing,GBP,2013-01-22T04:30:00Z,None,13.4B,14.3B,13.2B,false,false
,German ZEW Economic Sentiment,EUR,2013-01-22T05:00:00Z,High,12.2,6.9,31.5,false,false
,ZEW Economic Sentiment,EUR,2013-01-22T05:00:00Z,None,14.1,7.6,31.2,false,false
,10-y Bond Auction,GBP,2013-01-22T05:34:00Z,None,,1.80|1.7,1.90|2.9,false,false
,CBI Industrial Order Expectations,GBP,2013-01-22T06:00:00Z,None,-10,-12,-20,false,false
,Core Retail Sales m/m,CAD,2013-01-22T08:30:00Z,High,0.1%,0.2%,-0.3%,false,false
,Retail Sales m/m,CAD,2013-01-22T08:30:00Z,None,0.0%,0.5%,0.2%,false,false
,Richmond Manufacturing Index,USD,2013-01-22T09:59:00Z,None,4,5,-12,false,false
,Existing Home Sales,USD,2013-01-22T10:00:00Z,High,5.09M,4.99M,4.94M,false,false
,ECB President Draghi Speaks,EUR,2013-01-22T13:00:00Z,High,,,,false,false
,BOE Gov King Speaks,GBP,2013-01-22T14:45:00Z,High,,,,false,false
,MI Leading Index m/m,AUD,2013-01-22T18:30:00Z,None,,0.1%,0.6%,false,false
,CPI m/m,AUD,2013-01-22T19:30:00Z,High,0.4%,1.4%,0.2%,false,false
,Trimmed Mean CPI m/m,AUD,2013-01-22T19:30:00Z,None,0.7%,0.7%,0.6%,false,false
,CB Leading Index m/m,CNY,2013-01-22T21:00:00Z,None,,1.1%,0.4%,false,false
,BOJ Monthly Report,JPY,2013-01-23T00:00:00Z,None,,,,false,false
,WEF Annual Meetings,All,2013-01-23T00:00:00Z,None,,,,false,false
,MPC Asset Purchase Facility Votes,GBP,2013-01-23T04:30:00Z,High,1-0-8,1-0-8,1-0-8,false,false
,MPC Official Bank Rate Votes,GBP,2013-01-23T04:30:00Z,High,0-0-9,0-0-9,0-0-9,false,false
,Unemployment Rate,GBP,2013-01-23T04:30:00Z,None,7.8%,7.8%,7.7%,false,false
,Average Earnings Index 3m/y,GBP,2013-01-23T04:30:00Z,None,1.6%,1.8%,1.5%,false,false
,Claimant Count Change,GBP,2013-01-23T04:30:00Z,High,0.4K,-8.9K,-12.1K,false,false
,UBS Economic Expectations,CHF,2013-01-23T05:00:00Z,None,,-15.5,-6.9,false,false
,HPI m/m,USD,2013-01-23T09:00:00Z,None,0.7%,0.6%,0.6%,false,false
,BOC Rate Statement,CAD,2013-01-23T10:00:00Z,High,,,,false,false
,Overnight Rate,CAD,2013-01-23T10:00:00Z,High,1.00%,1.00%,1.00%,false,false
,BOC Monetary Policy Report,CAD,2013-01-23T10:00:00Z,High,,,,false,false
,Consumer Confidence,EUR,2013-01-23T10:15:00Z,None,-26,-26,-24,false,false
,BOC Press Conference,CAD,2013-01-23T11:15:00Z,High,,,,false,false
,BusinessNZ Manufacturing Index,NZD,2013-01-23T16:30:00Z,None,,48.8,50.1,false,false
,Trade Balance,JPY,2013-01-23T18:50:00Z,None,-0.71T,-0.85T,-0.80T,false,false
,Caixin Flash Manufacturing PMI,CNY,2013-01-23T20:45:00Z,High,,51.5,51.9,false,false
,Credit Card Spending y/y,NZD,2013-01-23T21:00:00Z,None,,4.0%,4.6%,false,false
,WEF Annual Meetings,All,2013-01-24T00:00:00Z,None,,,,false,false
,French Flash Services PMI,EUR,2013-01-24T03:00:00Z,None,45.6,45.2,43.6,false,false
,Spanish Unemployment Rate,EUR,2013-01-24T03:00:00Z,None,25.9%,25.0%,26.0%,false,false
,French Flash Manufacturing PMI,EUR,2013-01-24T03:00:00Z,None,44.9,44.6,42.9,false,false
,German Flash Manufacturing PMI,EUR,2013-01-24T03:30:00Z,High,47.1,46.0,48.8,false,false
,German Flash Services PMI,EUR,2013-01-24T03:30:00Z,None,52.0,52.0,55.3,false,false
,Current Account,EUR,2013-01-24T04:00:00Z,None,6.5B,8.0B,14.8B,false,false
,Flash Manufacturing PMI,EUR,2013-01-24T04:00:00Z,None,46.6,46.1,47.5,false,false
,Flash Services PMI,EUR,2013-01-24T04:00:00Z,None,48.1,47.8,48.3,false,false
,Italian Retail Sales m/m,EUR,2013-01-24T04:00:00Z,None,0.2%,-1.3%,-0.4%,false,false
,High Street Lending,GBP,2013-01-24T04:30:00Z,None,34.1K,33.6K,33.6K,false,false
,CBI Realized Sales,GBP,2013-01-24T06:00:00Z,None,14,19,17,false,false
,Unemployment Claims,USD,2013-01-24T08:30:00Z,High,359K,335K,330K,false,false
,Belgian NBB Business Climate,EUR,2013-01-24T09:00:00Z,None,-10.9,-11.8,-13.2,false,false
,Flash Manufacturing PMI,USD,2013-01-24T09:00:00Z,None,53.2,54.0,56.1,false,false
,CB Leading Index m/m,USD,2013-01-24T10:00:00Z,None,0.4%,0.0%,0.5%,false,false
,Natural Gas Storage,USD,2013-01-24T10:30:00Z,None,-167B,-148B,-172B,false,false
,Crude Oil Inventories,USD,2013-01-24T11:00:00Z,None,1.9M,-1.0M,2.8M,false,false
,MPC Member Weale Speaks,GBP,2013-01-24T13:30:00Z,None,,,,false,false
,Tokyo Core CPI y/y,JPY,2013-01-24T18:30:00Z,None,-0.5%,-0.6%,-0.5%,false,false
,National Core CPI y/y,JPY,2013-01-24T18:30:00Z,None,-0.2%,-0.1%,-0.2%,false,false
,Monetary Policy Meeting Minutes,JPY,2013-01-24T18:50:00Z,None,,,,false,false
,WEF Annual Meetings,All,2013-01-25T00:00:00Z,None,,,,false,false
,German ifo Business Climate,EUR,2013-01-25T04:00:00Z,High,103.1,102.4,104.2,false,false
,Prelim GDP q/q,GBP,2013-01-25T04:30:00Z,High,-0.1%,0.9%,-0.3%,false,false
,Index of Services 3m/3m,GBP,2013-01-25T04:30:00Z,None,0.5%,1.1%,0.6%,false,false
,Core CPI m/m,CAD,2013-01-25T08:30:00Z,High,-0.2%,0.0%,-0.6%,false,false
,CPI m/m,CAD,2013-01-25T08:30:00Z,None,-0.2%,-0.2%,-0.6%,false,false
,New Home Sales,USD,2013-01-25T10:00:00Z,High,387K,398K,369K,false,false
,WEF Annual Meetings,All,2013-01-26T00:00:00Z,None,,,,false,false
,WEF Annual Meetings,All,2013-01-27T00:00:00Z,None,,,,false,false
,Bank Holiday,AUD,2013-01-27T00:00:00Z,None,,,,true,false
,BusinessNZ Services Index,NZD,2013-01-27T16:30:00Z,None,,54.3,51.5,false,false
,SPPI y/y,JPY,2013-01-27T18:50:00Z,None,-0.5%,-0.5%,-0.4%,false,false
,M3 Money Supply y/y,EUR,2013-01-28T04:00:00Z,None,3.9%,3.8%,3.3%,false,false
,Private Loans y/y,EUR,2013-01-28T04:00:00Z,None,-0.7%,-0.8%,-0.7%,false,false
,Core Durable Goods Orders m/m,USD,2013-01-28T08:30:00Z,High,0.8%,1.2%,1.3%,false,false
,Durable Goods Orders m/m,USD,2013-01-28T08:30:00Z,None,1.8%,0.8%,4.6%,false,false
,Pending Home Sales m/m,USD,2013-01-28T10:00:00Z,High,0.5%,1.6%,-4.3%,false,false
,BOC Gov Carney Speaks,CAD,2013-01-28T11:00:00Z,None,,,,false,false
,Trade Balance,NZD,2013-01-28T16:45:00Z,None,-106M,-590M,486M,false,false
,CB Leading Index m/m,AUD,2013-01-28T18:00:00Z,None,,0.2%,-0.2%,false,false
,NAB Business Confidence,AUD,2013-01-28T19:30:00Z,None,,-9,3,false,false
,German GfK Consumer Climate,EUR,2013-01-29T02:00:00Z,None,5.8,5.7,5.8,false,false
,German Import Prices m/m,EUR,2013-01-29T02:00:00Z,None,-0.1%,-0.2%,-0.5%,false,false
,S&P/CS Composite-20 HPI y/y,USD,2013-01-29T09:00:00Z,None,5.5%,4.2%,5.5%,false,false
,CB Consumer Confidence,USD,2013-01-29T10:00:00Z,High,64.8,66.7,58.6,false,false
,Building Consents m/m,NZD,2013-01-29T16:45:00Z,None,,-5.2%,9.4%,false,false
,Retail Sales y/y,JPY,2013-01-29T18:50:00Z,None,0.4%,1.2%,0.4%,false,false
,UBS Consumption Indicator,CHF,2013-01-30T02:00:00Z,None,,1.23,1.34,false,false
,KOF Economic Barometer,CHF,2013-01-30T03:00:00Z,None,1.21,1.29,1.05,false,false
,Spanish Flash GDP q/q,EUR,2013-01-30T03:00:00Z,None,-0.6%,-0.3%,-0.7%,false,false
,Retail PMI,EUR,2013-01-30T04:10:00Z,None,,44.5,45.9,false,false
,Net Lending to Individuals m/m,GBP,2013-01-30T04:30:00Z,None,0.9B,0.1B,1.7B,false,false
,M4 Money Supply m/m,GBP,2013-01-30T04:30:00Z,None,0.2%,-0.2%,0.7%,false,false
,Mortgage Approvals,GBP,2013-01-30T04:30:00Z,None,55K,54K,56K,false,false
,Italian 10-y Bond Auction,EUR,2013-01-30T05:11:00Z,High,,4.48|1.5,4.17|1.3,false,false
,German 30-y Bond Auction,EUR,2013-01-30T05:34:00Z,None,,2.34|2.7,2.45|1.8,false,false
,ADP Non-Farm Employment Change,USD,2013-01-30T08:15:00Z,High,164K,185K,192K,false,false
,Advance GDP q/q,USD,2013-01-30T08:30:00Z,High,1.1%,3.1%,-0.1%,false,false
,Advance GDP Price Index q/q,USD,2013-01-30T08:30:00Z,None,1.5%,2.7%,0.6%,false,false
,Crude Oil Inventories,USD,2013-01-30T10:30:00Z,None,2.9M,2.8M,5.9M,false,false
,German Buba President Weidmann Speaks,EUR,2013-01-30T13:00:00Z,None,,,,false,false
,Federal Funds Rate,USD,2013-01-30T14:15:00Z,None,<0.25%,<0.25%,<0.25%,false,false
,FOMC Statement,USD,2013-01-30T14:15:00Z,High,,,,false,false
,RBNZ Rate Statement,NZD,2013-01-30T15:00:00Z,High,,,,false,false
,Official Cash Rate,NZD,2013-01-30T15:00:00Z,High,2.50%,2.50%,2.50%,false,false
,Final Manufacturing PMI,JPY,2013-01-30T18:15:00Z,None,,45.0,47.7,false,false
,Prelim Industrial Production m/m,JPY,2013-01-30T18:50:00Z,None,4.2%,-1.4%,2.5%,false,false
,HIA New Home Sales m/m,AUD,2013-01-30T19:00:00Z,None,,4.7%,6.2%,false,false
,GfK Consumer Confidence,GBP,2013-01-30T19:01:00Z,None,-27,-29,-26,false,false
,Import Prices q/q,AUD,2013-01-30T19:30:00Z,None,0.5%,-2.4%,0.3%,false,false
,Private Sector Credit m/m,AUD,2013-01-30T19:30:00Z,None,0.2%,0.0%,0.4%,false,false
,Average Cash Earnings y/y,JPY,2013-01-30T20:30:00Z,None,1.1%,-0.8%,-1.4%,false,false
,German Prelim CPI m/m,EUR,2013-01-31T00:00:00Z,None,-0.5%,0.9%,-0.5%,true,false
,Housing Starts y/y,JPY,2013-01-31T00:00:00Z,None,13.6%,10.3%,10.0%,false,false
,German Retail Sales m/m,EUR,2013-01-31T02:00:00Z,None,0.1%,0.6%,-1.7%,false,false
,Nationwide HPI m/m,GBP,2013-01-31T02:00:00Z,None,0.3%,0.0%,0.5%,false,false
,French Consumer Spending m/m,EUR,2013-01-31T02:45:00Z,None,0.3%,0.2%,0.0%,false,false
,Spanish Flash CPI y/y,EUR,2013-01-31T03:00:00Z,None,3.0%,2.9%,2.6%,false,false
,German Unemployment Change,EUR,2013-01-31T03:55:00Z,None,9K,-2K,-16K,false,false
,Challenger Job Cuts y/y,USD,2013-01-31T07:30:00Z,None,,-22.1%,-24.4%,false,false
,Personal Income m/m,USD,2013-01-31T08:30:00Z,None,0.7%,1.0%,2.6%,false,false
,RMPI m/m,CAD,2013-01-31T08:30:00Z,None,0.9%,-1.9%,-2.0%,false,false
,Unemployment Claims,USD,2013-01-31T08:30:00Z,High,362K,330K,368K,false,false
,Core PCE Price Index m/m,USD,2013-01-31T08:30:00Z,None,0.1%,0.0%,0.0%,false,false
,Employment Cost Index q/q,USD,2013-01-31T08:30:00Z,None,0.6%,0.4%,0.5%,false,false
,Personal Spending m/m,USD,2013-01-31T08:30:00Z,None,0.4%,0.4%,0.2%,false,false
,IPPI m/m,CAD,2013-01-31T08:30:00Z,None,0.1%,-0.3%,0.0%,false,false
,GDP m/m,CAD,2013-01-31T08:30:00Z,High,0.2%,0.1%,0.3%,false,false
,Chicago PMI,USD,2013-01-31T09:45:00Z,None,51.1,51.6,55.6,false,false
,Natural Gas Storage,USD,2013-01-31T10:30:00Z,None,-202B,-172B,-194B,false,false
,Visitor Arrivals m/m,NZD,2013-01-31T16:45:00Z,None,,2.8%,1.8%,false,false
,AIG Manufacturing Index,AUD,2013-01-31T17:30:00Z,None,,44.3,40.2,false,false
,Household Spending y/y,JPY,2013-01-31T18:30:00Z,None,-0.2%,0.2%,-0.7%,false,false
,Unemployment Rate,JPY,2013-01-31T18:30:00Z,None,4.1%,4.1%,4.2%,false,false
,RBNZ Gov Wheeler Speaks,NZD,2013-01-31T18:50:00Z,None,,,,false,false
,PPI q/q,AUD,2013-01-31T19:30:00Z,High,0.3%,0.6%,0.2%,false,false
,Manufacturing PMI,CNY,2013-01-31T20:00:00Z,High,51.1,50.6,50.4,false,false
,RatingDog Manufacturing PMI,CNY,2013-01-31T20:45:00Z,None,52.1,51.9,52.3,false,false
,Total Vehicle Sales,USD,2013-02-01T00:00:00Z,None,15.2M,15.4M,15.3M,true,false
,Commodity Prices y/y,AUD,2013-02-01T00:30:00Z,None,,-8.7%,-6.4%,false,false
,Spanish Manufacturing PMI,EUR,2013-02-01T03:15:00Z,None,45.5,44.6,46.1,false,false
,Manufacturing PMI,CHF,2013-02-01T03:30:00Z,None,50.5,49.5,52.5,false,false
,Italian Manufacturing PMI,EUR,2013-02-01T03:45:00Z,None,47.6,46.7,47.8,false,false
,French Final Manufacturing PMI,EUR,2013-02-01T03:50:00Z,None,42.9,42.9,42.9,false,false
,German Final Manufacturing PMI,EUR,2013-02-01T03:55:00Z,None,48.8,48.8,49.8,false,false
,Italian Monthly Unemployment Rate,EUR,2013-02-01T04:00:00Z,None,11.3%,11.2%,11.2%,false,false
,Final Manufacturing PMI,EUR,2013-02-01T04:00:00Z,None,47.5,47.5,47.9,false,false
,Final Manufacturing PMI,GBP,2013-02-01T04:30:00Z,High,51.0,51.2,50.8,false,false
,CPI Flash Estimate y/y,EUR,2013-02-01T05:00:00Z,None,2.2%,2.2%,2.0%,false,false
,Unemployment Rate,EUR,2013-02-01T05:00:00Z,None,11.9%,11.7%,11.7%,false,false
,Non-Farm Employment Change,USD,2013-02-01T08:30:00Z,High,161K,196K,157K,false,false
,Unemployment Rate,USD,2013-02-01T08:30:00Z,High,7.8%,7.8%,7.9%,false,false
,Average Hourly Earnings m/m,USD,2013-02-01T08:30:00Z,None,0.2%,0.3%,0.2%,false,false
,FOMC Member Dudley Speaks,USD,2013-02-01T08:30:00Z,None,,,,false,false
,Final Manufacturing PMI,USD,2013-02-01T09:00:00Z,None,56.1,56.1,55.8,false,false
,Manufacturing PMI,CAD,2013-02-01T09:30:00Z,None,,50.4,50.5,false,false
,Revised UoM Consumer Sentiment,USD,2013-02-01T09:55:00Z,None,71.4,71.3,73.8,false,false
,Revised UoM Inflation Expectations,USD,2013-02-01T09:55:00Z,None,,3.3%,3.3%,false,false
,ISM Manufacturing PMI,USD,2013-02-01T10:00:00Z,High,50.8,50.7,53.1,false,false
,Construction Spending m/m,USD,2013-02-01T10:00:00Z,None,0.6%,0.1%,0.9%,false,false
,ISM Manufacturing Prices,USD,2013-02-01T10:00:00Z,None,56.3,55.5,56.5,false,false
,Non-Manufacturing PMI,CNY,2013-02-02T20:03:00Z,None,,56.1,56.2,false,false
,MI Inflation Gauge m/m,AUD,2013-02-03T18:30:00Z,None,,0.4%,0.3%,false,false
,Monetary Base y/y,JPY,2013-02-03T18:50:00Z,None,13.2%,11.8%,10.9%,false,false
,ANZ Commodity Prices m/m,NZD,2013-02-03T19:00:00Z,None,,1.0%,0.3%,false,false
,Building Approvals m/m,AUD,2013-02-03T19:30:00Z,High,1.1%,3.4%,-4.4%,false,false
,ANZ Job Advertisements m/m,AUD,2013-02-03T19:30:00Z,None,,-2.8%,-0.9%,false,false
,Spanish Unemployment Change,EUR,2013-02-04T03:00:00Z,High,150.0K,-59.1K,132.1K,false,false
,Sentix Investor Confidence,EUR,2013-02-04T04:30:00Z,None,-2.2,-7.0,-3.9,false,false
,Construction PMI,GBP,2013-02-04T04:30:00Z,High,49.7,48.7,48.7,false,false
,PPI m/m,EUR,2013-02-04T05:00:00Z,None,-0.2%,-0.2%,-0.2%,false,false
,Factory Orders m/m,USD,2013-02-04T10:00:00Z,None,2.3%,-0.3%,1.8%,false,false
,Loan Officer Survey,USD,2013-02-04T14:00:00Z,None,,,,false,false
,Labor Cost Index q/q,NZD,2013-02-04T16:45:00Z,None,0.5%,0.5%,0.5%,false,false
,AIG Services Index,AUD,2013-02-04T17:30:00Z,None,,43.2,45.3,false,false
,BRC Retail Sales Monitor y/y,GBP,2013-02-04T19:01:00Z,None,,0.3%,1.9%,false,false
,Goods Trade Balance,AUD,2013-02-04T19:30:00Z,High,-0.81B,-2.79B,-0.43B,false,false
,HPI q/q,AUD,2013-02-04T19:30:00Z,None,0.3%,-0.1%,1.6%,false,false
,RatingDog Services PMI,CNY,2013-02-04T20:45:00Z,None,,51.7,54.0,false,false
,RBA Rate Statement,AUD,2013-02-04T22:30:00Z,High,,,,false,false
,Cash Rate,AUD,2013-02-04T22:30:00Z,High,3.00%,3.00%,3.00%,false,false
,10-y Bond Auction,JPY,2013-02-04T22:45:00Z,None,,0.82|3.6,0.80|2.8,false,false
,Bank Holiday,NZD,2013-02-05T00:00:00Z,None,,,,true,false
,Trade Balance,CHF,2013-02-05T02:00:00Z,None,2.74B,2.90B,1.00B,false,false
,Spanish Services PMI,EUR,2013-02-05T03:15:00Z,None,44.7,44.3,47.0,false,false
,Italian Services PMI,EUR,2013-02-05T03:45:00Z,None,45.9,45.6,43.9,false,false
,French Final Services PMI,EUR,2013-02-05T03:50:00Z,None,43.6,43.6,43.6,false,false
,German Final Services PMI,EUR,2013-02-05T03:55:00Z,None,55.3,55.3,55.7,false,false
,Final Services PMI,EUR,2013-02-05T04:00:00Z,None,48.3,48.3,48.6,false,false
,Final Services PMI,GBP,2013-02-05T04:30:00Z,High,49.8,48.9,51.5,false,false
,Retail Sales m/m,EUR,2013-02-05T05:00:00Z,None,-0.5%,-0.1%,-0.8%,false,false
,Italian Prelim CPI m/m,EUR,2013-02-05T05:00:00Z,None,0.2%,0.3%,0.2%,false,false
,Gov Board Member Zurbrugg Speaks,CHF,2013-02-05T07:30:00Z,None,,,,false,false
,BOJ Gov Shirakawa Speaks,JPY,2013-02-05T08:00:00Z,High,,,,false,false
,GDT Price Index,NZD,2013-02-05T08:30:00Z,None,,1.9%,4.2%,false,false
,FOMC Member Duke Speaks,USD,2013-02-05T08:30:00Z,None,,,,false,false
,ISM Services PMI,USD,2013-02-05T10:00:00Z,High,55.2,56.1,55.2,false,false
,RCM/TIPP Economic Optimism,USD,2013-02-05T10:00:00Z,None,46.1,46.5,47.3,false,false
,President Obama Speaks,USD,2013-02-05T13:15:00Z,None,,,,false,false
,BRC Shop Price Index y/y,GBP,2013-02-05T19:00:00Z,None,,1.5%,0.6%,false,false
,Retail Sales m/m,AUD,2013-02-05T19:30:00Z,High,0.3%,-0.2%,-0.2%,false,false
,Lloyds HPI m/m,GBP,2013-02-06T03:00:00Z,None,-0.2%,1.0%,-0.2%,false,false
,German Factory Orders m/m,EUR,2013-02-06T06:00:00Z,None,0.8%,-1.8%,0.8%,false,false
,Ivey PMI,CAD,2013-02-06T10:00:00Z,High,53.7,52.8,58.9,false,false
,Crude Oil Inventories,USD,2013-02-06T10:30:00Z,None,2.7M,5.9M,2.6M,false,false
,Employment Change q/q,NZD,2013-02-06T16:45:00Z,High,0.4%,-0.4%,-1.0%,false,false
,Unemployment Rate,NZD,2013-02-06T16:45:00Z,High,7.1%,7.3%,6.9%,false,false
,AIG Construction Index,AUD,2013-02-06T17:30:00Z,None,,38.8,36.2,false,false
,Core Machinery Orders m/m,JPY,2013-02-06T18:50:00Z,None,-0.7%,3.9%,2.8%,false,false
,Unemployment Rate,AUD,2013-02-06T19:30:00Z,High,5.5%,5.4%,5.4%,false,false
,NAB Quarterly Business Confidence,AUD,2013-02-06T19:30:00Z,None,,-4,-5,false,false
,Employment Change,AUD,2013-02-06T19:30:00Z,High,5.8K,-3.8K,10.4K,false,false
,Leading Indicators,JPY,2013-02-07T00:00:00Z,None,93.8%,92.1%,93.4%,false,false
,EU Economic Summit,EUR,2013-02-07T00:00:00Z,High,,,,false,false
,SECO Consumer Climate,CHF,2013-02-07T01:45:00Z,None,-11,-17,-6,false,false
,French Trade Balance,EUR,2013-02-07T02:45:00Z,None,-4.2B,-4.3B,-5.3B,false,false
,Foreign Currency Reserves,CHF,2013-02-07T03:00:00Z,High,,427B,427B,false,false
,Goods Trade Balance,GBP,2013-02-07T04:30:00Z,None,-8.9B,-9.3B,-8.9B,false,false
,Manufacturing Production m/m,GBP,2013-02-07T04:30:00Z,High,0.7%,-0.3%,1.6%,false,false
,Industrial Production m/m,GBP,2013-02-07T04:30:00Z,None,0.7%,0.2%,1.1%,false,false
,BOE Gov Carney Speaks,GBP,2013-02-07T04:45:00Z,High,,,,false,false
,French 10-y Bond Auction,EUR,2013-02-07T05:04:00Z,None,,2.07|1.7,2.30|3.1,false,false
,German Industrial Production m/m,EUR,2013-02-07T06:00:00Z,None,0.2%,-0.2%,0.3%,false,false
,Asset Purchase Facility,GBP,2013-02-07T07:00:00Z,High,375B,375B,375B,false,false
,MPC Rate Statement,GBP,2013-02-07T07:00:00Z,High,,,,false,false
,Official Bank Rate,GBP,2013-02-07T07:00:00Z,High,0.50%,0.50%,0.50%,false,false
,Main Refinancing Rate,EUR,2013-02-07T07:45:00Z,High,0.75%,0.75%,0.75%,false,false
,Building Permits m/m,CAD,2013-02-07T08:30:00Z,High,4.3%,-14.5%,-11.2%,false,false
,ECB Press Conference,EUR,2013-02-07T08:30:00Z,High,,,,false,false
,Unemployment Claims,USD,2013-02-07T08:30:00Z,High,361K,371K,366K,false,false
,Prelim Nonfarm Productivity q/q,USD,2013-02-07T08:30:00Z,None,-1.3%,2.9%,-2.0%,false,false
,Prelim Unit Labor Costs q/q,USD,2013-02-07T08:30:00Z,None,3.1%,-1.9%,4.5%,false,false
,NHPI m/m,CAD,2013-02-07T08:30:00Z,None,0.2%,0.1%,0.2%,false,false
,FOMC Member Stein Speaks,USD,2013-02-07T09:30:00Z,None,,,,false,false
,NIESR GDP Estimate,GBP,2013-02-07T10:00:00Z,None,,-0.3%,0.0%,false,false
,Natural Gas Storage,USD,2013-02-07T10:30:00Z,None,-135B,-194B,-118B,false,false
,Consumer Credit m/m,USD,2013-02-07T15:00:00Z,None,14.1B,15.9B,14.6B,false,false
,Current Account,JPY,2013-02-07T18:50:00Z,High,0.18T,0.23T,0.10T,false,false
,Bank Lending y/y,JPY,2013-02-07T18:50:00Z,None,,1.1%,1.3%,false,false
,RBA Monetary Policy Statement,AUD,2013-02-07T19:30:00Z,High,,,,false,false
,FOMC Member Evans Speaks,USD,2013-02-07T20:00:00Z,None,,,,false,false
,USD-Denominated Trade Balance,CNY,2013-02-07T21:07:00Z,High,24.3B,31.6B,29.2B,false,false
,Economy Watchers Sentiment,JPY,2013-02-08T00:00:00Z,None,48.2,45.8,49.5,false,false
,EU Economic Summit,EUR,2013-02-08T00:00:00Z,High,,,,false,false
,CPI y/y,CNY,2013-02-08T00:30:00Z,High,2.1%,2.5%,2.0%,false,false
,PPI y/y,CNY,2013-02-08T00:30:00Z,None,-1.6%,-1.9%,-1.6%,false,false
,Unemployment Rate,CHF,2013-02-08T01:45:00Z,None,3.1%,3.1%,3.1%,false,false
,German Trade Balance,EUR,2013-02-08T02:00:00Z,None,13.7B,14.6B,16.8B,false,false
,French Gov Budget Balance,EUR,2013-02-08T02:45:00Z,None,,-103.4B,-87.2B,false,false
,New Loans,CNY,2013-02-08T03:00:00Z,None,1000B,454B,1070B,false,false
,M2 Money Supply y/y,CNY,2013-02-08T03:00:00Z,None,14.3%,13.8%,15.9%,false,false
,Retail Sales y/y,CHF,2013-02-08T03:15:00Z,None,3.2%,3.0%,5.1%,false,false
,Italian Industrial Production m/m,EUR,2013-02-08T04:00:00Z,None,0.2%,-1.1%,0.4%,false,false
,Housing Starts,CAD,2013-02-08T08:13:00Z,None,196K,197K,161K,false,false
,Employment Change,CAD,2013-02-08T08:30:00Z,High,4.5K,39.8K,-21.9K,false,false
,Trade Balance,CAD,2013-02-08T08:30:00Z,High,-1.5B,-1.7B,-0.9B,false,false
,Unemployment Rate,CAD,2013-02-08T08:30:00Z,High,7.2%,7.1%,7.0%,false,false
,Trade Balance,USD,2013-02-08T08:30:00Z,High,-45.7B,-48.6B,-38.5B,false,false
,Final Wholesale Inventories m/m,USD,2013-02-08T10:00:00Z,None,0.5%,0.4%,-0.1%,false,false
,Bank Holiday,JPY,2013-02-10T00:00:00Z,None,,,,true,false
,Bank Holiday,CNY,2013-02-10T00:00:00Z,None,,,,true,false
,Home Loans m/m,AUD,2013-02-10T19:30:00Z,None,0.1%,-0.7%,-1.5%,false,false
,Eurogroup Meetings,EUR,2013-02-11T00:00:00Z,High,,,,true,false
,Bank Holiday,CNY,2013-02-11T00:00:00Z,None,,,,true,false
,French Industrial Production m/m,EUR,2013-02-11T02:45:00Z,None,-0.3%,0.5%,-0.1%,false,false
,FOMC Member Yellen Speaks,USD,2013-02-11T13:00:00Z,None,,,,false,false
,REINZ HPI m/m,NZD,2013-02-11T15:27:00Z,None,,-0.6%,-1.0%,false,false
,Gov Council Member Lane Speaks,CAD,2013-02-11T16:15:00Z,None,,,,false,false
,M2 Money Stock y/y,JPY,2013-02-11T18:50:00Z,None,2.6%,2.6%,2.7%,false,false
,RICS House Price Balance,GBP,2013-02-11T19:01:00Z,None,0%,-1%,-4%,false,false
,NAB Business Confidence,AUD,2013-02-11T19:30:00Z,None,,2,3,false,false
,Consumer Confidence,JPY,2013-02-12T00:00:00Z,None,40.5,39.2,43.3,false,false
,ECOFIN Meetings,EUR,2013-02-12T00:00:00Z,None,,,,true,false
,Bank Holiday,CNY,2013-02-12T00:00:00Z,None,,,,true,false
,Prelim Machine Tool Orders y/y,JPY,2013-02-12T01:03:00Z,None,,-27.5%,-26.1%,false,false
,CPI m/m,CHF,2013-02-12T03:15:00Z,High,-0.3%,-0.2%,-0.3%,false,false
,CPI y/y,GBP,2013-02-12T04:30:00Z,High,2.7%,2.7%,2.7%,false,false
,PPI Input m/m,GBP,2013-02-12T04:30:00Z,None,0.9%,0.0%,1.3%,false,false
,RPI y/y,GBP,2013-02-12T04:30:00Z,None,3.2%,3.1%,3.3%,false,false
,Core CPI y/y,GBP,2013-02-12T04:30:00Z,None,2.4%,2.4%,2.3%,false,false
,ONS HPI y/y,GBP,2013-02-12T04:30:00Z,None,2.1%,2.2%,3.3%,false,false
,PPI Output m/m,GBP,2013-02-12T04:30:00Z,None,0.2%,-0.1%,0.2%,false,false
,SNB Chairman Jordan Speaks,CHF,2013-02-12T05:00:00Z,High,,,,false,false
,CB Leading Index m/m,GBP,2013-02-12T05:00:00Z,None,,0.2%,0.1%,false,false
,NFIB Small Business Index,USD,2013-02-12T07:30:00Z,None,89.0,88.0,88.9,false,false
,BOC Gov Carney Speaks,CAD,2013-02-12T08:45:00Z,High,,,,false,false
,ECB President Draghi Speaks,EUR,2013-02-12T09:30:00Z,High,,,,false,false
,JOLTS Job Openings,USD,2013-02-12T10:00:00Z,None,3.73M,3.79M,3.62M,false,false
,FOMC Member George Speaks,USD,2013-02-12T11:30:00Z,None,,,,false,false
,Federal Budget Balance,USD,2013-02-12T13:46:00Z,None,-4.6B,-0.3B,2.9B,false,false
,Westpac Consumer Sentiment,AUD,2013-02-12T18:30:00Z,None,,0.6%,7.7%,false,false
,Tertiary Industry Activity m/m,JPY,2013-02-12T18:50:00Z,None,0.8%,-0.4%,1.4%,false,false
,PPI y/y,JPY,2013-02-12T18:50:00Z,None,-0.3%,-0.7%,-0.2%,false,false
,President Obama Speaks,USD,2013-02-12T21:00:00Z,None,,,,false,false
,Bank Holiday,CNY,2013-02-13T00:00:00Z,None,,,,true,false
,German WPI m/m,EUR,2013-02-13T02:00:00Z,None,0.4%,0.0%,0.3%,false,false
,PPI m/m,CHF,2013-02-13T03:15:00Z,None,0.2%,0.1%,-0.1%,false,false
,Industrial Production m/m,EUR,2013-02-13T05:00:00Z,None,0.3%,-0.7%,0.7%,false,false
,BOE Monetary Policy Report,GBP,2013-02-13T05:30:00Z,High,,,,false,false
,BOE Gov King Speaks,GBP,2013-02-13T05:30:00Z,High,,,,false,false
,Retail Sales m/m,USD,2013-02-13T08:30:00Z,High,0.1%,0.5%,0.1%,false,false
,Import Prices m/m,USD,2013-02-13T08:30:00Z,None,0.8%,-0.5%,0.6%,false,false
,Core Retail Sales m/m,USD,2013-02-13T08:30:00Z,High,0.1%,0.3%,0.2%,false,false
,Treasury Sec Lew Speaks,USD,2013-02-13T10:00:00Z,High,,,,false,false
,Business Inventories m/m,USD,2013-02-13T10:00:00Z,None,0.3%,0.2%,0.1%,false,false
,Crude Oil Inventories,USD,2013-02-13T10:30:00Z,None,2.4M,2.6M,0.6M,false,false
,FOMC Member Bullard Speaks,USD,2013-02-13T11:10:00Z,None,,,,false,false
,10-y Bond Auction,USD,2013-02-13T13:00:00Z,None,,1.86|2.8,2.05|2.7,false,false
,BusinessNZ Manufacturing Index,NZD,2013-02-13T16:24:00Z,None,,50.4,55.2,false,false
,FPI m/m,NZD,2013-02-13T16:45:00Z,None,,-0.2%,1.9%,false,false
,Prelim GDP q/q,JPY,2013-02-13T18:50:00Z,None,0.1%,-0.9%,-0.1%,false,false
,Prelim GDP Price Index y/y,JPY,2013-02-13T18:50:00Z,None,-0.5%,-0.8%,-0.6%,false,false
,MI Inflation Expectations,AUD,2013-02-13T19:00:00Z,None,,2.0%,2.2%,false,false
,Monetary Policy Statement,JPY,2013-02-13T22:39:00Z,High,,,,false,false
,Overnight Call Rate,JPY,2013-02-13T22:39:00Z,High,<0.10%,<0.10%,<0.10%,false,false
,Bank Holiday,CNY,2013-02-14T00:00:00Z,None,,,,true,false
,French Prelim GDP q/q,EUR,2013-02-14T01:30:00Z,None,-0.2%,0.1%,-0.3%,false,false
,German Prelim GDP q/q,EUR,2013-02-14T02:00:00Z,None,-0.5%,0.2%,-0.6%,false,false
,BOJ Press Conference,JPY,2013-02-14T02:24:00Z,High,,,,false,false
,French Prelim Private Payrolls q/q,EUR,2013-02-14T02:45:00Z,None,-0.2%,-0.3%,-0.2%,false,false
,ECB Monthly Bulletin,EUR,2013-02-14T04:00:00Z,None,,,,false,false
,Italian Prelim GDP q/q,EUR,2013-02-14T04:00:00Z,None,-0.5%,-0.2%,-0.9%,false,false
,Flash GDP q/q,EUR,2013-02-14T05:00:00Z,None,-0.4%,-0.1%,-0.6%,false,false
,Unemployment Claims,USD,2013-02-14T08:30:00Z,High,361K,368K,341K,false,false
,FOMC Member Tarullo Speaks,USD,2013-02-14T10:30:00Z,None,,,,false,false
,Natural Gas Storage,USD,2013-02-14T10:30:00Z,None,-166B,-118B,-157B,false,false
,FOMC Member Bullard Speaks,USD,2013-02-14T12:50:00Z,None,,,,false,false
,30-y Bond Auction,USD,2013-02-14T13:00:00Z,None,,3.07|2.8,3.18|2.7,false,false
,Retail Sales q/q,NZD,2013-02-14T16:45:00Z,High,1.3%,-0.2%,2.1%,false,false
,Core Retail Sales q/q,NZD,2013-02-14T16:45:00Z,None,1.4%,0.0%,1.5%,false,false
,Revised Industrial Production m/m,JPY,2013-02-14T23:30:00Z,None,2.5%,2.5%,2.4%,false,false
,BOJ Monthly Report,JPY,2013-02-15T00:00:00Z,None,,,,false,false
,G20 Meetings,All,2013-02-15T00:00:00Z,High,,,,false,false
,Italian Trade Balance,EUR,2013-02-15T04:00:00Z,None,2.22B,2.36B,2.16B,false,false
,Retail Sales m/m,GBP,2013-02-15T04:30:00Z,High,0.5%,-0.3%,-0.6%,false,false
,Trade Balance,EUR,2013-02-15T05:00:00Z,None,10.7B,10.5B,12.0B,false,false
,Manufacturing Sales m/m,CAD,2013-02-15T08:30:00Z,None,-0.4%,1.9%,-3.1%,false,false
,Empire State Manufacturing Index,USD,2013-02-15T08:30:00Z,None,-2.1,-7.8,10.0,false,false
,TIC Long-Term Purchases,USD,2013-02-15T09:00:00Z,None,34.3B,52.4B,64.2B,false,false
,Capacity Utilization Rate,USD,2013-02-15T09:15:00Z,None,78.9%,79.3%,79.1%,false,false
,Industrial Production m/m,USD,2013-02-15T09:15:00Z,None,0.2%,0.4%,-0.1%,false,false
,Prelim UoM Consumer Sentiment,USD,2013-02-15T09:55:00Z,High,74.8,71.3,76.3,false,false
,Prelim UoM Inflation Expectations,USD,2013-02-15T09:55:00Z,None,,3.4%,3.3%,false,false
,G20 Meetings,All,2013-02-16T00:00:00Z,None,,,,false,false
,MPC Member Weale Speaks,GBP,2013-02-16T10:50:00Z,None,,,,false,false
,FOMC Member Dudley Speaks,USD,2013-02-16T12:30:00Z,None,,,,false,false
,BusinessNZ Services Index,NZD,2013-02-17T16:30:00Z,None,,52.6,52.6,false,false
,Rightmove HPI m/m,GBP,2013-02-17T19:01:00Z,None,,0.2%,2.8%,false,false
,New Motor Vehicle Sales m/m,AUD,2013-02-17T19:30:00Z,None,,2.7%,-2.4%,false,false
,Bank Holiday,CAD,2013-02-18T00:00:00Z,None,,,,true,false
,Bank Holiday,USD,2013-02-18T00:00:00Z,None,,,,true,false
,Current Account,EUR,2013-02-18T04:00:00Z,None,15.3B,15.9B,13.9B,false,false
,German Buba Monthly Report,EUR,2013-02-18T06:00:00Z,None,,,,false,false
,ECB President Draghi Speaks,EUR,2013-02-18T09:30:00Z,High,,,,false,false
,Monetary Policy Meeting Minutes,JPY,2013-02-18T18:50:00Z,None,,,,false,false
,Monetary Policy Meeting Minutes,AUD,2013-02-18T19:30:00Z,High,,,,false,false
,German ZEW Economic Sentiment,EUR,2013-02-19T05:00:00Z,High,35.3,31.5,48.2,false,false
,ZEW Economic Sentiment,EUR,2013-02-19T05:00:00Z,None,35.5,31.2,42.4,false,false
,Wholesale Sales m/m,CAD,2013-02-19T08:30:00Z,None,-0.4%,1.1%,-0.9%,false,false
,Foreign Securities Purchases,CAD,2013-02-19T08:30:00Z,None,7.21B,5.50B,-1.92B,false,false
,GDT Price Index,NZD,2013-02-19T08:30:00Z,None,,4.2%,4.1%,false,false
,NAHB Housing Market Index,USD,2013-02-19T10:00:00Z,None,48,47,46,false,false
,SNB Chairman Jordan Speaks,CHF,2013-02-19T12:15:00Z,High,,,,false,false
,PPI Input q/q,NZD,2013-02-19T16:45:00Z,None,0.3%,-1.0%,-0.3%,false,false
,PPI Output q/q,NZD,2013-02-19T16:45:00Z,None,0.4%,-0.9%,-0.1%,false,false
,CB Leading Index m/m,AUD,2013-02-19T18:00:00Z,None,,-0.2%,-0.1%,false,false
,MI Leading Index m/m,AUD,2013-02-19T18:30:00Z,None,,0.7%,0.2%,false,false
,Trade Balance,JPY,2013-02-19T18:50:00Z,None,-0.59T,-0.78T,-0.68T,false,false
,Wage Price Index q/q,AUD,2013-02-19T19:30:00Z,None,0.8%,0.7%,0.8%,false,false
,Foreign Direct Investment ytd/y,CNY,2013-02-19T21:02:00Z,None,,-3.7%,-7.3%,false,false
,RBNZ Gov Wheeler Speaks,NZD,2013-02-19T21:30:00Z,High,,,,false,false
,All Industries Activity m/m,JPY,2013-02-19T23:30:00Z,None,1.6%,-0.4%,1.8%,false,false
,German PPI m/m,EUR,2013-02-20T02:00:00Z,None,0.4%,-0.3%,0.8%,false,false
,German Final CPI m/m,EUR,2013-02-20T02:00:00Z,None,-0.5%,-0.5%,-0.5%,false,false
,French Final CPI m/m,EUR,2013-02-20T02:45:00Z,None,-0.2%,0.3%,-0.5%,false,false
,Claimant Count Change,GBP,2013-02-20T04:30:00Z,High,-5.3K,-15.8K,-12.5K,false,false
,MPC Asset Purchase Facility Votes,GBP,2013-02-20T04:30:00Z,High,1-0-8,1-0-8,3-0-6,false,false
,MPC Official Bank Rate Votes,GBP,2013-02-20T04:30:00Z,High,0-0-9,0-0-9,0-0-9,false,false
,Unemployment Rate,GBP,2013-02-20T04:30:00Z,None,7.7%,7.7%,7.8%,false,false
,Average Earnings Index 3m/y,GBP,2013-02-20T04:30:00Z,None,1.4%,1.5%,1.4%,false,false
,UBS Economic Expectations,CHF,2013-02-20T05:00:00Z,None,,-6.9,10.0,false,false
,German 10-y Bond Auction,EUR,2013-02-20T05:38:00Z,None,,1.56|1.7,1.66|1.2,false,false
,Building Permits,USD,2013-02-20T08:30:00Z,High,0.92M,0.91M,0.93M,false,false
,PPI m/m,USD,2013-02-20T08:30:00Z,High,0.3%,-0.2%,0.2%,false,false
,Core PPI m/m,USD,2013-02-20T08:30:00Z,None,0.2%,0.1%,0.2%,false,false
,Housing Starts,USD,2013-02-20T08:30:00Z,None,0.93M,0.97M,0.89M,false,false
,Consumer Confidence,EUR,2013-02-20T09:55:00Z,None,-23,-24,-24,false,false
,FOMC Meeting Minutes,USD,2013-02-20T14:00:00Z,High,,,,false,false
,CB Leading Index m/m,CNY,2013-02-20T21:00:00Z,None,,0.4%,1.0%,false,false
,Trade Balance,CHF,2013-02-21T02:00:00Z,None,1.74B,0.90B,2.13B,false,false
,French Flash Manufacturing PMI,EUR,2013-02-21T03:00:00Z,High,43.9,42.9,43.6,false,false
,French Flash Services PMI,EUR,2013-02-21T03:00:00Z,None,44.5,43.6,42.7,false,false
,German Flash Manufacturing PMI,EUR,2013-02-21T03:30:00Z,High,50.4,49.8,50.1,false,false
,German Flash Services PMI,EUR,2013-02-21T03:30:00Z,None,55.5,55.7,54.1,false,false
,Flash Manufacturing PMI,EUR,2013-02-21T04:00:00Z,None,48.4,47.9,47.8,false,false
,Flash Services PMI,EUR,2013-02-21T04:00:00Z,None,49.2,48.6,47.3,false,false
,Public Sector Net Borrowing,GBP,2013-02-21T04:30:00Z,None,-9.0B,12.4B,-9.9B,false,false
,Spanish 10-y Bond Auction,EUR,2013-02-21T04:43:00Z,High,,5.29|2.3,5.20|1.6,false,false
,10-y Bond Auction,GBP,2013-02-21T05:38:00Z,None,,1.90|2.9,2.15|2.3,false,false
,CBI Industrial Order Expectations,GBP,2013-02-21T06:00:00Z,None,-16,-20,-14,false,false
,Core CPI m/m,USD,2013-02-21T08:30:00Z,High,0.2%,0.1%,0.3%,false,false
,Core CPI y/y,USD,2013-02-21T08:30:00Z,High,1.9%,1.9%,1.9%,false,false
,CPI y/y,USD,2013-02-21T08:30:00Z,High,1.7%,1.7%,1.6%,false,false
,Unemployment Claims,USD,2013-02-21T08:30:00Z,High,353K,342K,362K,false,false
,CPI m/m,USD,2013-02-21T08:30:00Z,None,0.1%,0.0%,0.0%,false,false
,Flash Manufacturing PMI,USD,2013-02-21T09:00:00Z,None,55.6,55.8,55.2,false,false
,Existing Home Sales,USD,2013-02-21T10:00:00Z,High,4.89M,4.90M,4.92M,false,false
,Philly Fed Manufacturing Index,USD,2013-02-21T10:00:00Z,High,1.1,-5.8,-12.5,false,false
,Mortgage Delinquencies,USD,2013-02-21T10:00:00Z,None,,7.40%,7.09%,false,false
,CB Leading Index m/m,USD,2013-02-21T10:00:00Z,None,0.2%,0.5%,0.2%,false,false
,BOC Review,CAD,2013-02-21T10:30:00Z,None,,,,false,false
,Natural Gas Storage,USD,2013-02-21T10:30:00Z,None,-119B,-157B,-127B,false,false
,Crude Oil Inventories,USD,2013-02-21T11:00:00Z,None,1.9M,0.6M,4.1M,false,false
,FOMC Member Bullard Speaks,USD,2013-02-21T12:30:00Z,None,,,,false,false
,RBA Gov Stevens Speaks,AUD,2013-02-21T17:30:00Z,High,,,,false,false
,Credit Card Spending y/y,NZD,2013-02-21T21:02:00Z,None,,4.5%,0.4%,false,false
,German Final GDP q/q,EUR,2013-02-22T02:00:00Z,None,-0.6%,-0.6%,-0.6%,false,false
,German ifo Business Climate,EUR,2013-02-22T04:00:00Z,High,104.9,104.3,107.4,false,false
,EU Economic Forecasts,EUR,2013-02-22T05:00:00Z,None,,,,false,false
,Italian Retail Sales m/m,EUR,2013-02-22T06:00:00Z,None,0.3%,-0.4%,0.2%,false,false
,CPI m/m,CAD,2013-02-22T08:30:00Z,None,0.3%,-0.6%,0.1%,false,false
,Core Retail Sales m/m,CAD,2013-02-22T08:30:00Z,High,0.1%,-0.2%,-0.9%,false,false
,Retail Sales m/m,CAD,2013-02-22T08:30:00Z,None,-0.3%,0.3%,-2.1%,false,false
,Core CPI m/m,CAD,2013-02-22T08:30:00Z,High,0.2%,-0.6%,0.1%,false,false
,Belgian NBB Business Climate,EUR,2013-02-22T09:00:00Z,None,-11.1,-13.2,-11.0,false,false
,FOMC Member Powell Speaks,USD,2013-02-22T10:30:00Z,None,,,,false,false
,FOMC Member Tarullo Speaks,USD,2013-02-22T18:30:00Z,None,,,,false,false
,Italian Parliamentary Election,EUR,2013-02-24T00:00:00Z,High,,,,false,false
,SPPI y/y,JPY,2013-02-24T18:50:00Z,None,-0.2%,-0.4%,-0.2%,false,false
,Caixin Flash Manufacturing PMI,CNY,2013-02-24T20:45:00Z,High,52.2,52.3,50.4,false,false
,Italian Parliamentary Election,EUR,2013-02-25T00:00:00Z,High,,,,false,false
,High Street Lending,GBP,2013-02-25T04:30:00Z,None,34.2K,33.4K,32.3K,false,false
,German Buba President Weidmann Speaks,EUR,2013-02-25T10:30:00Z,None,,,,false,false
,Chancellor Osborne Speaks,GBP,2013-02-25T10:30:00Z,None,,,,false,false
,BOC Gov Carney Speaks,CAD,2013-02-25T12:15:00Z,None,,,,false,false
,RBA Deputy Gov Debelle Speaks,AUD,2013-02-25T16:15:00Z,None,,,,false,false
,Inflation Expectations q/q,NZD,2013-02-25T21:00:00Z,None,,2.27%,2.17%,false,false
,BOE Gov King Speaks,GBP,2013-02-26T01:00:00Z,High,,,,false,false
,Employment Level,CHF,2013-02-26T03:15:00Z,None,4.11M,4.12M,4.12M,false,false
,Monetary Policy Report Hearings,GBP,2013-02-26T05:00:00Z,High,,,,false,false
,CBI Realized Sales,GBP,2013-02-26T06:00:00Z,None,15,17,8,false,false
,Corporate Profits q/q,CAD,2013-02-26T08:30:00Z,None,,3.7%,1.4%,false,false
,S&P/CS Composite-20 HPI y/y,USD,2013-02-26T09:00:00Z,None,6.7%,5.4%,6.8%,false,false
,HPI m/m,USD,2013-02-26T09:00:00Z,None,0.6%,0.4%,0.6%,false,false
,Richmond Manufacturing Index,USD,2013-02-26T09:59:00Z,None,-4,-12,6,false,false
,CB Consumer Confidence,USD,2013-02-26T10:00:00Z,High,60.8,58.4,69.6,false,false
,Fed Chairman Bernanke Testifies,USD,2013-02-26T10:00:00Z,High,,,,false,false
,New Home Sales,USD,2013-02-26T10:00:00Z,High,381K,378K,437K,false,false
,Fed Monetary Policy Report,USD,2013-02-26T10:00:00Z,None,,,,false,false
,MPC Member Fisher Speaks,GBP,2013-02-26T13:30:00Z,None,,,,false,false
,Trade Balance,NZD,2013-02-26T16:45:00Z,None,113M,534M,-305M,false,false
,Visitor Arrivals m/m,NZD,2013-02-26T16:45:00Z,None,,1.7%,-2.5%,false,false
,Retail Sales y/y,JPY,2013-02-26T18:50:00Z,None,-1.4%,0.3%,-1.1%,false,false
,Construction Work Done q/q,AUD,2013-02-26T19:30:00Z,None,1.5%,1.9%,-0.1%,false,false
,UBS Consumption Indicator,CHF,2013-02-27T02:00:00Z,None,,1.32,1.18,false,false
,German GfK Consumer Climate,EUR,2013-02-27T02:00:00Z,None,5.9,5.8,5.9,false,false
,German Import Prices m/m,EUR,2013-02-27T02:00:00Z,None,0.5%,-0.5%,0.1%,false,false
,KOF Economic Barometer,CHF,2013-02-27T03:00:00Z,None,1.00,1.12,1.03,false,false
,M3 Money Supply y/y,EUR,2013-02-27T04:00:00Z,None,3.2%,3.4%,3.5%,false,false
,Private Loans y/y,EUR,2013-02-27T04:00:00Z,None,-0.6%,-0.7%,-0.9%,false,false
,Retail PMI,EUR,2013-02-27T04:10:00Z,None,,45.9,44.5,false,false
,MPC Member Bean Speaks,GBP,2013-02-27T04:20:00Z,None,,,,false,false
,Second Estimate GDP q/q,GBP,2013-02-27T04:30:00Z,High,-0.3%,-0.3%,-0.3%,false,false
,Prelim Business Investment q/q,GBP,2013-02-27T04:30:00Z,None,2.2%,0.5%,-1.2%,false,false
,Index of Services 3m/3m,GBP,2013-02-27T04:30:00Z,None,0.1%,0.6%,-0.1%,false,false
,Italian 10-y Bond Auction,EUR,2013-02-27T05:12:00Z,High,,4.17|1.3,4.83|1.7,false,false
,Core Durable Goods Orders m/m,USD,2013-02-27T08:30:00Z,High,0.3%,1.0%,1.9%,false,false
,Durable Goods Orders m/m,USD,2013-02-27T08:30:00Z,None,-4.8%,4.3%,-5.2%,false,false
,Fed Chairman Bernanke Testifies,USD,2013-02-27T10:00:00Z,High,,,,false,false
,Pending Home Sales m/m,USD,2013-02-27T10:00:00Z,High,1.7%,-1.9%,4.5%,false,false
,Crude Oil Inventories,USD,2013-02-27T10:30:00Z,None,2.4M,4.1M,1.1M,false,false
,ECB President Draghi Speaks,EUR,2013-02-27T12:30:00Z,High,,,,false,false
,Building Consents m/m,NZD,2013-02-27T16:45:00Z,None,,9.4%,-0.4%,false,false
,Final Manufacturing PMI,JPY,2013-02-27T18:15:00Z,None,,47.7,48.5,false,false
,Prelim Industrial Production m/m,JPY,2013-02-27T18:50:00Z,None,1.6%,2.5%,1.0%,false,false
,HIA New Home Sales m/m,AUD,2013-02-27T19:00:00Z,None,,6.2%,4.2%,false,false
,ANZ Business Confidence,NZD,2013-02-27T19:00:00Z,High,,22.7,39.4,false,false
,GfK Consumer Confidence,GBP,2013-02-27T19:01:00Z,None,-26,-26,-26,false,false
,Private Sector Credit m/m,AUD,2013-02-27T19:30:00Z,None,0.3%,0.4%,0.2%,false,false
,Private Capital Expenditure q/q,AUD,2013-02-27T19:30:00Z,High,1.1%,1.1%,-1.2%,false,false
,Housing Starts y/y,JPY,2013-02-28T00:00:00Z,None,8.9%,10.0%,5.0%,false,false
,German Prelim CPI m/m,EUR,2013-02-28T00:00:00Z,None,0.7%,-0.5%,0.6%,true,false
,GDP q/q,CHF,2013-02-28T01:45:00Z,None,0.0%,0.6%,0.2%,false,false
,French Consumer Spending m/m,EUR,2013-02-28T02:45:00Z,None,-0.1%,0.2%,-0.8%,false,false
,Spanish Flash CPI y/y,EUR,2013-02-28T03:00:00Z,None,2.6%,2.7%,2.7%,false,false
,German Unemployment Change,EUR,2013-02-28T03:55:00Z,None,-5K,-14K,-3K,false,false
,Final CPI y/y,EUR,2013-02-28T05:00:00Z,None,2.0%,2.0%,2.0%,false,false
,Final Core CPI y/y,EUR,2013-02-28T05:00:00Z,None,1.5%,1.5%,1.3%,false,false
,RMPI m/m,CAD,2013-02-28T08:30:00Z,None,1.4%,-2.0%,3.8%,false,false
,Current Account,CAD,2013-02-28T08:30:00Z,None,-16.9B,-18.0B,-17.3B,false,false
,IPPI m/m,CAD,2013-02-28T08:30:00Z,None,0.2%,0.0%,0.0%,false,false
,Prelim GDP q/q,USD,2013-02-28T08:30:00Z,High,0.5%,-0.1%,0.1%,false,false
,Unemployment Claims,USD,2013-02-28T08:30:00Z,High,361K,366K,344K,false,false
,Prelim GDP Price Index q/q,USD,2013-02-28T08:30:00Z,None,0.6%,0.6%,0.9%,false,false
,Chicago PMI,USD,2013-02-28T09:45:00Z,None,54.6,55.6,56.8,false,false
,Natural Gas Storage,USD,2013-02-28T10:30:00Z,None,-165B,-127B,-171B,false,false
,FOMC Member Raskin Speaks,USD,2013-02-28T12:30:00Z,None,,,,false,false
,Overseas Trade Index q/q,NZD,2013-02-28T16:45:00Z,None,1.4%,-3.2%,-1.3%,false,false
,AIG Manufacturing Index,AUD,2013-02-28T17:24:00Z,None,,40.2,45.6,false,false
,Household Spending y/y,JPY,2013-02-28T18:30:00Z,None,0.4%,-0.7%,2.4%,false,false
,Tokyo Core CPI y/y,JPY,2013-02-28T18:30:00Z,None,-0.6%,-0.5%,-0.6%,false,false
,National Core CPI y/y,JPY,2013-02-28T18:30:00Z,None,-0.2%,-0.2%,-0.2%,false,false
,Unemployment Rate,JPY,2013-02-28T18:30:00Z,None,4.2%,4.2%,4.2%,false,false
,Capital Spending q/y,JPY,2013-02-28T18:50:00Z,None,-7.0%,2.2%,-8.7%,false,false
,Manufacturing PMI,CNY,2013-02-28T19:59:00Z,High,50.5,50.4,50.1,false,false
,FOMC Member Evans Speaks,USD,2013-02-28T20:00:00Z,None,,,,false,false
,RatingDog Manufacturing PMI,CNY,2013-02-28T20:45:00Z,None,50.4,50.4,50.4,false,false
,Total Vehicle Sales,USD,2013-03-01T00:00:00Z,None,15.1M,15.3M,15.4M,true,false
,Commodity Prices y/y,AUD,2013-03-01T00:30:00Z,None,,-8.9%,-7.2%,false,false
,German Retail Sales m/m,EUR,2013-03-01T02:00:00Z,None,1.1%,-2.1%,3.1%,false,false
,Nationwide HPI m/m,GBP,2013-03-01T02:00:00Z,None,0.2%,0.5%,0.2%,false,false
,Spanish Manufacturing PMI,EUR,2013-03-01T03:15:00Z,None,46.3,46.1,46.8,false,false
,Manufacturing PMI,CHF,2013-03-01T03:30:00Z,None,52.2,52.5,50.8,false,false
,Italian Manufacturing PMI,EUR,2013-03-01T03:45:00Z,None,47.6,47.8,45.8,false,false
,French Final Manufacturing PMI,EUR,2013-03-01T03:50:00Z,None,43.6,43.6,43.9,false,false
,German Final Manufacturing PMI,EUR,2013-03-01T03:55:00Z,None,50.1,50.1,50.3,false,false
,Final Manufacturing PMI,EUR,2013-03-01T04:00:00Z,None,47.8,47.8,47.9,false,false
,Italian Monthly Unemployment Rate,EUR,2013-03-01T04:00:00Z,None,11.1%,11.3%,11.7%,false,false
,Italian Quarterly Unemployment Rate,EUR,2013-03-01T04:00:00Z,None,10.8%,10.7%,11.2%,false,false
,Final Manufacturing PMI,GBP,2013-03-01T04:30:00Z,High,51.0,50.8,47.9,false,false
,Net Lending to Individuals m/m,GBP,2013-03-01T04:30:00Z,None,1.1B,1.8B,0.6B,false,false
,M4 Money Supply m/m,GBP,2013-03-01T04:30:00Z,None,0.3%,0.7%,0.9%,false,false
,Mortgage Approvals,GBP,2013-03-01T04:30:00Z,None,57K,56K,55K,false,false
,CPI Flash Estimate y/y,EUR,2013-03-01T05:00:00Z,None,2.0%,2.0%,1.8%,false,false
,Unemployment Rate,EUR,2013-03-01T05:00:00Z,None,11.8%,11.8%,11.9%,false,false
,Italian Prelim CPI m/m,EUR,2013-03-01T05:00:00Z,None,0.3%,0.2%,0.1%,false,false
,GDP m/m,CAD,2013-03-01T08:30:00Z,High,-0.2%,0.3%,-0.2%,false,false
,Core PCE Price Index m/m,USD,2013-03-01T08:30:00Z,None,0.1%,0.0%,0.1%,false,false
,Personal Spending m/m,USD,2013-03-01T08:30:00Z,None,0.2%,0.1%,0.2%,false,false
,Personal Income m/m,USD,2013-03-01T08:30:00Z,None,-2.3%,2.6%,-3.6%,false,false
,Final Manufacturing PMI,USD,2013-03-01T09:00:00Z,None,55.2,55.2,54.3,false,false
,Manufacturing PMI,CAD,2013-03-01T09:30:00Z,None,,50.5,51.7,false,false
,Revised UoM Consumer Sentiment,USD,2013-03-01T09:55:00Z,None,76.3,76.3,77.6,false,false
,Revised UoM Inflation Expectations,USD,2013-03-01T09:55:00Z,None,,3.3%,3.3%,false,false
,ISM Manufacturing PMI,USD,2013-03-01T10:00:00Z,High,52.7,53.1,54.2,false,false
,Construction Spending m/m,USD,2013-03-01T10:00:00Z,None,0.6%,1.1%,-2.1%,false,false
,ISM Manufacturing Prices,USD,2013-03-01T10:00:00Z,None,57.3,56.5,61.5,false,false
,President Obama Speaks,USD,2013-03-01T11:35:00Z,None,,,,false,false
,Fed Chairman Bernanke Speaks,USD,2013-03-01T22:00:00Z,High,,,,false,false
,Non-Manufacturing PMI,CNY,2013-03-02T20:00:00Z,None,,56.2,54.5,false,false
,MI Inflation Gauge m/m,AUD,2013-03-03T18:30:00Z,None,,0.3%,0.0%,false,false
,Monetary Base y/y,JPY,2013-03-03T18:50:00Z,None,11.5%,10.9%,15.0%,false,false
,ANZ Commodity Prices m/m,NZD,2013-03-03T19:00:00Z,None,,0.3%,1.0%,false,false
,Building Approvals m/m,AUD,2013-03-03T19:30:00Z,High,2.8%,-1.7%,-2.4%,false,false
,ANZ Job Advertisements m/m,AUD,2013-03-03T19:30:00Z,None,,0.6%,3.0%,false,false
,Company Operating Profits q/q,AUD,2013-03-03T19:30:00Z,None,-0.9%,-2.7%,-1.0%,false,false
,Eurogroup Meetings,EUR,2013-03-04T00:00:00Z,None,,,,true,false
,Spanish Unemployment Change,EUR,2013-03-04T03:00:00Z,High,77.5K,132.1K,59.4K,false,false
,Sentix Investor Confidence,EUR,2013-03-04T04:30:00Z,None,-4.5,-3.9,-10.6,false,false
,Construction PMI,GBP,2013-03-04T04:30:00Z,High,49.2,48.7,46.8,false,false
,PPI m/m,EUR,2013-03-04T05:00:00Z,None,0.5%,-0.2%,0.6%,false,false
,FOMC Member Yellen Speaks,USD,2013-03-04T08:00:00Z,None,,,,false,false
,FOMC Member Powell Speaks,USD,2013-03-04T13:15:00Z,None,,,,false,false
,AIG Services Index,AUD,2013-03-04T17:25:00Z,None,,45.3,48.5,false,false
,BRC Retail Sales Monitor y/y,GBP,2013-03-04T19:00:00Z,None,,1.9%,2.7%,false,false
,Retail Sales m/m,AUD,2013-03-04T19:30:00Z,High,0.4%,-0.4%,0.9%,false,false
,Current Account,AUD,2013-03-04T19:30:00Z,None,-15.4B,-15.0B,-14.7B,false,false
,Average Cash Earnings y/y,JPY,2013-03-04T20:30:00Z,None,-0.3%,-1.7%,0.7%,false,false
,RatingDog Services PMI,CNY,2013-03-04T20:45:00Z,None,,54.0,52.1,false,false
,Cash Rate,AUD,2013-03-04T22:30:00Z,High,3.00%,3.00%,3.00%,false,false
,RBA Rate Statement,AUD,2013-03-04T22:30:00Z,High,,,,false,false
,10-y Bond Auction,JPY,2013-03-04T22:45:00Z,None,,0.80|2.8,0.64|2.4,false,false
,ECOFIN Meetings,EUR,2013-03-05T00:00:00Z,None,,,,true,false
,Spanish Services PMI,EUR,2013-03-05T03:15:00Z,High,45.9,47.0,44.7,false,false
,Italian Services PMI,EUR,2013-03-05T03:45:00Z,High,43.6,43.9,43.6,false,false
,French Final Services PMI,EUR,2013-03-05T03:50:00Z,None,42.7,42.7,42.7,false,false
,German Final Services PMI,EUR,2013-03-05T03:55:00Z,None,54.1,54.1,54.1,false,false
,Final Services PMI,EUR,2013-03-05T04:00:00Z,None,47.3,47.3,47.9,false,false
,Final Services PMI,GBP,2013-03-05T04:30:00Z,High,51.1,51.5,51.8,false,false
,Retail Sales m/m,EUR,2013-03-05T05:00:00Z,None,0.3%,-0.8%,1.2%,false,false
,GDT Price Index,NZD,2013-03-05T08:30:00Z,None,,4.1%,11.5%,false,false
,ISM Services PMI,USD,2013-03-05T10:00:00Z,High,55.0,55.2,56.0,false,false
,RCM/TIPP Economic Optimism,USD,2013-03-05T10:00:00Z,None,47.8,47.3,42.2,false,false
,BRC Shop Price Index y/y,GBP,2013-03-05T19:01:00Z,None,,0.6%,1.1%,false,false
,GDP q/q,AUD,2013-03-05T19:30:00Z,High,0.6%,0.7%,0.6%,false,false
,Lloyds HPI m/m,GBP,2013-03-06T03:00:00Z,None,0.4%,-0.3%,0.5%,false,false
,BOE Gov King Speaks,GBP,2013-03-06T04:45:00Z,High,,,,false,false
,Revised GDP q/q,EUR,2013-03-06T05:00:00Z,None,-0.6%,-0.6%,-0.6%,false,false
,ADP Non-Farm Employment Change,USD,2013-03-06T08:15:00Z,High,172K,215K,198K,false,false
,BOC Rate Statement,CAD,2013-03-06T10:00:00Z,High,,,,false,false
,Ivey PMI,CAD,2013-03-06T10:00:00Z,High,56.2,58.9,51.1,false,false
,Overnight Rate,CAD,2013-03-06T10:00:00Z,High,1.00%,1.00%,1.00%,false,false
,Factory Orders m/m,USD,2013-03-06T10:00:00Z,None,-2.2%,1.3%,-2.0%,false,false
,Crude Oil Inventories,USD,2013-03-06T10:30:00Z,None,0.9M,1.1M,3.8M,false,false
,Beige Book,USD,2013-03-06T14:00:00Z,None,,,,false,false
,AIG Construction Index,AUD,2013-03-06T17:26:00Z,None,,36.2,45.6,false,false
,Goods Trade Balance,AUD,2013-03-06T19:30:00Z,High,-0.51B,-0.69B,-1.06B,false,false
,Monetary Policy Statement,JPY,2013-03-06T22:24:00Z,High,,,,false,false
,Overnight Call Rate,JPY,2013-03-06T22:24:00Z,High,<0.10%,<0.10%,<0.10%,false,false
,Leading Indicators,JPY,2013-03-07T00:00:00Z,None,96.2%,93.2%,96.3%,false,false
,Unemployment Rate,CHF,2013-03-07T01:45:00Z,None,3.1%,3.1%,3.1%,false,false
,BOJ Press Conference,JPY,2013-03-07T02:32:00Z,High,,,,false,false
,French Trade Balance,EUR,2013-03-07T02:45:00Z,None,-4.8B,-5.4B,-5.9B,false,false
,Foreign Currency Reserves,CHF,2013-03-07T03:00:00Z,High,,430B,428B,false,false
,SNB Chairman Jordan Speaks,CHF,2013-03-07T04:00:00Z,High,,,,false,false
,Spanish 10-y Bond Auction,EUR,2013-03-07T04:45:00Z,High,,5.20|1.6,4.92|2.3,false,false
,French 10-y Bond Auction,EUR,2013-03-07T04:59:00Z,None,,2.30|3.1,2.10|2.2,false,false
,German Factory Orders m/m,EUR,2013-03-07T06:00:00Z,None,0.6%,1.1%,-1.9%,false,false
,Asset Purchase Facility,GBP,2013-03-07T07:00:00Z,High,375B,375B,375B,false,false
,Official Bank Rate,GBP,2013-03-07T07:00:00Z,High,0.50%,0.50%,0.50%,false,false
,Challenger Job Cuts y/y,USD,2013-03-07T07:30:00Z,None,,-24.4%,7.0%,false,false
,Main Refinancing Rate,EUR,2013-03-07T07:45:00Z,High,0.75%,0.75%,0.75%,false,false
,Revised Unit Labor Costs q/q,USD,2013-03-07T08:30:00Z,None,4.4%,4.5%,4.6%,false,false
,Building Permits m/m,CAD,2013-03-07T08:30:00Z,High,5.4%,-10.4%,1.7%,false,false
,Trade Balance,CAD,2013-03-07T08:30:00Z,High,-0.6B,-0.3B,-0.2B,false,false
,ECB Press Conference,EUR,2013-03-07T08:30:00Z,High,,,,false,false
,Trade Balance,USD,2013-03-07T08:30:00Z,High,-42.8B,-38.1B,-44.4B,false,false
,Unemployment Claims,USD,2013-03-07T08:30:00Z,High,354K,347K,340K,false,false
,Revised Nonfarm Productivity q/q,USD,2013-03-07T08:30:00Z,None,-1.6%,-2.0%,-1.9%,false,false
,Natural Gas Storage,USD,2013-03-07T10:30:00Z,None,-135B,-171B,-146B,false,false
,FOMC Member Powell Speaks,USD,2013-03-07T13:15:00Z,None,,,,false,false
,Consumer Credit m/m,USD,2013-03-07T15:00:00Z,None,15.2B,15.1B,16.2B,false,false
,Bank Stress Test Results,USD,2013-03-07T16:30:00Z,None,,,,false,false
,Manufacturing Sales q/q,NZD,2013-03-07T16:45:00Z,None,,1.7%,0.0%,false,false
,Bank Lending y/y,JPY,2013-03-07T18:50:00Z,None,,1.3%,1.5%,false,false
,Current Account,JPY,2013-03-07T18:50:00Z,High,0.11T,0.11T,0.36T,false,false
,Final GDP q/q,JPY,2013-03-07T18:50:00Z,None,-0.1%,-0.1%,0.0%,false,false
,Final GDP Price Index y/y,JPY,2013-03-07T18:50:00Z,None,-0.6%,-0.6%,-0.7%,false,false
,USD-Denominated Trade Balance,CNY,2013-03-07T21:02:00Z,High,-8.8B,29.2B,15.3B,false,false
,30-y Bond Auction,JPY,2013-03-07T22:45:00Z,None,,1.99|3.5,1.82|3.3,false,false
,BOJ Monthly Report,JPY,2013-03-08T00:00:00Z,None,,,,false,false
,Economy Watchers Sentiment,JPY,2013-03-08T00:00:00Z,None,51.2,49.5,53.2,false,false
,French Gov Budget Balance,EUR,2013-03-08T02:45:00Z,None,,-87.2B,-12.8B,false,false
,CPI m/m,CHF,2013-03-08T03:15:00Z,High,-0.3%,-0.3%,0.3%,false,false
,Consumer Inflation Expectations,GBP,2013-03-08T04:30:00Z,None,,3.5%,3.6%,false,false
,German Industrial Production m/m,EUR,2013-03-08T06:00:00Z,None,0.6%,0.6%,0.0%,false,false
,Housing Starts,CAD,2013-03-08T08:13:00Z,None,173K,159K,181K,false,false
,Unemployment Rate,USD,2013-03-08T08:30:00Z,High,7.9%,7.9%,7.7%,false,false
,Average Hourly Earnings m/m,USD,2013-03-08T08:30:00Z,None,0.2%,0.1%,0.2%,false,false
,Employment Change,CAD,2013-03-08T08:30:00Z,High,7.8K,-21.9K,50.7K,false,false
,Unemployment Rate,CAD,2013-03-08T08:30:00Z,High,7.1%,7.0%,7.0%,false,false
,Labor Productivity q/q,CAD,2013-03-08T08:30:00Z,None,-0.1%,-0.4%,0.1%,false,false
,Non-Farm Employment Change,USD,2013-03-08T08:30:00Z,High,162K,119K,236K,false,false
,Final Wholesale Inventories m/m,USD,2013-03-08T10:00:00Z,None,0.4%,0.1%,1.2%,false,false
,FOMC Member Duke Speaks,USD,2013-03-08T20:00:00Z,None,,,,false,false
,CPI y/y,CNY,2013-03-08T20:30:00Z,High,3.0%,2.0%,3.2%,false,false
,PPI y/y,CNY,2013-03-08T20:30:00Z,None,-1.5%,-1.6%,-1.6%,false,false
,Industrial Production y/y,CNY,2013-03-09T00:30:00Z,None,10.4%,10.3%,9.9%,false,false
,Retail Sales y/y,CNY,2013-03-09T00:30:00Z,None,14.5%,15.2%,12.3%,false,false
,Fixed Asset Investment ytd/y,CNY,2013-03-09T00:30:00Z,None,20.6%,20.6%,21.2%,false,false
,Daylight Saving Time Shift,CAD,2013-03-10T03:00:00Z,None,,,,false,false
,Daylight Saving Time Shift,USD,2013-03-10T03:00:00Z,None,,,,false,false
,New Loans,CNY,2013-03-10T03:07:00Z,None,750B,1070B,620B,false,false
,M2 Money Supply y/y,CNY,2013-03-10T03:07:00Z,None,14.8%,15.9%,15.2%,false,false
,Core Machinery Orders m/m,JPY,2013-03-10T19:50:00Z,None,-1.6%,2.8%,-13.1%,false,false
,M2 Money Stock y/y,JPY,2013-03-10T19:50:00Z,None,2.7%,2.7%,2.9%,false,false
,Prelim Machine Tool Orders y/y,JPY,2013-03-11T02:03:00Z,None,,-26.4%,-21.5%,false,false
,German Trade Balance,EUR,2013-03-11T03:00:00Z,None,17.9B,16.9B,15.7B,false,false
,French Industrial Production m/m,EUR,2013-03-11T03:45:00Z,None,-0.1%,0.9%,-1.2%,false,false
,Retail Sales y/y,CHF,2013-03-11T04:15:00Z,None,3.7%,4.7%,1.9%,false,false
,Tertiary Industry Activity m/m,JPY,2013-03-11T19:50:00Z,None,-0.1%,1.1%,-1.1%,false,false
,PPI y/y,JPY,2013-03-11T19:50:00Z,None,-0.1%,-0.3%,-0.1%,false,false
,Monetary Policy Meeting Minutes,JPY,2013-03-11T19:50:00Z,None,,,,false,false
,BSI Manufacturing Index,JPY,2013-03-11T19:50:00Z,None,-6.2,-10.3,-4.6,false,false
,RICS House Price Balance,GBP,2013-03-11T20:01:00Z,None,-1%,-4%,-6%,false,false
,REINZ HPI m/m,NZD,2013-03-11T20:27:00Z,None,,-1.0%,1.6%,false,false
,NAB Business Confidence,AUD,2013-03-11T20:30:00Z,None,,3,1,false,false
,Consumer Confidence,JPY,2013-03-12T01:00:00Z,None,43.0,43.3,44.3,false,false
,German WPI m/m,EUR,2013-03-12T03:00:00Z,None,0.4%,0.3%,0.1%,false,false
,German Final CPI m/m,EUR,2013-03-12T03:00:00Z,None,0.6%,0.6%,0.6%,false,false
,Goods Trade Balance,GBP,2013-03-12T05:30:00Z,None,-8.8B,-8.7B,-8.2B,false,false
,Manufacturing Production m/m,GBP,2013-03-12T05:30:00Z,High,0.0%,1.5%,-1.5%,false,false
,Industrial Production m/m,GBP,2013-03-12T05:30:00Z,None,0.1%,1.1%,-1.2%,false,false
,NFIB Small Business Index,USD,2013-03-12T07:30:00Z,None,91.3,88.9,90.8,false,false
,NIESR GDP Estimate,GBP,2013-03-12T10:57:00Z,None,,-0.2%,-0.1%,false,false
,JOLTS Job Openings,USD,2013-03-12T11:00:00Z,None,3.67M,3.61M,3.69M,false,false
,FPI m/m,NZD,2013-03-12T17:45:00Z,None,,1.9%,-0.3%,false,false
,Westpac Consumer Sentiment,AUD,2013-03-12T19:30:00Z,None,,7.7%,2.0%,false,false
,Home Loans m/m,AUD,2013-03-12T20:30:00Z,None,0.2%,-2.1%,-1.5%,false,false
,French Final Private Payrolls q/q,EUR,2013-03-13T02:30:00Z,None,-0.2%,-0.2%,-0.3%,false,false
,French Final CPI m/m,EUR,2013-03-13T03:45:00Z,None,0.5%,-0.5%,0.3%,false,false
,Industrial Production m/m,EUR,2013-03-13T06:00:00Z,None,-0.1%,0.9%,-0.4%,false,false
,Core Retail Sales m/m,USD,2013-03-13T08:30:00Z,High,0.5%,0.4%,1.0%,false,false
,Retail Sales m/m,USD,2013-03-13T08:30:00Z,High,0.5%,0.2%,1.1%,false,false
,Import Prices m/m,USD,2013-03-13T08:30:00Z,None,0.5%,0.6%,1.1%,false,false
,Business Inventories m/m,USD,2013-03-13T10:00:00Z,None,0.5%,0.3%,1.0%,false,false
,Crude Oil Inventories,USD,2013-03-13T10:30:00Z,None,2.3M,3.8M,2.6M,false,false
,10-y Bond Auction,USD,2013-03-13T13:00:00Z,None,,2.05|2.7,2.03|3.2,false,false
,Federal Budget Balance,USD,2013-03-13T13:20:00Z,None,-200.0B,2.9B,-203.5B,false,false
,Official Cash Rate,NZD,2013-03-13T16:00:00Z,High,2.50%,2.50%,2.50%,false,false
,RBNZ Press Conference,NZD,2013-03-13T16:00:00Z,High,,,,false,false
,RBNZ Rate Statement,NZD,2013-03-13T16:00:00Z,High,,,,false,false
,RBNZ Monetary Policy Statement,NZD,2013-03-13T16:00:00Z,None,,,,false,false
,MI Inflation Expectations,AUD,2013-03-13T20:00:00Z,None,,2.2%,2.3%,false,false
,RBNZ Gov Wheeler Speaks,NZD,2013-03-13T20:05:00Z,High,,,,false,false
,Employment Change,AUD,2013-03-13T20:30:00Z,High,9.5K,13.1K,71.5K,false,false
,Unemployment Rate,AUD,2013-03-13T20:30:00Z,High,5.5%,5.4%,5.4%,false,false
,EU Economic Summit,EUR,2013-03-14T00:00:00Z,High,,,,false,false
,Revised Industrial Production m/m,JPY,2013-03-14T00:30:00Z,None,1.0%,1.0%,0.3%,false,false
,RBA Assist Gov Kent Speaks,AUD,2013-03-14T03:00:00Z,None,,,,false,false
,SNB Monetary Policy Assessment,CHF,2013-03-14T04:30:00Z,High,,,,false,false
,Libor Rate,CHF,2013-03-14T04:30:00Z,High,<0.25%,<0.25%,<0.25%,false,false
,ECB Monthly Bulletin,EUR,2013-03-14T05:00:00Z,None,,,,false,false
,Final Employment Change q/q,EUR,2013-03-14T06:00:00Z,None,-0.1%,-0.1%,-0.3%,false,false
,NHPI m/m,CAD,2013-03-14T08:30:00Z,None,0.1%,0.2%,0.1%,false,false
,Capacity Utilization Rate,CAD,2013-03-14T08:30:00Z,None,80.8%,81.1%,80.7%,false,false
,PPI m/m,USD,2013-03-14T08:30:00Z,High,0.7%,0.2%,0.7%,false,false
,Unemployment Claims,USD,2013-03-14T08:30:00Z,High,348K,342K,332K,false,false
,Core PPI m/m,USD,2013-03-14T08:30:00Z,None,0.2%,0.2%,0.2%,false,false
,Current Account,USD,2013-03-14T08:30:00Z,None,-111B,-112B,-110B,false,false
,FOMC Member Raskin Speaks,USD,2013-03-14T09:00:00Z,None,,,,false,false
,Natural Gas Storage,USD,2013-03-14T10:30:00Z,None,-136B,-146B,-145B,false,false
,30-y Bond Auction,USD,2013-03-14T13:00:00Z,None,,3.18|2.7,3.25|2.4,false,false
,Bank Stress Test Results,USD,2013-03-14T16:30:00Z,None,,,,false,false
,BusinessNZ Manufacturing Index,NZD,2013-03-14T17:30:00Z,None,,55.2,56.3,false,false
,RBNZ Assist Gov McDermott Speaks,NZD,2013-03-14T19:00:00Z,None,,,,false,false
,EU Economic Summit,EUR,2013-03-15T00:00:00Z,None,,,,false,false
,Eurogroup Meetings,EUR,2013-03-15T00:00:00Z,None,,,,true,false
,PPI m/m,CHF,2013-03-15T04:15:00Z,None,0.3%,-0.1%,0.1%,false,false
,Final Core CPI y/y,EUR,2013-03-15T06:00:00Z,None,1.3%,1.3%,1.3%,false,false
,Final CPI y/y,EUR,2013-03-15T06:00:00Z,None,1.8%,1.8%,1.8%,false,false
,CB Leading Index m/m,GBP,2013-03-15T06:00:00Z,None,,0.0%,0.4%,false,false
,MPC Member Dale Speaks,GBP,2013-03-15T07:00:00Z,None,,,,false,false
,Core CPI y/y,USD,2013-03-15T08:30:00Z,High,1.9%,1.9%,2.0%,false,false
,CPI y/y,USD,2013-03-15T08:30:00Z,High,1.9%,1.6%,2.0%,false,false
,CPI m/m,USD,2013-03-15T08:30:00Z,None,0.6%,0.0%,0.7%,false,false
,Empire State Manufacturing Index,USD,2013-03-15T08:30:00Z,None,9.8,10.0,9.2,false,false
,Core CPI m/m,USD,2013-03-15T08:30:00Z,High,0.2%,0.3%,0.2%,false,false
,TIC Long-Term Purchases,USD,2013-03-15T09:00:00Z,None,39.3B,64.2B,25.7B,false,false
,Capacity Utilization Rate,USD,2013-03-15T09:12:00Z,None,79.4%,79.2%,79.6%,false,false
,Industrial Production m/m,USD,2013-03-15T09:12:00Z,None,0.4%,0.0%,0.7%,false,false
,Prelim UoM Inflation Expectations,USD,2013-03-15T09:55:00Z,None,,3.3%,3.3%,false,false
,Prelim UoM Consumer Sentiment,USD,2013-03-15T09:55:00Z,High,78.2,77.6,71.8,false,false
,Westpac Consumer Sentiment,NZD,2013-03-17T17:00:00Z,None,,111.1,110.8,false,false
,BusinessNZ Services Index,NZD,2013-03-17T17:30:00Z,None,,53.0,55.5,false,false
,Rightmove HPI m/m,GBP,2013-03-17T20:01:00Z,None,,2.8%,1.7%,false,false
,New Motor Vehicle Sales m/m,AUD,2013-03-17T20:35:00Z,None,,-2.2%,0.0%,false,false
,Eurogroup Meetings,EUR,2013-03-18T00:00:00Z,High,,,,true,false
,SECO Economic Forecasts,CHF,2013-03-18T02:45:00Z,None,,,,false,false
,Italian Trade Balance,EUR,2013-03-18T05:00:00Z,None,2.11B,2.11B,-1.62B,false,false
,ZEW Economic Sentiment,EUR,2013-03-18T06:00:00Z,None,,,,false,false
,Trade Balance,EUR,2013-03-18T06:00:00Z,None,10.4B,10.3B,9.0B,false,false
,German Buba Monthly Report,EUR,2013-03-18T07:00:00Z,None,,,,false,false
,Foreign Securities Purchases,CAD,2013-03-18T08:30:00Z,None,7.85B,-1.92B,13.34B,false,false
,NAHB Housing Market Index,USD,2013-03-18T10:00:00Z,None,48,46,44,false,false
,RBA Deputy Gov Debelle Speaks,AUD,2013-03-18T18:15:00Z,None,,,,false,false
,RBA Deputy Gov Lowe Speaks,AUD,2013-03-18T18:50:00Z,None,,,,false,false
,Monetary Policy Meeting Minutes,AUD,2013-03-18T20:30:00Z,High,,,,false,false
,CB Leading Index m/m,CNY,2013-03-18T22:00:00Z,None,,1.3%,1.3%,false,false
,Foreign Direct Investment ytd/y,CNY,2013-03-18T22:00:00Z,None,,-7.3%,-1.4%,false,false
,Bank Holiday,JPY,2013-03-19T00:00:00Z,None,,,,true,false
,Italian Industrial Production m/m,EUR,2013-03-19T05:00:00Z,None,-0.3%,-0.2%,0.8%,false,false
,CPI y/y,GBP,2013-03-19T05:30:00Z,High,2.8%,2.7%,2.8%,false,false
,PPI Input m/m,GBP,2013-03-19T05:30:00Z,High,1.7%,1.3%,3.2%,false,false
,RPI y/y,GBP,2013-03-19T05:30:00Z,None,3.3%,3.3%,3.2%,false,false
,Core CPI y/y,GBP,2013-03-19T05:30:00Z,None,2.2%,2.3%,2.3%,false,false
,ONS HPI y/y,GBP,2013-03-19T05:30:00Z,None,2.6%,3.3%,2.2%,false,false
,PPI Output m/m,GBP,2013-03-19T05:30:00Z,None,0.2%,0.2%,0.8%,false,false
,German ZEW Economic Sentiment,EUR,2013-03-19T06:00:00Z,High,47.9,48.2,48.5,false,false
,ZEW Economic Sentiment,EUR,2013-03-19T06:00:00Z,None,43.7,42.4,33.4,false,false
,Manufacturing Sales m/m,CAD,2013-03-19T08:30:00Z,High,0.7%,-3.3%,-0.2%,false,false
,Wholesale Sales m/m,CAD,2013-03-19T08:30:00Z,None,0.4%,-1.1%,0.3%,false,false
,Building Permits,USD,2013-03-19T08:30:00Z,High,0.93M,0.90M,0.95M,false,false
,Housing Starts,USD,2013-03-19T08:30:00Z,None,0.92M,0.91M,0.92M,false,false
,GDT Price Index,NZD,2013-03-19T09:30:00Z,None,,11.5%,14.7%,false,false
,Current Account,NZD,2013-03-19T17:45:00Z,None,-2.97B,-4.39B,-3.26B,false,false
,MI Leading Index m/m,AUD,2013-03-19T19:30:00Z,None,,0.3%,0.3%,false,false
,German PPI m/m,EUR,2013-03-20T03:00:00Z,None,0.2%,0.8%,-0.1%,false,false
,Current Account,EUR,2013-03-20T05:00:00Z,None,7.9B,16.0B,14.8B,false,false
,Claimant Count Change,GBP,2013-03-20T05:30:00Z,High,-5.2K,-10.0K,-1.5K,false,false
,MPC Asset Purchase Facility Votes,GBP,2013-03-20T05:30:00Z,High,3-0-6,3-0-6,3-0-6,false,false
,MPC Official Bank Rate Votes,GBP,2013-03-20T05:30:00Z,High,0-0-9,0-0-9,0-0-9,false,false
,Unemployment Rate,GBP,2013-03-20T05:30:00Z,None,7.8%,7.8%,7.8%,false,false
,Average Earnings Index 3m/y,GBP,2013-03-20T05:30:00Z,None,1.5%,1.3%,1.2%,false,false
,UBS Economic Expectations,CHF,2013-03-20T06:00:00Z,None,,10.0,2.3,false,false
,German 10-y Bond Auction,EUR,2013-03-20T06:34:00Z,None,,1.66|1.2,1.36|1.6,false,false
,Annual Budget Release,GBP,2013-03-20T08:30:00Z,High,,,,false,false
,Crude Oil Inventories,USD,2013-03-20T10:30:00Z,None,1.8M,2.6M,-1.3M,false,false
,Consumer Confidence,EUR,2013-03-20T11:00:00Z,None,-23,-24,-24,false,false
,FOMC Economic Projections,USD,2013-03-20T14:00:00Z,High,,,,false,false
,FOMC Statement,USD,2013-03-20T14:00:00Z,High,,,,false,false
,Federal Funds Rate,USD,2013-03-20T14:00:00Z,None,<0.25%,<0.25%,<0.25%,false,false
,FOMC Press Conference,USD,2013-03-20T14:30:00Z,High,,,,false,false
,GDP q/q,NZD,2013-03-20T17:45:00Z,High,0.9%,0.2%,1.5%,false,false
,Trade Balance,JPY,2013-03-20T19:50:00Z,None,-1.01T,-0.74T,-1.09T,false,false
,RBA Bulletin,AUD,2013-03-20T20:30:00Z,None,,,,false,false
,Caixin Flash Manufacturing PMI,CNY,2013-03-20T21:45:00Z,High,51.2,50.4,51.7,false,false
,Credit Card Spending y/y,NZD,2013-03-20T22:00:00Z,None,,0.5%,4.7%,false,false
,Eurogroup Meetings,EUR,2013-03-21T00:00:00Z,High,,,,true,false
,All Industries Activity m/m,JPY,2013-03-21T00:30:00Z,None,-1.1%,1.6%,-1.4%,false,false
,Trade Balance,CHF,2013-03-21T03:00:00Z,None,1.87B,2.12B,2.10B,false,false
,French Flash Manufacturing PMI,EUR,2013-03-21T04:00:00Z,High,44.4,43.9,43.9,false,false
,French Flash Services PMI,EUR,2013-03-21T04:00:00Z,None,44.1,42.7,41.9,false,false
,German Flash Manufacturing PMI,EUR,2013-03-21T04:30:00Z,High,50.8,50.3,48.9,false,false
,German Flash Services PMI,EUR,2013-03-21T04:30:00Z,None,54.9,54.1,51.6,false,false
,Flash Manufacturing PMI,EUR,2013-03-21T05:00:00Z,None,48.2,47.9,46.6,false,false
,Flash Services PMI,EUR,2013-03-21T05:00:00Z,None,48.2,47.3,46.5,false,false
,Retail Sales m/m,GBP,2013-03-21T05:30:00Z,High,0.5%,-0.7%,2.1%,false,false
,Public Sector Net Borrowing,GBP,2013-03-21T05:30:00Z,None,8.4B,-10.3B,4.4B,false,false
,Spanish 10-y Bond Auction,EUR,2013-03-21T05:45:00Z,High,,4.92|2.3,4.90|1.9,false,false
,BOJ Gov Kuroda Speaks,JPY,2013-03-21T06:00:00Z,High,,,,false,false
,CBI Industrial Order Expectations,GBP,2013-03-21T07:00:00Z,None,-16,-14,-15,false,false
,Core Retail Sales m/m,CAD,2013-03-21T08:30:00Z,High,0.4%,-1.0%,0.5%,false,false
,Retail Sales m/m,CAD,2013-03-21T08:30:00Z,None,0.6%,-2.3%,1.0%,false,false
,Unemployment Claims,USD,2013-03-21T08:30:00Z,High,343K,334K,336K,false,false
,Flash Manufacturing PMI,USD,2013-03-21T09:00:00Z,None,55.1,54.3,54.9,false,false
,HPI m/m,USD,2013-03-21T09:00:00Z,None,0.7%,0.5%,0.6%,false,false
,Philly Fed Manufacturing Index,USD,2013-03-21T10:00:00Z,High,-1.6,-12.5,2.0,false,false
,Existing Home Sales,USD,2013-03-21T10:00:00Z,High,5.02M,4.94M,4.98M,false,false
,CB Leading Index m/m,USD,2013-03-21T10:00:00Z,None,0.3%,0.5%,0.5%,false,false
,Natural Gas Storage,USD,2013-03-21T10:30:00Z,None,-70B,-145B,-62B,false,false
,SNB Quarterly Bulletin,CHF,2013-03-21T11:00:00Z,None,,,,false,false
,Gov Board Member Zurbrugg Speaks,CHF,2013-03-21T13:00:00Z,None,,,,false,false
,Annual Budget Release,CAD,2013-03-21T16:00:00Z,None,,,,false,false
,Visitor Arrivals m/m,NZD,2013-03-21T17:45:00Z,None,,-2.2%,4.1%,false,false
,CB Leading Index m/m,AUD,2013-03-21T19:00:00Z,None,,-0.1%,0.2%,false,false
,RBA Assist Gov Edey Speaks,AUD,2013-03-21T21:45:00Z,None,,,,false,false
,German ifo Business Climate,EUR,2013-03-22T05:00:00Z,High,107.8,107.4,106.7,false,false
,Belgian NBB Business Climate,EUR,2013-03-22T10:00:00Z,None,-10.3,-11.0,-15.0,false,false
,Eurogroup Meetings,EUR,2013-03-24T00:00:00Z,High,,,,true,false
,High Street Lending,GBP,2013-03-25T05:30:00Z,None,33.6K,32.0K,30.5K,false,false
,Gov Board Member Danthine Speaks,CHF,2013-03-25T11:45:00Z,None,,,,false,false
,FOMC Member Dudley Speaks,USD,2013-03-25T12:15:00Z,None,,,,false,false
,Fed Chairman Bernanke Speaks,USD,2013-03-25T13:15:00Z,High,,,,false,false
,Trade Balance,NZD,2013-03-25T17:45:00Z,None,2M,-287M,414M,false,false
,SPPI y/y,JPY,2013-03-25T19:50:00Z,None,0.0%,-0.2%,0.1%,false,false
,BOJ Gov Kuroda Speaks,JPY,2013-03-25T20:00:00Z,High,,,,false,false
,BRICS Summit,All,2013-03-26T00:00:00Z,None,,,,false,false
,RBA Gov Stevens Speaks,AUD,2013-03-26T00:45:00Z,High,,,,false,false
,Chancellor Osborne Speaks,GBP,2013-03-26T06:00:00Z,None,,,,false,false
,CBI Realized Sales,GBP,2013-03-26T07:00:00Z,None,12,8,0,false,false
,Core Durable Goods Orders m/m,USD,2013-03-26T08:30:00Z,High,0.7%,2.3%,-0.5%,false,false
,Durable Goods Orders m/m,USD,2013-03-26T08:30:00Z,None,3.9%,-4.9%,5.7%,false,false
,S&P/CS Composite-20 HPI y/y,USD,2013-03-26T09:00:00Z,None,7.9%,6.8%,8.1%,false,false
,Richmond Manufacturing Index,USD,2013-03-26T09:59:00Z,None,8,6,3,false,false
,CB Consumer Confidence,USD,2013-03-26T10:00:00Z,High,67.9,68.0,59.7,false,false
,New Home Sales,USD,2013-03-26T10:00:00Z,High,426K,431K,411K,false,false
,Gov Council Member Cote Speaks,CAD,2013-03-26T12:45:00Z,None,,,,false,false
,ANZ Business Confidence,NZD,2013-03-26T20:00:00Z,High,,39.4,34.6,false,false
,RBA Financial Stability Review,AUD,2013-03-26T20:30:00Z,None,,,,false,false
,BRICS Summit,All,2013-03-27T00:00:00Z,None,,,,false,false
,UBS Consumption Indicator,CHF,2013-03-27T03:00:00Z,None,,1.15,1.26,false,false
,German GfK Consumer Climate,EUR,2013-03-27T03:00:00Z,None,5.9,5.9,5.9,false,false
,German Import Prices m/m,EUR,2013-03-27T03:00:00Z,None,0.2%,0.1%,0.3%,false,false
,KOF Economic Barometer,CHF,2013-03-27T04:00:00Z,None,1.07,1.04,0.99,false,false
,Spanish Flash CPI y/y,EUR,2013-03-27T04:00:00Z,None,2.7%,2.8%,2.4%,false,false
,Current Account,GBP,2013-03-27T05:30:00Z,High,-12.8B,-15.1B,-14.0B,false,false
,Final GDP q/q,GBP,2013-03-27T05:30:00Z,None,-0.3%,-0.3%,-0.3%,false,false
,FPC Statement,GBP,2013-03-27T05:30:00Z,None,,,,false,false
,Revised Business Investment q/q,GBP,2013-03-27T05:30:00Z,None,-1.2%,-1.2%,-0.8%,false,false
,Italian Retail Sales m/m,EUR,2013-03-27T06:00:00Z,None,0.4%,-0.1%,-0.5%,false,false
,Italian 10-y Bond Auction,EUR,2013-03-27T06:13:00Z,High,,4.83|1.7,4.66|1.3,false,false
,Core CPI m/m,CAD,2013-03-27T08:30:00Z,High,0.3%,0.1%,0.8%,false,false
,CPI m/m,CAD,2013-03-27T08:30:00Z,None,0.6%,0.1%,1.2%,false,false
,Pending Home Sales m/m,USD,2013-03-27T10:00:00Z,High,-0.3%,3.8%,-0.4%,false,false
,Crude Oil Inventories,USD,2013-03-27T10:30:00Z,None,1.5M,-1.3M,3.3M,false,false
,FOMC Member Evans Speaks,USD,2013-03-27T11:00:00Z,None,,,,false,false
,FOMC Member Rosengren Speaks,USD,2013-03-27T11:30:00Z,None,,,,false,false
,Building Consents m/m,NZD,2013-03-27T17:45:00Z,None,,-0.2%,1.9%,false,false
,MI Inflation Gauge m/m,AUD,2013-03-27T19:30:00Z,None,,0.0%,0.2%,false,false
,Retail Sales y/y,JPY,2013-03-27T19:50:00Z,None,0.9%,-1.1%,-2.3%,false,false
,GfK Consumer Confidence,GBP,2013-03-27T20:01:00Z,None,-27,-26,-26,false,false
,Private Sector Credit m/m,AUD,2013-03-27T20:30:00Z,None,0.3%,0.2%,0.2%,false,false
,Bank Holiday,NZD,2013-03-28T00:00:00Z,None,,,,true,false
,Bank Holiday,AUD,2013-03-28T00:00:00Z,None,,,,true,false
,German Retail Sales m/m,EUR,2013-03-28T03:00:00Z,None,-0.5%,3.0%,0.4%,false,false
,Nationwide HPI m/m,GBP,2013-03-28T03:00:00Z,None,0.2%,0.2%,0.0%,false,false
,German Unemployment Change,EUR,2013-03-28T04:55:00Z,None,-2K,0K,13K,false,false
,Private Loans y/y,EUR,2013-03-28T05:00:00Z,None,-0.7%,-0.9%,-0.9%,false,false
,M3 Money Supply y/y,EUR,2013-03-28T05:00:00Z,None,3.2%,3.5%,3.1%,false,false
,Retail PMI,EUR,2013-03-28T05:10:00Z,None,,44.5,43.7,false,false
,Index of Services 3m/3m,GBP,2013-03-28T05:30:00Z,None,-0.2%,0.0%,-0.2%,false,false
,GDP m/m,CAD,2013-03-28T08:30:00Z,High,0.1%,-0.2%,0.2%,false,false
,RMPI m/m,CAD,2013-03-28T08:30:00Z,None,1.9%,3.8%,2.2%,false,false
,IPPI m/m,CAD,2013-03-28T08:30:00Z,None,0.6%,0.1%,1.4%,false,false
,Unemployment Claims,USD,2013-03-28T08:30:00Z,High,340K,341K,357K,false,false
,Final GDP q/q,USD,2013-03-28T08:30:00Z,None,0.5%,0.1%,0.4%,false,false
,Final GDP Price Index q/q,USD,2013-03-28T08:30:00Z,None,0.9%,0.9%,1.0%,false,false
,Chicago PMI,USD,2013-03-28T09:45:00Z,None,56.5,56.8,52.4,false,false
,Natural Gas Storage,USD,2013-03-28T10:30:00Z,None,-85B,-62B,-95B,false,false
,Final Manufacturing PMI,JPY,2013-03-28T19:15:00Z,None,,48.5,50.4,false,false
,Household Spending y/y,JPY,2013-03-28T19:30:00Z,None,0.4%,2.4%,0.8%,false,false
,Tokyo Core CPI y/y,JPY,2013-03-28T19:30:00Z,None,-0.6%,-0.6%,-0.5%,false,false
,National Core CPI y/y,JPY,2013-03-28T19:30:00Z,None,-0.4%,-0.2%,-0.3%,false,false
,Unemployment Rate,JPY,2013-03-28T19:30:00Z,None,4.2%,4.2%,4.3%,false,false
,Prelim Industrial Production m/m,JPY,2013-03-28T19:50:00Z,None,2.6%,0.3%,-0.1%,false,false
,Bank Holiday,GBP,2013-03-29T00:00:00Z,None,,,,true,false
,Bank Holiday,CHF,2013-03-29T00:00:00Z,None,,,,true,false
,German Bank Holiday,EUR,2013-03-29T00:00:00Z,None,,,,true,false
,Bank Holiday,CAD,2013-03-29T00:00:00Z,None,,,,true,false
,Housing Starts y/y,JPY,2013-03-29T01:00:00Z,None,-1.0%,5.0%,3.0%,false,false
,French Consumer Spending m/m,EUR,2013-03-29T03:45:00Z,None,0.3%,-0.9%,-0.2%,false,false
,Italian Prelim CPI m/m,EUR,2013-03-29T06:00:00Z,None,0.3%,0.1%,0.3%,false,false
,Core PCE Price Index m/m,USD,2013-03-29T08:30:00Z,None,0.1%,0.2%,0.1%,false,false
,Personal Spending m/m,USD,2013-03-29T08:30:00Z,None,0.6%,0.4%,0.7%,false,false
,Personal Income m/m,USD,2013-03-29T08:30:00Z,None,1.0%,-3.7%,1.1%,false,false
,Revised UoM Inflation Expectations,USD,2013-03-29T09:55:00Z,None,,3.3%,3.2%,false,false
,Revised UoM Consumer Sentiment,USD,2013-03-29T09:55:00Z,None,73.2,71.8,78.6,false,false
,Daylight Saving Time Shift,CHF,2013-03-30T21:00:00Z,None,,,,false,false
,Daylight Saving Time Shift,GBP,2013-03-30T21:00:00Z,None,,,,false,false
,Daylight Saving Time Shift,EUR,2013-03-30T21:00:00Z,None,,,,false,false
,Bank Holiday,NZD,2013-03-31T00:00:00Z,None,,,,true,false
,Bank Holiday,AUD,2013-03-31T00:00:00Z,None,,,,true,false
,Tankan Manufacturing Index,JPY,2013-03-31T19:50:00Z,None,-7,-12,-8,false,false
,Tankan Non-Manufacturing Index,JPY,2013-03-31T19:50:00Z,None,8,4,6,false,false
,Manufacturing PMI,CNY,2013-03-31T21:00:00Z,High,51.6,50.1,50.9,false,false
,RatingDog Manufacturing PMI,CNY,2013-03-31T21:45:00Z,None,51.7,51.7,51.6,false,false
,Bank Holiday,CHF,2013-04-01T00:00:00Z,None,,,,true,false
,French Bank Holiday,EUR,2013-04-01T00:00:00Z,None,,,,true,false
,Bank Holiday,GBP,2013-04-01T00:00:00Z,None,,,,true,false
,German Bank Holiday,EUR,2013-04-01T00:00:00Z,None,,,,true,false
,Italian Bank Holiday,EUR,2013-04-01T00:00:00Z,None,,,,true,false
,Final Manufacturing PMI,USD,2013-04-01T09:00:00Z,None,55.0,54.9,54.6,false,false
,ISM Manufacturing PMI,USD,2013-04-01T10:00:00Z,High,54.2,54.2,51.3,false,false
,Construction Spending m/m,USD,2013-04-01T10:00:00Z,None,1.1%,-2.1%,1.2%,false,false
,ISM Manufacturing Prices,USD,2013-04-01T10:00:00Z,None,60.1,61.5,54.5,false,false
,AIG Manufacturing Index,AUD,2013-04-01T18:30:00Z,None,,45.6,44.4,false,false
,Monetary Base y/y,JPY,2013-04-01T19:50:00Z,None,16.3%,15.0%,19.8%,false,false
,ANZ Commodity Prices m/m,NZD,2013-04-01T20:00:00Z,None,,1.1%,7.4%,false,false
,Average Cash Earnings y/y,JPY,2013-04-01T21:30:00Z,None,-0.1%,0.1%,-0.7%,false,false
,Cash Rate,AUD,2013-04-01T23:30:00Z,High,3.00%,3.00%,3.00%,false,false
,RBA Rate Statement,AUD,2013-04-01T23:30:00Z,High,,,,false,false
,10-y Bond Auction,JPY,2013-04-01T23:45:00Z,None,,0.64|2.8,0.55|3.2,false,false
,German Prelim CPI m/m,EUR,2013-04-02T00:00:00Z,None,0.4%,0.6%,0.5%,true,false
,Total Vehicle Sales,USD,2013-04-02T00:00:00Z,None,15.3M,15.4M,15.3M,true,false
,Commodity Prices y/y,AUD,2013-04-02T01:30:00Z,None,,-6.5%,-7.5%,false,false
,Spanish Unemployment Change,EUR,2013-04-02T03:00:00Z,None,30.2K,59.4K,-5.0K,false,false
,Spanish Manufacturing PMI,EUR,2013-04-02T03:15:00Z,None,46.2,46.8,44.2,false,false
,Manufacturing PMI,CHF,2013-04-02T03:30:00Z,None,50.5,50.8,48.3,false,false
,Italian Manufacturing PMI,EUR,2013-04-02T03:45:00Z,High,45.4,45.8,44.5,false,false
,French Final Manufacturing PMI,EUR,2013-04-02T03:50:00Z,None,43.9,43.9,44.0,false,false
,German Final Manufacturing PMI,EUR,2013-04-02T03:55:00Z,None,48.9,48.9,49.0,false,false
,Final Manufacturing PMI,EUR,2013-04-02T04:00:00Z,None,46.6,46.6,46.8,false,false
,Italian Monthly Unemployment Rate,EUR,2013-04-02T04:00:00Z,None,11.8%,11.7%,11.6%,false,false
,Final Manufacturing PMI,GBP,2013-04-02T04:30:00Z,High,48.9,47.9,48.3,false,false
,Net Lending to Individuals m/m,GBP,2013-04-02T04:30:00Z,None,0.9B,0.8B,1.5B,false,false
,M4 Money Supply m/m,GBP,2013-04-02T04:30:00Z,None,1.1%,0.9%,-0.5%,false,false
,Mortgage Approvals,GBP,2013-04-02T04:30:00Z,None,54K,54K,52K,false,false
,Unemployment Rate,EUR,2013-04-02T05:00:00Z,None,12.0%,12.0%,12.0%,false,false
,GDT Price Index,NZD,2013-04-02T09:30:00Z,None,,14.7%,11.2%,false,false
,Manufacturing PMI,CAD,2013-04-02T09:30:00Z,None,,51.7,49.3,false,false
,RCM/TIPP Economic Optimism,USD,2013-04-02T10:00:00Z,None,46.1,42.2,46.2,false,false
,Factory Orders m/m,USD,2013-04-02T10:00:00Z,None,3.1%,-1.0%,3.0%,false,false
,Gov Council Member Murray Speaks,CAD,2013-04-02T12:20:00Z,None,,,,false,false
,BRC Shop Price Index y/y,GBP,2013-04-02T19:01:00Z,None,,1.1%,1.4%,false,false
,FOMC Member Evans Speaks,USD,2013-04-02T19:30:00Z,None,,,,false,false
,HIA New Home Sales m/m,AUD,2013-04-02T20:00:00Z,None,,4.2%,-5.3%,false,false
,Goods Trade Balance,AUD,2013-04-02T20:30:00Z,High,-1.00B,-1.22B,-0.18B,false,false
,Non-Manufacturing PMI,CNY,2013-04-02T20:59:00Z,None,,54.5,55.6,false,false
,RatingDog Services PMI,CNY,2013-04-02T21:45:00Z,None,,52.1,54.3,false,false
,Bank Holiday,CNY,2013-04-03T00:00:00Z,None,,,,true,false
,Construction PMI,GBP,2013-04-03T04:30:00Z,High,47.7,46.8,47.2,false,false
,BOE Credit Conditions Survey,GBP,2013-04-03T04:30:00Z,None,,,,false,false
,Housing Equity Withdrawal q/q,GBP,2013-04-03T04:32:00Z,None,-7.4B,-7.9B,-8.6B,false,false
,CPI Flash Estimate y/y,EUR,2013-04-03T05:00:00Z,None,1.6%,1.8%,1.7%,false,false
,ADP Non-Farm Employment Change,USD,2013-04-03T08:15:00Z,High,203K,237K,158K,false,false
,ISM Services PMI,USD,2013-04-03T10:00:00Z,High,55.9,56.0,54.4,false,false
,Crude Oil Inventories,USD,2013-04-03T10:30:00Z,None,1.8M,3.3M,2.7M,false,false
,FOMC Member Bullard Speaks,USD,2013-04-03T17:00:00Z,None,,,,false,false
,AIG Services Index,AUD,2013-04-03T18:30:00Z,None,,48.5,49.6,false,false
,Building Approvals m/m,AUD,2013-04-03T20:30:00Z,High,2.4%,-2.0%,3.1%,false,false
,Retail Sales m/m,AUD,2013-04-03T20:30:00Z,High,0.3%,1.2%,1.3%,false,false
,Bank Holiday,CNY,2013-04-04T00:00:00Z,None,,,,true,false
,Monetary Policy Statement,JPY,2013-04-04T00:40:00Z,High,,,,false,false
,Overnight Call Rate,JPY,2013-04-04T00:40:00Z,High,<0.10%,<0.10%,<0.10%,false,false
,Spanish Services PMI,EUR,2013-04-04T03:15:00Z,None,44.3,44.7,45.3,false,false
,BOJ Press Conference,JPY,2013-04-04T03:34:00Z,High,,,,false,false
,Italian Services PMI,EUR,2013-04-04T03:45:00Z,None,43.4,43.6,45.5,false,false
,French Final Services PMI,EUR,2013-04-04T03:50:00Z,None,41.9,41.9,41.3,false,false
,German Final Services PMI,EUR,2013-04-04T03:55:00Z,None,51.6,51.6,50.9,false,false
,Final Services PMI,EUR,2013-04-04T04:00:00Z,None,46.5,46.5,46.4,false,false
,Final Services PMI,GBP,2013-04-04T04:30:00Z,High,51.4,51.8,52.4,false,false
,Spanish 10-y Bond Auction,EUR,2013-04-04T04:45:00Z,None,,4.90|1.9,4.48|2.1,false,false
,PPI m/m,EUR,2013-04-04T05:00:00Z,None,0.2%,0.4%,0.2%,false,false
,French 10-y Bond Auction,EUR,2013-04-04T05:02:00Z,None,,2.10|2.2,1.94|3.1,false,false
,Asset Purchase Facility,GBP,2013-04-04T07:00:00Z,High,375B,375B,375B,false,false
,Official Bank Rate,GBP,2013-04-04T07:00:00Z,High,0.50%,0.50%,0.50%,false,false
,Challenger Job Cuts y/y,USD,2013-04-04T07:30:00Z,None,,7.0%,30.0%,false,false
,Main Refinancing Rate,EUR,2013-04-04T07:45:00Z,High,0.75%,0.75%,0.75%,false,false
,ECB Press Conference,EUR,2013-04-04T08:30:00Z,High,,,,false,false
,Unemployment Claims,USD,2013-04-04T08:30:00Z,High,352K,357K,385K,false,false
,FOMC Member Evans Speaks,USD,2013-04-04T08:45:00Z,None,,,,false,false
,Fed Chairman Bernanke Speaks,USD,2013-04-04T10:30:00Z,High,,,,false,false
,Natural Gas Storage,USD,2013-04-04T10:30:00Z,None,-89B,-95B,-94B,false,false
,FOMC Member George Speaks,USD,2013-04-04T12:30:00Z,None,,,,false,false
,FOMC Member Yellen Speaks,USD,2013-04-04T17:00:00Z,None,,,,false,false
,BOJ Gov Kuroda Speaks,JPY,2013-04-04T21:00:00Z,High,,,,false,false
,Leading Indicators,JPY,2013-04-05T01:00:00Z,None,97.2%,95.0%,97.5%,false,false
,BOJ Monthly Report,JPY,2013-04-05T01:00:00Z,None,,,,false,false
,Lloyds HPI m/m,GBP,2013-04-05T03:00:00Z,None,0.2%,0.5%,0.2%,false,false
,Foreign Currency Reserves,CHF,2013-04-05T03:00:00Z,High,,430B,438B,false,false
,MPC Member Dale Speaks,GBP,2013-04-05T04:00:00Z,None,,,,false,false
,FPC Meeting Minutes,GBP,2013-04-05T04:30:00Z,None,,,,false,false
,Retail Sales m/m,EUR,2013-04-05T05:00:00Z,None,-0.3%,0.9%,-0.3%,false,false
,Final GDP q/q,EUR,2013-04-05T05:00:00Z,None,-0.6%,-0.6%,-0.6%,false,false
,German Factory Orders m/m,EUR,2013-04-05T06:00:00Z,None,1.2%,-1.6%,2.3%,false,false
,Employment Change,CAD,2013-04-05T08:30:00Z,High,6.8K,50.7K,-54.5K,false,false
,Trade Balance,CAD,2013-04-05T08:30:00Z,High,0.2B,-0.8B,-1.0B,false,false
,Unemployment Rate,CAD,2013-04-05T08:30:00Z,High,7.1%,7.0%,7.2%,false,false
,Non-Farm Employment Change,USD,2013-04-05T08:30:00Z,High,198K,268K,88K,false,false
,Trade Balance,USD,2013-04-05T08:30:00Z,High,-44.8B,-44.5B,-43.0B,false,false
,Unemployment Rate,USD,2013-04-05T08:30:00Z,High,7.7%,7.7%,7.6%,false,false
,Average Hourly Earnings m/m,USD,2013-04-05T08:30:00Z,None,0.2%,0.1%,0.0%,false,false
,Ivey PMI,CAD,2013-04-05T10:00:00Z,High,52.4,51.1,61.6,false,false
,Consumer Credit m/m,USD,2013-04-05T15:00:00Z,None,15.5B,12.7B,18.1B,false,false
,Daylight Saving Time Shift,NZD,2013-04-06T10:00:00Z,None,,,,false,false
,Daylight Saving Time Shift,AUD,2013-04-06T12:00:00Z,None,,,,false,false
,AIG Construction Index,AUD,2013-04-07T19:30:00Z,None,,45.6,39.0,false,false
,Current Account,JPY,2013-04-07T19:50:00Z,High,0.46T,0.36T,0.00T,false,false
,ANZ Job Advertisements m/m,AUD,2013-04-07T21:30:00Z,None,,3.0%,-1.5%,false,false
,Economy Watchers Sentiment,JPY,2013-04-08T01:00:00Z,None,56.3,53.2,57.3,false,false
,Sentix Investor Confidence,EUR,2013-04-08T04:30:00Z,None,-12.6,-10.6,-17.3,false,false
,German Industrial Production m/m,EUR,2013-04-08T06:00:00Z,None,0.4%,-0.6%,0.5%,false,false
,BOC Business Outlook Survey,CAD,2013-04-08T10:30:00Z,None,,,,false,false
,NZIER Business Confidence,NZD,2013-04-08T18:00:00Z,High,,20,23,false,false
,BRC Retail Sales Monitor y/y,GBP,2013-04-08T19:00:00Z,None,,2.7%,1.9%,false,false
,RICS House Price Balance,GBP,2013-04-08T19:01:00Z,None,-5%,-7%,-1%,false,false
,Fed Chairman Bernanke Speaks,USD,2013-04-08T19:15:00Z,High,,,,false,false
,Monetary Policy Meeting Minutes,JPY,2013-04-08T19:50:00Z,None,,,,false,false
,NAB Business Confidence,AUD,2013-04-08T21:30:00Z,None,,1,2,false,false
,CPI y/y,CNY,2013-04-08T21:41:00Z,High,2.5%,3.2%,2.1%,false,false
,PPI y/y,CNY,2013-04-08T21:41:00Z,None,-1.8%,-1.6%,-1.9%,false,false
,Unemployment Rate,CHF,2013-04-09T01:45:00Z,None,3.1%,3.1%,3.1%,false,false
,German Trade Balance,EUR,2013-04-09T02:00:00Z,None,16.2B,15.6B,17.1B,false,false
,Prelim Machine Tool Orders y/y,JPY,2013-04-09T02:00:00Z,None,,-21.5%,-21.6%,false,false
,French Gov Budget Balance,EUR,2013-04-09T02:45:00Z,None,,-12.8B,-27.1B,false,false
,French Trade Balance,EUR,2013-04-09T02:45:00Z,None,-5.3B,-5.7B,-6.0B,false,false
,CPI m/m,CHF,2013-04-09T03:15:00Z,High,0.3%,0.3%,0.2%,false,false
,Retail Sales y/y,CHF,2013-04-09T03:15:00Z,None,2.9%,2.0%,2.4%,false,false
,Manufacturing Production m/m,GBP,2013-04-09T04:30:00Z,High,0.4%,-1.9%,0.8%,false,false
,Goods Trade Balance,GBP,2013-04-09T04:30:00Z,None,-8.7B,-8.2B,-9.4B,false,false
,Industrial Production m/m,GBP,2013-04-09T04:30:00Z,None,0.4%,-1.3%,1.0%,false,false
,10-y Bond Auction,GBP,2013-04-09T05:35:00Z,None,,2.15|2.3,1.73|1.7,false,false
,NFIB Small Business Index,USD,2013-04-09T07:30:00Z,None,92.3,90.8,89.5,false,false
,Housing Starts,CAD,2013-04-09T08:13:00Z,None,176K,178K,184K,false,false
,Building Permits m/m,CAD,2013-04-09T08:30:00Z,High,3.7%,1.8%,1.7%,false,false
,NIESR GDP Estimate,GBP,2013-04-09T10:00:00Z,None,,0.1%,0.1%,false,false
,JOLTS Job Openings,USD,2013-04-09T10:00:00Z,None,3.74M,3.61M,3.93M,false,false
,Final Wholesale Inventories m/m,USD,2013-04-09T10:00:00Z,None,0.5%,0.8%,-0.3%,false,false
,Bank Lending y/y,JPY,2013-04-09T19:50:00Z,None,,1.5%,1.6%,false,false
,Westpac Consumer Sentiment,AUD,2013-04-09T20:30:00Z,None,,2.0%,-5.1%,false,false
,USD-Denominated Trade Balance,CNY,2013-04-09T22:00:00Z,High,15.2B,15.3B,-0.9B,false,false
,French Industrial Production m/m,EUR,2013-04-10T02:45:00Z,None,0.6%,-0.8%,0.7%,false,false
,Italian Industrial Production m/m,EUR,2013-04-10T04:00:00Z,None,-0.4%,1.0%,-0.8%,false,false
,FOMC Meeting Minutes,USD,2013-04-10T09:00:00Z,High,,,,false,false
,Crude Oil Inventories,USD,2013-04-10T10:30:00Z,None,1.6M,2.7M,0.3M,false,false
,10-y Bond Auction,USD,2013-04-10T13:00:00Z,None,,2.03|3.2,1.80|2.8,false,false
,Federal Budget Balance,USD,2013-04-10T15:50:00Z,None,-110.3B,-203.5B,-106.5B,false,false
,BusinessNZ Manufacturing Index,NZD,2013-04-10T18:34:00Z,None,,56.0,53.4,false,false
,Core Machinery Orders m/m,JPY,2013-04-10T19:50:00Z,None,6.9%,-13.1%,7.5%,false,false
,M2 Money Stock y/y,JPY,2013-04-10T19:50:00Z,None,2.9%,2.9%,3.0%,false,false
,PPI y/y,JPY,2013-04-10T19:50:00Z,None,-0.4%,-0.1%,-0.5%,false,false
,MI Inflation Expectations,AUD,2013-04-10T21:00:00Z,None,,2.3%,2.2%,false,false
,New Loans,CNY,2013-04-10T21:01:00Z,None,890B,620B,1060B,false,false
,M2 Money Supply y/y,CNY,2013-04-10T21:01:00Z,None,14.8%,15.2%,15.7%,false,false
,Unemployment Rate,AUD,2013-04-10T21:30:00Z,High,5.4%,5.4%,5.6%,false,false
,Employment Change,AUD,2013-04-10T21:30:00Z,High,-6.7K,74.0K,-36.1K,false,false
,REINZ HPI m/m,NZD,2013-04-10T22:30:00Z,None,,1.6%,2.4%,false,false
,30-y Bond Auction,JPY,2013-04-10T23:45:00Z,None,,1.82|3.3,1.49|3.6,false,false
,German Final CPI m/m,EUR,2013-04-11T02:00:00Z,None,0.5%,0.5%,0.5%,false,false
,French Final CPI m/m,EUR,2013-04-11T02:45:00Z,None,0.7%,0.3%,0.8%,false,false
,ECB Monthly Bulletin,EUR,2013-04-11T04:00:00Z,None,,,,false,false
,NHPI m/m,CAD,2013-04-11T08:30:00Z,None,0.1%,0.1%,0.2%,false,false
,Unemployment Claims,USD,2013-04-11T08:30:00Z,High,362K,388K,346K,false,false
,FOMC Member Bullard Speaks,USD,2013-04-11T08:30:00Z,None,,,,false,false
,Import Prices m/m,USD,2013-04-11T08:30:00Z,None,-0.4%,0.6%,-0.5%,false,false
,MPC Member Tucker Speaks,GBP,2013-04-11T09:00:00Z,None,,,,false,false
,Treasury Sec Lew Speaks,USD,2013-04-11T10:00:00Z,None,,,,false,false
,Natural Gas Storage,USD,2013-04-11T10:30:00Z,None,-12B,-94B,-14B,false,false
,30-y Bond Auction,USD,2013-04-11T13:00:00Z,None,,3.25|2.4,3.00|2.5,false,false
,Treasury Sec Lew Speaks,USD,2013-04-11T14:30:00Z,None,,,,false,false
,FPI m/m,NZD,2013-04-11T18:45:00Z,None,,-0.3%,-1.3%,false,false
,Tertiary Industry Activity m/m,JPY,2013-04-11T19:50:00Z,None,0.8%,-1.5%,1.1%,false,false
,BOJ Gov Kuroda Speaks,JPY,2013-04-11T23:10:00Z,High,,,,false,false
,ECOFIN Meetings,EUR,2013-04-12T00:00:00Z,None,,,,false,false
,Eurogroup Meetings,EUR,2013-04-12T00:00:00Z,None,,,,true,false
,German WPI m/m,EUR,2013-04-12T02:00:00Z,None,0.3%,0.1%,-0.2%,false,false
,Industrial Production m/m,EUR,2013-04-12T05:00:00Z,None,0.3%,-0.6%,0.4%,false,false
,CB Leading Index m/m,GBP,2013-04-12T05:00:00Z,None,,0.2%,0.4%,false,false
,Core Retail Sales m/m,USD,2013-04-12T08:30:00Z,High,-0.1%,1.0%,-0.4%,false,false
,PPI m/m,USD,2013-04-12T08:30:00Z,High,-0.2%,0.7%,-0.6%,false,false
,Retail Sales m/m,USD,2013-04-12T08:30:00Z,High,0.0%,1.0%,-0.4%,false,false
,Core PPI m/m,USD,2013-04-12T08:30:00Z,None,0.2%,0.2%,0.2%,false,false
,FOMC Member Rosengren Speaks,USD,2013-04-12T08:45:00Z,None,,,,false,false
,Prelim UoM Consumer Sentiment,USD,2013-04-12T09:55:00Z,High,79.1,78.6,72.3,false,false
,Prelim UoM Inflation Expectations,USD,2013-04-12T09:55:00Z,None,,3.2%,3.0%,false,false
,Business Inventories m/m,USD,2013-04-12T10:00:00Z,None,0.4%,0.9%,0.1%,false,false
,Fed Chairman Bernanke Speaks,USD,2013-04-12T12:30:00Z,High,,,,false,false
,Treasury Currency Report,USD,2013-04-12T16:25:00Z,None,,,,false,false
,ECOFIN Meetings,EUR,2013-04-13T00:00:00Z,None,,,,false,false
,FOMC Member Evans Speaks,USD,2013-04-13T12:30:00Z,None,,,,false,false
,BusinessNZ Services Index,NZD,2013-04-14T18:30:00Z,None,,55.9,55.0,false,false
,Rightmove HPI m/m,GBP,2013-04-14T19:01:00Z,None,,1.7%,2.1%,false,false
,BOJ Gov Kuroda Speaks,JPY,2013-04-14T20:30:00Z,High,,,,false,false
,Home Loans m/m,AUD,2013-04-14T21:30:00Z,None,1.6%,-0.3%,2.0%,false,false
,GDP q/y,CNY,2013-04-14T22:00:00Z,High,8.0%,7.9%,7.7%,false,false
,Fixed Asset Investment ytd/y,CNY,2013-04-14T22:00:00Z,None,21.3%,21.2%,20.9%,false,false
,Industrial Production y/y,CNY,2013-04-14T22:00:00Z,None,10.1%,9.9%,8.9%,false,false
,NBS Press Conference,CNY,2013-04-14T22:00:00Z,None,,,,false,false
,Retail Sales y/y,CNY,2013-04-14T22:00:00Z,None,12.5%,12.3%,12.6%,false,false
,Revised Industrial Production m/m,JPY,2013-04-15T00:30:00Z,None,-0.1%,-0.1%,0.6%,false,false
,BOJ Gov Kuroda Speaks,JPY,2013-04-15T02:15:00Z,High,,,,false,false
,Trade Balance,EUR,2013-04-15T05:00:00Z,None,9.9B,8.7B,12.0B,false,false
,Empire State Manufacturing Index,USD,2013-04-15T08:30:00Z,None,7.2,9.2,3.1,false,false
,ECB President Draghi Speaks,EUR,2013-04-15T09:00:00Z,High,,,,false,false
,TIC Long-Term Purchases,USD,2013-04-15T09:00:00Z,None,41.3B,25.7B,-17.8B,false,false
,NAHB Housing Market Index,USD,2013-04-15T10:00:00Z,None,45,44,42,false,false
,President Obama Speaks,USD,2013-04-15T18:10:00Z,None,,,,false,false
,Monetary Policy Meeting Minutes,AUD,2013-04-15T21:30:00Z,High,,,,false,false
,New Motor Vehicle Sales m/m,AUD,2013-04-15T21:30:00Z,None,,-0.1%,-0.6%,false,false
,RBA Deputy Gov Debelle Speaks,AUD,2013-04-15T22:55:00Z,None,,,,false,false
,PPI m/m,CHF,2013-04-16T03:15:00Z,None,0.0%,0.1%,0.0%,false,false
,Italian Trade Balance,EUR,2013-04-16T04:00:00Z,None,-1.41B,-1.61B,1.09B,false,false
,CPI y/y,GBP,2013-04-16T04:30:00Z,High,2.8%,2.8%,2.8%,false,false
,PPI Input m/m,GBP,2013-04-16T04:30:00Z,None,-0.3%,2.8%,-0.1%,false,false
,RPI y/y,GBP,2013-04-16T04:30:00Z,None,3.3%,3.2%,3.3%,false,false
,Core CPI y/y,GBP,2013-04-16T04:30:00Z,None,2.3%,2.3%,2.4%,false,false
,ONS HPI y/y,GBP,2013-04-16T04:30:00Z,None,2.8%,2.2%,1.9%,false,false
,PPI Output m/m,GBP,2013-04-16T04:30:00Z,None,0.3%,0.8%,0.3%,false,false
,German ZEW Economic Sentiment,EUR,2013-04-16T05:00:00Z,High,41.5,48.5,36.3,false,false
,Final Core CPI y/y,EUR,2013-04-16T05:00:00Z,None,1.4%,1.3%,1.5%,false,false
,Final CPI y/y,EUR,2013-04-16T05:00:00Z,None,1.7%,1.7%,1.7%,false,false
,ZEW Economic Sentiment,EUR,2013-04-16T05:00:00Z,None,31.5,33.4,24.9,false,false
,FOMC Member Dudley Speaks,USD,2013-04-16T08:00:00Z,None,,,,false,false
,Manufacturing Sales m/m,CAD,2013-04-16T08:30:00Z,High,0.6%,-0.6%,2.6%,false,false
,Foreign Securities Purchases,CAD,2013-04-16T08:30:00Z,None,7.28B,14.32B,-6.31B,false,false
,Building Permits,USD,2013-04-16T08:30:00Z,High,0.94M,0.94M,0.90M,false,false
,Core CPI m/m,USD,2013-04-16T08:30:00Z,High,0.2%,0.2%,0.1%,false,false
,Core CPI y/y,USD,2013-04-16T08:30:00Z,High,1.9%,2.0%,1.9%,false,false
,CPI y/y,USD,2013-04-16T08:30:00Z,High,1.7%,2.0%,1.5%,false,false
,CPI m/m,USD,2013-04-16T08:30:00Z,None,0.0%,0.7%,-0.2%,false,false
,Housing Starts,USD,2013-04-16T08:30:00Z,None,0.93M,0.97M,1.04M,false,false
,ECB President Draghi Speaks,EUR,2013-04-16T09:00:00Z,High,,,,false,false
,Capacity Utilization Rate,USD,2013-04-16T09:15:00Z,None,78.4%,79.6%,78.5%,false,false
,Industrial Production m/m,USD,2013-04-16T09:15:00Z,None,0.3%,0.7%,0.4%,false,false
,Treasury Sec Lew Speaks,USD,2013-04-16T10:00:00Z,None,,,,false,false
,GDT Price Index,NZD,2013-04-16T10:30:00Z,None,,11.2%,1.6%,false,false
,FOMC Member Duke Speaks,USD,2013-04-16T12:00:00Z,None,,,,false,false
,Gov Board Member Danthine Speaks,CHF,2013-04-16T12:30:00Z,None,,,,false,false
,FOMC Member Yellen Speaks,USD,2013-04-16T15:00:00Z,None,,,,false,false
,Treasury Sec Lew Speaks,USD,2013-04-16T15:00:00Z,None,,,,false,false
,CPI q/q,NZD,2013-04-16T18:45:00Z,High,0.4%,-0.2%,0.4%,false,false
,MI Leading Index m/m,AUD,2013-04-16T20:30:00Z,None,,0.4%,0.6%,false,false
,Consumer Confidence,JPY,2013-04-17T01:00:00Z,None,46.7,44.3,44.8,false,false
,Claimant Count Change,GBP,2013-04-17T04:30:00Z,High,0.0K,-5.3K,-7.0K,false,false
,MPC Asset Purchase Facility Votes,GBP,2013-04-17T04:30:00Z,High,3-0-6,3-0-6,3-0-6,false,false
,MPC Official Bank Rate Votes,GBP,2013-04-17T04:30:00Z,High,0-0-9,0-0-9,0-0-9,false,false
,Unemployment Rate,GBP,2013-04-17T04:30:00Z,None,7.8%,7.8%,7.9%,false,false
,Average Earnings Index 3m/y,GBP,2013-04-17T04:30:00Z,None,1.4%,1.2%,0.8%,false,false
,UBS Economic Expectations,CHF,2013-04-17T05:00:00Z,None,,2.3,20.0,false,false
,German 10-y Bond Auction,EUR,2013-04-17T05:33:00Z,None,,1.36|1.6,1.28|1.6,false,false
,FOMC Member Bullard Speaks,USD,2013-04-17T09:30:00Z,None,,,,false,false
,BOC Monetary Policy Report,CAD,2013-04-17T10:00:00Z,High,,,,false,false
,BOC Rate Statement,CAD,2013-04-17T10:00:00Z,High,,,,false,false
,Overnight Rate,CAD,2013-04-17T10:00:00Z,High,1.00%,1.00%,1.00%,false,false
,Crude Oil Inventories,USD,2013-04-17T10:30:00Z,None,1.2M,0.3M,-1.2M,false,false
,BOC Press Conference,CAD,2013-04-17T11:15:00Z,High,,,,false,false
,FOMC Member Rosengren Speaks,USD,2013-04-17T12:00:00Z,None,,,,false,false
,Beige Book,USD,2013-04-17T14:00:00Z,None,,,,false,false
,Treasury Sec Lew Speaks,USD,2013-04-17T16:00:00Z,None,,,,false,false
,Trade Balance,JPY,2013-04-17T19:50:00Z,None,-0.92T,-1.09T,-0.92T,false,false
,NAB Quarterly Business Confidence,AUD,2013-04-17T21:30:00Z,None,,-5,2,false,false
,Foreign Direct Investment ytd/y,CNY,2013-04-17T22:00:00Z,None,,-1.4%,1.4%,false,false
,G20 Meetings,All,2013-04-18T00:00:00Z,High,,,,false,false
,Retail Sales m/m,GBP,2013-04-18T04:30:00Z,High,-0.7%,2.1%,-0.7%,false,false
,Spanish 10-y Bond Auction,EUR,2013-04-18T04:44:00Z,None,,4.48|2.1,4.61|2.6,false,false
,Gov Board Member Zurbrugg Speaks,CHF,2013-04-18T05:00:00Z,None,,,,false,false
,30-y Bond Auction,GBP,2013-04-18T05:35:00Z,None,,2.95|1.5,3.12|1.7,false,false
,Unemployment Claims,USD,2013-04-18T08:30:00Z,High,349K,348K,352K,false,false
,Philly Fed Manufacturing Index,USD,2013-04-18T10:00:00Z,High,2.7,2.0,1.3,false,false
,CB Leading Index m/m,USD,2013-04-18T10:00:00Z,None,0.1%,0.5%,-0.1%,false,false
,Natural Gas Storage,USD,2013-04-18T10:30:00Z,None,35B,-14B,31B,false,false
,BOC Gov Carney Speaks,CAD,2013-04-18T11:00:00Z,None,,,,false,false
,FOMC Member Raskin Speaks,USD,2013-04-18T15:15:00Z,None,,,,false,false
,CB Leading Index m/m,CNY,2013-04-18T22:00:00Z,None,,1.2%,0.0%,false,false
,IMF Meetings,All,2013-04-19T00:00:00Z,None,,,,false,false
,G20 Meetings,All,2013-04-19T00:00:00Z,High,,,,false,false
,All Industries Activity m/m,JPY,2013-04-19T00:30:00Z,None,-0.6%,-1.6%,0.6%,false,false
,German PPI m/m,EUR,2013-04-19T02:00:00Z,None,0.1%,-0.1%,-0.2%,false,false
,Current Account,EUR,2013-04-19T04:00:00Z,None,14.9B,13.8B,16.3B,false,false
,German Buba President Weidmann Speaks,EUR,2013-04-19T06:30:00Z,High,,,,false,false
,Core CPI m/m,CAD,2013-04-19T08:30:00Z,High,0.2%,0.8%,0.2%,false,false
,CPI m/m,CAD,2013-04-19T08:30:00Z,None,0.3%,1.2%,0.2%,false,false
,Wholesale Sales m/m,CAD,2013-04-19T08:30:00Z,None,0.4%,0.5%,0.0%,false,false
,FOMC Member Stein Speaks,USD,2013-04-19T12:00:00Z,None,,,,false,false
,IMF Meetings,All,2013-04-20T00:00:00Z,None,,,,false,false
,SNB Chairman Jordan Speaks,CHF,2013-04-20T18:40:00Z,High,,,,false,false
,IMF Meetings,All,2013-04-21T00:00:00Z,None,,,,false,false
,German Buba President Weidmann Speaks,EUR,2013-04-21T13:30:00Z,High,,,,false,false
,Visitor Arrivals m/m,NZD,2013-04-21T18:45:00Z,None,,4.6%,1.0%,false,false
,Credit Card Spending y/y,NZD,2013-04-21T23:00:00Z,None,,4.7%,3.6%,false,false
,German Buba Monthly Report,EUR,2013-04-22T06:00:00Z,None,,,,false,false
,FOMC Member Dudley Speaks,USD,2013-04-22T08:30:00Z,None,,,,false,false
,Consumer Confidence,EUR,2013-04-22T10:00:00Z,None,-24,-24,-22,false,false
,Existing Home Sales,USD,2013-04-22T10:00:00Z,High,5.02M,4.95M,4.92M,false,false
,MPC Member Tucker Speaks,GBP,2013-04-22T14:30:00Z,None,,,,false,false
,CB Leading Index m/m,AUD,2013-04-22T20:00:00Z,None,,0.2%,0.3%,false,false
,Caixin Flash Manufacturing PMI,CNY,2013-04-22T21:45:00Z,High,51.4,51.6,50.5,false,false
,Trade Balance,CHF,2013-04-23T02:00:00Z,None,1.73B,2.00B,1.90B,false,false
,French Flash Services PMI,EUR,2013-04-23T03:00:00Z,None,42.3,41.3,44.1,false,false
,French Flash Manufacturing PMI,EUR,2013-04-23T03:00:00Z,High,44.2,44.0,44.4,false,false
,German Flash Manufacturing PMI,EUR,2013-04-23T03:30:00Z,High,49.0,49.0,47.9,false,false
,German Flash Services PMI,EUR,2013-04-23T03:30:00Z,None,51.1,50.9,49.2,false,false
,Flash Manufacturing PMI,EUR,2013-04-23T04:00:00Z,None,46.8,46.8,46.5,false,false
,Flash Services PMI,EUR,2013-04-23T04:00:00Z,None,46.7,46.4,46.6,false,false
,Public Sector Net Borrowing,GBP,2013-04-23T04:30:00Z,None,14.3B,7.2B,16.7B,false,false
,CBI Industrial Order Expectations,GBP,2013-04-23T06:00:00Z,None,-14,-15,-25,false,false
,MPC Member McCafferty Speaks,GBP,2013-04-23T07:00:00Z,None,,,,false,false
,Core Retail Sales m/m,CAD,2013-04-23T08:30:00Z,High,0.5%,0.4%,0.7%,false,false
,Retail Sales m/m,CAD,2013-04-23T08:30:00Z,None,0.3%,0.9%,0.8%,false,false
,BOC Gov Carney Speaks,CAD,2013-04-23T08:45:00Z,High,,,,false,false
,Flash Manufacturing PMI,USD,2013-04-23T09:00:00Z,None,53.8,54.6,52.0,false,false
,HPI m/m,USD,2013-04-23T09:00:00Z,None,0.7%,0.6%,0.7%,false,false
,New Home Sales,USD,2013-04-23T10:00:00Z,High,416K,411K,417K,false,false
,Richmond Manufacturing Index,USD,2013-04-23T10:00:00Z,None,3,3,-6,false,false
,Official Cash Rate,NZD,2013-04-23T17:00:00Z,High,2.50%,2.50%,2.50%,false,false
,RBNZ Rate Statement,NZD,2013-04-23T17:00:00Z,High,,,,false,false
,SPPI y/y,JPY,2013-04-23T19:50:00Z,None,-0.4%,0.0%,-0.2%,false,false
,CPI m/m,AUD,2013-04-23T21:30:00Z,High,0.7%,0.2%,0.4%,false,false
,Trimmed Mean CPI m/m,AUD,2013-04-23T21:30:00Z,None,0.5%,0.6%,0.3%,false,false
,RBA Deputy Gov Lowe Speaks,AUD,2013-04-23T23:30:00Z,None,,,,false,false
,Bank Holiday,AUD,2013-04-24T00:00:00Z,None,,,,true,false
,Bank Holiday,NZD,2013-04-24T00:00:00Z,None,,,,true,false
,UBS Consumption Indicator,CHF,2013-04-24T02:00:00Z,None,,1.24,1.25,false,false
,German ifo Business Climate,EUR,2013-04-24T04:00:00Z,High,106.4,106.7,104.4,false,false
,Italian Retail Sales m/m,EUR,2013-04-24T04:00:00Z,None,0.4%,-0.4%,-0.2%,false,false
,High Street Lending,GBP,2013-04-24T04:30:00Z,None,31.2K,30.6K,31.2K,false,false
,German 30-y Bond Auction,EUR,2013-04-24T05:33:00Z,None,,2.45|1.8,2.16|1.5,false,false
,CBI Realized Sales,GBP,2013-04-24T06:00:00Z,None,7,0,-1,false,false
,Core Durable Goods Orders m/m,USD,2013-04-24T08:30:00Z,High,0.5%,-0.7%,-1.4%,false,false
,Durable Goods Orders m/m,USD,2013-04-24T08:30:00Z,None,-2.9%,5.6%,-5.7%,false,false
,Belgian NBB Business Climate,EUR,2013-04-24T09:00:00Z,None,-14.3,-15.0,-14.7,false,false
,Treasury Sec Lew Speaks,USD,2013-04-24T09:30:00Z,None,,,,false,false
,Crude Oil Inventories,USD,2013-04-24T10:30:00Z,None,1.8M,-1.2M,0.9M,false,false
,BOC Gov Carney Speaks,CAD,2013-04-24T16:15:00Z,High,,,,false,false
,Italian Bank Holiday,EUR,2013-04-25T00:00:00Z,None,,,,true,false
,Spanish Unemployment Rate,EUR,2013-04-25T03:00:00Z,None,26.5%,26.0%,27.2%,false,false
,Prelim GDP q/q,GBP,2013-04-25T04:30:00Z,High,0.1%,-0.3%,0.3%,false,false
,Index of Services 3m/3m,GBP,2013-04-25T04:30:00Z,None,0.0%,-0.3%,0.1%,false,false
,Unemployment Claims,USD,2013-04-25T08:30:00Z,High,352K,355K,339K,false,false
,Treasury Sec Lew Speaks,USD,2013-04-25T10:00:00Z,None,,,,false,false
,Natural Gas Storage,USD,2013-04-25T10:30:00Z,None,33B,31B,30B,false,false
,Trade Balance,NZD,2013-04-25T18:45:00Z,High,472M,441M,718M,false,false
,Tokyo Core CPI y/y,JPY,2013-04-25T19:30:00Z,None,-0.4%,-0.5%,-0.3%,false,false
,National Core CPI y/y,JPY,2013-04-25T19:30:00Z,None,-0.4%,-0.3%,-0.5%,false,false
,Monetary Policy Statement,JPY,2013-04-26T00:35:00Z,High,,,,false,false
,BOJ Outlook Report,JPY,2013-04-26T02:00:00Z,None,,,,false,false
,German Import Prices m/m,EUR,2013-04-26T02:00:00Z,None,0.0%,0.3%,-0.1%,false,false
,KOF Economic Barometer,CHF,2013-04-26T03:00:00Z,None,0.98,1.00,1.02,false,false
,BOJ Press Conference,JPY,2013-04-26T03:40:00Z,High,,,,false,false
,SNB Chairman Jordan Speaks,CHF,2013-04-26T04:00:00Z,High,,,,false,false
,M3 Money Supply y/y,EUR,2013-04-26T04:00:00Z,None,3.0%,3.1%,2.6%,false,false
,Private Loans y/y,EUR,2013-04-26T04:00:00Z,None,-0.8%,-0.8%,-0.8%,false,false
,Advance GDP q/q,USD,2013-04-26T08:30:00Z,High,3.1%,0.4%,2.5%,false,false
,Advance GDP Price Index q/q,USD,2013-04-26T08:30:00Z,None,1.3%,1.0%,1.2%,false,false
,Revised UoM Consumer Sentiment,USD,2013-04-26T09:55:00Z,None,73.3,72.3,76.4,false,false
,Revised UoM Inflation Expectations,USD,2013-04-26T09:55:00Z,None,,3.0%,3.1%,false,false
,Bank Holiday,CNY,2013-04-28T00:00:00Z,None,,,,true,false
,Bank Holiday,JPY,2013-04-28T00:00:00Z,None,,,,true,false
,Bank Holiday,CNY,2013-04-29T00:00:00Z,None,,,,true,false
,German Prelim CPI m/m,EUR,2013-04-29T00:00:00Z,None,-0.2%,0.5%,-0.5%,true,false
,Spanish Flash CPI y/y,EUR,2013-04-29T03:00:00Z,None,2.0%,2.4%,1.4%,false,false
,Retail PMI,EUR,2013-04-29T04:10:00Z,None,,43.7,44.2,false,false
,Italian 10-y Bond Auction,EUR,2013-04-29T05:12:00Z,High,,4.66|1.3,3.94|1.4,false,false
,Core PCE Price Index m/m,USD,2013-04-29T08:30:00Z,None,0.1%,0.1%,0.0%,false,false
,Personal Spending m/m,USD,2013-04-29T08:30:00Z,None,0.2%,0.7%,0.2%,false,false
,Personal Income m/m,USD,2013-04-29T08:30:00Z,None,0.4%,1.1%,0.2%,false,false
,Pending Home Sales m/m,USD,2013-04-29T10:00:00Z,High,1.1%,-1.0%,1.5%,false,false
,Building Consents m/m,NZD,2013-04-29T18:45:00Z,None,,4.4%,-9.1%,false,false
,GfK Consumer Confidence,GBP,2013-04-29T19:01:00Z,None,-26,-26,-27,false,false
,Final Manufacturing PMI,JPY,2013-04-29T19:15:00Z,None,,50.4,51.1,false,false
,Household Spending y/y,JPY,2013-04-29T19:30:00Z,None,1.8%,0.8%,5.2%,false,false
,Unemployment Rate,JPY,2013-04-29T19:30:00Z,None,4.2%,4.3%,4.1%,false,false
,Retail Sales y/y,JPY,2013-04-29T19:50:00Z,None,0.5%,-2.2%,-0.3%,false,false
,Prelim Industrial Production m/m,JPY,2013-04-29T19:50:00Z,None,0.4%,0.6%,0.2%,false,false
,ANZ Business Confidence,NZD,2013-04-29T21:00:00Z,High,,34.6,32.3,false,false
,Private Sector Credit m/m,AUD,2013-04-29T21:30:00Z,None,0.3%,0.2%,0.2%,false,false
,Bank Holiday,CNY,2013-04-30T00:00:00Z,None,,,,true,false
,Housing Starts y/y,JPY,2013-04-30T01:00:00Z,None,5.7%,3.0%,7.3%,false,false
,German GfK Consumer Climate,EUR,2013-04-30T02:00:00Z,None,5.9,6.0,6.2,false,false
,German Retail Sales m/m,EUR,2013-04-30T02:00:00Z,None,-0.2%,-0.6%,-0.3%,false,false
,French Consumer Spending m/m,EUR,2013-04-30T02:45:00Z,None,0.2%,-0.2%,1.3%,false,false
,Spanish Flash GDP q/q,EUR,2013-04-30T03:00:00Z,None,-0.5%,-0.8%,-0.5%,false,false
,German Unemployment Change,EUR,2013-04-30T03:55:00Z,None,2K,12K,4K,false,false
,Italian Monthly Unemployment Rate,EUR,2013-04-30T04:00:00Z,None,11.7%,11.5%,11.5%,false,false
,Net Lending to Individuals m/m,GBP,2013-04-30T04:30:00Z,None,0.9B,1.3B,0.9B,false,false
,M4 Money Supply m/m,GBP,2013-04-30T04:30:00Z,None,0.4%,-0.5%,-0.9%,false,false
,Mortgage Approvals,GBP,2013-04-30T04:30:00Z,None,53K,52K,54K,false,false
,CPI Flash Estimate y/y,EUR,2013-04-30T05:00:00Z,None,1.6%,1.7%,1.2%,false,false
,Unemployment Rate,EUR,2013-04-30T05:00:00Z,None,12.1%,12.0%,12.1%,false,false
,Core CPI Flash Estimate y/y,EUR,2013-04-30T05:00:00Z,None,,1.5%,1.0%,false,false
,Italian Prelim CPI m/m,EUR,2013-04-30T05:00:00Z,None,0.3%,0.2%,0.1%,false,false
,GDP m/m,CAD,2013-04-30T08:30:00Z,High,0.2%,0.3%,0.3%,false,false
,RMPI m/m,CAD,2013-04-30T08:30:00Z,None,0.5%,2.2%,-1.7%,false,false
,IPPI m/m,CAD,2013-04-30T08:30:00Z,None,0.1%,1.3%,0.1%,false,false
,Employment Cost Index q/q,USD,2013-04-30T08:30:00Z,None,0.5%,0.5%,0.3%,false,false
,S&P/CS Composite-20 HPI y/y,USD,2013-04-30T09:00:00Z,None,9.1%,8.1%,9.3%,false,false
,Chicago PMI,USD,2013-04-30T09:45:00Z,None,52.5,52.4,49.0,false,false
,CB Consumer Confidence,USD,2013-04-30T10:00:00Z,High,61.4,61.9,68.1,false,false
,AIG Manufacturing Index,AUD,2013-04-30T19:30:00Z,None,,44.4,36.7,false,false
,HIA New Home Sales m/m,AUD,2013-04-30T21:00:00Z,None,,-5.3%,4.2%,false,false
,Manufacturing PMI,CNY,2013-04-30T21:00:00Z,High,50.8,50.9,50.6,false,false
,Average Cash Earnings y/y,JPY,2013-04-30T21:30:00Z,None,-1.0%,-0.8%,-0.6%,false,false
,RBA Assist Gov Edey Speaks,AUD,2013-04-30T23:25:00Z,None,,,,false,false
,10-y Bond Auction,JPY,2013-04-30T23:45:00Z,None,,0.55|3.2,0.60|3.7,false,false
,Bank Holiday,CHF,2013-05-01T00:00:00Z,None,,,,true,false
,German Bank Holiday,EUR,2013-05-01T00:00:00Z,None,,,,true,false
,French Bank Holiday,EUR,2013-05-01T00:00:00Z,None,,,,true,false
,Italian Bank Holiday,EUR,2013-05-01T00:00:00Z,None,,,,true,false
,Total Vehicle Sales,USD,2013-05-01T00:00:00Z,None,15.2M,15.3M,14.9M,true,false
,Nationwide HPI m/m,GBP,2013-05-01T02:00:00Z,None,0.3%,0.0%,-0.1%,false,false
,Commodity Prices y/y,AUD,2013-05-01T02:30:00Z,None,,-7.5%,-6.5%,false,false
,Final Manufacturing PMI,GBP,2013-05-01T04:30:00Z,High,48.6,48.6,49.8,false,false
,ADP Non-Farm Employment Change,USD,2013-05-01T08:15:00Z,High,154K,131K,119K,false,false
,Final Manufacturing PMI,USD,2013-05-01T09:00:00Z,None,52.1,52.0,52.1,false,false
,Manufacturing PMI,CAD,2013-05-01T09:30:00Z,None,,49.3,50.1,false,false
,ISM Manufacturing PMI,USD,2013-05-01T10:00:00Z,High,51.0,51.3,50.7,false,false
,Construction Spending m/m,USD,2013-05-01T10:00:00Z,None,0.7%,1.5%,-1.7%,false,false
,ISM Manufacturing Prices,USD,2013-05-01T10:00:00Z,None,52.6,54.5,50.0,false,false
,GDT Price Index,NZD,2013-05-01T10:30:00Z,None,,1.6%,-8.6%,false,false
,Crude Oil Inventories,USD,2013-05-01T10:30:00Z,None,1.2M,0.9M,6.7M,false,false
,MPC Member Broadbent Speaks,GBP,2013-05-01T14:00:00Z,None,,,,false,false
,FOMC Statement,USD,2013-05-01T14:00:00Z,High,,,,false,false
,Federal Funds Rate,USD,2013-05-01T14:00:00Z,None,<0.25%,<0.25%,<0.25%,false,false
,BOC Gov Carney Speaks,CAD,2013-05-01T18:05:00Z,None,,,,false,false
,Monetary Policy Meeting Minutes,JPY,2013-05-01T19:50:00Z,High,,,,false,false
,Monetary Base y/y,JPY,2013-05-01T19:50:00Z,None,21.0%,19.8%,23.1%,false,false
,ANZ Commodity Prices m/m,NZD,2013-05-01T21:00:00Z,None,,7.4%,12.6%,false,false
,Building Approvals m/m,AUD,2013-05-01T21:30:00Z,High,1.2%,3.0%,-5.5%,false,false
,Import Prices q/q,AUD,2013-05-01T21:30:00Z,None,-0.5%,0.3%,0.0%,false,false
,RatingDog Manufacturing PMI,CNY,2013-05-01T21:45:00Z,None,50.6,50.5,50.4,false,false
,Bank Holiday,JPY,2013-05-02T00:00:00Z,None,,,,true,false
,Spanish Manufacturing PMI,EUR,2013-05-02T03:15:00Z,High,44.6,44.2,44.7,false,false
,Manufacturing PMI,CHF,2013-05-02T03:30:00Z,None,49.1,48.3,50.2,false,false
,Italian Manufacturing PMI,EUR,2013-05-02T03:45:00Z,None,44.9,44.5,45.5,false,false
,French Final Manufacturing PMI,EUR,2013-05-02T03:50:00Z,None,44.4,44.4,44.4,false,false
,German Final Manufacturing PMI,EUR,2013-05-02T03:55:00Z,None,47.9,47.9,48.1,false,false
,Final Manufacturing PMI,EUR,2013-05-02T04:00:00Z,None,46.5,46.5,46.7,false,false
,Construction PMI,GBP,2013-05-02T04:30:00Z,High,48.1,47.2,49.4,false,false
,French 10-y Bond Auction,EUR,2013-05-02T05:00:00Z,None,,1.94|3.1,1.81|2.0,false,false
,Challenger Job Cuts y/y,USD,2013-05-02T07:30:00Z,None,,30.0%,-6.0%,false,false
,Main Refinancing Rate,EUR,2013-05-02T07:45:00Z,High,0.50%,0.75%,0.50%,false,false
,Trade Balance,CAD,2013-05-02T08:30:00Z,High,-0.7B,-1.2B,0.0B,false,false
,ECB Press Conference,EUR,2013-05-02T08:30:00Z,High,,,,false,false
,Trade Balance,USD,2013-05-02T08:30:00Z,High,-42.1B,-43.6B,-38.8B,false,false
,Unemployment Claims,USD,2013-05-02T08:30:00Z,High,346K,342K,324K,false,false
,Prelim Nonfarm Productivity q/q,USD,2013-05-02T08:30:00Z,None,1.8%,-1.9%,0.7%,false,false
,Prelim Unit Labor Costs q/q,USD,2013-05-02T08:30:00Z,None,0.8%,4.6%,0.5%,false,false
,Natural Gas Storage,USD,2013-05-02T10:30:00Z,None,27B,30B,43B,false,false
,AIG Services Index,AUD,2013-05-02T19:30:00Z,None,,49.6,44.1,false,false
,Non-Manufacturing PMI,CNY,2013-05-02T21:00:00Z,None,,55.6,54.5,false,false
,PPI q/q,AUD,2013-05-02T21:30:00Z,High,0.2%,0.2%,0.3%,false,false
,Final Services PMI,GBP,2013-05-03T04:30:00Z,High,52.5,52.4,52.9,false,false
,PPI m/m,EUR,2013-05-03T05:00:00Z,None,-0.1%,0.2%,-0.2%,false,false
,EU Economic Forecasts,EUR,2013-05-03T05:00:00Z,None,,,,false,false
,Unemployment Rate,USD,2013-05-03T08:30:00Z,High,7.6%,7.6%,7.5%,false,false
,Non-Farm Employment Change,USD,2013-05-03T08:30:00Z,High,146K,138K,165K,false,false
,Average Hourly Earnings m/m,USD,2013-05-03T08:30:00Z,None,0.2%,0.0%,0.2%,false,false
,ISM Services PMI,USD,2013-05-03T10:00:00Z,High,54.1,54.4,53.1,false,false
,Factory Orders m/m,USD,2013-05-03T10:00:00Z,None,-2.8%,1.9%,-4.0%,false,false
,FOMC Member Tarullo Speaks,USD,2013-05-03T12:30:00Z,None,,,,false,false
,BOC Gov Carney Speaks,CAD,2013-05-03T13:05:00Z,None,,,,false,false
,Bank Holiday,JPY,2013-05-05T00:00:00Z,None,,,,true,false
,MI Inflation Gauge m/m,AUD,2013-05-05T20:30:00Z,None,,0.2%,0.3%,false,false
,ANZ Job Advertisements m/m,AUD,2013-05-05T21:30:00Z,None,,-0.5%,-1.3%,false,false
,Retail Sales m/m,AUD,2013-05-05T21:30:00Z,High,0.2%,1.3%,-0.4%,false,false
,RatingDog Services PMI,CNY,2013-05-05T21:45:00Z,None,,54.3,51.1,false,false
,Bank Holiday,GBP,2013-05-06T00:00:00Z,None,,,,true,false
,Spanish Unemployment Change,EUR,2013-05-06T03:00:00Z,None,17.1K,-5.0K,-46.1K,false,false
,Spanish Services PMI,EUR,2013-05-06T03:15:00Z,None,45.8,45.3,44.4,false,false
,Italian Services PMI,EUR,2013-05-06T03:45:00Z,None,46.3,45.5,47.0,false,false
,French Final Services PMI,EUR,2013-05-06T03:50:00Z,None,44.1,44.1,44.3,false,false
,German Final Services PMI,EUR,2013-05-06T03:55:00Z,None,49.2,49.2,49.6,false,false
,Final Services PMI,EUR,2013-05-06T04:00:00Z,None,46.6,46.6,47.0,false,false
,Sentix Investor Confidence,EUR,2013-05-06T04:30:00Z,None,-14.6,-17.3,-15.6,false,false
,Retail Sales m/m,EUR,2013-05-06T05:00:00Z,None,-0.1%,-0.2%,-0.1%,false,false
,Building Permits m/m,CAD,2013-05-06T08:30:00Z,High,0.7%,1.5%,8.6%,false,false
,ECB President Draghi Speaks,EUR,2013-05-06T09:00:00Z,High,,,,false,false
,Ivey PMI,CAD,2013-05-06T10:00:00Z,High,58.3,61.6,52.2,false,false
,Loan Officer Survey,USD,2013-05-06T14:00:00Z,None,,,,false,false
,Labor Cost Index q/q,NZD,2013-05-06T18:45:00Z,None,0.5%,0.5%,0.4%,false,false
,BRC Shop Price Index y/y,GBP,2013-05-06T19:00:00Z,None,,1.4%,0.4%,false,false
,AIG Construction Index,AUD,2013-05-06T19:28:00Z,None,,39.0,35.2,false,false
,Goods Trade Balance,AUD,2013-05-06T21:30:00Z,High,0.20B,-0.11B,0.31B,false,false
,HPI q/q,AUD,2013-05-06T21:30:00Z,None,1.9%,2.0%,0.1%,false,false
,Cash Rate,AUD,2013-05-07T00:30:00Z,High,3.00%,3.00%,2.75%,false,false
,RBA Rate Statement,AUD,2013-05-07T00:30:00Z,High,,,,false,false
,Unemployment Rate,CHF,2013-05-07T01:45:00Z,None,3.1%,3.1%,3.1%,false,false
,SECO Consumer Climate,CHF,2013-05-07T01:45:00Z,None,-3,-6,-5,false,false
,French Gov Budget Balance,EUR,2013-05-07T02:45:00Z,None,,-27.1B,-31.0B,false,false
,French Trade Balance,EUR,2013-05-07T02:45:00Z,None,-5.3B,-5.6B,-4.7B,false,false
,French Industrial Production m/m,EUR,2013-05-07T02:45:00Z,None,-0.2%,0.8%,-0.9%,false,false
,Foreign Currency Reserves,CHF,2013-05-07T03:00:00Z,High,,438B,437B,false,false
,German Factory Orders m/m,EUR,2013-05-07T06:00:00Z,None,-0.4%,2.2%,2.2%,false,false
,JOLTS Job Openings,USD,2013-05-07T10:00:00Z,None,3.79M,3.90M,3.84M,false,false
,RCM/TIPP Economic Optimism,USD,2013-05-07T10:00:00Z,None,47.1,46.2,45.1,false,false
,Consumer Credit m/m,USD,2013-05-07T15:00:00Z,None,16.2B,18.6B,8.0B,false,false
,Treasury Sec Lew Speaks,USD,2013-05-07T16:00:00Z,None,,,,false,false
,RBNZ Financial Stability Report,NZD,2013-05-07T17:00:00Z,High,,,,false,false
,BRC Retail Sales Monitor y/y,GBP,2013-05-07T19:00:00Z,None,,1.9%,-2.2%,false,false
,USD-Denominated Trade Balance,CNY,2013-05-07T21:49:00Z,High,15.5B,-0.9B,18.2B,false,false
,French Bank Holiday,EUR,2013-05-08T00:00:00Z,None,,,,true,false
,Lloyds HPI m/m,GBP,2013-05-08T03:00:00Z,None,0.2%,0.4%,1.1%,false,false
,CPI m/m,CHF,2013-05-08T03:15:00Z,High,0.1%,0.2%,0.0%,false,false
,German Industrial Production m/m,EUR,2013-05-08T06:00:00Z,None,-0.1%,0.6%,1.2%,false,false
,Housing Starts,CAD,2013-05-08T08:14:00Z,None,175K,181K,175K,false,false
,FOMC Member Stein Speaks,USD,2013-05-08T08:30:00Z,None,,,,false,false
,Crude Oil Inventories,USD,2013-05-08T10:30:00Z,None,2.1M,6.7M,0.2M,false,false
,10-y Bond Auction,USD,2013-05-08T13:00:00Z,None,,1.80|2.8,1.81|2.7,false,false
,Treasury Sec Lew Speaks,USD,2013-05-08T15:00:00Z,None,,,,false,false
,Employment Change q/q,NZD,2013-05-08T18:45:00Z,High,1.1%,-0.9%,1.7%,false,false
,Unemployment Rate,NZD,2013-05-08T18:45:00Z,High,6.8%,6.8%,6.2%,false,false
,Employment Change,AUD,2013-05-08T21:30:00Z,High,11.5K,-31.1K,50.1K,false,false
,Unemployment Rate,AUD,2013-05-08T21:30:00Z,High,5.6%,5.6%,5.5%,false,false
,CPI y/y,CNY,2013-05-08T21:30:00Z,High,2.3%,2.1%,2.4%,false,false
,PPI y/y,CNY,2013-05-08T21:30:00Z,None,-2.2%,-1.9%,-2.6%,false,false
,Bank Holiday,CHF,2013-05-09T00:00:00Z,None,,,,true,false
,German Bank Holiday,EUR,2013-05-09T00:00:00Z,None,,,,true,false
,French Bank Holiday,EUR,2013-05-09T00:00:00Z,None,,,,true,false
,Leading Indicators,JPY,2013-05-09T01:00:00Z,None,97.7%,97.6%,97.6%,false,false
,ECB Monthly Bulletin,EUR,2013-05-09T04:00:00Z,None,,,,false,false
,Manufacturing Production m/m,GBP,2013-05-09T04:30:00Z,High,0.4%,0.7%,1.1%,false,false
,Industrial Production m/m,GBP,2013-05-09T04:30:00Z,None,0.3%,0.9%,0.7%,false,false
,Asset Purchase Facility,GBP,2013-05-09T07:00:00Z,High,375B,375B,375B,false,false
,Official Bank Rate,GBP,2013-05-09T07:00:00Z,High,0.50%,0.50%,0.50%,false,false
,NHPI m/m,CAD,2013-05-09T08:30:00Z,None,0.1%,0.2%,0.1%,false,false
,Unemployment Claims,USD,2013-05-09T08:30:00Z,High,333K,327K,323K,false,false
,NIESR GDP Estimate,GBP,2013-05-09T10:00:00Z,None,,0.3%,0.8%,false,false
,Mortgage Delinquencies,USD,2013-05-09T10:00:00Z,None,,7.09%,7.25%,false,false
,Final Wholesale Inventories m/m,USD,2013-05-09T10:00:00Z,None,0.3%,-0.3%,0.4%,false,false
,Natural Gas Storage,USD,2013-05-09T10:30:00Z,None,80B,43B,88B,false,false
,30-y Bond Auction,USD,2013-05-09T13:00:00Z,None,,3.00|2.5,2.98|2.5,false,false
,Current Account,JPY,2013-05-09T19:50:00Z,High,0.48T,-0.03T,0.34T,false,false
,Bank Lending y/y,JPY,2013-05-09T19:50:00Z,None,,1.5%,1.7%,false,false
,RBA Monetary Policy Statement,AUD,2013-05-09T21:30:00Z,High,,,,false,false
,G7 Meetings,All,2013-05-10T00:00:00Z,High,,,,false,false
,Economy Watchers Sentiment,JPY,2013-05-10T01:00:00Z,None,59.2,57.3,56.5,false,false
,German Trade Balance,EUR,2013-05-10T02:00:00Z,None,18.0B,17.7B,17.6B,false,false
,Italian Industrial Production m/m,EUR,2013-05-10T04:00:00Z,None,-0.2%,-0.9%,-0.8%,false,false
,New Loans,CNY,2013-05-10T04:05:00Z,None,770B,1060B,793B,false,false
,M2 Money Supply y/y,CNY,2013-05-10T04:05:00Z,None,15.5%,15.7%,16.1%,false,false
,Goods Trade Balance,GBP,2013-05-10T04:30:00Z,None,-8.9B,-9.2B,-9.1B,false,false
,FOMC Member Evans Speaks,USD,2013-05-10T08:25:00Z,None,,,,false,false
,Employment Change,CAD,2013-05-10T08:30:00Z,High,14.8K,-54.5K,12.5K,false,false
,Unemployment Rate,CAD,2013-05-10T08:30:00Z,High,7.2%,7.2%,7.2%,false,false
,Fed Chairman Bernanke Speaks,USD,2013-05-10T09:30:00Z,High,,,,false,false
,Federal Budget Balance,USD,2013-05-10T13:59:00Z,None,108.3B,-106.5B,112.9B,false,false
,FOMC Member George Speaks,USD,2013-05-10T14:00:00Z,None,,,,false,false
,G7 Meetings,All,2013-05-11T00:00:00Z,High,,,,false,false
,REINZ HPI m/m,NZD,2013-05-12T18:14:00Z,None,,2.4%,0.8%,false,false
,FPI m/m,NZD,2013-05-12T18:45:00Z,None,,-1.3%,0.2%,false,false
,M2 Money Stock y/y,JPY,2013-05-12T19:50:00Z,None,3.1%,3.1%,3.3%,false,false
,Home Loans m/m,AUD,2013-05-12T21:30:00Z,None,3.8%,2.1%,5.2%,false,false
,NAB Business Confidence,AUD,2013-05-12T21:30:00Z,None,,2,-2,false,false
,Eurogroup Meetings,EUR,2013-05-13T00:00:00Z,High,,,,true,false
,Fixed Asset Investment ytd/y,CNY,2013-05-13T01:30:00Z,None,21.1%,20.9%,20.6%,false,false
,Industrial Production y/y,CNY,2013-05-13T01:30:00Z,None,9.4%,8.9%,9.3%,false,false
,Retail Sales y/y,CNY,2013-05-13T01:30:00Z,None,12.8%,12.6%,12.8%,false,false
,Retail Sales y/y,CHF,2013-05-13T03:15:00Z,None,1.0%,2.3%,-0.9%,false,false
,Core Retail Sales m/m,USD,2013-05-13T08:30:00Z,High,-0.1%,-0.4%,-0.1%,false,false
,Retail Sales m/m,USD,2013-05-13T08:30:00Z,High,-0.3%,-0.5%,0.1%,false,false
,Business Inventories m/m,USD,2013-05-13T10:00:00Z,None,0.3%,0.0%,0.0%,false,false
,Retail Sales q/q,NZD,2013-05-13T18:45:00Z,High,0.9%,1.9%,0.5%,false,false
,Core Retail Sales q/q,NZD,2013-05-13T18:45:00Z,None,0.7%,1.2%,0.6%,false,false
,RICS House Price Balance,GBP,2013-05-13T19:01:00Z,None,2%,-2%,1%,false,false
,PPI y/y,JPY,2013-05-13T19:50:00Z,None,-0.2%,-0.5%,0.0%,false,false
,30-y Bond Auction,JPY,2013-05-13T23:45:00Z,None,,1.49|3.6,1.78|3.6,false,false
,ECOFIN Meetings,EUR,2013-05-14T00:00:00Z,None,,,,true,false
,German Final CPI m/m,EUR,2013-05-14T02:00:00Z,None,-0.5%,-0.5%,-0.5%,false,false
,German WPI m/m,EUR,2013-05-14T02:00:00Z,None,-0.3%,-0.2%,-0.2%,false,false
,Prelim Machine Tool Orders y/y,JPY,2013-05-14T02:00:00Z,None,,-21.5%,-24.1%,false,false
,German ZEW Economic Sentiment,EUR,2013-05-14T05:00:00Z,High,39.5,36.3,36.4,false,false
,Industrial Production m/m,EUR,2013-05-14T05:00:00Z,None,0.6%,0.3%,1.0%,false,false
,ZEW Economic Sentiment,EUR,2013-05-14T05:00:00Z,None,27.3,24.9,27.6,false,false
,CB Leading Index m/m,GBP,2013-05-14T05:00:00Z,None,,0.4%,0.4%,false,false
,Annual Budget Release,AUD,2013-05-14T05:30:00Z,High,,,,false,false
,NFIB Small Business Index,USD,2013-05-14T07:30:00Z,None,89.9,89.5,92.1,false,false
,Import Prices m/m,USD,2013-05-14T08:30:00Z,None,-0.5%,-0.2%,-0.5%,false,false
,Tertiary Industry Activity m/m,JPY,2013-05-14T19:50:00Z,None,-0.6%,1.2%,-1.3%,false,false
,New Motor Vehicle Sales m/m,AUD,2013-05-14T21:30:00Z,None,,-0.5%,-1.6%,false,false
,Wage Price Index q/q,AUD,2013-05-14T21:30:00Z,None,0.8%,0.8%,0.7%,false,false
,Consumer Confidence,JPY,2013-05-15T01:00:00Z,None,45.8,44.8,44.5,false,false
,French Prelim GDP q/q,EUR,2013-05-15T01:30:00Z,None,-0.1%,-0.2%,-0.2%,false,false
,German Prelim GDP q/q,EUR,2013-05-15T02:00:00Z,High,0.3%,-0.7%,0.1%,false,false
,French Final CPI m/m,EUR,2013-05-15T02:45:00Z,None,0.1%,0.8%,-0.1%,false,false
,PPI m/m,CHF,2013-05-15T03:15:00Z,None,-0.2%,0.0%,0.2%,false,false
,Italian Prelim GDP q/q,EUR,2013-05-15T04:00:00Z,None,-0.4%,-0.9%,-0.5%,false,false
,Claimant Count Change,GBP,2013-05-15T04:30:00Z,High,-3.1K,-9.9K,-7.3K,false,false
,Average Earnings Index 3m/y,GBP,2013-05-15T04:30:00Z,None,0.7%,1.0%,0.4%,false,false
,Unemployment Rate,GBP,2013-05-15T04:30:00Z,None,7.9%,7.9%,7.8%,false,false
,UBS Economic Expectations,CHF,2013-05-15T05:00:00Z,None,,20.0,2.2,false,false
,Flash GDP q/q,EUR,2013-05-15T05:00:00Z,High,-0.1%,-0.6%,-0.2%,false,false
,BOE Gov King Speaks,GBP,2013-05-15T05:30:00Z,High,,,,false,false
,BOE Monetary Policy Report,GBP,2013-05-15T05:30:00Z,High,,,,false,false
,Manufacturing Sales m/m,CAD,2013-05-15T08:30:00Z,High,0.6%,2.8%,-0.3%,false,false
,PPI m/m,USD,2013-05-15T08:30:00Z,High,-0.6%,-0.6%,-0.7%,false,false
,Core PPI m/m,USD,2013-05-15T08:30:00Z,None,0.1%,0.2%,0.1%,false,false
,Empire State Manufacturing Index,USD,2013-05-15T08:30:00Z,None,3.6,3.1,-1.4,false,false
,TIC Long-Term Purchases,USD,2013-05-15T09:00:00Z,None,33.8B,-13.3B,-13.5B,false,false
,Capacity Utilization Rate,USD,2013-05-15T09:15:00Z,None,78.4%,78.3%,77.8%,false,false
,Industrial Production m/m,USD,2013-05-15T09:15:00Z,None,-0.1%,0.3%,-0.5%,false,false
,NAHB Housing Market Index,USD,2013-05-15T10:00:00Z,None,43,41,44,false,false
,GDT Price Index,NZD,2013-05-15T10:30:00Z,None,,-8.6%,-2.6%,false,false
,Crude Oil Inventories,USD,2013-05-15T10:30:00Z,None,0.5M,0.2M,-0.6M,false,false
,BusinessNZ Manufacturing Index,NZD,2013-05-15T18:34:00Z,None,,53.4,54.5,false,false
,Prelim GDP q/q,JPY,2013-05-15T19:50:00Z,None,0.7%,0.0%,0.9%,false,false
,Prelim GDP Price Index y/y,JPY,2013-05-15T19:50:00Z,None,-1.0%,-0.7%,-1.2%,false,false
,Foreign Direct Investment ytd/y,CNY,2013-05-15T22:00:00Z,None,,1.4%,1.2%,false,false
,Annual Budget Release,NZD,2013-05-15T22:00:00Z,High,,,,false,false
,Revised Industrial Production m/m,JPY,2013-05-16T00:30:00Z,None,0.2%,0.2%,0.9%,false,false
,French Prelim Private Payrolls q/q,EUR,2013-05-16T02:45:00Z,None,-0.3%,-0.3%,-0.1%,false,false
,Italian Trade Balance,EUR,2013-05-16T04:00:00Z,None,1.72B,1.09B,3.24B,false,false
,Final CPI y/y,EUR,2013-05-16T05:00:00Z,None,1.2%,1.2%,1.2%,false,false
,Final Core CPI y/y,EUR,2013-05-16T05:00:00Z,None,1.0%,1.0%,1.0%,false,false
,Trade Balance,EUR,2013-05-16T05:00:00Z,None,11.8B,12.7B,18.7B,false,false
,30-y Bond Auction,GBP,2013-05-16T05:39:00Z,None,,3.12|1.7,3.29|2.0,false,false
,FOMC Member Rosengren Speaks,USD,2013-05-16T07:45:00Z,None,,,,false,false
,CPI y/y,USD,2013-05-16T08:30:00Z,High,1.3%,1.5%,1.1%,false,false
,Building Permits,USD,2013-05-16T08:30:00Z,High,0.94M,0.89M,1.02M,false,false
,Core CPI m/m,USD,2013-05-16T08:30:00Z,High,0.2%,0.1%,0.1%,false,false
,Core CPI y/y,USD,2013-05-16T08:30:00Z,High,1.8%,1.9%,1.7%,false,false
,Foreign Securities Purchases,CAD,2013-05-16T08:30:00Z,None,5.36B,-6.28B,1.19B,false,false
,Unemployment Claims,USD,2013-05-16T08:30:00Z,High,332K,328K,360K,false,false
,CPI m/m,USD,2013-05-16T08:30:00Z,None,-0.3%,-0.2%,-0.4%,false,false
,Housing Starts,USD,2013-05-16T08:30:00Z,None,0.98M,1.02M,0.85M,false,false
,Philly Fed Manufacturing Index,USD,2013-05-16T10:00:00Z,High,2.5,1.3,-5.2,false,false
,BOC Review,CAD,2013-05-16T10:30:00Z,None,,,,false,false
,Natural Gas Storage,USD,2013-05-16T10:30:00Z,None,96B,88B,99B,false,false
,FOMC Member Raskin Speaks,USD,2013-05-16T12:30:00Z,None,,,,false,false
,PPI Input q/q,NZD,2013-05-16T18:45:00Z,None,0.3%,-0.3%,0.8%,false,false
,PPI Output q/q,NZD,2013-05-16T18:45:00Z,None,0.0%,-0.1%,0.8%,false,false
,Core Machinery Orders m/m,JPY,2013-05-16T19:50:00Z,None,3.1%,7.5%,14.2%,false,false
,CB Leading Index m/m,CNY,2013-05-16T22:00:00Z,None,,-0.6%,1.5%,false,false
,MPC Member Weale Speaks,GBP,2013-05-17T05:30:00Z,None,,,,false,false
,Core CPI m/m,CAD,2013-05-17T08:30:00Z,High,0.2%,0.2%,0.1%,false,false
,CPI m/m,CAD,2013-05-17T08:30:00Z,None,0.0%,0.2%,-0.2%,false,false
,Wholesale Sales m/m,CAD,2013-05-17T08:30:00Z,None,0.4%,0.1%,0.3%,false,false
,Prelim UoM Consumer Sentiment,USD,2013-05-17T09:55:00Z,High,77.9,76.4,83.7,false,false
,Prelim UoM Inflation Expectations,USD,2013-05-17T09:55:00Z,None,,3.1%,3.1%,false,false
,CB Leading Index m/m,USD,2013-05-17T10:00:00Z,None,0.3%,-0.2%,0.6%,false,false
,Fed Chairman Bernanke Speaks,USD,2013-05-18T11:00:00Z,None,,,,false,false
,BusinessNZ Services Index,NZD,2013-05-19T18:30:00Z,None,,55.0,56.1,false,false
,Rightmove HPI m/m,GBP,2013-05-19T19:01:00Z,None,,2.1%,2.1%,false,false
,Bank Holiday,CHF,2013-05-20T00:00:00Z,None,,,,true,false
,German Bank Holiday,EUR,2013-05-20T00:00:00Z,None,,,,true,false
,French Bank Holiday,EUR,2013-05-20T00:00:00Z,None,,,,true,false
,Bank Holiday,CAD,2013-05-20T00:00:00Z,None,,,,true,false
,FOMC Member Evans Speaks,USD,2013-05-20T13:00:00Z,None,,,,false,false
,Visitor Arrivals m/m,NZD,2013-05-20T18:45:00Z,None,,1.2%,2.2%,false,false
,CB Leading Index m/m,AUD,2013-05-20T20:00:00Z,None,,0.3%,0.1%,false,false
,Monetary Policy Meeting Minutes,AUD,2013-05-20T21:30:00Z,High,,,,false,false
,Credit Card Spending y/y,NZD,2013-05-20T23:00:00Z,None,,3.7%,4.0%,false,false
,Inflation Expectations q/q,NZD,2013-05-20T23:03:00Z,None,,2.17%,2.06%,false,false
,All Industries Activity m/m,JPY,2013-05-21T00:33:00Z,None,-0.3%,0.6%,-0.3%,false,false
,German PPI m/m,EUR,2013-05-21T02:00:00Z,None,-0.1%,-0.2%,-0.2%,false,false
,CPI y/y,GBP,2013-05-21T04:30:00Z,High,2.6%,2.8%,2.4%,false,false
,PPI Input m/m,GBP,2013-05-21T04:30:00Z,None,-1.2%,0.1%,-2.3%,false,false
,RPI y/y,GBP,2013-05-21T04:30:00Z,None,3.1%,3.3%,2.9%,false,false
,Core CPI y/y,GBP,2013-05-21T04:30:00Z,None,2.3%,2.4%,2.0%,false,false
,ONS HPI y/y,GBP,2013-05-21T04:30:00Z,None,2.3%,1.9%,2.7%,false,false
,PPI Output m/m,GBP,2013-05-21T04:30:00Z,None,0.2%,0.2%,-0.1%,false,false
,German Buba Monthly Report,EUR,2013-05-21T06:00:00Z,None,,,,false,false
,Treasury Sec Lew Speaks,USD,2013-05-21T10:00:00Z,None,,,,false,false
,FOMC Member Bullard Speaks,USD,2013-05-21T11:30:00Z,None,,,,false,false
,BOC Gov Carney Speaks,CAD,2013-05-21T12:45:00Z,None,,,,false,false
,FOMC Member Dudley Speaks,USD,2013-05-21T13:00:00Z,None,,,,false,false
,Trade Balance,JPY,2013-05-21T19:50:00Z,None,-0.63T,-0.92T,-0.76T,false,false
,Westpac Consumer Sentiment,AUD,2013-05-21T20:30:00Z,None,,-5.1%,-7.0%,false,false
,Monetary Policy Statement,JPY,2013-05-21T23:07:00Z,High,,,,false,false
,EU Economic Summit,EUR,2013-05-22T00:00:00Z,None,,,,true,false
,BOJ Press Conference,JPY,2013-05-22T03:24:00Z,High,,,,false,false
,Current Account,EUR,2013-05-22T04:00:00Z,None,14.2B,14.6B,25.9B,false,false
,MPC Asset Purchase Facility Votes,GBP,2013-05-22T04:30:00Z,High,3-0-6,3-0-6,3-0-6,false,false
,MPC Official Bank Rate Votes,GBP,2013-05-22T04:30:00Z,High,0-0-9,0-0-9,0-0-9,false,false
,Retail Sales m/m,GBP,2013-05-22T04:30:00Z,High,0.0%,-0.6%,-1.3%,false,false
,Public Sector Net Borrowing,GBP,2013-05-22T04:30:00Z,None,7.6B,12.6B,8.0B,false,false
,German 10-y Bond Auction,EUR,2013-05-22T05:33:00Z,None,,1.28|1.6,1.41|1.6,false,false
,SNB Chairman Jordan Speaks,CHF,2013-05-22T06:00:00Z,High,,,,false,false
,CBI Industrial Order Expectations,GBP,2013-05-22T06:00:00Z,None,-18,-25,-20,false,false
,MPC Member Bean Speaks,GBP,2013-05-22T07:00:00Z,None,,,,false,false
,Core Retail Sales m/m,CAD,2013-05-22T08:30:00Z,High,0.2%,0.7%,-0.2%,false,false
,Retail Sales m/m,CAD,2013-05-22T08:30:00Z,None,0.2%,0.7%,0.0%,false,false
,Existing Home Sales,USD,2013-05-22T10:00:00Z,High,4.99M,4.94M,4.97M,false,false
,Fed Chairman Bernanke Testifies,USD,2013-05-22T10:00:00Z,High,,,,false,false
,Treasury Sec Lew Speaks,USD,2013-05-22T10:00:00Z,None,,,,false,false
,Crude Oil Inventories,USD,2013-05-22T10:30:00Z,None,-0.4M,-0.6M,-0.3M,false,false
,FOMC Meeting Minutes,USD,2013-05-22T14:00:00Z,High,,,,false,false
,MI Inflation Expectations,AUD,2013-05-22T21:00:00Z,None,,2.2%,2.3%,false,false
,Caixin Flash Manufacturing PMI,CNY,2013-05-22T21:45:00Z,High,50.5,50.4,49.6,false,false
,BOJ Monthly Report,JPY,2013-05-23T01:00:00Z,None,,,,false,false
,French Flash Manufacturing PMI,EUR,2013-05-23T03:00:00Z,High,44.8,44.4,45.5,false,false
,French Flash Services PMI,EUR,2013-05-23T03:00:00Z,None,44.7,44.3,44.3,false,false
,German Flash Manufacturing PMI,EUR,2013-05-23T03:30:00Z,High,48.6,48.1,49.0,false,false
,German Flash Services PMI,EUR,2013-05-23T03:30:00Z,None,50.2,49.6,49.8,false,false
,Flash Manufacturing PMI,EUR,2013-05-23T04:00:00Z,None,47.1,46.7,47.8,false,false
,Flash Services PMI,EUR,2013-05-23T04:00:00Z,None,47.4,47.0,47.5,false,false
,Italian Retail Sales m/m,EUR,2013-05-23T04:00:00Z,None,0.3%,-0.2%,-0.3%,false,false
,Second Estimate GDP q/q,GBP,2013-05-23T04:30:00Z,High,0.3%,0.3%,0.3%,false,false
,Prelim Business Investment q/q,GBP,2013-05-23T04:30:00Z,None,1.7%,-0.8%,-0.4%,false,false
,Index of Services 3m/3m,GBP,2013-05-23T04:30:00Z,None,0.7%,0.1%,0.6%,false,false
,FOMC Member Bullard Speaks,USD,2013-05-23T06:05:00Z,None,,,,false,false
,Unemployment Claims,USD,2013-05-23T08:30:00Z,High,347K,363K,340K,false,false
,Flash Manufacturing PMI,USD,2013-05-23T09:00:00Z,None,51.6,52.1,51.9,false,false
,HPI m/m,USD,2013-05-23T09:00:00Z,None,0.9%,0.9%,1.3%,false,false
,Consumer Confidence,EUR,2013-05-23T10:00:00Z,None,-22,-22,-22,false,false
,New Home Sales,USD,2013-05-23T10:00:00Z,High,429K,444K,454K,false,false
,Natural Gas Storage,USD,2013-05-23T10:30:00Z,None,90B,99B,89B,false,false
,ECB President Draghi Speaks,EUR,2013-05-23T17:30:00Z,High,,,,false,false
,Trade Balance,NZD,2013-05-23T18:45:00Z,High,495M,732M,157M,false,false
,BOJ Gov Kuroda Speaks,JPY,2013-05-23T22:55:00Z,High,,,,false,false
,German GfK Consumer Climate,EUR,2013-05-24T02:00:00Z,None,6.2,6.2,6.5,false,false
,German Final GDP q/q,EUR,2013-05-24T02:00:00Z,None,0.1%,0.1%,0.1%,false,false
,MPC Member Fisher Speaks,GBP,2013-05-24T03:00:00Z,None,,,,false,false
,German ifo Business Climate,EUR,2013-05-24T04:00:00Z,High,104.6,104.4,105.7,false,false
,High Street Lending,GBP,2013-05-24T04:30:00Z,None,32.7K,31.4K,32.2K,false,false
,German Buba President Weidmann Speaks,EUR,2013-05-24T06:00:00Z,None,,,,false,false
,Core Durable Goods Orders m/m,USD,2013-05-24T08:30:00Z,High,0.6%,-1.5%,1.3%,false,false
,Durable Goods Orders m/m,USD,2013-05-24T08:30:00Z,None,1.6%,-6.9%,3.3%,false,false
,Belgian NBB Business Climate,EUR,2013-05-24T09:00:00Z,None,-13.4,-14.7,-12.4,false,false
,BOJ Gov Kuroda Speaks,JPY,2013-05-25T11:50:00Z,High,,,,false,false
,Monetary Policy Meeting Minutes,JPY,2013-05-26T19:50:00Z,None,,,,false,false
,Bank Holiday,GBP,2013-05-27T00:00:00Z,None,,,,true,false
,Bank Holiday,USD,2013-05-27T00:00:00Z,None,,,,true,false
,SPPI y/y,JPY,2013-05-27T19:50:00Z,None,-0.2%,-0.2%,-0.4%,false,false
,Trade Balance,CHF,2013-05-28T02:00:00Z,None,2.02B,1.89B,1.73B,false,false
,German Import Prices m/m,EUR,2013-05-28T02:00:00Z,None,-0.2%,-0.1%,-1.4%,false,false
,Employment Level,CHF,2013-05-28T03:15:00Z,None,4.11M,4.12M,4.15M,false,false
,Corporate Profits q/q,CAD,2013-05-28T08:30:00Z,None,,1.4%,-1.2%,false,false
,S&P/CS Composite-20 HPI y/y,USD,2013-05-28T09:00:00Z,None,10.2%,9.4%,10.9%,false,false
,CB Consumer Confidence,USD,2013-05-28T10:00:00Z,High,70.7,69.0,76.2,false,false
,Richmond Manufacturing Index,USD,2013-05-28T10:00:00Z,None,2,-6,-2,false,false
,MPC Member Tucker Speaks,GBP,2013-05-28T13:00:00Z,None,,,,false,false
,Retail Sales y/y,JPY,2013-05-28T19:50:00Z,None,-0.4%,-0.3%,-0.1%,false,false
,BOJ Gov Kuroda Speaks,JPY,2013-05-28T20:00:00Z,High,,,,false,false
,MI Leading Index m/m,AUD,2013-05-28T20:30:00Z,None,,0.6%,0.2%,false,false
,HIA New Home Sales m/m,AUD,2013-05-28T21:08:00Z,None,,4.2%,3.9%,false,false
,Construction Work Done q/q,AUD,2013-05-28T21:30:00Z,None,1.1%,0.1%,-2.0%,false,false
,German Prelim CPI m/m,EUR,2013-05-29T00:00:00Z,None,0.2%,-0.5%,0.4%,true,false
,UBS Consumption Indicator,CHF,2013-05-29T02:00:00Z,None,,1.24,1.46,false,false
,German Unemployment Change,EUR,2013-05-29T03:55:00Z,None,4K,6K,21K,false,false
,M3 Money Supply y/y,EUR,2013-05-29T04:00:00Z,None,2.9%,2.6%,3.2%,false,false
,Private Loans y/y,EUR,2013-05-29T04:02:00Z,None,-0.4%,-0.7%,-0.9%,false,false
,MPC Member Bean Speaks,GBP,2013-05-29T05:30:00Z,None,,,,false,false
,ECB Financial Stability Review,EUR,2013-05-29T06:00:00Z,None,,,,false,false
,CBI Realized Sales,GBP,2013-05-29T06:00:00Z,None,4,-1,-11,false,false
,BOC Rate Statement,CAD,2013-05-29T10:00:00Z,High,,,,false,false
,Overnight Rate,CAD,2013-05-29T10:00:00Z,High,1.00%,1.00%,1.00%,false,false
,FOMC Member Rosengren Speaks,USD,2013-05-29T13:00:00Z,None,,,,false,false
,Building Consents m/m,NZD,2013-05-29T18:45:00Z,None,,-8.3%,18.5%,false,false
,Building Approvals m/m,AUD,2013-05-29T21:30:00Z,High,4.1%,-2.6%,9.1%,false,false
,Private Capital Expenditure q/q,AUD,2013-05-29T21:30:00Z,High,0.7%,-2.1%,-4.7%,false,false
,GDP q/q,CHF,2013-05-30T01:45:00Z,None,0.2%,0.3%,0.6%,false,false
,Nationwide HPI m/m,GBP,2013-05-30T02:00:00Z,None,0.5%,0.0%,0.4%,false,false
,Spanish Flash CPI y/y,EUR,2013-05-30T03:00:00Z,None,1.6%,1.4%,1.7%,false,false
,Retail PMI,EUR,2013-05-30T04:10:00Z,None,,44.2,46.8,false,false
,Italian 10-y Bond Auction,EUR,2013-05-30T05:13:00Z,None,,3.94|1.4,4.14|1.4,false,false
,Current Account,CAD,2013-05-30T08:30:00Z,None,-15.3B,-14.6B,-14.1B,false,false
,RMPI m/m,CAD,2013-05-30T08:30:00Z,None,-0.7%,-1.7%,-2.2%,false,false
,IPPI m/m,CAD,2013-05-30T08:30:00Z,None,0.1%,0.0%,-0.8%,false,false
,Prelim GDP q/q,USD,2013-05-30T08:30:00Z,High,2.5%,2.5%,2.4%,false,false
,Unemployment Claims,USD,2013-05-30T08:30:00Z,High,342K,344K,354K,false,false
,Prelim GDP Price Index q/q,USD,2013-05-30T08:30:00Z,None,1.2%,1.2%,1.1%,false,false
,Pending Home Sales m/m,USD,2013-05-30T10:00:00Z,High,1.3%,1.5%,0.3%,false,false
,Natural Gas Storage,USD,2013-05-30T10:30:00Z,None,85B,89B,88B,false,false
,Crude Oil Inventories,USD,2013-05-30T11:00:00Z,None,-0.8M,-0.3M,3.0M,false,false
,Overseas Trade Index q/q,NZD,2013-05-30T18:45:00Z,None,1.4%,-1.2%,4.1%,false,false
,GfK Consumer Confidence,GBP,2013-05-30T19:01:00Z,None,-25,-27,-22,false,false
,Final Manufacturing PMI,JPY,2013-05-30T19:15:00Z,None,,51.1,51.5,false,false
,Household Spending y/y,JPY,2013-05-30T19:30:00Z,None,3.1%,5.2%,1.5%,false,false
,Tokyo Core CPI y/y,JPY,2013-05-30T19:30:00Z,None,-0.2%,-0.3%,0.1%,false,false
,National Core CPI y/y,JPY,2013-05-30T19:30:00Z,None,-0.4%,-0.5%,-0.4%,false,false
,Unemployment Rate,JPY,2013-05-30T19:30:00Z,None,4.1%,4.1%,4.1%,false,false
,Prelim Industrial Production m/m,JPY,2013-05-30T19:50:00Z,None,0.8%,0.2%,1.7%,false,false
,ANZ Business Confidence,NZD,2013-05-30T21:00:00Z,High,,32.3,41.8,false,false
,Private Sector Credit m/m,AUD,2013-05-30T21:30:00Z,None,0.3%,0.2%,0.3%,false,false
,OPEC Meetings,All,2013-05-31T00:00:00Z,None,,,,true,false
,Housing Starts y/y,JPY,2013-05-31T01:00:00Z,None,4.3%,7.3%,5.8%,false,false
,German Retail Sales m/m,EUR,2013-05-31T02:00:00Z,None,0.3%,-0.5%,-0.4%,false,false
,French Consumer Spending m/m,EUR,2013-05-31T02:45:00Z,None,-0.5%,1.3%,-0.3%,false,false
,KOF Economic Barometer,CHF,2013-05-31T03:00:00Z,None,1.08,1.04,1.10,false,false
,Italian Quarterly Unemployment Rate,EUR,2013-05-31T04:00:00Z,None,11.2%,11.4%,11.9%,false,false
,Italian Monthly Unemployment Rate,EUR,2013-05-31T04:00:00Z,None,11.6%,11.9%,12.0%,false,false
,M4 Money Supply m/m,GBP,2013-05-31T04:30:00Z,None,0.1%,-0.9%,0.3%,false,false
,Mortgage Approvals,GBP,2013-05-31T04:30:00Z,None,55K,54K,54K,false,false
,Net Lending to Individuals m/m,GBP,2013-05-31T04:33:00Z,None,0.9B,1.1B,1.4B,false,false
,CPI Flash Estimate y/y,EUR,2013-05-31T05:00:00Z,None,1.4%,1.2%,1.4%,false,false
,Unemployment Rate,EUR,2013-05-31T05:00:00Z,None,12.2%,12.1%,12.2%,false,false
,Core CPI Flash Estimate y/y,EUR,2013-05-31T05:00:00Z,None,,1.0%,1.2%,false,false
,Italian Prelim CPI m/m,EUR,2013-05-31T05:00:00Z,None,0.1%,0.0%,0.1%,false,false
,GDP m/m,CAD,2013-05-31T08:30:00Z,High,0.1%,0.3%,0.2%,false,false
,Core PCE Price Index m/m,USD,2013-05-31T08:30:00Z,None,0.1%,0.1%,0.0%,false,false
,Personal Spending m/m,USD,2013-05-31T08:30:00Z,None,0.2%,0.1%,-0.2%,false,false
,Personal Income m/m,USD,2013-05-31T08:30:00Z,None,0.2%,0.3%,0.0%,false,false
,Chicago PMI,USD,2013-05-31T09:45:00Z,None,50.3,49.0,58.7,false,false
,Revised UoM Inflation Expectations,USD,2013-05-31T09:55:00Z,None,,3.2%,3.1%,false,false
,Revised UoM Consumer Sentiment,USD,2013-05-31T09:55:00Z,None,84.1,83.7,84.5,false,false
,Manufacturing PMI,CNY,2013-05-31T20:59:00Z,High,49.9,50.6,50.8,false,false
,Bank Holiday,NZD,2013-06-02T00:00:00Z,None,,,,true,false
,Fed Chairman Bernanke Speaks,USD,2013-06-02T14:00:00Z,None,,,,false,false
,AIG Manufacturing Index,AUD,2013-06-02T19:30:00Z,None,,36.7,43.8,false,false
,Capital Spending q/y,JPY,2013-06-02T19:50:00Z,None,-5.5%,-8.7%,-3.9%,false,false
,MI Inflation Gauge m/m,AUD,2013-06-02T20:30:00Z,None,,0.3%,0.2%,false,false
,Non-Manufacturing PMI,CNY,2013-06-02T21:00:00Z,None,,54.5,54.3,false,false
,ANZ Job Advertisements m/m,AUD,2013-06-02T21:30:00Z,None,,-1.7%,-2.4%,false,false
,Retail Sales m/m,AUD,2013-06-02T21:30:00Z,High,0.3%,-0.4%,0.2%,false,false
,Company Operating Profits q/q,AUD,2013-06-02T21:30:00Z,None,1.6%,-0.5%,3.0%,false,false
,RatingDog Manufacturing PMI,CNY,2013-06-02T21:45:00Z,None,49.6,49.6,49.2,false,false
,FOMC Member Yellen Speaks,USD,2013-06-02T21:50:00Z,None,,,,false,false
,Total Vehicle Sales,USD,2013-06-03T00:00:00Z,None,15.2M,14.9M,15.3M,true,false
,Commodity Prices y/y,AUD,2013-06-03T02:30:00Z,None,,-7.3%,-8.6%,false,false
,Spanish Manufacturing PMI,EUR,2013-06-03T03:15:00Z,None,45.5,44.7,48.1,false,false
,Manufacturing PMI,CHF,2013-06-03T03:30:00Z,None,50.9,50.2,52.2,false,false
,Italian Manufacturing PMI,EUR,2013-06-03T03:45:00Z,None,46.2,45.5,47.3,false,false
,French Final Manufacturing PMI,EUR,2013-06-03T03:50:00Z,None,45.5,45.5,46.4,false,false
,German Final Manufacturing PMI,EUR,2013-06-03T03:55:00Z,None,49.0,49.0,49.4,false,false
,Final Manufacturing PMI,EUR,2013-06-03T04:00:00Z,None,47.8,47.8,48.3,false,false
,Final Manufacturing PMI,GBP,2013-06-03T04:30:00Z,High,50.3,50.2,51.3,false,false
,Final Manufacturing PMI,USD,2013-06-03T09:00:00Z,None,52.0,51.9,52.3,false,false
,Manufacturing PMI,CAD,2013-06-03T09:30:00Z,None,,50.1,53.2,false,false
,ISM Manufacturing PMI,USD,2013-06-03T10:00:00Z,High,50.6,50.7,49.0,false,false
,Construction Spending m/m,USD,2013-06-03T10:00:00Z,None,1.1%,-0.8%,0.4%,false,false
,ISM Manufacturing Prices,USD,2013-06-03T10:00:00Z,None,49.6,50.0,49.5,false,false
,BRC Retail Sales Monitor y/y,GBP,2013-06-03T19:01:00Z,None,,-2.2%,1.8%,false,false
,Monetary Base y/y,JPY,2013-06-03T19:50:00Z,None,24.3%,23.1%,31.6%,false,false
,Gov Council Member Lane Speaks,CAD,2013-06-03T20:25:00Z,None,,,,false,false
,Average Cash Earnings y/y,JPY,2013-06-03T21:30:00Z,None,0.6%,-0.9%,0.3%,false,false
,Current Account,AUD,2013-06-03T21:30:00Z,None,-8.9B,-14.8B,-8.5B,false,false
,Gov Council Member Lane Speaks,CAD,2013-06-03T22:15:00Z,None,,,,false,false
,10-y Bond Auction,JPY,2013-06-03T23:45:00Z,None,,0.60|3.7,0.86|3.1,false,false
,Cash Rate,AUD,2013-06-04T00:30:00Z,High,2.75%,2.75%,2.75%,false,false
,RBA Rate Statement,AUD,2013-06-04T00:30:00Z,High,,,,false,false
,Spanish Unemployment Change,EUR,2013-06-04T03:00:00Z,None,-50.2K,-46.1K,-98.3K,false,false
,Construction PMI,GBP,2013-06-04T04:30:00Z,High,49.7,49.4,50.8,false,false
,PPI m/m,EUR,2013-06-04T05:00:00Z,None,-0.2%,-0.2%,-0.6%,false,false
,Trade Balance,CAD,2013-06-04T08:30:00Z,High,-0.4B,0.0B,-0.6B,false,false
,Trade Balance,USD,2013-06-04T08:30:00Z,High,-41.1B,-37.1B,-40.3B,false,false
,RCM/TIPP Economic Optimism,USD,2013-06-04T10:00:00Z,None,50.2,45.1,49.0,false,false
,GDT Price Index,NZD,2013-06-04T10:30:00Z,None,,-2.6%,-5.3%,false,false
,FOMC Member Raskin Speaks,USD,2013-06-04T12:30:00Z,None,,,,false,false
,FOMC Member George Speaks,USD,2013-06-04T14:15:00Z,None,,,,false,false
,BRC Shop Price Index y/y,GBP,2013-06-04T19:00:00Z,None,,0.4%,-0.1%,false,false
,AIG Services Index,AUD,2013-06-04T19:30:00Z,None,,44.1,40.6,false,false
,ANZ Commodity Prices m/m,NZD,2013-06-04T21:00:00Z,None,,12.6%,-1.6%,false,false
,GDP q/q,AUD,2013-06-04T21:30:00Z,High,0.8%,0.6%,0.6%,false,false
,RatingDog Services PMI,CNY,2013-06-04T21:45:00Z,None,,51.1,51.2,false,false
,Spanish Services PMI,EUR,2013-06-05T03:15:00Z,None,45.3,44.4,47.3,false,false
,Italian Services PMI,EUR,2013-06-05T03:45:00Z,None,47.5,47.0,46.5,false,false
,French Final Services PMI,EUR,2013-06-05T03:50:00Z,None,44.3,44.3,44.3,false,false
,German Final Services PMI,EUR,2013-06-05T03:55:00Z,None,49.8,49.8,49.7,false,false
,Final Services PMI,EUR,2013-06-05T04:00:00Z,None,47.5,47.5,47.2,false,false
,Final Services PMI,GBP,2013-06-05T04:30:00Z,High,53.1,52.9,54.9,false,false
,Retail Sales m/m,EUR,2013-06-05T05:00:00Z,None,-0.2%,-0.2%,-0.5%,false,false
,Revised GDP q/q,EUR,2013-06-05T05:00:00Z,None,-0.2%,-0.2%,-0.2%,false,false
,ADP Non-Farm Employment Change,USD,2013-06-05T08:15:00Z,High,171K,113K,135K,false,false
,Building Permits m/m,CAD,2013-06-05T08:30:00Z,High,-2.3%,6.0%,10.5%,false,false
,Revised Nonfarm Productivity q/q,USD,2013-06-05T08:30:00Z,None,0.7%,0.7%,0.5%,false,false
,Revised Unit Labor Costs q/q,USD,2013-06-05T08:30:00Z,None,0.5%,0.5%,-4.3%,false,false
,ISM Services PMI,USD,2013-06-05T10:00:00Z,High,53.4,53.1,53.7,false,false
,Factory Orders m/m,USD,2013-06-05T10:00:00Z,None,1.6%,-4.9%,1.0%,false,false
,Crude Oil Inventories,USD,2013-06-05T10:30:00Z,None,-0.8M,3.0M,-6.3M,false,false
,Beige Book,USD,2013-06-05T14:00:00Z,None,,,,false,false
,Goods Trade Balance,AUD,2013-06-05T21:30:00Z,High,0.20B,0.56B,0.03B,false,false
,30-y Bond Auction,JPY,2013-06-05T23:45:00Z,None,,1.78|3.6,1.87|4.1,false,false
,Lloyds HPI m/m,GBP,2013-06-06T03:00:00Z,None,0.2%,1.1%,0.4%,false,false
,CPI m/m,CHF,2013-06-06T03:15:00Z,High,0.1%,0.0%,0.1%,false,false
,Spanish 10-y Bond Auction,EUR,2013-06-06T04:43:00Z,None,,4.61|2.6,4.52|2.5,false,false
,French 10-y Bond Auction,EUR,2013-06-06T04:59:00Z,None,,1.81|2.0,2.04|1.6,false,false
,German Factory Orders m/m,EUR,2013-06-06T06:00:00Z,None,-1.0%,2.3%,-2.3%,false,false
,Asset Purchase Facility,GBP,2013-06-06T07:00:00Z,High,375B,375B,375B,false,false
,Official Bank Rate,GBP,2013-06-06T07:00:00Z,High,0.50%,0.50%,0.50%,false,false
,Challenger Job Cuts y/y,USD,2013-06-06T07:30:00Z,None,,-6.0%,-41.2%,false,false
,Main Refinancing Rate,EUR,2013-06-06T07:45:00Z,High,0.50%,0.50%,0.50%,false,false
,Unemployment Claims,USD,2013-06-06T08:30:00Z,High,345K,357K,346K,false,false
,ECB Press Conference,EUR,2013-06-06T08:30:00Z,High,,,,false,false
,BOC Gov Poloz Speaks,CAD,2013-06-06T08:45:00Z,High,,,,false,false
,Ivey PMI,CAD,2013-06-06T10:00:00Z,High,55.3,52.2,63.1,false,false
,Natural Gas Storage,USD,2013-06-06T10:30:00Z,None,101B,88B,111B,false,false
,AIG Construction Index,AUD,2013-06-06T19:30:00Z,None,,35.2,35.3,false,false
,Leading Indicators,JPY,2013-06-07T01:00:00Z,None,98.8%,97.9%,99.3%,false,false
,German Trade Balance,EUR,2013-06-07T02:00:00Z,None,16.5B,17.6B,17.7B,false,false
,French Gov Budget Balance,EUR,2013-06-07T02:45:00Z,None,,-31.0B,-66.8B,false,false
,French Trade Balance,EUR,2013-06-07T02:45:00Z,None,-4.4B,-4.5B,-4.5B,false,false
,Foreign Currency Reserves,CHF,2013-06-07T03:00:00Z,None,,436B,441B,false,false
,Goods Trade Balance,GBP,2013-06-07T04:30:00Z,None,-8.8B,-9.2B,-8.2B,false,false
,Consumer Inflation Expectations,GBP,2013-06-07T04:30:00Z,None,,3.6%,3.6%,false,false
,German Industrial Production m/m,EUR,2013-06-07T06:00:00Z,None,0.0%,1.2%,1.8%,false,false
,Unemployment Rate,USD,2013-06-07T08:30:00Z,High,7.5%,7.5%,7.6%,false,false
,Average Hourly Earnings m/m,USD,2013-06-07T08:30:00Z,None,0.2%,0.2%,0.0%,false,false
,Non-Farm Employment Change,USD,2013-06-07T08:30:00Z,High,167K,149K,175K,false,false
,Labor Productivity q/q,CAD,2013-06-07T08:30:00Z,None,0.3%,0.1%,0.2%,false,false
,Unemployment Rate,CAD,2013-06-07T08:30:00Z,High,7.2%,7.2%,7.1%,false,false
,Employment Change,CAD,2013-06-07T08:30:00Z,High,16.1K,12.5K,95.0K,false,false
,Consumer Credit m/m,USD,2013-06-07T15:00:00Z,None,13.4B,8.4B,11.1B,false,false
,USD-Denominated Trade Balance,CNY,2013-06-07T22:14:00Z,High,20.8B,18.2B,20.4B,false,false
,CPI y/y,CNY,2013-06-08T21:30:00Z,High,2.5%,2.4%,2.1%,false,false
,PPI y/y,CNY,2013-06-08T21:30:00Z,None,-2.5%,-2.6%,-2.9%,false,false
,New Loans,CNY,2013-06-08T22:00:00Z,None,815B,793B,667B,false,false
,M2 Money Supply y/y,CNY,2013-06-08T22:00:00Z,None,16.0%,16.1%,15.8%,false,false
,Bank Holiday,AUD,2013-06-09T00:00:00Z,None,,,,true,false
,Bank Holiday,CNY,2013-06-09T00:00:00Z,None,,,,true,false
,Retail Sales y/y,CNY,2013-06-09T01:30:00Z,None,12.9%,12.8%,12.9%,false,false
,Fixed Asset Investment ytd/y,CNY,2013-06-09T01:30:00Z,None,20.6%,20.6%,20.4%,false,false
,Industrial Production y/y,CNY,2013-06-09T01:30:00Z,None,9.4%,9.3%,9.2%,false,false
,Manufacturing Sales q/q,NZD,2013-06-09T18:45:00Z,None,,-0.1%,0.2%,false,false
,Current Account,JPY,2013-06-09T19:50:00Z,High,0.39T,0.34T,0.85T,false,false
,Bank Lending y/y,JPY,2013-06-09T19:50:00Z,None,,1.7%,1.8%,false,false
,Final GDP Price Index y/y,JPY,2013-06-09T19:50:00Z,None,-1.2%,-1.2%,-1.1%,false,false
,Final GDP q/q,JPY,2013-06-09T19:50:00Z,None,0.9%,0.9%,1.0%,false,false
,Bank Holiday,CNY,2013-06-10T00:00:00Z,None,,,,true,false
,Consumer Confidence,JPY,2013-06-10T01:00:00Z,None,44.8,44.5,45.7,false,false
,Unemployment Rate,CHF,2013-06-10T01:45:00Z,None,3.2%,3.1%,3.2%,false,false
,Economy Watchers Sentiment,JPY,2013-06-10T02:00:00Z,None,56.3,56.5,55.7,false,false
,French Industrial Production m/m,EUR,2013-06-10T02:45:00Z,None,0.2%,-0.6%,2.2%,false,false
,Retail Sales y/y,CHF,2013-06-10T03:15:00Z,None,2.5%,-0.8%,3.3%,false,false
,Italian Industrial Production m/m,EUR,2013-06-10T04:00:00Z,None,0.1%,-0.9%,-0.3%,false,false
,Sentix Investor Confidence,EUR,2013-06-10T04:30:00Z,None,-10.0,-15.6,-11.6,false,false
,Housing Starts,CAD,2013-06-10T08:13:00Z,None,176K,176K,200K,false,false
,FOMC Member Bullard Speaks,USD,2013-06-10T09:50:00Z,None,,,,false,false
,Gov Board Member Danthine Speaks,CHF,2013-06-10T15:00:00Z,None,,,,false,false
,RICS House Price Balance,GBP,2013-06-10T19:01:00Z,None,2%,1%,5%,false,false
,BSI Manufacturing Index,JPY,2013-06-10T19:50:00Z,None,-2.1,-4.6,5.0,false,false
,M2 Money Stock y/y,JPY,2013-06-10T19:50:00Z,None,3.5%,3.2%,3.4%,false,false
,NAB Business Confidence,AUD,2013-06-10T21:30:00Z,None,,-1,-1,false,false
,Home Loans m/m,AUD,2013-06-10T21:30:00Z,None,2.1%,4.8%,0.8%,false,false
,Monetary Policy Statement,JPY,2013-06-10T22:48:00Z,High,,,,false,false
,Bank Holiday,CNY,2013-06-11T00:00:00Z,None,,,,true,false
,German Constitutional Court Ruling,EUR,2013-06-11T00:00:00Z,High,,,,false,false
,SECO Economic Forecasts,CHF,2013-06-11T01:45:00Z,None,,,,false,false
,Prelim Machine Tool Orders y/y,JPY,2013-06-11T02:04:00Z,None,,-23.6%,-7.4%,false,false
,BOJ Press Conference,JPY,2013-06-11T03:37:00Z,High,,,,false,false
,Manufacturing Production m/m,GBP,2013-06-11T04:30:00Z,High,0.0%,1.1%,-0.2%,false,false
,Industrial Production m/m,GBP,2013-06-11T04:30:00Z,None,-0.4%,0.7%,0.1%,false,false
,10-y Bond Auction,GBP,2013-06-11T05:35:00Z,None,,1.73|1.7,2.37|1.5,false,false
,NFIB Small Business Index,USD,2013-06-11T07:30:00Z,None,93.4,92.1,94.4,false,false
,JOLTS Job Openings,USD,2013-06-11T10:00:00Z,None,3.88M,3.88M,3.76M,false,false
,NIESR GDP Estimate,GBP,2013-06-11T10:00:00Z,None,,1.0%,0.6%,false,false
,Final Wholesale Inventories m/m,USD,2013-06-11T10:00:00Z,None,0.1%,0.3%,0.2%,false,false
,REINZ HPI m/m,NZD,2013-06-11T19:28:00Z,None,,0.8%,0.7%,false,false
,Core Machinery Orders m/m,JPY,2013-06-11T19:50:00Z,None,-8.3%,14.2%,-8.8%,false,false
,PPI y/y,JPY,2013-06-11T19:50:00Z,None,0.7%,0.1%,0.6%,false,false
,Westpac Consumer Sentiment,AUD,2013-06-11T20:30:00Z,None,,-7.0%,4.7%,false,false
,German Constitutional Court Ruling,EUR,2013-06-12T00:00:00Z,High,,,,false,false
,BOJ Monthly Report,JPY,2013-06-12T01:00:00Z,None,,,,false,false
,French Final Private Payrolls q/q,EUR,2013-06-12T01:30:00Z,None,-0.1%,-0.1%,-0.1%,false,false
,German Final CPI m/m,EUR,2013-06-12T02:00:00Z,None,0.4%,0.4%,0.4%,false,false
,French Final CPI m/m,EUR,2013-06-12T02:45:00Z,None,0.3%,-0.1%,0.1%,false,false
,Claimant Count Change,GBP,2013-06-12T04:30:00Z,High,-6.8K,-11.8K,-8.6K,false,false
,Average Earnings Index 3m/y,GBP,2013-06-12T04:30:00Z,None,0.3%,0.6%,1.3%,false,false
,Unemployment Rate,GBP,2013-06-12T04:30:00Z,None,7.8%,7.8%,7.8%,false,false
,Industrial Production m/m,EUR,2013-06-12T05:00:00Z,None,-0.2%,0.9%,0.4%,false,false
,MPC Member Fisher Speaks,GBP,2013-06-12T05:00:00Z,None,,,,false,false
,Crude Oil Inventories,USD,2013-06-12T10:30:00Z,None,-1.4M,-6.3M,2.5M,false,false
,10-y Bond Auction,USD,2013-06-12T13:00:00Z,None,,1.81|2.7,2.21|2.5,false,false
,Federal Budget Balance,USD,2013-06-12T13:52:00Z,None,-110.2B,112.9B,-138.7B,false,false
,Official Cash Rate,NZD,2013-06-12T17:00:00Z,High,2.50%,2.50%,2.50%,false,false
,RBNZ Press Conference,NZD,2013-06-12T17:00:00Z,High,,,,false,false
,RBNZ Rate Statement,NZD,2013-06-12T17:00:00Z,High,,,,false,false
,RBNZ Monetary Policy Statement,NZD,2013-06-12T17:00:00Z,None,,,,false,false
,MI Inflation Expectations,AUD,2013-06-12T21:00:00Z,None,,2.3%,2.3%,false,false
,RBNZ Gov Wheeler Speaks,NZD,2013-06-12T21:10:00Z,High,,,,false,false
,Employment Change,AUD,2013-06-12T21:30:00Z,High,-9.8K,45.0K,1.1K,false,false
,Unemployment Rate,AUD,2013-06-12T21:30:00Z,High,5.6%,5.6%,5.5%,false,false
,German WPI m/m,EUR,2013-06-13T02:00:00Z,None,-0.2%,-0.2%,-0.4%,false,false
,PPI m/m,CHF,2013-06-13T03:15:00Z,None,0.1%,0.2%,-0.3%,false,false
,ECB Monthly Bulletin,EUR,2013-06-13T04:00:00Z,None,,,,false,false
,MPC Member Tucker Speaks,GBP,2013-06-13T08:15:00Z,None,,,,false,false
,NHPI m/m,CAD,2013-06-13T08:30:00Z,None,0.3%,0.1%,0.2%,false,false
,Capacity Utilization Rate,CAD,2013-06-13T08:30:00Z,None,81.3%,80.5%,81.1%,false,false
,Core Retail Sales m/m,USD,2013-06-13T08:30:00Z,High,0.3%,0.0%,0.3%,false,false
,Retail Sales m/m,USD,2013-06-13T08:30:00Z,High,0.4%,0.1%,0.6%,false,false
,Unemployment Claims,USD,2013-06-13T08:30:00Z,High,354K,346K,334K,false,false
,Import Prices m/m,USD,2013-06-13T08:30:00Z,None,0.0%,-0.7%,-0.6%,false,false
,Business Inventories m/m,USD,2013-06-13T10:00:00Z,None,0.3%,-0.1%,0.3%,false,false
,BOC Financial System Review,CAD,2013-06-13T10:30:00Z,None,,,,false,false
,Natural Gas Storage,USD,2013-06-13T10:30:00Z,None,96B,111B,95B,false,false
,German Buba President Weidmann Speaks,EUR,2013-06-13T13:00:00Z,None,,,,false,false
,30-y Bond Auction,USD,2013-06-13T13:00:00Z,None,,2.98|2.5,3.36|2.5,false,false
,BusinessNZ Manufacturing Index,NZD,2013-06-13T18:33:00Z,None,,55.2,59.2,false,false
,FPI m/m,NZD,2013-06-13T18:45:00Z,None,,0.2%,0.3%,false,false
,Monetary Policy Meeting Minutes,JPY,2013-06-13T19:50:00Z,None,,,,false,false
,Final Employment Change q/q,EUR,2013-06-14T05:00:00Z,None,-0.2%,-0.3%,-0.5%,false,false
,CB Leading Index m/m,GBP,2013-06-14T05:00:00Z,None,,0.4%,0.2%,false,false
,Final Core CPI y/y,EUR,2013-06-14T05:00:00Z,None,1.2%,1.2%,1.2%,false,false
,Final CPI y/y,EUR,2013-06-14T05:00:00Z,None,1.4%,1.4%,1.4%,false,false
,MPC Member McCafferty Speaks,GBP,2013-06-14T05:50:00Z,None,,,,false,false
,Current Account,USD,2013-06-14T08:30:00Z,None,-110B,-102B,-106B,false,false
,Core PPI m/m,USD,2013-06-14T08:30:00Z,None,0.1%,0.1%,0.1%,false,false
,PPI m/m,USD,2013-06-14T08:30:00Z,High,0.1%,-0.7%,0.5%,false,false
,Manufacturing Sales m/m,CAD,2013-06-14T08:30:00Z,High,0.3%,-0.6%,-2.4%,false,false
,TIC Long-Term Purchases,USD,2013-06-14T09:00:00Z,None,35.0B,-13.4B,-37.3B,false,false
,Capacity Utilization Rate,USD,2013-06-14T09:15:00Z,None,77.9%,77.7%,77.6%,false,false
,Industrial Production m/m,USD,2013-06-14T09:15:00Z,None,0.3%,-0.4%,0.0%,false,false
,Prelim UoM Consumer Sentiment,USD,2013-06-14T09:55:00Z,High,84.9,84.5,82.7,false,false
,Prelim UoM Inflation Expectations,USD,2013-06-14T09:55:00Z,None,,3.1%,3.2%,false,false
,Westpac Consumer Sentiment,NZD,2013-06-16T18:00:00Z,None,,110.8,116.6,false,false
,BusinessNZ Services Index,NZD,2013-06-16T18:30:00Z,None,,55.0,56.2,false,false
,Rightmove HPI m/m,GBP,2013-06-16T19:01:00Z,None,,2.1%,1.2%,false,false
,Tertiary Industry Activity m/m,JPY,2013-06-16T19:50:00Z,None,0.2%,-0.2%,0.0%,false,false
,New Motor Vehicle Sales m/m,AUD,2013-06-16T21:30:00Z,None,,-1.7%,0.0%,false,false
,G8 Meetings,All,2013-06-17T00:00:00Z,High,,,,false,false
,Italian Trade Balance,EUR,2013-06-17T04:00:00Z,None,2.48B,3.24B,1.91B,false,false
,Trade Balance,EUR,2013-06-17T05:00:00Z,None,21.2B,18.1B,16.1B,false,false
,German Buba Monthly Report,EUR,2013-06-17T06:00:00Z,None,,,,false,false
,Foreign Securities Purchases,CAD,2013-06-17T08:30:00Z,None,4.59B,0.96B,14.91B,false,false
,Empire State Manufacturing Index,USD,2013-06-17T08:30:00Z,None,0.4,-1.4,7.8,false,false
,NAHB Housing Market Index,USD,2013-06-17T10:00:00Z,None,45,44,52,false,false
,German Buba President Weidmann Speaks,EUR,2013-06-17T11:10:00Z,None,,,,false,false
,Monetary Policy Meeting Minutes,AUD,2013-06-17T21:30:00Z,High,,,,false,false
,CB Leading Index m/m,CNY,2013-06-17T22:00:00Z,None,,1.5%,0.3%,false,false
,Foreign Direct Investment ytd/y,CNY,2013-06-17T22:00:00Z,None,,1.2%,1.0%,false,false
,G8 Meetings,All,2013-06-18T00:00:00Z,High,,,,false,false
,Revised Industrial Production m/m,JPY,2013-06-18T00:30:00Z,None,1.7%,1.7%,0.9%,false,false
,ECB President Draghi Speaks,EUR,2013-06-18T02:00:00Z,High,,,,false,false
,PPI Input m/m,GBP,2013-06-18T04:30:00Z,None,0.1%,-2.3%,-0.3%,false,false
,Core CPI y/y,GBP,2013-06-18T04:30:00Z,None,2.1%,2.0%,2.2%,false,false
,ONS HPI y/y,GBP,2013-06-18T04:30:00Z,None,2.6%,2.7%,2.6%,false,false
,PPI Output m/m,GBP,2013-06-18T04:30:00Z,None,0.0%,-0.2%,0.0%,false,false
,RPI y/y,GBP,2013-06-18T04:30:00Z,None,3.1%,2.9%,3.1%,false,false
,CPI y/y,GBP,2013-06-18T04:30:00Z,High,2.6%,2.4%,2.7%,false,false
,German ZEW Economic Sentiment,EUR,2013-06-18T05:00:00Z,High,38.2,36.4,38.5,false,false
,ZEW Economic Sentiment,EUR,2013-06-18T05:00:00Z,None,29.4,27.6,30.6,false,false
,Core CPI y/y,USD,2013-06-18T08:30:00Z,High,1.7%,1.7%,1.7%,false,false
,Building Permits,USD,2013-06-18T08:30:00Z,High,0.98M,1.01M,0.97M,false,false
,CPI m/m,USD,2013-06-18T08:30:00Z,None,0.1%,-0.4%,0.1%,false,false
,Housing Starts,USD,2013-06-18T08:30:00Z,None,0.95M,0.86M,0.91M,false,false
,Core CPI m/m,USD,2013-06-18T08:30:00Z,High,0.2%,0.1%,0.2%,false,false
,CPI y/y,USD,2013-06-18T08:30:00Z,High,1.4%,1.1%,1.4%,false,false
,GDT Price Index,NZD,2013-06-18T10:30:00Z,None,,-5.3%,2.4%,false,false
,Current Account,NZD,2013-06-18T18:45:00Z,None,-0.64B,-3.23B,-0.66B,false,false
,Trade Balance,JPY,2013-06-18T19:50:00Z,None,-0.89T,-0.70T,-0.82T,false,false
,CB Leading Index m/m,AUD,2013-06-18T20:00:00Z,None,,0.1%,0.3%,false,false
,MI Leading Index m/m,AUD,2013-06-18T20:30:00Z,None,,0.1%,0.6%,false,false
,MPC Official Bank Rate Votes,GBP,2013-06-19T04:30:00Z,High,0-0-9,0-0-9,0-0-9,false,false
,MPC Asset Purchase Facility Votes,GBP,2013-06-19T04:30:00Z,High,3-0-6,3-0-6,3-0-6,false,false
,UBS Economic Expectations,CHF,2013-06-19T05:00:00Z,None,,2.2,2.2,false,false
,German 10-y Bond Auction,EUR,2013-06-19T05:33:00Z,None,,1.41|1.6,1.55|1.5,false,false
,Wholesale Sales m/m,CAD,2013-06-19T08:30:00Z,None,0.5%,0.1%,0.2%,false,false
,Crude Oil Inventories,USD,2013-06-19T10:30:00Z,None,0.5M,2.5M,0.3M,false,false
,BOC Gov Poloz Speaks,CAD,2013-06-19T12:40:00Z,High,,,,false,false
,Federal Funds Rate,USD,2013-06-19T14:00:00Z,None,<0.25%,<0.25%,<0.25%,false,false
,FOMC Economic Projections,USD,2013-06-19T14:00:00Z,High,,,,false,false
,FOMC Statement,USD,2013-06-19T14:00:00Z,High,,,,false,false
,FOMC Press Conference,USD,2013-06-19T14:30:00Z,High,,,,false,false
,BOE Gov King Speaks,GBP,2013-06-19T16:00:00Z,None,,,,false,false
,GDP q/q,NZD,2013-06-19T18:45:00Z,High,0.6%,1.5%,0.3%,false,false
,RBA Bulletin,AUD,2013-06-19T21:30:00Z,None,,,,false,false
,Caixin Flash Manufacturing PMI,CNY,2013-06-19T21:45:00Z,High,49.4,49.2,48.3,false,false
,Eurogroup Meetings,EUR,2013-06-20T00:00:00Z,High,,,,true,false
,SNB Financial Stability Report,CHF,2013-06-20T00:30:00Z,None,,,,false,false
,Trade Balance,CHF,2013-06-20T02:00:00Z,None,2.45B,1.70B,2.22B,false,false
,German PPI m/m,EUR,2013-06-20T02:00:00Z,None,0.0%,-0.2%,-0.3%,false,false
,French Flash Manufacturing PMI,EUR,2013-06-20T03:00:00Z,High,47.1,46.4,48.3,false,false
,French Flash Services PMI,EUR,2013-06-20T03:00:00Z,None,45.0,44.3,46.5,false,false
,Libor Rate,CHF,2013-06-20T03:30:00Z,High,<0.25%,<0.25%,<0.25%,false,false
,SNB Monetary Policy Assessment,CHF,2013-06-20T03:30:00Z,High,,,,false,false
,SNB Press Conference,CHF,2013-06-20T03:30:00Z,High,,,,false,false
,German Flash Manufacturing PMI,EUR,2013-06-20T03:30:00Z,High,49.9,49.4,48.7,false,false
,German Flash Services PMI,EUR,2013-06-20T03:30:00Z,None,50.1,49.7,51.3,false,false
,Flash Manufacturing PMI,EUR,2013-06-20T04:00:00Z,None,48.6,48.3,48.7,false,false
,Flash Services PMI,EUR,2013-06-20T04:00:00Z,None,47.7,47.2,48.6,false,false
,Retail Sales m/m,GBP,2013-06-20T04:30:00Z,High,0.8%,-1.1%,2.1%,false,false
,Spanish 10-y Bond Auction,EUR,2013-06-20T04:46:00Z,None,,4.52|2.5,4.77|1.8,false,false
,CBI Industrial Order Expectations,GBP,2013-06-20T06:00:00Z,None,-15,-20,-18,false,false
,Unemployment Claims,USD,2013-06-20T08:30:00Z,High,343K,336K,354K,false,false
,Flash Manufacturing PMI,USD,2013-06-20T09:00:00Z,None,52.5,52.3,52.2,false,false
,MPC Member Fisher Speaks,GBP,2013-06-20T09:15:00Z,None,,,,false,false
,Consumer Confidence,EUR,2013-06-20T10:00:00Z,None,-22,-22,-19,false,false
,Existing Home Sales,USD,2013-06-20T10:00:00Z,High,5.01M,4.97M,5.18M,false,false
,Philly Fed Manufacturing Index,USD,2013-06-20T10:00:00Z,High,-0.6,-5.2,12.5,false,false
,CB Leading Index m/m,USD,2013-06-20T10:00:00Z,None,0.2%,0.8%,0.1%,false,false
,Natural Gas Storage,USD,2013-06-20T10:30:00Z,None,89B,95B,91B,false,false
,ECOFIN Meetings,EUR,2013-06-21T00:00:00Z,None,,,,true,false
,BOJ Gov Kuroda Speaks,JPY,2013-06-21T02:35:00Z,High,,,,false,false
,Current Account,EUR,2013-06-21T04:00:00Z,None,15.1B,25.9B,19.5B,false,false
,Public Sector Net Borrowing,GBP,2013-06-21T04:30:00Z,None,12.7B,6.6B,10.5B,false,false
,Core CPI m/m,CAD,2013-06-21T08:30:00Z,High,0.3%,0.1%,0.2%,false,false
,Core Retail Sales m/m,CAD,2013-06-21T08:30:00Z,High,0.0%,-0.3%,-0.3%,false,false
,CPI m/m,CAD,2013-06-21T08:30:00Z,None,0.4%,-0.2%,0.2%,false,false
,Retail Sales m/m,CAD,2013-06-21T08:30:00Z,None,0.2%,0.0%,0.1%,false,false
,Visitor Arrivals m/m,NZD,2013-06-23T18:45:00Z,None,,2.1%,-0.6%,false,false
,Credit Card Spending y/y,NZD,2013-06-23T23:00:00Z,None,,4.0%,2.4%,false,false
,German ifo Business Climate,EUR,2013-06-24T04:00:00Z,High,106.0,105.7,105.9,false,false
,Belgian NBB Business Climate,EUR,2013-06-24T09:00:00Z,None,-11.1,-12.4,-12.8,false,false
,SPPI y/y,JPY,2013-06-24T19:50:00Z,None,0.1%,-0.3%,0.3%,false,false
,Italian Retail Sales m/m,EUR,2013-06-25T04:00:00Z,None,0.0%,-0.3%,-0.1%,false,false
,Monetary Policy Report Hearings,GBP,2013-06-25T04:30:00Z,High,,,,false,false
,High Street Lending,GBP,2013-06-25T04:30:00Z,None,33.1K,33.0K,36.1K,false,false
,CBI Realized Sales,GBP,2013-06-25T06:00:00Z,None,1,-11,1,false,false
,Gov Board Member Zurbrugg Speaks,CHF,2013-06-25T07:30:00Z,None,,,,false,false
,ECB President Draghi Speaks,EUR,2013-06-25T08:15:00Z,High,,,,false,false
,Core Durable Goods Orders m/m,USD,2013-06-25T08:30:00Z,High,0.0%,1.5%,0.7%,false,false
,Durable Goods Orders m/m,USD,2013-06-25T08:30:00Z,None,3.0%,3.5%,3.6%,false,false
,S&P/CS Composite-20 HPI y/y,USD,2013-06-25T09:00:00Z,None,10.6%,10.9%,12.1%,false,false
,HPI m/m,USD,2013-06-25T09:00:00Z,None,1.2%,1.5%,0.7%,false,false
,Richmond Manufacturing Index,USD,2013-06-25T09:59:00Z,None,0,-2,8,false,false
,CB Consumer Confidence,USD,2013-06-25T10:00:00Z,High,75.2,74.3,81.4,false,false
,New Home Sales,USD,2013-06-25T10:00:00Z,High,462K,466K,476K,false,false
,Treasury Sec Lew Speaks,USD,2013-06-25T17:00:00Z,None,,,,false,false
,RBNZ Statement of Intent,NZD,2013-06-25T22:00:00Z,None,,,,false,false
,ECOFIN Meetings,EUR,2013-06-26T00:00:00Z,None,,,,true,false
,UBS Consumption Indicator,CHF,2013-06-26T02:00:00Z,None,,1.43,1.46,false,false
,German GfK Consumer Climate,EUR,2013-06-26T02:00:00Z,None,6.6,6.5,6.8,false,false
,ECB President Draghi Speaks,EUR,2013-06-26T03:48:00Z,High,,,,false,false
,BOE Gov King Speaks,GBP,2013-06-26T05:30:00Z,High,,,,false,false
,BOE Financial Stability Report,GBP,2013-06-26T05:30:00Z,None,,,,false,false
,FPC Statement,GBP,2013-06-26T05:30:00Z,None,,,,false,false
,Government Spending Review,GBP,2013-06-26T07:30:00Z,None,,,,false,false
,Final GDP q/q,USD,2013-06-26T08:30:00Z,None,2.4%,2.4%,1.8%,false,false
,Final GDP Price Index q/q,USD,2013-06-26T08:30:00Z,None,1.1%,1.1%,1.2%,false,false
,Crude Oil Inventories,USD,2013-06-26T10:30:00Z,None,-1.9M,0.3M,0.0M,false,false
,Gov Council Member Lane Speaks,CAD,2013-06-26T12:00:00Z,None,,,,false,false
,Trade Balance,NZD,2013-06-26T18:45:00Z,High,412M,174M,71M,false,false
,ANZ Business Confidence,NZD,2013-06-26T21:00:00Z,High,,41.8,50.1,false,false
,EU Economic Summit,EUR,2013-06-27T00:00:00Z,None,,,,false,false
,All Industries Activity m/m,JPY,2013-06-27T00:30:00Z,None,0.5%,0.2%,0.4%,false,false
,German Import Prices m/m,EUR,2013-06-27T02:00:00Z,None,-0.1%,-1.4%,-0.4%,false,false
,Spanish Flash CPI y/y,EUR,2013-06-27T03:00:00Z,None,1.9%,1.7%,2.1%,false,false
,German Unemployment Change,EUR,2013-06-27T03:55:00Z,None,7K,17K,-12K,false,false
,M3 Money Supply y/y,EUR,2013-06-27T04:00:00Z,None,2.9%,3.2%,2.9%,false,false
,Private Loans y/y,EUR,2013-06-27T04:00:00Z,None,-0.8%,-0.9%,-1.1%,false,false
,Retail PMI,EUR,2013-06-27T04:10:00Z,None,,46.8,49.1,false,false
,Current Account,GBP,2013-06-27T04:30:00Z,High,-11.9B,-13.6B,-14.5B,false,false
,Final GDP q/q,GBP,2013-06-27T04:30:00Z,None,0.3%,0.3%,0.3%,false,false
,Revised Business Investment q/q,GBP,2013-06-27T04:30:00Z,None,-0.4%,-0.4%,-1.9%,false,false
,Italian 10-y Bond Auction,EUR,2013-06-27T05:14:00Z,High,,4.14|1.4,4.55|1.5,false,false
,Unemployment Claims,USD,2013-06-27T08:30:00Z,High,347K,355K,346K,false,false
,Core PCE Price Index m/m,USD,2013-06-27T08:30:00Z,None,0.1%,0.0%,0.1%,false,false
,Personal Spending m/m,USD,2013-06-27T08:30:00Z,None,0.3%,-0.3%,0.3%,false,false
,Personal Income m/m,USD,2013-06-27T08:30:00Z,None,0.2%,0.1%,0.5%,false,false
,SNB Quarterly Bulletin,CHF,2013-06-27T09:00:00Z,None,,,,false,false
,Pending Home Sales m/m,USD,2013-06-27T10:00:00Z,High,1.1%,-0.5%,6.7%,false,false
,FOMC Member Dudley Speaks,USD,2013-06-27T10:00:00Z,None,,,,false,false
,FOMC Member Powell Speaks,USD,2013-06-27T10:30:00Z,None,,,,false,false
,Natural Gas Storage,USD,2013-06-27T10:30:00Z,None,89B,91B,95B,false,false
,Building Consents m/m,NZD,2013-06-27T18:45:00Z,None,,21.0%,1.3%,false,false
,GfK Consumer Confidence,GBP,2013-06-27T19:05:00Z,None,-21,-22,-21,false,false
,Final Manufacturing PMI,JPY,2013-06-27T19:15:00Z,None,,51.5,52.3,false,false
,Household Spending y/y,JPY,2013-06-27T19:30:00Z,None,1.5%,1.5%,-1.6%,false,false
,Tokyo Core CPI y/y,JPY,2013-06-27T19:30:00Z,None,0.2%,0.1%,0.2%,false,false
,National Core CPI y/y,JPY,2013-06-27T19:30:00Z,None,0.0%,-0.4%,0.0%,false,false
,Unemployment Rate,JPY,2013-06-27T19:30:00Z,None,4.0%,4.1%,4.1%,false,false
,Prelim Industrial Production m/m,JPY,2013-06-27T19:50:00Z,None,0.2%,1.7%,2.0%,false,false
,Retail Sales y/y,JPY,2013-06-27T19:50:00Z,None,0.1%,-0.2%,0.8%,false,false
,Private Sector Credit m/m,AUD,2013-06-27T21:30:00Z,None,0.2%,0.3%,0.3%,false,false
,German Prelim CPI m/m,EUR,2013-06-28T00:00:00Z,None,0.0%,0.4%,0.1%,true,false
,EU Economic Summit,EUR,2013-06-28T00:00:00Z,None,,,,false,false
,Housing Starts y/y,JPY,2013-06-28T01:00:00Z,None,6.3%,5.8%,14.5%,false,false
,German Retail Sales m/m,EUR,2013-06-28T02:00:00Z,None,0.4%,-0.1%,0.8%,false,false
,Nationwide HPI m/m,GBP,2013-06-28T02:00:00Z,None,0.4%,0.4%,0.3%,false,false
,French Consumer Spending m/m,EUR,2013-06-28T02:45:00Z,None,0.0%,-0.5%,0.5%,false,false
,KOF Economic Barometer,CHF,2013-06-28T03:00:00Z,None,1.21,1.09,1.16,false,false
,Index of Services 3m/3m,GBP,2013-06-28T04:30:00Z,None,0.2%,0.5%,0.8%,false,false
,Italian Prelim CPI m/m,EUR,2013-06-28T05:00:00Z,None,0.1%,0.0%,0.3%,false,false
,FOMC Member Stein Speaks,USD,2013-06-28T08:00:00Z,None,,,,false,false
,GDP m/m,CAD,2013-06-28T08:30:00Z,High,0.1%,0.2%,0.1%,false,false
,RMPI m/m,CAD,2013-06-28T08:30:00Z,None,0.5%,-2.4%,0.2%,false,false
,IPPI m/m,CAD,2013-06-28T08:30:00Z,None,0.7%,-0.9%,0.0%,false,false
,Chicago PMI,USD,2013-06-28T09:45:00Z,None,55.5,58.7,51.6,false,false
,Revised UoM Consumer Sentiment,USD,2013-06-28T09:55:00Z,None,83.1,82.7,84.1,false,false
,Revised UoM Inflation Expectations,USD,2013-06-28T09:55:00Z,None,,3.2%,3.0%,false,false
,Treasury Sec Lew Speaks,USD,2013-06-30T19:30:00Z,None,,,,false,false
,AIG Manufacturing Index,AUD,2013-06-30T19:30:00Z,None,,43.8,49.6,false,false
,Tankan Non-Manufacturing Index,JPY,2013-06-30T19:50:00Z,None,12,6,12,false,false
,Tankan Manufacturing Index,JPY,2013-06-30T19:50:00Z,None,3,-8,4,false,false
,MI Inflation Gauge m/m,AUD,2013-06-30T20:30:00Z,None,,0.2%,0.0%,false,false
,Manufacturing PMI,CNY,2013-06-30T21:00:00Z,High,50.1,50.8,50.1,false,false
,RatingDog Manufacturing PMI,CNY,2013-06-30T21:45:00Z,None,48.3,48.3,48.2,false,false
,Bank Holiday,CAD,2013-07-01T00:00:00Z,None,,,,true,false
,Commodity Prices y/y,AUD,2013-07-01T02:30:00Z,None,,-8.2%,-10.5%,false,false
,Spanish Manufacturing PMI,EUR,2013-07-01T03:15:00Z,None,48.9,48.1,50.0,false,false
,Manufacturing PMI,CHF,2013-07-01T03:30:00Z,None,52.5,52.2,51.9,false,false
,Italian Manufacturing PMI,EUR,2013-07-01T03:45:00Z,None,47.8,47.3,49.1,false,false
,French Final Manufacturing PMI,EUR,2013-07-01T03:50:00Z,None,48.3,48.3,48.4,false,false
,German Final Manufacturing PMI,EUR,2013-07-01T03:55:00Z,None,48.7,48.7,48.6,false,false
,Final Manufacturing PMI,EUR,2013-07-01T04:00:00Z,None,48.7,48.7,48.8,false,false
,Italian Monthly Unemployment Rate,EUR,2013-07-01T04:00:00Z,None,12.1%,12.0%,12.2%,false,false
,Final Manufacturing PMI,GBP,2013-07-01T04:30:00Z,High,51.3,51.5,52.5,false,false
,Mortgage Approvals,GBP,2013-07-01T04:30:00Z,None,56K,54K,58K,false,false
,M4 Money Supply m/m,GBP,2013-07-01T04:30:00Z,None,0.0%,0.3%,-0.1%,false,false
,FPC Meeting Minutes,GBP,2013-07-01T04:30:00Z,None,,,,false,false
,Net Lending to Individuals m/m,GBP,2013-07-01T04:30:00Z,None,1.4B,1.3B,1.0B,false,false
,Core CPI Flash Estimate y/y,EUR,2013-07-01T05:00:00Z,None,,1.2%,1.2%,false,false
,Unemployment Rate,EUR,2013-07-01T05:00:00Z,None,12.3%,12.0%,12.1%,false,false
,CPI Flash Estimate y/y,EUR,2013-07-01T05:00:00Z,None,1.6%,1.4%,1.6%,false,false
,Final Manufacturing PMI,USD,2013-07-01T09:00:00Z,None,52.4,52.2,51.9,false,false
,ISM Manufacturing PMI,USD,2013-07-01T10:00:00Z,High,50.6,49.0,50.9,false,false
,Construction Spending m/m,USD,2013-07-01T10:00:00Z,None,0.6%,0.1%,0.5%,false,false
,ISM Manufacturing Prices,USD,2013-07-01T10:00:00Z,None,50.5,49.5,52.5,false,false
,Monetary Base y/y,JPY,2013-07-01T19:50:00Z,None,41.2%,31.6%,36.0%,false,false
,ANZ Commodity Prices m/m,NZD,2013-07-01T21:00:00Z,None,,-1.6%,-3.7%,false,false
,Average Cash Earnings y/y,JPY,2013-07-01T21:30:00Z,None,0.6%,0.0%,0.0%,false,false
,10-y Bond Auction,JPY,2013-07-01T23:45:00Z,None,,0.86|3.1,0.88|2.4,false,false
,Total Vehicle Sales,USD,2013-07-02T00:00:00Z,None,15.3M,15.3M,16.0M,true,false
,RBA Rate Statement,AUD,2013-07-02T00:30:00Z,High,,,,false,false
,Cash Rate,AUD,2013-07-02T00:30:00Z,High,2.75%,2.75%,2.75%,false,false
,Spanish Unemployment Change,EUR,2013-07-02T03:00:00Z,None,-83.5K,-98.3K,-127.2K,false,false
,Construction PMI,GBP,2013-07-02T04:30:00Z,High,51.3,50.8,51.0,false,false
,MPC Member Tucker Speaks,GBP,2013-07-02T05:00:00Z,None,,,,false,false
,PPI m/m,EUR,2013-07-02T05:00:00Z,None,-0.2%,-0.6%,-0.3%,false,false
,10-y Bond Auction,GBP,2013-07-02T05:38:00Z,None,,2.37|1.5,2.58|1.8,false,false
,Manufacturing PMI,CAD,2013-07-02T09:30:00Z,None,,53.2,52.4,false,false
,Factory Orders m/m,USD,2013-07-02T10:00:00Z,None,2.0%,1.3%,2.1%,false,false
,RCM/TIPP Economic Optimism,USD,2013-07-02T10:00:00Z,None,49.3,49.0,47.1,false,false
,GDT Price Index,NZD,2013-07-02T10:30:00Z,None,,2.4%,0.7%,false,false
,FOMC Member Dudley Speaks,USD,2013-07-02T12:30:00Z,None,,,,false,false
,FOMC Member Powell Speaks,USD,2013-07-02T17:45:00Z,None,,,,false,false
,BRC Shop Price Index y/y,GBP,2013-07-02T19:01:00Z,None,,-0.1%,-0.2%,false,false
,AIG Services Index,AUD,2013-07-02T19:30:00Z,None,,40.6,41.5,false,false
,Non-Manufacturing PMI,CNY,2013-07-02T20:57:00Z,None,,54.3,53.9,false,false
,HIA New Home Sales m/m,AUD,2013-07-02T21:00:00Z,None,,3.9%,1.6%,false,false
,Goods Trade Balance,AUD,2013-07-02T21:30:00Z,High,0.05B,0.17B,0.67B,false,false
,Retail Sales m/m,AUD,2013-07-02T21:30:00Z,High,0.4%,-0.1%,0.1%,false,false
,RatingDog Services PMI,CNY,2013-07-02T21:45:00Z,None,,51.2,51.3,false,false
,RBA Gov Stevens Speaks,AUD,2013-07-02T22:55:00Z,High,,,,false,false
,Spanish Services PMI,EUR,2013-07-03T03:15:00Z,None,47.8,47.3,47.8,false,false
,Italian Services PMI,EUR,2013-07-03T03:45:00Z,None,47.1,46.5,45.8,false,false
,French Final Services PMI,EUR,2013-07-03T03:50:00Z,None,46.5,46.5,47.2,false,false
,German Final Services PMI,EUR,2013-07-03T03:55:00Z,None,51.3,51.3,50.4,false,false
,Final Services PMI,EUR,2013-07-03T04:00:00Z,None,48.6,48.6,48.3,false,false
,Final Services PMI,GBP,2013-07-03T04:30:00Z,High,54.6,54.9,56.9,false,false
,BOE Credit Conditions Survey,GBP,2013-07-03T04:30:00Z,None,,,,false,false
,Housing Equity Withdrawal q/q,GBP,2013-07-03T04:30:00Z,None,-8.5B,-8.3B,-8.8B,false,false
,Retail Sales m/m,EUR,2013-07-03T05:00:00Z,None,0.4%,-0.2%,1.0%,false,false
,Challenger Job Cuts y/y,USD,2013-07-03T07:30:00Z,None,,-41.2%,4.8%,false,false
,ADP Non-Farm Employment Change,USD,2013-07-03T08:15:00Z,High,161K,134K,188K,false,false
,Unemployment Claims,USD,2013-07-03T08:30:00Z,High,345K,348K,343K,false,false
,Trade Balance,USD,2013-07-03T08:30:00Z,High,-40.3B,-40.1B,-45.0B,false,false
,Trade Balance,CAD,2013-07-03T08:30:00Z,High,-0.7B,-1.0B,-0.3B,false,false
,Treasury Sec Lew Speaks,USD,2013-07-03T10:00:00Z,None,,,,false,false
,ISM Services PMI,USD,2013-07-03T10:00:00Z,High,54.3,53.7,52.2,false,false
,Crude Oil Inventories,USD,2013-07-03T10:30:00Z,None,-2.6M,0.0M,-10.3M,false,false
,Natural Gas Storage,USD,2013-07-03T12:00:00Z,None,75B,95B,72B,false,false
,BOJ Gov Kuroda Speaks,JPY,2013-07-03T20:30:00Z,High,,,,false,false
,Building Approvals m/m,AUD,2013-07-03T21:30:00Z,High,-0.9%,9.5%,-1.1%,false,false
,RBA Deputy Gov Lowe Speaks,AUD,2013-07-03T22:30:00Z,None,,,,false,false
,30-y Bond Auction,JPY,2013-07-03T23:45:00Z,None,,1.87|4.1,1.89|4.0,false,false
,Bank Holiday,USD,2013-07-04T00:00:00Z,None,,,,true,false
,Lloyds HPI m/m,GBP,2013-07-04T03:00:00Z,None,0.4%,0.5%,0.6%,false,false
,French 10-y Bond Auction,EUR,2013-07-04T04:57:00Z,None,,2.04|1.6,2.32|1.7,false,false
,Final GDP q/q,EUR,2013-07-04T05:00:00Z,None,-0.2%,-0.2%,-0.3%,false,false
,Official Bank Rate,GBP,2013-07-04T07:00:00Z,High,0.50%,0.50%,0.50%,false,false
,Asset Purchase Facility,GBP,2013-07-04T07:00:00Z,High,375B,375B,375B,false,false
,MPC Rate Statement,GBP,2013-07-04T07:00:00Z,High,,,,false,false
,Main Refinancing Rate,EUR,2013-07-04T07:45:00Z,High,0.50%,0.50%,0.50%,false,false
,ECB Press Conference,EUR,2013-07-04T08:30:00Z,High,,,,false,false
,AIG Construction Index,AUD,2013-07-04T19:30:00Z,None,,35.3,39.5,false,false
,Leading Indicators,JPY,2013-07-05T01:00:00Z,None,96.3%,107.7%,110.5%,false,false
,French Trade Balance,EUR,2013-07-05T02:45:00Z,None,-4.5B,-4.5B,-6.0B,false,false
,Foreign Currency Reserves,CHF,2013-07-05T03:00:00Z,None,,441B,435B,false,false
,CPI m/m,CHF,2013-07-05T03:15:00Z,High,-0.1%,0.1%,0.1%,false,false
,German Factory Orders m/m,EUR,2013-07-05T06:00:00Z,None,1.3%,-2.2%,-1.3%,false,false
,Unemployment Rate,USD,2013-07-05T08:30:00Z,High,7.5%,7.6%,7.6%,false,false
,Average Hourly Earnings m/m,USD,2013-07-05T08:30:00Z,None,0.2%,0.1%,0.4%,false,false
,Non-Farm Employment Change,USD,2013-07-05T08:30:00Z,High,163K,195K,195K,false,false
,Unemployment Rate,CAD,2013-07-05T08:30:00Z,High,7.1%,7.1%,7.1%,false,false
,Employment Change,CAD,2013-07-05T08:30:00Z,High,-4.2K,95.0K,-0.4K,false,false
,Ivey PMI,CAD,2013-07-05T10:00:00Z,High,59.6,63.1,55.3,false,false
,German Buba President Weidmann Speaks,EUR,2013-07-07T05:30:00Z,None,,,,false,false
,Current Account,JPY,2013-07-07T19:50:00Z,High,0.62T,0.85T,0.62T,false,false
,Bank Lending y/y,JPY,2013-07-07T19:50:00Z,None,,1.8%,1.9%,false,false
,ANZ Job Advertisements m/m,AUD,2013-07-07T21:30:00Z,None,,-2.5%,-1.8%,false,false
,REINZ HPI m/m,NZD,2013-07-07T22:35:00Z,None,,0.7%,0.0%,false,false
,Eurogroup Meetings,EUR,2013-07-08T00:00:00Z,High,,,,true,false
,Economy Watchers Sentiment,JPY,2013-07-08T01:00:00Z,None,55.6,55.7,53.0,false,false
,Unemployment Rate,CHF,2013-07-08T01:45:00Z,None,3.2%,3.2%,3.2%,false,false
,German Trade Balance,EUR,2013-07-08T02:00:00Z,None,17.4B,17.5B,14.1B,false,false
,Sentix Investor Confidence,EUR,2013-07-08T04:30:00Z,None,-11.5,-11.6,-12.6,false,false
,German Industrial Production m/m,EUR,2013-07-08T06:00:00Z,None,-0.5%,2.0%,-1.0%,false,false
,Building Permits m/m,CAD,2013-07-08T08:30:00Z,High,2.6%,11.2%,4.5%,false,false
,ECB President Draghi Speaks,EUR,2013-07-08T08:30:00Z,High,,,,false,false
,ECB President Draghi Speaks,EUR,2013-07-08T09:30:00Z,High,,,,false,false
,BOC Business Outlook Survey,CAD,2013-07-08T10:30:00Z,None,,,,false,false
,Consumer Credit m/m,USD,2013-07-08T15:00:00Z,None,13.2B,10.9B,19.6B,false,false
,NZIER Business Confidence,NZD,2013-07-08T18:00:00Z,High,,23,32,false,false
,BRC Retail Sales Monitor y/y,GBP,2013-07-08T19:01:00Z,None,,1.8%,1.4%,false,false
,RICS House Price Balance,GBP,2013-07-08T19:01:00Z,None,9%,5%,21%,false,false
,M2 Money Stock y/y,JPY,2013-07-08T19:50:00Z,None,3.4%,3.5%,3.8%,false,false
,NAB Business Confidence,AUD,2013-07-08T21:30:00Z,None,,-1,0,false,false
,CPI y/y,CNY,2013-07-08T21:30:00Z,High,2.5%,2.1%,2.7%,false,false
,PPI y/y,CNY,2013-07-08T21:30:00Z,None,-2.5%,-2.9%,-2.7%,false,false
,ECOFIN Meetings,EUR,2013-07-09T00:00:00Z,None,,,,true,false
,Prelim Machine Tool Orders y/y,JPY,2013-07-09T02:00:00Z,None,,-7.4%,-12.4%,false,false
,French Gov Budget Balance,EUR,2013-07-09T02:45:00Z,None,,-66.8B,-72.6B,false,false
,Retail Sales y/y,CHF,2013-07-09T03:15:00Z,None,3.7%,3.1%,1.8%,false,false
,Manufacturing Production m/m,GBP,2013-07-09T04:30:00Z,High,0.3%,-0.2%,-0.8%,false,false
,Goods Trade Balance,GBP,2013-07-09T04:30:00Z,None,-8.4B,-8.4B,-8.5B,false,false
,Industrial Production m/m,GBP,2013-07-09T04:30:00Z,None,0.3%,-0.1%,0.0%,false,false
,NFIB Small Business Index,USD,2013-07-09T07:30:00Z,None,96.2,94.4,93.5,false,false
,Housing Starts,CAD,2013-07-09T08:13:00Z,None,189K,205K,200K,false,false
,NIESR GDP Estimate,GBP,2013-07-09T10:00:00Z,None,,0.6%,0.6%,false,false
,JOLTS Job Openings,USD,2013-07-09T10:00:00Z,None,3.81M,3.80M,3.83M,false,false
,Tertiary Industry Activity m/m,JPY,2013-07-09T19:50:00Z,None,0.9%,-0.5%,1.2%,false,false
,PPI y/y,JPY,2013-07-09T19:50:00Z,None,1.2%,0.5%,1.2%,false,false
,Westpac Consumer Sentiment,AUD,2013-07-09T20:30:00Z,High,,4.7%,-0.1%,false,false
,USD-Denominated Trade Balance,CNY,2013-07-09T22:00:00Z,High,27.8B,20.4B,27.1B,false,false
,Consumer Confidence,JPY,2013-07-10T01:00:00Z,None,47.2,45.7,44.3,false,false
,German Final CPI m/m,EUR,2013-07-10T02:00:00Z,None,0.1%,0.1%,0.1%,false,false
,French Industrial Production m/m,EUR,2013-07-10T02:45:00Z,None,-0.5%,2.2%,-0.4%,false,false
,RBA Deputy Gov Debelle Speaks,AUD,2013-07-10T03:40:00Z,None,,,,false,false
,Italian Industrial Production m/m,EUR,2013-07-10T04:00:00Z,None,0.4%,-0.3%,0.1%,false,false
,Final Wholesale Inventories m/m,USD,2013-07-10T10:00:00Z,None,0.3%,-0.1%,-0.5%,false,false
,Crude Oil Inventories,USD,2013-07-10T10:30:00Z,None,-2.9M,-10.3M,-9.9M,false,false
,10-y Bond Auction,USD,2013-07-10T13:00:00Z,High,,2.21|2.5,2.67|2.6,false,false
,FOMC Meeting Minutes,USD,2013-07-10T14:00:00Z,High,,,,false,false
,Fed Chairman Bernanke Speaks,USD,2013-07-10T16:10:00Z,High,,,,false,false
,BusinessNZ Manufacturing Index,NZD,2013-07-10T18:30:00Z,None,,59.0,54.7,false,false
,FPI m/m,NZD,2013-07-10T18:45:00Z,None,,0.3%,2.1%,false,false
,Core Machinery Orders m/m,JPY,2013-07-10T19:50:00Z,None,1.9%,-8.8%,10.5%,false,false
,MI Inflation Expectations,AUD,2013-07-10T21:00:00Z,None,,2.3%,2.6%,false,false
,Unemployment Rate,AUD,2013-07-10T21:30:00Z,High,5.6%,5.6%,5.7%,false,false
,Employment Change,AUD,2013-07-10T21:30:00Z,High,0.3K,-0.7K,10.3K,false,false
,Monetary Policy Statement,JPY,2013-07-10T22:48:00Z,High,,,,false,false
,German WPI m/m,EUR,2013-07-11T02:00:00Z,None,0.3%,-0.4%,-0.4%,false,false
,French Final CPI m/m,EUR,2013-07-11T02:45:00Z,None,0.1%,0.1%,0.2%,false,false
,BOJ Press Conference,JPY,2013-07-11T03:38:00Z,High,,,,false,false
,German Buba President Weidmann Speaks,EUR,2013-07-11T04:00:00Z,None,,,,false,false
,ECB Monthly Bulletin,EUR,2013-07-11T04:00:00Z,None,,,,false,false
,MPC Member Miles Speaks,GBP,2013-07-11T04:30:00Z,None,,,,false,false
,30-y Bond Auction,GBP,2013-07-11T05:42:00Z,None,,3.29|2.0,3.55|1.7,false,false
,NHPI m/m,CAD,2013-07-11T08:30:00Z,None,0.3%,0.2%,0.1%,false,false
,Unemployment Claims,USD,2013-07-11T08:30:00Z,High,342K,344K,360K,false,false
,Import Prices m/m,USD,2013-07-11T08:30:00Z,None,0.1%,-0.7%,-0.2%,false,false
,Natural Gas Storage,USD,2013-07-11T10:30:00Z,None,80B,72B,82B,false,false
,FOMC Member Tarullo Speaks,USD,2013-07-11T11:00:00Z,None,,,,false,false
,30-y Bond Auction,USD,2013-07-11T13:00:00Z,None,,3.36|2.5,3.66|2.3,false,false
,Federal Budget Balance,USD,2013-07-11T13:54:00Z,None,42.1B,-138.7B,116.5B,false,false
,Home Loans m/m,AUD,2013-07-11T21:30:00Z,High,2.3%,1.2%,1.8%,false,false
,Revised Industrial Production m/m,JPY,2013-07-12T00:30:00Z,None,2.0%,2.0%,1.9%,false,false
,BOJ Monthly Report,JPY,2013-07-12T01:00:00Z,None,,,,false,false
,New Loans,CNY,2013-07-12T04:00:00Z,None,800B,667B,861B,false,false
,M2 Money Supply y/y,CNY,2013-07-12T04:00:00Z,None,15.3%,15.8%,14.0%,false,false
,Construction Output m/m,GBP,2013-07-12T04:30:00Z,None,,4.6%,0.0%,false,false
,CB Leading Index m/m,GBP,2013-07-12T05:00:00Z,None,,0.2%,0.4%,false,false
,Industrial Production m/m,EUR,2013-07-12T05:00:00Z,None,-0.2%,0.5%,-0.3%,false,false
,Core PPI m/m,USD,2013-07-12T08:30:00Z,None,0.2%,0.1%,0.2%,false,false
,PPI m/m,USD,2013-07-12T08:30:00Z,High,0.5%,0.5%,0.8%,false,false
,Prelim UoM Consumer Sentiment,USD,2013-07-12T09:55:00Z,High,85.3,84.1,83.9,false,false
,Prelim UoM Inflation Expectations,USD,2013-07-12T09:55:00Z,None,,3.2%,3.3%,false,false
,FOMC Member Bullard Speaks,USD,2013-07-12T13:00:00Z,None,,,,false,false
,Bank Holiday,JPY,2013-07-14T00:00:00Z,None,,,,true,false
,BusinessNZ Services Index,NZD,2013-07-14T18:30:00Z,None,,56.2,55.0,false,false
,Rightmove HPI m/m,GBP,2013-07-14T19:01:00Z,None,,1.2%,0.3%,false,false
,New Motor Vehicle Sales m/m,AUD,2013-07-14T21:30:00Z,None,,0.3%,4.0%,false,false
,Industrial Production y/y,CNY,2013-07-14T22:00:00Z,None,9.1%,9.2%,8.9%,false,false
,Fixed Asset Investment ytd/y,CNY,2013-07-14T22:00:00Z,None,20.3%,20.4%,20.1%,false,false
,GDP q/y,CNY,2013-07-14T22:00:00Z,High,7.7%,7.7%,7.5%,false,false
,NBS Press Conference,CNY,2013-07-14T22:00:00Z,None,,,,false,false
,Retail Sales y/y,CNY,2013-07-14T22:00:00Z,None,12.9%,12.9%,13.3%,false,false
,PPI m/m,CHF,2013-07-15T03:15:00Z,None,0.3%,-0.3%,0.1%,false,false
,FOMC Member Tarullo Speaks,USD,2013-07-15T08:00:00Z,None,,,,false,false
,Retail Sales m/m,USD,2013-07-15T08:30:00Z,High,0.7%,0.5%,0.4%,false,false
,Core Retail Sales m/m,USD,2013-07-15T08:30:00Z,High,0.5%,0.3%,0.0%,false,false
,Empire State Manufacturing Index,USD,2013-07-15T08:30:00Z,None,5.2,7.8,9.5,false,false
,Business Inventories m/m,USD,2013-07-15T10:00:00Z,None,0.2%,0.2%,0.1%,false,false
,CPI q/q,NZD,2013-07-15T18:45:00Z,High,0.3%,0.4%,0.2%,false,false
,Monetary Policy Meeting Minutes,AUD,2013-07-15T21:30:00Z,High,,,,false,false
,Italian Trade Balance,EUR,2013-07-16T04:00:00Z,None,2.14B,2.03B,3.90B,false,false
,PPI Output m/m,GBP,2013-07-16T04:30:00Z,None,0.1%,0.0%,0.1%,false,false
,CPI y/y,GBP,2013-07-16T04:30:00Z,High,3.0%,2.7%,2.9%,false,false
,PPI Input m/m,GBP,2013-07-16T04:30:00Z,None,-0.2%,-0.6%,0.2%,false,false
,RPI y/y,GBP,2013-07-16T04:30:00Z,None,3.3%,3.1%,3.3%,false,false
,Core CPI y/y,GBP,2013-07-16T04:30:00Z,None,2.3%,2.2%,2.3%,false,false
,ONS HPI y/y,GBP,2013-07-16T04:30:00Z,None,2.9%,2.6%,2.9%,false,false
,Trade Balance,EUR,2013-07-16T05:00:00Z,None,15.8B,15.2B,14.6B,false,false
,ZEW Economic Sentiment,EUR,2013-07-16T05:00:00Z,None,31.8,30.6,32.8,false,false
,Final Core CPI y/y,EUR,2013-07-16T05:00:00Z,None,1.2%,1.2%,1.2%,false,false
,Final CPI y/y,EUR,2013-07-16T05:00:00Z,None,1.6%,1.6%,1.6%,false,false
,German ZEW Economic Sentiment,EUR,2013-07-16T05:00:00Z,High,39.8,38.5,36.3,false,false
,MPC Member Fisher Speaks,GBP,2013-07-16T06:30:00Z,None,,,,false,false
,Manufacturing Sales m/m,CAD,2013-07-16T08:30:00Z,High,0.7%,-2.1%,0.7%,false,false
,Core CPI m/m,USD,2013-07-16T08:30:00Z,High,0.2%,0.2%,0.2%,false,false
,Core CPI y/y,USD,2013-07-16T08:30:00Z,High,1.6%,1.7%,1.6%,false,false
,CPI y/y,USD,2013-07-16T08:30:00Z,High,1.6%,1.4%,1.8%,false,false
,CPI m/m,USD,2013-07-16T08:30:00Z,None,0.3%,0.1%,0.5%,false,false
,TIC Long-Term Purchases,USD,2013-07-16T09:00:00Z,None,14.3B,-21.8B,-27.2B,false,false
,Capacity Utilization Rate,USD,2013-07-16T09:15:00Z,None,77.8%,77.7%,77.8%,false,false
,Industrial Production m/m,USD,2013-07-16T09:15:00Z,None,0.2%,0.0%,0.3%,false,false
,NAHB Housing Market Index,USD,2013-07-16T10:00:00Z,None,51,51,57,false,false
,GDT Price Index,NZD,2013-07-16T10:30:00Z,None,,0.7%,5.3%,false,false
,FOMC Member George Speaks,USD,2013-07-16T14:15:00Z,None,,,,false,false
,Monetary Policy Meeting Minutes,JPY,2013-07-16T19:50:00Z,None,,,,false,false
,MI Leading Index m/m,AUD,2013-07-16T20:30:00Z,None,,0.7%,0.2%,false,false
,CB Leading Index m/m,CNY,2013-07-16T22:00:00Z,None,,0.3%,1.0%,false,false
,Foreign Direct Investment ytd/y,CNY,2013-07-16T22:00:00Z,None,,1.0%,4.9%,false,false
,Claimant Count Change,GBP,2013-07-17T04:30:00Z,High,-7.5K,-16.2K,-21.2K,false,false
,MPC Asset Purchase Facility Votes,GBP,2013-07-17T04:30:00Z,High,2-0-7,3-0-6,0-0-9,false,false
,MPC Official Bank Rate Votes,GBP,2013-07-17T04:30:00Z,High,0-0-9,0-0-9,0-0-9,false,false
,Average Earnings Index 3m/y,GBP,2013-07-17T04:30:00Z,None,1.4%,1.3%,1.7%,false,false
,Unemployment Rate,GBP,2013-07-17T04:30:00Z,None,7.8%,7.8%,7.8%,false,false
,UBS Economic Expectations,CHF,2013-07-17T05:00:00Z,None,,2.2,4.8,false,false
,German 10-y Bond Auction,EUR,2013-07-17T05:32:00Z,None,,1.55|1.5,1.57|1.6,false,false
,Housing Starts,USD,2013-07-17T08:30:00Z,None,0.96M,0.93M,0.84M,false,false
,Building Permits,USD,2013-07-17T08:30:00Z,High,1.00M,0.99M,0.91M,false,false
,Foreign Securities Purchases,CAD,2013-07-17T08:30:00Z,None,10.23B,14.91B,6.74B,false,false
,Fed Chairman Bernanke Testifies,USD,2013-07-17T10:00:00Z,High,,,,false,false
,Overnight Rate,CAD,2013-07-17T10:00:00Z,High,1.00%,1.00%,1.00%,false,false
,BOC Rate Statement,CAD,2013-07-17T10:00:00Z,High,,,,false,false
,BOC Monetary Policy Report,CAD,2013-07-17T10:00:00Z,High,,,,false,false
,Fed Monetary Policy Report,USD,2013-07-17T10:00:00Z,None,,,,false,false
,Crude Oil Inventories,USD,2013-07-17T10:30:00Z,None,-1.9M,-9.9M,-6.9M,false,false
,BOC Press Conference,CAD,2013-07-17T11:15:00Z,High,,,,false,false
,FOMC Member Raskin Speaks,USD,2013-07-17T12:30:00Z,None,,,,false,false
,Beige Book,USD,2013-07-17T14:00:00Z,None,,,,false,false
,CB Leading Index m/m,AUD,2013-07-17T20:00:00Z,None,,0.3%,0.0%,false,false
,NAB Quarterly Business Confidence,AUD,2013-07-17T21:30:00Z,None,,2,-1,false,false
,Trade Balance,CHF,2013-07-18T02:00:00Z,None,2.41B,2.12B,2.73B,false,false
,Current Account,EUR,2013-07-18T04:00:00Z,None,21.3B,23.8B,19.6B,false,false
,Retail Sales m/m,GBP,2013-07-18T04:30:00Z,High,0.2%,2.1%,0.2%,false,false
,Spanish 10-y Bond Auction,EUR,2013-07-18T04:54:00Z,None,,4.77|1.8,4.72|2.3,false,false
,Wholesale Sales m/m,CAD,2013-07-18T08:30:00Z,None,0.4%,0.4%,2.3%,false,false
,Unemployment Claims,USD,2013-07-18T08:30:00Z,High,344K,358K,334K,false,false
,Philly Fed Manufacturing Index,USD,2013-07-18T10:00:00Z,High,8.5,12.5,19.8,false,false
,CB Leading Index m/m,USD,2013-07-18T10:00:00Z,None,0.3%,0.2%,0.0%,false,false
,Fed Chairman Bernanke Testifies,USD,2013-07-18T10:30:00Z,High,,,,false,false
,Natural Gas Storage,USD,2013-07-18T10:30:00Z,None,63B,82B,58B,false,false
,Visitor Arrivals m/m,NZD,2013-07-18T18:45:00Z,None,,-0.7%,-1.5%,false,false
,Credit Card Spending y/y,NZD,2013-07-18T23:03:00Z,None,,2.6%,5.4%,false,false
,G20 Meetings,All,2013-07-19T00:00:00Z,High,,,,false,false
,All Industries Activity m/m,JPY,2013-07-19T00:32:00Z,None,1.3%,0.1%,1.1%,false,false
,German PPI m/m,EUR,2013-07-19T02:00:00Z,None,-0.2%,-0.3%,0.0%,false,false
,Public Sector Net Borrowing,GBP,2013-07-19T04:30:00Z,None,9.4B,12.8B,10.2B,false,false
,Core CPI m/m,CAD,2013-07-19T08:30:00Z,High,-0.2%,0.2%,-0.2%,false,false
,CPI m/m,CAD,2013-07-19T08:30:00Z,None,0.2%,0.2%,0.0%,false,false
,Upper House Elections,JPY,2013-07-20T00:00:00Z,High,,,,true,false
,G20 Meetings,All,2013-07-20T00:00:00Z,None,,,,false,false
,German Buba Monthly Report,EUR,2013-07-22T06:00:00Z,None,,,,false,false
,Existing Home Sales,USD,2013-07-22T10:00:00Z,High,5.27M,5.14M,5.08M,false,false
,High Street Lending,GBP,2013-07-23T04:30:00Z,None,38.5K,36.3K,37.3K,false,false
,Core Retail Sales m/m,CAD,2013-07-23T08:30:00Z,High,0.1%,-0.2%,1.2%,false,false
,Retail Sales m/m,CAD,2013-07-23T08:30:00Z,None,0.4%,0.2%,1.9%,false,false
,HPI m/m,USD,2013-07-23T09:00:00Z,None,0.9%,0.5%,0.7%,false,false
,Richmond Manufacturing Index,USD,2013-07-23T09:59:00Z,None,7,8,-11,false,false
,Consumer Confidence,EUR,2013-07-23T10:00:00Z,None,-18,-19,-17,false,false
,Trade Balance,NZD,2013-07-23T18:45:00Z,High,5M,39M,414M,false,false
,Trade Balance,JPY,2013-07-23T19:50:00Z,None,-0.58T,-0.78T,-0.60T,false,false
,CPI m/m,AUD,2013-07-23T21:30:00Z,High,0.5%,0.4%,0.4%,false,false
,Trimmed Mean CPI m/m,AUD,2013-07-23T21:30:00Z,None,0.5%,0.4%,0.5%,false,false
,Caixin Flash Manufacturing PMI,CNY,2013-07-23T21:45:00Z,High,48.6,48.2,47.7,false,false
,French Flash Manufacturing PMI,EUR,2013-07-24T03:00:00Z,High,48.9,48.4,49.8,false,false
,French Flash Services PMI,EUR,2013-07-24T03:00:00Z,None,47.7,47.2,48.3,false,false
,German Flash Manufacturing PMI,EUR,2013-07-24T03:30:00Z,High,49.3,48.6,50.3,false,false
,German Flash Services PMI,EUR,2013-07-24T03:30:00Z,None,50.9,50.4,52.5,false,false
,Flash Manufacturing PMI,EUR,2013-07-24T04:00:00Z,None,49.1,48.8,50.1,false,false
,Flash Services PMI,EUR,2013-07-24T04:00:00Z,None,48.9,48.3,49.6,false,false
,Italian Retail Sales m/m,EUR,2013-07-24T04:00:00Z,None,0.4%,-0.1%,0.1%,false,false
,CBI Industrial Order Expectations,GBP,2013-07-24T06:00:00Z,None,-12,-18,-12,false,false
,Flash Manufacturing PMI,USD,2013-07-24T09:00:00Z,None,52.5,51.9,53.2,false,false
,New Home Sales,USD,2013-07-24T10:00:00Z,High,482K,459K,497K,false,false
,Crude Oil Inventories,USD,2013-07-24T10:30:00Z,None,-2.5M,-6.9M,-2.8M,false,false
,Official Cash Rate,NZD,2013-07-24T17:00:00Z,High,2.50%,2.50%,2.50%,false,false
,RBNZ Rate Statement,NZD,2013-07-24T17:00:00Z,High,,,,false,false
,SPPI y/y,JPY,2013-07-24T19:50:00Z,None,0.7%,0.3%,0.4%,false,false
,Spanish Unemployment Rate,EUR,2013-07-25T03:00:00Z,None,27.2%,27.2%,26.3%,false,false
,German ifo Business Climate,EUR,2013-07-25T04:00:00Z,High,106.3,105.9,106.2,false,false
,M3 Money Supply y/y,EUR,2013-07-25T04:00:00Z,None,3.0%,2.9%,2.3%,false,false
,Private Loans y/y,EUR,2013-07-25T04:00:00Z,None,-0.9%,-1.1%,-1.6%,false,false
,Prelim GDP q/q,GBP,2013-07-25T04:30:00Z,High,0.6%,0.3%,0.6%,false,false
,Index of Services 3m/3m,GBP,2013-07-25T04:30:00Z,None,0.7%,0.8%,0.8%,false,false
,Core Durable Goods Orders m/m,USD,2013-07-25T08:30:00Z,High,0.5%,0.5%,0.0%,false,false
,Unemployment Claims,USD,2013-07-25T08:30:00Z,High,339K,336K,343K,false,false
,Durable Goods Orders m/m,USD,2013-07-25T08:30:00Z,None,1.1%,3.7%,4.2%,false,false
,Treasury Sec Lew Speaks,USD,2013-07-25T08:45:00Z,None,,,,false,false
,Belgian NBB Business Climate,EUR,2013-07-25T09:00:00Z,None,-11.2,-12.8,-12.0,false,false
,Natural Gas Storage,USD,2013-07-25T10:30:00Z,None,44B,58B,41B,false,false
,Tokyo Core CPI y/y,JPY,2013-07-25T19:30:00Z,None,0.3%,0.2%,0.3%,false,false
,National Core CPI y/y,JPY,2013-07-25T19:30:00Z,None,0.3%,0.0%,0.4%,false,false
,German Import Prices m/m,EUR,2013-07-26T02:00:00Z,None,0.4%,-0.4%,-0.8%,false,false
,Revised UoM Consumer Sentiment,USD,2013-07-26T09:55:00Z,None,84.0,83.9,85.1,false,false
,Revised UoM Inflation Expectations,USD,2013-07-26T09:55:00Z,None,,3.3%,3.1%,false,false
,Retail Sales y/y,JPY,2013-07-28T19:50:00Z,None,1.7%,0.8%,1.6%,false,false
,BOJ Gov Kuroda Speaks,JPY,2013-07-29T00:16:00Z,High,,,,false,false
,Net Lending to Individuals m/m,GBP,2013-07-29T04:30:00Z,None,1.4B,1.2B,1.5B,false,false
,M4 Money Supply m/m,GBP,2013-07-29T04:30:00Z,None,0.2%,0.0%,0.1%,false,false
,Mortgage Approvals,GBP,2013-07-29T04:30:00Z,None,60K,58K,58K,false,false
,CBI Realized Sales,GBP,2013-07-29T06:00:00Z,None,11,1,17,false,false
,Pending Home Sales m/m,USD,2013-07-29T10:00:00Z,High,-1.1%,5.8%,-0.4%,false,false
,Building Consents m/m,NZD,2013-07-29T18:45:00Z,None,,1.0%,-4.0%,false,false
,Household Spending y/y,JPY,2013-07-29T19:30:00Z,None,1.2%,-1.6%,-0.4%,false,false
,Unemployment Rate,JPY,2013-07-29T19:30:00Z,None,4.0%,4.1%,3.9%,false,false
,Prelim Industrial Production m/m,JPY,2013-07-29T19:50:00Z,None,-1.4%,1.9%,-3.3%,false,false
,Building Approvals m/m,AUD,2013-07-29T21:30:00Z,High,2.2%,-4.3%,-6.9%,false,false
,RBA Gov Stevens Speaks,AUD,2013-07-29T23:05:00Z,High,,,,false,false
,German Prelim CPI m/m,EUR,2013-07-30T00:00:00Z,None,0.3%,0.1%,0.5%,true,false
,German GfK Consumer Climate,EUR,2013-07-30T02:00:00Z,None,6.9,6.8,7.0,false,false
,Spanish Flash GDP q/q,EUR,2013-07-30T03:00:00Z,None,-0.1%,-0.5%,-0.1%,false,false
,Spanish Flash CPI y/y,EUR,2013-07-30T03:00:00Z,None,1.8%,2.1%,1.8%,false,false
,Retail PMI,EUR,2013-07-30T04:10:00Z,None,,49.1,49.5,false,false
,Italian 10-y Bond Auction,EUR,2013-07-30T05:13:00Z,None,,4.55|1.5,4.46|1.3,false,false
,RMPI m/m,CAD,2013-07-30T08:30:00Z,None,0.0%,0.2%,0.3%,false,false
,IPPI m/m,CAD,2013-07-30T08:30:00Z,None,0.1%,0.0%,0.3%,false,false
,S&P/CS Composite-20 HPI y/y,USD,2013-07-30T09:00:00Z,None,12.4%,12.1%,12.2%,false,false
,CB Consumer Confidence,USD,2013-07-30T10:00:00Z,High,81.1,82.1,80.3,false,false
,GfK Consumer Confidence,GBP,2013-07-30T12:06:00Z,None,-19,-21,-16,false,false
,President Obama Speaks,USD,2013-07-30T14:00:00Z,None,,,,false,false
,BRC Shop Price Index y/y,GBP,2013-07-30T19:01:00Z,None,,-0.2%,-0.5%,false,false
,Final Manufacturing PMI,JPY,2013-07-30T19:15:00Z,None,,52.3,50.7,false,false
,ANZ Business Confidence,NZD,2013-07-30T21:00:00Z,High,,50.1,52.8,false,false
,Private Sector Credit m/m,AUD,2013-07-30T21:30:00Z,None,0.3%,0.3%,0.4%,false,false
,Average Cash Earnings y/y,JPY,2013-07-30T21:30:00Z,None,0.2%,-0.1%,0.1%,false,false
,Housing Starts y/y,JPY,2013-07-31T01:00:00Z,None,15.9%,14.5%,15.3%,false,false
,UBS Consumption Indicator,CHF,2013-07-31T02:00:00Z,None,,1.45,1.44,false,false
,German Retail Sales m/m,EUR,2013-07-31T02:00:00Z,None,0.1%,0.7%,-1.5%,false,false
,French Consumer Spending m/m,EUR,2013-07-31T02:45:00Z,None,0.1%,0.7%,-0.8%,false,false
,KOF Economic Barometer,CHF,2013-07-31T03:00:00Z,None,1.21,1.15,1.23,false,false
,German Unemployment Change,EUR,2013-07-31T03:55:00Z,None,-1K,-13K,-7K,false,false
,Italian Monthly Unemployment Rate,EUR,2013-07-31T04:00:00Z,None,12.3%,12.2%,12.1%,false,false
,Unemployment Rate,EUR,2013-07-31T05:00:00Z,None,12.2%,12.1%,12.1%,false,false
,CPI Flash Estimate y/y,EUR,2013-07-31T05:00:00Z,None,1.6%,1.6%,1.6%,false,false
,Italian Prelim CPI m/m,EUR,2013-07-31T05:00:00Z,None,0.3%,0.3%,0.0%,false,false
,Core CPI Flash Estimate y/y,EUR,2013-07-31T05:00:00Z,None,,1.2%,1.1%,false,false
,German 30-y Bond Auction,EUR,2013-07-31T05:34:00Z,None,,2.16|1.5,2.47|1.6,false,false
,ADP Non-Farm Employment Change,USD,2013-07-31T08:15:00Z,High,179K,198K,200K,false,false
,Advance GDP Price Index q/q,USD,2013-07-31T08:30:00Z,None,1.1%,1.2%,0.7%,false,false
,Advance GDP q/q,USD,2013-07-31T08:30:00Z,High,1.1%,1.8%,1.7%,false,false
,Employment Cost Index q/q,USD,2013-07-31T08:30:00Z,None,0.4%,0.3%,0.5%,false,false
,GDP m/m,CAD,2013-07-31T08:30:00Z,High,0.2%,0.1%,0.2%,false,false
,Chicago PMI,USD,2013-07-31T09:45:00Z,None,53.7,51.6,52.3,false,false
,Crude Oil Inventories,USD,2013-07-31T10:30:00Z,None,-2.1M,-2.8M,0.4M,false,false
,FOMC Statement,USD,2013-07-31T14:00:00Z,High,,,,false,false
,Federal Funds Rate,USD,2013-07-31T14:00:00Z,None,<0.25%,<0.25%,<0.25%,false,false
,AIG Manufacturing Index,AUD,2013-07-31T19:30:00Z,None,,49.6,42.0,false,false
,Manufacturing PMI,CNY,2013-07-31T20:58:00Z,High,49.8,50.1,50.3,false,false
,HIA New Home Sales m/m,AUD,2013-07-31T21:00:00Z,None,,1.6%,3.4%,false,false
,Import Prices q/q,AUD,2013-07-31T21:30:00Z,None,1.9%,0.0%,-0.3%,false,false
,RatingDog Manufacturing PMI,CNY,2013-07-31T21:45:00Z,None,47.7,47.7,47.7,false,false
,10-y Bond Auction,JPY,2013-07-31T23:45:00Z,None,,0.88|2.4,0.80|3.5,false,false
,Bank Holiday,CHF,2013-08-01T00:00:00Z,None,,,,true,false
,Total Vehicle Sales,USD,2013-08-01T00:00:00Z,None,15.8M,16.0M,15.7M,true,false
,Commodity Prices y/y,AUD,2013-08-01T02:30:00Z,None,,-10.4%,-11.8%,false,false
,Spanish Manufacturing PMI,EUR,2013-08-01T03:15:00Z,None,50.7,50.0,49.8,false,false
,Italian Manufacturing PMI,EUR,2013-08-01T03:45:00Z,None,49.8,49.1,50.4,false,false
,French Final Manufacturing PMI,EUR,2013-08-01T03:50:00Z,None,49.8,49.8,49.7,false,false
,German Final Manufacturing PMI,EUR,2013-08-01T03:55:00Z,None,50.3,50.3,50.7,false,false
,Final Manufacturing PMI,EUR,2013-08-01T04:00:00Z,None,50.1,50.1,50.3,false,false
,Final Manufacturing PMI,GBP,2013-08-01T04:30:00Z,High,52.8,52.9,54.6,false,false
,Asset Purchase Facility,GBP,2013-08-01T07:00:00Z,High,375B,375B,375B,false,false
,Official Bank Rate,GBP,2013-08-01T07:00:00Z,High,0.50%,0.50%,0.50%,false,false
,Challenger Job Cuts y/y,USD,2013-08-01T07:30:00Z,None,,4.8%,2.3%,false,false
,Main Refinancing Rate,EUR,2013-08-01T07:45:00Z,High,0.50%,0.50%,0.50%,false,false
,ECB Press Conference,EUR,2013-08-01T08:30:00Z,High,,,,false,false
,Unemployment Claims,USD,2013-08-01T08:30:00Z,High,346K,345K,326K,false,false
,Final Manufacturing PMI,USD,2013-08-01T09:00:00Z,None,53.1,53.2,53.7,false,false
,Manufacturing PMI,CAD,2013-08-01T09:30:00Z,None,,52.4,52.0,false,false
,Construction Spending m/m,USD,2013-08-01T10:00:00Z,None,0.4%,1.3%,-0.6%,false,false
,ISM Manufacturing Prices,USD,2013-08-01T10:00:00Z,None,53.0,52.5,49.0,false,false
,ISM Manufacturing PMI,USD,2013-08-01T10:00:00Z,High,52.1,50.9,55.4,false,false
,Natural Gas Storage,USD,2013-08-01T10:30:00Z,None,55B,41B,59B,false,false
,Monetary Base y/y,JPY,2013-08-01T19:50:00Z,None,43.2%,36.0%,38.0%,false,false
,PPI q/q,AUD,2013-08-01T21:30:00Z,High,0.5%,0.3%,0.1%,false,false
,Nationwide HPI m/m,GBP,2013-08-02T02:00:00Z,None,0.4%,0.3%,0.8%,false,false
,Spanish Unemployment Change,EUR,2013-08-02T03:00:00Z,None,-80.0K,-127.2K,-64.9K,false,false
,Manufacturing PMI,CHF,2013-08-02T03:30:00Z,None,53.1,51.9,57.4,false,false
,Construction PMI,GBP,2013-08-02T04:30:00Z,High,51.6,51.0,57.0,false,false
,PPI m/m,EUR,2013-08-02T05:00:00Z,None,0.1%,-0.2%,0.0%,false,false
,Non-Farm Employment Change,USD,2013-08-02T08:30:00Z,High,184K,188K,162K,false,false
,Average Hourly Earnings m/m,USD,2013-08-02T08:30:00Z,None,0.2%,0.4%,-0.1%,false,false
,Core PCE Price Index m/m,USD,2013-08-02T08:30:00Z,None,0.1%,0.1%,0.2%,false,false
,Personal Income m/m,USD,2013-08-02T08:30:00Z,None,0.5%,0.4%,0.3%,false,false
,Personal Spending m/m,USD,2013-08-02T08:30:00Z,None,0.5%,0.2%,0.5%,false,false
,Unemployment Rate,USD,2013-08-02T08:30:00Z,High,7.5%,7.6%,7.4%,false,false
,Factory Orders m/m,USD,2013-08-02T10:00:00Z,None,2.3%,3.0%,1.5%,false,false
,FOMC Member Bullard Speaks,USD,2013-08-02T12:15:00Z,High,,,,false,false
,Non-Manufacturing PMI,CNY,2013-08-02T21:00:00Z,None,,53.9,54.1,false,false
,Bank Holiday,AUD,2013-08-04T00:00:00Z,None,,,,true,false
,AIG Services Index,AUD,2013-08-04T19:30:00Z,None,,41.5,39.4,false,false
,MI Inflation Gauge m/m,AUD,2013-08-04T20:30:00Z,None,,0.0%,0.5%,false,false
,ANZ Commodity Prices m/m,NZD,2013-08-04T21:00:00Z,None,,-3.7%,0.6%,false,false
,Retail Sales m/m,AUD,2013-08-04T21:30:00Z,High,0.4%,0.2%,0.0%,false,false
,RatingDog Services PMI,CNY,2013-08-04T21:45:00Z,None,,51.3,51.3,false,false
,Bank Holiday,CAD,2013-08-05T00:00:00Z,None,,,,true,false
,Spanish Services PMI,EUR,2013-08-05T03:15:00Z,None,48.4,47.8,48.5,false,false
,Italian Services PMI,EUR,2013-08-05T03:45:00Z,None,46.6,45.8,48.7,false,false
,French Final Services PMI,EUR,2013-08-05T03:50:00Z,None,48.3,48.3,48.6,false,false
,German Final Services PMI,EUR,2013-08-05T03:55:00Z,None,52.5,52.5,51.3,false,false
,Final Services PMI,EUR,2013-08-05T04:00:00Z,None,49.6,49.6,49.8,false,false
,Sentix Investor Confidence,EUR,2013-08-05T04:30:00Z,None,9.8,-12.6,-4.9,false,false
,Final Services PMI,GBP,2013-08-05T04:30:00Z,High,57.4,56.9,60.2,false,false
,Retail Sales m/m,EUR,2013-08-05T05:00:00Z,None,-0.6%,1.1%,-0.5%,false,false
,ISM Services PMI,USD,2013-08-05T10:00:00Z,High,53.2,52.2,56.0,false,false
,Loan Officer Survey,USD,2013-08-05T14:00:00Z,None,,,,false,false
,BRC Retail Sales Monitor y/y,GBP,2013-08-05T19:01:00Z,None,,1.4%,2.2%,false,false
,HPI q/q,AUD,2013-08-05T21:30:00Z,None,1.3%,0.8%,2.4%,false,false
,Goods Trade Balance,AUD,2013-08-05T21:30:00Z,High,0.81B,0.51B,0.60B,false,false
,ANZ Job Advertisements m/m,AUD,2013-08-05T21:30:00Z,None,,-1.6%,-1.1%,false,false
,Cash Rate,AUD,2013-08-06T00:30:00Z,High,2.50%,2.75%,2.50%,false,false
,RBA Rate Statement,AUD,2013-08-06T00:30:00Z,High,,,,false,false
,Leading Indicators,JPY,2013-08-06T01:00:00Z,None,108.0%,110.7%,107.0%,false,false
,Lloyds HPI m/m,GBP,2013-08-06T03:00:00Z,None,0.3%,0.7%,0.9%,false,false
,Italian Industrial Production m/m,EUR,2013-08-06T04:00:00Z,None,0.5%,0.1%,0.3%,false,false
,Manufacturing Production m/m,GBP,2013-08-06T04:30:00Z,High,0.9%,-0.7%,1.9%,false,false
,Industrial Production m/m,GBP,2013-08-06T04:30:00Z,None,0.7%,0.0%,1.1%,false,false
,Italian Prelim GDP q/q,EUR,2013-08-06T05:00:00Z,None,-0.4%,-0.6%,-0.2%,false,false
,German Factory Orders m/m,EUR,2013-08-06T06:00:00Z,None,1.1%,-0.5%,3.8%,false,false
,Trade Balance,CAD,2013-08-06T08:30:00Z,High,-0.5B,-0.8B,-0.5B,false,false
,Trade Balance,USD,2013-08-06T08:30:00Z,High,-43.1B,-44.1B,-34.2B,false,false
,NIESR GDP Estimate,GBP,2013-08-06T10:00:00Z,None,,0.6%,0.7%,false,false
,JOLTS Job Openings,USD,2013-08-06T10:00:00Z,None,3.91M,3.91M,3.94M,false,false
,RCM/TIPP Economic Optimism,USD,2013-08-06T10:00:00Z,None,47.9,47.1,45.1,false,false
,GDT Price Index,NZD,2013-08-06T10:30:00Z,None,,5.3%,-2.4%,false,false
,FOMC Member Evans Speaks,USD,2013-08-06T13:00:00Z,None,,,,false,false
,Unemployment Rate,NZD,2013-08-06T18:45:00Z,High,6.3%,6.2%,6.4%,false,false
,Employment Change q/q,NZD,2013-08-06T18:45:00Z,High,0.4%,1.7%,0.4%,false,false
,Labor Cost Index q/q,NZD,2013-08-06T18:45:00Z,None,0.5%,0.4%,0.4%,false,false
,AIG Construction Index,AUD,2013-08-06T19:30:00Z,None,,39.5,44.1,false,false
,RBA Deputy Gov Debelle Speaks,AUD,2013-08-06T21:30:00Z,None,,,,false,false
,Home Loans m/m,AUD,2013-08-06T21:30:00Z,None,2.2%,1.7%,2.7%,false,false
,SECO Consumer Climate,CHF,2013-08-07T01:45:00Z,None,-2,-5,-9,false,false
,French Trade Balance,EUR,2013-08-07T02:45:00Z,None,-5.0B,-5.7B,-4.4B,false,false
,Foreign Currency Reserves,CHF,2013-08-07T03:00:00Z,None,,435B,435B,false,false
,CPI m/m,CHF,2013-08-07T03:15:00Z,High,-0.3%,0.1%,-0.4%,false,false
,BOE Gov Carney Speaks,GBP,2013-08-07T05:30:00Z,High,,,,false,false
,BOE Monetary Policy Report,GBP,2013-08-07T05:30:00Z,High,,,,false,false
,German Industrial Production m/m,EUR,2013-08-07T06:00:00Z,None,0.3%,-0.8%,2.4%,false,false
,Building Permits m/m,CAD,2013-08-07T08:30:00Z,High,-2.5%,5.8%,-10.3%,false,false
,Ivey PMI,CAD,2013-08-07T10:00:00Z,High,56.3,55.3,48.4,false,false
,Crude Oil Inventories,USD,2013-08-07T10:30:00Z,None,-1.2M,0.4M,-1.3M,false,false
,10-y Bond Auction,USD,2013-08-07T13:00:00Z,None,,2.67|2.6,2.62|2.5,false,false
,Consumer Credit m/m,USD,2013-08-07T15:00:00Z,None,15.3B,17.5B,13.8B,false,false
,Current Account,JPY,2013-08-07T19:50:00Z,High,0.73T,0.62T,0.65T,false,false
,Bank Lending y/y,JPY,2013-08-07T19:50:00Z,None,,1.9%,2.0%,false,false
,Employment Change,AUD,2013-08-07T21:30:00Z,High,6.2K,9.3K,-10.2K,false,false
,Unemployment Rate,AUD,2013-08-07T21:30:00Z,High,5.8%,5.7%,5.7%,false,false
,Monetary Policy Statement,JPY,2013-08-07T22:59:00Z,High,,,,false,false
,USD-Denominated Trade Balance,CNY,2013-08-07T23:05:00Z,High,26.2B,27.1B,17.8B,false,false
,Economy Watchers Sentiment,JPY,2013-08-08T01:00:00Z,None,53.5,53.0,52.3,false,false
,Unemployment Rate,CHF,2013-08-08T01:45:00Z,None,3.2%,3.2%,3.2%,false,false
,German Trade Balance,EUR,2013-08-08T02:00:00Z,None,15.2B,14.6B,15.7B,false,false
,BOJ Press Conference,JPY,2013-08-08T03:31:00Z,High,,,,false,false
,ECB Monthly Bulletin,EUR,2013-08-08T04:00:00Z,None,,,,false,false
,NHPI m/m,CAD,2013-08-08T08:30:00Z,None,0.3%,0.1%,0.2%,false,false
,Unemployment Claims,USD,2013-08-08T08:30:00Z,High,336K,328K,333K,false,false
,Mortgage Delinquencies,USD,2013-08-08T10:00:00Z,None,,7.25%,6.96%,false,false
,Natural Gas Storage,USD,2013-08-08T10:30:00Z,None,74B,59B,96B,false,false
,30-y Bond Auction,USD,2013-08-08T13:00:00Z,None,,3.66|2.3,3.65|2.1,false,false
,Tertiary Industry Activity m/m,JPY,2013-08-08T19:50:00Z,None,-0.2%,1.3%,-0.3%,false,false
,M2 Money Stock y/y,JPY,2013-08-08T19:50:00Z,None,3.8%,3.8%,3.7%,false,false
,RBA Monetary Policy Statement,AUD,2013-08-08T21:30:00Z,High,,,,false,false
,CPI y/y,CNY,2013-08-08T21:30:00Z,High,2.8%,2.7%,2.7%,false,false
,PPI y/y,CNY,2013-08-08T21:30:00Z,None,-2.0%,-2.7%,-2.3%,false,false
,30-y Bond Auction,JPY,2013-08-08T23:45:00Z,None,,1.89|4.0,1.79|4.1,false,false
,BOJ Monthly Report,JPY,2013-08-09T01:00:00Z,None,,,,false,false
,Consumer Confidence,JPY,2013-08-09T01:00:00Z,None,45.3,44.3,43.6,false,false
,Fixed Asset Investment ytd/y,CNY,2013-08-09T01:30:00Z,None,20.0%,20.1%,20.1%,false,false
,Industrial Production y/y,CNY,2013-08-09T01:30:00Z,None,9.0%,8.9%,9.7%,false,false
,Retail Sales y/y,CNY,2013-08-09T01:30:00Z,None,13.5%,13.3%,13.2%,false,false
,French Industrial Production m/m,EUR,2013-08-09T02:45:00Z,None,0.3%,-0.3%,-1.4%,false,false
,French Gov Budget Balance,EUR,2013-08-09T02:45:00Z,None,,-72.6B,-59.3B,false,false
,Italian Trade Balance,EUR,2013-08-09T04:00:00Z,None,4.22B,3.93B,3.62B,false,false
,New Loans,CNY,2013-08-09T04:05:00Z,None,635B,861B,700B,false,false
,M2 Money Supply y/y,CNY,2013-08-09T04:05:00Z,None,13.9%,14.0%,14.5%,false,false
,Construction Output m/m,GBP,2013-08-09T04:30:00Z,None,-1.1%,-0.2%,-0.8%,false,false
,Goods Trade Balance,GBP,2013-08-09T04:30:00Z,None,-8.4B,-8.7B,-8.1B,false,false
,CB Leading Index m/m,GBP,2013-08-09T05:00:00Z,None,,0.4%,-0.2%,false,false
,Housing Starts,CAD,2013-08-09T08:13:00Z,None,193K,194K,193K,false,false
,Unemployment Rate,CAD,2013-08-09T08:30:00Z,High,7.1%,7.1%,7.2%,false,false
,Employment Change,CAD,2013-08-09T08:30:00Z,High,6.2K,-0.4K,-39.4K,false,false
,Final Wholesale Inventories m/m,USD,2013-08-09T10:00:00Z,None,0.5%,-0.6%,-0.2%,false,false
,REINZ HPI m/m,NZD,2013-08-11T17:20:00Z,None,,0.0%,-0.5%,false,false
,FPI m/m,NZD,2013-08-11T18:45:00Z,None,,2.1%,0.5%,false,false
,Prelim GDP q/q,JPY,2013-08-11T19:50:00Z,High,0.9%,1.0%,0.6%,false,false
,PPI y/y,JPY,2013-08-11T19:50:00Z,None,1.9%,1.2%,2.2%,false,false
,Prelim GDP Price Index y/y,JPY,2013-08-11T19:50:00Z,None,-0.7%,-1.1%,-0.3%,false,false
,Revised Industrial Production m/m,JPY,2013-08-12T00:30:00Z,None,-3.1%,-3.3%,-3.1%,false,false
,Prelim Machine Tool Orders y/y,JPY,2013-08-12T02:03:00Z,None,,-12.4%,-12.1%,false,false
,Retail Sales y/y,CHF,2013-08-12T03:15:00Z,None,1.9%,1.5%,2.3%,false,false
,Federal Budget Balance,USD,2013-08-12T13:54:00Z,None,-95.3B,116.5B,-97.6B,false,false
,RICS House Price Balance,GBP,2013-08-12T19:01:00Z,None,25%,21%,36%,false,false
,Core Machinery Orders m/m,JPY,2013-08-12T19:50:00Z,None,-7.1%,10.5%,-2.7%,false,false
,Monetary Policy Meeting Minutes,JPY,2013-08-12T19:50:00Z,None,,,,false,false
,NAB Business Confidence,AUD,2013-08-12T21:30:00Z,None,,0,-3,false,false
,German Final CPI m/m,EUR,2013-08-13T02:00:00Z,None,0.5%,0.5%,0.5%,false,false
,German WPI m/m,EUR,2013-08-13T02:00:00Z,None,0.2%,-0.4%,-0.3%,false,false
,RPI y/y,GBP,2013-08-13T04:30:00Z,None,3.1%,3.3%,3.1%,false,false
,PPI Input m/m,GBP,2013-08-13T04:30:00Z,None,1.2%,0.2%,1.1%,false,false
,CPI y/y,GBP,2013-08-13T04:30:00Z,High,2.8%,2.9%,2.8%,false,false
,Core CPI y/y,GBP,2013-08-13T04:30:00Z,None,2.3%,2.3%,2.0%,false,false
,ONS HPI y/y,GBP,2013-08-13T04:30:00Z,None,3.6%,2.9%,3.1%,false,false
,PPI Output m/m,GBP,2013-08-13T04:30:00Z,None,0.3%,0.1%,0.2%,false,false
,German ZEW Economic Sentiment,EUR,2013-08-13T05:00:00Z,High,40.3,36.3,42.0,false,false
,Industrial Production m/m,EUR,2013-08-13T05:00:00Z,None,1.1%,-0.2%,0.7%,false,false
,ZEW Economic Sentiment,EUR,2013-08-13T05:00:00Z,None,37.4,32.8,44.0,false,false
,NFIB Small Business Index,USD,2013-08-13T07:30:00Z,None,95.4,93.5,94.1,false,false
,Retail Sales m/m,USD,2013-08-13T08:30:00Z,High,0.2%,0.6%,0.2%,false,false
,Core Retail Sales m/m,USD,2013-08-13T08:30:00Z,High,0.4%,0.1%,0.5%,false,false
,Import Prices m/m,USD,2013-08-13T08:30:00Z,None,0.9%,-0.4%,0.2%,false,false
,Business Inventories m/m,USD,2013-08-13T10:00:00Z,None,0.3%,-0.1%,0.0%,false,false
,Retail Sales q/q,NZD,2013-08-13T18:45:00Z,High,1.4%,0.9%,1.7%,false,false
,Core Retail Sales q/q,NZD,2013-08-13T18:49:00Z,None,1.3%,1.0%,2.3%,false,false
,Westpac Consumer Sentiment,AUD,2013-08-13T20:30:00Z,None,,-0.1%,3.5%,false,false
,Wage Price Index q/q,AUD,2013-08-13T21:30:00Z,None,0.8%,0.7%,0.7%,false,false
,French Prelim GDP q/q,EUR,2013-08-14T01:30:00Z,None,0.1%,-0.2%,0.5%,false,false
,German Prelim GDP q/q,EUR,2013-08-14T02:00:00Z,High,0.6%,0.1%,0.7%,false,false
,French Prelim Private Payrolls q/q,EUR,2013-08-14T02:45:00Z,None,0.0%,-0.1%,-0.2%,false,false
,French Final CPI m/m,EUR,2013-08-14T02:45:00Z,None,-0.1%,0.2%,-0.3%,false,false
,PPI m/m,CHF,2013-08-14T03:15:00Z,None,0.4%,0.1%,0.0%,false,false
,Claimant Count Change,GBP,2013-08-14T04:30:00Z,High,-14.3K,-29.4K,-29.2K,false,false
,MPC Asset Purchase Facility Votes,GBP,2013-08-14T04:30:00Z,High,0-0-9,0-0-9,0-0-9,false,false
,MPC Official Bank Rate Votes,GBP,2013-08-14T04:30:00Z,High,0-0-9,0-0-9,0-0-9,false,false
,Average Earnings Index 3m/y,GBP,2013-08-14T04:30:00Z,None,2.1%,1.8%,2.1%,false,false
,Unemployment Rate,GBP,2013-08-14T04:30:00Z,None,7.8%,7.8%,7.8%,false,false
,UBS Economic Expectations,CHF,2013-08-14T05:00:00Z,None,,4.8,7.2,false,false
,Flash GDP q/q,EUR,2013-08-14T05:00:00Z,High,0.2%,-0.3%,0.3%,false,false
,German 10-y Bond Auction,EUR,2013-08-14T05:34:00Z,None,,1.57|1.6,1.80|1.3,false,false
,PPI m/m,USD,2013-08-14T08:30:00Z,High,0.4%,0.8%,0.0%,false,false
,Core PPI m/m,USD,2013-08-14T08:30:00Z,None,0.2%,0.2%,0.1%,false,false
,Crude Oil Inventories,USD,2013-08-14T10:30:00Z,None,-1.4M,-1.3M,-2.8M,false,false
,FOMC Member Bullard Speaks,USD,2013-08-14T13:20:00Z,None,,,,false,false
,FOMC Member Bullard Speaks,USD,2013-08-14T15:15:00Z,None,,,,false,false
,BusinessNZ Manufacturing Index,NZD,2013-08-14T18:30:00Z,None,,55.2,59.5,false,false
,MI Inflation Expectations,AUD,2013-08-14T21:00:00Z,None,,2.6%,2.3%,false,false
,French Bank Holiday,EUR,2013-08-15T00:00:00Z,None,,,,true,false
,Italian Bank Holiday,EUR,2013-08-15T00:00:00Z,None,,,,true,false
,Retail Sales m/m,GBP,2013-08-15T04:30:00Z,High,0.7%,0.2%,1.1%,false,false
,FOMC Member Bullard Speaks,USD,2013-08-15T08:15:00Z,None,,,,false,false
,Core CPI m/m,USD,2013-08-15T08:30:00Z,High,0.2%,0.2%,0.2%,false,false
,Core CPI y/y,USD,2013-08-15T08:30:00Z,High,1.7%,1.6%,1.7%,false,false
,CPI y/y,USD,2013-08-15T08:30:00Z,High,2.0%,1.8%,2.0%,false,false
,Unemployment Claims,USD,2013-08-15T08:30:00Z,High,334K,335K,320K,false,false
,CPI m/m,USD,2013-08-15T08:30:00Z,None,0.2%,0.5%,0.2%,false,false
,Empire State Manufacturing Index,USD,2013-08-15T08:30:00Z,None,10.2,9.5,8.2,false,false
,TIC Long-Term Purchases,USD,2013-08-15T09:00:00Z,None,31.3B,-27.0B,-66.9B,false,false
,Industrial Production m/m,USD,2013-08-15T09:15:00Z,None,0.5%,0.2%,0.0%,false,false
,Capacity Utilization Rate,USD,2013-08-15T09:15:00Z,None,77.9%,77.7%,77.6%,false,false
,NAHB Housing Market Index,USD,2013-08-15T10:00:00Z,None,57,56,59,false,false
,Philly Fed Manufacturing Index,USD,2013-08-15T10:00:00Z,High,15.6,19.8,9.3,false,false
,BOC Review,CAD,2013-08-15T10:30:00Z,None,,,,false,false
,Natural Gas Storage,USD,2013-08-15T10:30:00Z,None,73B,96B,65B,false,false
,RBA Deputy Gov Debelle Speaks,AUD,2013-08-15T21:30:00Z,None,,,,false,false
,Current Account,EUR,2013-08-16T04:00:00Z,None,21.2B,19.5B,16.9B,false,false
,Final CPI y/y,EUR,2013-08-16T05:00:00Z,None,1.6%,1.6%,1.6%,false,false
,Final Core CPI y/y,EUR,2013-08-16T05:00:00Z,None,1.1%,1.1%,1.1%,false,false
,Trade Balance,EUR,2013-08-16T05:00:00Z,None,15.3B,13.8B,14.9B,false,false
,Prelim Unit Labor Costs q/q,USD,2013-08-16T08:30:00Z,None,1.4%,-4.3%,1.4%,false,false
,Manufacturing Sales m/m,CAD,2013-08-16T08:30:00Z,High,0.5%,0.6%,-0.5%,false,false
,Foreign Securities Purchases,CAD,2013-08-16T08:30:00Z,None,7.77B,6.78B,-15.41B,false,false
,Building Permits,USD,2013-08-16T08:30:00Z,High,0.95M,0.92M,0.94M,false,false
,Housing Starts,USD,2013-08-16T08:30:00Z,None,0.91M,0.85M,0.90M,false,false
,Prelim Nonfarm Productivity q/q,USD,2013-08-16T08:30:00Z,None,0.5%,0.5%,0.9%,false,false
,Prelim UoM Consumer Sentiment,USD,2013-08-16T09:55:00Z,High,85.6,85.1,80.0,false,false
,Prelim UoM Inflation Expectations,USD,2013-08-16T09:55:00Z,None,,3.1%,3.1%,false,false
,BusinessNZ Services Index,NZD,2013-08-18T18:30:00Z,None,,55.8,58.1,false,false
,PPI Input q/q,NZD,2013-08-18T18:45:00Z,None,0.6%,0.8%,0.6%,false,false
,PPI Output q/q,NZD,2013-08-18T18:45:00Z,None,0.7%,0.8%,1.0%,false,false
,Rightmove HPI m/m,GBP,2013-08-18T19:01:00Z,None,,0.3%,-1.8%,false,false
,Trade Balance,JPY,2013-08-18T19:50:00Z,None,-0.73T,-0.66T,-0.94T,false,false
,New Motor Vehicle Sales m/m,AUD,2013-08-18T21:30:00Z,None,,3.6%,-3.5%,false,false
,German Buba Monthly Report,EUR,2013-08-19T06:00:00Z,None,,,,false,false
,Monetary Policy Meeting Minutes,AUD,2013-08-19T21:30:00Z,High,,,,false,false
,RBNZ Gov Wheeler Speaks,NZD,2013-08-19T22:00:00Z,High,,,,false,false
,Inflation Expectations q/q,NZD,2013-08-19T23:03:00Z,None,,2.06%,2.36%,false,false
,All Industries Activity m/m,JPY,2013-08-20T00:30:00Z,None,-0.6%,1.2%,-0.6%,false,false
,German PPI m/m,EUR,2013-08-20T02:00:00Z,None,0.2%,0.0%,-0.1%,false,false
,Wholesale Sales m/m,CAD,2013-08-20T08:30:00Z,None,-0.5%,2.2%,-2.8%,false,false
,GDT Price Index,NZD,2013-08-20T10:30:00Z,None,,-2.4%,2.3%,false,false
,Visitor Arrivals m/m,NZD,2013-08-20T18:45:00Z,None,,-1.8%,1.3%,false,false
,MI Leading Index m/m,AUD,2013-08-20T21:30:00Z,None,,0.2%,0.0%,false,false
,CB Leading Index m/m,CNY,2013-08-20T22:00:00Z,None,,0.8%,1.4%,false,false
,Credit Card Spending y/y,NZD,2013-08-20T23:00:00Z,None,,3.7%,4.7%,false,false
,Jackson Hole Symposium,All,2013-08-21T00:00:00Z,None,,,,false,false
,Public Sector Net Borrowing,GBP,2013-08-21T04:30:00Z,None,-3.7B,10.5B,-1.6B,false,false
,CBI Industrial Order Expectations,GBP,2013-08-21T06:00:00Z,None,-8,-12,0,false,false
,Existing Home Sales,USD,2013-08-21T10:00:00Z,High,5.15M,5.06M,5.39M,false,false
,Crude Oil Inventories,USD,2013-08-21T10:30:00Z,None,-1.6M,-2.8M,-1.4M,false,false
,FOMC Meeting Minutes,USD,2013-08-21T14:00:00Z,High,,,,false,false
,CB Leading Index m/m,AUD,2013-08-21T20:00:00Z,None,,0.0%,-0.2%,false,false
,Caixin Flash Manufacturing PMI,CNY,2013-08-21T21:45:00Z,High,48.3,47.7,50.1,false,false
,Jackson Hole Symposium,All,2013-08-22T00:00:00Z,None,,,,false,false
,Trade Balance,CHF,2013-08-22T02:00:00Z,None,2.91B,2.82B,2.38B,false,false
,French Flash Services PMI,EUR,2013-08-22T03:00:00Z,None,49.3,48.6,47.7,false,false
,French Flash Manufacturing PMI,EUR,2013-08-22T03:00:00Z,High,50.4,49.7,49.7,false,false
,German Flash Manufacturing PMI,EUR,2013-08-22T03:30:00Z,High,51.1,50.7,52.0,false,false
,German Flash Services PMI,EUR,2013-08-22T03:30:00Z,None,51.7,51.3,52.4,false,false
,Flash Manufacturing PMI,EUR,2013-08-22T04:00:00Z,None,50.9,50.3,51.3,false,false
,Flash Services PMI,EUR,2013-08-22T04:00:00Z,None,50.2,49.8,51.0,false,false
,Retail Sales m/m,CAD,2013-08-22T08:30:00Z,None,-0.3%,1.8%,-0.6%,false,false
,Unemployment Claims,USD,2013-08-22T08:30:00Z,High,329K,323K,336K,false,false
,Core Retail Sales m/m,CAD,2013-08-22T08:30:00Z,High,0.1%,1.1%,-0.8%,false,false
,HPI m/m,USD,2013-08-22T09:00:00Z,None,0.6%,0.8%,0.7%,false,false
,Flash Manufacturing PMI,USD,2013-08-22T09:00:00Z,None,54.1,53.7,53.9,false,false
,CB Leading Index m/m,USD,2013-08-22T10:00:00Z,None,0.5%,0.0%,0.6%,false,false
,Natural Gas Storage,USD,2013-08-22T10:30:00Z,None,68B,65B,57B,false,false
,Treasury Sec Lew Speaks,USD,2013-08-22T15:15:00Z,None,,,,false,false
,Foreign Direct Investment ytd/y,CNY,2013-08-22T22:00:00Z,None,,4.9%,7.1%,false,false
,Jackson Hole Symposium,All,2013-08-23T00:00:00Z,None,,,,false,false
,German Final GDP q/q,EUR,2013-08-23T02:00:00Z,None,0.7%,0.7%,0.7%,false,false
,Second Estimate GDP q/q,GBP,2013-08-23T04:30:00Z,High,0.6%,0.6%,0.7%,false,false
,High Street Lending,GBP,2013-08-23T04:30:00Z,None,38.8K,37.3K,37.2K,false,false
,Prelim Business Investment q/q,GBP,2013-08-23T04:30:00Z,None,0.6%,-1.9%,0.9%,false,false
,Index of Services 3m/3m,GBP,2013-08-23T04:30:00Z,None,0.7%,0.7%,0.6%,false,false
,Core CPI m/m,CAD,2013-08-23T08:30:00Z,High,0.0%,-0.2%,0.0%,false,false
,CPI m/m,CAD,2013-08-23T08:30:00Z,None,0.1%,0.0%,0.1%,false,false
,Belgian NBB Business Climate,EUR,2013-08-23T09:00:00Z,None,-11.1,-12.0,-8.6,false,false
,Consumer Confidence,EUR,2013-08-23T10:00:00Z,None,-17,-17,-16,false,false
,New Home Sales,USD,2013-08-23T10:00:00Z,High,487K,455K,394K,false,false
,Trade Balance,NZD,2013-08-25T18:45:00Z,High,-18M,374M,-774M,false,false
,SPPI y/y,JPY,2013-08-25T19:50:00Z,None,0.4%,0.4%,0.4%,false,false
,Bank Holiday,GBP,2013-08-26T00:00:00Z,None,,,,true,false
,Core Durable Goods Orders m/m,USD,2013-08-26T08:30:00Z,High,0.6%,-0.1%,-0.6%,false,false
,Durable Goods Orders m/m,USD,2013-08-26T08:30:00Z,None,-3.0%,3.9%,-7.3%,false,false
,German ifo Business Climate,EUR,2013-08-27T04:00:00Z,High,107.1,106.2,107.5,false,false
,Corporate Profits q/q,CAD,2013-08-27T08:30:00Z,None,,-1.2%,-0.8%,false,false
,S&P/CS Composite-20 HPI y/y,USD,2013-08-27T09:00:00Z,None,11.9%,12.2%,12.1%,false,false
,Richmond Manufacturing Index,USD,2013-08-27T09:59:00Z,None,-7,-11,14,false,false
,CB Consumer Confidence,USD,2013-08-27T10:00:00Z,High,79.6,81.0,81.5,false,false
,Gov Council Member Murray Speaks,CAD,2013-08-27T12:45:00Z,None,,,,false,false
,Construction Work Done q/q,AUD,2013-08-27T21:30:00Z,None,1.1%,-1.9%,-0.3%,false,false
,UBS Consumption Indicator,CHF,2013-08-28T02:00:00Z,None,,1.41,1.41,false,false
,German Import Prices m/m,EUR,2013-08-28T02:00:00Z,None,0.3%,-0.8%,0.3%,false,false
,German GfK Consumer Climate,EUR,2013-08-28T02:00:00Z,None,7.1,7.0,6.9,false,false
,M3 Money Supply y/y,EUR,2013-08-28T04:00:00Z,None,2.0%,2.4%,2.2%,false,false
,Private Loans y/y,EUR,2013-08-28T04:00:00Z,None,-1.5%,-1.6%,-1.9%,false,false
,Italian Retail Sales m/m,EUR,2013-08-28T04:00:00Z,None,0.1%,0.1%,-0.2%,false,false
,CBI Realized Sales,GBP,2013-08-28T06:00:00Z,None,19,17,27,false,false
,BOE Gov Carney Speaks,GBP,2013-08-28T08:45:00Z,High,,,,false,false
,Pending Home Sales m/m,USD,2013-08-28T10:00:00Z,High,0.2%,-0.4%,-1.3%,false,false
,Crude Oil Inventories,USD,2013-08-28T10:30:00Z,None,0.5M,-1.4M,3.0M,false,false
,Retail Sales y/y,JPY,2013-08-28T19:50:00Z,None,0.0%,1.6%,-0.3%,false,false
,HIA New Home Sales m/m,AUD,2013-08-28T21:00:00Z,None,,3.4%,-4.7%,false,false
,ANZ Business Confidence,NZD,2013-08-28T21:00:00Z,High,,52.8,48.1,false,false
,Private Capital Expenditure q/q,AUD,2013-08-28T21:30:00Z,High,0.5%,-4.1%,4.0%,false,false
,German Prelim CPI m/m,EUR,2013-08-29T00:00:00Z,None,0.2%,0.5%,0.0%,true,false
,Spanish Flash CPI y/y,EUR,2013-08-29T03:00:00Z,None,1.5%,1.8%,1.5%,false,false
,Employment Level,CHF,2013-08-29T03:15:00Z,None,4.14M,4.15M,4.17M,false,false
,German Unemployment Change,EUR,2013-08-29T03:55:00Z,None,-5K,-7K,7K,false,false
,Retail PMI,EUR,2013-08-29T04:10:00Z,None,,49.5,50.3,false,false
,Italian 10-y Bond Auction,EUR,2013-08-29T05:10:00Z,None,,4.46|1.3,4.46|1.5,false,false
,Current Account,CAD,2013-08-29T08:30:00Z,None,-14.9B,-13.4B,-14.6B,false,false
,RMPI m/m,CAD,2013-08-29T08:30:00Z,None,1.2%,0.3%,4.2%,false,false
,IPPI m/m,CAD,2013-08-29T08:30:00Z,None,0.4%,0.3%,0.3%,false,false
,Prelim GDP q/q,USD,2013-08-29T08:30:00Z,High,2.2%,1.7%,2.5%,false,false
,Unemployment Claims,USD,2013-08-29T08:30:00Z,High,330K,337K,331K,false,false
,Prelim GDP Price Index q/q,USD,2013-08-29T08:30:00Z,None,0.7%,0.7%,0.8%,false,false
,FOMC Member Bullard Speaks,USD,2013-08-29T08:50:00Z,None,,,,false,false
,Natural Gas Storage,USD,2013-08-29T10:30:00Z,None,65B,57B,67B,false,false
,German Buba President Weidmann Speaks,EUR,2013-08-29T12:00:00Z,None,,,,false,false
,Building Consents m/m,NZD,2013-08-29T18:45:00Z,None,,-4.3%,-0.8%,false,false
,GfK Consumer Confidence,GBP,2013-08-29T19:05:00Z,None,-14,-16,-13,false,false
,Final Manufacturing PMI,JPY,2013-08-29T19:15:00Z,None,,50.7,52.2,false,false
,Household Spending y/y,JPY,2013-08-29T19:30:00Z,None,0.4%,-0.4%,0.1%,false,false
,National Core CPI y/y,JPY,2013-08-29T19:30:00Z,None,0.6%,0.4%,0.7%,false,false
,Tokyo Core CPI y/y,JPY,2013-08-29T19:30:00Z,None,0.4%,0.3%,0.4%,false,false
,Unemployment Rate,JPY,2013-08-29T19:30:00Z,None,3.9%,3.9%,3.8%,false,false
,FOMC Member Bullard Speaks,USD,2013-08-29T19:45:00Z,None,,,,false,false
,Prelim Industrial Production m/m,JPY,2013-08-29T19:50:00Z,None,3.9%,-3.1%,3.2%,false,false
,Private Sector Credit m/m,AUD,2013-08-29T21:30:00Z,None,0.4%,0.4%,0.4%,false,false
,Housing Starts y/y,JPY,2013-08-30T01:00:00Z,None,14.5%,15.3%,12.0%,false,false
,German Retail Sales m/m,EUR,2013-08-30T02:00:00Z,None,0.5%,-0.8%,-1.4%,false,false
,Nationwide HPI m/m,GBP,2013-08-30T02:00:00Z,None,0.6%,0.9%,0.6%,false,false
,KOF Economic Barometer,CHF,2013-08-30T03:00:00Z,None,1.34,1.25,1.36,false,false
,Italian Quarterly Unemployment Rate,EUR,2013-08-30T04:00:00Z,None,12.1%,11.9%,12.1%,false,false
,Italian Monthly Unemployment Rate,EUR,2013-08-30T04:00:00Z,None,12.2%,12.1%,12.0%,false,false
,Net Lending to Individuals m/m,GBP,2013-08-30T04:30:00Z,None,1.7B,1.4B,1.3B,false,false
,M4 Money Supply m/m,GBP,2013-08-30T04:30:00Z,None,0.4%,0.1%,0.6%,false,false
,Mortgage Approvals,GBP,2013-08-30T04:30:00Z,None,59K,58K,61K,false,false
,CPI Flash Estimate y/y,EUR,2013-08-30T05:00:00Z,None,1.4%,1.6%,1.3%,false,false
,Unemployment Rate,EUR,2013-08-30T05:00:00Z,None,12.1%,12.1%,12.1%,false,false
,Core CPI Flash Estimate y/y,EUR,2013-08-30T05:00:00Z,None,,1.1%,1.1%,false,false
,Italian Prelim CPI m/m,EUR,2013-08-30T05:00:00Z,None,0.2%,0.1%,0.3%,false,false
,GDP m/m,CAD,2013-08-30T08:30:00Z,High,-0.4%,0.2%,-0.5%,false,false
,Core PCE Price Index m/m,USD,2013-08-30T08:30:00Z,None,0.2%,0.2%,0.1%,false,false
,Personal Spending m/m,USD,2013-08-30T08:30:00Z,None,0.3%,0.6%,0.1%,false,false
,Personal Income m/m,USD,2013-08-30T08:30:00Z,None,0.3%,0.3%,0.1%,false,false
,FOMC Member Bullard Speaks,USD,2013-08-30T09:00:00Z,None,,,,false,false
,Chicago PMI,USD,2013-08-30T09:45:00Z,None,53.2,52.3,53.0,false,false
,Revised UoM Consumer Sentiment,USD,2013-08-30T09:55:00Z,None,81.2,80.0,82.1,false,false
,Revised UoM Inflation Expectations,USD,2013-08-30T09:55:00Z,None,,3.1%,3.0%,false,false
,Manufacturing PMI,CNY,2013-08-31T20:58:00Z,High,50.6,50.3,51.0,false,false
,Overseas Trade Index q/q,NZD,2013-09-01T18:45:00Z,None,3.9%,4.2%,4.9%,false,false
,AIG Manufacturing Index,AUD,2013-09-01T19:25:00Z,None,,42.0,46.4,false,false
,Capital Spending q/y,JPY,2013-09-01T19:50:00Z,None,-2.0%,-3.9%,0.0%,false,false
,MI Inflation Gauge m/m,AUD,2013-09-01T20:30:00Z,None,,0.5%,0.1%,false,false
,Building Approvals m/m,AUD,2013-09-01T21:30:00Z,High,4.1%,-6.3%,10.8%,false,false
,Company Operating Profits q/q,AUD,2013-09-01T21:30:00Z,None,1.1%,3.5%,-0.8%,false,false
,RatingDog Manufacturing PMI,CNY,2013-09-01T21:45:00Z,None,50.2,50.1,50.1,false,false
,Bank Holiday,CAD,2013-09-02T00:00:00Z,None,,,,true,false
,Bank Holiday,USD,2013-09-02T00:00:00Z,None,,,,true,false
,Commodity Prices y/y,AUD,2013-09-02T02:30:00Z,None,,-9.7%,-7.3%,false,false
,Spanish Manufacturing PMI,EUR,2013-09-02T03:15:00Z,None,50.1,49.8,51.1,false,false
,Manufacturing PMI,CHF,2013-09-02T03:30:00Z,None,55.9,57.4,54.6,false,false
,Italian Manufacturing PMI,EUR,2013-09-02T03:45:00Z,None,50.7,50.4,51.3,false,false
,French Final Manufacturing PMI,EUR,2013-09-02T03:50:00Z,None,49.7,49.7,49.7,false,false
,German Final Manufacturing PMI,EUR,2013-09-02T03:55:00Z,None,52.0,52.0,51.8,false,false
,Final Manufacturing PMI,EUR,2013-09-02T04:00:00Z,None,51.3,51.3,51.4,false,false
,Final Manufacturing PMI,GBP,2013-09-02T04:30:00Z,High,55.2,54.8,57.2,false,false
,BRC Retail Sales Monitor y/y,GBP,2013-09-02T19:01:00Z,None,,2.2%,1.8%,false,false
,Monetary Base y/y,JPY,2013-09-02T19:50:00Z,None,41.3%,38.0%,42.0%,false,false
,Non-Manufacturing PMI,CNY,2013-09-02T21:00:00Z,None,,54.1,53.9,false,false
,ANZ Commodity Prices m/m,NZD,2013-09-02T21:00:00Z,None,,0.6%,0.7%,false,false
,Retail Sales m/m,AUD,2013-09-02T21:30:00Z,High,0.4%,0.0%,0.1%,false,false
,Current Account,AUD,2013-09-02T21:30:00Z,None,-8.3B,-8.7B,-9.4B,false,false
,Average Cash Earnings y/y,JPY,2013-09-02T21:30:00Z,None,0.8%,0.6%,0.4%,false,false
,10-y Bond Auction,JPY,2013-09-02T23:45:00Z,None,,0.80|3.5,0.77|3.5,false,false
,Cash Rate,AUD,2013-09-03T00:30:00Z,High,2.50%,2.50%,2.50%,false,false
,RBA Rate Statement,AUD,2013-09-03T00:30:00Z,High,,,,false,false
,GDP q/q,CHF,2013-09-03T01:45:00Z,None,0.3%,0.6%,0.5%,false,false
,Spanish Unemployment Change,EUR,2013-09-03T03:00:00Z,None,-5.2K,-64.9K,0.0K,false,false
,Construction PMI,GBP,2013-09-03T04:30:00Z,High,58.4,57.0,59.1,false,false
,PPI m/m,EUR,2013-09-03T05:00:00Z,None,0.2%,0.0%,0.3%,false,false
,Final Manufacturing PMI,USD,2013-09-03T09:00:00Z,None,53.9,53.9,53.1,false,false
,Manufacturing PMI,CAD,2013-09-03T09:30:00Z,None,,52.0,52.1,false,false
,ISM Manufacturing PMI,USD,2013-09-03T10:00:00Z,High,54.2,55.4,55.7,false,false
,Construction Spending m/m,USD,2013-09-03T10:00:00Z,None,0.3%,0.0%,0.6%,false,false
,ISM Manufacturing Prices,USD,2013-09-03T10:00:00Z,None,51.6,49.0,54.0,false,false
,GDT Price Index,NZD,2013-09-03T10:30:00Z,None,,2.3%,-1.1%,false,false
,BRC Shop Price Index y/y,GBP,2013-09-03T19:01:00Z,None,,-0.5%,-0.5%,false,false
,AIG Services Index,AUD,2013-09-03T19:28:00Z,None,,39.4,39.0,false,false
,GDP q/q,AUD,2013-09-03T21:30:00Z,High,0.6%,0.5%,0.6%,false,false
,RatingDog Services PMI,CNY,2013-09-03T21:45:00Z,None,,51.3,52.8,false,false
,Total Vehicle Sales,USD,2013-09-04T00:00:00Z,None,15.8M,15.7M,16.1M,true,false
,Spanish Services PMI,EUR,2013-09-04T03:15:00Z,None,49.3,48.5,50.4,false,false
,Italian Services PMI,EUR,2013-09-04T03:45:00Z,None,49.2,48.7,48.8,false,false
,French Final Services PMI,EUR,2013-09-04T03:50:00Z,None,47.7,47.7,48.9,false,false
,German Final Services PMI,EUR,2013-09-04T03:55:00Z,None,52.4,52.4,52.8,false,false
,Final Services PMI,EUR,2013-09-04T04:00:00Z,None,51.0,51.0,50.7,false,false
,Final Services PMI,GBP,2013-09-04T04:30:00Z,High,59.3,60.2,60.5,false,false
,Retail Sales m/m,EUR,2013-09-04T05:00:00Z,None,0.5%,-0.7%,0.1%,false,false
,Revised GDP q/q,EUR,2013-09-04T05:00:00Z,None,0.3%,0.3%,0.3%,false,false
,Trade Balance,CAD,2013-09-04T08:30:00Z,High,-0.3B,-0.5B,-0.9B,false,false
,Trade Balance,USD,2013-09-04T08:30:00Z,High,-38.7B,-34.5B,-39.1B,false,false
,BOC Rate Statement,CAD,2013-09-04T10:00:00Z,High,,,,false,false
,Overnight Rate,CAD,2013-09-04T10:00:00Z,High,1.00%,1.00%,1.00%,false,false
,RCM/TIPP Economic Optimism,USD,2013-09-04T10:00:00Z,None,46.2,45.1,46.0,false,false
,Beige Book,USD,2013-09-04T14:00:00Z,None,,,,false,false
,Goods Trade Balance,AUD,2013-09-04T21:30:00Z,High,0.10B,0.24B,-0.77B,false,false
,Monetary Policy Statement,JPY,2013-09-04T22:42:00Z,High,,,,false,false
,G20 Meetings,All,2013-09-05T00:00:00Z,High,,,,false,false
,BOJ Press Conference,JPY,2013-09-05T03:39:00Z,High,,,,false,false
,Spanish 10-y Bond Auction,EUR,2013-09-05T04:41:00Z,None,,4.72|2.3,4.50|2.0,false,false
,French 10-y Bond Auction,EUR,2013-09-05T05:00:00Z,None,,2.32|1.7,2.57|1.9,false,false
,German Factory Orders m/m,EUR,2013-09-05T06:00:00Z,None,-0.7%,5.0%,-2.7%,false,false
,Asset Purchase Facility,GBP,2013-09-05T07:00:00Z,High,375B,375B,375B,false,false
,Official Bank Rate,GBP,2013-09-05T07:00:00Z,High,0.50%,0.50%,0.50%,false,false
,Challenger Job Cuts y/y,USD,2013-09-05T07:30:00Z,None,,2.3%,56.5%,false,false
,Main Refinancing Rate,EUR,2013-09-05T07:45:00Z,High,0.50%,0.50%,0.50%,false,false
,ADP Non-Farm Employment Change,USD,2013-09-05T08:15:00Z,High,175K,198K,176K,false,false
,ECB Press Conference,EUR,2013-09-05T08:30:00Z,High,,,,false,false
,Unemployment Claims,USD,2013-09-05T08:30:00Z,High,332K,332K,323K,false,false
,Revised Nonfarm Productivity q/q,USD,2013-09-05T08:30:00Z,None,1.6%,0.9%,2.3%,false,false
,Revised Unit Labor Costs q/q,USD,2013-09-05T08:30:00Z,None,0.9%,1.4%,0.0%,false,false
,ISM Services PMI,USD,2013-09-05T10:00:00Z,High,55.2,56.0,58.6,false,false
,Factory Orders m/m,USD,2013-09-05T10:00:00Z,None,-3.4%,1.6%,-2.4%,false,false
,Natural Gas Storage,USD,2013-09-05T10:30:00Z,None,55B,67B,58B,false,false
,Crude Oil Inventories,USD,2013-09-05T11:00:00Z,None,-1.9M,3.0M,-1.8M,false,false
,AIG Construction Index,AUD,2013-09-05T19:30:00Z,None,,44.1,43.7,false,false
,Parliamentary Elections,AUD,2013-09-06T00:00:00Z,None,,,,true,false
,G20 Meetings,All,2013-09-06T00:00:00Z,None,,,,false,false
,BOJ Monthly Report,JPY,2013-09-06T01:00:00Z,None,,,,false,false
,Leading Indicators,JPY,2013-09-06T01:00:00Z,None,107.9%,107.2%,107.8%,false,false
,German Trade Balance,EUR,2013-09-06T02:00:00Z,None,15.9B,15.8B,14.5B,false,false
,French Gov Budget Balance,EUR,2013-09-06T02:45:00Z,None,,-59.3B,-80.8B,false,false
,French Trade Balance,EUR,2013-09-06T02:45:00Z,None,-4.5B,-4.5B,-5.1B,false,false
,Foreign Currency Reserves,CHF,2013-09-06T03:00:00Z,None,,434B,434B,false,false
,Lloyds HPI m/m,GBP,2013-09-06T03:00:00Z,None,0.7%,0.9%,0.4%,false,false
,CPI m/m,CHF,2013-09-06T03:15:00Z,High,0.0%,-0.4%,-0.1%,false,false
,Manufacturing Production m/m,GBP,2013-09-06T04:30:00Z,High,0.3%,2.0%,0.2%,false,false
,Consumer Inflation Expectations,GBP,2013-09-06T04:30:00Z,None,,3.6%,3.2%,false,false
,Goods Trade Balance,GBP,2013-09-06T04:30:00Z,None,-8.2B,-8.2B,-9.9B,false,false
,Industrial Production m/m,GBP,2013-09-06T04:30:00Z,None,0.2%,1.3%,0.0%,false,false
,German Industrial Production m/m,EUR,2013-09-06T06:00:00Z,None,-0.3%,2.0%,-1.7%,false,false
,FOMC Member Evans Speaks,USD,2013-09-06T08:00:00Z,None,,,,false,false
,Labor Productivity q/q,CAD,2013-09-06T08:30:00Z,None,0.3%,0.1%,0.5%,false,false
,Employment Change,CAD,2013-09-06T08:30:00Z,High,21.2K,-39.4K,59.2K,false,false
,Average Hourly Earnings m/m,USD,2013-09-06T08:30:00Z,None,0.2%,0.0%,0.2%,false,false
,Non-Farm Employment Change,USD,2013-09-06T08:30:00Z,High,178K,104K,169K,false,false
,Unemployment Rate,CAD,2013-09-06T08:30:00Z,High,7.2%,7.2%,7.1%,false,false
,Unemployment Rate,USD,2013-09-06T08:30:00Z,High,7.4%,7.4%,7.3%,false,false
,NIESR GDP Estimate,GBP,2013-09-06T09:57:00Z,None,,0.7%,0.9%,false,false
,Ivey PMI,CAD,2013-09-06T10:00:00Z,High,52.6,48.4,51.0,false,false
,FOMC Member George Speaks,USD,2013-09-06T13:30:00Z,None,,,,false,false
,USD-Denominated Trade Balance,CNY,2013-09-07T21:51:00Z,High,20.3B,17.8B,28.5B,false,false
,Manufacturing Sales q/q,NZD,2013-09-08T18:45:00Z,None,,-0.1%,-2.0%,false,false
,Current Account,JPY,2013-09-08T19:50:00Z,None,0.32T,0.65T,0.33T,false,false
,Final GDP q/q,JPY,2013-09-08T19:50:00Z,None,1.0%,0.6%,0.9%,false,false
,Bank Lending y/y,JPY,2013-09-08T19:50:00Z,None,,2.0%,2.0%,false,false
,Final GDP Price Index y/y,JPY,2013-09-08T19:50:00Z,None,-0.3%,-0.3%,-0.5%,false,false
,ANZ Job Advertisements m/m,AUD,2013-09-08T21:30:00Z,None,,-1.1%,-2.0%,false,false
,Home Loans m/m,AUD,2013-09-08T21:30:00Z,None,2.2%,2.6%,2.4%,false,false
,CPI y/y,CNY,2013-09-08T21:30:00Z,High,2.6%,2.7%,2.6%,false,false
,PPI y/y,CNY,2013-09-08T21:30:00Z,None,-1.7%,-2.3%,-1.6%,false,false
,Consumer Confidence,JPY,2013-09-09T01:00:00Z,None,44.3,43.6,43.0,false,false
,Unemployment Rate,CHF,2013-09-09T01:45:00Z,None,3.2%,3.2%,3.2%,false,false
,Economy Watchers Sentiment,JPY,2013-09-09T02:00:00Z,None,53.8,52.3,51.2,false,false
,Retail Sales y/y,CHF,2013-09-09T03:15:00Z,None,3.2%,2.3%,0.8%,false,false
,Sentix Investor Confidence,EUR,2013-09-09T04:30:00Z,None,-4.0,-4.9,6.5,false,false
,Building Permits m/m,CAD,2013-09-09T08:30:00Z,High,4.4%,-10.6%,20.7%,false,false
,Consumer Credit m/m,USD,2013-09-09T15:00:00Z,None,12.7B,11.9B,10.4B,false,false
,RICS House Price Balance,GBP,2013-09-09T19:01:00Z,None,38%,37%,40%,false,false
,Monetary Policy Meeting Minutes,JPY,2013-09-09T19:50:00Z,None,,,,false,false
,Tertiary Industry Activity m/m,JPY,2013-09-09T19:50:00Z,None,-0.4%,-0.5%,-0.4%,false,false
,M2 Money Stock y/y,JPY,2013-09-09T19:50:00Z,None,3.8%,3.7%,3.7%,false,false
,NAB Business Confidence,AUD,2013-09-09T21:30:00Z,None,,-3,6,false,false
,30-y Bond Auction,JPY,2013-09-09T23:45:00Z,None,,1.79|4.1,1.80|3.9,false,false
,Fixed Asset Investment ytd/y,CNY,2013-09-10T01:30:00Z,None,20.2%,20.1%,20.3%,false,false
,Industrial Production y/y,CNY,2013-09-10T01:30:00Z,None,9.9%,9.7%,10.4%,false,false
,Retail Sales y/y,CNY,2013-09-10T01:30:00Z,None,13.3%,13.2%,13.4%,false,false
,Prelim Machine Tool Orders y/y,JPY,2013-09-10T02:00:00Z,None,,-12.1%,-1.8%,false,false
,French Industrial Production m/m,EUR,2013-09-10T02:45:00Z,None,0.7%,-1.4%,-0.6%,false,false
,New Loans,CNY,2013-09-10T04:00:00Z,None,731B,700B,711B,false,false
,M2 Money Supply y/y,CNY,2013-09-10T04:00:00Z,None,14.6%,14.5%,14.7%,false,false
,30-y Bond Auction,GBP,2013-09-10T05:34:00Z,None,,3.55|1.7,3.74|1.5,false,false
,NFIB Small Business Index,USD,2013-09-10T07:30:00Z,None,94.8,94.1,94.1,false,false
,Housing Starts,CAD,2013-09-10T08:13:00Z,None,190K,193K,180K,false,false
,JOLTS Job Openings,USD,2013-09-10T10:00:00Z,None,3.96M,3.87M,3.69M,false,false
,BSI Manufacturing Index,JPY,2013-09-10T19:50:00Z,None,7.2,5.0,15.2,false,false
,PPI y/y,JPY,2013-09-10T19:50:00Z,None,2.3%,2.3%,2.4%,false,false
,Westpac Consumer Sentiment,AUD,2013-09-10T20:30:00Z,None,,3.5%,4.7%,false,false
,President Obama Speaks,USD,2013-09-10T21:00:00Z,None,,,,false,false
,French Final Private Payrolls q/q,EUR,2013-09-11T01:30:00Z,None,-0.2%,0.0%,-0.2%,false,false
,German Final CPI m/m,EUR,2013-09-11T02:00:00Z,None,0.0%,0.0%,0.0%,false,false
,Claimant Count Change,GBP,2013-09-11T04:30:00Z,High,-21.2K,-36.3K,-32.6K,false,false
,Average Earnings Index 3m/y,GBP,2013-09-11T04:30:00Z,None,1.3%,2.2%,1.1%,false,false
,Unemployment Rate,GBP,2013-09-11T04:30:00Z,None,7.8%,7.8%,7.7%,false,false
,CB Leading Index m/m,GBP,2013-09-11T05:00:00Z,None,,-0.3%,0.7%,false,false
,German 10-y Bond Auction,EUR,2013-09-11T05:33:00Z,None,,1.80|1.3,2.06|1.3,false,false
,Final Wholesale Inventories m/m,USD,2013-09-11T10:00:00Z,None,0.3%,-0.2%,0.1%,false,false
,Crude Oil Inventories,USD,2013-09-11T10:30:00Z,None,-2.2M,-1.8M,-0.2M,false,false
,MPC Member Miles Speaks,GBP,2013-09-11T11:30:00Z,None,,,,false,false
,10-y Bond Auction,USD,2013-09-11T13:00:00Z,None,,2.62|2.5,2.95|2.9,false,false
,Official Cash Rate,NZD,2013-09-11T17:00:00Z,High,2.50%,2.50%,2.50%,false,false
,RBNZ Press Conference,NZD,2013-09-11T17:00:00Z,High,,,,false,false
,RBNZ Rate Statement,NZD,2013-09-11T17:00:00Z,High,,,,false,false
,RBNZ Monetary Policy Statement,NZD,2013-09-11T17:00:00Z,None,,,,false,false
,Core Machinery Orders m/m,JPY,2013-09-11T19:50:00Z,None,2.5%,-2.7%,0.0%,false,false
,MI Inflation Expectations,AUD,2013-09-11T21:00:00Z,None,,2.3%,1.5%,false,false
,RBNZ Gov Wheeler Speaks,NZD,2013-09-11T21:10:00Z,High,,,,false,false
,Employment Change,AUD,2013-09-11T21:30:00Z,High,10.2K,-11.4K,-10.8K,false,false
,Unemployment Rate,AUD,2013-09-11T21:30:00Z,High,5.8%,5.7%,5.8%,false,false
,German WPI m/m,EUR,2013-09-12T02:00:00Z,None,0.2%,-0.3%,-0.6%,false,false
,French Final CPI m/m,EUR,2013-09-12T02:45:00Z,None,0.5%,-0.3%,0.5%,false,false
,ECB Monthly Bulletin,EUR,2013-09-12T04:00:00Z,None,,,,false,false
,Italian Industrial Production m/m,EUR,2013-09-12T04:00:00Z,None,0.3%,0.2%,-1.1%,false,false
,Industrial Production m/m,EUR,2013-09-12T05:00:00Z,None,-0.1%,0.6%,-1.5%,false,false
,Monetary Policy Report Hearings,GBP,2013-09-12T05:00:00Z,High,,,,false,false
,10-y Bond Auction,GBP,2013-09-12T05:34:00Z,None,,2.58|1.8,2.98|1.6,false,false
,ECB President Draghi Speaks,EUR,2013-09-12T07:40:00Z,High,,,,false,false
,NHPI m/m,CAD,2013-09-12T08:30:00Z,None,0.2%,0.2%,0.2%,false,false
,Unemployment Claims,USD,2013-09-12T08:30:00Z,High,332K,323K,292K,false,false
,Import Prices m/m,USD,2013-09-12T08:30:00Z,None,0.6%,0.1%,0.0%,false,false
,FOMC Member Dudley Speaks,USD,2013-09-12T09:00:00Z,None,,,,false,false
,Natural Gas Storage,USD,2013-09-12T10:30:00Z,None,65B,58B,65B,false,false
,30-y Bond Auction,USD,2013-09-12T13:00:00Z,None,,3.65|2.1,3.82|2.4,false,false
,Federal Budget Balance,USD,2013-09-12T13:38:00Z,None,-155.3B,-97.6B,-147.9B,false,false
,BusinessNZ Manufacturing Index,NZD,2013-09-12T18:24:00Z,None,,59.5,57.5,false,false
,FPI m/m,NZD,2013-09-12T18:45:00Z,None,,0.5%,-0.5%,false,false
,ECOFIN Meetings,EUR,2013-09-13T00:00:00Z,None,,,,true,false
,Eurogroup Meetings,EUR,2013-09-13T00:00:00Z,None,,,,false,false
,Revised Industrial Production m/m,JPY,2013-09-13T00:30:00Z,None,3.2%,3.2%,3.4%,false,false
,PPI m/m,CHF,2013-09-13T03:15:00Z,None,0.2%,0.0%,0.2%,false,false
,Construction Output m/m,GBP,2013-09-13T04:30:00Z,None,2.0%,-1.1%,2.2%,false,false
,Final Employment Change q/q,EUR,2013-09-13T05:00:00Z,None,-0.2%,-0.4%,-0.1%,false,false
,Capacity Utilization Rate,CAD,2013-09-13T08:30:00Z,None,81.3%,80.8%,80.6%,false,false
,Core Retail Sales m/m,USD,2013-09-13T08:30:00Z,High,0.3%,0.6%,0.1%,false,false
,PPI m/m,USD,2013-09-13T08:30:00Z,High,0.2%,0.0%,0.3%,false,false
,Retail Sales m/m,USD,2013-09-13T08:30:00Z,High,0.5%,0.4%,0.2%,false,false
,Core PPI m/m,USD,2013-09-13T08:30:00Z,None,0.2%,0.1%,0.0%,false,false
,Prelim UoM Consumer Sentiment,USD,2013-09-13T09:55:00Z,High,82.6,82.1,76.8,false,false
,Prelim UoM Inflation Expectations,USD,2013-09-13T09:55:00Z,None,,3.0%,3.2%,false,false
,Business Inventories m/m,USD,2013-09-13T10:00:00Z,None,0.4%,0.1%,0.4%,false,false
,ECOFIN Meetings,EUR,2013-09-14T00:00:00Z,None,,,,false,false
,Bank Holiday,JPY,2013-09-15T00:00:00Z,None,,,,true,false
,REINZ HPI m/m,NZD,2013-09-15T17:45:00Z,None,,-0.5%,2.1%,false,false
,Westpac Consumer Sentiment,NZD,2013-09-15T18:00:00Z,None,,116.6,115.4,false,false
,BusinessNZ Services Index,NZD,2013-09-15T18:30:00Z,None,,57.7,53.2,false,false
,Rightmove HPI m/m,GBP,2013-09-15T19:01:00Z,None,,-1.8%,-1.5%,false,false
,ECB President Draghi Speaks,EUR,2013-09-16T04:00:00Z,High,,,,false,false
,Italian Trade Balance,EUR,2013-09-16T04:00:00Z,None,4.13B,3.62B,5.95B,false,false
,Final Core CPI y/y,EUR,2013-09-16T05:00:00Z,None,1.1%,1.1%,1.1%,false,false
,Final CPI y/y,EUR,2013-09-16T05:00:00Z,None,1.3%,1.3%,1.3%,false,false
,Foreign Securities Purchases,CAD,2013-09-16T08:30:00Z,None,-2.23B,-15.43B,6.09B,false,false
,Empire State Manufacturing Index,USD,2013-09-16T08:30:00Z,None,9.2,8.2,6.3,false,false
,Capacity Utilization Rate,USD,2013-09-16T09:15:00Z,None,77.8%,77.6%,77.8%,false,false
,Industrial Production m/m,USD,2013-09-16T09:15:00Z,None,0.5%,0.0%,0.4%,false,false
,Monetary Policy Meeting Minutes,AUD,2013-09-16T21:30:00Z,High,,,,false,false
,New Motor Vehicle Sales m/m,AUD,2013-09-16T21:30:00Z,None,,-3.6%,0.8%,false,false
,CB Leading Index m/m,CNY,2013-09-16T22:00:00Z,None,,1.4%,0.7%,false,false
,Foreign Direct Investment ytd/y,CNY,2013-09-16T22:00:00Z,None,,7.1%,6.4%,false,false
,Current Account,EUR,2013-09-17T04:00:00Z,None,18.3B,19.8B,16.9B,false,false
,RPI y/y,GBP,2013-09-17T04:30:00Z,None,3.2%,3.1%,3.3%,false,false
,CPI y/y,GBP,2013-09-17T04:30:00Z,High,2.7%,2.8%,2.7%,false,false
,PPI Input m/m,GBP,2013-09-17T04:30:00Z,None,0.3%,1.2%,-0.2%,false,false
,Core CPI y/y,GBP,2013-09-17T04:30:00Z,None,2.1%,2.0%,2.0%,false,false
,ONS HPI y/y,GBP,2013-09-17T04:30:00Z,None,3.4%,3.1%,3.3%,false,false
,PPI Output m/m,GBP,2013-09-17T04:30:00Z,None,0.2%,0.2%,0.1%,false,false
,German ZEW Economic Sentiment,EUR,2013-09-17T05:00:00Z,High,45.3,42.0,49.6,false,false
,ZEW Economic Sentiment,EUR,2013-09-17T05:00:00Z,None,47.2,44.0,58.6,false,false
,Trade Balance,EUR,2013-09-17T05:00:00Z,None,15.3B,13.5B,11.1B,false,false
,Treasury Sec Lew Speaks,USD,2013-09-17T08:15:00Z,None,,,,false,false
,Manufacturing Sales m/m,CAD,2013-09-17T08:30:00Z,High,0.6%,-0.1%,1.7%,false,false
,Core CPI m/m,USD,2013-09-17T08:30:00Z,High,0.1%,0.2%,0.1%,false,false
,Core CPI y/y,USD,2013-09-17T08:30:00Z,High,1.8%,1.7%,1.8%,false,false
,CPI y/y,USD,2013-09-17T08:30:00Z,High,1.6%,2.0%,1.5%,false,false
,CPI m/m,USD,2013-09-17T08:30:00Z,None,0.2%,0.2%,0.1%,false,false
,TIC Long-Term Purchases,USD,2013-09-17T09:00:00Z,None,-45.3B,-67.0B,31.1B,false,false
,NAHB Housing Market Index,USD,2013-09-17T10:00:00Z,None,59,58,58,false,false
,GDT Price Index,NZD,2013-09-17T10:30:00Z,None,,-1.1%,0.3%,false,false
,Current Account,NZD,2013-09-17T18:45:00Z,None,-1.85B,-0.42B,-1.25B,false,false
,CB Leading Index m/m,AUD,2013-09-17T20:00:00Z,None,,-1.1%,0.3%,false,false
,MI Leading Index m/m,AUD,2013-09-17T20:30:00Z,None,,0.0%,0.6%,false,false
,RBA Assist Gov Edey Speaks,AUD,2013-09-17T21:30:00Z,None,,,,false,false
,Bank Holiday,CNY,2013-09-18T00:00:00Z,None,,,,true,false
,MPC Asset Purchase Facility Votes,GBP,2013-09-18T04:30:00Z,High,0-0-9,0-0-9,0-0-9,false,false
,MPC Official Bank Rate Votes,GBP,2013-09-18T04:30:00Z,High,0-0-9,0-0-9,0-0-9,false,false
,UBS Economic Expectations,CHF,2013-09-18T05:00:00Z,None,,7.2,16.3,false,false
,Building Permits,USD,2013-09-18T08:30:00Z,High,0.95M,0.95M,0.92M,false,false
,Housing Starts,USD,2013-09-18T08:30:00Z,None,0.93M,0.88M,0.89M,false,false
,Crude Oil Inventories,USD,2013-09-18T10:30:00Z,None,-1.2M,-0.2M,-4.4M,false,false
,BOC Gov Poloz Speaks,CAD,2013-09-18T10:40:00Z,None,,,,false,false
,FOMC Statement,USD,2013-09-18T14:00:00Z,High,,,,false,false
,Federal Funds Rate,USD,2013-09-18T14:00:00Z,None,<0.25%,<0.25%,<0.25%,false,false
,FOMC Economic Projections,USD,2013-09-18T14:00:00Z,High,,,,false,false
,FOMC Press Conference,USD,2013-09-18T14:30:00Z,High,,,,false,false
,GDP q/q,NZD,2013-09-18T18:45:00Z,High,0.2%,0.4%,0.2%,false,false
,Trade Balance,JPY,2013-09-18T19:50:00Z,None,-0.83T,-0.91T,-0.79T,false,false
,RBA Bulletin,AUD,2013-09-18T21:30:00Z,None,,,,false,false
,Bank Holiday,CNY,2013-09-19T00:00:00Z,None,,,,true,false
,All Industries Activity m/m,JPY,2013-09-19T00:30:00Z,None,0.3%,-0.7%,0.5%,false,false
,SECO Economic Forecasts,CHF,2013-09-19T01:45:00Z,None,,,,false,false
,Trade Balance,CHF,2013-09-19T02:00:00Z,None,2.74B,2.49B,1.85B,false,false
,BOJ Gov Kuroda Speaks,JPY,2013-09-19T02:32:00Z,High,,,,false,false
,Libor Rate,CHF,2013-09-19T03:30:00Z,High,<0.25%,<0.25%,<0.25%,false,false
,SNB Monetary Policy Assessment,CHF,2013-09-19T03:30:00Z,High,,,,false,false
,Retail Sales m/m,GBP,2013-09-19T04:30:00Z,High,0.4%,1.1%,-0.9%,false,false
,CBI Industrial Order Expectations,GBP,2013-09-19T06:00:00Z,None,2,0,9,false,false
,Wholesale Sales m/m,CAD,2013-09-19T08:30:00Z,None,1.1%,-3.1%,1.5%,false,false
,Unemployment Claims,USD,2013-09-19T08:30:00Z,High,331K,294K,309K,false,false
,Current Account,USD,2013-09-19T08:30:00Z,None,-96B,-105B,-99B,false,false
,CB Leading Index m/m,USD,2013-09-19T10:00:00Z,None,0.6%,0.5%,0.7%,false,false
,Existing Home Sales,USD,2013-09-19T10:00:00Z,High,5.27M,5.39M,5.48M,false,false
,Philly Fed Manufacturing Index,USD,2013-09-19T10:00:00Z,High,10.2,9.3,22.3,false,false
,Natural Gas Storage,USD,2013-09-19T10:30:00Z,None,60B,65B,46B,false,false
,Visitor Arrivals m/m,NZD,2013-09-19T18:45:00Z,None,,1.2%,0.0%,false,false
,BOJ Gov Kuroda Speaks,JPY,2013-09-19T22:30:00Z,High,,,,false,false
,Credit Card Spending y/y,NZD,2013-09-19T23:00:00Z,None,,4.8%,6.6%,false,false
,Public Sector Net Borrowing,GBP,2013-09-20T04:30:00Z,None,11.9B,-1.1B,11.5B,false,false
,German Buba President Weidmann Speaks,EUR,2013-09-20T07:30:00Z,None,,,,false,false
,CPI m/m,CAD,2013-09-20T08:30:00Z,None,0.1%,0.1%,0.0%,false,false
,Core CPI m/m,CAD,2013-09-20T08:30:00Z,High,0.1%,0.0%,0.2%,false,false
,Consumer Confidence,EUR,2013-09-20T10:00:00Z,None,-14,-16,-15,false,false
,FOMC Member George Speaks,USD,2013-09-20T12:30:00Z,None,,,,false,false
,FOMC Member Tarullo Speaks,USD,2013-09-20T12:40:00Z,None,,,,false,false
,FOMC Member Bullard Speaks,USD,2013-09-20T12:55:00Z,High,,,,false,false
,Bank Holiday,JPY,2013-09-22T00:00:00Z,None,,,,true,false
,German Federal Elections,EUR,2013-09-22T00:00:00Z,High,,,,true,false
,Caixin Flash Manufacturing PMI,CNY,2013-09-22T21:45:00Z,High,50.9,50.1,51.2,false,false
,French Flash Services PMI,EUR,2013-09-23T03:00:00Z,None,49.3,48.9,50.7,false,false
,French Flash Manufacturing PMI,EUR,2013-09-23T03:00:00Z,High,50.2,49.7,49.5,false,false
,German Flash Manufacturing PMI,EUR,2013-09-23T03:30:00Z,High,52.3,51.8,51.3,false,false
,German Flash Services PMI,EUR,2013-09-23T03:30:00Z,None,53.2,52.8,54.4,false,false
,Flash Manufacturing PMI,EUR,2013-09-23T04:00:00Z,None,51.8,51.4,51.1,false,false
,Flash Services PMI,EUR,2013-09-23T04:00:00Z,None,51.1,50.7,52.1,false,false
,German Buba Monthly Report,EUR,2013-09-23T06:00:00Z,None,,,,false,false
,ECB President Draghi Speaks,EUR,2013-09-23T09:00:00Z,High,,,,false,false
,Flash Manufacturing PMI,USD,2013-09-23T09:00:00Z,None,54.2,53.1,52.8,false,false
,FOMC Member Dudley Speaks,USD,2013-09-23T09:30:00Z,None,,,,false,false
,SNB Chairman Jordan Speaks,CHF,2013-09-23T11:15:00Z,High,,,,false,false
,MPC Member Broadbent Speaks,GBP,2013-09-23T14:00:00Z,None,,,,false,false
,German ifo Business Climate,EUR,2013-09-24T04:00:00Z,High,108.4,107.6,107.7,false,false
,High Street Lending,GBP,2013-09-24T04:30:00Z,None,38.6K,37.4K,38.2K,false,false
,MPC Member Miles Speaks,GBP,2013-09-24T06:30:00Z,None,,,,false,false
,Core Retail Sales m/m,CAD,2013-09-24T08:30:00Z,High,0.6%,-0.9%,1.0%,false,false
,Retail Sales m/m,CAD,2013-09-24T08:30:00Z,None,0.6%,-0.6%,0.6%,false,false
,MPC Member Tucker Speaks,GBP,2013-09-24T08:45:00Z,None,,,,false,false
,S&P/CS Composite-20 HPI y/y,USD,2013-09-24T09:00:00Z,None,12.5%,12.1%,12.4%,false,false
,HPI m/m,USD,2013-09-24T09:00:00Z,None,0.9%,0.7%,1.0%,false,false
,Belgian NBB Business Climate,EUR,2013-09-24T09:30:00Z,None,-7.1,-8.6,-6.7,false,false
,Richmond Manufacturing Index,USD,2013-09-24T09:59:00Z,None,17,14,0,false,false
,CB Consumer Confidence,USD,2013-09-24T10:00:00Z,High,79.9,81.8,79.7,false,false
,Gov Council Member Schembri Speaks,CAD,2013-09-24T12:30:00Z,None,,,,false,false
,FOMC Member George Speaks,USD,2013-09-24T13:00:00Z,None,,,,false,false
,MPC Member Bean Speaks,GBP,2013-09-24T13:00:00Z,None,,,,false,false
,Trade Balance,NZD,2013-09-24T18:45:00Z,High,-722M,-771M,-1191M,false,false
,SPPI y/y,JPY,2013-09-24T19:50:00Z,None,0.5%,0.6%,0.6%,false,false
,RBA Financial Stability Review,AUD,2013-09-24T21:30:00Z,None,,,,false,false
,UBS Consumption Indicator,CHF,2013-09-25T02:00:00Z,None,,1.41,1.32,false,false
,German GfK Consumer Climate,EUR,2013-09-25T02:00:00Z,None,7.1,7.0,7.1,false,false
,FPC Statement,GBP,2013-09-25T04:30:00Z,None,,,,false,false
,CBI Realized Sales,GBP,2013-09-25T06:00:00Z,None,24,27,34,false,false
,Core Durable Goods Orders m/m,USD,2013-09-25T08:30:00Z,High,1.1%,-0.8%,-0.1%,false,false
,Durable Goods Orders m/m,USD,2013-09-25T08:30:00Z,None,0.0%,-7.4%,0.1%,false,false
,New Home Sales,USD,2013-09-25T10:00:00Z,High,422K,390K,421K,false,false
,Crude Oil Inventories,USD,2013-09-25T10:30:00Z,None,-1.0M,-4.4M,2.6M,false,false
,M3 Money Supply y/y,EUR,2013-09-26T04:00:00Z,None,2.3%,2.2%,2.3%,false,false
,Private Loans y/y,EUR,2013-09-26T04:00:00Z,None,-1.7%,-1.9%,-2.0%,false,false
,Italian Retail Sales m/m,EUR,2013-09-26T04:00:00Z,None,0.3%,-0.2%,-0.3%,false,false
,Current Account,GBP,2013-09-26T04:30:00Z,High,-11.2B,-21.8B,-13.0B,false,false
,Final GDP q/q,GBP,2013-09-26T04:30:00Z,None,0.7%,0.7%,0.7%,false,false
,Revised Business Investment q/q,GBP,2013-09-26T04:30:00Z,None,0.9%,0.9%,-2.7%,false,false
,Unemployment Claims,USD,2013-09-26T08:30:00Z,High,319K,310K,305K,false,false
,Final GDP q/q,USD,2013-09-26T08:30:00Z,None,2.7%,2.5%,2.5%,false,false
,Final GDP Price Index q/q,USD,2013-09-26T08:30:00Z,None,0.8%,0.8%,0.6%,false,false
,SNB Quarterly Bulletin,CHF,2013-09-26T09:00:00Z,None,,,,false,false
,Pending Home Sales m/m,USD,2013-09-26T10:00:00Z,High,-0.9%,-1.4%,-1.6%,false,false
,FOMC Member Stein Speaks,USD,2013-09-26T10:10:00Z,None,,,,false,false
,Natural Gas Storage,USD,2013-09-26T10:30:00Z,None,60B,46B,87B,false,false
,GfK Consumer Confidence,GBP,2013-09-26T19:05:00Z,None,-10,-13,-10,false,false
,National Core CPI y/y,JPY,2013-09-26T19:30:00Z,None,0.7%,0.7%,0.8%,false,false
,Tokyo Core CPI y/y,JPY,2013-09-26T19:30:00Z,None,0.3%,0.4%,0.2%,false,false
,FOMC Member George Speaks,USD,2013-09-26T21:15:00Z,None,,,,false,false
,German Prelim CPI m/m,EUR,2013-09-27T00:00:00Z,None,0.0%,0.0%,0.0%,true,false
,French Consumer Spending m/m,EUR,2013-09-27T00:00:00Z,None,0.3%,-0.8%,0.4%,false,false
,Nationwide HPI m/m,GBP,2013-09-27T02:00:00Z,None,0.5%,0.7%,0.9%,false,false
,French Consumer Spending m/m,EUR,2013-09-27T02:45:00Z,None,0.1%,0.4%,-0.4%,false,false
,KOF Economic Barometer,CHF,2013-09-27T03:00:00Z,None,1.46,1.37,1.53,false,false
,Spanish Flash CPI y/y,EUR,2013-09-27T03:00:00Z,None,0.9%,1.5%,0.3%,false,false
,Retail PMI,EUR,2013-09-27T04:10:00Z,None,,50.3,48.6,false,false
,Index of Services 3m/3m,GBP,2013-09-27T04:30:00Z,None,0.6%,0.6%,0.5%,false,false
,ECB President Draghi Speaks,EUR,2013-09-27T05:00:00Z,High,,,,false,false
,Italian 10-y Bond Auction,EUR,2013-09-27T05:15:00Z,High,,4.46|1.5,4.50|1.4,false,false
,FOMC Member Evans Speaks,USD,2013-09-27T05:45:00Z,High,,,,false,false
,Personal Income m/m,USD,2013-09-27T08:30:00Z,None,0.5%,0.2%,0.4%,false,false
,Personal Spending m/m,USD,2013-09-27T08:30:00Z,None,0.3%,0.2%,0.3%,false,false
,FOMC Member Rosengren Speaks,USD,2013-09-27T08:30:00Z,None,,,,false,false
,Core PCE Price Index m/m,USD,2013-09-27T08:30:00Z,None,0.1%,0.1%,0.2%,false,false
,Revised UoM Consumer Sentiment,USD,2013-09-27T09:55:00Z,None,78.2,76.8,77.5,false,false
,Revised UoM Inflation Expectations,USD,2013-09-27T09:55:00Z,None,,3.2%,3.3%,false,false
,FOMC Member Evans Speaks,USD,2013-09-27T10:45:00Z,None,,,,false,false
,FOMC Member Dudley Speaks,USD,2013-09-27T14:00:00Z,None,,,,false,false
,President Obama Speaks,USD,2013-09-27T15:30:00Z,None,,,,false,false
,Daylight Saving Time Shift,NZD,2013-09-28T10:00:00Z,None,,,,false,false
,Building Consents m/m,NZD,2013-09-29T17:45:00Z,None,,-3.4%,1.4%,false,false
,Final Manufacturing PMI,JPY,2013-09-29T19:15:00Z,None,,52.2,52.5,false,false
,Prelim Industrial Production m/m,JPY,2013-09-29T19:50:00Z,None,-0.2%,3.4%,-0.7%,false,false
,Retail Sales y/y,JPY,2013-09-29T19:50:00Z,None,1.1%,-0.3%,1.1%,false,false
,ANZ Business Confidence,NZD,2013-09-29T20:00:00Z,High,,48.1,54.1,false,false
,MI Inflation Gauge m/m,AUD,2013-09-29T20:30:00Z,None,,0.1%,0.2%,false,false
,Private Sector Credit m/m,AUD,2013-09-29T21:30:00Z,None,0.4%,0.4%,0.3%,false,false
,RatingDog Manufacturing PMI,CNY,2013-09-29T21:45:00Z,None,51.2,51.2,50.2,false,false
,Bank Holiday,CNY,2013-09-30T00:00:00Z,None,,,,true,false
,Housing Starts y/y,JPY,2013-09-30T01:00:00Z,None,12.9%,12.0%,8.8%,false,false
,German Retail Sales m/m,EUR,2013-09-30T02:00:00Z,None,0.9%,-0.2%,0.5%,false,false
,Net Lending to Individuals m/m,GBP,2013-09-30T04:30:00Z,None,1.6B,1.5B,1.6B,false,false
,M4 Money Supply m/m,GBP,2013-09-30T04:30:00Z,None,0.7%,0.6%,0.7%,false,false
,Mortgage Approvals,GBP,2013-09-30T04:30:00Z,None,61K,61K,62K,false,false
,CPI Flash Estimate y/y,EUR,2013-09-30T05:00:00Z,None,1.3%,1.3%,1.1%,false,false
,Core CPI Flash Estimate y/y,EUR,2013-09-30T05:00:00Z,None,,1.1%,1.0%,false,false
,Italian Prelim CPI m/m,EUR,2013-09-30T05:00:00Z,None,0.3%,0.4%,-0.3%,false,false
,GDP m/m,CAD,2013-09-30T08:30:00Z,High,0.6%,-0.5%,0.6%,false,false
,RMPI m/m,CAD,2013-09-30T08:30:00Z,None,3.2%,4.3%,0.9%,false,false
,IPPI m/m,CAD,2013-09-30T08:30:00Z,None,0.9%,0.3%,0.2%,false,false
,Chicago PMI,USD,2013-09-30T09:45:00Z,None,54.5,53.0,55.7,false,false
,Unemployment Rate,JPY,2013-09-30T19:30:00Z,None,3.8%,3.8%,4.1%,false,false
,Household Spending y/y,JPY,2013-09-30T19:30:00Z,None,0.2%,0.1%,-1.6%,false,false
,AIG Manufacturing Index,AUD,2013-09-30T19:30:00Z,None,,46.4,51.7,false,false
,Tankan Manufacturing Index,JPY,2013-09-30T19:50:00Z,None,7,4,12,false,false
,Tankan Non-Manufacturing Index,JPY,2013-09-30T19:50:00Z,None,14,12,14,false,false
,Manufacturing PMI,CNY,2013-09-30T20:58:00Z,High,51.6,51.0,51.1,false,false
,HIA New Home Sales m/m,AUD,2013-09-30T21:00:00Z,None,,-4.7%,3.4%,false,false
,Average Cash Earnings y/y,JPY,2013-09-30T21:30:00Z,None,-0.2%,0.1%,-0.6%,false,false
,Retail Sales m/m,AUD,2013-09-30T21:30:00Z,High,0.3%,0.1%,0.4%,false,false
,10-y Bond Auction,JPY,2013-09-30T23:45:00Z,None,,0.77|3.5,0.68|3.7,false,false
,Total Vehicle Sales,USD,2013-10-01T00:00:00Z,None,16.1M,16.1M,15.3M,true,false
,Bank Holiday,CNY,2013-10-01T00:00:00Z,None,,,,true,false
,Cash Rate,AUD,2013-10-01T00:30:00Z,High,2.50%,2.50%,2.50%,false,false
,RBA Rate Statement,AUD,2013-10-01T00:30:00Z,High,,,,false,false
,Commodity Prices y/y,AUD,2013-10-01T02:30:00Z,None,,-8.6%,-3.1%,false,false
,Spanish Manufacturing PMI,EUR,2013-10-01T03:15:00Z,None,51.6,51.1,50.7,false,false
,Manufacturing PMI,CHF,2013-10-01T03:30:00Z,None,54.9,54.6,55.3,false,false
,Italian Manufacturing PMI,EUR,2013-10-01T03:45:00Z,None,51.2,51.3,50.8,false,false
,French Final Manufacturing PMI,EUR,2013-10-01T03:50:00Z,None,49.5,49.5,49.8,false,false
,German Final Manufacturing PMI,EUR,2013-10-01T03:55:00Z,None,51.3,51.3,51.1,false,false
,German Unemployment Change,EUR,2013-10-01T03:55:00Z,None,-5K,9K,25K,false,false
,Italian Monthly Unemployment Rate,EUR,2013-10-01T04:00:00Z,None,12.0%,12.1%,12.2%,false,false
,Final Manufacturing PMI,EUR,2013-10-01T04:00:00Z,None,51.1,51.1,51.1,false,false
,Final Manufacturing PMI,GBP,2013-10-01T04:30:00Z,High,57.5,57.1,56.7,false,false
,FPC Meeting Minutes,GBP,2013-10-01T04:30:00Z,None,,,,false,false
,Unemployment Rate,EUR,2013-10-01T05:00:00Z,None,12.1%,12.0%,12.0%,false,false
,Final Manufacturing PMI,USD,2013-10-01T09:00:00Z,None,52.8,52.8,52.8,false,false
,Manufacturing PMI,CAD,2013-10-01T09:30:00Z,None,,52.1,54.2,false,false
,GDT Price Index,NZD,2013-10-01T09:30:00Z,None,,0.3%,2.4%,false,false
,ISM Manufacturing PMI,USD,2013-10-01T10:00:00Z,High,55.3,55.7,56.2,false,false
,ISM Manufacturing Prices,USD,2013-10-01T10:00:00Z,None,55.2,54.0,56.5,false,false
,Gov Council Member Macklem Speaks,CAD,2013-10-01T11:55:00Z,None,,,,false,false
,President Obama Speaks,USD,2013-10-01T13:02:00Z,None,,,,false,false
,Monetary Base y/y,JPY,2013-10-01T19:50:00Z,None,45.3%,42.0%,46.1%,false,false
,ANZ Commodity Prices m/m,NZD,2013-10-01T20:00:00Z,None,,0.7%,0.9%,false,false
,RBNZ Assist Gov McDermott Speaks,NZD,2013-10-01T20:00:00Z,None,,,,false,false
,Building Approvals m/m,AUD,2013-10-01T21:30:00Z,High,-0.7%,10.2%,-4.7%,false,false
,Goods Trade Balance,AUD,2013-10-01T21:30:00Z,High,-0.45B,-1.38B,-0.82B,false,false
,Bank Holiday,CNY,2013-10-02T00:00:00Z,None,,,,true,false
,Spanish Unemployment Change,EUR,2013-10-02T03:00:00Z,High,12.3K,0.0K,25.6K,false,false
,Construction PMI,GBP,2013-10-02T04:30:00Z,High,60.1,59.1,58.9,false,false
,Housing Equity Withdrawal q/q,GBP,2013-10-02T04:30:00Z,None,-7.2B,-13.4B,-15.4B,false,false
,German 10-y Bond Auction,EUR,2013-10-02T05:34:00Z,None,,2.06|1.3,1.79|1.3,false,false
,MPC Member Fisher Speaks,GBP,2013-10-02T07:00:00Z,None,,,,false,false
,Main Refinancing Rate,EUR,2013-10-02T07:45:00Z,High,0.50%,0.50%,0.50%,false,false
,ADP Non-Farm Employment Change,USD,2013-10-02T08:15:00Z,High,177K,159K,166K,false,false
,ECB Press Conference,EUR,2013-10-02T08:30:00Z,High,,,,false,false
,Crude Oil Inventories,USD,2013-10-02T10:30:00Z,None,2.4M,2.6M,5.5M,false,false
,FOMC Member Rosengren Speaks,USD,2013-10-02T12:00:00Z,None,,,,false,false
,FOMC Member Bullard Speaks,USD,2013-10-02T15:20:00Z,None,,,,false,false
,Fed Chairman Bernanke Speaks,USD,2013-10-02T15:30:00Z,High,,,,false,false
,AIG Services Index,AUD,2013-10-02T19:30:00Z,None,,39.0,47.1,false,false
,Non-Manufacturing PMI,CNY,2013-10-02T20:55:00Z,None,,53.9,55.4,false,false
,German Bank Holiday,EUR,2013-10-03T00:00:00Z,None,,,,true,false
,Bank Holiday,CNY,2013-10-03T00:00:00Z,None,,,,true,false
,Lloyds HPI m/m,GBP,2013-10-03T03:00:00Z,None,0.6%,0.3%,0.3%,false,false
,Spanish Services PMI,EUR,2013-10-03T03:15:00Z,None,50.9,50.4,49.0,false,false
,Italian Services PMI,EUR,2013-10-03T03:45:00Z,None,49.3,48.8,52.7,false,false
,French Final Services PMI,EUR,2013-10-03T03:50:00Z,None,50.7,50.7,51.0,false,false
,German Final Services PMI,EUR,2013-10-03T03:55:00Z,None,54.4,54.4,53.7,false,false
,Final Services PMI,EUR,2013-10-03T04:00:00Z,None,52.1,52.1,52.2,false,false
,Final Services PMI,GBP,2013-10-03T04:30:00Z,High,60.4,60.5,60.3,false,false
,Spanish 10-y Bond Auction,EUR,2013-10-03T04:44:00Z,None,,4.50|2.0,4.27|2.0,false,false
,French 10-y Bond Auction,EUR,2013-10-03T04:57:00Z,None,,2.57|1.9,2.37|1.9,false,false
,Retail Sales m/m,EUR,2013-10-03T05:00:00Z,None,0.3%,0.5%,0.7%,false,false
,10-y Bond Auction,GBP,2013-10-03T05:36:00Z,None,,2.98|1.6,2.74|1.8,false,false
,Challenger Job Cuts y/y,USD,2013-10-03T07:30:00Z,None,,56.5%,19.1%,false,false
,Unemployment Claims,USD,2013-10-03T08:30:00Z,High,315K,307K,308K,false,false
,ISM Services PMI,USD,2013-10-03T10:00:00Z,High,57.2,58.6,54.4,false,false
,Natural Gas Storage,USD,2013-10-03T10:30:00Z,None,96B,87B,101B,false,false
,FOMC Member Powell Speaks,USD,2013-10-03T13:30:00Z,None,,,,false,false
,Monetary Policy Statement,JPY,2013-10-03T22:49:00Z,High,,,,false,false
,German PPI m/m,EUR,2013-10-04T02:00:00Z,None,0.1%,-0.1%,-0.1%,false,false
,BOJ Press Conference,JPY,2013-10-04T03:19:00Z,High,,,,false,false
,PPI m/m,EUR,2013-10-04T05:00:00Z,None,0.1%,0.2%,0.0%,false,false
,FOMC Member Dudley Speaks,USD,2013-10-04T09:15:00Z,None,,,,false,false
,FOMC Member Stein Speaks,USD,2013-10-04T09:30:00Z,None,,,,false,false
,Ivey PMI,CAD,2013-10-04T10:00:00Z,High,52.6,51.0,51.9,false,false
,Daylight Saving Time Shift,AUD,2013-10-05T12:00:00Z,None,,,,false,false
,Bank Holiday,AUD,2013-10-06T00:00:00Z,None,,,,true,false
,AIG Construction Index,AUD,2013-10-06T18:30:00Z,None,,43.7,47.6,false,false
,BOJ Monthly Report,JPY,2013-10-07T01:00:00Z,None,,,,false,false
,Leading Indicators,JPY,2013-10-07T01:00:00Z,None,106.9%,107.8%,106.5%,false,false
,Foreign Currency Reserves,CHF,2013-10-07T03:00:00Z,None,,434B,432B,false,false
,Sentix Investor Confidence,EUR,2013-10-07T04:30:00Z,None,10.9,6.5,6.1,false,false
,Final GDP q/q,EUR,2013-10-07T05:00:00Z,None,0.3%,0.3%,0.3%,false,false
,Building Permits m/m,CAD,2013-10-07T08:30:00Z,High,-2.4%,21.4%,-21.2%,false,false
,Consumer Credit m/m,USD,2013-10-07T15:00:00Z,None,12.6B,10.4B,13.6B,false,false
,NZIER Business Confidence,NZD,2013-10-07T17:00:00Z,High,,32,38,false,false
,BRC Retail Sales Monitor y/y,GBP,2013-10-07T19:01:00Z,None,,1.8%,0.7%,false,false
,RICS House Price Balance,GBP,2013-10-07T19:01:00Z,None,45%,41%,54%,false,false
,Current Account,JPY,2013-10-07T19:50:00Z,None,0.65T,0.33T,0.35T,false,false
,ANZ Job Advertisements m/m,AUD,2013-10-07T20:30:00Z,None,,-2.0%,0.2%,false,false
,NAB Business Confidence,AUD,2013-10-07T20:30:00Z,None,,4,12,false,false
,RatingDog Services PMI,CNY,2013-10-07T21:45:00Z,None,,52.8,52.4,false,false
,Economy Watchers Sentiment,JPY,2013-10-08T01:00:00Z,None,52.2,51.2,52.8,false,false
,Unemployment Rate,CHF,2013-10-08T01:45:00Z,None,3.2%,3.2%,3.2%,false,false
,German Trade Balance,EUR,2013-10-08T02:00:00Z,None,15.1B,15.0B,15.6B,false,false
,French Gov Budget Balance,EUR,2013-10-08T02:45:00Z,None,,-80.8B,-93.6B,false,false
,French Trade Balance,EUR,2013-10-08T02:45:00Z,None,-4.8B,-5.1B,-4.9B,false,false
,CPI m/m,CHF,2013-10-08T03:15:00Z,High,0.2%,-0.1%,0.3%,false,false
,Retail Sales y/y,CHF,2013-10-08T03:15:00Z,None,1.7%,0.6%,2.4%,false,false
,German Factory Orders m/m,EUR,2013-10-08T06:00:00Z,None,1.2%,-1.9%,-0.3%,false,false
,NFIB Small Business Index,USD,2013-10-08T07:30:00Z,None,95.2,94.1,93.9,false,false
,Housing Starts,CAD,2013-10-08T08:13:00Z,None,175K,184K,194K,false,false
,Trade Balance,CAD,2013-10-08T08:30:00Z,High,-0.7B,-1.2B,-1.3B,false,false
,RCM/TIPP Economic Optimism,USD,2013-10-08T10:00:00Z,None,46.2,46.0,38.4,false,false
,SNB Chairman Jordan Speaks,CHF,2013-10-08T12:00:00Z,High,,,,false,false
,President Obama Speaks,USD,2013-10-08T14:00:00Z,None,,,,false,false
,BRC Shop Price Index y/y,GBP,2013-10-08T19:01:00Z,None,,-0.5%,-0.2%,false,false
,Westpac Consumer Sentiment,AUD,2013-10-08T19:30:00Z,High,,4.7%,-2.1%,false,false
,Monetary Policy Meeting Minutes,JPY,2013-10-08T19:50:00Z,None,,,,false,false
,Prelim Machine Tool Orders y/y,JPY,2013-10-09T02:00:00Z,None,,-1.7%,-6.3%,false,false
,Manufacturing Production m/m,GBP,2013-10-09T04:30:00Z,High,0.3%,0.2%,-1.2%,false,false
,BOE Credit Conditions Survey,GBP,2013-10-09T04:30:00Z,None,,,,false,false
,Goods Trade Balance,GBP,2013-10-09T04:30:00Z,None,-8.9B,-9.9B,-9.6B,false,false
,Industrial Production m/m,GBP,2013-10-09T04:30:00Z,None,0.2%,0.1%,-1.1%,false,false
,German Industrial Production m/m,EUR,2013-10-09T06:00:00Z,None,1.1%,-1.1%,1.4%,false,false
,NIESR GDP Estimate,GBP,2013-10-09T10:00:00Z,None,,0.9%,0.8%,false,false
,FOMC Member Evans Speaks,USD,2013-10-09T10:00:00Z,None,,,,false,false
,Crude Oil Inventories,USD,2013-10-09T10:30:00Z,None,0.9M,5.5M,6.8M,false,false
,10-y Bond Auction,USD,2013-10-09T13:01:00Z,High,,2.95|2.9,2.66|2.6,false,false
,FOMC Meeting Minutes,USD,2013-10-09T14:00:00Z,High,,,,false,false
,President Obama Speaks,USD,2013-10-09T15:15:00Z,None,,,,false,false
,BusinessNZ Manufacturing Index,NZD,2013-10-09T17:36:00Z,None,,57.1,54.3,false,false
,ECB President Draghi Speaks,EUR,2013-10-09T18:00:00Z,High,,,,false,false
,Core Machinery Orders m/m,JPY,2013-10-09T19:50:00Z,None,2.9%,0.0%,5.4%,false,false
,Tertiary Industry Activity m/m,JPY,2013-10-09T19:50:00Z,None,0.5%,-0.4%,0.7%,false,false
,Bank Lending y/y,JPY,2013-10-09T19:50:00Z,None,,2.0%,2.0%,false,false
,MI Inflation Expectations,AUD,2013-10-09T20:00:00Z,None,,1.5%,2.0%,false,false
,Employment Change,AUD,2013-10-09T20:30:00Z,High,15.2K,-10.2K,9.1K,false,false
,Unemployment Rate,AUD,2013-10-09T20:30:00Z,High,5.8%,5.8%,5.6%,false,false
,30-y Bond Auction,JPY,2013-10-09T23:45:00Z,None,,1.80|3.9,1.63|4.1,false,false
,G20 Meetings,All,2013-10-10T00:00:00Z,None,,,,false,false
,Consumer Confidence,JPY,2013-10-10T01:00:00Z,None,43.8,43.0,45.4,false,false
,French Industrial Production m/m,EUR,2013-10-10T02:45:00Z,None,0.7%,-0.6%,0.2%,false,false
,ECB Monthly Bulletin,EUR,2013-10-10T04:00:00Z,None,,,,false,false
,Italian Industrial Production m/m,EUR,2013-10-10T04:00:00Z,None,0.6%,-1.0%,-0.3%,false,false
,Asset Purchase Facility,GBP,2013-10-10T07:00:00Z,High,375B,375B,375B,false,false
,Official Bank Rate,GBP,2013-10-10T07:00:00Z,High,0.50%,0.50%,0.50%,false,false
,Treasury Sec Lew Speaks,USD,2013-10-10T08:00:00Z,High,,,,false,false
,NHPI m/m,CAD,2013-10-10T08:30:00Z,None,0.3%,0.2%,0.1%,false,false
,Unemployment Claims,USD,2013-10-10T08:30:00Z,High,307K,308K,374K,false,false
,FOMC Member Bullard Speaks,USD,2013-10-10T09:45:00Z,None,,,,false,false
,Natural Gas Storage,USD,2013-10-10T10:30:00Z,None,96B,101B,90B,false,false
,BOJ Gov Kuroda Speaks,JPY,2013-10-10T12:00:00Z,High,,,,false,false
,ECB President Draghi Speaks,EUR,2013-10-10T12:20:00Z,High,,,,false,false
,30-y Bond Auction,USD,2013-10-10T13:01:00Z,None,,3.82|2.4,3.76|2.6,false,false
,FOMC Member Tarullo Speaks,USD,2013-10-10T13:45:00Z,None,,,,false,false
,FPI m/m,NZD,2013-10-10T17:45:00Z,None,,-0.5%,0.0%,false,false
,M2 Money Stock y/y,JPY,2013-10-10T19:50:00Z,None,3.7%,3.8%,3.8%,false,false
,PPI y/y,JPY,2013-10-10T19:50:00Z,None,2.4%,2.3%,2.3%,false,false
,IMF Meetings,All,2013-10-11T00:00:00Z,None,,,,false,false
,G20 Meetings,All,2013-10-11T00:00:00Z,None,,,,false,false
,German Final CPI m/m,EUR,2013-10-11T02:00:00Z,None,0.0%,0.0%,0.0%,false,false
,German WPI m/m,EUR,2013-10-11T02:00:00Z,None,0.5%,-0.6%,0.7%,false,false
,Construction Output m/m,GBP,2013-10-11T04:30:00Z,None,0.7%,2.8%,-0.1%,false,false
,CB Leading Index m/m,GBP,2013-10-11T05:00:00Z,None,,0.7%,1.2%,false,false
,Employment Change,CAD,2013-10-11T08:30:00Z,High,15.3K,59.2K,11.9K,false,false
,Unemployment Rate,CAD,2013-10-11T08:30:00Z,High,7.1%,7.1%,6.9%,false,false
,Prelim UoM Consumer Sentiment,USD,2013-10-11T09:55:00Z,High,77.2,77.5,75.2,false,false
,Prelim UoM Inflation Expectations,USD,2013-10-11T09:55:00Z,None,,3.3%,2.9%,false,false
,BOC Business Outlook Survey,CAD,2013-10-11T10:30:00Z,None,,,,false,false
,FOMC Member Powell Speaks,USD,2013-10-11T11:00:00Z,None,,,,false,false
,Gov Council Member Macklem Speaks,CAD,2013-10-11T12:15:00Z,None,,,,false,false
,Gov Board Member Danthine Speaks,CHF,2013-10-11T14:00:00Z,None,,,,false,false
,Gov Council Member Murray Speaks,CAD,2013-10-11T16:00:00Z,None,,,,false,false
,USD-Denominated Trade Balance,CNY,2013-10-11T22:00:00Z,High,25.2B,28.5B,15.2B,false,false
,IMF Meetings,All,2013-10-12T00:00:00Z,None,,,,false,false
,MPC Member Tucker Speaks,GBP,2013-10-12T10:00:00Z,None,,,,false,false
,German Buba President Weidmann Speaks,EUR,2013-10-12T13:00:00Z,None,,,,false,false
,BOJ Gov Kuroda Speaks,JPY,2013-10-12T16:00:00Z,High,,,,false,false
,IMF Meetings,All,2013-10-13T00:00:00Z,None,,,,false,false
,Bank Holiday,JPY,2013-10-13T00:00:00Z,None,,,,true,false
,BusinessNZ Services Index,NZD,2013-10-13T17:30:00Z,None,,53.4,55.6,false,false
,REINZ HPI m/m,NZD,2013-10-13T19:00:00Z,None,,2.1%,0.8%,false,false
,Home Loans m/m,AUD,2013-10-13T20:30:00Z,None,-2.1%,2.1%,-3.9%,false,false
,CPI y/y,CNY,2013-10-13T21:30:00Z,High,2.8%,2.6%,3.1%,false,false
,PPI y/y,CNY,2013-10-13T21:30:00Z,None,-1.4%,-1.6%,-1.3%,false,false
,Eurogroup Meetings,EUR,2013-10-14T00:00:00Z,None,,,,true,false
,Bank Holiday,CAD,2013-10-14T00:00:00Z,None,,,,true,false
,Bank Holiday,USD,2013-10-14T00:00:00Z,None,,,,true,false
,PPI m/m,CHF,2013-10-14T03:15:00Z,None,0.3%,0.2%,0.1%,false,false
,New Loans,CNY,2013-10-14T04:00:00Z,None,669B,711B,787B,false,false
,M2 Money Supply y/y,CNY,2013-10-14T04:00:00Z,None,14.1%,14.7%,14.2%,false,false
,Industrial Production m/m,EUR,2013-10-14T05:00:00Z,None,0.8%,-1.0%,1.0%,false,false
,Monetary Policy Meeting Minutes,AUD,2013-10-14T20:30:00Z,High,,,,false,false
,New Motor Vehicle Sales m/m,AUD,2013-10-14T20:30:00Z,None,,0.7%,-0.1%,false,false
,Fed Chairman Bernanke Speaks,USD,2013-10-14T21:00:00Z,High,,,,false,false
,ECOFIN Meetings,EUR,2013-10-15T00:00:00Z,None,,,,true,false
,Revised Industrial Production m/m,JPY,2013-10-15T00:30:00Z,None,-0.7%,-0.7%,-0.9%,false,false
,German Import Prices m/m,EUR,2013-10-15T02:00:00Z,None,0.0%,0.1%,0.1%,false,false
,French Final CPI m/m,EUR,2013-10-15T02:45:00Z,None,-0.3%,0.5%,-0.2%,false,false
,CPI y/y,GBP,2013-10-15T04:30:00Z,High,2.6%,2.7%,2.7%,false,false
,PPI Input m/m,GBP,2013-10-15T04:30:00Z,None,-0.1%,-0.7%,-1.2%,false,false
,RPI y/y,GBP,2013-10-15T04:30:00Z,None,3.2%,3.3%,3.2%,false,false
,Core CPI y/y,GBP,2013-10-15T04:30:00Z,None,2.0%,2.0%,2.2%,false,false
,ONS HPI y/y,GBP,2013-10-15T04:30:00Z,None,3.6%,3.3%,3.8%,false,false
,PPI Output m/m,GBP,2013-10-15T04:30:00Z,None,0.3%,0.2%,-0.1%,false,false
,German ZEW Economic Sentiment,EUR,2013-10-15T05:00:00Z,High,49.2,49.6,52.8,false,false
,ZEW Economic Sentiment,EUR,2013-10-15T05:00:00Z,None,59.4,58.6,59.1,false,false
,MPC Member Weale Speaks,GBP,2013-10-15T05:00:00Z,None,,,,false,false
,Empire State Manufacturing Index,USD,2013-10-15T08:30:00Z,None,8.2,6.3,1.5,false,false
,GDT Price Index,NZD,2013-10-15T09:30:00Z,None,,2.4%,-1.9%,false,false
,FOMC Member Dudley Speaks,USD,2013-10-15T10:00:00Z,None,,,,false,false
,CPI q/q,NZD,2013-10-15T17:45:00Z,High,0.8%,0.2%,0.9%,false,false
,MI Leading Index m/m,AUD,2013-10-15T19:30:00Z,None,,0.4%,-0.1%,false,false
,Italian Trade Balance,EUR,2013-10-16T04:00:00Z,None,5.21B,5.98B,0.96B,false,false
,Claimant Count Change,GBP,2013-10-16T04:30:00Z,High,-24.3K,-41.6K,-41.7K,false,false
,Unemployment Rate,GBP,2013-10-16T04:30:00Z,High,7.7%,7.7%,7.7%,false,false
,Average Earnings Index 3m/y,GBP,2013-10-16T04:30:00Z,None,1.0%,1.2%,0.7%,false,false
,UBS Economic Expectations,CHF,2013-10-16T05:00:00Z,None,,16.3,24.9,false,false
,Final CPI y/y,EUR,2013-10-16T05:00:00Z,None,1.1%,1.1%,1.1%,false,false
,Final Core CPI y/y,EUR,2013-10-16T05:00:00Z,None,1.0%,1.0%,1.0%,false,false
,Trade Balance,EUR,2013-10-16T05:00:00Z,None,12.4B,11.0B,12.3B,false,false
,MPC Member Dale Speaks,GBP,2013-10-16T05:00:00Z,None,,,,false,false
,Manufacturing Sales m/m,CAD,2013-10-16T08:30:00Z,High,0.3%,1.7%,-0.2%,false,false
,NAHB Housing Market Index,USD,2013-10-16T10:00:00Z,None,58,57,55,false,false
,ECB President Draghi Speaks,EUR,2013-10-16T14:00:00Z,High,,,,false,false
,Beige Book,USD,2013-10-16T14:00:00Z,None,,,,false,false
,FOMC Member George Speaks,USD,2013-10-16T17:30:00Z,None,,,,false,false
,NAB Quarterly Business Confidence,AUD,2013-10-16T20:30:00Z,None,,-1,3,false,false
,Foreign Direct Investment ytd/y,CNY,2013-10-16T22:00:00Z,None,,6.4%,6.2%,false,false
,Current Account,EUR,2013-10-17T04:00:00Z,None,17.7B,15.5B,17.4B,false,false
,Retail Sales m/m,GBP,2013-10-17T04:30:00Z,High,0.5%,-0.8%,0.6%,false,false
,Foreign Securities Purchases,CAD,2013-10-17T08:30:00Z,None,7.21B,6.12B,2.08B,false,false
,Unemployment Claims,USD,2013-10-17T08:30:00Z,High,357K,373K,358K,false,false
,Philly Fed Manufacturing Index,USD,2013-10-17T10:00:00Z,High,15.4,22.3,19.8,false,false
,FOMC Member Evans Speaks,USD,2013-10-17T12:45:00Z,None,,,,false,false
,FOMC Member George Speaks,USD,2013-10-17T12:45:00Z,None,,,,false,false
,RBA Gov Stevens Speaks,AUD,2013-10-17T21:00:00Z,High,,,,false,false
,GDP q/y,CNY,2013-10-17T22:00:00Z,High,7.8%,7.5%,7.8%,false,false
,Fixed Asset Investment ytd/y,CNY,2013-10-17T22:00:00Z,None,20.4%,20.3%,20.2%,false,false
,Industrial Production y/y,CNY,2013-10-17T22:00:00Z,None,10.1%,10.4%,10.2%,false,false
,NBS Press Conference,CNY,2013-10-17T22:00:00Z,None,,,,false,false
,Retail Sales y/y,CNY,2013-10-17T22:00:00Z,None,13.6%,13.4%,13.3%,false,false
,BOJ Gov Kuroda Speaks,JPY,2013-10-18T02:35:00Z,High,,,,false,false
,Core CPI m/m,CAD,2013-10-18T08:30:00Z,High,0.2%,0.2%,0.2%,false,false
,CPI m/m,CAD,2013-10-18T08:30:00Z,None,0.1%,0.0%,0.2%,false,false
,FOMC Member Tarullo Speaks,USD,2013-10-18T12:30:00Z,None,,,,false,false
,FOMC Member Evans Speaks,USD,2013-10-18T14:00:00Z,None,,,,false,false
,FOMC Member Dudley Speaks,USD,2013-10-18T15:40:00Z,None,,,,false,false
,FOMC Member Stein Speaks,USD,2013-10-18T16:30:00Z,None,,,,false,false
,Visitor Arrivals m/m,NZD,2013-10-20T17:47:00Z,None,,0.0%,-1.0%,false,false
,Rightmove HPI m/m,GBP,2013-10-20T19:01:00Z,None,,-1.5%,2.8%,false,false
,Trade Balance,JPY,2013-10-20T19:50:00Z,None,-1.06T,-0.82T,-1.09T,false,false
,Credit Card Spending y/y,NZD,2013-10-20T22:00:00Z,None,,6.6%,5.2%,false,false
,All Industries Activity m/m,JPY,2013-10-21T00:30:00Z,None,0.3%,0.4%,0.3%,false,false
,German PPI m/m,EUR,2013-10-21T02:00:00Z,None,0.1%,-0.1%,0.3%,false,false
,German Buba Monthly Report,EUR,2013-10-21T06:00:00Z,None,,,,false,false
,FOMC Member Evans Speaks,USD,2013-10-21T08:00:00Z,None,,,,false,false
,Wholesale Sales m/m,CAD,2013-10-21T08:30:00Z,None,0.6%,1.7%,0.5%,false,false
,Existing Home Sales,USD,2013-10-21T10:00:00Z,High,5.31M,5.39M,5.29M,false,false
,Crude Oil Inventories,USD,2013-10-21T10:30:00Z,None,3.4M,6.8M,4.0M,false,false
,CB Leading Index m/m,CNY,2013-10-21T22:00:00Z,None,,0.8%,0.9%,false,false
,Trade Balance,CHF,2013-10-22T02:00:00Z,None,2.32B,1.86B,2.49B,false,false
,MPC Member Bean Speaks,GBP,2013-10-22T04:00:00Z,None,,,,false,false
,Public Sector Net Borrowing,GBP,2013-10-22T04:30:00Z,None,10.4B,10.8B,9.4B,false,false
,Core Retail Sales m/m,CAD,2013-10-22T08:30:00Z,High,0.2%,0.8%,0.4%,false,false
,Retail Sales m/m,CAD,2013-10-22T08:30:00Z,None,0.3%,0.5%,0.2%,false,false
,Non-Farm Employment Change,USD,2013-10-22T08:30:00Z,High,182K,193K,148K,false,false
,Unemployment Rate,USD,2013-10-22T08:30:00Z,High,7.3%,7.3%,7.2%,false,false
,Average Hourly Earnings m/m,USD,2013-10-22T08:30:00Z,None,0.2%,0.3%,0.1%,false,false
,TIC Long-Term Purchases,USD,2013-10-22T09:00:00Z,None,30.9B,31.0B,-8.9B,false,false
,Richmond Manufacturing Index,USD,2013-10-22T09:59:00Z,None,0,0,1,false,false
,Construction Spending m/m,USD,2013-10-22T10:00:00Z,None,0.5%,1.4%,0.6%,false,false
,Natural Gas Storage,USD,2013-10-22T10:30:00Z,None,81B,90B,77B,false,false
,CB Leading Index m/m,AUD,2013-10-22T19:00:00Z,None,,0.3%,-0.2%,false,false
,CPI m/m,AUD,2013-10-22T20:30:00Z,High,0.8%,0.4%,1.2%,false,false
,Trimmed Mean CPI m/m,AUD,2013-10-22T20:30:00Z,None,0.7%,0.6%,0.7%,false,false
,MPC Asset Purchase Facility Votes,GBP,2013-10-23T04:30:00Z,High,0-0-9,0-0-9,0-0-9,false,false
,MPC Official Bank Rate Votes,GBP,2013-10-23T04:30:00Z,High,0-0-9,0-0-9,0-0-9,false,false
,High Street Lending,GBP,2013-10-23T04:30:00Z,None,39.4K,38.8K,43.0K,false,false
,German 30-y Bond Auction,EUR,2013-10-23T05:33:00Z,None,,2.47|1.6,2.64|1.4,false,false
,Import Prices m/m,USD,2013-10-23T08:30:00Z,None,0.3%,0.2%,0.2%,false,false
,Belgian NBB Business Climate,EUR,2013-10-23T09:00:00Z,None,-4.1,-6.7,-7.7,false,false
,HPI m/m,USD,2013-10-23T09:00:00Z,None,0.8%,0.8%,0.3%,false,false
,BOC Monetary Policy Report,CAD,2013-10-23T10:00:00Z,High,,,,false,false
,BOC Rate Statement,CAD,2013-10-23T10:00:00Z,High,,,,false,false
,Overnight Rate,CAD,2013-10-23T10:00:00Z,High,1.00%,1.00%,1.00%,false,false
,Consumer Confidence,EUR,2013-10-23T10:00:00Z,None,-14,-15,-15,false,false
,Crude Oil Inventories,USD,2013-10-23T10:30:00Z,None,2.7M,4.0M,5.2M,false,false
,BOC Press Conference,CAD,2013-10-23T11:15:00Z,High,,,,false,false
,Trade Balance,NZD,2013-10-23T17:45:00Z,High,-730M,-1234M,-199M,false,false
,Caixin Flash Manufacturing PMI,CNY,2013-10-23T21:45:00Z,High,50.5,50.2,50.9,false,false
,RBA Deputy Gov Lowe Speaks,AUD,2013-10-23T23:00:00Z,None,,,,false,false
,EU Economic Summit,EUR,2013-10-24T00:00:00Z,None,,,,false,false
,RBA Annual Report,AUD,2013-10-24T01:00:00Z,None,,,,false,false
,French Flash Manufacturing PMI,EUR,2013-10-24T03:00:00Z,High,50.3,49.8,49.4,false,false
,French Flash Services PMI,EUR,2013-10-24T03:00:00Z,None,51.2,51.0,50.2,false,false
,Spanish Unemployment Rate,EUR,2013-10-24T03:00:00Z,None,26.1%,26.3%,26.0%,false,false
,German Flash Manufacturing PMI,EUR,2013-10-24T03:30:00Z,High,51.6,51.1,51.5,false,false
,German Flash Services PMI,EUR,2013-10-24T03:30:00Z,None,53.8,53.7,52.3,false,false
,Flash Manufacturing PMI,EUR,2013-10-24T04:00:00Z,None,51.4,51.1,51.3,false,false
,Flash Services PMI,EUR,2013-10-24T04:00:00Z,None,52.3,52.2,50.9,false,false
,CBI Industrial Order Expectations,GBP,2013-10-24T06:00:00Z,None,10,9,-4,false,false
,Trade Balance,USD,2013-10-24T08:30:00Z,High,-39.4B,-38.6B,-38.8B,false,false
,Unemployment Claims,USD,2013-10-24T08:30:00Z,High,343K,362K,350K,false,false
,Flash Manufacturing PMI,USD,2013-10-24T09:00:00Z,None,52.8,52.8,51.1,false,false
,JOLTS Job Openings,USD,2013-10-24T10:00:00Z,None,3.77M,3.81M,3.88M,false,false
,Natural Gas Storage,USD,2013-10-24T10:30:00Z,None,80B,77B,87B,false,false
,BOE Gov Carney Speaks,GBP,2013-10-24T12:45:00Z,High,,,,false,false
,Tokyo Core CPI y/y,JPY,2013-10-24T19:30:00Z,None,0.4%,0.2%,0.3%,false,false
,National Core CPI y/y,JPY,2013-10-24T19:30:00Z,None,0.7%,0.8%,0.7%,false,false
,SPPI y/y,JPY,2013-10-24T19:50:00Z,None,0.8%,0.7%,0.7%,false,false
,EU Economic Summit,EUR,2013-10-25T00:00:00Z,None,,,,false,false
,German ifo Business Climate,EUR,2013-10-25T04:00:00Z,High,108.2,107.7,107.4,false,false
,M3 Money Supply y/y,EUR,2013-10-25T04:00:00Z,None,2.3%,2.3%,2.1%,false,false
,Private Loans y/y,EUR,2013-10-25T04:00:00Z,None,-1.9%,-2.0%,-1.9%,false,false
,Italian Retail Sales m/m,EUR,2013-10-25T04:00:00Z,None,0.2%,-0.2%,0.0%,false,false
,Prelim GDP q/q,GBP,2013-10-25T04:30:00Z,High,0.8%,0.7%,0.8%,false,false
,Index of Services 3m/3m,GBP,2013-10-25T04:30:00Z,None,0.5%,0.5%,0.6%,false,false
,Core Durable Goods Orders m/m,USD,2013-10-25T08:30:00Z,High,0.6%,-0.4%,-0.1%,false,false
,Durable Goods Orders m/m,USD,2013-10-25T08:30:00Z,None,1.7%,0.2%,3.7%,false,false
,Revised UoM Consumer Sentiment,USD,2013-10-25T09:55:00Z,None,75.8,75.2,73.2,false,false
,Revised UoM Inflation Expectations,USD,2013-10-25T09:55:00Z,None,,2.9%,3.0%,false,false
,Final Wholesale Inventories m/m,USD,2013-10-25T10:00:00Z,None,0.3%,0.2%,0.5%,false,false
,Daylight Saving Time Shift,CHF,2013-10-26T22:00:00Z,None,,,,false,false
,Daylight Saving Time Shift,EUR,2013-10-26T22:00:00Z,None,,,,false,false
,Daylight Saving Time Shift,GBP,2013-10-26T22:00:00Z,None,,,,false,false
,Bank Holiday,NZD,2013-10-27T00:00:00Z,None,,,,true,false
,CBI Realized Sales,GBP,2013-10-28T07:00:00Z,None,33,34,2,false,false
,Capacity Utilization Rate,USD,2013-10-28T09:15:00Z,None,78.1%,77.9%,78.3%,false,false
,Industrial Production m/m,USD,2013-10-28T09:15:00Z,None,0.5%,0.4%,0.6%,false,false
,MPC Member Dale Speaks,GBP,2013-10-28T09:20:00Z,None,,,,false,false
,Pending Home Sales m/m,USD,2013-10-28T10:00:00Z,High,0.5%,-1.6%,-5.6%,false,false
,RBA Gov Stevens Speaks,AUD,2013-10-28T18:30:00Z,High,,,,false,false
,Household Spending y/y,JPY,2013-10-28T19:30:00Z,None,0.7%,-1.6%,3.7%,false,false
,Unemployment Rate,JPY,2013-10-28T19:30:00Z,None,4.0%,4.1%,4.0%,false,false
,Retail Sales y/y,JPY,2013-10-28T19:50:00Z,None,1.9%,1.1%,3.1%,false,false
,Net Lending to Individuals m/m,GBP,2013-10-29T05:30:00Z,None,2.5B,1.7B,1.9B,false,false
,M4 Money Supply m/m,GBP,2013-10-29T05:30:00Z,None,0.6%,0.7%,0.6%,false,false
,Mortgage Approvals,GBP,2013-10-29T05:30:00Z,None,65K,63K,67K,false,false
,RMPI m/m,CAD,2013-10-29T08:30:00Z,None,-0.4%,0.9%,-1.5%,false,false
,IPPI m/m,CAD,2013-10-29T08:30:00Z,None,0.2%,0.3%,-0.3%,false,false
,Core Retail Sales m/m,USD,2013-10-29T08:30:00Z,High,0.4%,0.1%,0.4%,false,false
,PPI m/m,USD,2013-10-29T08:30:00Z,High,0.2%,0.3%,-0.1%,false,false
,Retail Sales m/m,USD,2013-10-29T08:30:00Z,High,0.2%,0.2%,-0.1%,false,false
,Core PPI m/m,USD,2013-10-29T08:30:00Z,None,0.1%,0.0%,0.1%,false,false
,S&P/CS Composite-20 HPI y/y,USD,2013-10-29T09:00:00Z,None,12.4%,12.3%,12.8%,false,false
,CB Consumer Confidence,USD,2013-10-29T10:00:00Z,High,75.2,80.2,71.2,false,false
,Business Inventories m/m,USD,2013-10-29T10:00:00Z,None,0.3%,0.4%,0.3%,false,false
,BOC Gov Poloz Speaks,CAD,2013-10-29T12:00:00Z,High,,,,false,false
,Gov Council Member Cote Speaks,CAD,2013-10-29T13:40:00Z,None,,,,false,false
,HIA New Home Sales m/m,AUD,2013-10-29T19:35:00Z,None,,3.4%,6.4%,false,false
,Prelim Industrial Production m/m,JPY,2013-10-29T19:50:00Z,None,1.8%,-0.9%,1.5%,false,false
,German Prelim CPI m/m,EUR,2013-10-30T00:00:00Z,None,0.0%,0.0%,-0.2%,true,false
,UBS Consumption Indicator,CHF,2013-10-30T02:52:00Z,None,,1.32,1.56,false,false
,KOF Economic Barometer,CHF,2013-10-30T04:00:00Z,None,1.56,1.54,1.72,false,false
,Spanish Flash GDP q/q,EUR,2013-10-30T04:00:00Z,None,0.1%,-0.1%,0.1%,false,false
,Spanish Flash CPI y/y,EUR,2013-10-30T04:00:00Z,None,0.3%,0.3%,-0.1%,false,false
,German Unemployment Change,EUR,2013-10-30T04:55:00Z,None,1K,24K,2K,false,false
,Retail PMI,EUR,2013-10-30T05:10:00Z,None,,48.6,47.7,false,false
,Italian 10-y Bond Auction,EUR,2013-10-30T06:12:00Z,None,,4.50|1.4,4.11|1.5,false,false
,German 10-y Bond Auction,EUR,2013-10-30T06:34:00Z,None,,1.79|1.3,1.71|1.7,false,false
,ADP Non-Farm Employment Change,USD,2013-10-30T08:15:00Z,High,151K,145K,130K,false,false
,Core CPI m/m,USD,2013-10-30T08:30:00Z,High,0.2%,0.1%,0.1%,false,false
,Core CPI y/y,USD,2013-10-30T08:30:00Z,High,1.7%,1.8%,1.7%,false,false
,CPI y/y,USD,2013-10-30T08:30:00Z,High,1.2%,1.5%,1.2%,false,false
,CPI m/m,USD,2013-10-30T08:30:00Z,None,0.2%,0.1%,0.2%,false,false
,Crude Oil Inventories,USD,2013-10-30T10:30:00Z,None,1.9M,5.2M,4.1M,false,false
,FOMC Statement,USD,2013-10-30T14:00:00Z,High,,,,false,false
,Federal Funds Rate,USD,2013-10-30T14:00:00Z,None,<0.25%,<0.25%,<0.25%,false,false
,Official Cash Rate,NZD,2013-10-30T16:00:00Z,High,2.50%,2.50%,2.50%,false,false
,RBNZ Rate Statement,NZD,2013-10-30T16:00:00Z,High,,,,false,false
,Federal Budget Balance,USD,2013-10-30T16:30:00Z,None,62.0B,-147.9B,75.1B,false,false
,Treasury Currency Report,USD,2013-10-30T17:15:00Z,None,,,,false,false
,Building Consents m/m,NZD,2013-10-30T17:45:00Z,None,,1.5%,1.4%,false,false
,Final Manufacturing PMI,JPY,2013-10-30T19:15:00Z,None,,52.5,54.2,false,false
,ANZ Business Confidence,NZD,2013-10-30T20:00:00Z,High,,54.1,53.2,false,false
,GfK Consumer Confidence,GBP,2013-10-30T20:05:00Z,None,-8,-10,-11,false,false
,Building Approvals m/m,AUD,2013-10-30T20:30:00Z,High,2.9%,-1.6%,14.4%,false,false
,Import Prices q/q,AUD,2013-10-30T20:30:00Z,None,3.5%,-0.3%,6.1%,false,false
,Private Sector Credit m/m,AUD,2013-10-30T20:30:00Z,None,0.4%,0.3%,0.3%,false,false
,Average Cash Earnings y/y,JPY,2013-10-30T21:30:00Z,None,-0.5%,-0.9%,0.1%,false,false
,Monetary Policy Statement,JPY,2013-10-31T00:14:00Z,High,,,,false,false
,Housing Starts y/y,JPY,2013-10-31T01:00:00Z,None,12.6%,8.8%,19.4%,false,false
,BOJ Outlook Report,JPY,2013-10-31T02:00:00Z,None,,,,false,false
,German GfK Consumer Climate,EUR,2013-10-31T03:00:00Z,None,7.3,7.1,7.0,false,false
,German Retail Sales m/m,EUR,2013-10-31T03:00:00Z,None,0.5%,-0.2%,-0.4%,false,false
,German Import Prices m/m,EUR,2013-10-31T03:00:00Z,None,0.2%,0.1%,0.0%,false,false
,Nationwide HPI m/m,GBP,2013-10-31T03:00:00Z,None,0.7%,0.9%,1.0%,false,false
,BOJ Press Conference,JPY,2013-10-31T03:24:00Z,High,,,,false,false
,French Consumer Spending m/m,EUR,2013-10-31T03:45:00Z,None,0.2%,-0.3%,-0.1%,false,false
,Italian Monthly Unemployment Rate,EUR,2013-10-31T05:00:00Z,None,12.4%,12.4%,12.5%,false,false
,CPI Flash Estimate y/y,EUR,2013-10-31T06:00:00Z,None,1.1%,1.1%,0.7%,false,false
,Unemployment Rate,EUR,2013-10-31T06:00:00Z,None,12.0%,12.2%,12.2%,false,false
,Core CPI Flash Estimate y/y,EUR,2013-10-31T06:00:00Z,None,,1.0%,0.8%,false,false
,Italian Prelim CPI m/m,EUR,2013-10-31T06:00:00Z,None,0.4%,-0.3%,-0.3%,false,false
,GDP m/m,CAD,2013-10-31T08:30:00Z,High,0.2%,0.6%,0.3%,false,false
,Unemployment Claims,USD,2013-10-31T08:30:00Z,High,341K,350K,340K,false,false
,Treasury Sec Lew Speaks,USD,2013-10-31T09:00:00Z,None,,,,false,false
,Chicago PMI,USD,2013-10-31T09:45:00Z,None,55.1,55.7,65.9,false,false
,Natural Gas Storage,USD,2013-10-31T10:30:00Z,None,35B,87B,38B,false,false
,AIG Manufacturing Index,AUD,2013-10-31T18:27:00Z,None,,51.7,53.2,false,false
,PPI q/q,AUD,2013-10-31T20:30:00Z,High,0.4%,0.1%,1.3%,false,false
,Manufacturing PMI,CNY,2013-10-31T20:56:00Z,High,51.2,51.1,51.4,false,false
,RatingDog Manufacturing PMI,CNY,2013-10-31T21:45:00Z,None,50.7,50.9,50.9,false,false
,French Bank Holiday,EUR,2013-11-01T00:00:00Z,None,,,,true,false
,Italian Bank Holiday,EUR,2013-11-01T00:00:00Z,None,,,,true,false
,Total Vehicle Sales,USD,2013-11-01T00:00:00Z,None,15.5M,15.3M,15.2M,true,false
,Commodity Prices y/y,AUD,2013-11-01T01:30:00Z,None,,-3.1%,-1.0%,false,false
,Manufacturing PMI,CHF,2013-11-01T04:30:00Z,None,55.4,55.3,54.2,false,false
,Final Manufacturing PMI,GBP,2013-11-01T05:30:00Z,High,56.3,56.3,56.0,false,false
,Final Manufacturing PMI,USD,2013-11-01T09:00:00Z,None,51.1,51.1,51.8,false,false
,FOMC Member Bullard Speaks,USD,2013-11-01T09:10:00Z,High,,,,false,false
,Manufacturing PMI,CAD,2013-11-01T09:30:00Z,None,,54.2,55.6,false,false
,ISM Manufacturing PMI,USD,2013-11-01T10:00:00Z,High,55.3,56.2,56.4,false,false
,ISM Manufacturing Prices,USD,2013-11-01T10:00:00Z,None,55.1,56.5,55.5,false,false
,Non-Manufacturing PMI,CNY,2013-11-02T21:00:00Z,None,,55.4,56.3,false,false
,Bank Holiday,JPY,2013-11-03T00:00:00Z,None,,,,true,false
,Daylight Saving Time Shift,USD,2013-11-03T02:00:00Z,None,,,,false,false
,Daylight Saving Time Shift,CAD,2013-11-03T02:00:00Z,None,,,,false,false
,MI Inflation Gauge m/m,AUD,2013-11-03T18:30:00Z,None,,0.2%,0.1%,false,false
,ANZ Commodity Prices m/m,NZD,2013-11-03T19:00:00Z,None,,1.0%,1.3%,false,false
,Retail Sales m/m,AUD,2013-11-03T19:30:00Z,High,0.5%,0.5%,0.8%,false,false
,ANZ Job Advertisements m/m,AUD,2013-11-03T19:30:00Z,None,,0.2%,-0.1%,false,false
,HPI q/q,AUD,2013-11-03T19:30:00Z,None,2.3%,2.7%,1.9%,false,false
,Factory Orders m/m,USD,2013-11-04T00:00:00Z,None,0.2%,-2.8%,-0.1%,false,false
,Spanish Manufacturing PMI,EUR,2013-11-04T03:15:00Z,None,51.0,50.7,50.9,false,false
,Italian Manufacturing PMI,EUR,2013-11-04T03:45:00Z,None,51.1,50.8,50.7,false,false
,French Final Manufacturing PMI,EUR,2013-11-04T03:50:00Z,None,49.4,49.4,49.1,false,false
,German Final Manufacturing PMI,EUR,2013-11-04T03:55:00Z,None,51.5,51.5,51.7,false,false
,Final Manufacturing PMI,EUR,2013-11-04T04:00:00Z,None,51.3,51.3,51.3,false,false
,Sentix Investor Confidence,EUR,2013-11-04T04:30:00Z,None,6.6,6.1,9.3,false,false
,Construction PMI,GBP,2013-11-04T04:30:00Z,High,58.9,58.9,59.4,false,false
,Factory Orders m/m,USD,2013-11-04T10:00:00Z,None,1.9%,-0.1%,1.7%,false,false
,FOMC Member Powell Speaks,USD,2013-11-04T11:40:00Z,None,,,,false,false
,Gov Council Member Schembri Speaks,CAD,2013-11-04T13:10:00Z,None,,,,false,false
,Loan Officer Survey,USD,2013-11-04T14:00:00Z,None,,,,false,false
,FOMC Member Rosengren Speaks,USD,2013-11-04T16:00:00Z,None,,,,false,false
,AIG Services Index,AUD,2013-11-04T17:30:00Z,None,,47.1,47.9,false,false
,Monetary Base y/y,JPY,2013-11-04T18:50:00Z,None,48.3%,46.1%,45.8%,false,false
,BRC Retail Sales Monitor y/y,GBP,2013-11-04T19:00:00Z,None,,0.7%,0.8%,false,false
,RatingDog Services PMI,CNY,2013-11-04T20:45:00Z,None,,52.4,52.6,false,false
,Cash Rate,AUD,2013-11-04T22:30:00Z,High,2.50%,2.50%,2.50%,false,false
,RBA Rate Statement,AUD,2013-11-04T22:30:00Z,High,,,,false,false
,BOJ Gov Kuroda Speaks,JPY,2013-11-05T00:30:00Z,High,,,,false,false
,Spanish Unemployment Change,EUR,2013-11-05T03:00:00Z,None,31.3K,25.6K,87.0K,false,false
,CPI m/m,CHF,2013-11-05T03:15:00Z,High,0.1%,0.3%,-0.1%,false,false
,EU Economic Forecasts,EUR,2013-11-05T04:30:00Z,None,,,,false,false
,Final Services PMI,GBP,2013-11-05T04:30:00Z,High,60.4,60.3,62.5,false,false
,PPI m/m,EUR,2013-11-05T05:00:00Z,None,0.3%,0.0%,0.1%,false,false
,GDT Price Index,NZD,2013-11-05T08:30:00Z,None,,-1.9%,-1.8%,false,false
,ISM Services PMI,USD,2013-11-05T10:00:00Z,High,54.2,54.4,55.4,false,false
,RCM/TIPP Economic Optimism,USD,2013-11-05T10:00:00Z,None,41.1,38.4,41.4,false,false
,Employment Change q/q,NZD,2013-11-05T16:45:00Z,High,0.5%,0.4%,1.2%,false,false
,Unemployment Rate,NZD,2013-11-05T16:45:00Z,High,6.2%,6.4%,6.2%,false,false
,Labor Cost Index q/q,NZD,2013-11-05T16:45:00Z,None,0.5%,0.4%,0.4%,false,false
,Monetary Policy Meeting Minutes,JPY,2013-11-05T18:50:00Z,None,,,,false,false
,BRC Shop Price Index y/y,GBP,2013-11-05T19:01:00Z,None,,-0.2%,-0.5%,false,false
,Goods Trade Balance,AUD,2013-11-05T19:30:00Z,High,-0.51B,-0.69B,-0.28B,false,false
,10-y Bond Auction,JPY,2013-11-05T22:45:00Z,None,,0.68|3.7,0.61|3.7,false,false
,Lloyds HPI m/m,GBP,2013-11-06T03:00:00Z,None,0.4%,0.4%,0.7%,false,false
,Spanish Services PMI,EUR,2013-11-06T03:15:00Z,None,48.1,49.0,49.6,false,false
,Italian Services PMI,EUR,2013-11-06T03:45:00Z,None,51.6,52.7,50.5,false,false
,French Final Services PMI,EUR,2013-11-06T03:50:00Z,None,50.2,50.2,50.9,false,false
,German Final Services PMI,EUR,2013-11-06T03:55:00Z,None,52.3,52.3,52.9,false,false
,Final Services PMI,EUR,2013-11-06T04:00:00Z,None,50.9,50.9,51.6,false,false
,Manufacturing Production m/m,GBP,2013-11-06T04:30:00Z,High,1.2%,-1.2%,1.2%,false,false
,Industrial Production m/m,GBP,2013-11-06T04:30:00Z,None,0.7%,-1.1%,0.9%,false,false
,Retail Sales m/m,EUR,2013-11-06T05:00:00Z,None,-0.3%,0.5%,-0.6%,false,false
,German Factory Orders m/m,EUR,2013-11-06T06:00:00Z,None,0.6%,-0.3%,3.3%,false,false
,Challenger Job Cuts y/y,USD,2013-11-06T07:30:00Z,None,,19.1%,-4.2%,false,false
,Building Permits m/m,CAD,2013-11-06T08:30:00Z,High,7.8%,-20.0%,1.7%,false,false
,Ivey PMI,CAD,2013-11-06T10:00:00Z,High,54.7,51.9,62.8,false,false
,NIESR GDP Estimate,GBP,2013-11-06T10:00:00Z,None,,0.8%,0.7%,false,false
,CB Leading Index m/m,USD,2013-11-06T10:00:00Z,None,0.7%,0.7%,0.7%,false,false
,Crude Oil Inventories,USD,2013-11-06T10:30:00Z,None,1.7M,4.1M,1.6M,false,false
,AIG Construction Index,AUD,2013-11-06T17:26:00Z,None,,47.6,54.4,false,false
,Employment Change,AUD,2013-11-06T19:30:00Z,High,10.3K,3.3K,1.1K,false,false
,Unemployment Rate,AUD,2013-11-06T19:30:00Z,High,5.7%,5.7%,5.7%,false,false
,Leading Indicators,JPY,2013-11-07T00:00:00Z,None,109.4%,106.8%,109.5%,false,false
,SECO Consumer Climate,CHF,2013-11-07T01:45:00Z,None,-2,-9,-5,false,false
,Foreign Currency Reserves,CHF,2013-11-07T03:00:00Z,None,,433B,435B,false,false
,Spanish 10-y Bond Auction,EUR,2013-11-07T04:43:00Z,None,,4.27|2.0,4.16|2.6,false,false
,French 10-y Bond Auction,EUR,2013-11-07T04:58:00Z,None,,2.37|1.9,2.41|2.0,false,false
,German Industrial Production m/m,EUR,2013-11-07T06:00:00Z,None,0.2%,1.6%,-0.9%,false,false
,Asset Purchase Facility,GBP,2013-11-07T07:00:00Z,High,375B,375B,375B,false,false
,Official Bank Rate,GBP,2013-11-07T07:00:00Z,High,0.50%,0.50%,0.50%,false,false
,Main Refinancing Rate,EUR,2013-11-07T07:45:00Z,High,0.50%,0.50%,0.25%,false,false
,ECB Press Conference,EUR,2013-11-07T08:30:00Z,High,,,,false,false
,Advance GDP q/q,USD,2013-11-07T08:30:00Z,High,2.0%,2.5%,2.8%,false,false
,Unemployment Claims,USD,2013-11-07T08:30:00Z,High,336K,345K,336K,false,false
,Advance GDP Price Index q/q,USD,2013-11-07T08:30:00Z,None,1.5%,0.6%,1.9%,false,false
,Mortgage Delinquencies,USD,2013-11-07T10:00:00Z,None,,6.96%,6.41%,false,false
,Natural Gas Storage,USD,2013-11-07T10:30:00Z,None,40B,38B,35B,false,false
,FOMC Member Dudley Speaks,USD,2013-11-07T13:30:00Z,None,,,,false,false
,FOMC Member Stein Speaks,USD,2013-11-07T13:50:00Z,None,,,,false,false
,ECB President Draghi Speaks,EUR,2013-11-07T14:00:00Z,High,,,,false,false
,Consumer Credit m/m,USD,2013-11-07T15:00:00Z,None,13.0B,14.2B,13.7B,false,false
,RBA Monetary Policy Statement,AUD,2013-11-07T19:30:00Z,High,,,,false,false
,USD-Denominated Trade Balance,CNY,2013-11-07T21:38:00Z,High,23.5B,15.2B,31.1B,false,false
,Unemployment Rate,CHF,2013-11-08T01:45:00Z,None,3.2%,3.2%,3.2%,false,false
,German Trade Balance,EUR,2013-11-08T02:00:00Z,None,17.2B,15.8B,18.8B,false,false
,French Industrial Production m/m,EUR,2013-11-08T02:45:00Z,None,0.4%,0.7%,-0.5%,false,false
,French Gov Budget Balance,EUR,2013-11-08T02:45:00Z,None,,-93.6B,-80.8B,false,false
,French Trade Balance,EUR,2013-11-08T02:45:00Z,None,-4.7B,-5.1B,-5.8B,false,false
,Retail Sales y/y,CHF,2013-11-08T03:15:00Z,None,2.6%,2.5%,1.0%,false,false
,Goods Trade Balance,GBP,2013-11-08T04:30:00Z,None,-9.1B,-9.6B,-9.8B,false,false
,Construction Output m/m,GBP,2013-11-08T04:30:00Z,None,1.3%,0.1%,-0.9%,false,false
,Housing Starts,CAD,2013-11-08T08:13:00Z,None,192K,196K,198K,false,false
,Employment Change,CAD,2013-11-08T08:30:00Z,High,12.7K,11.9K,13.2K,false,false
,Unemployment Rate,CAD,2013-11-08T08:30:00Z,High,7.0%,6.9%,6.9%,false,false
,Non-Farm Employment Change,USD,2013-11-08T08:30:00Z,High,121K,163K,204K,false,false
,Unemployment Rate,USD,2013-11-08T08:30:00Z,High,7.3%,7.2%,7.3%,false,false
,Average Hourly Earnings m/m,USD,2013-11-08T08:30:00Z,None,0.2%,0.1%,0.1%,false,false
,Core PCE Price Index m/m,USD,2013-11-08T08:30:00Z,None,0.1%,0.1%,0.1%,false,false
,Personal Spending m/m,USD,2013-11-08T08:30:00Z,None,0.3%,0.3%,0.2%,false,false
,Personal Income m/m,USD,2013-11-08T08:30:00Z,None,0.3%,0.5%,0.5%,false,false
,Prelim UoM Consumer Sentiment,USD,2013-11-08T09:55:00Z,High,74.6,73.2,72.0,false,false
,Prelim UoM Inflation Expectations,USD,2013-11-08T09:55:00Z,None,,3.0%,3.1%,false,false
,President Obama Speaks,USD,2013-11-08T13:10:00Z,None,,,,false,false
,Fed Chairman Bernanke Speaks,USD,2013-11-08T15:30:00Z,High,,,,false,false
,PPI y/y,CNY,2013-11-08T20:30:00Z,None,-1.3%,-1.3%,-1.5%,false,false
,CPI y/y,CNY,2013-11-08T20:30:00Z,High,3.3%,3.1%,3.2%,false,false
,Fixed Asset Investment ytd/y,CNY,2013-11-09T00:30:00Z,None,20.2%,20.2%,20.1%,false,false
,Industrial Production y/y,CNY,2013-11-09T00:30:00Z,High,10.1%,10.2%,10.3%,false,false
,Retail Sales y/y,CNY,2013-11-09T00:30:00Z,None,13.4%,13.3%,13.3%,false,false
,Current Account,JPY,2013-11-10T18:50:00Z,None,-0.10T,0.35T,-0.13T,false,false
,Bank Lending y/y,JPY,2013-11-10T18:50:00Z,None,,2.0%,2.0%,false,false
,Home Loans m/m,AUD,2013-11-10T19:30:00Z,None,3.6%,-4.0%,4.4%,false,false
,Bank Holiday,USD,2013-11-11T00:00:00Z,None,,,,true,false
,Bank Holiday,CAD,2013-11-11T00:00:00Z,None,,,,true,false
,French Bank Holiday,EUR,2013-11-11T00:00:00Z,None,,,,true,false
,Economy Watchers Sentiment,JPY,2013-11-11T00:00:00Z,None,54.2,52.8,51.8,false,false
,M2 Money Supply y/y,CNY,2013-11-11T03:09:00Z,None,14.2%,14.2%,14.3%,false,false
,New Loans,CNY,2013-11-11T03:09:00Z,None,581B,787B,506B,false,false
,Italian Industrial Production m/m,EUR,2013-11-11T04:00:00Z,None,0.2%,-0.2%,0.2%,false,false
,German Buba President Weidmann Speaks,EUR,2013-11-11T12:00:00Z,None,,,,false,false
,NFIB Small Business Index,USD,2013-11-11T14:25:00Z,None,93.5,93.9,91.6,false,false
,REINZ HPI m/m,NZD,2013-11-11T16:00:00Z,None,,0.8%,1.6%,false,false
,Tertiary Industry Activity m/m,JPY,2013-11-11T18:50:00Z,None,0.2%,0.6%,-0.2%,false,false
,M2 Money Stock y/y,JPY,2013-11-11T18:50:00Z,None,3.9%,3.9%,4.1%,false,false
,RICS House Price Balance,GBP,2013-11-11T19:01:00Z,None,59%,53%,57%,false,false
,NAB Business Confidence,AUD,2013-11-11T19:30:00Z,High,,12,5,false,false
,30-y Bond Auction,JPY,2013-11-11T22:45:00Z,None,,1.63|4.1,1.62|4.4,false,false
,Consumer Confidence,JPY,2013-11-12T00:00:00Z,None,46.3,45.4,41.2,false,false
,Prelim Machine Tool Orders y/y,JPY,2013-11-12T01:00:00Z,None,,-6.3%,8.4%,false,false
,German Final CPI m/m,EUR,2013-11-12T02:00:00Z,None,-0.2%,-0.2%,-0.2%,false,false
,German WPI m/m,EUR,2013-11-12T02:00:00Z,None,0.3%,0.7%,-1.0%,false,false
,Core CPI y/y,GBP,2013-11-12T04:30:00Z,None,2.0%,2.2%,1.7%,false,false
,CPI y/y,GBP,2013-11-12T04:30:00Z,High,2.5%,2.7%,2.2%,false,false
,PPI Input m/m,GBP,2013-11-12T04:30:00Z,None,-0.8%,-1.0%,-0.6%,false,false
,RPI y/y,GBP,2013-11-12T04:30:00Z,None,3.0%,3.2%,2.6%,false,false
,ONS HPI y/y,GBP,2013-11-12T04:30:00Z,None,4.1%,3.7%,3.8%,false,false
,PPI Output m/m,GBP,2013-11-12T04:30:00Z,None,0.0%,0.0%,-0.3%,false,false
,CB Leading Index m/m,GBP,2013-11-12T05:00:00Z,None,,1.2%,1.5%,false,false
,RBNZ Financial Stability Report,NZD,2013-11-12T15:00:00Z,High,,,,false,false
,FPI m/m,NZD,2013-11-12T16:45:00Z,None,,0.0%,-1.0%,false,false
,Westpac Consumer Sentiment,AUD,2013-11-12T18:30:00Z,None,,-2.1%,1.9%,false,false
,PPI y/y,JPY,2013-11-12T18:50:00Z,None,2.5%,2.2%,2.5%,false,false
,Core Machinery Orders m/m,JPY,2013-11-12T18:50:00Z,None,-1.8%,5.4%,-2.1%,false,false
,RBNZ Gov Wheeler Speaks,NZD,2013-11-12T19:00:00Z,High,,,,false,false
,Wage Price Index q/q,AUD,2013-11-12T19:30:00Z,None,0.8%,0.7%,0.5%,false,false
,New Motor Vehicle Sales m/m,AUD,2013-11-12T19:30:00Z,None,,-0.3%,-0.7%,false,false
,Claimant Count Change,GBP,2013-11-13T04:30:00Z,High,-33.2K,-44.7K,-41.7K,false,false
,Unemployment Rate,GBP,2013-11-13T04:30:00Z,High,7.6%,7.7%,7.6%,false,false
,Average Earnings Index 3m/y,GBP,2013-11-13T04:30:00Z,None,0.7%,0.8%,0.7%,false,false
,Industrial Production m/m,EUR,2013-11-13T05:00:00Z,None,-0.2%,1.0%,-0.5%,false,false
,BOE Gov Carney Speaks,GBP,2013-11-13T05:30:00Z,High,,,,false,false
,BOE Monetary Policy Report,GBP,2013-11-13T05:30:00Z,High,,,,false,false
,German Buba President Weidmann Speaks,EUR,2013-11-13T07:10:00Z,None,,,,false,false
,10-y Bond Auction,USD,2013-11-13T13:01:00Z,None,,2.66|2.6,2.75|2.7,false,false
,Federal Budget Balance,USD,2013-11-13T14:00:00Z,None,-104.3B,75.1B,-91.6B,false,false
,BusinessNZ Manufacturing Index,NZD,2013-11-13T16:30:00Z,None,,54.2,55.7,false,false
,Core Retail Sales q/q,NZD,2013-11-13T16:45:00Z,None,1.4%,2.1%,-0.1%,false,false
,Retail Sales q/q,NZD,2013-11-13T16:45:00Z,High,0.9%,1.5%,0.3%,false,false
,Prelim GDP q/q,JPY,2013-11-13T18:50:00Z,High,0.4%,0.9%,0.5%,false,false
,Prelim GDP Price Index y/y,JPY,2013-11-13T18:50:00Z,None,-0.5%,-0.5%,-0.3%,false,false
,MI Inflation Expectations,AUD,2013-11-13T19:00:00Z,None,,2.0%,1.9%,false,false
,Fed Chairman Bernanke Speaks,USD,2013-11-13T19:00:00Z,High,,,,false,false
,Revised Industrial Production m/m,JPY,2013-11-13T23:30:00Z,None,1.5%,1.5%,1.3%,false,false
,Eurogroup Meetings,EUR,2013-11-14T00:00:00Z,None,,,,true,false
,French Prelim GDP q/q,EUR,2013-11-14T01:30:00Z,None,0.1%,0.5%,-0.1%,false,false
,German Prelim GDP q/q,EUR,2013-11-14T02:00:00Z,None,0.3%,0.7%,0.3%,false,false
,French Final CPI m/m,EUR,2013-11-14T02:45:00Z,None,0.0%,-0.2%,-0.1%,false,false
,French Prelim Private Payrolls q/q,EUR,2013-11-14T02:45:00Z,None,-0.1%,-0.2%,-0.1%,false,false
,PPI m/m,CHF,2013-11-14T03:15:00Z,None,0.3%,0.1%,-0.4%,false,false
,ECB Monthly Bulletin,EUR,2013-11-14T04:00:00Z,None,,,,false,false
,Italian Prelim GDP q/q,EUR,2013-11-14T04:00:00Z,None,-0.2%,-0.3%,-0.1%,false,false
,Retail Sales m/m,GBP,2013-11-14T04:30:00Z,High,0.0%,0.6%,-0.7%,false,false
,Flash GDP q/q,EUR,2013-11-14T05:00:00Z,None,0.2%,0.3%,0.1%,false,false
,NHPI m/m,CAD,2013-11-14T08:30:00Z,None,0.2%,0.1%,0.0%,false,false
,Unemployment Claims,USD,2013-11-14T08:30:00Z,High,331K,341K,339K,false,false
,Trade Balance,USD,2013-11-14T08:30:00Z,High,-38.7B,-38.7B,-41.8B,false,false
,Trade Balance,CAD,2013-11-14T08:30:00Z,High,-1.2B,-1.1B,-0.4B,false,false
,Prelim Unit Labor Costs q/q,USD,2013-11-14T08:30:00Z,None,1.1%,0.0%,-0.6%,false,false
,Prelim Nonfarm Productivity q/q,USD,2013-11-14T08:30:00Z,None,1.3%,2.3%,1.9%,false,false
,Fed Chair Yellen Testifies,USD,2013-11-14T10:00:00Z,High,,,,false,false
,BOC Review,CAD,2013-11-14T10:30:00Z,None,,,,false,false
,Natural Gas Storage,USD,2013-11-14T10:30:00Z,None,21B,35B,20B,false,false
,Crude Oil Inventories,USD,2013-11-14T11:00:00Z,None,0.7M,1.6M,2.6M,false,false
,30-y Bond Auction,USD,2013-11-14T13:01:00Z,None,,3.76|2.6,3.81|2.2,false,false
,MPC Member Miles Speaks,GBP,2013-11-14T13:45:00Z,None,,,,false,false
,ECOFIN Meetings,EUR,2013-11-15T00:00:00Z,None,,,,true,false
,Italian Trade Balance,EUR,2013-11-15T04:00:00Z,None,1.63B,1.07B,0.79B,false,false
,Final Core CPI y/y,EUR,2013-11-15T05:00:00Z,None,0.8%,0.8%,0.8%,false,false
,Final CPI y/y,EUR,2013-11-15T05:00:00Z,None,0.7%,0.7%,0.7%,false,false
,Manufacturing Sales m/m,CAD,2013-11-15T08:30:00Z,High,0.5%,0.0%,0.6%,false,false
,Empire State Manufacturing Index,USD,2013-11-15T08:30:00Z,None,5.2,1.5,-2.2,false,false
,Import Prices m/m,USD,2013-11-15T08:30:00Z,None,-0.4%,0.1%,-0.7%,false,false
,Capacity Utilization Rate,USD,2013-11-15T09:15:00Z,None,78.3%,78.3%,78.1%,false,false
,Industrial Production m/m,USD,2013-11-15T09:15:00Z,None,0.1%,0.7%,-0.1%,false,false
,Final Wholesale Inventories m/m,USD,2013-11-15T10:00:00Z,None,0.5%,0.8%,0.4%,false,false
,BusinessNZ Services Index,NZD,2013-11-17T16:30:00Z,None,,56.2,58.2,false,false
,Rightmove HPI m/m,GBP,2013-11-17T18:48:00Z,None,,2.8%,-2.4%,false,false
,FOMC Member Rosengren Speaks,USD,2013-11-18T01:00:00Z,None,,,,false,false
,Current Account,EUR,2013-11-18T04:00:00Z,None,18.3B,17.9B,13.7B,false,false
,Trade Balance,EUR,2013-11-18T05:00:00Z,None,14.3B,12.3B,14.3B,false,false
,German Buba Monthly Report,EUR,2013-11-18T06:00:00Z,None,,,,false,false
,Foreign Securities Purchases,CAD,2013-11-18T08:30:00Z,None,6.71B,2.08B,8.36B,false,false
,TIC Long-Term Purchases,USD,2013-11-18T09:00:00Z,None,21.3B,-9.8B,25.5B,false,false
,NAHB Housing Market Index,USD,2013-11-18T10:00:00Z,None,56,54,54,false,false
,Gov Council Member Macklem Speaks,CAD,2013-11-18T11:00:00Z,None,,,,false,false
,FOMC Member Dudley Speaks,USD,2013-11-18T12:15:00Z,None,,,,false,false
,CB Leading Index m/m,AUD,2013-11-18T18:00:00Z,None,,-0.2%,0.3%,false,false
,Monetary Policy Meeting Minutes,AUD,2013-11-18T19:30:00Z,High,,,,false,false
,Foreign Direct Investment ytd/y,CNY,2013-11-18T21:00:00Z,None,,6.2%,5.8%,false,false
,Inflation Expectations q/q,NZD,2013-11-18T21:00:00Z,None,,2.36%,2.34%,false,false
,MI Leading Index m/m,AUD,2013-11-19T00:00:00Z,None,,0.3%,-0.1%,false,false
,ZEW Economic Sentiment,EUR,2013-11-19T05:00:00Z,None,63.1,59.1,60.2,false,false
,German ZEW Economic Sentiment,EUR,2013-11-19T05:00:00Z,High,54.6,52.8,54.6,false,false
,10-y Bond Auction,GBP,2013-11-19T05:34:00Z,None,,2.74|1.8,2.73|1.8,false,false
,Employment Cost Index q/q,USD,2013-11-19T08:30:00Z,None,0.5%,0.5%,0.4%,false,false
,GDT Price Index,NZD,2013-11-19T08:30:00Z,None,,-1.8%,0.1%,false,false
,Treasury Sec Lew Speaks,USD,2013-11-19T08:45:00Z,None,,,,false,false
,FOMC Member Dudley Speaks,USD,2013-11-19T10:00:00Z,None,,,,false,false
,FOMC Member Evans Speaks,USD,2013-11-19T14:15:00Z,None,,,,false,false
,President Obama Speaks,USD,2013-11-19T15:00:00Z,None,,,,false,false
,PPI Input q/q,NZD,2013-11-19T16:45:00Z,None,0.6%,0.6%,2.2%,false,false
,PPI Output q/q,NZD,2013-11-19T16:45:00Z,None,1.0%,1.0%,2.4%,false,false
,Gov Council Member Murray Speaks,CAD,2013-11-19T17:45:00Z,None,,,,false,false
,MI Leading Index m/m,AUD,2013-11-19T18:30:00Z,None,,-0.1%,0.1%,false,false
,Trade Balance,JPY,2013-11-19T18:50:00Z,None,-0.88T,-1.13T,-1.07T,false,false
,Fed Chairman Bernanke Speaks,USD,2013-11-19T19:00:00Z,High,,,,false,false
,RBA Deputy Gov Debelle Speaks,AUD,2013-11-19T19:30:00Z,None,,,,false,false
,CB Leading Index m/m,CNY,2013-11-19T21:00:00Z,None,,1.1%,0.6%,false,false
,All Industries Activity m/m,JPY,2013-11-19T23:30:00Z,None,0.5%,0.3%,0.4%,false,false
,German PPI m/m,EUR,2013-11-20T02:00:00Z,None,0.1%,0.3%,-0.2%,false,false
,MPC Asset Purchase Facility Votes,GBP,2013-11-20T04:30:00Z,High,0-0-9,0-0-9,0-0-9,false,false
,MPC Official Bank Rate Votes,GBP,2013-11-20T04:30:00Z,High,0-0-9,0-0-9,0-0-9,false,false
,UBS Economic Expectations,CHF,2013-11-20T05:00:00Z,None,,24.9,31.6,false,false
,MPC Member Dale Speaks,GBP,2013-11-20T05:20:00Z,None,,,,false,false
,Core Retail Sales m/m,USD,2013-11-20T08:30:00Z,High,0.1%,0.3%,0.2%,false,false
,Core CPI y/y,USD,2013-11-20T08:30:00Z,High,1.7%,1.7%,1.7%,false,false
,Wholesale Sales m/m,CAD,2013-11-20T08:30:00Z,None,0.4%,0.4%,0.2%,false,false
,CPI y/y,USD,2013-11-20T08:30:00Z,High,1.0%,1.2%,1.0%,false,false
,Retail Sales m/m,USD,2013-11-20T08:30:00Z,High,0.1%,0.0%,0.4%,false,false
,CPI m/m,USD,2013-11-20T08:30:00Z,None,0.0%,0.2%,-0.1%,false,false
,Core CPI m/m,USD,2013-11-20T08:30:00Z,High,0.1%,0.1%,0.1%,false,false
,Existing Home Sales,USD,2013-11-20T10:00:00Z,High,5.17M,5.29M,5.12M,false,false
,Business Inventories m/m,USD,2013-11-20T10:00:00Z,None,0.3%,0.4%,0.6%,false,false
,FOMC Member Dudley Speaks,USD,2013-11-20T10:00:00Z,None,,,,false,false
,Crude Oil Inventories,USD,2013-11-20T10:30:00Z,None,-0.2M,2.6M,0.4M,false,false
,FOMC Member Bullard Speaks,USD,2013-11-20T12:10:00Z,None,,,,false,false
,MPC Member Weale Speaks,GBP,2013-11-20T13:30:00Z,None,,,,false,false
,FOMC Meeting Minutes,USD,2013-11-20T14:00:00Z,High,,,,false,false
,BOC Gov Poloz Speaks,CAD,2013-11-20T16:15:00Z,High,,,,false,false
,Caixin Flash Manufacturing PMI,CNY,2013-11-20T20:45:00Z,High,50.9,50.9,50.4,false,false
,Credit Card Spending y/y,NZD,2013-11-20T21:00:00Z,None,,5.1%,3.2%,false,false
,Monetary Policy Statement,JPY,2013-11-20T22:15:00Z,High,,,,false,false
,Trade Balance,CHF,2013-11-21T02:00:00Z,None,2.45B,2.40B,2.43B,false,false
,BOJ Press Conference,JPY,2013-11-21T02:19:00Z,High,,,,false,false
,French Flash Manufacturing PMI,EUR,2013-11-21T03:00:00Z,High,49.6,49.1,47.8,false,false
,French Flash Services PMI,EUR,2013-11-21T03:00:00Z,None,51.3,50.9,48.8,false,false
,German Flash Manufacturing PMI,EUR,2013-11-21T03:30:00Z,High,52.3,51.7,52.5,false,false
,German Flash Services PMI,EUR,2013-11-21T03:30:00Z,None,53.1,52.9,54.5,false,false
,Flash Manufacturing PMI,EUR,2013-11-21T04:00:00Z,None,51.6,51.3,51.5,false,false
,Flash Services PMI,EUR,2013-11-21T04:00:00Z,None,51.9,51.6,50.9,false,false
,RBA Gov Stevens Speaks,AUD,2013-11-21T04:05:00Z,High,,,,false,false
,Public Sector Net Borrowing,GBP,2013-11-21T04:30:00Z,None,4.8B,8.6B,6.4B,false,false
,CBI Industrial Order Expectations,GBP,2013-11-21T06:00:00Z,None,0,-4,11,false,false
,ECB President Draghi Speaks,EUR,2013-11-21T06:30:00Z,High,,,,false,false
,PPI m/m,USD,2013-11-21T08:30:00Z,High,-0.2%,-0.1%,-0.2%,false,false
,Unemployment Claims,USD,2013-11-21T08:30:00Z,High,333K,344K,323K,false,false
,Core PPI m/m,USD,2013-11-21T08:30:00Z,None,0.1%,0.1%,0.2%,false,false
,Flash Manufacturing PMI,USD,2013-11-21T09:00:00Z,None,52.6,51.8,54.3,false,false
,FOMC Member Powell Speaks,USD,2013-11-21T09:45:00Z,None,,,,false,false
,Consumer Confidence,EUR,2013-11-21T10:00:00Z,None,-14,-15,-15,false,false
,Philly Fed Manufacturing Index,USD,2013-11-21T10:00:00Z,High,15.8,19.8,6.5,false,false
,Natural Gas Storage,USD,2013-11-21T10:30:00Z,None,-34B,20B,-45B,false,false
,German Buba President Weidmann Speaks,EUR,2013-11-21T11:00:00Z,High,,,,false,false
,FOMC Member Bullard Speaks,USD,2013-11-21T13:00:00Z,None,,,,false,false
,Visitor Arrivals m/m,NZD,2013-11-21T16:45:00Z,None,,-1.1%,-2.1%,false,false
,RBNZ Assist Gov McDermott Speaks,NZD,2013-11-21T17:30:00Z,None,,,,false,false
,BOJ Monthly Report,JPY,2013-11-22T00:00:00Z,None,,,,false,false
,Eurogroup Meetings,EUR,2013-11-22T00:00:00Z,None,,,,true,false
,German Final GDP q/q,EUR,2013-11-22T02:00:00Z,None,0.3%,0.3%,0.3%,false,false
,ECB President Draghi Speaks,EUR,2013-11-22T03:55:00Z,High,,,,false,false
,Italian Retail Sales m/m,EUR,2013-11-22T04:00:00Z,None,0.4%,0.0%,-0.3%,false,false
,German ifo Business Climate,EUR,2013-11-22T04:00:00Z,High,107.9,107.4,109.3,false,false
,Retail Sales m/m,CAD,2013-11-22T08:30:00Z,None,0.3%,0.1%,1.0%,false,false
,CPI m/m,CAD,2013-11-22T08:30:00Z,None,0.2%,0.2%,-0.2%,false,false
,Core Retail Sales m/m,CAD,2013-11-22T08:30:00Z,High,0.2%,0.5%,0.0%,false,false
,Core CPI m/m,CAD,2013-11-22T08:30:00Z,High,0.0%,0.2%,0.2%,false,false
,FOMC Member George Speaks,USD,2013-11-22T08:40:00Z,None,,,,false,false
,Belgian NBB Business Climate,EUR,2013-11-22T09:00:00Z,None,-6.9,-7.7,-4.3,false,false
,JOLTS Job Openings,USD,2013-11-22T10:00:00Z,None,3.89M,3.84M,3.91M,false,false
,FOMC Member Tarullo Speaks,USD,2013-11-22T12:15:00Z,None,,,,false,false
,Employment Level,CHF,2013-11-25T03:15:00Z,None,4.19M,4.17M,4.20M,false,false
,High Street Lending,GBP,2013-11-25T04:30:00Z,None,45.2K,43.2K,42.8K,false,false
,Flash Services PMI,USD,2013-11-25T09:00:00Z,None,,49.3,57.1,false,false
,Pending Home Sales m/m,USD,2013-11-25T10:00:00Z,High,2.2%,-4.6%,-0.6%,false,false
,SNB Chairman Jordan Speaks,CHF,2013-11-25T11:30:00Z,High,,,,false,false
,German Buba President Weidmann Speaks,EUR,2013-11-25T16:15:00Z,None,,,,false,false
,RBA Deputy Gov Lowe Speaks,AUD,2013-11-25T17:15:00Z,None,,,,false,false
,Monetary Policy Meeting Minutes,JPY,2013-11-25T18:50:00Z,None,,,,false,false
,SPPI y/y,JPY,2013-11-25T18:50:00Z,None,0.9%,0.7%,0.8%,false,false
,Building Permits,USD,2013-11-26T00:00:00Z,None,0.94M,0.93M,0.97M,false,false
,Monetary Policy Report Hearings,GBP,2013-11-26T05:00:00Z,High,,,,false,false
,Building Permits,USD,2013-11-26T08:30:00Z,High,0.94M,0.97M,1.03M,false,false
,Corporate Profits q/q,CAD,2013-11-26T08:30:00Z,None,,-0.8%,1.5%,false,false
,S&P/CS Composite-20 HPI y/y,USD,2013-11-26T09:00:00Z,None,13.0%,12.8%,13.3%,false,false
,HPI m/m,USD,2013-11-26T09:00:00Z,None,0.5%,0.4%,0.3%,false,false
,Richmond Manufacturing Index,USD,2013-11-26T09:59:00Z,None,3,1,13,false,false
,CB Consumer Confidence,USD,2013-11-26T10:00:00Z,High,72.2,72.4,70.4,false,false
,Trade Balance,NZD,2013-11-26T16:45:00Z,High,-345M,-216M,-168M,false,false
,Construction Work Done q/q,AUD,2013-11-26T19:30:00Z,None,0.6%,0.1%,2.7%,false,false
,UBS Consumption Indicator,CHF,2013-11-27T02:00:00Z,None,,1.56,1.28,false,false
,German GfK Consumer Climate,EUR,2013-11-27T04:00:00Z,None,7.1,7.1,7.4,false,false
,Second Estimate GDP q/q,GBP,2013-11-27T04:30:00Z,High,0.8%,0.8%,0.8%,false,false
,Prelim Business Investment q/q,GBP,2013-11-27T04:30:00Z,None,2.3%,-2.7%,1.4%,false,false
,Index of Services 3m/3m,GBP,2013-11-27T04:30:00Z,None,0.4%,0.6%,0.7%,false,false
,German 10-y Bond Auction,EUR,2013-11-27T05:33:00Z,None,,1.71|1.7,1.69|1.7,false,false
,ECB Financial Stability Review,EUR,2013-11-27T06:00:00Z,None,,,,false,false
,CBI Realized Sales,GBP,2013-11-27T06:00:00Z,None,12,2,1,false,false
,Core Durable Goods Orders m/m,USD,2013-11-27T08:30:00Z,High,0.5%,-0.2%,-0.1%,false,false
,Unemployment Claims,USD,2013-11-27T08:30:00Z,High,331K,326K,316K,false,false
,Durable Goods Orders m/m,USD,2013-11-27T08:30:00Z,None,-1.5%,3.8%,-2.0%,false,false
,Chicago PMI,USD,2013-11-27T09:45:00Z,None,60.6,65.9,63.0,false,false
,Revised UoM Consumer Sentiment,USD,2013-11-27T09:55:00Z,None,73.1,72.0,75.1,false,false
,Revised UoM Inflation Expectations,USD,2013-11-27T09:55:00Z,None,,3.1%,2.9%,false,false
,CB Leading Index m/m,USD,2013-11-27T10:00:00Z,None,0.1%,0.9%,0.2%,false,false
,Crude Oil Inventories,USD,2013-11-27T10:30:00Z,None,0.5M,0.4M,3.0M,false,false
,Natural Gas Storage,USD,2013-11-27T12:00:00Z,None,-11B,-45B,-13B,false,false
,Retail Sales y/y,JPY,2013-11-27T18:50:00Z,None,2.2%,3.0%,2.3%,false,false
,ANZ Business Confidence,NZD,2013-11-27T19:00:00Z,High,,53.2,60.5,false,false
,HIA New Home Sales m/m,AUD,2013-11-27T19:00:00Z,None,,6.4%,-3.8%,false,false
,Private Capital Expenditure q/q,AUD,2013-11-27T19:30:00Z,High,-1.1%,1.6%,3.6%,false,false
,Bank Holiday,USD,2013-11-28T00:00:00Z,None,,,,true,false
,German Prelim CPI m/m,EUR,2013-11-28T00:00:00Z,None,0.1%,-0.2%,0.2%,true,false
,GDP q/q,CHF,2013-11-28T01:45:00Z,None,0.5%,0.5%,0.5%,false,false
,German Import Prices m/m,EUR,2013-11-28T02:00:00Z,None,-0.2%,0.0%,-0.7%,false,false
,Spanish Flash CPI y/y,EUR,2013-11-28T03:00:00Z,None,0.1%,-0.1%,0.2%,false,false
,German Unemployment Change,EUR,2013-11-28T03:55:00Z,None,0K,3K,10K,false,false
,M3 Money Supply y/y,EUR,2013-11-28T04:00:00Z,None,1.8%,2.0%,1.4%,false,false
,Private Loans y/y,EUR,2013-11-28T04:00:00Z,None,-1.9%,-2.0%,-2.1%,false,false
,Retail PMI,EUR,2013-11-28T04:10:00Z,None,,47.7,48.0,false,false
,Italian 10-y Bond Auction,EUR,2013-11-28T05:10:00Z,None,,4.11|1.5,4.01|1.5,false,false
,BOE Gov Carney Speaks,GBP,2013-11-28T05:30:00Z,High,,,,false,false
,BOE Financial Stability Report,GBP,2013-11-28T05:30:00Z,None,,,,false,false
,FPC Statement,GBP,2013-11-28T05:30:00Z,None,,,,false,false
,30-y Bond Auction,GBP,2013-11-28T05:33:00Z,None,,3.74|1.5,3.61|1.7,false,false
,Current Account,CAD,2013-11-28T08:30:00Z,None,-14.3B,-15.9B,-15.5B,false,false
,RMPI m/m,CAD,2013-11-28T08:30:00Z,None,-2.1%,-1.2%,-2.3%,false,false
,IPPI m/m,CAD,2013-11-28T08:30:00Z,None,-0.3%,-0.2%,-0.3%,false,false
,Building Consents m/m,NZD,2013-11-28T16:45:00Z,None,,1.4%,-0.6%,false,false
,Final Manufacturing PMI,JPY,2013-11-28T18:15:00Z,None,,54.2,55.1,false,false
,Household Spending y/y,JPY,2013-11-28T18:30:00Z,None,1.2%,3.7%,0.9%,false,false
,Tokyo Core CPI y/y,JPY,2013-11-28T18:30:00Z,None,0.4%,0.3%,0.6%,false,false
,National Core CPI y/y,JPY,2013-11-28T18:30:00Z,None,0.9%,0.7%,0.9%,false,false
,Unemployment Rate,JPY,2013-11-28T18:30:00Z,None,3.9%,4.0%,4.0%,false,false
,Prelim Industrial Production m/m,JPY,2013-11-28T18:50:00Z,None,2.1%,1.5%,0.5%,false,false
,GfK Consumer Confidence,GBP,2013-11-28T19:05:00Z,None,-8,-11,-12,false,false
,Private Sector Credit m/m,AUD,2013-11-28T19:30:00Z,None,0.4%,0.3%,0.3%,false,false
,Housing Starts y/y,JPY,2013-11-29T00:00:00Z,None,5.5%,19.4%,7.1%,false,false
,German Retail Sales m/m,EUR,2013-11-29T02:00:00Z,None,0.5%,-0.6%,-0.8%,false,false
,Nationwide HPI m/m,GBP,2013-11-29T02:00:00Z,None,0.6%,1.0%,0.6%,false,false
,French Consumer Spending m/m,EUR,2013-11-29T02:45:00Z,None,0.3%,-0.1%,-0.2%,false,false
,KOF Economic Barometer,CHF,2013-11-29T03:00:00Z,None,1.82,1.71,1.85,false,false
,Italian Monthly Unemployment Rate,EUR,2013-11-29T04:00:00Z,None,12.5%,12.5%,12.5%,false,false
,Italian Quarterly Unemployment Rate,EUR,2013-11-29T04:00:00Z,None,12.2%,12.1%,12.3%,false,false
,Net Lending to Individuals m/m,GBP,2013-11-29T04:30:00Z,None,2.1B,2.2B,1.7B,false,false
,M4 Money Supply m/m,GBP,2013-11-29T04:30:00Z,None,1.1%,0.5%,0.1%,false,false
,Mortgage Approvals,GBP,2013-11-29T04:30:00Z,None,68K,67K,68K,false,false
,CPI Flash Estimate y/y,EUR,2013-11-29T05:00:00Z,High,0.8%,0.7%,0.9%,false,false
,Core CPI Flash Estimate y/y,EUR,2013-11-29T05:00:00Z,None,,0.8%,1.0%,false,false
,Unemployment Rate,EUR,2013-11-29T05:00:00Z,None,12.2%,12.2%,12.1%,false,false
,Italian Prelim CPI m/m,EUR,2013-11-29T05:00:00Z,None,0.2%,-0.2%,-0.4%,false,false
,GDP m/m,CAD,2013-11-29T08:30:00Z,High,0.1%,0.3%,0.3%,false,false
,Manufacturing PMI,CNY,2013-11-30T20:00:00Z,High,51.2,51.4,51.4,false,false
,Overseas Trade Index q/q,NZD,2013-12-01T16:45:00Z,None,3.0%,4.7%,7.5%,false,false
,AIG Manufacturing Index,AUD,2013-12-01T17:30:00Z,None,,53.2,47.7,false,false
,MI Inflation Gauge m/m,AUD,2013-12-01T18:30:00Z,None,,0.1%,0.2%,false,false
,Capital Spending q/y,JPY,2013-12-01T18:50:00Z,None,3.1%,0.0%,1.5%,false,false
,Building Approvals m/m,AUD,2013-12-01T19:30:00Z,High,-4.3%,16.9%,-1.8%,false,false
,Company Operating Profits q/q,AUD,2013-12-01T19:30:00Z,None,1.1%,0.4%,3.9%,false,false
,RatingDog Manufacturing PMI,CNY,2013-12-01T20:45:00Z,None,50.5,50.4,50.8,false,false
,BOJ Gov Kuroda Speaks,JPY,2013-12-01T21:30:00Z,High,,,,false,false
,Construction Spending m/m,USD,2013-12-02T00:00:00Z,None,0.5%,0.6%,-0.3%,false,false
,Commodity Prices y/y,AUD,2013-12-02T00:30:00Z,None,,-0.5%,-1.9%,false,false
,Spanish Manufacturing PMI,EUR,2013-12-02T03:15:00Z,None,51.3,50.9,48.6,false,false
,Manufacturing PMI,CHF,2013-12-02T03:30:00Z,None,55.1,54.2,56.5,false,false
,Italian Manufacturing PMI,EUR,2013-12-02T03:45:00Z,None,51.4,50.7,51.4,false,false
,French Final Manufacturing PMI,EUR,2013-12-02T03:50:00Z,None,47.8,47.8,48.4,false,false
,German Final Manufacturing PMI,EUR,2013-12-02T03:55:00Z,None,52.5,52.5,52.7,false,false
,Final Manufacturing PMI,EUR,2013-12-02T04:00:00Z,None,51.5,51.5,51.6,false,false
,Final Manufacturing PMI,GBP,2013-12-02T04:30:00Z,High,56.5,56.5,58.4,false,false
,Fed Chairman Bernanke Speaks,USD,2013-12-02T08:30:00Z,High,,,,false,false
,Final Manufacturing PMI,USD,2013-12-02T09:00:00Z,None,54.3,54.3,54.7,false,false
,Manufacturing PMI,CAD,2013-12-02T09:30:00Z,None,,55.6,55.3,false,false
,ISM Manufacturing PMI,USD,2013-12-02T10:00:00Z,High,55.2,56.4,57.3,false,false
,Construction Spending m/m,USD,2013-12-02T10:00:00Z,None,0.4%,-0.3%,0.8%,false,false
,ISM Manufacturing Prices,USD,2013-12-02T10:00:00Z,None,55.0,55.5,52.5,false,false
,Monetary Base y/y,JPY,2013-12-02T18:50:00Z,None,47.2%,45.8%,52.5%,false,false
,ANZ Commodity Prices m/m,NZD,2013-12-02T19:00:00Z,None,,1.4%,-0.4%,false,false
,BRC Retail Sales Monitor y/y,GBP,2013-12-02T19:01:00Z,None,,0.8%,0.6%,false,false
,Retail Sales m/m,AUD,2013-12-02T19:30:00Z,High,0.4%,0.9%,0.5%,false,false
,Current Account,AUD,2013-12-02T19:30:00Z,None,-11.1B,-12.1B,-12.7B,false,false
,Non-Manufacturing PMI,CNY,2013-12-02T20:00:00Z,None,,56.3,56.0,false,false
,Average Cash Earnings y/y,JPY,2013-12-02T20:30:00Z,None,0.1%,-0.2%,0.1%,false,false
,Cash Rate,AUD,2013-12-02T22:30:00Z,High,2.50%,2.50%,2.50%,false,false
,RBA Rate Statement,AUD,2013-12-02T22:30:00Z,High,,,,false,false
,Total Vehicle Sales,USD,2013-12-03T00:00:00Z,None,15.8M,15.2M,16.4M,true,false
,Spanish Unemployment Change,EUR,2013-12-03T03:00:00Z,High,49.3K,87.0K,-2.5K,false,false
,Construction PMI,GBP,2013-12-03T04:30:00Z,High,59.3,59.4,62.6,false,false
,FPC Meeting Minutes,GBP,2013-12-03T04:30:00Z,None,,,,false,false
,PPI m/m,EUR,2013-12-03T05:00:00Z,None,-0.1%,0.2%,-0.5%,false,false
,GDT Price Index,NZD,2013-12-03T08:30:00Z,None,,0.1%,3.9%,false,false
,RCM/TIPP Economic Optimism,USD,2013-12-03T10:00:00Z,None,43.2,41.4,43.1,false,false
,AIG Services Index,AUD,2013-12-03T17:10:00Z,None,,47.9,48.9,false,false
,BRC Shop Price Index y/y,GBP,2013-12-03T19:01:00Z,None,,-0.5%,-0.3%,false,false
,GDP q/q,AUD,2013-12-03T19:30:00Z,High,0.7%,0.7%,0.6%,false,false
,RatingDog Services PMI,CNY,2013-12-03T20:45:00Z,None,,52.6,52.5,false,false
,OPEC Meetings,All,2013-12-04T00:00:00Z,None,,,,true,false
,New Home Sales,USD,2013-12-04T00:00:00Z,None,427K,379K,354K,false,false
,Spanish Services PMI,EUR,2013-12-04T03:15:00Z,None,50.7,49.6,51.5,false,false
,Italian Services PMI,EUR,2013-12-04T03:45:00Z,None,51.2,50.5,47.2,false,false
,French Final Services PMI,EUR,2013-12-04T03:50:00Z,None,48.8,48.8,48.0,false,false
,German Final Services PMI,EUR,2013-12-04T03:55:00Z,None,54.5,54.5,55.7,false,false
,Final Services PMI,EUR,2013-12-04T04:00:00Z,None,50.9,50.9,51.2,false,false
,Final Services PMI,GBP,2013-12-04T04:30:00Z,High,62.1,62.5,60.0,false,false
,Retail Sales m/m,EUR,2013-12-04T05:00:00Z,None,0.2%,-0.6%,-0.2%,false,false
,Revised GDP q/q,EUR,2013-12-04T05:00:00Z,None,0.1%,0.1%,0.1%,false,false
,ADP Non-Farm Employment Change,USD,2013-12-04T08:15:00Z,High,172K,184K,215K,false,false
,Trade Balance,CAD,2013-12-04T08:30:00Z,High,-0.7B,-0.3B,0.1B,false,false
,Trade Balance,USD,2013-12-04T08:30:00Z,High,-40.3B,-43.0B,-40.6B,false,false
,Final Services PMI,USD,2013-12-04T09:00:00Z,None,57.1,57.1,55.9,false,false
,BOC Rate Statement,CAD,2013-12-04T10:00:00Z,High,,,,false,false
,Overnight Rate,CAD,2013-12-04T10:00:00Z,High,1.00%,1.00%,1.00%,false,false
,ISM Services PMI,USD,2013-12-04T10:00:00Z,High,55.4,55.4,53.9,false,false
,New Home Sales,USD,2013-12-04T10:00:00Z,High,432K,354K,444K,false,false
,Crude Oil Inventories,USD,2013-12-04T10:30:00Z,None,-0.5M,3.0M,-5.6M,false,false
,President Obama Speaks,USD,2013-12-04T11:20:00Z,None,,,,false,false
,Beige Book,USD,2013-12-04T14:00:00Z,None,,,,false,false
,Goods Trade Balance,AUD,2013-12-04T19:30:00Z,High,-0.38B,-0.27B,-0.53B,false,false
,10-y Bond Auction,JPY,2013-12-04T22:45:00Z,None,,0.61|3.7,0.65|4.0,false,false
,Autumn Forecast Statement,GBP,2013-12-05T06:15:00Z,High,,,,false,false
,Asset Purchase Facility,GBP,2013-12-05T07:00:00Z,High,375B,375B,375B,false,false
,Official Bank Rate,GBP,2013-12-05T07:00:00Z,High,0.50%,0.50%,0.50%,false,false
,Challenger Job Cuts y/y,USD,2013-12-05T07:30:00Z,None,,-4.2%,-20.6%,false,false
,Main Refinancing Rate,EUR,2013-12-05T07:45:00Z,High,0.25%,0.25%,0.25%,false,false
,Building Permits m/m,CAD,2013-12-05T08:30:00Z,High,1.2%,4.1%,7.4%,false,false
,ECB Press Conference,EUR,2013-12-05T08:30:00Z,High,,,,false,false
,Prelim GDP q/q,USD,2013-12-05T08:30:00Z,High,3.0%,2.8%,3.6%,false,false
,Unemployment Claims,USD,2013-12-05T08:30:00Z,High,328K,321K,298K,false,false
,Treasury Sec Lew Speaks,USD,2013-12-05T08:30:00Z,None,,,,false,false
,Prelim GDP Price Index q/q,USD,2013-12-05T08:30:00Z,None,1.9%,1.9%,2.0%,false,false
,Ivey PMI,CAD,2013-12-05T10:00:00Z,High,59.0,62.8,53.7,false,false
,Factory Orders m/m,USD,2013-12-05T10:00:00Z,None,-0.9%,1.8%,-0.9%,false,false
,Natural Gas Storage,USD,2013-12-05T10:30:00Z,None,-141B,-13B,-162B,false,false
,AIG Construction Index,AUD,2013-12-05T17:05:00Z,None,,54.4,55.2,false,false
,Leading Indicators,JPY,2013-12-06T00:00:00Z,None,109.9%,109.2%,109.9%,false,false
,French Gov Budget Balance,EUR,2013-12-06T02:45:00Z,None,,-80.8B,-86.0B,false,false
,French Trade Balance,EUR,2013-12-06T02:45:00Z,None,-5.1B,-5.6B,-4.7B,false,false
,Foreign Currency Reserves,CHF,2013-12-06T03:00:00Z,None,,435B,436B,false,false
,Lloyds HPI m/m,GBP,2013-12-06T03:00:00Z,None,0.8%,1.3%,1.1%,false,false
,CPI m/m,CHF,2013-12-06T03:15:00Z,High,-0.2%,-0.1%,0.0%,false,false
,Consumer Inflation Expectations,GBP,2013-12-06T04:30:00Z,None,,3.2%,3.6%,false,false
,German Factory Orders m/m,EUR,2013-12-06T06:00:00Z,None,-0.4%,3.1%,-2.2%,false,false
,Employment Change,CAD,2013-12-06T08:30:00Z,High,12.3K,13.2K,21.6K,false,false
,Unemployment Rate,CAD,2013-12-06T08:30:00Z,High,6.9%,6.9%,6.9%,false,false
,Labor Productivity q/q,CAD,2013-12-06T08:30:00Z,None,0.3%,0.4%,0.2%,false,false
,Non-Farm Employment Change,USD,2013-12-06T08:30:00Z,High,180K,200K,203K,false,false
,Unemployment Rate,USD,2013-12-06T08:30:00Z,High,7.2%,7.3%,7.0%,false,false
,Average Hourly Earnings m/m,USD,2013-12-06T08:30:00Z,None,0.2%,0.1%,0.2%,false,false
,Core PCE Price Index m/m,USD,2013-12-06T08:30:00Z,None,0.1%,0.1%,0.1%,false,false
,Personal Spending m/m,USD,2013-12-06T08:30:00Z,None,0.3%,0.2%,0.3%,false,false
,Personal Income m/m,USD,2013-12-06T08:30:00Z,None,0.3%,0.5%,-0.1%,false,false
,Prelim UoM Consumer Sentiment,USD,2013-12-06T09:55:00Z,High,76.2,75.1,82.5,false,false
,Prelim UoM Inflation Expectations,USD,2013-12-06T09:55:00Z,None,,2.9%,3.0%,false,false
,FOMC Member Evans Speaks,USD,2013-12-06T15:00:00Z,None,,,,false,false
,Consumer Credit m/m,USD,2013-12-06T15:00:00Z,None,14.6B,16.3B,18.2B,false,false
,BOJ Gov Kuroda Speaks,JPY,2013-12-06T21:00:00Z,High,,,,false,false
,USD-Denominated Trade Balance,CNY,2013-12-07T22:01:00Z,High,21.3B,31.1B,33.8B,false,false
,Manufacturing Sales q/q,NZD,2013-12-08T16:45:00Z,None,,-1.2%,4.7%,false,false
,Current Account,JPY,2013-12-08T18:50:00Z,None,0.12T,-0.13T,-0.06T,false,false
,Final GDP q/q,JPY,2013-12-08T18:50:00Z,None,0.4%,0.5%,0.3%,false,false
,Bank Lending y/y,JPY,2013-12-08T18:50:00Z,None,,2.0%,2.2%,false,false
,Final GDP Price Index y/y,JPY,2013-12-08T18:50:00Z,None,-0.3%,-0.3%,-0.3%,false,false
,ANZ Job Advertisements m/m,AUD,2013-12-08T19:30:00Z,None,,-0.1%,-0.8%,false,false
,CPI y/y,CNY,2013-12-08T20:30:00Z,High,3.0%,3.2%,3.0%,false,false
,PPI y/y,CNY,2013-12-08T20:30:00Z,None,-1.5%,-1.5%,-1.4%,false,false
,Economy Watchers Sentiment,JPY,2013-12-09T00:00:00Z,None,52.3,51.8,53.5,false,false
,Eurogroup Meetings,EUR,2013-12-09T00:00:00Z,None,,,,true,false
,Unemployment Rate,CHF,2013-12-09T01:45:00Z,None,3.2%,3.2%,3.2%,false,false
,German Trade Balance,EUR,2013-12-09T02:00:00Z,None,17.4B,18.7B,16.8B,false,false
,Retail Sales y/y,CHF,2013-12-09T03:15:00Z,None,1.7%,1.0%,1.2%,false,false
,Sentix Investor Confidence,EUR,2013-12-09T04:30:00Z,None,10.5,9.3,8.0,false,false
,German Industrial Production m/m,EUR,2013-12-09T06:00:00Z,None,0.8%,-0.7%,-1.2%,false,false
,Housing Starts,CAD,2013-12-09T08:13:00Z,None,195K,198K,192K,false,false
,BOE Gov Carney Speaks,GBP,2013-12-09T12:15:00Z,High,,,,false,false
,FOMC Member Bullard Speaks,USD,2013-12-09T13:05:00Z,High,,,,false,false
,BSI Manufacturing Index,JPY,2013-12-09T18:50:00Z,None,17.2,15.2,9.7,false,false
,Tertiary Industry Activity m/m,JPY,2013-12-09T18:50:00Z,None,0.3%,0.0%,-0.7%,false,false
,M2 Money Stock y/y,JPY,2013-12-09T18:50:00Z,None,4.3%,4.1%,4.3%,false,false
,RICS House Price Balance,GBP,2013-12-09T19:01:00Z,None,59%,57%,58%,false,false
,NAB Business Confidence,AUD,2013-12-09T19:30:00Z,High,,6,5,false,false
,Home Loans m/m,AUD,2013-12-09T19:30:00Z,None,1.3%,3.5%,1.0%,false,false
,30-y Bond Auction,JPY,2013-12-09T22:45:00Z,None,,1.62|4.4,1.70|4.2,false,false
,Consumer Confidence,JPY,2013-12-10T00:00:00Z,None,44.2,41.2,42.5,false,false
,ECOFIN Meetings,EUR,2013-12-10T00:00:00Z,None,,,,true,false
,Industrial Production y/y,CNY,2013-12-10T00:30:00Z,High,10.2%,10.3%,10.0%,false,false
,Fixed Asset Investment ytd/y,CNY,2013-12-10T00:30:00Z,None,20.1%,20.1%,19.9%,false,false
,Retail Sales y/y,CNY,2013-12-10T00:30:00Z,None,13.2%,13.3%,13.7%,false,false
,Prelim Machine Tool Orders y/y,JPY,2013-12-10T01:00:00Z,None,,8.4%,15.4%,false,false
,French Industrial Production m/m,EUR,2013-12-10T02:45:00Z,None,0.2%,-0.3%,-0.3%,false,false
,Italian Industrial Production m/m,EUR,2013-12-10T04:00:00Z,None,0.3%,0.2%,0.5%,false,false
,Manufacturing Production m/m,GBP,2013-12-10T04:30:00Z,High,0.4%,1.2%,0.4%,false,false
,Goods Trade Balance,GBP,2013-12-10T04:30:00Z,None,-9.3B,-10.1B,-9.7B,false,false
,Industrial Production m/m,GBP,2013-12-10T04:30:00Z,None,0.4%,0.9%,0.4%,false,false
,ECB President Draghi Speaks,EUR,2013-12-10T07:00:00Z,High,,,,false,false
,NFIB Small Business Index,USD,2013-12-10T07:30:00Z,None,92.7,91.6,92.5,false,false
,NIESR GDP Estimate,GBP,2013-12-10T10:00:00Z,None,,0.7%,0.8%,false,false
,JOLTS Job Openings,USD,2013-12-10T10:00:00Z,None,3.96M,3.88M,3.93M,false,false
,Final Wholesale Inventories m/m,USD,2013-12-10T10:00:00Z,None,0.3%,0.5%,1.4%,false,false
,BOC Financial System Review,CAD,2013-12-10T10:30:00Z,None,,,,false,false
,Westpac Consumer Sentiment,AUD,2013-12-10T18:30:00Z,None,,1.9%,-4.8%,false,false
,Core Machinery Orders m/m,JPY,2013-12-10T18:50:00Z,None,0.9%,-2.1%,0.6%,false,false
,PPI y/y,JPY,2013-12-10T18:50:00Z,None,2.7%,2.5%,2.7%,false,false
,French Final Private Payrolls q/q,EUR,2013-12-11T01:30:00Z,None,-0.1%,-0.1%,-0.1%,false,false
,German Final CPI m/m,EUR,2013-12-11T02:00:00Z,None,0.2%,0.2%,0.2%,false,false
,New Loans,CNY,2013-12-11T03:03:00Z,None,585B,506B,625B,false,false
,M2 Money Supply y/y,CNY,2013-12-11T03:03:00Z,None,14.2%,14.3%,14.2%,false,false
,MPC Member Weale Speaks,GBP,2013-12-11T08:00:00Z,None,,,,false,false
,Treasury Sec Lew Speaks,USD,2013-12-11T10:00:00Z,None,,,,false,false
,Crude Oil Inventories,USD,2013-12-11T10:30:00Z,None,-2.2M,-5.6M,-10.6M,false,false
,10-y Bond Auction,USD,2013-12-11T13:01:00Z,None,,2.75|2.7,2.82|2.6,false,false
,Federal Budget Balance,USD,2013-12-11T13:59:00Z,None,-142.6B,-91.6B,-135.2B,false,false
,Official Cash Rate,NZD,2013-12-11T15:00:00Z,High,2.50%,2.50%,2.50%,false,false
,RBNZ Press Conference,NZD,2013-12-11T15:00:00Z,High,,,,false,false
,RBNZ Rate Statement,NZD,2013-12-11T15:00:00Z,High,,,,false,false
,RBNZ Monetary Policy Statement,NZD,2013-12-11T15:00:00Z,None,,,,false,false
,REINZ HPI m/m,NZD,2013-12-11T16:25:00Z,None,,1.6%,1.2%,false,false
,FPI m/m,NZD,2013-12-11T16:45:00Z,None,,-1.0%,-0.2%,false,false
,MI Inflation Expectations,AUD,2013-12-11T19:00:00Z,None,,1.9%,2.1%,false,false
,RBNZ Gov Wheeler Speaks,NZD,2013-12-11T19:10:00Z,High,,,,false,false
,Employment Change,AUD,2013-12-11T19:30:00Z,High,10.3K,-0.7K,21.0K,false,false
,Unemployment Rate,AUD,2013-12-11T19:30:00Z,High,5.8%,5.7%,5.8%,false,false
,French Final CPI m/m,EUR,2013-12-12T02:45:00Z,None,0.1%,-0.1%,0.0%,false,false
,ECB President Draghi Speaks,EUR,2013-12-12T03:00:00Z,High,,,,false,false
,Libor Rate,CHF,2013-12-12T03:30:00Z,High,<0.25%,<0.25%,<0.25%,false,false
,SNB Monetary Policy Assessment,CHF,2013-12-12T03:30:00Z,High,,,,false,false
,SNB Press Conference,CHF,2013-12-12T04:00:00Z,High,,,,false,false
,ECB Monthly Bulletin,EUR,2013-12-12T04:00:00Z,None,,,,false,false
,Industrial Production m/m,EUR,2013-12-12T05:00:00Z,None,0.4%,-0.2%,-1.1%,false,false
,CB Leading Index m/m,GBP,2013-12-12T05:00:00Z,None,,1.7%,0.4%,false,false
,NHPI m/m,CAD,2013-12-12T08:30:00Z,None,0.2%,0.0%,0.1%,false,false
,Capacity Utilization Rate,CAD,2013-12-12T08:30:00Z,None,81.1%,81.1%,81.7%,false,false
,Core Retail Sales m/m,USD,2013-12-12T08:30:00Z,High,0.2%,0.5%,0.4%,false,false
,Retail Sales m/m,USD,2013-12-12T08:30:00Z,High,0.6%,0.6%,0.7%,false,false
,Unemployment Claims,USD,2013-12-12T08:30:00Z,High,321K,300K,368K,false,false
,Import Prices m/m,USD,2013-12-12T08:30:00Z,None,-0.7%,-0.6%,-0.6%,false,false
,Business Inventories m/m,USD,2013-12-12T10:00:00Z,None,0.4%,0.6%,0.7%,false,false
,Natural Gas Storage,USD,2013-12-12T10:30:00Z,None,-85B,-162B,-81B,false,false
,BusinessNZ Manufacturing Index,NZD,2013-12-12T12:10:00Z,None,,55.9,56.7,false,false
,30-y Bond Auction,USD,2013-12-12T13:01:00Z,None,,3.81|2.2,3.90|2.3,false,false
,BOC Gov Poloz Speaks,CAD,2013-12-12T13:05:00Z,High,,,,false,false
,Revised Industrial Production m/m,JPY,2013-12-12T23:30:00Z,None,0.5%,0.5%,1.0%,false,false
,German WPI m/m,EUR,2013-12-13T02:00:00Z,None,0.4%,-1.0%,-0.2%,false,false
,PPI m/m,CHF,2013-12-13T03:15:00Z,None,0.3%,-0.4%,-0.1%,false,false
,Construction Output m/m,GBP,2013-12-13T04:30:00Z,None,1.6%,-0.5%,2.2%,false,false
,Final Employment Change q/q,EUR,2013-12-13T05:00:00Z,None,0.0%,0.0%,0.0%,false,false
,MPC Member Dale Speaks,GBP,2013-12-13T07:30:00Z,None,,,,false,false
,PPI m/m,USD,2013-12-13T08:30:00Z,High,0.0%,-0.2%,-0.1%,false,false
,Core PPI m/m,USD,2013-12-13T08:30:00Z,None,0.1%,0.2%,0.1%,false,false
,Westpac Consumer Sentiment,NZD,2013-12-15T16:00:00Z,None,,115.4,120.1,false,false
,BusinessNZ Services Index,NZD,2013-12-15T16:30:00Z,None,,58.0,56.3,false,false
,Rightmove HPI m/m,GBP,2013-12-15T18:14:00Z,None,,-2.4%,-1.9%,false,false
,Tankan Manufacturing Index,JPY,2013-12-15T18:50:00Z,None,15,12,16,false,false
,Tankan Non-Manufacturing Index,JPY,2013-12-15T18:50:00Z,None,16,14,20,false,false
,Caixin Flash Manufacturing PMI,CNY,2013-12-15T20:45:00Z,High,51.0,50.8,50.5,false,false
,French Flash Manufacturing PMI,EUR,2013-12-16T03:00:00Z,High,49.1,48.4,47.1,false,false
,French Flash Services PMI,EUR,2013-12-16T03:00:00Z,None,48.9,48.0,47.4,false,false
,German Flash Manufacturing PMI,EUR,2013-12-16T03:30:00Z,High,53.1,52.7,54.2,false,false
,German Flash Services PMI,EUR,2013-12-16T03:30:00Z,None,55.2,55.7,54.0,false,false
,Flash Manufacturing PMI,EUR,2013-12-16T04:00:00Z,None,51.9,51.6,52.7,false,false
,Flash Services PMI,EUR,2013-12-16T04:00:00Z,None,51.5,51.2,51.0,false,false
,Italian Trade Balance,EUR,2013-12-16T04:00:00Z,None,1.24B,0.83B,4.07B,false,false
,Trade Balance,EUR,2013-12-16T05:00:00Z,None,15.2B,12.4B,14.5B,false,false
,German Buba Monthly Report,EUR,2013-12-16T06:00:00Z,None,,,,false,false
,Revised Nonfarm Productivity q/q,USD,2013-12-16T08:30:00Z,None,2.9%,1.9%,3.0%,false,false
,Empire State Manufacturing Index,USD,2013-12-16T08:30:00Z,None,4.9,-2.2,1.0,false,false
,Foreign Securities Purchases,CAD,2013-12-16T08:30:00Z,None,9.24B,8.29B,4.41B,false,false
,Revised Unit Labor Costs q/q,USD,2013-12-16T08:30:00Z,None,-1.5%,-0.6%,-1.4%,false,false
,ECB President Draghi Speaks,EUR,2013-12-16T09:00:00Z,High,,,,false,false
,Flash Manufacturing PMI,USD,2013-12-16T09:00:00Z,None,54.9,54.7,54.4,false,false
,TIC Long-Term Purchases,USD,2013-12-16T09:00:00Z,None,31.4B,31.3B,35.4B,false,false
,Capacity Utilization Rate,USD,2013-12-16T09:15:00Z,None,78.5%,78.2%,79.0%,false,false
,Industrial Production m/m,USD,2013-12-16T09:15:00Z,None,0.6%,0.1%,1.1%,false,false
,Gov Board Member Zurbrugg Speaks,CHF,2013-12-16T12:00:00Z,None,,,,false,false
,CB Leading Index m/m,AUD,2013-12-16T18:00:00Z,None,,0.3%,0.5%,false,false
,RBA Deputy Gov Debelle Speaks,AUD,2013-12-16T19:15:00Z,None,,,,false,false
,New Motor Vehicle Sales m/m,AUD,2013-12-16T19:30:00Z,None,,-0.9%,1.8%,false,false
,Monetary Policy Meeting Minutes,AUD,2013-12-16T19:30:00Z,High,,,,false,false
,Mid-Year Economic and Fiscal Outlook,AUD,2013-12-16T20:30:00Z,High,,,,false,false
,Eurogroup Meetings,EUR,2013-12-17T00:00:00Z,None,,,,true,false
,ONS HPI y/y,GBP,2013-12-17T04:30:00Z,None,4.2%,3.8%,5.5%,false,false
,RPI y/y,GBP,2013-12-17T04:30:00Z,None,2.7%,2.6%,2.6%,false,false
,Core CPI y/y,GBP,2013-12-17T04:30:00Z,None,1.8%,1.7%,1.8%,false,false
,PPI Input m/m,GBP,2013-12-17T04:30:00Z,None,-0.5%,-0.4%,-0.7%,false,false
,PPI Output m/m,GBP,2013-12-17T04:30:00Z,None,-1.2%,-0.3%,-0.2%,false,false
,CPI y/y,GBP,2013-12-17T04:30:00Z,High,2.2%,2.2%,2.1%,false,false
,German ZEW Economic Sentiment,EUR,2013-12-17T05:00:00Z,High,55.3,54.6,62.0,false,false
,Final CPI y/y,EUR,2013-12-17T05:00:00Z,None,0.9%,0.9%,0.9%,false,false
,ZEW Economic Sentiment,EUR,2013-12-17T05:00:00Z,None,60.9,60.2,68.3,false,false
,Final Core CPI y/y,EUR,2013-12-17T05:00:00Z,None,1.0%,1.0%,0.9%,false,false
,CBI Industrial Order Expectations,GBP,2013-12-17T06:00:00Z,None,12,11,12,false,false
,Manufacturing Sales m/m,CAD,2013-12-17T08:30:00Z,High,-0.2%,0.6%,1.0%,false,false
,GDT Price Index,NZD,2013-12-17T08:30:00Z,None,,3.9%,0.2%,false,false
,Core CPI m/m,USD,2013-12-17T08:30:00Z,High,0.1%,0.1%,0.2%,false,false
,Core CPI y/y,USD,2013-12-17T08:30:00Z,High,1.7%,1.7%,1.7%,false,false
,CPI y/y,USD,2013-12-17T08:30:00Z,High,1.2%,1.0%,1.2%,false,false
,CPI m/m,USD,2013-12-17T08:30:00Z,None,0.1%,-0.1%,0.0%,false,false
,Current Account,USD,2013-12-17T08:30:00Z,None,-101B,-97B,-95B,false,false
,NAHB Housing Market Index,USD,2013-12-17T10:00:00Z,None,55,54,58,false,false
,BOE Gov Carney Speaks,GBP,2013-12-17T10:30:00Z,High,,,,false,false
,Current Account,NZD,2013-12-17T16:45:00Z,None,-4.45B,-1.34B,-4.78B,false,false
,RBA Gov Stevens Speaks,AUD,2013-12-17T17:30:00Z,High,,,,false,false
,MI Leading Index m/m,AUD,2013-12-17T18:30:00Z,None,,0.1%,-0.1%,false,false
,Trade Balance,JPY,2013-12-17T18:50:00Z,None,-1.13T,-1.09T,-1.35T,false,false
,ANZ Business Confidence,NZD,2013-12-17T19:00:00Z,High,,60.5,64.1,false,false
,CB Leading Index m/m,CNY,2013-12-17T21:00:00Z,None,,0.7%,1.4%,false,false
,Foreign Direct Investment ytd/y,CNY,2013-12-17T21:00:00Z,None,,5.8%,5.5%,false,false
,Housing Starts,USD,2013-12-18T00:00:00Z,None,0.91M,0.88M,0.87M,false,false
,ECOFIN Meetings,EUR,2013-12-18T00:00:00Z,None,,,,true,false
,Housing Starts,USD,2013-12-18T00:00:00Z,None,0.92M,0.87M,0.89M,false,false
,German ifo Business Climate,EUR,2013-12-18T04:00:00Z,High,109.7,109.3,109.5,false,false
,Claimant Count Change,GBP,2013-12-18T04:30:00Z,High,-35.2K,-42.8K,-36.7K,false,false
,MPC Asset Purchase Facility Votes,GBP,2013-12-18T04:30:00Z,High,0-0-9,0-0-9,0-0-9,false,false
,MPC Official Bank Rate Votes,GBP,2013-12-18T04:30:00Z,High,0-0-9,0-0-9,0-0-9,false,false
,Unemployment Rate,GBP,2013-12-18T04:30:00Z,High,7.6%,7.6%,7.4%,false,false
,Average Earnings Index 3m/y,GBP,2013-12-18T04:30:00Z,None,0.8%,0.8%,0.9%,false,false
,UBS Economic Expectations,CHF,2013-12-18T05:00:00Z,None,,31.6,39.4,false,false
,CBI Realized Sales,GBP,2013-12-18T06:00:00Z,None,9,1,34,false,false
,Wholesale Sales m/m,CAD,2013-12-18T08:30:00Z,None,0.4%,0.0%,1.4%,false,false
,Building Permits,USD,2013-12-18T08:30:00Z,High,0.99M,1.04M,1.01M,false,false
,Housing Starts,USD,2013-12-18T08:30:00Z,None,0.95M,0.89M,1.09M,false,false
,Flash Services PMI,USD,2013-12-18T09:00:00Z,None,56.4,55.9,56.0,false,false
,Crude Oil Inventories,USD,2013-12-18T10:30:00Z,None,-2.4M,-10.6M,-2.9M,false,false
,Federal Funds Rate,USD,2013-12-18T14:00:00Z,None,<0.25%,<0.25%,<0.25%,false,false
,FOMC Statement,USD,2013-12-18T14:00:00Z,High,,,,false,false
,FOMC Economic Projections,USD,2013-12-18T14:00:00Z,High,,,,false,false
,FOMC Press Conference,USD,2013-12-18T14:30:00Z,High,,,,false,false
,GDP q/q,NZD,2013-12-18T16:45:00Z,High,1.1%,0.3%,1.4%,false,false
,Trade Balance,NZD,2013-12-18T16:45:00Z,High,,-173M,183M,false,false
,RBA Bulletin,AUD,2013-12-18T19:30:00Z,None,,,,false,false
,All Industries Activity m/m,JPY,2013-12-18T23:30:00Z,None,-0.2%,0.5%,-0.2%,false,false
,EU Economic Summit,EUR,2013-12-19T00:00:00Z,None,,,,false,false
,SECO Economic Forecasts,CHF,2013-12-19T01:45:00Z,None,,,,false,false
,Trade Balance,CHF,2013-12-19T02:00:00Z,None,2.57B,2.28B,2.11B,false,false
,Current Account,EUR,2013-12-19T04:00:00Z,None,14.2B,14.9B,21.8B,false,false
,Retail Sales m/m,GBP,2013-12-19T04:30:00Z,High,0.3%,-0.9%,0.3%,false,false
,Spanish 10-y Bond Auction,EUR,2013-12-19T04:42:00Z,None,,4.16|2.6,4.10|3.6,false,false
,Unemployment Claims,USD,2013-12-19T08:30:00Z,High,336K,369K,379K,false,false
,SNB Quarterly Bulletin,CHF,2013-12-19T09:00:00Z,None,,,,false,false
,Existing Home Sales,USD,2013-12-19T10:00:00Z,High,5.04M,5.12M,4.90M,false,false
,Philly Fed Manufacturing Index,USD,2013-12-19T10:00:00Z,High,10.3,6.5,7.0,false,false
,CB Leading Index m/m,USD,2013-12-19T10:00:00Z,None,0.7%,0.1%,0.8%,false,false
,Natural Gas Storage,USD,2013-12-19T10:30:00Z,None,-260B,-81B,-285B,false,false
,Visitor Arrivals m/m,NZD,2013-12-19T16:45:00Z,None,,-1.9%,2.8%,false,false
,GfK Consumer Confidence,GBP,2013-12-19T18:45:00Z,None,-11,-12,-13,false,false
,Credit Card Spending y/y,NZD,2013-12-19T21:00:00Z,None,,3.3%,6.9%,false,false
,Monetary Policy Statement,JPY,2013-12-19T21:58:00Z,High,,,,false,false
,EU Economic Summit,EUR,2013-12-20T00:00:00Z,None,,,,false,false
,German GfK Consumer Climate,EUR,2013-12-20T02:00:00Z,None,7.4,7.4,7.6,false,false
,German PPI m/m,EUR,2013-12-20T02:00:00Z,None,0.0%,-0.2%,-0.1%,false,false
,BOJ Press Conference,JPY,2013-12-20T02:30:00Z,High,,,,false,false
,Revised Business Investment q/q,GBP,2013-12-20T04:30:00Z,None,1.6%,1.4%,2.0%,false,false
,Final GDP q/q,GBP,2013-12-20T04:30:00Z,None,0.8%,0.8%,0.8%,false,false
,Public Sector Net Borrowing,GBP,2013-12-20T04:30:00Z,None,6.6B,7.4B,14.8B,false,false
,Index of Services 3m/3m,GBP,2013-12-20T04:30:00Z,None,0.4%,0.8%,0.8%,false,false
,Current Account,GBP,2013-12-20T04:30:00Z,High,-13.8B,-6.2B,-20.7B,false,false
,Italian Retail Sales m/m,EUR,2013-12-20T05:00:00Z,None,0.2%,-0.3%,-0.1%,false,false
,Final GDP Price Index q/q,USD,2013-12-20T08:30:00Z,None,2.0%,2.0%,2.0%,false,false
,Core Retail Sales m/m,CAD,2013-12-20T08:30:00Z,High,0.0%,0.2%,0.4%,false,false
,CPI m/m,CAD,2013-12-20T08:30:00Z,None,0.2%,-0.2%,0.0%,false,false
,Retail Sales m/m,CAD,2013-12-20T08:30:00Z,None,0.3%,1.0%,-0.1%,false,false
,Final GDP q/q,USD,2013-12-20T08:30:00Z,None,3.6%,3.6%,4.1%,false,false
,Core CPI m/m,CAD,2013-12-20T08:30:00Z,High,0.1%,0.2%,-0.1%,false,false
,Belgian NBB Business Climate,EUR,2013-12-20T09:00:00Z,None,-3.9,-4.3,-6.4,false,false
,Consumer Confidence,EUR,2013-12-20T10:00:00Z,None,-15,-15,-14,false,false
,Bank Holiday,JPY,2013-12-22T00:00:00Z,None,,,,true,false
,UBS Consumption Indicator,CHF,2013-12-23T02:00:00Z,None,,1.26,1.43,false,false
,German Import Prices m/m,EUR,2013-12-23T02:00:00Z,None,0.4%,-0.7%,0.1%,false,false
,GDP m/m,CAD,2013-12-23T08:30:00Z,High,0.1%,0.3%,0.3%,false,false
,Core PCE Price Index m/m,USD,2013-12-23T08:30:00Z,None,0.1%,0.1%,0.1%,false,false
,Personal Spending m/m,USD,2013-12-23T08:30:00Z,None,0.5%,0.4%,0.5%,false,false
,Personal Income m/m,USD,2013-12-23T08:30:00Z,None,0.4%,-0.1%,0.2%,false,false
,Revised UoM Consumer Sentiment,USD,2013-12-23T09:55:00Z,None,82.9,82.5,82.5,false,false
,Revised UoM Inflation Expectations,USD,2013-12-23T09:55:00Z,None,,3.0%,3.0%,false,false
,Bank Holiday,AUD,2013-12-24T00:00:00Z,None,,,,true,false
,German Bank Holiday,EUR,2013-12-24T00:00:00Z,None,,,,true,false
,Bank Holiday,NZD,2013-12-24T00:00:00Z,None,,,,true,false
,BOJ Monthly Report,JPY,2013-12-24T00:00:00Z,None,,,,false,false
,French Consumer Spending m/m,EUR,2013-12-24T02:45:00Z,None,0.3%,-0.1%,1.4%,false,false
,High Street Lending,GBP,2013-12-24T04:30:00Z,None,44.5K,43.3K,45.0K,false,false
,Core Durable Goods Orders m/m,USD,2013-12-24T08:30:00Z,High,0.9%,0.4%,1.2%,false,false
,Durable Goods Orders m/m,USD,2013-12-24T08:30:00Z,None,1.7%,-1.6%,3.5%,false,false
,HPI m/m,USD,2013-12-24T09:00:00Z,None,0.5%,0.2%,0.5%,false,false
,Richmond Manufacturing Index,USD,2013-12-24T09:59:00Z,None,15,13,13,false,false
,New Home Sales,USD,2013-12-24T10:00:00Z,High,449K,474K,464K,false,false
,SPPI y/y,JPY,2013-12-24T18:50:00Z,None,0.8%,0.8%,1.0%,false,false
,BOJ Gov Kuroda Speaks,JPY,2013-12-24T23:00:00Z,None,,,,false,false
,Bank Holiday,CHF,2013-12-25T00:00:00Z,None,,,,true,false
,Italian Bank Holiday,EUR,2013-12-25T00:00:00Z,None,,,,true,false
,French Bank Holiday,EUR,2013-12-25T00:00:00Z,None,,,,true,false
,German Bank Holiday,EUR,2013-12-25T00:00:00Z,None,,,,true,false
,Bank Holiday,GBP,2013-12-25T00:00:00Z,None,,,,true,false
,Bank Holiday,CAD,2013-12-25T00:00:00Z,None,,,,true,false
,Bank Holiday,USD,2013-12-25T00:00:00Z,None,,,,true,false
,Bank Holiday,NZD,2013-12-25T00:00:00Z,None,,,,true,false
,Bank Holiday,AUD,2013-12-25T00:00:00Z,None,,,,true,false
,Monetary Policy Meeting Minutes,JPY,2013-12-25T18:50:00Z,None,,,,false,false
,Bank Holiday,GBP,2013-12-26T00:00:00Z,None,,,,true,false
,Bank Holiday,CHF,2013-12-26T00:00:00Z,None,,,,true,false
,German Bank Holiday,EUR,2013-12-26T00:00:00Z,None,,,,true,false
,Italian Bank Holiday,EUR,2013-12-26T00:00:00Z,None,,,,true,false
,Housing Starts y/y,JPY,2013-12-26T00:00:00Z,None,9.5%,7.1%,14.1%,false,false
,Bank Holiday,CAD,2013-12-26T00:00:00Z,None,,,,true,false
,Unemployment Claims,USD,2013-12-26T08:30:00Z,High,346K,380K,338K,false,false
,Final Manufacturing PMI,JPY,2013-12-26T18:15:00Z,None,,55.1,55.2,false,false
,Household Spending y/y,JPY,2013-12-26T18:30:00Z,None,1.9%,0.9%,0.2%,false,false
,Tokyo Core CPI y/y,JPY,2013-12-26T18:30:00Z,None,0.7%,0.6%,0.7%,false,false
,National Core CPI y/y,JPY,2013-12-26T18:30:00Z,None,1.1%,0.9%,1.2%,false,false
,Unemployment Rate,JPY,2013-12-26T18:30:00Z,None,3.9%,4.0%,4.0%,false,false
,Prelim Industrial Production m/m,JPY,2013-12-26T18:50:00Z,None,0.6%,0.5%,0.1%,false,false
,Retail Sales y/y,JPY,2013-12-26T18:50:00Z,None,2.9%,2.4%,4.0%,false,false
,Average Cash Earnings y/y,JPY,2013-12-26T20:30:00Z,None,0.4%,-0.1%,0.5%,false,false
,Natural Gas Storage,USD,2013-12-27T10:30:00Z,None,-177B,-285B,-177B,false,false
,Crude Oil Inventories,USD,2013-12-27T11:00:00Z,None,-1.9M,-2.9M,-4.7M,false,false
,Bank Holiday,JPY,2013-12-30T00:00:00Z,None,,,,true,false
,Retail PMI,EUR,2013-12-30T04:10:00Z,None,,48.0,47.7,false,false
,Housing Equity Withdrawal q/q,GBP,2013-12-30T04:30:00Z,None,-7.2B,-12.5B,-10.4B,false,false
,Italian 10-y Bond Auction,EUR,2013-12-30T05:12:00Z,None,,4.01|1.5,4.11|1.3,false,false
,Pending Home Sales m/m,USD,2013-12-30T10:00:00Z,High,1.1%,-1.2%,0.2%,false,false
,Private Sector Credit m/m,AUD,2013-12-30T19:30:00Z,None,0.4%,0.3%,0.3%,false,false
,Bank Holiday,AUD,2013-12-31T00:00:00Z,None,,,,true,false
,Bank Holiday,NZD,2013-12-31T00:00:00Z,None,,,,true,false
,German Bank Holiday,EUR,2013-12-31T00:00:00Z,None,,,,true,false
,Bank Holiday,JPY,2013-12-31T00:00:00Z,None,,,,true,false
,Bank Holiday,CNY,2013-12-31T00:00:00Z,None,,,,true,false
,S&P/CS Composite-20 HPI y/y,USD,2013-12-31T09:00:00Z,None,13.4%,13.3%,13.6%,false,false
,Chicago PMI,USD,2013-12-31T09:45:00Z,None,61.3,63.0,59.1,false,false
,CB Consumer Confidence,USD,2013-12-31T10:00:00Z,High,76.5,72.0,78.1,false,false
,Manufacturing PMI,CNY,2013-12-31T20:00:00Z,High,51.3,51.4,51.0,false,false
