id,title,currency,date,impact,forecast,previous,actual,all_day,tentative
,Bank Holiday,JPY,2014-01-01T00:00:00Z,None,,,,true,false
,Bank Holiday,CNY,2014-01-01T00:00:00Z,None,,,,true,false
,Bank Holiday,GBP,2014-01-01T00:00:00Z,None,,,,true,false
,Bank Holiday,CAD,2014-01-01T00:00:00Z,None,,,,true,false
,Bank Holiday,USD,2014-01-01T00:00:00Z,None,,,,true,false
,Bank Holiday,NZD,2014-01-01T00:00:00Z,None,,,,true,false
,Italian Bank Holiday,EUR,2014-01-01T00:00:00Z,None,,,,true,false
,Bank Holiday,CHF,2014-01-01T00:00:00Z,None,,,,true,false
,French Bank Holiday,EUR,2014-01-01T00:00:00Z,None,,,,true,false
,German Bank Holiday,EUR,2014-01-01T00:00:00Z,None,,,,true,false
,AIG Manufacturing Index,AUD,2014-01-01T17:10:00Z,None,,47.7,47.6,false,false
,RatingDog Manufacturing PMI,CNY,2014-01-01T20:45:00Z,None,50.5,50.5,50.5,false,false
,Bank Holiday,JPY,2014-01-02T00:00:00Z,None,,,,true,false
,Bank Holiday,CHF,2014-01-02T00:00:00Z,None,,,,true,false
,Commodity Prices y/y,AUD,2014-01-02T00:30:00Z,None,,-2.8%,-4.0%,false,false
,Spanish Manufacturing PMI,EUR,2014-01-02T03:15:00Z,None,49.9,48.6,50.8,false,false
,Italian Manufacturing PMI,EUR,2014-01-02T03:45:00Z,None,51.8,51.4,53.3,false,false
,French Final Manufacturing PMI,EUR,2014-01-02T03:50:00Z,None,47.1,47.1,47.0,false,false
,German Final Manufacturing PMI,EUR,2014-01-02T03:55:00Z,None,54.2,54.2,54.3,false,false
,Final Manufacturing PMI,EUR,2014-01-02T04:00:00Z,None,52.7,52.7,52.7,false,false
,Final Manufacturing PMI,GBP,2014-01-02T04:30:00Z,High,58.3,58.1,57.3,false,false
,Unemployment Claims,USD,2014-01-02T08:30:00Z,High,334K,341K,339K,false,false
,Final Manufacturing PMI,USD,2014-01-02T09:00:00Z,None,54.4,54.4,55.0,false,false
,Manufacturing PMI,CAD,2014-01-02T09:30:00Z,None,,55.3,53.5,false,false
,ISM Manufacturing PMI,USD,2014-01-02T10:00:00Z,High,56.8,57.3,57.0,false,false
,Construction Spending m/m,USD,2014-01-02T10:00:00Z,None,0.7%,0.9%,1.0%,false,false
,ISM Manufacturing Prices,USD,2014-01-02T10:00:00Z,None,53.0,52.5,53.5,false,false
,Non-Manufacturing PMI,CNY,2014-01-02T20:00:00Z,None,,56.0,54.6,false,false
,Total Vehicle Sales,USD,2014-01-03T00:00:00Z,None,16.0M,16.4M,15.4M,true,false
,Nationwide HPI m/m,GBP,2014-01-03T02:00:00Z,None,0.8%,0.7%,1.4%,false,false
,Spanish Unemployment Change,EUR,2014-01-03T03:00:00Z,None,24.3K,-2.5K,-107.6K,false,false
,KOF Economic Barometer,CHF,2014-01-03T03:00:00Z,None,1.92,1.85,1.95,false,false
,Spanish Flash CPI y/y,EUR,2014-01-03T03:00:00Z,None,0.2%,0.2%,0.2%,false,false
,Manufacturing PMI,CHF,2014-01-03T03:30:00Z,None,56.4,56.5,53.9,false,false
,Private Loans y/y,EUR,2014-01-03T04:00:00Z,None,-1.9%,-2.2%,-2.3%,false,false
,M3 Money Supply y/y,EUR,2014-01-03T04:00:00Z,None,1.5%,1.4%,1.5%,false,false
,Mortgage Approvals,GBP,2014-01-03T04:30:00Z,None,70K,68K,71K,false,false
,M4 Money Supply m/m,GBP,2014-01-03T04:30:00Z,None,0.3%,0.1%,0.0%,false,false
,Net Lending to Individuals m/m,GBP,2014-01-03T04:30:00Z,None,2.0B,1.6B,1.5B,false,false
,Construction PMI,GBP,2014-01-03T04:30:00Z,High,62.3,62.6,62.1,false,false
,Italian Prelim CPI m/m,EUR,2014-01-03T05:00:00Z,None,0.3%,-0.3%,0.2%,false,false
,Natural Gas Storage,USD,2014-01-03T10:30:00Z,None,-125B,-177B,-97B,false,false
,Crude Oil Inventories,USD,2014-01-03T11:00:00Z,None,-2.3M,-4.7M,-7.0M,false,false
,FOMC Member Plosser Speaks,USD,2014-01-03T12:45:00Z,None,,,,false,false
,FOMC Member Stein Speaks,USD,2014-01-03T13:15:00Z,None,,,,false,false
,Fed Chairman Bernanke Speaks,USD,2014-01-03T14:30:00Z,High,,,,false,false
,FOMC Member Dudley Speaks,USD,2014-01-04T10:15:00Z,None,,,,false,false
,FOMC Member Plosser Speaks,USD,2014-01-04T17:00:00Z,None,,,,false,false
,AIG Services Index,AUD,2014-01-05T17:16:00Z,None,,48.9,46.1,false,false
,RatingDog Services PMI,CNY,2014-01-05T20:45:00Z,None,,52.5,50.9,false,false
,German Prelim CPI m/m,EUR,2014-01-06T00:00:00Z,None,0.4%,0.2%,0.4%,true,false
,Italian Bank Holiday,EUR,2014-01-06T00:00:00Z,None,,,,true,false
,Spanish Services PMI,EUR,2014-01-06T03:15:00Z,None,51.1,51.5,54.2,false,false
,Italian Services PMI,EUR,2014-01-06T03:45:00Z,None,48.9,47.2,47.9,false,false
,French Final Services PMI,EUR,2014-01-06T03:50:00Z,None,47.4,47.4,47.8,false,false
,German Final Services PMI,EUR,2014-01-06T03:55:00Z,None,54.0,54.0,53.5,false,false
,Final Services PMI,EUR,2014-01-06T04:00:00Z,None,51.2,51.0,51.0,false,false
,Final Services PMI,GBP,2014-01-06T04:30:00Z,High,60.4,60.0,58.8,false,false
,Sentix Investor Confidence,EUR,2014-01-06T04:30:00Z,None,9.7,8.0,11.9,false,false
,IPPI m/m,CAD,2014-01-06T08:30:00Z,None,0.0%,-0.5%,0.1%,false,false
,RMPI m/m,CAD,2014-01-06T08:30:00Z,None,-1.1%,-3.3%,-4.1%,false,false
,Final Services PMI,USD,2014-01-06T09:00:00Z,None,56.0,56.0,55.7,false,false
,ISM Services PMI,USD,2014-01-06T10:00:00Z,High,54.6,53.9,53.0,false,false
,Factory Orders m/m,USD,2014-01-06T10:00:00Z,None,1.8%,-0.5%,1.8%,false,false
,Fed Chair Nomination Vote,USD,2014-01-06T18:00:00Z,High,Pass,,Pass,false,false
,Monetary Base y/y,JPY,2014-01-06T18:50:00Z,None,55.2%,52.5%,46.6%,false,false
,Goods Trade Balance,AUD,2014-01-06T19:30:00Z,High,-0.30B,-0.36B,-0.12B,false,false
,10-y Bond Auction,JPY,2014-01-06T22:45:00Z,None,,0.65|4.0,0.72|3.8,false,false
,German Retail Sales m/m,EUR,2014-01-07T02:00:00Z,None,0.5%,-0.8%,1.5%,false,false
,Foreign Currency Reserves,CHF,2014-01-07T03:00:00Z,None,,436B,435B,false,false
,German Unemployment Change,EUR,2014-01-07T03:55:00Z,None,-1K,9K,-15K,false,false
,Core CPI Flash Estimate y/y,EUR,2014-01-07T05:00:00Z,None,,0.9%,0.7%,false,false
,CPI Flash Estimate y/y,EUR,2014-01-07T05:00:00Z,High,0.9%,0.9%,0.8%,false,false
,PPI m/m,EUR,2014-01-07T05:00:00Z,None,-0.1%,-0.5%,-0.1%,false,false
,Trade Balance,CAD,2014-01-07T08:30:00Z,High,-0.2B,-0.9B,-0.9B,false,false
,GDT Price Index,NZD,2014-01-07T08:30:00Z,None,,0.2%,-0.8%,false,false
,Trade Balance,USD,2014-01-07T08:30:00Z,High,-40.2B,-39.3B,-34.3B,false,false
,Ivey PMI,CAD,2014-01-07T10:00:00Z,High,55.0,53.7,46.3,false,false
,AIG Construction Index,AUD,2014-01-07T17:17:00Z,None,,55.2,50.8,false,false
,BRC Shop Price Index y/y,GBP,2014-01-07T19:01:00Z,None,,-0.3%,-0.8%,false,false
,German Trade Balance,EUR,2014-01-08T02:00:00Z,None,18.9B,16.7B,17.8B,false,false
,Lloyds HPI m/m,GBP,2014-01-08T02:59:00Z,None,0.6%,0.9%,-0.6%,false,false
,Italian Monthly Unemployment Rate,EUR,2014-01-08T04:00:00Z,None,12.6%,12.5%,12.7%,false,false
,BOE Credit Conditions Survey,GBP,2014-01-08T04:30:00Z,None,,,,false,false
,Retail Sales m/m,EUR,2014-01-08T05:00:00Z,None,0.2%,-0.4%,1.4%,false,false
,Unemployment Rate,EUR,2014-01-08T05:00:00Z,None,12.1%,12.1%,12.1%,false,false
,German Factory Orders m/m,EUR,2014-01-08T06:00:00Z,None,1.2%,-2.1%,2.1%,false,false
,ADP Non-Farm Employment Change,USD,2014-01-08T08:15:00Z,High,199K,229K,238K,false,false
,Crude Oil Inventories,USD,2014-01-08T10:30:00Z,None,-1.6M,-7.0M,-2.7M,false,false
,10-y Bond Auction,USD,2014-01-08T13:01:00Z,None,,2.82|2.6,3.01|2.7,false,false
,FOMC Meeting Minutes,USD,2014-01-08T14:00:00Z,High,,,,false,false
,Consumer Credit m/m,USD,2014-01-08T15:00:00Z,None,14.8B,17.9B,12.3B,false,false
,Building Consents m/m,NZD,2014-01-08T16:45:00Z,None,,0.3%,11.1%,false,false
,ANZ Commodity Prices m/m,NZD,2014-01-08T19:00:00Z,None,,-0.3%,1.0%,false,false
,Building Approvals m/m,AUD,2014-01-08T19:30:00Z,High,-0.9%,-1.6%,-1.5%,false,false
,Retail Sales m/m,AUD,2014-01-08T19:30:00Z,High,0.5%,0.5%,0.7%,false,false
,CPI y/y,CNY,2014-01-08T20:30:00Z,High,2.7%,3.0%,2.5%,false,false
,PPI y/y,CNY,2014-01-08T20:30:00Z,None,-1.2%,-1.4%,-1.4%,false,false
,French Trade Balance,EUR,2014-01-09T02:45:00Z,None,-4.6B,-4.8B,-5.7B,false,false
,Goods Trade Balance,GBP,2014-01-09T04:30:00Z,None,-9.4B,-9.7B,-9.4B,false,false
,French 10-y Bond Auction,EUR,2014-01-09T05:01:00Z,None,,2.41|2.0,2.51|1.5,false,false
,German Industrial Production m/m,EUR,2014-01-09T06:00:00Z,None,1.6%,-1.2%,1.9%,false,false
,Official Bank Rate,GBP,2014-01-09T07:00:00Z,High,0.50%,0.50%,0.50%,false,false
,Asset Purchase Facility,GBP,2014-01-09T07:00:00Z,High,375B,375B,375B,false,false
,Challenger Job Cuts y/y,USD,2014-01-09T07:30:00Z,None,,-20.6%,-5.9%,false,false
,Main Refinancing Rate,EUR,2014-01-09T07:45:00Z,High,0.25%,0.25%,0.25%,false,false
,Housing Starts,CAD,2014-01-09T08:13:00Z,None,196K,198K,190K,false,false
,Building Permits m/m,CAD,2014-01-09T08:30:00Z,High,-2.3%,8.0%,-6.7%,false,false
,NHPI m/m,CAD,2014-01-09T08:30:00Z,None,0.2%,0.1%,0.0%,false,false
,ECB Press Conference,EUR,2014-01-09T08:30:00Z,High,,,,false,false
,Unemployment Claims,USD,2014-01-09T08:30:00Z,High,337K,345K,330K,false,false
,Natural Gas Storage,USD,2014-01-09T10:30:00Z,None,-147B,-97B,-157B,false,false
,30-y Bond Auction,USD,2014-01-09T13:01:00Z,None,,3.90|2.3,3.90|2.6,false,false
,HIA New Home Sales m/m,AUD,2014-01-09T19:00:00Z,None,,-3.8%,7.5%,false,false
,BRC Retail Sales Monitor y/y,GBP,2014-01-09T19:01:00Z,None,,0.6%,0.4%,false,false
,USD-Denominated Trade Balance,CNY,2014-01-09T21:00:00Z,High,32.6B,33.8B,25.6B,false,false
,Leading Indicators,JPY,2014-01-10T00:00:00Z,None,110.9%,109.8%,110.8%,false,false
,Unemployment Rate,CHF,2014-01-10T01:45:00Z,None,3.2%,3.2%,3.2%,false,false
,French Industrial Production m/m,EUR,2014-01-10T02:45:00Z,None,0.6%,-0.5%,1.3%,false,false
,CPI m/m,CHF,2014-01-10T03:15:00Z,High,-0.1%,0.0%,-0.2%,false,false
,Manufacturing Production m/m,GBP,2014-01-10T04:30:00Z,High,0.4%,0.2%,0.0%,false,false
,Construction Output m/m,GBP,2014-01-10T04:30:00Z,None,0.9%,2.0%,-4.0%,false,false
,Industrial Production m/m,GBP,2014-01-10T04:30:00Z,None,0.4%,0.3%,0.0%,false,false
,Final GDP q/q,EUR,2014-01-10T05:00:00Z,None,0.1%,0.1%,0.1%,false,false
,Average Hourly Earnings m/m,USD,2014-01-10T08:30:00Z,None,0.2%,0.2%,0.1%,false,false
,Non-Farm Employment Change,USD,2014-01-10T08:30:00Z,High,196K,241K,74K,false,false
,Unemployment Rate,USD,2014-01-10T08:30:00Z,High,7.0%,7.0%,6.7%,false,false
,Employment Change,CAD,2014-01-10T08:30:00Z,High,14.4K,21.6K,-45.9K,false,false
,Unemployment Rate,CAD,2014-01-10T08:30:00Z,High,6.9%,6.9%,7.2%,false,false
,NIESR GDP Estimate,GBP,2014-01-10T10:00:00Z,None,,0.8%,0.7%,false,false
,Final Wholesale Inventories m/m,USD,2014-01-10T10:00:00Z,None,0.4%,1.3%,0.5%,false,false
,RCM/TIPP Economic Optimism,USD,2014-01-10T10:00:00Z,None,45.3,43.1,45.2,false,false
,Bank Holiday,JPY,2014-01-12T00:00:00Z,None,,,,true,false
,ANZ Job Advertisements m/m,AUD,2014-01-12T19:30:00Z,None,,-0.9%,-0.7%,false,false
,Home Loans m/m,AUD,2014-01-12T19:30:00Z,None,1.1%,1.1%,1.1%,false,false
,Italian Industrial Production m/m,EUR,2014-01-13T04:00:00Z,None,0.6%,0.7%,0.3%,false,false
,BOC Business Outlook Survey,CAD,2014-01-13T10:30:00Z,None,,,,false,false
,Federal Budget Balance,USD,2014-01-13T14:00:00Z,None,44.3B,-135.2B,53.2B,false,false
,NZIER Business Confidence,NZD,2014-01-13T16:00:00Z,High,,38,52,false,false
,Bank Lending y/y,JPY,2014-01-13T18:50:00Z,None,,2.2%,2.3%,false,false
,Current Account,JPY,2014-01-13T18:50:00Z,None,-0.02T,-0.06T,-0.05T,false,false
,Economy Watchers Sentiment,JPY,2014-01-14T00:00:00Z,None,54.2,53.5,55.7,false,false
,German WPI m/m,EUR,2014-01-14T02:00:00Z,None,0.4%,-0.2%,0.4%,false,false
,French Final CPI m/m,EUR,2014-01-14T02:45:00Z,None,0.4%,0.0%,0.3%,false,false
,Core CPI y/y,GBP,2014-01-14T04:30:00Z,None,1.8%,1.8%,1.7%,false,false
,ONS HPI y/y,GBP,2014-01-14T04:30:00Z,None,5.9%,5.5%,5.4%,false,false
,PPI Output m/m,GBP,2014-01-14T04:30:00Z,None,0.2%,-0.2%,0.0%,false,false
,RPI y/y,GBP,2014-01-14T04:30:00Z,None,2.7%,2.6%,2.7%,false,false
,PPI Input m/m,GBP,2014-01-14T04:30:00Z,None,-0.2%,-0.7%,0.1%,false,false
,CPI y/y,GBP,2014-01-14T04:30:00Z,High,2.1%,2.1%,2.0%,false,false
,Industrial Production m/m,EUR,2014-01-14T05:00:00Z,None,1.6%,-0.8%,1.8%,false,false
,NFIB Small Business Index,USD,2014-01-14T07:30:00Z,None,93.2,92.5,93.9,false,false
,Core Retail Sales m/m,USD,2014-01-14T08:30:00Z,High,0.4%,0.1%,0.7%,false,false
,Retail Sales m/m,USD,2014-01-14T08:30:00Z,High,0.2%,0.4%,0.2%,false,false
,Import Prices m/m,USD,2014-01-14T08:30:00Z,None,0.3%,-0.9%,0.0%,false,false
,Business Inventories m/m,USD,2014-01-14T10:00:00Z,None,0.4%,0.8%,0.4%,false,false
,FOMC Member Plosser Speaks,USD,2014-01-14T12:45:00Z,None,,,,false,false
,FOMC Member Fisher Speaks,USD,2014-01-14T13:20:00Z,None,,,,false,false
,FPI m/m,NZD,2014-01-14T16:48:00Z,None,,-0.2%,-0.1%,false,false
,M2 Money Stock y/y,JPY,2014-01-14T18:50:00Z,None,4.5%,4.4%,4.2%,false,false
,New Motor Vehicle Sales m/m,AUD,2014-01-14T19:30:00Z,None,,2.1%,1.7%,false,false
,New Loans,CNY,2014-01-14T21:11:00Z,None,589B,625B,483B,false,false
,M2 Money Supply y/y,CNY,2014-01-14T21:11:00Z,None,13.9%,14.2%,13.6%,false,false
,30-y Bond Auction,JPY,2014-01-14T22:45:00Z,None,,1.70|4.2,1.67|3.3,false,false
,Prelim Machine Tool Orders y/y,JPY,2014-01-15T00:59:00Z,None,,15.4%,28.0%,false,false
,Retail Sales y/y,CHF,2014-01-15T03:15:00Z,None,2.3%,1.6%,4.2%,false,false
,Trade Balance,EUR,2014-01-15T05:00:00Z,None,16.7B,14.3B,16.0B,false,false
,CB Leading Index m/m,GBP,2014-01-15T05:00:00Z,None,,0.4%,0.5%,false,false
,PPI m/m,USD,2014-01-15T08:30:00Z,High,0.5%,-0.1%,0.4%,false,false
,Core PPI m/m,USD,2014-01-15T08:30:00Z,None,0.1%,0.1%,0.3%,false,false
,Empire State Manufacturing Index,USD,2014-01-15T08:30:00Z,None,3.2,1.0,12.5,false,false
,BOE Gov Carney Speaks,GBP,2014-01-15T09:15:00Z,High,,,,false,false
,Crude Oil Inventories,USD,2014-01-15T10:30:00Z,None,-0.7M,-2.7M,-7.7M,false,false
,Beige Book,USD,2014-01-15T14:00:00Z,None,,,,false,false
,Core Machinery Orders m/m,JPY,2014-01-15T18:50:00Z,None,1.2%,0.6%,9.3%,false,false
,Tertiary Industry Activity m/m,JPY,2014-01-15T18:50:00Z,None,0.8%,-0.9%,0.6%,false,false
,PPI y/y,JPY,2014-01-15T18:50:00Z,None,2.7%,2.6%,2.5%,false,false
,RICS House Price Balance,GBP,2014-01-15T19:01:00Z,None,59%,58%,56%,false,false
,Employment Change,AUD,2014-01-15T19:30:00Z,High,10.3K,15.4K,-22.6K,false,false
,Unemployment Rate,AUD,2014-01-15T19:30:00Z,High,5.8%,5.8%,5.8%,false,false
,Foreign Direct Investment ytd/y,CNY,2014-01-15T21:18:00Z,None,,5.5%,5.3%,false,false
,German Final CPI m/m,EUR,2014-01-16T02:00:00Z,None,0.4%,0.4%,0.4%,false,false
,ECB Monthly Bulletin,EUR,2014-01-16T04:00:00Z,None,,,,false,false
,Italian Trade Balance,EUR,2014-01-16T04:00:00Z,None,3.88B,4.06B,3.09B,false,false
,German Buba President Weidmann Speaks,EUR,2014-01-16T05:00:00Z,None,,,,false,false
,Final CPI y/y,EUR,2014-01-16T05:00:00Z,None,0.8%,0.8%,0.8%,false,false
,Final Core CPI y/y,EUR,2014-01-16T05:00:00Z,None,0.9%,0.7%,0.7%,false,false
,30-y Bond Auction,GBP,2014-01-16T05:35:00Z,None,,3.61|1.7,3.59|1.9,false,false
,Foreign Securities Purchases,CAD,2014-01-16T08:30:00Z,None,7.21B,4.44B,8.66B,false,false
,Core CPI m/m,USD,2014-01-16T08:30:00Z,High,0.1%,0.2%,0.1%,false,false
,Core CPI y/y,USD,2014-01-16T08:30:00Z,High,1.7%,1.7%,1.7%,false,false
,CPI y/y,USD,2014-01-16T08:30:00Z,High,1.5%,1.2%,1.5%,false,false
,Unemployment Claims,USD,2014-01-16T08:30:00Z,High,327K,328K,326K,false,false
,CPI m/m,USD,2014-01-16T08:30:00Z,None,0.3%,0.0%,0.3%,false,false
,Treasury Sec Lew Speaks,USD,2014-01-16T08:30:00Z,None,,,,false,false
,TIC Long-Term Purchases,USD,2014-01-16T09:00:00Z,None,42.3B,28.7B,-29.3B,false,false
,Philly Fed Manufacturing Index,USD,2014-01-16T10:00:00Z,High,8.8,7.0,9.4,false,false
,NAHB Housing Market Index,USD,2014-01-16T10:00:00Z,None,58,57,56,false,false
,Natural Gas Storage,USD,2014-01-16T10:30:00Z,None,-296B,-157B,-287B,false,false
,Fed Chairman Bernanke Speaks,USD,2014-01-16T11:10:00Z,High,,,,false,false
,SNB Chairman Jordan Speaks,CHF,2014-01-16T12:00:00Z,High,,,,false,false
,Consumer Confidence,JPY,2014-01-17T00:00:00Z,None,43.4,42.5,41.3,false,false
,French Gov Budget Balance,EUR,2014-01-17T02:45:00Z,None,,-86.0B,-87.0B,false,false
,PPI m/m,CHF,2014-01-17T03:15:00Z,None,0.2%,-0.1%,0.0%,false,false
,Retail Sales m/m,GBP,2014-01-17T04:30:00Z,High,0.5%,0.1%,2.6%,false,false
,MPC Member Broadbent Speaks,GBP,2014-01-17T07:15:00Z,None,,,,false,false
,Housing Starts,USD,2014-01-17T08:30:00Z,None,0.99M,1.11M,1.00M,false,false
,Building Permits,USD,2014-01-17T08:30:00Z,High,1.01M,1.02M,0.99M,false,false
,Industrial Production m/m,USD,2014-01-17T09:15:00Z,None,0.4%,1.0%,0.3%,false,false
,Capacity Utilization Rate,USD,2014-01-17T09:15:00Z,None,79.2%,79.1%,79.2%,false,false
,Prelim UoM Inflation Expectations,USD,2014-01-17T09:55:00Z,None,,3.0%,3.0%,false,false
,Prelim UoM Consumer Sentiment,USD,2014-01-17T09:55:00Z,High,83.4,82.5,80.4,false,false
,JOLTS Job Openings,USD,2014-01-17T10:00:00Z,High,3.97M,3.93M,4.00M,false,false
,Rightmove HPI m/m,GBP,2014-01-19T18:20:00Z,None,,-1.9%,1.0%,false,false
,MI Inflation Gauge m/m,AUD,2014-01-19T18:30:00Z,None,,0.2%,0.7%,false,false
,GDP q/y,CNY,2014-01-19T21:00:00Z,High,7.6%,7.8%,7.7%,false,false
,Fixed Asset Investment ytd/y,CNY,2014-01-19T21:00:00Z,None,19.9%,19.9%,19.6%,false,false
,Industrial Production y/y,CNY,2014-01-19T21:00:00Z,None,9.8%,10.0%,9.7%,false,false
,NBS Press Conference,CNY,2014-01-19T21:00:00Z,None,,,,false,false
,Retail Sales y/y,CNY,2014-01-19T21:00:00Z,None,13.6%,13.7%,13.6%,false,false
,REINZ HPI m/m,NZD,2014-01-19T22:03:00Z,None,,1.2%,-1.0%,false,false
,Revised Industrial Production m/m,JPY,2014-01-19T23:30:00Z,None,0.1%,0.1%,-0.1%,false,false
,Bank Holiday,USD,2014-01-20T00:00:00Z,None,,,,true,false
,German PPI m/m,EUR,2014-01-20T02:00:00Z,None,0.2%,-0.1%,0.1%,false,false
,CPI q/q,NZD,2014-01-20T16:45:00Z,High,0.0%,0.9%,0.1%,false,false
,German ZEW Economic Sentiment,EUR,2014-01-21T05:00:00Z,High,63.4,62.0,61.7,false,false
,ZEW Economic Sentiment,EUR,2014-01-21T05:00:00Z,None,70.2,68.3,73.3,false,false
,CBI Industrial Order Expectations,GBP,2014-01-21T06:00:00Z,None,10,12,-2,false,false
,Manufacturing Sales m/m,CAD,2014-01-21T08:30:00Z,High,0.3%,0.7%,1.0%,false,false
,Wholesale Sales m/m,CAD,2014-01-21T08:30:00Z,None,0.3%,1.2%,0.0%,false,false
,GDT Price Index,NZD,2014-01-21T08:30:00Z,None,,-0.8%,1.4%,false,false
,Westpac Consumer Sentiment,AUD,2014-01-21T18:30:00Z,None,,-4.8%,-1.7%,false,false
,Trimmed Mean CPI m/m,AUD,2014-01-21T19:30:00Z,None,0.6%,0.7%,0.9%,false,false
,CPI m/m,AUD,2014-01-21T19:30:00Z,High,0.5%,1.2%,0.8%,false,false
,Monetary Policy Statement,JPY,2014-01-21T22:20:00Z,High,,,,false,false
,All Industries Activity m/m,JPY,2014-01-21T23:33:00Z,None,0.4%,-0.4%,0.3%,false,false
,WEF Annual Meetings,All,2014-01-22T00:00:00Z,None,,,,false,false
,BOJ Press Conference,JPY,2014-01-22T02:22:00Z,High,,,,false,false
,Unemployment Rate,GBP,2014-01-22T04:30:00Z,High,7.3%,7.4%,7.1%,false,false
,Average Earnings Index 3m/y,GBP,2014-01-22T04:30:00Z,None,1.1%,0.9%,0.9%,false,false
,Public Sector Net Borrowing,GBP,2014-01-22T04:30:00Z,None,12.1B,15.1B,10.4B,false,false
,MPC Official Bank Rate Votes,GBP,2014-01-22T04:30:00Z,High,0-0-9,0-0-9,0-0-9,false,false
,MPC Asset Purchase Facility Votes,GBP,2014-01-22T04:30:00Z,High,0-0-9,0-0-9,0-0-9,false,false
,Claimant Count Change,GBP,2014-01-22T04:30:00Z,High,-33.8K,-34.3K,-24.0K,false,false
,UBS Economic Expectations,CHF,2014-01-22T05:00:00Z,None,,39.4,36.4,false,false
,Overnight Rate,CAD,2014-01-22T10:00:00Z,None,1.00%,1.00%,1.00%,false,false
,BOC Monetary Policy Report,CAD,2014-01-22T10:00:00Z,High,,,,false,false
,BOC Rate Statement,CAD,2014-01-22T10:00:00Z,High,,,,false,false
,BOC Press Conference,CAD,2014-01-22T11:15:00Z,High,,,,false,false
,MPC Member McCafferty Speaks,GBP,2014-01-22T13:00:00Z,None,,,,false,false
,BusinessNZ Manufacturing Index,NZD,2014-01-22T16:33:00Z,None,,57.0,56.4,false,false
,MI Inflation Expectations,AUD,2014-01-22T19:00:00Z,None,,2.1%,2.3%,false,false
,Caixin Flash Manufacturing PMI,CNY,2014-01-22T20:45:00Z,High,50.6,50.5,49.6,false,false
,CB Leading Index m/m,CNY,2014-01-22T21:00:00Z,None,,1.3%,0.4%,false,false
,WEF Annual Meetings,All,2014-01-23T00:00:00Z,None,,,,false,false
,BOJ Monthly Report,JPY,2014-01-23T00:00:00Z,None,,,,false,false
,Spanish Unemployment Rate,EUR,2014-01-23T03:00:00Z,None,26.0%,26.0%,26.0%,false,false
,French Flash Services PMI,EUR,2014-01-23T03:00:00Z,None,48.2,47.8,48.6,false,false
,French Flash Manufacturing PMI,EUR,2014-01-23T03:00:00Z,High,47.6,47.0,48.8,false,false
,German Flash Manufacturing PMI,EUR,2014-01-23T03:30:00Z,High,54.7,54.3,56.3,false,false
,German Flash Services PMI,EUR,2014-01-23T03:30:00Z,None,54.1,53.5,53.6,false,false
,Current Account,EUR,2014-01-23T04:00:00Z,None,19.2B,22.2B,23.5B,false,false
,MPC Member Fisher Speaks,GBP,2014-01-23T04:00:00Z,None,,,,false,false
,Flash Services PMI,EUR,2014-01-23T04:00:00Z,None,51.5,51.0,51.9,false,false
,Flash Manufacturing PMI,EUR,2014-01-23T04:00:00Z,None,53.2,52.7,53.9,false,false
,10-y Bond Auction,GBP,2014-01-23T05:34:00Z,None,,2.73|1.8,2.87|1.7,false,false
,CBI Realized Sales,GBP,2014-01-23T06:00:00Z,High,28,34,14,false,false
,Core Retail Sales m/m,CAD,2014-01-23T08:30:00Z,High,0.3%,0.5%,0.4%,false,false
,Retail Sales m/m,CAD,2014-01-23T08:30:00Z,None,0.3%,-0.1%,0.6%,false,false
,Unemployment Claims,USD,2014-01-23T08:30:00Z,High,331K,325K,326K,false,false
,HPI m/m,USD,2014-01-23T09:00:00Z,None,0.4%,0.5%,0.1%,false,false
,Flash Manufacturing PMI,USD,2014-01-23T09:00:00Z,None,55.2,54.4,53.7,false,false
,CB Leading Index m/m,USD,2014-01-23T10:00:00Z,None,0.2%,1.0%,0.1%,false,false
,Existing Home Sales,USD,2014-01-23T10:00:00Z,High,4.94M,4.82M,4.87M,false,false
,Consumer Confidence,EUR,2014-01-23T10:00:00Z,None,-13,-14,-12,false,false
,Natural Gas Storage,USD,2014-01-23T10:30:00Z,None,-112B,-287B,-107B,false,false
,Crude Oil Inventories,USD,2014-01-23T11:00:00Z,None,0.7M,-7.7M,1.0M,false,false
,Credit Card Spending y/y,NZD,2014-01-23T21:10:00Z,None,,6.9%,4.7%,false,false
,WEF Annual Meetings,All,2014-01-24T00:00:00Z,None,,,,false,false
,Italian Retail Sales m/m,EUR,2014-01-24T04:00:00Z,None,0.4%,-0.1%,0.0%,false,false
,High Street Lending,GBP,2014-01-24T04:30:00Z,None,47.2K,45.4K,46.5K,false,false
,BOE Gov Carney Speaks,GBP,2014-01-24T07:05:00Z,High,,,,false,false
,CPI m/m,CAD,2014-01-24T08:30:00Z,None,-0.2%,0.0%,-0.2%,false,false
,Core CPI m/m,CAD,2014-01-24T08:30:00Z,High,-0.4%,-0.1%,-0.4%,false,false
,Belgian NBB Business Climate,EUR,2014-01-24T09:00:00Z,None,-4.4,-6.4,-5.6,false,false
,ECB President Draghi Speaks,EUR,2014-01-24T12:00:00Z,High,,,,false,false
,WEF Annual Meetings,All,2014-01-25T00:00:00Z,None,,,,false,false
,Bank Holiday,AUD,2014-01-26T00:00:00Z,None,,,,true,false
,BusinessNZ Services Index,NZD,2014-01-26T16:30:00Z,None,,56.1,57.5,false,false
,Monetary Policy Meeting Minutes,JPY,2014-01-26T18:50:00Z,None,,,,false,false
,Trade Balance,JPY,2014-01-26T18:50:00Z,None,-1.33T,-1.29T,-1.15T,false,false
,Eurogroup Meetings,EUR,2014-01-27T00:00:00Z,None,,,,true,false
,German ifo Business Climate,EUR,2014-01-27T04:00:00Z,High,110.2,109.5,110.6,false,false
,German Buba Monthly Report,EUR,2014-01-27T06:00:00Z,None,,,,false,false
,Flash Services PMI,USD,2014-01-27T09:00:00Z,None,56.2,55.7,56.6,false,false
,New Home Sales,USD,2014-01-27T10:00:00Z,High,457K,445K,414K,false,false
,German Buba President Weidmann Speaks,EUR,2014-01-27T13:00:00Z,None,,,,false,false
,CB Leading Index m/m,AUD,2014-01-27T18:00:00Z,None,,0.5%,0.2%,false,false
,SPPI y/y,JPY,2014-01-27T18:50:00Z,None,1.1%,1.2%,1.3%,false,false
,NAB Business Confidence,AUD,2014-01-27T19:30:00Z,High,,6,6,false,false
,ECOFIN Meetings,EUR,2014-01-28T00:00:00Z,None,,,,true,false
,German Import Prices m/m,EUR,2014-01-28T02:00:00Z,None,0.3%,0.1%,0.0%,false,false
,Prelim GDP q/q,GBP,2014-01-28T04:30:00Z,High,0.7%,0.8%,0.7%,false,false
,Index of Services 3m/3m,GBP,2014-01-28T04:30:00Z,None,0.7%,0.8%,0.8%,false,false
,Core Durable Goods Orders m/m,USD,2014-01-28T08:30:00Z,High,0.7%,2.4%,-1.6%,false,false
,Durable Goods Orders m/m,USD,2014-01-28T08:30:00Z,None,1.9%,3.4%,-4.3%,false,false
,S&P/CS Composite-20 HPI y/y,USD,2014-01-28T09:00:00Z,None,13.7%,13.6%,13.7%,false,false
,Richmond Manufacturing Index,USD,2014-01-28T09:59:00Z,None,13,13,12,false,false
,CB Consumer Confidence,USD,2014-01-28T10:00:00Z,High,78.3,77.5,80.7,false,false
,MI Leading Index m/m,AUD,2014-01-28T18:30:00Z,None,,-0.1%,0.1%,false,false
,President Obama Speaks,USD,2014-01-28T21:00:00Z,None,,,,false,false
,UBS Consumption Indicator,CHF,2014-01-29T02:00:00Z,None,,1.40,1.81,false,false
,German GfK Consumer Climate,EUR,2014-01-29T02:00:00Z,None,7.8,7.7,8.2,false,false
,Nationwide HPI m/m,GBP,2014-01-29T02:00:00Z,None,0.7%,1.4%,0.7%,false,false
,M3 Money Supply y/y,EUR,2014-01-29T04:00:00Z,None,1.7%,1.5%,1.0%,false,false
,Private Loans y/y,EUR,2014-01-29T04:00:00Z,None,-2.3%,-2.3%,-2.3%,false,false
,German 10-y Bond Auction,EUR,2014-01-29T05:33:00Z,None,,1.69|1.7,1.77|1.8,false,false
,BOE Gov Carney Speaks,GBP,2014-01-29T08:15:00Z,High,,,,false,false
,Crude Oil Inventories,USD,2014-01-29T10:30:00Z,None,2.2M,1.0M,6.4M,false,false
,FOMC Statement,USD,2014-01-29T14:00:00Z,High,,,,false,false
,Federal Funds Rate,USD,2014-01-29T14:00:00Z,None,<0.25%,<0.25%,<0.25%,false,false
,Official Cash Rate,NZD,2014-01-29T15:00:00Z,High,2.50%,2.50%,2.50%,false,false
,RBNZ Rate Statement,NZD,2014-01-29T15:00:00Z,High,,,,false,false
,Building Consents m/m,NZD,2014-01-29T16:45:00Z,None,,12.5%,7.6%,false,false
,Visitor Arrivals m/m,NZD,2014-01-29T16:45:00Z,None,,3.3%,0.2%,false,false
,Retail Sales y/y,JPY,2014-01-29T18:50:00Z,None,3.9%,4.1%,2.6%,false,false
,HIA New Home Sales m/m,AUD,2014-01-29T19:00:00Z,None,,7.5%,-0.4%,false,false
,Import Prices q/q,AUD,2014-01-29T19:30:00Z,None,1.5%,6.1%,-0.6%,false,false
,RatingDog Manufacturing PMI,CNY,2014-01-29T20:45:00Z,None,49.6,49.6,49.5,false,false
,German Prelim CPI m/m,EUR,2014-01-30T00:00:00Z,None,-0.4%,0.4%,-0.6%,true,false
,Bank Holiday,CNY,2014-01-30T00:00:00Z,None,,,,true,false
,KOF Economic Barometer,CHF,2014-01-30T03:00:00Z,None,2.02,1.95,1.98,false,false
,Spanish Flash GDP q/q,EUR,2014-01-30T03:00:00Z,None,0.3%,0.1%,0.3%,false,false
,German Unemployment Change,EUR,2014-01-30T03:55:00Z,None,-5K,-19K,-28K,false,false
,Net Lending to Individuals m/m,GBP,2014-01-30T04:30:00Z,None,1.9B,1.8B,2.3B,false,false
,M4 Money Supply m/m,GBP,2014-01-30T04:30:00Z,None,0.3%,0.1%,-1.4%,false,false
,Mortgage Approvals,GBP,2014-01-30T04:30:00Z,None,73K,71K,72K,false,false
,Italian 10-y Bond Auction,EUR,2014-01-30T05:16:00Z,None,,4.11|1.3,3.81|1.3,false,false
,Advance GDP Price Index q/q,USD,2014-01-30T08:30:00Z,None,1.2%,2.0%,1.3%,false,false
,Unemployment Claims,USD,2014-01-30T08:30:00Z,High,331K,329K,348K,false,false
,Advance GDP q/q,USD,2014-01-30T08:30:00Z,High,3.3%,4.1%,3.2%,false,false
,Pending Home Sales m/m,USD,2014-01-30T10:00:00Z,High,-0.1%,-0.3%,-8.7%,false,false
,Natural Gas Storage,USD,2014-01-30T10:30:00Z,None,-225B,-107B,-230B,false,false
,Trade Balance,NZD,2014-01-30T16:45:00Z,High,550M,183M,523M,false,false
,RBNZ Gov Wheeler Speaks,NZD,2014-01-30T18:00:00Z,High,,,,false,false
,Final Manufacturing PMI,JPY,2014-01-30T18:15:00Z,None,,55.2,56.6,false,false
,Household Spending y/y,JPY,2014-01-30T18:30:00Z,None,1.2%,0.2%,0.7%,false,false
,Tokyo Core CPI y/y,JPY,2014-01-30T18:30:00Z,None,0.7%,0.7%,0.7%,false,false
,National Core CPI y/y,JPY,2014-01-30T18:30:00Z,None,1.2%,1.2%,1.3%,false,false
,Unemployment Rate,JPY,2014-01-30T18:30:00Z,None,3.9%,4.0%,3.7%,false,false
,Prelim Industrial Production m/m,JPY,2014-01-30T18:50:00Z,None,1.3%,-0.1%,1.1%,false,false
,GfK Consumer Confidence,GBP,2014-01-30T18:58:00Z,None,-12,-13,-7,false,false
,PPI q/q,AUD,2014-01-30T19:30:00Z,High,0.7%,1.3%,0.2%,false,false
,Private Sector Credit m/m,AUD,2014-01-30T19:30:00Z,None,0.4%,0.3%,0.5%,false,false
,Housing Starts y/y,JPY,2014-01-31T00:00:00Z,None,13.9%,14.1%,18.0%,false,false
,German Retail Sales m/m,EUR,2014-01-31T02:00:00Z,None,0.2%,0.9%,-2.5%,false,false
,French Consumer Spending m/m,EUR,2014-01-31T02:45:00Z,None,-0.2%,1.4%,-0.1%,false,false
,Spanish Flash CPI y/y,EUR,2014-01-31T03:00:00Z,None,0.2%,0.3%,0.2%,false,false
,Italian Monthly Unemployment Rate,EUR,2014-01-31T04:00:00Z,None,12.7%,12.8%,12.7%,false,false
,CPI Flash Estimate y/y,EUR,2014-01-31T05:00:00Z,High,0.9%,0.8%,0.7%,false,false
,Core CPI Flash Estimate y/y,EUR,2014-01-31T05:00:00Z,None,,0.7%,0.8%,false,false
,Unemployment Rate,EUR,2014-01-31T05:00:00Z,None,12.1%,12.0%,12.0%,false,false
,Core PCE Price Index m/m,USD,2014-01-31T08:30:00Z,None,0.1%,0.1%,0.1%,false,false
,GDP m/m,CAD,2014-01-31T08:30:00Z,High,0.2%,0.3%,0.2%,false,false
,Employment Cost Index q/q,USD,2014-01-31T08:30:00Z,None,0.4%,0.4%,0.5%,false,false
,Personal Spending m/m,USD,2014-01-31T08:30:00Z,None,0.2%,0.6%,0.4%,false,false
,Personal Income m/m,USD,2014-01-31T08:30:00Z,None,0.2%,0.2%,0.0%,false,false
,Chicago PMI,USD,2014-01-31T09:45:00Z,None,59.8,59.1,59.6,false,false
,Revised UoM Consumer Sentiment,USD,2014-01-31T09:55:00Z,None,81.1,80.4,81.2,false,false
,Revised UoM Inflation Expectations,USD,2014-01-31T09:55:00Z,None,,3.0%,3.1%,false,false
,FOMC Member Fisher Speaks,USD,2014-01-31T13:15:00Z,None,,,,false,false
,Manufacturing PMI,CNY,2014-01-31T20:00:00Z,High,50.6,51.0,50.5,false,false
,Bank Holiday,CNY,2014-02-02T00:00:00Z,None,,,,true,false
,AIG Manufacturing Index,AUD,2014-02-02T17:23:00Z,None,,47.6,46.7,false,false
,MI Inflation Gauge m/m,AUD,2014-02-02T18:30:00Z,None,,0.7%,0.1%,false,false
,Building Approvals m/m,AUD,2014-02-02T19:30:00Z,High,-0.3%,-0.3%,-2.9%,false,false
,ANZ Job Advertisements m/m,AUD,2014-02-02T19:30:00Z,None,,-0.8%,-0.3%,false,false
,Non-Manufacturing PMI,CNY,2014-02-02T19:49:00Z,None,,54.6,53.4,false,false
,Bank Holiday,CNY,2014-02-03T00:00:00Z,None,,,,true,false
,Total Vehicle Sales,USD,2014-02-03T00:00:00Z,None,15.6M,15.4M,15.2M,true,false
,Commodity Prices y/y,AUD,2014-02-03T00:30:00Z,None,,-3.6%,-9.9%,false,false
,Spanish Manufacturing PMI,EUR,2014-02-03T03:15:00Z,None,51.3,50.8,52.2,false,false
,Manufacturing PMI,CHF,2014-02-03T03:30:00Z,None,55.1,53.9,56.1,false,false
,Italian Manufacturing PMI,EUR,2014-02-03T03:45:00Z,None,54.2,53.3,53.1,false,false
,French Final Manufacturing PMI,EUR,2014-02-03T03:50:00Z,None,48.8,48.8,49.3,false,false
,German Final Manufacturing PMI,EUR,2014-02-03T03:55:00Z,None,56.3,56.3,56.5,false,false
,Final Manufacturing PMI,EUR,2014-02-03T04:00:00Z,None,53.9,53.9,54.0,false,false
,Final Manufacturing PMI,GBP,2014-02-03T04:30:00Z,High,57.1,57.2,56.7,false,false
,RMPI m/m,CAD,2014-02-03T08:30:00Z,None,2.1%,-4.2%,1.9%,false,false
,IPPI m/m,CAD,2014-02-03T08:30:00Z,None,0.4%,0.2%,0.7%,false,false
,Treasury Sec Lew Speaks,USD,2014-02-03T09:00:00Z,None,,,,false,false
,Final Manufacturing PMI,USD,2014-02-03T09:00:00Z,None,53.8,53.7,53.7,false,false
,Manufacturing PMI,CAD,2014-02-03T09:30:00Z,None,,53.5,51.7,false,false
,ISM Manufacturing PMI,USD,2014-02-03T10:00:00Z,High,56.2,57.0,51.3,false,false
,Construction Spending m/m,USD,2014-02-03T10:00:00Z,None,0.3%,0.8%,0.1%,false,false
,ISM Manufacturing Prices,USD,2014-02-03T10:00:00Z,None,54.2,53.5,60.5,false,false
,Loan Officer Survey,USD,2014-02-03T14:00:00Z,None,,,,false,false
,Monetary Base y/y,JPY,2014-02-03T18:50:00Z,None,47.2%,46.6%,51.9%,false,false
,ANZ Commodity Prices m/m,NZD,2014-02-03T19:00:00Z,None,,1.0%,1.2%,false,false
,Cash Rate,AUD,2014-02-03T22:30:00Z,High,2.50%,2.50%,2.50%,false,false
,RBA Rate Statement,AUD,2014-02-03T22:30:00Z,High,,,,false,false
,10-y Bond Auction,JPY,2014-02-03T22:45:00Z,None,,0.72|3.8,0.60|3.2,false,false
,Bank Holiday,CNY,2014-02-04T00:00:00Z,None,,,,true,false
,Spanish Unemployment Change,EUR,2014-02-04T03:00:00Z,None,-21.3K,-107.6K,113.1K,false,false
,Construction PMI,GBP,2014-02-04T04:30:00Z,High,61.6,62.1,64.6,false,false
,PPI m/m,EUR,2014-02-04T05:00:00Z,None,0.3%,-0.1%,0.2%,false,false
,Italian Prelim CPI m/m,EUR,2014-02-04T05:00:00Z,None,0.3%,0.2%,0.2%,false,false
,GDT Price Index,NZD,2014-02-04T08:30:00Z,None,,1.4%,0.5%,false,false
,Factory Orders m/m,USD,2014-02-04T10:00:00Z,None,-1.9%,1.5%,-1.5%,false,false
,RCM/TIPP Economic Optimism,USD,2014-02-04T10:00:00Z,None,46.1,45.2,44.9,false,false
,Employment Change q/q,NZD,2014-02-04T16:45:00Z,High,0.6%,1.2%,1.1%,false,false
,Unemployment Rate,NZD,2014-02-04T16:45:00Z,High,6.0%,6.2%,6.0%,false,false
,Labor Cost Index q/q,NZD,2014-02-04T16:45:00Z,None,0.5%,0.4%,0.6%,false,false
,AIG Services Index,AUD,2014-02-04T17:01:00Z,None,,46.1,49.3,false,false
,BRC Shop Price Index y/y,GBP,2014-02-04T19:01:00Z,None,,-0.8%,-1.0%,false,false
,Average Cash Earnings y/y,JPY,2014-02-04T20:30:00Z,None,0.7%,0.6%,0.8%,false,false
,Bank Holiday,NZD,2014-02-05T00:00:00Z,None,,,,true,false
,Bank Holiday,CNY,2014-02-05T00:00:00Z,None,,,,true,false
,Spanish Services PMI,EUR,2014-02-05T03:15:00Z,None,55.3,54.2,54.9,false,false
,Italian Services PMI,EUR,2014-02-05T03:45:00Z,None,48.2,47.9,49.4,false,false
,French Final Services PMI,EUR,2014-02-05T03:50:00Z,None,48.6,48.6,48.9,false,false
,German Final Services PMI,EUR,2014-02-05T03:55:00Z,None,53.6,53.6,53.1,false,false
,Final Services PMI,EUR,2014-02-05T04:00:00Z,None,51.9,51.9,51.6,false,false
,Final Services PMI,GBP,2014-02-05T04:30:00Z,High,59.1,58.8,58.3,false,false
,Retail Sales m/m,EUR,2014-02-05T05:00:00Z,None,-0.7%,0.9%,-1.6%,false,false
,ADP Non-Farm Employment Change,USD,2014-02-05T08:15:00Z,High,191K,227K,175K,false,false
,Building Permits m/m,CAD,2014-02-05T08:30:00Z,High,2.3%,-6.6%,-4.1%,false,false
,Final Services PMI,USD,2014-02-05T09:00:00Z,None,56.6,56.6,56.7,false,false
,ISM Services PMI,USD,2014-02-05T10:00:00Z,High,53.6,53.0,54.0,false,false
,FOMC Member Tarullo Speaks,USD,2014-02-05T10:00:00Z,None,,,,false,false
,Crude Oil Inventories,USD,2014-02-05T10:30:00Z,None,2.2M,6.4M,0.4M,false,false
,FOMC Member Plosser Speaks,USD,2014-02-05T12:30:00Z,None,,,,false,false
,Retail Sales m/m,AUD,2014-02-05T19:30:00Z,High,0.5%,0.7%,0.5%,false,false
,Goods Trade Balance,AUD,2014-02-05T19:30:00Z,High,-0.27B,0.08B,0.47B,false,false
,NAB Quarterly Business Confidence,AUD,2014-02-05T19:30:00Z,None,,5,8,false,false
,30-y Bond Auction,JPY,2014-02-05T22:45:00Z,None,,1.67|3.3,1.59|3.4,false,false
,SECO Consumer Climate,CHF,2014-02-06T01:45:00Z,None,0,-5,2,false,false
,Trade Balance,CHF,2014-02-06T02:00:00Z,None,2.41B,2.03B,0.50B,false,false
,Lloyds HPI m/m,GBP,2014-02-06T03:00:00Z,None,1.1%,-0.5%,1.1%,false,false
,Retail PMI,EUR,2014-02-06T04:10:00Z,None,,47.7,50.5,false,false
,French 10-y Bond Auction,EUR,2014-02-06T04:59:00Z,None,,2.51|1.5,2.25|2.1,false,false
,German Factory Orders m/m,EUR,2014-02-06T06:00:00Z,None,0.3%,2.4%,-0.5%,false,false
,Asset Purchase Facility,GBP,2014-02-06T07:00:00Z,High,375B,375B,375B,false,false
,Official Bank Rate,GBP,2014-02-06T07:00:00Z,High,0.50%,0.50%,0.50%,false,false
,Challenger Job Cuts y/y,USD,2014-02-06T07:30:00Z,None,,-5.9%,11.6%,false,false
,Main Refinancing Rate,EUR,2014-02-06T07:45:00Z,High,0.25%,0.25%,0.25%,false,false
,Prelim Nonfarm Productivity q/q,USD,2014-02-06T08:30:00Z,None,2.8%,3.0%,3.2%,false,false
,Trade Balance,CAD,2014-02-06T08:30:00Z,High,0.7B,-1.5B,-1.7B,false,false
,ECB Press Conference,EUR,2014-02-06T08:30:00Z,High,,,,false,false
,Unemployment Claims,USD,2014-02-06T08:30:00Z,High,337K,351K,331K,false,false
,Trade Balance,USD,2014-02-06T08:30:00Z,High,-35.8B,-34.6B,-38.7B,false,false
,Prelim Unit Labor Costs q/q,USD,2014-02-06T08:30:00Z,None,-0.7%,-1.4%,-1.6%,false,false
,FOMC Member Tarullo Speaks,USD,2014-02-06T10:00:00Z,None,,,,false,false
,Ivey PMI,CAD,2014-02-06T10:00:00Z,High,51.3,46.3,56.8,false,false
,Natural Gas Storage,USD,2014-02-06T10:30:00Z,None,-270B,-230B,-262B,false,false
,AIG Construction Index,AUD,2014-02-06T17:14:00Z,None,,50.8,48.2,false,false
,RBA Monetary Policy Statement,AUD,2014-02-06T19:30:00Z,High,,,,false,false
,RatingDog Services PMI,CNY,2014-02-06T20:45:00Z,None,,50.9,50.7,false,false
,Leading Indicators,JPY,2014-02-07T00:00:00Z,None,111.9%,111.1%,112.1%,false,false
,German Trade Balance,EUR,2014-02-07T02:00:00Z,None,17.3B,18.9B,18.5B,false,false
,French Gov Budget Balance,EUR,2014-02-07T02:45:00Z,None,,-87.0B,-74.9B,false,false
,French Trade Balance,EUR,2014-02-07T02:45:00Z,None,-5.6B,-5.7B,-5.2B,false,false
,Foreign Currency Reserves,CHF,2014-02-07T03:00:00Z,None,,435B,438B,false,false
,Retail Sales y/y,CHF,2014-02-07T03:15:00Z,None,3.9%,4.2%,2.3%,false,false
,German Constitutional Court Ruling,EUR,2014-02-07T03:31:00Z,High,,,,false,false
,Goods Trade Balance,GBP,2014-02-07T04:30:00Z,None,-9.3B,-9.8B,-7.7B,false,false
,Industrial Production m/m,GBP,2014-02-07T04:30:00Z,None,0.7%,-0.1%,0.4%,false,false
,Manufacturing Production m/m,GBP,2014-02-07T04:30:00Z,High,0.6%,-0.1%,0.3%,false,false
,German Industrial Production m/m,EUR,2014-02-07T06:00:00Z,None,0.5%,2.4%,-0.6%,false,false
,Unemployment Rate,CAD,2014-02-07T08:30:00Z,High,7.1%,7.2%,7.0%,false,false
,Non-Farm Employment Change,USD,2014-02-07T08:30:00Z,High,185K,75K,113K,false,false
,Average Hourly Earnings m/m,USD,2014-02-07T08:30:00Z,None,0.2%,0.0%,0.2%,false,false
,Employment Change,CAD,2014-02-07T08:30:00Z,High,19.7K,-45.9K,29.4K,false,false
,Unemployment Rate,USD,2014-02-07T08:30:00Z,High,6.7%,6.7%,6.6%,false,false
,NIESR GDP Estimate,GBP,2014-02-07T10:00:00Z,None,,0.7%,0.8%,false,false
,Consumer Credit m/m,USD,2014-02-07T15:00:00Z,None,12.4B,12.4B,18.8B,false,false
,Gov Council Member Macklem Speaks,CAD,2014-02-07T15:25:00Z,None,,,,false,false
,Bank Lending y/y,JPY,2014-02-09T18:50:00Z,None,,2.3%,2.3%,false,false
,Current Account,JPY,2014-02-09T18:50:00Z,None,-0.06T,-0.05T,-0.20T,false,false
,Consumer Confidence,JPY,2014-02-10T00:00:00Z,None,43.9,41.3,40.5,false,false
,Bank Holiday,JPY,2014-02-10T00:00:00Z,None,,,,true,false
,Economy Watchers Sentiment,JPY,2014-02-10T01:00:00Z,None,55.5,55.7,54.7,false,false
,Unemployment Rate,CHF,2014-02-10T01:45:00Z,None,3.2%,3.2%,3.2%,false,false
,French Industrial Production m/m,EUR,2014-02-10T02:45:00Z,None,-0.1%,1.2%,-0.3%,false,false
,Italian Industrial Production m/m,EUR,2014-02-10T04:00:00Z,None,0.0%,0.3%,-0.9%,false,false
,Sentix Investor Confidence,EUR,2014-02-10T04:30:00Z,None,10.3,11.9,13.3,false,false
,Housing Starts,CAD,2014-02-10T08:13:00Z,None,184K,188K,180K,false,false
,Gov Council Member Murray Speaks,CAD,2014-02-10T12:50:00Z,None,,,,false,false
,BRC Retail Sales Monitor y/y,GBP,2014-02-10T19:01:00Z,None,,0.4%,3.9%,false,false
,HPI q/q,AUD,2014-02-10T19:30:00Z,None,3.2%,1.9%,3.4%,false,false
,Home Loans m/m,AUD,2014-02-10T19:30:00Z,None,0.5%,1.4%,-1.9%,false,false
,NAB Business Confidence,AUD,2014-02-10T19:30:00Z,High,,8,8,false,false
,NFIB Small Business Index,USD,2014-02-11T07:30:00Z,None,93.6,93.9,94.1,false,false
,FOMC Member Plosser Speaks,USD,2014-02-11T09:00:00Z,None,,,,false,false
,Fed Chair Yellen Testifies,USD,2014-02-11T10:00:00Z,High,,,,false,false
,JOLTS Job Openings,USD,2014-02-11T10:00:00Z,High,4.04M,4.03M,3.99M,false,false
,Fed Monetary Policy Report,USD,2014-02-11T10:00:00Z,None,,,,false,false
,Final Wholesale Inventories m/m,USD,2014-02-11T10:00:00Z,None,0.5%,0.5%,0.3%,false,false
,Annual Budget Release,CAD,2014-02-11T16:00:00Z,None,,,,false,false
,Westpac Consumer Sentiment,AUD,2014-02-11T18:30:00Z,None,,-1.7%,-3.0%,false,false
,Core Machinery Orders m/m,JPY,2014-02-11T18:50:00Z,None,-4.1%,9.3%,-15.7%,false,false
,Tertiary Industry Activity m/m,JPY,2014-02-11T18:50:00Z,None,-0.2%,0.8%,-0.4%,false,false
,M2 Money Stock y/y,JPY,2014-02-11T18:50:00Z,None,4.2%,4.3%,4.4%,false,false
,USD-Denominated Trade Balance,CNY,2014-02-11T21:02:00Z,High,24.2B,25.6B,31.9B,false,false
,Prelim Machine Tool Orders y/y,JPY,2014-02-12T01:00:00Z,None,,28.1%,39.6%,false,false
,CPI m/m,CHF,2014-02-12T03:15:00Z,None,-0.3%,-0.2%,-0.3%,false,false
,Industrial Production m/m,EUR,2014-02-12T05:00:00Z,None,-0.2%,1.6%,-0.7%,false,false
,CB Leading Index m/m,GBP,2014-02-12T05:00:00Z,None,,0.5%,-0.1%,false,false
,BOE Monetary Policy Report,GBP,2014-02-12T05:30:00Z,High,,,,false,false
,BOE Gov Carney Speaks,GBP,2014-02-12T05:30:00Z,High,,,,false,false
,ECB President Draghi Speaks,EUR,2014-02-12T10:30:00Z,High,,,,false,false
,Crude Oil Inventories,USD,2014-02-12T10:30:00Z,None,2.5M,0.4M,3.3M,false,false
,10-y Bond Auction,USD,2014-02-12T13:01:00Z,None,,3.01|2.7,2.80|2.5,false,false
,Federal Budget Balance,USD,2014-02-12T13:59:00Z,None,-16.4B,53.2B,-10.4B,false,false
,BusinessNZ Manufacturing Index,NZD,2014-02-12T16:30:00Z,None,,56.4,56.2,false,false
,PPI y/y,JPY,2014-02-12T18:50:00Z,None,2.4%,2.5%,2.4%,false,false
,MI Inflation Expectations,AUD,2014-02-12T19:00:00Z,None,,2.3%,2.3%,false,false
,RICS House Price Balance,GBP,2014-02-12T19:01:00Z,None,58%,56%,53%,false,false
,Employment Change,AUD,2014-02-12T19:30:00Z,High,15.3K,-23.0K,-3.7K,false,false
,Unemployment Rate,AUD,2014-02-12T19:30:00Z,High,5.9%,5.8%,6.0%,false,false
,RBA Deputy Gov Debelle Speaks,AUD,2014-02-12T20:25:00Z,None,,,,false,false
,German Final CPI m/m,EUR,2014-02-13T02:00:00Z,None,-0.6%,-0.6%,-0.6%,false,false
,PPI m/m,CHF,2014-02-13T03:15:00Z,None,-0.1%,0.0%,0.0%,false,false
,ECB Monthly Bulletin,EUR,2014-02-13T04:00:00Z,None,,,,false,false
,NHPI m/m,CAD,2014-02-13T08:30:00Z,None,0.2%,0.0%,0.1%,false,false
,Core Retail Sales m/m,USD,2014-02-13T08:30:00Z,High,0.1%,0.3%,0.0%,false,false
,Retail Sales m/m,USD,2014-02-13T08:30:00Z,High,0.0%,-0.1%,-0.4%,false,false
,Unemployment Claims,USD,2014-02-13T08:30:00Z,High,331K,331K,339K,false,false
,Business Inventories m/m,USD,2014-02-13T10:00:00Z,None,0.4%,0.4%,0.5%,false,false
,Natural Gas Storage,USD,2014-02-13T10:30:00Z,None,-234B,-262B,-237B,false,false
,30-y Bond Auction,USD,2014-02-13T13:01:00Z,None,,3.90|2.6,3.69|2.3,false,false
,REINZ HPI m/m,NZD,2014-02-13T15:55:00Z,None,,-1.0%,-2.4%,false,false
,FPI m/m,NZD,2014-02-13T16:45:00Z,None,,-0.1%,1.2%,false,false
,RBA Assist Gov Kent Speaks,AUD,2014-02-13T17:05:00Z,None,,,,false,false
,CPI y/y,CNY,2014-02-13T20:30:00Z,High,2.4%,2.5%,2.5%,false,false
,PPI y/y,CNY,2014-02-13T20:30:00Z,None,-1.6%,-1.4%,-1.6%,false,false
,French Prelim GDP q/q,EUR,2014-02-14T01:30:00Z,None,0.2%,0.0%,0.3%,false,false
,German Prelim GDP q/q,EUR,2014-02-14T02:00:00Z,None,0.3%,0.3%,0.4%,false,false
,French Prelim Private Payrolls q/q,EUR,2014-02-14T02:45:00Z,None,-0.1%,-0.1%,0.1%,false,false
,Italian Prelim GDP q/q,EUR,2014-02-14T04:00:00Z,None,0.1%,-0.1%,0.1%,false,false
,Construction Output m/m,GBP,2014-02-14T04:30:00Z,None,2.2%,-4.0%,2.0%,false,false
,Flash GDP q/q,EUR,2014-02-14T05:00:00Z,None,0.2%,0.1%,0.3%,false,false
,Import Prices m/m,USD,2014-02-14T08:30:00Z,None,-0.1%,0.2%,0.1%,false,false
,Manufacturing Sales m/m,CAD,2014-02-14T08:30:00Z,High,0.2%,0.5%,-0.9%,false,false
,Capacity Utilization Rate,USD,2014-02-14T09:15:00Z,None,79.4%,78.9%,78.5%,false,false
,Industrial Production m/m,USD,2014-02-14T09:15:00Z,None,0.2%,0.3%,-0.3%,false,false
,Prelim UoM Inflation Expectations,USD,2014-02-14T09:55:00Z,None,,3.1%,3.3%,false,false
,Prelim UoM Consumer Sentiment,USD,2014-02-14T09:55:00Z,High,80.6,81.2,81.2,false,false
,M2 Money Supply y/y,CNY,2014-02-15T03:06:00Z,None,13.3%,13.6%,13.2%,false,false
,New Loans,CNY,2014-02-15T03:06:00Z,None,1075B,483B,1320B,false,false
,BOE Gov Carney Speaks,GBP,2014-02-16T04:00:00Z,High,,,,false,false
,BusinessNZ Services Index,NZD,2014-02-16T16:30:00Z,None,,57.4,58.1,false,false
,Retail Sales q/q,NZD,2014-02-16T16:45:00Z,High,1.7%,0.2%,1.2%,false,false
,Core Retail Sales q/q,NZD,2014-02-16T16:45:00Z,None,1.2%,-0.2%,0.7%,false,false
,Prelim GDP Price Index y/y,JPY,2014-02-16T18:50:00Z,None,-0.2%,-0.3%,-0.4%,false,false
,Prelim GDP q/q,JPY,2014-02-16T18:50:00Z,None,0.7%,0.3%,0.3%,false,false
,Rightmove HPI m/m,GBP,2014-02-16T18:52:00Z,None,,1.0%,3.3%,false,false
,New Motor Vehicle Sales m/m,AUD,2014-02-16T19:30:00Z,None,,1.4%,-3.5%,false,false
,Revised Industrial Production m/m,JPY,2014-02-16T23:30:00Z,None,1.1%,1.1%,0.9%,false,false
,Eurogroup Meetings,EUR,2014-02-17T00:00:00Z,None,,,,true,false
,Bank Holiday,CAD,2014-02-17T00:00:00Z,None,,,,true,false
,Bank Holiday,USD,2014-02-17T00:00:00Z,None,,,,true,false
,German Buba Monthly Report,EUR,2014-02-17T06:00:00Z,None,,,,false,false
,Monetary Policy Meeting Minutes,AUD,2014-02-17T19:30:00Z,High,,,,false,false
,Foreign Direct Investment ytd/y,CNY,2014-02-17T21:00:00Z,None,,5.3%,16.1%,false,false
,Monetary Policy Statement,JPY,2014-02-17T22:28:00Z,High,,,,false,false
,ECOFIN Meetings,EUR,2014-02-18T00:00:00Z,None,,,,true,false
,BOJ Press Conference,JPY,2014-02-18T02:21:00Z,High,,,,false,false
,Current Account,EUR,2014-02-18T04:00:00Z,None,19.8B,23.3B,21.3B,false,false
,Italian Trade Balance,EUR,2014-02-18T04:00:00Z,None,2.79B,3.09B,3.62B,false,false
,CPI y/y,GBP,2014-02-18T04:30:00Z,High,2.0%,2.0%,1.9%,false,false
,ONS HPI y/y,GBP,2014-02-18T04:30:00Z,None,5.8%,5.4%,5.5%,false,false
,PPI Output m/m,GBP,2014-02-18T04:30:00Z,None,0.2%,0.0%,0.3%,false,false
,Core CPI y/y,GBP,2014-02-18T04:30:00Z,None,1.9%,1.7%,1.6%,false,false
,RPI y/y,GBP,2014-02-18T04:30:00Z,None,2.7%,2.7%,2.8%,false,false
,PPI Input m/m,GBP,2014-02-18T04:30:00Z,None,-0.4%,0.2%,-0.9%,false,false
,German ZEW Economic Sentiment,EUR,2014-02-18T05:00:00Z,High,61.3,61.7,55.7,false,false
,ZEW Economic Sentiment,EUR,2014-02-18T05:00:00Z,None,73.9,73.3,68.5,false,false
,Foreign Securities Purchases,CAD,2014-02-18T08:30:00Z,None,9.97B,9.07B,-4.28B,false,false
,GDT Price Index,NZD,2014-02-18T08:30:00Z,None,,0.5%,-1.2%,false,false
,Empire State Manufacturing Index,USD,2014-02-18T08:30:00Z,None,9.9,12.5,4.5,false,false
,TIC Long-Term Purchases,USD,2014-02-18T09:00:00Z,None,28.9B,-28.0B,-45.9B,false,false
,NAHB Housing Market Index,USD,2014-02-18T10:00:00Z,None,56,56,46,false,false
,CB Leading Index m/m,AUD,2014-02-18T18:00:00Z,None,,0.2%,0.8%,false,false
,MI Leading Index m/m,AUD,2014-02-18T18:30:00Z,None,,0.1%,-0.2%,false,false
,Wage Price Index q/q,AUD,2014-02-18T19:30:00Z,None,0.7%,0.5%,0.7%,false,false
,All Industries Activity m/m,JPY,2014-02-18T23:30:00Z,None,0.2%,0.4%,-0.1%,false,false
,BOJ Monthly Report,JPY,2014-02-19T00:00:00Z,None,,,,false,false
,Claimant Count Change,GBP,2014-02-19T04:30:00Z,High,-18.3K,-27.7K,-27.6K,false,false
,MPC Asset Purchase Facility Votes,GBP,2014-02-19T04:30:00Z,High,0-0-9,0-0-9,0-0-9,false,false
,MPC Official Bank Rate Votes,GBP,2014-02-19T04:30:00Z,High,0-0-9,0-0-9,0-0-9,false,false
,Unemployment Rate,GBP,2014-02-19T04:30:00Z,High,7.1%,7.1%,7.2%,false,false
,Average Earnings Index 3m/y,GBP,2014-02-19T04:30:00Z,None,0.9%,0.9%,1.1%,false,false
,UBS Economic Expectations,CHF,2014-02-19T05:00:00Z,None,,36.4,28.7,false,false
,German 10-y Bond Auction,EUR,2014-02-19T05:34:00Z,None,,1.77|1.8,1.64|1.1,false,false
,Wholesale Sales m/m,CAD,2014-02-19T08:30:00Z,None,-0.5%,-0.2%,-1.4%,false,false
,Building Permits,USD,2014-02-19T08:30:00Z,High,0.98M,0.99M,0.94M,false,false
,PPI m/m,USD,2014-02-19T08:30:00Z,High,0.2%,0.1%,0.2%,false,false
,Core PPI m/m,USD,2014-02-19T08:30:00Z,None,0.2%,0.0%,0.2%,false,false
,Housing Starts,USD,2014-02-19T08:30:00Z,None,0.95M,1.05M,0.88M,false,false
,FOMC Meeting Minutes,USD,2014-02-19T14:00:00Z,High,,,,false,false
,PPI Input q/q,NZD,2014-02-19T16:45:00Z,High,0.9%,2.2%,-0.7%,false,false
,PPI Output q/q,NZD,2014-02-19T16:45:00Z,None,1.4%,2.4%,-0.4%,false,false
,Trade Balance,JPY,2014-02-19T18:50:00Z,None,-1.56T,-1.26T,-1.82T,false,false
,Caixin Flash Manufacturing PMI,CNY,2014-02-19T20:45:00Z,High,49.4,49.5,48.3,false,false
,Trade Balance,CHF,2014-02-20T02:00:00Z,None,1.47B,0.52B,2.59B,false,false
,German PPI m/m,EUR,2014-02-20T02:00:00Z,None,0.3%,0.1%,-0.1%,false,false
,French Final CPI m/m,EUR,2014-02-20T02:45:00Z,None,-0.3%,0.3%,-0.6%,false,false
,French Flash Manufacturing PMI,EUR,2014-02-20T03:00:00Z,High,49.6,49.3,48.5,false,false
,French Flash Services PMI,EUR,2014-02-20T03:00:00Z,None,49.5,48.9,46.9,false,false
,German Flash Manufacturing PMI,EUR,2014-02-20T03:30:00Z,High,56.4,56.5,54.7,false,false
,German Flash Services PMI,EUR,2014-02-20T03:30:00Z,None,53.4,53.1,55.4,false,false
,Flash Manufacturing PMI,EUR,2014-02-20T04:00:00Z,None,54.2,54.0,53.0,false,false
,Flash Services PMI,EUR,2014-02-20T04:00:00Z,None,51.9,51.6,51.7,false,false
,Spanish 10-y Bond Auction,EUR,2014-02-20T04:42:00Z,None,,4.10|3.6,3.56|1.9,false,false
,10-y Bond Auction,GBP,2014-02-20T05:34:00Z,None,,2.87|1.7,2.73|1.8,false,false
,CBI Industrial Order Expectations,GBP,2014-02-20T06:00:00Z,None,6,-2,3,false,false
,Core CPI m/m,USD,2014-02-20T08:30:00Z,High,0.1%,0.1%,0.1%,false,false
,Core CPI y/y,USD,2014-02-20T08:30:00Z,High,1.7%,1.7%,1.6%,false,false
,CPI y/y,USD,2014-02-20T08:30:00Z,High,1.6%,1.5%,1.6%,false,false
,Unemployment Claims,USD,2014-02-20T08:30:00Z,High,335K,339K,336K,false,false
,CPI m/m,USD,2014-02-20T08:30:00Z,None,0.1%,0.3%,0.1%,false,false
,Flash Manufacturing PMI,USD,2014-02-20T09:00:00Z,None,53.6,53.7,56.7,false,false
,Consumer Confidence,EUR,2014-02-20T10:00:00Z,None,-11,-12,-13,false,false
,Philly Fed Manufacturing Index,USD,2014-02-20T10:00:00Z,High,9.2,9.4,-6.3,false,false
,Mortgage Delinquencies,USD,2014-02-20T10:00:00Z,None,,6.41%,6.39%,false,false
,CB Leading Index m/m,USD,2014-02-20T10:00:00Z,None,0.5%,0.0%,0.3%,false,false
,Natural Gas Storage,USD,2014-02-20T10:30:00Z,None,-255B,-237B,-250B,false,false
,Crude Oil Inventories,USD,2014-02-20T11:00:00Z,None,2.1M,3.3M,1.0M,false,false
,Monetary Policy Meeting Minutes,JPY,2014-02-20T18:50:00Z,None,,,,false,false
,G20 Meetings,All,2014-02-21T00:00:00Z,High,,,,false,false
,Retail Sales m/m,GBP,2014-02-21T04:30:00Z,High,-0.9%,2.5%,-1.5%,false,false
,Public Sector Net Borrowing,GBP,2014-02-21T04:30:00Z,None,-9.3B,9.0B,-6.4B,false,false
,Core CPI m/m,CAD,2014-02-21T08:30:00Z,High,0.1%,-0.4%,0.2%,false,false
,Core Retail Sales m/m,CAD,2014-02-21T08:30:00Z,High,0.2%,0.3%,-1.4%,false,false
,CPI m/m,CAD,2014-02-21T08:30:00Z,None,0.1%,-0.2%,0.3%,false,false
,Retail Sales m/m,CAD,2014-02-21T08:30:00Z,None,-0.5%,0.5%,-1.8%,false,false
,Existing Home Sales,USD,2014-02-21T10:00:00Z,High,4.73M,4.87M,4.62M,false,false
,FOMC Member Fisher Speaks,USD,2014-02-21T13:45:00Z,None,,,,false,false
,G20 Meetings,All,2014-02-22T00:00:00Z,High,,,,false,false
,Credit Card Spending y/y,NZD,2014-02-23T21:00:00Z,None,,4.7%,9.2%,false,false
,German ifo Business Climate,EUR,2014-02-24T04:00:00Z,High,110.7,110.6,111.3,false,false
,Final CPI y/y,EUR,2014-02-24T05:00:00Z,None,0.7%,0.7%,0.8%,false,false
,Final Core CPI y/y,EUR,2014-02-24T05:00:00Z,None,0.8%,0.8%,0.8%,false,false
,Flash Services PMI,USD,2014-02-24T09:00:00Z,None,56.9,56.7,52.7,false,false
,Belgian NBB Business Climate,EUR,2014-02-24T09:12:00Z,None,-5.4,-5.6,-4.0,false,false
,SPPI y/y,JPY,2014-02-24T18:50:00Z,None,1.2%,1.1%,0.8%,false,false
,CB Leading Index m/m,CNY,2014-02-24T21:00:00Z,None,,0.8%,1.2%,false,false
,Inflation Expectations q/q,NZD,2014-02-24T21:00:00Z,None,,2.34%,2.33%,false,false
,German Final GDP q/q,EUR,2014-02-25T02:00:00Z,None,0.4%,0.4%,0.4%,false,false
,Italian Retail Sales m/m,EUR,2014-02-25T04:00:00Z,None,0.4%,0.0%,-0.3%,false,false
,High Street Lending,GBP,2014-02-25T04:30:00Z,None,47.9K,47.1K,50.0K,false,false
,CBI Realized Sales,GBP,2014-02-25T06:00:00Z,None,15,14,37,false,false
,EU Economic Forecasts,EUR,2014-02-25T07:45:00Z,None,,,,false,false
,Corporate Profits q/q,CAD,2014-02-25T08:30:00Z,None,,1.5%,0.8%,false,false
,S&P/CS Composite-20 HPI y/y,USD,2014-02-25T09:00:00Z,None,13.3%,13.7%,13.4%,false,false
,HPI m/m,USD,2014-02-25T09:00:00Z,None,0.4%,-0.1%,0.8%,false,false
,Richmond Manufacturing Index,USD,2014-02-25T09:59:00Z,None,13,12,-6,false,false
,CB Consumer Confidence,USD,2014-02-25T10:00:00Z,High,80.2,79.4,78.1,false,false
,FOMC Member Tarullo Speaks,USD,2014-02-25T10:10:00Z,None,,,,false,false
,Construction Work Done q/q,AUD,2014-02-25T19:30:00Z,None,0.4%,3.0%,-1.0%,false,false
,UBS Consumption Indicator,CHF,2014-02-26T02:00:00Z,None,,1.80,1.44,false,false
,German GfK Consumer Climate,EUR,2014-02-26T02:00:00Z,None,8.3,8.3,8.5,false,false
,MPC Member Broadbent Speaks,GBP,2014-02-26T04:25:00Z,None,,,,false,false
,Second Estimate GDP q/q,GBP,2014-02-26T04:30:00Z,High,0.7%,0.7%,0.7%,false,false
,Prelim Business Investment q/q,GBP,2014-02-26T04:30:00Z,None,2.6%,2.0%,2.4%,false,false
,Index of Services 3m/3m,GBP,2014-02-26T04:30:00Z,None,0.8%,0.9%,0.8%,false,false
,German 30-y Bond Auction,EUR,2014-02-26T05:34:00Z,None,,2.64|1.4,2.53|1.1,false,false
,New Home Sales,USD,2014-02-26T10:00:00Z,High,406K,427K,468K,false,false
,Crude Oil Inventories,USD,2014-02-26T10:30:00Z,None,1.1M,1.0M,0.1M,false,false
,Trade Balance,NZD,2014-02-26T16:45:00Z,High,230M,493M,306M,false,false
,Visitor Arrivals m/m,NZD,2014-02-26T16:45:00Z,None,,0.3%,2.6%,false,false
,Private Capital Expenditure q/q,AUD,2014-02-26T19:30:00Z,High,-1.0%,2.6%,-5.2%,false,false
,FOMC Member Pianalto Speaks,USD,2014-02-26T19:30:00Z,None,,,,false,false
,German Prelim CPI m/m,EUR,2014-02-27T00:00:00Z,None,0.6%,-0.6%,0.5%,true,false
,GDP q/q,CHF,2014-02-27T01:45:00Z,None,0.4%,0.5%,0.2%,false,false
,German Import Prices m/m,EUR,2014-02-27T02:00:00Z,None,-0.1%,0.0%,-0.1%,false,false
,Employment Level,CHF,2014-02-27T03:15:00Z,None,4.22M,4.20M,4.19M,false,false
,German Unemployment Change,EUR,2014-02-27T03:55:00Z,None,-10K,-28K,-14K,false,false
,M3 Money Supply y/y,EUR,2014-02-27T04:00:00Z,None,1.1%,1.0%,1.2%,false,false
,Private Loans y/y,EUR,2014-02-27T04:00:00Z,None,-2.2%,-2.3%,-2.2%,false,false
,Italian 10-y Bond Auction,EUR,2014-02-27T05:17:00Z,None,,3.81|1.3,3.42|1.6,false,false
,German Buba President Weidmann Speaks,EUR,2014-02-27T08:00:00Z,None,,,,false,false
,Current Account,CAD,2014-02-27T08:30:00Z,None,-16.5B,-14.8B,-16.0B,false,false
,Core Durable Goods Orders m/m,USD,2014-02-27T08:30:00Z,High,-0.1%,-1.3%,1.1%,false,false
,Unemployment Claims,USD,2014-02-27T08:30:00Z,High,333K,334K,348K,false,false
,Durable Goods Orders m/m,USD,2014-02-27T08:30:00Z,None,-0.7%,-4.2%,-1.0%,false,false
,Fed Chair Yellen Testifies,USD,2014-02-27T10:00:00Z,High,,,,false,false
,FOMC Member Fisher Speaks,USD,2014-02-27T10:30:00Z,None,,,,false,false
,Natural Gas Storage,USD,2014-02-27T10:30:00Z,None,-110B,-250B,-95B,false,false
,Building Consents m/m,NZD,2014-02-27T16:45:00Z,None,,7.1%,-8.3%,false,false
,GfK Consumer Confidence,GBP,2014-02-27T18:05:00Z,None,-6,-7,-7,false,false
,Final Manufacturing PMI,JPY,2014-02-27T18:15:00Z,None,,56.6,55.5,false,false
,Household Spending y/y,JPY,2014-02-27T18:30:00Z,None,0.5%,0.7%,1.1%,false,false
,Tokyo Core CPI y/y,JPY,2014-02-27T18:30:00Z,None,0.8%,0.7%,0.9%,false,false
,National Core CPI y/y,JPY,2014-02-27T18:30:00Z,None,1.3%,1.3%,1.3%,false,false
,Unemployment Rate,JPY,2014-02-27T18:30:00Z,None,3.7%,3.7%,3.7%,false,false
,Prelim Industrial Production m/m,JPY,2014-02-27T18:50:00Z,None,3.1%,0.9%,4.0%,false,false
,Retail Sales y/y,JPY,2014-02-27T18:50:00Z,None,3.9%,2.5%,4.4%,false,false
,ANZ Business Confidence,NZD,2014-02-27T19:00:00Z,High,,64.1,70.8,false,false
,Private Sector Credit m/m,AUD,2014-02-27T19:30:00Z,None,0.5%,0.5%,0.4%,false,false
,Housing Starts y/y,JPY,2014-02-28T00:00:00Z,None,15.3%,18.0%,12.3%,false,false
,German Retail Sales m/m,EUR,2014-02-28T02:00:00Z,None,1.2%,-1.7%,2.5%,false,false
,Nationwide HPI m/m,GBP,2014-02-28T02:00:00Z,None,0.6%,0.8%,0.6%,false,false
,French Consumer Spending m/m,EUR,2014-02-28T02:45:00Z,None,-0.8%,0.2%,-2.1%,false,false
,KOF Economic Barometer,CHF,2014-02-28T03:00:00Z,None,2.03,2.01,2.03,false,false
,Spanish Flash CPI y/y,EUR,2014-02-28T03:00:00Z,None,0.1%,0.2%,-0.1%,false,false
,Italian Monthly Unemployment Rate,EUR,2014-02-28T04:00:00Z,None,12.7%,12.7%,12.9%,false,false
,Italian Quarterly Unemployment Rate,EUR,2014-02-28T04:00:00Z,None,12.4%,12.3%,12.6%,false,false
,CPI Flash Estimate y/y,EUR,2014-02-28T05:00:00Z,High,0.7%,0.8%,0.8%,false,false
,Core CPI Flash Estimate y/y,EUR,2014-02-28T05:00:00Z,None,,0.8%,1.0%,false,false
,Unemployment Rate,EUR,2014-02-28T05:00:00Z,None,12.0%,12.0%,12.0%,false,false
,Italian Prelim CPI m/m,EUR,2014-02-28T05:00:00Z,None,0.5%,0.2%,-0.1%,false,false
,FOMC Member Fisher Speaks,USD,2014-02-28T05:00:00Z,None,,,,false,false
,GDP m/m,CAD,2014-02-28T08:30:00Z,High,-0.2%,0.2%,-0.5%,false,false
,Prelim GDP q/q,USD,2014-02-28T08:30:00Z,High,2.6%,3.2%,2.4%,false,false
,Prelim GDP Price Index q/q,USD,2014-02-28T08:30:00Z,None,1.3%,1.3%,1.6%,false,false
,Chicago PMI,USD,2014-02-28T09:45:00Z,High,57.9,59.6,59.8,false,false
,Revised UoM Consumer Sentiment,USD,2014-02-28T09:55:00Z,None,81.4,81.2,81.6,false,false
,Revised UoM Inflation Expectations,USD,2014-02-28T09:55:00Z,None,,3.3%,3.2%,false,false
,Pending Home Sales m/m,USD,2014-02-28T10:00:00Z,High,2.9%,-5.8%,0.1%,false,false
,FOMC Member Kocherlakota Speaks,USD,2014-02-28T10:15:00Z,None,,,,false,false
,FOMC Member Stein Speaks,USD,2014-02-28T10:15:00Z,None,,,,false,false
,BOE Gov Carney Speaks,GBP,2014-02-28T10:30:00Z,High,,,,false,false
,Manufacturing PMI,CNY,2014-02-28T19:59:00Z,High,50.2,50.5,50.2,false,false
,G7 Meetings,All,2014-03-02T00:00:00Z,High,,,,true,false
,Overseas Trade Index q/q,NZD,2014-03-02T16:45:00Z,None,1.9%,7.5%,2.3%,false,false
,AIG Manufacturing Index,AUD,2014-03-02T17:15:00Z,None,,46.7,48.6,false,false
,MI Inflation Gauge m/m,AUD,2014-03-02T18:30:00Z,None,,0.1%,0.2%,false,false
,Capital Spending q/y,JPY,2014-03-02T18:50:00Z,None,5.1%,1.5%,4.0%,false,false
,HIA New Home Sales m/m,AUD,2014-03-02T18:59:00Z,None,,-0.4%,0.5%,false,false
,ANZ Job Advertisements m/m,AUD,2014-03-02T19:30:00Z,None,,0.0,5.1%,false,false
,Company Operating Profits q/q,AUD,2014-03-02T19:30:00Z,None,2.3%,4.3%,1.7%,false,false
,Non-Manufacturing PMI,CNY,2014-03-02T20:00:00Z,None,,53.4,55.0,false,false
,RatingDog Manufacturing PMI,CNY,2014-03-02T20:45:00Z,High,48.5,48.3,48.5,false,false
,Total Vehicle Sales,USD,2014-03-03T00:00:00Z,None,15.3M,15.2M,15.3M,true,false
,Commodity Prices y/y,AUD,2014-03-03T00:30:00Z,None,,-9.3%,-12.1%,false,false
,Spanish Manufacturing PMI,EUR,2014-03-03T03:15:00Z,None,53.2,52.2,52.5,false,false
,Manufacturing PMI,CHF,2014-03-03T03:30:00Z,None,57.2,56.1,57.6,false,false
,Italian Manufacturing PMI,EUR,2014-03-03T03:45:00Z,None,53.7,53.1,52.3,false,false
,French Final Manufacturing PMI,EUR,2014-03-03T03:50:00Z,None,48.5,48.5,49.7,false,false
,German Final Manufacturing PMI,EUR,2014-03-03T03:55:00Z,None,54.7,54.7,54.8,false,false
,Final Manufacturing PMI,EUR,2014-03-03T04:00:00Z,None,53.2,53.0,53.2,false,false
,Final Manufacturing PMI,GBP,2014-03-03T04:30:00Z,High,56.9,56.6,56.9,false,false
,Net Lending to Individuals m/m,GBP,2014-03-03T04:30:00Z,None,2.5B,2.3B,2.1B,false,false
,M4 Money Supply m/m,GBP,2014-03-03T04:30:00Z,None,0.3%,-1.4%,0.3%,false,false
,Mortgage Approvals,GBP,2014-03-03T04:30:00Z,None,74K,73K,77K,false,false
,RMPI m/m,CAD,2014-03-03T08:30:00Z,None,2.3%,1.8%,2.6%,false,false
,IPPI m/m,CAD,2014-03-03T08:30:00Z,None,0.9%,0.6%,1.4%,false,false
,Core PCE Price Index m/m,USD,2014-03-03T08:30:00Z,None,0.1%,0.1%,0.1%,false,false
,Personal Spending m/m,USD,2014-03-03T08:30:00Z,None,0.2%,0.1%,0.4%,false,false
,Personal Income m/m,USD,2014-03-03T08:30:00Z,None,0.2%,0.0%,0.3%,false,false
,ECB President Draghi Speaks,EUR,2014-03-03T09:00:00Z,High,,,,false,false
,Final Manufacturing PMI,USD,2014-03-03T09:00:00Z,None,56.7,56.7,57.1,false,false
,Manufacturing PMI,CAD,2014-03-03T09:30:00Z,None,,51.7,52.9,false,false
,ISM Manufacturing PMI,USD,2014-03-03T10:00:00Z,High,52.3,51.3,53.2,false,false
,Construction Spending m/m,USD,2014-03-03T10:00:00Z,None,0.0%,1.5%,0.1%,false,false
,ISM Manufacturing Prices,USD,2014-03-03T10:00:00Z,None,57.2,60.5,60.0,false,false
,Monetary Base y/y,JPY,2014-03-03T18:50:00Z,None,54.2%,51.9%,55.7%,false,false
,ANZ Commodity Prices m/m,NZD,2014-03-03T19:00:00Z,None,,1.2%,0.9%,false,false
,Building Approvals m/m,AUD,2014-03-03T19:30:00Z,High,0.7%,-1.3%,6.8%,false,false
,Current Account,AUD,2014-03-03T19:30:00Z,None,-10.1B,-12.5B,-10.1B,false,false
,Average Cash Earnings y/y,JPY,2014-03-03T20:30:00Z,None,0.3%,0.5%,-0.2%,false,false
,Cash Rate,AUD,2014-03-03T22:30:00Z,High,2.50%,2.50%,2.50%,false,false
,RBA Rate Statement,AUD,2014-03-03T22:30:00Z,High,,,,false,false
,10-y Bond Auction,JPY,2014-03-03T22:45:00Z,None,,0.60|3.2,0.60|3.5,false,false
,Spanish Unemployment Change,EUR,2014-03-04T03:00:00Z,None,74.2K,113.1K,-1.9K,false,false
,Construction PMI,GBP,2014-03-04T04:30:00Z,High,63.6,64.6,62.6,false,false
,PPI m/m,EUR,2014-03-04T05:00:00Z,None,0.0%,0.2%,-0.3%,false,false
,MPC Member Cunliffe Speaks,GBP,2014-03-04T05:30:00Z,None,,,,false,false
,GDT Price Index,NZD,2014-03-04T08:30:00Z,None,,-1.2%,-4.0%,false,false
,RCM/TIPP Economic Optimism,USD,2014-03-04T10:00:00Z,None,45.6,44.9,45.1,false,false
,AIG Services Index,AUD,2014-03-04T17:15:00Z,None,,49.3,55.2,false,false
,BRC Shop Price Index y/y,GBP,2014-03-04T19:01:00Z,None,,-1.0%,-1.4%,false,false
,GDP q/q,AUD,2014-03-04T19:30:00Z,High,0.7%,0.6%,0.8%,false,false
,RatingDog Services PMI,CNY,2014-03-04T20:45:00Z,None,,50.7,51.0,false,false
,Spanish Services PMI,EUR,2014-03-05T03:15:00Z,None,55.3,54.9,53.7,false,false
,Italian Services PMI,EUR,2014-03-05T03:45:00Z,None,50.6,49.4,52.9,false,false
,French Final Services PMI,EUR,2014-03-05T03:50:00Z,None,46.9,46.9,47.2,false,false
,German Final Services PMI,EUR,2014-03-05T03:55:00Z,None,55.4,55.4,55.9,false,false
,Final Services PMI,EUR,2014-03-05T04:00:00Z,None,51.7,51.7,52.6,false,false
,Final Services PMI,GBP,2014-03-05T04:30:00Z,High,58.0,58.3,58.2,false,false
,Revised GDP q/q,EUR,2014-03-05T05:00:00Z,None,0.3%,0.3%,0.3%,false,false
,Retail Sales m/m,EUR,2014-03-05T05:00:00Z,None,0.9%,-1.3%,1.6%,false,false
,ADP Non-Farm Employment Change,USD,2014-03-05T08:15:00Z,High,159K,127K,139K,false,false
,Final Services PMI,USD,2014-03-05T09:00:00Z,None,52.7,52.7,53.3,false,false
,ISM Services PMI,USD,2014-03-05T09:57:00Z,High,53.8,54.0,51.6,false,false
,BOC Rate Statement,CAD,2014-03-05T10:00:00Z,High,,,,false,false
,Overnight Rate,CAD,2014-03-05T10:00:00Z,High,1.00%,1.00%,1.00%,false,false
,Crude Oil Inventories,USD,2014-03-05T10:30:00Z,None,0.9M,0.1M,1.4M,false,false
,Beige Book,USD,2014-03-05T14:00:00Z,None,,,,false,false
,FOMC Member Fisher Speaks,USD,2014-03-05T19:00:00Z,None,,,,false,false
,Goods Trade Balance,AUD,2014-03-05T19:30:00Z,High,0.11B,0.59B,1.43B,false,false
,Retail Sales m/m,AUD,2014-03-05T19:30:00Z,High,0.5%,0.7%,1.2%,false,false
,Gov Council Member Macklem Speaks,CAD,2014-03-05T20:15:00Z,None,,,,false,false
,30-y Bond Auction,JPY,2014-03-05T22:45:00Z,None,,1.59|3.4,1.64|4.3,false,false
,Lloyds HPI m/m,GBP,2014-03-06T02:59:00Z,None,0.6%,1.2%,2.4%,false,false
,Retail PMI,EUR,2014-03-06T04:10:00Z,None,,50.5,48.5,false,false
,Spanish 10-y Bond Auction,EUR,2014-03-06T04:45:00Z,None,,3.56|1.9,3.34|2.8,false,false
,French 10-y Bond Auction,EUR,2014-03-06T05:00:00Z,None,,2.25|2.1,2.20|2.1,false,false
,German Factory Orders m/m,EUR,2014-03-06T06:00:00Z,None,1.1%,-0.2%,1.2%,false,false
,Asset Purchase Facility,GBP,2014-03-06T07:00:00Z,High,375B,375B,375B,false,false
,Official Bank Rate,GBP,2014-03-06T07:00:00Z,High,0.50%,0.50%,0.50%,false,false
,Challenger Job Cuts y/y,USD,2014-03-06T07:30:00Z,None,,11.6%,-24.4%,false,false
,Main Refinancing Rate,EUR,2014-03-06T07:45:00Z,High,0.25%,0.25%,0.25%,false,false
,FOMC Member Dudley Speaks,USD,2014-03-06T08:15:00Z,High,,,,false,false
,Building Permits m/m,CAD,2014-03-06T08:30:00Z,High,1.9%,-4.8%,8.5%,false,false
,ECB Press Conference,EUR,2014-03-06T08:30:00Z,High,,,,false,false
,Unemployment Claims,USD,2014-03-06T08:30:00Z,High,336K,349K,323K,false,false
,Revised Nonfarm Productivity q/q,USD,2014-03-06T08:30:00Z,None,2.6%,3.2%,1.8%,false,false
,Revised Unit Labor Costs q/q,USD,2014-03-06T08:30:00Z,None,-1.0%,-1.6%,-0.1%,false,false
,Ivey PMI,CAD,2014-03-06T10:00:00Z,High,56.7,56.8,57.2,false,false
,Factory Orders m/m,USD,2014-03-06T10:00:00Z,None,-0.4%,-2.0%,-0.7%,false,false
,Natural Gas Storage,USD,2014-03-06T10:30:00Z,None,-134B,-95B,-152B,false,false
,Gov Council Member Murray Speaks,CAD,2014-03-06T11:30:00Z,None,,,,false,false
,FOMC Member Plosser Speaks,USD,2014-03-06T13:00:00Z,None,,,,false,false
,AIG Construction Index,AUD,2014-03-06T17:17:00Z,None,,48.2,44.2,false,false
,RBA Gov Stevens Speaks,AUD,2014-03-06T17:30:00Z,High,,,,false,false
,Leading Indicators,JPY,2014-03-07T00:00:00Z,None,112.4%,111.7%,112.2%,false,false
,Unemployment Rate,CHF,2014-03-07T01:45:00Z,None,3.2%,3.2%,3.2%,false,false
,German WPI m/m,EUR,2014-03-07T02:00:00Z,None,0.6%,0.3%,-0.1%,false,false
,French Gov Budget Balance,EUR,2014-03-07T02:45:00Z,None,,-74.9B,-12.7B,false,false
,French Trade Balance,EUR,2014-03-07T02:45:00Z,None,-5.3B,-5.2B,-5.7B,false,false
,Foreign Currency Reserves,CHF,2014-03-07T03:00:00Z,None,,438B,434B,false,false
,CPI m/m,CHF,2014-03-07T03:15:00Z,None,0.4%,-0.3%,0.1%,false,false
,Consumer Inflation Expectations,GBP,2014-03-07T04:30:00Z,None,,3.6%,2.8%,false,false
,German Industrial Production m/m,EUR,2014-03-07T06:00:00Z,None,0.7%,0.1%,0.8%,false,false
,Unemployment Rate,CAD,2014-03-07T08:30:00Z,High,7.0%,7.0%,7.0%,false,false
,Trade Balance,CAD,2014-03-07T08:30:00Z,High,-1.6B,-0.9B,-0.2B,false,false
,Employment Change,CAD,2014-03-07T08:30:00Z,High,16.9K,29.4K,-7.0K,false,false
,Labor Productivity q/q,CAD,2014-03-07T08:30:00Z,None,0.6%,0.3%,1.0%,false,false
,Non-Farm Employment Change,USD,2014-03-07T08:30:00Z,High,151K,129K,175K,false,false
,Trade Balance,USD,2014-03-07T08:30:00Z,High,-39.1B,-39.0B,-39.1B,false,false
,Unemployment Rate,USD,2014-03-07T08:30:00Z,High,6.6%,6.6%,6.7%,false,false
,Average Hourly Earnings m/m,USD,2014-03-07T08:30:00Z,None,0.2%,0.2%,0.4%,false,false
,FOMC Member Dudley Speaks,USD,2014-03-07T12:00:00Z,None,,,,false,false
,Consumer Credit m/m,USD,2014-03-07T15:00:00Z,None,14.6B,15.9B,13.7B,false,false
,USD-Denominated Trade Balance,CNY,2014-03-07T21:02:00Z,High,13.2B,31.9B,-23.0B,false,false
,CPI y/y,CNY,2014-03-08T20:30:00Z,High,2.1%,2.5%,2.0%,false,false
,PPI y/y,CNY,2014-03-08T20:30:00Z,None,-1.9%,-1.6%,-2.0%,false,false
,Daylight Saving Time Shift,CAD,2014-03-09T03:00:00Z,None,,,,false,false
,Daylight Saving Time Shift,USD,2014-03-09T03:00:00Z,None,,,,false,false
,Manufacturing Sales q/q,NZD,2014-03-09T17:45:00Z,None,,6.2%,6.3%,false,false
,Current Account,JPY,2014-03-09T19:50:00Z,None,-0.59T,0.07T,-0.59T,false,false
,Final GDP q/q,JPY,2014-03-09T19:50:00Z,None,0.2%,0.3%,0.2%,false,false
,Bank Lending y/y,JPY,2014-03-09T19:50:00Z,None,,2.3%,2.2%,false,false
,Final GDP Price Index y/y,JPY,2014-03-09T19:50:00Z,None,-0.4%,-0.4%,-0.3%,false,false
,Eurogroup Meetings,EUR,2014-03-10T00:00:00Z,None,,,,true,false
,Economy Watchers Sentiment,JPY,2014-03-10T01:00:00Z,None,54.3,54.7,53.0,false,false
,French Industrial Production m/m,EUR,2014-03-10T03:45:00Z,None,0.6%,-0.6%,-0.2%,false,false
,M2 Money Supply y/y,CNY,2014-03-10T04:03:00Z,None,13.2%,13.2%,13.3%,false,false
,New Loans,CNY,2014-03-10T04:03:00Z,None,730B,1320B,645B,false,false
,Retail Sales y/y,CHF,2014-03-10T04:15:00Z,None,2.7%,2.5%,0.3%,false,false
,Italian Industrial Production m/m,EUR,2014-03-10T05:00:00Z,None,0.4%,-0.8%,1.0%,false,false
,Sentix Investor Confidence,EUR,2014-03-10T05:30:00Z,None,14.3,13.3,13.9,false,false
,FOMC Member Plosser Speaks,USD,2014-03-10T06:15:00Z,None,,,,false,false
,Housing Starts,CAD,2014-03-10T08:12:00Z,None,190K,180K,192K,false,false
,MPC Member Bean Speaks,GBP,2014-03-10T10:15:00Z,None,,,,false,false
,REINZ HPI m/m,NZD,2014-03-10T15:59:00Z,None,,-2.4%,2.1%,false,false
,M2 Money Stock y/y,JPY,2014-03-10T19:50:00Z,None,4.4%,4.3%,4.0%,false,false
,BRC Retail Sales Monitor y/y,GBP,2014-03-10T20:01:00Z,None,,3.9%,-1.0%,false,false
,NAB Business Confidence,AUD,2014-03-10T20:30:00Z,High,,9,7,false,false
,Monetary Policy Statement,JPY,2014-03-10T23:00:00Z,High,,,,false,false
,ECOFIN Meetings,EUR,2014-03-11T00:00:00Z,None,,,,true,false
,Prelim Machine Tool Orders y/y,JPY,2014-03-11T02:00:00Z,None,,40.3%,26.0%,false,false
,German Trade Balance,EUR,2014-03-11T03:00:00Z,None,19.3B,18.3B,17.2B,false,false
,BOJ Press Conference,JPY,2014-03-11T03:26:00Z,High,,,,false,false
,Manufacturing Production m/m,GBP,2014-03-11T05:30:00Z,High,0.3%,0.4%,0.4%,false,false
,Monetary Policy Report Hearings,GBP,2014-03-11T05:30:00Z,High,,,,false,false
,Industrial Production m/m,GBP,2014-03-11T05:30:00Z,None,0.3%,0.5%,0.1%,false,false
,10-y Bond Auction,GBP,2014-03-11T06:35:00Z,None,,2.73|1.8,2.93|2.2,false,false
,NFIB Small Business Index,USD,2014-03-11T07:30:00Z,None,95.3,94.1,91.4,false,false
,JOLTS Job Openings,USD,2014-03-11T10:00:00Z,High,4.02M,3.91M,3.97M,false,false
,Final Wholesale Inventories m/m,USD,2014-03-11T10:00:00Z,None,0.5%,0.4%,0.6%,false,false
,NIESR GDP Estimate,GBP,2014-03-11T11:00:00Z,None,,0.7%,0.8%,false,false
,Westpac Consumer Sentiment,AUD,2014-03-11T19:30:00Z,None,,-3.0%,-0.7%,false,false
,PPI y/y,JPY,2014-03-11T19:50:00Z,None,2.2%,2.5%,1.8%,false,false
,Tertiary Industry Activity m/m,JPY,2014-03-11T19:50:00Z,None,0.7%,-0.5%,0.9%,false,false
,BSI Manufacturing Index,JPY,2014-03-11T19:50:00Z,None,11.3,9.7,12.5,false,false
,Home Loans m/m,AUD,2014-03-11T20:30:00Z,None,0.8%,-3.3%,0.0%,false,false
,G7 Meetings,All,2014-03-12T00:00:00Z,High,,,,true,false
,BOJ Monthly Report,JPY,2014-03-12T01:00:00Z,None,,,,false,false
,Consumer Confidence,JPY,2014-03-12T01:00:00Z,None,40.3,40.5,38.3,false,false
,French Final Private Payrolls q/q,EUR,2014-03-12T02:30:00Z,None,0.1%,0.1%,0.1%,false,false
,Trade Balance,EUR,2014-03-12T06:00:00Z,None,14.5B,16.0B,13.7B,false,false
,Industrial Production m/m,EUR,2014-03-12T06:00:00Z,None,0.6%,-0.4%,-0.2%,false,false
,Crude Oil Inventories,USD,2014-03-12T10:30:00Z,None,2.1M,1.4M,6.2M,false,false
,10-y Bond Auction,USD,2014-03-12T13:01:00Z,None,,2.80|2.5,2.73|2.9,false,false
,Treasury Sec Lew Speaks,USD,2014-03-12T14:00:00Z,None,,,,false,false
,Official Cash Rate,NZD,2014-03-12T16:00:00Z,High,2.75%,2.50%,2.75%,false,false
,RBNZ Monetary Policy Statement,NZD,2014-03-12T16:00:00Z,High,,,,false,false
,RBNZ Press Conference,NZD,2014-03-12T16:00:00Z,High,,,,false,false
,RBNZ Rate Statement,NZD,2014-03-12T16:00:00Z,High,,,,false,false
,FPI m/m,NZD,2014-03-12T17:45:00Z,None,,1.2%,-1.0%,false,false
,Core Machinery Orders m/m,JPY,2014-03-12T19:50:00Z,None,7.3%,-15.7%,13.4%,false,false
,MI Inflation Expectations,AUD,2014-03-12T20:00:00Z,None,,2.3%,2.1%,false,false
,RICS House Price Balance,GBP,2014-03-12T20:01:00Z,None,52%,52%,45%,false,false
,Employment Change,AUD,2014-03-12T20:30:00Z,High,15.3K,18.0K,47.3K,false,false
,Unemployment Rate,AUD,2014-03-12T20:30:00Z,High,6.0%,6.0%,6.0%,false,false
,RBNZ Gov Wheeler Speaks,NZD,2014-03-12T21:10:00Z,High,,,,false,false
,Industrial Production y/y,CNY,2014-03-13T01:47:00Z,High,9.5%,9.7%,8.6%,false,false
,Fixed Asset Investment ytd/y,CNY,2014-03-13T01:47:00Z,None,19.5%,19.6%,17.9%,false,false
,Retail Sales y/y,CNY,2014-03-13T01:47:00Z,None,13.5%,13.6%,11.8%,false,false
,French Final CPI m/m,EUR,2014-03-13T03:45:00Z,None,0.4%,-0.6%,0.6%,false,false
,ECB Monthly Bulletin,EUR,2014-03-13T05:00:00Z,None,,,,false,false
,NHPI m/m,CAD,2014-03-13T08:30:00Z,None,0.3%,0.1%,0.3%,false,false
,Capacity Utilization Rate,CAD,2014-03-13T08:30:00Z,None,82.3%,81.2%,82.0%,false,false
,Core Retail Sales m/m,USD,2014-03-13T08:30:00Z,High,0.2%,-0.3%,0.3%,false,false
,Retail Sales m/m,USD,2014-03-13T08:30:00Z,High,0.3%,-0.6%,0.3%,false,false
,Unemployment Claims,USD,2014-03-13T08:30:00Z,High,334K,324K,315K,false,false
,Import Prices m/m,USD,2014-03-13T08:30:00Z,None,0.6%,0.4%,0.9%,false,false
,Business Inventories m/m,USD,2014-03-13T10:00:00Z,None,0.4%,0.5%,0.4%,false,false
,Fed Gov Nomination Hearings,USD,2014-03-13T10:00:00Z,None,,,,false,false
,Natural Gas Storage,USD,2014-03-13T10:30:00Z,None,-199B,-152B,-195B,false,false
,30-y Bond Auction,USD,2014-03-13T13:01:00Z,None,,3.69|2.3,3.63|2.4,false,false
,Federal Budget Balance,USD,2014-03-13T13:52:00Z,None,-223.2B,-10.4B,-193.5B,false,false
,BusinessNZ Manufacturing Index,NZD,2014-03-13T17:30:00Z,None,,56.3,56.2,false,false
,Monetary Policy Meeting Minutes,JPY,2014-03-13T19:50:00Z,None,,,,false,false
,Revised Industrial Production m/m,JPY,2014-03-14T00:30:00Z,None,4.0%,4.0%,3.8%,false,false
,German Final CPI m/m,EUR,2014-03-14T03:00:00Z,None,0.5%,0.5%,0.5%,false,false
,PPI m/m,CHF,2014-03-14T04:15:00Z,None,0.3%,0.0%,-0.4%,false,false
,Goods Trade Balance,GBP,2014-03-14T05:30:00Z,None,-8.7B,-7.7B,-9.8B,false,false
,Construction Output m/m,GBP,2014-03-14T05:30:00Z,None,1.4%,2.0%,1.8%,false,false
,CB Leading Index m/m,GBP,2014-03-14T06:00:00Z,None,,-0.1%,0.7%,false,false
,Final Employment Change q/q,EUR,2014-03-14T06:00:00Z,None,0.0%,0.0%,0.1%,false,false
,Core PPI m/m,USD,2014-03-14T08:30:00Z,None,0.1%,0.2%,-0.2%,false,false
,PPI m/m,USD,2014-03-14T08:30:00Z,High,0.2%,0.2%,-0.1%,false,false
,Prelim UoM Consumer Sentiment,USD,2014-03-14T09:55:00Z,High,81.9,81.6,79.9,false,false
,Prelim UoM Inflation Expectations,USD,2014-03-14T09:55:00Z,None,,3.2%,3.2%,false,false
,Westpac Consumer Sentiment,NZD,2014-03-16T17:00:00Z,None,,120.1,121.7,false,false
,BusinessNZ Services Index,NZD,2014-03-16T17:30:00Z,None,,57.7,53.1,false,false
,Rightmove HPI m/m,GBP,2014-03-16T19:04:00Z,None,,3.3%,1.6%,false,false
,New Motor Vehicle Sales m/m,AUD,2014-03-16T20:30:00Z,None,,-4.0%,0.1%,false,false
,MPC Member Cunliffe Speaks,GBP,2014-03-17T05:30:00Z,None,,,,false,false
,Final Core CPI y/y,EUR,2014-03-17T06:00:00Z,None,1.0%,1.0%,1.0%,false,false
,Final CPI y/y,EUR,2014-03-17T06:00:00Z,None,0.8%,0.8%,0.7%,false,false
,Empire State Manufacturing Index,USD,2014-03-17T08:30:00Z,None,6.6,4.5,5.6,false,false
,Foreign Securities Purchases,CAD,2014-03-17T08:30:00Z,None,3.24B,-4.28B,1.09B,false,false
,Industrial Production m/m,USD,2014-03-17T09:15:00Z,None,0.2%,-0.2%,0.6%,false,false
,Capacity Utilization Rate,USD,2014-03-17T09:15:00Z,None,78.7%,78.5%,78.8%,false,false
,NAHB Housing Market Index,USD,2014-03-17T10:00:00Z,None,50,46,47,false,false
,German Buba President Weidmann Speaks,EUR,2014-03-17T11:00:00Z,None,,,,false,false
,Monetary Policy Meeting Minutes,AUD,2014-03-17T20:30:00Z,High,,,,false,false
,Foreign Direct Investment ytd/y,CNY,2014-03-17T22:23:00Z,None,,16.1%,10.4%,false,false
,SECO Economic Forecasts,CHF,2014-03-18T02:45:00Z,None,,,,false,false
,German WPI m/m,EUR,2014-03-18T03:00:00Z,None,0.2%,-0.1%,-0.1%,false,false
,Italian Trade Balance,EUR,2014-03-18T05:00:00Z,None,2.47B,3.61B,0.37B,false,false
,German Constitutional Court Ruling,EUR,2014-03-18T05:15:00Z,None,,,,false,false
,ZEW Economic Sentiment,EUR,2014-03-18T06:00:00Z,None,67.3,68.5,61.5,false,false
,German ZEW Economic Sentiment,EUR,2014-03-18T06:00:00Z,High,52.8,55.7,46.6,false,false
,Core CPI m/m,USD,2014-03-18T08:30:00Z,High,0.1%,0.1%,0.1%,false,false
,Housing Starts,USD,2014-03-18T08:30:00Z,None,0.92M,0.91M,0.91M,false,false
,Manufacturing Sales m/m,CAD,2014-03-18T08:30:00Z,High,1.1%,-1.5%,1.5%,false,false
,Building Permits,USD,2014-03-18T08:30:00Z,High,0.97M,0.95M,1.02M,false,false
,Core CPI y/y,USD,2014-03-18T08:30:00Z,High,1.6%,1.6%,1.6%,false,false
,CPI y/y,USD,2014-03-18T08:30:00Z,High,1.2%,1.6%,1.1%,false,false
,CPI m/m,USD,2014-03-18T08:30:00Z,None,0.1%,0.1%,0.1%,false,false
,TIC Long-Term Purchases,USD,2014-03-18T09:00:00Z,None,23.4B,-45.9B,7.3B,false,false
,GDT Price Index,NZD,2014-03-18T09:30:00Z,None,,-4.0%,-5.2%,false,false
,BOC Gov Poloz Speaks,CAD,2014-03-18T11:55:00Z,High,,,,false,false
,BOE Gov Carney Speaks,GBP,2014-03-18T13:45:00Z,High,,,,false,false
,Current Account,NZD,2014-03-18T17:45:00Z,None,-1.44B,-4.88B,-1.43B,false,false
,MI Leading Index m/m,AUD,2014-03-18T19:30:00Z,None,,-0.1%,-0.1%,false,false
,Trade Balance,JPY,2014-03-18T19:50:00Z,None,-0.89T,-1.76T,-1.13T,false,false
,All Industries Activity m/m,JPY,2014-03-19T00:30:00Z,None,1.3%,-0.3%,1.0%,false,false
,BOJ Gov Kuroda Speaks,JPY,2014-03-19T01:00:00Z,High,,,,false,false
,Claimant Count Change,GBP,2014-03-19T05:30:00Z,High,-23.3K,-33.9K,-34.6K,false,false
,MPC Asset Purchase Facility Votes,GBP,2014-03-19T05:30:00Z,High,0-0-9,0-0-9,0-0-9,false,false
,MPC Official Bank Rate Votes,GBP,2014-03-19T05:30:00Z,High,0-0-9,0-0-9,0-0-9,false,false
,Unemployment Rate,GBP,2014-03-19T05:30:00Z,High,7.2%,7.2%,7.2%,false,false
,Average Earnings Index 3m/y,GBP,2014-03-19T05:30:00Z,None,1.3%,1.2%,1.4%,false,false
,UBS Economic Expectations,CHF,2014-03-19T06:00:00Z,None,,28.7,19.0,false,false
,German 10-y Bond Auction,EUR,2014-03-19T06:43:00Z,None,,1.64|1.1,1.58|1.6,false,false
,Annual Budget Release,GBP,2014-03-19T08:30:00Z,High,,,,false,false
,Wholesale Sales m/m,CAD,2014-03-19T08:30:00Z,None,1.2%,-1.3%,0.8%,false,false
,Current Account,USD,2014-03-19T08:30:00Z,None,-88B,-96B,-81B,false,false
,Crude Oil Inventories,USD,2014-03-19T10:30:00Z,None,2.4M,6.2M,5.9M,false,false
,SNB Chairman Jordan Speaks,CHF,2014-03-19T13:45:00Z,High,,,,false,false
,FOMC Economic Projections,USD,2014-03-19T14:00:00Z,High,,,,false,false
,Federal Funds Rate,USD,2014-03-19T14:00:00Z,None,<0.25%,<0.25%,<0.25%,false,false
,FOMC Statement,USD,2014-03-19T14:00:00Z,High,,,,false,false
,FOMC Press Conference,USD,2014-03-19T14:30:00Z,High,,,,false,false
,GDP q/q,NZD,2014-03-19T17:45:00Z,High,1.0%,1.2%,0.9%,false,false
,RBA Bulletin,AUD,2014-03-19T20:30:00Z,None,,,,false,false
,EU Economic Summit,EUR,2014-03-20T00:00:00Z,None,,,,false,false
,Bank Holiday,JPY,2014-03-20T00:00:00Z,None,,,,true,false
,German PPI m/m,EUR,2014-03-20T03:00:00Z,None,0.2%,-0.1%,0.0%,false,false
,Trade Balance,CHF,2014-03-20T03:00:00Z,None,2.47B,2.55B,2.62B,false,false
,BOJ Gov Kuroda Speaks,JPY,2014-03-20T03:15:00Z,High,,,,false,false
,SNB Monetary Policy Assessment,CHF,2014-03-20T04:30:00Z,High,,,,false,false
,Libor Rate,CHF,2014-03-20T04:30:00Z,High,<0.25%,<0.25%,<0.25%,false,false
,CBI Industrial Order Expectations,GBP,2014-03-20T07:00:00Z,None,5,3,6,false,false
,Unemployment Claims,USD,2014-03-20T08:30:00Z,High,327K,315K,320K,false,false
,CB Leading Index m/m,USD,2014-03-20T10:00:00Z,None,0.3%,0.1%,0.5%,false,false
,Philly Fed Manufacturing Index,USD,2014-03-20T10:00:00Z,High,4.2,-6.3,9.0,false,false
,Existing Home Sales,USD,2014-03-20T10:00:00Z,High,4.65M,4.62M,4.60M,false,false
,Natural Gas Storage,USD,2014-03-20T10:30:00Z,None,-58B,-195B,-48B,false,false
,MPC Member Weale Speaks,GBP,2014-03-20T12:30:00Z,None,,,,false,false
,Bank Stress Test Results,USD,2014-03-20T16:00:00Z,None,,,,false,false
,Visitor Arrivals m/m,NZD,2014-03-20T17:45:00Z,None,,2.8%,2.2%,false,false
,CB Leading Index m/m,AUD,2014-03-20T19:00:00Z,None,,0.8%,0.2%,false,false
,Credit Card Spending y/y,NZD,2014-03-20T22:00:00Z,None,,9.4%,5.9%,false,false
,EU Economic Summit,EUR,2014-03-21T00:00:00Z,None,,,,false,false
,Current Account,EUR,2014-03-21T05:00:00Z,None,18.4B,20.0B,25.3B,false,false
,Public Sector Net Borrowing,GBP,2014-03-21T05:30:00Z,None,7.8B,-6.8B,7.5B,false,false
,Core Retail Sales m/m,CAD,2014-03-21T08:30:00Z,High,0.9%,-1.5%,1.0%,false,false
,CPI m/m,CAD,2014-03-21T08:30:00Z,None,0.6%,0.3%,0.8%,false,false
,Retail Sales m/m,CAD,2014-03-21T08:30:00Z,None,0.8%,-1.9%,1.3%,false,false
,Core CPI m/m,CAD,2014-03-21T08:30:00Z,High,0.5%,0.2%,0.7%,false,false
,Consumer Confidence,EUR,2014-03-21T11:00:00Z,None,-12,-13,-9,false,false
,FOMC Member Fisher Speaks,USD,2014-03-21T13:45:00Z,High,,,,false,false
,FOMC Member Kocherlakota Speaks,USD,2014-03-21T16:30:00Z,None,,,,false,false
,MPC Member Dale Speaks,GBP,2014-03-21T16:30:00Z,None,,,,false,false
,FOMC Member Stein Speaks,USD,2014-03-21T18:30:00Z,None,,,,false,false
,BOJ Gov Kuroda Speaks,JPY,2014-03-22T12:30:00Z,High,,,,false,false
,Caixin Flash Manufacturing PMI,CNY,2014-03-23T21:45:00Z,High,48.7,48.5,48.1,false,false
,G7 Meetings,All,2014-03-24T00:00:00Z,High,,,,true,false
,French Flash Services PMI,EUR,2014-03-24T04:00:00Z,None,47.9,47.2,51.4,false,false
,French Flash Manufacturing PMI,EUR,2014-03-24T04:00:00Z,High,49.8,49.7,51.9,false,false
,German Flash Services PMI,EUR,2014-03-24T04:30:00Z,None,55.8,55.9,54.0,false,false
,German Flash Manufacturing PMI,EUR,2014-03-24T04:30:00Z,High,54.7,54.8,53.8,false,false
,Flash Manufacturing PMI,EUR,2014-03-24T05:00:00Z,None,53.2,53.2,53.0,false,false
,Flash Services PMI,EUR,2014-03-24T05:00:00Z,None,52.6,52.6,52.4,false,false
,German Buba Monthly Report,EUR,2014-03-24T07:00:00Z,None,,,,false,false
,Flash Manufacturing PMI,USD,2014-03-24T09:45:00Z,None,56.6,57.1,55.5,false,false
,Belgian NBB Business Climate,EUR,2014-03-24T10:00:00Z,None,-5.1,-4.0,-4.4,false,false
,Gov Council Member Lane Speaks,CAD,2014-03-24T12:30:00Z,None,,,,false,false
,CB Leading Index m/m,CNY,2014-03-24T22:00:00Z,None,,0.3%,0.9%,false,false
,RBA Deputy Gov Lowe Speaks,AUD,2014-03-25T00:45:00Z,None,,,,false,false
,German ifo Business Climate,EUR,2014-03-25T05:00:00Z,High,110.9,111.3,110.7,false,false
,RPI y/y,GBP,2014-03-25T05:30:00Z,None,2.6%,2.8%,2.7%,false,false
,PPI Output m/m,GBP,2014-03-25T05:30:00Z,None,0.2%,0.3%,0.0%,false,false
,CPI y/y,GBP,2014-03-25T05:30:00Z,High,1.7%,1.9%,1.7%,false,false
,High Street Lending,GBP,2014-03-25T05:30:00Z,None,50.0K,49.3K,47.6K,false,false
,PPI Input m/m,GBP,2014-03-25T05:30:00Z,None,0.4%,-0.9%,-0.4%,false,false
,Core CPI y/y,GBP,2014-03-25T05:30:00Z,None,1.6%,1.6%,1.7%,false,false
,ONS HPI y/y,GBP,2014-03-25T05:30:00Z,None,5.7%,5.5%,6.8%,false,false
,CBI Realized Sales,GBP,2014-03-25T07:00:00Z,None,30,37,13,false,false
,S&P/CS Composite-20 HPI y/y,USD,2014-03-25T09:00:00Z,None,13.3%,13.4%,13.2%,false,false
,HPI m/m,USD,2014-03-25T09:00:00Z,None,0.7%,0.7%,0.5%,false,false
,Richmond Manufacturing Index,USD,2014-03-25T09:59:00Z,None,-1,-6,-7,false,false
,CB Consumer Confidence,USD,2014-03-25T10:00:00Z,High,78.7,78.3,82.3,false,false
,New Home Sales,USD,2014-03-25T10:00:00Z,High,447K,455K,440K,false,false
,ECB President Draghi Speaks,EUR,2014-03-25T12:00:00Z,High,,,,false,false
,German Buba President Weidmann Speaks,EUR,2014-03-25T12:30:00Z,None,,,,false,false
,RBA Deputy Gov Lowe Speaks,AUD,2014-03-25T18:30:00Z,None,,,,false,false
,FOMC Member Plosser Speaks,USD,2014-03-25T19:00:00Z,None,,,,false,false
,SPPI y/y,JPY,2014-03-25T19:50:00Z,None,0.8%,0.7%,0.7%,false,false
,RBA Financial Stability Review,AUD,2014-03-25T20:30:00Z,None,,,,false,false
,RBA Gov Stevens Speaks,AUD,2014-03-25T23:30:00Z,High,,,,false,false
,German GfK Consumer Climate,EUR,2014-03-26T03:00:00Z,None,8.5,8.5,8.5,false,false
,UBS Consumption Indicator,CHF,2014-03-26T03:00:00Z,None,,1.49,1.57,false,false
,Italian Retail Sales m/m,EUR,2014-03-26T05:00:00Z,None,0.4%,-0.3%,0.0%,false,false
,Durable Goods Orders m/m,USD,2014-03-26T08:30:00Z,None,1.1%,-1.3%,2.2%,false,false
,Core Durable Goods Orders m/m,USD,2014-03-26T08:30:00Z,High,0.3%,0.9%,0.2%,false,false
,Flash Services PMI,USD,2014-03-26T09:45:00Z,None,54.2,53.3,55.5,false,false
,SNB Quarterly Bulletin,CHF,2014-03-26T10:00:00Z,None,,,,false,false
,Crude Oil Inventories,USD,2014-03-26T10:30:00Z,None,2.9M,5.9M,6.6M,false,false
,Bank Stress Test Results,USD,2014-03-26T16:00:00Z,None,,,,false,false
,Trade Balance,NZD,2014-03-26T17:45:00Z,High,595M,286M,818M,false,false
,Private Loans y/y,EUR,2014-03-27T05:00:00Z,None,-2.1%,-2.3%,-2.2%,false,false
,M3 Money Supply y/y,EUR,2014-03-27T05:00:00Z,None,1.3%,1.2%,1.3%,false,false
,Retail Sales m/m,GBP,2014-03-27T05:30:00Z,High,0.5%,-2.0%,1.7%,false,false
,FPC Statement,GBP,2014-03-27T05:30:00Z,None,,,,false,false
,Unemployment Claims,USD,2014-03-27T08:30:00Z,High,326K,321K,311K,false,false
,Final GDP q/q,USD,2014-03-27T08:30:00Z,None,2.7%,2.4%,2.6%,false,false
,FOMC Member Pianalto Speaks,USD,2014-03-27T08:30:00Z,None,,,,false,false
,Final GDP Price Index q/q,USD,2014-03-27T08:30:00Z,None,1.6%,1.6%,1.6%,false,false
,Pending Home Sales m/m,USD,2014-03-27T10:00:00Z,High,0.1%,-0.2%,-0.8%,false,false
,Natural Gas Storage,USD,2014-03-27T10:30:00Z,None,-49B,-48B,-57B,false,false
,Gov Board Member Zurbrugg Speaks,CHF,2014-03-27T13:00:00Z,None,,,,false,false
,Unemployment Rate,JPY,2014-03-27T19:30:00Z,None,3.7%,3.7%,3.6%,false,false
,National Core CPI y/y,JPY,2014-03-27T19:30:00Z,None,1.3%,1.3%,1.3%,false,false
,Tokyo Core CPI y/y,JPY,2014-03-27T19:30:00Z,None,0.9%,0.9%,1.0%,false,false
,Household Spending y/y,JPY,2014-03-27T19:30:00Z,None,0.2%,1.1%,-2.5%,false,false
,Retail Sales y/y,JPY,2014-03-27T19:50:00Z,None,3.4%,4.4%,3.6%,false,false
,GfK Consumer Confidence,GBP,2014-03-27T20:05:00Z,None,-6,-7,-5,false,false
,FOMC Member Tarullo Speaks,USD,2014-03-27T20:20:00Z,None,,,,false,false
,German Prelim CPI m/m,EUR,2014-03-28T00:00:00Z,None,0.4%,0.5%,0.3%,true,false
,German Import Prices m/m,EUR,2014-03-28T03:00:00Z,None,0.3%,-0.1%,-0.1%,false,false
,French Consumer Spending m/m,EUR,2014-03-28T03:45:00Z,None,1.0%,-2.1%,0.1%,false,false
,Spanish Flash CPI y/y,EUR,2014-03-28T04:00:00Z,None,-0.1%,-0.1%,-0.2%,false,false
,Index of Services 3m/3m,GBP,2014-03-28T05:30:00Z,None,0.6%,0.8%,0.9%,false,false
,Current Account,GBP,2014-03-28T05:30:00Z,High,-13.5B,-22.8B,-22.4B,false,false
,Revised Business Investment q/q,GBP,2014-03-28T05:30:00Z,None,2.4%,2.4%,2.4%,false,false
,Final GDP q/q,GBP,2014-03-28T05:30:00Z,None,0.7%,0.7%,0.7%,false,false
,Italian 10-y Bond Auction,EUR,2014-03-28T06:21:00Z,None,,3.42|1.6,3.29|1.3,false,false
,Personal Spending m/m,USD,2014-03-28T08:30:00Z,None,0.3%,0.2%,0.3%,false,false
,Core PCE Price Index m/m,USD,2014-03-28T08:30:00Z,None,0.1%,0.1%,0.1%,false,false
,Personal Income m/m,USD,2014-03-28T08:30:00Z,None,0.4%,0.3%,0.3%,false,false
,Revised UoM Inflation Expectations,USD,2014-03-28T09:55:00Z,None,,3.2%,3.2%,false,false
,Revised UoM Consumer Sentiment,USD,2014-03-28T09:55:00Z,None,80.6,79.9,80.0,false,false
,German Buba President Weidmann Speaks,EUR,2014-03-28T13:30:00Z,None,,,,false,false
,Daylight Saving Time Shift,GBP,2014-03-29T21:00:00Z,None,,,,false,false
,Daylight Saving Time Shift,CHF,2014-03-29T21:00:00Z,None,,,,false,false
,Daylight Saving Time Shift,EUR,2014-03-29T21:00:00Z,None,,,,false,false
,Building Consents m/m,NZD,2014-03-30T17:45:00Z,None,,-8.6%,-1.7%,false,false
,Final Manufacturing PMI,JPY,2014-03-30T19:15:00Z,None,,55.5,53.9,false,false
,MI Inflation Gauge m/m,AUD,2014-03-30T19:30:00Z,None,,0.2%,0.2%,false,false
,Prelim Industrial Production m/m,JPY,2014-03-30T19:50:00Z,None,3.6%,3.8%,-2.3%,false,false
,HIA New Home Sales m/m,AUD,2014-03-30T20:00:00Z,None,,0.5%,4.6%,false,false
,ANZ Business Confidence,NZD,2014-03-30T20:00:00Z,High,,70.8,67.3,false,false
,Private Sector Credit m/m,AUD,2014-03-30T20:30:00Z,None,0.4%,0.4%,0.4%,false,false
,Housing Starts y/y,JPY,2014-03-31T01:00:00Z,None,5.2%,12.3%,1.0%,false,false
,German Retail Sales m/m,EUR,2014-03-31T02:00:00Z,None,-0.3%,1.7%,1.3%,false,false
,KOF Economic Barometer,CHF,2014-03-31T03:00:00Z,None,2.08,2.03,1.99,false,false
,Net Lending to Individuals m/m,GBP,2014-03-31T04:30:00Z,None,2.3B,2.1B,2.3B,false,false
,M4 Money Supply m/m,GBP,2014-03-31T04:30:00Z,None,0.5%,0.3%,0.7%,false,false
,Mortgage Approvals,GBP,2014-03-31T04:30:00Z,None,75K,77K,70K,false,false
,CPI Flash Estimate y/y,EUR,2014-03-31T05:00:00Z,High,0.6%,0.7%,0.5%,false,false
,Core CPI Flash Estimate y/y,EUR,2014-03-31T05:00:00Z,None,,1.0%,0.8%,false,false
,Italian Prelim CPI m/m,EUR,2014-03-31T05:00:00Z,None,0.2%,-0.1%,0.1%,false,false
,GDP m/m,CAD,2014-03-31T08:30:00Z,High,0.4%,-0.5%,0.5%,false,false
,Chicago PMI,USD,2014-03-31T09:45:00Z,None,59.2,59.8,55.9,false,false
,Fed Chair Yellen Speaks,USD,2014-03-31T09:55:00Z,High,,,,false,false
,BOE Gov Carney Speaks,GBP,2014-03-31T13:15:00Z,High,,,,false,false
,AIG Manufacturing Index,AUD,2014-03-31T18:24:00Z,None,,48.6,47.9,false,false
,Tankan Manufacturing Index,JPY,2014-03-31T19:50:00Z,None,19,16,17,false,false
,Tankan Non-Manufacturing Index,JPY,2014-03-31T19:50:00Z,None,24,20,24,false,false
,Manufacturing PMI,CNY,2014-03-31T21:00:00Z,High,50.1,50.2,50.3,false,false
,Average Cash Earnings y/y,JPY,2014-03-31T21:30:00Z,None,-0.1%,-0.2%,0.0%,false,false
,RatingDog Manufacturing PMI,CNY,2014-03-31T21:45:00Z,High,48.5,48.0,48.0,false,false
,RBA Rate Statement,AUD,2014-03-31T23:30:00Z,High,,,,false,false
,Cash Rate,AUD,2014-03-31T23:30:00Z,High,2.50%,2.50%,2.50%,false,false
,10-y Bond Auction,JPY,2014-03-31T23:45:00Z,None,,0.60|3.5,0.63|4.8,false,false
,ECOFIN Meetings,EUR,2014-04-01T00:00:00Z,None,,,,false,false
,Total Vehicle Sales,USD,2014-04-01T00:00:00Z,None,15.8M,15.3M,16.4M,true,false
,Commodity Prices y/y,AUD,2014-04-01T01:30:00Z,None,,-11.4%,-12.8%,false,false
,Spanish Manufacturing PMI,EUR,2014-04-01T03:15:00Z,None,52.9,52.5,52.8,false,false
,Manufacturing PMI,CHF,2014-04-01T03:30:00Z,None,56.9,57.6,54.4,false,false
,Italian Manufacturing PMI,EUR,2014-04-01T03:45:00Z,None,52.2,52.3,52.4,false,false
,French Final Manufacturing PMI,EUR,2014-04-01T03:50:00Z,None,51.9,51.9,51.8,false,false
,German Final Manufacturing PMI,EUR,2014-04-01T03:55:00Z,None,53.8,53.8,53.7,false,false
,German Unemployment Change,EUR,2014-04-01T03:55:00Z,None,-9K,-15K,-12K,false,false
,Final Manufacturing PMI,EUR,2014-04-01T04:00:00Z,None,53.0,53.0,53.0,false,false
,Italian Monthly Unemployment Rate,EUR,2014-04-01T04:00:00Z,None,12.9%,12.9%,13.0%,false,false
,Final Manufacturing PMI,GBP,2014-04-01T04:30:00Z,High,56.7,56.2,55.3,false,false
,FPC Meeting Minutes,GBP,2014-04-01T04:30:00Z,None,,,,false,false
,Unemployment Rate,EUR,2014-04-01T05:00:00Z,None,12.0%,11.9%,11.9%,false,false
,RMPI m/m,CAD,2014-04-01T08:30:00Z,None,2.3%,2.8%,5.7%,false,false
,IPPI m/m,CAD,2014-04-01T08:30:00Z,None,0.7%,1.5%,1.0%,false,false
,Manufacturing PMI,CAD,2014-04-01T09:30:00Z,None,,52.9,53.3,false,false
,GDT Price Index,NZD,2014-04-01T09:30:00Z,None,,-5.2%,-8.9%,false,false
,Final Manufacturing PMI,USD,2014-04-01T09:45:00Z,None,55.9,55.5,55.5,false,false
,Construction Spending m/m,USD,2014-04-01T10:00:00Z,None,0.2%,-0.2%,0.1%,false,false
,ISM Manufacturing Prices,USD,2014-04-01T10:00:00Z,None,59.2,60.0,59.0,false,false
,RCM/TIPP Economic Optimism,USD,2014-04-01T10:00:00Z,None,46.3,45.1,48.0,false,false
,ISM Manufacturing PMI,USD,2014-04-01T10:00:00Z,High,54.2,53.2,53.7,false,false
,Monetary Base y/y,JPY,2014-04-01T19:50:00Z,None,60.2%,55.7%,54.8%,false,false
,ANZ Commodity Prices m/m,NZD,2014-04-01T20:00:00Z,None,,0.9%,-0.1%,false,false
,Building Approvals m/m,AUD,2014-04-01T20:30:00Z,High,-1.7%,6.9%,-5.0%,false,false
,ECOFIN Meetings,EUR,2014-04-02T00:00:00Z,None,,,,false,false
,Nationwide HPI m/m,GBP,2014-04-02T02:00:00Z,None,0.7%,0.7%,0.4%,false,false
,Spanish Unemployment Change,EUR,2014-04-02T03:00:00Z,None,-5.3K,-1.9K,-16.6K,false,false
,Construction PMI,GBP,2014-04-02T04:30:00Z,High,63.1,62.6,62.5,false,false
,Final GDP q/q,EUR,2014-04-02T05:00:00Z,None,0.3%,0.3%,0.2%,false,false
,PPI m/m,EUR,2014-04-02T05:00:00Z,None,0.0%,-0.3%,-0.2%,false,false
,30-y Bond Auction,GBP,2014-04-02T05:34:00Z,None,,3.59|1.9,3.53|1.8,false,false
,MPC Member Cunliffe Speaks,GBP,2014-04-02T07:45:00Z,None,,,,false,false
,ADP Non-Farm Employment Change,USD,2014-04-02T08:15:00Z,High,192K,178K,191K,false,false
,Factory Orders m/m,USD,2014-04-02T10:00:00Z,None,1.3%,-1.0%,1.6%,false,false
,Crude Oil Inventories,USD,2014-04-02T10:30:00Z,None,1.3M,6.6M,-2.4M,false,false
,AIG Services Index,AUD,2014-04-02T18:12:00Z,None,,55.2,48.9,false,false
,Goods Trade Balance,AUD,2014-04-02T20:30:00Z,High,0.82B,1.39B,1.20B,false,false
,Retail Sales m/m,AUD,2014-04-02T20:30:00Z,High,0.4%,1.2%,0.2%,false,false
,Non-Manufacturing PMI,CNY,2014-04-02T21:00:00Z,None,,55.0,54.5,false,false
,RatingDog Services PMI,CNY,2014-04-02T21:45:00Z,None,,51.0,51.9,false,false
,RBA Gov Stevens Speaks,AUD,2014-04-02T22:50:00Z,High,,,,false,false
,Spanish Services PMI,EUR,2014-04-03T03:15:00Z,None,54.1,53.7,54.0,false,false
,Italian Services PMI,EUR,2014-04-03T03:45:00Z,None,52.3,52.9,49.5,false,false
,French Final Services PMI,EUR,2014-04-03T03:50:00Z,None,51.4,51.4,51.5,false,false
,German Final Services PMI,EUR,2014-04-03T03:55:00Z,None,54.0,54.0,53.0,false,false
,Final Services PMI,EUR,2014-04-03T04:00:00Z,None,52.4,52.4,52.2,false,false
,Final Services PMI,GBP,2014-04-03T04:30:00Z,High,58.2,58.2,57.6,false,false
,BOE Credit Conditions Survey,GBP,2014-04-03T04:30:00Z,None,,,,false,false
,Housing Equity Withdrawal q/q,GBP,2014-04-03T04:30:00Z,None,-9.4B,-10.6B,-10.6B,false,false
,Spanish 10-y Bond Auction,EUR,2014-04-03T04:42:00Z,None,,3.34|2.8,3.29|2.1,false,false
,Retail Sales m/m,EUR,2014-04-03T05:00:00Z,None,-0.3%,1.0%,0.4%,false,false
,French 10-y Bond Auction,EUR,2014-04-03T05:02:00Z,None,,2.20|2.1,2.15|2.0,false,false
,Challenger Job Cuts y/y,USD,2014-04-03T07:30:00Z,None,,-24.4%,-30.2%,false,false
,Main Refinancing Rate,EUR,2014-04-03T07:45:00Z,High,0.25%,0.25%,0.25%,false,false
,Unemployment Claims,USD,2014-04-03T08:30:00Z,High,319K,310K,326K,false,false
,Trade Balance,USD,2014-04-03T08:30:00Z,High,-38.3B,-39.3B,-42.3B,false,false
,ECB Press Conference,EUR,2014-04-03T08:30:00Z,High,,,,false,false
,Trade Balance,CAD,2014-04-03T08:30:00Z,High,0.2B,-0.3B,0.3B,false,false
,Final Services PMI,USD,2014-04-03T09:45:00Z,None,55.5,55.5,55.3,false,false
,ECB President Draghi Speaks,EUR,2014-04-03T10:00:00Z,High,,,,false,false
,ISM Services PMI,USD,2014-04-03T10:00:00Z,High,53.5,51.6,53.1,false,false
,Natural Gas Storage,USD,2014-04-03T10:30:00Z,None,-75B,-57B,-74B,false,false
,German Factory Orders m/m,EUR,2014-04-04T02:00:00Z,None,0.5%,0.1%,0.6%,false,false
,Lloyds HPI m/m,GBP,2014-04-04T02:58:00Z,None,0.7%,2.5%,-1.1%,false,false
,Retail PMI,EUR,2014-04-04T04:10:00Z,None,,48.5,49.2,false,false
,Average Hourly Earnings m/m,USD,2014-04-04T08:30:00Z,None,0.2%,0.4%,0.0%,false,false
,Non-Farm Employment Change,USD,2014-04-04T08:30:00Z,High,199K,197K,192K,false,false
,Unemployment Rate,USD,2014-04-04T08:30:00Z,High,6.6%,6.7%,6.7%,false,false
,Unemployment Rate,CAD,2014-04-04T08:30:00Z,High,7.0%,7.0%,6.9%,false,false
,Employment Change,CAD,2014-04-04T08:30:00Z,High,21.5K,-7.0K,42.9K,false,false
,Ivey PMI,CAD,2014-04-04T10:00:00Z,High,58.3,57.2,55.2,false,false
,Daylight Saving Time Shift,NZD,2014-04-05T10:00:00Z,None,,,,false,false
,Daylight Saving Time Shift,AUD,2014-04-05T12:00:00Z,None,,,,false,false
,Bank Holiday,CNY,2014-04-06T00:00:00Z,None,,,,true,false
,AIG Construction Index,AUD,2014-04-06T19:30:00Z,None,,44.2,46.2,false,false
,ANZ Job Advertisements m/m,AUD,2014-04-06T21:30:00Z,None,,4.7%,1.4%,false,false
,Leading Indicators,JPY,2014-04-07T01:00:00Z,None,114.2%,113.1%,108.5%,false,false
,German Industrial Production m/m,EUR,2014-04-07T02:00:00Z,None,0.3%,0.7%,0.4%,false,false
,Foreign Currency Reserves,CHF,2014-04-07T03:00:00Z,None,,434B,438B,false,false
,CPI m/m,CHF,2014-04-07T03:15:00Z,None,0.2%,0.1%,0.4%,false,false
,Sentix Investor Confidence,EUR,2014-04-07T04:30:00Z,None,14.1,13.9,14.1,false,false
,BOC Business Outlook Survey,CAD,2014-04-07T10:30:00Z,None,,,,false,false
,Consumer Credit m/m,USD,2014-04-07T15:00:00Z,None,14.1B,13.8B,16.5B,false,false
,NZIER Business Confidence,NZD,2014-04-07T18:00:00Z,High,,52,52,false,false
,Current Account,JPY,2014-04-07T19:50:00Z,None,-0.04T,-0.59T,-0.04T,false,false
,NAB Business Confidence,AUD,2014-04-07T21:30:00Z,High,,9,4,false,false
,Monetary Policy Statement,JPY,2014-04-07T22:50:00Z,High,,,,false,false
,Economy Watchers Sentiment,JPY,2014-04-08T01:00:00Z,None,54.1,53.0,57.9,false,false
,Unemployment Rate,CHF,2014-04-08T01:45:00Z,None,3.2%,3.2%,3.2%,false,false
,BOJ Press Conference,JPY,2014-04-08T02:33:00Z,High,,,,false,false
,French Trade Balance,EUR,2014-04-08T02:45:00Z,None,-4.9B,-5.6B,-3.4B,false,false
,French Gov Budget Balance,EUR,2014-04-08T02:45:00Z,None,,-12.7B,-25.7B,false,false
,Retail Sales y/y,CHF,2014-04-08T03:15:00Z,None,0.9%,-0.1%,1.0%,false,false
,Manufacturing Production m/m,GBP,2014-04-08T04:30:00Z,High,0.3%,0.3%,1.0%,false,false
,Industrial Production m/m,GBP,2014-04-08T04:30:00Z,None,0.3%,0.0%,0.9%,false,false
,NFIB Small Business Index,USD,2014-04-08T07:30:00Z,None,92.3,91.4,93.4,false,false
,Housing Starts,CAD,2014-04-08T08:13:00Z,None,193K,191K,157K,false,false
,Building Permits m/m,CAD,2014-04-08T08:30:00Z,High,-2.4%,8.1%,-11.6%,false,false
,NIESR GDP Estimate,GBP,2014-04-08T10:00:00Z,None,,0.9%,0.9%,false,false
,JOLTS Job Openings,USD,2014-04-08T10:00:00Z,High,3.99M,3.87M,4.17M,false,false
,FOMC Member Kocherlakota Speaks,USD,2014-04-08T13:30:00Z,None,,,,false,false
,FOMC Member Plosser Speaks,USD,2014-04-08T14:45:00Z,None,,,,false,false
,BRC Shop Price Index y/y,GBP,2014-04-08T19:01:00Z,None,,-1.4%,-1.7%,false,false
,Westpac Consumer Sentiment,AUD,2014-04-08T20:30:00Z,None,,-0.7%,0.3%,false,false
,Home Loans m/m,AUD,2014-04-08T21:30:00Z,None,1.7%,1.1%,2.3%,false,false
,BOJ Monthly Report,JPY,2014-04-09T01:00:00Z,None,,,,false,false
,German Trade Balance,EUR,2014-04-09T02:00:00Z,None,18.0B,17.3B,15.7B,false,false
,Goods Trade Balance,GBP,2014-04-09T04:30:00Z,None,-9.3B,-9.5B,-9.1B,false,false
,Final Wholesale Inventories m/m,USD,2014-04-09T10:00:00Z,None,0.5%,0.8%,0.5%,false,false
,Crude Oil Inventories,USD,2014-04-09T10:30:00Z,None,1.0M,-2.4M,4.0M,false,false
,10-y Bond Auction,USD,2014-04-09T13:01:00Z,None,,2.73|2.9,2.72|2.8,false,false
,FOMC Meeting Minutes,USD,2014-04-09T14:00:00Z,High,,,,false,false
,BusinessNZ Manufacturing Index,NZD,2014-04-09T18:30:00Z,None,,56.5,58.4,false,false
,FOMC Member Tarullo Speaks,USD,2014-04-09T19:00:00Z,None,,,,false,false
,RICS House Price Balance,GBP,2014-04-09T19:01:00Z,None,44%,47%,57%,false,false
,Core Machinery Orders m/m,JPY,2014-04-09T19:50:00Z,None,-3.2%,13.4%,-8.8%,false,false
,Bank Lending y/y,JPY,2014-04-09T19:50:00Z,None,,2.2%,2.1%,false,false
,MI Inflation Expectations,AUD,2014-04-09T21:00:00Z,None,,2.1%,2.4%,false,false
,Employment Change,AUD,2014-04-09T21:30:00Z,High,7.3K,48.2K,18.1K,false,false
,Unemployment Rate,AUD,2014-04-09T21:30:00Z,High,6.1%,6.1%,5.8%,false,false
,USD-Denominated Trade Balance,CNY,2014-04-09T22:07:00Z,High,-0.9B,-23.0B,7.7B,false,false
,G7 Meetings,All,2014-04-10T00:00:00Z,High,,,,true,false
,G20 Meetings,All,2014-04-10T00:00:00Z,High,,,,false,false
,Prelim Machine Tool Orders y/y,JPY,2014-04-10T02:00:00Z,None,,26.1%,41.8%,false,false
,French Final CPI m/m,EUR,2014-04-10T02:45:00Z,None,0.6%,0.6%,0.4%,false,false
,French Industrial Production m/m,EUR,2014-04-10T02:45:00Z,None,0.2%,-0.3%,0.1%,false,false
,Italian Industrial Production m/m,EUR,2014-04-10T04:00:00Z,None,-0.2%,1.1%,-0.5%,false,false
,ECB Monthly Bulletin,EUR,2014-04-10T04:00:00Z,None,,,,false,false
,Asset Purchase Facility,GBP,2014-04-10T07:00:00Z,High,375B,375B,375B,false,false
,Official Bank Rate,GBP,2014-04-10T07:00:00Z,High,0.50%,0.50%,0.50%,false,false
,Import Prices m/m,USD,2014-04-10T08:30:00Z,None,0.2%,0.9%,0.6%,false,false
,NHPI m/m,CAD,2014-04-10T08:30:00Z,None,0.2%,0.3%,0.2%,false,false
,Unemployment Claims,USD,2014-04-10T08:30:00Z,High,314K,332K,300K,false,false
,Natural Gas Storage,USD,2014-04-10T10:30:00Z,None,15B,-74B,4B,false,false
,30-y Bond Auction,USD,2014-04-10T13:01:00Z,None,,3.63|2.4,3.53|2.5,false,false
,Federal Budget Balance,USD,2014-04-10T13:59:00Z,None,-76.5B,-193.5B,-36.9B,false,false
,REINZ HPI m/m,NZD,2014-04-10T17:00:00Z,None,,2.1%,3.4%,false,false
,FPI m/m,NZD,2014-04-10T18:45:00Z,None,,-1.0%,-0.3%,false,false
,M2 Money Stock y/y,JPY,2014-04-10T19:50:00Z,None,3.9%,4.0%,3.5%,false,false
,Monetary Policy Meeting Minutes,JPY,2014-04-10T19:50:00Z,None,,,,false,false
,PPI y/y,JPY,2014-04-10T19:50:00Z,None,1.8%,1.8%,1.7%,false,false
,CPI y/y,CNY,2014-04-10T21:30:00Z,High,2.5%,2.0%,2.4%,false,false
,PPI y/y,CNY,2014-04-10T21:30:00Z,None,-2.2%,-2.0%,-2.3%,false,false
,30-y Bond Auction,JPY,2014-04-10T23:45:00Z,None,,1.64|4.3,1.70|2.9,false,false
,IMF Meetings,All,2014-04-11T00:00:00Z,None,,,,false,false
,G20 Meetings,All,2014-04-11T00:00:00Z,High,,,,false,false
,German Final CPI m/m,EUR,2014-04-11T02:00:00Z,None,0.3%,0.3%,0.3%,false,false
,German WPI m/m,EUR,2014-04-11T02:00:00Z,None,0.1%,-0.1%,0.0%,false,false
,Construction Output m/m,GBP,2014-04-11T04:30:00Z,None,-1.1%,2.1%,-2.8%,false,false
,CB Leading Index m/m,GBP,2014-04-11T05:00:00Z,None,,0.6%,0.4%,false,false
,PPI m/m,USD,2014-04-11T08:30:00Z,High,0.1%,-0.1%,0.5%,false,false
,Core PPI m/m,USD,2014-04-11T08:30:00Z,None,0.2%,-0.2%,0.6%,false,false
,Prelim UoM Consumer Sentiment,USD,2014-04-11T09:55:00Z,High,81.2,80.0,82.6,false,false
,Prelim UoM Inflation Expectations,USD,2014-04-11T09:55:00Z,None,,3.2%,3.1%,false,false
,IMF Meetings,All,2014-04-12T00:00:00Z,None,,,,false,false
,ECB President Draghi Speaks,EUR,2014-04-12T12:00:00Z,High,,,,false,false
,IMF Meetings,All,2014-04-13T00:00:00Z,None,,,,false,false
,FOMC Member Stein Speaks,USD,2014-04-13T13:30:00Z,None,,,,false,false
,BusinessNZ Services Index,NZD,2014-04-13T17:30:00Z,None,,53.6,58.3,false,false
,Rightmove HPI m/m,GBP,2014-04-13T19:01:00Z,None,,1.6%,2.6%,false,false
,Industrial Production m/m,EUR,2014-04-14T05:00:00Z,None,0.3%,0.0%,0.2%,false,false
,Core Retail Sales m/m,USD,2014-04-14T08:30:00Z,High,0.5%,0.3%,0.7%,false,false
,Retail Sales m/m,USD,2014-04-14T08:30:00Z,High,0.8%,0.7%,1.1%,false,false
,Business Inventories m/m,USD,2014-04-14T10:00:00Z,None,0.5%,0.4%,0.4%,false,false
,FOMC Member Tarullo Speaks,USD,2014-04-14T12:45:00Z,None,,,,false,false
,BRC Retail Sales Monitor y/y,GBP,2014-04-14T19:01:00Z,None,,-1.0%,-1.7%,false,false
,Monetary Policy Meeting Minutes,AUD,2014-04-14T21:30:00Z,High,,,,false,false
,M2 Money Supply y/y,CNY,2014-04-14T22:00:00Z,None,13.1%,13.3%,12.1%,false,false
,New Loans,CNY,2014-04-14T22:00:00Z,None,1000B,645B,1050B,false,false
,Trade Balance,EUR,2014-04-15T00:00:00Z,None,13.9B,14.7B,13.9B,false,false
,PPI m/m,CHF,2014-04-15T03:15:00Z,None,0.3%,-0.4%,0.0%,false,false
,CPI y/y,GBP,2014-04-15T04:30:00Z,High,1.6%,1.7%,1.6%,false,false
,PPI Input m/m,GBP,2014-04-15T04:30:00Z,None,-0.1%,-0.5%,-0.6%,false,false
,RPI y/y,GBP,2014-04-15T04:30:00Z,None,2.5%,2.7%,2.5%,false,false
,Core CPI y/y,GBP,2014-04-15T04:30:00Z,None,1.6%,1.7%,1.6%,false,false
,ONS HPI y/y,GBP,2014-04-15T04:30:00Z,None,7.2%,6.8%,9.1%,false,false
,PPI Output m/m,GBP,2014-04-15T04:30:00Z,None,0.1%,0.1%,0.2%,false,false
,ZEW Economic Sentiment,EUR,2014-04-15T05:00:00Z,None,60.7,61.5,61.2,false,false
,Trade Balance,EUR,2014-04-15T05:00:00Z,None,14.8B,13.9B,15.0B,false,false
,German ZEW Economic Sentiment,EUR,2014-04-15T05:00:00Z,High,46.3,46.6,43.2,false,false
,CPI y/y,USD,2014-04-15T08:30:00Z,High,1.5%,1.1%,1.5%,false,false
,Manufacturing Sales m/m,CAD,2014-04-15T08:30:00Z,High,1.1%,0.8%,1.4%,false,false
,Core CPI m/m,USD,2014-04-15T08:30:00Z,High,0.1%,0.1%,0.2%,false,false
,Core CPI y/y,USD,2014-04-15T08:30:00Z,High,1.6%,1.6%,1.7%,false,false
,CPI m/m,USD,2014-04-15T08:30:00Z,None,0.1%,0.1%,0.2%,false,false
,Empire State Manufacturing Index,USD,2014-04-15T08:30:00Z,None,8.2,5.6,1.3,false,false
,Fed Chair Yellen Speaks,USD,2014-04-15T08:45:00Z,High,,,,false,false
,TIC Long-Term Purchases,USD,2014-04-15T09:00:00Z,None,31.6B,7.7B,85.7B,false,false
,NAHB Housing Market Index,USD,2014-04-15T10:00:00Z,None,50,46,47,false,false
,GDT Price Index,NZD,2014-04-15T10:55:00Z,None,,-8.9%,-2.6%,false,false
,FOMC Member Plosser Speaks,USD,2014-04-15T15:00:00Z,None,,,,false,false
,Treasury Currency Report,USD,2014-04-15T17:15:00Z,None,,,,false,false
,CPI q/q,NZD,2014-04-15T18:45:00Z,High,0.5%,0.1%,0.3%,false,false
,FOMC Member Kocherlakota Speaks,USD,2014-04-15T20:00:00Z,None,,,,false,false
,MI Leading Index m/m,AUD,2014-04-15T20:30:00Z,None,,-0.1%,0.0%,false,false
,GDP q/y,CNY,2014-04-15T22:00:00Z,High,7.4%,7.7%,7.4%,false,false
,Industrial Production y/y,CNY,2014-04-15T22:00:00Z,High,9.1%,8.6%,8.8%,false,false
,Fixed Asset Investment ytd/y,CNY,2014-04-15T22:00:00Z,None,18.1%,17.9%,17.6%,false,false
,NBS Press Conference,CNY,2014-04-15T22:00:00Z,None,,,,false,false
,Retail Sales y/y,CNY,2014-04-15T22:00:00Z,None,11.9%,11.8%,12.2%,false,false
,Revised Industrial Production m/m,JPY,2014-04-16T00:30:00Z,None,-2.3%,-2.3%,-2.3%,false,false
,BOJ Gov Kuroda Speaks,JPY,2014-04-16T02:15:00Z,High,,,,false,false
,Italian Trade Balance,EUR,2014-04-16T04:00:00Z,None,1.27B,0.36B,2.62B,false,false
,Current Account,EUR,2014-04-16T04:00:00Z,None,22.3B,25.4B,21.9B,false,false
,Unemployment Rate,GBP,2014-04-16T04:30:00Z,High,7.2%,7.2%,6.9%,false,false
,Claimant Count Change,GBP,2014-04-16T04:30:00Z,High,-30.2K,-37.0K,-30.4K,false,false
,Average Earnings Index 3m/y,GBP,2014-04-16T04:30:00Z,None,1.8%,1.4%,1.7%,false,false
,Final Core CPI y/y,EUR,2014-04-16T05:00:00Z,None,0.8%,0.8%,0.7%,false,false
,Final CPI y/y,EUR,2014-04-16T05:00:00Z,None,0.5%,0.5%,0.5%,false,false
,UBS Economic Expectations,CHF,2014-04-16T05:00:00Z,None,,19.0,7.0,false,false
,German 10-y Bond Auction,EUR,2014-04-16T05:34:00Z,None,,1.58|1.6,1.49|1.3,false,false
,Housing Starts,USD,2014-04-16T08:30:00Z,None,0.97M,0.92M,0.95M,false,false
,FOMC Member Stein Speaks,USD,2014-04-16T08:30:00Z,None,,,,false,false
,Building Permits,USD,2014-04-16T08:30:00Z,High,1.00M,1.01M,0.99M,false,false
,Foreign Securities Purchases,CAD,2014-04-16T08:30:00Z,None,4.57B,1.22B,6.08B,false,false
,Industrial Production m/m,USD,2014-04-16T09:15:00Z,None,0.5%,1.2%,0.7%,false,false
,Capacity Utilization Rate,USD,2014-04-16T09:15:00Z,None,78.8%,78.8%,79.2%,false,false
,Overnight Rate,CAD,2014-04-16T10:00:00Z,High,1.00%,1.00%,1.00%,false,false
,BOC Monetary Policy Report,CAD,2014-04-16T10:00:00Z,High,,,,false,false
,BOC Rate Statement,CAD,2014-04-16T10:00:00Z,High,,,,false,false
,Crude Oil Inventories,USD,2014-04-16T10:30:00Z,None,1.3M,4.0M,10.0M,false,false
,BOC Press Conference,CAD,2014-04-16T11:00:00Z,High,,,,false,false
,Fed Chair Yellen Speaks,USD,2014-04-16T12:15:00Z,High,,,,false,false
,FOMC Member Fisher Speaks,USD,2014-04-16T13:25:00Z,None,,,,false,false
,Beige Book,USD,2014-04-16T14:00:00Z,None,,,,false,false
,BOJ Gov Kuroda Speaks,JPY,2014-04-16T20:30:00Z,High,,,,false,false
,New Motor Vehicle Sales m/m,AUD,2014-04-16T21:30:00Z,None,,-0.1%,-0.3%,false,false
,NAB Quarterly Business Confidence,AUD,2014-04-16T21:30:00Z,None,,8,6,false,false
,Foreign Direct Investment ytd/y,CNY,2014-04-16T22:23:00Z,None,,10.4%,5.5%,false,false
,Bank Holiday,AUD,2014-04-17T00:00:00Z,None,,,,true,false
,Bank Holiday,NZD,2014-04-17T00:00:00Z,None,,,,true,false
,Consumer Confidence,JPY,2014-04-17T01:00:00Z,None,40.2,38.5,37.5,false,false
,German PPI m/m,EUR,2014-04-17T02:00:00Z,None,0.1%,0.0%,-0.3%,false,false
,Core CPI m/m,CAD,2014-04-17T08:30:00Z,High,0.3%,0.7%,0.3%,false,false
,Unemployment Claims,USD,2014-04-17T08:30:00Z,High,316K,302K,304K,false,false
,CPI m/m,CAD,2014-04-17T08:30:00Z,None,0.4%,0.8%,0.6%,false,false
,Philly Fed Manufacturing Index,USD,2014-04-17T10:00:00Z,High,9.6,9.0,16.6,false,false
,Natural Gas Storage,USD,2014-04-17T10:30:00Z,None,35B,4B,24B,false,false
,Tertiary Industry Activity m/m,JPY,2014-04-17T19:50:00Z,None,0.2%,1.6%,-1.0%,false,false
,Bank Holiday,GBP,2014-04-18T00:00:00Z,None,,,,true,false
,Bank Holiday,CHF,2014-04-18T00:00:00Z,None,,,,true,false
,German Bank Holiday,EUR,2014-04-18T00:00:00Z,None,,,,true,false
,Bank Holiday,CAD,2014-04-18T00:00:00Z,None,,,,true,false
,Bank Holiday,NZD,2014-04-20T00:00:00Z,None,,,,true,false
,Bank Holiday,AUD,2014-04-20T00:00:00Z,None,,,,true,false
,Trade Balance,JPY,2014-04-20T19:50:00Z,None,-1.27T,-1.18T,-1.71T,false,false
,Italian Bank Holiday,EUR,2014-04-21T00:00:00Z,None,,,,true,false
,Bank Holiday,GBP,2014-04-21T00:00:00Z,None,,,,true,false
,French Bank Holiday,EUR,2014-04-21T00:00:00Z,None,,,,true,false
,German Bank Holiday,EUR,2014-04-21T00:00:00Z,None,,,,true,false
,Bank Holiday,CHF,2014-04-21T00:00:00Z,None,,,,true,false
,CB Leading Index m/m,USD,2014-04-21T10:00:00Z,None,0.8%,0.5%,0.8%,false,false
,CB Leading Index m/m,AUD,2014-04-21T20:00:00Z,None,,0.2%,0.3%,false,false
,Wholesale Sales m/m,CAD,2014-04-22T08:30:00Z,None,0.7%,0.5%,1.1%,false,false
,HPI m/m,USD,2014-04-22T09:04:00Z,None,0.6%,0.4%,0.6%,false,false
,Richmond Manufacturing Index,USD,2014-04-22T09:59:00Z,None,0,-7,7,false,false
,Existing Home Sales,USD,2014-04-22T10:00:00Z,High,4.57M,4.60M,4.59M,false,false
,Consumer Confidence,EUR,2014-04-22T10:00:00Z,None,-9,-9,-9,false,false
,Visitor Arrivals m/m,NZD,2014-04-22T18:45:00Z,None,,1.8%,-3.0%,false,false
,CPI m/m,AUD,2014-04-22T21:30:00Z,High,0.8%,0.8%,0.6%,false,false
,Trimmed Mean CPI m/m,AUD,2014-04-22T21:30:00Z,None,0.7%,0.9%,0.5%,false,false
,Caixin Flash Manufacturing PMI,CNY,2014-04-22T21:45:00Z,High,48.4,48.0,48.3,false,false
,Credit Card Spending y/y,NZD,2014-04-22T23:00:00Z,None,,6.0%,8.1%,false,false
,French Flash Manufacturing PMI,EUR,2014-04-23T03:00:00Z,High,51.9,51.8,50.9,false,false
,French Flash Services PMI,EUR,2014-04-23T03:00:00Z,None,51.5,51.5,50.3,false,false
,German Flash Manufacturing PMI,EUR,2014-04-23T03:30:00Z,High,53.9,53.7,54.2,false,false
,German Flash Services PMI,EUR,2014-04-23T03:30:00Z,None,53.5,53.0,55.0,false,false
,Flash Services PMI,EUR,2014-04-23T04:00:00Z,None,52.7,52.2,53.1,false,false
,Flash Manufacturing PMI,EUR,2014-04-23T04:00:00Z,None,53.0,53.0,53.3,false,false
,MPC Asset Purchase Facility Votes,GBP,2014-04-23T04:30:00Z,High,0-0-9,0-0-9,0-0-9,false,false
,MPC Official Bank Rate Votes,GBP,2014-04-23T04:30:00Z,High,0-0-9,0-0-9,0-0-9,false,false
,Public Sector Net Borrowing,GBP,2014-04-23T04:30:00Z,None,8.9B,7.0B,4.9B,false,false
,CBI Industrial Order Expectations,GBP,2014-04-23T06:00:00Z,None,7,6,-1,false,false
,Core Retail Sales m/m,CAD,2014-04-23T08:30:00Z,High,0.6%,0.5%,0.6%,false,false
,Retail Sales m/m,CAD,2014-04-23T08:30:00Z,None,0.5%,0.9%,0.5%,false,false
,Flash Manufacturing PMI,USD,2014-04-23T09:45:00Z,None,56.2,55.5,55.4,false,false
,New Home Sales,USD,2014-04-23T10:00:00Z,High,455K,449K,384K,false,false
,Crude Oil Inventories,USD,2014-04-23T10:30:00Z,None,2.6M,10.0M,3.5M,false,false
,Official Cash Rate,NZD,2014-04-23T17:00:00Z,High,3.00%,2.75%,3.00%,false,false
,RBNZ Rate Statement,NZD,2014-04-23T17:00:00Z,High,,,,false,false
,SPPI y/y,JPY,2014-04-23T19:50:00Z,None,0.8%,0.7%,0.7%,false,false
,CB Leading Index m/m,CNY,2014-04-23T22:00:00Z,None,,0.9%,1.2%,false,false
,Bank Holiday,AUD,2014-04-24T00:00:00Z,None,,,,true,false
,Bank Holiday,NZD,2014-04-24T00:00:00Z,None,,,,true,false
,Trade Balance,CHF,2014-04-24T02:00:00Z,None,2.31B,2.29B,2.05B,false,false
,German ifo Business Climate,EUR,2014-04-24T04:00:00Z,High,110.5,110.7,111.2,false,false
,Spanish 10-y Bond Auction,EUR,2014-04-24T04:43:00Z,None,,3.29|2.1,3.06|1.8,false,false
,ECB President Draghi Speaks,EUR,2014-04-24T05:00:00Z,High,,,,false,false
,CBI Realized Sales,GBP,2014-04-24T06:00:00Z,None,18,13,30,false,false
,Core Durable Goods Orders m/m,USD,2014-04-24T08:30:00Z,High,0.6%,0.1%,2.0%,false,false
,Unemployment Claims,USD,2014-04-24T08:30:00Z,High,309K,305K,329K,false,false
,Durable Goods Orders m/m,USD,2014-04-24T08:30:00Z,None,2.1%,2.1%,2.6%,false,false
,Natural Gas Storage,USD,2014-04-24T10:30:00Z,None,40B,24B,49B,false,false
,Tokyo Core CPI y/y,JPY,2014-04-24T19:30:00Z,None,2.8%,1.0%,2.7%,false,false
,National Core CPI y/y,JPY,2014-04-24T19:30:00Z,None,1.4%,1.3%,1.3%,false,false
,Italian Bank Holiday,EUR,2014-04-25T00:00:00Z,None,,,,true,false
,All Industries Activity m/m,JPY,2014-04-25T00:30:00Z,None,-0.5%,1.7%,-1.1%,false,false
,SNB Chairman Jordan Speaks,CHF,2014-04-25T04:00:00Z,High,,,,false,false
,Retail Sales m/m,GBP,2014-04-25T04:30:00Z,High,-0.4%,1.3%,0.1%,false,false
,High Street Lending,GBP,2014-04-25T04:30:00Z,None,48.9K,47.2K,45.9K,false,false
,Belgian NBB Business Climate,EUR,2014-04-25T09:00:00Z,None,-2.3,-4.4,-4.6,false,false
,Flash Services PMI,USD,2014-04-25T09:45:00Z,None,56.2,55.5,54.2,false,false
,Revised UoM Consumer Sentiment,USD,2014-04-25T09:55:00Z,None,83.2,82.6,84.1,false,false
,Revised UoM Inflation Expectations,USD,2014-04-25T09:55:00Z,None,,3.1%,3.2%,false,false
,Retail Sales y/y,JPY,2014-04-27T19:50:00Z,None,10.9%,3.6%,11.0%,false,false
,Bank Holiday,JPY,2014-04-28T00:00:00Z,None,,,,true,false
,German Import Prices m/m,EUR,2014-04-28T02:00:00Z,None,-0.1%,-0.1%,-0.6%,false,false
,German Buba Monthly Report,EUR,2014-04-28T06:00:00Z,None,,,,false,false
,Pending Home Sales m/m,USD,2014-04-28T10:00:00Z,High,1.0%,-0.5%,3.4%,false,false
,Trade Balance,NZD,2014-04-28T18:45:00Z,High,919M,793M,920M,false,false
,German Prelim CPI m/m,EUR,2014-04-29T00:00:00Z,High,-0.1%,0.3%,-0.2%,true,false
,German GfK Consumer Climate,EUR,2014-04-29T02:00:00Z,None,8.5,8.5,8.5,false,false
,Spanish Unemployment Rate,EUR,2014-04-29T03:00:00Z,None,25.6%,25.7%,25.9%,false,false
,M3 Money Supply y/y,EUR,2014-04-29T04:00:00Z,None,1.4%,1.3%,1.1%,false,false
,Private Loans y/y,EUR,2014-04-29T04:00:00Z,None,-2.0%,-2.2%,-2.2%,false,false
,Italian Retail Sales m/m,EUR,2014-04-29T04:00:00Z,None,0.4%,0.0%,-0.2%,false,false
,Prelim GDP q/q,GBP,2014-04-29T04:30:00Z,High,0.9%,0.7%,0.8%,false,false
,Index of Services 3m/3m,GBP,2014-04-29T04:30:00Z,None,0.9%,0.9%,0.9%,false,false
,Italian 10-y Bond Auction,EUR,2014-04-29T05:23:00Z,None,,3.29|1.3,3.22|1.3,false,false
,10-y Bond Auction,GBP,2014-04-29T05:35:00Z,None,,2.93|2.2,2.82|1.7,false,false
,S&P/CS Composite-20 HPI y/y,USD,2014-04-29T09:00:00Z,None,12.9%,13.2%,12.9%,false,false
,CB Consumer Confidence,USD,2014-04-29T10:00:00Z,High,82.9,83.9,82.3,false,false
,BOC Gov Poloz Speaks,CAD,2014-04-29T15:30:00Z,High,,,,false,false
,Building Consents m/m,NZD,2014-04-29T18:45:00Z,None,,-1.6%,8.3%,false,false
,GfK Consumer Confidence,GBP,2014-04-29T19:05:00Z,None,-4,-5,-3,false,false
,Final Manufacturing PMI,JPY,2014-04-29T19:15:00Z,None,,53.9,49.4,false,false
,Prelim Industrial Production m/m,JPY,2014-04-29T19:50:00Z,None,0.6%,-2.3%,0.3%,false,false
,ANZ Business Confidence,NZD,2014-04-29T21:00:00Z,High,,67.3,64.8,false,false
,Private Sector Credit m/m,AUD,2014-04-29T21:30:00Z,None,0.4%,0.4%,0.4%,false,false
,Average Cash Earnings y/y,JPY,2014-04-29T21:30:00Z,None,0.2%,-0.1%,0.7%,false,false
,Monetary Policy Statement,JPY,2014-04-29T23:51:00Z,High,,,,false,false
,Bank Holiday,CNY,2014-04-30T00:00:00Z,None,,,,true,false
,Housing Starts y/y,JPY,2014-04-30T01:00:00Z,None,-2.8%,1.0%,-2.9%,false,false
,BOJ Outlook Report,JPY,2014-04-30T02:00:00Z,None,,,,false,false
,German Retail Sales m/m,EUR,2014-04-30T02:00:00Z,None,-0.6%,0.4%,-0.7%,false,false
,UBS Consumption Indicator,CHF,2014-04-30T02:00:00Z,None,,1.52,1.84,false,false
,BOJ Press Conference,JPY,2014-04-30T02:32:00Z,High,,,,false,false
,French Consumer Spending m/m,EUR,2014-04-30T02:45:00Z,None,0.3%,-0.1%,0.4%,false,false
,KOF Economic Barometer,CHF,2014-04-30T03:00:00Z,None,106.0,106.3,102.0,false,false
,Spanish Flash CPI y/y,EUR,2014-04-30T03:00:00Z,None,0.2%,-0.2%,0.4%,false,false
,Spanish Flash GDP q/q,EUR,2014-04-30T03:00:00Z,None,0.4%,0.2%,0.4%,false,false
,German Unemployment Change,EUR,2014-04-30T03:55:00Z,None,-10K,-14K,-25K,false,false
,Italian Monthly Unemployment Rate,EUR,2014-04-30T04:00:00Z,None,13.0%,12.7%,12.7%,false,false
,French 10-y Bond Auction,EUR,2014-04-30T04:57:00Z,None,,2.15|2.0,2.00|2.2,false,false
,Core CPI Flash Estimate y/y,EUR,2014-04-30T05:00:00Z,None,,0.7%,1.0%,false,false
,Italian Prelim CPI m/m,EUR,2014-04-30T05:00:00Z,None,0.1%,0.1%,0.2%,false,false
,CPI Flash Estimate y/y,EUR,2014-04-30T05:00:00Z,High,0.8%,0.5%,0.7%,false,false
,ADP Non-Farm Employment Change,USD,2014-04-30T08:15:00Z,High,203K,209K,220K,false,false
,GDP m/m,CAD,2014-04-30T08:30:00Z,High,0.2%,0.5%,0.2%,false,false
,Advance GDP q/q,USD,2014-04-30T08:30:00Z,High,1.2%,2.6%,0.1%,false,false
,Advance GDP Price Index q/q,USD,2014-04-30T08:30:00Z,None,1.6%,1.6%,1.3%,false,false
,Employment Cost Index q/q,USD,2014-04-30T08:30:00Z,None,0.5%,0.5%,0.3%,false,false
,IPPI m/m,CAD,2014-04-30T08:30:00Z,None,0.6%,1.2%,0.4%,false,false
,RMPI m/m,CAD,2014-04-30T08:30:00Z,None,1.2%,5.9%,0.6%,false,false
,Chicago PMI,USD,2014-04-30T09:41:00Z,None,56.6,55.9,63.0,false,false
,Crude Oil Inventories,USD,2014-04-30T10:30:00Z,None,1.3M,3.5M,1.7M,false,false
,MPC Member Dale Speaks,GBP,2014-04-30T11:30:00Z,None,,,,false,false
,FOMC Statement,USD,2014-04-30T14:00:00Z,High,,,,false,false
,Federal Funds Rate,USD,2014-04-30T14:00:00Z,None,<0.25%,<0.25%,<0.25%,false,false
,BOC Gov Poloz Speaks,CAD,2014-04-30T16:15:00Z,High,,,,false,false
,AIG Manufacturing Index,AUD,2014-04-30T19:30:00Z,None,,47.9,44.8,false,false
,Manufacturing PMI,CNY,2014-04-30T20:59:00Z,High,50.5,50.3,50.4,false,false
,Import Prices q/q,AUD,2014-04-30T21:30:00Z,None,1.9%,-0.6%,3.2%,false,false
,Bank Holiday,CNY,2014-05-01T00:00:00Z,None,,,,true,false
,Bank Holiday,CHF,2014-05-01T00:00:00Z,None,,,,true,false
,Italian Bank Holiday,EUR,2014-05-01T00:00:00Z,None,,,,true,false
,French Bank Holiday,EUR,2014-05-01T00:00:00Z,None,,,,true,false
,German Bank Holiday,EUR,2014-05-01T00:00:00Z,None,,,,true,false
,Total Vehicle Sales,USD,2014-05-01T00:00:00Z,None,16.2M,16.4M,16.0M,true,false
,Nationwide HPI m/m,GBP,2014-05-01T02:00:00Z,None,0.6%,0.5%,1.2%,false,false
,Commodity Prices y/y,AUD,2014-05-01T02:30:00Z,None,,-12.5%,-12.6%,false,false
,Mortgage Approvals,GBP,2014-05-01T04:30:00Z,None,73K,70K,67K,false,false
,M4 Money Supply m/m,GBP,2014-05-01T04:30:00Z,None,0.9%,0.7%,-2.3%,false,false
,Net Lending to Individuals m/m,GBP,2014-05-01T04:30:00Z,None,2.3B,2.1B,2.9B,false,false
,Final Manufacturing PMI,GBP,2014-05-01T04:30:00Z,High,55.4,55.8,57.3,false,false
,Challenger Job Cuts y/y,USD,2014-05-01T07:30:00Z,None,,-30.2%,5.7%,false,false
,Fed Chair Yellen Speaks,USD,2014-05-01T08:25:00Z,High,,,,false,false
,Personal Income m/m,USD,2014-05-01T08:30:00Z,None,0.4%,0.4%,0.5%,false,false
,Personal Spending m/m,USD,2014-05-01T08:30:00Z,None,0.7%,0.5%,0.9%,false,false
,Core PCE Price Index m/m,USD,2014-05-01T08:30:00Z,None,0.1%,0.1%,0.2%,false,false
,Unemployment Claims,USD,2014-05-01T08:30:00Z,High,317K,330K,344K,false,false
,Manufacturing PMI,CAD,2014-05-01T09:30:00Z,None,,53.3,52.9,false,false
,Final Manufacturing PMI,USD,2014-05-01T09:45:00Z,None,55.8,55.4,55.4,false,false
,ISM Manufacturing PMI,USD,2014-05-01T10:00:00Z,High,54.3,53.7,54.9,false,false
,Construction Spending m/m,USD,2014-05-01T10:00:00Z,None,0.5%,-0.2%,0.2%,false,false
,ISM Manufacturing Prices,USD,2014-05-01T10:00:00Z,None,59.4,59.0,56.5,false,false
,Natural Gas Storage,USD,2014-05-01T10:30:00Z,None,75B,49B,82B,false,false
,MPC Member Cunliffe Speaks,GBP,2014-05-01T13:30:00Z,None,,,,false,false
,Household Spending y/y,JPY,2014-05-01T19:30:00Z,None,1.7%,-2.5%,7.2%,false,false
,Unemployment Rate,JPY,2014-05-01T19:30:00Z,None,3.6%,3.6%,3.6%,false,false
,Monetary Base y/y,JPY,2014-05-01T19:50:00Z,None,55.3%,54.8%,48.5%,false,false
,HIA New Home Sales m/m,AUD,2014-05-01T20:38:00Z,None,,4.6%,0.2%,false,false
,ANZ Commodity Prices m/m,NZD,2014-05-01T21:00:00Z,None,,-0.1%,-4.0%,false,false
,PPI q/q,AUD,2014-05-01T21:30:00Z,High,0.6%,0.2%,0.9%,false,false
,Spanish Manufacturing PMI,EUR,2014-05-02T03:15:00Z,None,53.2,52.8,52.7,false,false
,Manufacturing PMI,CHF,2014-05-02T03:30:00Z,None,55.1,54.4,55.8,false,false
,Italian Manufacturing PMI,EUR,2014-05-02T03:45:00Z,None,53.0,52.4,54.0,false,false
,French Final Manufacturing PMI,EUR,2014-05-02T03:50:00Z,None,50.9,50.9,51.2,false,false
,German Final Manufacturing PMI,EUR,2014-05-02T03:55:00Z,None,54.2,54.2,54.1,false,false
,Final Manufacturing PMI,EUR,2014-05-02T04:00:00Z,None,53.3,53.3,53.4,false,false
,Construction PMI,GBP,2014-05-02T04:30:00Z,High,62.2,62.5,60.8,false,false
,Unemployment Rate,EUR,2014-05-02T05:00:00Z,None,11.9%,11.8%,11.8%,false,false
,Non-Farm Employment Change,USD,2014-05-02T08:30:00Z,High,216K,203K,288K,false,false
,Unemployment Rate,USD,2014-05-02T08:30:00Z,High,6.6%,6.7%,6.3%,false,false
,Average Hourly Earnings m/m,USD,2014-05-02T08:30:00Z,None,0.2%,0.1%,0.0%,false,false
,Factory Orders m/m,USD,2014-05-02T10:00:00Z,None,1.5%,1.5%,1.1%,false,false
,Non-Manufacturing PMI,CNY,2014-05-02T21:00:00Z,None,,54.5,54.8,false,false
,Bank Holiday,JPY,2014-05-04T00:00:00Z,None,,,,true,false
,AIG Services Index,AUD,2014-05-04T19:25:00Z,None,,48.9,48.6,false,false
,MI Inflation Gauge m/m,AUD,2014-05-04T20:30:00Z,None,,0.2%,0.4%,false,false
,ANZ Job Advertisements m/m,AUD,2014-05-04T21:30:00Z,None,,1.4%,2.2%,false,false
,Building Approvals m/m,AUD,2014-05-04T21:30:00Z,High,1.3%,-5.4%,-3.5%,false,false
,RatingDog Manufacturing PMI,CNY,2014-05-04T21:45:00Z,High,48.4,48.3,48.1,false,false
,Bank Holiday,GBP,2014-05-05T00:00:00Z,None,,,,true,false
,Eurogroup Meetings,EUR,2014-05-05T00:00:00Z,None,,,,true,false
,Bank Holiday,JPY,2014-05-05T00:00:00Z,None,,,,true,false
,Sentix Investor Confidence,EUR,2014-05-05T04:30:00Z,None,14.2,14.1,12.8,false,false
,EU Economic Forecasts,EUR,2014-05-05T05:00:00Z,None,,,,false,false
,PPI m/m,EUR,2014-05-05T05:00:00Z,None,-0.2%,-0.2%,-0.2%,false,false
,Final Services PMI,USD,2014-05-05T09:45:00Z,None,54.2,54.2,55.0,false,false
,ISM Services PMI,USD,2014-05-05T10:00:00Z,High,54.3,53.1,55.2,false,false
,Loan Officer Survey,USD,2014-05-05T14:00:00Z,None,,,,false,false
,Goods Trade Balance,AUD,2014-05-05T21:30:00Z,High,1.10B,1.26B,0.73B,false,false
,ECOFIN Meetings,EUR,2014-05-06T00:00:00Z,None,,,,true,false
,Cash Rate,AUD,2014-05-06T00:30:00Z,High,2.50%,2.50%,2.50%,false,false
,RBA Rate Statement,AUD,2014-05-06T00:30:00Z,High,,,,false,false
,Spanish Unemployment Change,EUR,2014-05-06T03:00:00Z,None,-49.1K,-16.6K,-111.6K,false,false
,Spanish Services PMI,EUR,2014-05-06T03:15:00Z,None,54.3,54.0,56.5,false,false
,Italian Services PMI,EUR,2014-05-06T03:45:00Z,None,51.2,49.5,51.1,false,false
,French Final Services PMI,EUR,2014-05-06T03:50:00Z,None,50.3,50.3,50.4,false,false
,German Final Services PMI,EUR,2014-05-06T03:55:00Z,None,55.0,55.0,54.7,false,false
,Final Services PMI,EUR,2014-05-06T04:00:00Z,None,53.1,53.1,53.1,false,false
,Final Services PMI,GBP,2014-05-06T04:30:00Z,High,57.9,57.6,58.7,false,false
,Retail Sales m/m,EUR,2014-05-06T05:00:00Z,None,-0.2%,0.1%,0.3%,false,false
,Trade Balance,CAD,2014-05-06T08:30:00Z,High,0.4B,0.8B,0.1B,false,false
,Trade Balance,USD,2014-05-06T08:30:00Z,High,-40.1B,-41.9B,-40.4B,false,false
,Ivey PMI,CAD,2014-05-06T10:00:00Z,High,54.5,55.2,54.1,false,false
,RCM/TIPP Economic Optimism,USD,2014-05-06T10:00:00Z,None,47.6,48.0,45.8,false,false
,GDT Price Index,NZD,2014-05-06T10:44:00Z,None,,-2.6%,-1.1%,false,false
,FOMC Member Stein Speaks,USD,2014-05-06T17:30:00Z,None,,,,false,false
,Employment Change q/q,NZD,2014-05-06T18:45:00Z,High,0.6%,1.0%,0.9%,false,false
,Unemployment Rate,NZD,2014-05-06T18:45:00Z,High,5.8%,6.0%,6.0%,false,false
,Labor Cost Index q/q,NZD,2014-05-06T18:45:00Z,None,0.5%,0.6%,0.3%,false,false
,BRC Shop Price Index y/y,GBP,2014-05-06T19:01:00Z,None,,-1.7%,-1.4%,false,false
,AIG Construction Index,AUD,2014-05-06T19:30:00Z,None,,46.2,45.9,false,false
,Monetary Policy Meeting Minutes,JPY,2014-05-06T19:50:00Z,None,,,,false,false
,Retail Sales m/m,AUD,2014-05-06T21:30:00Z,High,0.4%,0.3%,0.1%,false,false
,RatingDog Services PMI,CNY,2014-05-06T21:45:00Z,None,,51.9,51.4,false,false
,Unemployment Rate,CHF,2014-05-07T01:45:00Z,None,3.2%,3.2%,3.2%,false,false
,German Factory Orders m/m,EUR,2014-05-07T02:00:00Z,None,0.3%,0.9%,-2.8%,false,false
,French Industrial Production m/m,EUR,2014-05-07T02:45:00Z,None,0.3%,0.1%,-0.7%,false,false
,French Trade Balance,EUR,2014-05-07T02:45:00Z,None,-4.0B,-3.8B,-4.9B,false,false
,Foreign Currency Reserves,CHF,2014-05-07T03:00:00Z,None,,438B,439B,false,false
,Retail PMI,EUR,2014-05-07T04:10:00Z,None,,49.2,51.2,false,false
,Building Permits m/m,CAD,2014-05-07T08:30:00Z,High,3.9%,-11.3%,-3.0%,false,false
,Prelim Nonfarm Productivity q/q,USD,2014-05-07T08:30:00Z,None,-0.9%,1.8%,-1.7%,false,false
,Prelim Unit Labor Costs q/q,USD,2014-05-07T08:30:00Z,None,2.3%,-0.1%,4.2%,false,false
,Fed Chair Yellen Testifies,USD,2014-05-07T10:00:00Z,High,,,,false,false
,Crude Oil Inventories,USD,2014-05-07T10:30:00Z,None,0.9M,1.7M,-1.8M,false,false
,10-y Bond Auction,USD,2014-05-07T13:01:00Z,None,,2.72|2.8,2.61|2.6,false,false
,Consumer Credit m/m,USD,2014-05-07T15:00:00Z,None,15.4B,13.0B,17.5B,false,false
,RICS House Price Balance,GBP,2014-05-07T19:01:00Z,None,55%,57%,54%,false,false
,Employment Change,AUD,2014-05-07T21:30:00Z,High,7.5K,21.9K,14.2K,false,false
,Unemployment Rate,AUD,2014-05-07T21:30:00Z,High,5.9%,5.8%,5.8%,false,false
,USD-Denominated Trade Balance,CNY,2014-05-07T22:19:00Z,High,15.2B,7.7B,18.5B,false,false
,10-y Bond Auction,JPY,2014-05-07T23:45:00Z,None,,0.63|4.8,0.60|3.5,false,false
,French Bank Holiday,EUR,2014-05-08T00:00:00Z,None,,,,true,false
,SECO Consumer Climate,CHF,2014-05-08T01:45:00Z,None,3,2,1,false,false
,German Industrial Production m/m,EUR,2014-05-08T02:00:00Z,None,0.2%,0.6%,-0.5%,false,false
,Lloyds HPI m/m,GBP,2014-05-08T02:59:00Z,None,0.8%,-1.2%,-0.2%,false,false
,CPI m/m,CHF,2014-05-08T03:15:00Z,None,0.1%,0.4%,0.1%,false,false
,Asset Purchase Facility,GBP,2014-05-08T07:00:00Z,High,375B,375B,375B,false,false
,Official Bank Rate,GBP,2014-05-08T07:00:00Z,High,0.50%,0.50%,0.50%,false,false
,Main Refinancing Rate,EUR,2014-05-08T07:45:00Z,High,0.25%,0.25%,0.25%,false,false
,Housing Starts,CAD,2014-05-08T08:13:00Z,None,177K,157K,195K,false,false
,NHPI m/m,CAD,2014-05-08T08:30:00Z,None,0.2%,0.2%,0.2%,false,false
,ECB Press Conference,EUR,2014-05-08T08:30:00Z,High,,,,false,false
,Unemployment Claims,USD,2014-05-08T08:30:00Z,High,328K,345K,319K,false,false
,Fed Chair Yellen Testifies,USD,2014-05-08T09:30:00Z,High,,,,false,false
,FOMC Member Tarullo Speaks,USD,2014-05-08T09:30:00Z,None,,,,false,false
,Treasury Sec Lew Speaks,USD,2014-05-08T10:00:00Z,None,,,,false,false
,Natural Gas Storage,USD,2014-05-08T10:30:00Z,None,71B,82B,74B,false,false
,Gov Board Member Danthine Speaks,CHF,2014-05-08T12:30:00Z,None,,,,false,false
,30-y Bond Auction,USD,2014-05-08T13:01:00Z,None,,3.53|2.5,3.44|2.1,false,false
,RBA Monetary Policy Statement,AUD,2014-05-08T21:30:00Z,High,,,,false,false
,CPI y/y,CNY,2014-05-08T21:30:00Z,High,2.1%,2.4%,1.8%,false,false
,PPI y/y,CNY,2014-05-08T21:30:00Z,None,-1.8%,-2.3%,-2.0%,false,false
,RBA Deputy Gov Debelle Speaks,AUD,2014-05-08T23:00:00Z,None,,,,false,false
,Leading Indicators,JPY,2014-05-09T01:00:00Z,None,106.9%,108.9%,106.5%,false,false
,German Trade Balance,EUR,2014-05-09T02:00:00Z,None,16.9B,15.8B,14.8B,false,false
,French Gov Budget Balance,EUR,2014-05-09T02:45:00Z,None,,-25.7B,-28.0B,false,false
,Italian Industrial Production m/m,EUR,2014-05-09T04:00:00Z,None,0.2%,-0.4%,-0.5%,false,false
,Manufacturing Production m/m,GBP,2014-05-09T04:30:00Z,High,0.3%,1.0%,0.5%,false,false
,Goods Trade Balance,GBP,2014-05-09T04:30:00Z,None,-9.0B,-8.7B,-8.5B,false,false
,Construction Output m/m,GBP,2014-05-09T04:30:00Z,None,1.1%,-2.0%,-1.0%,false,false
,Industrial Production m/m,GBP,2014-05-09T04:30:00Z,None,-0.1%,0.8%,-0.1%,false,false
,Employment Change,CAD,2014-05-09T08:30:00Z,High,12.8K,42.9K,-28.9K,false,false
,Unemployment Rate,CAD,2014-05-09T08:30:00Z,High,6.9%,6.9%,6.9%,false,false
,NIESR GDP Estimate,GBP,2014-05-09T10:00:00Z,None,,0.8%,1.0%,false,false
,JOLTS Job Openings,USD,2014-05-09T10:00:00Z,High,4.21M,4.13M,4.01M,false,false
,Final Wholesale Inventories m/m,USD,2014-05-09T10:00:00Z,None,0.5%,0.7%,1.1%,false,false
,FOMC Member Kocherlakota Speaks,USD,2014-05-09T18:00:00Z,None,,,,false,false
,Current Account,JPY,2014-05-11T19:50:00Z,None,-0.54T,-0.04T,-0.78T,false,false
,Bank Lending y/y,JPY,2014-05-11T19:50:00Z,None,,2.1%,2.1%,false,false
,NAB Business Confidence,AUD,2014-05-11T21:30:00Z,High,,5,6,false,false
,REINZ HPI m/m,NZD,2014-05-11T23:00:00Z,None,,3.4%,0.1%,false,false
,Economy Watchers Sentiment,JPY,2014-05-12T01:00:00Z,None,45.2,57.9,41.6,false,false
,Retail Sales y/y,CHF,2014-05-12T03:15:00Z,None,1.9%,1.2%,3.0%,false,false
,New Loans,CNY,2014-05-12T04:02:00Z,None,840B,1050B,775B,false,false
,M2 Money Supply y/y,CNY,2014-05-12T04:02:00Z,None,12.2%,12.1%,13.2%,false,false
,FOMC Member Plosser Speaks,USD,2014-05-12T12:00:00Z,None,,,,false,false
,Federal Budget Balance,USD,2014-05-12T13:59:00Z,None,112.6B,-36.9B,106.9B,false,false
,FPI m/m,NZD,2014-05-12T18:45:00Z,None,,-0.3%,0.6%,false,false
,BRC Retail Sales Monitor y/y,GBP,2014-05-12T19:01:00Z,None,,-1.7%,4.2%,false,false
,M2 Money Stock y/y,JPY,2014-05-12T19:50:00Z,None,3.4%,3.6%,3.4%,false,false
,Home Loans m/m,AUD,2014-05-12T21:30:00Z,None,-0.1%,1.4%,-0.9%,false,false
,HPI q/q,AUD,2014-05-12T21:30:00Z,None,3.0%,3.8%,1.7%,false,false
,30-y Bond Auction,JPY,2014-05-12T23:45:00Z,None,,1.70|2.9,1.71|4.6,false,false
,Industrial Production y/y,CNY,2014-05-13T01:30:00Z,High,8.9%,8.8%,8.7%,false,false
,Fixed Asset Investment ytd/y,CNY,2014-05-13T01:30:00Z,None,17.7%,17.6%,17.3%,false,false
,Retail Sales y/y,CNY,2014-05-13T01:30:00Z,None,12.2%,12.2%,11.9%,false,false
,German WPI m/m,EUR,2014-05-13T02:00:00Z,None,0.1%,0.0%,0.2%,false,false
,MPC Member Cunliffe Speaks,GBP,2014-05-13T04:10:00Z,None,,,,false,false
,German ZEW Economic Sentiment,EUR,2014-05-13T05:00:00Z,High,41.3,43.2,33.1,false,false
,ZEW Economic Sentiment,EUR,2014-05-13T05:00:00Z,None,63.5,61.2,55.2,false,false
,Annual Budget Release,AUD,2014-05-13T05:30:00Z,High,,,,false,false
,NFIB Small Business Index,USD,2014-05-13T07:30:00Z,None,94.6,93.4,95.2,false,false
,Core Retail Sales m/m,USD,2014-05-13T08:30:00Z,High,0.6%,1.0%,0.0%,false,false
,Retail Sales m/m,USD,2014-05-13T08:30:00Z,High,0.5%,1.5%,0.1%,false,false
,Import Prices m/m,USD,2014-05-13T08:30:00Z,None,0.4%,0.4%,-0.4%,false,false
,Business Inventories m/m,USD,2014-05-13T10:00:00Z,None,0.4%,0.5%,0.4%,false,false
,BOC Review,CAD,2014-05-13T10:30:00Z,None,,,,false,false
,RBNZ Financial Stability Report,NZD,2014-05-13T17:00:00Z,High,,,,false,false
,RBNZ Gov Wheeler Speaks,NZD,2014-05-13T17:05:00Z,High,,,,false,false
,Retail Sales q/q,NZD,2014-05-13T18:45:00Z,High,0.9%,1.4%,0.7%,false,false
,Core Retail Sales q/q,NZD,2014-05-13T18:45:00Z,None,0.9%,1.0%,0.8%,false,false
,PPI y/y,JPY,2014-05-13T19:50:00Z,None,4.1%,1.7%,4.1%,false,false
,German Final CPI m/m,EUR,2014-05-14T02:00:00Z,None,-0.2%,-0.2%,-0.2%,false,false
,Prelim Machine Tool Orders y/y,JPY,2014-05-14T02:00:00Z,None,,41.8%,48.8%,false,false
,French Final CPI m/m,EUR,2014-05-14T02:45:00Z,None,0.2%,0.4%,0.0%,false,false
,Claimant Count Change,GBP,2014-05-14T04:30:00Z,High,-30.7K,-30.6K,-25.1K,false,false
,Unemployment Rate,GBP,2014-05-14T04:30:00Z,High,6.8%,6.9%,6.8%,false,false
,Average Earnings Index 3m/y,GBP,2014-05-14T04:30:00Z,None,2.2%,1.7%,1.7%,false,false
,UBS Economic Expectations,CHF,2014-05-14T05:00:00Z,None,,7.0,7.4,false,false
,Industrial Production m/m,EUR,2014-05-14T05:00:00Z,None,-0.3%,0.2%,-0.3%,false,false
,BOE Gov Carney Speaks,GBP,2014-05-14T05:30:00Z,High,,,,false,false
,BOE Monetary Policy Report,GBP,2014-05-14T05:30:00Z,High,,,,false,false
,PPI m/m,USD,2014-05-14T08:30:00Z,High,0.2%,0.5%,0.6%,false,false
,Core PPI m/m,USD,2014-05-14T08:30:00Z,None,0.2%,0.6%,0.5%,false,false
,German Buba President Weidmann Speaks,EUR,2014-05-14T10:30:00Z,High,,,,false,false
,Crude Oil Inventories,USD,2014-05-14T10:30:00Z,None,-0.4M,-1.8M,0.9M,false,false
,BusinessNZ Manufacturing Index,NZD,2014-05-14T18:30:00Z,None,,58.0,55.2,false,false
,Prelim GDP q/q,JPY,2014-05-14T19:50:00Z,None,1.0%,0.2%,1.5%,false,false
,Tertiary Industry Activity m/m,JPY,2014-05-14T19:50:00Z,None,2.5%,-0.9%,2.4%,false,false
,Prelim GDP Price Index y/y,JPY,2014-05-14T19:50:00Z,None,-0.1%,-0.3%,0.0%,false,false
,New Motor Vehicle Sales m/m,AUD,2014-05-14T21:30:00Z,None,,-0.3%,0.0%,false,false
,Annual Budget Release,NZD,2014-05-14T22:00:00Z,High,,,,false,false
,BOJ Gov Kuroda Speaks,JPY,2014-05-15T00:25:00Z,High,,,,false,false
,Consumer Confidence,JPY,2014-05-15T01:00:00Z,None,37.0,37.5,37.0,false,false
,French Prelim GDP q/q,EUR,2014-05-15T01:30:00Z,None,0.4%,0.2%,0.0%,false,false
,German Prelim GDP q/q,EUR,2014-05-15T02:00:00Z,High,0.7%,0.4%,0.8%,false,false
,PPI m/m,CHF,2014-05-15T03:15:00Z,None,0.3%,0.0%,-0.3%,false,false
,ECB Monthly Bulletin,EUR,2014-05-15T04:00:00Z,None,,,,false,false
,Italian Prelim GDP q/q,EUR,2014-05-15T04:00:00Z,None,0.2%,0.1%,-0.1%,false,false
,Final Core CPI y/y,EUR,2014-05-15T05:00:00Z,None,1.0%,1.0%,1.0%,false,false
,Flash GDP q/q,EUR,2014-05-15T05:00:00Z,None,0.4%,0.2%,0.2%,false,false
,CB Leading Index m/m,GBP,2014-05-15T05:00:00Z,None,,0.4%,0.3%,false,false
,Final CPI y/y,EUR,2014-05-15T05:00:00Z,None,0.7%,0.7%,0.7%,false,false
,Empire State Manufacturing Index,USD,2014-05-15T08:30:00Z,None,5.5,1.3,19.0,false,false
,Manufacturing Sales m/m,CAD,2014-05-15T08:30:00Z,High,0.2%,1.5%,0.4%,false,false
,CPI y/y,USD,2014-05-15T08:30:00Z,High,2.0%,1.5%,2.0%,false,false
,Unemployment Claims,USD,2014-05-15T08:30:00Z,High,321K,321K,297K,false,false
,CPI m/m,USD,2014-05-15T08:30:00Z,None,0.3%,0.2%,0.3%,false,false
,Core CPI m/m,USD,2014-05-15T08:30:00Z,High,0.1%,0.2%,0.2%,false,false
,Core CPI y/y,USD,2014-05-15T08:30:00Z,High,1.7%,1.7%,1.8%,false,false
,TIC Long-Term Purchases,USD,2014-05-15T09:00:00Z,None,32.3B,90.3B,4.0B,false,false
,Capacity Utilization Rate,USD,2014-05-15T09:15:00Z,None,79.2%,79.3%,78.6%,false,false
,Industrial Production m/m,USD,2014-05-15T09:15:00Z,None,0.4%,0.9%,-0.6%,false,false
,Philly Fed Manufacturing Index,USD,2014-05-15T10:00:00Z,High,13.9,16.6,15.4,false,false
,Mortgage Delinquencies,USD,2014-05-15T10:00:00Z,None,,6.41%,6.11%,false,false
,NAHB Housing Market Index,USD,2014-05-15T10:00:00Z,None,49,46,45,false,false
,Natural Gas Storage,USD,2014-05-15T10:30:00Z,None,99B,74B,105B,false,false
,Gov Council Member Schembri Speaks,CAD,2014-05-15T12:30:00Z,None,,,,false,false
,Fed Chair Yellen Speaks,USD,2014-05-15T19:00:00Z,High,,,,false,false
,Foreign Direct Investment ytd/y,CNY,2014-05-15T22:00:00Z,None,,5.5%,5.0%,false,false
,Revised Industrial Production m/m,JPY,2014-05-16T00:30:00Z,None,0.3%,0.3%,0.7%,false,false
,French Prelim Private Payrolls q/q,EUR,2014-05-16T02:45:00Z,None,-0.1%,0.1%,-0.1%,false,false
,Italian Trade Balance,EUR,2014-05-16T04:00:00Z,None,2.47B,2.63B,3.87B,false,false
,Trade Balance,EUR,2014-05-16T05:00:00Z,None,17.3B,15.0B,15.2B,false,false
,Foreign Securities Purchases,CAD,2014-05-16T08:30:00Z,None,7.21B,6.07B,-1.23B,false,false
,Building Permits,USD,2014-05-16T08:30:00Z,High,1.01M,1.00M,1.08M,false,false
,Housing Starts,USD,2014-05-16T08:30:00Z,None,0.98M,0.95M,1.07M,false,false
,Prelim UoM Consumer Sentiment,USD,2014-05-16T09:55:00Z,High,84.7,84.1,81.8,false,false
,Prelim UoM Inflation Expectations,USD,2014-05-16T09:55:00Z,None,,3.2%,3.2%,false,false
,BusinessNZ Services Index,NZD,2014-05-18T18:30:00Z,None,,58.0,58.9,false,false
,PPI Output q/q,NZD,2014-05-18T18:45:00Z,None,0.4%,-0.4%,0.9%,false,false
,PPI Input q/q,NZD,2014-05-18T18:45:00Z,None,0.5%,-0.7%,1.0%,false,false
,Rightmove HPI m/m,GBP,2014-05-18T19:01:00Z,None,,2.6%,3.6%,false,false
,Core Machinery Orders m/m,JPY,2014-05-18T19:50:00Z,None,6.1%,-8.8%,19.1%,false,false
,Bank Holiday,CAD,2014-05-19T00:00:00Z,None,,,,true,false
,German Buba President Weidmann Speaks,EUR,2014-05-19T03:00:00Z,High,,,,false,false
,German Buba Monthly Report,EUR,2014-05-19T06:00:00Z,None,,,,false,false
,CB Leading Index m/m,AUD,2014-05-19T20:00:00Z,None,,0.2%,0.0%,false,false
,Monetary Policy Meeting Minutes,AUD,2014-05-19T21:30:00Z,High,,,,false,false
,RBA Deputy Gov Debelle Speaks,AUD,2014-05-19T23:15:00Z,None,,,,false,false
,All Industries Activity m/m,JPY,2014-05-20T00:30:00Z,None,1.6%,-1.1%,1.5%,false,false
,German PPI m/m,EUR,2014-05-20T02:00:00Z,None,0.0%,-0.3%,-0.1%,false,false
,CPI y/y,GBP,2014-05-20T04:30:00Z,High,1.7%,1.6%,1.8%,false,false
,PPI Input m/m,GBP,2014-05-20T04:30:00Z,None,0.0%,-0.4%,-1.1%,false,false
,RPI y/y,GBP,2014-05-20T04:30:00Z,None,2.6%,2.5%,2.5%,false,false
,Core CPI y/y,GBP,2014-05-20T04:30:00Z,None,1.8%,1.6%,2.0%,false,false
,ONS HPI y/y,GBP,2014-05-20T04:30:00Z,None,10.7%,9.2%,8.0%,false,false
,PPI Output m/m,GBP,2014-05-20T04:30:00Z,None,0.2%,0.2%,0.0%,false,false
,Wholesale Sales m/m,CAD,2014-05-20T08:30:00Z,None,0.4%,1.5%,-0.4%,false,false
,GDT Price Index,NZD,2014-05-20T10:51:00Z,None,,-1.1%,-1.8%,false,false
,FOMC Member Plosser Speaks,USD,2014-05-20T12:30:00Z,None,,,,false,false
,FOMC Member Dudley Speaks,USD,2014-05-20T13:00:00Z,None,,,,false,false
,MPC Member Bean Speaks,GBP,2014-05-20T13:30:00Z,None,,,,false,false
,Visitor Arrivals m/m,NZD,2014-05-20T18:45:00Z,None,,-3.1%,1.7%,false,false
,Trade Balance,JPY,2014-05-20T19:50:00Z,None,-0.60T,-1.63T,-0.84T,false,false
,Westpac Consumer Sentiment,AUD,2014-05-20T20:30:00Z,None,,0.3%,-6.8%,false,false
,Wage Price Index q/q,AUD,2014-05-20T21:30:00Z,None,0.8%,0.7%,0.7%,false,false
,Monetary Policy Statement,JPY,2014-05-20T22:42:00Z,High,,,,false,false
,Credit Card Spending y/y,NZD,2014-05-20T23:02:00Z,None,,7.6%,3.2%,false,false
,BOJ Press Conference,JPY,2014-05-21T02:32:00Z,High,,,,false,false
,Current Account,EUR,2014-05-21T04:00:00Z,None,24.2B,21.8B,18.8B,false,false
,MPC Official Bank Rate Votes,GBP,2014-05-21T04:30:00Z,High,0-0-9,0-0-9,0-0-9,false,false
,Retail Sales m/m,GBP,2014-05-21T04:30:00Z,High,0.4%,0.5%,1.3%,false,false
,MPC Asset Purchase Facility Votes,GBP,2014-05-21T04:30:00Z,High,0-0-9,0-0-9,0-0-9,false,false
,German 10-y Bond Auction,EUR,2014-05-21T05:33:00Z,None,,1.49|1.3,1.41|1.1,false,false
,Consumer Confidence,EUR,2014-05-21T10:00:00Z,None,-8,-9,-7,false,false
,FOMC Member Dudley Speaks,USD,2014-05-21T10:00:00Z,None,,,,false,false
,Crude Oil Inventories,USD,2014-05-21T10:30:00Z,None,-0.1M,0.9M,-7.2M,false,false
,Fed Chair Yellen Speaks,USD,2014-05-21T11:30:00Z,None,,,,false,false
,FOMC Member Kocherlakota Speaks,USD,2014-05-21T13:30:00Z,None,,,,false,false
,FOMC Meeting Minutes,USD,2014-05-21T14:00:00Z,High,,,,false,false
,MI Inflation Expectations,AUD,2014-05-21T21:02:00Z,None,,4.2%,4.4%,false,false
,Flash Manufacturing PMI,JPY,2014-05-21T21:35:00Z,None,,49.4,49.9,false,false
,Caixin Flash Manufacturing PMI,CNY,2014-05-21T21:45:00Z,High,48.4,48.1,49.7,false,false
,Inflation Expectations q/q,NZD,2014-05-21T23:00:00Z,None,,2.33%,2.36%,false,false
,European Parliamentary Elections,EUR,2014-05-22T00:00:00Z,None,,,,false,false
,BOJ Monthly Report,JPY,2014-05-22T01:00:00Z,None,,,,false,false
,French Flash Manufacturing PMI,EUR,2014-05-22T03:00:00Z,High,51.1,51.2,49.3,false,false
,French Flash Services PMI,EUR,2014-05-22T03:00:00Z,None,50.3,50.4,49.2,false,false
,German Flash Services PMI,EUR,2014-05-22T03:30:00Z,None,54.8,54.7,56.4,false,false
,German Flash Manufacturing PMI,EUR,2014-05-22T03:30:00Z,High,54.0,54.1,52.9,false,false
,Flash Manufacturing PMI,EUR,2014-05-22T04:00:00Z,None,53.2,53.4,52.5,false,false
,Flash Services PMI,EUR,2014-05-22T04:00:00Z,None,53.0,53.1,53.5,false,false
,Second Estimate GDP q/q,GBP,2014-05-22T04:30:00Z,High,0.8%,0.8%,0.8%,false,false
,Prelim Business Investment q/q,GBP,2014-05-22T04:30:00Z,None,2.3%,2.4%,2.7%,false,false
,Public Sector Net Borrowing,GBP,2014-05-22T04:30:00Z,None,3.6B,6.1B,9.6B,false,false
,Index of Services 3m/3m,GBP,2014-05-22T04:30:00Z,None,0.9%,0.8%,0.9%,false,false
,Spanish 10-y Bond Auction,EUR,2014-05-22T04:39:00Z,None,,3.06|1.8,2.97|1.7,false,false
,CBI Industrial Order Expectations,GBP,2014-05-22T06:00:00Z,None,4,-1,0,false,false
,Core Retail Sales m/m,CAD,2014-05-22T08:30:00Z,High,0.5%,0.9%,0.1%,false,false
,Unemployment Claims,USD,2014-05-22T08:30:00Z,High,312K,298K,326K,false,false
,Retail Sales m/m,CAD,2014-05-22T08:30:00Z,None,0.2%,0.7%,-0.1%,false,false
,Flash Manufacturing PMI,USD,2014-05-22T09:45:00Z,None,55.6,55.4,56.2,false,false
,Existing Home Sales,USD,2014-05-22T10:00:00Z,High,4.71M,4.59M,4.65M,false,false
,CB Leading Index m/m,USD,2014-05-22T10:00:00Z,None,0.4%,1.0%,0.4%,false,false
,Natural Gas Storage,USD,2014-05-22T10:30:00Z,None,104B,105B,106B,false,false
,CB Leading Index m/m,CNY,2014-05-22T22:00:00Z,None,,1.1%,0.9%,false,false
,European Parliamentary Elections,EUR,2014-05-23T00:00:00Z,None,,,,false,false
,German Final GDP q/q,EUR,2014-05-23T02:00:00Z,None,0.8%,0.8%,0.8%,false,false
,Italian Retail Sales m/m,EUR,2014-05-23T04:00:00Z,None,0.3%,0.0%,-0.2%,false,false
,German ifo Business Climate,EUR,2014-05-23T04:00:00Z,High,111.0,111.2,110.4,false,false
,CPI m/m,CAD,2014-05-23T08:30:00Z,None,0.3%,0.6%,0.3%,false,false
,Core CPI m/m,CAD,2014-05-23T08:30:00Z,High,0.2%,0.3%,0.2%,false,false
,Belgian NBB Business Climate,EUR,2014-05-23T09:00:00Z,None,-4.7,-4.6,-6.8,false,false
,New Home Sales,USD,2014-05-23T10:00:00Z,High,426K,407K,433K,false,false
,European Parliamentary Elections,EUR,2014-05-24T00:00:00Z,None,,,,false,false
,European Parliamentary Elections,EUR,2014-05-25T00:00:00Z,High,,,,false,false
,ECB President Draghi Speaks,EUR,2014-05-25T13:30:00Z,High,,,,false,false
,Trade Balance,NZD,2014-05-25T18:45:00Z,High,636M,935M,534M,false,false
,Monetary Policy Meeting Minutes,JPY,2014-05-25T19:50:00Z,None,,,,false,false
,Bank Holiday,GBP,2014-05-26T00:00:00Z,None,,,,true,false
,Bank Holiday,USD,2014-05-26T00:00:00Z,None,,,,true,false
,German GfK Consumer Climate,EUR,2014-05-26T02:00:00Z,None,8.5,8.5,8.5,false,false
,ECB President Draghi Speaks,EUR,2014-05-26T04:00:00Z,High,,,,false,false
,SPPI y/y,JPY,2014-05-26T19:50:00Z,None,3.3%,0.7%,3.4%,false,false
,Trade Balance,CHF,2014-05-27T02:00:00Z,None,2.43B,2.00B,2.43B,false,false
,Employment Level,CHF,2014-05-27T03:15:00Z,None,4.21M,4.19M,4.19M,false,false
,High Street Lending,GBP,2014-05-27T04:30:00Z,None,45.2K,45.0K,42.2K,false,false
,Core Durable Goods Orders m/m,USD,2014-05-27T08:30:00Z,High,0.2%,2.4%,0.1%,false,false
,Corporate Profits q/q,CAD,2014-05-27T08:30:00Z,None,,0.8%,7.4%,false,false
,Durable Goods Orders m/m,USD,2014-05-27T08:30:00Z,None,-0.5%,2.9%,0.8%,false,false
,S&P/CS Composite-20 HPI y/y,USD,2014-05-27T09:00:00Z,None,11.9%,12.9%,12.4%,false,false
,HPI m/m,USD,2014-05-27T09:05:00Z,None,0.5%,0.6%,0.7%,false,false
,ECB President Draghi Speaks,EUR,2014-05-27T09:30:00Z,High,,,,false,false
,Flash Services PMI,USD,2014-05-27T09:45:00Z,None,55.6,55.0,58.4,false,false
,Richmond Manufacturing Index,USD,2014-05-27T09:59:00Z,None,5,7,7,false,false
,CB Consumer Confidence,USD,2014-05-27T10:00:00Z,High,83.2,81.7,83.0,false,false
,BOE Gov Carney Speaks,GBP,2014-05-27T15:00:00Z,High,,,,false,false
,BOJ Gov Kuroda Speaks,JPY,2014-05-27T20:00:00Z,High,,,,false,false
,MI Leading Index m/m,AUD,2014-05-27T20:30:00Z,None,,0.0%,-0.5%,false,false
,ANZ Business Confidence,NZD,2014-05-27T21:00:00Z,High,,64.8,53.5,false,false
,Construction Work Done q/q,AUD,2014-05-27T21:30:00Z,None,-0.3%,-1.1%,0.3%,false,false
,GDP q/q,CHF,2014-05-28T01:45:00Z,None,0.6%,0.2%,0.5%,false,false
,UBS Consumption Indicator,CHF,2014-05-28T02:00:00Z,None,,1.84,1.72,false,false
,German Import Prices m/m,EUR,2014-05-28T02:00:00Z,None,0.3%,-0.6%,-0.3%,false,false
,French Consumer Spending m/m,EUR,2014-05-28T02:45:00Z,None,0.5%,0.6%,-0.3%,false,false
,German Unemployment Change,EUR,2014-05-28T03:55:00Z,None,-14K,-25K,24K,false,false
,Private Loans y/y,EUR,2014-05-28T04:00:00Z,None,-2.1%,-2.2%,-1.8%,false,false
,M3 Money Supply y/y,EUR,2014-05-28T04:00:00Z,None,1.2%,1.0%,0.8%,false,false
,German 30-y Bond Auction,EUR,2014-05-28T05:34:00Z,None,,2.53|1.1,2.25|1.1,false,false
,ECB Financial Stability Review,EUR,2014-05-28T06:00:00Z,None,,,,false,false
,CBI Realized Sales,GBP,2014-05-28T06:00:00Z,None,36,30,16,false,false
,Retail Sales y/y,JPY,2014-05-28T19:50:00Z,None,-3.2%,11.0%,-4.4%,false,false
,HIA New Home Sales m/m,AUD,2014-05-28T21:00:00Z,None,,0.2%,2.9%,false,false
,Private Capital Expenditure q/q,AUD,2014-05-28T21:30:00Z,High,-1.6%,-4.5%,-4.2%,false,false
,German Bank Holiday,EUR,2014-05-29T00:00:00Z,None,,,,true,false
,French Bank Holiday,EUR,2014-05-29T00:00:00Z,None,,,,true,false
,Bank Holiday,CHF,2014-05-29T00:00:00Z,None,,,,true,false
,Italian 10-y Bond Auction,EUR,2014-05-29T05:21:00Z,None,,3.22|1.3,3.01|1.3,false,false
,Current Account,CAD,2014-05-29T08:30:00Z,None,-12.4B,-15.6B,-12.4B,false,false
,Prelim GDP q/q,USD,2014-05-29T08:30:00Z,High,-0.6%,0.1%,-1.0%,false,false
,Unemployment Claims,USD,2014-05-29T08:30:00Z,High,321K,327K,300K,false,false
,Prelim GDP Price Index q/q,USD,2014-05-29T08:30:00Z,None,1.3%,1.3%,1.3%,false,false
,Pending Home Sales m/m,USD,2014-05-29T10:00:00Z,High,1.1%,3.4%,0.4%,false,false
,Natural Gas Storage,USD,2014-05-29T10:30:00Z,None,110B,106B,114B,false,false
,Crude Oil Inventories,USD,2014-05-29T11:00:00Z,None,-0.1M,-7.2M,1.7M,false,false
,GfK Consumer Confidence,GBP,2014-05-29T18:15:00Z,None,-2,-3,0,false,false
,Building Consents m/m,NZD,2014-05-29T18:45:00Z,None,,9.2%,1.5%,false,false
,National Core CPI y/y,JPY,2014-05-29T19:30:00Z,None,3.1%,1.3%,3.2%,false,false
,Tokyo Core CPI y/y,JPY,2014-05-29T19:30:00Z,None,2.9%,2.7%,2.8%,false,false
,Unemployment Rate,JPY,2014-05-29T19:30:00Z,None,3.6%,3.6%,3.6%,false,false
,Household Spending y/y,JPY,2014-05-29T19:30:00Z,None,-3.4%,7.2%,-4.6%,false,false
,Prelim Industrial Production m/m,JPY,2014-05-29T19:50:00Z,None,-1.9%,0.7%,-2.5%,false,false
,Private Sector Credit m/m,AUD,2014-05-29T21:30:00Z,None,0.4%,0.4%,0.5%,false,false
,Housing Starts y/y,JPY,2014-05-30T01:00:00Z,None,-8.2%,-2.9%,-3.3%,false,false
,German Retail Sales m/m,EUR,2014-05-30T02:00:00Z,None,0.4%,0.1%,-0.9%,false,false
,KOF Economic Barometer,CHF,2014-05-30T03:00:00Z,None,102.1,101.8,99.8,false,false
,Spanish Flash CPI y/y,EUR,2014-05-30T03:00:00Z,None,0.3%,0.4%,0.2%,false,false
,Italian Prelim CPI m/m,EUR,2014-05-30T05:00:00Z,None,0.0%,0.2%,-0.1%,false,false
,GDP m/m,CAD,2014-05-30T08:30:00Z,High,0.1%,0.2%,0.1%,false,false
,RMPI m/m,CAD,2014-05-30T08:30:00Z,None,1.2%,0.7%,0.1%,false,false
,IPPI m/m,CAD,2014-05-30T08:30:00Z,None,0.4%,0.5%,-0.2%,false,false
,Core PCE Price Index m/m,USD,2014-05-30T08:30:00Z,None,0.2%,0.2%,0.2%,false,false
,FOMC Member Pianalto Speaks,USD,2014-05-30T08:30:00Z,None,,,,false,false
,Personal Spending m/m,USD,2014-05-30T08:30:00Z,None,0.2%,1.0%,-0.1%,false,false
,Personal Income m/m,USD,2014-05-30T08:30:00Z,None,0.3%,0.5%,0.3%,false,false
,Chicago PMI,USD,2014-05-30T09:43:00Z,None,60.8,63.0,65.5,false,false
,Revised UoM Consumer Sentiment,USD,2014-05-30T09:55:00Z,None,82.9,81.8,81.9,false,false
,Revised UoM Inflation Expectations,USD,2014-05-30T09:55:00Z,None,,3.2%,3.3%,false,false
,FOMC Member Mester Speaks,USD,2014-05-30T12:30:00Z,None,,,,false,false
,FOMC Member Plosser Speaks,USD,2014-05-30T17:00:00Z,None,,,,false,false
,Manufacturing PMI,CNY,2014-05-31T21:00:00Z,High,50.7,50.4,50.8,false,false
,Bank Holiday,NZD,2014-06-01T00:00:00Z,None,,,,true,false
,Bank Holiday,CNY,2014-06-01T00:00:00Z,None,,,,true,false
,AIG Manufacturing Index,AUD,2014-06-01T19:30:00Z,None,,44.8,49.2,false,false
,Capital Spending q/y,JPY,2014-06-01T19:50:00Z,None,5.7%,4.0%,7.4%,false,false
,MI Inflation Gauge m/m,AUD,2014-06-01T20:30:00Z,None,,0.4%,0.3%,false,false
,Building Approvals m/m,AUD,2014-06-01T21:30:00Z,High,2.1%,-4.8%,-5.6%,false,false
,Company Operating Profits q/q,AUD,2014-06-01T21:30:00Z,None,2.6%,2.5%,3.1%,false,false
,Final Manufacturing PMI,JPY,2014-06-01T21:35:00Z,None,49.9,49.9,49.9,false,false
,Italian Bank Holiday,EUR,2014-06-02T00:00:00Z,None,,,,true,false
,German Prelim CPI m/m,EUR,2014-06-02T00:00:00Z,High,0.1%,-0.2%,-0.1%,true,false
,Commodity Prices y/y,AUD,2014-06-02T02:30:00Z,None,,-14.1%,-12.8%,false,false
,Spanish Manufacturing PMI,EUR,2014-06-02T03:15:00Z,None,52.6,52.7,52.9,false,false
,Manufacturing PMI,CHF,2014-06-02T03:30:00Z,None,55.7,55.8,52.5,false,false
,Italian Manufacturing PMI,EUR,2014-06-02T03:45:00Z,None,54.3,54.0,53.2,false,false
,French Final Manufacturing PMI,EUR,2014-06-02T03:50:00Z,None,49.3,49.3,49.6,false,false
,German Final Manufacturing PMI,EUR,2014-06-02T03:55:00Z,None,52.9,52.9,52.3,false,false
,Final Manufacturing PMI,EUR,2014-06-02T04:00:00Z,None,52.5,52.5,52.2,false,false
,Final Manufacturing PMI,GBP,2014-06-02T04:30:00Z,High,57.1,57.3,57.0,false,false
,Net Lending to Individuals m/m,GBP,2014-06-02T04:30:00Z,None,2.7B,2.8B,2.4B,false,false
,M4 Money Supply m/m,GBP,2014-06-02T04:30:00Z,None,0.3%,-2.3%,-0.2%,false,false
,Mortgage Approvals,GBP,2014-06-02T04:30:00Z,None,64K,67K,63K,false,false
,Treasury Sec Lew Speaks,USD,2014-06-02T08:40:00Z,None,,,,false,false
,Manufacturing PMI,CAD,2014-06-02T09:30:00Z,None,,52.9,52.2,false,false
,Final Manufacturing PMI,USD,2014-06-02T09:45:00Z,None,56.2,56.2,56.4,false,false
,ISM Manufacturing PMI,USD,2014-06-02T10:00:00Z,High,55.7,54.9,55.4,false,false
,Construction Spending m/m,USD,2014-06-02T10:00:00Z,None,0.8%,0.6%,0.2%,false,false
,ISM Manufacturing Prices,USD,2014-06-02T10:00:00Z,None,56.8,56.5,60.0,false,false
,Overseas Trade Index q/q,NZD,2014-06-02T18:45:00Z,None,1.9%,2.5%,1.8%,false,false
,Monetary Base y/y,JPY,2014-06-02T19:50:00Z,None,51.2%,48.5%,45.6%,false,false
,Non-Manufacturing PMI,CNY,2014-06-02T21:00:00Z,High,,54.8,55.5,false,false
,Retail Sales m/m,AUD,2014-06-02T21:30:00Z,High,0.3%,0.1%,0.2%,false,false
,Current Account,AUD,2014-06-02T21:30:00Z,None,-7.1B,-11.7B,-5.7B,false,false
,Average Cash Earnings y/y,JPY,2014-06-02T21:30:00Z,None,0.6%,0.7%,0.9%,false,false
,RatingDog Manufacturing PMI,CNY,2014-06-02T21:45:00Z,High,49.7,49.7,49.4,false,false
,10-y Bond Auction,JPY,2014-06-02T23:45:00Z,None,,0.60|3.5,0.61|3.7,false,false
,Total Vehicle Sales,USD,2014-06-03T00:00:00Z,None,16.0M,16.0M,16.8M,true,false
,Cash Rate,AUD,2014-06-03T00:30:00Z,High,2.50%,2.50%,2.50%,false,false
,RBA Rate Statement,AUD,2014-06-03T00:30:00Z,High,,,,false,false
,Nationwide HPI m/m,GBP,2014-06-03T02:00:00Z,None,0.7%,1.2%,0.7%,false,false
,Spanish Unemployment Change,EUR,2014-06-03T03:00:00Z,None,-112.3K,-111.6K,-111.9K,false,false
,Italian Monthly Unemployment Rate,EUR,2014-06-03T04:00:00Z,None,12.7%,12.6%,12.6%,false,false
,Italian Quarterly Unemployment Rate,EUR,2014-06-03T04:00:00Z,None,12.7%,12.5%,12.7%,false,false
,Construction PMI,GBP,2014-06-03T04:30:00Z,High,61.2,60.8,60.0,false,false
,CPI Flash Estimate y/y,EUR,2014-06-03T05:00:00Z,High,0.7%,0.7%,0.5%,false,false
,Core CPI Flash Estimate y/y,EUR,2014-06-03T05:00:00Z,None,0.9%,1.0%,0.7%,false,false
,Unemployment Rate,EUR,2014-06-03T05:00:00Z,None,11.8%,11.8%,11.7%,false,false
,Factory Orders m/m,USD,2014-06-03T10:00:00Z,None,0.6%,1.5%,0.7%,false,false
,RCM/TIPP Economic Optimism,USD,2014-06-03T10:00:00Z,None,46.5,45.8,47.7,false,false
,GDT Price Index,NZD,2014-06-03T10:39:00Z,None,,-1.8%,-4.2%,false,false
,BRC Shop Price Index y/y,GBP,2014-06-03T19:01:00Z,None,,-1.4%,-1.4%,false,false
,AIG Services Index,AUD,2014-06-03T19:30:00Z,None,,48.6,49.9,false,false
,ANZ Commodity Prices m/m,NZD,2014-06-03T21:00:00Z,None,,-3.7%,-2.2%,false,false
,GDP q/q,AUD,2014-06-03T21:30:00Z,High,0.9%,0.8%,1.1%,false,false
,G7 Meetings,All,2014-06-04T00:00:00Z,High,,,,false,false
,Spanish Services PMI,EUR,2014-06-04T03:15:00Z,None,56.1,56.5,55.7,false,false
,Italian Services PMI,EUR,2014-06-04T03:45:00Z,None,51.4,51.1,51.6,false,false
,French Final Services PMI,EUR,2014-06-04T03:50:00Z,None,49.2,49.2,49.1,false,false
,German Final Services PMI,EUR,2014-06-04T03:55:00Z,None,56.4,56.4,56.0,false,false
,Final Services PMI,EUR,2014-06-04T04:00:00Z,None,53.5,53.5,53.2,false,false
,Final Services PMI,GBP,2014-06-04T04:30:00Z,High,58.3,58.7,58.6,false,false
,PPI m/m,EUR,2014-06-04T05:00:00Z,None,-0.1%,-0.2%,-0.1%,false,false
,Revised GDP q/q,EUR,2014-06-04T05:00:00Z,None,0.2%,0.2%,0.2%,false,false
,ADP Non-Farm Employment Change,USD,2014-06-04T08:15:00Z,High,217K,215K,179K,false,false
,Trade Balance,CAD,2014-06-04T08:30:00Z,High,-0.2B,0.8B,-0.6B,false,false
,Trade Balance,USD,2014-06-04T08:30:00Z,High,-40.8B,-44.2B,-47.2B,false,false
,Revised Nonfarm Productivity q/q,USD,2014-06-04T08:30:00Z,None,-2.2%,-1.7%,-3.2%,false,false
,Revised Unit Labor Costs q/q,USD,2014-06-04T08:30:00Z,None,4.8%,4.2%,5.7%,false,false
,Final Services PMI,USD,2014-06-04T09:45:00Z,None,58.4,58.4,58.1,false,false
,BOC Rate Statement,CAD,2014-06-04T10:00:00Z,High,,,,false,false
,Overnight Rate,CAD,2014-06-04T10:00:00Z,High,1.00%,1.00%,1.00%,false,false
,ISM Services PMI,USD,2014-06-04T10:00:00Z,High,55.6,55.2,56.3,false,false
,Crude Oil Inventories,USD,2014-06-04T10:30:00Z,None,-0.2M,1.7M,-3.4M,false,false
,Beige Book,USD,2014-06-04T14:00:00Z,None,,,,false,false
,Goods Trade Balance,AUD,2014-06-04T21:30:00Z,High,0.40B,0.90B,-0.12B,false,false
,RatingDog Services PMI,CNY,2014-06-04T21:45:00Z,None,,51.4,50.7,false,false
,30-y Bond Auction,JPY,2014-06-04T23:45:00Z,None,,1.71|4.6,1.71|3.0,false,false
,G7 Meetings,All,2014-06-05T00:00:00Z,High,,,,false,false
,German Factory Orders m/m,EUR,2014-06-05T02:00:00Z,None,1.3%,-2.8%,3.1%,false,false
,Lloyds HPI m/m,GBP,2014-06-05T03:00:00Z,None,0.7%,-0.3%,3.9%,false,false
,Retail PMI,EUR,2014-06-05T04:10:00Z,None,,51.2,49.9,false,false
,French 10-y Bond Auction,EUR,2014-06-05T04:58:00Z,None,,2.00|2.2,1.96|1.7,false,false
,Retail Sales m/m,EUR,2014-06-05T05:00:00Z,None,0.1%,0.1%,0.4%,false,false
,Asset Purchase Facility,GBP,2014-06-05T07:00:00Z,High,375B,375B,375B,false,false
,Official Bank Rate,GBP,2014-06-05T07:00:00Z,High,0.50%,0.50%,0.50%,false,false
,Challenger Job Cuts y/y,USD,2014-06-05T07:30:00Z,None,,5.7%,45.5%,false,false
,Main Refinancing Rate,EUR,2014-06-05T07:45:00Z,High,0.10%,0.25%,0.15%,false,false
,Building Permits m/m,CAD,2014-06-05T08:30:00Z,High,4.1%,-3.2%,1.1%,false,false
,ECB Press Conference,EUR,2014-06-05T08:30:00Z,High,,,,false,false
,Unemployment Claims,USD,2014-06-05T08:30:00Z,High,309K,304K,312K,false,false
,Ivey PMI,CAD,2014-06-05T10:00:00Z,High,56.3,54.1,48.2,false,false
,Natural Gas Storage,USD,2014-06-05T10:30:00Z,None,116B,114B,119B,false,false
,FOMC Member Kocherlakota Speaks,USD,2014-06-05T13:30:00Z,None,,,,false,false
,AIG Construction Index,AUD,2014-06-05T19:30:00Z,None,,45.9,46.7,false,false
,Leading Indicators,JPY,2014-06-06T01:00:00Z,None,106.2%,107.1%,106.6%,false,false
,German Trade Balance,EUR,2014-06-06T02:00:00Z,None,15.1B,15.0B,17.7B,false,false
,German Industrial Production m/m,EUR,2014-06-06T02:00:00Z,None,0.4%,-0.6%,0.2%,false,false
,French Gov Budget Balance,EUR,2014-06-06T02:45:00Z,None,,-28.0B,-64.2B,false,false
,French Trade Balance,EUR,2014-06-06T02:45:00Z,None,-5.0B,-4.9B,-3.9B,false,false
,Foreign Currency Reserves,CHF,2014-06-06T03:00:00Z,None,,439B,444B,false,false
,CPI m/m,CHF,2014-06-06T03:15:00Z,None,0.2%,0.1%,0.3%,false,false
,Consumer Inflation Expectations,GBP,2014-06-06T04:30:00Z,None,,2.8%,2.6%,false,false
,Goods Trade Balance,GBP,2014-06-06T04:30:00Z,None,-8.7B,-8.3B,-8.9B,false,false
,Employment Change,CAD,2014-06-06T08:30:00Z,High,24.5K,-28.9K,25.8K,false,false
,Unemployment Rate,CAD,2014-06-06T08:30:00Z,High,6.9%,6.9%,7.0%,false,false
,Labor Productivity q/q,CAD,2014-06-06T08:30:00Z,None,0.7%,1.0%,-0.1%,false,false
,Non-Farm Employment Change,USD,2014-06-06T08:30:00Z,High,214K,282K,217K,false,false
,Unemployment Rate,USD,2014-06-06T08:30:00Z,High,6.4%,6.3%,6.3%,false,false
,Average Hourly Earnings m/m,USD,2014-06-06T08:30:00Z,None,0.2%,0.0%,0.2%,false,false
,Consumer Credit m/m,USD,2014-06-06T15:00:00Z,None,15.3B,19.5B,26.8B,false,false
,BOJ Gov Kuroda Speaks,JPY,2014-06-07T10:45:00Z,High,,,,false,false
,USD-Denominated Trade Balance,CNY,2014-06-07T22:28:00Z,High,22.6B,18.5B,35.9B,false,false
,Bank Holiday,AUD,2014-06-08T00:00:00Z,None,,,,true,false
,Current Account,JPY,2014-06-08T19:50:00Z,None,0.23T,-0.78T,0.13T,false,false
,Final GDP q/q,JPY,2014-06-08T19:50:00Z,None,1.4%,1.5%,1.6%,false,false
,Bank Lending y/y,JPY,2014-06-08T19:50:00Z,None,,2.1%,2.3%,false,false
,Final GDP Price Index y/y,JPY,2014-06-08T19:50:00Z,None,0.0%,0.0%,-0.1%,false,false
,RBNZ Assist Gov McDermott Speaks,NZD,2014-06-08T20:00:00Z,None,,,,false,false
,Bank Holiday,CHF,2014-06-09T00:00:00Z,None,,,,true,false
,French Bank Holiday,EUR,2014-06-09T00:00:00Z,None,,,,true,false
,German Bank Holiday,EUR,2014-06-09T00:00:00Z,None,,,,true,false
,Consumer Confidence,JPY,2014-06-09T01:00:00Z,None,37.7,37.0,39.3,false,false
,Economy Watchers Sentiment,JPY,2014-06-09T02:00:00Z,None,45.2,41.6,45.1,false,false
,Sentix Investor Confidence,EUR,2014-06-09T04:30:00Z,None,13.5,12.8,8.5,false,false
,Housing Starts,CAD,2014-06-09T08:13:00Z,None,185K,197K,198K,false,false
,RBA Gov Stevens Speaks,AUD,2014-06-09T12:00:00Z,High,,,,false,false
,Manufacturing Sales q/q,NZD,2014-06-09T18:45:00Z,None,,6.0%,0.6%,false,false
,BRC Retail Sales Monitor y/y,GBP,2014-06-09T19:01:00Z,None,,4.2%,0.5%,false,false
,Tertiary Industry Activity m/m,JPY,2014-06-09T19:50:00Z,None,-3.3%,2.4%,-5.4%,false,false
,M2 Money Stock y/y,JPY,2014-06-09T19:50:00Z,None,3.2%,3.5%,3.3%,false,false
,Home Loans m/m,AUD,2014-06-09T21:30:00Z,None,0.3%,-0.8%,0.0%,false,false
,ANZ Job Advertisements m/m,AUD,2014-06-09T21:30:00Z,None,,1.9%,-5.6%,false,false
,CPI y/y,CNY,2014-06-09T21:30:00Z,High,2.4%,1.8%,2.5%,false,false
,PPI y/y,CNY,2014-06-09T21:30:00Z,None,-1.5%,-2.0%,-1.4%,false,false
,NAB Business Confidence,AUD,2014-06-09T21:30:00Z,High,,7,7,false,false
,Unemployment Rate,CHF,2014-06-10T01:45:00Z,None,3.2%,3.2%,3.2%,false,false
,Prelim Machine Tool Orders y/y,JPY,2014-06-10T01:59:00Z,None,,48.7%,24.1%,false,false
,French Industrial Production m/m,EUR,2014-06-10T02:45:00Z,None,0.3%,-0.4%,0.3%,false,false
,Retail Sales y/y,CHF,2014-06-10T03:15:00Z,None,2.2%,3.4%,0.4%,false,false
,Italian Industrial Production m/m,EUR,2014-06-10T04:00:00Z,None,0.4%,-0.4%,0.7%,false,false
,Manufacturing Production m/m,GBP,2014-06-10T04:30:00Z,High,0.4%,0.5%,0.4%,false,false
,Industrial Production m/m,GBP,2014-06-10T04:30:00Z,None,0.4%,0.1%,0.4%,false,false
,10-y Bond Auction,GBP,2014-06-10T05:36:00Z,None,,2.82|1.7,2.82|2.0,false,false
,NFIB Small Business Index,USD,2014-06-10T07:30:00Z,None,96.1,95.2,96.6,false,false
,NIESR GDP Estimate,GBP,2014-06-10T10:00:00Z,None,,1.1%,0.9%,false,false
,JOLTS Job Openings,USD,2014-06-10T10:00:00Z,None,4.04M,4.17M,4.46M,false,false
,Final Wholesale Inventories m/m,USD,2014-06-10T10:00:00Z,None,0.6%,1.1%,1.1%,false,false
,BSI Manufacturing Index,JPY,2014-06-10T19:50:00Z,None,14.1,12.5,-13.9,false,false
,PPI y/y,JPY,2014-06-10T19:50:00Z,None,4.1%,4.2%,4.4%,false,false
,Westpac Consumer Sentiment,AUD,2014-06-10T20:30:00Z,High,,-6.8%,0.2%,false,false
,OPEC Meetings,All,2014-06-11T00:00:00Z,None,,,,true,false
,Unemployment Rate,GBP,2014-06-11T04:30:00Z,High,6.7%,6.8%,6.6%,false,false
,Average Earnings Index 3m/y,GBP,2014-06-11T04:30:00Z,None,1.2%,1.9%,0.7%,false,false
,Claimant Count Change,GBP,2014-06-11T04:30:00Z,High,-25.0K,-28.4K,-27.4K,false,false
,MPC Member Broadbent Speaks,GBP,2014-06-11T09:45:00Z,None,,,,false,false
,Crude Oil Inventories,USD,2014-06-11T10:30:00Z,None,-1.3M,-3.4M,-2.6M,false,false
,10-y Bond Auction,USD,2014-06-11T13:01:00Z,None,,2.61|2.6,2.65|2.9,false,false
,Federal Budget Balance,USD,2014-06-11T14:00:00Z,None,-132.8B,106.9B,-130.0B,false,false
,RBNZ Press Conference,NZD,2014-06-11T17:00:00Z,High,,,,false,false
,RBNZ Monetary Policy Statement,NZD,2014-06-11T17:00:00Z,High,,,,false,false
,RBNZ Rate Statement,NZD,2014-06-11T17:00:00Z,High,,,,false,false
,Official Cash Rate,NZD,2014-06-11T17:00:00Z,High,3.25%,3.00%,3.25%,false,false
,RICS House Price Balance,GBP,2014-06-11T19:01:00Z,None,52%,55%,57%,false,false
,Core Machinery Orders m/m,JPY,2014-06-11T19:50:00Z,None,-11.5%,19.1%,-9.1%,false,false
,MI Inflation Expectations,AUD,2014-06-11T20:59:00Z,None,,4.4%,4.0%,false,false
,Employment Change,AUD,2014-06-11T21:30:00Z,High,10.3K,10.3K,-4.8K,false,false
,Unemployment Rate,AUD,2014-06-11T21:30:00Z,High,5.9%,5.8%,5.8%,false,false
,German WPI m/m,EUR,2014-06-12T02:00:00Z,None,0.3%,0.2%,-0.1%,false,false
,French Final CPI m/m,EUR,2014-06-12T02:45:00Z,None,0.1%,0.0%,0.0%,false,false
,ECB Monthly Bulletin,EUR,2014-06-12T04:00:00Z,None,,,,false,false
,New Loans,CNY,2014-06-12T04:01:00Z,None,750B,775B,871B,false,false
,M2 Money Supply y/y,CNY,2014-06-12T04:01:00Z,None,13.1%,13.2%,13.4%,false,false
,Industrial Production m/m,EUR,2014-06-12T05:00:00Z,None,0.5%,-0.4%,0.8%,false,false
,NHPI m/m,CAD,2014-06-12T08:30:00Z,None,0.3%,0.2%,0.2%,false,false
,Capacity Utilization Rate,CAD,2014-06-12T08:30:00Z,None,82.6%,82.2%,82.5%,false,false
,Core Retail Sales m/m,USD,2014-06-12T08:30:00Z,High,0.4%,0.4%,0.1%,false,false
,Retail Sales m/m,USD,2014-06-12T08:30:00Z,High,0.5%,0.5%,0.3%,false,false
,Unemployment Claims,USD,2014-06-12T08:30:00Z,High,306K,313K,317K,false,false
,Import Prices m/m,USD,2014-06-12T08:30:00Z,None,0.2%,-0.5%,0.1%,false,false
,Business Inventories m/m,USD,2014-06-12T10:00:00Z,None,0.4%,0.4%,0.6%,false,false
,BOC Financial System Review,CAD,2014-06-12T10:30:00Z,None,,,,false,false
,Natural Gas Storage,USD,2014-06-12T10:30:00Z,None,111B,119B,107B,false,false
,BOC Gov Poloz Speaks,CAD,2014-06-12T11:15:00Z,High,,,,false,false
,30-y Bond Auction,USD,2014-06-12T13:01:00Z,None,,3.44|2.1,3.44|2.7,false,false
,German Buba President Weidmann Speaks,EUR,2014-06-12T14:00:00Z,None,,,,false,false
,Chancellor Osborne Speaks,GBP,2014-06-12T14:00:00Z,None,,,,false,false
,BOE Gov Carney Speaks,GBP,2014-06-12T16:00:00Z,High,,,,false,false
,BusinessNZ Manufacturing Index,NZD,2014-06-12T18:30:00Z,None,,54.4,52.7,false,false
,FPI m/m,NZD,2014-06-12T18:45:00Z,None,,0.6%,0.6%,false,false
,Monetary Policy Statement,JPY,2014-06-12T22:41:00Z,High,,,,false,false
,Revised Industrial Production m/m,JPY,2014-06-13T00:30:00Z,None,-2.5%,-2.5%,-2.8%,false,false
,Fixed Asset Investment ytd/y,CNY,2014-06-13T01:30:00Z,None,17.1%,17.3%,17.2%,false,false
,Retail Sales y/y,CNY,2014-06-13T01:30:00Z,None,12.3%,11.9%,12.5%,false,false
,French Final Private Payrolls q/q,EUR,2014-06-13T01:30:00Z,None,-0.1%,-0.1%,-0.1%,false,false
,Industrial Production y/y,CNY,2014-06-13T01:30:00Z,High,8.8%,8.7%,8.8%,false,false
,German Final CPI m/m,EUR,2014-06-13T02:00:00Z,None,-0.1%,-0.1%,-0.1%,false,false
,BOJ Press Conference,JPY,2014-06-13T02:32:00Z,High,,,,false,false
,Construction Output m/m,GBP,2014-06-13T04:30:00Z,None,0.7%,-0.2%,1.2%,false,false
,CB Leading Index m/m,GBP,2014-06-13T05:00:00Z,None,,0.3%,0.5%,false,false
,Trade Balance,EUR,2014-06-13T05:00:00Z,None,15.9B,15.4B,15.8B,false,false
,Final Employment Change q/q,EUR,2014-06-13T05:00:00Z,None,0.1%,0.1%,0.1%,false,false
,Manufacturing Sales m/m,CAD,2014-06-13T08:30:00Z,High,0.9%,0.3%,-0.1%,false,false
,PPI m/m,USD,2014-06-13T08:30:00Z,High,0.1%,0.6%,-0.2%,false,false
,Core PPI m/m,USD,2014-06-13T08:30:00Z,None,0.2%,0.5%,-0.1%,false,false
,Prelim UoM Consumer Sentiment,USD,2014-06-13T09:55:00Z,High,83.2,81.9,81.2,false,false
,Prelim UoM Inflation Expectations,USD,2014-06-13T09:55:00Z,None,,3.3%,3.0%,false,false
,Westpac Consumer Sentiment,NZD,2014-06-15T17:49:00Z,None,,121.7,121.2,false,false
,BusinessNZ Services Index,NZD,2014-06-15T18:30:00Z,None,,58.3,54.2,false,false
,REINZ HPI m/m,NZD,2014-06-15T18:50:00Z,None,,0.1%,-1.2%,false,false
,Rightmove HPI m/m,GBP,2014-06-15T19:01:00Z,None,,3.6%,0.1%,false,false
,RBA Assist Gov Kent Speaks,AUD,2014-06-15T23:20:00Z,None,,,,false,false
,BOJ Monthly Report,JPY,2014-06-16T01:00:00Z,None,,,,false,false
,Final CPI y/y,EUR,2014-06-16T05:00:00Z,None,0.5%,0.5%,0.5%,false,false
,Final Core CPI y/y,EUR,2014-06-16T05:00:00Z,None,0.7%,0.7%,0.7%,false,false
,German Buba Monthly Report,EUR,2014-06-16T06:00:00Z,None,,,,false,false
,Foreign Securities Purchases,CAD,2014-06-16T08:30:00Z,None,4.27B,-1.41B,10.13B,false,false
,Empire State Manufacturing Index,USD,2014-06-16T08:30:00Z,None,15.2,19.0,19.3,false,false
,TIC Long-Term Purchases,USD,2014-06-16T09:00:00Z,None,41.3B,4.1B,-24.2B,false,false
,Capacity Utilization Rate,USD,2014-06-16T09:15:00Z,None,78.9%,78.9%,79.1%,false,false
,Industrial Production m/m,USD,2014-06-16T09:15:00Z,None,0.6%,-0.3%,0.6%,false,false
,NAHB Housing Market Index,USD,2014-06-16T10:00:00Z,None,47,45,49,false,false
,Monetary Policy Meeting Minutes,AUD,2014-06-16T21:30:00Z,High,,,,false,false
,New Motor Vehicle Sales m/m,AUD,2014-06-16T21:30:00Z,None,,0.1%,0.3%,false,false
,Foreign Direct Investment ytd/y,CNY,2014-06-16T22:17:00Z,None,,5.0%,2.8%,false,false
,SECO Economic Forecasts,CHF,2014-06-17T01:45:00Z,None,,,,false,false
,PPI m/m,CHF,2014-06-17T03:15:00Z,None,0.0%,-0.3%,0.1%,false,false
,Italian Trade Balance,EUR,2014-06-17T04:00:00Z,None,4.27B,3.89B,3.51B,false,false
,CPI y/y,GBP,2014-06-17T04:30:00Z,High,1.7%,1.8%,1.5%,false,false
,PPI Input m/m,GBP,2014-06-17T04:30:00Z,None,0.1%,-0.9%,-0.9%,false,false
,RPI y/y,GBP,2014-06-17T04:30:00Z,None,2.5%,2.5%,2.4%,false,false
,Core CPI y/y,GBP,2014-06-17T04:30:00Z,None,1.7%,2.0%,1.6%,false,false
,ONS HPI y/y,GBP,2014-06-17T04:30:00Z,None,9.1%,8.0%,9.9%,false,false
,PPI Output m/m,GBP,2014-06-17T04:30:00Z,None,0.1%,0.1%,-0.1%,false,false
,German ZEW Economic Sentiment,EUR,2014-06-17T05:00:00Z,High,35.2,33.1,29.8,false,false
,ZEW Economic Sentiment,EUR,2014-06-17T05:00:00Z,None,59.6,55.2,58.4,false,false
,Building Permits,USD,2014-06-17T08:30:00Z,High,1.07M,1.06M,0.99M,false,false
,Core CPI m/m,USD,2014-06-17T08:30:00Z,High,0.2%,0.2%,0.3%,false,false
,Core CPI y/y,USD,2014-06-17T08:30:00Z,High,1.9%,1.8%,2.0%,false,false
,CPI y/y,USD,2014-06-17T08:30:00Z,High,2.0%,2.0%,2.1%,false,false
,CPI m/m,USD,2014-06-17T08:30:00Z,None,0.2%,0.3%,0.4%,false,false
,Housing Starts,USD,2014-06-17T08:30:00Z,None,1.04M,1.07M,1.00M,false,false
,GDT Price Index,NZD,2014-06-17T11:05:00Z,None,,-4.2%,0.9%,false,false
,Current Account,NZD,2014-06-17T18:45:00Z,None,1.42B,-1.51B,1.41B,false,false
,Monetary Policy Meeting Minutes,JPY,2014-06-17T19:50:00Z,None,,,,false,false
,Trade Balance,JPY,2014-06-17T19:50:00Z,None,-1.01T,-0.88T,-0.86T,false,false
,CB Leading Index m/m,AUD,2014-06-17T20:00:00Z,None,,0.0%,-0.1%,false,false
,MI Leading Index m/m,AUD,2014-06-17T20:30:00Z,None,,-0.5%,0.1%,false,false
,MPC Asset Purchase Facility Votes,GBP,2014-06-18T04:30:00Z,High,0-0-9,0-0-9,0-0-9,false,false
,MPC Official Bank Rate Votes,GBP,2014-06-18T04:30:00Z,High,0-0-9,0-0-9,0-0-9,false,false
,UBS Economic Expectations,CHF,2014-06-18T05:00:00Z,None,,7.4,4.8,false,false
,German 10-y Bond Auction,EUR,2014-06-18T05:34:00Z,None,,1.41|1.1,1.39|1.2,false,false
,MPC Member Weale Speaks,GBP,2014-06-18T07:15:00Z,High,,,,false,false
,Wholesale Sales m/m,CAD,2014-06-18T08:30:00Z,High,0.3%,-0.3%,1.2%,false,false
,Current Account,USD,2014-06-18T08:30:00Z,None,-96B,-87B,-111B,false,false
,Crude Oil Inventories,USD,2014-06-18T10:30:00Z,None,-0.6M,-2.6M,-0.6M,false,false
,MPC Member Haldane Speaks,GBP,2014-06-18T13:30:00Z,High,,,,false,false
,FOMC Economic Projections,USD,2014-06-18T14:00:00Z,High,,,,false,false
,FOMC Statement,USD,2014-06-18T14:00:00Z,High,,,,false,false
,Federal Funds Rate,USD,2014-06-18T14:00:00Z,None,<0.25%,<0.25%,<0.25%,false,false
,FOMC Press Conference,USD,2014-06-18T14:30:00Z,High,,,,false,false
,GDP q/q,NZD,2014-06-18T18:45:00Z,High,1.2%,1.0%,1.0%,false,false
,RBA Bulletin,AUD,2014-06-18T21:30:00Z,None,,,,false,false
,Eurogroup Meetings,EUR,2014-06-19T00:00:00Z,None,,,,true,false
,SNB Financial Stability Report,CHF,2014-06-19T00:30:00Z,None,,,,false,false
,All Industries Activity m/m,JPY,2014-06-19T00:30:00Z,None,-3.7%,1.5%,-4.3%,false,false
,Libor Rate,CHF,2014-06-19T03:30:00Z,High,<0.25%,<0.25%,<0.25%,false,false
,SNB Monetary Policy Assessment,CHF,2014-06-19T03:30:00Z,High,,,,false,false
,SNB Press Conference,CHF,2014-06-19T03:30:00Z,High,,,,false,false
,Retail Sales m/m,GBP,2014-06-19T04:30:00Z,High,-0.5%,1.0%,-0.5%,false,false
,CBI Industrial Order Expectations,GBP,2014-06-19T06:00:00Z,None,3,0,11,false,false
,MPC Member McCafferty Speaks,GBP,2014-06-19T07:30:00Z,None,,,,false,false
,Unemployment Claims,USD,2014-06-19T08:30:00Z,High,316K,318K,312K,false,false
,Philly Fed Manufacturing Index,USD,2014-06-19T10:00:00Z,High,14.3,15.4,17.8,false,false
,CB Leading Index m/m,USD,2014-06-19T10:00:00Z,None,0.6%,0.3%,0.5%,false,false
,Natural Gas Storage,USD,2014-06-19T10:30:00Z,None,112B,107B,113B,false,false
,ECOFIN Meetings,EUR,2014-06-20T00:00:00Z,None,,,,true,false
,German PPI m/m,EUR,2014-06-20T02:00:00Z,None,0.2%,-0.1%,-0.2%,false,false
,BOJ Gov Kuroda Speaks,JPY,2014-06-20T02:35:00Z,High,,,,false,false
,Current Account,EUR,2014-06-20T04:00:00Z,None,19.4B,19.6B,21.5B,false,false
,Public Sector Net Borrowing,GBP,2014-06-20T04:30:00Z,None,11.8B,9.0B,11.5B,false,false
,Core CPI m/m,CAD,2014-06-20T08:30:00Z,High,0.2%,0.2%,0.5%,false,false
,Core Retail Sales m/m,CAD,2014-06-20T08:30:00Z,High,0.4%,0.2%,0.7%,false,false
,CPI m/m,CAD,2014-06-20T08:30:00Z,None,0.2%,0.3%,0.5%,false,false
,Retail Sales m/m,CAD,2014-06-20T08:30:00Z,None,0.4%,0.1%,1.1%,false,false
,Consumer Confidence,EUR,2014-06-20T10:00:00Z,None,-6,-7,-7,false,false
,Visitor Arrivals m/m,NZD,2014-06-22T18:45:00Z,None,,1.7%,0.3%,false,false
,Flash Manufacturing PMI,JPY,2014-06-22T21:35:00Z,None,,49.9,51.1,false,false
,Caixin Flash Manufacturing PMI,CNY,2014-06-22T21:45:00Z,High,49.7,49.4,50.8,false,false
,Credit Card Spending y/y,NZD,2014-06-22T23:00:00Z,None,,3.2%,7.5%,false,false
,BOJ Gov Kuroda Speaks,JPY,2014-06-23T02:00:00Z,High,,,,false,false
,French Flash Manufacturing PMI,EUR,2014-06-23T03:00:00Z,High,49.6,49.6,47.8,false,false
,French Flash Services PMI,EUR,2014-06-23T03:00:00Z,None,49.5,49.1,48.2,false,false
,German Flash Services PMI,EUR,2014-06-23T03:30:00Z,None,55.8,56.0,54.8,false,false
,German Flash Manufacturing PMI,EUR,2014-06-23T03:30:00Z,High,52.7,52.3,52.4,false,false
,Flash Manufacturing PMI,EUR,2014-06-23T04:00:00Z,None,52.2,52.2,51.9,false,false
,Flash Services PMI,EUR,2014-06-23T04:00:00Z,None,53.4,53.2,52.8,false,false
,BOE Credit Conditions Survey,GBP,2014-06-23T04:30:00Z,None,,,,false,false
,Flash Manufacturing PMI,USD,2014-06-23T09:45:00Z,None,56.1,56.4,57.5,false,false
,Existing Home Sales,USD,2014-06-23T10:00:00Z,High,4.74M,4.66M,4.89M,false,false
,CB Leading Index m/m,CNY,2014-06-23T22:00:00Z,None,,1.0%,0.7%,false,false
,Trade Balance,CHF,2014-06-24T02:00:00Z,None,2.77B,2.45B,2.77B,false,false
,German ifo Business Climate,EUR,2014-06-24T04:00:00Z,High,110.3,110.4,109.7,false,false
,High Street Lending,GBP,2014-06-24T04:30:00Z,None,41.3K,41.9K,41.8K,false,false
,Monetary Policy Report Hearings,GBP,2014-06-24T04:30:00Z,High,,,,false,false
,FOMC Member Plosser Speaks,USD,2014-06-24T08:05:00Z,None,,,,false,false
,Belgian NBB Business Climate,EUR,2014-06-24T09:00:00Z,None,-4.1,-6.8,-6.2,false,false
,S&P/CS Composite-20 HPI y/y,USD,2014-06-24T09:00:00Z,None,11.7%,12.4%,10.8%,false,false
,HPI m/m,USD,2014-06-24T09:03:00Z,None,0.6%,0.7%,0.0%,false,false
,Richmond Manufacturing Index,USD,2014-06-24T09:59:00Z,None,6,7,3,false,false
,New Home Sales,USD,2014-06-24T10:00:00Z,High,442K,425K,504K,false,false
,CB Consumer Confidence,USD,2014-06-24T10:00:00Z,High,83.6,82.2,85.2,false,false
,Treasury Sec Lew Speaks,USD,2014-06-24T10:00:00Z,None,,,,false,false
,SPPI y/y,JPY,2014-06-24T19:50:00Z,None,3.2%,3.4%,3.6%,false,false
,RBA Deputy Gov Lowe Speaks,AUD,2014-06-24T23:00:00Z,None,,,,false,false
,UBS Consumption Indicator,CHF,2014-06-25T02:00:00Z,None,,1.68,1.77,false,false
,German GfK Consumer Climate,EUR,2014-06-25T02:00:00Z,None,8.6,8.6,8.9,false,false
,Italian Retail Sales m/m,EUR,2014-06-25T04:00:00Z,None,0.2%,-0.2%,0.4%,false,false
,CBI Realized Sales,GBP,2014-06-25T06:00:00Z,None,25,16,4,false,false
,Core Durable Goods Orders m/m,USD,2014-06-25T08:30:00Z,High,0.3%,0.3%,-0.1%,false,false
,Final GDP q/q,USD,2014-06-25T08:30:00Z,High,-1.8%,-1.0%,-2.9%,false,false
,Durable Goods Orders m/m,USD,2014-06-25T08:30:00Z,None,-0.1%,0.6%,-1.0%,false,false
,Final GDP Price Index q/q,USD,2014-06-25T08:30:00Z,None,1.3%,1.3%,1.3%,false,false
,SNB Quarterly Bulletin,CHF,2014-06-25T09:00:00Z,None,,,,false,false
,Flash Services PMI,USD,2014-06-25T09:45:00Z,None,58.6,58.1,61.2,false,false
,Crude Oil Inventories,USD,2014-06-25T10:30:00Z,None,-1.2M,-0.6M,1.7M,false,false
,EU Economic Summit,EUR,2014-06-26T00:00:00Z,None,,,,false,false
,BOE Gov Carney Speaks,GBP,2014-06-26T05:30:00Z,High,,,,false,false
,BOE Financial Stability Report,GBP,2014-06-26T05:30:00Z,None,,,,false,false
,FPC Statement,GBP,2014-06-26T05:30:00Z,None,,,,false,false
,Unemployment Claims,USD,2014-06-26T08:30:00Z,High,314K,314K,312K,false,false
,Core PCE Price Index m/m,USD,2014-06-26T08:30:00Z,None,0.2%,0.2%,0.2%,false,false
,Personal Spending m/m,USD,2014-06-26T08:30:00Z,None,0.4%,0.0%,0.2%,false,false
,Personal Income m/m,USD,2014-06-26T08:30:00Z,None,0.5%,0.3%,0.4%,false,false
,Natural Gas Storage,USD,2014-06-26T10:30:00Z,None,101B,113B,110B,false,false
,Trade Balance,NZD,2014-06-26T18:45:00Z,High,250M,498M,285M,false,false
,GfK Consumer Confidence,GBP,2014-06-26T19:05:00Z,None,2,0,1,false,false
,Tokyo Core CPI y/y,JPY,2014-06-26T19:30:00Z,None,2.8%,2.8%,2.8%,false,false
,National Core CPI y/y,JPY,2014-06-26T19:30:00Z,None,3.4%,3.2%,3.4%,false,false
,Unemployment Rate,JPY,2014-06-26T19:30:00Z,None,3.6%,3.6%,3.5%,false,false
,Household Spending y/y,JPY,2014-06-26T19:30:00Z,None,-1.9%,-4.6%,-8.0%,false,false
,Retail Sales y/y,JPY,2014-06-26T19:50:00Z,None,-1.9%,-4.3%,-0.4%,false,false
,RBNZ Statement of Intent,NZD,2014-06-26T22:00:00Z,None,,,,false,false
,EU Economic Summit,EUR,2014-06-27T00:00:00Z,None,,,,false,false
,German Prelim CPI m/m,EUR,2014-06-27T00:00:00Z,High,0.2%,-0.1%,0.3%,true,false
,German Import Prices m/m,EUR,2014-06-27T02:00:00Z,None,0.2%,-0.3%,0.0%,false,false
,French Consumer Spending m/m,EUR,2014-06-27T02:45:00Z,None,0.3%,-0.2%,1.0%,false,false
,KOF Economic Barometer,CHF,2014-06-27T03:00:00Z,None,100.2,100.1,100.4,false,false
,Spanish Flash CPI y/y,EUR,2014-06-27T03:00:00Z,None,0.3%,0.2%,0.1%,false,false
,Current Account,GBP,2014-06-27T04:30:00Z,High,-17.1B,-23.5B,-18.5B,false,false
,Final GDP q/q,GBP,2014-06-27T04:30:00Z,None,0.8%,0.8%,0.8%,false,false
,Index of Services 3m/3m,GBP,2014-06-27T04:30:00Z,None,0.9%,0.8%,0.9%,false,false
,Revised Business Investment q/q,GBP,2014-06-27T04:30:00Z,None,2.7%,2.7%,5.0%,false,false
,Italian 10-y Bond Auction,EUR,2014-06-27T05:21:00Z,None,,3.01|1.3,2.81|1.4,false,false
,RMPI m/m,CAD,2014-06-27T08:30:00Z,None,1.3%,0.1%,-0.4%,false,false
,IPPI m/m,CAD,2014-06-27T08:30:00Z,None,0.4%,-0.3%,-0.5%,false,false
,Revised UoM Consumer Sentiment,USD,2014-06-27T09:55:00Z,None,82.2,81.2,82.5,false,false
,Revised UoM Inflation Expectations,USD,2014-06-27T09:55:00Z,None,,3.0%,3.1%,false,false
,Building Consents m/m,NZD,2014-06-29T18:45:00Z,None,,1.9%,-4.6%,false,false
,Prelim Industrial Production m/m,JPY,2014-06-29T19:50:00Z,None,0.9%,-2.8%,0.5%,false,false
,MI Inflation Gauge m/m,AUD,2014-06-29T20:30:00Z,None,,0.3%,0.0%,false,false
,HIA New Home Sales m/m,AUD,2014-06-29T21:00:00Z,None,,2.9%,-4.3%,false,false
,ANZ Business Confidence,NZD,2014-06-29T21:00:00Z,High,,53.5,42.8,false,false
,Private Sector Credit m/m,AUD,2014-06-29T21:30:00Z,None,0.4%,0.4%,0.4%,false,false
,Housing Starts y/y,JPY,2014-06-30T01:00:00Z,None,-10.1%,-3.3%,-15.0%,false,false
,German Retail Sales m/m,EUR,2014-06-30T02:00:00Z,None,0.8%,-1.5%,-0.6%,false,false
,M3 Money Supply y/y,EUR,2014-06-30T04:00:00Z,None,0.7%,0.7%,1.0%,false,false
,Private Loans y/y,EUR,2014-06-30T04:00:00Z,None,-1.7%,-1.8%,-2.0%,false,false
,Net Lending to Individuals m/m,GBP,2014-06-30T04:30:00Z,None,2.5B,2.4B,2.7B,false,false
,M4 Money Supply m/m,GBP,2014-06-30T04:30:00Z,None,0.2%,-0.2%,-0.1%,false,false
,Mortgage Approvals,GBP,2014-06-30T04:30:00Z,None,62K,63K,62K,false,false
,CPI Flash Estimate y/y,EUR,2014-06-30T05:00:00Z,High,0.6%,0.5%,0.5%,false,false
,Core CPI Flash Estimate y/y,EUR,2014-06-30T05:00:00Z,None,0.7%,0.7%,0.8%,false,false
,Italian Prelim CPI m/m,EUR,2014-06-30T05:00:00Z,None,0.2%,-0.1%,0.1%,false,false
,GDP m/m,CAD,2014-06-30T08:30:00Z,High,0.2%,0.1%,0.1%,false,false
,Chicago PMI,USD,2014-06-30T09:45:00Z,None,63.2,65.5,62.6,false,false
,Pending Home Sales m/m,USD,2014-06-30T10:00:00Z,High,1.4%,0.5%,6.1%,false,false
,AIG Manufacturing Index,AUD,2014-06-30T19:29:00Z,None,,49.2,48.9,false,false
,Tankan Manufacturing Index,JPY,2014-06-30T19:50:00Z,None,16,17,12,false,false
,Tankan Non-Manufacturing Index,JPY,2014-06-30T19:50:00Z,None,19,24,19,false,false
,Manufacturing PMI,CNY,2014-06-30T20:59:00Z,High,51.0,50.8,51.0,false,false
,Average Cash Earnings y/y,JPY,2014-06-30T21:30:00Z,None,0.8%,0.7%,0.8%,false,false
,Final Manufacturing PMI,JPY,2014-06-30T21:35:00Z,None,51.2,51.1,51.5,false,false
,RatingDog Manufacturing PMI,CNY,2014-06-30T21:45:00Z,High,50.8,50.8,50.7,false,false
,Total Vehicle Sales,USD,2014-07-01T00:00:00Z,None,16.5M,16.8M,17.0M,true,false
,Bank Holiday,CAD,2014-07-01T00:00:00Z,None,,,,true,false
,Cash Rate,AUD,2014-07-01T00:30:00Z,High,2.50%,2.50%,2.50%,false,false
,RBA Rate Statement,AUD,2014-07-01T00:30:00Z,High,,,,false,false
,Commodity Prices y/y,AUD,2014-07-01T02:30:00Z,None,,-12.8%,-9.6%,false,false
,Spanish Manufacturing PMI,EUR,2014-07-01T03:15:00Z,None,53.2,52.9,54.6,false,false
,Manufacturing PMI,CHF,2014-07-01T03:30:00Z,None,52.6,52.5,54.0,false,false
,Italian Manufacturing PMI,EUR,2014-07-01T03:45:00Z,None,53.5,53.2,52.6,false,false
,French Final Manufacturing PMI,EUR,2014-07-01T03:50:00Z,None,47.8,47.8,48.2,false,false
,German Unemployment Change,EUR,2014-07-01T03:55:00Z,None,-9K,26K,9K,false,false
,German Final Manufacturing PMI,EUR,2014-07-01T03:55:00Z,None,52.4,52.4,52.0,false,false
,Final Manufacturing PMI,EUR,2014-07-01T04:00:00Z,None,51.9,51.9,51.8,false,false
,Italian Monthly Unemployment Rate,EUR,2014-07-01T04:00:00Z,None,12.6%,12.5%,12.6%,false,false
,Final Manufacturing PMI,GBP,2014-07-01T04:30:00Z,High,56.7,57.0,57.5,false,false
,FPC Meeting Minutes,GBP,2014-07-01T04:30:00Z,None,,,,false,false
,Unemployment Rate,EUR,2014-07-01T05:00:00Z,None,11.7%,11.6%,11.6%,false,false
,Treasury Sec Lew Speaks,USD,2014-07-01T08:00:00Z,None,,,,false,false
,Final Manufacturing PMI,USD,2014-07-01T09:45:00Z,None,57.5,57.5,57.3,false,false
,Construction Spending m/m,USD,2014-07-01T10:00:00Z,None,0.5%,0.8%,0.1%,false,false
,ISM Manufacturing Prices,USD,2014-07-01T10:00:00Z,None,60.0,60.0,58.0,false,false
,RCM/TIPP Economic Optimism,USD,2014-07-01T10:00:00Z,None,48.9,47.7,45.6,false,false
,ISM Manufacturing PMI,USD,2014-07-01T10:00:00Z,High,55.6,55.4,55.3,false,false
,GDT Price Index,NZD,2014-07-01T10:44:00Z,None,,0.9%,-4.9%,false,false
,Monetary Base y/y,JPY,2014-07-01T19:50:00Z,None,48.3%,45.6%,42.6%,false,false
,ANZ Commodity Prices m/m,NZD,2014-07-01T21:00:00Z,None,,-2.2%,-0.9%,false,false
,Goods Trade Balance,AUD,2014-07-01T21:30:00Z,High,-0.16B,-0.78B,-1.91B,false,false
,Nationwide HPI m/m,GBP,2014-07-02T02:00:00Z,None,0.6%,0.7%,1.0%,false,false
,Spanish Unemployment Change,EUR,2014-07-02T03:00:00Z,None,-147.3K,-111.9K,-122.7K,false,false
,Construction PMI,GBP,2014-07-02T04:30:00Z,High,59.7,60.0,62.6,false,false
,Final GDP q/q,EUR,2014-07-02T05:00:00Z,None,0.2%,0.2%,0.2%,false,false
,PPI m/m,EUR,2014-07-02T05:00:00Z,None,0.1%,-0.1%,-0.1%,false,false
,RBA Deputy Gov Debelle Speaks,AUD,2014-07-02T07:05:00Z,None,,,,false,false
,ADP Non-Farm Employment Change,USD,2014-07-02T08:15:00Z,High,207K,179K,281K,false,false
,Manufacturing PMI,CAD,2014-07-02T09:30:00Z,None,,52.2,53.5,false,false
,Factory Orders m/m,USD,2014-07-02T10:00:00Z,None,-0.4%,0.8%,-0.5%,false,false
,Crude Oil Inventories,USD,2014-07-02T10:30:00Z,None,-2.2M,1.7M,-3.2M,false,false
,Fed Chair Yellen Speaks,USD,2014-07-02T11:00:00Z,High,,,,false,false
,AIG Services Index,AUD,2014-07-02T19:26:00Z,None,,49.9,47.6,false,false
,Non-Manufacturing PMI,CNY,2014-07-02T20:58:00Z,High,,55.5,55.0,false,false
,RBA Gov Stevens Speaks,AUD,2014-07-02T21:00:00Z,High,,,,false,false
,Building Approvals m/m,AUD,2014-07-02T21:30:00Z,High,3.1%,-5.8%,9.9%,false,false
,Retail Sales m/m,AUD,2014-07-02T21:30:00Z,High,0.0%,-0.1%,-0.5%,false,false
,RatingDog Services PMI,CNY,2014-07-02T21:45:00Z,None,,50.7,53.1,false,false
,10-y Bond Auction,JPY,2014-07-02T23:45:00Z,None,,0.61|3.7,0.56|3.4,false,false
,Spanish Services PMI,EUR,2014-07-03T03:15:00Z,None,56.3,55.7,54.8,false,false
,Italian Services PMI,EUR,2014-07-03T03:45:00Z,None,52.3,51.6,53.9,false,false
,French Final Services PMI,EUR,2014-07-03T03:50:00Z,None,48.2,48.2,48.2,false,false
,German Final Services PMI,EUR,2014-07-03T03:55:00Z,None,54.8,54.8,54.6,false,false
,Final Services PMI,EUR,2014-07-03T04:00:00Z,None,52.8,52.8,52.8,false,false
,Housing Equity Withdrawal q/q,GBP,2014-07-03T04:30:00Z,None,-10.2B,-11.4B,-12.2B,false,false
,Final Services PMI,GBP,2014-07-03T04:30:00Z,High,58.1,58.6,57.7,false,false
,Retail Sales m/m,EUR,2014-07-03T05:00:00Z,None,0.3%,-0.2%,0.0%,false,false
,French 10-y Bond Auction,EUR,2014-07-03T05:01:00Z,None,,1.96|1.7,1.77|2.7,false,false
,Challenger Job Cuts y/y,USD,2014-07-03T07:30:00Z,None,,45.5%,-20.2%,false,false
,Main Refinancing Rate,EUR,2014-07-03T07:45:00Z,High,0.15%,0.15%,0.15%,false,false
,Unemployment Rate,USD,2014-07-03T08:30:00Z,High,6.3%,6.3%,6.1%,false,false
,Average Hourly Earnings m/m,USD,2014-07-03T08:30:00Z,None,0.2%,0.2%,0.2%,false,false
,Unemployment Claims,USD,2014-07-03T08:30:00Z,High,314K,313K,315K,false,false
,Trade Balance,USD,2014-07-03T08:30:00Z,High,-45.1B,-47.0B,-44.4B,false,false
,Non-Farm Employment Change,USD,2014-07-03T08:30:00Z,High,214K,224K,288K,false,false
,ECB Press Conference,EUR,2014-07-03T08:30:00Z,High,,,,false,false
,Trade Balance,CAD,2014-07-03T08:30:00Z,High,-0.3B,-1.0B,-0.2B,false,false
,Final Services PMI,USD,2014-07-03T09:45:00Z,None,61.1,61.2,61.0,false,false
,ISM Services PMI,USD,2014-07-03T10:00:00Z,High,56.2,56.3,56.0,false,false
,Natural Gas Storage,USD,2014-07-03T10:30:00Z,None,100B,110B,100B,false,false
,RBA Assist Gov Edey Speaks,AUD,2014-07-03T23:40:00Z,None,,,,false,false
,Bank Holiday,USD,2014-07-04T00:00:00Z,None,,,,true,false
,German Factory Orders m/m,EUR,2014-07-04T02:00:00Z,None,-0.8%,3.4%,-1.7%,false,false
,Retail PMI,EUR,2014-07-04T04:10:00Z,None,,49.9,50.0,false,false
,AIG Construction Index,AUD,2014-07-06T19:27:00Z,None,,46.7,51.8,false,false
,ANZ Job Advertisements m/m,AUD,2014-07-06T21:30:00Z,None,,-5.7%,4.3%,false,false
,Eurogroup Meetings,EUR,2014-07-07T00:00:00Z,None,,,,true,false
,Leading Indicators,JPY,2014-07-07T01:00:00Z,None,106.0%,106.5%,105.7%,false,false
,Unemployment Rate,CHF,2014-07-07T01:45:00Z,None,3.2%,3.2%,3.2%,false,false
,German Industrial Production m/m,EUR,2014-07-07T02:00:00Z,None,0.3%,-0.3%,-1.8%,false,false
,Foreign Currency Reserves,CHF,2014-07-07T03:00:00Z,None,,444B,450B,false,false
,Sentix Investor Confidence,EUR,2014-07-07T04:30:00Z,None,7.5,8.5,10.1,false,false
,Building Permits m/m,CAD,2014-07-07T08:30:00Z,High,3.1%,2.2%,13.8%,false,false
,Ivey PMI,CAD,2014-07-07T10:00:00Z,High,51.3,48.2,46.9,false,false
,BOC Business Outlook Survey,CAD,2014-07-07T10:30:00Z,None,,,,false,false
,NZIER Business Confidence,NZD,2014-07-07T18:00:00Z,High,,52,32,false,false
,Current Account,JPY,2014-07-07T19:50:00Z,None,0.17T,0.13T,0.38T,false,false
,Bank Lending y/y,JPY,2014-07-07T19:50:00Z,None,,2.2%,2.3%,false,false
,NAB Business Confidence,AUD,2014-07-07T21:30:00Z,High,,7,8,false,false
,ECOFIN Meetings,EUR,2014-07-08T00:00:00Z,None,,,,true,false
,Economy Watchers Sentiment,JPY,2014-07-08T01:00:00Z,None,49.2,45.1,47.7,false,false
,German Trade Balance,EUR,2014-07-08T02:00:00Z,None,15.7B,17.2B,18.8B,false,false
,French Gov Budget Balance,EUR,2014-07-08T02:45:00Z,None,,-64.2B,-64.3B,false,false
,French Trade Balance,EUR,2014-07-08T02:45:00Z,None,-4.1B,-4.1B,-4.9B,false,false
,CPI m/m,CHF,2014-07-08T03:15:00Z,None,0.1%,0.3%,-0.1%,false,false
,Retail Sales y/y,CHF,2014-07-08T03:15:00Z,None,1.5%,0.8%,-0.6%,false,false
,Manufacturing Production m/m,GBP,2014-07-08T04:30:00Z,High,0.4%,0.3%,-1.3%,false,false
,Industrial Production m/m,GBP,2014-07-08T04:30:00Z,None,0.3%,0.3%,-0.7%,false,false
,NFIB Small Business Index,USD,2014-07-08T07:30:00Z,None,97.3,96.6,95.0,false,false
,NIESR GDP Estimate,GBP,2014-07-08T10:00:00Z,None,,0.7%,0.9%,false,false
,JOLTS Job Openings,USD,2014-07-08T10:00:00Z,None,4.53M,4.46M,4.64M,false,false
,FOMC Member Kocherlakota Speaks,USD,2014-07-08T13:45:00Z,None,,,,false,false
,Consumer Credit m/m,USD,2014-07-08T15:00:00Z,None,21.3B,26.1B,19.6B,false,false
,BRC Shop Price Index y/y,GBP,2014-07-08T19:01:00Z,None,,-1.4%,-1.8%,false,false
,M2 Money Stock y/y,JPY,2014-07-08T19:50:00Z,None,3.1%,3.3%,3.0%,false,false
,Westpac Consumer Sentiment,AUD,2014-07-08T20:30:00Z,None,,0.2%,1.9%,false,false
,CPI y/y,CNY,2014-07-08T21:30:00Z,High,2.4%,2.5%,2.3%,false,false
,PPI y/y,CNY,2014-07-08T21:30:00Z,None,-1.1%,-1.4%,-1.1%,false,false
,Prelim Machine Tool Orders y/y,JPY,2014-07-09T01:58:00Z,None,,24.1%,34.2%,false,false
,Lloyds HPI m/m,GBP,2014-07-09T02:44:00Z,None,-0.3%,4.0%,-0.6%,false,false
,Housing Starts,CAD,2014-07-09T08:13:00Z,None,191K,197K,198K,false,false
,Crude Oil Inventories,USD,2014-07-09T10:30:00Z,None,-1.7M,-3.2M,-2.4M,false,false
,10-y Bond Auction,USD,2014-07-09T13:01:00Z,None,,2.65|2.9,2.60|2.6,false,false
,FOMC Meeting Minutes,USD,2014-07-09T14:00:00Z,High,,,,false,false
,ECB President Draghi Speaks,EUR,2014-07-09T14:30:00Z,High,,,,false,false
,BusinessNZ Manufacturing Index,NZD,2014-07-09T18:30:00Z,None,,52.6,53.3,false,false
,RICS House Price Balance,GBP,2014-07-09T19:01:00Z,None,55%,56%,53%,false,false
,Core Machinery Orders m/m,JPY,2014-07-09T19:50:00Z,None,0.9%,-9.1%,-19.5%,false,false
,Tertiary Industry Activity m/m,JPY,2014-07-09T19:50:00Z,None,1.9%,-5.7%,0.9%,false,false
,PPI y/y,JPY,2014-07-09T19:50:00Z,None,4.5%,4.4%,4.6%,false,false
,MI Inflation Expectations,AUD,2014-07-09T21:00:00Z,None,,4.0%,3.8%,false,false
,Employment Change,AUD,2014-07-09T21:30:00Z,High,12.3K,-5.1K,15.9K,false,false
,Unemployment Rate,AUD,2014-07-09T21:30:00Z,High,5.9%,5.9%,6.0%,false,false
,USD-Denominated Trade Balance,CNY,2014-07-09T22:00:00Z,High,37.3B,35.9B,31.6B,false,false
,30-y Bond Auction,JPY,2014-07-09T23:45:00Z,None,,1.71|3.0,1.70|3.1,false,false
,Consumer Confidence,JPY,2014-07-10T01:00:00Z,None,40.7,39.3,41.1,false,false
,French Industrial Production m/m,EUR,2014-07-10T02:45:00Z,None,0.5%,0.3%,-1.7%,false,false
,French Final CPI m/m,EUR,2014-07-10T02:45:00Z,None,0.2%,0.0%,0.0%,false,false
,ECB Monthly Bulletin,EUR,2014-07-10T04:00:00Z,None,,,,false,false
,Italian Industrial Production m/m,EUR,2014-07-10T04:00:00Z,None,0.6%,0.5%,-1.2%,false,false
,Goods Trade Balance,GBP,2014-07-10T04:30:00Z,None,-9.0B,-8.8B,-9.2B,false,false
,Asset Purchase Facility,GBP,2014-07-10T07:00:00Z,High,375B,375B,375B,false,false
,Official Bank Rate,GBP,2014-07-10T07:00:00Z,High,0.50%,0.50%,0.50%,false,false
,NHPI m/m,CAD,2014-07-10T08:30:00Z,None,0.3%,0.2%,0.1%,false,false
,Unemployment Claims,USD,2014-07-10T08:30:00Z,High,316K,315K,304K,false,false
,Final Wholesale Inventories m/m,USD,2014-07-10T10:00:00Z,None,0.6%,1.0%,0.5%,false,false
,Natural Gas Storage,USD,2014-07-10T10:30:00Z,None,92B,100B,93B,false,false
,30-y Bond Auction,USD,2014-07-10T13:01:00Z,None,,3.44|2.7,3.37|2.4,false,false
,FOMC Member Fischer Speaks,USD,2014-07-10T16:30:00Z,None,,,,false,false
,FPI m/m,NZD,2014-07-10T18:45:00Z,None,,0.6%,1.4%,false,false
,Home Loans m/m,AUD,2014-07-10T21:30:00Z,None,-0.6%,-0.2%,0.0%,false,false
,German Final CPI m/m,EUR,2014-07-11T02:00:00Z,None,0.3%,0.3%,0.3%,false,false
,German WPI m/m,EUR,2014-07-11T02:00:00Z,None,0.2%,-0.1%,-0.1%,false,false
,Construction Output m/m,GBP,2014-07-11T04:30:00Z,None,0.8%,1.2%,-1.1%,false,false
,CB Leading Index m/m,GBP,2014-07-11T05:00:00Z,None,,0.5%,0.5%,false,false
,Employment Change,CAD,2014-07-11T08:30:00Z,High,20.7K,25.8K,-9.4K,false,false
,Unemployment Rate,CAD,2014-07-11T08:30:00Z,High,7.0%,7.0%,7.1%,false,false
,Federal Budget Balance,USD,2014-07-11T13:01:00Z,None,79.5B,-130.0B,70.5B,false,false
,REINZ HPI m/m,NZD,2014-07-13T17:15:00Z,None,,-1.2%,-0.3%,false,false
,BusinessNZ Services Index,NZD,2014-07-13T18:30:00Z,None,,54.1,54.7,false,false
,BRICS Summit,All,2014-07-14T00:00:00Z,None,,,,false,false
,French Bank Holiday,EUR,2014-07-14T00:00:00Z,None,,,,true,false
,Revised Industrial Production m/m,JPY,2014-07-14T00:30:00Z,None,0.5%,0.5%,0.7%,false,false
,Industrial Production m/m,EUR,2014-07-14T05:00:00Z,None,0.3%,0.7%,-1.1%,false,false
,ECB President Draghi Speaks,EUR,2014-07-14T13:00:00Z,High,,,,false,false
,BRC Retail Sales Monitor y/y,GBP,2014-07-14T19:01:00Z,None,,0.5%,-0.8%,false,false
,Monetary Policy Meeting Minutes,AUD,2014-07-14T21:30:00Z,High,,,,false,false
,New Motor Vehicle Sales m/m,AUD,2014-07-14T21:30:00Z,None,,0.4%,1.7%,false,false
,Foreign Direct Investment ytd/y,CNY,2014-07-14T22:01:00Z,None,,2.8%,2.2%,false,false
,New Loans,CNY,2014-07-14T22:17:00Z,None,950B,871B,1080B,false,false
,M2 Money Supply y/y,CNY,2014-07-14T22:17:00Z,None,13.5%,13.4%,14.7%,false,false
,Monetary Policy Statement,JPY,2014-07-14T22:58:00Z,High,,,,false,false
,BRICS Summit,All,2014-07-15T00:00:00Z,None,,,,false,false
,BOJ Press Conference,JPY,2014-07-15T02:30:00Z,High,,,,false,false
,PPI m/m,CHF,2014-07-15T03:15:00Z,None,0.1%,0.1%,0.0%,false,false
,Core CPI y/y,GBP,2014-07-15T04:30:00Z,None,1.7%,1.6%,2.0%,false,false
,RPI y/y,GBP,2014-07-15T04:30:00Z,None,2.5%,2.4%,2.6%,false,false
,PPI Input m/m,GBP,2014-07-15T04:30:00Z,None,0.2%,0.3%,-0.8%,false,false
,ONS HPI y/y,GBP,2014-07-15T04:30:00Z,None,10.2%,9.9%,10.5%,false,false
,PPI Output m/m,GBP,2014-07-15T04:30:00Z,None,0.1%,-0.1%,-0.2%,false,false
,CPI y/y,GBP,2014-07-15T04:30:00Z,High,1.6%,1.5%,1.9%,false,false
,German ZEW Economic Sentiment,EUR,2014-07-15T05:00:00Z,High,28.9,29.8,27.1,false,false
,ZEW Economic Sentiment,EUR,2014-07-15T05:00:00Z,None,62.3,58.4,48.1,false,false
,BOE Gov Carney Speaks,GBP,2014-07-15T05:00:00Z,High,,,,false,false
,Retail Sales m/m,USD,2014-07-15T08:30:00Z,High,0.6%,0.5%,0.2%,false,false
,Empire State Manufacturing Index,USD,2014-07-15T08:30:00Z,None,17.2,19.3,25.6,false,false
,Import Prices m/m,USD,2014-07-15T08:30:00Z,None,0.5%,0.3%,0.1%,false,false
,Core Retail Sales m/m,USD,2014-07-15T08:30:00Z,High,0.5%,0.4%,0.4%,false,false
,Fed Chair Yellen Testifies,USD,2014-07-15T10:00:00Z,High,,,,false,false
,Business Inventories m/m,USD,2014-07-15T10:00:00Z,None,0.6%,0.6%,0.5%,false,false
,Fed Monetary Policy Report,USD,2014-07-15T10:00:00Z,None,,,,false,false
,GDT Price Index,NZD,2014-07-15T10:50:00Z,None,,-4.9%,-8.9%,false,false
,CPI q/q,NZD,2014-07-15T18:45:00Z,High,0.4%,0.3%,0.3%,false,false
,MI Leading Index m/m,AUD,2014-07-15T20:30:00Z,None,,0.1%,0.1%,false,false
,Industrial Production y/y,CNY,2014-07-15T22:00:00Z,High,9.0%,8.8%,9.2%,false,false
,Fixed Asset Investment ytd/y,CNY,2014-07-15T22:00:00Z,None,17.2%,17.2%,17.3%,false,false
,NBS Press Conference,CNY,2014-07-15T22:00:00Z,None,,,,false,false
,Retail Sales y/y,CNY,2014-07-15T22:00:00Z,None,12.5%,12.5%,12.4%,false,false
,GDP q/y,CNY,2014-07-15T22:00:00Z,High,7.4%,7.4%,7.5%,false,false
,BRICS Summit,All,2014-07-16T00:00:00Z,None,,,,false,false
,BOJ Monthly Report,JPY,2014-07-16T01:00:00Z,None,,,,false,false
,Italian Trade Balance,EUR,2014-07-16T04:00:00Z,None,3.23B,3.52B,3.68B,false,false
,Unemployment Rate,GBP,2014-07-16T04:30:00Z,High,6.5%,6.6%,6.5%,false,false
,Claimant Count Change,GBP,2014-07-16T04:30:00Z,High,-27.1K,-32.8K,-36.3K,false,false
,Average Earnings Index 3m/y,GBP,2014-07-16T04:30:00Z,High,0.5%,0.8%,0.3%,false,false
,UBS Economic Expectations,CHF,2014-07-16T05:00:00Z,None,,4.8,0.1,false,false
,Trade Balance,EUR,2014-07-16T05:00:00Z,None,16.3B,15.2B,15.3B,false,false
,German 10-y Bond Auction,EUR,2014-07-16T05:33:00Z,None,,1.39|1.2,1.20|1.6,false,false
,Manufacturing Sales m/m,CAD,2014-07-16T08:30:00Z,High,1.3%,-0.2%,1.6%,false,false
,PPI m/m,USD,2014-07-16T08:30:00Z,High,0.2%,-0.2%,0.4%,false,false
,Core PPI m/m,USD,2014-07-16T08:30:00Z,None,0.2%,-0.1%,0.2%,false,false
,TIC Long-Term Purchases,USD,2014-07-16T09:00:00Z,None,27.4B,-41.2B,19.4B,false,false
,Capacity Utilization Rate,USD,2014-07-16T09:15:00Z,None,79.4%,79.1%,79.1%,false,false
,Industrial Production m/m,USD,2014-07-16T09:15:00Z,None,0.4%,0.5%,0.2%,false,false
,BOC Monetary Policy Report,CAD,2014-07-16T10:00:00Z,High,,,,false,false
,BOC Rate Statement,CAD,2014-07-16T10:00:00Z,High,,,,false,false
,Overnight Rate,CAD,2014-07-16T10:00:00Z,High,1.00%,1.00%,1.00%,false,false
,Fed Chair Yellen Testifies,USD,2014-07-16T10:00:00Z,High,,,,false,false
,NAHB Housing Market Index,USD,2014-07-16T10:00:00Z,None,51,49,53,false,false
,Crude Oil Inventories,USD,2014-07-16T10:30:00Z,None,-2.1M,-2.4M,-7.5M,false,false
,BOC Press Conference,CAD,2014-07-16T11:15:00Z,High,,,,false,false
,FOMC Member Fisher Speaks,USD,2014-07-16T12:00:00Z,None,,,,false,false
,Beige Book,USD,2014-07-16T14:00:00Z,None,,,,false,false
,CB Leading Index m/m,AUD,2014-07-16T20:00:00Z,None,,-0.2%,0.2%,false,false
,NAB Quarterly Business Confidence,AUD,2014-07-16T21:30:00Z,None,,7,6,false,false
,RBA Assist Gov Edey Speaks,AUD,2014-07-16T21:55:00Z,None,,,,false,false
,BRICS Summit,All,2014-07-17T00:00:00Z,None,,,,false,false
,Spanish 10-y Bond Auction,EUR,2014-07-17T04:43:00Z,None,,2.97|1.7,2.09|2.3,false,false
,Final CPI y/y,EUR,2014-07-17T05:00:00Z,None,0.5%,0.5%,0.5%,false,false
,Final Core CPI y/y,EUR,2014-07-17T05:00:00Z,None,0.8%,0.8%,0.8%,false,false
,Housing Starts,USD,2014-07-17T08:30:00Z,None,1.02M,0.99M,0.89M,false,false
,Unemployment Claims,USD,2014-07-17T08:30:00Z,High,310K,305K,302K,false,false
,Building Permits,USD,2014-07-17T08:30:00Z,High,1.04M,1.01M,0.96M,false,false
,Foreign Securities Purchases,CAD,2014-07-17T08:30:00Z,None,14.23B,10.20B,21.43B,false,false
,Philly Fed Manufacturing Index,USD,2014-07-17T10:00:00Z,High,15.6,17.8,23.9,false,false
,Natural Gas Storage,USD,2014-07-17T10:30:00Z,None,99B,93B,107B,false,false
,Monetary Policy Meeting Minutes,JPY,2014-07-17T19:50:00Z,None,,,,false,false
,Current Account,EUR,2014-07-18T04:00:00Z,None,24.3B,21.6B,19.5B,false,false
,German Buba President Weidmann Speaks,EUR,2014-07-18T06:30:00Z,None,,,,false,false
,Core CPI m/m,CAD,2014-07-18T08:30:00Z,High,-0.1%,0.5%,-0.1%,false,false
,Wholesale Sales m/m,CAD,2014-07-18T08:30:00Z,High,0.7%,1.4%,2.2%,false,false
,CPI m/m,CAD,2014-07-18T08:30:00Z,None,0.1%,0.5%,0.1%,false,false
,Prelim UoM Consumer Sentiment,USD,2014-07-18T09:55:00Z,High,83.5,82.5,81.3,false,false
,Prelim UoM Inflation Expectations,USD,2014-07-18T09:55:00Z,None,,3.1%,3.3%,false,false
,CB Leading Index m/m,USD,2014-07-18T10:00:00Z,None,0.6%,0.7%,0.3%,false,false
,President Obama Speaks,USD,2014-07-18T11:30:00Z,None,,,,false,false
,Bank Holiday,JPY,2014-07-20T00:00:00Z,None,,,,true,false
,Visitor Arrivals m/m,NZD,2014-07-20T18:45:00Z,None,,0.3%,-0.3%,false,false
,Rightmove HPI m/m,GBP,2014-07-20T19:01:00Z,None,,0.1%,-0.8%,false,false
,Credit Card Spending y/y,NZD,2014-07-20T23:00:00Z,None,,7.6%,7.0%,false,false
,German PPI m/m,EUR,2014-07-21T02:00:00Z,None,0.1%,-0.2%,0.0%,false,false
,German Buba Monthly Report,EUR,2014-07-21T06:00:00Z,None,,,,false,false
,RBA Deputy Gov Debelle Speaks,AUD,2014-07-21T19:25:00Z,None,,,,false,false
,CB Leading Index m/m,CNY,2014-07-21T22:00:00Z,None,,0.7%,1.3%,false,false
,RBA Gov Stevens Speaks,AUD,2014-07-21T23:00:00Z,High,,,,false,false
,All Industries Activity m/m,JPY,2014-07-22T00:30:00Z,None,0.7%,-4.6%,0.6%,false,false
,Trade Balance,CHF,2014-07-22T02:00:00Z,None,2.97B,2.85B,1.38B,false,false
,Public Sector Net Borrowing,GBP,2014-07-22T04:30:00Z,None,10.3B,11.9B,9.5B,false,false
,10-y Bond Auction,GBP,2014-07-22T05:35:00Z,None,,2.82|2.0,2.70|1.8,false,false
,CBI Industrial Order Expectations,GBP,2014-07-22T06:00:00Z,None,9,11,2,false,false
,Core CPI m/m,USD,2014-07-22T08:30:00Z,High,0.2%,0.3%,0.1%,false,false
,Core CPI y/y,USD,2014-07-22T08:30:00Z,High,2.0%,2.0%,1.9%,false,false
,CPI y/y,USD,2014-07-22T08:30:00Z,High,2.1%,2.1%,2.1%,false,false
,CPI m/m,USD,2014-07-22T08:30:00Z,None,0.3%,0.4%,0.3%,false,false
,HPI m/m,USD,2014-07-22T09:02:00Z,None,0.4%,0.1%,0.4%,false,false
,Richmond Manufacturing Index,USD,2014-07-22T09:59:00Z,None,5,3,7,false,false
,Existing Home Sales,USD,2014-07-22T10:00:00Z,High,4.98M,4.91M,5.04M,false,false
,CPI m/m,AUD,2014-07-22T21:30:00Z,High,0.5%,0.6%,0.5%,false,false
,Trimmed Mean CPI m/m,AUD,2014-07-22T21:30:00Z,None,0.8%,0.6%,0.8%,false,false
,MPC Asset Purchase Facility Votes,GBP,2014-07-23T04:30:00Z,High,0-0-9,0-0-9,0-0-9,false,false
,MPC Official Bank Rate Votes,GBP,2014-07-23T04:30:00Z,High,0-0-9,0-0-9,0-0-9,false,false
,High Street Lending,GBP,2014-07-23T04:30:00Z,None,43.4K,41.9K,43.3K,false,false
,CBI Realized Sales,GBP,2014-07-23T06:00:00Z,None,18,4,21,false,false
,BOE Gov Carney Speaks,GBP,2014-07-23T07:45:00Z,High,,,,false,false
,Core Retail Sales m/m,CAD,2014-07-23T08:30:00Z,High,0.3%,0.8%,0.1%,false,false
,Retail Sales m/m,CAD,2014-07-23T08:30:00Z,None,0.6%,1.3%,0.7%,false,false
,Consumer Confidence,EUR,2014-07-23T10:00:00Z,None,-6,-8,-8,false,false
,Crude Oil Inventories,USD,2014-07-23T10:30:00Z,None,-2.1M,-7.5M,-4.0M,false,false
,Official Cash Rate,NZD,2014-07-23T17:00:00Z,High,3.50%,3.25%,3.50%,false,false
,RBNZ Rate Statement,NZD,2014-07-23T17:00:00Z,High,,,,false,false
,Trade Balance,NZD,2014-07-23T18:45:00Z,High,155M,270M,247M,false,false
,Trade Balance,JPY,2014-07-23T19:57:00Z,None,-1.11T,-0.86T,-1.08T,false,false
,Flash Manufacturing PMI,JPY,2014-07-23T21:35:00Z,None,51.9,51.5,50.8,false,false
,Caixin Flash Manufacturing PMI,CNY,2014-07-23T21:45:00Z,High,51.2,50.7,52.0,false,false
,French Flash Manufacturing PMI,EUR,2014-07-24T03:00:00Z,High,48.5,48.2,47.6,false,false
,French Flash Services PMI,EUR,2014-07-24T03:00:00Z,None,48.9,48.2,50.4,false,false
,Spanish Unemployment Rate,EUR,2014-07-24T03:00:00Z,None,25.9%,25.9%,24.5%,false,false
,German Flash Manufacturing PMI,EUR,2014-07-24T03:30:00Z,High,52.2,52.0,52.9,false,false
,German Flash Services PMI,EUR,2014-07-24T03:30:00Z,None,54.7,54.6,56.6,false,false
,Flash Manufacturing PMI,EUR,2014-07-24T04:00:00Z,None,52.0,51.8,51.9,false,false
,Flash Services PMI,EUR,2014-07-24T04:00:00Z,None,52.7,52.8,54.4,false,false
,Italian Retail Sales m/m,EUR,2014-07-24T04:00:00Z,None,0.4%,0.3%,-0.7%,false,false
,Retail Sales m/m,GBP,2014-07-24T04:30:00Z,High,0.2%,-0.5%,0.1%,false,false
,Unemployment Claims,USD,2014-07-24T08:30:00Z,High,310K,303K,284K,false,false
,Flash Manufacturing PMI,USD,2014-07-24T09:45:00Z,None,57.5,57.3,56.3,false,false
,New Home Sales,USD,2014-07-24T10:00:00Z,High,485K,442K,406K,false,false
,Natural Gas Storage,USD,2014-07-24T10:30:00Z,None,95B,107B,90B,false,false
,Tokyo Core CPI y/y,JPY,2014-07-24T19:30:00Z,None,2.7%,2.8%,2.8%,false,false
,National Core CPI y/y,JPY,2014-07-24T19:30:00Z,None,3.3%,3.4%,3.3%,false,false
,SPPI y/y,JPY,2014-07-24T19:50:00Z,None,3.6%,3.6%,3.6%,false,false
,ANZ Business Confidence,NZD,2014-07-24T21:00:00Z,High,,42.8,39.7,false,false
,German GfK Consumer Climate,EUR,2014-07-25T02:00:00Z,None,8.9,8.9,9.0,false,false
,German ifo Business Climate,EUR,2014-07-25T04:00:00Z,High,109.6,109.7,108.0,false,false
,M3 Money Supply y/y,EUR,2014-07-25T04:00:00Z,None,1.1%,1.0%,1.5%,false,false
,Private Loans y/y,EUR,2014-07-25T04:00:00Z,None,-1.8%,-2.0%,-1.7%,false,false
,Prelim GDP q/q,GBP,2014-07-25T04:30:00Z,High,0.8%,0.8%,0.8%,false,false
,Index of Services 3m/3m,GBP,2014-07-25T04:30:00Z,None,1.0%,0.9%,1.0%,false,false
,Core Durable Goods Orders m/m,USD,2014-07-25T08:30:00Z,High,0.6%,0.0%,0.8%,false,false
,Durable Goods Orders m/m,USD,2014-07-25T08:30:00Z,None,0.4%,-0.9%,0.7%,false,false
,Belgian NBB Business Climate,EUR,2014-07-25T09:00:00Z,None,-6.5,-6.2,-7.5,false,false
,Flash Services PMI,USD,2014-07-28T09:45:00Z,None,62.3,61.0,61.0,false,false
,Pending Home Sales m/m,USD,2014-07-28T10:00:00Z,High,-0.2%,6.0%,-1.1%,false,false
,Household Spending y/y,JPY,2014-07-28T19:30:00Z,None,-3.7%,-8.0%,-3.0%,false,false
,Unemployment Rate,JPY,2014-07-28T19:30:00Z,None,3.5%,3.5%,3.7%,false,false
,Retail Sales y/y,JPY,2014-07-28T19:50:00Z,None,-0.4%,-0.4%,-0.6%,false,false
,HIA New Home Sales m/m,AUD,2014-07-28T21:00:00Z,None,,-4.3%,1.2%,false,false
,German Import Prices m/m,EUR,2014-07-29T02:00:00Z,None,0.3%,0.0%,0.2%,false,false
,MPC Member Broadbent Speaks,GBP,2014-07-29T03:00:00Z,None,,,,false,false
,Net Lending to Individuals m/m,GBP,2014-07-29T04:30:00Z,None,2.6B,3.0B,2.5B,false,false
,M4 Money Supply m/m,GBP,2014-07-29T04:30:00Z,None,0.0%,-0.1%,0.1%,false,false
,Mortgage Approvals,GBP,2014-07-29T04:30:00Z,None,63K,62K,67K,false,false
,S&P/CS Composite-20 HPI y/y,USD,2014-07-29T09:00:00Z,None,9.8%,10.8%,9.3%,false,false
,CB Consumer Confidence,USD,2014-07-29T10:00:00Z,High,85.5,86.4,90.9,false,false
,Building Consents m/m,NZD,2014-07-29T18:45:00Z,None,,-4.4%,3.5%,false,false
,Prelim Industrial Production m/m,JPY,2014-07-29T19:50:00Z,None,-1.0%,0.7%,-3.3%,false,false
,German Prelim CPI m/m,EUR,2014-07-30T00:00:00Z,High,0.2%,0.3%,0.3%,true,false
,UBS Consumption Indicator,CHF,2014-07-30T02:00:00Z,None,,1.80,2.06,false,false
,KOF Economic Barometer,CHF,2014-07-30T03:00:00Z,None,101.1,100.5,98.1,false,false
,Spanish Flash CPI y/y,EUR,2014-07-30T03:00:00Z,None,0.2%,0.1%,-0.3%,false,false
,Spanish Flash GDP q/q,EUR,2014-07-30T03:00:00Z,None,0.5%,0.4%,0.6%,false,false
,Italian 10-y Bond Auction,EUR,2014-07-30T05:21:00Z,None,,2.81|1.4,2.60|1.5,false,false
,ADP Non-Farm Employment Change,USD,2014-07-30T08:15:00Z,High,234K,281K,218K,false,false
,RMPI m/m,CAD,2014-07-30T08:30:00Z,None,0.6%,-0.3%,1.1%,false,false
,IPPI m/m,CAD,2014-07-30T08:30:00Z,None,0.3%,-0.6%,-0.1%,false,false
,Advance GDP q/q,USD,2014-07-30T08:30:00Z,High,3.1%,-2.9%,4.0%,false,false
,Advance GDP Price Index q/q,USD,2014-07-30T08:30:00Z,None,1.8%,1.3%,2.0%,false,false
,Crude Oil Inventories,USD,2014-07-30T10:30:00Z,None,-0.5M,-4.0M,-3.7M,false,false
,FOMC Statement,USD,2014-07-30T14:00:00Z,High,,,,false,false
,Federal Funds Rate,USD,2014-07-30T14:00:00Z,None,<0.25%,<0.25%,<0.25%,false,false
,GfK Consumer Confidence,GBP,2014-07-30T19:01:00Z,None,2,1,-2,false,false
,Building Approvals m/m,AUD,2014-07-30T21:30:00Z,High,-1.0%,10.3%,-5.0%,false,false
,Import Prices q/q,AUD,2014-07-30T21:30:00Z,None,-1.4%,3.2%,-3.0%,false,false
,Private Sector Credit m/m,AUD,2014-07-30T21:30:00Z,None,0.4%,0.4%,0.7%,false,false
,Average Cash Earnings y/y,JPY,2014-07-30T21:30:00Z,None,0.7%,0.6%,0.4%,false,false
,Housing Starts y/y,JPY,2014-07-31T01:00:00Z,None,-11.2%,-15.0%,-9.5%,false,false
,Nationwide HPI m/m,GBP,2014-07-31T01:59:00Z,None,0.6%,1.0%,0.1%,false,false
,German Retail Sales m/m,EUR,2014-07-31T02:00:00Z,None,1.1%,-0.6%,1.3%,false,false
,French Consumer Spending m/m,EUR,2014-07-31T02:45:00Z,None,0.3%,0.7%,0.9%,false,false
,German Unemployment Change,EUR,2014-07-31T03:55:00Z,None,-5K,7K,-12K,false,false
,Italian Monthly Unemployment Rate,EUR,2014-07-31T04:00:00Z,None,12.6%,12.6%,12.3%,false,false
,CPI Flash Estimate y/y,EUR,2014-07-31T05:00:00Z,High,0.5%,0.5%,0.4%,false,false
,Core CPI Flash Estimate y/y,EUR,2014-07-31T05:00:00Z,None,0.8%,0.8%,0.8%,false,false
,Unemployment Rate,EUR,2014-07-31T05:00:00Z,None,11.6%,11.6%,11.5%,false,false
,Italian Prelim CPI m/m,EUR,2014-07-31T05:00:00Z,None,0.1%,0.1%,-0.1%,false,false
,Challenger Job Cuts y/y,USD,2014-07-31T07:30:00Z,None,,-20.2%,24.4%,false,false
,GDP m/m,CAD,2014-07-31T08:30:00Z,High,0.3%,0.1%,0.4%,false,false
,Unemployment Claims,USD,2014-07-31T08:30:00Z,High,303K,279K,302K,false,false
,Employment Cost Index q/q,USD,2014-07-31T08:30:00Z,None,0.5%,0.3%,0.7%,false,false
,Chicago PMI,USD,2014-07-31T09:45:00Z,None,63.2,62.6,52.6,false,false
,Natural Gas Storage,USD,2014-07-31T10:30:00Z,None,92B,90B,88B,false,false
,AIG Manufacturing Index,AUD,2014-07-31T19:17:00Z,None,,48.9,50.7,false,false
,Manufacturing PMI,CNY,2014-07-31T20:59:00Z,High,51.4,51.0,51.7,false,false
,PPI q/q,AUD,2014-07-31T21:30:00Z,High,0.7%,0.9%,-0.1%,false,false
,Final Manufacturing PMI,JPY,2014-07-31T21:35:00Z,None,50.8,50.8,50.5,false,false
,RatingDog Manufacturing PMI,CNY,2014-07-31T21:45:00Z,High,52.0,52.0,51.7,false,false
,BOJ Gov Kuroda Speaks,JPY,2014-07-31T23:30:00Z,High,,,,false,false
,Bank Holiday,CHF,2014-08-01T00:00:00Z,None,,,,true,false
,Total Vehicle Sales,USD,2014-08-01T00:00:00Z,None,16.8M,17.0M,16.5M,true,false
,Commodity Prices y/y,AUD,2014-08-01T02:30:00Z,None,,-11.0%,-12.1%,false,false
,Spanish Manufacturing PMI,EUR,2014-08-01T03:15:00Z,None,54.8,54.6,53.9,false,false
,Italian Manufacturing PMI,EUR,2014-08-01T03:45:00Z,None,52.8,52.6,51.9,false,false
,French Final Manufacturing PMI,EUR,2014-08-01T03:50:00Z,None,47.6,47.6,47.8,false,false
,German Final Manufacturing PMI,EUR,2014-08-01T03:55:00Z,None,52.9,52.9,52.4,false,false
,Final Manufacturing PMI,EUR,2014-08-01T04:00:00Z,None,51.9,51.9,51.8,false,false
,Final Manufacturing PMI,GBP,2014-08-01T04:30:00Z,High,57.2,57.2,55.4,false,false
,Non-Farm Employment Change,USD,2014-08-01T08:30:00Z,High,231K,298K,209K,false,false
,Unemployment Rate,USD,2014-08-01T08:30:00Z,High,6.1%,6.1%,6.2%,false,false
,Average Hourly Earnings m/m,USD,2014-08-01T08:30:00Z,None,0.2%,0.2%,0.0%,false,false
,Core PCE Price Index m/m,USD,2014-08-01T08:30:00Z,None,0.2%,0.2%,0.1%,false,false
,Personal Spending m/m,USD,2014-08-01T08:30:00Z,None,0.5%,0.3%,0.4%,false,false
,Personal Income m/m,USD,2014-08-01T08:30:00Z,None,0.4%,0.4%,0.4%,false,false
,Manufacturing PMI,CAD,2014-08-01T09:30:00Z,None,,53.5,54.3,false,false
,Final Manufacturing PMI,USD,2014-08-01T09:45:00Z,None,56.3,56.3,55.8,false,false
,Revised UoM Consumer Sentiment,USD,2014-08-01T09:55:00Z,None,81.5,81.3,81.8,false,false
,Revised UoM Inflation Expectations,USD,2014-08-01T09:55:00Z,None,,3.3%,3.3%,false,false
,ISM Manufacturing PMI,USD,2014-08-01T10:00:00Z,High,56.1,55.3,57.1,false,false
,Construction Spending m/m,USD,2014-08-01T10:00:00Z,None,0.4%,0.8%,-1.8%,false,false
,ISM Manufacturing Prices,USD,2014-08-01T10:00:00Z,None,58.6,58.0,59.5,false,false
,Non-Manufacturing PMI,CNY,2014-08-02T20:59:00Z,High,,55.0,54.2,false,false
,Bank Holiday,AUD,2014-08-03T00:00:00Z,None,,,,true,false
,Monetary Base y/y,JPY,2014-08-03T19:50:00Z,None,41.2%,42.6%,42.7%,false,false
,MI Inflation Gauge m/m,AUD,2014-08-03T20:30:00Z,None,,0.0%,0.2%,false,false
,ANZ Commodity Prices m/m,NZD,2014-08-03T21:00:00Z,None,,-0.9%,-2.4%,false,false
,Retail Sales m/m,AUD,2014-08-03T21:30:00Z,High,0.3%,-0.3%,0.6%,false,false
,ANZ Job Advertisements m/m,AUD,2014-08-03T21:30:00Z,None,,4.4%,0.3%,false,false
,Bank Holiday,CAD,2014-08-04T00:00:00Z,None,,,,true,false
,Spanish Unemployment Change,EUR,2014-08-04T03:00:00Z,None,-116.3K,-122.7K,-29.8K,false,false
,Manufacturing PMI,CHF,2014-08-04T03:30:00Z,None,56.2,54.0,54.3,false,false
,Sentix Investor Confidence,EUR,2014-08-04T04:30:00Z,None,9.1,10.1,2.7,false,false
,Construction PMI,GBP,2014-08-04T04:30:00Z,High,62.1,62.6,62.4,false,false
,PPI m/m,EUR,2014-08-04T05:00:00Z,None,0.0%,-0.1%,0.1%,false,false
,Loan Officer Survey,USD,2014-08-04T14:00:00Z,None,,,,false,false
,AIG Services Index,AUD,2014-08-04T19:30:00Z,None,,47.6,49.3,false,false
,Goods Trade Balance,AUD,2014-08-04T21:30:00Z,High,-2.00B,-2.04B,-1.68B,false,false
,RatingDog Services PMI,CNY,2014-08-04T21:45:00Z,None,,53.1,50.0,false,false
,10-y Bond Auction,JPY,2014-08-04T23:45:00Z,None,,0.56|3.4,0.52|4.3,false,false
,Cash Rate,AUD,2014-08-05T00:30:00Z,High,2.50%,2.50%,2.50%,false,false
,RBA Rate Statement,AUD,2014-08-05T00:30:00Z,High,,,,false,false
,Spanish Services PMI,EUR,2014-08-05T03:15:00Z,None,55.1,54.8,56.2,false,false
,Italian Services PMI,EUR,2014-08-05T03:45:00Z,None,53.2,53.9,52.8,false,false
,French Final Services PMI,EUR,2014-08-05T03:50:00Z,None,50.4,50.4,50.4,false,false
,German Final Services PMI,EUR,2014-08-05T03:55:00Z,None,56.6,56.6,56.7,false,false
,Final Services PMI,EUR,2014-08-05T04:00:00Z,None,54.4,54.4,54.2,false,false
,Final Services PMI,GBP,2014-08-05T04:30:00Z,High,58.1,57.7,59.1,false,false
,Retail Sales m/m,EUR,2014-08-05T05:00:00Z,None,0.4%,0.3%,0.4%,false,false
,Final Services PMI,USD,2014-08-05T09:45:00Z,None,61.0,61.0,60.8,false,false
,ISM Services PMI,USD,2014-08-05T10:00:00Z,High,56.6,56.0,58.7,false,false
,Factory Orders m/m,USD,2014-08-05T10:00:00Z,None,0.6%,-0.6%,1.1%,false,false
,RCM/TIPP Economic Optimism,USD,2014-08-05T10:00:00Z,None,46.2,45.6,44.5,false,false
,GDT Price Index,NZD,2014-08-05T10:26:00Z,High,,-8.9%,-8.4%,false,false
,Employment Change q/q,NZD,2014-08-05T18:45:00Z,High,0.7%,0.9%,0.4%,false,false
,Unemployment Rate,NZD,2014-08-05T18:45:00Z,High,5.8%,5.9%,5.6%,false,false
,Labor Cost Index q/q,NZD,2014-08-05T18:45:00Z,None,0.5%,0.3%,0.6%,false,false
,BRC Shop Price Index y/y,GBP,2014-08-05T19:01:00Z,None,,-1.8%,-1.9%,false,false
,Leading Indicators,JPY,2014-08-06T01:00:00Z,None,105.5%,104.8%,105.5%,false,false
,German Factory Orders m/m,EUR,2014-08-06T02:00:00Z,None,0.5%,-1.6%,-3.2%,false,false
,Lloyds HPI m/m,GBP,2014-08-06T03:00:00Z,None,0.5%,-0.4%,1.4%,false,false
,CPI m/m,CHF,2014-08-06T03:15:00Z,None,-0.5%,-0.1%,-0.4%,false,false
,Italian Industrial Production m/m,EUR,2014-08-06T04:00:00Z,None,0.9%,-1.2%,0.9%,false,false
,Retail PMI,EUR,2014-08-06T04:10:00Z,None,,50.0,47.6,false,false
,Manufacturing Production m/m,GBP,2014-08-06T04:30:00Z,High,0.7%,-1.3%,0.3%,false,false
,Industrial Production m/m,GBP,2014-08-06T04:30:00Z,None,0.6%,-0.6%,0.3%,false,false
,Italian Prelim GDP q/q,EUR,2014-08-06T05:00:00Z,None,0.1%,-0.1%,-0.2%,false,false
,Trade Balance,CAD,2014-08-06T08:30:00Z,High,-0.1B,0.6B,1.9B,false,false
,Trade Balance,USD,2014-08-06T08:30:00Z,High,-44.2B,-44.7B,-41.5B,false,false
,NIESR GDP Estimate,GBP,2014-08-06T09:55:00Z,None,,0.8%,0.6%,false,false
,Crude Oil Inventories,USD,2014-08-06T10:30:00Z,None,-1.1M,-3.7M,-1.8M,false,false
,AIG Construction Index,AUD,2014-08-06T19:30:00Z,None,,51.8,52.6,false,false
,Employment Change,AUD,2014-08-06T21:30:00Z,High,13.5K,14.9K,-0.3K,false,false
,Unemployment Rate,AUD,2014-08-06T21:30:00Z,High,6.0%,6.0%,6.4%,false,false
,SECO Consumer Climate,CHF,2014-08-07T01:45:00Z,None,4,1,-1,false,false
,German Industrial Production m/m,EUR,2014-08-07T02:00:00Z,None,1.4%,-1.7%,0.3%,false,false
,French Trade Balance,EUR,2014-08-07T02:45:00Z,None,-5.0B,-5.1B,-5.4B,false,false
,Foreign Currency Reserves,CHF,2014-08-07T03:00:00Z,None,,450B,453B,false,false
,Spanish 10-y Bond Auction,EUR,2014-08-07T04:40:00Z,None,,2.09|2.3,2.69|2.1,false,false
,Asset Purchase Facility,GBP,2014-08-07T07:00:00Z,High,375B,375B,375B,false,false
,Official Bank Rate,GBP,2014-08-07T07:00:00Z,High,0.50%,0.50%,0.50%,false,false
,Main Refinancing Rate,EUR,2014-08-07T07:45:00Z,High,0.15%,0.15%,0.15%,false,false
,Building Permits m/m,CAD,2014-08-07T08:30:00Z,High,-1.8%,15.4%,13.5%,false,false
,ECB Press Conference,EUR,2014-08-07T08:30:00Z,High,,,,false,false
,Unemployment Claims,USD,2014-08-07T08:30:00Z,High,305K,303K,289K,false,false
,Ivey PMI,CAD,2014-08-07T10:00:00Z,High,54.1,46.9,54.1,false,false
,Mortgage Delinquencies,USD,2014-08-07T10:00:00Z,None,,6.11%,6.04%,false,false
,Natural Gas Storage,USD,2014-08-07T10:30:00Z,None,89B,88B,82B,false,false
,Consumer Credit m/m,USD,2014-08-07T15:00:00Z,None,18.3B,19.6B,17.3B,false,false
,Current Account,JPY,2014-08-07T19:50:00Z,None,0.11T,0.38T,0.13T,false,false
,Bank Lending y/y,JPY,2014-08-07T19:50:00Z,None,,2.3%,2.2%,false,false
,RBA Monetary Policy Statement,AUD,2014-08-07T21:30:00Z,High,,,,false,false
,Home Loans m/m,AUD,2014-08-07T21:30:00Z,None,0.7%,-0.1%,0.2%,false,false
,USD-Denominated Trade Balance,CNY,2014-08-07T22:58:00Z,High,26.0B,31.6B,47.3B,false,false
,Monetary Policy Statement,JPY,2014-08-07T23:08:00Z,High,,,,false,false
,Economy Watchers Sentiment,JPY,2014-08-08T01:00:00Z,None,48.7,47.7,51.3,false,false
,Unemployment Rate,CHF,2014-08-08T01:45:00Z,None,3.2%,3.2%,3.2%,false,false
,German Trade Balance,EUR,2014-08-08T02:00:00Z,None,19.8B,18.8B,16.2B,false,false
,BOJ Press Conference,JPY,2014-08-08T02:30:00Z,High,,,,false,false
,French Industrial Production m/m,EUR,2014-08-08T02:45:00Z,None,1.1%,-1.6%,1.3%,false,false
,French Gov Budget Balance,EUR,2014-08-08T02:45:00Z,None,,-64.3B,-59.4B,false,false
,Goods Trade Balance,GBP,2014-08-08T04:30:00Z,None,-8.9B,-9.2B,-9.4B,false,false
,Construction Output m/m,GBP,2014-08-08T04:30:00Z,None,1.1%,-1.2%,1.2%,false,false
,Employment Change,CAD,2014-08-08T08:30:00Z,High,25.4K,-9.4K,41.7K,false,false
,Unemployment Rate,CAD,2014-08-08T08:30:00Z,High,7.0%,7.1%,7.0%,false,false
,Prelim Nonfarm Productivity q/q,USD,2014-08-08T08:30:00Z,None,1.4%,-3.2%,2.5%,false,false
,Prelim Unit Labor Costs q/q,USD,2014-08-08T08:30:00Z,None,1.3%,5.7%,0.6%,false,false
,Final Wholesale Inventories m/m,USD,2014-08-08T10:00:00Z,None,0.6%,0.3%,0.3%,false,false
,CPI y/y,CNY,2014-08-08T21:30:00Z,High,2.3%,2.3%,2.3%,false,false
,PPI y/y,CNY,2014-08-08T21:30:00Z,None,-1.0%,-1.1%,-0.9%,false,false
,Tertiary Industry Activity m/m,JPY,2014-08-10T19:50:00Z,None,0.2%,0.9%,-0.1%,false,false
,M2 Money Stock y/y,JPY,2014-08-10T19:50:00Z,None,3.0%,3.0%,3.0%,false,false
,BOJ Monthly Report,JPY,2014-08-11T01:00:00Z,None,,,,false,false
,Consumer Confidence,JPY,2014-08-11T01:00:00Z,None,42.3,41.1,41.5,false,false
,Prelim Machine Tool Orders y/y,JPY,2014-08-11T02:00:00Z,None,,34.1%,37.7%,false,false
,Retail Sales y/y,CHF,2014-08-11T03:15:00Z,None,0.7%,-0.5%,3.4%,false,false
,FOMC Member Fischer Speaks,USD,2014-08-11T03:15:00Z,None,,,,false,false
,CB Leading Index m/m,GBP,2014-08-11T05:00:00Z,None,,0.5%,0.6%,false,false
,Housing Starts,CAD,2014-08-11T08:13:00Z,None,194K,199K,200K,false,false
,BRC Retail Sales Monitor y/y,GBP,2014-08-11T19:01:00Z,None,,-0.8%,-0.3%,false,false
,PPI y/y,JPY,2014-08-11T19:50:00Z,None,4.4%,4.6%,4.3%,false,false
,NAB Business Confidence,AUD,2014-08-11T21:30:00Z,High,,8,11,false,false
,HPI q/q,AUD,2014-08-11T21:30:00Z,None,1.1%,1.5%,1.8%,false,false
,REINZ HPI m/m,NZD,2014-08-11T22:30:00Z,None,,-0.3%,-0.7%,false,false
,30-y Bond Auction,JPY,2014-08-11T23:45:00Z,None,,1.70|3.1,1.68|4.1,false,false
,Revised Industrial Production m/m,JPY,2014-08-12T00:30:00Z,None,0.5%,-3.3%,-3.4%,false,false
,German ZEW Economic Sentiment,EUR,2014-08-12T05:00:00Z,High,18.2,27.1,8.6,false,false
,ZEW Economic Sentiment,EUR,2014-08-12T05:00:00Z,None,41.3,48.1,23.7,false,false
,NFIB Small Business Index,USD,2014-08-12T07:30:00Z,None,96.3,95.0,95.7,false,false
,JOLTS Job Openings,USD,2014-08-12T10:00:00Z,None,4.74M,4.58M,4.67M,false,false
,Federal Budget Balance,USD,2014-08-12T13:55:00Z,None,-98.2B,70.5B,-94.6B,false,false
,Prelim GDP q/q,JPY,2014-08-12T19:50:00Z,High,-1.7%,1.6%,-1.7%,false,false
,Monetary Policy Meeting Minutes,JPY,2014-08-12T19:50:00Z,None,,,,false,false
,Prelim GDP Price Index y/y,JPY,2014-08-12T19:50:00Z,None,1.7%,-0.1%,2.0%,false,false
,Westpac Consumer Sentiment,AUD,2014-08-12T20:30:00Z,None,,1.9%,3.8%,false,false
,Wage Price Index q/q,AUD,2014-08-12T21:30:00Z,None,0.8%,0.7%,0.6%,false,false
,New Loans,CNY,2014-08-12T22:34:00Z,None,780B,1080B,385B,false,false
,M2 Money Supply y/y,CNY,2014-08-12T22:34:00Z,None,14.5%,14.7%,13.5%,false,false
,Industrial Production y/y,CNY,2014-08-13T01:30:00Z,High,9.1%,9.2%,9.0%,false,false
,Fixed Asset Investment ytd/y,CNY,2014-08-13T01:30:00Z,None,17.4%,17.3%,17.0%,false,false
,Retail Sales y/y,CNY,2014-08-13T01:30:00Z,None,12.5%,12.4%,12.2%,false,false
,German Final CPI m/m,EUR,2014-08-13T02:00:00Z,None,0.3%,0.3%,0.3%,false,false
,German WPI m/m,EUR,2014-08-13T02:00:00Z,None,0.3%,-0.1%,0.1%,false,false
,French Final CPI m/m,EUR,2014-08-13T02:45:00Z,None,-0.2%,0.0%,-0.3%,false,false
,Average Earnings Index 3m/y,GBP,2014-08-13T04:30:00Z,High,-0.1%,0.4%,-0.2%,false,false
,Claimant Count Change,GBP,2014-08-13T04:30:00Z,High,-29.7K,-39.5K,-33.6K,false,false
,Unemployment Rate,GBP,2014-08-13T04:30:00Z,None,6.4%,6.5%,6.4%,false,false
,UBS Economic Expectations,CHF,2014-08-13T05:00:00Z,None,,0.1,2.5,false,false
,Industrial Production m/m,EUR,2014-08-13T05:00:00Z,None,0.5%,-1.1%,-0.3%,false,false
,BOE Gov Carney Speaks,GBP,2014-08-13T05:30:00Z,High,,,,false,false
,BOE Monetary Policy Report,GBP,2014-08-13T05:30:00Z,High,,,,false,false
,German 10-y Bond Auction,EUR,2014-08-13T05:33:00Z,None,,1.20|1.6,1.08|1.6,false,false
,Core Retail Sales m/m,USD,2014-08-13T08:30:00Z,High,0.4%,0.4%,0.1%,false,false
,Retail Sales m/m,USD,2014-08-13T08:30:00Z,High,0.2%,0.2%,0.0%,false,false
,FOMC Member Dudley Speaks,USD,2014-08-13T09:05:00Z,None,,,,false,false
,Business Inventories m/m,USD,2014-08-13T10:00:00Z,None,0.4%,0.5%,0.4%,false,false
,Crude Oil Inventories,USD,2014-08-13T10:30:00Z,None,-0.8M,-1.8M,1.4M,false,false
,10-y Bond Auction,USD,2014-08-13T13:01:00Z,None,,2.60|2.6,2.44|2.8,false,false
,BusinessNZ Manufacturing Index,NZD,2014-08-13T18:30:00Z,None,,53.4,53.0,false,false
,Retail Sales q/q,NZD,2014-08-13T18:45:00Z,High,1.0%,0.8%,1.2%,false,false
,Core Retail Sales q/q,NZD,2014-08-13T18:45:00Z,None,1.1%,1.0%,1.2%,false,false
,RICS House Price Balance,GBP,2014-08-13T19:01:00Z,None,51%,52%,49%,false,false
,Core Machinery Orders m/m,JPY,2014-08-13T19:50:00Z,None,15.5%,-19.5%,8.8%,false,false
,MI Inflation Expectations,AUD,2014-08-13T21:00:00Z,None,,3.8%,3.1%,false,false
,French Prelim GDP q/q,EUR,2014-08-14T01:30:00Z,High,0.1%,0.0%,0.0%,false,false
,German Prelim GDP q/q,EUR,2014-08-14T02:00:00Z,High,-0.1%,0.8%,-0.2%,false,false
,French Prelim Private Payrolls q/q,EUR,2014-08-14T02:45:00Z,None,-0.1%,-0.1%,0.1%,false,false
,PPI m/m,CHF,2014-08-14T03:15:00Z,None,0.0%,0.0%,0.0%,false,false
,ECB Monthly Bulletin,EUR,2014-08-14T04:00:00Z,None,,,,false,false
,Final CPI y/y,EUR,2014-08-14T05:00:00Z,None,0.4%,0.4%,0.4%,false,false
,Flash GDP q/q,EUR,2014-08-14T05:00:00Z,None,0.1%,0.2%,0.0%,false,false
,Final Core CPI y/y,EUR,2014-08-14T05:00:00Z,None,0.8%,0.8%,0.8%,false,false
,NHPI m/m,CAD,2014-08-14T08:30:00Z,None,0.2%,0.1%,0.2%,false,false
,Unemployment Claims,USD,2014-08-14T08:30:00Z,High,307K,290K,311K,false,false
,Import Prices m/m,USD,2014-08-14T08:30:00Z,None,-0.2%,0.1%,-0.2%,false,false
,Natural Gas Storage,USD,2014-08-14T10:30:00Z,None,81B,82B,78B,false,false
,30-y Bond Auction,USD,2014-08-14T13:01:00Z,None,,3.37|2.4,3.22|2.6,false,false
,Italian Bank Holiday,EUR,2014-08-15T00:00:00Z,None,,,,true,false
,French Bank Holiday,EUR,2014-08-15T00:00:00Z,None,,,,true,false
,Second Estimate GDP q/q,GBP,2014-08-15T04:30:00Z,High,0.8%,0.8%,0.8%,false,false
,Index of Services 3m/3m,GBP,2014-08-15T04:30:00Z,None,1.0%,1.0%,1.0%,false,false
,Empire State Manufacturing Index,USD,2014-08-15T08:30:00Z,None,20.3,25.6,14.7,false,false
,PPI m/m,USD,2014-08-15T08:30:00Z,High,0.1%,0.4%,0.1%,false,false
,Core PPI m/m,USD,2014-08-15T08:30:00Z,None,0.2%,0.2%,0.2%,false,false
,Manufacturing Sales m/m,CAD,2014-08-15T08:30:00Z,High,0.5%,1.7%,0.6%,false,false
,TIC Long-Term Purchases,USD,2014-08-15T09:00:00Z,None,27.3B,18.6B,-18.7B,false,false
,Capacity Utilization Rate,USD,2014-08-15T09:15:00Z,None,79.2%,79.1%,79.2%,false,false
,Industrial Production m/m,USD,2014-08-15T09:15:00Z,None,0.3%,0.4%,0.4%,false,false
,Prelim UoM Consumer Sentiment,USD,2014-08-15T09:55:00Z,High,82.7,81.8,79.2,false,false
,Prelim UoM Inflation Expectations,USD,2014-08-15T09:55:00Z,None,,3.3%,3.4%,false,false
,BusinessNZ Services Index,NZD,2014-08-17T18:30:00Z,None,,55.4,58.4,false,false
,Rightmove HPI m/m,GBP,2014-08-17T19:01:00Z,None,,-0.8%,-2.9%,false,false
,New Motor Vehicle Sales m/m,AUD,2014-08-17T21:30:00Z,None,,2.2%,-1.3%,false,false
,Foreign Direct Investment ytd/y,CNY,2014-08-17T22:00:00Z,None,,2.2%,-0.4%,false,false
,Trade Balance,EUR,2014-08-18T05:00:00Z,None,14.9B,15.2B,13.8B,false,false
,German Buba Monthly Report,EUR,2014-08-18T06:00:00Z,None,,,,false,false
,Foreign Securities Purchases,CAD,2014-08-18T08:30:00Z,None,14.68B,21.42B,-1.07B,false,false
,NAHB Housing Market Index,USD,2014-08-18T10:00:00Z,None,53,53,55,false,false
,PPI Input q/q,NZD,2014-08-18T18:45:00Z,None,0.7%,1.0%,-1.0%,false,false
,PPI Output q/q,NZD,2014-08-18T18:45:00Z,None,0.8%,0.9%,-0.5%,false,false
,Monetary Policy Meeting Minutes,AUD,2014-08-18T21:30:00Z,High,,,,false,false
,Inflation Expectations q/q,NZD,2014-08-18T23:00:00Z,None,,2.36%,2.23%,false,false
,Current Account,EUR,2014-08-19T04:00:00Z,None,19.3B,19.8B,13.1B,false,false
,PPI Input m/m,GBP,2014-08-19T04:30:00Z,None,-1.0%,-0.9%,-1.6%,false,false
,Core CPI y/y,GBP,2014-08-19T04:30:00Z,None,1.9%,2.0%,1.8%,false,false
,RPI y/y,GBP,2014-08-19T04:30:00Z,None,2.6%,2.6%,2.5%,false,false
,CPI y/y,GBP,2014-08-19T04:30:00Z,High,1.8%,1.9%,1.6%,false,false
,PPI Output m/m,GBP,2014-08-19T04:30:00Z,None,0.1%,-0.1%,-0.1%,false,false
,ONS HPI y/y,GBP,2014-08-19T04:30:00Z,None,11.2%,10.4%,10.2%,false,false
,Housing Starts,USD,2014-08-19T08:30:00Z,None,0.97M,0.95M,1.09M,false,false
,CPI y/y,USD,2014-08-19T08:30:00Z,High,2.0%,2.1%,2.0%,false,false
,CPI m/m,USD,2014-08-19T08:30:00Z,High,0.1%,0.3%,0.1%,false,false
,Core CPI y/y,USD,2014-08-19T08:30:00Z,High,1.9%,1.9%,1.9%,false,false
,Core CPI m/m,USD,2014-08-19T08:30:00Z,High,0.2%,0.1%,0.1%,false,false
,Building Permits,USD,2014-08-19T08:30:00Z,High,1.00M,0.97M,1.05M,false,false
,GDT Price Index,NZD,2014-08-19T10:37:00Z,High,,-8.4%,-0.6%,false,false
,RBA Gov Stevens Speaks,AUD,2014-08-19T19:30:00Z,High,,,,false,false
,Trade Balance,JPY,2014-08-19T19:50:00Z,None,-0.77T,-1.07T,-1.02T,false,false
,MI Leading Index m/m,AUD,2014-08-19T20:30:00Z,None,,0.1%,-0.1%,false,false
,All Industries Activity m/m,JPY,2014-08-20T00:30:00Z,None,-0.2%,0.6%,-0.4%,false,false
,German PPI m/m,EUR,2014-08-20T02:00:00Z,None,0.0%,0.0%,-0.1%,false,false
,MPC Asset Purchase Facility Votes,GBP,2014-08-20T04:30:00Z,High,0-0-9,0-0-9,0-0-9,false,false
,MPC Official Bank Rate Votes,GBP,2014-08-20T04:30:00Z,High,0-0-9,0-0-9,2-0-7,false,false
,CBI Industrial Order Expectations,GBP,2014-08-20T06:00:00Z,None,4,2,11,false,false
,Wholesale Sales m/m,CAD,2014-08-20T08:30:00Z,High,0.4%,2.3%,0.6%,false,false
,Crude Oil Inventories,USD,2014-08-20T10:30:00Z,None,-1.3M,1.4M,-4.5M,false,false
,FOMC Meeting Minutes,USD,2014-08-20T14:00:00Z,High,,,,false,false
,Visitor Arrivals m/m,NZD,2014-08-20T18:50:00Z,None,,-0.3%,-0.5%,false,false
,CB Leading Index m/m,AUD,2014-08-20T20:00:00Z,None,,0.2%,0.4%,false,false
,Flash Manufacturing PMI,JPY,2014-08-20T21:35:00Z,None,51.7,50.5,52.4,false,false
,Caixin Flash Manufacturing PMI,CNY,2014-08-20T21:45:00Z,High,51.5,51.7,50.3,false,false
,Credit Card Spending y/y,NZD,2014-08-20T23:00:00Z,None,,6.0%,4.5%,false,false
,Jackson Hole Symposium,All,2014-08-21T00:00:00Z,None,,,,false,false
,Trade Balance,CHF,2014-08-21T02:00:00Z,None,1.87B,1.41B,3.98B,false,false
,French Flash Manufacturing PMI,EUR,2014-08-21T03:00:00Z,High,47.9,47.8,46.5,false,false
,French Flash Services PMI,EUR,2014-08-21T03:00:00Z,None,50.3,50.4,51.1,false,false
,German Flash Manufacturing PMI,EUR,2014-08-21T03:30:00Z,High,51.7,52.4,52.0,false,false
,German Flash Services PMI,EUR,2014-08-21T03:30:00Z,None,55.5,56.7,56.4,false,false
,Flash Manufacturing PMI,EUR,2014-08-21T04:00:00Z,None,51.4,51.8,50.8,false,false
,Flash Services PMI,EUR,2014-08-21T04:00:00Z,None,53.6,54.2,53.5,false,false
,Retail Sales m/m,GBP,2014-08-21T04:30:00Z,High,0.4%,0.2%,0.1%,false,false
,Public Sector Net Borrowing,GBP,2014-08-21T04:30:00Z,None,-1.9B,9.8B,-1.1B,false,false
,10-y Bond Auction,GBP,2014-08-21T05:37:00Z,None,,2.70|1.8,2.57|1.7,false,false
,Unemployment Claims,USD,2014-08-21T08:30:00Z,High,302K,312K,298K,false,false
,Flash Manufacturing PMI,USD,2014-08-21T09:45:00Z,None,55.7,55.8,58.0,false,false
,CB Leading Index m/m,USD,2014-08-21T10:00:00Z,None,0.6%,0.6%,0.9%,false,false
,Existing Home Sales,USD,2014-08-21T10:00:00Z,None,5.01M,5.03M,5.15M,false,false
,Philly Fed Manufacturing Index,USD,2014-08-21T10:00:00Z,High,19.7,23.9,28.0,false,false
,Consumer Confidence,EUR,2014-08-21T10:00:00Z,None,-9,-8,-10,false,false
,Natural Gas Storage,USD,2014-08-21T10:30:00Z,None,83B,78B,88B,false,false
,Jackson Hole Symposium,All,2014-08-22T00:00:00Z,None,,,,false,false
,Retail Sales m/m,CAD,2014-08-22T08:30:00Z,None,0.3%,0.9%,1.1%,false,false
,CPI m/m,CAD,2014-08-22T08:30:00Z,None,-0.1%,0.1%,-0.2%,false,false
,Core Retail Sales m/m,CAD,2014-08-22T08:30:00Z,High,0.4%,0.3%,1.5%,false,false
,Core CPI m/m,CAD,2014-08-22T08:30:00Z,High,0.1%,-0.1%,-0.1%,false,false
,Fed Chair Yellen Speaks,USD,2014-08-22T10:00:00Z,High,,,,false,false
,ECB President Draghi Speaks,EUR,2014-08-22T14:30:00Z,High,,,,false,false
,Jackson Hole Symposium,All,2014-08-23T00:00:00Z,High,,,,false,false
,MPC Member Broadbent Speaks,GBP,2014-08-23T12:25:00Z,None,,,,false,false
,Bank Holiday,GBP,2014-08-25T00:00:00Z,None,,,,true,false
,German ifo Business Climate,EUR,2014-08-25T04:00:00Z,High,107.1,108.0,106.3,false,false
,Belgian NBB Business Climate,EUR,2014-08-25T09:00:00Z,None,-8.3,-7.5,-7.3,false,false
,Flash Services PMI,USD,2014-08-25T09:45:00Z,None,59.2,60.8,58.5,false,false
,New Home Sales,USD,2014-08-25T10:00:00Z,High,426K,422K,412K,false,false
,Trade Balance,NZD,2014-08-25T18:45:00Z,High,-475M,242M,-692M,false,false
,SPPI y/y,JPY,2014-08-25T19:50:00Z,None,3.7%,3.7%,3.7%,false,false
,CB Leading Index m/m,CNY,2014-08-25T22:00:00Z,None,,1.3%,1.3%,false,false
,High Street Lending,GBP,2014-08-26T04:30:00Z,None,44.2K,43.2K,42.8K,false,false
,Durable Goods Orders m/m,USD,2014-08-26T08:30:00Z,None,7.8%,1.7%,22.6%,false,false
,Corporate Profits q/q,CAD,2014-08-26T08:30:00Z,None,,7.4%,2.6%,false,false
,Core Durable Goods Orders m/m,USD,2014-08-26T08:30:00Z,High,0.5%,1.9%,-0.8%,false,false
,S&P/CS Composite-20 HPI y/y,USD,2014-08-26T09:00:00Z,None,8.2%,9.4%,8.1%,false,false
,HPI m/m,USD,2014-08-26T09:00:00Z,None,0.3%,0.2%,0.4%,false,false
,Richmond Manufacturing Index,USD,2014-08-26T09:59:00Z,None,8,7,12,false,false
,CB Consumer Confidence,USD,2014-08-26T10:00:00Z,High,89.1,90.3,92.4,false,false
,FPI m/m,NZD,2014-08-26T18:45:00Z,None,,1.4%,-0.7%,false,false
,Construction Work Done q/q,AUD,2014-08-26T21:30:00Z,None,-0.4%,-0.4%,-1.2%,false,false
,UBS Consumption Indicator,CHF,2014-08-27T02:00:00Z,None,,2.07,1.66,false,false
,German GfK Consumer Climate,EUR,2014-08-27T02:00:00Z,None,8.9,8.9,8.6,false,false
,German Import Prices m/m,EUR,2014-08-27T02:00:00Z,None,-0.1%,0.2%,-0.4%,false,false
,Crude Oil Inventories,USD,2014-08-27T10:30:00Z,None,1.1M,-4.5M,-2.1M,false,false
,HIA New Home Sales m/m,AUD,2014-08-27T21:00:00Z,None,,1.2%,-5.7%,false,false
,Private Capital Expenditure q/q,AUD,2014-08-27T21:30:00Z,High,-0.6%,-2.5%,1.1%,false,false
,German Prelim CPI m/m,EUR,2014-08-28T00:00:00Z,High,0.0%,0.3%,0.0%,true,false
,Spanish Flash CPI y/y,EUR,2014-08-28T03:00:00Z,None,-0.2%,-0.3%,-0.5%,false,false
,Employment Level,CHF,2014-08-28T03:15:00Z,None,4.21M,4.19M,4.20M,false,false
,German Unemployment Change,EUR,2014-08-28T03:55:00Z,None,-6K,-12K,2K,false,false
,Private Loans y/y,EUR,2014-08-28T04:00:00Z,None,-1.5%,-1.7%,-1.6%,false,false
,M3 Money Supply y/y,EUR,2014-08-28T04:00:00Z,None,1.5%,1.5%,1.8%,false,false
,Italian Retail Sales m/m,EUR,2014-08-28T04:00:00Z,None,-0.2%,-0.6%,0.0%,false,false
,Italian 10-y Bond Auction,EUR,2014-08-28T05:20:00Z,None,,2.60|1.5,2.39|1.3,false,false
,CBI Realized Sales,GBP,2014-08-28T06:00:00Z,None,27,21,37,false,false
,Current Account,CAD,2014-08-28T08:30:00Z,None,-11.6B,-12.0B,-11.9B,false,false
,Prelim GDP q/q,USD,2014-08-28T08:30:00Z,High,3.9%,4.0%,4.2%,false,false
,Unemployment Claims,USD,2014-08-28T08:30:00Z,High,299K,299K,298K,false,false
,Prelim GDP Price Index q/q,USD,2014-08-28T08:30:00Z,None,2.0%,2.0%,2.1%,false,false
,Pending Home Sales m/m,USD,2014-08-28T10:00:00Z,High,0.6%,-1.3%,3.3%,false,false
,Natural Gas Storage,USD,2014-08-28T10:30:00Z,None,79B,88B,75B,false,false
,Building Consents m/m,NZD,2014-08-28T18:45:00Z,None,,3.5%,0.1%,false,false
,GfK Consumer Confidence,GBP,2014-08-28T19:05:00Z,None,-1,-2,1,false,false
,Household Spending y/y,JPY,2014-08-28T19:30:00Z,None,-2.7%,-3.0%,-5.9%,false,false
,Tokyo Core CPI y/y,JPY,2014-08-28T19:30:00Z,None,2.7%,2.8%,2.7%,false,false
,National Core CPI y/y,JPY,2014-08-28T19:30:00Z,None,3.3%,3.3%,3.3%,false,false
,Unemployment Rate,JPY,2014-08-28T19:30:00Z,None,3.7%,3.7%,3.8%,false,false
,Prelim Industrial Production m/m,JPY,2014-08-28T19:50:00Z,None,1.2%,-3.4%,0.2%,false,false
,Retail Sales y/y,JPY,2014-08-28T19:50:00Z,None,-0.1%,-0.6%,0.5%,false,false
,ANZ Business Confidence,NZD,2014-08-28T21:00:00Z,High,,39.7,24.4,false,false
,Private Sector Credit m/m,AUD,2014-08-28T21:30:00Z,None,0.5%,0.7%,0.4%,false,false
,Housing Starts y/y,JPY,2014-08-29T01:00:00Z,None,-10.3%,-9.5%,-14.1%,false,false
,German Retail Sales m/m,EUR,2014-08-29T02:00:00Z,None,0.1%,1.0%,-1.4%,false,false
,Nationwide HPI m/m,GBP,2014-08-29T02:00:00Z,None,0.1%,0.2%,0.8%,false,false
,KOF Economic Barometer,CHF,2014-08-29T03:00:00Z,None,97.9,97.9,99.5,false,false
,Italian Monthly Unemployment Rate,EUR,2014-08-29T04:00:00Z,None,12.2%,12.3%,12.6%,false,false
,Italian Quarterly Unemployment Rate,EUR,2014-08-29T04:00:00Z,None,12.5%,12.6%,12.5%,false,false
,Italian Prelim CPI m/m,EUR,2014-08-29T05:00:00Z,None,0.1%,-0.1%,0.2%,false,false
,CPI Flash Estimate y/y,EUR,2014-08-29T05:00:00Z,High,0.3%,0.4%,0.3%,false,false
,Core CPI Flash Estimate y/y,EUR,2014-08-29T05:00:00Z,None,0.8%,0.8%,0.9%,false,false
,Unemployment Rate,EUR,2014-08-29T05:00:00Z,None,11.5%,11.5%,11.5%,false,false
,RMPI m/m,CAD,2014-08-29T08:30:00Z,None,-1.2%,1.1%,-1.4%,false,false
,GDP m/m,CAD,2014-08-29T08:30:00Z,High,0.2%,0.5%,0.3%,false,false
,IPPI m/m,CAD,2014-08-29T08:30:00Z,None,-0.1%,0.1%,-0.3%,false,false
,Core PCE Price Index m/m,USD,2014-08-29T08:30:00Z,None,0.1%,0.1%,0.1%,false,false
,Personal Spending m/m,USD,2014-08-29T08:30:00Z,None,0.2%,0.4%,-0.1%,false,false
,Personal Income m/m,USD,2014-08-29T08:30:00Z,None,0.3%,0.5%,0.2%,false,false
,Chicago PMI,USD,2014-08-29T09:45:00Z,High,56.8,52.6,64.3,false,false
,Revised UoM Consumer Sentiment,USD,2014-08-29T09:55:00Z,None,80.2,79.2,82.5,false,false
,Revised UoM Inflation Expectations,USD,2014-08-29T09:55:00Z,None,,3.4%,3.2%,false,false
,Overseas Trade Index q/q,NZD,2014-08-31T18:45:00Z,None,-3.5%,1.8%,0.3%,false,false
,AIG Manufacturing Index,AUD,2014-08-31T19:05:00Z,None,,50.7,47.3,false,false
,Capital Spending q/y,JPY,2014-08-31T19:50:00Z,None,3.8%,7.4%,3.0%,false,false
,MI Inflation Gauge m/m,AUD,2014-08-31T20:30:00Z,None,,0.2%,0.0%,false,false
,Manufacturing PMI,CNY,2014-08-31T20:59:00Z,High,51.2,51.7,51.1,false,false
,Company Operating Profits q/q,AUD,2014-08-31T21:30:00Z,None,-1.8%,2.0%,-6.9%,false,false
,Final Manufacturing PMI,JPY,2014-08-31T21:35:00Z,None,52.4,52.4,52.2,false,false
,RatingDog Manufacturing PMI,CNY,2014-08-31T21:45:00Z,High,50.3,50.3,50.2,false,false
,Bank Holiday,CAD,2014-09-01T00:00:00Z,None,,,,true,false
,Bank Holiday,USD,2014-09-01T00:00:00Z,None,,,,true,false
,German Final GDP q/q,EUR,2014-09-01T02:00:00Z,None,-0.2%,-0.2%,-0.2%,false,false
,Commodity Prices y/y,AUD,2014-09-01T02:30:00Z,None,,-13.8%,-11.5%,false,false
,Spanish Manufacturing PMI,EUR,2014-09-01T03:15:00Z,None,53.4,53.9,52.8,false,false
,Manufacturing PMI,CHF,2014-09-01T03:30:00Z,None,53.8,54.3,52.9,false,false
,Italian Manufacturing PMI,EUR,2014-09-01T03:45:00Z,None,51.0,51.9,49.8,false,false
,French Final Manufacturing PMI,EUR,2014-09-01T03:50:00Z,None,46.5,46.5,46.9,false,false
,German Final Manufacturing PMI,EUR,2014-09-01T03:55:00Z,None,52.0,52.0,51.4,false,false
,Final Manufacturing PMI,EUR,2014-09-01T04:00:00Z,None,50.8,50.8,50.7,false,false
,Final Manufacturing PMI,GBP,2014-09-01T04:30:00Z,High,55.1,54.8,52.5,false,false
,Net Lending to Individuals m/m,GBP,2014-09-01T04:30:00Z,None,2.4B,2.8B,3.4B,false,false
,M4 Money Supply m/m,GBP,2014-09-01T04:30:00Z,None,0.5%,0.1%,0.3%,false,false
,Mortgage Approvals,GBP,2014-09-01T04:30:00Z,None,66K,67K,67K,false,false
,Monetary Base y/y,JPY,2014-09-01T19:50:00Z,None,43.7%,42.7%,40.5%,false,false
,ANZ Commodity Prices m/m,NZD,2014-09-01T21:00:00Z,None,,-2.4%,-3.3%,false,false
,Building Approvals m/m,AUD,2014-09-01T21:30:00Z,High,1.7%,-3.8%,2.5%,false,false
,Current Account,AUD,2014-09-01T21:30:00Z,None,-13.8B,-7.8B,-13.7B,false,false
,Average Cash Earnings y/y,JPY,2014-09-01T21:35:00Z,None,0.9%,1.0%,2.6%,false,false
,10-y Bond Auction,JPY,2014-09-01T23:45:00Z,None,,0.52|4.3,0.52|3.6,false,false
,Cash Rate,AUD,2014-09-02T00:30:00Z,High,2.50%,2.50%,2.50%,false,false
,RBA Rate Statement,AUD,2014-09-02T00:30:00Z,High,,,,false,false
,GDP q/q,CHF,2014-09-02T01:45:00Z,None,0.5%,0.5%,0.0%,false,false
,Spanish Unemployment Change,EUR,2014-09-02T03:00:00Z,None,25.5K,-29.8K,8.1K,false,false
,Construction PMI,GBP,2014-09-02T04:30:00Z,High,61.5,62.4,64.0,false,false
,PPI m/m,EUR,2014-09-02T05:00:00Z,None,0.0%,0.2%,-0.1%,false,false
,Manufacturing PMI,CAD,2014-09-02T09:30:00Z,None,,54.3,54.8,false,false
,Final Manufacturing PMI,USD,2014-09-02T09:45:00Z,None,58.0,58.0,57.9,false,false
,ISM Manufacturing PMI,USD,2014-09-02T10:00:00Z,High,57.0,57.1,59.0,false,false
,Construction Spending m/m,USD,2014-09-02T10:00:00Z,None,0.9%,-0.9%,1.8%,false,false
,ISM Manufacturing Prices,USD,2014-09-02T10:00:00Z,None,59.0,59.5,58.0,false,false
,RCM/TIPP Economic Optimism,USD,2014-09-02T10:00:00Z,None,46.2,44.5,45.2,false,false
,GDT Price Index,NZD,2014-09-02T10:01:00Z,High,,-0.6%,-6.0%,false,false
,BRC Shop Price Index y/y,GBP,2014-09-02T19:01:00Z,None,,-1.9%,-1.6%,false,false
,AIG Services Index,AUD,2014-09-02T19:13:00Z,None,,49.3,49.4,false,false
,Non-Manufacturing PMI,CNY,2014-09-02T21:00:00Z,High,,54.2,54.4,false,false
,GDP q/q,AUD,2014-09-02T21:30:00Z,High,0.4%,1.1%,0.5%,false,false
,RatingDog Services PMI,CNY,2014-09-02T21:45:00Z,None,,50.0,54.1,false,false
,RBA Gov Stevens Speaks,AUD,2014-09-02T23:20:00Z,High,,,,false,false
,Total Vehicle Sales,USD,2014-09-03T00:00:00Z,None,16.5M,16.5M,17.5M,true,false
,Spanish Services PMI,EUR,2014-09-03T03:15:00Z,None,55.5,56.2,58.1,false,false
,Italian Services PMI,EUR,2014-09-03T03:45:00Z,None,51.7,52.8,49.8,false,false
,French Final Services PMI,EUR,2014-09-03T03:50:00Z,None,51.1,51.1,50.3,false,false
,German Final Services PMI,EUR,2014-09-03T03:55:00Z,None,56.4,56.4,54.9,false,false
,Final Services PMI,EUR,2014-09-03T04:00:00Z,None,53.5,53.5,53.1,false,false
,Final Services PMI,GBP,2014-09-03T04:30:00Z,High,58.6,59.1,60.5,false,false
,Retail Sales m/m,EUR,2014-09-03T05:00:00Z,None,-0.3%,0.3%,-0.4%,false,false
,Overnight Rate,CAD,2014-09-03T10:00:00Z,High,1.00%,1.00%,1.00%,false,false
,Factory Orders m/m,USD,2014-09-03T10:00:00Z,None,10.9%,1.5%,10.5%,false,false
,BOC Rate Statement,CAD,2014-09-03T10:00:00Z,High,,,,false,false
,Beige Book,USD,2014-09-03T14:00:00Z,None,,,,false,false
,Retail Sales m/m,AUD,2014-09-03T21:30:00Z,High,0.4%,0.6%,0.4%,false,false
,Goods Trade Balance,AUD,2014-09-03T21:30:00Z,High,-1.77B,-1.56B,-1.36B,false,false
,Monetary Policy Statement,JPY,2014-09-03T23:07:00Z,High,,,,false,false
,German Factory Orders m/m,EUR,2014-09-04T02:00:00Z,High,1.6%,-2.7%,4.6%,false,false
,BOJ Press Conference,JPY,2014-09-04T02:31:00Z,High,,,,false,false
,Retail PMI,EUR,2014-09-04T04:10:00Z,None,,47.6,45.8,false,false
,Spanish 10-y Bond Auction,EUR,2014-09-04T04:40:00Z,None,,2.69|2.1,2.27|1.8,false,false
,French 10-y Bond Auction,EUR,2014-09-04T05:00:00Z,None,,1.77|2.7,1.32|2.8,false,false
,Asset Purchase Facility,GBP,2014-09-04T07:00:00Z,High,375B,375B,375B,false,false
,Official Bank Rate,GBP,2014-09-04T07:00:00Z,High,0.50%,0.50%,0.50%,false,false
,Challenger Job Cuts y/y,USD,2014-09-04T07:30:00Z,None,,24.4%,-20.7%,false,false
,Main Refinancing Rate,EUR,2014-09-04T07:45:00Z,High,0.15%,0.15%,0.05%,false,false
,ADP Non-Farm Employment Change,USD,2014-09-04T08:15:00Z,High,218K,212K,204K,false,false
,Unemployment Claims,USD,2014-09-04T08:30:00Z,High,298K,298K,302K,false,false
,Trade Balance,CAD,2014-09-04T08:30:00Z,High,1.1B,1.8B,2.6B,false,false
,Trade Balance,USD,2014-09-04T08:30:00Z,High,-42.5B,-40.8B,-40.5B,false,false
,ECB Press Conference,EUR,2014-09-04T08:30:00Z,High,,,,false,false
,Revised Nonfarm Productivity q/q,USD,2014-09-04T08:30:00Z,None,2.5%,2.5%,2.3%,false,false
,Revised Unit Labor Costs q/q,USD,2014-09-04T08:30:00Z,None,0.6%,0.6%,-0.1%,false,false
,Final Services PMI,USD,2014-09-04T09:45:00Z,None,58.5,58.5,59.5,false,false
,ISM Services PMI,USD,2014-09-04T10:00:00Z,High,57.3,58.7,59.6,false,false
,Natural Gas Storage,USD,2014-09-04T10:30:00Z,None,72B,75B,79B,false,false
,Crude Oil Inventories,USD,2014-09-04T11:00:00Z,None,-0.9M,-2.1M,-0.9M,false,false
,FOMC Member Mester Speaks,USD,2014-09-04T12:30:00Z,None,,,,false,false
,FOMC Member Powell Speaks,USD,2014-09-04T19:00:00Z,None,,,,false,false
,AIG Construction Index,AUD,2014-09-04T19:20:00Z,None,,52.6,55.0,false,false
,FOMC Member Fisher Speaks,USD,2014-09-04T20:15:00Z,None,,,,false,false
,FOMC Member Kocherlakota Speaks,USD,2014-09-04T21:00:00Z,None,,,,false,false
,Leading Indicators,JPY,2014-09-05T01:00:00Z,None,107.2%,105.9%,106.5%,false,false
,BOJ Monthly Report,JPY,2014-09-05T01:00:00Z,None,,,,false,false
,German Industrial Production m/m,EUR,2014-09-05T02:00:00Z,None,0.5%,0.4%,1.9%,false,false
,Foreign Currency Reserves,CHF,2014-09-05T03:00:00Z,None,,453B,454B,false,false
,Consumer Inflation Expectations,GBP,2014-09-05T04:30:00Z,None,,2.6%,2.8%,false,false
,Revised GDP q/q,EUR,2014-09-05T05:00:00Z,None,0.0%,0.0%,0.0%,false,false
,Employment Change,CAD,2014-09-05T08:30:00Z,High,10.3K,41.7K,-11.0K,false,false
,Unemployment Rate,CAD,2014-09-05T08:30:00Z,High,7.0%,7.0%,7.0%,false,false
,Labor Productivity q/q,CAD,2014-09-05T08:30:00Z,None,0.1%,-0.1%,1.8%,false,false
,Non-Farm Employment Change,USD,2014-09-05T08:30:00Z,High,226K,212K,142K,false,false
,Unemployment Rate,USD,2014-09-05T08:30:00Z,High,6.1%,6.2%,6.1%,false,false
,Average Hourly Earnings m/m,USD,2014-09-05T08:30:00Z,None,0.2%,0.1%,0.2%,false,false
,Ivey PMI,CAD,2014-09-05T10:00:00Z,High,55.7,54.1,50.9,false,false
,FOMC Member Plosser Speaks,USD,2014-09-06T10:15:00Z,None,,,,false,false
,Bank Holiday,CNY,2014-09-07T00:00:00Z,None,,,,true,false
,Manufacturing Sales q/q,NZD,2014-09-07T18:45:00Z,None,,0.0%,-1.9%,false,false
,Current Account,JPY,2014-09-07T19:50:00Z,None,0.18T,0.13T,0.10T,false,false
,Bank Lending y/y,JPY,2014-09-07T19:50:00Z,None,,2.2%,2.2%,false,false
,Final GDP q/q,JPY,2014-09-07T19:50:00Z,None,-1.8%,-1.7%,-1.8%,false,false
,Final GDP Price Index y/y,JPY,2014-09-07T19:55:00Z,None,2.0%,2.0%,2.0%,false,false
,ANZ Job Advertisements m/m,AUD,2014-09-07T21:30:00Z,None,,0.5%,1.5%,false,false
,USD-Denominated Trade Balance,CNY,2014-09-07T22:01:00Z,High,40.8B,47.3B,49.8B,false,false
,Economy Watchers Sentiment,JPY,2014-09-08T01:00:00Z,None,52.4,51.3,47.4,false,false
,Unemployment Rate,CHF,2014-09-08T01:45:00Z,None,3.2%,3.2%,3.2%,false,false
,German Trade Balance,EUR,2014-09-08T02:00:00Z,None,17.3B,16.4B,22.2B,false,false
,Lloyds HPI m/m,GBP,2014-09-08T02:57:00Z,None,0.2%,1.2%,0.1%,false,false
,Retail Sales y/y,CHF,2014-09-08T03:15:00Z,None,3.7%,3.3%,-0.6%,false,false
,CPI m/m,CHF,2014-09-08T03:15:00Z,None,-0.1%,-0.4%,0.0%,false,false
,Sentix Investor Confidence,EUR,2014-09-08T04:30:00Z,None,3.2,2.7,-9.8,false,false
,Building Permits m/m,CAD,2014-09-08T08:30:00Z,High,-4.2%,16.4%,11.8%,false,false
,Treasury Sec Lew Speaks,USD,2014-09-08T08:45:00Z,None,,,,false,false
,Consumer Credit m/m,USD,2014-09-08T15:00:00Z,None,17.4B,18.8B,26.0B,false,false
,BRC Retail Sales Monitor y/y,GBP,2014-09-08T19:01:00Z,None,,-0.3%,1.3%,false,false
,Monetary Policy Meeting Minutes,JPY,2014-09-08T19:50:00Z,None,,,,false,false
,Tertiary Industry Activity m/m,JPY,2014-09-08T19:50:00Z,None,0.3%,0.0%,0.0%,false,false
,M2 Money Stock y/y,JPY,2014-09-08T19:50:00Z,None,2.9%,3.0%,3.0%,false,false
,NAB Business Confidence,AUD,2014-09-08T21:30:00Z,High,,10,8,false,false
,Home Loans m/m,AUD,2014-09-08T21:30:00Z,None,1.1%,0.1%,0.3%,false,false
,30-y Bond Auction,JPY,2014-09-08T23:45:00Z,None,,1.68|4.1,1.68|3.6,false,false
,Consumer Confidence,JPY,2014-09-09T01:00:00Z,None,42.3,41.5,41.2,false,false
,Prelim Machine Tool Orders y/y,JPY,2014-09-09T01:58:00Z,None,,37.7%,35.6%,false,false
,French Gov Budget Balance,EUR,2014-09-09T02:45:00Z,None,,-59.4B,-84.1B,false,false
,French Trade Balance,EUR,2014-09-09T02:45:00Z,None,-5.0B,-5.6B,-5.5B,false,false
,Manufacturing Production m/m,GBP,2014-09-09T04:30:00Z,High,0.3%,0.3%,0.3%,false,false
,Goods Trade Balance,GBP,2014-09-09T04:30:00Z,None,-9.1B,-9.4B,-10.2B,false,false
,Industrial Production m/m,GBP,2014-09-09T04:30:00Z,None,0.2%,0.3%,0.5%,false,false
,BOE Gov Carney Speaks,GBP,2014-09-09T06:45:00Z,High,,,,false,false
,NFIB Small Business Index,USD,2014-09-09T07:30:00Z,None,95.9,95.7,96.1,false,false
,Housing Starts,CAD,2014-09-09T08:13:00Z,None,197K,200K,192K,false,false
,NIESR GDP Estimate,GBP,2014-09-09T09:55:00Z,None,,0.5%,0.6%,false,false
,JOLTS Job Openings,USD,2014-09-09T10:00:00Z,None,4.72M,4.68M,4.67M,false,false
,FOMC Member Tarullo Speaks,USD,2014-09-09T10:00:00Z,None,,,,false,false
,MPC Member Haldane Speaks,GBP,2014-09-09T13:00:00Z,None,,,,false,false
,Core Machinery Orders m/m,JPY,2014-09-09T19:50:00Z,None,4.1%,8.8%,3.5%,false,false
,PPI y/y,JPY,2014-09-09T19:50:00Z,None,4.1%,4.3%,3.9%,false,false
,Westpac Consumer Sentiment,AUD,2014-09-09T20:30:00Z,None,,3.8%,-4.6%,false,false
,French Final Private Payrolls q/q,EUR,2014-09-10T01:30:00Z,None,0.1%,0.1%,0.1%,false,false
,French Industrial Production m/m,EUR,2014-09-10T02:45:00Z,None,-0.4%,1.2%,0.2%,false,false
,German 10-y Bond Auction,EUR,2014-09-10T05:33:00Z,None,,1.08|1.6,1.05|1.4,false,false
,Capacity Utilization Rate,CAD,2014-09-10T08:30:00Z,None,82.8%,82.1%,82.7%,false,false
,Monetary Policy Report Hearings,GBP,2014-09-10T09:45:00Z,High,,,,false,false
,Final Wholesale Inventories m/m,USD,2014-09-10T10:00:00Z,None,0.5%,0.2%,0.1%,false,false
,Crude Oil Inventories,USD,2014-09-10T10:30:00Z,None,-1.0M,-0.9M,-1.0M,false,false
,10-y Bond Auction,USD,2014-09-10T13:01:00Z,None,,2.44|2.8,2.54|2.7,false,false
,Official Cash Rate,NZD,2014-09-10T17:00:00Z,High,3.50%,3.50%,3.50%,false,false
,RBNZ Monetary Policy Statement,NZD,2014-09-10T17:00:00Z,High,,,,false,false
,RBNZ Press Conference,NZD,2014-09-10T17:00:00Z,High,,,,false,false
,RBNZ Rate Statement,NZD,2014-09-10T17:00:00Z,High,,,,false,false
,RICS House Price Balance,GBP,2014-09-10T19:01:00Z,None,47%,48%,40%,false,false
,BSI Manufacturing Index,JPY,2014-09-10T19:50:00Z,None,-10.3,-13.9,12.7,false,false
,MI Inflation Expectations,AUD,2014-09-10T21:00:00Z,None,,3.1%,3.5%,false,false
,President Obama Speaks,USD,2014-09-10T21:00:00Z,None,,,,false,false
,Employment Change,AUD,2014-09-10T21:30:00Z,High,15.2K,-4.1K,121.0K,false,false
,Unemployment Rate,AUD,2014-09-10T21:30:00Z,High,6.3%,6.4%,6.1%,false,false
,CPI y/y,CNY,2014-09-10T21:30:00Z,High,2.2%,2.3%,2.0%,false,false
,PPI y/y,CNY,2014-09-10T21:30:00Z,None,-1.1%,-0.9%,-1.2%,false,false
,German Final CPI m/m,EUR,2014-09-11T02:00:00Z,None,0.0%,0.0%,0.0%,false,false
,French Final CPI m/m,EUR,2014-09-11T02:45:00Z,None,0.4%,-0.3%,0.4%,false,false
,ECB Monthly Bulletin,EUR,2014-09-11T04:00:00Z,None,,,,false,false
,30-y Bond Auction,GBP,2014-09-11T05:34:00Z,None,,3.53|1.8,3.17|2.0,false,false
,NHPI m/m,CAD,2014-09-11T08:30:00Z,None,0.2%,0.2%,0.0%,false,false
,Unemployment Claims,USD,2014-09-11T08:30:00Z,High,306K,304K,315K,false,false
,Natural Gas Storage,USD,2014-09-11T10:30:00Z,None,84B,79B,92B,false,false
,30-y Bond Auction,USD,2014-09-11T13:01:00Z,None,,3.22|2.6,3.24|2.7,false,false
,Federal Budget Balance,USD,2014-09-11T14:00:00Z,None,-132.8B,-94.6B,-128.7B,false,false
,ECB President Draghi Speaks,EUR,2014-09-11T15:00:00Z,High,,,,false,false
,BusinessNZ Manufacturing Index,NZD,2014-09-11T18:30:00Z,None,,53.5,56.5,false,false
,FPI m/m,NZD,2014-09-11T18:45:00Z,None,,-0.7%,0.3%,false,false
,REINZ HPI m/m,NZD,2014-09-11T19:15:00Z,None,,-0.7%,1.1%,false,false
,New Loans,CNY,2014-09-11T22:02:00Z,None,710B,385B,703B,false,false
,M2 Money Supply y/y,CNY,2014-09-11T22:02:00Z,None,13.5%,13.5%,12.8%,false,false
,Eurogroup Meetings,EUR,2014-09-12T00:00:00Z,None,,,,true,false
,Revised Industrial Production m/m,JPY,2014-09-12T00:30:00Z,None,0.2%,0.2%,0.4%,false,false
,German WPI m/m,EUR,2014-09-12T02:00:00Z,None,0.2%,0.1%,-0.2%,false,false
,BOJ Gov Kuroda Speaks,JPY,2014-09-12T02:05:00Z,High,,,,false,false
,Italian Industrial Production m/m,EUR,2014-09-12T04:00:00Z,None,-0.1%,0.8%,-1.0%,false,false
,Construction Output m/m,GBP,2014-09-12T04:30:00Z,None,0.7%,1.2%,0.0%,false,false
,Industrial Production m/m,EUR,2014-09-12T05:00:00Z,None,0.6%,-0.3%,1.0%,false,false
,Final Employment Change q/q,EUR,2014-09-12T05:00:00Z,None,0.1%,0.1%,0.2%,false,false
,CB Leading Index m/m,GBP,2014-09-12T05:00:00Z,None,,0.6%,0.1%,false,false
,Core Retail Sales m/m,USD,2014-09-12T08:30:00Z,High,0.2%,0.3%,0.3%,false,false
,Retail Sales m/m,USD,2014-09-12T08:30:00Z,High,0.3%,0.3%,0.6%,false,false
,Import Prices m/m,USD,2014-09-12T08:30:00Z,None,-0.8%,-0.3%,-0.9%,false,false
,Prelim UoM Consumer Sentiment,USD,2014-09-12T09:55:00Z,High,83.2,82.5,84.6,false,false
,Prelim UoM Inflation Expectations,USD,2014-09-12T09:55:00Z,None,,3.2%,3.0%,false,false
,Business Inventories m/m,USD,2014-09-12T10:00:00Z,None,0.5%,0.4%,0.4%,false,false
,ECOFIN Meetings,EUR,2014-09-13T00:00:00Z,None,,,,true,false
,Industrial Production y/y,CNY,2014-09-13T01:30:00Z,High,8.8%,9.0%,6.9%,false,false
,Fixed Asset Investment ytd/y,CNY,2014-09-13T01:30:00Z,None,16.9%,17.0%,16.5%,false,false
,Retail Sales y/y,CNY,2014-09-13T01:30:00Z,None,12.1%,12.2%,11.9%,false,false
,Bank Holiday,JPY,2014-09-14T00:00:00Z,None,,,,true,false
,BusinessNZ Services Index,NZD,2014-09-14T18:30:00Z,None,,58.9,57.9,false,false
,Rightmove HPI m/m,GBP,2014-09-14T19:01:00Z,None,,-2.9%,0.9%,false,false
,New Motor Vehicle Sales m/m,AUD,2014-09-14T21:30:00Z,None,,-1.5%,-1.8%,false,false
,PPI m/m,CHF,2014-09-15T03:15:00Z,None,0.2%,0.0%,-0.2%,false,false
,Trade Balance,EUR,2014-09-15T05:00:00Z,None,15.9B,13.8B,12.2B,false,false
,Empire State Manufacturing Index,USD,2014-09-15T08:30:00Z,None,16.4,14.7,27.5,false,false
,Capacity Utilization Rate,USD,2014-09-15T09:15:00Z,None,79.3%,79.1%,78.8%,false,false
,Industrial Production m/m,USD,2014-09-15T09:15:00Z,None,0.4%,0.2%,-0.1%,false,false
,RBA Assist Gov Kent Speaks,AUD,2014-09-15T20:00:00Z,None,,,,false,false
,Monetary Policy Meeting Minutes,AUD,2014-09-15T21:30:00Z,High,,,,false,false
,Foreign Direct Investment ytd/y,CNY,2014-09-15T22:18:00Z,None,,-0.4%,-1.8%,false,false
,BOJ Gov Kuroda Speaks,JPY,2014-09-16T01:30:00Z,High,,,,false,false
,CPI y/y,GBP,2014-09-16T04:30:00Z,High,1.5%,1.6%,1.5%,false,false
,PPI Input m/m,GBP,2014-09-16T04:30:00Z,None,0.1%,-1.7%,-0.6%,false,false
,RPI y/y,GBP,2014-09-16T04:30:00Z,None,2.5%,2.5%,2.4%,false,false
,Core CPI y/y,GBP,2014-09-16T04:30:00Z,None,1.8%,1.8%,1.9%,false,false
,ONS HPI y/y,GBP,2014-09-16T04:30:00Z,None,10.6%,10.2%,11.7%,false,false
,PPI Output m/m,GBP,2014-09-16T04:30:00Z,None,-0.1%,-0.1%,-0.1%,false,false
,German ZEW Economic Sentiment,EUR,2014-09-16T05:00:00Z,High,5.2,8.6,6.9,false,false
,ZEW Economic Sentiment,EUR,2014-09-16T05:00:00Z,None,21.3,23.7,14.2,false,false
,Manufacturing Sales m/m,CAD,2014-09-16T08:30:00Z,High,1.1%,0.9%,2.5%,false,false
,PPI m/m,USD,2014-09-16T08:30:00Z,High,0.1%,0.1%,0.0%,false,false
,Core PPI m/m,USD,2014-09-16T08:30:00Z,None,0.1%,0.2%,0.1%,false,false
,GDT Price Index,NZD,2014-09-16T10:25:00Z,High,,-6.0%,0.0%,false,false
,BOC Gov Poloz Speaks,CAD,2014-09-16T12:45:00Z,High,,,,false,false
,TIC Long-Term Purchases,USD,2014-09-16T16:00:00Z,None,24.3B,-18.7B,-18.6B,false,false
,Current Account,NZD,2014-09-16T18:45:00Z,High,-1.04B,1.47B,-1.07B,false,false
,MI Leading Index m/m,AUD,2014-09-16T20:30:00Z,None,,-0.1%,-0.1%,false,false
,Italian Trade Balance,EUR,2014-09-17T00:00:00Z,None,2.47B,3.72B,3.24B,false,false
,Italian Trade Balance,EUR,2014-09-17T04:00:00Z,None,1.33B,3.24B,6.86B,false,false
,Average Earnings Index 3m/y,GBP,2014-09-17T04:30:00Z,High,0.5%,-0.1%,0.6%,false,false
,Claimant Count Change,GBP,2014-09-17T04:30:00Z,High,-29.7K,-37.4K,-37.2K,false,false
,MPC Asset Purchase Facility Votes,GBP,2014-09-17T04:30:00Z,High,0-0-9,0-0-9,0-0-9,false,false
,MPC Official Bank Rate Votes,GBP,2014-09-17T04:30:00Z,High,2-0-7,2-0-7,2-0-7,false,false
,Unemployment Rate,GBP,2014-09-17T04:30:00Z,None,6.3%,6.4%,6.2%,false,false
,UBS Economic Expectations,CHF,2014-09-17T05:00:00Z,None,,2.5,-7.7,false,false
,Final CPI y/y,EUR,2014-09-17T05:00:00Z,None,0.3%,0.3%,0.4%,false,false
,Final Core CPI y/y,EUR,2014-09-17T05:00:00Z,None,0.9%,0.9%,0.9%,false,false
,Core CPI m/m,USD,2014-09-17T08:30:00Z,High,0.2%,0.1%,0.0%,false,false
,Core CPI y/y,USD,2014-09-17T08:30:00Z,High,1.9%,1.9%,1.7%,false,false
,CPI m/m,USD,2014-09-17T08:30:00Z,High,0.1%,0.1%,-0.2%,false,false
,CPI y/y,USD,2014-09-17T08:30:00Z,High,1.9%,2.0%,1.7%,false,false
,Current Account,USD,2014-09-17T08:30:00Z,None,-114B,-102B,-99B,false,false
,NAHB Housing Market Index,USD,2014-09-17T10:00:00Z,None,56,55,59,false,false
,Crude Oil Inventories,USD,2014-09-17T10:30:00Z,None,-0.9M,-1.0M,3.7M,false,false
,Federal Funds Rate,USD,2014-09-17T14:00:00Z,High,<0.25%,<0.25%,<0.25%,false,false
,FOMC Economic Projections,USD,2014-09-17T14:00:00Z,High,,,,false,false
,FOMC Statement,USD,2014-09-17T14:00:00Z,High,,,,false,false
,FOMC Press Conference,USD,2014-09-17T14:30:00Z,High,,,,false,false
,GDP q/q,NZD,2014-09-17T18:45:00Z,High,0.6%,1.0%,0.7%,false,false
,Trade Balance,JPY,2014-09-17T19:50:00Z,None,-0.99T,-1.02T,-0.92T,false,false
,RBA Bulletin,AUD,2014-09-17T21:30:00Z,None,,,,false,false
,Scottish Independence Vote,GBP,2014-09-18T00:00:00Z,High,No,,No,true,false
,Trade Balance,CHF,2014-09-18T02:00:00Z,None,2.56B,3.90B,1.39B,false,false
,BOJ Gov Kuroda Speaks,JPY,2014-09-18T02:35:00Z,High,,,,false,false
,Libor Rate,CHF,2014-09-18T03:30:00Z,High,<0.25%,<0.25%,<0.25%,false,false
,SNB Monetary Policy Assessment,CHF,2014-09-18T03:30:00Z,High,,,,false,false
,Retail Sales m/m,GBP,2014-09-18T04:30:00Z,High,0.4%,0.0%,0.4%,false,false
,Long Term Refinancing Operation,EUR,2014-09-18T05:20:00Z,High,,530B,82.6B,false,false
,CBI Industrial Order Expectations,GBP,2014-09-18T06:00:00Z,None,9,11,-4,false,false
,Foreign Securities Purchases,CAD,2014-09-18T08:30:00Z,None,2.47B,-1.08B,5.30B,false,false
,Building Permits,USD,2014-09-18T08:30:00Z,High,1.04M,1.06M,1.00M,false,false
,Unemployment Claims,USD,2014-09-18T08:30:00Z,High,312K,316K,280K,false,false
,Housing Starts,USD,2014-09-18T08:30:00Z,None,1.04M,1.12M,0.96M,false,false
,Fed Chair Yellen Speaks,USD,2014-09-18T08:45:00Z,High,,,,false,false
,Philly Fed Manufacturing Index,USD,2014-09-18T10:00:00Z,High,22.8,28.0,22.5,false,false
,Natural Gas Storage,USD,2014-09-18T10:30:00Z,None,91B,92B,90B,false,false
,Visitor Arrivals m/m,NZD,2014-09-18T18:45:00Z,None,,-0.6%,-3.0%,false,false
,Credit Card Spending y/y,NZD,2014-09-18T23:00:00Z,None,,4.5%,4.2%,false,false
,Parliamentary Elections,NZD,2014-09-19T00:00:00Z,None,,,,true,false
,G20 Meetings,All,2014-09-19T00:00:00Z,High,,,,false,false
,All Industries Activity m/m,JPY,2014-09-19T00:30:00Z,None,0.4%,-0.3%,-0.2%,false,false
,German PPI m/m,EUR,2014-09-19T02:00:00Z,None,-0.1%,-0.1%,-0.1%,false,false
,Current Account,EUR,2014-09-19T04:00:00Z,None,14.3B,18.6B,18.7B,false,false
,Core CPI m/m,CAD,2014-09-19T08:30:00Z,High,0.2%,-0.1%,0.5%,false,false
,Wholesale Sales m/m,CAD,2014-09-19T08:30:00Z,High,0.8%,0.8%,-0.3%,false,false
,CPI m/m,CAD,2014-09-19T08:30:00Z,None,-0.1%,-0.2%,0.0%,false,false
,CB Leading Index m/m,USD,2014-09-19T10:00:00Z,None,0.4%,1.1%,0.2%,false,false
,G20 Meetings,All,2014-09-20T00:00:00Z,High,,,,false,false
,Westpac Consumer Sentiment,NZD,2014-09-21T17:55:00Z,None,,121.2,116.7,false,false
,Bank Holiday,JPY,2014-09-22T00:00:00Z,None,,,,true,false
,German Buba Monthly Report,EUR,2014-09-22T06:00:00Z,None,,,,false,false
,ECB President Draghi Speaks,EUR,2014-09-22T09:00:00Z,High,,,,false,false
,Consumer Confidence,EUR,2014-09-22T10:00:00Z,None,-11,-10,-11,false,false
,FOMC Member Dudley Speaks,USD,2014-09-22T10:00:00Z,High,,,,false,false
,Existing Home Sales,USD,2014-09-22T10:00:00Z,None,5.21M,5.14M,5.05M,false,false
,Gov Council Member Wilkins Speaks,CAD,2014-09-22T13:00:00Z,None,,,,false,false
,FOMC Member Kocherlakota Speaks,USD,2014-09-22T19:30:00Z,None,,,,false,false
,Caixin Flash Manufacturing PMI,CNY,2014-09-22T21:45:00Z,High,50.0,50.2,50.5,false,false
,French Flash Manufacturing PMI,EUR,2014-09-23T03:00:00Z,High,47.1,46.9,48.8,false,false
,French Flash Services PMI,EUR,2014-09-23T03:00:00Z,None,50.2,50.3,49.4,false,false
,German Flash Manufacturing PMI,EUR,2014-09-23T03:30:00Z,High,51.3,51.4,50.3,false,false
,German Flash Services PMI,EUR,2014-09-23T03:30:00Z,None,54.6,54.9,55.4,false,false
,Flash Manufacturing PMI,EUR,2014-09-23T04:00:00Z,None,50.6,50.7,50.5,false,false
,Flash Services PMI,EUR,2014-09-23T04:00:00Z,None,53.2,53.1,52.8,false,false
,High Street Lending,GBP,2014-09-23T04:30:00Z,None,42.9K,42.7K,41.6K,false,false
,Public Sector Net Borrowing,GBP,2014-09-23T04:30:00Z,None,10.3B,-0.5B,10.9B,false,false
,Core Retail Sales m/m,CAD,2014-09-23T08:30:00Z,High,-0.1%,1.5%,-0.6%,false,false
,Retail Sales m/m,CAD,2014-09-23T08:30:00Z,None,0.4%,1.2%,-0.1%,false,false
,HPI m/m,USD,2014-09-23T09:00:00Z,None,0.4%,0.3%,0.1%,false,false
,FOMC Member Powell Speaks,USD,2014-09-23T09:20:00Z,None,,,,false,false
,Flash Manufacturing PMI,USD,2014-09-23T09:45:00Z,None,58.1,57.9,57.9,false,false
,Richmond Manufacturing Index,USD,2014-09-23T09:59:00Z,None,10,12,14,false,false
,FOMC Member Kocherlakota Speaks,USD,2014-09-23T14:00:00Z,None,,,,false,false
,Trade Balance,NZD,2014-09-23T18:45:00Z,High,-1125M,-724M,-472M,false,false
,CB Leading Index m/m,AUD,2014-09-23T20:00:00Z,None,,0.2%,0.5%,false,false
,RBA Financial Stability Review,AUD,2014-09-23T21:30:00Z,None,,,,false,false
,Flash Manufacturing PMI,JPY,2014-09-23T21:35:00Z,None,52.5,52.2,51.7,false,false
,UBS Consumption Indicator,CHF,2014-09-24T02:00:00Z,None,,1.67,1.35,false,false
,German ifo Business Climate,EUR,2014-09-24T04:00:00Z,High,105.9,106.3,104.7,false,false
,SNB Quarterly Bulletin,CHF,2014-09-24T09:00:00Z,None,,,,false,false
,Belgian NBB Business Climate,EUR,2014-09-24T09:00:00Z,None,-7.1,-7.3,-7.2,false,false
,New Home Sales,USD,2014-09-24T10:00:00Z,High,432K,427K,504K,false,false
,Crude Oil Inventories,USD,2014-09-24T10:30:00Z,None,0.7M,3.7M,-4.3M,false,false
,FOMC Member Mester Speaks,USD,2014-09-24T12:05:00Z,None,,,,false,false
,SPPI y/y,JPY,2014-09-24T19:50:00Z,None,3.7%,3.4%,3.5%,false,false
,RBA Gov Stevens Speaks,AUD,2014-09-24T22:30:00Z,High,,,,false,false
,ECB President Draghi Speaks,EUR,2014-09-25T03:20:00Z,High,,,,false,false
,M3 Money Supply y/y,EUR,2014-09-25T04:00:00Z,None,1.9%,1.8%,2.0%,false,false
,Private Loans y/y,EUR,2014-09-25T04:00:00Z,None,-1.5%,-1.6%,-1.5%,false,false
,Italian Retail Sales m/m,EUR,2014-09-25T06:00:00Z,None,0.2%,-0.1%,-0.1%,false,false
,CBI Realized Sales,GBP,2014-09-25T06:00:00Z,None,34,37,31,false,false
,Core Durable Goods Orders m/m,USD,2014-09-25T08:30:00Z,High,0.7%,-0.7%,0.7%,false,false
,Durable Goods Orders m/m,USD,2014-09-25T08:30:00Z,High,-17.7%,22.6%,-18.2%,false,false
,Unemployment Claims,USD,2014-09-25T08:30:00Z,High,294K,281K,293K,false,false
,BOE Gov Carney Speaks,GBP,2014-09-25T08:40:00Z,High,,,,false,false
,Flash Services PMI,USD,2014-09-25T09:45:00Z,None,59.4,59.5,58.5,false,false
,Natural Gas Storage,USD,2014-09-25T10:30:00Z,None,98B,90B,97B,false,false
,Tokyo Core CPI y/y,JPY,2014-09-25T19:30:00Z,None,2.7%,2.7%,2.6%,false,false
,National Core CPI y/y,JPY,2014-09-25T19:30:00Z,None,3.2%,3.3%,3.1%,false,false
,CB Leading Index m/m,CNY,2014-09-25T22:00:00Z,None,,1.2%,0.7%,false,false
,German Import Prices m/m,EUR,2014-09-26T02:00:00Z,None,-0.2%,-0.4%,-0.1%,false,false
,German GfK Consumer Climate,EUR,2014-09-26T02:00:00Z,None,8.5,8.6,8.3,false,false
,Final GDP q/q,USD,2014-09-26T08:30:00Z,High,4.6%,4.2%,4.6%,false,false
,Final GDP Price Index q/q,USD,2014-09-26T08:30:00Z,None,2.1%,2.1%,2.1%,false,false
,Revised UoM Consumer Sentiment,USD,2014-09-26T09:55:00Z,None,85.1,84.6,84.6,false,false
,Revised UoM Inflation Expectations,USD,2014-09-26T09:55:00Z,None,,3.0%,3.0%,false,false
,Daylight Saving Time Shift,NZD,2014-09-27T10:00:00Z,None,,,,false,false
,German Prelim CPI m/m,EUR,2014-09-29T00:00:00Z,High,-0.1%,0.0%,0.0%,true,false
,Spanish Flash CPI y/y,EUR,2014-09-29T03:00:00Z,None,-0.3%,-0.5%,-0.2%,false,false
,Mortgage Approvals,GBP,2014-09-29T04:30:00Z,None,66K,66K,64K,false,false
,M4 Money Supply m/m,GBP,2014-09-29T04:30:00Z,None,0.4%,0.2%,0.3%,false,false
,Net Lending to Individuals m/m,GBP,2014-09-29T04:30:00Z,None,3.1B,3.4B,3.2B,false,false
,Italian 10-y Bond Auction,EUR,2014-09-29T05:21:00Z,None,,2.39|1.3,2.45|1.3,false,false
,Personal Income m/m,USD,2014-09-29T08:30:00Z,None,0.3%,0.2%,0.3%,false,false
,Core PCE Price Index m/m,USD,2014-09-29T08:30:00Z,None,0.0%,0.1%,0.1%,false,false
,Personal Spending m/m,USD,2014-09-29T08:30:00Z,None,0.5%,0.0%,0.5%,false,false
,Pending Home Sales m/m,USD,2014-09-29T10:00:00Z,None,-0.4%,3.2%,-1.0%,false,false
,Building Consents m/m,NZD,2014-09-29T17:45:00Z,None,,-1.7%,0.0%,false,false
,GfK Consumer Confidence,GBP,2014-09-29T19:05:00Z,None,0,1,-1,false,false
,Household Spending y/y,JPY,2014-09-29T19:30:00Z,None,-3.5%,-5.9%,-4.7%,false,false
,Unemployment Rate,JPY,2014-09-29T19:30:00Z,None,3.8%,3.8%,3.5%,false,false
,Retail Sales y/y,JPY,2014-09-29T19:50:00Z,None,0.4%,0.6%,1.2%,false,false
,Prelim Industrial Production m/m,JPY,2014-09-29T19:50:00Z,None,0.2%,0.4%,-1.5%,false,false
,ANZ Business Confidence,NZD,2014-09-29T20:00:00Z,High,,24.4,13.4,false,false
,Average Cash Earnings y/y,JPY,2014-09-29T21:30:00Z,None,1.1%,2.4%,1.4%,false,false
,Private Sector Credit m/m,AUD,2014-09-29T21:30:00Z,None,0.5%,0.4%,0.4%,false,false
,RatingDog Manufacturing PMI,CNY,2014-09-29T21:45:00Z,High,50.5,50.5,50.2,false,false
,Bank Holiday,CNY,2014-09-30T00:00:00Z,None,,,,true,false
,French Consumer Spending m/m,EUR,2014-09-30T00:00:00Z,None,-0.3%,0.8%,-0.7%,false,false
,Housing Starts y/y,JPY,2014-09-30T01:00:00Z,None,-13.9%,-14.1%,-12.5%,false,false
,German Retail Sales m/m,EUR,2014-09-30T02:00:00Z,None,0.6%,-1.1%,2.5%,false,false
,Nationwide HPI m/m,GBP,2014-09-30T02:00:00Z,None,0.6%,0.8%,-0.2%,false,false
,French Consumer Spending m/m,EUR,2014-09-30T02:45:00Z,None,-0.2%,-0.7%,0.7%,false,false
,KOF Economic Barometer,CHF,2014-09-30T03:00:00Z,None,99.1,99.6,99.1,false,false
,German Unemployment Change,EUR,2014-09-30T03:55:00Z,None,-2K,3K,12K,false,false
,Italian Monthly Unemployment Rate,EUR,2014-09-30T04:00:00Z,None,12.6%,12.6%,12.3%,false,false
,Revised Business Investment q/q,GBP,2014-09-30T04:30:00Z,None,4.0%,5.0%,3.3%,false,false
,Index of Services 3m/3m,GBP,2014-09-30T04:30:00Z,None,1.0%,1.1%,1.0%,false,false
,Final GDP q/q,GBP,2014-09-30T04:30:00Z,None,0.8%,0.8%,0.9%,false,false
,Current Account,GBP,2014-09-30T04:30:00Z,High,-16.9B,-20.5B,-23.1B,false,false
,Italian Prelim CPI m/m,EUR,2014-09-30T05:00:00Z,None,-0.3%,0.2%,-0.3%,false,false
,Core CPI Flash Estimate y/y,EUR,2014-09-30T05:00:00Z,None,0.9%,0.9%,0.7%,false,false
,Unemployment Rate,EUR,2014-09-30T05:00:00Z,None,11.5%,11.5%,11.5%,false,false
,CPI Flash Estimate y/y,EUR,2014-09-30T05:00:00Z,High,0.3%,0.4%,0.3%,false,false
,RMPI m/m,CAD,2014-09-30T08:30:00Z,None,-1.7%,-1.4%,-2.2%,false,false
,GDP m/m,CAD,2014-09-30T08:30:00Z,High,0.2%,0.3%,0.0%,false,false
,IPPI m/m,CAD,2014-09-30T08:30:00Z,None,-0.2%,-0.3%,0.2%,false,false
,S&P/CS Composite-20 HPI y/y,USD,2014-09-30T09:00:00Z,None,7.5%,8.1%,6.7%,false,false
,Chicago PMI,USD,2014-09-30T09:45:00Z,None,61.6,64.3,60.5,false,false
,CB Consumer Confidence,USD,2014-09-30T10:00:00Z,High,92.2,93.4,86.0,false,false
,MPC Member Miles Speaks,GBP,2014-09-30T13:30:00Z,None,,,,false,false
,AIG Manufacturing Index,AUD,2014-09-30T19:30:00Z,None,,47.3,46.5,false,false
,Tankan Manufacturing Index,JPY,2014-09-30T19:50:00Z,None,10,12,13,false,false
,Tankan Non-Manufacturing Index,JPY,2014-09-30T19:50:00Z,None,17,19,13,false,false
,Manufacturing PMI,CNY,2014-09-30T20:59:00Z,High,51.1,51.1,51.1,false,false
,Retail Sales m/m,AUD,2014-09-30T21:30:00Z,High,0.4%,0.4%,0.1%,false,false
,Final Manufacturing PMI,JPY,2014-09-30T21:35:00Z,None,51.7,51.7,51.7,false,false
,Bank Holiday,CNY,2014-10-01T00:00:00Z,None,,,,true,false
,Total Vehicle Sales,USD,2014-10-01T00:00:00Z,None,16.9M,17.5M,16.4M,true,false
,Commodity Prices y/y,AUD,2014-10-01T02:30:00Z,None,,-14.0%,-16.8%,false,false
,Spanish Manufacturing PMI,EUR,2014-10-01T03:15:00Z,None,52.3,52.8,52.6,false,false
,Manufacturing PMI,CHF,2014-10-01T03:30:00Z,None,52.1,52.9,50.4,false,false
,Italian Manufacturing PMI,EUR,2014-10-01T03:45:00Z,None,49.4,49.8,50.7,false,false
,French Final Manufacturing PMI,EUR,2014-10-01T03:50:00Z,None,48.8,48.8,48.8,false,false
,German Final Manufacturing PMI,EUR,2014-10-01T03:55:00Z,None,50.3,50.3,49.9,false,false
,Final Manufacturing PMI,EUR,2014-10-01T04:00:00Z,None,50.5,50.5,50.3,false,false
,Final Manufacturing PMI,GBP,2014-10-01T04:30:00Z,High,52.6,52.2,51.6,false,false
,German 10-y Bond Auction,EUR,2014-10-01T05:33:00Z,None,,1.05|1.4,0.93|1.1,false,false
,ADP Non-Farm Employment Change,USD,2014-10-01T08:15:00Z,High,207K,202K,213K,false,false
,Manufacturing PMI,CAD,2014-10-01T09:30:00Z,None,,54.8,53.5,false,false
,Final Manufacturing PMI,USD,2014-10-01T09:45:00Z,None,58.0,57.9,57.5,false,false
,ISM Manufacturing PMI,USD,2014-10-01T10:00:00Z,High,58.6,59.0,56.6,false,false
,ISM Manufacturing Prices,USD,2014-10-01T10:00:00Z,None,56.8,58.0,59.5,false,false
,Construction Spending m/m,USD,2014-10-01T10:00:00Z,None,0.5%,1.2%,-0.8%,false,false
,Crude Oil Inventories,USD,2014-10-01T10:30:00Z,None,0.6M,-4.3M,-1.4M,false,false
,GDT Price Index,NZD,2014-10-01T10:48:00Z,High,,0.0%,-7.3%,false,false
,MPC Member Forbes Speaks,GBP,2014-10-01T13:30:00Z,None,,,,false,false
,Monetary Base y/y,JPY,2014-10-01T19:50:00Z,None,38.9%,40.5%,35.3%,false,false
,ANZ Commodity Prices m/m,NZD,2014-10-01T20:00:00Z,None,,-3.3%,-1.3%,false,false
,Building Approvals m/m,AUD,2014-10-01T21:30:00Z,High,1.1%,2.1%,3.0%,false,false
,Goods Trade Balance,AUD,2014-10-01T21:30:00Z,High,-0.75B,-1.08B,-0.79B,false,false
,10-y Bond Auction,JPY,2014-10-01T23:45:00Z,None,,0.52|3.6,0.52|3.5,false,false
,Bank Holiday,CNY,2014-10-02T00:00:00Z,None,,,,true,false
,RBA Annual Report,AUD,2014-10-02T01:15:00Z,None,,,,false,false
,Spanish Unemployment Change,EUR,2014-10-02T03:00:00Z,None,31.3K,8.1K,19.7K,false,false
,FPC Statement,GBP,2014-10-02T04:30:00Z,None,,,,false,false
,Construction PMI,GBP,2014-10-02T04:30:00Z,High,63.7,64.0,64.2,false,false
,Spanish 10-y Bond Auction,EUR,2014-10-02T04:42:00Z,None,,2.27|1.8,2.08|1.5,false,false
,French 10-y Bond Auction,EUR,2014-10-02T04:58:00Z,None,,1.32|2.8,1.23|2.0,false,false
,PPI m/m,EUR,2014-10-02T05:00:00Z,None,-0.2%,-0.2%,-0.1%,false,false
,Challenger Job Cuts y/y,USD,2014-10-02T07:30:00Z,None,,-20.7%,-24.4%,false,false
,Main Refinancing Rate,EUR,2014-10-02T07:45:00Z,High,0.05%,0.05%,0.05%,false,false
,ECB Press Conference,EUR,2014-10-02T08:30:00Z,High,,,,false,false
,Unemployment Claims,USD,2014-10-02T08:30:00Z,High,299K,295K,287K,false,false
,Factory Orders m/m,USD,2014-10-02T10:00:00Z,None,-9.4%,10.5%,-10.1%,false,false
,Natural Gas Storage,USD,2014-10-02T10:30:00Z,None,107B,97B,112B,false,false
,AIG Services Index,AUD,2014-10-02T19:30:00Z,None,,49.4,45.4,false,false
,HIA New Home Sales m/m,AUD,2014-10-02T21:00:00Z,None,,-5.7%,3.3%,false,false
,Non-Manufacturing PMI,CNY,2014-10-02T21:00:00Z,None,,54.4,54.0,false,false
,German Bank Holiday,EUR,2014-10-03T00:00:00Z,None,,,,true,false
,Spanish Services PMI,EUR,2014-10-03T03:15:00Z,None,56.9,58.1,55.8,false,false
,Italian Services PMI,EUR,2014-10-03T03:45:00Z,None,49.6,49.8,48.8,false,false
,French Final Services PMI,EUR,2014-10-03T03:50:00Z,None,49.4,49.4,48.4,false,false
,German Final Services PMI,EUR,2014-10-03T03:55:00Z,None,55.4,55.4,55.7,false,false
,Final Services PMI,EUR,2014-10-03T04:00:00Z,None,52.8,52.8,52.4,false,false
,Final Services PMI,GBP,2014-10-03T04:30:00Z,High,59.1,60.5,58.7,false,false
,Retail Sales m/m,EUR,2014-10-03T05:00:00Z,None,0.1%,-0.4%,1.2%,false,false
,Unemployment Rate,USD,2014-10-03T08:30:00Z,High,6.1%,6.1%,5.9%,false,false
,Non-Farm Employment Change,USD,2014-10-03T08:30:00Z,High,216K,180K,248K,false,false
,Trade Balance,USD,2014-10-03T08:30:00Z,High,-41.0B,-40.3B,-40.1B,false,false
,Trade Balance,CAD,2014-10-03T08:30:00Z,High,1.5B,2.2B,-0.6B,false,false
,Average Hourly Earnings m/m,USD,2014-10-03T08:30:00Z,None,0.2%,0.3%,0.0%,false,false
,Final Services PMI,USD,2014-10-03T09:45:00Z,None,58.5,58.5,58.9,false,false
,ISM Services PMI,USD,2014-10-03T10:00:00Z,High,58.5,59.6,58.6,false,false
,Daylight Saving Time Shift,AUD,2014-10-04T12:00:00Z,None,,,,false,false
,Bank Holiday,AUD,2014-10-05T00:00:00Z,None,,,,true,false
,Bank Holiday,CNY,2014-10-05T00:00:00Z,None,,,,true,false
,MI Inflation Gauge m/m,AUD,2014-10-05T19:30:00Z,None,,0.0%,0.1%,false,false
,ANZ Job Advertisements m/m,AUD,2014-10-05T20:30:00Z,None,,1.6%,0.9%,false,false
,Bank Holiday,CNY,2014-10-06T00:00:00Z,None,,,,true,false
,German Factory Orders m/m,EUR,2014-10-06T02:00:00Z,None,-2.4%,4.9%,-5.7%,false,false
,Retail PMI,EUR,2014-10-06T04:10:00Z,None,,45.8,44.8,false,false
,Housing Equity Withdrawal q/q,GBP,2014-10-06T04:30:00Z,None,-11.3B,-11.5B,-10.8B,false,false
,Sentix Investor Confidence,EUR,2014-10-06T04:30:00Z,None,-11.8,-9.8,-13.7,false,false
,Ivey PMI,CAD,2014-10-06T10:00:00Z,High,53.4,50.9,58.6,false,false
,Labor Market Conditions Index m/m,USD,2014-10-06T10:00:00Z,None,,,2.5,false,false
,NZIER Business Confidence,NZD,2014-10-06T17:00:00Z,High,,32,19,false,false
,AIG Construction Index,AUD,2014-10-06T18:30:00Z,None,,55.0,59.1,false,false
,Cash Rate,AUD,2014-10-06T23:30:00Z,High,2.50%,2.50%,2.50%,false,false
,RBA Rate Statement,AUD,2014-10-06T23:30:00Z,High,,,,false,false
,Monetary Policy Statement,JPY,2014-10-07T00:54:00Z,High,,,,false,false
,Leading Indicators,JPY,2014-10-07T01:00:00Z,None,104.2%,105.4%,104.0%,false,false
,German Industrial Production m/m,EUR,2014-10-07T02:00:00Z,None,-1.4%,1.6%,-4.0%,false,false
,BOJ Press Conference,JPY,2014-10-07T02:32:00Z,High,,,,false,false
,French Gov Budget Balance,EUR,2014-10-07T02:45:00Z,None,,-84.1B,-94.1B,false,false
,Foreign Currency Reserves,CHF,2014-10-07T03:00:00Z,None,,454B,462B,false,false
,Retail Sales y/y,CHF,2014-10-07T03:15:00Z,None,0.8%,-0.3%,1.9%,false,false
,CPI m/m,CHF,2014-10-07T03:15:00Z,None,0.2%,0.0%,0.1%,false,false
,Industrial Production m/m,GBP,2014-10-07T04:30:00Z,None,0.2%,0.4%,0.0%,false,false
,BOE Credit Conditions Survey,GBP,2014-10-07T04:30:00Z,None,,,,false,false
,Manufacturing Production m/m,GBP,2014-10-07T04:30:00Z,High,0.2%,0.3%,0.1%,false,false
,30-y Bond Auction,GBP,2014-10-07T05:34:00Z,None,,3.17|2.0,3.04|2.0,false,false
,Building Permits m/m,CAD,2014-10-07T08:30:00Z,High,-6.0%,11.6%,-27.3%,false,false
,NIESR GDP Estimate,GBP,2014-10-07T09:50:00Z,None,,0.8%,0.7%,false,false
,JOLTS Job Openings,USD,2014-10-07T10:00:00Z,None,4.71M,4.61M,4.84M,false,false
,RCM/TIPP Economic Optimism,USD,2014-10-07T10:00:00Z,None,46.3,45.2,45.2,false,false
,FOMC Member Kocherlakota Speaks,USD,2014-10-07T13:20:00Z,None,,,,false,false
,FOMC Member Dudley Speaks,USD,2014-10-07T15:00:00Z,None,,,,false,false
,Consumer Credit m/m,USD,2014-10-07T15:00:00Z,None,20.3B,21.6B,13.5B,false,false
,BRC Shop Price Index y/y,GBP,2014-10-07T19:01:00Z,None,,-1.6%,-1.8%,false,false
,Current Account,JPY,2014-10-07T19:50:00Z,None,0.19T,0.10T,0.13T,false,false
,RatingDog Services PMI,CNY,2014-10-07T21:45:00Z,None,,54.1,53.5,false,false
,BOJ Monthly Report,JPY,2014-10-08T01:00:00Z,None,,,,false,false
,Economy Watchers Sentiment,JPY,2014-10-08T01:00:00Z,None,48.2,47.4,47.4,false,false
,Unemployment Rate,CHF,2014-10-08T01:45:00Z,None,3.1%,3.2%,3.2%,false,false
,Lloyds HPI m/m,GBP,2014-10-08T03:05:00Z,None,0.2%,0.0%,0.6%,false,false
,Housing Starts,CAD,2014-10-08T08:13:00Z,None,195K,196K,197K,false,false
,Crude Oil Inventories,USD,2014-10-08T10:30:00Z,None,2.1M,-1.4M,5.0M,false,false
,10-y Bond Auction,USD,2014-10-08T13:01:00Z,None,,2.54|2.7,2.38|2.5,false,false
,FOMC Meeting Minutes,USD,2014-10-08T14:00:00Z,High,,,,false,false
,RICS House Price Balance,GBP,2014-10-08T19:01:00Z,None,38%,39%,30%,false,false
,Core Machinery Orders m/m,JPY,2014-10-08T19:50:00Z,None,1.1%,3.5%,4.7%,false,false
,Employment Change,AUD,2014-10-08T20:30:00Z,High,17.6K,32.1K,-29.7K,false,false
,Unemployment Rate,AUD,2014-10-08T20:30:00Z,High,6.1%,6.0%,6.1%,false,false
,G20 Meetings,All,2014-10-09T00:00:00Z,None,,,,false,false
,German Trade Balance,EUR,2014-10-09T02:00:00Z,None,18.4B,22.2B,17.5B,false,false
,Prelim Machine Tool Orders y/y,JPY,2014-10-09T02:00:00Z,None,,35.5%,34.8%,false,false
,French Trade Balance,EUR,2014-10-09T02:45:00Z,None,-5.7B,-5.5B,-5.8B,false,false
,ECB Monthly Bulletin,EUR,2014-10-09T04:00:00Z,None,,,,false,false
,Asset Purchase Facility,GBP,2014-10-09T07:00:00Z,High,375B,375B,375B,false,false
,Official Bank Rate,GBP,2014-10-09T07:00:00Z,High,0.50%,0.50%,0.50%,false,false
,NHPI m/m,CAD,2014-10-09T08:30:00Z,None,0.2%,0.0%,0.3%,false,false
,Unemployment Claims,USD,2014-10-09T08:30:00Z,High,291K,288K,287K,false,false
,Final Wholesale Inventories m/m,USD,2014-10-09T10:00:00Z,None,0.3%,0.3%,0.7%,false,false
,Natural Gas Storage,USD,2014-10-09T10:30:00Z,None,108B,112B,105B,false,false
,ECB President Draghi Speaks,EUR,2014-10-09T11:00:00Z,High,,,,false,false
,30-y Bond Auction,USD,2014-10-09T13:01:00Z,None,,3.24|2.7,3.07|2.4,false,false
,FOMC Member Tarullo Speaks,USD,2014-10-09T13:10:00Z,None,,,,false,false
,FOMC Member Fischer Speaks,USD,2014-10-09T13:30:00Z,None,,,,false,false
,Monetary Policy Meeting Minutes,JPY,2014-10-09T19:50:00Z,None,,,,false,false
,Tertiary Industry Activity m/m,JPY,2014-10-09T19:50:00Z,None,0.2%,-0.3%,-0.1%,false,false
,Bank Lending y/y,JPY,2014-10-09T19:50:00Z,None,,2.2%,2.3%,false,false
,Home Loans m/m,AUD,2014-10-09T20:30:00Z,None,0.2%,0.4%,-0.9%,false,false
,RBA Assist Gov Edey Speaks,AUD,2014-10-09T20:45:00Z,None,,,,false,false
,IMF Meetings,All,2014-10-10T00:00:00Z,None,,,,false,false
,G20 Meetings,All,2014-10-10T00:00:00Z,None,,,,false,false
,Consumer Confidence,JPY,2014-10-10T01:00:00Z,None,42.2,41.2,39.9,false,false
,French Industrial Production m/m,EUR,2014-10-10T02:45:00Z,None,-0.2%,0.3%,0.0%,false,false
,Italian Industrial Production m/m,EUR,2014-10-10T04:00:00Z,None,0.6%,-1.0%,0.3%,false,false
,Goods Trade Balance,GBP,2014-10-10T04:30:00Z,None,-9.6B,-10.4B,-9.1B,false,false
,Construction Output m/m,GBP,2014-10-10T04:30:00Z,None,0.5%,1.9%,-3.9%,false,false
,FPC Meeting Minutes,GBP,2014-10-10T04:30:00Z,None,,,,false,false
,CB Leading Index m/m,GBP,2014-10-10T05:00:00Z,None,,0.1%,0.4%,false,false
,Import Prices m/m,USD,2014-10-10T08:30:00Z,None,-0.5%,-0.6%,-0.5%,false,false
,Unemployment Rate,CAD,2014-10-10T08:30:00Z,High,7.0%,7.0%,6.8%,false,false
,Employment Change,CAD,2014-10-10T08:30:00Z,High,18.7K,-11.0K,74.1K,false,false
,FOMC Member Plosser Speaks,USD,2014-10-10T09:00:00Z,None,,,,false,false
,BOC Business Outlook Survey,CAD,2014-10-10T10:30:00Z,None,,,,false,false
,FOMC Member Fisher Speaks,USD,2014-10-10T15:30:00Z,None,,,,false,false
,IMF Meetings,All,2014-10-11T00:00:00Z,None,,,,false,false
,FOMC Member Tarullo Speaks,USD,2014-10-11T09:00:00Z,None,,,,false,false
,ECB President Draghi Speaks,EUR,2014-10-11T12:00:00Z,High,,,,false,false
,FOMC Member Fischer Speaks,USD,2014-10-11T17:00:00Z,None,,,,false,false
,Bank Holiday,JPY,2014-10-12T00:00:00Z,None,,,,true,false
,IMF Meetings,All,2014-10-12T00:00:00Z,None,,,,false,false
,FPI m/m,NZD,2014-10-12T17:45:00Z,None,,0.3%,-0.8%,false,false
,REINZ HPI m/m,NZD,2014-10-12T18:52:00Z,None,,1.1%,0.2%,false,false
,USD-Denominated Trade Balance,CNY,2014-10-12T22:00:00Z,High,41.2B,49.8B,31.0B,false,false
,Eurogroup Meetings,EUR,2014-10-13T00:00:00Z,None,,,,true,false
,Bank Holiday,CAD,2014-10-13T00:00:00Z,None,,,,true,false
,Bank Holiday,USD,2014-10-13T00:00:00Z,None,,,,true,false
,German WPI m/m,EUR,2014-10-13T02:00:00Z,None,0.1%,-0.2%,0.1%,false,false
,RBA Deputy Gov Debelle Speaks,AUD,2014-10-13T18:30:00Z,None,,,,false,false
,BRC Retail Sales Monitor y/y,GBP,2014-10-13T19:01:00Z,None,,1.3%,-2.1%,false,false
,M2 Money Stock y/y,JPY,2014-10-13T19:50:00Z,None,2.9%,3.0%,3.0%,false,false
,PPI y/y,JPY,2014-10-13T19:50:00Z,None,3.6%,3.9%,3.5%,false,false
,NAB Business Confidence,AUD,2014-10-13T20:30:00Z,High,,7,5,false,false
,ECOFIN Meetings,EUR,2014-10-14T00:00:00Z,None,,,,true,false
,French Final CPI m/m,EUR,2014-10-14T02:45:00Z,None,-0.3%,0.4%,-0.4%,false,false
,PPI m/m,CHF,2014-10-14T03:15:00Z,None,0.3%,-0.2%,-0.1%,false,false
,CPI y/y,GBP,2014-10-14T04:30:00Z,High,1.4%,1.5%,1.2%,false,false
,PPI Input m/m,GBP,2014-10-14T04:30:00Z,None,-0.4%,-1.2%,-0.6%,false,false
,RPI y/y,GBP,2014-10-14T04:30:00Z,None,2.3%,2.4%,2.3%,false,false
,Core CPI y/y,GBP,2014-10-14T04:30:00Z,None,1.8%,1.9%,1.5%,false,false
,ONS HPI y/y,GBP,2014-10-14T04:30:00Z,None,12.3%,11.7%,11.7%,false,false
,PPI Output m/m,GBP,2014-10-14T04:30:00Z,None,-0.1%,-0.1%,-0.1%,false,false
,German ZEW Economic Sentiment,EUR,2014-10-14T05:00:00Z,High,0.2,6.9,-3.6,false,false
,ZEW Economic Sentiment,EUR,2014-10-14T05:00:00Z,None,7.1,14.2,4.1,false,false
,Industrial Production m/m,EUR,2014-10-14T05:00:00Z,None,-1.5%,0.9%,-1.8%,false,false
,NFIB Small Business Index,USD,2014-10-14T07:30:00Z,None,97.2,96.1,95.3,false,false
,Westpac Consumer Sentiment,AUD,2014-10-14T19:30:00Z,None,,-4.6%,0.9%,false,false
,New Motor Vehicle Sales m/m,AUD,2014-10-14T20:30:00Z,None,,-1.6%,2.9%,false,false
,CPI y/y,CNY,2014-10-14T21:30:00Z,High,1.7%,2.0%,1.6%,false,false
,PPI y/y,CNY,2014-10-14T21:30:00Z,None,-1.4%,-1.2%,-1.8%,false,false
,30-y Bond Auction,JPY,2014-10-14T23:45:00Z,None,,1.68|3.6,1.63|2.6,false,false
,Revised Industrial Production m/m,JPY,2014-10-15T00:30:00Z,None,-1.5%,-1.5%,-1.9%,false,false
,German Final CPI m/m,EUR,2014-10-15T02:00:00Z,None,0.0%,0.0%,0.0%,false,false
,ECB President Draghi Speaks,EUR,2014-10-15T03:00:00Z,High,,,,false,false
,Average Earnings Index 3m/y,GBP,2014-10-15T04:30:00Z,High,0.7%,0.6%,0.7%,false,false
,Claimant Count Change,GBP,2014-10-15T04:30:00Z,High,-34.2K,-33.2K,-18.6K,false,false
,Unemployment Rate,GBP,2014-10-15T04:30:00Z,None,6.1%,6.2%,6.0%,false,false
,UBS Economic Expectations,CHF,2014-10-15T05:00:00Z,None,,-7.7,-30.7,false,false
,Core Retail Sales m/m,USD,2014-10-15T08:30:00Z,High,0.2%,0.3%,-0.2%,false,false
,PPI m/m,USD,2014-10-15T08:30:00Z,High,0.1%,0.0%,-0.1%,false,false
,Retail Sales m/m,USD,2014-10-15T08:30:00Z,High,-0.1%,0.6%,-0.3%,false,false
,Core PPI m/m,USD,2014-10-15T08:30:00Z,None,0.1%,0.1%,0.0%,false,false
,Empire State Manufacturing Index,USD,2014-10-15T08:30:00Z,None,20.3,27.5,6.2,false,false
,Business Inventories m/m,USD,2014-10-15T10:00:00Z,None,0.4%,0.4%,0.2%,false,false
,Federal Budget Balance,USD,2014-10-15T10:55:00Z,None,82.3B,-128.7B,105.8B,false,false
,GDT Price Index,NZD,2014-10-15T11:03:00Z,High,,-7.3%,1.4%,false,false
,ECB President Draghi Speaks,EUR,2014-10-15T14:00:00Z,High,,,,false,false
,Beige Book,USD,2014-10-15T14:00:00Z,None,,,,false,false
,Treasury Currency Report,USD,2014-10-15T16:30:00Z,None,,,,false,false
,BusinessNZ Manufacturing Index,NZD,2014-10-15T17:30:00Z,None,,57.0,58.1,false,false
,MI Inflation Expectations,AUD,2014-10-15T20:00:00Z,None,,3.5%,3.4%,false,false
,Foreign Direct Investment ytd/y,CNY,2014-10-15T22:00:00Z,None,,-1.8%,-1.4%,false,false
,New Loans,CNY,2014-10-15T22:02:00Z,None,750B,703B,857B,false,false
,M2 Money Supply y/y,CNY,2014-10-15T22:02:00Z,None,13.0%,12.8%,12.9%,false,false
,SECO Economic Forecasts,CHF,2014-10-16T01:45:00Z,None,,,,false,false
,RBA Deputy Gov Debelle Speaks,AUD,2014-10-16T03:30:00Z,None,,,,false,false
,Italian Trade Balance,EUR,2014-10-16T04:00:00Z,None,3.24B,6.92B,2.06B,false,false
,Spanish 10-y Bond Auction,EUR,2014-10-16T04:56:00Z,None,,2.08|1.5,2.20|1.6,false,false
,Final CPI y/y,EUR,2014-10-16T05:00:00Z,None,0.3%,0.3%,0.3%,false,false
,Final Core CPI y/y,EUR,2014-10-16T05:00:00Z,None,0.7%,0.7%,0.8%,false,false
,Trade Balance,EUR,2014-10-16T05:00:00Z,None,13.5B,12.7B,15.8B,false,false
,FOMC Member Plosser Speaks,USD,2014-10-16T08:00:00Z,None,,,,false,false
,Manufacturing Sales m/m,CAD,2014-10-16T08:30:00Z,High,-1.6%,2.9%,-3.3%,false,false
,Foreign Securities Purchases,CAD,2014-10-16T08:30:00Z,None,4.31B,5.20B,10.28B,false,false
,Unemployment Claims,USD,2014-10-16T08:30:00Z,High,286K,287K,264K,false,false
,Industrial Production m/m,USD,2014-10-16T09:15:00Z,High,0.4%,-0.2%,1.0%,false,false
,Capacity Utilization Rate,USD,2014-10-16T09:15:00Z,None,79.0%,78.7%,79.3%,false,false
,Philly Fed Manufacturing Index,USD,2014-10-16T09:59:00Z,High,19.9,22.5,20.7,false,false
,FOMC Member Kocherlakota Speaks,USD,2014-10-16T10:00:00Z,None,,,,false,false
,NAHB Housing Market Index,USD,2014-10-16T10:00:00Z,None,59,59,54,false,false
,Natural Gas Storage,USD,2014-10-16T10:30:00Z,None,91B,105B,94B,false,false
,Crude Oil Inventories,USD,2014-10-16T11:00:00Z,None,2.3M,5.0M,8.9M,false,false
,TIC Long-Term Purchases,USD,2014-10-16T16:00:00Z,None,23.3B,-18.6B,52.1B,false,false
,German Buba President Weidmann Speaks,EUR,2014-10-17T05:00:00Z,None,,,,false,false
,Core CPI m/m,CAD,2014-10-17T08:30:00Z,High,0.1%,0.5%,0.2%,false,false
,CPI m/m,CAD,2014-10-17T08:30:00Z,None,0.0%,0.0%,0.1%,false,false
,Building Permits,USD,2014-10-17T08:30:00Z,High,1.04M,1.00M,1.02M,false,false
,Fed Chair Yellen Speaks,USD,2014-10-17T08:30:00Z,High,,,,false,false
,Housing Starts,USD,2014-10-17T08:30:00Z,None,1.02M,0.96M,1.02M,false,false
,Prelim UoM Consumer Sentiment,USD,2014-10-17T09:55:00Z,High,84.3,84.6,86.4,false,false
,Prelim UoM Inflation Expectations,USD,2014-10-17T09:55:00Z,None,,3.0%,2.8%,false,false
,BusinessNZ Services Index,NZD,2014-10-19T17:30:00Z,None,,57.3,58.0,false,false
,Rightmove HPI m/m,GBP,2014-10-19T19:01:00Z,None,,0.9%,2.6%,false,false
,RBA Assist Gov Kent Speaks,AUD,2014-10-19T19:30:00Z,None,,,,false,false
,German PPI m/m,EUR,2014-10-20T02:00:00Z,None,0.1%,-0.1%,0.0%,false,false
,Current Account,EUR,2014-10-20T04:00:00Z,None,21.3B,21.6B,18.9B,false,false
,German Buba Monthly Report,EUR,2014-10-20T06:00:00Z,None,,,,false,false
,Wholesale Sales m/m,CAD,2014-10-20T08:30:00Z,High,0.2%,-0.2%,0.2%,false,false
,FOMC Member Powell Speaks,USD,2014-10-20T10:00:00Z,None,,,,false,false
,FOMC Member Dudley Speaks,USD,2014-10-20T16:30:00Z,None,,,,false,false
,Visitor Arrivals m/m,NZD,2014-10-20T17:45:00Z,None,,-3.0%,0.9%,false,false
,Monetary Policy Meeting Minutes,AUD,2014-10-20T20:30:00Z,High,,,,false,false
,GDP q/y,CNY,2014-10-20T22:00:00Z,High,7.2%,7.5%,7.3%,false,false
,Industrial Production y/y,CNY,2014-10-20T22:00:00Z,High,7.5%,6.9%,8.0%,false,false
,Fixed Asset Investment ytd/y,CNY,2014-10-20T22:00:00Z,None,16.2%,16.5%,16.1%,false,false
,NBS Press Conference,CNY,2014-10-20T22:00:00Z,None,,,,false,false
,Retail Sales y/y,CNY,2014-10-20T22:00:00Z,None,11.8%,11.9%,11.6%,false,false
,Credit Card Spending y/y,NZD,2014-10-20T22:00:00Z,None,,4.2%,4.4%,false,false
,All Industries Activity m/m,JPY,2014-10-21T00:30:00Z,None,-0.3%,-0.4%,-0.1%,false,false
,Trade Balance,CHF,2014-10-21T02:00:00Z,None,2.43B,1.33B,2.45B,false,false
,Public Sector Net Borrowing,GBP,2014-10-21T04:30:00Z,None,9.3B,11.0B,11.1B,false,false
,RBA Deputy Gov Lowe Speaks,AUD,2014-10-21T04:55:00Z,None,,,,false,false
,10-y Bond Auction,GBP,2014-10-21T05:35:00Z,None,,2.57|1.7,2.15|1.7,false,false
,Existing Home Sales,USD,2014-10-21T10:00:00Z,None,5.11M,5.05M,5.17M,false,false
,CB Leading Index m/m,AUD,2014-10-21T19:00:00Z,None,,0.6%,-0.2%,false,false
,MI Leading Index m/m,AUD,2014-10-21T19:30:00Z,None,,-0.1%,-0.1%,false,false
,Trade Balance,JPY,2014-10-21T19:50:00Z,None,-0.91T,-0.91T,-1.07T,false,false
,CPI m/m,AUD,2014-10-21T20:30:00Z,High,0.4%,0.5%,0.5%,false,false
,Trimmed Mean CPI m/m,AUD,2014-10-21T20:30:00Z,None,0.6%,0.8%,0.4%,false,false
,MPC Asset Purchase Facility Votes,GBP,2014-10-22T04:30:00Z,High,0-0-9,0-0-9,0-0-9,false,false
,MPC Official Bank Rate Votes,GBP,2014-10-22T04:30:00Z,High,2-0-7,2-0-7,2-0-7,false,false
,German 30-y Bond Auction,EUR,2014-10-22T05:37:00Z,None,,2.25|1.1,1.77|1.2,false,false
,CPI m/m,USD,2014-10-22T08:30:00Z,High,0.0%,-0.2%,0.1%,false,false
,Retail Sales m/m,CAD,2014-10-22T08:30:00Z,None,0.1%,-0.1%,-0.3%,false,false
,Core CPI m/m,USD,2014-10-22T08:30:00Z,High,0.2%,0.0%,0.1%,false,false
,Core CPI y/y,USD,2014-10-22T08:30:00Z,High,1.7%,1.7%,1.7%,false,false
,Core Retail Sales m/m,CAD,2014-10-22T08:30:00Z,High,0.2%,-0.5%,-0.3%,false,false
,CPI y/y,USD,2014-10-22T08:30:00Z,High,1.6%,1.7%,1.7%,false,false
,BOC Monetary Policy Report,CAD,2014-10-22T10:00:00Z,High,,,,false,false
,BOC Rate Statement,CAD,2014-10-22T10:00:00Z,High,,,,false,false
,Overnight Rate,CAD,2014-10-22T10:00:00Z,High,1.00%,1.00%,1.00%,false,false
,Crude Oil Inventories,USD,2014-10-22T10:30:00Z,None,2.8M,8.9M,7.1M,false,false
,MPC Member Weale Speaks,GBP,2014-10-22T15:00:00Z,None,,,,false,false
,RBA Gov Stevens Speaks,AUD,2014-10-22T17:00:00Z,High,,,,false,false
,CPI q/q,NZD,2014-10-22T17:45:00Z,High,0.5%,0.3%,0.3%,false,false
,NAB Quarterly Business Confidence,AUD,2014-10-22T20:30:00Z,None,,6,6,false,false
,Flash Manufacturing PMI,JPY,2014-10-22T21:35:00Z,None,52.1,51.7,52.8,false,false
,Caixin Flash Manufacturing PMI,CNY,2014-10-22T21:45:00Z,High,50.2,50.2,50.4,false,false
,EU Economic Summit,EUR,2014-10-23T00:00:00Z,None,,,,false,false
,French Flash Manufacturing PMI,EUR,2014-10-23T03:00:00Z,High,48.6,48.8,47.3,false,false
,Spanish Unemployment Rate,EUR,2014-10-23T03:00:00Z,None,24.1%,24.5%,23.7%,false,false
,French Flash Services PMI,EUR,2014-10-23T03:00:00Z,None,48.2,48.4,48.1,false,false
,German Flash Manufacturing PMI,EUR,2014-10-23T03:30:00Z,High,49.6,49.9,51.8,false,false
,German Flash Services PMI,EUR,2014-10-23T03:30:00Z,None,55.0,55.7,54.8,false,false
,Flash Manufacturing PMI,EUR,2014-10-23T04:00:00Z,None,50.0,50.3,50.7,false,false
,Flash Services PMI,EUR,2014-10-23T04:00:00Z,None,52.0,52.4,52.4,false,false
,MPC Member Broadbent Speaks,GBP,2014-10-23T04:10:00Z,None,,,,false,false
,Retail Sales m/m,GBP,2014-10-23T04:30:00Z,High,-0.1%,0.4%,-0.3%,false,false
,High Street Lending,GBP,2014-10-23T04:30:00Z,None,41.5K,41.4K,39.3K,false,false
,CBI Industrial Order Expectations,GBP,2014-10-23T06:00:00Z,None,-3,-4,-6,false,false
,Unemployment Claims,USD,2014-10-23T08:30:00Z,High,269K,266K,283K,false,false
,HPI m/m,USD,2014-10-23T09:00:00Z,None,0.4%,0.2%,0.5%,false,false
,Flash Manufacturing PMI,USD,2014-10-23T09:45:00Z,None,57.2,57.5,56.2,false,false
,Consumer Confidence,EUR,2014-10-23T10:00:00Z,None,-12,-11,-11,false,false
,CB Leading Index m/m,USD,2014-10-23T10:00:00Z,None,0.8%,0.0%,0.8%,false,false
,Natural Gas Storage,USD,2014-10-23T10:30:00Z,None,97B,94B,94B,false,false
,Trade Balance,NZD,2014-10-23T17:45:00Z,High,-620M,-489M,-1350M,false,false
,CB Leading Index m/m,CNY,2014-10-23T22:00:00Z,None,,0.7%,0.9%,false,false
,EU Economic Summit,EUR,2014-10-24T00:00:00Z,None,,,,false,false
,German GfK Consumer Climate,EUR,2014-10-24T02:00:00Z,None,8.1,8.4,8.5,false,false
,Italian Retail Sales m/m,EUR,2014-10-24T04:00:00Z,None,0.2%,-0.1%,-0.1%,false,false
,Prelim GDP q/q,GBP,2014-10-24T04:30:00Z,High,0.7%,0.9%,0.7%,false,false
,Index of Services 3m/3m,GBP,2014-10-24T04:30:00Z,None,0.9%,1.0%,0.8%,false,false
,Belgian NBB Business Climate,EUR,2014-10-24T08:59:00Z,None,-7.8,-7.2,-6.8,false,false
,New Home Sales,USD,2014-10-24T10:00:00Z,High,473K,466K,467K,false,false
,Daylight Saving Time Shift,CHF,2014-10-25T22:00:00Z,None,,,,false,false
,Daylight Saving Time Shift,EUR,2014-10-25T22:00:00Z,None,,,,false,false
,Daylight Saving Time Shift,GBP,2014-10-25T22:00:00Z,None,,,,false,false
,Bank Holiday,NZD,2014-10-26T00:00:00Z,None,,,,true,false
,EBA Bank Stress Test Results,EUR,2014-10-26T07:00:00Z,High,,,,false,false
,ECB Stress Test Results,EUR,2014-10-26T07:00:00Z,High,,,,false,false
,SPPI y/y,JPY,2014-10-26T19:50:00Z,None,3.5%,3.5%,3.5%,false,false
,German ifo Business Climate,EUR,2014-10-27T05:00:00Z,High,104.6,104.7,103.2,false,false
,M3 Money Supply y/y,EUR,2014-10-27T05:00:00Z,None,2.2%,2.1%,2.5%,false,false
,Private Loans y/y,EUR,2014-10-27T05:00:00Z,None,-1.3%,-1.5%,-1.2%,false,false
,CBI Realized Sales,GBP,2014-10-27T07:00:00Z,None,29,31,31,false,false
,Flash Services PMI,USD,2014-10-27T09:45:00Z,None,57.9,58.9,57.3,false,false
,Pending Home Sales m/m,USD,2014-10-27T10:00:00Z,None,1.1%,-1.0%,0.3%,false,false
,MPC Member Shafik Speaks,GBP,2014-10-27T14:30:00Z,None,,,,false,false
,Retail Sales y/y,JPY,2014-10-27T19:50:00Z,None,0.9%,1.2%,2.3%,false,false
,German Import Prices m/m,EUR,2014-10-28T03:00:00Z,None,-0.1%,-0.1%,0.3%,false,false
,Core Durable Goods Orders m/m,USD,2014-10-28T08:30:00Z,High,0.5%,0.4%,-0.2%,false,false
,Durable Goods Orders m/m,USD,2014-10-28T08:30:00Z,None,0.4%,-18.4%,-1.3%,false,false
,S&P/CS Composite-20 HPI y/y,USD,2014-10-28T09:00:00Z,None,5.7%,6.7%,5.6%,false,false
,Richmond Manufacturing Index,USD,2014-10-28T09:59:00Z,None,11,14,20,false,false
,CB Consumer Confidence,USD,2014-10-28T10:00:00Z,High,87.4,89.0,94.5,false,false
,MPC Member Cunliffe Speaks,GBP,2014-10-28T13:30:00Z,None,,,,false,false
,Prelim Industrial Production m/m,JPY,2014-10-28T19:50:00Z,None,2.3%,-1.9%,2.7%,false,false
,ANZ Business Confidence,NZD,2014-10-28T20:00:00Z,High,,13.4,26.5,false,false
,Net Lending to Individuals m/m,GBP,2014-10-29T05:30:00Z,None,2.8B,3.2B,2.7B,false,false
,M4 Money Supply m/m,GBP,2014-10-29T05:30:00Z,None,0.5%,0.3%,-0.7%,false,false
,Mortgage Approvals,GBP,2014-10-29T05:30:00Z,None,63K,64K,61K,false,false
,German 10-y Bond Auction,EUR,2014-10-29T06:33:00Z,None,,0.93|1.1,0.87|1.2,false,false
,RMPI m/m,CAD,2014-10-29T08:30:00Z,None,-0.8%,-2.4%,-1.8%,false,false
,IPPI m/m,CAD,2014-10-29T08:30:00Z,None,0.0%,0.3%,-0.4%,false,false
,Crude Oil Inventories,USD,2014-10-29T10:30:00Z,None,3.3M,7.1M,2.1M,false,false
,MPC Member Haldane Speaks,GBP,2014-10-29T13:30:00Z,None,,,,false,false
,Federal Funds Rate,USD,2014-10-29T14:00:00Z,High,<0.25%,<0.25%,<0.25%,false,false
,FOMC Statement,USD,2014-10-29T14:00:00Z,High,,,,false,false
,Official Cash Rate,NZD,2014-10-29T16:00:00Z,High,3.50%,3.50%,3.50%,false,false
,RBNZ Rate Statement,NZD,2014-10-29T16:00:00Z,High,,,,false,false
,BOC Gov Poloz Speaks,CAD,2014-10-29T16:15:00Z,High,,,,false,false
,HIA New Home Sales m/m,AUD,2014-10-29T19:36:00Z,None,,3.3%,0.0%,false,false
,Import Prices q/q,AUD,2014-10-29T20:30:00Z,None,0.3%,-3.0%,-0.8%,false,false
,German Prelim CPI m/m,EUR,2014-10-30T00:00:00Z,High,-0.1%,0.0%,-0.3%,true,false
,UBS Consumption Indicator,CHF,2014-10-30T03:00:00Z,None,,1.28,1.41,false,false
,Nationwide HPI m/m,GBP,2014-10-30T03:00:00Z,None,0.4%,-0.1%,0.5%,false,false
,MPC Member Cunliffe Speaks,GBP,2014-10-30T03:45:00Z,None,,,,false,false
,KOF Economic Barometer,CHF,2014-10-30T04:00:00Z,None,99.2,99.3,99.8,false,false
,Spanish Flash CPI y/y,EUR,2014-10-30T04:00:00Z,None,0.0%,-0.2%,-0.1%,false,false
,Spanish Flash GDP q/q,EUR,2014-10-30T04:00:00Z,None,0.5%,0.6%,0.5%,false,false
,German Unemployment Change,EUR,2014-10-30T04:55:00Z,None,4K,9K,-22K,false,false
,Italian 10-y Bond Auction,EUR,2014-10-30T06:22:00Z,None,,2.45|1.3,2.44|1.5,false,false
,Unemployment Claims,USD,2014-10-30T08:30:00Z,High,284K,284K,287K,false,false
,Advance GDP Price Index q/q,USD,2014-10-30T08:30:00Z,None,2.0%,2.1%,1.3%,false,false
,Advance GDP q/q,USD,2014-10-30T08:30:00Z,High,3.1%,4.6%,3.5%,false,false
,Fed Chair Yellen Speaks,USD,2014-10-30T09:00:00Z,High,,,,false,false
,Natural Gas Storage,USD,2014-10-30T10:30:00Z,None,83B,94B,87B,false,false
,Building Consents m/m,NZD,2014-10-30T17:45:00Z,None,,-0.8%,-12.2%,false,false
,National Core CPI y/y,JPY,2014-10-30T19:30:00Z,None,3.0%,3.1%,3.0%,false,false
,Household Spending y/y,JPY,2014-10-30T19:30:00Z,None,-4.0%,-4.7%,-5.6%,false,false
,Tokyo Core CPI y/y,JPY,2014-10-30T19:30:00Z,None,2.5%,2.6%,2.5%,false,false
,Unemployment Rate,JPY,2014-10-30T19:30:00Z,None,3.6%,3.5%,3.6%,false,false
,GfK Consumer Confidence,GBP,2014-10-30T20:05:00Z,None,-1,-1,-2,false,false
,Private Sector Credit m/m,AUD,2014-10-30T20:30:00Z,None,0.4%,0.4%,0.5%,false,false
,PPI q/q,AUD,2014-10-30T20:30:00Z,High,0.2%,-0.1%,0.2%,false,false
,Monetary Policy Statement,JPY,2014-10-31T00:44:00Z,High,,,,false,false
,Housing Starts y/y,JPY,2014-10-31T01:00:00Z,None,-17.1%,-12.5%,-14.3%,false,false
,BOJ Outlook Report,JPY,2014-10-31T02:00:00Z,None,,,,false,false
,BOJ Press Conference,JPY,2014-10-31T02:31:00Z,High,,,,false,false
,German Retail Sales m/m,EUR,2014-10-31T03:00:00Z,None,-0.8%,1.5%,-3.2%,false,false
,French Consumer Spending m/m,EUR,2014-10-31T03:45:00Z,None,-0.3%,0.9%,-0.8%,false,false
,Italian Monthly Unemployment Rate,EUR,2014-10-31T05:00:00Z,None,12.4%,12.5%,12.6%,false,false
,Italian Prelim CPI m/m,EUR,2014-10-31T06:00:00Z,None,-0.1%,-0.4%,0.1%,false,false
,Core CPI Flash Estimate y/y,EUR,2014-10-31T06:00:00Z,None,0.8%,0.8%,0.7%,false,false
,Unemployment Rate,EUR,2014-10-31T06:00:00Z,None,11.5%,11.5%,11.5%,false,false
,CPI Flash Estimate y/y,EUR,2014-10-31T06:00:00Z,High,0.4%,0.3%,0.4%,false,false
,GDP m/m,CAD,2014-10-31T08:30:00Z,High,0.0%,0.0%,-0.1%,false,false
,Core PCE Price Index m/m,USD,2014-10-31T08:30:00Z,None,0.1%,0.1%,0.1%,false,false
,Employment Cost Index q/q,USD,2014-10-31T08:30:00Z,None,0.6%,0.7%,0.7%,false,false
,Personal Spending m/m,USD,2014-10-31T08:30:00Z,None,0.2%,0.5%,-0.2%,false,false
,Personal Income m/m,USD,2014-10-31T08:30:00Z,None,0.3%,0.3%,0.2%,false,false
,Chicago PMI,USD,2014-10-31T09:45:00Z,None,60.2,60.5,66.2,false,false
,Revised UoM Consumer Sentiment,USD,2014-10-31T09:55:00Z,None,86.4,86.4,86.9,false,false
,Revised UoM Inflation Expectations,USD,2014-10-31T09:55:00Z,None,,2.8%,2.9%,false,false
,Manufacturing PMI,CNY,2014-10-31T21:00:00Z,High,51.1,51.1,50.8,false,false
,Bank Holiday,JPY,2014-11-02T00:00:00Z,None,,,,true,false
,Daylight Saving Time Shift,CAD,2014-11-02T02:00:00Z,None,,,,false,false
,Daylight Saving Time Shift,USD,2014-11-02T02:00:00Z,None,,,,false,false
,AIG Manufacturing Index,AUD,2014-11-02T17:30:00Z,None,,46.5,49.4,false,false
,MI Inflation Gauge m/m,AUD,2014-11-02T18:30:00Z,None,,0.1%,0.2%,false,false
,Building Approvals m/m,AUD,2014-11-02T19:30:00Z,High,-0.9%,3.4%,-11.0%,false,false
,ANZ Job Advertisements m/m,AUD,2014-11-02T19:30:00Z,None,,0.8%,0.2%,false,false
,Non-Manufacturing PMI,CNY,2014-11-02T19:57:00Z,None,,54.0,53.8,false,false
,RatingDog Manufacturing PMI,CNY,2014-11-02T20:45:00Z,High,50.4,50.4,50.4,false,false
,Total Vehicle Sales,USD,2014-11-03T00:00:00Z,None,16.6M,16.4M,16.5M,true,false
,Commodity Prices y/y,AUD,2014-11-03T00:30:00Z,None,,-16.8%,-16.9%,false,false
,Spanish Manufacturing PMI,EUR,2014-11-03T03:15:00Z,None,52.4,52.6,52.6,false,false
,Manufacturing PMI,CHF,2014-11-03T03:30:00Z,None,51.3,50.4,55.3,false,false
,Italian Manufacturing PMI,EUR,2014-11-03T03:45:00Z,None,50.6,50.7,49.0,false,false
,French Final Manufacturing PMI,EUR,2014-11-03T03:50:00Z,None,47.3,47.3,48.5,false,false
,German Final Manufacturing PMI,EUR,2014-11-03T03:55:00Z,None,51.8,51.8,51.4,false,false
,Final Manufacturing PMI,EUR,2014-11-03T04:00:00Z,None,50.7,50.7,50.6,false,false
,Final Manufacturing PMI,GBP,2014-11-03T04:30:00Z,High,51.5,51.5,53.2,false,false
,Manufacturing PMI,CAD,2014-11-03T09:30:00Z,None,,53.5,55.3,false,false
,Final Manufacturing PMI,USD,2014-11-03T09:45:00Z,None,56.1,56.2,55.9,false,false
,ISM Manufacturing Prices,USD,2014-11-03T10:00:00Z,None,58.3,59.5,53.5,false,false
,ISM Manufacturing PMI,USD,2014-11-03T10:00:00Z,High,56.5,56.6,59.0,false,false
,Construction Spending m/m,USD,2014-11-03T10:00:00Z,None,0.8%,-0.5%,-0.4%,false,false
,BOC Gov Poloz Speaks,CAD,2014-11-03T12:50:00Z,High,,,,false,false
,Loan Officer Survey,USD,2014-11-03T14:00:00Z,None,,,,false,false
,ANZ Commodity Prices m/m,NZD,2014-11-03T19:00:00Z,None,,-1.3%,-0.8%,false,false
,Goods Trade Balance,AUD,2014-11-03T19:30:00Z,High,-1.78B,-1.01B,-2.26B,false,false
,Retail Sales m/m,AUD,2014-11-03T19:30:00Z,High,0.3%,0.1%,1.2%,false,false
,Final Manufacturing PMI,JPY,2014-11-03T20:35:00Z,None,52.8,52.8,52.4,false,false
,Cash Rate,AUD,2014-11-03T22:30:00Z,High,2.50%,2.50%,2.50%,false,false
,RBA Rate Statement,AUD,2014-11-03T22:30:00Z,High,,,,false,false
,Congressional Elections,USD,2014-11-04T00:00:00Z,None,,,,true,false
,Spanish Unemployment Change,EUR,2014-11-04T03:00:00Z,High,23.4K,19.7K,79.2K,false,false
,Construction PMI,GBP,2014-11-04T04:30:00Z,High,63.5,64.2,61.4,false,false
,EU Economic Forecasts,EUR,2014-11-04T05:00:00Z,None,,,,false,false
,PPI m/m,EUR,2014-11-04T05:00:00Z,None,0.0%,-0.2%,0.2%,false,false
,Trade Balance,CAD,2014-11-04T08:30:00Z,High,-0.7B,-0.5B,0.7B,false,false
,Trade Balance,USD,2014-11-04T08:30:00Z,High,-40.0B,-40.0B,-43.0B,false,false
,GDT Price Index,NZD,2014-11-04T09:27:00Z,High,,1.4%,-0.3%,false,false
,RCM/TIPP Economic Optimism,USD,2014-11-04T10:00:00Z,None,46.6,45.2,46.4,false,false
,Factory Orders m/m,USD,2014-11-04T10:00:00Z,None,-0.4%,-10.0%,-0.6%,false,false
,BOC Gov Poloz Speaks,CAD,2014-11-04T10:30:00Z,High,,,,false,false
,Employment Change q/q,NZD,2014-11-04T16:45:00Z,High,0.6%,0.5%,0.8%,false,false
,Unemployment Rate,NZD,2014-11-04T16:45:00Z,High,5.5%,5.6%,5.4%,false,false
,Labor Cost Index q/q,NZD,2014-11-04T16:45:00Z,None,0.5%,0.6%,0.5%,false,false
,AIG Services Index,AUD,2014-11-04T17:25:00Z,None,,45.4,43.6,false,false
,Monetary Base y/y,JPY,2014-11-04T18:50:00Z,None,36.2%,35.3%,36.9%,false,false
,BRC Shop Price Index y/y,GBP,2014-11-04T19:01:00Z,None,,-1.8%,-1.9%,false,false
,Average Cash Earnings y/y,JPY,2014-11-04T20:30:00Z,None,0.9%,0.9%,0.8%,false,false
,RatingDog Services PMI,CNY,2014-11-04T20:45:00Z,None,,53.5,52.9,false,false
,BOJ Gov Kuroda Speaks,JPY,2014-11-04T21:30:00Z,High,,,,false,false
,10-y Bond Auction,JPY,2014-11-04T22:45:00Z,None,,0.52|3.5,0.44|3.5,false,false
,CPI m/m,CHF,2014-11-05T03:15:00Z,None,-0.1%,0.1%,0.0%,false,false
,Spanish Services PMI,EUR,2014-11-05T03:15:00Z,None,56.2,55.8,55.9,false,false
,Italian Services PMI,EUR,2014-11-05T03:45:00Z,None,49.6,48.8,50.8,false,false
,French Final Services PMI,EUR,2014-11-05T03:50:00Z,None,48.1,48.1,48.3,false,false
,German Final Services PMI,EUR,2014-11-05T03:55:00Z,None,54.8,54.8,54.4,false,false
,Final Services PMI,EUR,2014-11-05T04:00:00Z,None,52.4,52.4,52.3,false,false
,Final Services PMI,GBP,2014-11-05T04:30:00Z,High,58.5,58.7,56.2,false,false
,Retail Sales m/m,EUR,2014-11-05T05:00:00Z,None,-0.6%,0.9%,-1.3%,false,false
,ADP Non-Farm Employment Change,USD,2014-11-05T08:15:00Z,High,214K,225K,230K,false,false
,FOMC Member Kocherlakota Speaks,USD,2014-11-05T09:15:00Z,None,,,,false,false
,Final Services PMI,USD,2014-11-05T09:45:00Z,None,57.3,57.3,57.1,false,false
,ISM Services PMI,USD,2014-11-05T10:00:00Z,High,58.2,58.6,57.1,false,false
,Crude Oil Inventories,USD,2014-11-05T10:30:00Z,None,1.8M,2.1M,0.5M,false,false
,Monetary Policy Meeting Minutes,JPY,2014-11-05T18:50:00Z,None,,,,false,false
,Employment Change,AUD,2014-11-05T19:30:00Z,High,20.3K,-23.7K,24.1K,false,false
,Unemployment Rate,AUD,2014-11-05T19:30:00Z,High,6.2%,6.2%,6.2%,false,false
,Eurogroup Meetings,EUR,2014-11-06T00:00:00Z,None,,,,true,false
,Leading Indicators,JPY,2014-11-06T00:00:00Z,None,105.5%,104.4%,105.6%,false,false
,SECO Consumer Climate,CHF,2014-11-06T01:45:00Z,None,-4,-1,-11,false,false
,German Factory Orders m/m,EUR,2014-11-06T02:00:00Z,None,2.2%,-4.2%,0.8%,false,false
,Lloyds HPI m/m,GBP,2014-11-06T02:59:00Z,None,0.5%,0.4%,-0.4%,false,false
,Retail PMI,EUR,2014-11-06T04:10:00Z,None,,44.8,47.0,false,false
,Manufacturing Production m/m,GBP,2014-11-06T04:30:00Z,High,0.3%,0.2%,0.4%,false,false
,Industrial Production m/m,GBP,2014-11-06T04:30:00Z,None,0.5%,-0.1%,0.6%,false,false
,Spanish 10-y Bond Auction,EUR,2014-11-06T04:46:00Z,None,,2.20|1.6,2.12|3.0,false,false
,French 10-y Bond Auction,EUR,2014-11-06T05:00:00Z,None,,1.23|2.0,1.18|1.4,false,false
,Official Bank Rate,GBP,2014-11-06T07:00:00Z,High,0.50%,0.50%,0.50%,false,false
,Asset Purchase Facility,GBP,2014-11-06T07:00:00Z,High,375B,375B,375B,false,false
,Challenger Job Cuts y/y,USD,2014-11-06T07:30:00Z,None,,-24.4%,11.9%,false,false
,Main Refinancing Rate,EUR,2014-11-06T07:45:00Z,High,0.05%,0.05%,0.05%,false,false
,Building Permits m/m,CAD,2014-11-06T08:30:00Z,High,5.2%,-27.3%,12.7%,false,false
,ECB Press Conference,EUR,2014-11-06T08:30:00Z,High,,,,false,false
,Unemployment Claims,USD,2014-11-06T08:30:00Z,High,285K,288K,278K,false,false
,Prelim Nonfarm Productivity q/q,USD,2014-11-06T08:30:00Z,None,0.9%,2.3%,2.0%,false,false
,Prelim Unit Labor Costs q/q,USD,2014-11-06T08:30:00Z,None,1.0%,-0.1%,0.3%,false,false
,Ivey PMI,CAD,2014-11-06T10:00:00Z,High,59.2,58.6,51.2,false,false
,NIESR GDP Estimate,GBP,2014-11-06T10:00:00Z,None,,0.7%,0.7%,false,false
,Natural Gas Storage,USD,2014-11-06T10:30:00Z,None,86B,87B,91B,false,false
,FOMC Member Powell Speaks,USD,2014-11-06T13:30:00Z,None,,,,false,false
,AIG Construction Index,AUD,2014-11-06T17:27:00Z,None,,59.1,53.4,false,false
,FOMC Member Mester Speaks,USD,2014-11-06T19:05:00Z,None,,,,false,false
,RBA Monetary Policy Statement,AUD,2014-11-06T19:30:00Z,High,,,,false,false
,ECOFIN Meetings,EUR,2014-11-07T00:00:00Z,None,,,,true,false
,Unemployment Rate,CHF,2014-11-07T01:45:00Z,None,3.2%,3.2%,3.2%,false,false
,German Industrial Production m/m,EUR,2014-11-07T02:00:00Z,None,2.1%,-3.1%,1.4%,false,false
,German Trade Balance,EUR,2014-11-07T02:00:00Z,None,18.3B,17.5B,18.5B,false,false
,French Industrial Production m/m,EUR,2014-11-07T02:45:00Z,None,-0.1%,-0.2%,0.0%,false,false
,French Trade Balance,EUR,2014-11-07T02:45:00Z,None,-5.2B,-5.0B,-4.7B,false,false
,French Gov Budget Balance,EUR,2014-11-07T02:45:00Z,None,,-94.1B,-80.5B,false,false
,Foreign Currency Reserves,CHF,2014-11-07T03:00:00Z,None,,462B,460B,false,false
,Retail Sales y/y,CHF,2014-11-07T03:15:00Z,None,2.2%,1.4%,0.3%,false,false
,Goods Trade Balance,GBP,2014-11-07T04:30:00Z,None,-9.4B,-9.0B,-9.8B,false,false
,BOE Gov Carney Speaks,GBP,2014-11-07T05:15:00Z,High,,,,false,false
,Employment Change,CAD,2014-11-07T08:30:00Z,High,-3.9K,74.1K,43.1K,false,false
,Non-Farm Employment Change,USD,2014-11-07T08:30:00Z,High,235K,256K,214K,false,false
,Unemployment Rate,CAD,2014-11-07T08:30:00Z,High,6.8%,6.8%,6.5%,false,false
,Unemployment Rate,USD,2014-11-07T08:30:00Z,High,5.9%,5.9%,5.8%,false,false
,Average Hourly Earnings m/m,USD,2014-11-07T08:30:00Z,None,0.2%,0.0%,0.1%,false,false
,Fed Chair Yellen Speaks,USD,2014-11-07T10:15:00Z,High,,,,false,false
,FOMC Member Tarullo Speaks,USD,2014-11-07T14:30:00Z,None,,,,false,false
,Consumer Credit m/m,USD,2014-11-07T15:00:00Z,None,16.6B,14.0B,15.9B,false,false
,USD-Denominated Trade Balance,CNY,2014-11-07T21:10:00Z,High,41.6B,31.0B,45.4B,false,false
,Home Loans m/m,AUD,2014-11-09T19:30:00Z,None,-0.3%,-0.4%,-0.7%,false,false
,CPI y/y,CNY,2014-11-09T20:30:00Z,High,1.6%,1.6%,1.6%,false,false
,PPI y/y,CNY,2014-11-09T20:30:00Z,None,-1.9%,-1.8%,-2.2%,false,false
,Italian Industrial Production m/m,EUR,2014-11-10T04:00:00Z,None,0.2%,0.2%,-0.9%,false,false
,Sentix Investor Confidence,EUR,2014-11-10T04:30:00Z,None,-6.9,-13.7,-11.9,false,false
,Housing Starts,CAD,2014-11-10T08:15:00Z,None,200K,197K,184K,false,false
,Labor Market Conditions Index m/m,USD,2014-11-10T10:01:00Z,None,,4.0,4.0,false,false
,Current Account,JPY,2014-11-10T18:50:00Z,None,0.03T,0.13T,0.41T,false,false
,Bank Lending y/y,JPY,2014-11-10T18:50:00Z,None,,2.3%,2.4%,false,false
,BRC Retail Sales Monitor y/y,GBP,2014-11-10T19:01:00Z,None,,-2.1%,0.0%,false,false
,NAB Business Confidence,AUD,2014-11-10T19:30:00Z,High,,6,4,false,false
,HPI q/q,AUD,2014-11-10T19:30:00Z,None,1.6%,1.9%,1.5%,false,false
,30-y Bond Auction,JPY,2014-11-10T22:45:00Z,None,,1.63|2.6,1.48|3.0,false,false
,Bank Holiday,USD,2014-11-11T00:00:00Z,None,,,,true,false
,Consumer Confidence,JPY,2014-11-11T00:00:00Z,None,40.6,39.9,38.9,false,false
,French Bank Holiday,EUR,2014-11-11T00:00:00Z,None,,,,true,false
,Bank Holiday,CAD,2014-11-11T00:00:00Z,None,,,,true,false
,Economy Watchers Sentiment,JPY,2014-11-11T01:00:00Z,None,49.2,47.4,44.0,false,false
,Prelim Machine Tool Orders y/y,JPY,2014-11-11T01:00:00Z,None,,34.7%,31.2%,false,false
,NFIB Small Business Index,USD,2014-11-11T07:30:00Z,None,95.1,95.3,96.1,false,false
,RBNZ Financial Stability Report,NZD,2014-11-11T15:00:00Z,High,,,,false,false
,RBNZ Gov Wheeler Speaks,NZD,2014-11-11T15:05:00Z,High,,,,false,false
,Westpac Consumer Sentiment,AUD,2014-11-11T18:30:00Z,None,,0.9%,1.9%,false,false
,Tertiary Industry Activity m/m,JPY,2014-11-11T18:50:00Z,None,0.9%,-0.1%,1.0%,false,false
,M2 Money Stock y/y,JPY,2014-11-11T18:50:00Z,None,2.5%,3.1%,3.2%,false,false
,Wage Price Index q/q,AUD,2014-11-11T19:30:00Z,None,0.6%,0.6%,0.6%,false,false
,German WPI m/m,EUR,2014-11-12T02:00:00Z,None,0.2%,0.1%,-0.6%,false,false
,FOMC Member Plosser Speaks,USD,2014-11-12T03:00:00Z,None,,,,false,false
,Average Earnings Index 3m/y,GBP,2014-11-12T04:30:00Z,High,0.9%,0.7%,1.0%,false,false
,Claimant Count Change,GBP,2014-11-12T04:30:00Z,High,-24.9K,-18.4K,-20.4K,false,false
,Unemployment Rate,GBP,2014-11-12T04:30:00Z,None,5.9%,6.0%,6.0%,false,false
,Industrial Production m/m,EUR,2014-11-12T05:00:00Z,None,0.6%,-1.4%,0.6%,false,false
,CB Leading Index m/m,GBP,2014-11-12T05:00:00Z,None,,0.4%,-0.4%,false,false
,BOE Gov Carney Speaks,GBP,2014-11-12T05:30:00Z,High,,,,false,false
,BOE Monetary Policy Report,GBP,2014-11-12T05:30:00Z,High,,,,false,false
,Final Wholesale Inventories m/m,USD,2014-11-12T10:00:00Z,None,0.3%,0.6%,0.3%,false,false
,Gov Council Member Schembri Speaks,CAD,2014-11-12T11:25:00Z,None,,,,false,false
,FOMC Member Kocherlakota Speaks,USD,2014-11-12T12:00:00Z,None,,,,false,false
,10-y Bond Auction,USD,2014-11-12T13:01:00Z,None,,2.38|2.5,2.37|2.5,false,false
,BusinessNZ Manufacturing Index,NZD,2014-11-12T16:30:00Z,None,,58.5,59.3,false,false
,FPI m/m,NZD,2014-11-12T16:45:00Z,None,,-0.8%,0.0%,false,false
,Core Machinery Orders m/m,JPY,2014-11-12T18:50:00Z,None,-1.0%,4.7%,2.9%,false,false
,PPI y/y,JPY,2014-11-12T18:50:00Z,None,3.4%,3.6%,2.9%,false,false
,MI Inflation Expectations,AUD,2014-11-12T19:00:00Z,None,,3.4%,4.1%,false,false
,RICS House Price Balance,GBP,2014-11-12T19:01:00Z,None,25%,30%,20%,false,false
,REINZ HPI m/m,NZD,2014-11-12T20:10:00Z,None,,0.2%,1.4%,false,false
,RBA Assist Gov Kent Speaks,AUD,2014-11-12T20:30:00Z,None,,,,false,false
,Revised Industrial Production m/m,JPY,2014-11-12T23:30:00Z,None,2.7%,2.7%,2.9%,false,false
,Industrial Production y/y,CNY,2014-11-13T00:30:00Z,High,8.0%,8.0%,7.7%,false,false
,Fixed Asset Investment ytd/y,CNY,2014-11-13T00:30:00Z,None,16.0%,16.1%,15.9%,false,false
,Retail Sales y/y,CNY,2014-11-13T00:30:00Z,None,11.6%,11.6%,11.5%,false,false
,German Final CPI m/m,EUR,2014-11-13T02:00:00Z,None,-0.3%,-0.3%,-0.3%,false,false
,French Final CPI m/m,EUR,2014-11-13T02:45:00Z,None,-0.1%,-0.4%,0.0%,false,false
,PPI m/m,CHF,2014-11-13T03:15:00Z,None,-0.2%,-0.1%,-0.1%,false,false
,ECB Monthly Bulletin,EUR,2014-11-13T04:00:00Z,None,,,,false,false
,10-y Bond Auction,GBP,2014-11-13T05:35:00Z,None,,2.15|1.7,2.21|1.5,false,false
,Unemployment Claims,USD,2014-11-13T08:30:00Z,High,282K,278K,290K,false,false
,NHPI m/m,CAD,2014-11-13T08:30:00Z,None,0.2%,0.3%,0.1%,false,false
,JOLTS Job Openings,USD,2014-11-13T10:00:00Z,None,4.81M,4.85M,4.74M,false,false
,BOC Review,CAD,2014-11-13T10:30:00Z,None,,,,false,false
,Crude Oil Inventories,USD,2014-11-13T11:00:00Z,None,0.7M,0.5M,-1.7M,false,false
,FOMC Member Plosser Speaks,USD,2014-11-13T12:30:00Z,None,,,,false,false
,Fed Chair Yellen Speaks,USD,2014-11-13T12:45:00Z,High,,,,false,false
,30-y Bond Auction,USD,2014-11-13T13:01:00Z,None,,3.07|2.4,3.09|2.3,false,false
,Federal Budget Balance,USD,2014-11-13T13:59:00Z,None,-111.5B,105.8B,-121.7B,false,false
,Gov Council Member Wilkins Speaks,CAD,2014-11-13T15:05:00Z,None,,,,false,false
,FOMC Member Kocherlakota Speaks,USD,2014-11-13T15:30:00Z,None,,,,false,false
,G20 Meetings,All,2014-11-14T00:00:00Z,High,,,,false,false
,French Prelim GDP q/q,EUR,2014-11-14T01:30:00Z,High,0.1%,-0.1%,0.3%,false,false
,German Prelim GDP q/q,EUR,2014-11-14T02:00:00Z,High,0.1%,-0.2%,0.1%,false,false
,French Prelim Private Payrolls q/q,EUR,2014-11-14T02:45:00Z,None,0.2%,0.1%,-0.2%,false,false
,New Loans,CNY,2014-11-14T03:02:00Z,None,615B,857B,548B,false,false
,M2 Money Supply y/y,CNY,2014-11-14T03:02:00Z,None,12.9%,12.9%,12.6%,false,false
,Italian Prelim GDP q/q,EUR,2014-11-14T04:00:00Z,None,-0.1%,-0.2%,-0.1%,false,false
,Construction Output m/m,GBP,2014-11-14T04:30:00Z,None,3.7%,-3.0%,1.8%,false,false
,Final CPI y/y,EUR,2014-11-14T05:00:00Z,None,0.4%,0.4%,0.4%,false,false
,Flash GDP q/q,EUR,2014-11-14T05:00:00Z,None,0.1%,0.1%,0.2%,false,false
,Final Core CPI y/y,EUR,2014-11-14T05:00:00Z,None,0.7%,0.7%,0.7%,false,false
,Retail Sales m/m,USD,2014-11-14T08:30:00Z,High,0.2%,-0.3%,0.3%,false,false
,Manufacturing Sales m/m,CAD,2014-11-14T08:30:00Z,High,1.3%,-3.5%,2.1%,false,false
,Core Retail Sales m/m,USD,2014-11-14T08:30:00Z,High,0.2%,0.0%,0.3%,false,false
,Import Prices m/m,USD,2014-11-14T08:30:00Z,None,-1.7%,-0.6%,-1.3%,false,false
,Prelim UoM Consumer Sentiment,USD,2014-11-14T09:55:00Z,High,87.3,86.9,89.4,false,false
,Prelim UoM Inflation Expectations,USD,2014-11-14T09:55:00Z,None,,2.9%,2.6%,false,false
,Business Inventories m/m,USD,2014-11-14T10:00:00Z,None,0.3%,0.1%,0.3%,false,false
,Mortgage Delinquencies,USD,2014-11-14T10:00:00Z,None,,6.04%,5.85%,false,false
,Natural Gas Storage,USD,2014-11-14T10:30:00Z,None,37B,91B,40B,false,false
,FOMC Member Fischer Speaks,USD,2014-11-14T16:00:00Z,None,,,,false,false
,G20 Meetings,All,2014-11-15T00:00:00Z,None,,,,false,false
,BusinessNZ Services Index,NZD,2014-11-16T16:30:00Z,None,,57.6,57.8,false,false
,Core Retail Sales q/q,NZD,2014-11-16T16:45:00Z,None,1.0%,1.2%,1.4%,false,false
,Retail Sales q/q,NZD,2014-11-16T16:45:00Z,High,0.8%,1.1%,1.5%,false,false
,Prelim GDP q/q,JPY,2014-11-16T18:50:00Z,High,0.5%,-1.8%,-0.4%,false,false
,Prelim GDP Price Index y/y,JPY,2014-11-16T18:50:00Z,None,1.9%,2.0%,2.1%,false,false
,Rightmove HPI m/m,GBP,2014-11-16T18:54:00Z,None,,2.6%,-1.7%,false,false
,New Motor Vehicle Sales m/m,AUD,2014-11-16T19:30:00Z,None,,2.8%,-1.6%,false,false
,Italian Trade Balance,EUR,2014-11-17T04:00:00Z,None,2.68B,2.06B,2.01B,false,false
,MPC Member Haldane Speaks,GBP,2014-11-17T04:30:00Z,None,,,,false,false
,Trade Balance,EUR,2014-11-17T05:00:00Z,None,16.2B,15.4B,17.7B,false,false
,German Buba Monthly Report,EUR,2014-11-17T06:00:00Z,None,,,,false,false
,Foreign Securities Purchases,CAD,2014-11-17T08:30:00Z,None,11.32B,10.29B,4.37B,false,false
,Empire State Manufacturing Index,USD,2014-11-17T08:30:00Z,None,12.1,6.2,10.2,false,false
,ECB President Draghi Speaks,EUR,2014-11-17T09:00:00Z,High,,,,false,false
,Capacity Utilization Rate,USD,2014-11-17T09:15:00Z,None,79.3%,79.2%,78.9%,false,false
,Industrial Production m/m,USD,2014-11-17T09:15:00Z,None,0.2%,0.8%,-0.1%,false,false
,CB Leading Index m/m,AUD,2014-11-17T18:00:00Z,None,,-0.1%,-0.3%,false,false
,Monetary Policy Meeting Minutes,AUD,2014-11-17T19:30:00Z,High,,,,false,false
,Foreign Direct Investment ytd/y,CNY,2014-11-17T21:05:00Z,None,,-1.4%,-1.2%,false,false
,RBA Gov Stevens Speaks,AUD,2014-11-18T03:25:00Z,High,,,,false,false
,CPI y/y,GBP,2014-11-18T04:30:00Z,High,1.2%,1.2%,1.3%,false,false
,PPI Input m/m,GBP,2014-11-18T04:30:00Z,None,-1.4%,-0.6%,-1.5%,false,false
,RPI y/y,GBP,2014-11-18T04:30:00Z,None,2.3%,2.3%,2.3%,false,false
,Core CPI y/y,GBP,2014-11-18T04:30:00Z,None,1.6%,1.5%,1.5%,false,false
,ONS HPI y/y,GBP,2014-11-18T04:30:00Z,None,12.1%,11.7%,12.1%,false,false
,PPI Output m/m,GBP,2014-11-18T04:30:00Z,None,-0.2%,-0.2%,-0.3%,false,false
,German ZEW Economic Sentiment,EUR,2014-11-18T05:00:00Z,High,0.9,-3.6,11.5,false,false
,ZEW Economic Sentiment,EUR,2014-11-18T05:00:00Z,None,4.3,4.1,11.0,false,false
,PPI m/m,USD,2014-11-18T08:30:00Z,High,-0.1%,-0.1%,0.2%,false,false
,Core PPI m/m,USD,2014-11-18T08:30:00Z,None,0.2%,0.0%,0.4%,false,false
,GDT Price Index,NZD,2014-11-18T09:41:00Z,High,,-0.3%,-3.1%,false,false
,NAHB Housing Market Index,USD,2014-11-18T10:00:00Z,None,55,54,58,false,false
,MPC Member Forbes Speaks,GBP,2014-11-18T13:30:00Z,None,,,,false,false
,FOMC Member Kocherlakota Speaks,USD,2014-11-18T13:30:00Z,None,,,,false,false
,Gov Council Member Cote Speaks,CAD,2014-11-18T14:05:00Z,None,,,,false,false
,TIC Long-Term Purchases,USD,2014-11-18T16:00:00Z,None,41.3B,52.1B,164.3B,false,false
,MI Leading Index m/m,AUD,2014-11-18T18:30:00Z,None,,-0.1%,0.0%,false,false
,Monetary Policy Statement,JPY,2014-11-18T22:24:00Z,High,,,,false,false
,All Industries Activity m/m,JPY,2014-11-18T23:30:00Z,None,1.2%,0.0%,1.0%,false,false
,BOJ Press Conference,JPY,2014-11-19T01:29:00Z,High,,,,false,false
,Current Account,EUR,2014-11-19T04:00:00Z,None,21.3B,22.8B,30.0B,false,false
,MPC Official Bank Rate Votes,GBP,2014-11-19T04:30:00Z,High,2-0-7,2-0-7,2-0-7,false,false
,MPC Asset Purchase Facility Votes,GBP,2014-11-19T04:30:00Z,None,0-0-9,0-0-9,0-0-9,false,false
,UBS Economic Expectations,CHF,2014-11-19T05:00:00Z,None,,-30.7,-7.6,false,false
,Building Permits,USD,2014-11-19T08:30:00Z,High,1.04M,1.03M,1.08M,false,false
,Housing Starts,USD,2014-11-19T08:30:00Z,None,1.03M,1.04M,1.01M,false,false
,Crude Oil Inventories,USD,2014-11-19T10:30:00Z,None,-0.7M,-1.7M,2.6M,false,false
,FOMC Meeting Minutes,USD,2014-11-19T14:00:00Z,High,,,,false,false
,PPI Input q/q,NZD,2014-11-19T16:45:00Z,High,0.3%,-1.0%,-1.5%,false,false
,PPI Output q/q,NZD,2014-11-19T16:45:00Z,None,0.2%,-0.5%,-1.1%,false,false
,Trade Balance,JPY,2014-11-19T18:50:00Z,None,-1.02T,-1.07T,-0.98T,false,false
,Flash Manufacturing PMI,JPY,2014-11-19T20:35:00Z,None,52.7,52.4,52.1,false,false
,Caixin Flash Manufacturing PMI,CNY,2014-11-19T20:45:00Z,High,50.2,50.4,50.0,false,false
,BOJ Monthly Report,JPY,2014-11-20T00:00:00Z,None,,,,false,false
,Trade Balance,CHF,2014-11-20T02:00:00Z,None,2.57B,2.49B,3.26B,false,false
,German PPI m/m,EUR,2014-11-20T02:00:00Z,None,-0.1%,0.0%,-0.2%,false,false
,French Flash Manufacturing PMI,EUR,2014-11-20T03:00:00Z,High,48.9,48.5,47.6,false,false
,French Flash Services PMI,EUR,2014-11-20T03:00:00Z,None,48.6,48.3,48.8,false,false
,German Flash Manufacturing PMI,EUR,2014-11-20T03:30:00Z,High,51.5,51.4,50.0,false,false
,German Flash Services PMI,EUR,2014-11-20T03:30:00Z,None,54.5,54.4,52.1,false,false
,Flash Manufacturing PMI,EUR,2014-11-20T04:00:00Z,None,50.9,50.6,50.4,false,false
,Flash Services PMI,EUR,2014-11-20T04:00:00Z,None,52.3,52.3,51.3,false,false
,Retail Sales m/m,GBP,2014-11-20T04:30:00Z,High,0.4%,-0.4%,0.8%,false,false
,CBI Industrial Order Expectations,GBP,2014-11-20T06:00:00Z,None,-3,-6,3,false,false
,FOMC Member Tarullo Speaks,USD,2014-11-20T07:45:00Z,None,,,,false,false
,Wholesale Sales m/m,CAD,2014-11-20T08:30:00Z,High,0.7%,0.0%,1.8%,false,false
,Core CPI m/m,USD,2014-11-20T08:30:00Z,High,0.2%,0.1%,0.2%,false,false
,Core CPI y/y,USD,2014-11-20T08:30:00Z,High,1.7%,1.7%,1.8%,false,false
,CPI m/m,USD,2014-11-20T08:30:00Z,High,-0.1%,0.1%,0.0%,false,false
,CPI y/y,USD,2014-11-20T08:30:00Z,High,1.6%,1.7%,1.7%,false,false
,Unemployment Claims,USD,2014-11-20T08:30:00Z,High,286K,293K,291K,false,false
,Flash Manufacturing PMI,USD,2014-11-20T09:45:00Z,None,56.2,55.9,54.7,false,false
,Consumer Confidence,EUR,2014-11-20T10:00:00Z,None,-11,-11,-12,false,false
,Philly Fed Manufacturing Index,USD,2014-11-20T10:00:00Z,High,18.9,20.7,40.8,false,false
,Existing Home Sales,USD,2014-11-20T10:00:00Z,None,5.16M,5.18M,5.26M,false,false
,CB Leading Index m/m,USD,2014-11-20T10:00:00Z,None,0.6%,0.7%,0.9%,false,false
,Natural Gas Storage,USD,2014-11-20T10:30:00Z,None,-12B,40B,-17B,false,false
,Gov Board Member Zurbrugg Speaks,CHF,2014-11-20T12:00:00Z,None,,,,false,false
,FOMC Member Mester Speaks,USD,2014-11-20T13:30:00Z,None,,,,false,false
,Credit Card Spending y/y,NZD,2014-11-20T21:00:00Z,None,,4.5%,6.7%,false,false
,ECB President Draghi Speaks,EUR,2014-11-21T03:00:00Z,High,,,,false,false
,Public Sector Net Borrowing,GBP,2014-11-21T04:30:00Z,None,6.9B,10.6B,7.1B,false,false
,German Buba President Weidmann Speaks,EUR,2014-11-21T05:15:00Z,None,,,,false,false
,Core CPI m/m,CAD,2014-11-21T08:30:00Z,High,0.2%,0.2%,0.3%,false,false
,CPI m/m,CAD,2014-11-21T08:30:00Z,None,-0.3%,0.1%,0.1%,false,false
,MPC Member Miles Speaks,GBP,2014-11-21T14:45:00Z,None,,,,false,false
,Bank Holiday,JPY,2014-11-23T00:00:00Z,None,,,,true,false
,SNB Chairman Jordan Speaks,CHF,2014-11-23T08:00:00Z,High,,,,false,false
,Visitor Arrivals m/m,NZD,2014-11-23T16:45:00Z,None,,1.1%,3.3%,false,false
,Employment Level,CHF,2014-11-24T03:15:00Z,None,4.22M,4.20M,4.23M,false,false
,German ifo Business Climate,EUR,2014-11-24T04:00:00Z,High,103.0,103.2,104.7,false,false
,Belgian NBB Business Climate,EUR,2014-11-24T09:00:00Z,None,-5.3,-6.8,-6.1,false,false
,Flash Services PMI,USD,2014-11-24T09:45:00Z,None,57.3,57.1,56.3,false,false
,Monetary Policy Meeting Minutes,JPY,2014-11-24T18:50:00Z,None,,,,false,false
,SPPI y/y,JPY,2014-11-24T18:50:00Z,None,3.6%,3.5%,3.6%,false,false
,BOJ Gov Kuroda Speaks,JPY,2014-11-24T20:00:00Z,High,,,,false,false
,CB Leading Index m/m,CNY,2014-11-24T21:00:00Z,None,,1.0%,0.9%,false,false
,Inflation Expectations q/q,NZD,2014-11-24T21:00:00Z,None,,2.23%,2.06%,false,false
,German Final GDP q/q,EUR,2014-11-25T02:00:00Z,None,0.1%,0.1%,0.1%,false,false
,Italian Retail Sales m/m,EUR,2014-11-25T04:00:00Z,None,0.2%,-0.2%,-0.1%,false,false
,RBA Deputy Gov Lowe Speaks,AUD,2014-11-25T04:05:00Z,None,,,,false,false
,High Street Lending,GBP,2014-11-25T04:30:00Z,None,38.5K,39.1K,37.1K,false,false
,Monetary Policy Report Hearings,GBP,2014-11-25T05:00:00Z,High,,,,false,false
,Core Retail Sales m/m,CAD,2014-11-25T08:30:00Z,High,0.4%,-0.2%,0.0%,false,false
,Retail Sales m/m,CAD,2014-11-25T08:30:00Z,None,0.6%,-0.2%,0.8%,false,false
,Corporate Profits q/q,CAD,2014-11-25T08:30:00Z,None,,2.6%,3.7%,false,false
,Prelim GDP q/q,USD,2014-11-25T08:30:00Z,High,3.3%,3.5%,3.9%,false,false
,Prelim GDP Price Index q/q,USD,2014-11-25T08:30:00Z,None,1.3%,1.3%,1.4%,false,false
,S&P/CS Composite-20 HPI y/y,USD,2014-11-25T09:00:00Z,None,4.7%,5.6%,4.9%,false,false
,HPI m/m,USD,2014-11-25T09:05:00Z,None,0.5%,0.4%,0.0%,false,false
,Richmond Manufacturing Index,USD,2014-11-25T09:59:00Z,None,17,20,4,false,false
,CB Consumer Confidence,USD,2014-11-25T10:00:00Z,High,95.9,94.1,88.7,false,false
,Construction Work Done q/q,AUD,2014-11-25T19:30:00Z,None,-1.7%,-1.2%,-2.2%,false,false
,UBS Consumption Indicator,CHF,2014-11-26T02:00:00Z,None,,1.39,1.29,false,false
,German Import Prices m/m,EUR,2014-11-26T02:00:00Z,None,-0.3%,0.3%,-0.3%,false,false
,Second Estimate GDP q/q,GBP,2014-11-26T04:30:00Z,High,0.7%,0.7%,0.7%,false,false
,Prelim Business Investment q/q,GBP,2014-11-26T04:30:00Z,None,2.3%,3.3%,-0.7%,false,false
,Index of Services 3m/3m,GBP,2014-11-26T04:30:00Z,None,0.7%,0.8%,0.8%,false,false
,German 10-y Bond Auction,EUR,2014-11-26T05:33:00Z,None,,0.87|1.2,0.74|1.1,false,false
,CBI Realized Sales,GBP,2014-11-26T06:00:00Z,None,28,31,27,false,false
,Core Durable Goods Orders m/m,USD,2014-11-26T08:30:00Z,High,0.5%,-0.1%,-0.9%,false,false
,Unemployment Claims,USD,2014-11-26T08:30:00Z,High,287K,292K,313K,false,false
,Core PCE Price Index m/m,USD,2014-11-26T08:30:00Z,None,0.1%,0.1%,0.2%,false,false
,Durable Goods Orders m/m,USD,2014-11-26T08:30:00Z,None,-0.4%,-1.1%,0.4%,false,false
,Personal Spending m/m,USD,2014-11-26T08:30:00Z,None,0.4%,0.0%,0.2%,false,false
,Personal Income m/m,USD,2014-11-26T08:30:00Z,None,0.4%,0.2%,0.2%,false,false
,Chicago PMI,USD,2014-11-26T09:45:00Z,None,63.1,66.2,60.8,false,false
,Revised UoM Inflation Expectations,USD,2014-11-26T09:55:00Z,None,,2.6%,2.8%,false,false
,Revised UoM Consumer Sentiment,USD,2014-11-26T09:55:00Z,None,90.2,89.4,88.8,false,false
,New Home Sales,USD,2014-11-26T10:00:00Z,High,471K,455K,458K,false,false
,Pending Home Sales m/m,USD,2014-11-26T10:00:00Z,None,0.9%,0.6%,-1.1%,false,false
,Crude Oil Inventories,USD,2014-11-26T10:30:00Z,None,0.4M,2.6M,1.9M,false,false
,Natural Gas Storage,USD,2014-11-26T12:00:00Z,None,-145B,-17B,-162B,false,false
,Trade Balance,NZD,2014-11-26T16:45:00Z,High,-645M,-1367M,-908M,false,false
,HIA New Home Sales m/m,AUD,2014-11-26T19:00:00Z,None,,0.0%,3.0%,false,false
,Private Capital Expenditure q/q,AUD,2014-11-26T19:30:00Z,High,-1.7%,1.6%,0.2%,false,false
,German Prelim CPI m/m,EUR,2014-11-27T00:00:00Z,High,0.0%,-0.3%,0.0%,true,false
,OPEC Meetings,All,2014-11-27T00:00:00Z,High,,,,true,false
,Bank Holiday,USD,2014-11-27T00:00:00Z,None,,,,true,false
,Spanish Flash CPI y/y,EUR,2014-11-27T03:00:00Z,None,-0.3%,-0.1%,-0.4%,false,false
,German Unemployment Change,EUR,2014-11-27T03:55:00Z,None,-1K,-23K,-14K,false,false
,M3 Money Supply y/y,EUR,2014-11-27T04:00:00Z,None,2.6%,2.5%,2.5%,false,false
,Private Loans y/y,EUR,2014-11-27T04:00:00Z,None,-1.0%,-1.2%,-1.1%,false,false
,Italian 10-y Bond Auction,EUR,2014-11-27T05:24:00Z,None,,2.44|1.5,2.08|1.6,false,false
,ECB Financial Stability Review,EUR,2014-11-27T06:00:00Z,None,,,,false,false
,ECB President Draghi Speaks,EUR,2014-11-27T06:30:00Z,High,,,,false,false
,German GfK Consumer Climate,EUR,2014-11-27T07:00:00Z,None,8.6,8.5,8.7,false,false
,Current Account,CAD,2014-11-27T08:30:00Z,None,-10.3B,-9.9B,-8.4B,false,false
,Building Consents m/m,NZD,2014-11-27T16:45:00Z,None,,-11.9%,8.8%,false,false
,Household Spending y/y,JPY,2014-11-27T18:30:00Z,None,-4.8%,-5.6%,-4.0%,false,false
,Tokyo Core CPI y/y,JPY,2014-11-27T18:30:00Z,None,2.3%,2.5%,2.4%,false,false
,National Core CPI y/y,JPY,2014-11-27T18:30:00Z,None,2.9%,3.0%,2.9%,false,false
,Unemployment Rate,JPY,2014-11-27T18:30:00Z,None,3.6%,3.6%,3.5%,false,false
,GfK Consumer Confidence,GBP,2014-11-27T18:50:00Z,None,-1,-2,-2,false,false
,Prelim Industrial Production m/m,JPY,2014-11-27T18:50:00Z,None,-0.4%,2.9%,0.2%,false,false
,Retail Sales y/y,JPY,2014-11-27T18:50:00Z,None,1.5%,2.3%,1.4%,false,false
,ANZ Business Confidence,NZD,2014-11-27T19:00:00Z,High,,26.5,31.5,false,false
,Private Sector Credit m/m,AUD,2014-11-27T19:30:00Z,None,0.5%,0.5%,0.6%,false,false
,Housing Starts y/y,JPY,2014-11-28T00:00:00Z,None,-14.5%,-14.3%,-12.3%,false,false
,Nationwide HPI m/m,GBP,2014-11-28T01:57:00Z,None,0.4%,0.5%,0.3%,false,false
,German Retail Sales m/m,EUR,2014-11-28T02:00:00Z,None,1.7%,-2.8%,1.9%,false,false
,French Consumer Spending m/m,EUR,2014-11-28T02:45:00Z,None,0.2%,-0.5%,-0.9%,false,false
,KOF Economic Barometer,CHF,2014-11-28T03:00:00Z,None,100.1,99.5,98.7,false,false
,Italian Monthly Unemployment Rate,EUR,2014-11-28T04:00:00Z,None,12.6%,12.9%,13.2%,false,false
,Italian Quarterly Unemployment Rate,EUR,2014-11-28T04:00:00Z,None,12.4%,12.6%,12.8%,false,false
,CPI Flash Estimate y/y,EUR,2014-11-28T05:00:00Z,High,0.3%,0.4%,0.3%,false,false
,Core CPI Flash Estimate y/y,EUR,2014-11-28T05:00:00Z,None,0.7%,0.7%,0.7%,false,false
,Unemployment Rate,EUR,2014-11-28T05:00:00Z,None,11.5%,11.5%,11.5%,false,false
,Italian Prelim CPI m/m,EUR,2014-11-28T05:00:00Z,None,-0.3%,0.1%,-0.2%,false,false
,GDP m/m,CAD,2014-11-28T08:30:00Z,High,0.4%,-0.1%,0.4%,false,false
,RMPI m/m,CAD,2014-11-28T08:30:00Z,None,1.5%,-2.1%,-4.3%,false,false
,IPPI m/m,CAD,2014-11-28T08:30:00Z,None,0.3%,-0.3%,-0.5%,false,false
,SNB Gold Asset Vote,CHF,2014-11-30T00:00:00Z,High,Reject,,Reject,true,false
,RBNZ Gov Wheeler Speaks,NZD,2014-11-30T14:45:00Z,High,,,,false,false
,Overseas Trade Index q/q,NZD,2014-11-30T16:45:00Z,None,-4.3%,0.1%,-4.4%,false,false
,AIG Manufacturing Index,AUD,2014-11-30T17:30:00Z,None,,49.4,50.1,false,false
,MI Inflation Gauge m/m,AUD,2014-11-30T18:30:00Z,None,,0.2%,0.1%,false,false
,Capital Spending q/y,JPY,2014-11-30T18:50:00Z,None,2.1%,3.0%,5.5%,false,false
,Company Operating Profits q/q,AUD,2014-11-30T19:30:00Z,None,-1.2%,-7.5%,0.5%,false,false
,Manufacturing PMI,CNY,2014-11-30T19:59:00Z,High,50.5,50.8,50.3,false,false
,Final Manufacturing PMI,JPY,2014-11-30T20:35:00Z,None,52.1,52.1,52.0,false,false
,RatingDog Manufacturing PMI,CNY,2014-11-30T20:45:00Z,High,50.0,50.0,50.0,false,false
,Commodity Prices y/y,AUD,2014-12-01T00:30:00Z,None,,-17.6%,-18.6%,false,false
,Spanish Manufacturing PMI,EUR,2014-12-01T03:15:00Z,None,53.1,52.6,54.7,false,false
,Manufacturing PMI,CHF,2014-12-01T03:30:00Z,None,52.9,55.3,52.1,false,false
,Italian Manufacturing PMI,EUR,2014-12-01T03:45:00Z,None,49.5,49.0,49.0,false,false
,French Final Manufacturing PMI,EUR,2014-12-01T03:50:00Z,None,47.6,47.6,48.4,false,false
,German Final Manufacturing PMI,EUR,2014-12-01T03:55:00Z,None,50.0,50.0,49.5,false,false
,Final Manufacturing PMI,EUR,2014-12-01T04:00:00Z,None,50.4,50.4,50.1,false,false
,Final Manufacturing PMI,GBP,2014-12-01T04:30:00Z,High,53.1,53.3,53.5,false,false
,Net Lending to Individuals m/m,GBP,2014-12-01T04:30:00Z,None,2.8B,2.7B,2.6B,false,false
,M4 Money Supply m/m,GBP,2014-12-01T04:30:00Z,None,0.2%,-0.7%,-0.1%,false,false
,Mortgage Approvals,GBP,2014-12-01T04:30:00Z,None,59K,61K,59K,false,false
,Manufacturing PMI,CAD,2014-12-01T09:30:00Z,None,,55.3,55.3,false,false
,Final Manufacturing PMI,USD,2014-12-01T09:45:00Z,None,55.0,54.7,54.8,false,false
,ISM Manufacturing PMI,USD,2014-12-01T10:00:00Z,High,57.9,59.0,58.7,false,false
,ISM Manufacturing Prices,USD,2014-12-01T10:00:00Z,None,52.6,53.5,44.5,false,false
,FOMC Member Dudley Speaks,USD,2014-12-01T12:15:00Z,None,,,,false,false
,FOMC Member Fischer Speaks,USD,2014-12-01T13:00:00Z,None,,,,false,false
,Monetary Base y/y,JPY,2014-12-01T18:50:00Z,None,37.2%,36.9%,36.7%,false,false
,ANZ Commodity Prices m/m,NZD,2014-12-01T19:00:00Z,None,,-0.8%,-1.6%,false,false
,Building Approvals m/m,AUD,2014-12-01T19:30:00Z,High,5.2%,-11.2%,11.4%,false,false
,Current Account,AUD,2014-12-01T19:30:00Z,None,-13.5B,-13.9B,-12.5B,false,false
,Average Cash Earnings y/y,JPY,2014-12-01T20:30:00Z,None,0.8%,0.7%,0.5%,false,false
,Cash Rate,AUD,2014-12-01T22:30:00Z,High,2.50%,2.50%,2.50%,false,false
,RBA Rate Statement,AUD,2014-12-01T22:30:00Z,High,,,,false,false
,10-y Bond Auction,JPY,2014-12-01T22:45:00Z,None,,0.44|3.5,0.47|3.0,false,false
,Total Vehicle Sales,USD,2014-12-02T00:00:00Z,None,16.6M,16.5M,17.2M,true,false
,Spanish Unemployment Change,EUR,2014-12-02T03:00:00Z,None,21.3K,79.2K,-14.7K,false,false
,Construction PMI,GBP,2014-12-02T04:30:00Z,High,61.1,61.4,59.4,false,false
,PPI m/m,EUR,2014-12-02T05:00:00Z,None,0.3%,0.2%,-0.4%,false,false
,FOMC Member Fischer Speaks,USD,2014-12-02T08:10:00Z,None,,,,false,false
,Fed Chair Yellen Speaks,USD,2014-12-02T08:30:00Z,None,,,,false,false
,GDT Price Index,NZD,2014-12-02T09:33:00Z,High,,-3.1%,-1.1%,false,false
,Construction Spending m/m,USD,2014-12-02T10:00:00Z,None,0.6%,-0.1%,1.1%,false,false
,FOMC Member Brainard Speaks,USD,2014-12-02T12:00:00Z,None,,,,false,false
,AIG Services Index,AUD,2014-12-02T17:21:00Z,None,,43.6,43.8,false,false
,BRC Shop Price Index y/y,GBP,2014-12-02T19:01:00Z,None,,-1.9%,-1.9%,false,false
,GDP q/q,AUD,2014-12-02T19:30:00Z,High,0.7%,0.5%,0.3%,false,false
,Non-Manufacturing PMI,CNY,2014-12-02T20:00:00Z,None,,53.8,53.9,false,false
,RatingDog Services PMI,CNY,2014-12-02T20:45:00Z,None,,52.9,53.0,false,false
,GDP q/q,CHF,2014-12-03T01:45:00Z,None,0.3%,0.3%,0.6%,false,false
,Spanish Services PMI,EUR,2014-12-03T03:15:00Z,None,56.2,55.9,52.7,false,false
,Italian Services PMI,EUR,2014-12-03T03:45:00Z,None,50.9,50.8,51.8,false,false
,French Final Services PMI,EUR,2014-12-03T03:50:00Z,None,48.8,48.8,47.9,false,false
,German Final Services PMI,EUR,2014-12-03T03:55:00Z,None,52.1,52.1,52.1,false,false
,Final Services PMI,EUR,2014-12-03T04:00:00Z,None,51.3,51.3,51.1,false,false
,Final Services PMI,GBP,2014-12-03T04:30:00Z,High,56.6,56.2,58.6,false,false
,Retail Sales m/m,EUR,2014-12-03T05:00:00Z,None,0.6%,-1.2%,0.4%,false,false
,Autumn Forecast Statement,GBP,2014-12-03T07:30:00Z,High,,,,false,false
,ADP Non-Farm Employment Change,USD,2014-12-03T08:15:00Z,High,223K,233K,208K,false,false
,Revised Nonfarm Productivity q/q,USD,2014-12-03T08:30:00Z,None,2.3%,2.0%,2.3%,false,false
,Revised Unit Labor Costs q/q,USD,2014-12-03T08:30:00Z,None,0.3%,0.3%,-1.0%,false,false
,Final Services PMI,USD,2014-12-03T09:45:00Z,None,56.3,56.3,56.2,false,false
,BOC Rate Statement,CAD,2014-12-03T10:00:00Z,High,,,,false,false
,Overnight Rate,CAD,2014-12-03T10:00:00Z,High,1.00%,1.00%,1.00%,false,false
,ISM Services PMI,USD,2014-12-03T10:00:00Z,High,57.5,57.1,59.3,false,false
,Crude Oil Inventories,USD,2014-12-03T10:30:00Z,None,1.1M,1.9M,-3.7M,false,false
,FOMC Member Plosser Speaks,USD,2014-12-03T12:30:00Z,None,,,,false,false
,Beige Book,USD,2014-12-03T14:00:00Z,None,,,,false,false
,FOMC Member Brainard Speaks,USD,2014-12-03T14:00:00Z,None,,,,false,false
,BOC Gov Poloz Speaks,CAD,2014-12-03T17:45:00Z,High,,,,false,false
,Goods Trade Balance,AUD,2014-12-03T19:30:00Z,High,-1.85B,-2.24B,-1.32B,false,false
,Retail Sales m/m,AUD,2014-12-03T19:30:00Z,High,0.1%,1.3%,0.4%,false,false
,FOMC Member Fisher Speaks,USD,2014-12-03T19:30:00Z,None,,,,false,false
,Lloyds HPI m/m,GBP,2014-12-04T03:03:00Z,None,0.2%,-0.4%,0.4%,false,false
,Retail PMI,EUR,2014-12-04T04:10:00Z,None,,47.0,48.9,false,false
,Spanish 10-y Bond Auction,EUR,2014-12-04T04:42:00Z,None,,2.12|3.0,1.84|2.2,false,false
,French 10-y Bond Auction,EUR,2014-12-04T05:02:00Z,None,,1.18|1.4,1.11|2.4,false,false
,Official Bank Rate,GBP,2014-12-04T07:00:00Z,High,0.50%,0.50%,0.50%,false,false
,Asset Purchase Facility,GBP,2014-12-04T07:00:00Z,None,375B,375B,375B,false,false
,Challenger Job Cuts y/y,USD,2014-12-04T07:30:00Z,None,,11.9%,-20.7%,false,false
,Main Refinancing Rate,EUR,2014-12-04T07:45:00Z,High,0.05%,0.05%,0.05%,false,false
,ECB Press Conference,EUR,2014-12-04T08:30:00Z,High,,,,false,false
,Unemployment Claims,USD,2014-12-04T08:30:00Z,High,296K,314K,297K,false,false
,FOMC Member Mester Speaks,USD,2014-12-04T08:30:00Z,None,,,,false,false
,Ivey PMI,CAD,2014-12-04T10:00:00Z,High,52.7,51.2,56.9,false,false
,Natural Gas Storage,USD,2014-12-04T10:30:00Z,None,-51B,-162B,-22B,false,false
,FOMC Member Brainard Speaks,USD,2014-12-04T12:30:00Z,None,,,,false,false
,AIG Construction Index,AUD,2014-12-04T17:30:00Z,None,,53.4,45.4,false,false
,Leading Indicators,JPY,2014-12-05T00:00:00Z,None,104.2%,105.6%,104.0%,false,false
,German Factory Orders m/m,EUR,2014-12-05T02:00:00Z,None,0.6%,1.1%,2.5%,false,false
,Foreign Currency Reserves,CHF,2014-12-05T03:00:00Z,High,,461B,462B,false,false
,Consumer Inflation Expectations,GBP,2014-12-05T04:30:00Z,None,,2.8%,2.5%,false,false
,Revised GDP q/q,EUR,2014-12-05T05:00:00Z,None,0.2%,0.2%,0.2%,false,false
,Employment Change,CAD,2014-12-05T08:30:00Z,High,5.3K,43.1K,-10.7K,false,false
,Trade Balance,CAD,2014-12-05T08:30:00Z,High,0.4B,0.3B,0.1B,false,false
,Unemployment Rate,CAD,2014-12-05T08:30:00Z,High,6.6%,6.5%,6.6%,false,false
,Labor Productivity q/q,CAD,2014-12-05T08:30:00Z,None,-0.1%,2.0%,0.1%,false,false
,Non-Farm Employment Change,USD,2014-12-05T08:30:00Z,High,231K,243K,321K,false,false
,Trade Balance,USD,2014-12-05T08:30:00Z,High,-41.3B,-43.6B,-43.4B,false,false
,Unemployment Rate,USD,2014-12-05T08:30:00Z,High,5.8%,5.8%,5.8%,false,false
,Average Hourly Earnings m/m,USD,2014-12-05T08:30:00Z,None,0.2%,0.1%,0.4%,false,false
,FOMC Member Mester Speaks,USD,2014-12-05T08:45:00Z,None,,,,false,false
,Factory Orders m/m,USD,2014-12-05T10:00:00Z,None,0.0%,-0.5%,-0.7%,false,false
,FOMC Member Fischer Speaks,USD,2014-12-05T14:45:00Z,None,,,,false,false
,Consumer Credit m/m,USD,2014-12-05T15:00:00Z,None,16.5B,15.4B,13.2B,false,false
,Manufacturing Sales q/q,NZD,2014-12-07T16:45:00Z,None,,-2.3%,-1.2%,false,false
,Current Account,JPY,2014-12-07T18:50:00Z,None,0.46T,0.41T,0.95T,false,false
,Final GDP q/q,JPY,2014-12-07T18:50:00Z,None,-0.1%,-0.4%,-0.5%,false,false
,Bank Lending y/y,JPY,2014-12-07T18:50:00Z,None,,2.3%,2.7%,false,false
,Final GDP Price Index y/y,JPY,2014-12-07T18:54:00Z,None,2.1%,2.1%,2.0%,false,false
,ANZ Job Advertisements m/m,AUD,2014-12-07T19:30:00Z,None,,0.2%,0.7%,false,false
,USD-Denominated Trade Balance,CNY,2014-12-07T21:07:00Z,High,44.3B,45.4B,54.5B,false,false
,Italian Bank Holiday,EUR,2014-12-08T00:00:00Z,None,,,,true,false
,Economy Watchers Sentiment,JPY,2014-12-08T00:00:00Z,None,45.9,44.0,41.5,false,false
,Eurogroup Meetings,EUR,2014-12-08T00:00:00Z,None,,,,true,false
,German Industrial Production m/m,EUR,2014-12-08T02:00:00Z,None,0.2%,1.1%,0.2%,false,false
,CPI m/m,CHF,2014-12-08T03:15:00Z,None,0.0%,0.0%,0.0%,false,false
,Retail Sales y/y,CHF,2014-12-08T03:15:00Z,None,0.9%,0.5%,0.3%,false,false
,Sentix Investor Confidence,EUR,2014-12-08T04:30:00Z,None,-9.9,-11.9,-2.5,false,false
,Housing Starts,CAD,2014-12-08T08:13:00Z,None,201K,184K,196K,false,false
,Building Permits m/m,CAD,2014-12-08T08:30:00Z,High,2.1%,12.5%,0.7%,false,false
,Labor Market Conditions Index m/m,USD,2014-12-08T10:00:00Z,None,,3.9,2.9,false,false
,M2 Money Stock y/y,JPY,2014-12-08T18:50:00Z,None,3.2%,3.2%,3.6%,false,false
,BRC Retail Sales Monitor y/y,GBP,2014-12-08T19:01:00Z,None,,0.0%,0.9%,false,false
,NAB Business Confidence,AUD,2014-12-08T19:30:00Z,High,,5,1,false,false
,30-y Bond Auction,JPY,2014-12-08T22:45:00Z,None,,1.48|3.0,1.46|3.1,false,false
,ECOFIN Meetings,EUR,2014-12-09T00:00:00Z,None,,,,true,false
,Prelim Machine Tool Orders y/y,JPY,2014-12-09T01:00:00Z,None,,30.8%,36.6%,false,false
,Unemployment Rate,CHF,2014-12-09T01:45:00Z,None,3.2%,3.1%,3.1%,false,false
,German Trade Balance,EUR,2014-12-09T02:00:00Z,None,18.1B,18.6B,20.6B,false,false
,French Gov Budget Balance,EUR,2014-12-09T02:45:00Z,None,,-80.5B,-84.7B,false,false
,French Trade Balance,EUR,2014-12-09T02:45:00Z,None,-4.5B,-4.7B,-4.6B,false,false
,Manufacturing Production m/m,GBP,2014-12-09T04:30:00Z,High,0.2%,0.6%,-0.7%,false,false
,Industrial Production m/m,GBP,2014-12-09T04:30:00Z,None,0.3%,0.7%,-0.1%,false,false
,30-y Bond Auction,GBP,2014-12-09T05:34:00Z,None,,3.04|2.0,2.70|1.8,false,false
,NFIB Small Business Index,USD,2014-12-09T07:30:00Z,None,96.6,96.1,98.1,false,false
,NIESR GDP Estimate,GBP,2014-12-09T10:00:00Z,None,,0.7%,0.7%,false,false
,JOLTS Job Openings,USD,2014-12-09T10:00:00Z,None,4.81M,4.69M,4.83M,false,false
,Final Wholesale Inventories m/m,USD,2014-12-09T10:00:00Z,None,0.1%,0.4%,0.4%,false,false
,RCM/TIPP Economic Optimism,USD,2014-12-09T10:00:00Z,None,47.2,46.4,48.4,false,false
,REINZ HPI m/m,NZD,2014-12-09T16:05:00Z,None,,1.4%,3.3%,false,false
,Westpac Consumer Sentiment,AUD,2014-12-09T18:30:00Z,None,,1.9%,-5.7%,false,false
,BSI Manufacturing Index,JPY,2014-12-09T18:50:00Z,None,13.1,12.7,8.1,false,false
,PPI y/y,JPY,2014-12-09T18:50:00Z,None,2.7%,2.9%,2.7%,false,false
,Home Loans m/m,AUD,2014-12-09T19:30:00Z,None,0.1%,-0.4%,0.3%,false,false
,CPI y/y,CNY,2014-12-09T20:30:00Z,High,1.6%,1.6%,1.4%,false,false
,PPI y/y,CNY,2014-12-09T20:30:00Z,None,-2.3%,-2.2%,-2.7%,false,false
,Consumer Confidence,JPY,2014-12-10T00:00:00Z,None,39.6,38.9,37.7,false,false
,French Final Private Payrolls q/q,EUR,2014-12-10T01:30:00Z,None,-0.2%,0.0%,-0.3%,false,false
,French Industrial Production m/m,EUR,2014-12-10T02:45:00Z,None,0.2%,0.0%,-0.8%,false,false
,Goods Trade Balance,GBP,2014-12-10T04:30:00Z,None,-9.5B,-10.5B,-9.6B,false,false
,BOC Financial System Review,CAD,2014-12-10T10:30:00Z,None,,,,false,false
,Crude Oil Inventories,USD,2014-12-10T10:30:00Z,None,-2.6M,-3.7M,1.5M,false,false
,Gov Council Member Wilkins Speaks,CAD,2014-12-10T11:15:00Z,None,,,,false,false
,10-y Bond Auction,USD,2014-12-10T13:01:00Z,None,,2.37|2.5,2.21|3.0,false,false
,Federal Budget Balance,USD,2014-12-10T14:00:00Z,None,-68.3B,-121.7B,-56.8B,false,false
,RBNZ Rate Statement,NZD,2014-12-10T15:00:00Z,High,,,,false,false
,Official Cash Rate,NZD,2014-12-10T15:00:00Z,High,3.50%,3.50%,3.50%,false,false
,RBNZ Press Conference,NZD,2014-12-10T15:00:00Z,High,,,,false,false
,RBNZ Monetary Policy Statement,NZD,2014-12-10T15:00:00Z,None,,,,false,false
,FPI m/m,NZD,2014-12-10T16:45:00Z,None,,0.0%,-0.5%,false,false
,Core Machinery Orders m/m,JPY,2014-12-10T18:50:00Z,None,-2.1%,2.9%,-6.4%,false,false
,Tertiary Industry Activity m/m,JPY,2014-12-10T18:50:00Z,None,-0.1%,1.3%,-0.2%,false,false
,MI Inflation Expectations,AUD,2014-12-10T19:00:00Z,None,,4.1%,3.4%,false,false
,RICS House Price Balance,GBP,2014-12-10T19:01:00Z,None,16%,20%,13%,false,false
,RBNZ Gov Wheeler Speaks,NZD,2014-12-10T19:10:00Z,High,,,,false,false
,Employment Change,AUD,2014-12-10T19:30:00Z,High,15.2K,13.7K,42.7K,false,false
,Unemployment Rate,AUD,2014-12-10T19:30:00Z,High,6.3%,6.2%,6.3%,false,false
,German Final CPI m/m,EUR,2014-12-11T02:00:00Z,None,0.0%,0.0%,0.0%,false,false
,French Final CPI m/m,EUR,2014-12-11T02:45:00Z,None,0.2%,0.0%,-0.2%,false,false
,Libor Rate,CHF,2014-12-11T03:30:00Z,High,<0.25%,<0.25%,<0.25%,false,false
,SNB Monetary Policy Assessment,CHF,2014-12-11T03:30:00Z,High,,,,false,false
,SNB Press Conference,CHF,2014-12-11T03:30:00Z,High,,,,false,false
,ECB Monthly Bulletin,EUR,2014-12-11T04:00:00Z,None,,,,false,false
,Italian Industrial Production m/m,EUR,2014-12-11T04:00:00Z,None,0.3%,-0.9%,-0.1%,false,false
,Long Term Refinancing Operation,EUR,2014-12-11T05:19:00Z,High,148.2B,82.6B,129.8B,false,false
,BOC Gov Poloz Speaks,CAD,2014-12-11T08:00:00Z,High,,,,false,false
,Unemployment Claims,USD,2014-12-11T08:30:00Z,High,299K,297K,294K,false,false
,Import Prices m/m,USD,2014-12-11T08:30:00Z,None,-1.7%,-1.2%,-1.5%,false,false
,Retail Sales m/m,USD,2014-12-11T08:30:00Z,High,0.4%,0.5%,0.7%,false,false
,Core Retail Sales m/m,USD,2014-12-11T08:30:00Z,High,0.1%,0.4%,0.5%,false,false
,Capacity Utilization Rate,CAD,2014-12-11T08:30:00Z,None,82.9%,82.8%,83.4%,false,false
,NHPI m/m,CAD,2014-12-11T08:30:00Z,None,0.2%,0.1%,0.1%,false,false
,Business Inventories m/m,USD,2014-12-11T10:00:00Z,None,0.2%,0.3%,0.2%,false,false
,Natural Gas Storage,USD,2014-12-11T10:30:00Z,None,-45B,-22B,-51B,false,false
,30-y Bond Auction,USD,2014-12-11T13:01:00Z,None,,3.09|2.3,2.85|2.8,false,false
,BusinessNZ Manufacturing Index,NZD,2014-12-11T16:30:00Z,None,,58.9,55.2,false,false
,Revised Industrial Production m/m,JPY,2014-12-11T23:33:00Z,None,0.2%,0.2%,0.4%,false,false
,Retail Sales y/y,CNY,2014-12-12T00:30:00Z,None,11.5%,11.5%,11.7%,false,false
,Industrial Production y/y,CNY,2014-12-12T00:30:00Z,High,7.6%,7.7%,7.2%,false,false
,Fixed Asset Investment ytd/y,CNY,2014-12-12T00:30:00Z,None,15.8%,15.9%,15.8%,false,false
,German WPI m/m,EUR,2014-12-12T02:00:00Z,None,0.3%,-0.6%,-0.7%,false,false
,New Loans,CNY,2014-12-12T03:02:00Z,None,660B,548B,853B,false,false
,M2 Money Supply y/y,CNY,2014-12-12T03:02:00Z,None,12.5%,12.6%,12.3%,false,false
,Construction Output m/m,GBP,2014-12-12T04:30:00Z,None,0.8%,2.2%,-2.2%,false,false
,CB Leading Index m/m,GBP,2014-12-12T05:00:00Z,None,,-0.3%,-0.3%,false,false
,Industrial Production m/m,EUR,2014-12-12T05:00:00Z,None,0.2%,0.5%,0.1%,false,false
,Final Employment Change q/q,EUR,2014-12-12T05:00:00Z,None,0.2%,0.3%,0.2%,false,false
,Core PPI m/m,USD,2014-12-12T08:30:00Z,None,0.1%,0.4%,0.0%,false,false
,PPI m/m,USD,2014-12-12T08:30:00Z,High,-0.1%,0.2%,-0.2%,false,false
,Prelim UoM Consumer Sentiment,USD,2014-12-12T09:55:00Z,High,89.6,88.8,93.8,false,false
,Prelim UoM Inflation Expectations,USD,2014-12-12T09:55:00Z,None,,2.8%,2.9%,false,false
,Lower House Elections,JPY,2014-12-14T00:00:00Z,High,,,,true,false
,BusinessNZ Services Index,NZD,2014-12-14T16:30:00Z,None,,57.6,54.8,false,false
,Rightmove HPI m/m,GBP,2014-12-14T18:16:00Z,None,,-1.7%,-3.3%,false,false
,Tankan Manufacturing Index,JPY,2014-12-14T18:50:00Z,None,13,13,12,false,false
,Tankan Non-Manufacturing Index,JPY,2014-12-14T18:50:00Z,None,14,13,16,false,false
,New Motor Vehicle Sales m/m,AUD,2014-12-14T19:30:00Z,None,,-1.8%,-0.6%,false,false
,Mid-Year Economic and Fiscal Outlook,AUD,2014-12-14T21:24:00Z,High,,,,false,false
,PPI m/m,CHF,2014-12-15T03:15:00Z,None,0.2%,-0.1%,-0.7%,false,false
,German Buba Monthly Report,EUR,2014-12-15T06:00:00Z,None,,,,false,false
,CBI Industrial Order Expectations,GBP,2014-12-15T06:00:00Z,None,3,3,5,false,false
,Empire State Manufacturing Index,USD,2014-12-15T08:30:00Z,None,12.1,10.2,-3.6,false,false
,Capacity Utilization Rate,USD,2014-12-15T09:15:00Z,None,79.4%,79.3%,80.1%,false,false
,Industrial Production m/m,USD,2014-12-15T09:15:00Z,None,0.8%,0.1%,1.3%,false,false
,NAHB Housing Market Index,USD,2014-12-15T10:00:00Z,None,59,58,57,false,false
,TIC Long-Term Purchases,USD,2014-12-15T16:00:00Z,None,72.8B,164.3B,-1.4B,false,false
,RBA Deputy Gov Debelle Speaks,AUD,2014-12-15T19:15:00Z,None,,,,false,false
,Monetary Policy Meeting Minutes,AUD,2014-12-15T19:30:00Z,High,,,,false,false
,Flash Manufacturing PMI,JPY,2014-12-15T20:35:00Z,None,52.3,52.0,52.1,false,false
,Caixin Flash Manufacturing PMI,CNY,2014-12-15T20:45:00Z,High,49.8,50.0,49.5,false,false
,Foreign Direct Investment ytd/y,CNY,2014-12-15T21:00:00Z,None,,-1.2%,0.7%,false,false
,Bank Stress Test Results,GBP,2014-12-16T02:00:00Z,High,,,,false,false
,BOE Financial Stability Report,GBP,2014-12-16T02:00:00Z,None,,,,false,false
,FPC Statement,GBP,2014-12-16T02:00:00Z,None,,,,false,false
,French Flash Manufacturing PMI,EUR,2014-12-16T03:00:00Z,High,48.7,48.4,47.9,false,false
,French Flash Services PMI,EUR,2014-12-16T03:00:00Z,None,48.6,47.9,49.8,false,false
,German Flash Services PMI,EUR,2014-12-16T03:30:00Z,None,52.6,52.1,51.4,false,false
,German Flash Manufacturing PMI,EUR,2014-12-16T03:30:00Z,High,50.4,49.5,51.2,false,false
,Italian Trade Balance,EUR,2014-12-16T04:00:00Z,None,1.97B,2.02B,5.40B,false,false
,Flash Services PMI,EUR,2014-12-16T04:00:00Z,None,51.6,51.1,51.9,false,false
,Flash Manufacturing PMI,EUR,2014-12-16T04:00:00Z,None,50.5,50.1,50.8,false,false
,BOE Gov Carney Speaks,GBP,2014-12-16T04:15:00Z,High,,,,false,false
,CPI y/y,GBP,2014-12-16T04:30:00Z,High,1.2%,1.3%,1.0%,false,false
,PPI Input m/m,GBP,2014-12-16T04:30:00Z,None,-1.1%,-1.5%,-1.0%,false,false
,RPI y/y,GBP,2014-12-16T04:30:00Z,None,2.2%,2.3%,2.0%,false,false
,Core CPI y/y,GBP,2014-12-16T04:30:00Z,None,1.5%,1.5%,1.2%,false,false
,ONS HPI y/y,GBP,2014-12-16T04:30:00Z,None,13.2%,12.1%,10.4%,false,false
,PPI Output m/m,GBP,2014-12-16T04:30:00Z,None,-0.3%,-0.3%,0.2%,false,false
,German ZEW Economic Sentiment,EUR,2014-12-16T05:00:00Z,High,19.8,11.5,34.9,false,false
,ZEW Economic Sentiment,EUR,2014-12-16T05:00:00Z,None,20.1,11.0,31.8,false,false
,Trade Balance,EUR,2014-12-16T05:00:00Z,None,18.2B,17.9B,19.4B,false,false
,Building Permits,USD,2014-12-16T08:30:00Z,High,1.06M,1.09M,1.04M,false,false
,Foreign Securities Purchases,CAD,2014-12-16T08:30:00Z,None,5.21B,4.64B,9.53B,false,false
,Manufacturing Sales m/m,CAD,2014-12-16T08:30:00Z,High,-0.4%,2.2%,-0.6%,false,false
,Housing Starts,USD,2014-12-16T08:30:00Z,None,1.04M,1.05M,1.03M,false,false
,Flash Manufacturing PMI,USD,2014-12-16T09:45:00Z,None,56.1,54.8,53.7,false,false
,GDT Price Index,NZD,2014-12-16T09:48:00Z,High,,-1.1%,2.4%,false,false
,Current Account,NZD,2014-12-16T16:45:00Z,None,-5.32B,-1.08B,-5.01B,false,false
,MI Leading Index m/m,AUD,2014-12-16T18:30:00Z,None,,0.1%,-0.1%,false,false
,Trade Balance,JPY,2014-12-16T18:50:00Z,None,-0.99T,-0.99T,-0.93T,false,false
,Greek Presidential Elections,EUR,2014-12-17T00:00:00Z,None,,,,true,false
,Average Earnings Index 3m/y,GBP,2014-12-17T04:30:00Z,High,1.3%,1.0%,1.4%,false,false
,Claimant Count Change,GBP,2014-12-17T04:30:00Z,High,-19.8K,-25.1K,-26.9K,false,false
,MPC Official Bank Rate Votes,GBP,2014-12-17T04:30:00Z,High,2-0-7,2-0-7,2-0-7,false,false
,Unemployment Rate,GBP,2014-12-17T04:30:00Z,None,5.9%,6.0%,6.0%,false,false
,MPC Asset Purchase Facility Votes,GBP,2014-12-17T04:30:00Z,None,0-0-9,0-0-9,0-0-9,false,false
,UBS Economic Expectations,CHF,2014-12-17T05:00:00Z,None,,-7.6,-4.9,false,false
,Final CPI y/y,EUR,2014-12-17T05:00:00Z,None,0.3%,0.3%,0.3%,false,false
,Final Core CPI y/y,EUR,2014-12-17T05:00:00Z,None,0.7%,0.7%,0.7%,false,false
,CPI y/y,USD,2014-12-17T08:30:00Z,High,1.4%,1.7%,1.3%,false,false
,Core CPI m/m,USD,2014-12-17T08:30:00Z,High,0.1%,0.2%,0.1%,false,false
,Core CPI y/y,USD,2014-12-17T08:30:00Z,High,1.8%,1.8%,1.7%,false,false
,CPI m/m,USD,2014-12-17T08:30:00Z,High,-0.1%,0.0%,-0.3%,false,false
,Wholesale Sales m/m,CAD,2014-12-17T08:30:00Z,High,0.9%,2.3%,0.1%,false,false
,Current Account,USD,2014-12-17T08:30:00Z,None,-98B,-98B,-100B,false,false
,SNB Quarterly Bulletin,CHF,2014-12-17T09:00:00Z,None,,,,false,false
,Crude Oil Inventories,USD,2014-12-17T10:30:00Z,None,-2.6M,1.5M,-0.8M,false,false
,FOMC Economic Projections,USD,2014-12-17T14:00:00Z,High,,,,false,false
,Federal Funds Rate,USD,2014-12-17T14:00:00Z,High,<0.25%,<0.25%,<0.25%,false,false
,FOMC Statement,USD,2014-12-17T14:00:00Z,High,,,,false,false
,FOMC Press Conference,USD,2014-12-17T14:30:00Z,High,,,,false,false
,GDP q/q,NZD,2014-12-17T16:45:00Z,High,0.7%,0.7%,1.0%,false,false
,RBA Bulletin,AUD,2014-12-17T19:30:00Z,None,,,,false,false
,EU Economic Summit,EUR,2014-12-18T00:00:00Z,None,,,,false,false
,SECO Economic Forecasts,CHF,2014-12-18T01:45:00Z,None,,,,false,false
,Libor Rate,CHF,2014-12-18T02:00:00Z,High,,<0.25%,-0.25%,false,false
,Trade Balance,CHF,2014-12-18T02:00:00Z,None,2.41B,3.23B,3.87B,false,false
,German ifo Business Climate,EUR,2014-12-18T04:00:00Z,High,105.6,104.7,105.5,false,false
,Retail Sales m/m,GBP,2014-12-18T04:30:00Z,High,0.3%,1.0%,1.6%,false,false
,Spanish 10-y Bond Auction,EUR,2014-12-18T04:46:00Z,None,,1.84|2.2,1.73|1.8,false,false
,Unemployment Claims,USD,2014-12-18T08:30:00Z,High,297K,295K,289K,false,false
,Flash Services PMI,USD,2014-12-18T09:45:00Z,None,57.1,56.2,53.6,false,false
,Philly Fed Manufacturing Index,USD,2014-12-18T10:00:00Z,High,26.3,40.8,24.5,false,false
,CB Leading Index m/m,USD,2014-12-18T10:00:00Z,None,0.6%,0.6%,0.6%,false,false
,Natural Gas Storage,USD,2014-12-18T10:30:00Z,None,-61B,-51B,-64B,false,false
,Visitor Arrivals m/m,NZD,2014-12-18T16:45:00Z,None,,3.5%,3.1%,false,false
,GfK Consumer Confidence,GBP,2014-12-18T18:37:00Z,None,-1,-2,-4,false,false
,ANZ Business Confidence,NZD,2014-12-18T19:00:00Z,None,,31.5,30.4,false,false
,Credit Card Spending y/y,NZD,2014-12-18T21:00:00Z,None,,6.8%,5.2%,false,false
,Monetary Policy Statement,JPY,2014-12-18T22:28:00Z,High,,,,false,false
,All Industries Activity m/m,JPY,2014-12-18T23:30:00Z,None,0.2%,1.4%,-0.1%,false,false
,EU Economic Summit,EUR,2014-12-19T00:00:00Z,None,,,,false,false
,BOJ Press Conference,JPY,2014-12-19T01:30:00Z,High,,,,false,false
,German GfK Consumer Climate,EUR,2014-12-19T02:00:00Z,None,8.9,8.7,9.0,false,false
,German PPI m/m,EUR,2014-12-19T02:00:00Z,None,-0.2%,-0.2%,0.0%,false,false
,Current Account,EUR,2014-12-19T04:00:00Z,None,27.8B,32.0B,20.5B,false,false
,Public Sector Net Borrowing,GBP,2014-12-19T04:30:00Z,None,14.8B,6.4B,13.4B,false,false
,CBI Realized Sales,GBP,2014-12-19T06:00:00Z,None,30,27,61,false,false
,Core CPI m/m,CAD,2014-12-19T08:30:00Z,High,0.1%,0.3%,-0.2%,false,false
,Core Retail Sales m/m,CAD,2014-12-19T08:30:00Z,High,0.2%,0.0%,0.2%,false,false
,CPI m/m,CAD,2014-12-19T08:30:00Z,None,-0.2%,0.1%,-0.4%,false,false
,Retail Sales m/m,CAD,2014-12-19T08:30:00Z,None,-0.4%,0.8%,0.0%,false,false
,Westpac Consumer Sentiment,NZD,2014-12-21T16:00:00Z,None,,116.7,114.8,false,false
,Bank Holiday,JPY,2014-12-22T00:00:00Z,None,,,,true,false
,BOJ Monthly Report,JPY,2014-12-22T00:00:00Z,None,,,,false,false
,German Import Prices m/m,EUR,2014-12-22T02:00:00Z,None,-0.6%,-0.3%,-0.8%,false,false
,FPC Meeting Minutes,GBP,2014-12-22T04:30:00Z,None,,,,false,false
,Consumer Confidence,EUR,2014-12-22T10:00:00Z,None,-11,-12,-11,false,false
,Existing Home Sales,USD,2014-12-22T10:00:00Z,None,5.21M,5.25M,4.93M,false,false
,Trade Balance,NZD,2014-12-22T16:45:00Z,High,-550M,-911M,-213M,false,false
,CB Leading Index m/m,CNY,2014-12-22T21:00:00Z,None,,0.8%,0.9%,false,false
,Greek Presidential Elections,EUR,2014-12-23T00:00:00Z,None,,,,true,false
,French Consumer Spending m/m,EUR,2014-12-23T02:45:00Z,None,0.2%,-0.8%,0.4%,false,false
,Italian Retail Sales m/m,EUR,2014-12-23T04:00:00Z,None,0.2%,0.0%,0.0%,false,false
,Index of Services 3m/3m,GBP,2014-12-23T04:30:00Z,None,0.7%,0.8%,0.7%,false,false
,High Street Lending,GBP,2014-12-23T04:30:00Z,None,37.3K,37.2K,36.7K,false,false
,Final GDP q/q,GBP,2014-12-23T04:30:00Z,None,0.7%,0.7%,0.7%,false,false
,Revised Business Investment q/q,GBP,2014-12-23T04:30:00Z,None,-0.7%,-0.7%,-1.4%,false,false
,Current Account,GBP,2014-12-23T04:30:00Z,High,-21.1B,-24.3B,-27.0B,false,false
,GDP m/m,CAD,2014-12-23T08:30:00Z,High,0.1%,0.4%,0.3%,false,false
,Core Durable Goods Orders m/m,USD,2014-12-23T08:30:00Z,High,1.1%,-1.1%,-0.4%,false,false
,Final GDP q/q,USD,2014-12-23T08:30:00Z,High,4.3%,3.9%,5.0%,false,false
,Durable Goods Orders m/m,USD,2014-12-23T08:30:00Z,None,3.0%,0.3%,-0.7%,false,false
,Final GDP Price Index q/q,USD,2014-12-23T08:30:00Z,None,1.4%,1.4%,1.4%,false,false
,Belgian NBB Business Climate,EUR,2014-12-23T09:00:00Z,None,-5.8,-6.1,-6.9,false,false
,HPI m/m,USD,2014-12-23T09:00:00Z,None,0.3%,0.0%,0.6%,false,false
,Revised UoM Consumer Sentiment,USD,2014-12-23T09:55:00Z,None,93.5,93.8,93.6,false,false
,Revised UoM Inflation Expectations,USD,2014-12-23T09:55:00Z,None,,2.9%,2.8%,false,false
,Richmond Manufacturing Index,USD,2014-12-23T09:59:00Z,None,8,4,7,false,false
,New Home Sales,USD,2014-12-23T10:00:00Z,High,461K,445K,438K,false,false
,Core PCE Price Index m/m,USD,2014-12-23T10:00:00Z,None,0.1%,0.2%,0.0%,false,false
,Personal Spending m/m,USD,2014-12-23T10:00:00Z,None,0.5%,0.3%,0.6%,false,false
,Personal Income m/m,USD,2014-12-23T10:00:00Z,None,0.6%,0.3%,0.4%,false,false
,CB Leading Index m/m,AUD,2014-12-23T18:00:00Z,None,,-0.6%,-0.2%,false,false
,Bank Holiday,NZD,2014-12-24T00:00:00Z,None,,,,true,false
,German Bank Holiday,EUR,2014-12-24T00:00:00Z,None,,,,true,false
,Bank Holiday,AUD,2014-12-24T00:00:00Z,None,,,,true,false
,KOF Economic Barometer,CHF,2014-12-24T03:00:00Z,None,99.2,98.9,98.7,false,false
,Unemployment Claims,USD,2014-12-24T08:30:00Z,High,291K,289K,280K,false,false
,Crude Oil Inventories,USD,2014-12-24T10:30:00Z,None,-2.4M,-0.8M,7.3M,false,false
,Natural Gas Storage,USD,2014-12-24T12:00:00Z,None,-81B,-64B,-49B,false,false
,Monetary Policy Meeting Minutes,JPY,2014-12-24T18:50:00Z,None,,,,false,false
,SPPI y/y,JPY,2014-12-24T18:50:00Z,None,3.5%,3.6%,3.6%,false,false
,BOJ Gov Kuroda Speaks,JPY,2014-12-24T22:45:00Z,High,,,,false,false
,Bank Holiday,AUD,2014-12-25T00:00:00Z,None,,,,true,false
,Bank Holiday,CHF,2014-12-25T00:00:00Z,None,,,,true,false
,Italian Bank Holiday,EUR,2014-12-25T00:00:00Z,None,,,,true,false
,French Bank Holiday,EUR,2014-12-25T00:00:00Z,None,,,,true,false
,German Bank Holiday,EUR,2014-12-25T00:00:00Z,None,,,,true,false
,Bank Holiday,GBP,2014-12-25T00:00:00Z,None,,,,true,false
,Bank Holiday,CAD,2014-12-25T00:00:00Z,None,,,,true,false
,Bank Holiday,USD,2014-12-25T00:00:00Z,None,,,,true,false
,Bank Holiday,NZD,2014-12-25T00:00:00Z,None,,,,true,false
,Housing Starts y/y,JPY,2014-12-25T00:00:00Z,None,-12.6%,-12.3%,-14.3%,false,false
,Household Spending y/y,JPY,2014-12-25T18:30:00Z,None,-3.5%,-4.0%,-2.5%,false,false
,Tokyo Core CPI y/y,JPY,2014-12-25T18:30:00Z,None,2.3%,2.4%,2.3%,false,false
,National Core CPI y/y,JPY,2014-12-25T18:30:00Z,None,2.7%,2.9%,2.7%,false,false
,Unemployment Rate,JPY,2014-12-25T18:30:00Z,None,3.5%,3.5%,3.5%,false,false
,Prelim Industrial Production m/m,JPY,2014-12-25T18:50:00Z,None,1.0%,0.4%,-0.6%,false,false
,Retail Sales y/y,JPY,2014-12-25T18:50:00Z,None,1.2%,1.4%,0.4%,false,false
,Average Cash Earnings y/y,JPY,2014-12-25T20:30:00Z,None,0.5%,0.2%,-1.5%,false,false
,Bank Holiday,CHF,2014-12-26T00:00:00Z,None,,,,true,false
,Italian Bank Holiday,EUR,2014-12-26T00:00:00Z,None,,,,true,false
,German Bank Holiday,EUR,2014-12-26T00:00:00Z,None,,,,true,false
,Bank Holiday,GBP,2014-12-26T00:00:00Z,None,,,,true,false
,Bank Holiday,CAD,2014-12-26T00:00:00Z,None,,,,true,false
,Greek Presidential Elections,EUR,2014-12-29T00:00:00Z,High,,,,true,false
,UBS Consumption Indicator,CHF,2014-12-29T02:00:00Z,None,,1.32,1.29,false,false
,Bank Holiday,JPY,2014-12-30T00:00:00Z,None,,,,true,false
,Nationwide HPI m/m,GBP,2014-12-30T02:00:00Z,None,0.3%,0.3%,0.2%,false,false
,Spanish Flash CPI y/y,EUR,2014-12-30T03:00:00Z,None,-0.7%,-0.4%,-1.1%,false,false
,M3 Money Supply y/y,EUR,2014-12-30T04:00:00Z,None,2.6%,2.5%,3.1%,false,false
,Private Loans y/y,EUR,2014-12-30T04:00:00Z,None,-0.9%,-1.1%,-0.9%,false,false
,Italian 10-y Bond Auction,EUR,2014-12-30T05:20:00Z,None,,2.08|1.6,1.89|1.3,false,false
,S&P/CS Composite-20 HPI y/y,USD,2014-12-30T09:00:00Z,None,4.4%,4.8%,4.5%,false,false
,CB Consumer Confidence,USD,2014-12-30T10:00:00Z,High,94.6,91.0,92.6,false,false
,Private Sector Credit m/m,AUD,2014-12-30T19:30:00Z,None,0.5%,0.6%,0.5%,false,false
,RatingDog Manufacturing PMI,CNY,2014-12-30T20:45:00Z,High,49.5,49.5,49.6,false,false
,Bank Holiday,NZD,2014-12-31T00:00:00Z,None,,,,true,false
,German Bank Holiday,EUR,2014-12-31T00:00:00Z,None,,,,true,false
,Bank Holiday,AUD,2014-12-31T00:00:00Z,None,,,,true,false
,Bank Holiday,CNY,2014-12-31T00:00:00Z,None,,,,true,false
,Bank Holiday,JPY,2014-12-31T00:00:00Z,None,,,,true,false
,Housing Equity Withdrawal q/q,GBP,2014-12-31T04:30:00Z,None,-9.2B,-10.6B,-10.9B,false,false
,Unemployment Claims,USD,2014-12-31T08:30:00Z,High,287K,281K,298K,false,false
,Chicago PMI,USD,2014-12-31T09:45:00Z,None,60.2,60.8,58.3,false,false
,Pending Home Sales m/m,USD,2014-12-31T10:00:00Z,None,0.6%,-1.2%,0.8%,false,false
,Crude Oil Inventories,USD,2014-12-31T10:30:00Z,None,0.2M,7.3M,-1.8M,false,false
,Natural Gas Storage,USD,2014-12-31T12:00:00Z,None,-37B,-49B,-26B,false,false
,Manufacturing PMI,CNY,2014-12-31T20:00:00Z,High,50.0,50.3,50.1,false,false
,Non-Manufacturing PMI,CNY,2014-12-31T20:09:00Z,None,,53.9,54.1,false,false
