id,title,currency,date,impact,forecast,previous,actual,all_day,tentative
,Bank Holiday,CHF,2007-01-01T00:00:00Z,None,,,,true,false
,German Bank Holiday,EUR,2007-01-01T00:00:00Z,None,,,,true,false
,Italian Bank Holiday,EUR,2007-01-01T00:00:00Z,None,,,,true,false
,French Bank Holiday,EUR,2007-01-01T00:00:00Z,None,,,,true,false
,Bank Holiday,GBP,2007-01-01T00:00:00Z,None,,,,true,false
,Bank Holiday,CAD,2007-01-01T00:00:00Z,None,,,,true,false
,Bank Holiday,USD,2007-01-01T00:00:00Z,None,,,,true,false
,Bank Holiday,NZD,2007-01-01T00:00:00Z,None,,,,true,false
,Bank Holiday,JPY,2007-01-01T00:00:00Z,None,,,,true,false
,AIG Manufacturing Index,AUD,2007-01-01T17:30:00Z,None,,54.4,52.4,false,false
,Bank Holiday,CNY,2007-01-01T19:00:00Z,None,,,,false,false
,RatingDog Manufacturing PMI,CNY,2007-01-01T21:30:00Z,None,,53.0,52.4,false,false
,Bank Holiday,CHF,2007-01-02T00:00:00Z,None,,,,true,false
,Bank Holiday,JPY,2007-01-02T00:00:00Z,None,,,,true,false
,Commodity Prices y/y,AUD,2007-01-02T00:30:00Z,None,,13.9%,11.0%,false,false
,Spanish Manufacturing PMI,EUR,2007-01-02T03:15:00Z,None,,56.1,57.2,false,false
,Italian Manufacturing PMI,EUR,2007-01-02T03:45:00Z,None,55.5,54.8,55.0,false,false
,Final Manufacturing PMI,EUR,2007-01-02T04:00:00Z,None,56.5,56.6,56.5,false,false
,Final Manufacturing PMI,GBP,2007-01-02T04:30:00Z,None,53.0,52.5,51.9,false,false
,Total Vehicle Sales,USD,2007-01-03T00:00:00Z,None,16.5M,16.1M,16.7M,true,false
,Spanish Unemployment Change,EUR,2007-01-03T03:00:00Z,None,,30.3K,-0.3K,false,false
,Manufacturing PMI,CHF,2007-01-03T03:30:00Z,None,66.0,67.0,65.0,false,false
,German Unemployment Change,EUR,2007-01-03T03:55:00Z,None,-110K,-90K,-96K,false,false
,Construction PMI,GBP,2007-01-03T04:30:00Z,None,54.5,54.8,57.5,false,false
,German 10-y Bond Auction,EUR,2007-01-03T05:09:00Z,None,,3.72|1.6,3.94|1.8,false,false
,ADP Non-Farm Employment Change,USD,2007-01-03T08:15:00Z,None,120K,230K,-40K,false,false
,ISM Manufacturing PMI,USD,2007-01-03T10:00:00Z,High,51.0,49.5,51.4,false,false
,Construction Spending m/m,USD,2007-01-03T10:00:00Z,None,-0.6%,-1.0%,-0.2%,false,false
,ISM Manufacturing Prices,USD,2007-01-03T10:00:00Z,None,54.0,53.5,47.5,false,false
,FOMC Meeting Minutes,USD,2007-01-03T14:00:00Z,High,,,,false,false
,Trade Balance,NZD,2007-01-03T16:45:00Z,High,-976M,-1174M,-785M,false,false
,AIG Services Index,AUD,2007-01-03T17:30:00Z,None,,48.5,49.5,false,false
,CPI m/m,CHF,2007-01-04T01:45:00Z,High,0.1%,0.0%,0.0%,false,false
,Spanish Services PMI,EUR,2007-01-04T03:15:00Z,None,,60.4,58.1,false,false
,Italian Services PMI,EUR,2007-01-04T03:45:00Z,None,56.2,56.2,55.0,false,false
,Final Services PMI,EUR,2007-01-04T04:00:00Z,None,57.5,57.6,57.2,false,false
,Final Services PMI,GBP,2007-01-04T04:30:00Z,None,60.0,59.8,60.6,false,false
,Mortgage Approvals,GBP,2007-01-04T04:30:00Z,None,120K,128K,129K,false,false
,Net Lending to Individuals m/m,GBP,2007-01-04T04:30:00Z,None,11.0B,10.8B,10.9B,false,false
,French 10-y Bond Auction,EUR,2007-01-04T04:55:00Z,None,,3.74|2.4,3.97|2.4,false,false
,CPI Flash Estimate y/y,EUR,2007-01-04T05:00:00Z,None,1.9%,1.9%,1.9%,false,false
,Italian Prelim CPI m/m,EUR,2007-01-04T05:00:00Z,None,0.1%,0.2%,0.1%,false,false
,GfK Consumer Confidence,GBP,2007-01-04T05:30:00Z,None,-6,-7,-8,false,false
,MPC Member Blanchflower Speaks,GBP,2007-01-04T07:30:00Z,None,,,,false,false
,Challenger Job Cuts y/y,USD,2007-01-04T07:30:00Z,None,,-22.7%,-49.3%,false,false
,RMPI m/m,CAD,2007-01-04T08:30:00Z,None,1.0%,-2.8%,0.9%,false,false
,IPPI m/m,CAD,2007-01-04T08:30:00Z,None,0.5%,-0.1%,0.0%,false,false
,Unemployment Claims,USD,2007-01-04T08:30:00Z,None,318K,317K,329K,false,false
,ISM Services PMI,USD,2007-01-04T10:00:00Z,High,58.0,58.9,57.1,false,false
,Pending Home Sales m/m,USD,2007-01-04T10:00:00Z,High,0.0%,-1.5%,-0.5%,false,false
,Factory Orders m/m,USD,2007-01-04T10:00:00Z,None,1.5%,-4.5%,0.9%,false,false
,Crude Oil Inventories,USD,2007-01-04T10:30:00Z,None,-2.0M,-8.1M,-1.3M,false,false
,Monetary Base y/y,JPY,2007-01-04T18:50:00Z,None,-23.5%,-22.3%,-20.0%,false,false
,Foreign Currency Reserves,CHF,2007-01-05T03:00:00Z,None,,46B,46B,false,false
,Lloyds HPI m/m,GBP,2007-01-05T03:00:00Z,High,1.0%,1.6%,-1.0%,false,false
,Retail PMI,EUR,2007-01-05T04:00:00Z,None,,53.7,52.1,false,false
,Consumer Confidence,EUR,2007-01-05T05:00:00Z,None,-7,-7,-6,false,false
,PPI m/m,EUR,2007-01-05T05:00:00Z,None,0.1%,0.0%,0.0%,false,false
,Retail Sales m/m,EUR,2007-01-05T05:00:00Z,None,0.5%,0.3%,0.5%,false,false
,Unemployment Rate,EUR,2007-01-05T05:00:00Z,None,7.6%,7.7%,7.6%,false,false
,Employment Change,CAD,2007-01-05T07:00:00Z,High,17.0K,22.0K,62.0K,false,false
,Unemployment Rate,CAD,2007-01-05T07:00:00Z,High,6.3%,6.3%,6.1%,false,false
,Non-Farm Employment Change,USD,2007-01-05T08:30:00Z,High,115K,132K,167K,false,false
,Unemployment Rate,USD,2007-01-05T08:30:00Z,High,4.5%,4.5%,4.5%,false,false
,Average Hourly Earnings m/m,USD,2007-01-05T08:30:00Z,None,0.3%,0.3%,0.5%,false,false
,Ivey PMI,CAD,2007-01-05T10:00:00Z,High,50.5,52.8,49.4,false,false
,Natural Gas Storage,USD,2007-01-05T10:30:00Z,None,-60B,-46B,-47B,false,false
,Fed Chairman Bernanke Speaks,USD,2007-01-05T13:45:00Z,None,,,,false,false
,Bank Holiday,JPY,2007-01-07T00:00:00Z,None,,,,true,false
,AIG Construction Index,AUD,2007-01-07T17:30:00Z,None,,47.6,52.1,false,false
,Building Approvals m/m,AUD,2007-01-07T19:30:00Z,High,2.0%,-6.8%,4.1%,false,false
,ANZ Job Advertisements m/m,AUD,2007-01-07T19:30:00Z,None,,-3.8%,12.1%,false,false
,Unemployment Rate,CHF,2007-01-08T01:45:00Z,None,3.1%,3.1%,3.1%,false,false
,German Retail Sales m/m,EUR,2007-01-08T02:00:00Z,None,0.6%,-0.5%,-0.3%,false,false
,German Factory Orders m/m,EUR,2007-01-08T06:00:00Z,None,1.5%,-0.7%,1.5%,false,false
,BOC Business Outlook Survey,CAD,2007-01-08T10:30:00Z,High,,,,false,false
,FOMC Member Kohn Speaks,USD,2007-01-08T12:45:00Z,None,,,,false,false
,Consumer Credit m/m,USD,2007-01-08T15:00:00Z,None,5.4B,-1.3B,12.3B,false,false
,BRC Retail Sales Monitor y/y,GBP,2007-01-08T19:01:00Z,None,,0.5%,2.5%,false,false
,Retail Sales m/m,AUD,2007-01-08T19:30:00Z,High,0.3%,0.8%,0.2%,false,false
,German Trade Balance,EUR,2007-01-09T02:00:00Z,None,15.3B,17.2B,19.3B,false,false
,German Industrial Production m/m,EUR,2007-01-09T06:00:00Z,None,1.0%,-0.8%,1.8%,false,false
,NFIB Small Business Index,USD,2007-01-09T07:30:00Z,None,,99.7,96.5,false,false
,Housing Starts,CAD,2007-01-09T08:15:00Z,High,230K,229K,212K,false,false
,RCM/TIPP Economic Optimism,USD,2007-01-09T10:00:00Z,None,53.7,53.5,53.7,false,false
,Westpac Consumer Sentiment,AUD,2007-01-09T18:30:00Z,None,,11.8%,7.3%,false,false
,Nationwide Consumer Confidence,GBP,2007-01-09T19:01:00Z,None,89,89,83,false,false
,Goods Trade Balance,AUD,2007-01-09T19:30:00Z,None,-0.73B,-1.51,-0.84B,false,false
,10-y Bond Auction,JPY,2007-01-09T22:45:00Z,None,,1.64|2.3,1.73|2.5,false,false
,German WPI m/m,EUR,2007-01-10T02:00:00Z,None,0.2%,0.1%,0.0%,false,false
,French Industrial Production m/m,EUR,2007-01-10T02:45:00Z,None,0.7%,0.0%,-0.2%,false,false
,French Gov Budget Balance,EUR,2007-01-10T02:45:00Z,None,,-48.2B,-54.9B,false,false
,French Trade Balance,EUR,2007-01-10T02:45:00Z,None,-2.3B,-2.8B,-2.8B,false,false
,Goods Trade Balance,GBP,2007-01-10T04:30:00Z,None,-6.45B,-6.33B,-7.2B,false,false
,BRC Shop Price Index y/y,GBP,2007-01-10T05:30:00Z,None,,1.8%,2.3%,false,false
,Building Permits m/m,CAD,2007-01-10T08:30:00Z,None,2.0%,7.8%,3.0%,false,false
,Trade Balance,CAD,2007-01-10T08:30:00Z,None,3.7B,3.8B,4.7B,false,false
,NHPI m/m,CAD,2007-01-10T08:30:00Z,None,0.3%,0.2%,0.5%,false,false
,Trade Balance,USD,2007-01-10T08:30:00Z,High,-60.0B,-58.9B,-58.2B,false,false
,Final Wholesale Inventories m/m,USD,2007-01-10T10:00:00Z,None,0.4%,0.4%,1.3%,false,false
,JOLTS Job Openings,USD,2007-01-10T10:00:00Z,None,,4.25M,4.24M,false,false
,Crude Oil Inventories,USD,2007-01-10T10:30:00Z,None,-1.5M,-1.3M,-5.0M,false,false
,MI Inflation Expectations,AUD,2007-01-10T16:30:00Z,None,,3.5%,3.5%,false,false
,Employment Change,AUD,2007-01-10T19:30:00Z,High,12.0K,43.0K,44.6K,false,false
,Unemployment Rate,AUD,2007-01-10T19:30:00Z,None,4.8%,4.6%,4.6%,false,false
,USD-Denominated Trade Balance,CNY,2007-01-10T20:35:00Z,High,21.6B,22.9B,21.0B,false,false
,Leading Indicators,JPY,2007-01-11T00:00:00Z,None,20.0%,54.5%,20.0%,false,false
,Prelim Machine Tool Orders y/y,JPY,2007-01-11T01:00:00Z,None,,4.9%,-2.4%,false,false
,Manufacturing Production m/m,GBP,2007-01-11T04:30:00Z,High,0.2%,-0.3%,0.3%,false,false
,Industrial Production m/m,GBP,2007-01-11T04:30:00Z,None,0.2%,-0.6%,0.5%,false,false
,Final GDP q/q,EUR,2007-01-11T05:00:00Z,None,0.5%,0.5%,0.5%,false,false
,MPC Rate Statement,GBP,2007-01-11T07:00:00Z,High,,,,false,false
,Official Bank Rate,GBP,2007-01-11T07:00:00Z,High,5.00%,5.00%,5.25%,false,false
,Main Refinancing Rate,EUR,2007-01-11T07:45:00Z,None,3.50%,3.50%,3.50%,false,false
,FOMC Member Geithner Speaks,USD,2007-01-11T08:00:00Z,None,,,,false,false
,ECB Press Conference,EUR,2007-01-11T08:30:00Z,High,,,,false,false
,Unemployment Claims,USD,2007-01-11T08:30:00Z,None,320K,329K,299K,false,false
,CB Leading Index m/m,GBP,2007-01-11T10:30:00Z,None,,0.0%,0.1%,false,false
,Natural Gas Storage,USD,2007-01-11T10:30:00Z,None,-45B,-47B,-49B,false,false
,Building Consents m/m,NZD,2007-01-11T16:45:00Z,None,,-3.6%,-12.0%,false,false
,Bank Lending y/y,JPY,2007-01-11T18:50:00Z,None,,1.2%,1.7%,false,false
,M2 Money Stock y/y,JPY,2007-01-11T18:50:00Z,None,0.8%,0.7%,0.8%,false,false
,NIESR GDP Estimate,GBP,2007-01-11T19:01:00Z,None,,0.6%,0.7%,false,false
,Economy Watchers Sentiment,JPY,2007-01-12T00:00:00Z,None,49.8,48.9,48.9,false,false
,French Final CPI m/m,EUR,2007-01-12T02:45:00Z,None,0.1%,0.1%,0.2%,false,false
,Core Retail Sales m/m,USD,2007-01-12T08:30:00Z,High,0.5%,1.1%,1.0%,false,false
,Retail Sales m/m,USD,2007-01-12T08:30:00Z,High,0.6%,1.0%,0.9%,false,false
,Import Prices m/m,USD,2007-01-12T08:30:00Z,None,0.5%,0.2%,1.1%,false,false
,Business Inventories m/m,USD,2007-01-12T10:00:00Z,None,0.4%,0.2%,0.4%,false,false
,Federal Budget Balance,USD,2007-01-12T14:00:00Z,None,25.6B,-75.6B,44.5B,false,false
,MI Inflation Gauge m/m,AUD,2007-01-14T18:30:00Z,None,,0.2%,0.3%,false,false
,Core Machinery Orders m/m,JPY,2007-01-14T18:50:00Z,None,4.2%,2.8%,3.8%,false,false
,Home Loans m/m,AUD,2007-01-14T19:30:00Z,None,0.0%,-0.2%,-0.6%,false,false
,New Loans,CNY,2007-01-14T21:00:00Z,None,,194B,214B,false,false
,M2 Money Supply y/y,CNY,2007-01-14T21:00:00Z,None,16.7%,16.8%,16.9%,false,false
,Bank Holiday,USD,2007-01-15T00:00:00Z,None,,,,true,false
,Italian Industrial Production m/m,EUR,2007-01-15T04:00:00Z,None,0.3%,0.6%,-0.3%,false,false
,Foreign Direct Investment ytd/y,CNY,2007-01-15T04:15:00Z,None,,2.1%,4.2%,false,false
,Sentix Investor Confidence,EUR,2007-01-15T04:30:00Z,None,30.2,29.1,29.5,false,false
,PPI Input m/m,GBP,2007-01-15T04:30:00Z,High,0.2%,0.1%,0.1%,false,false
,ONS HPI y/y,GBP,2007-01-15T04:30:00Z,None,9.1%,8.6%,8.9%,false,false
,PPI Output m/m,GBP,2007-01-15T04:30:00Z,None,0.0%,0.0%,0.2%,false,false
,Industrial Production m/m,EUR,2007-01-15T05:00:00Z,None,0.6%,-0.2%,0.2%,false,false
,New Motor Vehicle Sales m/m,CAD,2007-01-15T08:30:00Z,None,3.0%,-1.9%,3.0%,false,false
,NZIER Business Confidence,NZD,2007-01-15T16:00:00Z,High,,-19,3,false,false
,PPI y/y,JPY,2007-01-15T18:50:00Z,None,2.5%,2.7%,2.5%,false,false
,RICS House Price Balance,GBP,2007-01-15T19:01:00Z,None,46%,47%,37%,false,false
,Revised Industrial Production m/m,JPY,2007-01-15T23:30:00Z,None,0.7%,0.7%,0.8%,false,false
,CPI y/y,GBP,2007-01-16T04:30:00Z,High,2.8%,2.7%,3.0%,false,false
,Core CPI y/y,GBP,2007-01-16T04:30:00Z,None,1.7%,1.6%,1.8%,false,false
,RPI y/y,GBP,2007-01-16T04:30:00Z,None,4.2%,3.9%,4.4%,false,false
,German ZEW Economic Sentiment,EUR,2007-01-16T05:00:00Z,None,-12.0,-19.0,-3.6,false,false
,ZEW Economic Sentiment,EUR,2007-01-16T05:00:00Z,None,-5.0,-3.0,-1.8,false,false
,MPC Member Sentance Speaks,GBP,2007-01-16T07:00:00Z,None,,,,false,false
,Empire State Manufacturing Index,USD,2007-01-16T08:30:00Z,None,18.0,23.1,9.1,false,false
,BOC Rate Statement,CAD,2007-01-16T09:00:00Z,High,,,,false,false
,Overnight Rate,CAD,2007-01-16T09:00:00Z,High,4.25%,4.25%,4.25%,false,false
,CPI q/q,NZD,2007-01-16T16:45:00Z,High,-0.1%,0.7%,-0.2%,false,false
,FPI m/m,NZD,2007-01-16T16:45:00Z,None,,0.1%,-0.5%,false,false
,MI Leading Index m/m,AUD,2007-01-16T18:30:00Z,None,,0.5%,0.5%,false,false
,Current Account,JPY,2007-01-16T18:50:00Z,None,2.10T,2.02T,1.95T,false,false
,Consumer Confidence,JPY,2007-01-17T00:00:00Z,None,48.0,48.7,45.9,false,false
,German Final CPI m/m,EUR,2007-01-17T02:00:00Z,None,0.8%,0.8%,0.8%,false,false
,Claimant Count Change,GBP,2007-01-17T04:30:00Z,High,-5.0K,-7.9K,-5.5K,false,false
,Average Earnings Index 3m/y,GBP,2007-01-17T04:30:00Z,None,4.2%,4.1%,4.1%,false,false
,Unemployment Rate,GBP,2007-01-17T04:30:00Z,None,5.5%,5.5%,5.5%,false,false
,Final Core CPI y/y,EUR,2007-01-17T05:00:00Z,None,1.5%,1.5%,1.5%,false,false
,Final CPI y/y,EUR,2007-01-17T05:00:00Z,None,1.9%,1.9%,1.9%,false,false
,Trade Balance,EUR,2007-01-17T05:00:00Z,None,2.5B,2.4B,4.5B,false,false
,PPI m/m,USD,2007-01-17T08:30:00Z,High,0.6%,2.0%,0.9%,false,false
,Core PPI m/m,USD,2007-01-17T08:30:00Z,None,0.1%,1.3%,0.2%,false,false
,TIC Long-Term Purchases,USD,2007-01-17T09:00:00Z,High,82.5B,89.3B,68.4B,false,false
,Capacity Utilization Rate,USD,2007-01-17T09:15:00Z,None,81.8%,81.6%,81.8%,false,false
,Industrial Production m/m,USD,2007-01-17T09:15:00Z,None,0.1%,-0.1%,0.4%,false,false
,FOMC Member Mishkin Speaks,USD,2007-01-17T13:00:00Z,None,,,,false,false
,NAHB Housing Market Index,USD,2007-01-17T13:00:00Z,None,33,33,35,false,false
,Beige Book,USD,2007-01-17T14:00:00Z,None,,,,false,false
,Tertiary Industry Activity m/m,JPY,2007-01-17T18:50:00Z,None,0.0%,2.1%,-0.3%,false,false
,RBA Bulletin,AUD,2007-01-17T19:30:00Z,None,,,,false,false
,30-y Bond Auction,JPY,2007-01-17T22:45:00Z,None,,2.52|3.0,2.38|3.3,false,false
,Overnight Call Rate,JPY,2007-01-17T23:00:00Z,High,0.50%,0.25%,0.25%,false,false
,BOJ Monthly Report,JPY,2007-01-18T01:00:00Z,None,,,,false,false
,BOJ Press Conference,JPY,2007-01-18T01:30:00Z,None,,,,false,false
,Retail Sales y/y,CHF,2007-01-18T03:15:00Z,None,1.6%,0.6%,3.3%,false,false
,Italian Trade Balance,EUR,2007-01-18T04:00:00Z,None,-1.12B,-0.86B,-0.92B,false,false
,Spanish 10-y Bond Auction,EUR,2007-01-18T04:37:00Z,None,,3.99|1.8,4.10|2.3,false,false
,UBS Economic Expectations,CHF,2007-01-18T05:00:00Z,None,,-23.7,-10.8,false,false
,ECB Monthly Bulletin,EUR,2007-01-18T05:00:00Z,None,,,,false,false
,MPC Member Besley Speaks,GBP,2007-01-18T06:00:00Z,None,,,,false,false
,Foreign Securities Purchases,CAD,2007-01-18T08:30:00Z,None,-2.48B,-4.18B,11.00B,false,false
,Manufacturing Sales m/m,CAD,2007-01-18T08:30:00Z,None,2.0%,0.2%,2.3%,false,false
,Core CPI m/m,USD,2007-01-18T08:30:00Z,High,0.2%,0.0%,0.2%,false,false
,Core CPI y/y,USD,2007-01-18T08:30:00Z,High,2.6%,2.6%,2.6%,false,false
,CPI y/y,USD,2007-01-18T08:30:00Z,High,2.3%,2.0%,2.5%,false,false
,Building Permits,USD,2007-01-18T08:30:00Z,None,1.53M,1.51M,1.60M,false,false
,CPI m/m,USD,2007-01-18T08:30:00Z,None,0.5%,0.0%,0.5%,false,false
,Housing Starts,USD,2007-01-18T08:30:00Z,None,1.57M,1.57M,1.64M,false,false
,Unemployment Claims,USD,2007-01-18T08:30:00Z,None,315K,298K,290K,false,false
,Fed Chairman Bernanke Testifies,USD,2007-01-18T10:00:00Z,High,,,,false,false
,BOC Monetary Policy Report,CAD,2007-01-18T10:30:00Z,High,,,,false,false
,Crude Oil Inventories,USD,2007-01-18T10:30:00Z,None,0.1M,-5.0M,6.8M,false,false
,Natural Gas Storage,USD,2007-01-18T10:30:00Z,None,-79B,-49B,-89B,false,false
,BOC Press Conference,CAD,2007-01-18T11:15:00Z,High,,,,false,false
,Philly Fed Manufacturing Index,USD,2007-01-18T12:00:00Z,None,3.0,-4.3,8.3,false,false
,Core Retail Sales m/m,NZD,2007-01-18T16:45:00Z,High,0.1%,0.1%,-0.1%,false,false
,Retail Sales m/m,NZD,2007-01-18T16:45:00Z,High,0.0%,0.3%,-0.2%,false,false
,Import Prices q/q,AUD,2007-01-18T19:30:00Z,None,-1.5%,-0.3%,-3.2%,false,false
,Retail Sales m/m,GBP,2007-01-19T04:30:00Z,High,0.5%,0.2%,1.1%,false,false
,M4 Money Supply m/m,GBP,2007-01-19T04:30:00Z,None,0.6%,0.5%,0.9%,false,false
,Public Sector Net Borrowing,GBP,2007-01-19T04:30:00Z,None,7.4B,11.2B,7.2B,false,false
,Wholesale Sales m/m,CAD,2007-01-19T08:30:00Z,None,0.5%,-0.4%,0.1%,false,false
,Prelim UoM Consumer Sentiment,USD,2007-01-19T10:00:00Z,High,92.5,91.7,98.0,false,false
,Prelim UoM Inflation Expectations,USD,2007-01-19T10:00:00Z,None,,2.9%,3.0%,false,false
,Rightmove HPI m/m,GBP,2007-01-21T19:01:00Z,None,,-0.3%,0.5%,false,false
,PPI q/q,AUD,2007-01-21T19:30:00Z,High,0.2%,1.0%,0.2%,false,false
,New Motor Vehicle Sales m/m,AUD,2007-01-21T19:30:00Z,None,,-0.7%,0.8%,false,false
,German PPI m/m,EUR,2007-01-22T02:00:00Z,None,0.1%,0.0%,0.0%,false,false
,PPI m/m,CHF,2007-01-22T03:15:00Z,None,0.1%,0.0%,0.0%,false,false
,German Buba Monthly Report,EUR,2007-01-22T06:00:00Z,None,,,,false,false
,French Consumer Spending m/m,EUR,2007-01-23T01:45:00Z,None,0.3%,0.9%,1.3%,false,false
,Industrial New Orders m/m,EUR,2007-01-23T05:00:00Z,None,1.0%,-0.5%,1.4%,false,false
,CBI Industrial Order Expectations,GBP,2007-01-23T06:00:00Z,None,-5,-5,-9,false,false
,Core CPI m/m,CAD,2007-01-23T07:00:00Z,High,0.0%,0.3%,-0.2%,false,false
,CPI m/m,CAD,2007-01-23T07:00:00Z,None,0.2%,0.2%,0.2%,false,false
,Core Retail Sales m/m,CAD,2007-01-23T08:30:00Z,High,0.5%,-0.8%,0.1%,false,false
,Retail Sales m/m,CAD,2007-01-23T08:30:00Z,None,0.9%,-0.8%,0.2%,false,false
,Leading Index m/m,CAD,2007-01-23T08:30:00Z,None,0.4%,0.5%,0.3%,false,false
,CB Leading Index m/m,USD,2007-01-23T10:00:00Z,None,0.2%,0.0%,0.3%,false,false
,Richmond Manufacturing Index,USD,2007-01-23T10:00:00Z,None,-8,-6,-11,false,false
,BOE Gov King Speaks,GBP,2007-01-23T14:00:00Z,None,,,,false,false
,CB Leading Index m/m,AUD,2007-01-23T18:00:00Z,None,,0.3%,0.2%,false,false
,Monetary Policy Meeting Minutes,JPY,2007-01-23T18:50:00Z,None,,,,false,false
,All Industries Activity m/m,JPY,2007-01-23T18:50:00Z,None,0.0%,1.7%,-0.2%,false,false
,CPI m/m,AUD,2007-01-23T19:30:00Z,High,0.2%,0.9%,-0.1%,false,false
,Trimmed Mean CPI m/m,AUD,2007-01-23T19:30:00Z,None,0.7%,0.7%,0.5%,false,false
,Credit Card Spending y/y,NZD,2007-01-23T20:00:00Z,None,,7.8%,10.1%,false,false
,WEF Annual Meetings,All,2007-01-24T00:00:00Z,None,,,,false,false
,MPC Official Bank Rate Votes,GBP,2007-01-24T04:30:00Z,High,8-0-1,0-0-9,5-0-4,false,false
,Prelim GDP q/q,GBP,2007-01-24T04:30:00Z,High,0.7%,0.7%,0.8%,false,false
,Index of Services 3m/3m,GBP,2007-01-24T04:30:00Z,None,0.9%,1.0%,1.0%,false,false
,German 30-y Bond Auction,EUR,2007-01-24T05:12:00Z,None,,4.23|1.5,4.11|1.2,false,false
,Belgian NBB Business Climate,EUR,2007-01-24T09:00:00Z,None,2.6,2.5,2.1,false,false
,Crude Oil Inventories,USD,2007-01-24T10:30:00Z,None,1.3M,6.8M,0.7M,false,false
,Official Cash Rate,NZD,2007-01-24T15:00:00Z,High,7.25%,7.25%,7.25%,false,false
,RBNZ Rate Statement,NZD,2007-01-24T15:00:00Z,High,,,,false,false
,BusinessNZ Manufacturing Index,NZD,2007-01-24T18:00:00Z,None,,55.1,54.2,false,false
,Trade Balance,JPY,2007-01-24T18:50:00Z,None,0.87T,0.98T,0.66T,false,false
,GDP q/y,CNY,2007-01-24T21:00:00Z,High,10.2%,10.6%,10.4%,false,false
,Industrial Production y/y,CNY,2007-01-24T21:00:00Z,High,15.0%,14.9%,14.7%,false,false
,CPI y/y,CNY,2007-01-24T21:00:00Z,None,1.9%,1.9%,2.8%,false,false
,Fixed Asset Investment ytd/y,CNY,2007-01-24T21:00:00Z,None,26.3%,26.6%,24.5%,false,false
,NBS Press Conference,CNY,2007-01-24T21:00:00Z,None,,,,false,false
,PPI y/y,CNY,2007-01-24T21:00:00Z,None,2.9%,2.8%,3.1%,false,false
,Retail Sales y/y,CNY,2007-01-24T21:00:00Z,None,14.3%,14.1%,14.6%,false,false
,WEF Annual Meetings,All,2007-01-25T00:00:00Z,None,,,,false,false
,Bank Holiday,AUD,2007-01-25T00:00:00Z,None,,,,true,false
,German GfK Consumer Climate,EUR,2007-01-25T02:00:00Z,None,8.6,8.5,4.8,false,false
,German ifo Business Climate,EUR,2007-01-25T04:00:00Z,High,108.9,108.7,107.9,false,false
,Current Account,EUR,2007-01-25T04:00:00Z,None,0.7B,1.8B,-2.0B,false,false
,Italian Retail Sales m/m,EUR,2007-01-25T05:00:00Z,None,0.1%,-0.1%,0.3%,false,false
,Unemployment Claims,USD,2007-01-25T08:30:00Z,None,310K,289K,325K,false,false
,Existing Home Sales,USD,2007-01-25T10:00:00Z,High,6.25M,6.27M,6.22M,false,false
,Natural Gas Storage,USD,2007-01-25T10:30:00Z,None,-174B,-89B,-179B,false,false
,RBNZ Gov Bollard Speaks,NZD,2007-01-25T18:00:00Z,None,,,,false,false
,Tokyo Core CPI y/y,JPY,2007-01-25T18:30:00Z,None,0.2%,0.2%,0.2%,false,false
,National Core CPI y/y,JPY,2007-01-25T18:30:00Z,None,0.2%,0.2%,0.1%,false,false
,SPPI y/y,JPY,2007-01-25T18:50:00Z,None,-0.1%,-0.1%,0.2%,false,false
,WEF Annual Meetings,All,2007-01-26T00:00:00Z,None,,,,false,false
,German Import Prices m/m,EUR,2007-01-26T02:00:00Z,None,0.1%,-0.4%,-0.3%,false,false
,Spanish Unemployment Rate,EUR,2007-01-26T03:00:00Z,None,8.2%,8.2%,8.3%,false,false
,UBS Consumption Indicator,CHF,2007-01-26T04:00:00Z,None,,1.89,1.90,false,false
,ECB President Trichet Speaks,EUR,2007-01-26T04:00:00Z,None,,,,false,false
,M3 Money Supply y/y,EUR,2007-01-26T04:00:00Z,None,9.2%,9.3%,9.7%,false,false
,Private Loans y/y,EUR,2007-01-26T04:00:00Z,None,10.9%,11.2%,10.7%,false,false
,High Street Lending,GBP,2007-01-26T04:30:00Z,None,,78.7K,45.5K,false,false
,Core Durable Goods Orders m/m,USD,2007-01-26T08:30:00Z,High,0.5%,-1.0%,2.3%,false,false
,Durable Goods Orders m/m,USD,2007-01-26T08:30:00Z,None,3.2%,2.2%,3.1%,false,false
,New Home Sales,USD,2007-01-26T10:00:00Z,High,1050K,1069K,1120K,false,false
,WEF Annual Meetings,All,2007-01-27T00:00:00Z,None,,,,false,false
,WEF Annual Meetings,All,2007-01-28T00:00:00Z,None,,,,false,false
,Retail Sales y/y,JPY,2007-01-28T18:50:00Z,None,-0.6%,-0.2%,-0.3%,false,false
,NAB Quarterly Business Confidence,AUD,2007-01-28T19:30:00Z,None,,2,4,false,false
,Eurogroup Meetings,EUR,2007-01-29T00:00:00Z,None,,,,true,false
,CBI Realized Sales,GBP,2007-01-29T06:00:00Z,None,18,25,30,false,false
,Building Consents m/m,NZD,2007-01-29T16:45:00Z,None,,-11.6%,-4.9%,false,false
,Household Spending y/y,JPY,2007-01-29T18:30:00Z,None,-1.2%,-0.7%,-1.9%,false,false
,Unemployment Rate,JPY,2007-01-29T18:30:00Z,None,4.0%,4.0%,4.1%,false,false
,Prelim Industrial Production m/m,JPY,2007-01-29T18:50:00Z,None,0.4%,0.8%,0.7%,false,false
,NAB Business Confidence,AUD,2007-01-29T19:30:00Z,None,,6,4,false,false
,German Prelim CPI m/m,EUR,2007-01-30T00:00:00Z,None,0.2%,0.8%,-0.2%,true,false
,ECOFIN Meetings,EUR,2007-01-30T00:00:00Z,None,,,,true,false
,Nationwide HPI m/m,GBP,2007-01-30T02:00:00Z,None,0.8%,1.2%,0.3%,false,false
,Retail PMI,EUR,2007-01-30T04:00:00Z,None,,52.1,47.9,false,false
,Mortgage Approvals,GBP,2007-01-30T04:30:00Z,None,122K,129K,113K,false,false
,Net Lending to Individuals m/m,GBP,2007-01-30T04:30:00Z,None,10.6B,11.2B,11.6B,false,false
,Italian 10-y Bond Auction,EUR,2007-01-30T05:18:00Z,None,,4.17|1.5,4.29|1.3,false,false
,IPPI m/m,CAD,2007-01-30T08:30:00Z,None,0.5%,0.0%,1.4%,false,false
,RMPI m/m,CAD,2007-01-30T08:30:00Z,None,0.4%,0.9%,5.2%,false,false
,S&P/CS Composite-20 HPI y/y,USD,2007-01-30T09:00:00Z,None,1.6%,2.9%,1.7%,false,false
,CB Consumer Confidence,USD,2007-01-30T10:00:00Z,High,110.5,110.0,110.3,false,false
,Trade Balance,NZD,2007-01-30T16:45:00Z,High,-422M,-806M,-433M,false,false
,Final Manufacturing PMI,JPY,2007-01-30T18:30:00Z,None,,53.1,53.4,false,false
,HIA New Home Sales m/m,AUD,2007-01-30T19:20:00Z,None,,-5.3%,6.0%,false,false
,Private Sector Credit m/m,AUD,2007-01-30T19:30:00Z,None,1.0%,1.1%,0.9%,false,false
,Average Cash Earnings y/y,JPY,2007-01-30T20:30:00Z,None,0.5%,0.2%,-0.6%,false,false
,Housing Starts y/y,JPY,2007-01-31T00:00:00Z,None,9.0%,4.0%,10.2%,false,false
,German Retail Sales m/m,EUR,2007-01-31T02:00:00Z,None,1.2%,-0.7%,2.4%,false,false
,German Unemployment Change,EUR,2007-01-31T03:55:00Z,None,-80K,-96K,-70K,false,false
,Consumer Confidence,EUR,2007-01-31T05:00:00Z,None,-6,-6,-7,false,false
,CPI Flash Estimate y/y,EUR,2007-01-31T05:00:00Z,None,2.1%,1.9%,1.9%,false,false
,Unemployment Rate,EUR,2007-01-31T05:00:00Z,None,7.6%,7.6%,7.5%,false,false
,KOF Economic Barometer,CHF,2007-01-31T05:30:00Z,None,1.55,1.75,1.71,false,false
,GfK Consumer Confidence,GBP,2007-01-31T05:30:00Z,None,-8,-8,-7,false,false
,ADP Non-Farm Employment Change,USD,2007-01-31T08:15:00Z,None,135K,147K,152K,false,false
,GDP m/m,CAD,2007-01-31T08:30:00Z,High,0.3%,0.0%,0.2%,false,false
,Advance GDP q/q,USD,2007-01-31T08:30:00Z,High,3.0%,2.0%,3.5%,false,false
,Advance GDP Price Index q/q,USD,2007-01-31T08:30:00Z,None,1.7%,1.9%,1.5%,false,false
,Employment Cost Index q/q,USD,2007-01-31T08:30:00Z,None,1.0%,1.0%,0.8%,false,false
,Chicago PMI,USD,2007-01-31T09:45:00Z,None,52.0,52.4,48.8,false,false
,Construction Spending m/m,USD,2007-01-31T10:00:00Z,None,-0.1%,0.1%,-0.4%,false,false
,Crude Oil Inventories,USD,2007-01-31T10:30:00Z,None,1.4M,0.7M,2.7M,false,false
,Federal Funds Rate,USD,2007-01-31T14:15:00Z,High,5.25%,5.25%,5.25%,false,false
,FOMC Statement,USD,2007-01-31T14:15:00Z,High,,,,false,false
,AIG Manufacturing Index,AUD,2007-01-31T17:30:00Z,None,,52.4,51.3,false,false
,Manufacturing PMI,CNY,2007-01-31T20:00:00Z,High,,54.8,55.1,false,false
,RatingDog Manufacturing PMI,CNY,2007-01-31T21:30:00Z,None,,52.4,52.0,false,false
,10-y Bond Auction,JPY,2007-01-31T22:45:00Z,None,,1.73|2.5,1.70|2.8,false,false
,Total Vehicle Sales,USD,2007-02-01T00:00:00Z,None,16.6M,16.7M,16.6M,true,false
,Commodity Prices y/y,AUD,2007-02-01T00:30:00Z,None,,11.2%,10.1%,false,false
,Trade Balance,CHF,2007-02-01T02:15:00Z,None,1.00B,1.23B,0.43B,false,false
,Spanish Manufacturing PMI,EUR,2007-02-01T03:15:00Z,None,,57.2,56.2,false,false
,Manufacturing PMI,CHF,2007-02-01T03:30:00Z,None,64.7,65.0,62.0,false,false
,Italian Manufacturing PMI,EUR,2007-02-01T03:45:00Z,None,54.6,55.0,53.5,false,false
,Final Manufacturing PMI,EUR,2007-02-01T04:00:00Z,None,56.3,56.5,55.5,false,false
,Final Manufacturing PMI,GBP,2007-02-01T04:30:00Z,None,51.9,52.0,52.8,false,false
,French 10-y Bond Auction,EUR,2007-02-01T05:00:00Z,None,,3.97|2.4,4.12|2.8,false,false
,Challenger Job Cuts y/y,USD,2007-02-01T07:30:00Z,None,,-49.3%,-39.1%,false,false
,Core PCE Price Index m/m,USD,2007-02-01T08:30:00Z,High,0.2%,0.0%,0.1%,false,false
,Personal Spending m/m,USD,2007-02-01T08:30:00Z,None,0.7%,0.5%,0.7%,false,false
,Personal Income m/m,USD,2007-02-01T08:30:00Z,None,0.5%,0.3%,0.5%,false,false
,Unemployment Claims,USD,2007-02-01T08:30:00Z,None,315K,327K,307K,false,false
,ISM Manufacturing PMI,USD,2007-02-01T10:00:00Z,High,51.6,51.4,49.3,false,false
,Pending Home Sales m/m,USD,2007-02-01T10:00:00Z,High,2.2%,-0.3%,4.9%,false,false
,ISM Manufacturing Prices,USD,2007-02-01T10:00:00Z,None,47.2,47.5,53.0,false,false
,Natural Gas Storage,USD,2007-02-01T10:30:00Z,None,-201B,-179B,-186B,false,false
,ECB President Trichet Speaks,EUR,2007-02-01T11:30:00Z,None,,,,false,false
,Visitor Arrivals m/m,NZD,2007-02-01T16:45:00Z,None,,0.5%,-1.3%,false,false
,Monetary Base y/y,JPY,2007-02-01T18:50:00Z,None,-20.0%,-20.0%,-21.1%,false,false
,Goods Trade Balance,AUD,2007-02-01T19:30:00Z,None,-1.05B,-0.90,-1.34B,false,false
,Spanish Unemployment Change,EUR,2007-02-02T03:00:00Z,None,,-0.3K,59.6K,false,false
,SNB Chairman Roth Speaks,CHF,2007-02-02T04:00:00Z,None,,,,false,false
,Construction PMI,GBP,2007-02-02T04:30:00Z,None,57.0,57.5,57.9,false,false
,PPI m/m,EUR,2007-02-02T05:00:00Z,None,0.0%,0.0%,0.0%,false,false
,Non-Farm Employment Change,USD,2007-02-02T08:30:00Z,High,146K,206K,111K,false,false
,Unemployment Rate,USD,2007-02-02T08:30:00Z,High,4.5%,4.5%,4.6%,false,false
,Average Hourly Earnings m/m,USD,2007-02-02T08:30:00Z,None,0.4%,0.4%,0.2%,false,false
,Factory Orders m/m,USD,2007-02-02T10:00:00Z,None,1.6%,1.2%,2.4%,false,false
,Revised UoM Consumer Sentiment,USD,2007-02-02T10:00:00Z,None,98.0,98.0,96.9,false,false
,Revised UoM Inflation Expectations,USD,2007-02-02T10:00:00Z,None,,3.0%,3.0%,false,false
,Non-Manufacturing PMI,CNY,2007-02-02T20:00:00Z,None,,,55.6,false,false
,Labor Cost Index q/q,NZD,2007-02-04T16:45:00Z,High,0.7%,0.8%,1.0%,false,false
,AIG Services Index,AUD,2007-02-04T17:30:00Z,None,,49.5,49.5,false,false
,MI Inflation Gauge m/m,AUD,2007-02-04T18:30:00Z,None,,0.3%,0.0%,false,false
,Building Approvals m/m,AUD,2007-02-04T19:30:00Z,High,-0.8%,3.5%,-1.9%,false,false
,Retail Sales m/m,AUD,2007-02-04T19:30:00Z,High,0.5%,0.2%,0.3%,false,false
,ANZ Job Advertisements m/m,AUD,2007-02-04T19:30:00Z,None,,11.8%,-0.1%,false,false
,Bank Holiday,NZD,2007-02-05T00:00:00Z,None,,,,true,false
,Spanish Services PMI,EUR,2007-02-05T03:15:00Z,None,,58.1,57.9,false,false
,Italian Services PMI,EUR,2007-02-05T03:45:00Z,None,54.9,55.0,55.4,false,false
,Final Services PMI,EUR,2007-02-05T04:00:00Z,None,56.8,57.2,57.9,false,false
,Sentix Investor Confidence,EUR,2007-02-05T04:30:00Z,None,30.5,29.5,31.1,false,false
,Final Services PMI,GBP,2007-02-05T04:30:00Z,None,60.0,60.6,59.2,false,false
,Italian Prelim CPI m/m,EUR,2007-02-05T05:00:00Z,None,0.1%,0.1%,0.2%,false,false
,Ivey PMI,CAD,2007-02-05T10:00:00Z,High,52.0,49.4,53.8,false,false
,ISM Services PMI,USD,2007-02-05T10:00:00Z,High,56.8,57.1,59.0,false,false
,Loan Officer Survey,USD,2007-02-05T14:00:00Z,None,,,,false,false
,Leading Indicators,JPY,2007-02-06T00:00:00Z,None,25.0%,18.2%,25.0%,false,false
,Foreign Currency Reserves,CHF,2007-02-06T03:00:00Z,None,,46B,45B,false,false
,Retail Sales m/m,EUR,2007-02-06T05:00:00Z,None,1.0%,0.5%,0.3%,false,false
,German Factory Orders m/m,EUR,2007-02-06T06:00:00Z,None,0.5%,0.8%,-0.2%,false,false
,BRC Retail Sales Monitor y/y,GBP,2007-02-06T06:00:00Z,None,,2.5%,3.1%,false,false
,Building Permits m/m,CAD,2007-02-06T08:30:00Z,None,-2.0%,2.6%,-7.8%,false,false
,JOLTS Job Openings,USD,2007-02-06T10:00:00Z,None,,4.29M,4.43M,false,false
,Gov Council Member Longworth Speaks,CAD,2007-02-06T12:00:00Z,None,,,,false,false
,Fed Chairman Bernanke Speaks,USD,2007-02-06T17:00:00Z,None,,,,false,false
,Cash Rate,AUD,2007-02-06T17:30:00Z,High,6.25%,6.25%,6.25%,false,false
,AIG Construction Index,AUD,2007-02-06T17:30:00Z,None,,52.1,48.4,false,false
,Nationwide Consumer Confidence,GBP,2007-02-06T19:01:00Z,None,85,83,84,false,false
,ANZ Commodity Prices m/m,NZD,2007-02-06T20:59:00Z,None,,2.1%,3.8%,false,false
,ANZ Commodity Prices m/m,NZD,2007-02-06T21:00:00Z,None,,3.8%,1.3%,false,false
,Unemployment Rate,CHF,2007-02-07T01:45:00Z,None,3.1%,3.1%,3.0%,false,false
,French Gov Budget Balance,EUR,2007-02-07T02:45:00Z,None,,-54.9B,-36.2B,false,false
,Manufacturing Production m/m,GBP,2007-02-07T04:30:00Z,High,0.1%,0.2%,0.2%,false,false
,Industrial Production m/m,GBP,2007-02-07T04:30:00Z,None,0.1%,0.4%,-0.1%,false,false
,BRC Shop Price Index y/y,GBP,2007-02-07T05:30:00Z,None,,2.3%,1.8%,false,false
,German Industrial Production m/m,EUR,2007-02-07T06:00:00Z,None,0.5%,2.0%,-0.5%,false,false
,Prelim Nonfarm Productivity q/q,USD,2007-02-07T08:30:00Z,None,2.0%,0.2%,3.0%,false,false
,Prelim Unit Labor Costs q/q,USD,2007-02-07T08:30:00Z,None,2.1%,2.3%,1.7%,false,false
,Crude Oil Inventories,USD,2007-02-07T10:30:00Z,None,2.0M,2.7M,-0.4M,false,false
,10-y Bond Auction,USD,2007-02-07T13:00:00Z,None,,4.58|2.5,4.74|2.4,false,false
,Consumer Credit m/m,USD,2007-02-07T15:00:00Z,None,7.0B,13.7B,6.0B,false,false
,Employment Change q/q,NZD,2007-02-07T16:45:00Z,High,0.0%,-0.4%,-0.1%,false,false
,Unemployment Rate,NZD,2007-02-07T16:45:00Z,High,3.8%,3.8%,3.7%,false,false
,Bank Lending y/y,JPY,2007-02-07T18:50:00Z,None,,1.7%,1.7%,false,false
,M2 Money Stock y/y,JPY,2007-02-07T18:50:00Z,None,0.8%,0.8%,1.0%,false,false
,NIESR GDP Estimate,GBP,2007-02-07T19:01:00Z,None,,0.8%,0.8%,false,false
,Employment Change,AUD,2007-02-07T19:30:00Z,High,3.0K,46.0K,-3.6K,false,false
,Unemployment Rate,AUD,2007-02-07T19:30:00Z,None,4.6%,4.6%,4.5%,false,false
,Prelim Machine Tool Orders y/y,JPY,2007-02-08T01:00:00Z,None,,-1.9%,5.7%,false,false
,CPI m/m,CHF,2007-02-08T01:45:00Z,High,-0.3%,0.0%,-0.7%,false,false
,SECO Consumer Climate,CHF,2007-02-08T01:45:00Z,None,14,13,17,false,false
,German Trade Balance,EUR,2007-02-08T02:00:00Z,None,17.0B,19.1B,14.4B,false,false
,Economy Watchers Sentiment,JPY,2007-02-08T02:00:00Z,None,49.0,48.9,47.2,false,false
,Lloyds HPI m/m,GBP,2007-02-08T03:00:00Z,High,0.4%,-0.9%,1.3%,false,false
,Official Bank Rate,GBP,2007-02-08T07:00:00Z,High,5.25%,5.25%,5.25%,false,false
,Main Refinancing Rate,EUR,2007-02-08T07:45:00Z,None,3.50%,3.50%,3.50%,false,false
,Housing Starts,CAD,2007-02-08T08:15:00Z,High,216K,213K,249K,false,false
,NHPI m/m,CAD,2007-02-08T08:30:00Z,None,0.5%,0.5%,0.0%,false,false
,ECB Press Conference,EUR,2007-02-08T08:30:00Z,High,,,,false,false
,Unemployment Claims,USD,2007-02-08T08:30:00Z,None,310K,308K,311K,false,false
,Final Wholesale Inventories m/m,USD,2007-02-08T10:00:00Z,None,0.6%,1.1%,-0.5%,false,false
,Natural Gas Storage,USD,2007-02-08T10:30:00Z,None,-219B,-186B,-224B,false,false
,30-y Bond Auction,USD,2007-02-08T13:00:00Z,None,,5.08|1.8,4.81|2.5,false,false
,Core Machinery Orders m/m,JPY,2007-02-08T18:50:00Z,None,-0.5%,3.8%,-0.7%,false,false
,Home Loans m/m,AUD,2007-02-08T19:30:00Z,None,0.3%,-0.4%,0.1%,false,false
,G7 Meetings,All,2007-02-09T00:00:00Z,None,,,,false,false
,German WPI m/m,EUR,2007-02-09T02:00:00Z,None,-0.2%,0.0%,0.0%,false,false
,French Industrial Production m/m,EUR,2007-02-09T02:45:00Z,None,0.2%,-0.4%,1.1%,false,false
,French Trade Balance,EUR,2007-02-09T02:45:00Z,None,-2.9B,-2.7B,-2.9B,false,false
,Italian Industrial Production m/m,EUR,2007-02-09T04:00:00Z,None,0.7%,0.5%,2.0%,false,false
,Goods Trade Balance,GBP,2007-02-09T04:30:00Z,High,-7.0B,-6.9B,-7.1B,false,false
,Employment Change,CAD,2007-02-09T07:00:00Z,High,25.0K,62.0K,89.0K,false,false
,Unemployment Rate,CAD,2007-02-09T07:00:00Z,High,6.1%,6.1%,6.2%,false,false
,G7 Meetings,All,2007-02-10T00:00:00Z,High,,,,false,false
,Bank Holiday,JPY,2007-02-11T00:00:00Z,None,,,,true,false
,RBA Monetary Policy Statement,AUD,2007-02-11T19:30:00Z,High,,,,false,false
,USD-Denominated Trade Balance,CNY,2007-02-11T22:10:00Z,High,15.5B,21.0B,15.9B,false,false
,PPI Input m/m,GBP,2007-02-12T04:30:00Z,High,-0.8%,0.1%,-2.0%,false,false
,ONS HPI y/y,GBP,2007-02-12T04:30:00Z,None,9.4%,8.8%,9.9%,false,false
,PPI Output m/m,GBP,2007-02-12T04:30:00Z,None,0.2%,0.2%,0.3%,false,false
,CB Leading Index m/m,GBP,2007-02-12T10:30:00Z,None,,0.1%,0.1%,false,false
,Federal Budget Balance,USD,2007-02-12T14:00:00Z,None,40.0B,44.5B,38.2B,false,false
,PPI Input q/q,NZD,2007-02-12T16:45:00Z,High,0.0%,2.0%,-0.3%,false,false
,PPI Output q/q,NZD,2007-02-12T16:45:00Z,None,-0.4%,0.7%,-0.5%,false,false
,PPI y/y,JPY,2007-02-12T18:50:00Z,None,2.4%,2.5%,2.2%,false,false
,NAB Business Confidence,AUD,2007-02-12T19:30:00Z,None,,4,6,false,false
,PPI y/y,CNY,2007-02-12T21:00:00Z,None,2.9%,3.1%,3.3%,false,false
,Consumer Confidence,JPY,2007-02-13T00:00:00Z,None,48.8,45.9,48.1,false,false
,German Prelim GDP q/q,EUR,2007-02-13T02:00:00Z,High,0.6%,0.8%,0.9%,false,false
,French Prelim GDP q/q,EUR,2007-02-13T02:45:00Z,None,0.5%,0.0%,0.6%,false,false
,Spanish Flash GDP q/q,EUR,2007-02-13T03:00:00Z,None,1.1%,0.9%,1.1%,false,false
,Italian Prelim GDP q/q,EUR,2007-02-13T04:00:00Z,None,0.4%,0.3%,1.1%,false,false
,CPI y/y,GBP,2007-02-13T04:30:00Z,High,2.9%,3.0%,2.7%,false,false
,Core CPI y/y,GBP,2007-02-13T04:30:00Z,None,1.8%,1.8%,1.6%,false,false
,RPI y/y,GBP,2007-02-13T04:30:00Z,None,4.5%,4.4%,4.2%,false,false
,Flash GDP q/q,EUR,2007-02-13T05:00:00Z,None,0.6%,0.2%,0.9%,false,false
,Industrial Production m/m,EUR,2007-02-13T05:00:00Z,None,0.4%,0.3%,1.0%,false,false
,German ZEW Economic Sentiment,EUR,2007-02-13T05:00:00Z,None,5.2,-3.6,2.9,false,false
,ZEW Economic Sentiment,EUR,2007-02-13T05:00:00Z,None,3.0,-1.8,6.8,false,false
,NFIB Small Business Index,USD,2007-02-13T07:30:00Z,None,,96.5,98.9,false,false
,Trade Balance,CAD,2007-02-13T08:30:00Z,None,4.7B,4.7B,5.0B,false,false
,Trade Balance,USD,2007-02-13T08:30:00Z,High,-59.5B,-58.1B,-61.2B,false,false
,RCM/TIPP Economic Optimism,USD,2007-02-13T10:00:00Z,None,54.0,53.7,52.7,false,false
,FPI m/m,NZD,2007-02-13T16:45:00Z,None,,-0.5%,1.4%,false,false
,Westpac Consumer Sentiment,AUD,2007-02-13T18:30:00Z,None,,7.3%,1.7%,false,false
,Current Account,JPY,2007-02-13T18:50:00Z,None,2.01T,1.95T,1.87T,false,false
,CPI y/y,CNY,2007-02-13T21:00:00Z,None,2.7%,2.8%,2.2%,false,false
,New Loans,CNY,2007-02-13T21:00:00Z,None,,214B,568B,false,false
,M2 Money Supply y/y,CNY,2007-02-13T21:00:00Z,None,16.5%,16.9%,15.8%,false,false
,Revised Industrial Production m/m,JPY,2007-02-13T23:30:00Z,None,0.7%,0.7%,0.9%,false,false
,Foreign Direct Investment ytd/y,CNY,2007-02-14T01:25:00Z,None,,4.2%,13.8%,false,false
,Claimant Count Change,GBP,2007-02-14T04:30:00Z,High,-5.0K,-5.5K,-13.5K,false,false
,Average Earnings Index 3m/y,GBP,2007-02-14T04:30:00Z,None,4.1%,4.1%,4.0%,false,false
,Unemployment Rate,GBP,2007-02-14T04:30:00Z,None,5.5%,5.5%,5.5%,false,false
,German 10-y Bond Auction,EUR,2007-02-14T05:10:00Z,None,,3.94|1.8,4.11|1.8,false,false
,BOE Gov King Speaks,GBP,2007-02-14T05:30:00Z,High,,,,false,false
,BOE Monetary Policy Report,GBP,2007-02-14T05:30:00Z,High,,,,false,false
,New Motor Vehicle Sales m/m,CAD,2007-02-14T08:30:00Z,None,5.0%,3.4%,5.6%,false,false
,Core Retail Sales m/m,USD,2007-02-14T08:30:00Z,High,0.4%,1.3%,0.3%,false,false
,Retail Sales m/m,USD,2007-02-14T08:30:00Z,High,0.3%,1.2%,0.0%,false,false
,Fed Chairman Bernanke Testifies,USD,2007-02-14T10:00:00Z,High,,,,false,false
,Business Inventories m/m,USD,2007-02-14T10:00:00Z,None,0.2%,0.2%,0.0%,false,false
,Fed Monetary Policy Report,USD,2007-02-14T10:00:00Z,None,,,,false,false
,Crude Oil Inventories,USD,2007-02-14T10:30:00Z,None,1.0M,-0.4M,-0.6M,false,false
,MI Inflation Expectations,AUD,2007-02-14T16:30:00Z,None,,3.5%,3.2%,false,false
,Core Retail Sales m/m,NZD,2007-02-14T16:45:00Z,High,0.2%,-0.1%,0.2%,false,false
,Retail Sales m/m,NZD,2007-02-14T16:45:00Z,High,0.7%,-0.2%,0.7%,false,false
,Core Retail Sales q/q,NZD,2007-02-14T16:45:00Z,None,,1.4%,1.5%,false,false
,Retail Sales q/q,NZD,2007-02-14T16:45:00Z,None,1.2%,1.3%,1.8%,false,false
,BusinessNZ Manufacturing Index,NZD,2007-02-14T18:00:00Z,None,,54.3,56.0,false,false
,Prelim GDP q/q,JPY,2007-02-14T18:50:00Z,High,0.9%,0.1%,1.2%,false,false
,Prelim GDP Price Index y/y,JPY,2007-02-14T18:50:00Z,None,-0.5%,-0.7%,-0.5%,false,false
,RICS House Price Balance,GBP,2007-02-14T19:01:00Z,None,34%,37%,28%,false,false
,HPI q/q,AUD,2007-02-14T19:30:00Z,None,1.8%,2.1%,0.9%,false,false
,RBA Bulletin,AUD,2007-02-14T19:30:00Z,None,,,,false,false
,Retail Sales m/m,GBP,2007-02-15T04:30:00Z,High,0.2%,1.1%,-1.8%,false,false
,UBS Economic Expectations,CHF,2007-02-15T05:00:00Z,None,,-10.8,-17.3,false,false
,ECB Monthly Bulletin,EUR,2007-02-15T05:00:00Z,None,,,,false,false
,ECB President Trichet Speaks,EUR,2007-02-15T06:00:00Z,None,,,,false,false
,Manufacturing Sales m/m,CAD,2007-02-15T08:30:00Z,None,0.6%,2.4%,1.7%,false,false
,Empire State Manufacturing Index,USD,2007-02-15T08:30:00Z,None,10.5,9.1,24.4,false,false
,Import Prices m/m,USD,2007-02-15T08:30:00Z,None,-0.2%,1.1%,-1.2%,false,false
,Unemployment Claims,USD,2007-02-15T08:30:00Z,None,314K,313K,357K,false,false
,TIC Long-Term Purchases,USD,2007-02-15T09:00:00Z,High,60.0B,84.9B,15.6B,false,false
,Capacity Utilization Rate,USD,2007-02-15T09:15:00Z,None,81.8%,81.8%,81.2%,false,false
,Industrial Production m/m,USD,2007-02-15T09:15:00Z,None,0.0%,0.5%,-0.5%,false,false
,Fed Chairman Bernanke Testifies,USD,2007-02-15T10:00:00Z,High,,,,false,false
,BOC Review,CAD,2007-02-15T10:30:00Z,None,,,,false,false
,Natural Gas Storage,USD,2007-02-15T10:30:00Z,None,-254B,-224B,-259B,false,false
,Philly Fed Manufacturing Index,USD,2007-02-15T12:00:00Z,None,3.5,8.3,0.6,false,false
,NAHB Housing Market Index,USD,2007-02-15T13:00:00Z,None,35,35,40,false,false
,Tertiary Industry Activity m/m,JPY,2007-02-15T18:50:00Z,None,-0.1%,0.0%,-0.4%,false,false
,German Final CPI m/m,EUR,2007-02-16T02:00:00Z,None,-0.2%,-0.2%,-0.2%,false,false
,French Prelim Private Payrolls q/q,EUR,2007-02-16T02:45:00Z,None,0.2%,0.2%,0.2%,false,false
,Retail Sales y/y,CHF,2007-02-16T03:15:00Z,None,2.5%,3.3%,0.8%,false,false
,Italian Trade Balance,EUR,2007-02-16T04:00:00Z,None,-0.20B,-0.93B,-0.59B,false,false
,Trade Balance,EUR,2007-02-16T05:00:00Z,None,3.2B,4.4B,0.7B,false,false
,PPI m/m,USD,2007-02-16T08:30:00Z,High,-0.6%,0.9%,-0.6%,false,false
,Building Permits,USD,2007-02-16T08:30:00Z,None,1.59M,1.61M,1.57M,false,false
,Core PPI m/m,USD,2007-02-16T08:30:00Z,None,0.2%,0.2%,0.2%,false,false
,Housing Starts,USD,2007-02-16T08:30:00Z,None,1.61M,1.64M,1.41M,false,false
,Prelim UoM Consumer Sentiment,USD,2007-02-16T10:00:00Z,High,96.5,96.9,93.3,false,false
,Prelim UoM Inflation Expectations,USD,2007-02-16T10:00:00Z,None,,3.0%,3.0%,false,false
,Bank Holiday,CNY,2007-02-18T19:00:00Z,None,,,,false,false
,Rightmove HPI m/m,GBP,2007-02-18T19:01:00Z,None,,0.5%,0.9%,false,false
,Bank Holiday,USD,2007-02-19T00:00:00Z,None,,,,true,false
,Bank Holiday,CNY,2007-02-19T00:00:00Z,None,,,,true,false
,German Buba Monthly Report,EUR,2007-02-19T06:00:00Z,None,,,,false,false
,Foreign Securities Purchases,CAD,2007-02-19T08:30:00Z,None,3.89B,11.14B,-3.26B,false,false
,Wholesale Sales m/m,CAD,2007-02-19T08:30:00Z,None,0.6%,0.3%,2.7%,false,false
,Bank Holiday,CNY,2007-02-20T00:00:00Z,None,,,,true,false
,German PPI m/m,EUR,2007-02-20T02:00:00Z,None,0.1%,0.0%,0.0%,false,false
,Trade Balance,CHF,2007-02-20T02:15:00Z,None,0.75B,0.41B,1.27B,false,false
,PPI m/m,CHF,2007-02-20T03:15:00Z,None,-0.1%,0.0%,-0.2%,false,false
,M4 Money Supply m/m,GBP,2007-02-20T04:30:00Z,None,0.8%,0.9%,0.9%,false,false
,Public Sector Net Borrowing,GBP,2007-02-20T04:30:00Z,None,10.0B,6.5B,-10.3B,false,false
,Core CPI m/m,CAD,2007-02-20T07:00:00Z,High,0.1%,-0.2%,0.1%,false,false
,CPI m/m,CAD,2007-02-20T07:00:00Z,None,0.1%,0.2%,0.1%,false,false
,Gov Council Member Jenkins Speaks,CAD,2007-02-20T07:30:00Z,None,,,,false,false
,Leading Index m/m,CAD,2007-02-20T08:30:00Z,None,0.4%,0.2%,0.5%,false,false
,RBA Gov Stevens Speaks,AUD,2007-02-20T18:00:00Z,None,,,,false,false
,MI Leading Index m/m,AUD,2007-02-20T18:30:00Z,None,,0.5%,0.6%,false,false
,New Motor Vehicle Sales m/m,AUD,2007-02-20T19:30:00Z,None,,1.4%,5.3%,false,false
,Wage Price Index q/q,AUD,2007-02-20T19:30:00Z,None,0.9%,0.8%,1.1%,false,false
,Overnight Call Rate,JPY,2007-02-20T23:00:00Z,High,0.25%,0.25%,0.50%,false,false
,Bank Holiday,CNY,2007-02-21T00:00:00Z,None,,,,true,false
,BOJ Monthly Report,JPY,2007-02-21T01:00:00Z,None,,,,false,false
,BOJ Press Conference,JPY,2007-02-21T01:30:00Z,High,,,,false,false
,French Final CPI m/m,EUR,2007-02-21T02:45:00Z,None,-0.3%,0.2%,-0.4%,false,false
,MPC Member Bean Speaks,GBP,2007-02-21T03:00:00Z,None,,,,false,false
,Current Account,EUR,2007-02-21T04:00:00Z,None,-1.2B,0.9B,2.3B,false,false
,MPC Official Bank Rate Votes,GBP,2007-02-21T04:30:00Z,High,1-0-8,5-0-4,2-0-7,false,false
,CBI Industrial Order Expectations,GBP,2007-02-21T06:00:00Z,None,-8,-9,4,false,false
,Core Retail Sales m/m,CAD,2007-02-21T08:30:00Z,High,0.7%,0.2%,2.0%,false,false
,Retail Sales m/m,CAD,2007-02-21T08:30:00Z,None,1.0%,0.3%,2.3%,false,false
,Core CPI m/m,USD,2007-02-21T08:30:00Z,High,0.2%,0.2%,0.3%,false,false
,Core CPI y/y,USD,2007-02-21T08:30:00Z,High,2.6%,2.6%,2.7%,false,false
,CPI y/y,USD,2007-02-21T08:30:00Z,High,2.0%,2.5%,2.1%,false,false
,CPI m/m,USD,2007-02-21T08:30:00Z,None,0.2%,0.5%,0.2%,false,false
,CB Leading Index m/m,USD,2007-02-21T10:00:00Z,None,0.2%,0.6%,0.1%,false,false
,FOMC Member Kohn Speaks,USD,2007-02-21T13:00:00Z,None,,,,false,false
,FOMC Meeting Minutes,USD,2007-02-21T14:00:00Z,High,,,,false,false
,Trade Balance,JPY,2007-02-21T18:50:00Z,None,0.75T,0.71T,1.09T,false,false
,Credit Card Spending y/y,NZD,2007-02-21T20:00:00Z,None,,9.9%,6.7%,false,false
,Bank Holiday,CNY,2007-02-22T00:00:00Z,None,,,,true,false
,German Final GDP q/q,EUR,2007-02-22T02:00:00Z,None,0.9%,0.9%,0.9%,false,false
,Employment Level,CHF,2007-02-22T03:15:00Z,None,3.69M,3.70M,3.70M,false,false
,Italian Retail Sales m/m,EUR,2007-02-22T04:00:00Z,None,0.1%,0.3%,0.0%,false,false
,Prelim Business Investment q/q,GBP,2007-02-22T04:30:00Z,None,1.3%,3.1%,3.3%,false,false
,Industrial New Orders m/m,EUR,2007-02-22T05:00:00Z,None,0.2%,1.1%,2.8%,false,false
,10-y Bond Auction,GBP,2007-02-22T05:49:00Z,None,,4.57|2.2,4.90|2.2,false,false
,Gov Council Member Kennedy Speaks,CAD,2007-02-22T07:30:00Z,None,,,,false,false
,Corporate Profits q/q,CAD,2007-02-22T08:30:00Z,None,,2.8%,1.5%,false,false
,Unemployment Claims,USD,2007-02-22T08:30:00Z,None,320K,359K,332K,false,false
,Belgian NBB Business Climate,EUR,2007-02-22T09:00:00Z,None,2.2,2.1,3.5,false,false
,Crude Oil Inventories,USD,2007-02-22T10:30:00Z,None,1.0M,-0.6M,3.7M,false,false
,Natural Gas Storage,USD,2007-02-22T10:30:00Z,None,-225B,-259B,-223B,false,false
,CB Leading Index m/m,AUD,2007-02-22T18:00:00Z,None,,0.5%,0.2%,false,false
,All Industries Activity m/m,JPY,2007-02-22T18:50:00Z,None,0.0%,-0.2%,0.0%,false,false
,SPPI y/y,JPY,2007-02-22T18:50:00Z,None,0.2%,0.2%,0.6%,false,false
,French Consumer Spending m/m,EUR,2007-02-23T02:45:00Z,None,0.2%,1.2%,1.2%,false,false
,German ifo Business Climate,EUR,2007-02-23T04:00:00Z,High,107.5,107.9,107.0,false,false
,Second Estimate GDP q/q,GBP,2007-02-23T04:30:00Z,High,0.8%,0.8%,0.8%,false,false
,Index of Services 3m/3m,GBP,2007-02-23T04:30:00Z,None,0.8%,0.9%,1.0%,false,false
,Trade Balance,NZD,2007-02-25T16:45:00Z,High,-652M,-352M,-833M,false,false
,Monetary Policy Meeting Minutes,JPY,2007-02-25T18:50:00Z,None,,,,false,false
,ANZ Business Confidence,NZD,2007-02-25T19:00:00Z,None,,-7.7,-5.9,false,false
,Inflation Expectations q/q,NZD,2007-02-25T21:00:00Z,High,,2.73%,2.56%,false,false
,Eurogroup Meetings,EUR,2007-02-26T00:00:00Z,None,,,,true,false
,German GfK Consumer Climate,EUR,2007-02-26T02:00:00Z,None,4.7,4.9,4.4,false,false
,MPC Member Blanchflower Speaks,GBP,2007-02-26T12:30:00Z,None,,,,false,false
,HIA New Home Sales m/m,AUD,2007-02-26T20:00:00Z,None,,6.0%,5.8%,false,false
,German Prelim CPI m/m,EUR,2007-02-27T00:00:00Z,None,0.5%,-0.2%,0.4%,true,false
,ECOFIN Meetings,EUR,2007-02-27T00:00:00Z,None,,,,true,false
,German Import Prices m/m,EUR,2007-02-27T02:00:00Z,None,-0.2%,-0.3%,-0.7%,false,false
,UBS Consumption Indicator,CHF,2007-02-27T04:00:00Z,None,,1.90,1.95,false,false
,M3 Money Supply y/y,EUR,2007-02-27T04:00:00Z,None,9.7%,9.8%,9.8%,false,false
,Private Loans y/y,EUR,2007-02-27T04:00:00Z,None,10.8%,10.7%,10.6%,false,false
,Retail PMI,EUR,2007-02-27T04:00:00Z,None,,47.9,49.8,false,false
,High Street Lending,GBP,2007-02-27T04:30:00Z,None,,45.5K,37.8K,false,false
,Italian 10-y Bond Auction,EUR,2007-02-27T05:17:00Z,None,,4.29|1.3,4.14|1.6,false,false
,Core Durable Goods Orders m/m,USD,2007-02-27T08:30:00Z,High,-0.2%,2.6%,-3.1%,false,false
,Durable Goods Orders m/m,USD,2007-02-27T08:30:00Z,None,-2.4%,2.8%,-7.8%,false,false
,S&P/CS Composite-20 HPI y/y,USD,2007-02-27T09:00:00Z,None,0.9%,1.8%,0.5%,false,false
,CB Consumer Confidence,USD,2007-02-27T10:00:00Z,High,109.0,110.2,112.5,false,false
,Existing Home Sales,USD,2007-02-27T10:00:00Z,High,6.25M,6.27M,6.46M,false,false
,Richmond Manufacturing Index,USD,2007-02-27T10:00:00Z,None,-2,-11,-10,false,false
,Building Consents m/m,NZD,2007-02-27T16:45:00Z,None,,-4.9%,3.9%,false,false
,Final Manufacturing PMI,JPY,2007-02-27T18:30:00Z,None,,53.4,53.0,false,false
,Prelim Industrial Production m/m,JPY,2007-02-27T18:50:00Z,None,-1.8%,0.9%,-1.5%,false,false
,Retail Sales y/y,JPY,2007-02-27T18:50:00Z,None,0.2%,-0.2%,-0.8%,false,false
,Construction Work Done q/q,AUD,2007-02-27T19:30:00Z,None,1.5%,-2.1%,4.3%,false,false
,Private Sector Credit m/m,AUD,2007-02-27T19:30:00Z,None,1.0%,1.0%,1.3%,false,false
,Housing Starts y/y,JPY,2007-02-28T00:00:00Z,None,4.5%,10.2%,-0.7%,false,false
,Nationwide HPI m/m,GBP,2007-02-28T02:00:00Z,None,0.5%,0.3%,0.7%,false,false
,German Unemployment Change,EUR,2007-02-28T03:55:00Z,None,-78K,-70K,-69K,false,false
,Consumer Confidence,EUR,2007-02-28T05:00:00Z,None,-6,-7,-5,false,false
,Final Core CPI y/y,EUR,2007-02-28T05:00:00Z,None,1.6%,1.5%,1.7%,false,false
,Final CPI y/y,EUR,2007-02-28T05:00:00Z,None,1.9%,1.9%,1.8%,false,false
,Unemployment Rate,EUR,2007-02-28T05:00:00Z,None,7.5%,7.5%,7.4%,false,false
,KOF Economic Barometer,CHF,2007-02-28T05:30:00Z,None,1.70,1.74,1.79,false,false
,GfK Consumer Confidence,GBP,2007-02-28T05:30:00Z,None,-8,-7,-8,false,false
,FOMC Member Kohn Speaks,USD,2007-02-28T07:30:00Z,None,,,,false,false
,Prelim GDP q/q,USD,2007-02-28T08:30:00Z,High,2.4%,3.5%,2.2%,false,false
,Prelim GDP Price Index q/q,USD,2007-02-28T08:30:00Z,None,1.5%,1.5%,1.7%,false,false
,FOMC Member Geithner Speaks,USD,2007-02-28T08:55:00Z,None,,,,false,false
,ECB President Trichet Speaks,EUR,2007-02-28T09:00:00Z,High,,,,false,false
,Chicago PMI,USD,2007-02-28T09:45:00Z,None,50.0,48.8,47.9,false,false
,Fed Chairman Bernanke Testifies,USD,2007-02-28T10:00:00Z,High,,,,false,false
,New Home Sales,USD,2007-02-28T10:00:00Z,High,1080K,1123K,937K,false,false
,Crude Oil Inventories,USD,2007-02-28T10:30:00Z,None,2.1M,3.7M,1.4M,false,false
,Visitor Arrivals m/m,NZD,2007-02-28T16:45:00Z,None,,-1.5%,-3.2%,false,false
,AIG Manufacturing Index,AUD,2007-02-28T17:30:00Z,None,,51.3,57.7,false,false
,Private Capital Expenditure q/q,AUD,2007-02-28T19:30:00Z,High,2.9%,-5.3%,-0.2%,false,false
,RatingDog Manufacturing PMI,CNY,2007-02-28T21:30:00Z,None,,52.0,53.0,false,false
,10-y Bond Auction,JPY,2007-02-28T22:45:00Z,None,,1.70|2.8,1.67|3.9,false,false
,Total Vehicle Sales,USD,2007-03-01T00:00:00Z,None,16.2M,16.6M,16.6M,true,false
,Commodity Prices y/y,AUD,2007-03-01T00:30:00Z,None,,9.6%,8.1%,false,false
,Spanish Manufacturing PMI,EUR,2007-03-01T03:15:00Z,None,,56.2,56.2,false,false
,Manufacturing PMI,CHF,2007-03-01T03:30:00Z,None,62.0,62.0,63.5,false,false
,Italian Manufacturing PMI,EUR,2007-03-01T03:45:00Z,None,53.9,53.5,54.2,false,false
,Final Manufacturing PMI,EUR,2007-03-01T04:00:00Z,None,55.7,55.5,55.6,false,false
,Mortgage Approvals,GBP,2007-03-01T04:30:00Z,None,110K,114K,120K,false,false
,Net Lending to Individuals m/m,GBP,2007-03-01T04:30:00Z,None,11.0B,11.3B,10.7B,false,false
,Final Manufacturing PMI,GBP,2007-03-01T04:30:00Z,None,53.0,53.2,55.4,false,false
,CPI Flash Estimate y/y,EUR,2007-03-01T05:00:00Z,None,1.9%,1.9%,1.8%,false,false
,French 10-y Bond Auction,EUR,2007-03-01T05:10:00Z,None,,4.12|2.8,4.01|2.3,false,false
,CBI Realized Sales,GBP,2007-03-01T06:00:00Z,None,22,30,19,false,false
,Challenger Job Cuts y/y,USD,2007-03-01T07:30:00Z,None,,-39.1%,-3.9%,false,false
,RMPI m/m,CAD,2007-03-01T08:30:00Z,None,-1.9%,5.3%,-3.1%,false,false
,IPPI m/m,CAD,2007-03-01T08:30:00Z,None,0.3%,1.4%,-0.1%,false,false
,Core PCE Price Index m/m,USD,2007-03-01T08:30:00Z,High,0.2%,0.1%,0.3%,false,false
,Personal Spending m/m,USD,2007-03-01T08:30:00Z,None,0.4%,0.7%,0.5%,false,false
,Personal Income m/m,USD,2007-03-01T08:30:00Z,None,0.3%,0.5%,1.0%,false,false
,Unemployment Claims,USD,2007-03-01T08:30:00Z,None,330K,331K,338K,false,false
,Current Account,CAD,2007-03-01T08:30:00Z,None,6.0B,5.8B,3.0B,false,false
,Natural Gas Storage,USD,2007-03-01T09:30:00Z,None,-142B,-223B,-132B,false,false
,ISM Manufacturing PMI,USD,2007-03-01T10:00:00Z,High,50.0,49.3,52.3,false,false
,ISM Manufacturing Prices,USD,2007-03-01T10:00:00Z,None,53.8,53.0,59.0,false,false
,Construction Spending m/m,USD,2007-03-01T10:00:00Z,None,-0.5%,0.6%,-0.8%,false,false
,Treasury Sec Paulson Speaks,USD,2007-03-01T12:00:00Z,None,,,,false,false
,Tokyo Core CPI y/y,JPY,2007-03-01T18:30:00Z,None,0.1%,0.2%,0.0%,false,false
,Household Spending y/y,JPY,2007-03-01T18:30:00Z,None,-0.2%,-1.9%,0.6%,false,false
,National Core CPI y/y,JPY,2007-03-01T18:30:00Z,None,0.0%,0.1%,0.0%,false,false
,Unemployment Rate,JPY,2007-03-01T18:30:00Z,None,4.1%,4.1%,4.0%,false,false
,Monetary Base y/y,JPY,2007-03-01T18:50:00Z,None,-21.5%,-21.1%,-21.1%,false,false
,Retail Sales m/m,AUD,2007-03-01T19:30:00Z,High,0.5%,0.2%,0.9%,false,false
,Current Account,AUD,2007-03-01T19:30:00Z,None,-14.0B,-12.6B,-15.1B,false,false
,Manufacturing PMI,CNY,2007-03-01T20:00:00Z,High,,55.1,53.1,false,false
,Average Cash Earnings y/y,JPY,2007-03-01T20:30:00Z,None,0.3%,-0.1%,-1.4%,false,false
,German Retail Sales m/m,EUR,2007-03-02T02:00:00Z,None,-1.3%,2.6%,-5.1%,false,false
,Spanish Unemployment Change,EUR,2007-03-02T03:00:00Z,None,,59.6K,-7.2K,false,false
,Construction PMI,GBP,2007-03-02T04:30:00Z,None,57.0,57.9,57.3,false,false
,PPI m/m,EUR,2007-03-02T05:00:00Z,None,0.3%,0.0%,0.1%,false,false
,GDP m/m,CAD,2007-03-02T08:30:00Z,High,0.3%,0.3%,0.4%,false,false
,Revised UoM Consumer Sentiment,USD,2007-03-02T10:00:00Z,None,94.0,93.3,91.3,false,false
,Revised UoM Inflation Expectations,USD,2007-03-02T10:00:00Z,None,,3.0%,3.0%,false,false
,Non-Manufacturing PMI,CNY,2007-03-02T20:00:00Z,None,,55.6,49.7,false,false
,Fed Chairman Bernanke Speaks,USD,2007-03-02T23:00:00Z,None,,,,false,false
,AIG Services Index,AUD,2007-03-04T17:30:00Z,None,,49.5,54.5,false,false
,MI Inflation Gauge m/m,AUD,2007-03-04T18:30:00Z,None,,0.0%,0.2%,false,false
,Capital Spending q/y,JPY,2007-03-04T18:50:00Z,None,13.5%,12.0%,16.8%,false,false
,Company Operating Profits q/q,AUD,2007-03-04T19:30:00Z,None,2.4%,0.5%,2.5%,false,false
,Spanish Services PMI,EUR,2007-03-05T03:15:00Z,None,,57.9,56.7,false,false
,Italian Services PMI,EUR,2007-03-05T03:45:00Z,None,55.6,55.4,56.2,false,false
,Final Services PMI,EUR,2007-03-05T04:00:00Z,None,57.6,57.9,57.5,false,false
,Sentix Investor Confidence,EUR,2007-03-05T04:30:00Z,None,29.3,31.1,27.5,false,false
,Final Services PMI,GBP,2007-03-05T04:30:00Z,None,59.0,59.2,57.4,false,false
,FOMC Member Kroszner Speaks,USD,2007-03-05T09:00:00Z,None,,,,false,false
,Ivey PMI,CAD,2007-03-05T10:00:00Z,High,55.2,53.8,60.5,false,false
,ISM Services PMI,USD,2007-03-05T10:00:00Z,High,57.2,59.0,54.3,false,false
,Fed Chairman Warsh Speaks,USD,2007-03-05T14:00:00Z,None,,,,false,false
,Building Approvals m/m,AUD,2007-03-05T19:30:00Z,High,0.5%,-1.8%,-0.9%,false,false
,Goods Trade Balance,AUD,2007-03-05T19:30:00Z,None,-1.23B,-1.38,-0.88B,false,false
,GDP q/q,CHF,2007-03-06T01:45:00Z,None,0.7%,0.4%,0.5%,false,false
,Foreign Currency Reserves,CHF,2007-03-06T03:00:00Z,None,,45B,45B,false,false
,Retail Sales m/m,EUR,2007-03-06T05:00:00Z,None,-0.3%,0.3%,-1.0%,false,false
,Revised GDP q/q,EUR,2007-03-06T05:00:00Z,None,0.9%,0.9%,0.9%,false,false
,BRC Retail Sales Monitor y/y,GBP,2007-03-06T06:00:00Z,None,,3.1%,3.3%,false,false
,Building Permits m/m,CAD,2007-03-06T08:30:00Z,None,2.1%,-9.0%,11.3%,false,false
,Revised Nonfarm Productivity q/q,USD,2007-03-06T08:30:00Z,None,1.7%,3.0%,1.6%,false,false
,Revised Unit Labor Costs q/q,USD,2007-03-06T08:30:00Z,None,3.2%,1.7%,6.6%,false,false
,BOC Rate Statement,CAD,2007-03-06T09:00:00Z,High,,,,false,false
,Overnight Rate,CAD,2007-03-06T09:00:00Z,High,4.25%,4.25%,4.25%,false,false
,Pending Home Sales m/m,USD,2007-03-06T10:00:00Z,High,-2.2%,4.5%,-4.1%,false,false
,Factory Orders m/m,USD,2007-03-06T10:00:00Z,None,-4.3%,2.6%,-5.6%,false,false
,Fed Chairman Bernanke Speaks,USD,2007-03-06T14:00:00Z,High,,,,false,false
,Cash Rate,AUD,2007-03-06T17:30:00Z,High,6.25%,6.25%,6.25%,false,false
,AIG Construction Index,AUD,2007-03-06T17:30:00Z,None,,48.4,51.7,false,false
,Nationwide Consumer Confidence,GBP,2007-03-06T19:01:00Z,None,82,84,85,false,false
,RBA Assist Gov Edey Speaks,AUD,2007-03-06T19:10:00Z,None,,,,false,false
,GDP q/q,AUD,2007-03-06T19:30:00Z,High,0.5%,0.3%,1.0%,false,false
,ANZ Commodity Prices m/m,NZD,2007-03-06T22:00:00Z,None,,1.3%,1.6%,false,false
,Leading Indicators,JPY,2007-03-07T00:00:00Z,None,35.0%,31.8%,35.0%,false,false
,Unemployment Rate,CHF,2007-03-07T01:45:00Z,None,3.0%,3.0%,3.0%,false,false
,BRC Shop Price Index y/y,GBP,2007-03-07T05:30:00Z,None,,1.8%,1.8%,false,false
,German Factory Orders m/m,EUR,2007-03-07T06:00:00Z,None,0.4%,0.7%,-1.0%,false,false
,ADP Non-Farm Employment Change,USD,2007-03-07T08:15:00Z,None,100K,121K,57K,false,false
,Crude Oil Inventories,USD,2007-03-07T10:30:00Z,None,1.8M,1.4M,-4.8M,false,false
,Beige Book,USD,2007-03-07T14:00:00Z,None,,,,false,false
,Official Cash Rate,NZD,2007-03-07T15:00:00Z,High,7.50%,7.25%,7.50%,false,false
,RBNZ Press Conference,NZD,2007-03-07T15:00:00Z,High,,,,false,false
,RBNZ Rate Statement,NZD,2007-03-07T15:00:00Z,High,,,,false,false
,RBNZ Monetary Policy Statement,NZD,2007-03-07T15:00:00Z,None,,,,false,false
,Consumer Credit m/m,USD,2007-03-07T15:00:00Z,None,7.0B,5.0B,6.4B,false,false
,Overseas Trade Index q/q,NZD,2007-03-07T16:45:00Z,None,3.2%,-2.2%,2.4%,false,false
,Bank Lending y/y,JPY,2007-03-07T18:50:00Z,None,,1.7%,1.3%,false,false
,M2 Money Stock y/y,JPY,2007-03-07T18:50:00Z,None,1.0%,1.0%,1.1%,false,false
,Prelim Machine Tool Orders y/y,JPY,2007-03-08T01:00:00Z,None,,6.0%,15.9%,false,false
,CPI m/m,CHF,2007-03-08T01:45:00Z,High,0.3%,-0.7%,0.2%,false,false
,Economy Watchers Sentiment,JPY,2007-03-08T02:00:00Z,None,47.8,47.2,49.2,false,false
,French Gov Budget Balance,EUR,2007-03-08T02:45:00Z,None,,-36.2B,-5.5B,false,false
,Lloyds HPI m/m,GBP,2007-03-08T03:00:00Z,High,0.5%,1.4%,1.8%,false,false
,German Industrial Production m/m,EUR,2007-03-08T06:00:00Z,None,0.3%,0.1%,1.9%,false,false
,Official Bank Rate,GBP,2007-03-08T07:00:00Z,High,5.25%,5.25%,5.25%,false,false
,Main Refinancing Rate,EUR,2007-03-08T07:45:00Z,High,3.75%,3.50%,3.75%,false,false
,Housing Starts,CAD,2007-03-08T08:15:00Z,High,214K,249K,196K,false,false
,NHPI m/m,CAD,2007-03-08T08:30:00Z,None,0.3%,0.0%,0.3%,false,false
,ECB Press Conference,EUR,2007-03-08T08:30:00Z,High,,,,false,false
,Unemployment Claims,USD,2007-03-08T08:30:00Z,None,330K,338K,328K,false,false
,Natural Gas Storage,USD,2007-03-08T09:30:00Z,None,-100B,-132B,-102B,false,false
,Core Machinery Orders m/m,JPY,2007-03-08T18:50:00Z,None,1.8%,-0.7%,3.9%,false,false
,German Trade Balance,EUR,2007-03-09T02:00:00Z,None,14.3B,14.8B,15.8B,false,false
,German WPI m/m,EUR,2007-03-09T02:00:00Z,None,0.2%,0.0%,0.4%,false,false
,French Industrial Production m/m,EUR,2007-03-09T02:45:00Z,None,0.1%,1.0%,-0.3%,false,false
,French Trade Balance,EUR,2007-03-09T02:45:00Z,None,-2.5B,-2.6B,-2.8B,false,false
,Manufacturing Production m/m,GBP,2007-03-09T04:30:00Z,High,0.2%,0.2%,-0.2%,false,false
,Industrial Production m/m,GBP,2007-03-09T04:30:00Z,None,0.2%,-0.1%,0.1%,false,false
,Employment Change,CAD,2007-03-09T07:00:00Z,High,8.0K,89.0K,14.0K,false,false
,Unemployment Rate,CAD,2007-03-09T07:00:00Z,High,6.2%,6.2%,6.1%,false,false
,Trade Balance,CAD,2007-03-09T08:30:00Z,High,4.8B,5.0B,6.3B,false,false
,Non-Farm Employment Change,USD,2007-03-09T08:30:00Z,High,100K,146K,97K,false,false
,Trade Balance,USD,2007-03-09T08:30:00Z,High,-59.5B,-61.5B,-59.1B,false,false
,Unemployment Rate,USD,2007-03-09T08:30:00Z,High,4.6%,4.6%,4.5%,false,false
,Average Hourly Earnings m/m,USD,2007-03-09T08:30:00Z,None,0.3%,0.2%,0.4%,false,false
,Final Wholesale Inventories m/m,USD,2007-03-09T10:00:00Z,None,0.0%,-0.5%,0.7%,false,false
,FOMC Member Kohn Speaks,USD,2007-03-09T13:30:00Z,None,,,,false,false
,FOMC Member Kroszner Speaks,USD,2007-03-09T15:30:00Z,None,,,,false,false
,NIESR GDP Estimate,GBP,2007-03-09T18:01:00Z,None,,0.7%,0.5%,false,false
,Daylight Saving Time Shift,CAD,2007-03-11T03:00:00Z,None,,,,false,false
,Daylight Saving Time Shift,USD,2007-03-11T03:00:00Z,None,,,,false,false
,FPI m/m,NZD,2007-03-11T17:45:00Z,None,,1.4%,0.1%,false,false
,Final GDP q/q,JPY,2007-03-11T19:50:00Z,None,1.3%,1.2%,1.3%,false,false
,Current Account,JPY,2007-03-11T19:50:00Z,None,2.01T,1.87T,1.85T,false,false
,Final GDP Price Index y/y,JPY,2007-03-11T19:50:00Z,None,0.5%,-0.5%,0.5%,false,false
,PPI y/y,JPY,2007-03-11T19:50:00Z,None,1.8%,2.2%,1.8%,false,false
,Home Loans m/m,AUD,2007-03-11T20:30:00Z,None,0.9%,0.3%,0.3%,false,false
,PPI y/y,CNY,2007-03-11T22:00:00Z,None,3.4%,3.3%,2.6%,false,false
,M2 Money Supply y/y,CNY,2007-03-11T22:00:00Z,None,16.2%,15.8%,17.8%,false,false
,New Loans,CNY,2007-03-11T22:00:00Z,None,,568B,414B,false,false
,Consumer Confidence,JPY,2007-03-12T01:00:00Z,None,48.2,48.1,48.4,false,false
,USD-Denominated Trade Balance,CNY,2007-03-12T02:50:00Z,High,7.3B,15.9B,23.8B,false,false
,Italian Industrial Production m/m,EUR,2007-03-12T05:00:00Z,None,-0.5%,1.4%,-1.4%,false,false
,PPI Input m/m,GBP,2007-03-12T05:30:00Z,High,0.8%,-2.5%,1.3%,false,false
,ONS HPI y/y,GBP,2007-03-12T05:30:00Z,None,9.6%,9.9%,10.9%,false,false
,PPI Output m/m,GBP,2007-03-12T05:30:00Z,None,0.2%,0.4%,0.3%,false,false
,Labor Productivity q/q,CAD,2007-03-12T08:30:00Z,None,-0.4%,0.0%,0.3%,false,false
,FOMC Member Kroszner Speaks,USD,2007-03-12T12:45:00Z,None,,,,false,false
,Federal Budget Balance,USD,2007-03-12T15:00:00Z,None,-123.0B,38.2B,-120.0B,false,false
,Retail Sales m/m,NZD,2007-03-12T17:45:00Z,High,0.2%,0.5%,0.5%,false,false
,Core Retail Sales m/m,NZD,2007-03-12T17:45:00Z,High,0.6%,0.0%,1.0%,false,false
,RICS House Price Balance,GBP,2007-03-12T20:01:00Z,None,24%,28%,24%,false,false
,ANZ Job Advertisements m/m,AUD,2007-03-12T20:30:00Z,None,,-0.1%,3.4%,false,false
,NAB Business Confidence,AUD,2007-03-12T20:30:00Z,None,,7,12,false,false
,CPI y/y,CNY,2007-03-12T22:00:00Z,None,2.9%,2.2%,2.7%,false,false
,Foreign Direct Investment ytd/y,CNY,2007-03-12T22:30:00Z,None,,13.8%,13.0%,false,false
,Goods Trade Balance,GBP,2007-03-13T05:30:00Z,High,-7.0B,-7.0B,-6.2B,false,false
,ZEW Economic Sentiment,EUR,2007-03-13T06:00:00Z,None,4.5,6.8,5.1,false,false
,German ZEW Economic Sentiment,EUR,2007-03-13T06:00:00Z,None,3.1,2.9,5.8,false,false
,Core Retail Sales m/m,USD,2007-03-13T08:30:00Z,High,0.3%,0.2%,-0.1%,false,false
,Retail Sales m/m,USD,2007-03-13T08:30:00Z,High,0.3%,0.0%,0.1%,false,false
,NFIB Small Business Index,USD,2007-03-13T08:30:00Z,None,,98.9,98.2,false,false
,Business Inventories m/m,USD,2007-03-13T10:00:00Z,None,0.1%,0.0%,0.2%,false,false
,Mortgage Delinquencies,USD,2007-03-13T11:00:00Z,None,,4.67%,4.95%,false,false
,JOLTS Job Openings,USD,2007-03-13T11:00:00Z,None,,4.40M,4.37M,false,false
,RCM/TIPP Economic Optimism,USD,2007-03-13T11:00:00Z,None,50.5,52.7,50.8,false,false
,CB Leading Index m/m,GBP,2007-03-13T11:30:00Z,None,,0.1%,0.3%,false,false
,10-y Bond Auction,USD,2007-03-13T14:00:00Z,None,,4.74|2.4,4.52|2.6,false,false
,Manufacturing Sales q/q,NZD,2007-03-13T17:45:00Z,None,,2.7%,-2.2%,false,false
,Westpac Consumer Sentiment,AUD,2007-03-13T19:30:00Z,None,,1.7%,3.7%,false,false
,Retail Sales y/y,CNY,2007-03-13T22:00:00Z,None,14.9%,14.6%,14.7%,false,false
,Revised Industrial Production m/m,JPY,2007-03-14T00:30:00Z,None,-1.5%,-1.5%,-1.7%,false,false
,French Final CPI m/m,EUR,2007-03-14T03:45:00Z,None,0.4%,-0.4%,0.2%,false,false
,Claimant Count Change,GBP,2007-03-14T05:30:00Z,High,-8.0K,-13.3K,-3.8K,false,false
,Average Earnings Index 3m/y,GBP,2007-03-14T05:30:00Z,None,4.0%,4.0%,4.2%,false,false
,Unemployment Rate,GBP,2007-03-14T05:30:00Z,None,5.5%,5.5%,5.5%,false,false
,UBS Economic Expectations,CHF,2007-03-14T06:00:00Z,None,,-17.3,-28.0,false,false
,Industrial Production m/m,EUR,2007-03-14T06:00:00Z,None,0.2%,1.2%,-0.2%,false,false
,Final Employment Change q/q,EUR,2007-03-14T06:00:00Z,None,,0.3%,0.3%,false,false
,Capacity Utilization Rate,CAD,2007-03-14T08:30:00Z,None,83.7%,83.4%,82.5%,false,false
,Current Account,USD,2007-03-14T08:30:00Z,None,-204B,-229B,-196B,false,false
,Import Prices m/m,USD,2007-03-14T08:30:00Z,None,0.8%,-0.9%,0.2%,false,false
,New Motor Vehicle Sales m/m,CAD,2007-03-14T08:30:00Z,None,-4.0%,5.6%,-3.3%,false,false
,Crude Oil Inventories,USD,2007-03-14T10:30:00Z,None,2.0M,-4.8M,1.1M,false,false
,ECB President Trichet Speaks,EUR,2007-03-14T14:00:00Z,None,,,,false,false
,RBNZ Gov Bollard Speaks,NZD,2007-03-14T14:30:00Z,None,,,,false,false
,MI Inflation Expectations,AUD,2007-03-14T19:30:00Z,None,,3.2%,3.2%,false,false
,Unemployment Rate,AUD,2007-03-14T20:30:00Z,None,4.5%,4.5%,4.6%,false,false
,Employment Change,AUD,2007-03-14T20:30:00Z,High,14.5K,-4.8K,22.0K,false,false
,RBA Bulletin,AUD,2007-03-14T20:30:00Z,None,,,,false,false
,OPEC Meetings,All,2007-03-15T00:00:00Z,None,,,,true,false
,German Buba President Weber Speaks,EUR,2007-03-15T02:00:00Z,None,,,,false,false
,German Final CPI m/m,EUR,2007-03-15T02:00:00Z,None,0.4%,0.4%,0.4%,false,false
,French Final Private Payrolls q/q,EUR,2007-03-15T03:45:00Z,None,0.2%,0.2%,0.2%,false,false
,Consumer Inflation Expectations,GBP,2007-03-15T05:30:00Z,None,,2.7%,2.7%,false,false
,ECB Monthly Bulletin,EUR,2007-03-15T06:00:00Z,None,,,,false,false
,Final Core CPI y/y,EUR,2007-03-15T06:00:00Z,None,1.8%,1.7%,1.9%,false,false
,Final CPI y/y,EUR,2007-03-15T06:00:00Z,None,1.8%,1.8%,1.8%,false,false
,Spanish 10-y Bond Auction,EUR,2007-03-15T06:42:00Z,None,,4.10|2.3,3.96|2.5,false,false
,MPC Member Sentance Speaks,GBP,2007-03-15T08:00:00Z,None,,,,false,false
,Manufacturing Sales m/m,CAD,2007-03-15T08:30:00Z,None,-0.7%,2.1%,-2.1%,false,false
,PPI m/m,USD,2007-03-15T08:30:00Z,High,0.4%,-0.6%,1.3%,false,false
,Core PPI m/m,USD,2007-03-15T08:30:00Z,None,0.2%,0.2%,0.4%,false,false
,Empire State Manufacturing Index,USD,2007-03-15T08:30:00Z,None,16.0,24.4,1.9,false,false
,Unemployment Claims,USD,2007-03-15T08:30:00Z,None,330K,330K,318K,false,false
,Libor Rate,CHF,2007-03-15T09:00:00Z,High,2.25%,2.00%,2.25%,false,false
,SNB Monetary Policy Assessment,CHF,2007-03-15T09:00:00Z,High,,,,false,false
,TIC Long-Term Purchases,USD,2007-03-15T09:00:00Z,High,46.5B,14.3B,97.4B,false,false
,Natural Gas Storage,USD,2007-03-15T10:30:00Z,None,-118B,-102B,-115B,false,false
,Philly Fed Manufacturing Index,USD,2007-03-15T12:00:00Z,None,4.0,0.6,0.2,false,false
,BusinessNZ Manufacturing Index,NZD,2007-03-15T19:00:00Z,None,,55.8,53.9,false,false
,Tertiary Industry Activity m/m,JPY,2007-03-15T19:50:00Z,None,1.0%,-0.4%,1.6%,false,false
,RBA Assist Gov Edey Speaks,AUD,2007-03-15T20:25:00Z,None,,,,false,false
,Fixed Asset Investment ytd/y,CNY,2007-03-15T22:00:00Z,None,24.0%,24.5%,23.4%,false,false
,Italian Trade Balance,EUR,2007-03-16T05:00:00Z,None,-2.50B,-0.83B,-3.68B,false,false
,Retail Sales y/y,CHF,2007-03-16T05:15:00Z,None,2.3%,0.8%,5.1%,false,false
,Core CPI m/m,USD,2007-03-16T08:30:00Z,High,0.2%,0.3%,0.2%,false,false
,Core CPI y/y,USD,2007-03-16T08:30:00Z,High,2.7%,2.7%,2.7%,false,false
,CPI y/y,USD,2007-03-16T08:30:00Z,High,2.3%,2.1%,2.4%,false,false
,CPI m/m,USD,2007-03-16T08:30:00Z,None,0.3%,0.2%,0.4%,false,false
,Capacity Utilization Rate,USD,2007-03-16T09:15:00Z,None,81.3%,81.4%,82.0%,false,false
,Industrial Production m/m,USD,2007-03-16T09:15:00Z,None,0.3%,-0.3%,1.0%,false,false
,Prelim UoM Consumer Sentiment,USD,2007-03-16T10:00:00Z,High,90.0,91.3,88.8,false,false
,Prelim UoM Inflation Expectations,USD,2007-03-16T10:00:00Z,None,,3.0%,3.0%,false,false
,Daylight Saving Time Shift,NZD,2007-03-17T10:00:00Z,None,,,,false,false
,Rightmove HPI m/m,GBP,2007-03-18T20:01:00Z,None,,0.9%,1.5%,false,false
,Industrial Production q/q,CHF,2007-03-19T04:15:00Z,None,3.5%,-0.5%,7.8%,false,false
,Foreign Securities Purchases,CAD,2007-03-19T08:30:00Z,None,1.34B,-3.05B,-3.76B,false,false
,Wholesale Sales m/m,CAD,2007-03-19T08:30:00Z,None,-0.9%,4.7%,-0.5%,false,false
,NAHB Housing Market Index,USD,2007-03-19T13:00:00Z,None,38,39,36,false,false
,Annual Budget Release,CAD,2007-03-19T17:00:00Z,None,,,,false,false
,Visitor Arrivals m/m,NZD,2007-03-19T18:45:00Z,None,,-3.0%,6.5%,false,false
,Housing Starts q/q,AUD,2007-03-19T20:30:00Z,None,-0.6%,0.1%,-0.8%,false,false
,Overnight Call Rate,JPY,2007-03-19T23:00:00Z,None,0.50%,0.50%,0.50%,false,false
,Bank Holiday,JPY,2007-03-20T00:00:00Z,None,,,,true,false
,BOJ Monthly Report,JPY,2007-03-20T02:00:00Z,None,,,,false,false
,BOJ Press Conference,JPY,2007-03-20T02:27:00Z,High,,,,false,false
,German PPI m/m,EUR,2007-03-20T03:00:00Z,None,0.3%,0.0%,0.3%,false,false
,PPI m/m,CHF,2007-03-20T04:15:00Z,None,0.1%,-0.2%,0.3%,false,false
,CPI y/y,GBP,2007-03-20T05:30:00Z,High,2.7%,2.7%,2.8%,false,false
,Core CPI y/y,GBP,2007-03-20T05:30:00Z,None,1.7%,1.6%,1.7%,false,false
,M4 Money Supply m/m,GBP,2007-03-20T05:30:00Z,None,0.8%,0.9%,0.9%,false,false
,Public Sector Net Borrowing,GBP,2007-03-20T05:30:00Z,None,2.5B,-10.7B,1.0B,false,false
,RPI y/y,GBP,2007-03-20T05:30:00Z,None,4.3%,4.2%,4.6%,false,false
,Core CPI m/m,CAD,2007-03-20T07:00:00Z,High,0.2%,0.1%,0.5%,false,false
,CPI m/m,CAD,2007-03-20T07:00:00Z,None,0.3%,0.1%,0.7%,false,false
,Building Permits,USD,2007-03-20T08:30:00Z,None,1.55M,1.57M,1.53M,false,false
,Housing Starts,USD,2007-03-20T08:30:00Z,None,1.44M,1.40M,1.53M,false,false
,MPC Member Barker Speaks,GBP,2007-03-20T15:25:00Z,None,,,,false,false
,MI Leading Index m/m,AUD,2007-03-20T19:30:00Z,None,,0.5%,0.1%,false,false
,New Motor Vehicle Sales m/m,AUD,2007-03-20T20:30:00Z,None,,5.2%,0.0%,false,false
,Credit Card Spending y/y,NZD,2007-03-20T23:00:00Z,None,,6.7%,8.2%,false,false
,Trade Balance,CHF,2007-03-21T03:15:00Z,None,1.01B,1.29B,1.38B,false,false
,ECB President Trichet Speaks,EUR,2007-03-21T04:00:00Z,High,,,,false,false
,Italian Quarterly Unemployment Rate,EUR,2007-03-21T05:00:00Z,None,6.7%,6.9%,6.5%,false,false
,MPC Official Bank Rate Votes,GBP,2007-03-21T05:30:00Z,High,2-0-7,2-0-7,0-1-8,false,false
,Core Retail Sales m/m,CAD,2007-03-21T08:30:00Z,High,0.4%,1.9%,0.3%,false,false
,Retail Sales m/m,CAD,2007-03-21T08:30:00Z,None,-0.2%,2.2%,-0.2%,false,false
,Leading Index m/m,CAD,2007-03-21T08:30:00Z,None,0.5%,0.5%,0.7%,false,false
,Annual Budget Release,GBP,2007-03-21T08:30:00Z,None,,,,false,false
,Crude Oil Inventories,USD,2007-03-21T10:30:00Z,None,1.0M,1.1M,3.9M,false,false
,Federal Funds Rate,USD,2007-03-21T14:15:00Z,High,5.25%,5.25%,5.25%,false,false
,FOMC Statement,USD,2007-03-21T14:15:00Z,High,,,,false,false
,BSI Manufacturing Index,JPY,2007-03-21T19:50:00Z,None,6.0,7.1,0.1,false,false
,Trade Balance,JPY,2007-03-21T19:50:00Z,None,0.43T,1.05T,0.66T,false,false
,Retail Sales m/m,GBP,2007-03-22T05:30:00Z,High,0.6%,-1.5%,1.4%,false,false
,Industrial New Orders m/m,EUR,2007-03-22T06:00:00Z,None,-1.0%,1.8%,-0.2%,false,false
,Trade Balance,EUR,2007-03-22T06:00:00Z,None,2.3B,2.0B,1.3B,false,false
,CBI Industrial Order Expectations,GBP,2007-03-22T07:00:00Z,None,6,4,8,false,false
,Gov Council Member Jenkins Speaks,CAD,2007-03-22T08:30:00Z,None,,,,false,false
,Unemployment Claims,USD,2007-03-22T08:30:00Z,None,320K,320K,316K,false,false
,Belgian NBB Business Climate,EUR,2007-03-22T10:00:00Z,None,2.9,3.5,1.4,false,false
,CB Leading Index m/m,USD,2007-03-22T10:00:00Z,None,-0.3%,-0.3%,-0.5%,false,false
,Natural Gas Storage,USD,2007-03-22T10:30:00Z,None,-1B,-115B,17B,false,false
,FOMC Member Kroszner Speaks,USD,2007-03-22T12:00:00Z,None,,,,false,false
,FOMC Member Kohn Speaks,USD,2007-03-22T13:30:00Z,None,,,,false,false
,CB Leading Index m/m,AUD,2007-03-22T19:00:00Z,None,,0.2%,-0.2%,false,false
,All Industries Activity m/m,JPY,2007-03-22T19:50:00Z,None,0.7%,0.0%,0.7%,false,false
,RBA Financial Stability Review,AUD,2007-03-22T20:30:00Z,None,,,,false,false
,German Import Prices m/m,EUR,2007-03-23T03:00:00Z,None,0.4%,-0.7%,0.5%,false,false
,French Consumer Spending m/m,EUR,2007-03-23T03:45:00Z,None,-0.6%,1.0%,-0.4%,false,false
,Current Account,EUR,2007-03-23T05:00:00Z,None,2.5B,2.0B,2.7B,false,false
,Italian Retail Sales m/m,EUR,2007-03-23T05:00:00Z,None,0.2%,0.0%,-0.4%,false,false
,Existing Home Sales,USD,2007-03-23T10:00:00Z,High,6.34M,6.44M,6.69M,false,false
,FOMC Member Geithner Speaks,USD,2007-03-23T11:30:00Z,None,,,,false,false
,FOMC Member Mishkin Speaks,USD,2007-03-23T22:15:00Z,None,,,,false,false
,Daylight Saving Time Shift,AUD,2007-03-24T12:00:00Z,None,,,,false,false
,Daylight Saving Time Shift,CHF,2007-03-24T22:00:00Z,None,,,,false,false
,Daylight Saving Time Shift,EUR,2007-03-24T22:00:00Z,None,,,,false,false
,Daylight Saving Time Shift,GBP,2007-03-24T22:00:00Z,None,,,,false,false
,Trade Balance,NZD,2007-03-25T18:45:00Z,High,-252M,-831M,-127M,false,false
,Monetary Policy Meeting Minutes,JPY,2007-03-25T19:50:00Z,None,,,,false,false
,Industrial Production y/y,CNY,2007-03-25T22:00:00Z,High,15.0%,14.7%,18.5%,false,false
,Eurogroup Meetings,EUR,2007-03-26T00:00:00Z,None,,,,true,false
,German Buba Monthly Report,EUR,2007-03-26T06:00:00Z,None,,,,false,false
,MPC Member Gieve Speaks,GBP,2007-03-26T06:30:00Z,None,,,,false,false
,New Home Sales,USD,2007-03-26T10:00:00Z,High,985K,882K,848K,false,false
,SPPI y/y,JPY,2007-03-26T19:50:00Z,None,0.6%,0.6%,0.4%,false,false
,HIA New Home Sales m/m,AUD,2007-03-26T22:00:00Z,None,,5.8%,2.9%,false,false
,ECOFIN Meetings,EUR,2007-03-27T00:00:00Z,None,,,,true,false
,German ifo Business Climate,EUR,2007-03-27T04:00:00Z,High,106.5,107.0,107.7,false,false
,UBS Consumption Indicator,CHF,2007-03-27T04:00:00Z,None,,1.95,2.03,false,false
,High Street Lending,GBP,2007-03-27T04:30:00Z,None,,42.8K,54.7K,false,false
,Revised Business Investment q/q,GBP,2007-03-27T04:30:00Z,None,3.3%,3.3%,4.5%,false,false
,BOE Gov King Speaks,GBP,2007-03-27T04:45:00Z,High,,,,false,false
,Monetary Policy Report Hearings,GBP,2007-03-27T04:45:00Z,High,,,,false,false
,SNB Quarterly Bulletin,CHF,2007-03-27T06:00:00Z,None,,,,false,false
,Italian 10-y Bond Auction,EUR,2007-03-27T06:00:00Z,None,,4.14|1.6,4.22|1.4,false,false
,S&P/CS Composite-20 HPI y/y,USD,2007-03-27T09:00:00Z,None,0.0%,0.6%,-0.2%,false,false
,Westpac Consumer Sentiment,NZD,2007-03-27T09:00:00Z,None,,119.7,117.7,false,false
,CB Consumer Confidence,USD,2007-03-27T10:00:00Z,High,109.0,111.2,107.2,false,false
,Richmond Manufacturing Index,USD,2007-03-27T10:00:00Z,None,-4,-10,-10,false,false
,Building Consents m/m,NZD,2007-03-27T18:45:00Z,None,,3.7%,5.8%,false,false
,German Prelim CPI m/m,EUR,2007-03-28T00:00:00Z,None,0.2%,0.4%,0.3%,true,false
,German GfK Consumer Climate,EUR,2007-03-28T02:00:00Z,None,4.5,4.3,4.4,false,false
,Nationwide HPI m/m,GBP,2007-03-28T02:00:00Z,None,0.7%,0.6%,0.4%,false,false
,M3 Money Supply y/y,EUR,2007-03-28T04:00:00Z,None,9.8%,9.9%,10.0%,false,false
,Private Loans y/y,EUR,2007-03-28T04:00:00Z,None,10.9%,10.6%,10.3%,false,false
,Final GDP q/q,GBP,2007-03-28T04:30:00Z,None,0.8%,0.8%,0.7%,false,false
,Current Account,GBP,2007-03-28T04:30:00Z,High,-8.9B,-10.5B,-12.7B,false,false
,KOF Economic Barometer,CHF,2007-03-28T05:30:00Z,None,1.83,1.81,1.90,false,false
,Core Durable Goods Orders m/m,USD,2007-03-28T08:30:00Z,High,1.8%,-4.0%,-0.1%,false,false
,Durable Goods Orders m/m,USD,2007-03-28T08:30:00Z,None,3.0%,-9.3%,2.5%,false,false
,Fed Chairman Bernanke Testifies,USD,2007-03-28T10:30:00Z,High,,,,false,false
,Crude Oil Inventories,USD,2007-03-28T10:30:00Z,None,2.1M,3.9M,-0.8M,false,false
,ECB President Trichet Speaks,EUR,2007-03-28T11:30:00Z,None,,,,false,false
,Current Account,NZD,2007-03-28T18:45:00Z,High,-4.13B,-4.67B,-3.93B,false,false
,Retail Sales y/y,JPY,2007-03-28T19:50:00Z,None,0.1%,-0.9%,-0.2%,false,false
,SECO Economic Forecasts,CHF,2007-03-29T01:45:00Z,None,,,,false,false
,German Unemployment Change,EUR,2007-03-29T03:55:00Z,None,-60K,-69K,-58K,false,false
,Mortgage Approvals,GBP,2007-03-29T04:30:00Z,None,117K,119K,119K,false,false
,Net Lending to Individuals m/m,GBP,2007-03-29T04:30:00Z,None,10.4B,10.5B,11.2B,false,false
,Retail PMI,EUR,2007-03-29T05:00:00Z,None,,49.8,53.4,false,false
,Index of Services 3m/3m,GBP,2007-03-29T05:30:00Z,None,0.9%,0.9%,0.8%,false,false
,CBI Realized Sales,GBP,2007-03-29T06:00:00Z,None,20,19,32,false,false
,Final GDP q/q,USD,2007-03-29T08:30:00Z,None,2.2%,2.2%,2.5%,false,false
,Final GDP Price Index q/q,USD,2007-03-29T08:30:00Z,None,1.7%,1.7%,1.7%,false,false
,Unemployment Claims,USD,2007-03-29T08:30:00Z,None,320K,318K,308K,false,false
,FOMC Member Kohn Speaks,USD,2007-03-29T10:00:00Z,None,,,,false,false
,Natural Gas Storage,USD,2007-03-29T10:30:00Z,None,-18B,17B,-22B,false,false
,GDP q/q,NZD,2007-03-29T18:45:00Z,High,0.9%,0.3%,0.8%,false,false
,Tokyo Core CPI y/y,JPY,2007-03-29T19:30:00Z,None,0.0%,0.0%,-0.1%,false,false
,Final Manufacturing PMI,JPY,2007-03-29T19:30:00Z,None,,53.0,52.5,false,false
,Household Spending y/y,JPY,2007-03-29T19:30:00Z,None,0.7%,0.6%,1.3%,false,false
,National Core CPI y/y,JPY,2007-03-29T19:30:00Z,None,-0.1%,0.0%,-0.1%,false,false
,Unemployment Rate,JPY,2007-03-29T19:30:00Z,None,4.0%,4.0%,4.0%,false,false
,Prelim Industrial Production m/m,JPY,2007-03-29T19:50:00Z,None,-1.0%,-1.7%,-0.2%,false,false
,MI Inflation Gauge m/m,AUD,2007-03-29T20:30:00Z,None,,0.2%,0.5%,false,false
,Average Cash Earnings y/y,JPY,2007-03-29T21:30:00Z,None,-0.4%,-1.2%,-0.7%,false,false
,ANZ Business Confidence,NZD,2007-03-29T22:00:00Z,None,,-5.9,-12.5,false,false
,Housing Starts y/y,JPY,2007-03-30T01:00:00Z,None,-2.0%,-0.7%,-9.9%,false,false
,German Retail Sales m/m,EUR,2007-03-30T02:00:00Z,None,0.5%,-4.3%,0.9%,false,false
,Consumer Confidence,EUR,2007-03-30T05:00:00Z,None,-5,-5,-4,false,false
,CPI Flash Estimate y/y,EUR,2007-03-30T05:00:00Z,None,1.9%,1.8%,1.9%,false,false
,Italian Prelim CPI m/m,EUR,2007-03-30T05:00:00Z,None,0.2%,0.3%,0.2%,false,false
,Unemployment Rate,EUR,2007-03-30T05:00:00Z,None,7.3%,7.4%,7.3%,false,false
,GfK Consumer Confidence,GBP,2007-03-30T05:30:00Z,None,-8,-8,-8,false,false
,GDP m/m,CAD,2007-03-30T08:30:00Z,High,0.2%,0.4%,0.1%,false,false
,IPPI m/m,CAD,2007-03-30T08:30:00Z,None,0.2%,0.2%,0.9%,false,false
,RMPI m/m,CAD,2007-03-30T08:30:00Z,None,0.6%,-3.0%,2.6%,false,false
,Core PCE Price Index m/m,USD,2007-03-30T08:30:00Z,High,0.2%,0.2%,0.3%,false,false
,Personal Spending m/m,USD,2007-03-30T08:30:00Z,None,0.3%,0.5%,0.6%,false,false
,Personal Income m/m,USD,2007-03-30T08:30:00Z,None,0.3%,1.0%,0.6%,false,false
,Chicago PMI,USD,2007-03-30T09:45:00Z,None,49.5,47.9,61.7,false,false
,Revised UoM Consumer Sentiment,USD,2007-03-30T10:00:00Z,None,88.8,88.8,88.4,false,false
,Construction Spending m/m,USD,2007-03-30T10:00:00Z,None,-0.6%,0.5%,0.3%,false,false
,Revised UoM Inflation Expectations,USD,2007-03-30T10:00:00Z,None,,3.0%,3.0%,false,false
,Fed Chairman Bernanke Speaks,USD,2007-03-30T12:00:00Z,High,,,,false,false
,AIG Manufacturing Index,AUD,2007-04-01T19:30:00Z,None,,57.7,56.0,false,false
,Tankan Manufacturing Index,JPY,2007-04-01T19:50:00Z,High,24,25,23,false,false
,Tankan Non-Manufacturing Index,JPY,2007-04-01T19:50:00Z,None,23,22,22,false,false
,Private Sector Credit m/m,AUD,2007-04-01T20:30:00Z,None,1.3%,1.2%,1.4%,false,false
,Manufacturing PMI,CNY,2007-04-01T21:00:00Z,High,,53.1,56.1,false,false
,Building Approvals m/m,AUD,2007-04-01T21:30:00Z,High,0.5%,-2.4%,10.6%,false,false
,Retail Sales m/m,AUD,2007-04-01T21:30:00Z,High,0.6%,0.8%,0.9%,false,false
,RatingDog Manufacturing PMI,CNY,2007-04-01T22:30:00Z,None,,53.0,52.3,false,false
,Commodity Prices y/y,AUD,2007-04-02T02:30:00Z,None,,8.1%,9.0%,false,false
,Spanish Manufacturing PMI,EUR,2007-04-02T03:15:00Z,None,,56.2,55.4,false,false
,Manufacturing PMI,CHF,2007-04-02T03:30:00Z,None,63.1,63.5,62.0,false,false
,Italian Manufacturing PMI,EUR,2007-04-02T03:45:00Z,None,54.5,54.2,53.8,false,false
,Final Manufacturing PMI,EUR,2007-04-02T04:00:00Z,None,55.6,55.6,55.4,false,false
,Final Manufacturing PMI,GBP,2007-04-02T04:30:00Z,None,55.0,55.4,54.4,false,false
,Housing Equity Withdrawal q/q,GBP,2007-04-02T04:30:00Z,None,14.3B,12.2B,14.6B,false,false
,ISM Manufacturing PMI,USD,2007-04-02T10:00:00Z,High,51.3,52.3,50.9,false,false
,ISM Manufacturing Prices,USD,2007-04-02T10:00:00Z,None,60.0,59.0,65.5,false,false
,Monetary Base y/y,JPY,2007-04-02T19:50:00Z,None,-22.0%,-21.1%,-19.1%,false,false
,Non-Manufacturing PMI,CNY,2007-04-02T21:00:00Z,None,,49.7,59.6,false,false
,Goods Trade Balance,AUD,2007-04-02T21:30:00Z,None,-1.30B,-0.82B,-0.84B,false,false
,10-y Bond Auction,JPY,2007-04-02T23:45:00Z,None,,1.67|3.9,1.66|3.1,false,false
,Total Vehicle Sales,USD,2007-04-03T00:00:00Z,None,16.4M,16.6M,16.3M,true,false
,CPI m/m,CHF,2007-04-03T01:45:00Z,High,0.2%,0.2%,0.1%,false,false
,Spanish Unemployment Change,EUR,2007-04-03T03:00:00Z,None,,-7.2K,-15.8K,false,false
,Construction PMI,GBP,2007-04-03T04:30:00Z,None,57.5,57.3,58.9,false,false
,PPI m/m,EUR,2007-04-03T05:00:00Z,None,0.3%,0.2%,0.3%,false,false
,Pending Home Sales m/m,USD,2007-04-03T10:00:00Z,High,-0.5%,-4.2%,0.7%,false,false
,Nationwide Consumer Confidence,GBP,2007-04-03T19:01:00Z,None,86,85,88,false,false
,Cash Rate,AUD,2007-04-03T19:30:00Z,High,6.25%,6.25%,6.25%,false,false
,AIG Services Index,AUD,2007-04-03T19:30:00Z,None,,54.5,50.6,false,false
,ANZ Commodity Prices m/m,NZD,2007-04-03T23:00:00Z,None,,1.6%,2.0%,false,false
,Spanish Services PMI,EUR,2007-04-04T03:15:00Z,None,,56.7,56.7,false,false
,Italian Services PMI,EUR,2007-04-04T03:45:00Z,None,56.4,56.2,54.1,false,false
,Final Services PMI,EUR,2007-04-04T04:00:00Z,None,57.6,57.5,57.4,false,false
,Final Services PMI,GBP,2007-04-04T04:30:00Z,None,57.5,57.4,57.6,false,false
,Retail Sales m/m,EUR,2007-04-04T05:00:00Z,None,1.0%,-0.8%,0.3%,false,false
,BRC Shop Price Index y/y,GBP,2007-04-04T05:30:00Z,None,,1.8%,0.7%,false,false
,German Factory Orders m/m,EUR,2007-04-04T06:00:00Z,None,0.6%,-0.3%,3.9%,false,false
,ADP Non-Farm Employment Change,USD,2007-04-04T08:15:00Z,High,125K,65K,106K,false,false
,Building Permits m/m,CAD,2007-04-04T08:30:00Z,None,-8.5%,10.4%,-22.4%,false,false
,ISM Services PMI,USD,2007-04-04T10:00:00Z,High,54.8,54.3,52.4,false,false
,Factory Orders m/m,USD,2007-04-04T10:00:00Z,None,1.9%,-5.7%,1.0%,false,false
,Crude Oil Inventories,USD,2007-04-04T10:30:00Z,None,0.5M,-0.8M,4.3M,false,false
,Bank Holiday,NZD,2007-04-05T00:00:00Z,None,,,,true,false
,Bank Holiday,AUD,2007-04-05T00:00:00Z,None,,,,true,false
,Lloyds HPI m/m,GBP,2007-04-05T04:00:00Z,High,0.5%,1.9%,1.0%,false,false
,Manufacturing Production m/m,GBP,2007-04-05T04:30:00Z,High,0.3%,-0.2%,-0.6%,false,false
,Industrial Production m/m,GBP,2007-04-05T04:30:00Z,None,0.2%,0.0%,-0.2%,false,false
,French 10-y Bond Auction,EUR,2007-04-05T04:56:00Z,None,,4.01|2.3,4.13|3.0,false,false
,Foreign Currency Reserves,CHF,2007-04-05T05:00:00Z,None,,45B,45B,false,false
,German Industrial Production m/m,EUR,2007-04-05T06:00:00Z,None,-0.4%,0.9%,0.9%,false,false
,Employment Change,CAD,2007-04-05T07:00:00Z,High,12.0K,14.2K,54.9K,false,false
,Unemployment Rate,CAD,2007-04-05T07:00:00Z,High,6.1%,6.1%,6.1%,false,false
,Official Bank Rate,GBP,2007-04-05T07:00:00Z,High,5.25%,5.25%,5.25%,false,false
,Unemployment Claims,USD,2007-04-05T08:30:00Z,None,314K,310K,321K,false,false
,Ivey PMI,CAD,2007-04-05T10:00:00Z,High,61.0,60.5,67.3,false,false
,Natural Gas Storage,USD,2007-04-05T10:30:00Z,None,54B,-22B,58B,false,false
,NIESR GDP Estimate,GBP,2007-04-05T19:01:00Z,None,,0.5%,0.5%,false,false
,Bank Holiday,CHF,2007-04-06T00:00:00Z,None,,,,true,false
,Bank Holiday,GBP,2007-04-06T00:00:00Z,None,,,,true,false
,Bank Holiday,CAD,2007-04-06T00:00:00Z,None,,,,true,false
,German Bank Holiday,EUR,2007-04-06T00:00:00Z,None,,,,true,false
,Leading Indicators,JPY,2007-04-06T01:00:00Z,None,30.0%,40.9%,30.0%,false,false
,French Gov Budget Balance,EUR,2007-04-06T02:45:00Z,None,,-5.5B,-20.0B,false,false
,Unemployment Rate,USD,2007-04-06T08:30:00Z,High,4.6%,4.5%,4.4%,false,false
,Average Hourly Earnings m/m,USD,2007-04-06T08:30:00Z,None,0.3%,0.4%,0.3%,false,false
,Non-Farm Employment Change,USD,2007-04-06T08:30:00Z,High,135K,113K,180K,false,false
,Final Wholesale Inventories m/m,USD,2007-04-06T10:00:00Z,None,0.4%,0.6%,0.5%,false,false
,Consumer Credit m/m,USD,2007-04-06T15:00:00Z,None,5.5B,6.6B,3.0B,false,false
,Bank Holiday,AUD,2007-04-08T00:00:00Z,None,,,,true,false
,Bank Holiday,NZD,2007-04-08T00:00:00Z,None,,,,true,false
,French Bank Holiday,EUR,2007-04-09T00:00:00Z,None,,,,true,false
,Bank Holiday,CHF,2007-04-09T00:00:00Z,None,,,,true,false
,German Bank Holiday,EUR,2007-04-09T00:00:00Z,None,,,,true,false
,Italian Bank Holiday,EUR,2007-04-09T00:00:00Z,None,,,,true,false
,Bank Holiday,GBP,2007-04-09T00:00:00Z,None,,,,true,false
,Economy Watchers Sentiment,JPY,2007-04-09T01:00:00Z,None,52.0,49.2,50.8,false,false
,FOMC Member Kroszner Speaks,USD,2007-04-09T08:30:00Z,None,,,,false,false
,NZIER Business Confidence,NZD,2007-04-09T18:00:00Z,High,,3,-15,false,false
,AIG Construction Index,AUD,2007-04-09T19:30:00Z,None,,51.7,51.1,false,false
,NAB Business Confidence,AUD,2007-04-09T21:30:00Z,None,,12,10,false,false
,ANZ Job Advertisements m/m,AUD,2007-04-09T21:30:00Z,None,,3.4%,1.9%,false,false
,Overnight Call Rate,JPY,2007-04-09T23:23:00Z,None,0.50%,0.50%,0.50%,false,false
,USD-Denominated Trade Balance,CNY,2007-04-10T01:00:00Z,High,20.0B,23.8B,6.9B,false,false
,Unemployment Rate,CHF,2007-04-10T01:45:00Z,None,2.9%,3.0%,2.9%,false,false
,German Trade Balance,EUR,2007-04-10T02:00:00Z,None,15.4B,15.8B,13.8B,false,false
,BOJ Monthly Report,JPY,2007-04-10T02:00:00Z,None,,,,false,false
,Prelim Machine Tool Orders y/y,JPY,2007-04-10T02:00:00Z,None,,16.5%,9.5%,false,false
,French Industrial Production m/m,EUR,2007-04-10T02:45:00Z,None,0.5%,-0.2%,1.1%,false,false
,BOJ Press Conference,JPY,2007-04-10T02:57:00Z,High,,,,false,false
,Sentix Investor Confidence,EUR,2007-04-10T04:30:00Z,None,31.6,27.5,34.7,false,false
,FOMC Member Mishkin Speaks,USD,2007-04-10T09:30:00Z,None,,,,false,false
,JOLTS Job Openings,USD,2007-04-10T10:00:00Z,None,,4.22M,4.07M,false,false
,RCM/TIPP Economic Optimism,USD,2007-04-10T10:00:00Z,None,50.0,50.8,45.5,false,false
,BRC Retail Sales Monitor y/y,GBP,2007-04-10T19:01:00Z,None,,3.3%,3.9%,false,false
,Core Machinery Orders m/m,JPY,2007-04-10T19:50:00Z,None,-0.4%,3.9%,-5.2%,false,false
,Bank Lending y/y,JPY,2007-04-10T19:50:00Z,None,,1.3%,1.0%,false,false
,Current Account,JPY,2007-04-10T19:50:00Z,None,1.65T,1.85T,1.49T,false,false
,M2 Money Stock y/y,JPY,2007-04-10T19:50:00Z,None,1.0%,1.1%,1.1%,false,false
,Home Loans m/m,AUD,2007-04-10T21:30:00Z,None,0.3%,0.5%,0.3%,false,false
,German WPI m/m,EUR,2007-04-11T02:00:00Z,None,0.5%,0.4%,0.5%,false,false
,French Trade Balance,EUR,2007-04-11T02:45:00Z,None,-2.8B,-2.6B,-2.7B,false,false
,Housing Starts,CAD,2007-04-11T08:15:00Z,High,214K,196K,211K,false,false
,Crude Oil Inventories,USD,2007-04-11T10:30:00Z,None,1.7M,4.3M,0.7M,false,false
,CB Leading Index m/m,GBP,2007-04-11T10:30:00Z,None,,0.3%,0.8%,false,false
,Fed Chairman Bernanke Speaks,USD,2007-04-11T13:00:00Z,High,,,,false,false
,FOMC Meeting Minutes,USD,2007-04-11T14:00:00Z,High,,,,false,false
,Federal Budget Balance,USD,2007-04-11T14:00:00Z,None,-90.0B,-120.0B,-96.3B,false,false
,RICS House Price Balance,GBP,2007-04-11T19:01:00Z,None,22%,25%,26%,false,false
,PPI y/y,JPY,2007-04-11T19:50:00Z,None,1.9%,1.7%,2.0%,false,false
,BusinessNZ Manufacturing Index,NZD,2007-04-11T20:00:00Z,None,,54.0,57.1,false,false
,Unemployment Rate,AUD,2007-04-11T21:30:00Z,None,4.6%,4.6%,4.5%,false,false
,Employment Change,AUD,2007-04-11T21:30:00Z,High,15.5K,23.2K,10.5K,false,false
,New Loans,CNY,2007-04-11T22:00:00Z,None,,414B,442B,false,false
,M2 Money Supply y/y,CNY,2007-04-11T22:00:00Z,None,17.2%,17.8%,17.3%,false,false
,Foreign Direct Investment ytd/y,CNY,2007-04-11T22:45:00Z,None,,13.0%,11.6%,false,false
,Italian Industrial Production m/m,EUR,2007-04-12T04:00:00Z,None,0.5%,-1.7%,-0.5%,false,false
,Goods Trade Balance,GBP,2007-04-12T04:30:00Z,High,-6.4B,-6.4B,-6.8B,false,false
,Final GDP q/q,EUR,2007-04-12T05:00:00Z,None,0.9%,0.9%,0.9%,false,false
,NFIB Small Business Index,USD,2007-04-12T07:30:00Z,None,,98.2,97.3,false,false
,Main Refinancing Rate,EUR,2007-04-12T07:45:00Z,None,3.75%,3.75%,3.75%,false,false
,NHPI m/m,CAD,2007-04-12T08:30:00Z,None,0.3%,0.3%,0.5%,false,false
,ECB Press Conference,EUR,2007-04-12T08:30:00Z,High,,,,false,false
,Import Prices m/m,USD,2007-04-12T08:30:00Z,None,0.7%,0.1%,1.7%,false,false
,Unemployment Claims,USD,2007-04-12T08:30:00Z,None,318K,323K,342K,false,false
,Gov Council Member Kennedy Speaks,CAD,2007-04-12T08:30:00Z,None,,,,false,false
,Natural Gas Storage,USD,2007-04-12T10:30:00Z,None,18B,58B,23B,false,false
,Core Retail Sales m/m,NZD,2007-04-12T18:45:00Z,High,1.0%,1.0%,2.3%,false,false
,Retail Sales m/m,NZD,2007-04-12T18:45:00Z,High,0.5%,0.5%,1.9%,false,false
,G7 Meetings,All,2007-04-13T00:00:00Z,High,,,,true,false
,French Final CPI m/m,EUR,2007-04-13T02:45:00Z,None,0.5%,0.2%,0.4%,false,false
,Industrial Production m/m,EUR,2007-04-13T05:00:00Z,None,0.4%,-0.5%,0.6%,false,false
,PPI m/m,USD,2007-04-13T08:30:00Z,High,0.7%,1.3%,1.0%,false,false
,Trade Balance,USD,2007-04-13T08:30:00Z,High,-60.2B,-58.9B,-58.4B,false,false
,Core PPI m/m,USD,2007-04-13T08:30:00Z,None,0.2%,0.4%,0.0%,false,false
,Trade Balance,CAD,2007-04-13T08:30:00Z,High,6.1B,5.8B,4.8B,false,false
,Prelim UoM Consumer Sentiment,USD,2007-04-13T10:00:00Z,High,87.5,88.4,85.3,false,false
,Prelim UoM Inflation Expectations,USD,2007-04-13T10:00:00Z,None,,3.0%,3.3%,false,false
,IMF Meetings,All,2007-04-14T00:00:00Z,None,,,,false,false
,IMF Meetings,All,2007-04-15T00:00:00Z,None,,,,false,false
,Rightmove HPI m/m,GBP,2007-04-15T19:01:00Z,None,,1.5%,3.6%,false,false
,Revised Industrial Production m/m,JPY,2007-04-16T00:30:00Z,None,-0.2%,-0.2%,0.7%,false,false
,German Final CPI m/m,EUR,2007-04-16T02:00:00Z,None,0.3%,0.3%,0.3%,false,false
,PPI Input m/m,GBP,2007-04-16T04:30:00Z,High,0.9%,1.5%,1.2%,false,false
,ONS HPI y/y,GBP,2007-04-16T04:30:00Z,None,11.1%,10.9%,12.1%,false,false
,PPI Output m/m,GBP,2007-04-16T04:30:00Z,None,0.3%,0.4%,0.6%,false,false
,Final Core CPI y/y,EUR,2007-04-16T05:00:00Z,None,1.9%,1.9%,1.9%,false,false
,Final CPI y/y,EUR,2007-04-16T05:00:00Z,None,1.9%,1.9%,1.9%,false,false
,Empire State Manufacturing Index,USD,2007-04-16T08:30:00Z,None,7.5,1.9,3.8,false,false
,New Motor Vehicle Sales m/m,CAD,2007-04-16T08:30:00Z,None,-3.7%,-4.0%,-3.7%,false,false
,Core Retail Sales m/m,USD,2007-04-16T08:30:00Z,High,0.8%,0.4%,0.8%,false,false
,Retail Sales m/m,USD,2007-04-16T08:30:00Z,High,0.4%,0.5%,0.7%,false,false
,TIC Long-Term Purchases,USD,2007-04-16T09:00:00Z,High,80.5B,98.8B,58.1B,false,false
,Business Inventories m/m,USD,2007-04-16T10:00:00Z,None,0.2%,0.2%,0.3%,false,false
,BOC Business Outlook Survey,CAD,2007-04-16T10:30:00Z,High,,,,false,false
,ECB President Trichet Speaks,EUR,2007-04-16T12:00:00Z,None,,,,false,false
,NAHB Housing Market Index,USD,2007-04-16T13:00:00Z,None,36,36,33,false,false
,NAB Quarterly Business Confidence,AUD,2007-04-16T21:30:00Z,None,,4,10,false,false
,30-y Bond Auction,JPY,2007-04-16T23:45:00Z,None,,2.38|3.3,2.35|4.3,false,false
,Retail Sales y/y,CHF,2007-04-17T03:15:00Z,None,4.0%,5.1%,4.5%,false,false
,Italian Trade Balance,EUR,2007-04-17T04:00:00Z,None,-1.98B,-3.69B,-1.83B,false,false
,CPI y/y,GBP,2007-04-17T04:30:00Z,High,2.8%,2.8%,3.1%,false,false
,Core CPI y/y,GBP,2007-04-17T04:30:00Z,None,1.8%,1.7%,1.9%,false,false
,RPI y/y,GBP,2007-04-17T04:30:00Z,None,4.6%,4.6%,4.8%,false,false
,German ZEW Economic Sentiment,EUR,2007-04-17T05:00:00Z,None,10.0,5.8,16.5,false,false
,Trade Balance,EUR,2007-04-17T05:00:00Z,None,0.5B,1.3B,-0.2B,false,false
,ZEW Economic Sentiment,EUR,2007-04-17T05:00:00Z,None,7.5,5.1,10.7,false,false
,BOE Inflation Letter,GBP,2007-04-17T05:30:00Z,High,,,,false,false
,Building Permits,USD,2007-04-17T08:30:00Z,None,1.51M,1.53M,1.54M,false,false
,Housing Starts,USD,2007-04-17T08:30:00Z,None,1.50M,1.51M,1.52M,false,false
,Manufacturing Sales m/m,CAD,2007-04-17T08:30:00Z,None,0.1%,-1.9%,-0.2%,false,false
,Core CPI m/m,USD,2007-04-17T08:30:00Z,High,0.2%,0.2%,0.1%,false,false
,Core CPI y/y,USD,2007-04-17T08:30:00Z,High,2.6%,2.7%,2.5%,false,false
,CPI y/y,USD,2007-04-17T08:30:00Z,High,2.8%,2.4%,2.8%,false,false
,CPI m/m,USD,2007-04-17T08:30:00Z,None,0.6%,0.4%,0.6%,false,false
,Industrial Production m/m,USD,2007-04-17T09:15:00Z,None,0.2%,0.8%,-0.2%,false,false
,Capacity Utilization Rate,USD,2007-04-17T09:15:00Z,None,82.0%,81.6%,81.4%,false,false
,ECB President Trichet Speaks,EUR,2007-04-17T11:00:00Z,None,,,,false,false
,FOMC Member Geithner Speaks,USD,2007-04-17T12:30:00Z,None,,,,false,false
,FPI m/m,NZD,2007-04-17T18:45:00Z,None,,0.1%,0.0%,false,false
,CPI q/q,NZD,2007-04-17T18:45:00Z,High,0.5%,-0.2%,0.5%,false,false
,Westpac Consumer Sentiment,AUD,2007-04-17T20:30:00Z,None,,3.7%,-0.2%,false,false
,Claimant Count Change,GBP,2007-04-18T04:30:00Z,None,-5.0K,-3.1K,-9.2K,false,false
,MPC Official Bank Rate Votes,GBP,2007-04-18T04:30:00Z,High,1-1-7,0-1-8,2-0-7,false,false
,Average Earnings Index 3m/y,GBP,2007-04-18T04:30:00Z,High,4.2%,4.2%,4.6%,false,false
,Unemployment Rate,GBP,2007-04-18T04:30:00Z,None,5.5%,5.5%,5.5%,false,false
,Foreign Securities Purchases,CAD,2007-04-18T08:30:00Z,None,-2.03B,-4.90B,4.84B,false,false
,ECB President Trichet Speaks,EUR,2007-04-18T10:00:00Z,None,,,,false,false
,Crude Oil Inventories,USD,2007-04-18T10:30:00Z,None,0.7M,0.7M,-1.0M,false,false
,Tertiary Industry Activity m/m,JPY,2007-04-18T19:50:00Z,None,-0.2%,0.4%,1.0%,false,false
,MI Inflation Expectations,AUD,2007-04-18T20:30:00Z,None,,3.2%,3.8%,false,false
,RBA Bulletin,AUD,2007-04-18T21:30:00Z,None,,,,false,false
,NBS Press Conference,CNY,2007-04-18T22:00:00Z,None,,,,false,false
,German PPI m/m,EUR,2007-04-19T02:00:00Z,None,0.4%,0.3%,0.3%,false,false
,GDP q/y,CNY,2007-04-19T03:00:00Z,High,10.4%,10.4%,11.1%,false,false
,Fixed Asset Investment ytd/y,CNY,2007-04-19T03:00:00Z,None,23.0%,23.4%,25.3%,false,false
,PPI y/y,CNY,2007-04-19T03:00:00Z,None,2.7%,2.6%,2.7%,false,false
,UBS Economic Expectations,CHF,2007-04-19T05:00:00Z,None,,-28.0,-3.5,false,false
,ECB Monthly Bulletin,EUR,2007-04-19T05:00:00Z,None,,,,false,false
,CPI m/m,CAD,2007-04-19T07:00:00Z,None,0.5%,0.7%,0.8%,false,false
,Core CPI m/m,CAD,2007-04-19T07:00:00Z,High,0.2%,0.5%,0.3%,false,false
,Unemployment Claims,USD,2007-04-19T08:30:00Z,None,325K,343K,339K,false,false
,Wholesale Sales m/m,CAD,2007-04-19T08:30:00Z,None,0.1%,-0.7%,0.8%,false,false
,CB Leading Index m/m,USD,2007-04-19T10:00:00Z,None,0.2%,-0.6%,0.1%,false,false
,Natural Gas Storage,USD,2007-04-19T10:30:00Z,None,-48B,23B,-46B,false,false
,Philly Fed Manufacturing Index,USD,2007-04-19T12:00:00Z,None,2.5,0.2,0.2,false,false
,Visitor Arrivals m/m,NZD,2007-04-19T18:45:00Z,None,,6.6%,-1.0%,false,false
,All Industries Activity m/m,JPY,2007-04-19T19:50:00Z,None,-0.3%,-0.2%,0.9%,false,false
,CB Leading Index m/m,AUD,2007-04-19T20:00:00Z,None,,-0.2%,1.4%,false,false
,Import Prices q/q,AUD,2007-04-19T21:30:00Z,None,-0.8%,-3.2%,-1.7%,false,false
,New Motor Vehicle Sales m/m,AUD,2007-04-19T21:30:00Z,None,,-0.1%,1.0%,false,false
,Retail Sales y/y,CNY,2007-04-19T22:00:00Z,None,14.5%,14.7%,15.3%,false,false
,Industrial Production y/y,CNY,2007-04-19T22:00:00Z,High,15.6%,18.5%,17.6%,false,false
,CPI y/y,CNY,2007-04-19T22:00:00Z,None,2.6%,2.7%,3.3%,false,false
,French Consumer Spending m/m,EUR,2007-04-20T02:45:00Z,None,0.3%,-0.5%,0.7%,false,false
,PPI m/m,CHF,2007-04-20T03:15:00Z,None,0.4%,0.3%,0.3%,false,false
,Retail Sales m/m,GBP,2007-04-20T04:30:00Z,High,0.5%,1.6%,0.3%,false,false
,Retail Sales m/m,CAD,2007-04-20T08:30:00Z,None,-0.2%,-0.4%,0.1%,false,false
,Core Retail Sales m/m,CAD,2007-04-20T08:30:00Z,High,0.4%,0.2%,1.0%,false,false
,Treasury Sec Paulson Speaks,USD,2007-04-20T12:00:00Z,None,,,,false,false
,FOMC Member Mishkin Speaks,USD,2007-04-20T12:15:00Z,None,,,,false,false
,French Presidential Election,EUR,2007-04-22T00:00:00Z,None,,,,true,false
,PPI q/q,AUD,2007-04-22T21:30:00Z,High,0.5%,0.2%,0.0%,false,false
,M4 Money Supply m/m,GBP,2007-04-23T04:30:00Z,None,0.9%,0.9%,1.0%,false,false
,German Buba Monthly Report,EUR,2007-04-23T06:00:00Z,None,,,,false,false
,SPPI y/y,JPY,2007-04-23T19:50:00Z,None,0.2%,0.4%,0.6%,false,false
,CPI m/m,AUD,2007-04-23T21:30:00Z,High,0.6%,-0.1%,0.1%,false,false
,Trimmed Mean CPI m/m,AUD,2007-04-23T21:30:00Z,None,0.6%,0.5%,0.5%,false,false
,Credit Card Spending y/y,NZD,2007-04-23T23:00:00Z,None,,8.2%,7.5%,false,false
,Bank Holiday,AUD,2007-04-24T00:00:00Z,None,,,,true,false
,Bank Holiday,NZD,2007-04-24T00:00:00Z,None,,,,true,false
,Trade Balance,CHF,2007-04-24T02:15:00Z,None,1.10B,1.25B,0.72B,false,false
,Italian Retail Sales m/m,EUR,2007-04-24T04:00:00Z,None,0.2%,-0.3%,0.2%,false,false
,UBS Consumption Indicator,CHF,2007-04-24T04:00:00Z,None,,2.02,2.13,false,false
,Public Sector Net Borrowing,GBP,2007-04-24T04:30:00Z,None,7.2B,0.6B,8.5B,false,false
,BOE Gov King Speaks,GBP,2007-04-24T04:45:00Z,None,,,,false,false
,Industrial New Orders m/m,EUR,2007-04-24T05:00:00Z,None,0.9%,-0.1%,-0.7%,false,false
,Leading Index m/m,CAD,2007-04-24T08:30:00Z,None,0.4%,0.7%,0.4%,false,false
,BOC Rate Statement,CAD,2007-04-24T09:00:00Z,High,,,,false,false
,S&P/CS Composite-20 HPI y/y,USD,2007-04-24T09:00:00Z,None,-1.0%,-0.1%,-1.0%,false,false
,Belgian NBB Business Climate,EUR,2007-04-24T09:00:00Z,None,2.0,1.4,3.8,false,false
,Overnight Rate,CAD,2007-04-24T09:00:00Z,High,4.25%,4.25%,4.25%,false,false
,CBI Industrial Order Expectations,GBP,2007-04-24T09:15:00Z,None,6,8,2,false,false
,Richmond Manufacturing Index,USD,2007-04-24T10:00:00Z,None,-7,-10,-11,false,false
,Existing Home Sales,USD,2007-04-24T10:00:00Z,High,6.55M,6.68M,6.12M,false,false
,CB Consumer Confidence,USD,2007-04-24T10:00:00Z,High,105.0,108.2,104.0,false,false
,Gov Board Member Hildebrand Speaks,CHF,2007-04-24T12:15:00Z,None,,,,false,false
,Trade Balance,JPY,2007-04-24T19:50:00Z,None,0.95T,0.63T,1.12T,false,false
,Italian Bank Holiday,EUR,2007-04-25T00:00:00Z,None,,,,true,false
,German ifo Business Climate,EUR,2007-04-25T04:00:00Z,High,107.7,107.7,108.6,false,false
,Prelim GDP q/q,GBP,2007-04-25T04:30:00Z,High,0.6%,0.7%,0.7%,false,false
,Index of Services 3m/3m,GBP,2007-04-25T04:30:00Z,None,0.8%,0.7%,0.8%,false,false
,Core Durable Goods Orders m/m,USD,2007-04-25T08:30:00Z,High,1.1%,-0.4%,1.5%,false,false
,FOMC Member Kohn Speaks,USD,2007-04-25T08:30:00Z,None,,,,false,false
,Durable Goods Orders m/m,USD,2007-04-25T08:30:00Z,None,2.6%,2.4%,3.4%,false,false
,New Home Sales,USD,2007-04-25T10:00:00Z,High,890K,836K,858K,false,false
,Fed Chairman Bernanke Speaks,USD,2007-04-25T10:00:00Z,None,,,,false,false
,Crude Oil Inventories,USD,2007-04-25T10:30:00Z,None,-1.5M,-1.0M,2.1M,false,false
,Beige Book,USD,2007-04-25T14:00:00Z,None,,,,false,false
,RBNZ Rate Statement,NZD,2007-04-25T17:00:00Z,High,,,,false,false
,Official Cash Rate,NZD,2007-04-25T17:00:00Z,High,7.50%,7.50%,7.75%,false,false
,Trade Balance,NZD,2007-04-25T18:45:00Z,High,2M,-128M,61M,false,false
,BOE Financial Stability Report,GBP,2007-04-25T19:01:00Z,None,,,,false,false
,MI Leading Index m/m,AUD,2007-04-25T20:30:00Z,None,,0.2%,0.9%,false,false
,HIA New Home Sales m/m,AUD,2007-04-25T21:00:00Z,None,,2.9%,0.0%,false,false
,ANZ Business Confidence,NZD,2007-04-25T23:00:00Z,None,,-12.5,-19.4,false,false
,Nationwide HPI m/m,GBP,2007-04-26T02:00:00Z,None,0.6%,0.5%,0.9%,false,false
,German Import Prices m/m,EUR,2007-04-26T02:00:00Z,None,0.6%,0.5%,0.6%,false,false
,German GfK Consumer Climate,EUR,2007-04-26T02:00:00Z,None,4.5,4.4,5.5,false,false
,Unemployment Claims,USD,2007-04-26T08:30:00Z,None,325K,341K,321K,false,false
,MPC Member Tucker Speaks,GBP,2007-04-26T10:05:00Z,None,,,,false,false
,BOC Monetary Policy Report,CAD,2007-04-26T10:30:00Z,High,,,,false,false
,Natural Gas Storage,USD,2007-04-26T10:30:00Z,None,18B,-46B,18B,false,false
,BOC Press Conference,CAD,2007-04-26T11:15:00Z,High,,,,false,false
,FOMC Member Mishkin Speaks,USD,2007-04-26T13:00:00Z,None,,,,false,false
,Final Manufacturing PMI,JPY,2007-04-26T19:30:00Z,None,,52.5,52.3,false,false
,Household Spending y/y,JPY,2007-04-26T19:30:00Z,None,0.8%,1.3%,0.1%,false,false
,National Core CPI y/y,JPY,2007-04-26T19:30:00Z,None,-0.2%,-0.1%,-0.3%,false,false
,Unemployment Rate,JPY,2007-04-26T19:30:00Z,None,4.00%,4.00%,3.8%,false,false
,Tokyo Core CPI y/y,JPY,2007-04-26T19:30:00Z,None,0.0%,-0.1%,0.0%,false,false
,Prelim Industrial Production m/m,JPY,2007-04-26T19:50:00Z,None,1.0%,0.7%,-0.6%,false,false
,Retail Sales y/y,JPY,2007-04-26T19:50:00Z,None,0.3%,-0.2%,-0.7%,false,false
,German Prelim CPI m/m,EUR,2007-04-27T00:00:00Z,None,0.2%,0.3%,0.4%,true,false
,Overnight Call Rate,JPY,2007-04-27T00:38:00Z,None,0.50%,0.50%,0.50%,false,false
,Housing Starts y/y,JPY,2007-04-27T01:00:00Z,None,-0.3%,-9.9%,5.5%,false,false
,BOJ Outlook Report,JPY,2007-04-27T02:00:00Z,None,,,,false,false
,BOJ Press Conference,JPY,2007-04-27T02:30:00Z,None,,,,false,false
,Spanish Unemployment Rate,EUR,2007-04-27T03:00:00Z,None,8.3%,8.3%,8.5%,false,false
,Current Account,EUR,2007-04-27T04:00:00Z,None,1.0B,3.5B,-5.3B,false,false
,Retail PMI,EUR,2007-04-27T04:00:00Z,None,,53.4,54.6,false,false
,Italian 10-y Bond Auction,EUR,2007-04-27T05:16:00Z,None,,4.22|1.4,4.37|1.5,false,false
,KOF Economic Barometer,CHF,2007-04-27T05:30:00Z,None,2.00,1.84,1.90,false,false
,SNB Chairman Roth Speaks,CHF,2007-04-27T05:30:00Z,None,,,,false,false
,Advance GDP q/q,USD,2007-04-27T08:30:00Z,High,1.9%,2.5%,1.3%,false,false
,Advance GDP Price Index q/q,USD,2007-04-27T08:30:00Z,None,3.0%,1.7%,4.0%,false,false
,Employment Cost Index q/q,USD,2007-04-27T08:30:00Z,None,0.9%,0.8%,0.8%,false,false
,Revised UoM Consumer Sentiment,USD,2007-04-27T10:00:00Z,None,85.3,85.3,87.1,false,false
,Revised UoM Inflation Expectations,USD,2007-04-27T10:00:00Z,None,,3.3%,3.3%,false,false
,Bank Holiday,JPY,2007-04-29T00:00:00Z,None,,,,true,false
,Building Consents m/m,NZD,2007-04-29T18:45:00Z,None,,6.4%,-2.9%,false,false
,MI Inflation Gauge m/m,AUD,2007-04-29T20:30:00Z,None,,0.5%,0.1%,false,false
,Private Sector Credit m/m,AUD,2007-04-29T21:30:00Z,None,1.1%,1.4%,1.2%,false,false
,Bank Holiday,CNY,2007-04-30T00:00:00Z,None,,,,true,false
,German Retail Sales m/m,EUR,2007-04-30T02:00:00Z,None,0.8%,1.0%,-0.7%,false,false
,Private Loans y/y,EUR,2007-04-30T04:00:00Z,None,10.3%,10.3%,10.5%,false,false
,M3 Money Supply y/y,EUR,2007-04-30T04:00:00Z,None,9.8%,10.0%,10.9%,false,false
,High Street Lending,GBP,2007-04-30T04:30:00Z,None,,54.7K,75.1K,false,false
,Consumer Confidence,EUR,2007-04-30T05:00:00Z,None,-4,-4,-4,false,false
,CPI Flash Estimate y/y,EUR,2007-04-30T05:00:00Z,None,1.8%,1.9%,1.8%,false,false
,Italian Prelim CPI m/m,EUR,2007-04-30T05:00:00Z,None,0.2%,0.2%,0.2%,false,false
,GfK Consumer Confidence,GBP,2007-04-30T05:30:00Z,None,-8,-8,-6,false,false
,Personal Spending m/m,USD,2007-04-30T08:30:00Z,None,0.5%,0.7%,0.3%,false,false
,Core PCE Price Index m/m,USD,2007-04-30T08:30:00Z,High,0.1%,0.3%,0.0%,false,false
,GDP m/m,CAD,2007-04-30T08:30:00Z,High,0.2%,0.1%,0.4%,false,false
,Personal Income m/m,USD,2007-04-30T08:30:00Z,None,0.5%,0.7%,0.7%,false,false
,Chicago PMI,USD,2007-04-30T09:45:00Z,None,54.5,61.7,52.9,false,false
,Construction Spending m/m,USD,2007-04-30T10:00:00Z,None,0.2%,1.5%,0.2%,false,false
,AIG Manufacturing Index,AUD,2007-04-30T19:30:00Z,None,,52.4,51.7,false,false
,Manufacturing PMI,CNY,2007-04-30T21:00:00Z,High,,56.1,58.6,false,false
,Average Cash Earnings y/y,JPY,2007-04-30T21:30:00Z,None,-0.4%,-1.0%,-0.4%,false,false
,German Bank Holiday,EUR,2007-05-01T00:00:00Z,None,,,,true,false
,French Bank Holiday,EUR,2007-05-01T00:00:00Z,None,,,,true,false
,Italian Bank Holiday,EUR,2007-05-01T00:00:00Z,None,,,,true,false
,Bank Holiday,CHF,2007-05-01T00:00:00Z,None,,,,true,false
,Total Vehicle Sales,USD,2007-05-01T00:00:00Z,None,16.2M,16.3M,16.3M,true,false
,Bank Holiday,CNY,2007-05-01T00:00:00Z,None,,,,true,false
,Commodity Prices y/y,AUD,2007-05-01T02:30:00Z,None,,9.3%,8.4%,false,false
,Spanish Manufacturing PMI,EUR,2007-05-01T03:15:00Z,None,,55.4,56.0,false,false
,Final Manufacturing PMI,GBP,2007-05-01T04:30:00Z,None,54.0,54.2,53.9,false,false
,CBI Realized Sales,GBP,2007-05-01T06:00:00Z,None,30,32,44,false,false
,RMPI m/m,CAD,2007-05-01T08:30:00Z,None,1.5%,2.5%,1.3%,false,false
,IPPI m/m,CAD,2007-05-01T08:30:00Z,None,0.9%,0.9%,1.3%,false,false
,Pending Home Sales m/m,USD,2007-05-01T10:00:00Z,High,0.1%,1.1%,-4.9%,false,false
,ISM Manufacturing Prices,USD,2007-05-01T10:00:00Z,None,65.9,65.5,73.0,false,false
,ISM Manufacturing PMI,USD,2007-05-01T10:00:00Z,High,51.0,50.9,54.7,false,false
,Fed Chairman Bernanke Speaks,USD,2007-05-01T11:00:00Z,High,,,,false,false
,Cash Rate,AUD,2007-05-01T19:30:00Z,High,6.25%,6.25%,6.25%,false,false
,Monetary Base y/y,JPY,2007-05-01T19:50:00Z,None,-14.0%,-19.1%,-12.2%,false,false
,RatingDog Manufacturing PMI,CNY,2007-05-01T22:30:00Z,None,,52.3,53.3,false,false
,Bank Holiday,JPY,2007-05-02T00:00:00Z,None,,,,true,false
,Bank Holiday,CNY,2007-05-02T00:00:00Z,None,,,,true,false
,Manufacturing PMI,CHF,2007-05-02T03:30:00Z,None,63.5,62.0,61.9,false,false
,Italian Manufacturing PMI,EUR,2007-05-02T03:45:00Z,None,54.2,53.8,53.9,false,false
,German Unemployment Change,EUR,2007-05-02T03:55:00Z,None,-36K,-58K,-44K,false,false
,Final Manufacturing PMI,EUR,2007-05-02T04:00:00Z,None,55.5,55.4,55.4,false,false
,Mortgage Approvals,GBP,2007-05-02T04:30:00Z,None,116K,118K,113K,false,false
,Net Lending to Individuals m/m,GBP,2007-05-02T04:30:00Z,None,11.0B,11.1B,10.8B,false,false
,Construction PMI,GBP,2007-05-02T04:30:00Z,None,59.0,58.9,59.8,false,false
,Unemployment Rate,EUR,2007-05-02T05:00:00Z,None,7.2%,7.3%,7.2%,false,false
,Challenger Job Cuts y/y,USD,2007-05-02T07:30:00Z,None,,-3.9%,-24.6%,false,false
,ADP Non-Farm Employment Change,USD,2007-05-02T08:15:00Z,High,107K,98K,64K,false,false
,Factory Orders m/m,USD,2007-05-02T10:00:00Z,None,1.8%,1.4%,3.1%,false,false
,Crude Oil Inventories,USD,2007-05-02T10:30:00Z,None,1.5M,2.1M,1.2M,false,false
,Treasury Sec Paulson Speaks,USD,2007-05-02T11:00:00Z,None,,,,false,false
,BOE Gov King Speaks,GBP,2007-05-02T13:30:00Z,None,,,,false,false
,AIG Services Index,AUD,2007-05-02T19:30:00Z,None,,50.6,52.8,false,false
,Non-Manufacturing PMI,CNY,2007-05-02T21:00:00Z,None,,59.6,65.6,false,false
,ANZ Commodity Prices m/m,NZD,2007-05-02T23:00:00Z,None,,2.0%,4.8%,false,false
,Bank Holiday,CNY,2007-05-03T00:00:00Z,None,,,,true,false
,Bank Holiday,JPY,2007-05-03T00:00:00Z,None,,,,true,false
,CPI m/m,CHF,2007-05-03T01:45:00Z,High,0.8%,0.1%,1.1%,false,false
,Final Services PMI,GBP,2007-05-03T04:30:00Z,None,57.6,57.6,57.2,false,false
,PPI m/m,EUR,2007-05-03T05:00:00Z,None,0.3%,0.3%,0.3%,false,false
,Unemployment Claims,USD,2007-05-03T08:30:00Z,None,324K,326K,305K,false,false
,Prelim Unit Labor Costs q/q,USD,2007-05-03T08:30:00Z,None,3.8%,6.6%,0.6%,false,false
,Prelim Nonfarm Productivity q/q,USD,2007-05-03T08:30:00Z,None,0.7%,1.6%,1.7%,false,false
,ISM Services PMI,USD,2007-05-03T10:00:00Z,High,53.2,52.4,56.0,false,false
,Natural Gas Storage,USD,2007-05-03T10:30:00Z,None,81B,18B,87B,false,false
,RBA Monetary Policy Statement,AUD,2007-05-03T21:30:00Z,High,,,,false,false
,Goods Trade Balance,AUD,2007-05-03T21:30:00Z,None,-1.02B,-0.73B,-1.62B,false,false
,Foreign Currency Reserves,CHF,2007-05-04T03:00:00Z,None,,45B,45B,false,false
,Spanish Unemployment Change,EUR,2007-05-04T03:00:00Z,None,,-15.8K,-36.3K,false,false
,Spanish Services PMI,EUR,2007-05-04T03:15:00Z,None,,56.7,54.2,false,false
,Italian Services PMI,EUR,2007-05-04T03:45:00Z,None,54.6,54.1,53.9,false,false
,Final Services PMI,EUR,2007-05-04T04:00:00Z,None,57.6,57.4,57.0,false,false
,Retail Sales m/m,EUR,2007-05-04T05:00:00Z,None,0.5%,0.4%,0.5%,false,false
,Non-Farm Employment Change,USD,2007-05-04T08:30:00Z,High,107K,177K,88K,false,false
,Unemployment Rate,USD,2007-05-04T08:30:00Z,High,4.5%,4.4%,4.5%,false,false
,Average Hourly Earnings m/m,USD,2007-05-04T08:30:00Z,None,0.3%,0.3%,0.2%,false,false
,FOMC Member Geithner Speaks,USD,2007-05-04T09:45:00Z,None,,,,false,false
,Ivey PMI,CAD,2007-05-04T10:00:00Z,High,57.5,67.3,60.9,false,false
,RBA Deputy Gov Lowe Speaks,AUD,2007-05-04T12:15:00Z,None,,,,false,false
,French Presidential Election,EUR,2007-05-06T00:00:00Z,None,,,,true,false
,Bank Holiday,CNY,2007-05-06T00:00:00Z,None,,,,true,false
,Labor Cost Index q/q,NZD,2007-05-06T18:45:00Z,High,0.8%,0.9%,0.7%,false,false
,AIG Construction Index,AUD,2007-05-06T19:30:00Z,None,,51.1,47.9,false,false
,Monetary Policy Meeting Minutes,JPY,2007-05-06T19:50:00Z,None,,,,false,false
,NAB Business Confidence,AUD,2007-05-06T21:30:00Z,None,,10,13,false,false
,ANZ Job Advertisements m/m,AUD,2007-05-06T21:30:00Z,None,,1.9%,3.5%,false,false
,Bank Holiday,GBP,2007-05-07T00:00:00Z,None,,,,true,false
,Eurogroup Meetings,EUR,2007-05-07T00:00:00Z,None,,,,true,false
,Unemployment Rate,CHF,2007-05-07T01:45:00Z,None,2.8%,2.9%,2.9%,false,false
,Sentix Investor Confidence,EUR,2007-05-07T04:30:00Z,None,37.3,34.7,40.8,false,false
,EU Economic Forecasts,EUR,2007-05-07T05:45:00Z,None,,,,false,false
,German Factory Orders m/m,EUR,2007-05-07T06:00:00Z,None,-0.4%,4.3%,2.4%,false,false
,Building Permits m/m,CAD,2007-05-07T08:30:00Z,None,2.9%,-23.3%,27.4%,false,false
,Consumer Credit m/m,USD,2007-05-07T15:00:00Z,None,4.2B,5.6B,13.5B,false,false
,Retail Sales m/m,AUD,2007-05-07T21:30:00Z,High,0.5%,0.9%,1.1%,false,false
,Building Approvals m/m,AUD,2007-05-07T21:30:00Z,High,-4.8%,9.0%,-11.4%,false,false
,10-y Bond Auction,JPY,2007-05-07T23:45:00Z,None,,1.66|3.1,1.65|4.0,false,false
,French Bank Holiday,EUR,2007-05-08T00:00:00Z,None,,,,true,false
,ECOFIN Meetings,EUR,2007-05-08T00:00:00Z,None,,,,true,false
,Annual Budget Release,AUD,2007-05-08T05:30:00Z,High,,,,false,false
,German Industrial Production m/m,EUR,2007-05-08T06:00:00Z,None,0.0%,0.4%,-0.1%,false,false
,NFIB Small Business Index,USD,2007-05-08T07:30:00Z,None,,97.3,96.8,false,false
,Housing Starts,CAD,2007-05-08T08:15:00Z,High,214K,214K,212K,false,false
,Final Wholesale Inventories m/m,USD,2007-05-08T10:00:00Z,None,0.4%,0.4%,0.3%,false,false
,JOLTS Job Openings,USD,2007-05-08T10:00:00Z,None,,4.15M,4.17M,false,false
,10-y Bond Auction,USD,2007-05-08T13:00:00Z,None,,4.52|2.6,4.61|2.3,false,false
,RBNZ Financial Stability Report,NZD,2007-05-08T17:00:00Z,High,,,,false,false
,FPI m/m,NZD,2007-05-08T18:45:00Z,None,,0.0%,0.2%,false,false
,BRC Retail Sales Monitor y/y,GBP,2007-05-08T19:01:00Z,None,,3.9%,2.4%,false,false
,Nationwide Consumer Confidence,GBP,2007-05-08T19:01:00Z,None,88,88,90,false,false
,HPI q/q,AUD,2007-05-08T21:30:00Z,None,1.2%,1.1%,1.1%,false,false
,Leading Indicators,JPY,2007-05-09T01:00:00Z,None,40.0%,27.3%,40.0%,false,false
,German Trade Balance,EUR,2007-05-09T02:00:00Z,None,15.0B,14.7B,15.5B,false,false
,French Gov Budget Balance,EUR,2007-05-09T02:45:00Z,None,,-20.0B,-24.7B,false,false
,ECB President Trichet Speaks,EUR,2007-05-09T03:00:00Z,None,,,,false,false
,BRC Shop Price Index y/y,GBP,2007-05-09T05:30:00Z,None,,0.7%,0.8%,false,false
,Crude Oil Inventories,USD,2007-05-09T10:30:00Z,None,0.9M,1.2M,5.5M,false,false
,Gov Board Member Jordan Speaks,CHF,2007-05-09T13:00:00Z,None,,,,false,false
,Federal Funds Rate,USD,2007-05-09T14:15:00Z,High,5.25%,5.25%,5.25%,false,false
,FOMC Statement,USD,2007-05-09T14:15:00Z,High,,,,false,false
,Employment Change q/q,NZD,2007-05-09T18:45:00Z,High,1.0%,0.1%,1.2%,false,false
,Unemployment Rate,NZD,2007-05-09T18:45:00Z,High,3.8%,3.7%,3.8%,false,false
,Bank Lending y/y,JPY,2007-05-09T19:50:00Z,None,,1.0%,1.0%,false,false
,M2 Money Stock y/y,JPY,2007-05-09T19:50:00Z,None,1.1%,1.1%,1.1%,false,false
,BusinessNZ Manufacturing Index,NZD,2007-05-09T20:00:00Z,None,,56.8,54.2,false,false
,Unemployment Rate,AUD,2007-05-09T21:30:00Z,None,4.5%,4.5%,4.4%,false,false
,Employment Change,AUD,2007-05-09T21:30:00Z,High,12.5K,5.2K,49.6K,false,false
,SECO Consumer Climate,CHF,2007-05-10T01:45:00Z,None,19,17,20,false,false
,German WPI m/m,EUR,2007-05-10T02:00:00Z,None,0.6%,0.5%,0.8%,false,false
,Prelim Machine Tool Orders y/y,JPY,2007-05-10T02:00:00Z,None,,9.7%,7.2%,false,false
,French Industrial Production m/m,EUR,2007-05-10T02:45:00Z,None,0.4%,1.2%,0.2%,false,false
,French Trade Balance,EUR,2007-05-10T02:45:00Z,None,-2.7B,-2.4B,-1.6B,false,false
,Economy Watchers Sentiment,JPY,2007-05-10T03:00:00Z,None,50.4,50.8,49.7,false,false
,Italian Industrial Production m/m,EUR,2007-05-10T04:00:00Z,None,0.6%,-0.4%,0.5%,false,false
,Lloyds HPI m/m,GBP,2007-05-10T04:00:00Z,High,0.7%,1.2%,1.1%,false,false
,Goods Trade Balance,GBP,2007-05-10T04:30:00Z,High,-6.7B,-6.9B,-7.0B,false,false
,Manufacturing Production m/m,GBP,2007-05-10T04:30:00Z,High,0.5%,-0.7%,0.6%,false,false
,Industrial Production m/m,GBP,2007-05-10T04:30:00Z,None,0.4%,-0.3%,0.3%,false,false
,MPC Rate Statement,GBP,2007-05-10T07:00:00Z,High,,,,false,false
,Official Bank Rate,GBP,2007-05-10T07:00:00Z,High,5.50%,5.25%,5.50%,false,false
,Main Refinancing Rate,EUR,2007-05-10T07:45:00Z,None,3.75%,3.75%,3.75%,false,false
,Trade Balance,CAD,2007-05-10T08:30:00Z,High,5.4B,5.2B,4.6B,false,false
,NHPI m/m,CAD,2007-05-10T08:30:00Z,None,0.5%,0.5%,0.3%,false,false
,ECB Press Conference,EUR,2007-05-10T08:30:00Z,High,,,,false,false
,Trade Balance,USD,2007-05-10T08:30:00Z,High,-60.0B,-57.9B,-63.9B,false,false
,Import Prices m/m,USD,2007-05-10T08:30:00Z,None,1.1%,1.5%,1.3%,false,false
,Unemployment Claims,USD,2007-05-10T08:30:00Z,None,320K,306K,297K,false,false
,FOMC Member Kroszner Speaks,USD,2007-05-10T10:00:00Z,None,,,,false,false
,Natural Gas Storage,USD,2007-05-10T10:30:00Z,None,96B,87B,96B,false,false
,30-y Bond Auction,USD,2007-05-10T13:00:00Z,None,,4.81|2.5,4.84|2.0,false,false
,Federal Budget Balance,USD,2007-05-10T14:00:00Z,None,145.0B,-96.3B,177.7B,false,false
,NIESR GDP Estimate,GBP,2007-05-10T19:01:00Z,None,,0.7%,0.7%,false,false
,PPI y/y,CNY,2007-05-10T22:00:00Z,None,2.8%,2.7%,2.9%,false,false
,USD-Denominated Trade Balance,CNY,2007-05-11T04:55:00Z,High,15.0B,6.9B,16.9B,false,false
,Employment Change,CAD,2007-05-11T07:00:00Z,High,18.5K,54.9K,-5.2K,false,false
,Unemployment Rate,CAD,2007-05-11T07:00:00Z,High,6.1%,6.1%,6.1%,false,false
,Core PPI m/m,USD,2007-05-11T08:30:00Z,None,0.2%,0.0%,0.0%,false,false
,Core Retail Sales m/m,USD,2007-05-11T08:30:00Z,High,0.5%,1.1%,0.0%,false,false
,PPI m/m,USD,2007-05-11T08:30:00Z,High,0.6%,1.0%,0.7%,false,false
,Retail Sales m/m,USD,2007-05-11T08:30:00Z,High,0.4%,1.0%,-0.2%,false,false
,Business Inventories m/m,USD,2007-05-11T10:00:00Z,None,0.2%,0.2%,-0.1%,false,false
,M2 Money Supply y/y,CNY,2007-05-12T22:00:00Z,None,17.3%,17.3%,17.1%,false,false
,New Loans,CNY,2007-05-12T22:00:00Z,None,,442B,422B,false,false
,Retail Sales m/m,NZD,2007-05-13T18:45:00Z,High,-0.2%,2.1%,1.3%,false,false
,Retail Sales q/q,NZD,2007-05-13T18:45:00Z,None,1.9%,1.8%,3.8%,false,false
,Core Retail Sales q/q,NZD,2007-05-13T18:45:00Z,None,,1.8%,3.7%,false,false
,Core Retail Sales m/m,NZD,2007-05-13T18:45:00Z,High,1.9%,2.5%,0.8%,false,false
,PPI y/y,JPY,2007-05-13T19:50:00Z,None,1.7%,2.0%,2.2%,false,false
,Current Account,JPY,2007-05-13T19:50:00Z,None,2.10T,1.48T,2.42T,false,false
,Home Loans m/m,AUD,2007-05-13T21:30:00Z,None,1.5%,0.1%,1.3%,false,false
,CPI y/y,CNY,2007-05-13T22:00:00Z,None,3.2%,3.3%,3.0%,false,false
,Spanish Flash GDP q/q,EUR,2007-05-14T03:00:00Z,None,1.0%,1.2%,1.0%,false,false
,PPI Output m/m,GBP,2007-05-14T04:30:00Z,None,0.5%,0.6%,0.5%,false,false
,PPI Input m/m,GBP,2007-05-14T04:30:00Z,High,1.0%,1.2%,0.7%,false,false
,ONS HPI y/y,GBP,2007-05-14T04:30:00Z,None,12.0%,11.8%,10.9%,false,false
,Industrial Production m/m,EUR,2007-05-14T05:00:00Z,None,0.4%,0.5%,0.4%,false,false
,CB Leading Index m/m,GBP,2007-05-14T10:30:00Z,None,,0.8%,0.6%,false,false
,Loan Officer Survey,USD,2007-05-14T14:00:00Z,None,,,,false,false
,RICS House Price Balance,GBP,2007-05-14T19:01:00Z,None,24%,27%,29%,false,false
,Core Machinery Orders m/m,JPY,2007-05-14T19:50:00Z,None,1.6%,-5.2%,-4.5%,false,false
,Retail Sales y/y,CNY,2007-05-14T22:00:00Z,None,15.1%,15.3%,15.5%,false,false
,German Prelim GDP q/q,EUR,2007-05-15T02:00:00Z,High,0.3%,1.0%,0.5%,false,false
,French Prelim GDP q/q,EUR,2007-05-15T02:40:00Z,None,0.7%,0.5%,0.5%,false,false
,French Final CPI m/m,EUR,2007-05-15T02:45:00Z,None,0.3%,0.4%,0.5%,false,false
,Retail Sales y/y,CHF,2007-05-15T03:15:00Z,None,4.0%,4.5%,7.6%,false,false
,Italian Prelim GDP q/q,EUR,2007-05-15T04:00:00Z,None,0.2%,1.1%,0.2%,false,false
,CPI y/y,GBP,2007-05-15T04:30:00Z,High,2.8%,3.1%,2.8%,false,false
,Core CPI y/y,GBP,2007-05-15T04:30:00Z,None,1.9%,1.9%,1.8%,false,false
,RPI y/y,GBP,2007-05-15T04:30:00Z,None,4.6%,4.8%,4.5%,false,false
,Flash GDP q/q,EUR,2007-05-15T05:00:00Z,None,0.5%,0.9%,0.6%,false,false
,Fed Chairman Bernanke Speaks,USD,2007-05-15T08:10:00Z,None,,,,false,false
,CPI m/m,USD,2007-05-15T08:30:00Z,None,0.5%,0.6%,0.4%,false,false
,Empire State Manufacturing Index,USD,2007-05-15T08:30:00Z,None,9.0,3.8,8.0,false,false
,CPI y/y,USD,2007-05-15T08:30:00Z,High,2.6%,2.8%,2.6%,false,false
,Core CPI y/y,USD,2007-05-15T08:30:00Z,High,2.4%,2.5%,2.3%,false,false
,Core CPI m/m,USD,2007-05-15T08:30:00Z,High,0.2%,0.1%,0.2%,false,false
,New Motor Vehicle Sales m/m,CAD,2007-05-15T08:30:00Z,None,-0.1%,-4.0%,0.1%,false,false
,Manufacturing Sales m/m,CAD,2007-05-15T08:30:00Z,None,0.8%,0.4%,2.8%,false,false
,TIC Long-Term Purchases,USD,2007-05-15T09:00:00Z,High,72.0B,58.1B,67.6B,false,false
,FOMC Member Geithner Speaks,USD,2007-05-15T10:00:00Z,None,,,,false,false
,FOMC Member Kroszner Speaks,USD,2007-05-15T10:00:00Z,None,,,,false,false
,RCM/TIPP Economic Optimism,USD,2007-05-15T10:00:00Z,None,45.0,45.5,48.0,false,false
,NAHB Housing Market Index,USD,2007-05-15T13:00:00Z,None,33,33,30,false,false
,PPI Input q/q,NZD,2007-05-15T18:45:00Z,High,-0.9%,-0.3%,-1.6%,false,false
,PPI Output q/q,NZD,2007-05-15T18:45:00Z,None,-0.2%,-0.5%,-0.2%,false,false
,Westpac Consumer Sentiment,AUD,2007-05-15T21:30:00Z,None,,-0.2%,7.5%,false,false
,Wage Price Index q/q,AUD,2007-05-15T21:30:00Z,None,1.2%,1.1%,1.0%,false,false
,Industrial Production y/y,CNY,2007-05-15T22:00:00Z,High,17.5%,17.6%,17.4%,false,false
,Foreign Direct Investment ytd/y,CNY,2007-05-15T22:00:00Z,None,,11.6%,10.2%,false,false
,Revised Industrial Production m/m,JPY,2007-05-16T00:30:00Z,None,-0.6%,-0.6%,-0.3%,false,false
,Consumer Confidence,JPY,2007-05-16T01:00:00Z,None,48.5,46.8,47.4,false,false
,German Final CPI m/m,EUR,2007-05-16T02:00:00Z,None,0.4%,0.4%,0.4%,false,false
,French Prelim Private Payrolls q/q,EUR,2007-05-16T02:45:00Z,None,0.3%,0.2%,0.6%,false,false
,Average Earnings Index 3m/y,GBP,2007-05-16T04:30:00Z,High,4.8%,4.6%,4.5%,false,false
,Claimant Count Change,GBP,2007-05-16T04:30:00Z,None,-5.5K,-14.3K,-15.7K,false,false
,Unemployment Rate,GBP,2007-05-16T04:30:00Z,None,5.5%,5.5%,5.5%,false,false
,Final Core CPI y/y,EUR,2007-05-16T05:00:00Z,None,1.9%,1.9%,1.9%,false,false
,Final CPI y/y,EUR,2007-05-16T05:00:00Z,None,1.8%,1.8%,1.9%,false,false
,BOE Gov King Speaks,GBP,2007-05-16T05:30:00Z,High,,,,false,false
,BOE Monetary Policy Report,GBP,2007-05-16T05:30:00Z,High,,,,false,false
,Foreign Securities Purchases,CAD,2007-05-16T08:30:00Z,None,3.23B,4.81B,4.66B,false,false
,Building Permits,USD,2007-05-16T08:30:00Z,None,1.52M,1.57M,1.43M,false,false
,Housing Starts,USD,2007-05-16T08:30:00Z,None,1.49M,1.49M,1.53M,false,false
,Capacity Utilization Rate,USD,2007-05-16T09:15:00Z,None,81.4%,81.2%,81.6%,false,false
,Industrial Production m/m,USD,2007-05-16T09:15:00Z,None,0.3%,-0.3%,0.7%,false,false
,FOMC Member Kroszner Speaks,USD,2007-05-16T10:00:00Z,None,,,,false,false
,Crude Oil Inventories,USD,2007-05-16T10:30:00Z,None,0.0M,5.5M,1.1M,false,false
,FOMC Member Kohn Speaks,USD,2007-05-16T11:00:00Z,None,,,,false,false
,Prelim GDP q/q,JPY,2007-05-16T19:50:00Z,High,0.7%,1.3%,0.6%,false,false
,Prelim GDP Price Index y/y,JPY,2007-05-16T19:50:00Z,None,-0.4%,-0.5%,-0.2%,false,false
,MI Inflation Expectations,AUD,2007-05-16T20:30:00Z,None,,3.8%,4.4%,false,false
,RBA Bulletin,AUD,2007-05-16T21:30:00Z,None,,,,false,false
,Fixed Asset Investment ytd/y,CNY,2007-05-16T22:00:00Z,None,25.3%,25.3%,25.5%,false,false
,Annual Budget Release,NZD,2007-05-16T22:00:00Z,High,,,,false,false
,Overnight Call Rate,JPY,2007-05-16T23:30:00Z,None,0.50%,0.50%,0.50%,false,false
,French Bank Holiday,EUR,2007-05-17T00:00:00Z,None,,,,true,false
,German Bank Holiday,EUR,2007-05-17T00:00:00Z,None,,,,true,false
,Bank Holiday,CHF,2007-05-17T00:00:00Z,None,,,,true,false
,BOJ Monthly Report,JPY,2007-05-17T02:00:00Z,None,,,,false,false
,BOJ Press Conference,JPY,2007-05-17T03:30:00Z,High,,,,false,false
,ECB Monthly Bulletin,EUR,2007-05-17T05:00:00Z,None,,,,false,false
,CPI m/m,CAD,2007-05-17T07:00:00Z,None,0.3%,0.8%,0.4%,false,false
,Core CPI m/m,CAD,2007-05-17T07:00:00Z,High,0.1%,0.3%,0.2%,false,false
,Unemployment Claims,USD,2007-05-17T08:30:00Z,None,312K,298K,293K,false,false
,Wholesale Sales m/m,CAD,2007-05-17T08:30:00Z,None,0.4%,1.0%,1.9%,false,false
,Fed Chairman Bernanke Speaks,USD,2007-05-17T09:30:00Z,High,,,,false,false
,CB Leading Index m/m,USD,2007-05-17T10:00:00Z,None,-0.1%,0.6%,-0.5%,false,false
,BOC Review,CAD,2007-05-17T10:30:00Z,None,,,,false,false
,Natural Gas Storage,USD,2007-05-17T10:30:00Z,None,97B,96B,95B,false,false
,Philly Fed Manufacturing Index,USD,2007-05-17T12:00:00Z,None,3.0,0.2,4.2,false,false
,Visitor Arrivals m/m,NZD,2007-05-17T18:45:00Z,None,,-1.1%,-2.2%,false,false
,Tertiary Industry Activity m/m,JPY,2007-05-17T19:50:00Z,None,-0.7%,1.0%,-2.2%,false,false
,G8 Meetings,All,2007-05-18T00:00:00Z,None,,,,true,false
,German PPI m/m,EUR,2007-05-18T02:00:00Z,None,0.3%,0.3%,0.1%,false,false
,Retail Sales m/m,GBP,2007-05-18T04:30:00Z,High,0.6%,0.5%,-0.1%,false,false
,Italian Trade Balance,EUR,2007-05-18T05:00:00Z,None,-1.18B,-1.87B,-0.20B,false,false
,Core Retail Sales m/m,CAD,2007-05-18T08:30:00Z,High,1.1%,1.1%,1.1%,false,false
,Retail Sales m/m,CAD,2007-05-18T08:30:00Z,None,0.7%,0.2%,1.9%,false,false
,Prelim UoM Consumer Sentiment,USD,2007-05-18T10:00:00Z,High,86.4,87.1,88.7,false,false
,Prelim UoM Inflation Expectations,USD,2007-05-18T10:00:00Z,None,,3.3%,3.3%,false,false
,Rightmove HPI m/m,GBP,2007-05-20T19:01:00Z,None,,3.6%,0.4%,false,false
,Credit Card Spending y/y,NZD,2007-05-20T23:00:00Z,None,,7.4%,7.8%,false,false
,Bank Holiday,CAD,2007-05-21T00:00:00Z,None,,,,true,false
,Bank Holiday,CNY,2007-05-21T00:00:00Z,None,,,,true,false
,PPI m/m,CHF,2007-05-21T03:15:00Z,None,0.4%,0.3%,0.9%,false,false
,M4 Money Supply m/m,GBP,2007-05-21T04:30:00Z,None,1.0%,1.1%,1.4%,false,false
,Public Sector Net Borrowing,GBP,2007-05-21T04:30:00Z,None,1.4B,8.4B,1.1B,false,false
,German Buba Monthly Report,EUR,2007-05-21T06:00:00Z,None,,,,false,false
,Monetary Policy Meeting Minutes,JPY,2007-05-21T19:50:00Z,None,,,,false,false
,New Motor Vehicle Sales m/m,AUD,2007-05-21T21:30:00Z,None,,0.7%,-1.1%,false,false
,ZEW Economic Sentiment,EUR,2007-05-22T05:00:00Z,None,14.5,10.7,22.3,false,false
,German ZEW Economic Sentiment,EUR,2007-05-22T05:00:00Z,None,22.5,16.5,24.0,false,false
,Trade Balance,EUR,2007-05-22T05:00:00Z,None,0.5B,0.5B,5.1B,false,false
,ECB President Trichet Speaks,EUR,2007-05-22T06:00:00Z,None,,,,false,false
,Treasury Sec Paulson Speaks,USD,2007-05-22T09:15:00Z,None,,,,false,false
,Richmond Manufacturing Index,USD,2007-05-22T10:00:00Z,None,-6,-11,-10,false,false
,Fed Chairman Bernanke Speaks,USD,2007-05-22T18:00:00Z,None,,,,false,false
,All Industries Activity m/m,JPY,2007-05-22T19:50:00Z,None,-0.2%,0.9%,-1.4%,false,false
,MI Leading Index m/m,AUD,2007-05-22T20:30:00Z,None,,0.7%,0.2%,false,false
,Italian Retail Sales m/m,EUR,2007-05-23T04:00:00Z,None,0.2%,0.2%,0.5%,false,false
,MPC Official Bank Rate Votes,GBP,2007-05-23T04:30:00Z,High,8-0-1,2-0-7,9-0-0,false,false
,Industrial New Orders m/m,EUR,2007-05-23T05:00:00Z,None,1.0%,-0.6%,2.7%,false,false
,German 10-y Bond Auction,EUR,2007-05-23T05:07:00Z,None,,4.11|1.8,4.36|1.7,false,false
,Leading Index m/m,CAD,2007-05-23T08:30:00Z,None,0.4%,0.4%,0.4%,false,false
,Crude Oil Inventories,USD,2007-05-23T10:30:00Z,None,0.6M,1.1M,2.0M,false,false
,Treasury Sec Paulson Speaks,USD,2007-05-23T11:45:00Z,None,,,,false,false
,FOMC Member Kroszner Speaks,USD,2007-05-23T13:00:00Z,None,,,,false,false
,Trade Balance,NZD,2007-05-23T18:45:00Z,High,-100M,62M,-212M,false,false
,Trade Balance,JPY,2007-05-23T19:50:00Z,None,0.85T,1.12T,1.03T,false,false
,German Final GDP q/q,EUR,2007-05-24T02:00:00Z,None,0.5%,0.5%,0.5%,false,false
,Employment Level,CHF,2007-05-24T03:15:00Z,None,3.71M,3.70M,3.71M,false,false
,German ifo Business Climate,EUR,2007-05-24T04:00:00Z,High,108.9,108.6,108.6,false,false
,Prelim Business Investment q/q,GBP,2007-05-24T04:30:00Z,None,2.1%,4.5%,-1.3%,false,false
,UBS Economic Expectations,CHF,2007-05-24T05:00:00Z,None,,-3.5,0.0,false,false
,10-y Bond Auction,GBP,2007-05-24T05:52:00Z,None,,4.90|2.2,5.16|2.2,false,false
,CBI Industrial Order Expectations,GBP,2007-05-24T06:00:00Z,None,3,2,5,false,false
,Unemployment Claims,USD,2007-05-24T08:30:00Z,None,305K,296K,311K,false,false
,Corporate Profits q/q,CAD,2007-05-24T08:30:00Z,None,,1.5%,2.9%,false,false
,Core Durable Goods Orders m/m,USD,2007-05-24T08:30:00Z,High,0.5%,0.3%,1.5%,false,false
,Durable Goods Orders m/m,USD,2007-05-24T08:30:00Z,None,0.9%,5.0%,0.6%,false,false
,Belgian NBB Business Climate,EUR,2007-05-24T09:00:00Z,None,4.0,3.8,3.9,false,false
,New Home Sales,USD,2007-05-24T10:00:00Z,High,860K,844K,981K,false,false
,Natural Gas Storage,USD,2007-05-24T10:30:00Z,None,96B,95B,104B,false,false
,Gov Board Member Jordan Speaks,CHF,2007-05-24T12:15:00Z,None,,,,false,false
,National Core CPI y/y,JPY,2007-05-24T19:30:00Z,None,-0.1%,-0.3%,-0.1%,false,false
,Tokyo Core CPI y/y,JPY,2007-05-24T19:30:00Z,None,0.0%,0.0%,0.0%,false,false
,FOMC Member Mishkin Speaks,USD,2007-05-24T20:00:00Z,None,,,,false,false
,CB Leading Index m/m,AUD,2007-05-24T20:00:00Z,None,,1.5%,0.5%,false,false
,German GfK Consumer Climate,EUR,2007-05-25T02:00:00Z,None,6.0,5.7,7.3,false,false
,German Import Prices m/m,EUR,2007-05-25T02:00:00Z,None,0.4%,0.6%,0.9%,false,false
,French Consumer Spending m/m,EUR,2007-05-25T02:45:00Z,None,0.3%,0.2%,-0.3%,false,false
,Index of Services 3m/3m,GBP,2007-05-25T04:30:00Z,None,0.8%,0.8%,0.8%,false,false
,Second Estimate GDP q/q,GBP,2007-05-25T04:30:00Z,High,0.7%,0.7%,0.7%,false,false
,KOF Economic Barometer,CHF,2007-05-25T05:30:00Z,None,1.95,1.90,1.96,false,false
,Existing Home Sales,USD,2007-05-25T10:00:00Z,High,6.14M,6.15M,5.99M,false,false
,SPPI y/y,JPY,2007-05-27T19:50:00Z,None,0.6%,0.6%,1.1%,false,false
,Bank Holiday,USD,2007-05-28T00:00:00Z,None,,,,true,false
,German Bank Holiday,EUR,2007-05-28T00:00:00Z,None,,,,true,false
,French Bank Holiday,EUR,2007-05-28T00:00:00Z,None,,,,true,false
,Bank Holiday,GBP,2007-05-28T00:00:00Z,None,,,,true,false
,Bank Holiday,CHF,2007-05-28T00:00:00Z,None,,,,true,false
,Household Spending y/y,JPY,2007-05-28T19:30:00Z,None,0.1%,0.1%,1.1%,false,false
,Unemployment Rate,JPY,2007-05-28T19:30:00Z,None,4.0%,4.0%,3.8%,false,false
,Retail Sales y/y,JPY,2007-05-28T19:50:00Z,None,-0.3%,-0.7%,-0.6%,false,false
,Inflation Expectations q/q,NZD,2007-05-28T23:00:00Z,High,,2.56%,2.58%,false,false
,Trade Balance,CHF,2007-05-29T02:15:00Z,None,0.85B,0.67B,0.63B,false,false
,Current Account,EUR,2007-05-29T04:00:00Z,None,-4.3B,-3.7B,5.4B,false,false
,UBS Consumption Indicator,CHF,2007-05-29T04:00:00Z,None,,2.09,2.35,false,false
,High Street Lending,GBP,2007-05-29T04:30:00Z,None,,75.1K,64.8K,false,false
,BOC Rate Statement,CAD,2007-05-29T09:00:00Z,High,,,,false,false
,Overnight Rate,CAD,2007-05-29T09:00:00Z,High,4.25%,4.25%,4.25%,false,false
,S&P/CS Composite-20 HPI y/y,USD,2007-05-29T09:00:00Z,None,-1.2%,-0.8%,-1.4%,false,false
,CB Consumer Confidence,USD,2007-05-29T10:00:00Z,High,104.5,106.3,108.0,false,false
,German Buba President Weber Speaks,EUR,2007-05-29T15:00:00Z,None,,,,false,false
,Building Consents m/m,NZD,2007-05-29T18:45:00Z,None,,-1.9%,0.7%,false,false
,Prelim Industrial Production m/m,JPY,2007-05-29T19:50:00Z,None,0.5%,-0.3%,-0.1%,false,false
,Retail Sales m/m,AUD,2007-05-29T21:30:00Z,High,0.5%,1.0%,0.1%,false,false
,Construction Work Done q/q,AUD,2007-05-29T21:30:00Z,None,1.4%,3.8%,2.7%,false,false
,German Prelim CPI m/m,EUR,2007-05-30T00:00:00Z,None,0.2%,0.4%,0.2%,true,false
,M3 Money Supply y/y,EUR,2007-05-30T04:00:00Z,None,10.6%,10.9%,10.4%,false,false
,Retail PMI,EUR,2007-05-30T04:00:00Z,None,,54.6,48.4,false,false
,Private Loans y/y,EUR,2007-05-30T04:00:00Z,None,10.5%,10.5%,10.3%,false,false
,Italian 10-y Bond Auction,EUR,2007-05-30T05:13:00Z,None,,4.37|1.5,4.51|1.5,false,false
,ADP Non-Farm Employment Change,USD,2007-05-30T08:15:00Z,High,115K,61K,97K,false,false
,Current Account,CAD,2007-05-30T08:30:00Z,None,7.0B,4.6B,6.5B,false,false
,IPPI m/m,CAD,2007-05-30T08:30:00Z,None,0.5%,1.3%,0.2%,false,false
,RMPI m/m,CAD,2007-05-30T08:30:00Z,None,0.9%,1.9%,3.3%,false,false
,MPC Member Blanchflower Speaks,GBP,2007-05-30T13:00:00Z,None,,,,false,false
,FOMC Meeting Minutes,USD,2007-05-30T14:00:00Z,High,,,,false,false
,Final Manufacturing PMI,JPY,2007-05-30T19:30:00Z,None,,52.3,51.4,false,false
,Private Capital Expenditure q/q,AUD,2007-05-30T21:30:00Z,High,3.3%,0.1%,9.1%,false,false
,Goods Trade Balance,AUD,2007-05-30T21:30:00Z,None,-0.86B,-1.63B,-0.96B,false,false
,Private Sector Credit m/m,AUD,2007-05-30T21:30:00Z,None,1.1%,1.1%,1.2%,false,false
,Average Cash Earnings y/y,JPY,2007-05-30T21:30:00Z,None,0.1%,-0.1%,-0.7%,false,false
,ANZ Business Confidence,NZD,2007-05-30T23:00:00Z,None,,-19.4,-48.2,false,false
,Housing Starts y/y,JPY,2007-05-31T01:00:00Z,None,-4.3%,5.5%,-3.6%,false,false
,GDP q/q,CHF,2007-05-31T01:45:00Z,None,0.6%,0.5%,0.8%,false,false
,Nationwide HPI m/m,GBP,2007-05-31T02:00:00Z,None,0.6%,0.9%,0.5%,false,false
,German Unemployment Change,EUR,2007-05-31T03:55:00Z,None,-20K,-44K,-13K,false,false
,Mortgage Approvals,GBP,2007-05-31T04:30:00Z,None,111K,112K,107K,false,false
,Net Lending to Individuals m/m,GBP,2007-05-31T04:30:00Z,None,10.6B,10.1B,9.4B,false,false
,Consumer Confidence,EUR,2007-05-31T05:00:00Z,None,-4,-4,-1,false,false
,CPI Flash Estimate y/y,EUR,2007-05-31T05:00:00Z,None,1.9%,1.9%,1.9%,false,false
,Italian Prelim CPI m/m,EUR,2007-05-31T05:00:00Z,None,0.2%,0.2%,0.4%,false,false
,GfK Consumer Confidence,GBP,2007-05-31T05:30:00Z,None,-7,-6,-2,false,false
,CBI Realized Sales,GBP,2007-05-31T06:00:00Z,None,39,44,31,false,false
,GDP m/m,CAD,2007-05-31T08:30:00Z,High,0.5%,0.4%,0.3%,false,false
,Prelim GDP q/q,USD,2007-05-31T08:30:00Z,High,0.7%,1.3%,0.6%,false,false
,Prelim GDP Price Index q/q,USD,2007-05-31T08:30:00Z,None,4.0%,4.0%,4.0%,false,false
,Unemployment Claims,USD,2007-05-31T08:30:00Z,None,314K,314K,310K,false,false
,Chicago PMI,USD,2007-05-31T09:45:00Z,None,54.2,52.9,61.7,false,false
,Construction Spending m/m,USD,2007-05-31T10:00:00Z,None,-0.1%,0.6%,0.1%,false,false
,Crude Oil Inventories,USD,2007-05-31T10:30:00Z,None,1.0M,2.0M,-2.0M,false,false
,Natural Gas Storage,USD,2007-05-31T10:30:00Z,None,105B,104B,107B,false,false
,AIG Manufacturing Index,AUD,2007-05-31T19:30:00Z,None,,51.7,55.2,false,false
,Manufacturing PMI,CNY,2007-05-31T21:00:00Z,High,,58.6,55.7,false,false
,RatingDog Manufacturing PMI,CNY,2007-05-31T22:30:00Z,None,,53.3,54.1,false,false
,Total Vehicle Sales,USD,2007-06-01T00:00:00Z,None,16.3M,16.3M,16.3M,true,false
,CPI m/m,CHF,2007-06-01T01:45:00Z,High,0.2%,1.1%,0.2%,false,false
,German Retail Sales m/m,EUR,2007-06-01T02:00:00Z,None,1.0%,-0.3%,2.6%,false,false
,Commodity Prices y/y,AUD,2007-06-01T02:30:00Z,None,,7.4%,5.8%,false,false
,Spanish Manufacturing PMI,EUR,2007-06-01T03:15:00Z,None,,56.0,53.3,false,false
,Manufacturing PMI,CHF,2007-06-01T03:30:00Z,None,62.5,61.9,58.9,false,false
,ECB President Trichet Speaks,EUR,2007-06-01T03:30:00Z,None,,,,false,false
,Italian Manufacturing PMI,EUR,2007-06-01T03:45:00Z,None,54.1,53.9,55.0,false,false
,Final Manufacturing PMI,EUR,2007-06-01T04:00:00Z,None,55.6,55.4,55.0,false,false
,Final Manufacturing PMI,GBP,2007-06-01T04:30:00Z,None,53.8,54.1,54.9,false,false
,FOMC Member Kroszner Speaks,USD,2007-06-01T04:30:00Z,None,,,,false,false
,Revised GDP q/q,EUR,2007-06-01T05:00:00Z,None,0.6%,0.6%,0.6%,false,false
,Unemployment Rate,EUR,2007-06-01T05:00:00Z,None,7.1%,7.2%,7.1%,false,false
,Core PCE Price Index m/m,USD,2007-06-01T08:30:00Z,High,0.2%,0.0%,0.1%,false,false
,Non-Farm Employment Change,USD,2007-06-01T08:30:00Z,High,135K,80K,157K,false,false
,Unemployment Rate,USD,2007-06-01T08:30:00Z,High,4.5%,4.5%,4.5%,false,false
,Average Hourly Earnings m/m,USD,2007-06-01T08:30:00Z,None,0.3%,0.2%,0.3%,false,false
,Personal Spending m/m,USD,2007-06-01T08:30:00Z,None,0.4%,0.4%,0.5%,false,false
,Personal Income m/m,USD,2007-06-01T08:30:00Z,None,0.3%,0.8%,-0.1%,false,false
,Pending Home Sales m/m,USD,2007-06-01T10:00:00Z,High,0.3%,-4.5%,-3.2%,false,false
,ISM Manufacturing PMI,USD,2007-06-01T10:00:00Z,High,54.0,54.7,55.0,false,false
,Revised UoM Consumer Sentiment,USD,2007-06-01T10:00:00Z,None,88.7,88.7,88.3,false,false
,ISM Manufacturing Prices,USD,2007-06-01T10:00:00Z,None,73.0,73.0,71.0,false,false
,Revised UoM Inflation Expectations,USD,2007-06-01T10:00:00Z,None,,3.3%,3.3%,false,false
,Non-Manufacturing PMI,CNY,2007-06-02T21:00:00Z,None,,65.6,67.6,false,false
,Bank Holiday,NZD,2007-06-03T00:00:00Z,None,,,,true,false
,Capital Spending q/y,JPY,2007-06-03T19:50:00Z,None,10.0%,16.8%,13.6%,false,false
,Monetary Base y/y,JPY,2007-06-03T19:50:00Z,None,-6.5%,-12.2%,-5.7%,false,false
,MI Inflation Gauge m/m,AUD,2007-06-03T20:30:00Z,None,,0.1%,0.1%,false,false
,ANZ Job Advertisements m/m,AUD,2007-06-03T21:30:00Z,None,,3.5%,10.3%,false,false
,Company Operating Profits q/q,AUD,2007-06-03T21:30:00Z,None,2.9%,3.0%,7.6%,false,false
,Eurogroup Meetings,EUR,2007-06-04T00:00:00Z,None,,,,true,false
,Spanish Unemployment Change,EUR,2007-06-04T03:00:00Z,None,,-36.3K,-49.9K,false,false
,German Buba President Weber Speaks,EUR,2007-06-04T04:00:00Z,None,,,,false,false
,Sentix Investor Confidence,EUR,2007-06-04T04:30:00Z,None,41.3,40.8,42.0,false,false
,Construction PMI,GBP,2007-06-04T04:30:00Z,None,59.5,59.8,58.0,false,false
,ECB President Trichet Speaks,EUR,2007-06-04T05:00:00Z,None,,,,false,false
,PPI m/m,EUR,2007-06-04T05:00:00Z,None,0.3%,0.3%,0.4%,false,false
,Factory Orders m/m,USD,2007-06-04T10:00:00Z,None,0.7%,4.1%,0.3%,false,false
,BRC Retail Sales Monitor y/y,GBP,2007-06-04T19:01:00Z,None,,2.4%,1.8%,false,false
,AIG Services Index,AUD,2007-06-04T19:30:00Z,None,,52.8,56.1,false,false
,Building Approvals m/m,AUD,2007-06-04T21:30:00Z,High,2.2%,-10.5%,8.1%,false,false
,Current Account,AUD,2007-06-04T21:30:00Z,None,-14.8B,-15.5B,-15.4B,false,false
,10-y Bond Auction,JPY,2007-06-04T23:45:00Z,None,,1.65|4.0,1.81|3.2,false,false
,ECOFIN Meetings,EUR,2007-06-05T00:00:00Z,None,,,,true,false
,ECB President Trichet Speaks,EUR,2007-06-05T02:15:00Z,None,,,,false,false
,Spanish Services PMI,EUR,2007-06-05T03:15:00Z,None,,54.2,56.2,false,false
,Italian Services PMI,EUR,2007-06-05T03:45:00Z,None,54.1,53.9,56.5,false,false
,Final Services PMI,EUR,2007-06-05T04:00:00Z,None,57.0,57.0,57.3,false,false
,Final Services PMI,GBP,2007-06-05T04:30:00Z,None,57.1,57.2,57.2,false,false
,Retail Sales m/m,EUR,2007-06-05T05:00:00Z,None,0.5%,0.4%,0.2%,false,false
,Fed Chairman Bernanke Speaks,USD,2007-06-05T08:15:00Z,High,,,,false,false
,ISM Services PMI,USD,2007-06-05T10:00:00Z,High,55.3,56.0,59.7,false,false
,Fed Chairman Warsh Speaks,USD,2007-06-05T11:00:00Z,None,,,,false,false
,Treasury Sec Paulson Speaks,USD,2007-06-05T11:30:00Z,None,,,,false,false
,Nationwide Consumer Confidence,GBP,2007-06-05T19:01:00Z,None,92,90,99,false,false
,Cash Rate,AUD,2007-06-05T19:30:00Z,High,6.25%,6.25%,6.25%,false,false
,GDP q/q,AUD,2007-06-05T21:30:00Z,High,1.0%,1.1%,1.6%,false,false
,ANZ Commodity Prices m/m,NZD,2007-06-05T23:00:00Z,None,,4.9%,2.6%,false,false
,G8 Meetings,All,2007-06-06T00:00:00Z,None,,,,false,false
,Leading Indicators,JPY,2007-06-06T01:00:00Z,None,20.0%,36.4%,20.0%,false,false
,Foreign Currency Reserves,CHF,2007-06-06T03:00:00Z,None,,45B,45B,false,false
,German Buba President Weber Speaks,EUR,2007-06-06T04:00:00Z,None,,,,false,false
,BRC Shop Price Index y/y,GBP,2007-06-06T05:30:00Z,None,,0.8%,0.4%,false,false
,German Factory Orders m/m,EUR,2007-06-06T06:00:00Z,None,-0.9%,1.1%,-1.2%,false,false
,Challenger Job Cuts y/y,USD,2007-06-06T07:30:00Z,None,,-24.6%,18.4%,false,false
,Main Refinancing Rate,EUR,2007-06-06T07:45:00Z,High,4.00%,3.75%,4.00%,false,false
,Building Permits m/m,CAD,2007-06-06T08:30:00Z,None,-3.2%,26.5%,-8.4%,false,false
,ECB Press Conference,EUR,2007-06-06T08:30:00Z,High,,,,false,false
,Revised Nonfarm Productivity q/q,USD,2007-06-06T08:30:00Z,None,1.1%,1.7%,1.0%,false,false
,Revised Unit Labor Costs q/q,USD,2007-06-06T08:30:00Z,None,1.3%,0.6%,1.8%,false,false
,Ivey PMI,CAD,2007-06-06T10:00:00Z,High,65.0,60.9,62.7,false,false
,Crude Oil Inventories,USD,2007-06-06T10:30:00Z,None,0.1M,-2.0M,0.1M,false,false
,RBNZ Press Conference,NZD,2007-06-06T17:00:00Z,High,,,,false,false
,Official Cash Rate,NZD,2007-06-06T17:00:00Z,High,7.75%,7.75%,8.00%,false,false
,RBNZ Monetary Policy Statement,NZD,2007-06-06T17:00:00Z,None,,,,false,false
,RBNZ Rate Statement,NZD,2007-06-06T17:00:00Z,High,,,,false,false
,AIG Construction Index,AUD,2007-06-06T19:30:00Z,None,,47.9,45.1,false,false
,Unemployment Rate,AUD,2007-06-06T21:30:00Z,None,4.4%,4.4%,4.2%,false,false
,Employment Change,AUD,2007-06-06T21:30:00Z,High,11.3K,34.9K,39.4K,false,false
,G8 Meetings,All,2007-06-07T00:00:00Z,None,,,,false,false
,Unemployment Rate,CHF,2007-06-07T01:45:00Z,None,2.8%,2.9%,2.7%,false,false
,Prelim Machine Tool Orders y/y,JPY,2007-06-07T02:00:00Z,None,,7.5%,5.3%,false,false
,Lloyds HPI m/m,GBP,2007-06-07T03:00:00Z,High,0.5%,1.1%,0.3%,false,false
,French 10-y Bond Auction,EUR,2007-06-07T04:56:00Z,None,,4.13|3.0,4.53|2.2,false,false
,Official Bank Rate,GBP,2007-06-07T07:00:00Z,High,5.50%,5.50%,5.50%,false,false
,Unemployment Claims,USD,2007-06-07T08:30:00Z,None,315K,310K,309K,false,false
,Final Wholesale Inventories m/m,USD,2007-06-07T10:00:00Z,None,0.3%,0.4%,0.3%,false,false
,FOMC Member Mishkin Speaks,USD,2007-06-07T10:30:00Z,High,,,,false,false
,Natural Gas Storage,USD,2007-06-07T10:30:00Z,None,105B,107B,110B,false,false
,Consumer Credit m/m,USD,2007-06-07T15:00:00Z,None,6.0B,14.0B,2.6B,false,false
,Core Machinery Orders m/m,JPY,2007-06-07T19:50:00Z,None,4.5%,-4.5%,2.2%,false,false
,Bank Lending y/y,JPY,2007-06-07T19:50:00Z,None,,0.9%,0.9%,false,false
,M2 Money Stock y/y,JPY,2007-06-07T19:50:00Z,None,1.2%,1.1%,1.4%,false,false
,Home Loans m/m,AUD,2007-06-07T21:30:00Z,None,1.9%,1.5%,2.2%,false,false
,G8 Meetings,All,2007-06-08T00:00:00Z,None,,,,false,false
,Economy Watchers Sentiment,JPY,2007-06-08T01:00:00Z,None,50.1,49.7,46.8,false,false
,German Trade Balance,EUR,2007-06-08T02:00:00Z,None,15.4B,15.6B,15.8B,false,false
,French Gov Budget Balance,EUR,2007-06-08T02:45:00Z,None,,-24.7B,-42.5B,false,false
,French Trade Balance,EUR,2007-06-08T02:45:00Z,None,-2.0B,-1.5B,-2.8B,false,false
,Manufacturing Production m/m,GBP,2007-06-08T04:30:00Z,High,0.2%,0.6%,0.3%,false,false
,Industrial Production m/m,GBP,2007-06-08T04:30:00Z,None,0.2%,0.2%,0.3%,false,false
,German Industrial Production m/m,EUR,2007-06-08T06:00:00Z,None,0.4%,0.2%,-2.3%,false,false
,Unemployment Rate,CAD,2007-06-08T07:00:00Z,High,6.1%,6.1%,6.1%,false,false
,Employment Change,CAD,2007-06-08T07:00:00Z,High,16.0K,-5.2K,9.3K,false,false
,Housing Starts,CAD,2007-06-08T08:15:00Z,High,215K,212K,230K,false,false
,Trade Balance,CAD,2007-06-08T08:30:00Z,High,4.9B,5.1B,5.8B,false,false
,Trade Balance,USD,2007-06-08T08:30:00Z,High,-63.5B,-62.4B,-58.5B,false,false
,NIESR GDP Estimate,GBP,2007-06-08T19:01:00Z,None,,0.7%,0.8%,false,false
,Bank Holiday,AUD,2007-06-10T00:00:00Z,None,,,,true,false
,French Parliamentary Elections,EUR,2007-06-10T00:00:00Z,High,,,,true,false
,Overseas Trade Index q/q,NZD,2007-06-10T18:45:00Z,None,2.5%,2.5%,2.0%,false,false
,Final GDP Price Index y/y,JPY,2007-06-10T19:50:00Z,None,-0.2%,-0.2%,-0.3%,false,false
,Final GDP q/q,JPY,2007-06-10T19:50:00Z,None,0.8%,0.6%,0.8%,false,false
,PPI y/y,CNY,2007-06-10T22:00:00Z,None,3.0%,2.9%,2.8%,false,false
,French Industrial Production m/m,EUR,2007-06-11T02:45:00Z,None,0.2%,0.2%,-0.8%,false,false
,Italian Industrial Production m/m,EUR,2007-06-11T04:00:00Z,None,0.2%,0.2%,-0.8%,false,false
,PPI Input m/m,GBP,2007-06-11T04:30:00Z,High,0.6%,0.2%,1.2%,false,false
,PPI Output m/m,GBP,2007-06-11T04:30:00Z,None,0.4%,0.5%,0.4%,false,false
,ONS HPI y/y,GBP,2007-06-11T04:30:00Z,None,11.0%,10.9%,11.3%,false,false
,USD-Denominated Trade Balance,CNY,2007-06-11T04:55:00Z,High,19.5B,16.9B,22.5B,false,false
,Capacity Utilization Rate,CAD,2007-06-11T08:30:00Z,None,82.9%,82.4%,83.0%,false,false
,NHPI m/m,CAD,2007-06-11T08:30:00Z,None,0.3%,0.3%,0.8%,false,false
,ECB President Trichet Speaks,EUR,2007-06-11T10:00:00Z,High,,,,false,false
,BOE Gov King Speaks,GBP,2007-06-11T15:00:00Z,None,,,,false,false
,RBNZ Gov Bollard Speaks,NZD,2007-06-11T19:00:00Z,None,,,,false,false
,PPI y/y,JPY,2007-06-11T19:50:00Z,None,2.0%,2.3%,2.2%,false,false
,NAB Business Confidence,AUD,2007-06-11T21:30:00Z,None,,13,15,false,false
,CPI y/y,CNY,2007-06-11T22:00:00Z,None,3.2%,3.0%,3.4%,false,false
,New Loans,CNY,2007-06-11T22:00:00Z,None,,422B,247B,false,false
,M2 Money Supply y/y,CNY,2007-06-11T22:00:00Z,None,17.2%%,17.1%,16.7%,false,false
,Consumer Confidence,JPY,2007-06-12T01:00:00Z,None,48.0,47.4,47.3,false,false
,German WPI m/m,EUR,2007-06-12T02:00:00Z,None,0.5%,0.8%,0.3%,false,false
,RPI y/y,GBP,2007-06-12T04:30:00Z,None,4.3%,4.5%,4.3%,false,false
,Core CPI y/y,GBP,2007-06-12T04:30:00Z,None,1.8%,1.8%,1.9%,false,false
,Goods Trade Balance,GBP,2007-06-12T04:30:00Z,High,-7.0B,-7.2B,-6.3B,false,false
,CPI y/y,GBP,2007-06-12T04:30:00Z,High,2.6%,2.8%,2.5%,false,false
,Industrial Production m/m,EUR,2007-06-12T05:00:00Z,None,0.2%,0.5%,-0.8%,false,false
,NFIB Small Business Index,USD,2007-06-12T07:30:00Z,None,,96.8,97.2,false,false
,Treasury Sec Paulson Speaks,USD,2007-06-12T08:30:00Z,None,,,,false,false
,Labor Productivity q/q,CAD,2007-06-12T08:30:00Z,None,0.7%,0.2%,0.7%,false,false
,RCM/TIPP Economic Optimism,USD,2007-06-12T10:00:00Z,None,47.8,48.0,49.1,false,false
,JOLTS Job Openings,USD,2007-06-12T10:00:00Z,None,,4.18M,4.15M,false,false
,10-y Bond Auction,USD,2007-06-12T13:00:00Z,None,,4.61|2.3,5.23|2.6,false,false
,Federal Budget Balance,USD,2007-06-12T14:00:00Z,None,-70.0B,177.7B,-67.7B,false,false
,FPI m/m,NZD,2007-06-12T18:45:00Z,None,,0.2%,0.3%,false,false
,Current Account,JPY,2007-06-12T19:50:00Z,None,2.00T,2.42T,2.28T,false,false
,Westpac Consumer Sentiment,AUD,2007-06-12T20:30:00Z,None,,7.5%,-2.0%,false,false
,HIA New Home Sales m/m,AUD,2007-06-12T21:00:00Z,None,,0.0%,7.1%,false,false
,Foreign Direct Investment ytd/y,CNY,2007-06-12T21:50:00Z,None,,10.2%,9.9%,false,false
,Retail Sales y/y,CNY,2007-06-12T22:00:00Z,None,15.3%,15.5%,15.9%,false,false
,Revised Industrial Production m/m,JPY,2007-06-13T00:30:00Z,None,-0.1%,-0.1%,-0.2%,false,false
,French Final CPI m/m,EUR,2007-06-13T02:45:00Z,None,0.3%,0.5%,0.3%,false,false
,Average Earnings Index 3m/y,GBP,2007-06-13T04:30:00Z,High,4.4%,4.4%,4.0%,false,false
,Claimant Count Change,GBP,2007-06-13T04:30:00Z,None,-8.4K,-16.0K,-9.3K,false,false
,Unemployment Rate,GBP,2007-06-13T04:30:00Z,None,5.5%,5.5%,5.5%,false,false
,Final Employment Change q/q,EUR,2007-06-13T06:00:00Z,None,,0.3%,0.4%,false,false
,Retail Sales m/m,USD,2007-06-13T08:30:00Z,High,0.6%,-0.1%,1.4%,false,false
,Manufacturing Sales m/m,CAD,2007-06-13T08:30:00Z,None,0.3%,3.0%,-0.6%,false,false
,Core Retail Sales m/m,USD,2007-06-13T08:30:00Z,High,0.7%,0.1%,1.3%,false,false
,FOMC Member Kroszner Speaks,USD,2007-06-13T08:30:00Z,High,,,,false,false
,Import Prices m/m,USD,2007-06-13T08:30:00Z,None,0.3%,1.4%,0.9%,false,false
,FOMC Member Geithner Speaks,USD,2007-06-13T08:45:00Z,None,,,,false,false
,Treasury Currency Report,USD,2007-06-13T10:00:00Z,High,,,,false,false
,Business Inventories m/m,USD,2007-06-13T10:00:00Z,None,0.2%,0.0%,0.4%,false,false
,CB Leading Index m/m,GBP,2007-06-13T10:30:00Z,None,,0.4%,0.6%,false,false
,Crude Oil Inventories,USD,2007-06-13T10:30:00Z,None,-0.3M,0.1M,0.1M,false,false
,ECB President Trichet Speaks,EUR,2007-06-13T13:00:00Z,None,,,,false,false
,Beige Book,USD,2007-06-13T14:00:00Z,None,,,,false,false
,Core Retail Sales m/m,NZD,2007-06-13T18:45:00Z,High,0.0%,0.4%,-0.9%,false,false
,Retail Sales m/m,NZD,2007-06-13T18:45:00Z,High,0.0%,1.0%,-1.2%,false,false
,RICS House Price Balance,GBP,2007-06-13T19:01:00Z,None,25%,29%,24%,false,false
,BusinessNZ Manufacturing Index,NZD,2007-06-13T20:00:00Z,None,,54.4,56.8,false,false
,MI Inflation Expectations,AUD,2007-06-13T20:30:00Z,None,,4.4%,3.8%,false,false
,Industrial Production y/y,CNY,2007-06-13T22:00:00Z,High,16.9%,17.4%,18.1%,false,false
,RBA Gov Stevens Speaks,AUD,2007-06-13T22:55:00Z,High,,,,false,false
,German Final CPI m/m,EUR,2007-06-14T02:00:00Z,None,0.2%,0.2%,0.2%,false,false
,French Final Private Payrolls q/q,EUR,2007-06-14T02:45:00Z,None,0.6%,0.6%,0.7%,false,false
,SNB Monetary Policy Assessment,CHF,2007-06-14T03:30:00Z,High,,,,false,false
,SNB Press Conference,CHF,2007-06-14T03:30:00Z,High,,,,false,false
,Libor Rate,CHF,2007-06-14T03:30:00Z,High,2.50%,2.25%,2.50%,false,false
,SNB Financial Stability Report,CHF,2007-06-14T04:00:00Z,None,,,,false,false
,Consumer Inflation Expectations,GBP,2007-06-14T04:30:00Z,None,,2.7%,2.7%,false,false
,Retail Sales m/m,GBP,2007-06-14T04:30:00Z,High,0.3%,-0.1%,0.4%,false,false
,Final Core CPI y/y,EUR,2007-06-14T05:00:00Z,None,1.9%,1.9%,1.9%,false,false
,Final CPI y/y,EUR,2007-06-14T05:00:00Z,None,2.0%,1.9%,1.9%,false,false
,ECB Monthly Bulletin,EUR,2007-06-14T05:00:00Z,None,,,,false,false
,PPI m/m,USD,2007-06-14T08:30:00Z,High,0.6%,0.7%,0.9%,false,false
,Core PPI m/m,USD,2007-06-14T08:30:00Z,None,0.2%,0.0%,0.2%,false,false
,Unemployment Claims,USD,2007-06-14T08:30:00Z,None,315K,311K,311K,false,false
,FOMC Member Kroszner Speaks,USD,2007-06-14T09:00:00Z,None,,,,false,false
,Mortgage Delinquencies,USD,2007-06-14T10:00:00Z,None,,4.95%,4.84%,false,false
,Natural Gas Storage,USD,2007-06-14T10:30:00Z,None,98B,110B,92B,false,false
,German Buba President Weber Speaks,EUR,2007-06-14T15:40:00Z,None,,,,false,false
,Manufacturing Sales q/q,NZD,2007-06-14T18:45:00Z,None,,-2.2%,0.8%,false,false
,Tertiary Industry Activity m/m,JPY,2007-06-14T19:50:00Z,None,1.4%,-1.9%,1.7%,false,false
,Overnight Call Rate,JPY,2007-06-14T23:18:00Z,None,0.50%,0.50%,0.50%,false,false
,BOJ Monthly Report,JPY,2007-06-15T02:00:00Z,None,,,,false,false
,Retail Sales y/y,CHF,2007-06-15T03:15:00Z,None,5.5%,7.6%,3.2%,false,false
,BOJ Press Conference,JPY,2007-06-15T03:22:00Z,High,,,,false,false
,MPC Member Tucker Speaks,GBP,2007-06-15T04:00:00Z,None,,,,false,false
,Italian Trade Balance,EUR,2007-06-15T04:00:00Z,None,-1.52B,-0.13B,-1.32B,false,false
,Trade Balance,EUR,2007-06-15T05:00:00Z,None,4.0B,5.4B,3.5B,false,false
,ECB Financial Stability Review,EUR,2007-06-15T06:00:00Z,None,,,,false,false
,Core CPI m/m,USD,2007-06-15T08:30:00Z,High,0.2%,0.2%,0.1%,false,false
,Current Account,USD,2007-06-15T08:30:00Z,None,-203B,-188B,-193B,false,false
,Empire State Manufacturing Index,USD,2007-06-15T08:30:00Z,None,11.1,8.0,25.8,false,false
,CPI m/m,USD,2007-06-15T08:30:00Z,None,0.6%,0.4%,0.7%,false,false
,Fed Chairman Bernanke Speaks,USD,2007-06-15T08:30:00Z,High,,,,false,false
,CPI y/y,USD,2007-06-15T08:30:00Z,High,2.6%,2.6%,2.7%,false,false
,Core CPI y/y,USD,2007-06-15T08:30:00Z,High,2.3%,2.3%,2.2%,false,false
,New Motor Vehicle Sales m/m,CAD,2007-06-15T08:30:00Z,None,6.5%,0.4%,6.9%,false,false
,TIC Long-Term Purchases,USD,2007-06-15T09:00:00Z,High,71.8B,51.2B,84.1B,false,false
,Capacity Utilization Rate,USD,2007-06-15T09:15:00Z,None,81.6%,81.5%,81.3%,false,false
,Industrial Production m/m,USD,2007-06-15T09:15:00Z,None,0.1%,0.4%,0.0%,false,false
,Prelim UoM Consumer Sentiment,USD,2007-06-15T10:00:00Z,High,88.5,88.3,83.7,false,false
,Prelim UoM Inflation Expectations,USD,2007-06-15T10:00:00Z,None,,3.3%,3.5%,false,false
,French Parliamentary Elections,EUR,2007-06-17T00:00:00Z,High,,,,true,false
,Rightmove HPI m/m,GBP,2007-06-17T19:01:00Z,None,,0.4%,0.8%,false,false
,Fixed Asset Investment ytd/y,CNY,2007-06-17T22:00:00Z,None,25.4%,25.5%,25.9%,false,false
,Industrial Production q/q,CHF,2007-06-18T03:15:00Z,None,-3.4%,8.5%,-4.7%,false,false
,German Buba Monthly Report,EUR,2007-06-18T06:00:00Z,None,,,,false,false
,Foreign Securities Purchases,CAD,2007-06-18T08:30:00Z,None,3.15B,4.53B,1.54B,false,false
,ECB President Trichet Speaks,EUR,2007-06-18T12:00:00Z,None,,,,false,false
,NAHB Housing Market Index,USD,2007-06-18T13:00:00Z,None,29,30,28,false,false
,Italian Quarterly Unemployment Rate,EUR,2007-06-19T04:00:00Z,None,6.4%,6.4%,6.2%,false,false
,German ZEW Economic Sentiment,EUR,2007-06-19T05:00:00Z,None,29.0,24.0,20.3,false,false
,ZEW Economic Sentiment,EUR,2007-06-19T05:00:00Z,None,26.0,22.3,19.0,false,false
,Core CPI m/m,CAD,2007-06-19T07:00:00Z,High,0.3%,0.2%,0.3%,false,false
,CPI m/m,CAD,2007-06-19T07:00:00Z,None,0.4%,0.4%,0.4%,false,false
,Building Permits,USD,2007-06-19T08:30:00Z,None,1.47M,1.46M,1.50M,false,false
,Housing Starts,USD,2007-06-19T08:30:00Z,None,1.48M,1.51M,1.47M,false,false
,Visitor Arrivals m/m,NZD,2007-06-19T18:45:00Z,None,,-2.1%,1.8%,false,false
,BSI Manufacturing Index,JPY,2007-06-19T19:50:00Z,None,-1.9,0.1,-2.2,false,false
,Monetary Policy Meeting Minutes,JPY,2007-06-19T19:50:00Z,None,,,,false,false
,All Industries Activity m/m,JPY,2007-06-19T19:50:00Z,None,1.0%,-1.4%,1.2%,false,false
,MI Leading Index m/m,AUD,2007-06-19T20:30:00Z,None,,0.1%,0.7%,false,false
,Housing Starts q/q,AUD,2007-06-19T21:30:00Z,None,0.9%,0.6%,1.3%,false,false
,New Motor Vehicle Sales m/m,AUD,2007-06-19T21:30:00Z,None,,-1.4%,-0.5%,false,false
,German PPI m/m,EUR,2007-06-20T02:00:00Z,None,0.2%,0.1%,0.3%,false,false
,PPI m/m,CHF,2007-06-20T03:15:00Z,None,0.5%,0.9%,0.9%,false,false
,MPC Official Bank Rate Votes,GBP,2007-06-20T04:30:00Z,High,2-0-7,9-0-0,4-0-5,false,false
,M4 Money Supply m/m,GBP,2007-06-20T04:30:00Z,None,1.0%,1.3%,1.2%,false,false
,Public Sector Net Borrowing,GBP,2007-06-20T04:30:00Z,None,7.0B,1.2B,8.2B,false,false
,Wholesale Sales m/m,CAD,2007-06-20T08:30:00Z,None,0.3%,2.3%,-3.1%,false,false
,Leading Index m/m,CAD,2007-06-20T08:30:00Z,None,0.4%,0.5%,0.5%,false,false
,Treasury Sec Paulson Speaks,USD,2007-06-20T10:00:00Z,None,,,,false,false
,BOE Gov King Speaks,GBP,2007-06-20T10:30:00Z,None,,,,false,false
,Crude Oil Inventories,USD,2007-06-20T10:30:00Z,None,0.0M,0.1M,6.9M,false,false
,FOMC Member Geithner Speaks,USD,2007-06-20T11:30:00Z,None,,,,false,false
,Trade Balance,JPY,2007-06-20T19:50:00Z,None,0.92T,1.07T,0.79T,false,false
,RBA Bulletin,AUD,2007-06-20T21:30:00Z,None,,,,false,false
,Trade Balance,CHF,2007-06-21T02:15:00Z,None,1.08B,0.64B,1.26B,false,false
,French Consumer Spending m/m,EUR,2007-06-21T02:45:00Z,None,0.5%,-0.1%,-0.8%,false,false
,Flash Manufacturing PMI,EUR,2007-06-21T04:00:00Z,None,54.5,55.0,55.4,false,false
,Flash Services PMI,EUR,2007-06-21T04:00:00Z,None,58.0,57.3,58.3,false,false
,Italian Retail Sales m/m,EUR,2007-06-21T04:00:00Z,None,0.1%,0.5%,-0.4%,false,false
,UBS Economic Expectations,CHF,2007-06-21T05:00:00Z,None,,0.0,-0.1,false,false
,CBI Industrial Order Expectations,GBP,2007-06-21T06:00:00Z,None,6,5,8,false,false
,Core Retail Sales m/m,CAD,2007-06-21T08:30:00Z,High,0.5%,1.1%,0.0%,false,false
,Retail Sales m/m,CAD,2007-06-21T08:30:00Z,None,0.9%,1.8%,0.4%,false,false
,Unemployment Claims,USD,2007-06-21T08:30:00Z,None,312K,314K,324K,false,false
,SNB Chairman Roth Speaks,CHF,2007-06-21T08:45:00Z,None,,,,false,false
,CB Leading Index m/m,USD,2007-06-21T10:00:00Z,None,0.2%,-0.3%,0.3%,false,false
,BOC Financial System Review,CAD,2007-06-21T10:30:00Z,None,,,,false,false
,Natural Gas Storage,USD,2007-06-21T10:30:00Z,None,88B,92B,89B,false,false
,Philly Fed Manufacturing Index,USD,2007-06-21T12:00:00Z,None,7.5,4.2,18.0,false,false
,Credit Card Spending y/y,NZD,2007-06-21T23:00:00Z,None,,7.8%,5.8%,false,false
,SECO Economic Forecasts,CHF,2007-06-22T01:45:00Z,None,,,,false,false
,German ifo Business Climate,EUR,2007-06-22T04:00:00Z,High,108.4,108.6,107.0,false,false
,ECB President Trichet Speaks,EUR,2007-06-22T04:00:00Z,None,,,,false,false
,Industrial New Orders m/m,EUR,2007-06-22T05:00:00Z,None,-0.7%,2.8%,-0.4%,false,false
,SNB Chairman Roth Speaks,CHF,2007-06-22T08:00:00Z,None,,,,false,false
,Belgian NBB Business Climate,EUR,2007-06-22T09:00:00Z,None,3.7,3.9,5.5,false,false
,German GfK Consumer Climate,EUR,2007-06-25T02:00:00Z,None,7.8,7.4,8.4,false,false
,Existing Home Sales,USD,2007-06-25T10:00:00Z,High,5.96M,6.01M,5.99M,false,false
,HIA New Home Sales m/m,AUD,2007-06-25T19:40:00Z,None,,7.1%,-4.4%,false,false
,SPPI y/y,JPY,2007-06-25T19:50:00Z,None,1.3%,1.0%,1.4%,false,false
,German Import Prices m/m,EUR,2007-06-26T02:00:00Z,None,0.4%,0.9%,0.3%,false,false
,UBS Consumption Indicator,CHF,2007-06-26T04:00:00Z,None,,2.38,2.09,false,false
,Current Account,EUR,2007-06-26T04:00:00Z,None,-1.0B,6.7B,-4.0B,false,false
,MPC Member Gieve Speaks,GBP,2007-06-26T07:00:00Z,None,,,,false,false
,S&P/CS Composite-20 HPI y/y,USD,2007-06-26T09:00:00Z,None,-2.1%,-1.3%,-2.1%,false,false
,Westpac Consumer Sentiment,NZD,2007-06-26T09:00:00Z,None,,117.7,111.4,false,false
,CB Consumer Confidence,USD,2007-06-26T10:00:00Z,High,105.5,108.5,103.9,false,false
,New Home Sales,USD,2007-06-26T10:00:00Z,High,922K,930K,915K,false,false
,Richmond Manufacturing Index,USD,2007-06-26T10:00:00Z,None,-8,-10,4,false,false
,Trade Balance,NZD,2007-06-26T18:45:00Z,High,500M,-189M,9M,false,false
,RBA Deputy Gov Lowe Speaks,AUD,2007-06-26T19:15:00Z,None,,,,false,false
,Retail Sales y/y,JPY,2007-06-26T19:50:00Z,None,-0.6%,-0.7%,0.1%,false,false
,CB Leading Index m/m,AUD,2007-06-26T20:00:00Z,None,,0.8%,0.3%,false,false
,High Street Lending,GBP,2007-06-27T04:30:00Z,None,,64.8K,77.4K,false,false
,KOF Economic Barometer,CHF,2007-06-27T05:30:00Z,None,2.05,1.94,1.98,false,false
,CBI Realized Sales,GBP,2007-06-27T06:00:00Z,None,34,31,17,false,false
,Core Durable Goods Orders m/m,USD,2007-06-27T08:30:00Z,High,0.2%,2.5%,-1.0%,false,false
,Durable Goods Orders m/m,USD,2007-06-27T08:30:00Z,None,-1.2%,1.1%,-2.8%,false,false
,Crude Oil Inventories,USD,2007-06-27T10:30:00Z,None,1.6M,6.9M,1.6M,false,false
,Treasury Sec Paulson Speaks,USD,2007-06-27T13:00:00Z,None,,,,false,false
,Current Account,NZD,2007-06-27T18:45:00Z,High,-2.56B,-3.94B,-2.22B,false,false
,Building Consents m/m,NZD,2007-06-27T18:45:00Z,None,,0.5%,5.5%,false,false
,Prelim Industrial Production m/m,JPY,2007-06-27T19:50:00Z,None,0.9%,-0.2%,-0.4%,false,false
,ANZ Business Confidence,NZD,2007-06-27T23:00:00Z,None,,-48.2,-37.2,false,false
,German Prelim CPI m/m,EUR,2007-06-28T00:00:00Z,None,0.2%,0.2%,0.1%,true,false
,Nationwide HPI m/m,GBP,2007-06-28T02:00:00Z,None,0.6%,0.5%,1.1%,false,false
,German Unemployment Change,EUR,2007-06-28T03:55:00Z,None,-40K,-13K,-47K,false,false
,M3 Money Supply y/y,EUR,2007-06-28T04:00:00Z,None,10.4%,10.4%,10.7%,false,false
,Private Loans y/y,EUR,2007-06-28T04:00:00Z,None,10.3%,10.3%,10.3%,false,false
,Retail PMI,EUR,2007-06-28T04:00:00Z,None,,48.4,48.2,false,false
,Monetary Policy Report Hearings,GBP,2007-06-28T04:45:00Z,High,,,,false,false
,SNB Quarterly Bulletin,CHF,2007-06-28T05:00:00Z,None,,,,false,false
,Italian Prelim CPI m/m,EUR,2007-06-28T05:00:00Z,None,0.2%,0.3%,0.2%,false,false
,Italian 10-y Bond Auction,EUR,2007-06-28T05:19:00Z,None,,4.51|1.5,4.74|1.5,false,false
,RMPI m/m,CAD,2007-06-28T08:30:00Z,None,0.7%,3.3%,-0.2%,false,false
,IPPI m/m,CAD,2007-06-28T08:30:00Z,None,0.2%,0.3%,-0.5%,false,false
,Final GDP q/q,USD,2007-06-28T08:30:00Z,None,0.8%,0.6%,0.7%,false,false
,Final GDP Price Index q/q,USD,2007-06-28T08:30:00Z,None,4.0%,4.0%,4.2%,false,false
,Unemployment Claims,USD,2007-06-28T08:30:00Z,None,315K,326K,313K,false,false
,Natural Gas Storage,USD,2007-06-28T10:30:00Z,None,84B,89B,99B,false,false
,FOMC Statement,USD,2007-06-28T14:15:00Z,High,,,,false,false
,Federal Funds Rate,USD,2007-06-28T14:15:00Z,High,5.25%,5.25%,5.25%,false,false
,GDP q/q,NZD,2007-06-28T18:45:00Z,High,1.0%,0.8%,1.0%,false,false
,Tokyo Core CPI y/y,JPY,2007-06-28T19:30:00Z,None,0.1%,0.0%,-0.1%,false,false
,Final Manufacturing PMI,JPY,2007-06-28T19:30:00Z,None,,51.4,50.4,false,false
,Household Spending y/y,JPY,2007-06-28T19:30:00Z,None,0.5%,1.1%,0.4%,false,false
,National Core CPI y/y,JPY,2007-06-28T19:30:00Z,None,-0.1%,-0.1%,-0.1%,false,false
,Unemployment Rate,JPY,2007-06-28T19:30:00Z,None,3.9%,3.8%,3.8%,false,false
,Private Sector Credit m/m,AUD,2007-06-28T21:30:00Z,None,1.1%,1.3%,1.2%,false,false
,Italian Bank Holiday,EUR,2007-06-29T00:00:00Z,None,,,,true,false
,Housing Starts y/y,JPY,2007-06-29T01:00:00Z,None,-0.8%,-3.6%,-10.7%,false,false
,German Retail Sales m/m,EUR,2007-06-29T02:00:00Z,None,0.1%,1.4%,-1.8%,false,false
,Current Account,GBP,2007-06-29T04:30:00Z,High,-12.0B,-14.5B,-12.2B,false,false
,Final GDP q/q,GBP,2007-06-29T04:30:00Z,None,0.7%,0.7%,0.7%,false,false
,Mortgage Approvals,GBP,2007-06-29T04:30:00Z,None,106K,109K,114K,false,false
,Net Lending to Individuals m/m,GBP,2007-06-29T04:30:00Z,None,10.0B,9.2B,9.5B,false,false
,Revised Business Investment q/q,GBP,2007-06-29T04:30:00Z,None,-1.3%,-1.3%,-0.6%,false,false
,Consumer Confidence,EUR,2007-06-29T05:00:00Z,None,-1,-1,-2,false,false
,CPI Flash Estimate y/y,EUR,2007-06-29T05:00:00Z,None,1.9%,1.9%,1.9%,false,false
,GfK Consumer Confidence,GBP,2007-06-29T05:30:00Z,None,-2,-2,-3,false,false
,GDP m/m,CAD,2007-06-29T08:30:00Z,High,0.2%,0.3%,0.0%,false,false
,Core PCE Price Index m/m,USD,2007-06-29T08:30:00Z,High,0.1%,0.1%,0.1%,false,false
,Personal Spending m/m,USD,2007-06-29T08:30:00Z,None,0.7%,0.5%,0.5%,false,false
,Personal Income m/m,USD,2007-06-29T08:30:00Z,None,0.6%,-0.2%,0.4%,false,false
,SNB Chairman Roth Speaks,CHF,2007-06-29T09:00:00Z,None,,,,false,false
,Chicago PMI,USD,2007-06-29T09:45:00Z,None,58.0,61.7,60.2,false,false
,Revised UoM Inflation Expectations,USD,2007-06-29T10:00:00Z,None,,3.5%,3.4%,false,false
,Construction Spending m/m,USD,2007-06-29T10:00:00Z,None,0.1%,0.2%,0.9%,false,false
,Revised UoM Consumer Sentiment,USD,2007-06-29T10:00:00Z,None,83.9,83.7,85.3,false,false
,BOC Business Outlook Survey,CAD,2007-06-29T10:30:00Z,High,,,,false,false
,AIG Manufacturing Index,AUD,2007-07-01T19:30:00Z,None,,55.2,53.1,false,false
,Tankan Manufacturing Index,JPY,2007-07-01T19:50:00Z,High,23,23,23,false,false
,Tankan Non-Manufacturing Index,JPY,2007-07-01T19:50:00Z,None,22,22,22,false,false
,MI Inflation Gauge m/m,AUD,2007-07-01T20:30:00Z,None,,0.1%,0.2%,false,false
,Manufacturing PMI,CNY,2007-07-01T21:00:00Z,High,,55.7,54.5,false,false
,Average Cash Earnings y/y,JPY,2007-07-01T21:30:00Z,None,0.2%,-0.2%,-0.6%,false,false
,RatingDog Manufacturing PMI,CNY,2007-07-01T22:30:00Z,None,,54.1,55.0,false,false
,Bank Holiday,CAD,2007-07-02T00:00:00Z,None,,,,true,false
,Commodity Prices y/y,AUD,2007-07-02T02:30:00Z,None,,5.7%,6.3%,false,false
,Spanish Manufacturing PMI,EUR,2007-07-02T03:15:00Z,None,,53.3,55.1,false,false
,Manufacturing PMI,CHF,2007-07-02T03:30:00Z,None,59.6,58.9,62.8,false,false
,Italian Manufacturing PMI,EUR,2007-07-02T03:45:00Z,None,55.3,55.0,54.0,false,false
,Final Manufacturing PMI,EUR,2007-07-02T04:00:00Z,None,55.4,55.4,55.6,false,false
,Final Manufacturing PMI,GBP,2007-07-02T04:30:00Z,None,54.7,54.7,54.3,false,false
,Index of Services 3m/3m,GBP,2007-07-02T04:30:00Z,None,0.8%,0.9%,1.0%,false,false
,ISM Manufacturing PMI,USD,2007-07-02T10:00:00Z,High,55.0,55.0,56.0,false,false
,ISM Manufacturing Prices,USD,2007-07-02T10:00:00Z,None,69.0,71.0,68.0,false,false
,Monetary Base y/y,JPY,2007-07-02T19:50:00Z,None,-4.0%,-5.7%,-4.1%,false,false
,Non-Manufacturing PMI,CNY,2007-07-02T21:00:00Z,None,,67.6,58.5,false,false
,Retail Sales m/m,AUD,2007-07-02T21:30:00Z,High,0.7%,-0.3%,-0.1%,false,false
,Building Approvals m/m,AUD,2007-07-02T21:30:00Z,High,-1.0%,3.4%,-5.6%,false,false
,RBNZ Statement of Intent,NZD,2007-07-02T22:00:00Z,None,,,,false,false
,10-y Bond Auction,JPY,2007-07-02T23:45:00Z,None,,1.81|3.6,1.88|2.7,false,false
,Total Vehicle Sales,USD,2007-07-03T00:00:00Z,None,16.2M,16.3M,15.7M,true,false
,CPI m/m,CHF,2007-07-03T01:45:00Z,High,0.2%,0.2%,0.1%,false,false
,Spanish Unemployment Change,EUR,2007-07-03T03:00:00Z,None,,-49.9K,-7.4K,false,false
,Construction PMI,GBP,2007-07-03T04:30:00Z,None,57.7,58.0,60.1,false,false
,PPI m/m,EUR,2007-07-03T05:00:00Z,None,0.3%,0.4%,0.3%,false,false
,Unemployment Rate,EUR,2007-07-03T05:00:00Z,None,7.1%,7.1%,7.0%,false,false
,ECB President Trichet Speaks,EUR,2007-07-03T09:45:00Z,None,,,,false,false
,Factory Orders m/m,USD,2007-07-03T10:00:00Z,None,-0.9%,0.5%,-0.5%,false,false
,Pending Home Sales m/m,USD,2007-07-03T10:00:00Z,High,0.6%,-3.4%,-3.5%,false,false
,Nationwide Consumer Confidence,GBP,2007-07-03T19:01:00Z,None,98,99,95,false,false
,Cash Rate,AUD,2007-07-03T19:30:00Z,High,6.25%,6.25%,6.25%,false,false
,AIG Services Index,AUD,2007-07-03T19:30:00Z,None,,56.1,54.9,false,false
,Goods Trade Balance,AUD,2007-07-03T21:30:00Z,None,-1.23B,-0.92B,-0.81B,false,false
,Bank Holiday,USD,2007-07-04T00:00:00Z,None,,,,true,false
,Lloyds HPI m/m,GBP,2007-07-04T03:00:00Z,High,0.5%,0.3%,0.4%,false,false
,Spanish Services PMI,EUR,2007-07-04T03:15:00Z,None,,56.2,55.3,false,false
,Italian Services PMI,EUR,2007-07-04T03:45:00Z,None,56.9,56.5,57.9,false,false
,Final Services PMI,EUR,2007-07-04T04:00:00Z,None,58.3,58.3,58.3,false,false
,Housing Equity Withdrawal q/q,GBP,2007-07-04T04:30:00Z,None,14.6B,13.3B,13.2B,false,false
,Final Services PMI,GBP,2007-07-04T04:30:00Z,None,57.1,57.2,57.7,false,false
,Retail Sales m/m,EUR,2007-07-04T05:00:00Z,None,0.0%,-0.1%,-0.5%,false,false
,German 10-y Bond Auction,EUR,2007-07-04T05:14:00Z,None,,4.36|1.7,4.59|1.8,false,false
,BRC Shop Price Index y/y,GBP,2007-07-04T05:30:00Z,None,,1.8%,0.5%,false,false
,ANZ Commodity Prices m/m,NZD,2007-07-04T23:00:00Z,None,,2.6%,6.1%,false,false
,Leading Indicators,JPY,2007-07-05T01:00:00Z,None,40.0%,18.2%,30.0%,false,false
,Foreign Currency Reserves,CHF,2007-07-05T03:00:00Z,None,,45B,46B,false,false
,French 10-y Bond Auction,EUR,2007-07-05T04:58:00Z,None,,4.53|2.2,4.67|3.6,false,false
,MPC Rate Statement,GBP,2007-07-05T07:00:00Z,High,,,,false,false
,Official Bank Rate,GBP,2007-07-05T07:00:00Z,High,5.75%,5.50%,5.75%,false,false
,Challenger Job Cuts y/y,USD,2007-07-05T07:30:00Z,None,,18.4%,32.4%,false,false
,Main Refinancing Rate,EUR,2007-07-05T07:45:00Z,None,4.00%,4.00%,4.00%,false,false
,ADP Non-Farm Employment Change,USD,2007-07-05T08:15:00Z,None,105K,98K,150K,false,false
,Building Permits m/m,CAD,2007-07-05T08:30:00Z,None,4.5%,-7.3%,21.4%,false,false
,ECB Press Conference,EUR,2007-07-05T08:30:00Z,High,,,,false,false
,Unemployment Claims,USD,2007-07-05T08:30:00Z,None,315K,316K,318K,false,false
,Ivey PMI,CAD,2007-07-05T10:00:00Z,High,61.5,62.7,67.4,false,false
,ISM Services PMI,USD,2007-07-05T10:00:00Z,High,58.1,59.7,60.7,false,false
,Crude Oil Inventories,USD,2007-07-05T10:30:00Z,None,-0.2M,1.6M,3.2M,false,false
,AIG Construction Index,AUD,2007-07-05T19:30:00Z,None,,45.1,51.3,false,false
,Unemployment Rate,CHF,2007-07-06T01:45:00Z,None,2.7%,2.7%,2.7%,false,false
,French Gov Budget Balance,EUR,2007-07-06T02:30:00Z,None,,-42.5B,-49.6B,false,false
,French Trade Balance,EUR,2007-07-06T02:45:00Z,None,-2.8B,-2.5B,-3.0B,false,false
,Manufacturing Production m/m,GBP,2007-07-06T04:30:00Z,High,0.3%,0.3%,0.4%,false,false
,Industrial Production m/m,GBP,2007-07-06T04:30:00Z,None,0.3%,0.3%,0.6%,false,false
,German Factory Orders m/m,EUR,2007-07-06T06:00:00Z,None,0.3%,-1.6%,3.2%,false,false
,Employment Change,CAD,2007-07-06T07:00:00Z,High,17.5K,9.3K,34.8K,false,false
,Unemployment Rate,CAD,2007-07-06T07:00:00Z,High,6.1%,6.1%,6.1%,false,false
,Non-Farm Employment Change,USD,2007-07-06T08:30:00Z,High,125K,190K,132K,false,false
,Unemployment Rate,USD,2007-07-06T08:30:00Z,High,4.5%,4.5%,4.5%,false,false
,Average Hourly Earnings m/m,USD,2007-07-06T08:30:00Z,None,0.4%,0.4%,0.3%,false,false
,Natural Gas Storage,USD,2007-07-06T10:30:00Z,None,82B,99B,78B,false,false
,NIESR GDP Estimate,GBP,2007-07-06T19:01:00Z,None,,0.8%,0.7%,false,false
,M2 Money Stock y/y,JPY,2007-07-08T19:50:00Z,None,1.4%,1.4%,1.8%,false,false
,Bank Lending y/y,JPY,2007-07-08T19:50:00Z,None,,0.9%,0.7%,false,false
,Core Machinery Orders m/m,JPY,2007-07-08T19:50:00Z,None,1.8%,2.2%,5.9%,false,false
,ANZ Job Advertisements m/m,AUD,2007-07-08T21:30:00Z,None,,10.3%,-0.8%,false,false
,Eurogroup Meetings,EUR,2007-07-09T00:00:00Z,None,,,,true,false
,Economy Watchers Sentiment,JPY,2007-07-09T01:00:00Z,None,47.8,46.8,46.0,false,false
,German Trade Balance,EUR,2007-07-09T02:00:00Z,None,16.0B,15.8B,17.6B,false,false
,PPI Output m/m,GBP,2007-07-09T04:30:00Z,None,0.3%,0.4%,0.2%,false,false
,PPI Input m/m,GBP,2007-07-09T04:30:00Z,High,1.0%,1.4%,0.6%,false,false
,Sentix Investor Confidence,EUR,2007-07-09T04:30:00Z,None,44.3,42.0,34.7,false,false
,German Industrial Production m/m,EUR,2007-07-09T06:00:00Z,None,1.8%,-2.1%,1.9%,false,false
,NFIB Small Business Index,USD,2007-07-09T07:30:00Z,None,,97.2,96.0,false,false
,MPC Member Blanchflower Speaks,GBP,2007-07-09T07:30:00Z,None,,,,false,false
,Consumer Credit m/m,USD,2007-07-09T15:00:00Z,None,6.4B,2.3B,12.9B,false,false
,NZIER Business Confidence,NZD,2007-07-09T18:00:00Z,High,,-15,-37,false,false
,BRC Retail Sales Monitor y/y,GBP,2007-07-09T19:01:00Z,None,,1.8%,3.0%,false,false
,Home Loans m/m,AUD,2007-07-09T21:30:00Z,None,0.7%,2.1%,0.1%,false,false
,NAB Business Confidence,AUD,2007-07-09T21:30:00Z,None,,15,15,false,false
,USD-Denominated Trade Balance,CNY,2007-07-09T22:50:00Z,High,23.8B,22.5B,26.9B,false,false
,ECOFIN Meetings,EUR,2007-07-10T00:00:00Z,None,,,,true,false
,German WPI m/m,EUR,2007-07-10T02:00:00Z,None,0.3%,0.3%,0.1%,false,false
,Prelim Machine Tool Orders y/y,JPY,2007-07-10T02:00:00Z,None,,5.7%,2.8%,false,false
,French Industrial Production m/m,EUR,2007-07-10T02:45:00Z,None,0.7%,-1.0%,0.4%,false,false
,Italian Industrial Production m/m,EUR,2007-07-10T04:00:00Z,None,1.0%,-0.5%,0.9%,false,false
,Goods Trade Balance,GBP,2007-07-10T04:30:00Z,High,-6.6B,-6.9B,-6.3B,false,false
,Housing Starts,CAD,2007-07-10T08:15:00Z,High,214K,235K,226K,false,false
,BOC Rate Statement,CAD,2007-07-10T09:00:00Z,High,,,,false,false
,Overnight Rate,CAD,2007-07-10T09:00:00Z,High,4.50%,4.25%,4.50%,false,false
,JOLTS Job Openings,USD,2007-07-10T10:00:00Z,None,,4.17M,4.16M,false,false
,Final Wholesale Inventories m/m,USD,2007-07-10T10:00:00Z,None,0.4%,0.3%,0.5%,false,false
,Fed Chairman Bernanke Speaks,USD,2007-07-10T13:00:00Z,High,,,,false,false
,MPC Member Sentance Speaks,GBP,2007-07-10T13:00:00Z,None,,,,false,false
,PPI y/y,JPY,2007-07-10T19:50:00Z,None,2.2%,2.2%,2.3%,false,false
,Current Account,JPY,2007-07-10T19:50:00Z,None,1.99T,2.28T,2.23T,false,false
,Westpac Consumer Sentiment,AUD,2007-07-10T20:30:00Z,None,,-2.0%,-0.6%,false,false
,Consumer Confidence,JPY,2007-07-11T01:00:00Z,None,47.5,47.3,45.0,false,false
,ECB President Trichet Speaks,EUR,2007-07-11T09:00:00Z,None,,,,false,false
,Crude Oil Inventories,USD,2007-07-11T10:30:00Z,None,0.0M,3.2M,-1.5M,false,false
,Fed Chairman Warsh Speaks,USD,2007-07-11T13:00:00Z,None,,,,false,false
,RICS House Price Balance,GBP,2007-07-11T19:01:00Z,None,21%,23%,11%,false,false
,BusinessNZ Manufacturing Index,NZD,2007-07-11T20:00:00Z,None,,55.6,50.4,false,false
,MI Inflation Expectations,AUD,2007-07-11T20:30:00Z,None,,3.8%,3.5%,false,false
,Unemployment Rate,AUD,2007-07-11T21:30:00Z,None,4.2%,4.2%,4.3%,false,false
,Employment Change,AUD,2007-07-11T21:30:00Z,High,15.5K,43.3K,2.5K,false,false
,New Loans,CNY,2007-07-11T22:00:00Z,None,,247B,452B,false,false
,M2 Money Supply y/y,CNY,2007-07-11T22:00:00Z,None,16.8%,16.7%,17.1%,false,false
,Foreign Direct Investment ytd/y,CNY,2007-07-11T22:30:00Z,None,,9.9%,12.2%,false,false
,Overnight Call Rate,JPY,2007-07-11T23:55:00Z,None,0.50%,0.50%,0.50%,false,false
,Revised Industrial Production m/m,JPY,2007-07-12T00:30:00Z,None,-0.4%,-0.4%,-0.3%,false,false
,BOJ Monthly Report,JPY,2007-07-12T02:00:00Z,None,,,,false,false
,BOJ Press Conference,JPY,2007-07-12T03:20:00Z,High,,,,false,false
,ECB Monthly Bulletin,EUR,2007-07-12T05:00:00Z,None,,,,false,false
,Industrial Production m/m,EUR,2007-07-12T05:00:00Z,None,1.0%,-0.7%,0.9%,false,false
,Final GDP q/q,EUR,2007-07-12T05:00:00Z,None,0.6%,0.6%,0.7%,false,false
,Trade Balance,USD,2007-07-12T08:30:00Z,High,-60.0B,-58.7B,-60.0B,false,false
,Trade Balance,CAD,2007-07-12T08:30:00Z,High,5.5B,5.9B,5.9B,false,false
,NHPI m/m,CAD,2007-07-12T08:30:00Z,None,0.6%,0.8%,1.1%,false,false
,Unemployment Claims,USD,2007-07-12T08:30:00Z,None,315K,320K,308K,false,false
,FOMC Member Kroszner Speaks,USD,2007-07-12T08:35:00Z,None,,,,false,false
,Natural Gas Storage,USD,2007-07-12T10:30:00Z,None,97B,78B,106B,false,false
,BOC Monetary Policy Report,CAD,2007-07-12T10:30:00Z,High,,,,false,false
,BOC Press Conference,CAD,2007-07-12T11:15:00Z,High,,,,false,false
,Federal Budget Balance,USD,2007-07-12T14:00:00Z,None,27.4B,-67.7B,27.5B,false,false
,Core Retail Sales m/m,NZD,2007-07-12T18:45:00Z,High,0.4%,-0.9%,0.8%,false,false
,Retail Sales m/m,NZD,2007-07-12T18:45:00Z,High,0.5%,-1.2%,1.2%,false,false
,French Final CPI m/m,EUR,2007-07-13T02:45:00Z,None,0.1%,0.3%,0.1%,false,false
,MPC Member Bean Speaks,GBP,2007-07-13T04:00:00Z,None,,,,false,false
,Core Retail Sales m/m,USD,2007-07-13T08:30:00Z,High,0.2%,1.6%,-0.4%,false,false
,Retail Sales m/m,USD,2007-07-13T08:30:00Z,High,0.0%,1.5%,-0.9%,false,false
,Import Prices m/m,USD,2007-07-13T08:30:00Z,None,0.6%,1.1%,1.0%,false,false
,Prelim UoM Consumer Sentiment,USD,2007-07-13T10:00:00Z,High,86.0,85.3,92.4,false,false
,Business Inventories m/m,USD,2007-07-13T10:00:00Z,None,0.3%,0.4%,0.5%,false,false
,Prelim UoM Inflation Expectations,USD,2007-07-13T10:00:00Z,None,,3.4%,3.3%,false,false
,CB Leading Index m/m,GBP,2007-07-13T10:30:00Z,None,,0.5%,0.1%,false,false
,Bank Holiday,JPY,2007-07-15T00:00:00Z,None,,,,true,false
,CPI q/q,NZD,2007-07-15T18:45:00Z,High,0.8%,0.5%,1.0%,false,false
,FPI m/m,NZD,2007-07-15T18:45:00Z,None,,0.3%,0.0%,false,false
,RBA Deputy Gov Battellino Speaks,AUD,2007-07-15T20:45:00Z,None,,,,false,false
,German Final CPI m/m,EUR,2007-07-16T02:00:00Z,None,0.1%,0.1%,0.1%,false,false
,ONS HPI y/y,GBP,2007-07-16T04:50:00Z,None,11.1%,11.3%,10.9%,false,false
,Final Core CPI y/y,EUR,2007-07-16T05:00:00Z,None,1.9%,1.9%,1.9%,false,false
,Final CPI y/y,EUR,2007-07-16T05:00:00Z,None,1.9%,1.9%,1.9%,false,false
,Manufacturing Sales m/m,CAD,2007-07-16T08:30:00Z,None,0.4%,-0.7%,-0.1%,false,false
,New Motor Vehicle Sales m/m,CAD,2007-07-16T08:30:00Z,None,0.3%,6.3%,-0.8%,false,false
,Empire State Manufacturing Index,USD,2007-07-16T08:30:00Z,None,18.0,25.8,26.5,false,false
,Tertiary Industry Activity m/m,JPY,2007-07-16T19:50:00Z,None,0.2%,1.6%,-0.1%,false,false
,Retail Sales y/y,CHF,2007-07-17T03:15:00Z,None,4.8%,3.2%,3.1%,false,false
,CPI y/y,GBP,2007-07-17T04:30:00Z,High,2.3%,2.5%,2.4%,false,false
,Core CPI y/y,GBP,2007-07-17T04:30:00Z,None,1.9%,1.9%,2.0%,false,false
,RPI y/y,GBP,2007-07-17T04:30:00Z,None,4.2%,4.3%,4.4%,false,false
,German ZEW Economic Sentiment,EUR,2007-07-17T05:00:00Z,None,19.5,20.3,10.4,false,false
,ZEW Economic Sentiment,EUR,2007-07-17T05:00:00Z,None,19.5,19.0,7.2,false,false
,PPI m/m,USD,2007-07-17T08:30:00Z,High,0.2%,0.9%,-0.2%,false,false
,Core PPI m/m,USD,2007-07-17T08:30:00Z,None,0.2%,0.2%,0.3%,false,false
,TIC Long-Term Purchases,USD,2007-07-17T09:00:00Z,High,70.0B,80.3B,126.1B,false,false
,Capacity Utilization Rate,USD,2007-07-17T09:15:00Z,None,81.5%,81.4%,81.7%,false,false
,Industrial Production m/m,USD,2007-07-17T09:15:00Z,None,0.4%,-0.1%,0.5%,false,false
,RCM/TIPP Economic Optimism,USD,2007-07-17T10:00:00Z,None,49.2,49.1,48.2,false,false
,NAHB Housing Market Index,USD,2007-07-17T13:00:00Z,None,28,28,24,false,false
,Monetary Policy Meeting Minutes,JPY,2007-07-17T19:50:00Z,None,,,,false,false
,MI Leading Index m/m,AUD,2007-07-17T20:30:00Z,None,,0.6%,0.2%,false,false
,RBA Gov Stevens Speaks,AUD,2007-07-17T22:05:00Z,None,,,,false,false
,30-y Bond Auction,JPY,2007-07-17T23:45:00Z,None,,2.35|4.3,2.58|3.2,false,false
,Italian Trade Balance,EUR,2007-07-18T04:00:00Z,None,-1.00B,-1.29B,-0.77B,false,false
,Average Earnings Index 3m/y,GBP,2007-07-18T04:30:00Z,High,3.6%,4.1%,3.5%,false,false
,MPC Official Bank Rate Votes,GBP,2007-07-18T04:30:00Z,High,6-0-3,4-0-5,6-0-3,false,false
,Claimant Count Change,GBP,2007-07-18T04:30:00Z,None,-7.6K,-11.8K,-13.8K,false,false
,Unemployment Rate,GBP,2007-07-18T04:30:00Z,None,5.5%,5.5%,5.4%,false,false
,CPI m/m,CAD,2007-07-18T07:00:00Z,None,0.2%,0.4%,-0.2%,false,false
,Core CPI m/m,CAD,2007-07-18T07:00:00Z,High,0.1%,0.3%,0.0%,false,false
,Core CPI y/y,USD,2007-07-18T08:30:00Z,High,2.2%,2.2%,2.2%,false,false
,Core CPI m/m,USD,2007-07-18T08:30:00Z,High,0.2%,0.1%,0.2%,false,false
,Leading Index m/m,CAD,2007-07-18T08:30:00Z,None,0.4%,0.4%,0.2%,false,false
,CPI y/y,USD,2007-07-18T08:30:00Z,High,2.6%,2.7%,2.7%,false,false
,Building Permits,USD,2007-07-18T08:30:00Z,None,1.49M,1.52M,1.41M,false,false
,CPI m/m,USD,2007-07-18T08:30:00Z,None,0.1%,0.7%,0.2%,false,false
,Housing Starts,USD,2007-07-18T08:30:00Z,None,1.45M,1.43M,1.47M,false,false
,Fed Chairman Bernanke Testifies,USD,2007-07-18T10:00:00Z,High,,,,false,false
,Fed Monetary Policy Report,USD,2007-07-18T10:00:00Z,None,,,,false,false
,Crude Oil Inventories,USD,2007-07-18T10:30:00Z,None,-0.5M,-1.5M,-0.4M,false,false
,All Industries Activity m/m,JPY,2007-07-18T19:50:00Z,None,0.2%,1.2%,-0.3%,false,false
,RBA Bulletin,AUD,2007-07-18T21:30:00Z,None,,,,false,false
,GDP q/y,CNY,2007-07-18T22:00:00Z,High,11.0%,11.1%,11.9%,false,false
,Industrial Production y/y,CNY,2007-07-18T22:00:00Z,High,17.5%,18.1%,19.4%,false,false
,CPI y/y,CNY,2007-07-18T22:00:00Z,None,3.6%,3.4%,4.4%,false,false
,Fixed Asset Investment ytd/y,CNY,2007-07-18T22:00:00Z,None,26.0%,25.9%,26.7%,false,false
,NBS Press Conference,CNY,2007-07-18T22:00:00Z,None,,,,false,false
,PPI y/y,CNY,2007-07-18T22:00:00Z,None,2.9%,2.8%,2.5%,false,false
,Retail Sales y/y,CNY,2007-07-18T22:00:00Z,None,16.2%,15.9%,16.0%,false,false
,German PPI m/m,EUR,2007-07-19T02:00:00Z,None,0.3%,0.3%,0.2%,false,false
,Trade Balance,CHF,2007-07-19T02:15:00Z,None,1.15B,1.04B,1.72B,false,false
,Public Sector Net Borrowing,GBP,2007-07-19T04:30:00Z,None,6.4B,8.7B,7.4B,false,false
,M4 Money Supply m/m,GBP,2007-07-19T04:30:00Z,None,1.2%,1.2%,0.8%,false,false
,Retail Sales m/m,GBP,2007-07-19T04:30:00Z,High,0.3%,0.4%,0.2%,false,false
,Spanish 10-y Bond Auction,EUR,2007-07-19T04:47:00Z,None,,3.96|2.5,4.64|1.7,false,false
,UBS Economic Expectations,CHF,2007-07-19T05:00:00Z,None,,-0.1,-2.1,false,false
,Trade Balance,EUR,2007-07-19T05:10:00Z,None,4.1B,3.5B,3.6B,false,false
,Wholesale Sales m/m,CAD,2007-07-19T08:30:00Z,None,0.5%,-3.0%,0.6%,false,false
,Foreign Securities Purchases,CAD,2007-07-19T08:30:00Z,None,2.05B,1.97B,-3.11B,false,false
,Unemployment Claims,USD,2007-07-19T08:30:00Z,None,314K,309K,301K,false,false
,Fed Chairman Bernanke Testifies,USD,2007-07-19T09:30:00Z,High,,,,false,false
,CB Leading Index m/m,USD,2007-07-19T10:00:00Z,None,0.0%,0.2%,-0.3%,false,false
,Natural Gas Storage,USD,2007-07-19T10:30:00Z,None,69B,106B,65B,false,false
,Philly Fed Manufacturing Index,USD,2007-07-19T12:00:00Z,None,13.6,18.0,9.2,false,false
,MPC Member Besley Speaks,GBP,2007-07-19T12:30:00Z,None,,,,false,false
,FOMC Meeting Minutes,USD,2007-07-19T14:00:00Z,High,,,,false,false
,Visitor Arrivals m/m,NZD,2007-07-19T18:45:00Z,None,,1.8%,0.8%,false,false
,Import Prices q/q,AUD,2007-07-19T21:30:00Z,None,0.0%,-1.7%,0.1%,false,false
,New Motor Vehicle Sales m/m,AUD,2007-07-19T21:30:00Z,None,,-0.4%,2.2%,false,false
,Credit Card Spending y/y,NZD,2007-07-19T23:00:00Z,None,,5.7%,9.1%,false,false
,PPI m/m,CHF,2007-07-20T03:15:00Z,None,0.4%,0.9%,0.0%,false,false
,Prelim GDP q/q,GBP,2007-07-20T04:30:00Z,High,0.7%,0.7%,0.8%,false,false
,Index of Services 3m/3m,GBP,2007-07-20T04:30:00Z,None,1.0%,1.0%,0.9%,false,false
,ECB President Trichet Speaks,EUR,2007-07-20T05:00:00Z,None,,,,false,false
,Rightmove HPI m/m,GBP,2007-07-22T19:01:00Z,None,,0.8%,0.3%,false,false
,PPI q/q,AUD,2007-07-22T21:30:00Z,High,0.8%,0.0%,1.0%,false,false
,German Buba Monthly Report,EUR,2007-07-23T06:00:00Z,None,,,,false,false
,German Import Prices m/m,EUR,2007-07-24T02:00:00Z,None,0.3%,0.3%,0.6%,false,false
,French Consumer Spending m/m,EUR,2007-07-24T02:45:00Z,None,0.6%,-1.0%,1.6%,false,false
,Italian Retail Sales m/m,EUR,2007-07-24T04:00:00Z,None,0.3%,-0.3%,0.1%,false,false
,Flash Services PMI,EUR,2007-07-24T04:00:00Z,None,58.0,58.3,58.1,false,false
,Current Account,EUR,2007-07-24T04:00:00Z,None,0.0B,-1.6B,-8.6B,false,false
,Flash Manufacturing PMI,EUR,2007-07-24T04:00:00Z,None,55.5,55.6,54.8,false,false
,Industrial New Orders m/m,EUR,2007-07-24T05:00:00Z,None,1.2%,-0.6%,1.7%,false,false
,CBI Industrial Order Expectations,GBP,2007-07-24T06:00:00Z,None,7,8,-6,false,false
,MPC Member Gieve Speaks,GBP,2007-07-24T07:30:00Z,None,,,,false,false
,Core Retail Sales m/m,CAD,2007-07-24T08:30:00Z,High,0.6%,-0.3%,2.3%,false,false
,Retail Sales m/m,CAD,2007-07-24T08:30:00Z,None,0.5%,0.2%,2.8%,false,false
,Belgian NBB Business Climate,EUR,2007-07-24T09:00:00Z,None,5.0,5.5,4.2,false,false
,Richmond Manufacturing Index,USD,2007-07-24T10:00:00Z,None,4,4,4,false,false
,Trade Balance,JPY,2007-07-24T19:50:00Z,None,0.85T,0.80T,0.82T,false,false
,CB Leading Index m/m,AUD,2007-07-24T20:00:00Z,None,,0.2%,0.2%,false,false
,CPI m/m,AUD,2007-07-24T21:30:00Z,High,1.0%,0.1%,1.2%,false,false
,Trimmed Mean CPI m/m,AUD,2007-07-24T21:30:00Z,None,0.7%,0.5%,0.9%,false,false
,German 30-y Bond Auction,EUR,2007-07-25T05:10:00Z,None,,4.11|1.2,4.52|2.5,false,false
,Existing Home Sales,USD,2007-07-25T10:00:00Z,High,5.87M,5.98M,5.75M,false,false
,Crude Oil Inventories,USD,2007-07-25T10:30:00Z,None,-1.4M,-0.4M,-1.1M,false,false
,Beige Book,USD,2007-07-25T14:00:00Z,None,,,,false,false
,Official Cash Rate,NZD,2007-07-25T17:00:00Z,High,8.25%,8.00%,8.25%,false,false
,RBNZ Rate Statement,NZD,2007-07-25T17:00:00Z,High,,,,false,false
,FOMC Member Geithner Speaks,USD,2007-07-25T17:15:00Z,None,,,,false,false
,SPPI y/y,JPY,2007-07-25T19:50:00Z,None,1.4%,1.4%,1.4%,false,false
,Nationwide HPI m/m,GBP,2007-07-26T02:00:00Z,None,0.5%,1.1%,0.1%,false,false
,German ifo Business Climate,EUR,2007-07-26T04:00:00Z,High,106.5,107.0,106.4,false,false
,M3 Money Supply y/y,EUR,2007-07-26T04:00:00Z,None,10.7%,10.6%,10.9%,false,false
,Private Loans y/y,EUR,2007-07-26T04:00:00Z,None,10.4%,10.4%,10.8%,false,false
,High Street Lending,GBP,2007-07-26T04:30:00Z,None,,77.4K,75.3K,false,false
,Core Durable Goods Orders m/m,USD,2007-07-26T08:30:00Z,High,0.5%,-0.2%,-0.5%,false,false
,Durable Goods Orders m/m,USD,2007-07-26T08:30:00Z,None,1.9%,-2.3%,1.4%,false,false
,Unemployment Claims,USD,2007-07-26T08:30:00Z,None,310K,303K,301K,false,false
,New Home Sales,USD,2007-07-26T10:00:00Z,High,900K,893K,834K,false,false
,Natural Gas Storage,USD,2007-07-26T10:30:00Z,None,70B,65B,71B,false,false
,Trade Balance,NZD,2007-07-26T18:45:00Z,High,-300M,11M,-524M,false,false
,Tokyo Core CPI y/y,JPY,2007-07-26T19:30:00Z,None,-0.1%,-0.1%,-0.1%,false,false
,National Core CPI y/y,JPY,2007-07-26T19:30:00Z,None,-0.1%,-0.1%,-0.1%,false,false
,Retail Sales y/y,JPY,2007-07-26T19:50:00Z,None,0.5%,0.1%,-0.4%,false,false
,German Prelim CPI m/m,EUR,2007-07-27T00:00:00Z,None,0.4%,0.1%,0.4%,true,false
,German GfK Consumer Climate,EUR,2007-07-27T02:00:00Z,None,8.5,8.5,8.7,false,false
,Spanish Unemployment Rate,EUR,2007-07-27T03:00:00Z,None,8.2%,8.5%,8.0%,false,false
,KOF Economic Barometer,CHF,2007-07-27T05:30:00Z,None,2.00,2.08,2.13,false,false
,Advance GDP q/q,USD,2007-07-27T08:30:00Z,High,3.2%,0.7%,3.4%,false,false
,Advance GDP Price Index q/q,USD,2007-07-27T08:30:00Z,None,3.4%,4.2%,2.7%,false,false
,Revised UoM Inflation Expectations,USD,2007-07-27T10:00:00Z,None,,3.3%,3.4%,false,false
,Revised UoM Consumer Sentiment,USD,2007-07-27T10:00:00Z,None,91.5,92.4,90.4,false,false
,Upper House Elections,JPY,2007-07-28T00:00:00Z,None,,,,true,false
,Building Consents m/m,NZD,2007-07-29T18:45:00Z,None,,5.8%,15.8%,false,false
,Prelim Industrial Production m/m,JPY,2007-07-29T19:50:00Z,None,0.8%,-0.3%,1.2%,false,false
,HIA New Home Sales m/m,AUD,2007-07-29T21:30:00Z,None,,-4.4%,-0.8%,false,false
,NAB Quarterly Business Confidence,AUD,2007-07-29T21:30:00Z,None,,10,12,false,false
,Retail PMI,EUR,2007-07-30T04:00:00Z,None,,48.2,46.2,false,false
,Mortgage Approvals,GBP,2007-07-30T04:30:00Z,None,110K,114K,114K,false,false
,Net Lending to Individuals m/m,GBP,2007-07-30T04:30:00Z,None,9.5B,9.6B,10.4B,false,false
,RMPI m/m,CAD,2007-07-30T08:30:00Z,None,-0.5%,-0.2%,0.6%,false,false
,IPPI m/m,CAD,2007-07-30T08:30:00Z,None,-0.5%,-0.5%,-1.3%,false,false
,Final Manufacturing PMI,JPY,2007-07-30T19:30:00Z,None,,50.4,49.0,false,false
,Household Spending y/y,JPY,2007-07-30T19:30:00Z,None,0.6%,0.4%,0.1%,false,false
,Unemployment Rate,JPY,2007-07-30T19:30:00Z,None,3.8%,3.8%,3.7%,false,false
,Private Sector Credit m/m,AUD,2007-07-30T21:30:00Z,None,1.2%,1.3%,1.8%,false,false
,Building Approvals m/m,AUD,2007-07-30T21:30:00Z,High,1.8%,-5.7%,7.5%,false,false
,Average Cash Earnings y/y,JPY,2007-07-30T21:30:00Z,None,0.1%,-0.2%,-1.1%,false,false
,ANZ Business Confidence,NZD,2007-07-30T22:17:00Z,None,,-37.2,-39.0,false,false
,Housing Starts y/y,JPY,2007-07-31T01:00:00Z,None,-3.5%,-10.7%,6.0%,false,false
,German Retail Sales m/m,EUR,2007-07-31T02:00:00Z,None,1.5%,-2.5%,0.7%,false,false
,German Unemployment Change,EUR,2007-07-31T03:53:00Z,None,-50K,-47K,-50K,false,false
,UBS Consumption Indicator,CHF,2007-07-31T04:00:00Z,None,,2.10,2.31,false,false
,Consumer Confidence,EUR,2007-07-31T05:00:00Z,None,-2,-2,-2,false,false
,Italian Prelim CPI m/m,EUR,2007-07-31T05:00:00Z,None,0.2%,0.2%,0.2%,false,false
,Unemployment Rate,EUR,2007-07-31T05:00:00Z,None,6.9%,7.0%,6.9%,false,false
,CPI Flash Estimate y/y,EUR,2007-07-31T05:00:00Z,None,2.0%,1.9%,1.8%,false,false
,GfK Consumer Confidence,GBP,2007-07-31T05:30:00Z,None,-3,-3,-6,false,false
,CBI Realized Sales,GBP,2007-07-31T06:00:00Z,None,16,17,18,false,false
,Core PCE Price Index m/m,USD,2007-07-31T08:30:00Z,High,0.2%,0.1%,0.1%,false,false
,Employment Cost Index q/q,USD,2007-07-31T08:30:00Z,None,1.0%,0.8%,0.9%,false,false
,Personal Spending m/m,USD,2007-07-31T08:30:00Z,None,0.1%,0.6%,0.1%,false,false
,Personal Income m/m,USD,2007-07-31T08:30:00Z,None,0.5%,0.4%,0.4%,false,false
,GDP m/m,CAD,2007-07-31T08:30:00Z,High,0.4%,0.0%,0.3%,false,false
,S&P/CS Composite-20 HPI y/y,USD,2007-07-31T09:00:00Z,None,-2.9%,-2.1%,-2.8%,false,false
,Chicago PMI,USD,2007-07-31T09:45:00Z,None,59.0,60.2,53.4,false,false
,CB Consumer Confidence,USD,2007-07-31T10:00:00Z,High,105.0,105.3,112.6,false,false
,Construction Spending m/m,USD,2007-07-31T10:00:00Z,None,0.1%,1.1%,-0.3%,false,false
,Nationwide Consumer Confidence,GBP,2007-07-31T19:01:00Z,None,94,95,96,false,false
,AIG Manufacturing Index,AUD,2007-07-31T19:30:00Z,None,,53.1,57.4,false,false
,Manufacturing PMI,CNY,2007-07-31T21:00:00Z,High,,54.5,53.3,false,false
,Goods Trade Balance,AUD,2007-07-31T21:30:00Z,High,-1.18B,-0.97B,-1.75B,false,false
,Retail Sales m/m,AUD,2007-07-31T21:30:00Z,High,1.0%,-0.3%,1.4%,false,false
,RatingDog Manufacturing PMI,CNY,2007-07-31T22:30:00Z,None,,55.0,53.2,false,false
,Bank Holiday,CHF,2007-08-01T00:00:00Z,None,,,,true,false
,Total Vehicle Sales,USD,2007-08-01T00:00:00Z,None,16.0M,15.7M,15.3M,true,false
,Commodity Prices y/y,AUD,2007-08-01T02:30:00Z,None,,7.3%,4.4%,false,false
,Spanish Manufacturing PMI,EUR,2007-08-01T03:15:00Z,None,,55.1,53.2,false,false
,Italian Manufacturing PMI,EUR,2007-08-01T03:45:00Z,None,53.6,54.0,53.3,false,false
,Final Manufacturing PMI,EUR,2007-08-01T04:00:00Z,None,54.8,54.8,54.9,false,false
,Final Manufacturing PMI,GBP,2007-08-01T04:30:00Z,None,54.0,54.7,55.7,false,false
,BRC Shop Price Index y/y,GBP,2007-08-01T05:30:00Z,None,,0.5%,0.6%,false,false
,Challenger Job Cuts y/y,USD,2007-08-01T07:30:00Z,None,,32.4%,-25.8%,false,false
,ADP Non-Farm Employment Change,USD,2007-08-01T08:15:00Z,None,103K,108K,48K,false,false
,ISM Manufacturing PMI,USD,2007-08-01T10:00:00Z,High,55.7,56.0,53.8,false,false
,Pending Home Sales m/m,USD,2007-08-01T10:00:00Z,High,-0.5%,-3.7%,5.0%,false,false
,FOMC Member Kroszner Speaks,USD,2007-08-01T10:00:00Z,None,,,,false,false
,ISM Manufacturing Prices,USD,2007-08-01T10:00:00Z,None,66.5,68.0,65.0,false,false
,Crude Oil Inventories,USD,2007-08-01T10:30:00Z,None,-1.0M,-1.1M,-6.5M,false,false
,Monetary Base y/y,JPY,2007-08-01T19:50:00Z,None,-3.5%,-4.1%,-2.3%,false,false
,10-y Bond Auction,JPY,2007-08-01T23:45:00Z,None,,1.88|2.7,1.81|2.7,false,false
,Spanish Unemployment Change,EUR,2007-08-02T03:00:00Z,None,,-7.4K,4.5K,false,false
,Lloyds HPI m/m,GBP,2007-08-02T03:00:00Z,High,0.6%,0.4%,0.7%,false,false
,Manufacturing PMI,CHF,2007-08-02T03:30:00Z,None,62.0,62.8,63.0,false,false
,Construction PMI,GBP,2007-08-02T04:30:00Z,None,59.0,60.1,61.8,false,false
,PPI m/m,EUR,2007-08-02T05:00:00Z,None,0.3%,0.3%,0.1%,false,false
,Official Bank Rate,GBP,2007-08-02T07:00:00Z,High,5.75%,5.75%,5.75%,false,false
,Main Refinancing Rate,EUR,2007-08-02T07:45:00Z,None,4.00%,4.00%,4.00%,false,false
,FOMC Member Kroszner Speaks,USD,2007-08-02T08:30:00Z,High,,,,false,false
,Unemployment Claims,USD,2007-08-02T08:30:00Z,None,315K,303K,307K,false,false
,ECB Press Conference,EUR,2007-08-02T09:10:00Z,High,,,,false,false
,Factory Orders m/m,USD,2007-08-02T10:00:00Z,None,1.2%,-0.5%,0.6%,false,false
,Natural Gas Storage,USD,2007-08-02T10:30:00Z,None,74B,71B,77B,false,false
,AIG Services Index,AUD,2007-08-02T19:30:00Z,None,,54.9,56.0,false,false
,MI Inflation Gauge m/m,AUD,2007-08-02T20:30:00Z,None,,0.2%,0.6%,false,false
,Non-Manufacturing PMI,CNY,2007-08-02T21:00:00Z,None,,58.5,61.8,false,false
,CPI m/m,CHF,2007-08-03T01:45:00Z,High,-0.5%,0.1%,-0.6%,false,false
,Spanish Services PMI,EUR,2007-08-03T03:15:00Z,None,,55.3,56.3,false,false
,Italian Services PMI,EUR,2007-08-03T03:45:00Z,None,57.8,57.9,58.5,false,false
,Final Services PMI,EUR,2007-08-03T04:00:00Z,None,58.1,58.1,58.3,false,false
,Final Services PMI,GBP,2007-08-03T04:30:00Z,None,57.5,57.7,57.0,false,false
,Retail Sales m/m,EUR,2007-08-03T05:00:00Z,None,0.8%,-0.7%,0.4%,false,false
,Building Permits m/m,CAD,2007-08-03T08:30:00Z,None,-9.0%,23.2%,-0.4%,false,false
,Non-Farm Employment Change,USD,2007-08-03T08:30:00Z,High,135K,126K,92K,false,false
,Unemployment Rate,USD,2007-08-03T08:30:00Z,High,4.5%,4.5%,4.6%,false,false
,Average Hourly Earnings m/m,USD,2007-08-03T08:30:00Z,None,0.3%,0.4%,0.3%,false,false
,Ivey PMI,CAD,2007-08-03T10:00:00Z,High,58.0,67.4,54.6,false,false
,ISM Services PMI,USD,2007-08-03T10:00:00Z,High,59.5,60.7,55.8,false,false
,Labor Cost Index q/q,NZD,2007-08-05T18:45:00Z,High,0.7%,0.7%,0.7%,false,false
,ANZ Job Advertisements m/m,AUD,2007-08-05T21:30:00Z,None,,-0.8%,-0.5%,false,false
,Bank Holiday,CAD,2007-08-06T00:00:00Z,None,,,,true,false
,Leading Indicators,JPY,2007-08-06T01:00:00Z,None,80.0%,40.9%,80.0%,false,false
,Foreign Currency Reserves,CHF,2007-08-06T03:00:00Z,None,,46B,46B,false,false
,Italian Industrial Production m/m,EUR,2007-08-06T04:00:00Z,None,0.4%,0.8%,-0.5%,false,false
,Sentix Investor Confidence,EUR,2007-08-06T04:30:00Z,None,29.8,34.7,26.3,false,false
,Manufacturing Production m/m,GBP,2007-08-06T04:30:00Z,High,0.2%,0.4%,0.2%,false,false
,Industrial Production m/m,GBP,2007-08-06T04:30:00Z,None,0.1%,0.6%,0.1%,false,false
,German Factory Orders m/m,EUR,2007-08-06T06:00:00Z,None,-0.4%,3.0%,4.6%,false,false
,BRC Retail Sales Monitor y/y,GBP,2007-08-06T19:01:00Z,None,,3.0%,1.2%,false,false
,NIESR GDP Estimate,GBP,2007-08-06T19:01:00Z,None,,0.8%,0.8%,false,false
,AIG Construction Index,AUD,2007-08-06T19:30:00Z,None,,51.3,48.8,false,false
,ANZ Commodity Prices m/m,NZD,2007-08-06T23:00:00Z,None,,6.2%,4.7%,false,false
,German Industrial Production m/m,EUR,2007-08-07T06:00:00Z,None,0.4%,1.9%,-0.4%,false,false
,Prelim Nonfarm Productivity q/q,USD,2007-08-07T08:30:00Z,None,2.1%,1.0%,1.8%,false,false
,Prelim Unit Labor Costs q/q,USD,2007-08-07T08:30:00Z,None,1.8%,1.8%,2.1%,false,false
,Federal Funds Rate,USD,2007-08-07T14:15:00Z,High,5.25%,5.25%,5.25%,false,false
,FOMC Statement,USD,2007-08-07T14:15:00Z,High,,,,false,false
,Consumer Credit m/m,USD,2007-08-07T15:00:00Z,None,5.5B,15.9B,13.2B,false,false
,Cash Rate,AUD,2007-08-07T19:30:00Z,High,6.50%,6.25%,6.50%,false,false
,RBA Rate Statement,AUD,2007-08-07T19:30:00Z,High,,,,false,false
,Core Machinery Orders m/m,JPY,2007-08-07T19:50:00Z,None,-1.0%,5.9%,-10.4%,false,false
,Bank Lending y/y,JPY,2007-08-07T19:50:00Z,None,,0.7%,0.3%,false,false
,M2 Money Stock y/y,JPY,2007-08-07T19:50:00Z,None,1.8%,1.8%,2.0%,false,false
,HPI q/q,AUD,2007-08-07T21:30:00Z,None,2.7%,1.4%,3.2%,false,false
,Home Loans m/m,AUD,2007-08-07T21:30:00Z,None,1.8%,0.2%,1.1%,false,false
,Economy Watchers Sentiment,JPY,2007-08-08T01:00:00Z,None,46.0,46.0,44.7,false,false
,Unemployment Rate,CHF,2007-08-08T01:45:00Z,None,2.7%,2.7%,2.7%,false,false
,German Trade Balance,EUR,2007-08-08T02:00:00Z,None,17.2B,17.4B,14.9B,false,false
,Prelim Machine Tool Orders y/y,JPY,2007-08-08T02:00:00Z,None,,3.0%,18.2%,false,false
,French Trade Balance,EUR,2007-08-08T02:45:00Z,None,-2.8B,-3.2B,-3.0B,false,false
,BOE Gov King Speaks,GBP,2007-08-08T05:30:00Z,High,,,,false,false
,BOE Monetary Policy Report,GBP,2007-08-08T05:30:00Z,High,,,,false,false
,Final Wholesale Inventories m/m,USD,2007-08-08T10:00:00Z,None,0.4%,0.5%,0.5%,false,false
,JOLTS Job Openings,USD,2007-08-08T10:00:00Z,None,,4.10M,4.31M,false,false
,Crude Oil Inventories,USD,2007-08-08T10:30:00Z,None,-2.8M,-6.5M,-4.1M,false,false
,10-y Bond Auction,USD,2007-08-08T13:00:00Z,None,,5.23|2.6,4.86|2.3,false,false
,Employment Change q/q,NZD,2007-08-08T18:45:00Z,High,0.6%,1.2%,0.7%,false,false
,Unemployment Rate,NZD,2007-08-08T18:45:00Z,High,3.7%,3.7%,3.6%,false,false
,Employment Change,AUD,2007-08-08T21:30:00Z,High,24.5K,9.0K,21.8K,false,false
,Unemployment Rate,AUD,2007-08-08T21:30:00Z,None,4.4%,4.3%,4.3%,false,false
,SECO Consumer Climate,CHF,2007-08-09T01:45:00Z,None,23,20,15,false,false
,Goods Trade Balance,GBP,2007-08-09T04:30:00Z,High,-6.5B,-6.4B,-6.3B,false,false
,ECB Monthly Bulletin,EUR,2007-08-09T05:00:00Z,None,,,,false,false
,10-y Bond Auction,GBP,2007-08-09T06:00:00Z,None,,5.16|2.2,5.23|1.7,false,false
,Housing Starts,CAD,2007-08-09T08:15:00Z,High,223K,225K,216K,false,false
,NHPI m/m,CAD,2007-08-09T08:30:00Z,None,0.6%,1.1%,0.7%,false,false
,Unemployment Claims,USD,2007-08-09T08:30:00Z,None,310K,309K,316K,false,false
,Natural Gas Storage,USD,2007-08-09T10:30:00Z,None,50B,77B,42B,false,false
,30-y Bond Auction,USD,2007-08-09T13:00:00Z,None,,4.84|2.0,5.06|1.6,false,false
,PPI y/y,JPY,2007-08-09T19:50:00Z,None,2.2%,2.3%,2.1%,false,false
,New Loans,CNY,2007-08-09T22:00:00Z,None,,452B,231B,false,false
,PPI y/y,CNY,2007-08-09T22:00:00Z,None,2.6%,2.5%,2.4%,false,false
,M2 Money Supply y/y,CNY,2007-08-09T22:00:00Z,None,17.1%,17.1%,18.5%,false,false
,USD-Denominated Trade Balance,CNY,2007-08-10T00:20:00Z,High,23.1B,26.9B,24.4B,false,false
,Revised Industrial Production m/m,JPY,2007-08-10T00:30:00Z,None,1.2%,1.2%,1.3%,false,false
,Consumer Confidence,JPY,2007-08-10T01:00:00Z,None,45.0,45.0,44.4,false,false
,French Industrial Production m/m,EUR,2007-08-10T02:45:00Z,None,0.4%,0.5%,-0.5%,false,false
,French Gov Budget Balance,EUR,2007-08-10T02:45:00Z,None,,-49.6B,-29.7B,false,false
,Italian Prelim GDP q/q,EUR,2007-08-10T04:00:00Z,None,0.4%,0.3%,0.1%,false,false
,Employment Change,CAD,2007-08-10T07:00:00Z,High,21.0K,34.8K,11.3K,false,false
,Unemployment Rate,CAD,2007-08-10T07:00:00Z,High,6.1%,6.1%,6.0%,false,false
,Import Prices m/m,USD,2007-08-10T08:30:00Z,None,1.0%,0.9%,1.5%,false,false
,Federal Budget Balance,USD,2007-08-10T14:00:00Z,None,-35.0B,27.5B,-36.3B,false,false
,FPI m/m,NZD,2007-08-12T18:45:00Z,None,,0.0%,1.2%,false,false
,Prelim GDP q/q,JPY,2007-08-12T19:50:00Z,High,0.2%,0.8%,0.1%,false,false
,Prelim GDP Price Index y/y,JPY,2007-08-12T19:50:00Z,None,-0.4%,-0.3%,-0.3%,false,false
,Current Account,JPY,2007-08-12T19:50:00Z,None,2.19T,2.23T,2.05T,false,false
,RBA Monetary Policy Statement,AUD,2007-08-12T21:30:00Z,High,,,,false,false
,CPI y/y,CNY,2007-08-12T22:00:00Z,None,4.6%,4.4%,5.6%,false,false
,Foreign Direct Investment ytd/y,CNY,2007-08-12T22:20:00Z,None,,12.2%,12.9%,false,false
,German WPI m/m,EUR,2007-08-13T02:00:00Z,None,0.1%,0.1%,0.4%,false,false
,PPI Input m/m,GBP,2007-08-13T04:30:00Z,High,0.7%,0.6%,-0.5%,false,false
,ONS HPI y/y,GBP,2007-08-13T04:30:00Z,None,11.1%,10.8%,12.1%,false,false
,PPI Output m/m,GBP,2007-08-13T04:30:00Z,None,0.3%,0.2%,0.2%,false,false
,Core Retail Sales m/m,USD,2007-08-13T08:30:00Z,High,0.3%,-0.2%,0.4%,false,false
,Retail Sales m/m,USD,2007-08-13T08:30:00Z,High,0.3%,-0.7%,0.3%,false,false
,Business Inventories m/m,USD,2007-08-13T10:00:00Z,None,0.4%,0.5%,0.4%,false,false
,CB Leading Index m/m,GBP,2007-08-13T10:30:00Z,None,,0.1%,0.2%,false,false
,Loan Officer Survey,USD,2007-08-13T14:00:00Z,None,,,,false,false
,Core Retail Sales q/q,NZD,2007-08-13T18:45:00Z,None,,3.6%,-0.8%,false,false
,Core Retail Sales m/m,NZD,2007-08-13T18:45:00Z,High,0.2%,0.5%,-0.5%,false,false
,Retail Sales q/q,NZD,2007-08-13T18:45:00Z,None,0.2%,3.9%,-0.6%,false,false
,Retail Sales m/m,NZD,2007-08-13T18:45:00Z,High,0.4%,1.0%,-0.4%,false,false
,RICS House Price Balance,GBP,2007-08-13T19:01:00Z,None,9%,10%,13%,false,false
,Tertiary Industry Activity m/m,JPY,2007-08-13T19:50:00Z,None,-0.2%,-0.1%,0.1%,false,false
,NAB Business Confidence,AUD,2007-08-13T21:30:00Z,None,,15,12,false,false
,Retail Sales y/y,CNY,2007-08-13T22:00:00Z,None,16.3%,16.0%,16.4%,false,false
,German Prelim GDP q/q,EUR,2007-08-14T02:00:00Z,High,0.4%,0.5%,0.3%,false,false
,French Final CPI m/m,EUR,2007-08-14T02:45:00Z,None,-0.2%,0.1%,-0.2%,false,false
,French Prelim GDP q/q,EUR,2007-08-14T02:50:00Z,None,0.4%,0.5%,0.3%,false,false
,Spanish Flash GDP q/q,EUR,2007-08-14T03:00:00Z,None,0.8%,1.1%,0.8%,false,false
,CPI y/y,GBP,2007-08-14T04:30:00Z,High,2.3%,2.4%,1.9%,false,false
,Core CPI y/y,GBP,2007-08-14T04:30:00Z,None,2.0%,2.0%,1.7%,false,false
,RPI y/y,GBP,2007-08-14T04:30:00Z,None,4.3%,4.4%,3.8%,false,false
,Industrial Production m/m,EUR,2007-08-14T05:00:00Z,None,0.0%,1.0%,-0.1%,false,false
,Flash GDP q/q,EUR,2007-08-14T05:00:00Z,None,0.5%,0.7%,0.3%,false,false
,NFIB Small Business Index,USD,2007-08-14T07:30:00Z,None,,96.0,97.6,false,false
,Trade Balance,CAD,2007-08-14T08:30:00Z,High,5.6B,5.9B,5.3B,false,false
,PPI m/m,USD,2007-08-14T08:30:00Z,High,0.1%,-0.2%,0.6%,false,false
,Trade Balance,USD,2007-08-14T08:30:00Z,High,-61.0B,-59.2B,-58.1B,false,false
,Core PPI m/m,USD,2007-08-14T08:30:00Z,None,0.2%,0.3%,0.1%,false,false
,RCM/TIPP Economic Optimism,USD,2007-08-14T10:00:00Z,None,47.0,48.2,49.5,false,false
,Westpac Consumer Sentiment,AUD,2007-08-14T20:30:00Z,None,,-0.6%,-8.1%,false,false
,Wage Price Index q/q,AUD,2007-08-14T21:30:00Z,None,1.0%,1.0%,1.1%,false,false
,Industrial Production y/y,CNY,2007-08-14T22:00:00Z,High,18.4%,19.4%,18.0%,false,false
,Italian Bank Holiday,EUR,2007-08-15T00:00:00Z,None,,,,true,false
,French Bank Holiday,EUR,2007-08-15T00:00:00Z,None,,,,true,false
,Retail Sales y/y,CHF,2007-08-15T03:15:00Z,High,5.0%,3.1%,5.1%,false,false
,MPC Official Bank Rate Votes,GBP,2007-08-15T04:30:00Z,High,0-0-9,6-0-3,0-0-9,false,false
,Average Earnings Index 3m/y,GBP,2007-08-15T04:30:00Z,High,3.5%,3.5%,3.3%,false,false
,Unemployment Rate,GBP,2007-08-15T04:30:00Z,None,5.4%,5.4%,5.4%,false,false
,Claimant Count Change,GBP,2007-08-15T04:30:00Z,None,-9.8K,-14.1K,-8.5K,false,false
,German 10-y Bond Auction,EUR,2007-08-15T05:11:00Z,None,,4.59|1.8,4.32|1.9,false,false
,Core CPI y/y,USD,2007-08-15T08:30:00Z,High,2.2%,2.2%,2.2%,false,false
,Core CPI m/m,USD,2007-08-15T08:30:00Z,High,0.2%,0.2%,0.2%,false,false
,New Motor Vehicle Sales m/m,CAD,2007-08-15T08:30:00Z,None,-1.0%,-0.7%,-1.2%,false,false
,CPI y/y,USD,2007-08-15T08:30:00Z,High,2.5%,2.7%,2.4%,false,false
,CPI m/m,USD,2007-08-15T08:30:00Z,None,0.2%,0.2%,0.1%,false,false
,Empire State Manufacturing Index,USD,2007-08-15T08:30:00Z,None,18.0,26.5,25.1,false,false
,Manufacturing Sales m/m,CAD,2007-08-15T08:30:00Z,None,0.1%,-0.2%,-1.8%,false,false
,TIC Long-Term Purchases,USD,2007-08-15T09:00:00Z,High,64.0B,126.0B,120.9B,false,false
,Capacity Utilization Rate,USD,2007-08-15T09:15:00Z,None,81.8%,81.8%,81.9%,false,false
,Industrial Production m/m,USD,2007-08-15T09:15:00Z,None,0.3%,0.6%,0.3%,false,false
,Crude Oil Inventories,USD,2007-08-15T10:30:00Z,None,-2.5M,-4.1M,-5.2M,false,false
,NAHB Housing Market Index,USD,2007-08-15T13:00:00Z,None,22,24,22,false,false
,BusinessNZ Manufacturing Index,NZD,2007-08-15T20:00:00Z,None,,50.6,54.6,false,false
,MI Inflation Expectations,AUD,2007-08-15T20:30:00Z,None,,3.5%,3.8%,false,false
,RBA Bulletin,AUD,2007-08-15T21:30:00Z,None,,,,false,false
,Fixed Asset Investment ytd/y,CNY,2007-08-15T22:00:00Z,None,26.8%,26.7%,26.6%,false,false
,German Final CPI m/m,EUR,2007-08-16T02:00:00Z,None,0.4%,0.4%,0.4%,false,false
,Retail Sales m/m,GBP,2007-08-16T04:30:00Z,High,0.1%,0.4%,0.7%,false,false
,Final Core CPI y/y,EUR,2007-08-16T05:00:00Z,None,1.9%,1.9%,1.9%,false,false
,Final CPI y/y,EUR,2007-08-16T05:00:00Z,None,1.8%,1.8%,1.8%,false,false
,Foreign Securities Purchases,CAD,2007-08-16T08:30:00Z,None,1.23B,-2.65B,-4.52B,false,false
,Building Permits,USD,2007-08-16T08:30:00Z,None,1.40M,1.41M,1.37M,false,false
,Housing Starts,USD,2007-08-16T08:30:00Z,None,1.41M,1.47M,1.38M,false,false
,Unemployment Claims,USD,2007-08-16T08:30:00Z,None,310K,316K,322K,false,false
,BOC Review,CAD,2007-08-16T10:30:00Z,None,,,,false,false
,Natural Gas Storage,USD,2007-08-16T10:30:00Z,None,24B,42B,21B,false,false
,Philly Fed Manufacturing Index,USD,2007-08-16T12:00:00Z,None,9.0,9.2,0.0,false,false
,RBA Gov Stevens Speaks,AUD,2007-08-16T20:00:00Z,High,,,,false,false
,German PPI m/m,EUR,2007-08-17T02:00:00Z,None,0.2%,0.2%,-0.1%,false,false
,French Prelim Private Payrolls q/q,EUR,2007-08-17T02:45:00Z,None,0.5%,0.8%,0.0%,false,false
,Fed Announcement,USD,2007-08-17T08:15:00Z,High,,,,false,false
,Wholesale Sales m/m,CAD,2007-08-17T08:30:00Z,None,0.3%,0.8%,0.2%,false,false
,Prelim UoM Consumer Sentiment,USD,2007-08-17T10:00:00Z,High,88.5,90.4,83.3,false,false
,Prelim UoM Inflation Expectations,USD,2007-08-17T10:00:00Z,None,,3.4%,3.2%,false,false
,Visitor Arrivals m/m,NZD,2007-08-19T18:45:00Z,None,,0.6%,-1.8%,false,false
,Rightmove HPI m/m,GBP,2007-08-19T19:01:00Z,None,,0.3%,0.6%,false,false
,PPI m/m,CHF,2007-08-20T03:15:00Z,None,0.3%,0.0%,0.1%,false,false
,Public Sector Net Borrowing,GBP,2007-08-20T04:30:00Z,None,-5.5B,7.0B,-6.5B,false,false
,M4 Money Supply m/m,GBP,2007-08-20T04:30:00Z,None,0.7%,0.7%,1.0%,false,false
,German Buba Monthly Report,EUR,2007-08-20T06:00:00Z,None,,,,false,false
,CB Leading Index m/m,USD,2007-08-20T10:00:00Z,None,0.3%,-0.3%,0.4%,false,false
,All Industries Activity m/m,JPY,2007-08-20T19:50:00Z,None,0.3%,-0.3%,0.2%,false,false
,Credit Card Spending y/y,NZD,2007-08-20T23:00:00Z,None,,9.2%,7.8%,false,false
,Trade Balance,CHF,2007-08-21T02:15:00Z,None,1.51B,1.65B,1.57B,false,false
,Trade Balance,EUR,2007-08-21T05:00:00Z,None,3.2B,3.9B,5.2B,false,false
,ZEW Economic Sentiment,EUR,2007-08-21T05:00:00Z,None,0.0,7.2,-6.1,false,false
,German ZEW Economic Sentiment,EUR,2007-08-21T05:00:00Z,None,-1.0,10.4,-6.9,false,false
,Core CPI m/m,CAD,2007-08-21T07:00:00Z,High,0.1%,0.0%,0.1%,false,false
,CPI m/m,CAD,2007-08-21T07:00:00Z,None,0.1%,-0.2%,0.1%,false,false
,Retail Sales m/m,CAD,2007-08-21T08:30:00Z,None,-0.5%,2.6%,-0.9%,false,false
,Leading Index m/m,CAD,2007-08-21T08:30:00Z,None,0.2%,0.3%,0.4%,false,false
,Core Retail Sales m/m,CAD,2007-08-21T08:30:00Z,High,-0.3%,2.1%,-0.3%,false,false
,Trade Balance,JPY,2007-08-21T19:50:00Z,None,0.76T,0.82T,0.82T,false,false
,MI Leading Index m/m,AUD,2007-08-21T20:30:00Z,None,,0.2%,1.0%,false,false
,New Motor Vehicle Sales m/m,AUD,2007-08-21T21:30:00Z,None,,2.2%,0.6%,false,false
,Current Account,EUR,2007-08-22T04:00:00Z,None,4.0B,-7.8B,5.9B,false,false
,Industrial New Orders m/m,EUR,2007-08-22T05:00:00Z,None,1.9%,1.5%,4.4%,false,false
,CBI Industrial Order Expectations,GBP,2007-08-22T06:00:00Z,None,-4,-6,9,false,false
,Crude Oil Inventories,USD,2007-08-22T10:30:00Z,None,-2.8M,-5.2M,1.9M,false,false
,Overnight Call Rate,JPY,2007-08-22T23:35:00Z,High,0.50%,0.50%,0.50%,false,false
,German Final GDP q/q,EUR,2007-08-23T02:00:00Z,None,0.4%,0.3%,0.3%,false,false
,BOJ Monthly Report,JPY,2007-08-23T02:00:00Z,None,,,,false,false
,Employment Level,CHF,2007-08-23T03:15:00Z,None,3.71M,3.71M,3.74M,false,false
,BOJ Press Conference,JPY,2007-08-23T03:35:00Z,High,,,,false,false
,Prelim Business Investment q/q,GBP,2007-08-23T04:30:00Z,None,2.0%,-0.6%,0.8%,false,false
,UBS Economic Expectations,CHF,2007-08-23T05:00:00Z,None,,-2.1,-5.1,false,false
,Unemployment Claims,USD,2007-08-23T08:30:00Z,None,315K,324K,322K,false,false
,Corporate Profits q/q,CAD,2007-08-23T08:30:00Z,None,,2.9%,-0.7%,false,false
,Belgian NBB Business Climate,EUR,2007-08-23T09:00:00Z,None,3.4,4.2,3.3,false,false
,Natural Gas Storage,USD,2007-08-23T10:30:00Z,None,29B,21B,23B,false,false
,Trade Balance,NZD,2007-08-23T18:45:00Z,High,-532M,-511M,-791M,false,false
,SPPI y/y,JPY,2007-08-23T19:50:00Z,None,1.5%,1.5%,1.6%,false,false
,German Import Prices m/m,EUR,2007-08-24T02:00:00Z,None,0.5%,0.6%,0.3%,false,false
,Flash Manufacturing PMI,EUR,2007-08-24T04:00:00Z,None,54.5,54.9,54.2,false,false
,Flash Services PMI,EUR,2007-08-24T04:00:00Z,None,58.0,58.3,57.9,false,false
,Second Estimate GDP q/q,GBP,2007-08-24T04:30:00Z,High,0.8%,0.8%,0.8%,false,false
,Index of Services 3m/3m,GBP,2007-08-24T04:30:00Z,None,0.7%,0.9%,0.8%,false,false
,Core Durable Goods Orders m/m,USD,2007-08-24T08:30:00Z,High,0.6%,-1.2%,3.7%,false,false
,Durable Goods Orders m/m,USD,2007-08-24T08:30:00Z,None,1.0%,1.9%,5.9%,false,false
,New Home Sales,USD,2007-08-24T10:00:00Z,High,826K,846K,870K,false,false
,Bank Holiday,GBP,2007-08-27T00:00:00Z,None,,,,true,false
,ECB President Trichet Speaks,EUR,2007-08-27T09:00:00Z,High,,,,false,false
,Existing Home Sales,USD,2007-08-27T10:00:00Z,High,5.75M,5.76M,5.75M,false,false
,Monetary Policy Meeting Minutes,JPY,2007-08-27T19:50:00Z,None,,,,false,false
,CB Leading Index m/m,AUD,2007-08-27T20:00:00Z,None,,0.3%,0.4%,false,false
,Gov Council Member Duguay Speaks,CAD,2007-08-27T20:45:00Z,None,,,,false,false
,RBA Deputy Gov Battellino Speaks,AUD,2007-08-27T22:30:00Z,None,,,,false,false
,Inflation Expectations q/q,NZD,2007-08-27T23:00:00Z,High,,2.58%,2.64%,false,false
,German Prelim CPI m/m,EUR,2007-08-28T00:00:00Z,None,-0.1%,0.4%,-0.1%,true,false
,UBS Consumption Indicator,CHF,2007-08-28T04:00:00Z,None,,2.31,2.26,false,false
,German ifo Business Climate,EUR,2007-08-28T04:00:00Z,High,105.5,106.4,105.8,false,false
,M3 Money Supply y/y,EUR,2007-08-28T04:00:00Z,None,11.0%,10.9%,11.7%,false,false
,Private Loans y/y,EUR,2007-08-28T04:00:00Z,None,10.9%,10.8%,10.9%,false,false
,High Street Lending,GBP,2007-08-28T04:30:00Z,None,,75.3K,67.0K,false,false
,Gov Board Member Jordan Speaks,CHF,2007-08-28T08:00:00Z,None,,,,false,false
,S&P/CS Composite-20 HPI y/y,USD,2007-08-28T09:00:00Z,None,-3.2%,-2.9%,-3.5%,false,false
,CB Consumer Confidence,USD,2007-08-28T10:00:00Z,High,104.8,111.9,105.0,false,false
,Richmond Manufacturing Index,USD,2007-08-28T10:00:00Z,None,1,4,7,false,false
,FOMC Meeting Minutes,USD,2007-08-28T14:00:00Z,High,,,,false,false
,Construction Work Done q/q,AUD,2007-08-28T21:30:00Z,None,2.1%,2.7%,-1.9%,false,false
,HIA New Home Sales m/m,AUD,2007-08-28T22:15:00Z,None,,-0.8%,1.5%,false,false
,German GfK Consumer Climate,EUR,2007-08-29T02:00:00Z,None,8.5,8.5,7.6,false,false
,KOF Economic Barometer,CHF,2007-08-29T05:30:00Z,None,2.15,2.09,2.06,false,false
,Crude Oil Inventories,USD,2007-08-29T10:30:00Z,None,-0.6M,1.9M,-3.5M,false,false
,Building Consents m/m,NZD,2007-08-29T18:45:00Z,None,,14.2%,-15.5%,false,false
,Retail Sales y/y,JPY,2007-08-29T19:50:00Z,None,-0.9%,-0.4%,-2.2%,false,false
,Private Capital Expenditure q/q,AUD,2007-08-29T21:30:00Z,High,2.2%,10.3%,6.3%,false,false
,Current Account,AUD,2007-08-29T21:30:00Z,None,-15.6B,-15.6B,-16.0B,false,false
,ANZ Business Confidence,NZD,2007-08-29T23:00:00Z,None,,-38.5,-33.8,false,false
,Jackson Hole Symposium,All,2007-08-30T00:00:00Z,None,,,,false,false
,Nationwide HPI m/m,GBP,2007-08-30T02:00:00Z,None,0.5%,0.1%,0.6%,false,false
,German Unemployment Change,EUR,2007-08-30T03:55:00Z,None,-30K,-50K,-26K,false,false
,Retail PMI,EUR,2007-08-30T04:00:00Z,None,,46.2,51.0,false,false
,Italian Retail Sales m/m,EUR,2007-08-30T04:00:00Z,None,0.2%,0.1%,0.1%,false,false
,Mortgage Approvals,GBP,2007-08-30T04:30:00Z,None,110K,115K,115K,false,false
,Net Lending to Individuals m/m,GBP,2007-08-30T04:30:00Z,None,10.1B,10.3B,10.3B,false,false
,Italian 10-y Bond Auction,EUR,2007-08-30T05:28:00Z,None,,4.74|1.5,4.55|1.3,false,false
,CBI Realized Sales,GBP,2007-08-30T06:00:00Z,None,17,18,15,false,false
,Current Account,CAD,2007-08-30T08:30:00Z,None,7.8B,6.1B,8.4B,false,false
,RMPI m/m,CAD,2007-08-30T08:30:00Z,None,0.6%,0.6%,3.9%,false,false
,IPPI m/m,CAD,2007-08-30T08:30:00Z,None,-0.7%,-1.2%,-0.7%,false,false
,Prelim GDP q/q,USD,2007-08-30T08:30:00Z,High,4.0%,3.4%,4.0%,false,false
,Prelim GDP Price Index q/q,USD,2007-08-30T08:30:00Z,None,2.7%,2.7%,2.7%,false,false
,Unemployment Claims,USD,2007-08-30T08:30:00Z,None,320K,333K,334K,false,false
,Natural Gas Storage,USD,2007-08-30T10:30:00Z,None,40B,23B,43B,false,false
,Tokyo Core CPI y/y,JPY,2007-08-30T19:30:00Z,None,-0.1%,-0.1%,0.0%,false,false
,Final Manufacturing PMI,JPY,2007-08-30T19:30:00Z,None,,49.0,49.6,false,false
,Household Spending y/y,JPY,2007-08-30T19:30:00Z,None,0.2%,0.1%,-0.1%,false,false
,National Core CPI y/y,JPY,2007-08-30T19:30:00Z,None,-0.1%,-0.1%,-0.1%,false,false
,Unemployment Rate,JPY,2007-08-30T19:30:00Z,None,3.7%,3.7%,3.6%,false,false
,Prelim Industrial Production m/m,JPY,2007-08-30T19:50:00Z,None,-0.4%,1.3%,-0.4%,false,false
,Goods Trade Balance,AUD,2007-08-30T21:30:00Z,High,-1.07B,-1.74B,-0.76B,false,false
,Retail Sales m/m,AUD,2007-08-30T21:30:00Z,High,0.6%,1.5%,0.9%,false,false
,Private Sector Credit m/m,AUD,2007-08-30T21:30:00Z,None,1.2%,1.8%,0.9%,false,false
,Jackson Hole Symposium,All,2007-08-31T00:00:00Z,None,,,,false,false
,Housing Starts y/y,JPY,2007-08-31T01:00:00Z,None,0.0%,6.0%,-23.4%,false,false
,CPI m/m,CHF,2007-08-31T01:45:00Z,High,0.2%,-0.6%,-0.1%,false,false
,German Retail Sales m/m,EUR,2007-08-31T02:00:00Z,None,0.5%,1.2%,0.3%,false,false
,Consumer Confidence,EUR,2007-08-31T05:00:00Z,None,-2,-2,-3,false,false
,CPI Flash Estimate y/y,EUR,2007-08-31T05:00:00Z,None,1.8%,1.8%,1.8%,false,false
,Italian Prelim CPI m/m,EUR,2007-08-31T05:00:00Z,None,0.2%,0.2%,0.2%,false,false
,Unemployment Rate,EUR,2007-08-31T05:00:00Z,None,6.9%,6.9%,6.9%,false,false
,GfK Consumer Confidence,GBP,2007-08-31T05:30:00Z,None,-6,-6,-4,false,false
,GDP m/m,CAD,2007-08-31T08:30:00Z,High,0.1%,0.3%,0.2%,false,false
,Core PCE Price Index m/m,USD,2007-08-31T08:30:00Z,High,0.2%,0.2%,0.1%,false,false
,Personal Spending m/m,USD,2007-08-31T08:30:00Z,None,0.4%,0.2%,0.4%,false,false
,Personal Income m/m,USD,2007-08-31T08:30:00Z,None,0.4%,0.4%,0.5%,false,false
,Chicago PMI,USD,2007-08-31T09:45:00Z,None,53.0,53.4,53.8,false,false
,Fed Chairman Bernanke Speaks,USD,2007-08-31T10:00:00Z,High,,,,false,false
,Factory Orders m/m,USD,2007-08-31T10:00:00Z,None,3.3%,1.0%,3.7%,false,false
,Revised UoM Consumer Sentiment,USD,2007-08-31T10:00:00Z,None,83.0,83.3,83.4,false,false
,Revised UoM Inflation Expectations,USD,2007-08-31T10:00:00Z,None,,3.2%,3.2%,false,false
,President Bush Speaks,USD,2007-08-31T11:10:00Z,None,,,,false,false
,Manufacturing PMI,CNY,2007-08-31T21:00:00Z,High,,53.3,54.0,false,false
,Jackson Hole Symposium,All,2007-09-01T00:00:00Z,None,,,,false,false
,FOMC Member Mishkin Speaks,USD,2007-09-01T08:30:00Z,None,,,,false,false
,AIG Manufacturing Index,AUD,2007-09-02T19:30:00Z,None,,57.4,52.4,false,false
,Capital Spending q/y,JPY,2007-09-02T19:50:00Z,None,-2.3%,13.6%,-4.9%,false,false
,MI Inflation Gauge m/m,AUD,2007-09-02T20:30:00Z,None,,0.6%,0.5%,false,false
,Non-Manufacturing PMI,CNY,2007-09-02T21:00:00Z,None,,61.8,63.2,false,false
,Building Approvals m/m,AUD,2007-09-02T21:30:00Z,High,-1.8%,6.9%,0.4%,false,false
,ANZ Job Advertisements m/m,AUD,2007-09-02T21:30:00Z,None,,-0.5%,0.1%,false,false
,Company Operating Profits q/q,AUD,2007-09-02T21:30:00Z,None,2.3%,7.3%,1.4%,false,false
,Average Cash Earnings y/y,JPY,2007-09-02T21:30:00Z,None,-0.5%,-0.9%,-1.9%,false,false
,RatingDog Manufacturing PMI,CNY,2007-09-02T22:30:00Z,None,,53.2,53.4,false,false
,Bank Holiday,CAD,2007-09-03T00:00:00Z,None,,,,true,false
,Bank Holiday,USD,2007-09-03T00:00:00Z,None,,,,true,false
,Commodity Prices y/y,AUD,2007-09-03T02:30:00Z,None,,3.6%,1.9%,false,false
,Spanish Manufacturing PMI,EUR,2007-09-03T03:15:00Z,None,,53.2,52.2,false,false
,Manufacturing PMI,CHF,2007-09-03T03:30:00Z,None,62.0,63.0,65.1,false,false
,Italian Manufacturing PMI,EUR,2007-09-03T03:45:00Z,None,52.9,53.3,53.6,false,false
,Final Manufacturing PMI,EUR,2007-09-03T04:00:00Z,None,54.2,54.2,54.3,false,false
,Final Manufacturing PMI,GBP,2007-09-03T04:30:00Z,None,55.1,55.9,56.3,false,false
,BRC Retail Sales Monitor y/y,GBP,2007-09-03T19:01:00Z,None,,1.2%,1.8%,false,false
,Monetary Base y/y,JPY,2007-09-03T19:50:00Z,None,0.0%,-2.3%,0.7%,false,false
,GDP q/q,AUD,2007-09-03T21:30:00Z,High,0.6%,1.6%,0.9%,false,false
,10-y Bond Auction,JPY,2007-09-03T23:45:00Z,None,,1.81|2.7,1.65|2.8,false,false
,Total Vehicle Sales,USD,2007-09-04T00:00:00Z,None,15.8M,15.3M,16.3M,true,false
,GDP q/q,CHF,2007-09-04T01:45:00Z,None,0.7%,0.7%,0.7%,false,false
,Spanish Unemployment Change,EUR,2007-09-04T03:00:00Z,None,,4.5K,58.0K,false,false
,Italian Trade Balance,EUR,2007-09-04T04:00:00Z,None,-0.88B,-0.78B,0.38B,false,false
,Construction PMI,GBP,2007-09-04T04:30:00Z,None,60.6,61.8,64.8,false,false
,PPI m/m,EUR,2007-09-04T05:00:00Z,None,0.1%,0.1%,0.3%,false,false
,Revised GDP q/q,EUR,2007-09-04T05:00:00Z,None,0.3%,0.3%,0.3%,false,false
,ISM Manufacturing PMI,USD,2007-09-04T10:00:00Z,High,53.2,53.8,52.9,false,false
,Construction Spending m/m,USD,2007-09-04T10:00:00Z,None,0.0%,0.1%,-0.4%,false,false
,ISM Manufacturing Prices,USD,2007-09-04T10:00:00Z,None,63.1,65.0,63.0,false,false
,Nationwide Consumer Confidence,GBP,2007-09-04T19:01:00Z,None,94,96,94,false,false
,Cash Rate,AUD,2007-09-04T19:30:00Z,High,6.50%,6.50%,6.50%,false,false
,AIG Services Index,AUD,2007-09-04T19:30:00Z,None,,56.0,51.6,false,false
,Lloyds HPI m/m,GBP,2007-09-05T03:00:00Z,High,0.6%,0.8%,0.4%,false,false
,Spanish Services PMI,EUR,2007-09-05T03:15:00Z,None,,56.3,53.5,false,false
,Italian Services PMI,EUR,2007-09-05T03:45:00Z,None,58.0,58.5,56.2,false,false
,Final Services PMI,EUR,2007-09-05T04:00:00Z,None,57.9,57.9,58.0,false,false
,Final Services PMI,GBP,2007-09-05T04:30:00Z,None,56.5,57.0,57.6,false,false
,Retail Sales m/m,EUR,2007-09-05T05:00:00Z,None,0.4%,0.6%,0.1%,false,false
,BRC Shop Price Index y/y,GBP,2007-09-05T05:30:00Z,None,,0.6%,0.4%,false,false
,Challenger Job Cuts y/y,USD,2007-09-05T07:30:00Z,None,,-25.8%,15.4%,false,false
,ADP Non-Farm Employment Change,USD,2007-09-05T08:15:00Z,None,82K,41K,38K,false,false
,BOC Rate Statement,CAD,2007-09-05T09:00:00Z,High,,,,false,false
,Overnight Rate,CAD,2007-09-05T09:00:00Z,High,4.50%,4.50%,4.50%,false,false
,Pending Home Sales m/m,USD,2007-09-05T10:00:00Z,High,-2.0%,5.0%,-12.2%,false,false
,Beige Book,USD,2007-09-05T14:00:00Z,None,,,,false,false
,Employment Change,AUD,2007-09-05T21:30:00Z,High,18.0K,19.0K,31.9K,false,false
,Unemployment Rate,AUD,2007-09-05T21:30:00Z,None,4.3%,4.3%,4.3%,false,false
,ANZ Commodity Prices m/m,NZD,2007-09-05T23:00:00Z,None,,4.7%,1.4%,false,false
,Unemployment Rate,CHF,2007-09-06T01:45:00Z,None,2.7%,2.7%,2.7%,false,false
,Prelim Machine Tool Orders y/y,JPY,2007-09-06T02:00:00Z,None,,18.8%,12.3%,false,false
,Foreign Currency Reserves,CHF,2007-09-06T03:00:00Z,None,,46B,47B,false,false
,Manufacturing Production m/m,GBP,2007-09-06T04:30:00Z,High,0.2%,0.1%,-0.3%,false,false
,Industrial Production m/m,GBP,2007-09-06T04:30:00Z,None,0.2%,0.0%,-0.1%,false,false
,French 10-y Bond Auction,EUR,2007-09-06T05:06:00Z,None,,4.67|3.6,4.35|2.3,false,false
,German Factory Orders m/m,EUR,2007-09-06T06:00:00Z,None,-2.2%,5.1%,-7.1%,false,false
,MPC Rate Statement,GBP,2007-09-06T07:00:00Z,High,,,,false,false
,Official Bank Rate,GBP,2007-09-06T07:00:00Z,High,5.75%,5.75%,5.75%,false,false
,Main Refinancing Rate,EUR,2007-09-06T07:45:00Z,None,4.00%,4.00%,4.00%,false,false
,Building Permits m/m,CAD,2007-09-06T08:30:00Z,None,-3.2%,0.1%,-11.3%,false,false
,ECB Press Conference,EUR,2007-09-06T08:30:00Z,High,,,,false,false
,Revised Nonfarm Productivity q/q,USD,2007-09-06T08:30:00Z,None,2.4%,1.8%,2.6%,false,false
,Unemployment Claims,USD,2007-09-06T08:30:00Z,None,325K,337K,318K,false,false
,Revised Unit Labor Costs q/q,USD,2007-09-06T08:30:00Z,None,1.6%,2.1%,1.4%,false,false
,Ivey PMI,CAD,2007-09-06T10:00:00Z,High,56.9,54.6,58.5,false,false
,ISM Services PMI,USD,2007-09-06T10:00:00Z,High,54.5,55.8,55.8,false,false
,Mortgage Delinquencies,USD,2007-09-06T10:00:00Z,None,,4.84%,5.12%,false,false
,Crude Oil Inventories,USD,2007-09-06T10:30:00Z,None,-2.1M,-3.5M,-4.0M,false,false
,Natural Gas Storage,USD,2007-09-06T10:30:00Z,None,44B,43B,36B,false,false
,FOMC Member Kroszner Speaks,USD,2007-09-06T11:30:00Z,None,,,,false,false
,NIESR GDP Estimate,GBP,2007-09-06T19:01:00Z,None,,0.8%,0.7%,false,false
,AIG Construction Index,AUD,2007-09-06T19:30:00Z,None,,48.8,48.4,false,false
,Leading Indicators,JPY,2007-09-07T01:00:00Z,None,70.0%,72.7%,70.0%,false,false
,German Trade Balance,EUR,2007-09-07T02:00:00Z,None,15.5B,15.0B,16.5B,false,false
,French Gov Budget Balance,EUR,2007-09-07T02:45:00Z,None,,-29.7B,-47.4B,false,false
,ECB President Trichet Speaks,EUR,2007-09-07T02:50:00Z,None,,,,false,false
,German Industrial Production m/m,EUR,2007-09-07T06:00:00Z,None,0.8%,-0.2%,0.1%,false,false
,Employment Change,CAD,2007-09-07T07:00:00Z,High,15.3K,11.3K,23.3K,false,false
,Unemployment Rate,CAD,2007-09-07T07:00:00Z,High,6.1%,6.0%,6.0%,false,false
,Non-Farm Employment Change,USD,2007-09-07T08:30:00Z,High,110K,68K,-4K,false,false
,Unemployment Rate,USD,2007-09-07T08:30:00Z,High,4.6%,4.6%,4.6%,false,false
,Average Hourly Earnings m/m,USD,2007-09-07T08:30:00Z,None,0.3%,0.3%,0.3%,false,false
,Final Wholesale Inventories m/m,USD,2007-09-07T10:00:00Z,None,0.5%,0.3%,0.2%,false,false
,ECB President Trichet Speaks,EUR,2007-09-08T09:00:00Z,None,,,,false,false
,PPI Input q/q,NZD,2007-09-09T18:45:00Z,High,1.1%,-1.5%,1.3%,false,false
,PPI Output q/q,NZD,2007-09-09T18:45:00Z,None,1.1%,-0.2%,1.2%,false,false
,Final GDP q/q,JPY,2007-09-09T19:50:00Z,None,-0.2%,0.1%,-0.3%,false,false
,Bank Lending y/y,JPY,2007-09-09T19:50:00Z,None,,0.3%,0.5%,false,false
,Final GDP Price Index y/y,JPY,2007-09-09T19:50:00Z,None,-0.3%,-0.3%,-0.3%,false,false
,M2 Money Stock y/y,JPY,2007-09-09T19:50:00Z,None,2.0%,2.0%,1.8%,false,false
,Home Loans m/m,AUD,2007-09-09T21:30:00Z,None,-2.0%,0.8%,-4.1%,false,false
,PPI y/y,CNY,2007-09-09T22:00:00Z,None,2.5%,2.4%,2.6%,false,false
,Economy Watchers Sentiment,JPY,2007-09-10T01:00:00Z,None,44.3,44.7,44.1,false,false
,French Industrial Production m/m,EUR,2007-09-10T02:45:00Z,None,0.4%,-0.6%,1.3%,false,false
,Sentix Investor Confidence,EUR,2007-09-10T04:30:00Z,None,18.6,26.3,18.1,false,false
,PPI Input m/m,GBP,2007-09-10T04:30:00Z,High,-0.3%,-0.8%,-0.5%,false,false
,ONS HPI y/y,GBP,2007-09-10T04:30:00Z,None,11.5%,12.1%,12.4%,false,false
,PPI Output m/m,GBP,2007-09-10T04:30:00Z,None,0.2%,0.3%,0.1%,false,false
,ECB President Trichet Speaks,EUR,2007-09-10T07:45:00Z,None,,,,false,false
,Consumer Credit m/m,USD,2007-09-10T15:00:00Z,None,8.8B,11.9B,7.5B,false,false
,Overseas Trade Index q/q,NZD,2007-09-10T18:45:00Z,None,3.5%,1.6%,0.6%,false,false
,FOMC Member Mishkin Speaks,USD,2007-09-10T19:30:00Z,None,,,,false,false
,Core Machinery Orders m/m,JPY,2007-09-10T19:50:00Z,None,5.2%,-10.4%,17.0%,false,false
,NAB Business Confidence,AUD,2007-09-10T21:30:00Z,None,,12,10,false,false
,CPI y/y,CNY,2007-09-10T22:00:00Z,None,5.8%,5.6%,6.5%,false,false
,USD-Denominated Trade Balance,CNY,2007-09-11T00:00:00Z,High,25.6B,24.4B,25.0B,false,false
,OPEC Meetings,All,2007-09-11T00:00:00Z,None,,,,true,false
,German WPI m/m,EUR,2007-09-11T02:00:00Z,None,0.4%,0.4%,0.5%,false,false
,French Trade Balance,EUR,2007-09-11T02:45:00Z,None,-3.0B,-3.1B,-3.3B,false,false
,Goods Trade Balance,GBP,2007-09-11T04:30:00Z,None,-6.4B,-6.5B,-7.1B,false,false
,NFIB Small Business Index,USD,2007-09-11T07:30:00Z,None,,97.6,96.3,false,false
,Housing Starts,CAD,2007-09-11T08:15:00Z,High,220K,216K,227K,false,false
,NHPI m/m,CAD,2007-09-11T08:30:00Z,None,0.5%,0.7%,0.9%,false,false
,Trade Balance,CAD,2007-09-11T08:30:00Z,High,5.0B,4.3B,3.7B,false,false
,Trade Balance,USD,2007-09-11T08:30:00Z,High,-59.0B,-59.4B,-59.2B,false,false
,JOLTS Job Openings,USD,2007-09-11T10:00:00Z,None,,4.28M,4.23M,false,false
,RCM/TIPP Economic Optimism,USD,2007-09-11T10:00:00Z,None,47.0,49.5,48.2,false,false
,ECB President Trichet Speaks,EUR,2007-09-11T10:05:00Z,High,,,,false,false
,CB Leading Index m/m,GBP,2007-09-11T10:30:00Z,None,,0.2%,-0.2%,false,false
,Fed Chairman Bernanke Speaks,USD,2007-09-11T11:00:00Z,High,,,,false,false
,FPI m/m,NZD,2007-09-11T18:47:00Z,None,,1.2%,-0.1%,false,false
,RBA Annual Report,AUD,2007-09-11T19:30:00Z,None,,,,false,false
,PPI y/y,JPY,2007-09-11T19:50:00Z,None,1.7%,2.1%,1.9%,false,false
,Current Account,JPY,2007-09-11T19:50:00Z,None,1.90T,2.05T,1.75T,false,false
,Westpac Consumer Sentiment,AUD,2007-09-11T20:30:00Z,None,,-8.1%,4.2%,false,false
,New Loans,CNY,2007-09-11T22:00:00Z,None,,231B,303B,false,false
,M2 Money Supply y/y,CNY,2007-09-11T22:00:00Z,None,18.2%,18.5%,18.1%,false,false
,Retail Sales y/y,CNY,2007-09-11T22:00:00Z,None,16.5%,16.4%,17.1%,false,false
,Consumer Confidence,JPY,2007-09-12T01:00:00Z,None,44.0,44.4,44.0,false,false
,Unemployment Rate,GBP,2007-09-12T04:30:00Z,None,5.4%,5.4%,5.4%,false,false
,Average Earnings Index 3m/y,GBP,2007-09-12T04:30:00Z,High,3.4%,3.4%,3.5%,false,false
,Claimant Count Change,GBP,2007-09-12T04:30:00Z,None,-8.0K,-6.7K,-4.2K,false,false
,Industrial Production m/m,EUR,2007-09-12T05:00:00Z,None,0.2%,0.0%,0.6%,false,false
,Crude Oil Inventories,USD,2007-09-12T10:30:00Z,None,-2.7M,-4.0M,-7.0M,false,false
,Official Cash Rate,NZD,2007-09-12T17:00:00Z,High,8.25%,8.25%,8.25%,false,false
,RBNZ Press Conference,NZD,2007-09-12T17:00:00Z,High,,,,false,false
,RBNZ Rate Statement,NZD,2007-09-12T17:00:00Z,High,,,,false,false
,RBNZ Monetary Policy Statement,NZD,2007-09-12T17:00:00Z,None,,,,false,false
,Core Retail Sales m/m,NZD,2007-09-12T18:45:00Z,High,0.3%,-0.5%,0.2%,false,false
,Retail Sales m/m,NZD,2007-09-12T18:45:00Z,High,0.3%,-0.4%,0.0%,false,false
,RICS House Price Balance,GBP,2007-09-12T19:01:00Z,None,10%,11%,-2%,false,false
,MI Inflation Expectations,AUD,2007-09-12T20:30:00Z,None,,3.8%,3.1%,false,false
,Housing Starts q/q,AUD,2007-09-12T21:30:00Z,None,-0.4%,-1.1%,-4.0%,false,false
,Industrial Production y/y,CNY,2007-09-12T22:00:00Z,High,17.9%,18.0%,17.5%,false,false
,Foreign Direct Investment ytd/y,CNY,2007-09-12T22:20:00Z,None,,12.9%,12.8%,false,false
,French Final CPI m/m,EUR,2007-09-13T02:45:00Z,None,0.3%,-0.2%,0.4%,false,false
,French Final Private Payrolls q/q,EUR,2007-09-13T02:45:00Z,None,0.0%,0.0%,0.3%,false,false
,ECB Monthly Bulletin,EUR,2007-09-13T04:00:00Z,None,,,,false,false
,Consumer Inflation Expectations,GBP,2007-09-13T04:30:00Z,None,,2.7%,2.7%,false,false
,Final Employment Change q/q,EUR,2007-09-13T06:00:00Z,None,,0.6%,0.5%,false,false
,Libor Rate,CHF,2007-09-13T08:00:00Z,High,2.75%,2.50%,2.75%,false,false
,SNB Monetary Policy Assessment,CHF,2007-09-13T08:00:00Z,High,,,,false,false
,Capacity Utilization Rate,CAD,2007-09-13T08:30:00Z,None,83.3%,82.8%,83.0%,false,false
,Unemployment Claims,USD,2007-09-13T08:30:00Z,None,325K,315K,319K,false,false
,Natural Gas Storage,USD,2007-09-13T10:30:00Z,None,61B,36B,64B,false,false
,10-y Bond Auction,USD,2007-09-13T13:00:00Z,None,,4.86|2.3,4.49|3.0,false,false
,Federal Budget Balance,USD,2007-09-13T14:00:00Z,None,-85.2B,-36.3B,-117.0B,false,false
,Manufacturing Sales q/q,NZD,2007-09-13T18:45:00Z,None,,0.8%,1.7%,false,false
,BusinessNZ Manufacturing Index,NZD,2007-09-13T20:00:00Z,None,,54.8,55.7,false,false
,Fixed Asset Investment ytd/y,CNY,2007-09-13T22:00:00Z,None,26.5%,26.6%,26.7%,false,false
,Revised Industrial Production m/m,JPY,2007-09-14T00:30:00Z,None,-0.4%,-0.4%,-0.4%,false,false
,German Final CPI m/m,EUR,2007-09-14T02:00:00Z,None,-0.1%,-0.1%,-0.1%,false,false
,Italian Industrial Production m/m,EUR,2007-09-14T04:00:00Z,None,0.1%,-0.6%,-0.4%,false,false
,Final Core CPI y/y,EUR,2007-09-14T05:00:00Z,None,1.9%,1.9%,1.9%,false,false
,Final CPI y/y,EUR,2007-09-14T05:00:00Z,None,1.8%,1.8%,1.7%,false,false
,Rightmove HPI m/m,GBP,2007-09-14T06:20:00Z,None,,0.6%,-2.6%,false,false
,Labor Productivity q/q,CAD,2007-09-14T08:30:00Z,None,0.4%,0.7%,0.2%,false,false
,Manufacturing Sales m/m,CAD,2007-09-14T08:30:00Z,None,1.0%,-2.0%,2.3%,false,false
,Retail Sales m/m,USD,2007-09-14T08:30:00Z,High,0.6%,0.5%,0.3%,false,false
,Core Retail Sales m/m,USD,2007-09-14T08:30:00Z,High,0.2%,0.7%,-0.4%,false,false
,Current Account,USD,2007-09-14T08:30:00Z,None,-190B,-197B,-191B,false,false
,Import Prices m/m,USD,2007-09-14T08:30:00Z,None,0.4%,1.3%,-0.3%,false,false
,Capacity Utilization Rate,USD,2007-09-14T09:15:00Z,None,82.0%,82.2%,82.2%,false,false
,Industrial Production m/m,USD,2007-09-14T09:15:00Z,None,0.3%,0.5%,0.2%,false,false
,Prelim UoM Consumer Sentiment,USD,2007-09-14T10:00:00Z,High,83.5,83.4,83.8,false,false
,Business Inventories m/m,USD,2007-09-14T10:00:00Z,None,0.3%,0.4%,0.5%,false,false
,Prelim UoM Inflation Expectations,USD,2007-09-14T10:00:00Z,None,,3.2%,3.1%,false,false
,Bank Holiday,JPY,2007-09-16T00:00:00Z,None,,,,true,false
,Greek Parliamentary Election,EUR,2007-09-16T00:00:00Z,None,,,,true,false
,Treasury Sec Paulson Speaks,USD,2007-09-17T02:50:00Z,None,,,,false,false
,Trade Balance,EUR,2007-09-17T05:00:00Z,None,4.0B,4.4B,-0.6B,false,false
,German Buba Monthly Report,EUR,2007-09-17T06:00:00Z,None,,,,false,false
,Empire State Manufacturing Index,USD,2007-09-17T08:30:00Z,None,18.0,25.1,14.7,false,false
,Foreign Securities Purchases,CAD,2007-09-17T08:30:00Z,None,-1.54B,-4.33B,1.50B,false,false
,SNB Chairman Roth Speaks,CHF,2007-09-17T11:00:00Z,None,,,,false,false
,Treasury Sec Paulson Speaks,USD,2007-09-17T12:45:00Z,None,,,,false,false
,Tertiary Industry Activity m/m,JPY,2007-09-17T19:50:00Z,None,-0.4%,0.1%,-0.5%,false,false
,RBA Gov Stevens Speaks,AUD,2007-09-17T23:10:00Z,None,,,,false,false
,Industrial Production q/q,CHF,2007-09-18T03:15:00Z,None,5.2%,-4.7%,6.7%,false,false
,RPI y/y,GBP,2007-09-18T04:30:00Z,None,3.9%,3.8%,4.1%,false,false
,Core CPI y/y,GBP,2007-09-18T04:30:00Z,None,1.8%,1.7%,1.8%,false,false
,CPI y/y,GBP,2007-09-18T04:30:00Z,High,1.9%,1.9%,1.8%,false,false
,German ZEW Economic Sentiment,EUR,2007-09-18T05:00:00Z,None,-16.0,-6.9,-18.1,false,false
,ZEW Economic Sentiment,EUR,2007-09-18T05:00:00Z,None,-14.0,-6.1,-20.3,false,false
,Core PPI m/m,USD,2007-09-18T08:30:00Z,None,0.1%,0.1%,0.2%,false,false
,PPI m/m,USD,2007-09-18T08:30:00Z,High,-0.2%,0.6%,-1.4%,false,false
,New Motor Vehicle Sales m/m,CAD,2007-09-18T08:30:00Z,None,-2.9%,-1.7%,-2.7%,false,false
,TIC Long-Term Purchases,USD,2007-09-18T09:00:00Z,High,99.0B,97.3B,19.2B,false,false
,NAHB Housing Market Index,USD,2007-09-18T13:00:00Z,None,20,22,20,false,false
,FOMC Statement,USD,2007-09-18T14:15:00Z,High,,,,false,false
,Federal Funds Rate,USD,2007-09-18T14:15:00Z,High,5.00%,5.25%,4.75%,false,false
,MI Leading Index m/m,AUD,2007-09-18T20:30:00Z,None,,0.2%,0.2%,false,false
,Overnight Call Rate,JPY,2007-09-19T00:21:00Z,None,0.50%,0.50%,0.50%,false,false
,BOJ Monthly Report,JPY,2007-09-19T02:00:00Z,None,,,,false,false
,German PPI m/m,EUR,2007-09-19T02:00:00Z,None,0.1%,-0.1%,0.1%,false,false
,Retail Sales y/y,CHF,2007-09-19T03:15:00Z,High,5.2%,5.1%,3.3%,false,false
,BOJ Press Conference,JPY,2007-09-19T03:32:00Z,High,,,,false,false
,RBA Deputy Gov Battellino Speaks,AUD,2007-09-19T04:15:00Z,None,,,,false,false
,MPC Official Bank Rate Votes,GBP,2007-09-19T04:30:00Z,High,0-0-9,0-0-9,0-0-9,false,false
,Core CPI m/m,CAD,2007-09-19T07:00:00Z,High,0.1%,0.1%,0.1%,false,false
,CPI m/m,CAD,2007-09-19T07:00:00Z,None,0.1%,0.1%,-0.3%,false,false
,CPI y/y,USD,2007-09-19T08:30:00Z,High,2.1%,2.4%,2.0%,false,false
,Leading Index m/m,CAD,2007-09-19T08:30:00Z,None,0.3%,0.4%,0.3%,false,false
,Core CPI m/m,USD,2007-09-19T08:30:00Z,High,0.2%,0.2%,0.2%,false,false
,Core CPI y/y,USD,2007-09-19T08:30:00Z,High,2.2%,2.2%,2.1%,false,false
,Building Permits,USD,2007-09-19T08:30:00Z,None,1.35M,1.39M,1.31M,false,false
,CPI m/m,USD,2007-09-19T08:30:00Z,None,0.0%,0.1%,-0.1%,false,false
,Housing Starts,USD,2007-09-19T08:30:00Z,None,1.36M,1.37M,1.33M,false,false
,Crude Oil Inventories,USD,2007-09-19T10:30:00Z,None,-2.0M,-7.0M,-3.9M,false,false
,Current Account,NZD,2007-09-19T18:45:00Z,High,-3.28B,-2.21B,-2.91B,false,false
,BSI Manufacturing Index,JPY,2007-09-19T19:50:00Z,None,1.0,-2.2,7.7,false,false
,HIA New Home Sales m/m,AUD,2007-09-19T21:30:00Z,None,,1.5%,-8.6%,false,false
,RBA Bulletin,AUD,2007-09-19T21:30:00Z,None,,,,false,false
,RBA Financial Stability Review,AUD,2007-09-19T21:30:00Z,None,,,,false,false
,ECB President Trichet Speaks,EUR,2007-09-20T01:30:00Z,None,,,,false,false
,Trade Balance,CHF,2007-09-20T02:15:00Z,None,0.95B,1.51B,0.64B,false,false
,PPI m/m,CHF,2007-09-20T03:15:00Z,None,0.1%,0.1%,0.3%,false,false
,Italian Quarterly Unemployment Rate,EUR,2007-09-20T04:00:00Z,None,6.2%,6.2%,6.0%,false,false
,M4 Money Supply m/m,GBP,2007-09-20T04:30:00Z,None,0.9%,1.1%,1.2%,false,false
,Retail Sales m/m,GBP,2007-09-20T04:30:00Z,High,0.0%,0.7%,0.6%,false,false
,Monetary Policy Report Hearings,GBP,2007-09-20T04:45:00Z,High,,,,false,false
,UBS Economic Expectations,CHF,2007-09-20T05:00:00Z,None,,-5.1,-26.7,false,false
,CBI Industrial Order Expectations,GBP,2007-09-20T06:00:00Z,None,5,9,6,false,false
,Unemployment Claims,USD,2007-09-20T08:30:00Z,None,320K,320K,311K,false,false
,Wholesale Sales m/m,CAD,2007-09-20T08:30:00Z,None,0.5%,0.1%,2.0%,false,false
,CB Leading Index m/m,USD,2007-09-20T10:00:00Z,None,-0.1%,0.7%,-0.6%,false,false
,Fed Chairman Bernanke Testifies,USD,2007-09-20T10:00:00Z,High,,,,false,false
,Natural Gas Storage,USD,2007-09-20T10:30:00Z,None,66B,64B,63B,false,false
,Philly Fed Manufacturing Index,USD,2007-09-20T12:00:00Z,None,3.0,0.0,10.9,false,false
,Visitor Arrivals m/m,NZD,2007-09-20T18:45:00Z,None,,-1.7%,3.8%,false,false
,All Industries Activity m/m,JPY,2007-09-20T19:50:00Z,None,-0.3%,0.2%,-0.4%,false,false
,New Motor Vehicle Sales m/m,AUD,2007-09-20T21:30:00Z,None,,0.5%,-1.9%,false,false
,Credit Card Spending y/y,NZD,2007-09-20T23:00:00Z,None,,7.8%,8.4%,false,false
,Flash Manufacturing PMI,EUR,2007-09-21T04:00:00Z,None,54.0,54.3,53.2,false,false
,Current Account,EUR,2007-09-21T04:00:00Z,None,3.7B,7.3B,1.7B,false,false
,Flash Services PMI,EUR,2007-09-21T04:00:00Z,None,57.6,58.0,54.0,false,false
,FOMC Member Mishkin Speaks,USD,2007-09-21T05:00:00Z,None,,,,false,false
,FOMC Member Kohn Speaks,USD,2007-09-21T08:00:00Z,None,,,,false,false
,Core Retail Sales m/m,CAD,2007-09-21T08:30:00Z,High,0.4%,-0.2%,-0.3%,false,false
,Retail Sales m/m,CAD,2007-09-21T08:30:00Z,None,0.0%,-1.1%,-0.8%,false,false
,ECB President Trichet Speaks,EUR,2007-09-21T11:00:00Z,None,,,,false,false
,SNB Chairman Roth Speaks,CHF,2007-09-21T11:00:00Z,None,,,,false,false
,Fed Chairman Warsh Speaks,USD,2007-09-21T13:00:00Z,None,,,,false,false
,Bank Holiday,JPY,2007-09-23T00:00:00Z,None,,,,true,false
,Bank Holiday,CNY,2007-09-24T00:00:00Z,None,,,,true,false
,Public Sector Net Borrowing,GBP,2007-09-24T04:30:00Z,None,6.5B,-6.3B,9.1B,false,false
,Industrial New Orders m/m,EUR,2007-09-24T05:00:00Z,None,-2.8%,4.5%,-4.0%,false,false
,Belgian NBB Business Climate,EUR,2007-09-24T09:00:00Z,None,2.5,3.3,1.5,false,false
,Gov Board Member Hildebrand Speaks,CHF,2007-09-24T12:00:00Z,None,,,,false,false
,MPC Member Sentance Speaks,GBP,2007-09-24T12:30:00Z,None,,,,false,false
,Fed Chairman Bernanke Speaks,USD,2007-09-24T13:00:00Z,High,,,,false,false
,Monetary Policy Meeting Minutes,JPY,2007-09-24T19:50:00Z,None,,,,false,false
,SPPI y/y,JPY,2007-09-24T19:50:00Z,None,1.6%,1.4%,1.0%,false,false
,RBA Deputy Gov Battellino Speaks,AUD,2007-09-24T21:00:00Z,None,,,,false,false
,French Consumer Spending m/m,EUR,2007-09-25T00:00:00Z,None,0.3%,0.9%,1.0%,false,false
,German Import Prices m/m,EUR,2007-09-25T02:00:00Z,None,0.0%,0.3%,-0.7%,false,false
,French Consumer Spending m/m,EUR,2007-09-25T02:45:00Z,None,0.2%,1.6%,0.9%,false,false
,UBS Consumption Indicator,CHF,2007-09-25T04:00:00Z,None,,2.26,1.93,false,false
,German ifo Business Climate,EUR,2007-09-25T04:00:00Z,High,105.0,105.8,104.2,false,false
,Italian Retail Sales m/m,EUR,2007-09-25T04:00:00Z,None,0.1%,0.2%,-0.1%,false,false
,Revised Business Investment q/q,GBP,2007-09-25T04:30:00Z,None,0.8%,0.8%,0.4%,false,false
,Italian Trade Balance,EUR,2007-09-25T05:00:00Z,None,1.42B,0.40B,1.81B,false,false
,S&P/CS Composite-20 HPI y/y,USD,2007-09-25T09:00:00Z,None,-4.0%,-3.4%,-3.9%,false,false
,Westpac Consumer Sentiment,NZD,2007-09-25T09:00:00Z,None,,111.4,113.5,false,false
,CB Consumer Confidence,USD,2007-09-25T10:00:00Z,High,104.5,105.6,99.8,false,false
,Existing Home Sales,USD,2007-09-25T10:00:00Z,High,5.50M,5.75M,5.50M,false,false
,Richmond Manufacturing Index,USD,2007-09-25T10:00:00Z,None,5,7,14,false,false
,Trade Balance,NZD,2007-09-25T18:45:00Z,High,-903M,-813M,-945M,false,false
,Trade Balance,JPY,2007-09-25T19:50:00Z,None,0.74T,0.88T,1.14T,false,false
,CB Leading Index m/m,AUD,2007-09-25T20:00:00Z,None,,0.4%,0.3%,false,false
,German GfK Consumer Climate,EUR,2007-09-26T02:00:00Z,None,7.0,7.4,6.8,false,false
,Current Account,GBP,2007-09-26T04:30:00Z,High,-11.5B,-10.6B,-9.1B,false,false
,BOE Credit Conditions Survey,GBP,2007-09-26T04:30:00Z,None,,,,false,false
,Final GDP q/q,GBP,2007-09-26T04:30:00Z,None,0.8%,0.8%,0.8%,false,false
,KOF Economic Barometer,CHF,2007-09-26T05:30:00Z,None,2.00,2.12,2.14,false,false
,Core Durable Goods Orders m/m,USD,2007-09-26T08:30:00Z,High,-1.0%,3.4%,-1.8%,false,false
,Durable Goods Orders m/m,USD,2007-09-26T08:30:00Z,None,-3.8%,6.1%,-4.9%,false,false
,Crude Oil Inventories,USD,2007-09-26T10:30:00Z,None,-2.1M,-3.9M,1.8M,false,false
,Building Consents m/m,NZD,2007-09-26T18:45:00Z,None,,-15.5%,5.8%,false,false
,ANZ Business Confidence,NZD,2007-09-26T23:00:00Z,None,,-33.8,-26.5,false,false
,German Prelim CPI m/m,EUR,2007-09-27T00:00:00Z,None,0.0%,-0.1%,0.2%,true,false
,Nationwide HPI m/m,GBP,2007-09-27T02:00:00Z,None,0.3%,0.6%,0.7%,false,false
,German Unemployment Change,EUR,2007-09-27T03:55:00Z,None,-55K,-26K,-59K,false,false
,Private Loans y/y,EUR,2007-09-27T04:00:00Z,None,11.2%,11.0%,11.2%,false,false
,Retail PMI,EUR,2007-09-27T04:00:00Z,None,,51.0,50.5,false,false
,M3 Money Supply y/y,EUR,2007-09-27T04:00:00Z,None,11.7%,11.7%,11.6%,false,false
,Index of Services 3m/3m,GBP,2007-09-27T04:30:00Z,None,0.8%,0.9%,1.0%,false,false
,High Street Lending,GBP,2007-09-27T04:30:00Z,None,,67.0K,61.1K,false,false
,SNB Quarterly Bulletin,CHF,2007-09-27T05:00:00Z,None,,,,false,false
,Italian 10-y Bond Auction,EUR,2007-09-27T05:31:00Z,None,,4.55|1.3,4.66|1.4,false,false
,CBI Realized Sales,GBP,2007-09-27T06:00:00Z,None,11,15,12,false,false
,Final GDP q/q,USD,2007-09-27T08:30:00Z,None,3.9%,4.0%,3.8%,false,false
,Unemployment Claims,USD,2007-09-27T08:30:00Z,None,315K,313K,298K,false,false
,Final GDP Price Index q/q,USD,2007-09-27T08:30:00Z,None,2.7%,2.7%,2.6%,false,false
,New Home Sales,USD,2007-09-27T10:00:00Z,High,825K,867K,795K,false,false
,Natural Gas Storage,USD,2007-09-27T10:30:00Z,None,73B,63B,74B,false,false
,MPC Member Blanchflower Speaks,GBP,2007-09-27T10:55:00Z,None,,,,false,false
,RBA Deputy Gov Lowe Speaks,AUD,2007-09-27T11:30:00Z,None,,,,false,false
,GDP q/q,NZD,2007-09-27T18:45:00Z,High,0.5%,1.2%,0.7%,false,false
,FOMC Member Mishkin Speaks,USD,2007-09-27T19:00:00Z,None,,,,false,false
,Tokyo Core CPI y/y,JPY,2007-09-27T19:30:00Z,None,0.0%,0.0%,-0.1%,false,false
,Final Manufacturing PMI,JPY,2007-09-27T19:30:00Z,None,,49.6,49.8,false,false
,Household Spending y/y,JPY,2007-09-27T19:30:00Z,None,1.1%,-0.1%,1.6%,false,false
,National Core CPI y/y,JPY,2007-09-27T19:30:00Z,None,-0.1%,-0.1%,-0.1%,false,false
,Unemployment Rate,JPY,2007-09-27T19:30:00Z,None,3.6%,3.6%,3.6%,false,false
,Prelim Industrial Production m/m,JPY,2007-09-27T19:50:00Z,None,3.0%,-0.4%,3.4%,false,false
,Retail Sales y/y,JPY,2007-09-27T19:50:00Z,None,-0.5%,-2.3%,0.5%,false,false
,MI Inflation Gauge m/m,AUD,2007-09-27T20:00:00Z,None,,0.5%,0.2%,false,false
,Private Sector Credit m/m,AUD,2007-09-27T21:30:00Z,None,1.0%,1.1%,1.5%,false,false
,Housing Starts y/y,JPY,2007-09-28T01:00:00Z,None,-16.0%,-23.4%,-43.3%,false,false
,German Retail Sales m/m,EUR,2007-09-28T02:00:00Z,None,0.4%,0.6%,-1.4%,false,false
,Consumer Confidence,EUR,2007-09-28T05:00:00Z,None,-4,-4,-5,false,false
,CPI Flash Estimate y/y,EUR,2007-09-28T05:00:00Z,None,2.0%,1.7%,2.1%,false,false
,Italian Prelim CPI m/m,EUR,2007-09-28T05:00:00Z,None,0.1%,0.2%,0.0%,false,false
,GfK Consumer Confidence,GBP,2007-09-28T05:30:00Z,None,-5,-4,-7,false,false
,GDP m/m,CAD,2007-09-28T08:30:00Z,High,0.4%,0.2%,0.2%,false,false
,RMPI m/m,CAD,2007-09-28T08:30:00Z,None,-0.9%,4.0%,-2.8%,false,false
,IPPI m/m,CAD,2007-09-28T08:30:00Z,None,-0.5%,-0.7%,-1.0%,false,false
,Core PCE Price Index m/m,USD,2007-09-28T08:30:00Z,High,0.1%,0.1%,0.1%,false,false
,Personal Spending m/m,USD,2007-09-28T08:30:00Z,None,0.4%,0.4%,0.6%,false,false
,Personal Income m/m,USD,2007-09-28T08:30:00Z,None,0.4%,0.5%,0.3%,false,false
,Chicago PMI,USD,2007-09-28T09:45:00Z,None,53.5,53.8,54.2,false,false
,Revised UoM Inflation Expectations,USD,2007-09-28T10:00:00Z,None,,3.1%,3.1%,false,false
,Construction Spending m/m,USD,2007-09-28T10:00:00Z,None,-0.2%,-0.5%,0.2%,false,false
,Revised UoM Consumer Sentiment,USD,2007-09-28T10:00:00Z,None,83.9,83.8,83.4,false,false
,FOMC Member Mishkin Speaks,USD,2007-09-28T13:15:00Z,None,,,,false,false
,Daylight Saving Time Shift,NZD,2007-09-29T10:00:00Z,None,,,,false,false
,ECB President Trichet Speaks,EUR,2007-09-29T14:00:00Z,None,,,,false,false
,Bank Holiday,CNY,2007-09-30T00:00:00Z,None,,,,true,false
,Bank Holiday,AUD,2007-09-30T00:00:00Z,None,,,,true,false
,ECB President Trichet Speaks,EUR,2007-09-30T10:30:00Z,None,,,,false,false
,Tankan Manufacturing Index,JPY,2007-09-30T19:50:00Z,High,21,23,23,false,false
,Tankan Non-Manufacturing Index,JPY,2007-09-30T19:50:00Z,None,21,22,20,false,false
,Manufacturing PMI,CNY,2007-09-30T21:00:00Z,High,,54.0,56.1,false,false
,Average Cash Earnings y/y,JPY,2007-09-30T21:30:00Z,None,-0.2%,-1.7%,0.1%,false,false
,Bank Holiday,CNY,2007-10-01T00:00:00Z,None,,,,true,false
,Spanish Manufacturing PMI,EUR,2007-10-01T03:15:00Z,None,,52.2,50.8,false,false
,Manufacturing PMI,CHF,2007-10-01T03:30:00Z,None,63.2,65.1,57.6,false,false
,Italian Manufacturing PMI,EUR,2007-10-01T03:45:00Z,None,52.8,53.6,52.4,false,false
,Final Manufacturing PMI,EUR,2007-10-01T04:00:00Z,None,53.2,53.2,53.2,false,false
,ECB President Trichet Speaks,EUR,2007-10-01T04:08:00Z,None,,,,false,false
,Housing Equity Withdrawal q/q,GBP,2007-10-01T04:30:00Z,None,12.5B,13.1B,10.0B,false,false
,Mortgage Approvals,GBP,2007-10-01T04:30:00Z,None,111K,115K,109K,false,false
,Net Lending to Individuals m/m,GBP,2007-10-01T04:30:00Z,None,10.0B,10.0B,9.5B,false,false
,Final Manufacturing PMI,GBP,2007-10-01T04:30:00Z,None,55.5,56.1,55.1,false,false
,ISM Manufacturing PMI,USD,2007-10-01T10:00:00Z,High,52.8,52.9,52.0,false,false
,ISM Manufacturing Prices,USD,2007-10-01T10:00:00Z,None,62.0,63.0,59.0,false,false
,Gov Board Member Hildebrand Speaks,CHF,2007-10-01T12:00:00Z,None,,,,false,false
,AIG Manufacturing Index,AUD,2007-10-01T19:30:00Z,None,,52.4,50.7,false,false
,Monetary Base y/y,JPY,2007-10-01T19:50:00Z,None,0.2%,0.7%,0.7%,false,false
,RatingDog Manufacturing PMI,CNY,2007-10-01T22:30:00Z,None,,53.4,55.0,false,false
,10-y Bond Auction,JPY,2007-10-01T23:45:00Z,None,,1.65|2.8,1.68|2.7,false,false
,Bank Holiday,CNY,2007-10-02T00:00:00Z,None,,,,true,false
,Total Vehicle Sales,USD,2007-10-02T00:00:00Z,None,15.9M,16.3M,16.2M,true,false
,CPI m/m,CHF,2007-10-02T01:45:00Z,High,0.2%,-0.1%,0.1%,false,false
,SECO Economic Forecasts,CHF,2007-10-02T01:45:00Z,None,,,,false,false
,Commodity Prices y/y,AUD,2007-10-02T02:30:00Z,None,,1.9%,5.4%,false,false
,Spanish Unemployment Change,EUR,2007-10-02T03:00:00Z,None,,58.0K,-10.9K,false,false
,Construction PMI,GBP,2007-10-02T04:30:00Z,None,63.2,64.8,60.3,false,false
,PPI m/m,EUR,2007-10-02T05:00:00Z,None,0.1%,0.3%,0.1%,false,false
,Unemployment Rate,EUR,2007-10-02T05:00:00Z,None,6.9%,6.9%,6.9%,false,false
,Pending Home Sales m/m,USD,2007-10-02T10:00:00Z,High,-2.0%,-10.7%,-6.5%,false,false
,Nationwide Consumer Confidence,GBP,2007-10-02T19:01:00Z,None,91,94,99,false,false
,Cash Rate,AUD,2007-10-02T19:30:00Z,High,6.50%,6.50%,6.50%,false,false
,Non-Manufacturing PMI,CNY,2007-10-02T21:00:00Z,None,,63.2,64.6,false,false
,Goods Trade Balance,AUD,2007-10-02T21:30:00Z,High,-1.46B,-0.88B,-1.61B,false,false
,Retail Sales m/m,AUD,2007-10-02T21:30:00Z,High,0.3%,0.8%,0.7%,false,false
,German Bank Holiday,EUR,2007-10-03T00:00:00Z,None,,,,true,false
,Bank Holiday,CNY,2007-10-03T00:00:00Z,None,,,,true,false
,Italian Services PMI,EUR,2007-10-03T03:45:00Z,None,54.1,56.2,53.9,false,false
,Final Services PMI,EUR,2007-10-03T04:00:00Z,None,54.0,54.0,54.2,false,false
,Final Services PMI,GBP,2007-10-03T04:30:00Z,None,56.7,57.6,56.7,false,false
,Retail Sales m/m,EUR,2007-10-03T05:00:00Z,None,0.4%,0.4%,0.1%,false,false
,BRC Shop Price Index y/y,GBP,2007-10-03T05:30:00Z,None,,0.4%,0.4%,false,false
,Challenger Job Cuts y/y,USD,2007-10-03T07:30:00Z,None,,15.4%,21.7%,false,false
,ADP Non-Farm Employment Change,USD,2007-10-03T08:15:00Z,High,53K,27K,58K,false,false
,ISM Services PMI,USD,2007-10-03T10:00:00Z,High,55.0,55.8,54.8,false,false
,Crude Oil Inventories,USD,2007-10-03T10:30:00Z,None,-0.5M,1.8M,1.1M,false,false
,AIG Services Index,AUD,2007-10-03T19:30:00Z,None,,51.6,56.4,false,false
,Building Approvals m/m,AUD,2007-10-03T21:30:00Z,High,-0.5%,0.2%,-1.7%,false,false
,ANZ Commodity Prices m/m,NZD,2007-10-03T22:08:00Z,None,,1.4%,0.4%,false,false
,Gov Council Member Longworth Speaks,CAD,2007-10-03T22:25:00Z,None,,,,false,false
,Bank Holiday,CNY,2007-10-04T00:00:00Z,None,,,,true,false
,Foreign Currency Reserves,CHF,2007-10-04T03:00:00Z,None,,47B,49B,false,false
,Spanish Services PMI,EUR,2007-10-04T03:15:00Z,None,,53.5,52.4,false,false
,Lloyds HPI m/m,GBP,2007-10-04T04:00:00Z,High,0.4%,0.3%,-0.6%,false,false
,French 10-y Bond Auction,EUR,2007-10-04T06:01:00Z,None,,4.35|2.3,4.44|4.0,false,false
,Official Bank Rate,GBP,2007-10-04T07:00:00Z,High,5.75%,5.75%,5.75%,false,false
,Main Refinancing Rate,EUR,2007-10-04T07:45:00Z,None,4.00%,4.00%,4.00%,false,false
,Building Permits m/m,CAD,2007-10-04T08:30:00Z,None,1.5%,-10.6%,1.4%,false,false
,ECB Press Conference,EUR,2007-10-04T08:30:00Z,High,,,,false,false
,Unemployment Claims,USD,2007-10-04T08:30:00Z,None,310K,301K,317K,false,false
,Ivey PMI,CAD,2007-10-04T10:00:00Z,High,60.0,58.5,56.0,false,false
,Factory Orders m/m,USD,2007-10-04T10:00:00Z,None,-2.6%,3.4%,-3.3%,false,false
,Natural Gas Storage,USD,2007-10-04T10:30:00Z,None,64B,74B,57B,false,false
,FOMC Member Mishkin Speaks,USD,2007-10-04T11:30:00Z,None,,,,false,false
,Leading Indicators,JPY,2007-10-05T01:00:00Z,None,30.0%,72.7%,30.0%,false,false
,Employment Change,CAD,2007-10-05T07:00:00Z,High,16.5K,23.3K,51.1K,false,false
,Unemployment Rate,CAD,2007-10-05T07:00:00Z,High,6.1%,6.0%,5.9%,false,false
,Non-Farm Employment Change,USD,2007-10-05T08:30:00Z,High,100K,89K,110K,false,false
,Unemployment Rate,USD,2007-10-05T08:30:00Z,High,4.7%,4.6%,4.7%,false,false
,Average Hourly Earnings m/m,USD,2007-10-05T08:30:00Z,None,0.3%,0.3%,0.4%,false,false
,FOMC Member Kohn Speaks,USD,2007-10-05T09:10:00Z,None,,,,false,false
,President Bush Speaks,USD,2007-10-05T09:55:00Z,None,,,,false,false
,BOC Business Outlook Survey,CAD,2007-10-05T10:30:00Z,High,,,,false,false
,Consumer Credit m/m,USD,2007-10-05T15:00:00Z,None,10.0B,9.6B,12.2B,false,false
,Fed Chairman Warsh Speaks,USD,2007-10-05T19:00:00Z,None,,,,false,false
,Bank Holiday,JPY,2007-10-07T00:00:00Z,None,,,,true,false
,AIG Construction Index,AUD,2007-10-07T19:30:00Z,None,,48.4,55.2,false,false
,ANZ Job Advertisements m/m,AUD,2007-10-07T21:30:00Z,None,,0.1%,-0.4%,false,false
,Eurogroup Meetings,EUR,2007-10-08T00:00:00Z,None,,,,true,false
,Bank Holiday,CAD,2007-10-08T00:00:00Z,None,,,,true,false
,Bank Holiday,USD,2007-10-08T00:00:00Z,None,,,,true,false
,Unemployment Rate,CHF,2007-10-08T01:45:00Z,None,2.7%,2.7%,2.6%,false,false
,ECB President Trichet Speaks,EUR,2007-10-08T02:00:00Z,None,,,,false,false
,Sentix Investor Confidence,EUR,2007-10-08T04:30:00Z,None,14.0,18.1,15.3,false,false
,Manufacturing Production m/m,GBP,2007-10-08T04:30:00Z,High,0.4%,-0.2%,0.4%,false,false
,PPI Input m/m,GBP,2007-10-08T04:30:00Z,High,1.4%,-1.4%,3.2%,false,false
,Industrial Production m/m,GBP,2007-10-08T04:30:00Z,None,0.3%,-0.1%,0.1%,false,false
,PPI Output m/m,GBP,2007-10-08T04:30:00Z,None,0.2%,0.1%,0.1%,false,false
,German Factory Orders m/m,EUR,2007-10-08T06:00:00Z,None,2.1%,-6.1%,1.2%,false,false
,NZIER Business Confidence,NZD,2007-10-08T17:00:00Z,High,,-37,-27,false,false
,BRC Retail Sales Monitor y/y,GBP,2007-10-08T19:01:00Z,None,,1.8%,3.0%,false,false
,NIESR GDP Estimate,GBP,2007-10-08T19:01:00Z,None,,0.7%,0.7%,false,false
,NAB Business Confidence,AUD,2007-10-08T21:30:00Z,None,,10,7,false,false
,ECOFIN Meetings,EUR,2007-10-09T00:00:00Z,None,,,,true,false
,Economy Watchers Sentiment,JPY,2007-10-09T01:00:00Z,None,45.3,44.1,42.9,false,false
,German Trade Balance,EUR,2007-10-09T02:00:00Z,None,16.2B,16.5B,15.3B,false,false
,French Trade Balance,EUR,2007-10-09T02:45:00Z,None,-3.0B,-3.2B,-2.8B,false,false
,ECB President Trichet Speaks,EUR,2007-10-09T04:30:00Z,High,,,,false,false
,Goods Trade Balance,GBP,2007-10-09T04:30:00Z,None,-6.9B,-7.4B,-6.9B,false,false
,German Industrial Production m/m,EUR,2007-10-09T06:00:00Z,None,0.4%,0.2%,1.7%,false,false
,NFIB Small Business Index,USD,2007-10-09T07:30:00Z,None,,96.3,97.3,false,false
,Housing Starts,CAD,2007-10-09T08:15:00Z,High,220K,233K,278K,false,false
,RCM/TIPP Economic Optimism,USD,2007-10-09T10:00:00Z,None,48.7,48.2,47.3,false,false
,Annual Pre-Budget Report,GBP,2007-10-09T10:30:00Z,None,,,,false,false
,FOMC Meeting Minutes,USD,2007-10-09T14:00:00Z,High,,,,false,false
,BOE Gov King Speaks,GBP,2007-10-09T15:10:00Z,None,,,,false,false
,Westpac Consumer Sentiment,AUD,2007-10-09T20:30:00Z,None,,4.2%,-0.3%,false,false
,Home Loans m/m,AUD,2007-10-09T21:30:00Z,None,1.0%,-4.3%,1.6%,false,false
,Prelim Machine Tool Orders y/y,JPY,2007-10-10T02:00:00Z,None,,12.6%,15.9%,false,false
,French Industrial Production m/m,EUR,2007-10-10T02:45:00Z,None,-0.3%,1.7%,0.3%,false,false
,French Gov Budget Balance,EUR,2007-10-10T02:45:00Z,None,,-47.4B,-63.2B,false,false
,Italian Industrial Production m/m,EUR,2007-10-10T04:00:00Z,None,0.5%,0.3%,1.3%,false,false
,Final Wholesale Inventories m/m,USD,2007-10-10T10:00:00Z,None,0.2%,0.2%,0.1%,false,false
,JOLTS Job Openings,USD,2007-10-10T10:00:00Z,None,,4.19M,4.15M,false,false
,CB Leading Index m/m,GBP,2007-10-10T10:30:00Z,None,,-0.2%,-0.2%,false,false
,BusinessNZ Manufacturing Index,NZD,2007-10-10T19:00:00Z,None,,55.7,54.6,false,false
,RICS House Price Balance,GBP,2007-10-10T19:01:00Z,None,-3%,-3%,-15%,false,false
,Core Machinery Orders m/m,JPY,2007-10-10T19:50:00Z,None,-5.5%,17.0%,-7.7%,false,false
,Bank Lending y/y,JPY,2007-10-10T19:50:00Z,None,,0.5%,0.6%,false,false
,Current Account,JPY,2007-10-10T19:50:00Z,None,2.24T,1.75T,2.19T,false,false
,M2 Money Stock y/y,JPY,2007-10-10T19:50:00Z,None,1.8%,1.8%,1.7%,false,false
,MI Inflation Expectations,AUD,2007-10-10T21:00:00Z,None,,3.1%,4.6%,false,false
,Employment Change,AUD,2007-10-10T21:30:00Z,High,20.0K,34.3K,13.0K,false,false
,Unemployment Rate,AUD,2007-10-10T21:30:00Z,None,4.3%,4.3%,4.2%,false,false
,Overnight Call Rate,JPY,2007-10-11T00:30:00Z,None,0.50%,0.50%,0.50%,false,false
,German WPI m/m,EUR,2007-10-11T02:00:00Z,None,0.2%,0.5%,0.9%,false,false
,BOJ Monthly Report,JPY,2007-10-11T02:00:00Z,None,,,,false,false
,BOJ Press Conference,JPY,2007-10-11T03:26:00Z,High,,,,false,false
,ECB Monthly Bulletin,EUR,2007-10-11T04:00:00Z,None,,,,false,false
,ECB President Trichet Speaks,EUR,2007-10-11T05:15:00Z,None,,,,false,false
,Final GDP q/q,EUR,2007-10-11T06:00:00Z,None,0.3%,0.3%,0.3%,false,false
,Trade Balance,CAD,2007-10-11T08:30:00Z,High,3.9B,3.4B,4.1B,false,false
,NHPI m/m,CAD,2007-10-11T08:30:00Z,None,0.5%,0.9%,0.4%,false,false
,Trade Balance,USD,2007-10-11T08:30:00Z,High,-58.8B,-59.2B,-57.6B,false,false
,Import Prices m/m,USD,2007-10-11T08:30:00Z,None,1.0%,-0.3%,1.0%,false,false
,Unemployment Claims,USD,2007-10-11T08:30:00Z,None,315K,320K,308K,false,false
,Crude Oil Inventories,USD,2007-10-11T10:30:00Z,None,1.1M,1.1M,-1.7M,false,false
,Natural Gas Storage,USD,2007-10-11T10:30:00Z,None,70B,57B,73B,false,false
,FOMC Member Kroszner Speaks,USD,2007-10-11T10:45:00Z,None,,,,false,false
,Federal Budget Balance,USD,2007-10-11T12:00:00Z,None,100.0B,-117.0B,111.6B,false,false
,Core Retail Sales m/m,NZD,2007-10-11T17:45:00Z,High,0.5%,-0.1%,0.8%,false,false
,Retail Sales m/m,NZD,2007-10-11T17:45:00Z,High,0.4%,0.1%,0.2%,false,false
,PPI y/y,JPY,2007-10-11T19:50:00Z,None,1.9%,2.0%,1.7%,false,false
,New Loans,CNY,2007-10-11T22:00:00Z,None,,303B,284B,false,false
,M2 Money Supply y/y,CNY,2007-10-11T22:00:00Z,None,18.3%,18.1%,18.5%,false,false
,USD-Denominated Trade Balance,CNY,2007-10-11T23:30:00Z,High,21.6B,25.0B,23.9B,false,false
,Consumer Confidence,JPY,2007-10-12T01:00:00Z,None,44.5,44.0,44.1,false,false
,French Final CPI m/m,EUR,2007-10-12T02:40:00Z,None,0.2%,0.4%,0.1%,false,false
,Foreign Direct Investment ytd/y,CNY,2007-10-12T04:45:00Z,None,,12.8%,10.9%,false,false
,Industrial Production m/m,EUR,2007-10-12T05:00:00Z,None,0.3%,0.7%,1.2%,false,false
,Core Retail Sales m/m,USD,2007-10-12T08:30:00Z,High,0.3%,-0.4%,0.4%,false,false
,PPI m/m,USD,2007-10-12T08:30:00Z,High,0.5%,-1.4%,1.1%,false,false
,Retail Sales m/m,USD,2007-10-12T08:30:00Z,High,0.3%,0.3%,0.6%,false,false
,Core PPI m/m,USD,2007-10-12T08:30:00Z,None,0.2%,0.2%,0.1%,false,false
,Fed Chairman Bernanke Speaks,USD,2007-10-12T09:10:00Z,None,,,,false,false
,FOMC Member Kohn Speaks,USD,2007-10-12T09:30:00Z,None,,,,false,false
,Prelim UoM Consumer Sentiment,USD,2007-10-12T10:00:00Z,High,84.0,83.4,82.0,false,false
,Business Inventories m/m,USD,2007-10-12T10:00:00Z,None,0.3%,0.5%,0.1%,false,false
,Prelim UoM Inflation Expectations,USD,2007-10-12T10:00:00Z,None,,3.1%,3.0%,false,false
,CPI q/q,NZD,2007-10-14T17:45:00Z,High,0.8%,1.0%,0.5%,false,false
,FPI m/m,NZD,2007-10-14T17:45:00Z,None,,-0.1%,0.4%,false,false
,Rightmove HPI m/m,GBP,2007-10-14T19:01:00Z,None,,-2.6%,2.7%,false,false
,Revised Industrial Production m/m,JPY,2007-10-15T00:30:00Z,None,3.4%,3.4%,3.5%,false,false
,ONS HPI y/y,GBP,2007-10-15T04:50:00Z,None,11.4%,12.4%,11.4%,false,false
,Leading Index m/m,CAD,2007-10-15T08:30:00Z,None,0.3%,0.3%,0.4%,false,false
,New Motor Vehicle Sales m/m,CAD,2007-10-15T08:30:00Z,None,2.9%,-2.4%,2.8%,false,false
,Empire State Manufacturing Index,USD,2007-10-15T08:30:00Z,None,13.0,14.7,28.8,false,false
,BOE Gov King Speaks,GBP,2007-10-15T13:30:00Z,None,,,,false,false
,Fed Chairman Bernanke Speaks,USD,2007-10-15T19:00:00Z,High,,,,false,false
,30-y Bond Auction,JPY,2007-10-15T23:45:00Z,None,,2.58|3.2,2.49|3.8,false,false
,German Final CPI m/m,EUR,2007-10-16T02:00:00Z,None,0.2%,0.2%,0.1%,false,false
,Retail Sales y/y,CHF,2007-10-16T03:15:00Z,High,2.9%,3.3%,3.8%,false,false
,CPI y/y,GBP,2007-10-16T04:30:00Z,High,1.9%,1.8%,1.8%,false,false
,Core CPI y/y,GBP,2007-10-16T04:30:00Z,None,1.8%,1.8%,1.5%,false,false
,RPI y/y,GBP,2007-10-16T04:30:00Z,None,4.0%,4.1%,3.9%,false,false
,Final CPI y/y,EUR,2007-10-16T05:00:00Z,None,2.1%,2.1%,2.1%,false,false
,German ZEW Economic Sentiment,EUR,2007-10-16T05:00:00Z,None,-22.0,-18.1,-18.1,false,false
,Final Core CPI y/y,EUR,2007-10-16T05:00:00Z,None,1.9%,1.9%,1.8%,false,false
,ZEW Economic Sentiment,EUR,2007-10-16T05:00:00Z,None,-24.5,-20.3,-19.0,false,false
,Manufacturing Sales m/m,CAD,2007-10-16T08:30:00Z,None,-0.9%,1.3%,-1.7%,false,false
,BOC Rate Statement,CAD,2007-10-16T09:00:00Z,High,,,,false,false
,Overnight Rate,CAD,2007-10-16T09:00:00Z,High,4.50%,4.50%,4.50%,false,false
,TIC Long-Term Purchases,USD,2007-10-16T09:00:00Z,High,60.0B,19.5B,-69.3B,false,false
,Capacity Utilization Rate,USD,2007-10-16T09:15:00Z,None,82.2%,82.1%,82.1%,false,false
,Industrial Production m/m,USD,2007-10-16T09:15:00Z,None,0.1%,0.0%,0.1%,false,false
,Treasury Sec Paulson Speaks,USD,2007-10-16T11:00:00Z,None,,,,false,false
,NAHB Housing Market Index,USD,2007-10-16T13:00:00Z,None,19,20,18,false,false
,Tertiary Industry Activity m/m,JPY,2007-10-16T19:50:00Z,None,1.0%,-0.4%,1.3%,false,false
,MI Leading Index m/m,AUD,2007-10-16T20:30:00Z,None,,0.4%,0.6%,false,false
,Mid-Year Economic and Fiscal Outlook,AUD,2007-10-16T22:30:00Z,None,,,,false,false
,Average Earnings Index 3m/y,GBP,2007-10-17T04:30:00Z,High,3.6%,3.5%,3.7%,false,false
,MPC Official Bank Rate Votes,GBP,2007-10-17T04:30:00Z,High,0-0-9,0-0-9,0-1-8,false,false
,Claimant Count Change,GBP,2007-10-17T04:30:00Z,None,-4.0K,-8.5K,-12.8K,false,false
,Unemployment Rate,GBP,2007-10-17T04:30:00Z,None,5.4%,5.4%,5.4%,false,false
,Wholesale Sales m/m,CAD,2007-10-17T08:30:00Z,None,-0.5%,1.8%,-2.0%,false,false
,Core CPI m/m,USD,2007-10-17T08:30:00Z,High,0.2%,0.2%,0.2%,false,false
,Core CPI y/y,USD,2007-10-17T08:30:00Z,High,2.1%,2.1%,2.1%,false,false
,CPI y/y,USD,2007-10-17T08:30:00Z,High,2.7%,2.0%,2.8%,false,false
,Building Permits,USD,2007-10-17T08:30:00Z,None,1.29M,1.32M,1.23M,false,false
,CPI m/m,USD,2007-10-17T08:30:00Z,None,0.2%,-0.1%,0.3%,false,false
,Housing Starts,USD,2007-10-17T08:30:00Z,None,1.28M,1.33M,1.19M,false,false
,Crude Oil Inventories,USD,2007-10-17T10:30:00Z,None,0.8M,-1.7M,1.8M,false,false
,Beige Book,USD,2007-10-17T14:00:00Z,None,,,,false,false
,RBA Bulletin,AUD,2007-10-17T21:30:00Z,None,,,,false,false
,Trade Balance,CHF,2007-10-18T02:15:00Z,None,1.80B,0.59B,1.80B,false,false
,Retail Sales m/m,GBP,2007-10-18T04:30:00Z,High,0.1%,0.7%,0.6%,false,false
,M4 Money Supply m/m,GBP,2007-10-18T04:30:00Z,None,1.0%,1.3%,1.0%,false,false
,Public Sector Net Borrowing,GBP,2007-10-18T04:30:00Z,None,6.0B,8.8B,6.9B,false,false
,UBS Economic Expectations,CHF,2007-10-18T05:00:00Z,None,,-26.7,-16.0,false,false
,Trade Balance,EUR,2007-10-18T05:00:00Z,None,0.2B,0.8B,4.3B,false,false
,Foreign Securities Purchases,CAD,2007-10-18T08:30:00Z,None,2.32B,-0.75B,-3.83B,false,false
,Unemployment Claims,USD,2007-10-18T08:30:00Z,None,315K,309K,337K,false,false
,CB Leading Index m/m,USD,2007-10-18T10:00:00Z,None,0.3%,-0.8%,0.3%,false,false
,BOC Monetary Policy Report,CAD,2007-10-18T10:30:00Z,High,,,,false,false
,Natural Gas Storage,USD,2007-10-18T10:30:00Z,None,50B,73B,39B,false,false
,BOC Press Conference,CAD,2007-10-18T11:15:00Z,High,,,,false,false
,Philly Fed Manufacturing Index,USD,2007-10-18T12:00:00Z,None,7.2,10.9,6.8,false,false
,ECB President Trichet Speaks,EUR,2007-10-18T17:00:00Z,None,,,,false,false
,Fed Chairman Bernanke Speaks,USD,2007-10-18T17:00:00Z,None,,,,false,false
,Visitor Arrivals m/m,NZD,2007-10-18T17:45:00Z,None,,3.8%,-3.2%,false,false
,All Industries Activity m/m,JPY,2007-10-18T19:50:00Z,None,1.1%,-0.2%,1.0%,false,false
,Import Prices q/q,AUD,2007-10-18T21:30:00Z,None,-1.0%,0.1%,-0.8%,false,false
,New Motor Vehicle Sales m/m,AUD,2007-10-18T21:30:00Z,None,,-1.8%,1.8%,false,false
,Credit Card Spending y/y,NZD,2007-10-18T22:00:00Z,None,,8.5%,9.5%,false,false
,G7 Meetings,All,2007-10-19T00:00:00Z,None,,,,false,false
,German PPI m/m,EUR,2007-10-19T02:00:00Z,None,0.3%,0.1%,0.2%,false,false
,Prelim GDP q/q,GBP,2007-10-19T04:30:00Z,High,0.7%,0.8%,0.8%,false,false
,Index of Services 3m/3m,GBP,2007-10-19T04:30:00Z,None,0.9%,1.0%,1.0%,false,false
,Italian Trade Balance,EUR,2007-10-19T05:00:00Z,None,0.04B,1.81B,-0.65B,false,false
,CPI m/m,CAD,2007-10-19T07:00:00Z,None,0.2%,-0.3%,0.2%,false,false
,Core CPI m/m,CAD,2007-10-19T07:00:00Z,High,0.2%,0.1%,0.4%,false,false
,Fed Chairman Bernanke Speaks,USD,2007-10-19T10:00:00Z,High,,,,false,false
,G7 Meetings,All,2007-10-20T00:00:00Z,High,,,,false,false
,IMF Meetings,All,2007-10-20T00:00:00Z,None,,,,false,false
,Gov Council Member Jenkins Speaks,CAD,2007-10-20T08:30:00Z,None,,,,false,false
,FOMC Member Mishkin Speaks,USD,2007-10-20T13:00:00Z,None,,,,false,false
,ECB President Trichet Speaks,EUR,2007-10-20T21:00:00Z,None,,,,false,false
,Bank Holiday,NZD,2007-10-21T00:00:00Z,None,,,,true,false
,IMF Meetings,All,2007-10-21T00:00:00Z,None,,,,false,false
,PPI q/q,AUD,2007-10-21T21:30:00Z,High,0.9%,1.0%,1.1%,false,false
,IMF Meetings,All,2007-10-22T00:00:00Z,None,,,,false,false
,German Buba Monthly Report,EUR,2007-10-22T06:00:00Z,None,,,,false,false
,FOMC Member Kroszner Speaks,USD,2007-10-22T08:15:00Z,None,,,,false,false
,FOMC Member Evans Speaks,USD,2007-10-22T19:00:00Z,None,,,,false,false
,ECB President Trichet Speaks,EUR,2007-10-22T20:45:00Z,None,,,,false,false
,French Consumer Spending m/m,EUR,2007-10-23T02:45:00Z,None,-0.4%,0.7%,0.1%,false,false
,Italian Retail Sales m/m,EUR,2007-10-23T04:00:00Z,None,0.1%,0.0%,0.2%,false,false
,Industrial New Orders m/m,EUR,2007-10-23T05:00:00Z,None,0.8%,-2.6%,0.3%,false,false
,CBI Industrial Order Expectations,GBP,2007-10-23T06:00:00Z,None,4,6,-6,false,false
,MPC Member Barker Speaks,GBP,2007-10-23T07:45:00Z,None,,,,false,false
,Core Retail Sales m/m,CAD,2007-10-23T08:30:00Z,High,0.3%,-0.4%,0.3%,false,false
,Retail Sales m/m,CAD,2007-10-23T08:30:00Z,None,0.5%,-0.9%,0.7%,false,false
,Treasury Sec Paulson Speaks,USD,2007-10-23T08:30:00Z,None,,,,false,false
,Richmond Manufacturing Index,USD,2007-10-23T10:00:00Z,None,7,14,-5,false,false
,Trade Balance,JPY,2007-10-23T19:50:00Z,None,0.93T,1.13T,1.03T,false,false
,CPI m/m,AUD,2007-10-23T21:30:00Z,High,0.9%,1.2%,0.7%,false,false
,Trimmed Mean CPI m/m,AUD,2007-10-23T21:30:00Z,None,0.8%,0.9%,0.9%,false,false
,Flash Manufacturing PMI,EUR,2007-10-24T04:00:00Z,None,53.0,53.2,51.5,false,false
,Current Account,EUR,2007-10-24T04:00:00Z,None,2.0B,3.8B,3.8B,false,false
,Flash Services PMI,EUR,2007-10-24T04:00:00Z,None,54.5,54.2,55.6,false,false
,Belgian NBB Business Climate,EUR,2007-10-24T10:00:00Z,None,1.3,1.5,-0.1,false,false
,Existing Home Sales,USD,2007-10-24T10:00:00Z,High,5.25M,5.48M,5.04M,false,false
,FOMC Member Kroszner Speaks,USD,2007-10-24T10:00:00Z,High,,,,false,false
,Crude Oil Inventories,USD,2007-10-24T10:30:00Z,None,1.0M,1.8M,-5.3M,false,false
,ECB President Trichet Speaks,EUR,2007-10-24T12:00:00Z,None,,,,false,false
,Official Cash Rate,NZD,2007-10-24T16:00:00Z,High,8.25%,8.25%,8.25%,false,false
,RBNZ Rate Statement,NZD,2007-10-24T16:00:00Z,High,,,,false,false
,BOE Financial Stability Report,GBP,2007-10-24T19:01:00Z,None,,,,false,false
,SPPI y/y,JPY,2007-10-24T19:50:00Z,None,1.0%,1.0%,1.4%,false,false
,GDP q/y,CNY,2007-10-24T22:00:00Z,High,11.5%,11.9%,11.5%,false,false
,Industrial Production y/y,CNY,2007-10-24T22:00:00Z,High,17.4%,17.5%,18.9%,false,false
,CPI y/y,CNY,2007-10-24T22:00:00Z,None,6.4%,6.5%,6.2%,false,false
,Fixed Asset Investment ytd/y,CNY,2007-10-24T22:00:00Z,None,26.6%,26.7%,26.4%,false,false
,NBS Press Conference,CNY,2007-10-24T22:00:00Z,None,,,,false,false
,PPI y/y,CNY,2007-10-24T22:00:00Z,None,2.7%,2.6%,2.7%,false,false
,Retail Sales y/y,CNY,2007-10-24T22:00:00Z,None,17.2%,17.1%,17.0%,false,false
,German Import Prices m/m,EUR,2007-10-25T02:00:00Z,None,0.4%,-0.7%,0.6%,false,false
,German ifo Business Climate,EUR,2007-10-25T04:00:00Z,High,103.7,104.2,103.9,false,false
,High Street Lending,GBP,2007-10-25T04:30:00Z,None,,61.1K,52.7K,false,false
,Core Durable Goods Orders m/m,USD,2007-10-25T08:30:00Z,High,0.7%,0.1%,0.3%,false,false
,Durable Goods Orders m/m,USD,2007-10-25T08:30:00Z,None,1.6%,-5.3%,-1.7%,false,false
,Unemployment Claims,USD,2007-10-25T08:30:00Z,None,320K,339K,331K,false,false
,New Home Sales,USD,2007-10-25T10:00:00Z,High,770K,735K,770K,false,false
,Natural Gas Storage,USD,2007-10-25T10:30:00Z,None,54B,39B,68B,false,false
,Gov Board Member Hildebrand Speaks,CHF,2007-10-25T12:00:00Z,None,,,,false,false
,Tokyo Core CPI y/y,JPY,2007-10-25T19:30:00Z,None,0.0%,-0.1%,0.0%,false,false
,National Core CPI y/y,JPY,2007-10-25T19:30:00Z,None,-0.1%,-0.1%,-0.1%,false,false
,Prelim Industrial Production m/m,JPY,2007-10-25T19:50:00Z,None,-1.3%,3.5%,-1.4%,false,false
,CB Leading Index m/m,AUD,2007-10-25T20:00:00Z,None,,0.4%,0.7%,false,false
,German GfK Consumer Climate,EUR,2007-10-26T02:00:00Z,None,6.6,6.7,4.9,false,false
,PPI m/m,CHF,2007-10-26T03:15:00Z,None,0.3%,0.3%,-0.3%,false,false
,M3 Money Supply y/y,EUR,2007-10-26T04:00:00Z,None,11.5%,11.6%,11.3%,false,false
,Private Loans y/y,EUR,2007-10-26T04:00:00Z,None,11.1%,11.2%,11.0%,false,false
,Spanish Unemployment Rate,EUR,2007-10-26T04:00:00Z,None,8.0%,8.0%,8.0%,false,false
,Revised UoM Consumer Sentiment,USD,2007-10-26T10:00:00Z,None,82.0,82.0,80.9,false,false
,Revised UoM Inflation Expectations,USD,2007-10-26T10:00:00Z,None,,3.0%,3.1%,false,false
,FOMC Member Mishkin Speaks,USD,2007-10-26T16:15:00Z,None,,,,false,false
,Daylight Saving Time Shift,AUD,2007-10-27T12:00:00Z,None,,,,false,false
,Daylight Saving Time Shift,EUR,2007-10-27T22:00:00Z,None,,,,false,false
,Daylight Saving Time Shift,GBP,2007-10-27T22:00:00Z,None,,,,false,false
,Daylight Saving Time Shift,CHF,2007-10-27T22:00:00Z,None,,,,false,false
,Trade Balance,NZD,2007-10-28T17:45:00Z,High,-712M,-946M,-544M,false,false
,Retail Sales y/y,JPY,2007-10-28T19:50:00Z,None,-0.6%,0.5%,0.5%,false,false
,NAB Quarterly Business Confidence,AUD,2007-10-28T20:30:00Z,None,,12,9,false,false
,Mortgage Approvals,GBP,2007-10-29T05:30:00Z,None,103K,108K,102K,false,false
,Net Lending to Individuals m/m,GBP,2007-10-29T05:30:00Z,None,9.3B,9.6B,11.2B,false,false
,Building Consents m/m,NZD,2007-10-29T17:45:00Z,None,,5.2%,-8.3%,false,false
,Household Spending y/y,JPY,2007-10-29T19:30:00Z,None,1.2%,1.6%,3.2%,false,false
,Unemployment Rate,JPY,2007-10-29T19:30:00Z,None,3.8%,3.8%,4.0%,false,false
,German Prelim CPI m/m,EUR,2007-10-30T00:00:00Z,None,0.1%,0.1%,0.2%,true,false
,Retail PMI,EUR,2007-10-30T04:00:00Z,None,,50.5,47.9,false,false
,German Unemployment Change,EUR,2007-10-30T04:55:00Z,None,-42K,-59K,-39K,false,false
,UBS Consumption Indicator,CHF,2007-10-30T05:00:00Z,None,,1.95,1.99,false,false
,Italian 10-y Bond Auction,EUR,2007-10-30T07:17:00Z,None,,4.66|1.4,4.47|1.5,false,false
,RMPI m/m,CAD,2007-10-30T08:30:00Z,None,0.7%,-2.9%,-0.9%,false,false
,IPPI m/m,CAD,2007-10-30T08:30:00Z,None,-0.3%,-0.9%,-0.9%,false,false
,S&P/CS Composite-20 HPI y/y,USD,2007-10-30T09:00:00Z,None,-4.2%,-3.8%,-4.4%,false,false
,CB Consumer Confidence,USD,2007-10-30T10:00:00Z,High,99.0,99.5,95.6,false,false
,MPC Member Blanchflower Speaks,GBP,2007-10-30T14:00:00Z,None,,,,false,false
,Final Manufacturing PMI,JPY,2007-10-30T19:15:00Z,None,,49.8,49.5,false,false
,HIA New Home Sales m/m,AUD,2007-10-30T20:10:00Z,None,,-8.6%,9.9%,false,false
,Building Approvals m/m,AUD,2007-10-30T20:30:00Z,High,0.9%,-1.8%,6.8%,false,false
,Private Sector Credit m/m,AUD,2007-10-30T20:30:00Z,None,1.0%,1.4%,1.2%,false,false
,Average Cash Earnings y/y,JPY,2007-10-30T21:30:00Z,None,0.2%,0.6%,-0.5%,false,false
,ANZ Business Confidence,NZD,2007-10-30T22:00:00Z,None,,-26.5,-12.9,false,false
,Overnight Call Rate,JPY,2007-10-30T23:43:00Z,None,0.50%,0.50%,0.50%,false,false
,Housing Starts y/y,JPY,2007-10-31T01:00:00Z,None,-32.0%,-43.3%,-44.0%,false,false
,BOJ Outlook Report,JPY,2007-10-31T02:00:00Z,None,,,,false,false
,German Retail Sales m/m,EUR,2007-10-31T03:00:00Z,None,0.8%,-1.6%,2.3%,false,false
,Nationwide HPI m/m,GBP,2007-10-31T03:00:00Z,None,0.2%,0.7%,1.1%,false,false
,BOJ Press Conference,JPY,2007-10-31T03:27:00Z,High,,,,false,false
,CPI Flash Estimate y/y,EUR,2007-10-31T06:00:00Z,None,2.3%,2.1%,2.6%,false,false
,Consumer Confidence,EUR,2007-10-31T06:00:00Z,None,-5,-6,-6,false,false
,Italian Prelim CPI m/m,EUR,2007-10-31T06:00:00Z,None,0.1%,0.0%,0.4%,false,false
,Unemployment Rate,EUR,2007-10-31T06:00:00Z,None,6.9%,7.4%,7.3%,false,false
,KOF Economic Barometer,CHF,2007-10-31T06:30:00Z,None,2.10,2.04,2.02,false,false
,SNB Chairman Roth Speaks,CHF,2007-10-31T06:30:00Z,None,,,,false,false
,GfK Consumer Confidence,GBP,2007-10-31T06:30:00Z,None,-7,-7,-8,false,false
,ADP Non-Farm Employment Change,USD,2007-10-31T08:15:00Z,None,60K,61K,106K,false,false
,GDP m/m,CAD,2007-10-31T08:30:00Z,High,0.1%,0.2%,0.2%,false,false
,Advance GDP q/q,USD,2007-10-31T08:30:00Z,High,3.1%,3.8%,3.9%,false,false
,Advance GDP Price Index q/q,USD,2007-10-31T08:30:00Z,None,2.0%,2.6%,0.8%,false,false
,Employment Cost Index q/q,USD,2007-10-31T08:30:00Z,None,0.9%,0.9%,0.8%,false,false
,Chicago PMI,USD,2007-10-31T09:45:00Z,None,53.0,54.2,49.7,false,false
,Construction Spending m/m,USD,2007-10-31T10:00:00Z,None,-0.4%,-0.2%,0.3%,false,false
,Crude Oil Inventories,USD,2007-10-31T10:30:00Z,None,0.4M,-5.3M,-3.9M,false,false
,Federal Funds Rate,USD,2007-10-31T14:15:00Z,High,4.50%,4.75%,4.50%,false,false
,FOMC Statement,USD,2007-10-31T14:15:00Z,High,,,,false,false
,MPC Member Bean Speaks,GBP,2007-10-31T15:00:00Z,None,,,,false,false
,AIG Manufacturing Index,AUD,2007-10-31T18:30:00Z,None,,50.7,53.3,false,false
,Goods Trade Balance,AUD,2007-10-31T20:30:00Z,High,-1.09B,-1.67B,-1.86B,false,false
,Retail Sales m/m,AUD,2007-10-31T20:30:00Z,High,0.5%,0.8%,0.8%,false,false
,Manufacturing PMI,CNY,2007-10-31T21:00:00Z,High,,56.1,53.2,false,false
,RatingDog Manufacturing PMI,CNY,2007-10-31T22:30:00Z,None,,55.0,55.2,false,false
,10-y Bond Auction,JPY,2007-10-31T23:45:00Z,None,,1.68|2.7,1.66|3.1,false,false
,Total Vehicle Sales,USD,2007-11-01T00:00:00Z,None,16.0M,16.2M,16.1M,true,false
,French Bank Holiday,EUR,2007-11-01T00:00:00Z,None,,,,true,false
,Italian Bank Holiday,EUR,2007-11-01T00:00:00Z,None,,,,true,false
,Commodity Prices y/y,AUD,2007-11-01T01:30:00Z,None,,6.3%,6.0%,false,false
,Manufacturing PMI,CHF,2007-11-01T04:30:00Z,None,58.0,57.6,60.7,false,false
,Final Manufacturing PMI,GBP,2007-11-01T05:30:00Z,None,54.5,54.7,52.9,false,false
,CBI Realized Sales,GBP,2007-11-01T07:00:00Z,None,10,12,10,false,false
,Challenger Job Cuts y/y,USD,2007-11-01T07:30:00Z,None,,21.7%,-28.5%,false,false
,10-y Bond Auction,GBP,2007-11-01T07:38:00Z,None,,5.23|1.7,4.99|1.9,false,false
,Personal Spending m/m,USD,2007-11-01T08:30:00Z,None,0.4%,0.5%,0.3%,false,false
,Unemployment Claims,USD,2007-11-01T08:30:00Z,None,330K,333K,327K,false,false
,Personal Income m/m,USD,2007-11-01T08:30:00Z,None,0.4%,0.4%,0.4%,false,false
,Core PCE Price Index m/m,USD,2007-11-01T08:30:00Z,High,0.2%,0.1%,0.2%,false,false
,ISM Manufacturing PMI,USD,2007-11-01T10:00:00Z,High,51.7,52.0,50.9,false,false
,ISM Manufacturing Prices,USD,2007-11-01T10:00:00Z,None,63.0,59.0,63.0,false,false
,Natural Gas Storage,USD,2007-11-01T10:30:00Z,None,59B,68B,66B,false,false
,Gov Board Member Jordan Speaks,CHF,2007-11-01T13:00:00Z,None,,,,false,false
,Monetary Base y/y,JPY,2007-11-01T19:50:00Z,None,0.6%,0.7%,0.5%,false,false
,CPI m/m,CHF,2007-11-02T02:45:00Z,High,0.8%,0.1%,0.9%,false,false
,Spanish Manufacturing PMI,EUR,2007-11-02T04:15:00Z,None,,50.8,49.6,false,false
,Italian Manufacturing PMI,EUR,2007-11-02T04:45:00Z,None,52.1,52.4,51.3,false,false
,Final Manufacturing PMI,EUR,2007-11-02T05:00:00Z,None,51.5,51.5,51.5,false,false
,Construction PMI,GBP,2007-11-02T05:30:00Z,None,59.5,60.3,57.4,false,false
,Employment Change,CAD,2007-11-02T07:00:00Z,High,12.0K,51.1K,63.0K,false,false
,Unemployment Rate,CAD,2007-11-02T07:00:00Z,High,5.9%,5.9%,5.8%,false,false
,Non-Farm Employment Change,USD,2007-11-02T08:30:00Z,High,82K,96K,166K,false,false
,Unemployment Rate,USD,2007-11-02T08:30:00Z,High,4.7%,4.7%,4.7%,false,false
,Average Hourly Earnings m/m,USD,2007-11-02T08:30:00Z,None,0.3%,0.3%,0.2%,false,false
,Factory Orders m/m,USD,2007-11-02T10:00:00Z,None,-0.5%,-3.5%,0.2%,false,false
,Non-Manufacturing PMI,CNY,2007-11-02T21:00:00Z,None,,64.6,65.0,false,false
,Bank Holiday,JPY,2007-11-04T00:00:00Z,None,,,,true,false
,Daylight Saving Time Shift,CAD,2007-11-04T02:00:00Z,None,,,,false,false
,Daylight Saving Time Shift,USD,2007-11-04T02:00:00Z,None,,,,false,false
,Labor Cost Index q/q,NZD,2007-11-04T16:45:00Z,High,0.8%,0.7%,0.9%,false,false
,AIG Services Index,AUD,2007-11-04T17:30:00Z,None,,56.4,53.2,false,false
,MI Inflation Gauge m/m,AUD,2007-11-04T18:30:00Z,None,,0.2%,0.3%,false,false
,Monetary Policy Meeting Minutes,JPY,2007-11-04T18:50:00Z,None,,,,false,false
,ANZ Job Advertisements m/m,AUD,2007-11-04T19:30:00Z,None,,-0.4%,2.7%,false,false
,Spanish Unemployment Change,EUR,2007-11-05T03:00:00Z,None,,-10.9K,31.2K,false,false
,Sentix Investor Confidence,EUR,2007-11-05T04:30:00Z,None,12.5,15.3,14.0,false,false
,Manufacturing Production m/m,GBP,2007-11-05T04:30:00Z,High,0.1%,0.5%,-0.6%,false,false
,Final Services PMI,GBP,2007-11-05T04:30:00Z,None,56.0,56.7,53.1,false,false
,Industrial Production m/m,GBP,2007-11-05T04:30:00Z,None,0.2%,0.1%,-0.4%,false,false
,FOMC Member Mishkin Speaks,USD,2007-11-05T09:00:00Z,None,,,,false,false
,ISM Services PMI,USD,2007-11-05T10:00:00Z,High,54.0,54.8,55.8,false,false
,FOMC Member Kroszner Speaks,USD,2007-11-05T13:00:00Z,None,,,,false,false
,Loan Officer Survey,USD,2007-11-05T14:00:00Z,None,,,,false,false
,FOMC Member Kroszner Speaks,USD,2007-11-05T16:30:00Z,None,,,,false,false
,BRC Retail Sales Monitor y/y,GBP,2007-11-05T19:01:00Z,None,,3.0%,1.0%,false,false
,NIESR GDP Estimate,GBP,2007-11-05T19:01:00Z,None,,0.8%,0.7%,false,false
,ANZ Commodity Prices m/m,NZD,2007-11-05T21:00:00Z,None,,0.4%,1.8%,false,false
,Leading Indicators,JPY,2007-11-06T00:00:00Z,None,0.0%,27.3%,0.0%,false,false
,Foreign Currency Reserves,CHF,2007-11-06T03:00:00Z,None,,49B,49B,false,false
,Spanish Services PMI,EUR,2007-11-06T03:15:00Z,None,,52.4,52.5,false,false
,Italian Services PMI,EUR,2007-11-06T03:45:00Z,None,54.3,53.9,55.3,false,false
,Final Services PMI,EUR,2007-11-06T04:00:00Z,None,55.6,55.6,55.8,false,false
,PPI m/m,EUR,2007-11-06T05:00:00Z,None,0.2%,0.1%,0.4%,false,false
,Retail Sales m/m,EUR,2007-11-06T05:00:00Z,None,0.5%,0.0%,0.3%,false,false
,German Factory Orders m/m,EUR,2007-11-06T06:00:00Z,None,-0.1%,1.9%,-2.5%,false,false
,Gov Council Member Jenkins Speaks,CAD,2007-11-06T07:30:00Z,None,,,,false,false
,Building Permits m/m,CAD,2007-11-06T08:30:00Z,None,1.7%,1.7%,-1.7%,false,false
,JOLTS Job Openings,USD,2007-11-06T10:00:00Z,None,,4.17M,4.15M,false,false
,Ivey PMI,CAD,2007-11-06T10:00:00Z,High,55.0,56.0,57.1,false,false
,Fed Chairman Bernanke Speaks,USD,2007-11-06T13:40:00Z,High,,,,false,false
,Cash Rate,AUD,2007-11-06T17:30:00Z,High,6.75%,6.50%,6.75%,false,false
,RBA Rate Statement,AUD,2007-11-06T17:30:00Z,High,,,,false,false
,AIG Construction Index,AUD,2007-11-06T17:30:00Z,None,,55.2,57.4,false,false
,Nationwide Consumer Confidence,GBP,2007-11-06T19:01:00Z,None,97,99,98,false,false
,Home Loans m/m,AUD,2007-11-06T19:30:00Z,None,0.0%,1.4%,-2.4%,false,false
,HPI q/q,AUD,2007-11-06T19:30:00Z,None,3.0%,3.7%,3.5%,false,false
,BRC Shop Price Index y/y,GBP,2007-11-07T05:30:00Z,None,,0.4%,1.1%,false,false
,German Industrial Production m/m,EUR,2007-11-07T06:00:00Z,None,-0.3%,1.9%,0.3%,false,false
,Prelim Unit Labor Costs q/q,USD,2007-11-07T08:30:00Z,None,1.1%,1.4%,-0.2%,false,false
,Prelim Nonfarm Productivity q/q,USD,2007-11-07T08:30:00Z,None,3.0%,2.6%,4.9%,false,false
,FOMC Member Mishkin Speaks,USD,2007-11-07T09:00:00Z,High,,,,false,false
,Final Wholesale Inventories m/m,USD,2007-11-07T10:00:00Z,None,0.2%,0.7%,0.8%,false,false
,Crude Oil Inventories,USD,2007-11-07T10:30:00Z,None,-1.3M,-3.9M,-0.8M,false,false
,10-y Bond Auction,USD,2007-11-07T13:00:00Z,None,,4.49|3.0,4.35|2.3,false,false
,Fed Chairman Warsh Speaks,USD,2007-11-07T13:00:00Z,None,,,,false,false
,RBNZ Financial Stability Report,NZD,2007-11-07T15:00:00Z,High,,,,false,false
,Consumer Credit m/m,USD,2007-11-07T15:00:00Z,None,10.0B,15.4B,3.7B,false,false
,Employment Change q/q,NZD,2007-11-07T16:45:00Z,High,0.4%,0.6%,-0.3%,false,false
,Unemployment Rate,NZD,2007-11-07T16:45:00Z,High,3.6%,3.6%,3.5%,false,false
,Core Machinery Orders m/m,JPY,2007-11-07T18:50:00Z,None,-2.0%,-7.7%,-7.6%,false,false
,Bank Lending y/y,JPY,2007-11-07T18:50:00Z,None,,0.6%,0.7%,false,false
,M2 Money Stock y/y,JPY,2007-11-07T18:50:00Z,None,1.7%,1.7%,1.9%,false,false
,Unemployment Rate,AUD,2007-11-07T19:30:00Z,None,4.2%,4.2%,4.3%,false,false
,Employment Change,AUD,2007-11-07T19:30:00Z,High,21.0K,37.6K,12.9K,false,false
,Prelim Machine Tool Orders y/y,JPY,2007-11-08T01:00:00Z,None,,16.3%,16.1%,false,false
,Unemployment Rate,CHF,2007-11-08T01:45:00Z,None,2.6%,2.6%,2.6%,false,false
,Economy Watchers Sentiment,JPY,2007-11-08T02:00:00Z,None,43.8,42.9,41.5,false,false
,German Trade Balance,EUR,2007-11-08T02:00:00Z,None,16.0B,15.5B,17.9B,false,false
,French Gov Budget Balance,EUR,2007-11-08T02:45:00Z,None,,-63.2B,-51.7B,false,false
,Lloyds HPI m/m,GBP,2007-11-08T03:00:00Z,High,0.5%,-0.6%,-0.5%,false,false
,French 10-y Bond Auction,EUR,2007-11-08T05:00:00Z,None,,4.44|4.0,4.25|2.9,false,false
,Official Bank Rate,GBP,2007-11-08T07:00:00Z,High,5.75%,5.75%,5.75%,false,false
,Main Refinancing Rate,EUR,2007-11-08T07:45:00Z,None,4.00%,4.00%,4.00%,false,false
,Housing Starts,CAD,2007-11-08T08:15:00Z,High,230K,281K,220K,false,false
,NHPI m/m,CAD,2007-11-08T08:30:00Z,None,0.4%,0.4%,0.3%,false,false
,ECB Press Conference,EUR,2007-11-08T08:30:00Z,High,,,,false,false
,Unemployment Claims,USD,2007-11-08T08:30:00Z,None,325K,330K,317K,false,false
,Fed Chairman Bernanke Testifies,USD,2007-11-08T10:00:00Z,High,,,,false,false
,Natural Gas Storage,USD,2007-11-08T10:30:00Z,None,30B,66B,36B,false,false
,CB Leading Index m/m,GBP,2007-11-08T10:30:00Z,None,,-0.2%,-0.1%,false,false
,30-y Bond Auction,USD,2007-11-08T13:00:00Z,None,,5.06|1.6,4.67|3.0,false,false
,Treasury Sec Paulson Speaks,USD,2007-11-08T18:15:00Z,None,,,,false,false
,Revised Industrial Production m/m,JPY,2007-11-08T23:30:00Z,None,-1.4%,-1.4%,-1.4%,false,false
,SECO Consumer Climate,CHF,2007-11-09T01:45:00Z,None,11,15,15,false,false
,German WPI m/m,EUR,2007-11-09T02:00:00Z,None,0.5%,0.9%,0.5%,false,false
,French Trade Balance,EUR,2007-11-09T02:45:00Z,None,-2.8B,-2.7B,-3.1B,false,false
,French Industrial Production m/m,EUR,2007-11-09T02:45:00Z,None,-0.4%,0.0%,-1.1%,false,false
,German Buba President Weber Speaks,EUR,2007-11-09T03:15:00Z,None,,,,false,false
,Italian Industrial Production m/m,EUR,2007-11-09T04:00:00Z,None,-0.3%,1.0%,-1.0%,false,false
,Goods Trade Balance,GBP,2007-11-09T04:30:00Z,None,-6.9B,-6.9B,-7.8B,false,false
,EU Economic Forecasts,EUR,2007-11-09T05:00:00Z,None,,,,false,false
,Import Prices m/m,USD,2007-11-09T08:30:00Z,None,1.0%,0.8%,1.8%,false,false
,Trade Balance,USD,2007-11-09T08:30:00Z,High,-59.0B,-56.8B,-56.5B,false,false
,Trade Balance,CAD,2007-11-09T08:30:00Z,High,3.9B,4.3B,2.6B,false,false
,Prelim UoM Inflation Expectations,USD,2007-11-09T10:00:00Z,None,,3.1%,3.4%,false,false
,Prelim UoM Consumer Sentiment,USD,2007-11-09T10:00:00Z,High,80.0,80.9,75.0,false,false
,Bank Holiday,CAD,2007-11-11T00:00:00Z,None,,,,true,false
,Current Account,JPY,2007-11-11T18:50:00Z,None,2.10T,2.19T,2.24T,false,false
,PPI y/y,JPY,2007-11-11T18:50:00Z,None,2.2%,1.7%,2.4%,false,false
,RBA Monetary Policy Statement,AUD,2007-11-11T19:30:00Z,High,,,,false,false
,USD-Denominated Trade Balance,CNY,2007-11-11T20:45:00Z,High,30.8B,23.9B,27.1B,false,false
,M2 Money Supply y/y,CNY,2007-11-11T21:00:00Z,None,18.5%,18.5%,18.5%,false,false
,PPI y/y,CNY,2007-11-11T21:00:00Z,None,3.0%,2.7%,3.2%,false,false
,New Loans,CNY,2007-11-11T21:00:00Z,None,,284B,136B,false,false
,Bank Holiday,USD,2007-11-12T00:00:00Z,None,,,,true,false
,Consumer Confidence,JPY,2007-11-12T00:00:00Z,None,43.5,44.1,42.8,false,false
,Foreign Direct Investment ytd/y,CNY,2007-11-12T02:10:00Z,None,,10.9%,11.2%,false,false
,ONS HPI y/y,GBP,2007-11-12T04:30:00Z,None,10.8%,11.3%,10.8%,false,false
,PPI Input m/m,GBP,2007-11-12T04:30:00Z,High,1.5%,3.9%,1.8%,false,false
,PPI Output m/m,GBP,2007-11-12T04:30:00Z,None,0.2%,0.3%,0.6%,false,false
,FPI m/m,NZD,2007-11-12T16:45:00Z,None,,0.4%,0.6%,false,false
,Prelim GDP q/q,JPY,2007-11-12T18:50:00Z,High,0.5%,-0.3%,0.6%,false,false
,Prelim GDP Price Index y/y,JPY,2007-11-12T18:50:00Z,None,-0.3%,-0.3%,-0.3%,false,false
,RICS House Price Balance,GBP,2007-11-12T19:01:00Z,None,-19%,-15%,-22%,false,false
,NAB Business Confidence,AUD,2007-11-12T19:30:00Z,None,,7,9,false,false
,CPI y/y,CNY,2007-11-12T21:00:00Z,None,6.3%,6.2%,6.5%,false,false
,Overnight Call Rate,JPY,2007-11-12T22:30:00Z,None,0.50%,0.50%,0.50%,false,false
,BOJ Monthly Report,JPY,2007-11-13T01:00:00Z,None,,,,false,false
,BOJ Press Conference,JPY,2007-11-13T02:23:00Z,High,,,,false,false
,French Final CPI m/m,EUR,2007-11-13T02:45:00Z,None,0.2%,0.1%,0.2%,false,false
,Spanish Flash GDP q/q,EUR,2007-11-13T03:00:00Z,None,0.7%,0.9%,0.7%,false,false
,Italian Prelim GDP q/q,EUR,2007-11-13T04:00:00Z,None,0.3%,0.1%,0.4%,false,false
,RPI y/y,GBP,2007-11-13T04:30:00Z,None,4.2%,3.9%,4.3%,false,false
,CPI y/y,GBP,2007-11-13T04:30:00Z,High,1.9%,1.8%,2.1%,false,false
,Core CPI y/y,GBP,2007-11-13T04:30:00Z,None,1.7%,1.5%,1.5%,false,false
,ZEW Economic Sentiment,EUR,2007-11-13T05:00:00Z,None,-19.5,-19.0,-30.0,false,false
,German ZEW Economic Sentiment,EUR,2007-11-13T05:00:00Z,None,-19.5,-18.1,-32.5,false,false
,Industrial Production m/m,EUR,2007-11-13T05:00:00Z,None,-0.3%,1.2%,-0.7%,false,false
,NFIB Small Business Index,USD,2007-11-13T07:30:00Z,None,,97.3,96.2,false,false
,FOMC Member Kroszner Speaks,USD,2007-11-13T09:00:00Z,None,,,,false,false
,RCM/TIPP Economic Optimism,USD,2007-11-13T10:00:00Z,None,46.3,47.3,43.8,false,false
,Gov Board Member Jordan Speaks,CHF,2007-11-13T12:15:00Z,None,,,,false,false
,Federal Budget Balance,USD,2007-11-13T14:00:00Z,None,-55.7B,111.6B,-55.6B,false,false
,Pending Home Sales m/m,USD,2007-11-13T15:00:00Z,High,-2.6%,-6.5%,0.2%,false,false
,PPI Output q/q,NZD,2007-11-13T16:45:00Z,None,1.1%,1.2%,1.6%,false,false
,PPI Input q/q,NZD,2007-11-13T16:45:00Z,High,1.1%,1.3%,2.3%,false,false
,Westpac Consumer Sentiment,AUD,2007-11-13T18:30:00Z,None,,-0.3%,-4.2%,false,false
,Wage Price Index q/q,AUD,2007-11-13T19:30:00Z,None,0.9%,1.1%,1.0%,false,false
,Retail Sales y/y,CNY,2007-11-13T21:00:00Z,None,17.0%,17.0%,18.1%,false,false
,German Prelim GDP q/q,EUR,2007-11-14T02:00:00Z,High,0.6%,0.3%,0.7%,false,false
,French Prelim GDP q/q,EUR,2007-11-14T02:45:00Z,None,0.6%,0.3%,0.7%,false,false
,Claimant Count Change,GBP,2007-11-14T04:30:00Z,None,-6.2K,-13.9K,-9.9K,false,false
,Average Earnings Index 3m/y,GBP,2007-11-14T04:30:00Z,High,4.0%,3.7%,4.1%,false,false
,Unemployment Rate,GBP,2007-11-14T04:30:00Z,None,5.4%,5.4%,5.4%,false,false
,Flash GDP q/q,EUR,2007-11-14T05:00:00Z,None,0.6%,0.3%,0.7%,false,false
,German 10-y Bond Auction,EUR,2007-11-14T05:10:00Z,None,,4.32|1.9,4.19|2.0,false,false
,BOE Monetary Policy Report,GBP,2007-11-14T05:30:00Z,High,,,,false,false
,BOE Gov King Speaks,GBP,2007-11-14T05:30:00Z,High,,,,false,false
,Retail Sales m/m,USD,2007-11-14T08:30:00Z,High,0.2%,0.7%,0.2%,false,false
,Leading Index m/m,CAD,2007-11-14T08:30:00Z,None,0.4%,0.3%,0.1%,false,false
,New Motor Vehicle Sales m/m,CAD,2007-11-14T08:30:00Z,None,-1.8%,2.7%,-2.1%,false,false
,Core Retail Sales m/m,USD,2007-11-14T08:30:00Z,High,0.3%,0.3%,0.2%,false,false
,PPI m/m,USD,2007-11-14T08:30:00Z,High,0.3%,1.1%,0.1%,false,false
,Core PPI m/m,USD,2007-11-14T08:30:00Z,None,0.2%,0.1%,0.0%,false,false
,Gov Council Member Jenkins Speaks,CAD,2007-11-14T08:45:00Z,None,,,,false,false
,Fed Chairman Bernanke Speaks,USD,2007-11-14T09:10:00Z,High,,,,false,false
,Business Inventories m/m,USD,2007-11-14T10:00:00Z,None,0.5%,0.3%,0.4%,false,false
,Retail Sales m/m,NZD,2007-11-14T16:45:00Z,High,0.5%,0.3%,1.0%,false,false
,Core Retail Sales m/m,NZD,2007-11-14T16:45:00Z,High,0.4%,0.8%,0.5%,false,false
,Core Retail Sales q/q,NZD,2007-11-14T16:45:00Z,None,,-0.9%,0.2%,false,false
,Retail Sales q/q,NZD,2007-11-14T16:45:00Z,None,0.3%,-0.5%,0.2%,false,false
,MI Inflation Expectations,AUD,2007-11-14T17:00:00Z,None,,4.6%,4.4%,false,false
,BusinessNZ Manufacturing Index,NZD,2007-11-14T17:12:00Z,None,,55.1,56.9,false,false
,Tertiary Industry Activity m/m,JPY,2007-11-14T18:50:00Z,None,-1.0%,1.2%,-1.6%,false,false
,RBA Bulletin,AUD,2007-11-14T19:30:00Z,None,,,,false,false
,Industrial Production y/y,CNY,2007-11-14T21:00:00Z,High,18.5%,18.9%,17.9%,false,false
,German Final CPI m/m,EUR,2007-11-15T02:00:00Z,None,0.2%,0.2%,0.2%,false,false
,Retail Sales m/m,GBP,2007-11-15T04:30:00Z,High,0.1%,0.3%,-0.1%,false,false
,Spanish 10-y Bond Auction,EUR,2007-11-15T04:44:00Z,None,,4.64|1.7,4.26|2.3,false,false
,ECB Monthly Bulletin,EUR,2007-11-15T05:00:00Z,None,,,,false,false
,Final Core CPI y/y,EUR,2007-11-15T05:00:00Z,None,1.9%,1.8%,1.9%,false,false
,UBS Economic Expectations,CHF,2007-11-15T05:00:00Z,None,,-16.0,-28.9,false,false
,Final CPI y/y,EUR,2007-11-15T05:00:00Z,None,2.6%,2.6%,2.6%,false,false
,Unemployment Claims,USD,2007-11-15T08:30:00Z,None,320K,319K,339K,false,false
,Manufacturing Sales m/m,CAD,2007-11-15T08:30:00Z,None,-0.6%,-2.2%,-0.9%,false,false
,Core CPI m/m,USD,2007-11-15T08:30:00Z,High,0.2%,0.2%,0.2%,false,false
,Core CPI y/y,USD,2007-11-15T08:30:00Z,High,2.1%,2.1%,2.2%,false,false
,CPI y/y,USD,2007-11-15T08:30:00Z,High,2.7%,2.8%,3.5%,false,false
,CPI m/m,USD,2007-11-15T08:30:00Z,None,0.3%,0.3%,0.3%,false,false
,Empire State Manufacturing Index,USD,2007-11-15T08:30:00Z,None,18.0,28.8,27.4,false,false
,Natural Gas Storage,USD,2007-11-15T10:30:00Z,None,-8B,36B,-9B,false,false
,Crude Oil Inventories,USD,2007-11-15T10:30:00Z,None,-0.8M,-0.8M,2.8M,false,false
,Philly Fed Manufacturing Index,USD,2007-11-15T12:00:00Z,None,5.0,6.8,8.2,false,false
,Monetary Policy Meeting Minutes,JPY,2007-11-15T18:50:00Z,None,,,,false,false
,Fixed Asset Investment ytd/y,CNY,2007-11-15T21:00:00Z,None,26.2%,26.4%,26.9%,false,false
,French Prelim Private Payrolls q/q,EUR,2007-11-16T02:45:00Z,None,0.3%,0.4%,0.2%,false,false
,Retail Sales y/y,CHF,2007-11-16T03:15:00Z,High,2.1%,3.8%,3.0%,false,false
,Italian Trade Balance,EUR,2007-11-16T04:00:00Z,None,-1.44B,-0.69B,-1.53B,false,false
,Trade Balance,EUR,2007-11-16T05:00:00Z,None,3.8B,4.5B,3.9B,false,false
,FOMC Member Kroszner Speaks,USD,2007-11-16T08:45:00Z,None,,,,false,false
,TIC Long-Term Purchases,USD,2007-11-16T09:00:00Z,High,72.0B,-70.6B,26.4B,false,false
,Industrial Production m/m,USD,2007-11-16T09:15:00Z,None,0.1%,0.2%,-0.5%,false,false
,Capacity Utilization Rate,USD,2007-11-16T09:15:00Z,None,82.0%,82.2%,81.7%,false,false
,G20 Meetings,All,2007-11-17T00:00:00Z,None,,,,false,false
,G20 Meetings,All,2007-11-18T00:00:00Z,None,,,,false,false
,Rightmove HPI m/m,GBP,2007-11-18T19:01:00Z,None,,2.7%,-0.7%,false,false
,German Buba Monthly Report,EUR,2007-11-19T06:00:00Z,None,,,,false,false
,Treasury Sec Paulson Speaks,USD,2007-11-19T06:00:00Z,None,,,,false,false
,ECB President Trichet Speaks,EUR,2007-11-19T06:30:00Z,None,,,,false,false
,Wholesale Sales m/m,CAD,2007-11-19T08:30:00Z,None,0.1%,-1.9%,1.1%,false,false
,Foreign Securities Purchases,CAD,2007-11-19T08:30:00Z,None,1.27B,-3.82B,-5.21B,false,false
,Treasury Sec Paulson Speaks,USD,2007-11-19T10:30:00Z,None,,,,false,false
,NAHB Housing Market Index,USD,2007-11-19T13:00:00Z,None,17,19,19,false,false
,Visitor Arrivals m/m,NZD,2007-11-19T16:45:00Z,None,,-3.4%,-2.6%,false,false
,German PPI m/m,EUR,2007-11-20T02:00:00Z,None,0.3%,0.2%,0.4%,false,false
,Trade Balance,CHF,2007-11-20T02:15:00Z,None,1.52B,1.71B,1.56B,false,false
,M4 Money Supply m/m,GBP,2007-11-20T04:30:00Z,None,1.0%,0.9%,0.1%,false,false
,Public Sector Net Borrowing,GBP,2007-11-20T04:30:00Z,None,-2.8B,7.2B,-1.0B,false,false
,CBI Industrial Order Expectations,GBP,2007-11-20T06:00:00Z,None,-7,-6,8,false,false
,MPC Member Gieve Speaks,GBP,2007-11-20T06:15:00Z,None,,,,false,false
,Core CPI m/m,CAD,2007-11-20T07:00:00Z,High,0.1%,0.4%,-0.2%,false,false
,CPI m/m,CAD,2007-11-20T07:00:00Z,None,0.1%,0.2%,-0.3%,false,false
,Building Permits,USD,2007-11-20T08:30:00Z,None,1.20M,1.26M,1.18M,false,false
,Housing Starts,USD,2007-11-20T08:30:00Z,None,1.17M,1.19M,1.23M,false,false
,Gov Council Member Duguay Speaks,CAD,2007-11-20T12:30:00Z,None,,,,false,false
,FOMC Meeting Minutes,USD,2007-11-20T14:00:00Z,High,,,,false,false
,CB Leading Index m/m,AUD,2007-11-20T18:00:00Z,None,,0.7%,0.5%,false,false
,MI Leading Index m/m,AUD,2007-11-20T18:30:00Z,None,,0.5%,0.8%,false,false
,All Industries Activity m/m,JPY,2007-11-20T18:50:00Z,None,-1.4%,1.0%,-1.6%,false,false
,Trade Balance,JPY,2007-11-20T18:50:00Z,None,1.06T,1.05T,1.07T,false,false
,New Motor Vehicle Sales m/m,AUD,2007-11-20T19:30:00Z,None,,1.7%,1.1%,false,false
,Credit Card Spending y/y,NZD,2007-11-20T21:00:00Z,None,,9.4%,7.8%,false,false
,Italian Retail Sales m/m,EUR,2007-11-21T04:00:00Z,None,0.0%,0.3%,-0.2%,false,false
,MPC Official Bank Rate Votes,GBP,2007-11-21T04:30:00Z,High,0-2-7,0-1-8,0-2-7,false,false
,Core Retail Sales m/m,CAD,2007-11-21T08:30:00Z,High,0.3%,0.3%,0.1%,false,false
,Retail Sales m/m,CAD,2007-11-21T08:30:00Z,None,0.1%,0.7%,-0.2%,false,false
,Unemployment Claims,USD,2007-11-21T08:30:00Z,None,330K,341K,330K,false,false
,CB Leading Index m/m,USD,2007-11-21T10:00:00Z,None,-0.3%,0.1%,-0.5%,false,false
,Revised UoM Consumer Sentiment,USD,2007-11-21T10:00:00Z,None,75.0,75.0,76.1,false,false
,Revised UoM Inflation Expectations,USD,2007-11-21T10:00:00Z,None,,3.4%,3.4%,false,false
,Crude Oil Inventories,USD,2007-11-21T10:30:00Z,None,0.8M,2.8M,-1.1M,false,false
,Natural Gas Storage,USD,2007-11-21T10:30:00Z,None,2B,-9B,4B,false,false
,Bank Holiday,USD,2007-11-22T00:00:00Z,None,,,,true,false
,Bank Holiday,JPY,2007-11-22T00:00:00Z,None,,,,true,false
,German Final GDP q/q,EUR,2007-11-22T02:00:00Z,None,0.7%,0.7%,0.7%,false,false
,Employment Level,CHF,2007-11-22T03:15:00Z,None,3.77M,3.74M,3.87M,false,false
,Current Account,EUR,2007-11-22T04:00:00Z,None,4.0B,4.5B,0.6B,false,false
,Prelim Business Investment q/q,GBP,2007-11-22T04:30:00Z,None,1.0%,0.4%,0.0%,false,false
,Industrial New Orders m/m,EUR,2007-11-22T05:00:00Z,None,-0.7%,0.8%,-1.6%,false,false
,Corporate Profits q/q,CAD,2007-11-22T08:30:00Z,None,,-0.7%,5.8%,false,false
,Belgian NBB Business Climate,EUR,2007-11-22T09:00:00Z,None,-1.0,-0.1,1.4,false,false
,BOC Review,CAD,2007-11-22T10:30:00Z,None,,,,false,false
,German Import Prices m/m,EUR,2007-11-23T02:00:00Z,None,0.5%,0.6%,0.7%,false,false
,French Consumer Spending m/m,EUR,2007-11-23T02:45:00Z,None,-0.1%,-0.3%,-1.1%,false,false
,ECB President Trichet Speaks,EUR,2007-11-23T03:30:00Z,None,,,,false,false
,Flash Manufacturing PMI,EUR,2007-11-23T04:00:00Z,None,51.0,51.5,52.6,false,false
,Flash Services PMI,EUR,2007-11-23T04:00:00Z,None,55.0,55.8,53.7,false,false
,Index of Services 3m/3m,GBP,2007-11-23T04:30:00Z,None,1.0%,0.9%,0.9%,false,false
,High Street Lending,GBP,2007-11-23T04:30:00Z,None,,54.0K,44.1K,false,false
,Second Estimate GDP q/q,GBP,2007-11-23T04:30:00Z,High,0.8%,0.8%,0.7%,false,false
,Trade Balance,NZD,2007-11-25T16:45:00Z,High,-562M,-573M,-690M,false,false
,ECB President Trichet Speaks,EUR,2007-11-26T06:00:00Z,None,,,,false,false
,SPPI y/y,JPY,2007-11-26T18:50:00Z,None,1.4%,1.3%,1.4%,false,false
,Inflation Expectations q/q,NZD,2007-11-26T21:00:00Z,High,,2.64%,2.70%,false,false
,German Prelim CPI m/m,EUR,2007-11-27T00:00:00Z,None,0.1%,0.2%,0.4%,true,false
,PPI m/m,CHF,2007-11-27T03:15:00Z,None,0.3%,-0.3%,0.2%,false,false
,UBS Consumption Indicator,CHF,2007-11-27T04:00:00Z,None,,2.00,2.23,false,false
,German ifo Business Climate,EUR,2007-11-27T04:00:00Z,High,103.3,103.9,104.2,false,false
,S&P/CS Composite-20 HPI y/y,USD,2007-11-27T09:00:00Z,None,-5.0%,-4.3%,-4.9%,false,false
,CB Consumer Confidence,USD,2007-11-27T10:00:00Z,High,91.5,95.2,87.3,false,false
,Richmond Manufacturing Index,USD,2007-11-27T10:00:00Z,None,-2,-5,0,false,false
,FOMC Member Evans Speaks,USD,2007-11-27T13:30:00Z,None,,,,false,false
,MPC Member Sentance Speaks,GBP,2007-11-27T13:45:00Z,None,,,,false,false
,Retail Sales y/y,JPY,2007-11-27T18:50:00Z,None,0.6%,0.5%,0.8%,false,false
,Construction Work Done q/q,AUD,2007-11-27T19:30:00Z,None,1.6%,-2.1%,2.8%,false,false
,HIA New Home Sales m/m,AUD,2007-11-27T19:40:00Z,None,,9.9%,0.8%,false,false
,German GfK Consumer Climate,EUR,2007-11-28T02:00:00Z,None,4.5,4.8,4.3,false,false
,M3 Money Supply y/y,EUR,2007-11-28T04:00:00Z,None,11.4%,11.3%,12.3%,false,false
,Private Loans y/y,EUR,2007-11-28T04:00:00Z,None,11.1%,11.0%,11.2%,false,false
,SNB Chairman Roth Speaks,CHF,2007-11-28T04:15:00Z,None,,,,false,false
,KOF Economic Barometer,CHF,2007-11-28T05:30:00Z,None,1.98,2.04,2.02,false,false
,FOMC Member Kohn Speaks,USD,2007-11-28T08:00:00Z,None,,,,false,false
,Core Durable Goods Orders m/m,USD,2007-11-28T08:30:00Z,High,0.4%,1.1%,-0.7%,false,false
,Durable Goods Orders m/m,USD,2007-11-28T08:30:00Z,None,0.0%,-1.4%,-0.4%,false,false
,Existing Home Sales,USD,2007-11-28T10:00:00Z,High,5.00M,5.03M,4.97M,false,false
,Crude Oil Inventories,USD,2007-11-28T10:30:00Z,None,-1.0M,-1.1M,-0.5M,false,false
,Beige Book,USD,2007-11-28T14:00:00Z,None,,,,false,false
,Building Consents m/m,NZD,2007-11-28T16:45:00Z,None,,-10.2%,-4.8%,false,false
,RBA Deputy Gov Debelle Speaks,AUD,2007-11-28T18:10:00Z,None,,,,false,false
,Prelim Industrial Production m/m,JPY,2007-11-28T18:50:00Z,None,1.4%,-1.4%,1.6%,false,false
,Private Capital Expenditure q/q,AUD,2007-11-28T19:30:00Z,High,2.2%,7.1%,-6.5%,false,false
,ANZ Business Confidence,NZD,2007-11-28T21:00:00Z,None,,-12.9,-19.6,false,false
,Nationwide HPI m/m,GBP,2007-11-29T02:00:00Z,None,0.1%,1.1%,-0.8%,false,false
,German Unemployment Change,EUR,2007-11-29T03:55:00Z,None,-50K,-39K,-52K,false,false
,Retail PMI,EUR,2007-11-29T04:00:00Z,None,,47.9,45.9,false,false
,Mortgage Approvals,GBP,2007-11-29T04:30:00Z,None,96K,100K,88K,false,false
,Net Lending to Individuals m/m,GBP,2007-11-29T04:30:00Z,None,10.0B,10.8B,8.8B,false,false
,Monetary Policy Report Hearings,GBP,2007-11-29T04:45:00Z,High,,,,false,false
,CBI Realized Sales,GBP,2007-11-29T06:00:00Z,None,8,10,13,false,false
,Prelim GDP q/q,USD,2007-11-29T08:30:00Z,High,4.9%,3.9%,4.9%,false,false
,RMPI m/m,CAD,2007-11-29T08:30:00Z,None,0.4%,-0.8%,0.3%,false,false
,IPPI m/m,CAD,2007-11-29T08:30:00Z,None,-0.6%,-0.8%,-1.1%,false,false
,Current Account,CAD,2007-11-29T08:30:00Z,None,3.5B,6.3B,1.0B,false,false
,Unemployment Claims,USD,2007-11-29T08:30:00Z,None,330K,329K,352K,false,false
,Prelim GDP Price Index q/q,USD,2007-11-29T08:30:00Z,None,0.8%,0.8%,0.9%,false,false
,New Home Sales,USD,2007-11-29T10:00:00Z,High,750K,716K,728K,false,false
,Natural Gas Storage,USD,2007-11-29T10:30:00Z,None,-20B,4B,-12B,false,false
,ECB President Trichet Speaks,EUR,2007-11-29T12:00:00Z,None,,,,false,false
,FOMC Member Mishkin Speaks,USD,2007-11-29T16:30:00Z,None,,,,false,false
,Final Manufacturing PMI,JPY,2007-11-29T18:15:00Z,None,,49.5,50.8,false,false
,Tokyo Core CPI y/y,JPY,2007-11-29T18:30:00Z,None,0.1%,0.0%,0.1%,false,false
,Household Spending y/y,JPY,2007-11-29T18:30:00Z,None,0.5%,3.2%,0.6%,false,false
,National Core CPI y/y,JPY,2007-11-29T18:30:00Z,None,0.0%,-0.1%,0.1%,false,false
,Unemployment Rate,JPY,2007-11-29T18:30:00Z,None,4.0%,4.0%,4.0%,false,false
,Fed Chairman Bernanke Speaks,USD,2007-11-29T19:00:00Z,High,,,,false,false
,Current Account,AUD,2007-11-29T19:30:00Z,None,-16.3B,-15.6B,-15.6B,false,false
,Private Sector Credit m/m,AUD,2007-11-29T19:30:00Z,None,1.1%,1.1%,1.0%,false,false
,Housing Starts y/y,JPY,2007-11-30T00:00:00Z,None,-36.7%,-44.0%,-35.0%,false,false
,CPI m/m,CHF,2007-11-30T01:45:00Z,High,0.2%,0.9%,0.5%,false,false
,GDP q/q,CHF,2007-11-30T01:45:00Z,None,0.7%,0.8%,0.8%,false,false
,German Retail Sales m/m,EUR,2007-11-30T02:00:00Z,None,-0.4%,1.2%,-3.3%,false,false
,CPI Flash Estimate y/y,EUR,2007-11-30T05:00:00Z,None,2.7%,2.6%,3.0%,false,false
,Consumer Confidence,EUR,2007-11-30T05:00:00Z,None,-6,-6,-8,false,false
,Italian Prelim CPI m/m,EUR,2007-11-30T05:00:00Z,None,0.3%,0.3%,0.4%,false,false
,Revised GDP q/q,EUR,2007-11-30T05:00:00Z,None,0.7%,0.7%,0.7%,false,false
,GfK Consumer Confidence,GBP,2007-11-30T05:30:00Z,None,-9,-8,-10,false,false
,GDP m/m,CAD,2007-11-30T08:30:00Z,High,0.1%,0.2%,0.1%,false,false
,Core PCE Price Index m/m,USD,2007-11-30T08:30:00Z,None,0.2%,0.2%,0.2%,false,false
,Personal Spending m/m,USD,2007-11-30T08:30:00Z,None,0.3%,0.3%,0.2%,false,false
,Personal Income m/m,USD,2007-11-30T08:30:00Z,None,0.4%,0.4%,0.2%,false,false
,Chicago PMI,USD,2007-11-30T09:45:00Z,None,51.0,49.7,52.9,false,false
,Construction Spending m/m,USD,2007-11-30T10:00:00Z,None,-0.2%,0.2%,-0.8%,false,false
,Gov Board Member Hildebrand Speaks,CHF,2007-11-30T11:00:00Z,None,,,,false,false
,FOMC Member Kroszner Speaks,USD,2007-11-30T13:40:00Z,None,,,,false,false
,Manufacturing PMI,CNY,2007-11-30T20:00:00Z,High,,53.2,55.4,false,false
,AIG Manufacturing Index,AUD,2007-12-02T17:30:00Z,None,,53.3,53.8,false,false
,MI Inflation Gauge m/m,AUD,2007-12-02T18:30:00Z,None,,0.3%,0.3%,false,false
,Capital Spending q/y,JPY,2007-12-02T18:50:00Z,None,-2.5%,-4.9%,-1.2%,false,false
,Company Operating Profits q/q,AUD,2007-12-02T19:30:00Z,None,1.9%,1.7%,-2.1%,false,false
,Goods Trade Balance,AUD,2007-12-02T19:30:00Z,High,-1.88B,-1.92B,-2.98B,false,false
,Non-Manufacturing PMI,CNY,2007-12-02T20:00:00Z,None,,65.0,54.1,false,false
,Average Cash Earnings y/y,JPY,2007-12-02T20:30:00Z,None,0.0%,-0.6%,0.0%,false,false
,RatingDog Manufacturing PMI,CNY,2007-12-02T21:30:00Z,None,,55.2,52.8,false,false
,Eurogroup Meetings,EUR,2007-12-03T00:00:00Z,None,,,,true,false
,Total Vehicle Sales,USD,2007-12-03T00:00:00Z,None,16.1M,16.1M,16.2M,true,false
,Commodity Prices y/y,AUD,2007-12-03T00:30:00Z,None,,5.4%,2.0%,false,false
,Spanish Manufacturing PMI,EUR,2007-12-03T03:15:00Z,None,,49.6,50.7,false,false
,Manufacturing PMI,CHF,2007-12-03T03:30:00Z,None,59.5,60.7,63.4,false,false
,Italian Manufacturing PMI,EUR,2007-12-03T03:45:00Z,None,51.7,51.3,51.3,false,false
,Final Manufacturing PMI,EUR,2007-12-03T04:00:00Z,None,52.6,52.6,52.8,false,false
,ECB President Trichet Speaks,EUR,2007-12-03T04:30:00Z,None,,,,false,false
,Final Manufacturing PMI,GBP,2007-12-03T04:30:00Z,None,52.5,52.8,54.4,false,false
,Unemployment Rate,EUR,2007-12-03T05:00:00Z,None,7.3%,7.3%,7.2%,false,false
,ISM Manufacturing PMI,USD,2007-12-03T10:00:00Z,High,50.5,50.9,50.8,false,false
,ISM Manufacturing Prices,USD,2007-12-03T10:00:00Z,None,65.5,63.0,67.5,false,false
,Treasury Sec Paulson Speaks,USD,2007-12-03T10:30:00Z,None,,,,false,false
,Gov Board Member Hildebrand Speaks,CHF,2007-12-03T11:30:00Z,None,,,,false,false
,Monetary Base y/y,JPY,2007-12-03T18:50:00Z,None,0.7%,0.5%,1.0%,false,false
,BRC Retail Sales Monitor y/y,GBP,2007-12-03T19:01:00Z,None,,1.0%,1.2%,false,false
,Building Approvals m/m,AUD,2007-12-03T19:30:00Z,High,-1.9%,8.6%,-2.8%,false,false
,Retail Sales m/m,AUD,2007-12-03T19:30:00Z,High,0.6%,0.7%,0.2%,false,false
,10-y Bond Auction,JPY,2007-12-03T22:45:00Z,None,,1.66|3.1,1.48|3.2,false,false
,ECOFIN Meetings,EUR,2007-12-04T00:00:00Z,None,,,,true,false
,Spanish Unemployment Change,EUR,2007-12-04T03:00:00Z,None,,31.2K,45.9K,false,false
,Construction PMI,GBP,2007-12-04T04:30:00Z,None,57.1,57.4,54.3,false,false
,PPI m/m,EUR,2007-12-04T05:00:00Z,None,0.4%,0.4%,0.6%,false,false
,BOC Rate Statement,CAD,2007-12-04T09:00:00Z,High,,,,false,false
,Overnight Rate,CAD,2007-12-04T09:00:00Z,High,4.50%,4.50%,4.25%,false,false
,FOMC Member Evans Speaks,USD,2007-12-04T10:45:00Z,None,,,,false,false
,Cash Rate,AUD,2007-12-04T17:30:00Z,High,6.75%,6.75%,6.75%,false,false
,Monetary Policy Meeting Minutes,AUD,2007-12-04T17:30:00Z,High,,,,false,false
,RBA Rate Statement,AUD,2007-12-04T17:30:00Z,High,,,,false,false
,AIG Services Index,AUD,2007-12-04T17:30:00Z,None,,53.2,56.4,false,false
,Nationwide Consumer Confidence,GBP,2007-12-04T19:01:00Z,None,94,98,86,false,false
,GDP q/q,AUD,2007-12-04T19:30:00Z,High,1.0%,0.7%,1.0%,false,false
,ANZ Commodity Prices m/m,NZD,2007-12-04T21:00:00Z,None,,1.8%,0.8%,false,false
,OPEC Meetings,All,2007-12-05T00:00:00Z,None,,,,true,false
,Lloyds HPI m/m,GBP,2007-12-05T03:00:00Z,High,0.0%,-0.7%,-1.1%,false,false
,Spanish Services PMI,EUR,2007-12-05T03:15:00Z,None,,52.5,50.7,false,false
,ECB President Trichet Speaks,EUR,2007-12-05T03:30:00Z,None,,,,false,false
,Italian Services PMI,EUR,2007-12-05T03:45:00Z,None,53.7,55.3,50.8,false,false
,Final Services PMI,EUR,2007-12-05T04:00:00Z,None,53.7,53.7,54.1,false,false
,Final Services PMI,GBP,2007-12-05T04:30:00Z,None,53.0,53.1,51.9,false,false
,Retail Sales m/m,EUR,2007-12-05T05:00:00Z,None,-0.2%,0.2%,-0.7%,false,false
,BRC Shop Price Index y/y,GBP,2007-12-05T05:30:00Z,None,,1.1%,1.1%,false,false
,Challenger Job Cuts y/y,USD,2007-12-05T07:30:00Z,None,,-28.5%,-8.8%,false,false
,ADP Non-Farm Employment Change,USD,2007-12-05T08:15:00Z,High,50K,119K,189K,false,false
,Revised Nonfarm Productivity q/q,USD,2007-12-05T08:30:00Z,None,5.7%,4.9%,6.3%,false,false
,Revised Unit Labor Costs q/q,USD,2007-12-05T08:30:00Z,None,-1.0%,-0.2%,-2.0%,false,false
,ISM Services PMI,USD,2007-12-05T10:00:00Z,High,55.0,55.8,54.1,false,false
,Factory Orders m/m,USD,2007-12-05T10:00:00Z,None,0.1%,0.3%,0.5%,false,false
,Crude Oil Inventories,USD,2007-12-05T10:30:00Z,None,-1.3M,-0.5M,-7.9M,false,false
,Treasury Sec Paulson Speaks,USD,2007-12-05T11:45:00Z,None,,,,false,false
,Official Cash Rate,NZD,2007-12-05T15:00:00Z,High,8.25%,8.25%,8.25%,false,false
,RBNZ Press Conference,NZD,2007-12-05T15:00:00Z,High,,,,false,false
,RBNZ Rate Statement,NZD,2007-12-05T15:00:00Z,High,,,,false,false
,RBNZ Monetary Policy Statement,NZD,2007-12-05T15:00:00Z,None,,,,false,false
,Leading Indicators,JPY,2007-12-06T00:00:00Z,None,20.0%,0.0%,20.0%,false,false
,Prelim Machine Tool Orders y/y,JPY,2007-12-06T01:00:00Z,None,,16.6%,13.0%,false,false
,Unemployment Rate,CHF,2007-12-06T01:45:00Z,None,2.6%,2.6%,2.6%,false,false
,Foreign Currency Reserves,CHF,2007-12-06T03:00:00Z,None,,49B,49B,false,false
,Manufacturing Production m/m,GBP,2007-12-06T04:30:00Z,High,0.2%,-0.6%,0.3%,false,false
,Industrial Production m/m,GBP,2007-12-06T04:30:00Z,None,0.2%,-0.4%,0.4%,false,false
,German Factory Orders m/m,EUR,2007-12-06T06:00:00Z,None,0.9%,-1.6%,4.0%,false,false
,MPC Rate Statement,GBP,2007-12-06T07:00:00Z,High,,,,false,false
,Official Bank Rate,GBP,2007-12-06T07:00:00Z,High,5.75%,5.75%,5.50%,false,false
,FOMC Member Kroszner Speaks,USD,2007-12-06T07:30:00Z,High,,,,false,false
,Main Refinancing Rate,EUR,2007-12-06T07:45:00Z,None,4.00%,4.00%,4.00%,false,false
,Building Permits m/m,CAD,2007-12-06T08:30:00Z,None,0.7%,-1.1%,6.8%,false,false
,ECB Press Conference,EUR,2007-12-06T08:30:00Z,High,,,,false,false
,Unemployment Claims,USD,2007-12-06T08:30:00Z,None,335K,353K,338K,false,false
,Ivey PMI,CAD,2007-12-06T10:00:00Z,High,55.0,57.1,58.7,false,false
,Mortgage Delinquencies,USD,2007-12-06T10:00:00Z,None,,5.12%,5.59%,false,false
,Natural Gas Storage,USD,2007-12-06T10:30:00Z,None,-79B,-12B,-88B,false,false
,Treasury Sec Paulson Speaks,USD,2007-12-06T13:45:00Z,None,,,,false,false
,AIG Construction Index,AUD,2007-12-06T17:30:00Z,None,,57.4,53.2,false,false
,Final GDP q/q,JPY,2007-12-06T18:50:00Z,None,0.6%,0.6%,0.4%,false,false
,Final GDP Price Index y/y,JPY,2007-12-06T18:50:00Z,None,-0.3%,-0.3%,-0.4%,false,false
,NIESR GDP Estimate,GBP,2007-12-06T19:01:00Z,None,,0.7%,0.6%,false,false
,French Trade Balance,EUR,2007-12-07T01:45:00Z,None,-3.5B,-3.2B,-3.6B,false,false
,French Gov Budget Balance,EUR,2007-12-07T02:45:00Z,None,,-51.7B,-52.2B,false,false
,German Industrial Production m/m,EUR,2007-12-07T06:00:00Z,None,-0.4%,0.1%,-0.3%,false,false
,Employment Change,CAD,2007-12-07T07:00:00Z,High,8.0K,63.0K,42.6K,false,false
,Unemployment Rate,CAD,2007-12-07T07:00:00Z,High,5.9%,5.8%,5.9%,false,false
,Non-Farm Employment Change,USD,2007-12-07T08:30:00Z,High,75K,170K,94K,false,false
,Unemployment Rate,USD,2007-12-07T08:30:00Z,High,4.8%,4.7%,4.7%,false,false
,Average Hourly Earnings m/m,USD,2007-12-07T08:30:00Z,None,0.3%,0.1%,0.5%,false,false
,Prelim UoM Consumer Sentiment,USD,2007-12-07T10:00:00Z,High,75.0,76.1,74.5,false,false
,Prelim UoM Inflation Expectations,USD,2007-12-07T10:00:00Z,None,,3.4%,3.5%,false,false
,ECB President Trichet Speaks,EUR,2007-12-07T12:00:00Z,None,,,,false,false
,Consumer Credit m/m,USD,2007-12-07T15:00:00Z,None,6.0B,3.2B,4.7B,false,false
,M2 Money Stock y/y,JPY,2007-12-09T18:50:00Z,None,1.9%,1.9%,2.0%,false,false
,Core Machinery Orders m/m,JPY,2007-12-09T18:50:00Z,None,6.1%,-7.6%,12.7%,false,false
,Bank Lending y/y,JPY,2007-12-09T18:50:00Z,None,,0.7%,0.6%,false,false
,ANZ Job Advertisements m/m,AUD,2007-12-09T19:30:00Z,None,,2.7%,0.7%,false,false
,Home Loans m/m,AUD,2007-12-09T19:30:00Z,None,1.0%,-2.0%,-0.7%,false,false
,M2 Money Supply y/y,CNY,2007-12-09T21:00:00Z,None,18.8%,18.5%,18.5%,false,false
,PPI y/y,CNY,2007-12-09T21:00:00Z,None,3.5%,3.2%,4.6%,false,false
,New Loans,CNY,2007-12-09T21:00:00Z,None,,136B,87B,false,false
,Economy Watchers Sentiment,JPY,2007-12-10T00:00:00Z,None,41.1,41.5,38.8,false,false
,German Trade Balance,EUR,2007-12-10T02:00:00Z,None,17.0B,17.8B,18.2B,false,false
,French Industrial Production m/m,EUR,2007-12-10T02:45:00Z,None,0.4%,-1.2%,2.1%,false,false
,Italian Industrial Production m/m,EUR,2007-12-10T04:00:00Z,None,0.4%,-1.2%,-0.3%,false,false
,PPI Output m/m,GBP,2007-12-10T04:30:00Z,None,0.3%,0.6%,0.5%,false,false
,Sentix Investor Confidence,EUR,2007-12-10T04:30:00Z,None,12.5,14.0,11.9,false,false
,ONS HPI y/y,GBP,2007-12-10T04:30:00Z,None,10.8%,10.8%,11.3%,false,false
,PPI Input m/m,GBP,2007-12-10T04:30:00Z,High,1.4%,1.8%,1.7%,false,false
,Housing Starts,CAD,2007-12-10T08:15:00Z,High,220K,228K,228K,false,false
,Pending Home Sales m/m,USD,2007-12-10T10:00:00Z,High,-1.0%,1.4%,0.6%,false,false
,CB Leading Index m/m,GBP,2007-12-10T10:30:00Z,None,,-0.1%,0.2%,false,false
,Overseas Trade Index q/q,NZD,2007-12-10T16:45:00Z,None,3.0%,0.5%,3.6%,false,false
,NAB Business Confidence,AUD,2007-12-10T19:30:00Z,None,,9,6,false,false
,CPI y/y,CNY,2007-12-10T21:00:00Z,None,6.5%,6.5%,6.9%,false,false
,USD-Denominated Trade Balance,CNY,2007-12-10T21:50:00Z,High,26.6B,27.1B,26.3B,false,false
,Consumer Confidence,JPY,2007-12-11T00:00:00Z,None,42.8,42.8,39.8,false,false
,German WPI m/m,EUR,2007-12-11T02:00:00Z,None,0.5%,0.5%,1.0%,false,false
,RBA Gov Stevens Speaks,AUD,2007-12-11T02:00:00Z,High,,,,false,false
,Goods Trade Balance,GBP,2007-12-11T04:30:00Z,None,-7.4B,-8.0B,-7.1B,false,false
,ZEW Economic Sentiment,EUR,2007-12-11T05:00:00Z,None,-34.0,-30.0,-35.7,false,false
,German ZEW Economic Sentiment,EUR,2007-12-11T05:00:00Z,None,-34.5,-32.5,-37.2,false,false
,NFIB Small Business Index,USD,2007-12-11T07:30:00Z,None,,96.2,94.4,false,false
,RCM/TIPP Economic Optimism,USD,2007-12-11T10:00:00Z,None,43.0,43.8,44.4,false,false
,JOLTS Job Openings,USD,2007-12-11T10:00:00Z,None,,4.12M,4.12M,false,false
,Final Wholesale Inventories m/m,USD,2007-12-11T10:00:00Z,None,0.5%,0.6%,0.0%,false,false
,Federal Funds Rate,USD,2007-12-11T14:15:00Z,High,4.25%,4.50%,4.25%,false,false
,FOMC Statement,USD,2007-12-11T14:15:00Z,High,,,,false,false
,Westpac Consumer Sentiment,AUD,2007-12-11T18:30:00Z,None,,-4.2%,1.8%,false,false
,PPI y/y,JPY,2007-12-11T18:50:00Z,None,2.1%,2.0%,2.3%,false,false
,Current Account,JPY,2007-12-11T18:50:00Z,None,2.28T,2.24T,2.56T,false,false
,RBA Deputy Gov Battellino Speaks,AUD,2007-12-11T19:45:00Z,None,,,,false,false
,Retail Sales y/y,CNY,2007-12-11T21:00:00Z,None,18.0%,18.1%,18.8%,false,false
,Average Earnings Index 3m/y,GBP,2007-12-12T04:30:00Z,High,4.2%,4.1%,4.0%,false,false
,Claimant Count Change,GBP,2007-12-12T04:30:00Z,None,-5.0K,-10.6K,-11.1K,false,false
,Unemployment Rate,GBP,2007-12-12T04:30:00Z,None,5.4%,5.4%,5.3%,false,false
,UBS Economic Expectations,CHF,2007-12-12T05:00:00Z,None,,-28.9,-29.7,false,false
,Final Employment Change q/q,EUR,2007-12-12T05:00:00Z,None,,0.6%,0.3%,false,false
,Industrial Production m/m,EUR,2007-12-12T05:00:00Z,None,0.2%,-0.8%,0.4%,false,false
,ECB Financial Stability Review,EUR,2007-12-12T06:00:00Z,None,,,,false,false
,Trade Balance,CAD,2007-12-12T08:30:00Z,High,2.3B,2.8B,3.3B,false,false
,Fed Announcement,USD,2007-12-12T08:30:00Z,High,,,,false,false
,Import Prices m/m,USD,2007-12-12T08:30:00Z,None,2.0%,1.4%,2.7%,false,false
,Trade Balance,USD,2007-12-12T08:30:00Z,High,-57.3B,-57.1B,-57.8B,false,false
,Crude Oil Inventories,USD,2007-12-12T10:30:00Z,None,-0.9M,-7.9M,-0.7M,false,false
,Federal Budget Balance,USD,2007-12-12T14:00:00Z,None,-85.0B,-55.6B,-98.2B,false,false
,Retail Sales m/m,NZD,2007-12-12T16:45:00Z,High,0.0%,1.0%,-0.7%,false,false
,Core Retail Sales m/m,NZD,2007-12-12T16:45:00Z,High,0.0%,0.4%,-1.1%,false,false
,MI Inflation Expectations,AUD,2007-12-12T17:00:00Z,None,,4.4%,4.1%,false,false
,BusinessNZ Manufacturing Index,NZD,2007-12-12T17:54:00Z,None,,57.1,57.2,false,false
,RICS House Price Balance,GBP,2007-12-12T19:01:00Z,None,-29%,-24%,-41%,false,false
,Employment Change,AUD,2007-12-12T19:30:00Z,High,20.0K,-6.9K,52.6K,false,false
,Unemployment Rate,AUD,2007-12-12T19:30:00Z,None,4.3%,4.4%,4.5%,false,false
,Industrial Production y/y,CNY,2007-12-12T21:00:00Z,High,18.2%,17.9%,17.3%,false,false
,Foreign Direct Investment ytd/y,CNY,2007-12-12T21:00:00Z,None,,11.2%,13.7%,false,false
,Revised Industrial Production m/m,JPY,2007-12-12T23:30:00Z,None,1.6%,1.6%,1.7%,false,false
,French Final CPI m/m,EUR,2007-12-13T02:45:00Z,None,0.4%,0.2%,0.5%,false,false
,French Final Private Payrolls q/q,EUR,2007-12-13T02:45:00Z,None,0.2%,0.2%,0.4%,false,false
,SNB Press Conference,CHF,2007-12-13T03:30:00Z,High,,,,false,false
,Libor Rate,CHF,2007-12-13T03:30:00Z,High,2.75%,2.75%,2.75%,false,false
,SNB Monetary Policy Assessment,CHF,2007-12-13T03:30:00Z,High,,,,false,false
,ECB Monthly Bulletin,EUR,2007-12-13T04:00:00Z,None,,,,false,false
,Consumer Inflation Expectations,GBP,2007-12-13T04:30:00Z,None,,2.7%,3.0%,false,false
,CBI Industrial Order Expectations,GBP,2007-12-13T06:00:00Z,None,4,8,2,false,false
,Manufacturing Sales m/m,CAD,2007-12-13T08:30:00Z,None,-0.9%,-1.1%,0.1%,false,false
,Labor Productivity q/q,CAD,2007-12-13T08:30:00Z,None,0.1%,0.2%,0.2%,false,false
,NHPI m/m,CAD,2007-12-13T08:30:00Z,None,0.3%,0.3%,0.1%,false,false
,Core Retail Sales m/m,USD,2007-12-13T08:30:00Z,High,0.6%,0.4%,1.8%,false,false
,PPI m/m,USD,2007-12-13T08:30:00Z,High,1.6%,0.1%,3.2%,false,false
,Retail Sales m/m,USD,2007-12-13T08:30:00Z,High,0.5%,0.2%,1.2%,false,false
,Core PPI m/m,USD,2007-12-13T08:30:00Z,None,0.2%,0.0%,0.4%,false,false
,Unemployment Claims,USD,2007-12-13T08:30:00Z,None,335K,340K,333K,false,false
,FOMC Member Geithner Speaks,USD,2007-12-13T09:00:00Z,None,,,,false,false
,MPC Member Tucker Speaks,GBP,2007-12-13T09:20:00Z,None,,,,false,false
,Business Inventories m/m,USD,2007-12-13T10:00:00Z,None,0.4%,0.4%,0.1%,false,false
,Natural Gas Storage,USD,2007-12-13T10:30:00Z,None,-127B,-88B,-146B,false,false
,10-y Bond Auction,USD,2007-12-13T13:00:00Z,None,,4.35|2.3,4.16|2.2,false,false
,Manufacturing Sales q/q,NZD,2007-12-13T16:45:00Z,None,,1.7%,-2.1%,false,false
,Tankan Manufacturing Index,JPY,2007-12-13T18:50:00Z,High,21,23,19,false,false
,Tankan Non-Manufacturing Index,JPY,2007-12-13T18:50:00Z,None,18,20,16,false,false
,Fixed Asset Investment ytd/y,CNY,2007-12-13T21:00:00Z,None,26.6%,26.9%,26.8%,false,false
,German Final CPI m/m,EUR,2007-12-14T01:45:00Z,None,0.4%,0.4%,0.5%,false,false
,Italian Trade Balance,EUR,2007-12-14T04:00:00Z,None,0.06B,-1.50B,0.39B,false,false
,Final Core CPI y/y,EUR,2007-12-14T05:00:00Z,None,1.9%,1.9%,1.9%,false,false
,Final CPI y/y,EUR,2007-12-14T05:00:00Z,None,3.0%,3.0%,3.1%,false,false
,CPI m/m,USD,2007-12-14T08:30:00Z,None,0.6%,0.3%,0.8%,false,false
,Core CPI m/m,USD,2007-12-14T08:30:00Z,High,0.2%,0.2%,0.3%,false,false
,Core CPI y/y,USD,2007-12-14T08:30:00Z,High,2.3%,2.2%,2.3%,false,false
,CPI y/y,USD,2007-12-14T08:30:00Z,High,4.1%,3.5%,4.3%,false,false
,Capacity Utilization Rate,CAD,2007-12-14T08:30:00Z,None,82.5%,83.5%,82.7%,false,false
,Capacity Utilization Rate,USD,2007-12-14T09:15:00Z,None,81.7%,81.4%,81.5%,false,false
,Industrial Production m/m,USD,2007-12-14T09:15:00Z,None,0.1%,-0.7%,0.3%,false,false
,Tertiary Industry Activity m/m,JPY,2007-12-16T18:50:00Z,None,1.2%,-1.8%,1.1%,false,false
,Rightmove HPI m/m,GBP,2007-12-16T19:01:00Z,None,,-0.7%,-3.2%,false,false
,Housing Starts q/q,AUD,2007-12-16T19:30:00Z,None,0.5%,-2.5%,1.3%,false,false
,Industrial Production q/q,CHF,2007-12-17T03:15:00Z,None,-2.0%,7.0%,0.0%,false,false
,Flash Services PMI,EUR,2007-12-17T04:00:00Z,None,54.0,54.1,53.2,false,false
,Flash Manufacturing PMI,EUR,2007-12-17T04:00:00Z,None,52.3,52.8,52.5,false,false
,German Buba Monthly Report,EUR,2007-12-17T06:00:00Z,None,,,,false,false
,Foreign Securities Purchases,CAD,2007-12-17T08:30:00Z,None,-1.03B,-5.21B,-24.32B,false,false
,New Motor Vehicle Sales m/m,CAD,2007-12-17T08:30:00Z,None,-2.0%,-2.7%,-1.4%,false,false
,Current Account,USD,2007-12-17T08:30:00Z,None,-183B,-189B,-179B,false,false
,Empire State Manufacturing Index,USD,2007-12-17T08:30:00Z,None,20.0,27.4,10.3,false,false
,TIC Long-Term Purchases,USD,2007-12-17T09:00:00Z,High,49.0B,15.4B,114.0B,false,false
,NAHB Housing Market Index,USD,2007-12-17T13:00:00Z,None,19,19,19,false,false
,Monetary Policy Meeting Minutes,AUD,2007-12-17T19:30:00Z,High,,,,false,false
,HIA New Home Sales m/m,AUD,2007-12-17T20:45:00Z,None,,0.8%,-2.6%,false,false
,ANZ Business Confidence,NZD,2007-12-17T21:00:00Z,None,,-19.6,-24.9,false,false
,Retail Sales y/y,CHF,2007-12-18T03:15:00Z,High,5.1%,3.0%,6.1%,false,false
,CPI y/y,GBP,2007-12-18T04:30:00Z,High,2.2%,2.1%,2.1%,false,false
,Core CPI y/y,GBP,2007-12-18T04:30:00Z,None,1.6%,1.5%,1.4%,false,false
,RPI y/y,GBP,2007-12-18T04:30:00Z,None,4.2%,4.3%,4.3%,false,false
,Trade Balance,EUR,2007-12-18T05:00:00Z,None,3.1B,3.6B,4.0B,false,false
,BOE Gov King Speaks,GBP,2007-12-18T05:35:00Z,High,,,,false,false
,Core CPI m/m,CAD,2007-12-18T07:00:00Z,High,0.2%,-0.2%,0.0%,false,false
,CPI m/m,CAD,2007-12-18T07:00:00Z,None,0.2%,-0.3%,0.3%,false,false
,Building Permits,USD,2007-12-18T08:30:00Z,High,1.15M,1.17M,1.15M,false,false
,Leading Index m/m,CAD,2007-12-18T08:30:00Z,None,0.1%,0.0%,0.0%,false,false
,Housing Starts,USD,2007-12-18T08:30:00Z,None,1.18M,1.23M,1.19M,false,false
,Revised Business Investment q/q,GBP,2007-12-18T09:00:00Z,None,0.0%,0.0%,2.0%,false,false
,Gov Board Member Jordan Speaks,CHF,2007-12-18T11:00:00Z,None,,,,false,false
,Gov Board Member Hildebrand Speaks,CHF,2007-12-18T12:30:00Z,None,,,,false,false
,FPI m/m,NZD,2007-12-18T16:45:00Z,None,,0.6%,0.4%,false,false
,Visitor Arrivals m/m,NZD,2007-12-18T16:45:00Z,None,,-2.5%,2.8%,false,false
,MI Leading Index m/m,AUD,2007-12-18T18:30:00Z,None,,0.6%,0.5%,false,false
,All Industries Activity m/m,JPY,2007-12-18T18:50:00Z,None,1.0%,-1.7%,1.2%,false,false
,German PPI m/m,EUR,2007-12-19T02:00:00Z,None,0.4%,0.4%,0.8%,false,false
,ECB President Trichet Speaks,EUR,2007-12-19T04:00:00Z,High,,,,false,false
,German ifo Business Climate,EUR,2007-12-19T04:00:00Z,High,103.8,104.2,103.0,false,false
,MPC Official Bank Rate Votes,GBP,2007-12-19T04:30:00Z,High,0-7-2,0-2-7,0-9-0,false,false
,CBI Realized Sales,GBP,2007-12-19T06:00:00Z,None,10,13,8,false,false
,Westpac Consumer Sentiment,NZD,2007-12-19T07:00:00Z,None,,113.5,110.0,false,false
,Wholesale Sales m/m,CAD,2007-12-19T08:30:00Z,None,0.2%,0.2%,0.5%,false,false
,Crude Oil Inventories,USD,2007-12-19T10:30:00Z,None,-1.5M,-0.7M,-7.6M,false,false
,SNB Chairman Roth Speaks,CHF,2007-12-19T12:15:00Z,None,,,,false,false
,Treasury Currency Report,USD,2007-12-19T16:00:00Z,None,,,,false,false
,Current Account,NZD,2007-12-19T16:45:00Z,High,-4.92B,-2.99B,-5.17B,false,false
,Trade Balance,JPY,2007-12-19T18:50:00Z,None,0.96T,1.04T,0.89T,false,false
,RBA Bulletin,AUD,2007-12-19T19:30:00Z,None,,,,false,false
,Overnight Call Rate,JPY,2007-12-19T22:51:00Z,None,0.50%,0.50%,0.50%,false,false
,BOJ Monthly Report,JPY,2007-12-20T01:00:00Z,None,,,,false,false
,SECO Economic Forecasts,CHF,2007-12-20T01:45:00Z,None,,,,false,false
,German GfK Consumer Climate,EUR,2007-12-20T02:00:00Z,None,4.1,4.4,4.5,false,false
,Trade Balance,CHF,2007-12-20T02:15:00Z,None,1.44B,1.40B,1.89B,false,false
,BOJ Press Conference,JPY,2007-12-20T02:17:00Z,High,,,,false,false
,PPI m/m,CHF,2007-12-20T03:15:00Z,None,0.2%,0.2%,0.3%,false,false
,Italian Retail Sales m/m,EUR,2007-12-20T04:00:00Z,None,0.2%,-0.1%,0.4%,false,false
,Current Account,GBP,2007-12-20T04:30:00Z,High,-11.3B,-13.7B,-20.0B,false,false
,Final GDP q/q,GBP,2007-12-20T04:30:00Z,None,0.7%,0.7%,0.7%,false,false
,M4 Money Supply m/m,GBP,2007-12-20T04:30:00Z,None,0.3%,0.2%,0.1%,false,false
,Public Sector Net Borrowing,GBP,2007-12-20T04:30:00Z,None,9.0B,-0.4B,11.2B,false,false
,Italian Quarterly Unemployment Rate,EUR,2007-12-20T05:00:00Z,None,5.9%,6.0%,5.9%,false,false
,Final GDP q/q,USD,2007-12-20T08:30:00Z,None,4.9%,4.9%,4.9%,false,false
,Unemployment Claims,USD,2007-12-20T08:30:00Z,None,335K,334K,346K,false,false
,Final GDP Price Index q/q,USD,2007-12-20T08:30:00Z,None,0.9%,0.9%,1.0%,false,false
,Belgian NBB Business Climate,EUR,2007-12-20T09:00:00Z,None,0.7,1.4,-1.9,false,false
,CB Leading Index m/m,USD,2007-12-20T10:00:00Z,None,-0.3%,-0.5%,-0.4%,false,false
,Natural Gas Storage,USD,2007-12-20T10:30:00Z,None,-133B,-146B,-121B,false,false
,Philly Fed Manufacturing Index,USD,2007-12-20T12:00:00Z,None,6.2,8.2,-5.7,false,false
,GDP q/q,NZD,2007-12-20T16:45:00Z,High,0.4%,0.8%,0.5%,false,false
,CB Leading Index m/m,AUD,2007-12-20T18:00:00Z,None,,0.4%,0.9%,false,false
,New Motor Vehicle Sales m/m,AUD,2007-12-20T19:30:00Z,None,,1.0%,1.1%,false,false
,Credit Card Spending y/y,NZD,2007-12-20T21:00:00Z,None,,7.8%,9.5%,false,false
,German Import Prices m/m,EUR,2007-12-21T02:00:00Z,None,0.6%,0.7%,0.7%,false,false
,French Consumer Spending m/m,EUR,2007-12-21T02:50:00Z,None,0.5%,-1.0%,-0.1%,false,false
,Current Account,EUR,2007-12-21T04:00:00Z,None,1.6B,1.9B,1.3B,false,false
,Retail Sales m/m,GBP,2007-12-21T04:30:00Z,High,0.2%,0.0%,0.4%,false,false
,Index of Services 3m/3m,GBP,2007-12-21T04:30:00Z,None,0.7%,0.8%,0.7%,false,false
,Industrial New Orders m/m,EUR,2007-12-21T05:00:00Z,None,2.0%,-1.0%,2.5%,false,false
,GfK Consumer Confidence,GBP,2007-12-21T05:30:00Z,None,-12,-10,-14,false,false
,Core Retail Sales m/m,CAD,2007-12-21T08:30:00Z,High,0.0%,0.2%,0.0%,false,false
,GDP m/m,CAD,2007-12-21T08:30:00Z,High,0.1%,0.1%,0.2%,false,false
,Personal Income m/m,USD,2007-12-21T08:30:00Z,None,0.5%,0.2%,0.4%,false,false
,Personal Spending m/m,USD,2007-12-21T08:30:00Z,None,0.7%,0.4%,1.1%,false,false
,Core PCE Price Index m/m,USD,2007-12-21T08:30:00Z,None,0.2%,0.2%,0.2%,false,false
,Retail Sales m/m,CAD,2007-12-21T08:30:00Z,None,-0.3%,-0.2%,0.1%,false,false
,Revised UoM Consumer Sentiment,USD,2007-12-21T10:00:00Z,None,75.0,74.5,75.5,false,false
,Revised UoM Inflation Expectations,USD,2007-12-21T10:00:00Z,None,,3.5%,3.4%,false,false
,BOC Financial System Review,CAD,2007-12-21T10:30:00Z,None,,,,false,false
,Bank Holiday,JPY,2007-12-23T00:00:00Z,None,,,,true,false
,German Bank Holiday,EUR,2007-12-24T00:00:00Z,None,,,,true,false
,Bank Holiday,NZD,2007-12-24T00:00:00Z,None,,,,true,false
,Bank Holiday,AUD,2007-12-24T00:00:00Z,None,,,,true,false
,BSI Manufacturing Index,JPY,2007-12-24T18:50:00Z,None,5.4,7.7,5.2,false,false
,SPPI y/y,JPY,2007-12-24T18:50:00Z,None,1.4%,1.4%,1.4%,false,false
,Bank Holiday,CHF,2007-12-25T00:00:00Z,None,,,,true,false
,German Bank Holiday,EUR,2007-12-25T00:00:00Z,None,,,,true,false
,French Bank Holiday,EUR,2007-12-25T00:00:00Z,None,,,,true,false
,Italian Bank Holiday,EUR,2007-12-25T00:00:00Z,None,,,,true,false
,Bank Holiday,GBP,2007-12-25T00:00:00Z,None,,,,true,false
,Bank Holiday,CAD,2007-12-25T00:00:00Z,None,,,,true,false
,Bank Holiday,USD,2007-12-25T00:00:00Z,None,,,,true,false
,Bank Holiday,NZD,2007-12-25T00:00:00Z,None,,,,true,false
,Bank Holiday,AUD,2007-12-25T00:00:00Z,None,,,,true,false
,Monetary Policy Meeting Minutes,JPY,2007-12-25T18:50:00Z,None,,,,false,false
,Bank Holiday,CHF,2007-12-26T00:00:00Z,None,,,,true,false
,German Bank Holiday,EUR,2007-12-26T00:00:00Z,None,,,,true,false
,Italian Bank Holiday,EUR,2007-12-26T00:00:00Z,None,,,,true,false
,Bank Holiday,GBP,2007-12-26T00:00:00Z,None,,,,true,false
,Bank Holiday,CAD,2007-12-26T00:00:00Z,None,,,,true,false
,S&P/CS Composite-20 HPI y/y,USD,2007-12-26T09:00:00Z,None,-5.6%,-4.9%,-6.1%,false,false
,Richmond Manufacturing Index,USD,2007-12-26T10:00:00Z,None,0,0,-4,false,false
,Housing Starts y/y,JPY,2007-12-27T00:00:00Z,None,-28.5%,-35.0%,-27.0%,false,false
,Housing Equity Withdrawal q/q,GBP,2007-12-27T04:30:00Z,None,9.4B,10.1B,10.5B,false,false
,High Street Lending,GBP,2007-12-27T04:30:00Z,None,,44.3K,44.8K,false,false
,Core Durable Goods Orders m/m,USD,2007-12-27T08:30:00Z,High,0.5%,-0.9%,-0.7%,false,false
,Durable Goods Orders m/m,USD,2007-12-27T08:30:00Z,None,2.0%,-0.4%,0.1%,false,false
,Unemployment Claims,USD,2007-12-27T08:30:00Z,None,340K,348K,349K,false,false
,CB Consumer Confidence,USD,2007-12-27T10:00:00Z,High,86.5,87.8,88.6,false,false
,Crude Oil Inventories,USD,2007-12-27T10:30:00Z,None,-1.4M,-7.6M,-3.3M,false,false
,Final Manufacturing PMI,JPY,2007-12-27T18:15:00Z,None,,50.8,52.3,false,false
,Household Spending y/y,JPY,2007-12-27T18:30:00Z,None,0.4%,0.6%,-0.6%,false,false
,Tokyo Core CPI y/y,JPY,2007-12-27T18:30:00Z,None,0.3%,0.1%,0.3%,false,false
,National Core CPI y/y,JPY,2007-12-27T18:30:00Z,None,0.3%,0.1%,0.4%,false,false
,Unemployment Rate,JPY,2007-12-27T18:30:00Z,None,4.0%,4.0%,3.8%,false,false
,Prelim Industrial Production m/m,JPY,2007-12-27T18:50:00Z,None,-1.6%,1.7%,-1.6%,false,false
,Retail Sales y/y,JPY,2007-12-27T18:50:00Z,None,0.9%,0.8%,1.6%,false,false
,Average Cash Earnings y/y,JPY,2007-12-27T20:30:00Z,None,-0.3%,-0.1%,-0.2%,false,false
,German Prelim CPI m/m,EUR,2007-12-28T00:00:00Z,None,0.8%,0.5%,0.5%,true,false
,Nationwide HPI m/m,GBP,2007-12-28T02:00:00Z,None,-0.4%,-0.8%,-0.5%,false,false
,Retail PMI,EUR,2007-12-28T04:00:00Z,None,,45.9,46.0,false,false
,SNB Quarterly Bulletin,CHF,2007-12-28T05:00:00Z,None,,,,false,false
,KOF Economic Barometer,CHF,2007-12-28T05:30:00Z,None,1.98,2.02,1.99,false,false
,UBS Consumption Indicator,CHF,2007-12-28T05:30:00Z,None,,2.21,2.13,false,false
,Italian 10-y Bond Auction,EUR,2007-12-28T05:30:00Z,None,,4.47|1.5,4.62|1.3,false,false
,Chicago PMI,USD,2007-12-28T09:45:00Z,None,52.0,52.9,56.6,false,false
,New Home Sales,USD,2007-12-28T10:00:00Z,High,718K,711K,647K,false,false
,Natural Gas Storage,USD,2007-12-28T10:30:00Z,None,-155B,-121B,-165B,false,false
,Bank Holiday,JPY,2007-12-30T00:00:00Z,None,,,,true,false
,Private Sector Credit m/m,AUD,2007-12-30T19:30:00Z,None,1.0%,0.9%,1.7%,false,false
,German Bank Holiday,EUR,2007-12-31T00:00:00Z,None,,,,true,false
,Bank Holiday,NZD,2007-12-31T00:00:00Z,None,,,,true,false
,Bank Holiday,AUD,2007-12-31T00:00:00Z,None,,,,true,false
,Bank Holiday,CNY,2007-12-31T00:00:00Z,None,,,,true,false
,Bank Holiday,JPY,2007-12-31T00:00:00Z,None,,,,true,false
,Existing Home Sales,USD,2007-12-31T10:00:00Z,High,4.97M,4.98M,5.00M,false,false
,Manufacturing PMI,CNY,2007-12-31T20:00:00Z,High,,55.4,55.3,false,false
