id,title,currency,date,impact,forecast,previous,actual,all_day,tentative
,Bank Holiday,CHF,2018-01-01T00:00:00Z,None,,,,true,false
,French Bank Holiday,EUR,2018-01-01T00:00:00Z,None,,,,true,false
,German Bank Holiday,EUR,2018-01-01T00:00:00Z,None,,,,true,false
,Italian Bank Holiday,EUR,2018-01-01T00:00:00Z,None,,,,true,false
,Bank Holiday,GBP,2018-01-01T00:00:00Z,None,,,,true,false
,Bank Holiday,CAD,2018-01-01T00:00:00Z,None,,,,true,false
,Bank Holiday,USD,2018-01-01T00:00:00Z,None,,,,true,false
,Bank Holiday,NZD,2018-01-01T00:00:00Z,None,,,,true,false
,Bank Holiday,JPY,2018-01-01T00:00:00Z,None,,,,true,false
,AIG Manufacturing Index,AUD,2018-01-01T17:30:00Z,None,,57.3,56.2,false,false
,RatingDog Manufacturing PMI,CNY,2018-01-01T20:45:00Z,None,50.7,50.8,51.5,false,false
,Bank Holiday,CHF,2018-01-02T00:00:00Z,None,,,,true,false
,Bank Holiday,JPY,2018-01-02T00:00:00Z,None,,,,true,false
,Commodity Prices y/y,AUD,2018-01-02T00:30:00Z,None,,-4.0%,-5.9%,false,false
,Spanish Manufacturing PMI,EUR,2018-01-02T03:15:00Z,None,56.4,56.1,55.8,false,false
,Italian Manufacturing PMI,EUR,2018-01-02T03:45:00Z,None,58.6,58.3,57.4,false,false
,French Final Manufacturing PMI,EUR,2018-01-02T03:50:00Z,None,59.3,59.3,58.8,false,false
,German Final Manufacturing PMI,EUR,2018-01-02T03:55:00Z,None,63.3,63.3,63.3,false,false
,Final Manufacturing PMI,EUR,2018-01-02T04:00:00Z,None,60.6,60.6,60.6,false,false
,Final Manufacturing PMI,GBP,2018-01-02T04:30:00Z,High,58.0,58.2,56.3,false,false
,Housing Equity Withdrawal q/q,GBP,2018-01-02T04:36:00Z,None,-6.2B,-5.8B,-5.9B,false,false
,GDT Price Index,NZD,2018-01-02T09:25:00Z,None,,-3.9%,2.2%,false,false
,Manufacturing PMI,CAD,2018-01-02T09:30:00Z,None,,54.4,54.7,false,false
,Final Manufacturing PMI,USD,2018-01-02T09:45:00Z,None,55.0,55.0,55.1,false,false
,Total Vehicle Sales,USD,2018-01-03T00:00:00Z,None,17.5M,17.5M,17.9M,true,false
,Omdia Total Vehicle Sales,USD,2018-01-03T00:00:00Z,None,17.5M,17.4M,17.8M,true,false
,Spanish Unemployment Change,EUR,2018-01-03T03:00:00Z,None,-58.7K,7.3K,-61.5K,false,false
,Manufacturing PMI,CHF,2018-01-03T03:30:00Z,None,64.6,65.1,65.2,false,false
,German Unemployment Change,EUR,2018-01-03T03:55:00Z,None,-13K,-20K,-29K,false,false
,Construction PMI,GBP,2018-01-03T04:30:00Z,High,52.8,53.1,52.2,false,false
,Construction Spending m/m,USD,2018-01-03T10:00:00Z,None,0.6%,0.9%,0.8%,false,false
,ISM Manufacturing Prices,USD,2018-01-03T10:00:00Z,None,64.8,65.5,69.0,false,false
,ISM Manufacturing PMI,USD,2018-01-03T10:00:00Z,High,58.1,58.2,59.7,false,false
,FOMC Meeting Minutes,USD,2018-01-03T14:00:00Z,High,,,,false,false
,API Weekly Statistical Bulletin,USD,2018-01-03T16:30:00Z,None,,,,false,false
,AIG Services Index,AUD,2018-01-03T17:30:00Z,None,,51.7,52.0,false,false
,Final Manufacturing PMI,JPY,2018-01-03T19:30:00Z,None,54.2,54.2,54.0,false,false
,RatingDog Services PMI,CNY,2018-01-03T20:45:00Z,None,51.8,51.9,53.9,false,false
,Nationwide HPI m/m,GBP,2018-01-04T01:57:00Z,None,0.1%,0.1%,0.6%,false,false
,Spanish Services PMI,EUR,2018-01-04T03:15:00Z,None,54.7,54.4,54.6,false,false
,Italian Services PMI,EUR,2018-01-04T03:45:00Z,None,54.7,54.7,55.4,false,false
,French Final Services PMI,EUR,2018-01-04T03:50:00Z,None,59.4,59.4,59.1,false,false
,German Final Services PMI,EUR,2018-01-04T03:55:00Z,None,55.8,55.8,55.8,false,false
,Final Services PMI,EUR,2018-01-04T04:00:00Z,None,56.5,56.5,56.6,false,false
,Final Services PMI,GBP,2018-01-04T04:30:00Z,High,54.1,53.8,54.2,false,false
,Net Lending to Individuals m/m,GBP,2018-01-04T04:30:00Z,None,4.9B,4.7B,4.9B,false,false
,M4 Money Supply m/m,GBP,2018-01-04T04:30:00Z,None,0.4%,0.6%,0.1%,false,false
,Mortgage Approvals,GBP,2018-01-04T04:30:00Z,None,64K,65K,65K,false,false
,Spanish 10-y Bond Auction,EUR,2018-01-04T04:51:00Z,None,,1.49|2.0,1.53|1.8,false,false
,French 10-y Bond Auction,EUR,2018-01-04T05:01:00Z,None,,0.36|1.9,0.79|1.4,false,false
,Challenger Job Cuts y/y,USD,2018-01-04T07:30:00Z,None,,30.1%,-3.6%,false,false
,ADP Non-Farm Employment Change,USD,2018-01-04T08:15:00Z,High,191K,185K,250K,false,false
,IPPI m/m,CAD,2018-01-04T08:30:00Z,None,0.8%,1.1%,1.4%,false,false
,Unemployment Claims,USD,2018-01-04T08:30:00Z,High,241K,247K,250K,false,false
,RMPI m/m,CAD,2018-01-04T08:30:00Z,None,4.0%,3.8%,5.5%,false,false
,Final Services PMI,USD,2018-01-04T09:45:00Z,None,52.4,52.4,53.7,false,false
,Natural Gas Storage,USD,2018-01-04T10:30:00Z,None,-221B,-112B,-206B,false,false
,Crude Oil Inventories,USD,2018-01-04T11:00:00Z,High,-5.2M,-4.6M,-7.4M,false,false
,Monetary Base y/y,JPY,2018-01-04T18:50:00Z,None,13.1%,13.2%,11.2%,false,false
,BRC Shop Price Index y/y,GBP,2018-01-04T19:01:00Z,None,,-0.1%,-0.6%,false,false
,Goods Trade Balance,AUD,2018-01-04T19:30:00Z,High,0.55B,-0.30B,-0.63B,false,false
,German Retail Sales m/m,EUR,2018-01-05T02:00:00Z,None,1.0%,-1.0%,2.3%,false,false
,French Prelim CPI m/m,EUR,2018-01-05T02:45:00Z,None,0.3%,0.1%,0.3%,false,false
,Retail PMI,EUR,2018-01-05T04:10:00Z,None,,52.4,53.0,false,false
,CPI Flash Estimate y/y,EUR,2018-01-05T05:00:00Z,High,1.4%,1.5%,1.4%,false,false
,Core CPI Flash Estimate y/y,EUR,2018-01-05T05:00:00Z,None,1.0%,0.9%,0.9%,false,false
,PPI m/m,EUR,2018-01-05T05:00:00Z,None,0.3%,0.4%,0.6%,false,false
,Italian Prelim CPI m/m,EUR,2018-01-05T05:00:00Z,None,0.2%,-0.2%,0.4%,false,false
,Employment Change,CAD,2018-01-05T08:30:00Z,High,1.8K,79.5K,78.6K,false,false
,Trade Balance,CAD,2018-01-05T08:30:00Z,High,-1.2B,-1.6B,-2.5B,false,false
,Unemployment Rate,CAD,2018-01-05T08:30:00Z,High,6.0%,5.9%,5.7%,false,false
,Average Hourly Earnings m/m,USD,2018-01-05T08:30:00Z,High,0.3%,0.1%,0.3%,false,false
,Non-Farm Employment Change,USD,2018-01-05T08:30:00Z,High,190K,252K,148K,false,false
,Unemployment Rate,USD,2018-01-05T08:30:00Z,High,4.1%,4.1%,4.1%,false,false
,Trade Balance,USD,2018-01-05T08:30:00Z,None,-49.7B,-48.9B,-50.5B,false,false
,ISM Services PMI,USD,2018-01-05T10:00:00Z,High,57.6,57.4,55.9,false,false
,Ivey PMI,CAD,2018-01-05T10:00:00Z,None,62.2,63.0,60.4,false,false
,Factory Orders m/m,USD,2018-01-05T10:00:00Z,None,1.1%,0.4%,1.3%,false,false
,FOMC Member Mester Speaks,USD,2018-01-05T12:30:00Z,None,,,,false,false
,FOMC Member Mester Speaks,USD,2018-01-06T10:15:00Z,None,,,,false,false
,Bank Holiday,JPY,2018-01-07T00:00:00Z,None,,,,true,false
,FOMC Member Williams Speaks,USD,2018-01-07T08:00:00Z,None,,,,false,false
,AIG Construction Index,AUD,2018-01-07T17:30:00Z,None,,57.5,52.8,false,false
,German Factory Orders m/m,EUR,2018-01-08T02:00:00Z,None,0.1%,0.7%,-0.4%,false,false
,CPI m/m,CHF,2018-01-08T03:15:00Z,None,-0.1%,-0.1%,0.0%,false,false
,Lloyds HPI m/m,GBP,2018-01-08T03:30:00Z,None,0.2%,0.3%,-0.6%,false,false
,Sentix Investor Confidence,EUR,2018-01-08T04:30:00Z,None,31.5,31.1,32.9,false,false
,Retail Sales m/m,EUR,2018-01-08T05:00:00Z,None,1.4%,-1.1%,1.5%,false,false
,BOC Business Outlook Survey,CAD,2018-01-08T10:30:00Z,High,,,,false,false
,FOMC Member Bostic Speaks,USD,2018-01-08T12:40:00Z,None,,,,false,false
,FOMC Member Williams Speaks,USD,2018-01-08T13:35:00Z,None,,,,false,false
,Consumer Credit m/m,USD,2018-01-08T15:00:00Z,None,17.8B,20.5B,28.0B,false,false
,Average Cash Earnings y/y,JPY,2018-01-08T19:00:00Z,None,0.6%,0.2%,0.9%,false,false
,BRC Retail Sales Monitor y/y,GBP,2018-01-08T19:01:00Z,None,,0.6%,0.6%,false,false
,Building Approvals m/m,AUD,2018-01-08T19:30:00Z,None,-0.9%,-0.1%,11.7%,false,false
,ANZ Job Advertisements m/m,AUD,2018-01-08T19:30:00Z,None,,1.1%,-2.3%,false,false
,Consumer Confidence,JPY,2018-01-09T00:00:00Z,None,45.1,44.9,44.7,false,false
,Unemployment Rate,CHF,2018-01-09T01:45:00Z,None,3.0%,3.1%,3.0%,false,false
,German Industrial Production m/m,EUR,2018-01-09T02:00:00Z,None,1.9%,-1.2%,3.4%,false,false
,German Trade Balance,EUR,2018-01-09T02:00:00Z,None,20.7B,19.9B,22.3B,false,false
,French Trade Balance,EUR,2018-01-09T02:45:00Z,None,-4.8B,-5.3B,-5.7B,false,false
,Foreign Currency Reserves,CHF,2018-01-09T03:00:00Z,None,,738B,744B,false,false
,Retail Sales y/y,CHF,2018-01-09T03:15:00Z,None,-2.5%,-2.6%,-0.2%,false,false
,Italian Monthly Unemployment Rate,EUR,2018-01-09T04:00:00Z,None,11.0%,11.1%,11.0%,false,false
,Unemployment Rate,EUR,2018-01-09T05:00:00Z,None,8.7%,8.8%,8.7%,false,false
,10-y Bond Auction,GBP,2018-01-09T05:37:00Z,None,,1.34|2.3,1.29|2.4,false,false
,NFIB Small Business Index,USD,2018-01-09T06:00:00Z,None,108.4,107.5,104.9,false,false
,Housing Starts,CAD,2018-01-09T08:13:00Z,None,240K,252K,217K,false,false
,JOLTS Job Openings,USD,2018-01-09T10:00:00Z,None,6.05M,5.93M,5.88M,false,false
,API Weekly Statistical Bulletin,USD,2018-01-09T16:30:00Z,None,,,,false,false
,CPI y/y,CNY,2018-01-09T20:30:00Z,None,1.9%,1.7%,1.8%,false,false
,PPI y/y,CNY,2018-01-09T20:30:00Z,None,4.8%,5.8%,4.9%,false,false
,10-y Bond Auction,JPY,2018-01-09T22:45:00Z,None,,0.06|3.7,0.08|3.7,false,false
,French Industrial Production m/m,EUR,2018-01-10T02:45:00Z,None,-0.4%,1.7%,-0.5%,false,false
,Industrial Production m/m,GBP,2018-01-10T04:30:00Z,None,0.4%,0.2%,0.4%,false,false
,Manufacturing Production m/m,GBP,2018-01-10T04:30:00Z,High,0.3%,0.3%,0.4%,false,false
,Goods Trade Balance,GBP,2018-01-10T04:30:00Z,None,-10.9B,-11.7B,-12.2B,false,false
,Construction Output m/m,GBP,2018-01-10T04:30:00Z,None,0.7%,-1.1%,0.4%,false,false
,German 10-y Bond Auction,EUR,2018-01-10T05:32:00Z,None,,0.30|1.1,0.54|1.1,false,false
,NIESR GDP Estimate,GBP,2018-01-10T07:13:00Z,None,,0.6%,0.6%,false,false
,Building Permits m/m,CAD,2018-01-10T08:30:00Z,None,-0.7%,4.4%,-7.7%,false,false
,Import Prices m/m,USD,2018-01-10T08:30:00Z,None,0.4%,0.8%,0.1%,false,false
,Final Wholesale Inventories m/m,USD,2018-01-10T10:00:00Z,None,0.7%,0.7%,0.8%,false,false
,Crude Oil Inventories,USD,2018-01-10T10:30:00Z,High,-3.9M,-7.4M,-4.9M,false,false
,10-y Bond Auction,USD,2018-01-10T13:01:00Z,None,,2.38|2.4,2.58|2.7,false,false
,Retail Sales m/m,AUD,2018-01-10T19:30:00Z,High,0.4%,0.5%,1.2%,false,false
,Leading Indicators,JPY,2018-01-11T00:00:00Z,None,108.7%,106.5%,108.6%,false,false
,Italian Retail Sales m/m,EUR,2018-01-11T04:03:00Z,None,0.8%,-1.0%,1.1%,false,false
,BOE Credit Conditions Survey,GBP,2018-01-11T04:30:00Z,None,,,,false,false
,Industrial Production m/m,EUR,2018-01-11T05:00:00Z,None,0.8%,0.4%,1.0%,false,false
,ECB Monetary Policy Meeting Accounts,EUR,2018-01-11T07:30:00Z,None,,,,false,false
,NHPI m/m,CAD,2018-01-11T08:30:00Z,None,0.2%,0.1%,0.1%,false,false
,PPI m/m,USD,2018-01-11T08:30:00Z,High,0.2%,0.4%,-0.1%,false,false
,Core PPI m/m,USD,2018-01-11T08:30:00Z,None,0.2%,0.3%,-0.1%,false,false
,Unemployment Claims,USD,2018-01-11T08:30:00Z,None,246K,250K,261K,false,false
,Natural Gas Storage,USD,2018-01-11T10:30:00Z,None,-318B,-206B,-359B,false,false
,30-y Bond Auction,USD,2018-01-11T13:01:00Z,None,,2.80|2.5,2.87|2.7,false,false
,Federal Budget Balance,USD,2018-01-11T14:00:00Z,None,-34.5B,-138.5B,-23.2B,false,false
,FOMC Member Dudley Speaks,USD,2018-01-11T15:30:00Z,None,,,,false,false
,Building Consents m/m,NZD,2018-01-11T16:45:00Z,None,,-10.4%,10.8%,false,false
,Current Account,JPY,2018-01-11T18:50:00Z,None,2.19T,2.44T,1.70T,false,false
,Bank Lending y/y,JPY,2018-01-11T18:50:00Z,None,2.7%,2.7%,2.5%,false,false
,USD-Denominated Trade Balance,CNY,2018-01-11T22:03:00Z,None,36.9B,40.2B,54.7B,false,false
,Trade Balance,CNY,2018-01-11T22:07:00Z,None,237B,264B,362B,false,false
,Economy Watchers Sentiment,JPY,2018-01-12T00:00:00Z,None,55.2,55.1,53.9,false,false
,French Final CPI m/m,EUR,2018-01-12T02:45:00Z,None,0.3%,0.3%,0.3%,false,false
,M2 Money Supply y/y,CNY,2018-01-12T03:00:00Z,None,9.2%,9.1%,8.2%,false,false
,New Loans,CNY,2018-01-12T03:00:00Z,None,997B,1120B,584B,false,false
,Italian Industrial Production m/m,EUR,2018-01-12T04:00:00Z,None,0.6%,0.6%,0.0%,false,false
,Core CPI m/m,USD,2018-01-12T08:30:00Z,High,0.2%,0.1%,0.3%,false,false
,Core CPI y/y,USD,2018-01-12T08:30:00Z,High,1.7%,1.7%,1.8%,false,false
,Core Retail Sales m/m,USD,2018-01-12T08:30:00Z,High,0.3%,1.3%,0.4%,false,false
,CPI m/m,USD,2018-01-12T08:30:00Z,High,0.1%,0.4%,0.1%,false,false
,CPI y/y,USD,2018-01-12T08:30:00Z,High,2.1%,2.2%,2.1%,false,false
,Retail Sales m/m,USD,2018-01-12T08:30:00Z,High,0.5%,0.9%,0.4%,false,false
,RCM/TIPP Economic Optimism,USD,2018-01-12T09:59:00Z,None,52.3,51.9,55.1,false,false
,Business Inventories m/m,USD,2018-01-12T10:00:00Z,None,0.4%,0.0%,0.4%,false,false
,German Buba President Weidmann Speaks,EUR,2018-01-12T11:30:00Z,None,,,,false,false
,FPI m/m,NZD,2018-01-14T16:45:00Z,None,,-0.4%,-0.8%,false,false
,M2 Money Stock y/y,JPY,2018-01-14T18:50:00Z,None,4.0%,4.0%,3.6%,false,false
,Rightmove HPI m/m,GBP,2018-01-14T19:01:00Z,None,,-2.6%,0.7%,false,false
,MI Inflation Gauge m/m,AUD,2018-01-14T19:29:00Z,None,,0.2%,0.1%,false,false
,Bank Holiday,USD,2018-01-15T00:00:00Z,None,,,,true,false
,Prelim Machine Tool Orders y/y,JPY,2018-01-15T01:00:00Z,None,,46.8%,48.3%,false,false
,Trade Balance,EUR,2018-01-15T05:00:00Z,None,22.4B,19.0B,22.5B,false,false
,MPC Member Tenreyro Speaks,GBP,2018-01-15T13:15:00Z,None,,,,false,false
,NZIER Business Confidence,NZD,2018-01-15T16:00:00Z,None,,5,-12,false,false
,PPI y/y,JPY,2018-01-15T18:50:00Z,None,3.3%,3.6%,3.1%,false,false
,New Motor Vehicle Sales m/m,AUD,2018-01-15T19:30:00Z,None,,0.2%,4.5%,false,false
,Tertiary Industry Activity m/m,JPY,2018-01-15T23:30:00Z,None,0.4%,0.2%,1.1%,false,false
,German Final CPI m/m,EUR,2018-01-16T02:00:00Z,None,0.6%,0.6%,0.6%,false,false
,German WPI m/m,EUR,2018-01-16T02:00:00Z,None,0.3%,0.5%,-0.3%,false,false
,Foreign Direct Investment ytd/y,CNY,2018-01-16T02:16:00Z,None,,9.8%,7.9%,false,false
,French Gov Budget Balance,EUR,2018-01-16T03:00:00Z,None,,-77.1B,-84.7B,false,false
,CPI y/y,GBP,2018-01-16T04:30:00Z,High,3.0%,3.1%,3.0%,false,false
,PPI Input m/m,GBP,2018-01-16T04:30:00Z,None,0.5%,1.6%,0.1%,false,false
,RPI y/y,GBP,2018-01-16T04:30:00Z,None,3.9%,3.9%,4.1%,false,false
,Core CPI y/y,GBP,2018-01-16T04:30:00Z,None,2.6%,2.7%,2.5%,false,false
,HPI y/y,GBP,2018-01-16T04:30:00Z,None,4.2%,5.4%,5.1%,false,false
,PPI Output m/m,GBP,2018-01-16T04:30:00Z,None,0.2%,0.4%,0.4%,false,false
,Italian Trade Balance,EUR,2018-01-16T05:07:00Z,None,5.22B,4.99B,4.83B,false,false
,Empire State Manufacturing Index,USD,2018-01-16T08:30:00Z,None,18.5,18.0,17.7,false,false
,GDT Price Index,NZD,2018-01-16T09:21:00Z,None,,2.2%,4.9%,false,false
,CB Leading Index m/m,GBP,2018-01-16T09:30:00Z,None,,-0.2%,-0.2%,false,false
,SNB Chairman Jordan Speaks,CHF,2018-01-16T12:00:00Z,High,,,,false,false
,Westpac Consumer Sentiment,AUD,2018-01-16T18:30:00Z,None,,3.6%,1.8%,false,false
,Core Machinery Orders m/m,JPY,2018-01-16T18:50:00Z,None,-1.3%,5.0%,5.7%,false,false
,ANZ Commodity Prices m/m,NZD,2018-01-16T19:00:00Z,None,,-0.9%,-2.2%,false,false
,Home Loans m/m,AUD,2018-01-16T19:30:00Z,None,-0.1%,-0.3%,2.1%,false,false
,Final CPI y/y,EUR,2018-01-17T05:00:00Z,None,1.4%,1.5%,1.4%,false,false
,Final Core CPI y/y,EUR,2018-01-17T05:00:00Z,None,0.9%,0.9%,0.9%,false,false
,German 30-y Bond Auction,EUR,2018-01-17T05:32:00Z,None,,1.20|1.7,1.28|1.4,false,false
,MPC Member Saunders Speaks,GBP,2018-01-17T06:45:00Z,None,,,,false,false
,Capacity Utilization Rate,USD,2018-01-17T09:15:00Z,None,77.3%,77.2%,77.9%,false,false
,Industrial Production m/m,USD,2018-01-17T09:15:00Z,None,0.4%,-0.1%,0.9%,false,false
,BOC Monetary Policy Report,CAD,2018-01-17T10:00:00Z,High,,,,false,false
,BOC Rate Statement,CAD,2018-01-17T10:00:00Z,High,,,,false,false
,Overnight Rate,CAD,2018-01-17T10:00:00Z,High,1.25%,1.00%,1.25%,false,false
,NAHB Housing Market Index,USD,2018-01-17T10:00:00Z,None,73,74,72,false,false
,BOC Press Conference,CAD,2018-01-17T11:15:00Z,High,,,,false,false
,Beige Book,USD,2018-01-17T14:00:00Z,None,,,,false,false
,TIC Long-Term Purchases,USD,2018-01-17T16:00:00Z,None,50.1B,26.2B,57.5B,false,false
,FOMC Member Mester Speaks,USD,2018-01-17T16:30:00Z,None,,,,false,false
,API Weekly Statistical Bulletin,USD,2018-01-17T16:30:00Z,None,,,,false,false
,MI Inflation Expectations,AUD,2018-01-17T19:00:00Z,None,,3.7%,3.7%,false,false
,RICS House Price Balance,GBP,2018-01-17T19:01:00Z,None,-1%,0%,8%,false,false
,HIA New Home Sales m/m,AUD,2018-01-17T19:18:00Z,None,,1.6%,0.7%,false,false
,Employment Change,AUD,2018-01-17T19:30:00Z,High,13.2K,63.6K,34.7K,false,false
,Unemployment Rate,AUD,2018-01-17T19:30:00Z,High,5.4%,5.4%,5.5%,false,false
,30-y Bond Auction,JPY,2018-01-17T22:45:00Z,None,,0.85|4.4,0.83|3.8,false,false
,Revised Industrial Production m/m,JPY,2018-01-17T23:30:00Z,None,0.6%,0.6%,0.5%,false,false
,Fixed Asset Investment ytd/y,CNY,2018-01-18T02:00:00Z,None,7.1%,7.2%,7.2%,false,false
,GDP q/y,CNY,2018-01-18T02:00:00Z,High,6.7%,6.8%,6.8%,false,false
,Industrial Production y/y,CNY,2018-01-18T02:00:00Z,None,6.1%,6.1%,6.2%,false,false
,NBS Press Conference,CNY,2018-01-18T02:00:00Z,None,,,,false,false
,Retail Sales y/y,CNY,2018-01-18T02:00:00Z,None,10.1%,10.2%,9.4%,false,false
,German Buba President Weidmann Speaks,EUR,2018-01-18T03:00:00Z,None,,,,false,false
,Building Permits,USD,2018-01-18T08:30:00Z,High,1.29M,1.30M,1.30M,false,false
,Housing Starts,USD,2018-01-18T08:30:00Z,None,1.28M,1.30M,1.19M,false,false
,Philly Fed Manufacturing Index,USD,2018-01-18T08:30:00Z,None,24.9,26.2,22.2,false,false
,Unemployment Claims,USD,2018-01-18T08:30:00Z,None,250K,261K,220K,false,false
,ADP Non-Farm Employment Change,CAD,2018-01-18T08:32:00Z,None,,59.2K,-7.1K,false,false
,Natural Gas Storage,USD,2018-01-18T10:30:00Z,None,-201B,-359B,-183B,false,false
,Crude Oil Inventories,USD,2018-01-18T11:00:00Z,High,-1.4M,-4.9M,-6.9M,false,false
,BusinessNZ Manufacturing Index,NZD,2018-01-18T16:30:00Z,None,,57.7,51.2,false,false
,German PPI m/m,EUR,2018-01-19T02:00:00Z,None,0.2%,0.1%,0.2%,false,false
,PPI m/m,CHF,2018-01-19T03:15:00Z,None,0.4%,0.6%,0.2%,false,false
,Current Account,EUR,2018-01-19T04:00:00Z,None,31.3B,30.3B,32.5B,false,false
,Retail Sales m/m,GBP,2018-01-19T04:29:00Z,High,-0.8%,1.0%,-1.5%,false,false
,Manufacturing Sales m/m,CAD,2018-01-19T08:30:00Z,None,1.9%,-0.6%,3.4%,false,false
,Foreign Securities Purchases,CAD,2018-01-19T08:30:00Z,None,15.76B,20.77B,19.56B,false,false
,FOMC Member Bostic Speaks,USD,2018-01-19T08:55:00Z,None,,,,false,false
,Prelim UoM Consumer Sentiment,USD,2018-01-19T10:00:00Z,None,97.0,95.9,94.4,false,false
,Prelim UoM Inflation Expectations,USD,2018-01-19T10:00:00Z,None,,2.7%,2.8%,false,false
,FOMC Member Quarles Speaks,USD,2018-01-19T12:15:00Z,None,,,,false,false
,FOMC Member Williams Speaks,USD,2018-01-19T13:30:00Z,None,,,,false,false
,OPEC-JMMC Meetings,All,2018-01-21T00:00:00Z,None,,,,true,false
,Eurogroup Meetings,EUR,2018-01-22T00:00:00Z,None,,,,true,false
,German Buba Monthly Report,EUR,2018-01-22T06:00:00Z,None,,,,false,false
,Wholesale Sales m/m,CAD,2018-01-22T08:30:00Z,None,1.0%,1.6%,0.7%,false,false
,BusinessNZ Services Index,NZD,2018-01-22T16:30:00Z,None,,56.5,56.0,false,false
,Fed Chair Nomination Vote,USD,2018-01-22T18:00:00Z,High,Pass,,Pass,false,false
,BOJ Outlook Report,JPY,2018-01-22T22:14:00Z,High,,,,false,false
,Monetary Policy Statement,JPY,2018-01-22T22:14:00Z,High,,,,false,false
,BOJ Policy Rate,JPY,2018-01-22T22:14:00Z,None,-0.10%,-0.10%,-0.10%,false,false
,All Industries Activity m/m,JPY,2018-01-22T23:30:00Z,None,0.9%,0.3%,1.0%,false,false
,WEF Annual Meetings,All,2018-01-23T00:00:00Z,None,,,,false,false
,ECOFIN Meetings,EUR,2018-01-23T00:00:00Z,None,,,,true,false
,BOJ Press Conference,JPY,2018-01-23T01:30:00Z,High,,,,false,false
,Public Sector Net Borrowing,GBP,2018-01-23T04:30:00Z,None,4.2B,6.6B,1.0B,false,false
,ZEW Economic Sentiment,EUR,2018-01-23T05:00:00Z,None,29.7,29.0,31.8,false,false
,German ZEW Economic Sentiment,EUR,2018-01-23T05:00:00Z,None,17.8,17.4,20.4,false,false
,CBI Industrial Order Expectations,GBP,2018-01-23T06:00:00Z,None,13,17,14,false,false
,Richmond Manufacturing Index,USD,2018-01-23T09:59:00Z,None,19,20,14,false,false
,Consumer Confidence,EUR,2018-01-23T10:00:00Z,None,1,1,1,false,false
,API Weekly Statistical Bulletin,USD,2018-01-23T16:30:00Z,None,,,,false,false
,MI Leading Index m/m,AUD,2018-01-23T18:30:00Z,None,,0.1%,0.3%,false,false
,Trade Balance,JPY,2018-01-23T18:50:00Z,None,0.27T,0.29T,0.09T,false,false
,Flash Manufacturing PMI,JPY,2018-01-23T19:30:00Z,None,54.3,54.0,54.4,false,false
,Credit Card Spending y/y,NZD,2018-01-23T21:00:00Z,None,,9.1%,6.3%,false,false
,WEF Annual Meetings,All,2018-01-24T00:00:00Z,None,,,,false,false
,French Flash Manufacturing PMI,EUR,2018-01-24T03:00:00Z,None,58.7,58.8,58.1,false,false
,French Flash Services PMI,EUR,2018-01-24T03:00:00Z,None,58.9,59.1,59.3,false,false
,German Flash Manufacturing PMI,EUR,2018-01-24T03:30:00Z,None,63.2,63.3,61.2,false,false
,German Flash Services PMI,EUR,2018-01-24T03:30:00Z,None,55.6,55.8,57.0,false,false
,Flash Manufacturing PMI,EUR,2018-01-24T04:00:00Z,None,60.4,60.6,59.6,false,false
,Flash Services PMI,EUR,2018-01-24T04:00:00Z,None,56.5,56.6,57.6,false,false
,Claimant Count Change,GBP,2018-01-24T04:30:00Z,None,2.3K,12.2K,8.6K,false,false
,Average Earnings Index 3m/y,GBP,2018-01-24T04:30:00Z,High,2.5%,2.5%,2.5%,false,false
,Unemployment Rate,GBP,2018-01-24T04:30:00Z,None,4.3%,4.3%,4.3%,false,false
,HPI m/m,USD,2018-01-24T09:00:00Z,None,0.4%,0.6%,0.4%,false,false
,Flash Manufacturing PMI,USD,2018-01-24T09:45:00Z,None,55.2,55.1,55.5,false,false
,Flash Services PMI,USD,2018-01-24T09:45:00Z,None,54.5,53.7,53.3,false,false
,Existing Home Sales,USD,2018-01-24T10:00:00Z,None,5.72M,5.78M,5.57M,false,false
,CB Leading Index m/m,AUD,2018-01-24T10:30:00Z,None,,0.3%,0.3%,false,false
,Crude Oil Inventories,USD,2018-01-24T10:30:00Z,High,-1.0M,-6.9M,-1.1M,false,false
,CPI q/q,NZD,2018-01-24T16:45:00Z,High,0.4%,0.5%,0.1%,false,false
,WEF Annual Meetings,All,2018-01-25T00:00:00Z,None,,,,false,false
,Bank Holiday,AUD,2018-01-25T00:00:00Z,None,,,,true,false
,German GfK Consumer Climate,EUR,2018-01-25T02:00:00Z,None,10.8,10.8,11.0,false,false
,Spanish Unemployment Rate,EUR,2018-01-25T03:00:00Z,None,16.1%,16.4%,16.6%,false,false
,German ifo Business Climate,EUR,2018-01-25T04:00:00Z,None,117.1,117.2,117.6,false,false
,High Street Lending,GBP,2018-01-25T04:30:00Z,None,39.9K,39.0K,36.1K,false,false
,CBI Realized Sales,GBP,2018-01-25T06:00:00Z,None,12,20,12,false,false
,Main Refinancing Rate,EUR,2018-01-25T07:45:00Z,High,0.00%,0.00%,0.00%,false,false
,Monetary Policy Statement,EUR,2018-01-25T07:45:00Z,High,,,,false,false
,Unemployment Claims,USD,2018-01-25T08:30:00Z,None,239K,216K,233K,false,false
,ECB Press Conference,EUR,2018-01-25T08:30:00Z,High,,,,false,false
,Retail Sales m/m,CAD,2018-01-25T08:30:00Z,None,0.7%,1.6%,0.2%,false,false
,Core Retail Sales m/m,CAD,2018-01-25T08:30:00Z,High,0.8%,0.8%,1.6%,false,false
,Belgian NBB Business Climate,EUR,2018-01-25T09:00:00Z,None,0.4,0.1,1.8,false,false
,New Home Sales,USD,2018-01-25T10:00:00Z,None,679K,689K,625K,false,false
,CB Leading Index m/m,USD,2018-01-25T10:00:00Z,None,0.5%,0.4%,0.6%,false,false
,Natural Gas Storage,USD,2018-01-25T10:30:00Z,None,-270B,-183B,-288B,false,false
,National Core CPI y/y,JPY,2018-01-25T18:30:00Z,None,0.9%,0.9%,0.9%,false,false
,Tokyo Core CPI y/y,JPY,2018-01-25T18:30:00Z,None,0.8%,0.8%,0.7%,false,false
,Monetary Policy Meeting Minutes,JPY,2018-01-25T18:50:00Z,None,,,,false,false
,SPPI y/y,JPY,2018-01-25T18:50:00Z,None,0.8%,0.8%,0.8%,false,false
,WEF Annual Meetings,All,2018-01-26T00:00:00Z,None,,,,false,false
,M3 Money Supply y/y,EUR,2018-01-26T04:00:00Z,None,4.9%,4.9%,4.6%,false,false
,Private Loans y/y,EUR,2018-01-26T04:00:00Z,None,2.9%,2.8%,2.8%,false,false
,Prelim GDP q/q,GBP,2018-01-26T04:30:00Z,High,0.4%,0.4%,0.5%,false,false
,Index of Services 3m/3m,GBP,2018-01-26T04:30:00Z,None,0.4%,0.3%,0.4%,false,false
,President Trump Speaks,USD,2018-01-26T08:07:00Z,High,,,,false,false
,CPI m/m,CAD,2018-01-26T08:30:00Z,High,-0.3%,0.3%,-0.4%,false,false
,Common CPI y/y,CAD,2018-01-26T08:30:00Z,None,,1.5%,1.6%,false,false
,Median CPI y/y,CAD,2018-01-26T08:30:00Z,None,,1.9%,1.9%,false,false
,Trimmed CPI y/y,CAD,2018-01-26T08:30:00Z,None,,1.8%,1.9%,false,false
,Advance GDP q/q,USD,2018-01-26T08:30:00Z,High,3.0%,3.2%,2.6%,false,false
,Core Durable Goods Orders m/m,USD,2018-01-26T08:30:00Z,High,0.5%,0.3%,0.6%,false,false
,Advance GDP Price Index q/q,USD,2018-01-26T08:30:00Z,None,2.3%,2.1%,2.4%,false,false
,Durable Goods Orders m/m,USD,2018-01-26T08:30:00Z,None,0.9%,1.7%,2.9%,false,false
,Goods Trade Balance,USD,2018-01-26T08:30:00Z,None,-68.6B,-70.0B,-71.6B,false,false
,Prelim Wholesale Inventories m/m,USD,2018-01-26T08:30:00Z,None,0.4%,0.8%,0.2%,false,false
,Core CPI m/m,CAD,2018-01-26T08:33:00Z,None,,-0.1%,-0.5%,false,false
,CB Leading Index m/m,CNY,2018-01-26T09:00:00Z,None,,1.9%,1.7%,false,false
,BOE Gov Carney Speaks,GBP,2018-01-26T09:00:00Z,High,,,,false,false
,BOJ Gov Kuroda Speaks,JPY,2018-01-26T09:00:00Z,High,,,,false,false
,German Import Prices m/m,EUR,2018-01-29T02:00:00Z,None,0.3%,0.8%,0.3%,false,false
,Core PCE Price Index m/m,USD,2018-01-29T08:30:00Z,None,0.2%,0.1%,0.2%,false,false
,Personal Spending m/m,USD,2018-01-29T08:30:00Z,None,0.5%,0.8%,0.4%,false,false
,Personal Income m/m,USD,2018-01-29T08:30:00Z,None,0.3%,0.3%,0.4%,false,false
,Trade Balance,NZD,2018-01-29T16:45:00Z,None,-125M,-1233M,640M,false,false
,Household Spending y/y,JPY,2018-01-29T18:30:00Z,None,1.6%,1.7%,-0.1%,false,false
,Unemployment Rate,JPY,2018-01-29T18:30:00Z,None,2.7%,2.7%,2.8%,false,false
,Retail Sales y/y,JPY,2018-01-29T18:50:00Z,None,2.1%,2.1%,3.6%,false,false
,NAB Business Confidence,AUD,2018-01-29T19:30:00Z,None,,7,11,false,false
,BOJ Core CPI y/y,JPY,2018-01-30T00:00:00Z,None,0.5%,0.6%,0.7%,false,false
,German Prelim CPI m/m,EUR,2018-01-30T00:00:00Z,None,-0.5%,0.6%,-0.7%,true,false
,French Flash GDP q/q,EUR,2018-01-30T01:30:00Z,None,0.5%,0.6%,0.6%,false,false
,Trade Balance,CHF,2018-01-30T02:00:00Z,None,2.54B,2.58B,2.63B,false,false
,French Consumer Spending m/m,EUR,2018-01-30T02:45:00Z,None,0.4%,3.0%,-1.2%,false,false
,KOF Economic Barometer,CHF,2018-01-30T03:00:00Z,None,110.9,111.4,106.9,false,false
,Spanish Flash GDP q/q,EUR,2018-01-30T03:00:00Z,None,0.7%,0.8%,0.7%,false,false
,Net Lending to Individuals m/m,GBP,2018-01-30T04:30:00Z,None,4.8B,5.2B,5.2B,false,false
,M4 Money Supply m/m,GBP,2018-01-30T04:30:00Z,None,0.2%,0.2%,-0.6%,false,false
,Mortgage Approvals,GBP,2018-01-30T04:30:00Z,None,66K,65K,61K,false,false
,Prelim Flash GDP q/q,EUR,2018-01-30T05:00:00Z,None,0.6%,0.6%,0.6%,false,false
,Italian 10-y Bond Auction,EUR,2018-01-30T05:15:00Z,None,,1.86|1.8,2.06|1.3,false,false
,S&P/CS Composite-20 HPI y/y,USD,2018-01-30T09:00:00Z,None,6.3%,6.3%,6.4%,false,false
,CB Consumer Confidence,USD,2018-01-30T10:00:00Z,High,123.2,123.1,125.4,false,false
,BOE Gov Carney Speaks,GBP,2018-01-30T10:30:00Z,High,,,,false,false
,API Weekly Statistical Bulletin,USD,2018-01-30T16:30:00Z,None,,,,false,false
,BOJ Summary of Opinions,JPY,2018-01-30T18:50:00Z,None,,,,false,false
,Prelim Industrial Production m/m,JPY,2018-01-30T18:50:00Z,None,1.5%,0.5%,2.7%,false,false
,BRC Shop Price Index y/y,GBP,2018-01-30T19:01:00Z,None,,-0.6%,-0.5%,false,false
,GfK Consumer Confidence,GBP,2018-01-30T19:01:00Z,None,-13,-13,-9,false,false
,CPI m/m,AUD,2018-01-30T19:30:00Z,High,0.7%,0.6%,0.6%,false,false
,Trimmed Mean CPI m/m,AUD,2018-01-30T19:30:00Z,High,0.5%,0.4%,0.4%,false,false
,Private Sector Credit m/m,AUD,2018-01-30T19:30:00Z,None,0.5%,0.5%,0.3%,false,false
,Non-Manufacturing PMI,CNY,2018-01-30T19:53:00Z,None,,55.0,55.3,false,false
,Manufacturing PMI,CNY,2018-01-30T19:54:00Z,None,51.5,51.6,51.3,false,false
,President Trump Speaks,USD,2018-01-30T21:00:00Z,High,,,,false,false
,Housing Starts y/y,JPY,2018-01-31T00:00:00Z,None,1.1%,-0.4%,-2.1%,false,false
,Consumer Confidence,JPY,2018-01-31T00:02:00Z,None,44.9,44.7,44.7,false,false
,UBS Consumption Indicator,CHF,2018-01-31T02:00:00Z,None,,1.73,1.69,false,false
,German Retail Sales m/m,EUR,2018-01-31T02:00:00Z,None,-0.3%,1.9%,-1.9%,false,false
,French Prelim CPI m/m,EUR,2018-01-31T02:45:00Z,None,-0.3%,0.3%,-0.1%,false,false
,Spanish Flash CPI y/y,EUR,2018-01-31T03:00:00Z,None,0.9%,1.1%,0.5%,false,false
,German Unemployment Change,EUR,2018-01-31T03:55:00Z,None,-16K,-30K,-25K,false,false
,UBS Economic Expectations,CHF,2018-01-31T04:00:00Z,None,,52.0,34.5,false,false
,Italian Monthly Unemployment Rate,EUR,2018-01-31T04:00:00Z,None,10.9%,10.9%,10.8%,false,false
,CPI Flash Estimate y/y,EUR,2018-01-31T05:00:00Z,High,1.3%,1.4%,1.3%,false,false
,Core CPI Flash Estimate y/y,EUR,2018-01-31T05:00:00Z,None,1.0%,0.9%,1.0%,false,false
,Unemployment Rate,EUR,2018-01-31T05:00:00Z,None,8.7%,8.7%,8.7%,false,false
,ADP Non-Farm Employment Change,USD,2018-01-31T08:15:00Z,High,186K,242K,234K,false,false
,GDP m/m,CAD,2018-01-31T08:30:00Z,High,0.4%,0.0%,0.4%,false,false
,RMPI m/m,CAD,2018-01-31T08:30:00Z,None,-2.2%,5.4%,-0.9%,false,false
,IPPI m/m,CAD,2018-01-31T08:30:00Z,None,-0.2%,1.4%,-0.1%,false,false
,Employment Cost Index q/q,USD,2018-01-31T08:30:00Z,None,0.6%,0.7%,0.6%,false,false
,Chicago PMI,USD,2018-01-31T09:45:00Z,None,64.2,67.6,65.7,false,false
,Pending Home Sales m/m,USD,2018-01-31T10:00:00Z,None,0.5%,0.3%,0.5%,false,false
,Crude Oil Inventories,USD,2018-01-31T10:30:00Z,High,0.1M,-1.1M,6.8M,false,false
,Federal Funds Rate,USD,2018-01-31T14:00:00Z,High,1.50%,1.50%,1.50%,false,false
,FOMC Statement,USD,2018-01-31T14:00:00Z,High,,,,false,false
,AIG Manufacturing Index,AUD,2018-01-31T17:30:00Z,None,,56.2,58.7,false,false
,Building Approvals m/m,AUD,2018-01-31T19:30:00Z,None,-7.9%,12.6%,-20.0%,false,false
,Import Prices q/q,AUD,2018-01-31T19:30:00Z,None,1.5%,-1.6%,2.0%,false,false
,Final Manufacturing PMI,JPY,2018-01-31T19:30:00Z,None,54.4,54.4,54.8,false,false
,RatingDog Manufacturing PMI,CNY,2018-01-31T20:45:00Z,None,51.5,51.5,51.5,false,false
,10-y Bond Auction,JPY,2018-01-31T22:45:00Z,None,,0.08|3.7,0.09|4.6,false,false
,Omdia Total Vehicle Sales,USD,2018-02-01T00:00:00Z,None,17.2M,17.8M,17.1M,true,false
,Total Vehicle Sales,USD,2018-02-01T00:00:00Z,None,17.2M,17.9M,17.2M,true,false
,Commodity Prices y/y,AUD,2018-02-01T00:30:00Z,None,,-6.0%,-0.6%,false,false
,SECO Consumer Climate,CHF,2018-02-01T01:45:00Z,None,2,-2,5,false,false
,Nationwide HPI m/m,GBP,2018-02-01T01:55:00Z,None,0.2%,0.6%,0.6%,false,false
,Retail Sales y/y,CHF,2018-02-01T03:15:00Z,None,1.5%,0.3%,0.6%,false,false
,Spanish Manufacturing PMI,EUR,2018-02-01T03:15:00Z,None,55.7,55.8,55.2,false,false
,Manufacturing PMI,CHF,2018-02-01T03:30:00Z,None,64.1,65.2,65.3,false,false
,Italian Manufacturing PMI,EUR,2018-02-01T03:45:00Z,None,57.7,57.4,59.0,false,false
,French Final Manufacturing PMI,EUR,2018-02-01T03:50:00Z,None,58.1,58.1,58.4,false,false
,German Final Manufacturing PMI,EUR,2018-02-01T03:55:00Z,None,61.2,61.2,61.1,false,false
,Final Manufacturing PMI,EUR,2018-02-01T04:00:00Z,None,59.6,59.6,59.6,false,false
,Final Manufacturing PMI,GBP,2018-02-01T04:30:00Z,High,56.5,56.2,55.3,false,false
,French 10-y Bond Auction,EUR,2018-02-01T05:00:00Z,None,,0.79|1.4,0.98|2.0,false,false
,Challenger Job Cuts y/y,USD,2018-02-01T07:30:00Z,None,,-3.6%,-2.8%,false,false
,Prelim Nonfarm Productivity q/q,USD,2018-02-01T08:30:00Z,None,0.8%,2.7%,-0.1%,false,false
,Prelim Unit Labor Costs q/q,USD,2018-02-01T08:30:00Z,None,0.9%,-0.2%,2.0%,false,false
,Unemployment Claims,USD,2018-02-01T08:30:00Z,None,237K,231K,230K,false,false
,Manufacturing PMI,CAD,2018-02-01T09:30:00Z,None,,54.7,55.9,false,false
,Final Manufacturing PMI,USD,2018-02-01T09:45:00Z,None,55.5,55.5,55.5,false,false
,ISM Manufacturing PMI,USD,2018-02-01T10:00:00Z,High,58.7,59.7,59.1,false,false
,Construction Spending m/m,USD,2018-02-01T10:00:00Z,None,0.4%,0.6%,0.7%,false,false
,ISM Manufacturing Prices,USD,2018-02-01T10:00:00Z,None,68.3,69.0,72.7,false,false
,Natural Gas Storage,USD,2018-02-01T10:30:00Z,None,-102B,-288B,-99B,false,false
,Building Consents m/m,NZD,2018-02-01T16:45:00Z,None,,9.6%,-9.6%,false,false
,Visitor Arrivals m/m,NZD,2018-02-01T16:45:00Z,None,,2.5%,-2.8%,false,false
,Monetary Base y/y,JPY,2018-02-01T18:50:00Z,None,11.0%,11.2%,9.7%,false,false
,PPI q/q,AUD,2018-02-01T19:30:00Z,None,0.4%,0.2%,0.6%,false,false
,Spanish Unemployment Change,EUR,2018-02-02T03:00:00Z,None,50.3K,-61.5K,63.7K,false,false
,Construction PMI,GBP,2018-02-02T04:30:00Z,High,52.0,52.2,50.2,false,false
,PPI m/m,EUR,2018-02-02T05:00:00Z,None,0.3%,0.6%,0.2%,false,false
,Italian Prelim CPI m/m,EUR,2018-02-02T05:00:00Z,None,0.3%,0.4%,0.2%,false,false
,Average Hourly Earnings m/m,USD,2018-02-02T08:30:00Z,High,0.2%,0.4%,0.3%,false,false
,Non-Farm Employment Change,USD,2018-02-02T08:30:00Z,High,181K,160K,200K,false,false
,Unemployment Rate,USD,2018-02-02T08:30:00Z,High,4.1%,4.1%,4.1%,false,false
,Revised UoM Consumer Sentiment,USD,2018-02-02T10:00:00Z,None,95.0,94.4,95.7,false,false
,Factory Orders m/m,USD,2018-02-02T10:00:00Z,None,1.5%,1.7%,1.7%,false,false
,Revised UoM Inflation Expectations,USD,2018-02-02T10:00:00Z,None,,2.8%,2.7%,false,false
,FOMC Member Williams Speaks,USD,2018-02-02T14:30:00Z,None,,,,false,false
,AIG Services Index,AUD,2018-02-04T17:30:00Z,None,,52.0,54.9,false,false
,MI Inflation Gauge m/m,AUD,2018-02-04T19:00:00Z,None,,0.1%,0.3%,false,false
,ANZ Commodity Prices m/m,NZD,2018-02-04T19:00:00Z,None,,-1.9%,0.7%,false,false
,ANZ Job Advertisements m/m,AUD,2018-02-04T19:30:00Z,None,,-2.7%,6.2%,false,false
,RatingDog Services PMI,CNY,2018-02-04T20:45:00Z,None,53.6,53.9,54.7,false,false
,Bank Holiday,NZD,2018-02-05T00:00:00Z,None,,,,true,false
,Spanish Services PMI,EUR,2018-02-05T03:15:00Z,None,55.2,54.6,56.9,false,false
,Italian Services PMI,EUR,2018-02-05T03:45:00Z,None,56.1,55.4,57.7,false,false
,French Final Services PMI,EUR,2018-02-05T03:50:00Z,None,59.3,59.3,59.2,false,false
,German Final Services PMI,EUR,2018-02-05T03:55:00Z,None,57.0,57.0,57.3,false,false
,Final Services PMI,EUR,2018-02-05T04:00:00Z,None,57.6,57.6,58.0,false,false
,Final Services PMI,GBP,2018-02-05T04:30:00Z,High,54.1,54.2,53.0,false,false
,Sentix Investor Confidence,EUR,2018-02-05T04:30:00Z,None,33.2,32.9,31.9,false,false
,Retail Sales m/m,EUR,2018-02-05T05:00:00Z,None,-1.1%,2.0%,-1.1%,false,false
,Final Services PMI,USD,2018-02-05T09:45:00Z,None,53.3,53.3,53.3,false,false
,ISM Services PMI,USD,2018-02-05T10:00:00Z,High,56.5,55.9,59.9,false,false
,ECB President Draghi Speaks,EUR,2018-02-05T11:00:00Z,High,,,,false,false
,Loan Officer Survey,USD,2018-02-05T14:00:00Z,None,,,,false,false
,BRC Retail Sales Monitor y/y,GBP,2018-02-05T19:01:00Z,None,,0.6%,0.6%,false,false
,Goods Trade Balance,AUD,2018-02-05T19:30:00Z,High,0.25B,0.04B,-1.36B,false,false
,Retail Sales m/m,AUD,2018-02-05T19:30:00Z,High,-0.2%,1.3%,-0.5%,false,false
,RBA Rate Statement,AUD,2018-02-05T22:30:00Z,High,,,,false,false
,Cash Rate,AUD,2018-02-05T22:30:00Z,None,1.50%,1.50%,1.50%,false,false
,German Factory Orders m/m,EUR,2018-02-06T02:00:00Z,None,0.6%,-0.1%,3.8%,false,false
,French Gov Budget Balance,EUR,2018-02-06T02:45:00Z,None,,-84.7B,-67.8B,false,false
,German Buba President Weidmann Speaks,EUR,2018-02-06T04:00:00Z,None,,,,false,false
,Retail PMI,EUR,2018-02-06T04:10:00Z,None,,53.0,50.8,false,false
,Trade Balance,CAD,2018-02-06T08:30:00Z,High,-2.3B,-2.7B,-3.2B,false,false
,Trade Balance,USD,2018-02-06T08:30:00Z,None,-52.1B,-50.4B,-53.1B,false,false
,GDT Price Index,NZD,2018-02-06T09:36:00Z,None,,4.9%,5.9%,false,false
,Ivey PMI,CAD,2018-02-06T10:00:00Z,None,60.7,60.4,55.2,false,false
,JOLTS Job Openings,USD,2018-02-06T10:00:00Z,None,5.95M,5.98M,5.81M,false,false
,RCM/TIPP Economic Optimism,USD,2018-02-06T10:01:00Z,None,55.4,55.1,56.7,false,false
,API Weekly Statistical Bulletin,USD,2018-02-06T16:30:00Z,None,,,,false,false
,Employment Change q/q,NZD,2018-02-06T16:45:00Z,High,0.4%,2.2%,0.5%,false,false
,Unemployment Rate,NZD,2018-02-06T16:45:00Z,High,4.7%,4.6%,4.5%,false,false
,Labor Cost Index q/q,NZD,2018-02-06T16:45:00Z,None,0.5%,0.7%,0.4%,false,false
,AIG Construction Index,AUD,2018-02-06T17:30:00Z,None,,52.8,54.3,false,false
,Average Cash Earnings y/y,JPY,2018-02-06T19:00:00Z,None,0.6%,0.9%,0.7%,false,false
,Leading Indicators,JPY,2018-02-07T00:00:00Z,None,108.1%,108.3%,107.9%,false,false
,German Industrial Production m/m,EUR,2018-02-07T02:00:00Z,None,-0.7%,3.1%,-0.6%,false,false
,French Trade Balance,EUR,2018-02-07T02:45:00Z,None,-4.8B,-5.6B,-3.5B,false,false
,Foreign Currency Reserves,CHF,2018-02-07T03:00:00Z,None,,744B,731B,false,false
,Lloyds HPI m/m,GBP,2018-02-07T03:30:00Z,None,0.2%,-0.8%,-0.6%,false,false
,Italian Retail Sales m/m,EUR,2018-02-07T04:03:00Z,None,-0.1%,0.9%,-0.3%,false,false
,German 10-y Bond Auction,EUR,2018-02-07T05:33:00Z,None,,0.54|1.1,0.69|1.5,false,false
,EU Economic Forecasts,EUR,2018-02-07T06:30:00Z,None,,,,false,false
,Building Permits m/m,CAD,2018-02-07T08:30:00Z,None,2.1%,-7.3%,4.8%,false,false
,FOMC Member Dudley Speaks,USD,2018-02-07T08:30:00Z,None,,,,false,false
,Crude Oil Inventories,USD,2018-02-07T10:30:00Z,High,3.2M,6.8M,1.9M,false,false
,10-y Bond Auction,USD,2018-02-07T13:01:00Z,None,,2.58|2.7,2.81|2.3,false,false
,RBNZ Monetary Policy Statement,NZD,2018-02-07T15:00:00Z,High,,,,false,false
,RBNZ Rate Statement,NZD,2018-02-07T15:00:00Z,High,,,,false,false
,Official Cash Rate,NZD,2018-02-07T15:00:00Z,None,1.75%,1.75%,1.75%,false,false
,Consumer Credit m/m,USD,2018-02-07T15:00:00Z,None,19.9B,31.0B,18.4B,false,false
,RBNZ Press Conference,NZD,2018-02-07T16:00:00Z,High,,,,false,false
,FOMC Member Williams Speaks,USD,2018-02-07T17:20:00Z,None,,,,false,false
,Bank Lending y/y,JPY,2018-02-07T18:50:00Z,None,2.4%,2.5%,2.4%,false,false
,Current Account,JPY,2018-02-07T18:50:00Z,None,1.66T,1.70T,1.48T,false,false
,RBNZ Gov Spencer Speaks,NZD,2018-02-07T19:00:00Z,High,,,,false,false
,RICS House Price Balance,GBP,2018-02-07T19:01:00Z,None,5%,8%,8%,false,false
,NAB Quarterly Business Confidence,AUD,2018-02-07T19:30:00Z,None,,8,6,false,false
,Trade Balance,CNY,2018-02-07T22:07:00Z,None,328B,362B,136B,false,false
,USD-Denominated Trade Balance,CNY,2018-02-07T22:42:00Z,None,54.0B,54.7B,20.3B,false,false
,30-y Bond Auction,JPY,2018-02-07T22:45:00Z,None,,0.83|3.8,0.82|4.3,false,false
,Economy Watchers Sentiment,JPY,2018-02-08T00:00:00Z,None,53.7,53.9,49.9,false,false
,German Trade Balance,EUR,2018-02-08T02:00:00Z,None,21.5B,22.3B,21.4B,false,false
,German Buba President Weidmann Speaks,EUR,2018-02-08T03:45:00Z,None,,,,false,false
,RBA Gov Lowe Speaks,AUD,2018-02-08T04:00:00Z,High,,,,false,false
,ECB Economic Bulletin,EUR,2018-02-08T04:00:00Z,None,,,,false,false
,BOE Monetary Policy Report,GBP,2018-02-08T07:00:00Z,High,,,,false,false
,Monetary Policy Summary,GBP,2018-02-08T07:00:00Z,High,,,,false,false
,MPC Official Bank Rate Votes,GBP,2018-02-08T07:00:00Z,High,0-0-9,0-0-9,0-0-9,false,false
,Official Bank Rate,GBP,2018-02-08T07:00:00Z,High,0.50%,0.50%,0.50%,false,false
,BOE Inflation Letter,GBP,2018-02-08T07:00:00Z,None,,,,false,false
,MPC Asset Purchase Facility Votes,GBP,2018-02-08T07:00:00Z,None,0-0-9,0-0-9,0-0-9,false,false
,Asset Purchase Facility,GBP,2018-02-08T07:00:00Z,None,435B,435B,435B,false,false
,Housing Starts,CAD,2018-02-08T08:13:00Z,None,211K,218K,216K,false,false
,NHPI m/m,CAD,2018-02-08T08:30:00Z,None,0.1%,0.1%,0.0%,false,false
,Unemployment Claims,USD,2018-02-08T08:30:00Z,None,232K,230K,221K,false,false
,Mortgage Delinquencies,USD,2018-02-08T10:00:00Z,None,,4.88%,5.17%,false,false
,Natural Gas Storage,USD,2018-02-08T10:30:00Z,None,-116B,-99B,-119B,false,false
,Gov Council Member Wilkins Speaks,CAD,2018-02-08T13:00:00Z,None,,,,false,false
,30-y Bond Auction,USD,2018-02-08T13:01:00Z,None,,2.87|2.7,3.12|2.3,false,false
,M2 Money Stock y/y,JPY,2018-02-08T18:50:00Z,None,3.6%,3.6%,3.4%,false,false
,RBA Monetary Policy Statement,AUD,2018-02-08T19:30:00Z,High,,,,false,false
,Home Loans m/m,AUD,2018-02-08T19:30:00Z,None,-1.1%,1.6%,-2.3%,false,false
,CPI y/y,CNY,2018-02-08T20:30:00Z,None,1.5%,1.8%,1.5%,false,false
,PPI y/y,CNY,2018-02-08T20:30:00Z,None,4.4%,4.9%,4.3%,false,false
,Tertiary Industry Activity m/m,JPY,2018-02-08T23:30:00Z,None,0.2%,1.1%,-0.2%,false,false
,Unemployment Rate,CHF,2018-02-09T01:45:00Z,None,3.0%,3.0%,3.0%,false,false
,French Industrial Production m/m,EUR,2018-02-09T02:45:00Z,None,0.1%,-0.3%,0.5%,false,false
,Italian Industrial Production m/m,EUR,2018-02-09T04:00:00Z,None,0.7%,0.2%,1.6%,false,false
,Manufacturing Production m/m,GBP,2018-02-09T04:30:00Z,High,0.3%,0.2%,0.3%,false,false
,Goods Trade Balance,GBP,2018-02-09T04:30:00Z,None,-11.6B,-12.5B,-13.6B,false,false
,Construction Output m/m,GBP,2018-02-09T04:30:00Z,None,0.0%,0.1%,1.6%,false,false
,Industrial Production m/m,GBP,2018-02-09T04:30:00Z,None,-0.9%,0.3%,-1.3%,false,false
,NIESR GDP Estimate,GBP,2018-02-09T07:03:00Z,None,,0.6%,0.5%,false,false
,Employment Change,CAD,2018-02-09T08:30:00Z,High,10.3K,78.6K,-88.0K,false,false
,Unemployment Rate,CAD,2018-02-09T08:30:00Z,High,5.8%,5.7%,5.9%,false,false
,Final Wholesale Inventories m/m,USD,2018-02-09T10:00:00Z,None,0.2%,0.2%,0.4%,false,false
,MPC Member Cunliffe Speaks,GBP,2018-02-09T11:45:00Z,None,,,,false,false
,Bank Holiday,JPY,2018-02-11T00:00:00Z,None,,,,true,false
,CPI m/m,CHF,2018-02-12T03:15:00Z,None,-0.1%,0.0%,-0.1%,false,false
,M2 Money Supply y/y,CNY,2018-02-12T04:01:00Z,None,8.2%,8.2%,8.6%,false,false
,New Loans,CNY,2018-02-12T04:01:00Z,None,2050B,584B,2900B,false,false
,MPC Member Vlieghe Speaks,GBP,2018-02-12T04:50:00Z,None,,,,false,false
,MPC Member McCafferty Speaks,GBP,2018-02-12T11:30:00Z,None,,,,false,false
,Federal Budget Balance,USD,2018-02-12T14:00:00Z,None,50.2B,-23.2B,49.2B,false,false
,RBA Assist Gov Ellis Speaks,AUD,2018-02-12T16:50:00Z,None,,,,false,false
,PPI y/y,JPY,2018-02-12T18:50:00Z,None,2.7%,3.0%,2.7%,false,false
,NAB Business Confidence,AUD,2018-02-12T19:30:00Z,None,,10,12,false,false
,Prelim Machine Tool Orders y/y,JPY,2018-02-13T00:58:00Z,None,,48.3%,48.8%,false,false
,French Prelim Private Payrolls q/q,EUR,2018-02-13T02:45:00Z,None,0.2%,0.3%,0.3%,false,false
,PPI m/m,CHF,2018-02-13T03:15:00Z,None,0.2%,0.2%,0.3%,false,false
,CPI y/y,GBP,2018-02-13T04:30:00Z,High,2.9%,3.0%,3.0%,false,false
,PPI Input m/m,GBP,2018-02-13T04:30:00Z,None,0.7%,0.6%,0.7%,false,false
,RPI y/y,GBP,2018-02-13T04:30:00Z,None,4.1%,4.1%,4.0%,false,false
,Core CPI y/y,GBP,2018-02-13T04:30:00Z,None,2.6%,2.5%,2.7%,false,false
,HPI y/y,GBP,2018-02-13T04:30:00Z,None,4.9%,5.0%,5.2%,false,false
,PPI Output m/m,GBP,2018-02-13T04:30:00Z,None,0.2%,0.4%,0.1%,false,false
,NFIB Small Business Index,USD,2018-02-13T06:00:00Z,None,106.2,104.9,106.9,false,false
,FOMC Member Mester Speaks,USD,2018-02-13T08:00:00Z,None,,,,false,false
,API Weekly Statistical Bulletin,USD,2018-02-13T16:30:00Z,None,,,,false,false
,FPI m/m,NZD,2018-02-13T16:45:00Z,None,,-0.8%,1.2%,false,false
,Westpac Consumer Sentiment,AUD,2018-02-13T18:30:00Z,None,,1.8%,-2.3%,false,false
,Prelim GDP Price Index y/y,JPY,2018-02-13T18:50:00Z,None,0.0%,0.2%,0.0%,false,false
,Prelim GDP q/q,JPY,2018-02-13T18:50:00Z,None,0.2%,0.6%,0.1%,false,false
,Inflation Expectations q/q,NZD,2018-02-13T21:00:00Z,High,,2.02%,2.11%,false,false
,Foreign Direct Investment ytd/y,CNY,2018-02-13T22:28:00Z,None,,7.9%,0.3%,false,false
,Bank Holiday,CNY,2018-02-14T00:00:00Z,None,,,,true,false
,German Prelim GDP q/q,EUR,2018-02-14T02:00:00Z,None,0.6%,0.8%,0.6%,false,false
,German Final CPI m/m,EUR,2018-02-14T02:00:00Z,None,-0.7%,-0.7%,-0.7%,false,false
,German Buba President Weidmann Speaks,EUR,2018-02-14T03:00:00Z,None,,,,false,false
,Gov Board Member Zurbrugg Speaks,CHF,2018-02-14T03:50:00Z,None,,,,false,false
,Italian Prelim GDP q/q,EUR,2018-02-14T04:00:00Z,None,0.4%,0.4%,0.3%,false,false
,Flash GDP q/q,EUR,2018-02-14T05:00:00Z,None,0.6%,0.6%,0.6%,false,false
,Industrial Production m/m,EUR,2018-02-14T05:00:00Z,None,0.1%,1.3%,0.4%,false,false
,German 30-y Bond Auction,EUR,2018-02-14T05:33:00Z,None,,1.28|1.4,1.33|1.5,false,false
,Gov Board Member Zurbrugg Speaks,CHF,2018-02-14T06:20:00Z,None,,,,false,false
,Core CPI m/m,USD,2018-02-14T08:30:00Z,High,0.2%,0.3%,0.3%,false,false
,Core CPI y/y,USD,2018-02-14T08:30:00Z,High,1.8%,1.8%,1.8%,false,false
,Core Retail Sales m/m,USD,2018-02-14T08:30:00Z,High,0.5%,0.1%,0.0%,false,false
,CPI m/m,USD,2018-02-14T08:30:00Z,High,0.3%,0.1%,0.5%,false,false
,CPI y/y,USD,2018-02-14T08:30:00Z,High,1.9%,2.1%,2.1%,false,false
,Retail Sales m/m,USD,2018-02-14T08:30:00Z,High,0.2%,0.0%,-0.3%,false,false
,CB Leading Index m/m,GBP,2018-02-14T09:30:00Z,None,,-0.2%,-0.2%,false,false
,Business Inventories m/m,USD,2018-02-14T10:00:00Z,None,0.3%,0.4%,0.4%,false,false
,Crude Oil Inventories,USD,2018-02-14T10:30:00Z,High,2.8M,1.9M,1.8M,false,false
,Core Machinery Orders m/m,JPY,2018-02-14T18:50:00Z,None,-1.9%,5.7%,-11.9%,false,false
,MI Inflation Expectations,AUD,2018-02-14T19:00:00Z,None,,3.7%,3.6%,false,false
,Employment Change,AUD,2018-02-14T19:30:00Z,High,15.3K,33.5K,16.0K,false,false
,Unemployment Rate,AUD,2018-02-14T19:30:00Z,High,5.5%,5.6%,5.5%,false,false
,Revised Industrial Production m/m,JPY,2018-02-14T23:30:00Z,None,2.7%,2.7%,2.9%,false,false
,Bank Holiday,CNY,2018-02-15T00:00:00Z,None,,,,true,false
,Italian Trade Balance,EUR,2018-02-15T04:00:00Z,None,4.44B,4.84B,5.25B,false,false
,Spanish 10-y Bond Auction,EUR,2018-02-15T04:55:00Z,None,,1.53|1.8,1.58|2.5,false,false
,Trade Balance,EUR,2018-02-15T05:00:00Z,None,22.4B,22.0B,23.8B,false,false
,Empire State Manufacturing Index,USD,2018-02-15T08:30:00Z,None,17.7,17.7,13.1,false,false
,ADP Non-Farm Employment Change,CAD,2018-02-15T08:30:00Z,None,,-13.5K,10.7K,false,false
,PPI m/m,USD,2018-02-15T08:30:00Z,High,0.4%,-0.1%,0.4%,false,false
,Philly Fed Manufacturing Index,USD,2018-02-15T08:30:00Z,None,21.5,22.2,25.8,false,false
,Unemployment Claims,USD,2018-02-15T08:30:00Z,None,229K,223K,230K,false,false
,Core PPI m/m,USD,2018-02-15T08:30:00Z,None,0.2%,-0.1%,0.4%,false,false
,Capacity Utilization Rate,USD,2018-02-15T09:15:00Z,None,78.0%,77.7%,77.5%,false,false
,Industrial Production m/m,USD,2018-02-15T09:15:00Z,None,0.2%,0.4%,-0.1%,false,false
,NAHB Housing Market Index,USD,2018-02-15T10:00:00Z,None,72,72,72,false,false
,Natural Gas Storage,USD,2018-02-15T10:30:00Z,None,-193B,-119B,-194B,false,false
,Gov Council Member Schembri Speaks,CAD,2018-02-15T13:30:00Z,None,,,,false,false
,TIC Long-Term Purchases,USD,2018-02-15T16:00:00Z,None,50.3B,57.5B,27.3B,false,false
,BusinessNZ Manufacturing Index,NZD,2018-02-15T16:30:00Z,High,,51.1,55.6,false,false
,RBA Gov Lowe Speaks,AUD,2018-02-15T17:30:00Z,High,,,,false,false
,German WPI m/m,EUR,2018-02-16T02:00:00Z,None,0.2%,-0.3%,0.9%,false,false
,Retail Sales m/m,GBP,2018-02-16T04:30:00Z,High,0.5%,-1.4%,0.1%,false,false
,Manufacturing Sales m/m,CAD,2018-02-16T08:30:00Z,None,0.2%,3.8%,-0.3%,false,false
,Building Permits,USD,2018-02-16T08:30:00Z,High,1.29M,1.30M,1.40M,false,false
,Housing Starts,USD,2018-02-16T08:30:00Z,None,1.23M,1.21M,1.33M,false,false
,Import Prices m/m,USD,2018-02-16T08:30:00Z,None,0.6%,0.2%,1.0%,false,false
,Foreign Securities Purchases,CAD,2018-02-16T08:30:00Z,None,19.18B,19.20B,-1.97B,false,false
,Prelim UoM Consumer Sentiment,USD,2018-02-16T10:00:00Z,None,95.4,95.7,99.9,false,false
,Prelim UoM Inflation Expectations,USD,2018-02-16T10:00:00Z,None,,2.7%,2.7%,false,false
,Bank Holiday,CNY,2018-02-18T00:00:00Z,None,,,,true,false
,BusinessNZ Services Index,NZD,2018-02-18T16:30:00Z,None,,56.0,55.8,false,false
,Trade Balance,JPY,2018-02-18T18:50:00Z,None,0.14T,0.09T,0.37T,false,false
,Rightmove HPI m/m,GBP,2018-02-18T19:01:00Z,None,,0.7%,0.8%,false,false
,Eurogroup Meetings,EUR,2018-02-19T00:00:00Z,None,,,,true,false
,Bank Holiday,CAD,2018-02-19T00:00:00Z,None,,,,true,false
,Bank Holiday,USD,2018-02-19T00:00:00Z,None,,,,true,false
,Bank Holiday,CNY,2018-02-19T00:00:00Z,None,,,,true,false
,Current Account,EUR,2018-02-19T04:00:00Z,None,30.5B,35.0B,29.9B,false,false
,German Buba Monthly Report,EUR,2018-02-19T06:00:00Z,None,,,,false,false
,BOE Gov Carney Speaks,GBP,2018-02-19T14:45:00Z,High,,,,false,false
,PPI Output q/q,NZD,2018-02-19T16:45:00Z,None,0.4%,1.0%,1.0%,false,false
,PPI Input q/q,NZD,2018-02-19T16:45:00Z,None,0.3%,1.1%,0.9%,false,false
,RBA Gov Bullock Speaks,AUD,2018-02-19T17:15:00Z,None,,,,false,false
,Monetary Policy Meeting Minutes,AUD,2018-02-19T19:30:00Z,High,,,,false,false
,Bank Holiday,CNY,2018-02-20T00:00:00Z,None,,,,true,false
,ECOFIN Meetings,EUR,2018-02-20T00:00:00Z,None,,,,true,false
,Trade Balance,CHF,2018-02-20T02:00:00Z,None,2.78B,2.60B,2.09B,false,false
,German PPI m/m,EUR,2018-02-20T02:00:00Z,None,0.3%,0.2%,0.5%,false,false
,German ZEW Economic Sentiment,EUR,2018-02-20T05:00:00Z,None,16.0,20.4,17.8,false,false
,ZEW Economic Sentiment,EUR,2018-02-20T05:00:00Z,None,28.4,31.8,29.3,false,false
,CBI Industrial Order Expectations,GBP,2018-02-20T06:00:00Z,None,12,14,10,false,false
,Wholesale Sales m/m,CAD,2018-02-20T08:30:00Z,None,0.4%,0.3%,-0.5%,false,false
,GDT Price Index,NZD,2018-02-20T09:44:00Z,None,,5.9%,-0.5%,false,false
,Consumer Confidence,EUR,2018-02-20T10:00:00Z,None,1,1,0,false,false
,MI Leading Index m/m,AUD,2018-02-20T18:30:00Z,None,,0.2%,-0.2%,false,false
,Construction Work Done q/q,AUD,2018-02-20T19:30:00Z,None,-9.8%,16.6%,-19.4%,false,false
,Wage Price Index q/q,AUD,2018-02-20T19:30:00Z,None,0.5%,0.5%,0.6%,false,false
,Flash Manufacturing PMI,JPY,2018-02-20T19:30:00Z,None,55.2,54.8,54.0,false,false
,All Industries Activity m/m,JPY,2018-02-20T23:30:00Z,None,0.5%,1.0%,0.5%,false,false
,French Flash Manufacturing PMI,EUR,2018-02-21T03:00:00Z,None,58.1,58.4,56.1,false,false
,French Flash Services PMI,EUR,2018-02-21T03:00:00Z,None,59.1,59.2,57.9,false,false
,German Flash Manufacturing PMI,EUR,2018-02-21T03:30:00Z,None,60.6,61.1,60.3,false,false
,German Flash Services PMI,EUR,2018-02-21T03:30:00Z,None,56.9,57.3,55.3,false,false
,Flash Manufacturing PMI,EUR,2018-02-21T04:00:00Z,None,59.2,59.6,58.5,false,false
,Flash Services PMI,EUR,2018-02-21T04:00:00Z,None,57.7,58.0,56.7,false,false
,Unemployment Rate,GBP,2018-02-21T04:30:00Z,None,4.3%,4.3%,4.4%,false,false
,Claimant Count Change,GBP,2018-02-21T04:30:00Z,None,2.3K,6.2K,-7.2K,false,false
,Public Sector Net Borrowing,GBP,2018-02-21T04:30:00Z,None,-11.5B,0.3B,-11.6B,false,false
,Average Earnings Index 3m/y,GBP,2018-02-21T04:30:00Z,High,2.5%,2.5%,2.5%,false,false
,Monetary Policy Report Hearings,GBP,2018-02-21T09:15:00Z,High,,,,false,false
,Flash Manufacturing PMI,USD,2018-02-21T09:45:00Z,None,55.4,55.5,55.9,false,false
,Flash Services PMI,USD,2018-02-21T09:45:00Z,None,53.8,53.3,55.9,false,false
,Existing Home Sales,USD,2018-02-21T10:00:00Z,None,5.61M,5.56M,5.38M,false,false
,CB Leading Index m/m,AUD,2018-02-21T10:30:00Z,None,,0.4%,-0.3%,false,false
,FOMC Meeting Minutes,USD,2018-02-21T14:00:00Z,High,,,,false,false
,API Weekly Statistical Bulletin,USD,2018-02-21T16:30:00Z,None,,,,false,false
,Credit Card Spending y/y,NZD,2018-02-21T21:06:00Z,None,,6.2%,4.6%,false,false
,OPEC-JMMC Meetings,All,2018-02-22T00:00:00Z,None,,,,true,false
,FOMC Member Quarles Speaks,USD,2018-02-22T00:15:00Z,None,,,,false,false
,French Final CPI m/m,EUR,2018-02-22T02:45:00Z,None,-0.1%,-0.1%,-0.1%,false,false
,German ifo Business Climate,EUR,2018-02-22T04:00:00Z,None,117.1,117.6,115.4,false,false
,Second Estimate GDP q/q,GBP,2018-02-22T04:30:00Z,High,0.5%,0.5%,0.4%,false,false
,Prelim Business Investment q/q,GBP,2018-02-22T04:30:00Z,None,0.5%,0.5%,0.0%,false,false
,Index of Services 3m/3m,GBP,2018-02-22T04:30:00Z,None,0.4%,0.4%,0.6%,false,false
,CBI Realized Sales,GBP,2018-02-22T06:00:00Z,None,13,12,8,false,false
,ECB Monetary Policy Meeting Accounts,EUR,2018-02-22T07:30:00Z,High,,,,false,false
,Core Retail Sales m/m,CAD,2018-02-22T08:30:00Z,High,0.1%,1.7%,-1.8%,false,false
,Retail Sales m/m,CAD,2018-02-22T08:30:00Z,None,0.0%,0.3%,-0.8%,false,false
,Corporate Profits q/q,CAD,2018-02-22T08:30:00Z,None,,8.5%,-1.9%,false,false
,Unemployment Claims,USD,2018-02-22T08:30:00Z,None,230K,229K,222K,false,false
,Belgian NBB Business Climate,EUR,2018-02-22T08:58:00Z,None,1.5,1.8,1.9,false,false
,CB Leading Index m/m,USD,2018-02-22T10:00:00Z,None,0.7%,0.6%,1.0%,false,false
,FOMC Member Dudley Speaks,USD,2018-02-22T10:00:00Z,None,,,,false,false
,Natural Gas Storage,USD,2018-02-22T10:30:00Z,None,-121B,-194B,-124B,false,false
,Crude Oil Inventories,USD,2018-02-22T11:00:00Z,High,2.2M,1.8M,-1.6M,false,false
,FOMC Member Bostic Speaks,USD,2018-02-22T12:10:00Z,None,,,,false,false
,Retail Sales q/q,NZD,2018-02-22T16:45:00Z,High,1.4%,0.3%,1.7%,false,false
,Core Retail Sales q/q,NZD,2018-02-22T16:45:00Z,None,0.7%,0.6%,1.8%,false,false
,National Core CPI y/y,JPY,2018-02-22T18:30:00Z,None,0.8%,0.9%,0.9%,false,false
,SPPI y/y,JPY,2018-02-22T18:50:00Z,None,0.8%,0.8%,0.7%,false,false
,German Final GDP q/q,EUR,2018-02-23T02:00:00Z,None,0.6%,0.6%,0.6%,false,false
,Final CPI y/y,EUR,2018-02-23T05:00:00Z,None,1.3%,1.3%,1.3%,false,false
,Final Core CPI y/y,EUR,2018-02-23T05:00:00Z,None,1.0%,1.0%,1.0%,false,false
,MPC Member Ramsden Speaks,GBP,2018-02-23T07:00:00Z,None,,,,false,false
,CPI m/m,CAD,2018-02-23T08:30:00Z,High,0.4%,-0.4%,0.7%,false,false
,Common CPI y/y,CAD,2018-02-23T08:30:00Z,None,,1.6%,1.8%,false,false
,Median CPI y/y,CAD,2018-02-23T08:30:00Z,None,,1.9%,1.9%,false,false
,Trimmed CPI y/y,CAD,2018-02-23T08:30:00Z,None,,1.9%,1.8%,false,false
,Core CPI m/m,CAD,2018-02-23T08:30:00Z,None,,-0.5%,0.5%,false,false
,CB Leading Index m/m,CNY,2018-02-23T09:00:00Z,None,,1.4%,1.6%,false,false
,FOMC Member Dudley Speaks,USD,2018-02-23T10:15:00Z,None,,,,false,false
,Fed Monetary Policy Report,USD,2018-02-23T11:00:00Z,None,,,,false,false
,FOMC Member Mester Speaks,USD,2018-02-23T13:30:00Z,None,,,,false,false
,FOMC Member Williams Speaks,USD,2018-02-23T15:40:00Z,None,,,,false,false
,High Street Lending,GBP,2018-02-26T04:30:00Z,None,37.2K,36.1K,40.1K,false,false
,ECB President Draghi Speaks,EUR,2018-02-26T09:40:00Z,High,,,,false,false
,New Home Sales,USD,2018-02-26T10:00:00Z,None,655K,643K,593K,false,false
,MPC Member Cunliffe Speaks,GBP,2018-02-26T13:00:00Z,None,,,,false,false
,FOMC Member Quarles Speaks,USD,2018-02-26T15:15:00Z,None,,,,false,false
,Trade Balance,NZD,2018-02-26T16:45:00Z,None,-2710M,596M,-566M,false,false
,BOJ Core CPI y/y,JPY,2018-02-27T00:00:00Z,None,0.6%,0.7%,0.8%,false,false
,German Prelim CPI m/m,EUR,2018-02-27T00:00:00Z,None,0.5%,-0.7%,0.5%,true,false
,Spanish Flash CPI y/y,EUR,2018-02-27T03:00:00Z,None,0.9%,0.6%,1.1%,false,false
,M3 Money Supply y/y,EUR,2018-02-27T04:00:00Z,None,4.6%,4.6%,4.6%,false,false
,Private Loans y/y,EUR,2018-02-27T04:00:00Z,None,2.9%,2.9%,2.9%,false,false
,German Buba President Weidmann Speaks,EUR,2018-02-27T05:00:00Z,None,,,,false,false
,Italian 10-y Bond Auction,EUR,2018-02-27T05:16:00Z,None,,2.06|1.3,2.06|1.4,false,false
,Core Durable Goods Orders m/m,USD,2018-02-27T08:30:00Z,High,0.4%,0.7%,-0.3%,false,false
,Fed Chairman Powell Testifies,USD,2018-02-27T08:30:00Z,High,,,,false,false
,Durable Goods Orders m/m,USD,2018-02-27T08:30:00Z,None,-2.4%,2.8%,-3.7%,false,false
,Goods Trade Balance,USD,2018-02-27T08:30:00Z,None,-72.3B,-72.3B,-74.4B,false,false
,Prelim Wholesale Inventories m/m,USD,2018-02-27T08:30:00Z,None,0.3%,0.4%,0.7%,false,false
,S&P/CS Composite-20 HPI y/y,USD,2018-02-27T09:00:00Z,None,6.3%,6.4%,6.3%,false,false
,HPI m/m,USD,2018-02-27T09:03:00Z,None,0.4%,0.5%,0.3%,false,false
,CB Consumer Confidence,USD,2018-02-27T10:00:00Z,High,126.2,124.3,130.8,false,false
,Richmond Manufacturing Index,USD,2018-02-27T10:00:00Z,None,15,14,28,false,false
,Annual Budget Release,CAD,2018-02-27T16:00:00Z,None,,,,false,false
,API Weekly Statistical Bulletin,USD,2018-02-27T16:30:00Z,None,,,,false,false
,Visitor Arrivals m/m,NZD,2018-02-27T16:59:00Z,None,,-2.8%,0.0%,false,false
,GfK Consumer Confidence,GBP,2018-02-27T18:29:00Z,None,-10,-9,-10,false,false
,Prelim Industrial Production m/m,JPY,2018-02-27T18:50:00Z,None,-4.1%,2.9%,-6.6%,false,false
,Retail Sales y/y,JPY,2018-02-27T18:50:00Z,None,2.3%,3.6%,1.6%,false,false
,ANZ Business Confidence,NZD,2018-02-27T19:00:00Z,High,,-37.8,-19.0,false,false
,BRC Shop Price Index y/y,GBP,2018-02-27T19:01:00Z,None,,-0.5%,-0.8%,false,false
,Private Sector Credit m/m,AUD,2018-02-27T19:30:00Z,None,0.4%,0.3%,0.3%,false,false
,Manufacturing PMI,CNY,2018-02-27T19:52:00Z,None,51.2,51.3,50.3,false,false
,Non-Manufacturing PMI,CNY,2018-02-27T19:52:00Z,None,,55.3,54.4,false,false
,Housing Starts y/y,JPY,2018-02-28T00:00:00Z,None,-4.5%,-2.1%,-13.2%,false,false
,German GfK Consumer Climate,EUR,2018-02-28T02:00:00Z,None,10.8,11.0,10.8,false,false
,French Prelim GDP q/q,EUR,2018-02-28T02:45:00Z,None,0.6%,0.6%,0.6%,false,false
,French Prelim CPI m/m,EUR,2018-02-28T02:45:00Z,None,0.3%,-0.1%,-0.1%,false,false
,French Consumer Spending m/m,EUR,2018-02-28T02:45:00Z,None,0.5%,-1.2%,-1.9%,false,false
,KOF Economic Barometer,CHF,2018-02-28T03:00:00Z,None,106.2,107.6,108.0,false,false
,German Unemployment Change,EUR,2018-02-28T03:55:00Z,None,-17K,-25K,-22K,false,false
,UBS Economic Expectations,CHF,2018-02-28T04:00:00Z,None,,34.5,25.8,false,false
,Core CPI Flash Estimate y/y,EUR,2018-02-28T05:00:00Z,None,1.0%,1.0%,1.0%,false,false
,CPI Flash Estimate y/y,EUR,2018-02-28T05:00:00Z,None,1.2%,1.3%,1.2%,false,false
,Italian Prelim CPI m/m,EUR,2018-02-28T05:00:00Z,None,0.3%,0.3%,0.1%,false,false
,German 10-y Bond Auction,EUR,2018-02-28T05:34:00Z,None,,0.69|1.5,0.67|1.2,false,false
,RMPI m/m,CAD,2018-02-28T08:30:00Z,None,1.8%,-0.9%,3.3%,false,false
,IPPI m/m,CAD,2018-02-28T08:30:00Z,None,0.5%,-0.1%,0.3%,false,false
,Prelim GDP q/q,USD,2018-02-28T08:30:00Z,High,2.5%,2.6%,2.5%,false,false
,Prelim GDP Price Index q/q,USD,2018-02-28T08:30:00Z,None,2.4%,2.4%,2.3%,false,false
,Chicago PMI,USD,2018-02-28T09:45:00Z,None,64.2,65.7,61.9,false,false
,Pending Home Sales m/m,USD,2018-02-28T10:00:00Z,None,0.4%,0.0%,-4.7%,false,false
,Crude Oil Inventories,USD,2018-02-28T10:30:00Z,High,2.4M,-1.6M,3.0M,false,false
,AIG Manufacturing Index,AUD,2018-02-28T16:30:00Z,None,,58.7,57.5,false,false
,Overseas Trade Index q/q,NZD,2018-02-28T16:45:00Z,None,0.5%,1.3%,0.8%,false,false
,Capital Spending q/y,JPY,2018-02-28T18:50:00Z,None,3.1%,4.2%,4.3%,false,false
,Private Capital Expenditure q/q,AUD,2018-02-28T19:30:00Z,High,1.0%,1.9%,-0.2%,false,false
,Final Manufacturing PMI,JPY,2018-02-28T19:30:00Z,None,54.0,54.0,54.1,false,false
,RatingDog Manufacturing PMI,CNY,2018-02-28T20:45:00Z,None,51.3,51.5,51.6,false,false
,10-y Bond Auction,JPY,2018-02-28T22:45:00Z,None,,0.09|4.6,0.06|4.5,false,false
,Consumer Confidence,JPY,2018-03-01T00:00:00Z,None,44.9,44.7,44.3,false,false
,Omdia Total Vehicle Sales,USD,2018-03-01T00:00:00Z,None,17.2M,17.1M,17.0M,true,false
,Total Vehicle Sales,USD,2018-03-01T00:00:00Z,None,17.2M,17.2M,17.1M,true,false
,Commodity Prices y/y,AUD,2018-03-01T00:30:00Z,None,,-1.1%,-1.0%,false,false
,GDP q/q,CHF,2018-03-01T01:45:00Z,None,0.6%,0.7%,0.6%,false,false
,Nationwide HPI m/m,GBP,2018-03-01T02:00:00Z,None,0.2%,0.8%,-0.3%,false,false
,Retail Sales y/y,CHF,2018-03-01T03:15:00Z,None,1.1%,0.7%,-1.4%,false,false
,Spanish Manufacturing PMI,EUR,2018-03-01T03:15:00Z,None,54.8,55.2,56.0,false,false
,Manufacturing PMI,CHF,2018-03-01T03:30:00Z,None,64.1,65.3,65.5,false,false
,Italian Manufacturing PMI,EUR,2018-03-01T03:45:00Z,None,57.9,59.0,56.8,false,false
,French Final Manufacturing PMI,EUR,2018-03-01T03:50:00Z,None,56.1,56.1,55.9,false,false
,German Final Manufacturing PMI,EUR,2018-03-01T03:55:00Z,None,60.3,60.3,60.6,false,false
,Final Manufacturing PMI,EUR,2018-03-01T04:00:00Z,None,58.5,58.5,58.6,false,false
,Italian Monthly Unemployment Rate,EUR,2018-03-01T04:00:00Z,None,10.8%,10.9%,11.1%,false,false
,Final Manufacturing PMI,GBP,2018-03-01T04:30:00Z,High,55.1,55.3,55.2,false,false
,Net Lending to Individuals m/m,GBP,2018-03-01T04:30:00Z,None,5.4B,5.1B,4.7B,false,false
,M4 Money Supply m/m,GBP,2018-03-01T04:30:00Z,None,0.4%,-0.6%,1.5%,false,false
,Mortgage Approvals,GBP,2018-03-01T04:30:00Z,None,62K,62K,67K,false,false
,Spanish 10-y Bond Auction,EUR,2018-03-01T04:49:00Z,None,,1.58|2.5,1.50|2.0,false,false
,Unemployment Rate,EUR,2018-03-01T05:00:00Z,None,8.6%,8.6%,8.6%,false,false
,French 10-y Bond Auction,EUR,2018-03-01T05:03:00Z,None,,0.98|2.0,0.90|1.9,false,false
,Current Account,CAD,2018-03-01T08:30:00Z,None,-17.8B,-18.6B,-16.3B,false,false
,Core PCE Price Index m/m,USD,2018-03-01T08:30:00Z,None,0.3%,0.2%,0.3%,false,false
,Personal Spending m/m,USD,2018-03-01T08:30:00Z,None,0.2%,0.4%,0.2%,false,false
,Unemployment Claims,USD,2018-03-01T08:30:00Z,None,226K,220K,210K,false,false
,Personal Income m/m,USD,2018-03-01T08:30:00Z,None,0.3%,0.4%,0.4%,false,false
,Manufacturing PMI,CAD,2018-03-01T09:30:00Z,None,,55.9,55.6,false,false
,Final Manufacturing PMI,USD,2018-03-01T09:45:00Z,None,55.9,55.9,55.3,false,false
,Fed Chairman Powell Testifies,USD,2018-03-01T10:00:00Z,High,,,,false,false
,ISM Manufacturing PMI,USD,2018-03-01T10:00:00Z,High,58.7,59.1,60.8,false,false
,Construction Spending m/m,USD,2018-03-01T10:00:00Z,None,0.3%,0.8%,0.0%,false,false
,ISM Manufacturing Prices,USD,2018-03-01T10:00:00Z,None,70.5,72.7,74.2,false,false
,Natural Gas Storage,USD,2018-03-01T10:34:00Z,None,-71B,-124B,-78B,false,false
,President Trump Speaks,USD,2018-03-01T11:00:00Z,High,,,,false,false
,Building Consents m/m,NZD,2018-03-01T16:45:00Z,None,,-9.5%,0.2%,false,false
,Tokyo Core CPI y/y,JPY,2018-03-01T18:30:00Z,None,0.8%,0.7%,0.9%,false,false
,Unemployment Rate,JPY,2018-03-01T18:30:00Z,None,2.8%,2.8%,2.4%,false,false
,Monetary Base y/y,JPY,2018-03-01T18:50:00Z,None,9.2%,9.7%,9.4%,false,false
,HIA New Home Sales m/m,AUD,2018-03-01T19:30:00Z,None,,0.7%,-2.1%,false,false
,German Retail Sales m/m,EUR,2018-03-02T02:00:00Z,None,0.8%,-1.1%,-0.7%,false,false
,German Import Prices m/m,EUR,2018-03-02T02:00:00Z,None,0.4%,0.3%,0.5%,false,false
,Spanish Unemployment Change,EUR,2018-03-02T03:00:00Z,None,-7.2K,63.7K,-6.3K,false,false
,Construction PMI,GBP,2018-03-02T04:30:00Z,High,50.5,50.2,51.4,false,false
,PPI m/m,EUR,2018-03-02T05:00:00Z,None,0.4%,0.1%,0.4%,false,false
,BOE Gov Carney Speaks,GBP,2018-03-02T05:00:00Z,High,,,,false,false
,GDP m/m,CAD,2018-03-02T08:30:00Z,High,0.1%,0.4%,0.1%,false,false
,Prime Minister May Speaks,GBP,2018-03-02T08:43:00Z,High,,,,false,false
,Revised UoM Consumer Sentiment,USD,2018-03-02T10:00:00Z,None,99.4,99.9,99.7,false,false
,Revised UoM Inflation Expectations,USD,2018-03-02T10:00:00Z,None,,2.7%,2.7%,false,false
,Italian Parliamentary Election,EUR,2018-03-04T00:00:00Z,High,,,,true,false
,AIG Services Index,AUD,2018-03-04T16:30:00Z,None,,54.9,54.0,false,false
,MI Inflation Gauge m/m,AUD,2018-03-04T19:00:00Z,None,,0.3%,-0.1%,false,false
,ANZ Commodity Prices m/m,NZD,2018-03-04T19:00:00Z,None,,0.7%,2.8%,false,false
,Building Approvals m/m,AUD,2018-03-04T19:30:00Z,None,5.1%,-20.6%,17.1%,false,false
,Company Operating Profits q/q,AUD,2018-03-04T19:30:00Z,None,1.6%,-0.1%,2.2%,false,false
,ANZ Job Advertisements m/m,AUD,2018-03-04T19:30:00Z,None,,6.2%,-0.3%,false,false
,RatingDog Services PMI,CNY,2018-03-04T20:45:00Z,None,54.3,54.7,54.2,false,false
,Spanish Services PMI,EUR,2018-03-05T03:15:00Z,None,56.5,56.9,57.3,false,false
,Italian Services PMI,EUR,2018-03-05T03:45:00Z,None,57.3,57.7,55.0,false,false
,French Final Services PMI,EUR,2018-03-05T03:50:00Z,None,57.9,57.9,57.4,false,false
,German Final Services PMI,EUR,2018-03-05T03:55:00Z,None,55.3,55.3,55.3,false,false
,Final Services PMI,EUR,2018-03-05T04:00:00Z,None,56.7,56.7,56.2,false,false
,Sentix Investor Confidence,EUR,2018-03-05T04:30:00Z,None,31.1,31.9,24.0,false,false
,Final Services PMI,GBP,2018-03-05T04:30:00Z,High,53.3,53.0,54.5,false,false
,Retail Sales m/m,EUR,2018-03-05T05:00:00Z,None,0.3%,-1.0%,-0.1%,false,false
,Final Services PMI,USD,2018-03-05T09:45:00Z,None,55.9,55.9,55.9,false,false
,ISM Services PMI,USD,2018-03-05T10:00:00Z,High,58.9,59.9,59.5,false,false
,FOMC Member Quarles Speaks,USD,2018-03-05T13:15:00Z,None,,,,false,false
,BRC Retail Sales Monitor y/y,GBP,2018-03-05T19:01:00Z,None,,0.6%,0.6%,false,false
,Current Account,AUD,2018-03-05T19:30:00Z,High,-12.3B,-11.0B,-14.0B,false,false
,Retail Sales m/m,AUD,2018-03-05T19:30:00Z,High,0.4%,-0.5%,0.1%,false,false
,Cash Rate,AUD,2018-03-05T22:30:00Z,High,1.50%,1.50%,1.50%,false,false
,RBA Rate Statement,AUD,2018-03-05T22:30:00Z,High,,,,false,false
,30-y Bond Auction,JPY,2018-03-05T22:45:00Z,None,,0.82|4.3,0.75|4.2,false,false
,CPI m/m,CHF,2018-03-06T03:15:00Z,None,0.3%,-0.1%,0.4%,false,false
,Retail PMI,EUR,2018-03-06T04:10:00Z,None,,50.8,52.3,false,false
,30-y Bond Auction,GBP,2018-03-06T05:34:00Z,None,,1.81|1.7,1.94|2.1,false,false
,FOMC Member Dudley Speaks,USD,2018-03-06T07:30:00Z,None,,,,false,false
,Ivey PMI,CAD,2018-03-06T10:00:00Z,None,56.3,55.2,59.6,false,false
,Factory Orders m/m,USD,2018-03-06T10:00:00Z,None,-0.4%,1.8%,-1.4%,false,false
,RCM/TIPP Economic Optimism,USD,2018-03-06T10:01:00Z,None,58.2,56.7,55.6,false,false
,GDT Price Index,NZD,2018-03-06T10:51:00Z,None,,-0.5%,-0.6%,false,false
,MPC Member Haldane Speaks,GBP,2018-03-06T13:15:00Z,None,,,,false,false
,AIG Construction Index,AUD,2018-03-06T16:30:00Z,None,,54.3,56.0,false,false
,API Weekly Statistical Bulletin,USD,2018-03-06T16:30:00Z,None,,,,false,false
,RBA Gov Lowe Speaks,AUD,2018-03-06T16:35:00Z,High,,,,false,false
,FOMC Member Brainard Speaks,USD,2018-03-06T17:30:00Z,None,,,,false,false
,GDP q/q,AUD,2018-03-06T19:30:00Z,High,0.5%,0.7%,0.4%,false,false
,Leading Indicators,JPY,2018-03-07T00:00:00Z,None,106.5%,107.4%,104.8%,false,false
,French Trade Balance,EUR,2018-03-07T02:45:00Z,None,-4.4B,-3.4B,-5.6B,false,false
,Foreign Currency Reserves,CHF,2018-03-07T03:00:00Z,None,,732B,733B,false,false
,Lloyds HPI m/m,GBP,2018-03-07T03:30:00Z,None,0.4%,-0.5%,0.4%,false,false
,Revised GDP q/q,EUR,2018-03-07T05:00:00Z,None,0.6%,0.6%,0.6%,false,false
,FOMC Member Bostic Speaks,USD,2018-03-07T08:00:00Z,None,,,,false,false
,ADP Non-Farm Employment Change,USD,2018-03-07T08:15:00Z,High,199K,244K,235K,false,false
,FOMC Member Dudley Speaks,USD,2018-03-07T08:20:00Z,None,,,,false,false
,Trade Balance,CAD,2018-03-07T08:30:00Z,High,-2.5B,-3.1B,-1.9B,false,false
,Labor Productivity q/q,CAD,2018-03-07T08:30:00Z,None,0.1%,-0.5%,0.2%,false,false
,Revised Nonfarm Productivity q/q,USD,2018-03-07T08:30:00Z,None,-0.1%,-0.1%,0.0%,false,false
,Revised Unit Labor Costs q/q,USD,2018-03-07T08:30:00Z,None,2.1%,2.0%,2.5%,false,false
,Trade Balance,USD,2018-03-07T08:30:00Z,None,-55.1B,-53.9B,-56.6B,false,false
,BOC Rate Statement,CAD,2018-03-07T10:00:00Z,High,,,,false,false
,Overnight Rate,CAD,2018-03-07T10:00:00Z,High,1.25%,1.25%,1.25%,false,false
,Crude Oil Inventories,USD,2018-03-07T10:30:00Z,High,2.6M,3.0M,2.4M,false,false
,Beige Book,USD,2018-03-07T14:00:00Z,None,,,,false,false
,Consumer Credit m/m,USD,2018-03-07T15:00:00Z,None,17.5B,19.2B,13.9B,false,false
,Manufacturing Sales q/q,NZD,2018-03-07T16:45:00Z,None,,0.5%,2.8%,false,false
,Bank Lending y/y,JPY,2018-03-07T18:50:00Z,None,2.4%,2.3%,2.1%,false,false
,Current Account,JPY,2018-03-07T18:50:00Z,None,1.76T,1.68T,2.02T,false,false
,Final GDP Price Index y/y,JPY,2018-03-07T18:50:00Z,None,0.0%,0.0%,0.1%,false,false
,Final GDP q/q,JPY,2018-03-07T18:50:00Z,None,0.2%,0.1%,0.4%,false,false
,RICS House Price Balance,GBP,2018-03-07T19:01:00Z,None,7%,7%,0%,false,false
,Goods Trade Balance,AUD,2018-03-07T19:30:00Z,High,0.21B,-1.15B,1.06B,false,false
,Trade Balance,CNY,2018-03-07T22:09:00Z,None,-70B,136B,225B,false,false
,USD-Denominated Trade Balance,CNY,2018-03-07T22:15:00Z,None,-2.3B,20.3B,33.7B,false,false
,Economy Watchers Sentiment,JPY,2018-03-08T00:03:00Z,None,50.6,49.9,48.6,false,false
,Unemployment Rate,CHF,2018-03-08T01:45:00Z,None,2.9%,3.0%,2.9%,false,false
,German Factory Orders m/m,EUR,2018-03-08T02:00:00Z,None,-1.9%,3.0%,-3.9%,false,false
,Challenger Job Cuts y/y,USD,2018-03-08T07:30:00Z,None,,-2.8%,-4.3%,false,false
,Main Refinancing Rate,EUR,2018-03-08T07:45:00Z,High,0.00%,0.00%,0.00%,false,false
,Monetary Policy Statement,EUR,2018-03-08T07:45:00Z,High,,,,false,false
,Housing Starts,CAD,2018-03-08T08:13:00Z,None,217K,215K,230K,false,false
,ECB Press Conference,EUR,2018-03-08T08:30:00Z,High,,,,false,false
,NHPI m/m,CAD,2018-03-08T08:30:00Z,None,0.1%,0.0%,0.0%,false,false
,Building Permits m/m,CAD,2018-03-08T08:30:00Z,None,-0.3%,2.5%,5.6%,false,false
,Unemployment Claims,USD,2018-03-08T08:30:00Z,None,220K,210K,231K,false,false
,Natural Gas Storage,USD,2018-03-08T10:30:00Z,None,-58B,-78B,-57B,false,false
,BOC Gov Poloz Speaks,CAD,2018-03-08T11:30:00Z,High,,,,false,false
,Gov Council Member Lane Speaks,CAD,2018-03-08T15:35:00Z,High,,,,false,false
,Household Spending y/y,JPY,2018-03-08T18:30:00Z,None,-1.1%,-0.1%,1.9%,false,false
,M2 Money Stock y/y,JPY,2018-03-08T18:50:00Z,None,3.3%,3.4%,3.3%,false,false
,Average Cash Earnings y/y,JPY,2018-03-08T19:00:00Z,None,0.6%,0.7%,0.7%,false,false
,M2 Money Supply y/y,CNY,2018-03-08T20:02:00Z,None,8.8%,8.6%,8.8%,false,false
,New Loans,CNY,2018-03-08T20:02:00Z,None,900B,2900B,839B,false,false
,CPI y/y,CNY,2018-03-08T20:30:00Z,None,2.5%,1.5%,2.9%,false,false
,PPI y/y,CNY,2018-03-08T20:30:00Z,None,3.8%,4.3%,3.7%,false,false
,BOJ Policy Rate,JPY,2018-03-08T21:46:00Z,High,-0.10%,-0.10%,-0.10%,false,false
,Monetary Policy Statement,JPY,2018-03-08T21:46:00Z,High,,,,false,false
,BOJ Press Conference,JPY,2018-03-09T01:30:00Z,High,,,,false,false
,German Industrial Production m/m,EUR,2018-03-09T02:00:00Z,None,0.6%,-0.5%,-0.1%,false,false
,German Trade Balance,EUR,2018-03-09T02:00:00Z,None,21.2B,21.3B,21.3B,false,false
,French Gov Budget Balance,EUR,2018-03-09T02:45:00Z,None,,-67.8B,-10.8B,false,false
,French Industrial Production m/m,EUR,2018-03-09T02:45:00Z,None,-0.2%,0.2%,-2.0%,false,false
,Manufacturing Production m/m,GBP,2018-03-09T04:30:00Z,High,0.2%,0.3%,0.1%,false,false
,Goods Trade Balance,GBP,2018-03-09T04:30:00Z,None,-12.0B,-11.8B,-12.3B,false,false
,Construction Output m/m,GBP,2018-03-09T04:30:00Z,None,-0.4%,1.6%,-3.4%,false,false
,Consumer Inflation Expectations,GBP,2018-03-09T04:30:00Z,None,,2.9%,2.9%,false,false
,Industrial Production m/m,GBP,2018-03-09T04:30:00Z,None,1.5%,-1.3%,1.3%,false,false
,NIESR GDP Estimate,GBP,2018-03-09T07:09:00Z,None,,0.4%,0.3%,false,false
,Employment Change,CAD,2018-03-09T08:30:00Z,High,21.3K,-88.0K,15.4K,false,false
,Unemployment Rate,CAD,2018-03-09T08:30:00Z,High,5.9%,5.9%,5.8%,false,false
,Capacity Utilization Rate,CAD,2018-03-09T08:30:00Z,None,85.2%,85.1%,86.0%,false,false
,Average Hourly Earnings m/m,USD,2018-03-09T08:30:00Z,High,0.2%,0.3%,0.1%,false,false
,Non-Farm Employment Change,USD,2018-03-09T08:30:00Z,High,205K,239K,313K,false,false
,Unemployment Rate,USD,2018-03-09T08:30:00Z,High,4.0%,4.1%,4.1%,false,false
,Final Wholesale Inventories m/m,USD,2018-03-09T10:00:00Z,None,0.7%,0.7%,0.8%,false,false
,Daylight Saving Time Shift,CAD,2018-03-11T03:00:00Z,None,,,,false,false
,Daylight Saving Time Shift,USD,2018-03-11T03:00:00Z,None,,,,false,false
,BSI Manufacturing Index,JPY,2018-03-11T19:50:00Z,None,10.3,9.7,2.9,false,false
,Eurogroup Meetings,EUR,2018-03-12T00:00:00Z,None,,,,true,false
,Prelim Machine Tool Orders y/y,JPY,2018-03-12T01:58:00Z,None,,48.8%,39.5%,false,false
,10-y Bond Auction,USD,2018-03-12T13:01:00Z,None,,2.81|2.3,2.89|2.5,false,false
,Federal Budget Balance,USD,2018-03-12T14:00:00Z,None,-222.3B,49.2B,-215.2B,false,false
,FPI m/m,NZD,2018-03-12T17:45:00Z,None,,1.2%,-0.5%,false,false
,RBNZ Gov Spencer Speaks,NZD,2018-03-12T19:45:00Z,High,,,,false,false
,PPI y/y,JPY,2018-03-12T19:50:00Z,None,2.5%,2.7%,2.5%,false,false
,RBA Gov Bullock Speaks,AUD,2018-03-12T20:10:00Z,None,,,,false,false
,NAB Business Confidence,AUD,2018-03-12T20:30:00Z,None,,11,9,false,false
,Home Loans m/m,AUD,2018-03-12T20:30:00Z,None,-0.1%,-2.5%,-1.1%,false,false
,ECOFIN Meetings,EUR,2018-03-13T00:00:00Z,None,,,,true,false
,Tertiary Industry Activity m/m,JPY,2018-03-13T00:30:00Z,None,-0.2%,0.0%,-0.6%,false,false
,French Final Private Payrolls q/q,EUR,2018-03-13T02:30:00Z,None,0.3%,0.3%,0.4%,false,false
,Italian Quarterly Unemployment Rate,EUR,2018-03-13T05:00:00Z,None,11.0%,11.2%,11.0%,false,false
,NFIB Small Business Index,USD,2018-03-13T06:00:00Z,None,107.1,106.9,107.6,false,false
,Core CPI y/y,USD,2018-03-13T08:30:00Z,High,1.8%,1.8%,1.8%,false,false
,Core CPI m/m,USD,2018-03-13T08:30:00Z,High,0.2%,0.3%,0.2%,false,false
,Annual Budget Release,GBP,2018-03-13T08:30:00Z,High,,,,false,false
,CPI m/m,USD,2018-03-13T08:30:00Z,High,0.2%,0.5%,0.2%,false,false
,CPI y/y,USD,2018-03-13T08:30:00Z,High,2.2%,2.1%,2.2%,false,false
,BOC Gov Poloz Speaks,CAD,2018-03-13T10:15:00Z,High,,,,false,false
,30-y Bond Auction,USD,2018-03-13T13:01:00Z,None,,3.12|2.3,3.11|2.4,false,false
,API Weekly Statistical Bulletin,USD,2018-03-13T16:30:00Z,None,,,,false,false
,Current Account,NZD,2018-03-13T17:45:00Z,None,-2.45B,-4.83B,-2.77B,false,false
,RBA Assist Gov Kent Speaks,AUD,2018-03-13T18:05:00Z,None,,,,false,false
,Westpac Consumer Sentiment,AUD,2018-03-13T19:30:00Z,None,,-2.3%,0.2%,false,false
,Core Machinery Orders m/m,JPY,2018-03-13T19:50:00Z,None,5.3%,-11.9%,8.2%,false,false
,Monetary Policy Meeting Minutes,JPY,2018-03-13T19:50:00Z,None,,,,false,false
,Industrial Production y/y,CNY,2018-03-13T22:00:00Z,High,6.2%,6.2%,7.2%,false,false
,Fixed Asset Investment ytd/y,CNY,2018-03-13T22:00:00Z,None,7.0%,7.2%,7.9%,false,false
,Retail Sales y/y,CNY,2018-03-13T22:00:00Z,None,9.9%,9.4%,9.7%,false,false
,German Final CPI m/m,EUR,2018-03-14T03:00:00Z,None,0.5%,0.5%,0.5%,false,false
,ECB President Draghi Speaks,EUR,2018-03-14T04:00:00Z,High,,,,false,false
,Italian Retail Sales m/m,EUR,2018-03-14T05:03:00Z,None,-0.1%,-0.9%,-0.5%,false,false
,Final Employment Change q/q,EUR,2018-03-14T06:00:00Z,None,0.3%,0.4%,0.3%,false,false
,Industrial Production m/m,EUR,2018-03-14T06:00:00Z,None,-0.4%,0.4%,-1.0%,false,false
,German 30-y Bond Auction,EUR,2018-03-14T06:33:00Z,None,,1.33|1.5,1.27|1.1,false,false
,Core Retail Sales m/m,USD,2018-03-14T08:30:00Z,High,0.4%,0.1%,0.2%,false,false
,PPI m/m,USD,2018-03-14T08:30:00Z,High,0.1%,0.4%,0.2%,false,false
,Retail Sales m/m,USD,2018-03-14T08:30:00Z,High,0.3%,-0.1%,-0.1%,false,false
,Core PPI m/m,USD,2018-03-14T08:30:00Z,None,0.2%,0.4%,0.2%,false,false
,Business Inventories m/m,USD,2018-03-14T10:00:00Z,None,0.6%,0.6%,0.6%,false,false
,Crude Oil Inventories,USD,2018-03-14T10:30:00Z,High,2.2M,2.4M,5.0M,false,false
,GDP q/q,NZD,2018-03-14T17:45:00Z,High,0.8%,0.6%,0.6%,false,false
,MI Inflation Expectations,AUD,2018-03-14T20:00:00Z,None,,3.6%,3.7%,false,false
,RBA Bulletin,AUD,2018-03-14T20:30:00Z,None,,,,false,false
,Foreign Direct Investment ytd/y,CNY,2018-03-15T03:25:00Z,None,,0.3%,0.5%,false,false
,French Final CPI m/m,EUR,2018-03-15T03:45:00Z,None,-0.1%,-0.1%,0.0%,false,false
,PPI m/m,CHF,2018-03-15T04:15:00Z,None,0.2%,0.3%,0.3%,false,false
,Libor Rate,CHF,2018-03-15T04:30:00Z,High,-0.75%,-0.75%,-0.75%,false,false
,SNB Monetary Policy Assessment,CHF,2018-03-15T04:30:00Z,High,,,,false,false
,Spanish 10-y Bond Auction,EUR,2018-03-15T05:48:00Z,None,,1.50|2.0,1.36|1.3,false,false
,10-y Bond Auction,GBP,2018-03-15T06:35:00Z,None,,1.29|2.4,1.58|2.6,false,false
,ADP Non-Farm Employment Change,CAD,2018-03-15T08:30:00Z,None,,-2.3K,32.7K,false,false
,Empire State Manufacturing Index,USD,2018-03-15T08:30:00Z,None,14.9,13.1,22.5,false,false
,Philly Fed Manufacturing Index,USD,2018-03-15T08:30:00Z,None,23.1,25.8,22.3,false,false
,Unemployment Claims,USD,2018-03-15T08:30:00Z,None,227K,230K,226K,false,false
,Import Prices m/m,USD,2018-03-15T08:30:00Z,None,0.3%,0.8%,0.4%,false,false
,NAHB Housing Market Index,USD,2018-03-15T10:00:00Z,None,72,71,70,false,false
,Natural Gas Storage,USD,2018-03-15T10:30:00Z,None,-99B,-57B,-93B,false,false
,TIC Long-Term Purchases,USD,2018-03-15T16:00:00Z,None,35.9B,23.3B,62.1B,false,false
,BusinessNZ Manufacturing Index,NZD,2018-03-15T17:30:00Z,None,,54.4,53.4,false,false
,RBA Deputy Gov Debelle Speaks,AUD,2018-03-15T18:45:00Z,None,,,,false,false
,Revised Industrial Production m/m,JPY,2018-03-16T00:30:00Z,None,-6.6%,-6.6%,-6.8%,false,false
,German WPI m/m,EUR,2018-03-16T03:00:00Z,None,0.2%,0.9%,-0.3%,false,false
,FPC Statement,GBP,2018-03-16T05:30:00Z,None,,,,false,false
,Final CPI y/y,EUR,2018-03-16T06:00:00Z,None,1.2%,1.2%,1.1%,false,false
,Final Core CPI y/y,EUR,2018-03-16T06:00:00Z,None,1.0%,1.0%,1.0%,false,false
,Foreign Securities Purchases,CAD,2018-03-16T08:30:00Z,None,9.11B,-1.54B,5.68B,false,false
,Manufacturing Sales m/m,CAD,2018-03-16T08:30:00Z,None,-0.8%,-0.1%,-1.0%,false,false
,Building Permits,USD,2018-03-16T08:30:00Z,High,1.32M,1.38M,1.30M,false,false
,Housing Starts,USD,2018-03-16T08:30:00Z,None,1.29M,1.33M,1.24M,false,false
,Industrial Production m/m,USD,2018-03-16T09:15:00Z,None,0.3%,-0.3%,1.1%,false,false
,Capacity Utilization Rate,USD,2018-03-16T09:15:00Z,None,77.7%,77.4%,78.1%,false,false
,CB Leading Index m/m,GBP,2018-03-16T09:30:00Z,None,,-0.2%,0.0%,false,false
,Prelim UoM Consumer Sentiment,USD,2018-03-16T10:00:00Z,None,99.2,99.7,102.0,false,false
,JOLTS Job Openings,USD,2018-03-16T10:00:00Z,None,5.91M,5.81M,6.31M,false,false
,Prelim UoM Inflation Expectations,USD,2018-03-16T10:00:00Z,None,,2.7%,2.9%,false,false
,BusinessNZ Services Index,NZD,2018-03-18T17:30:00Z,None,,55.7,55.0,false,false
,BOJ Summary of Opinions,JPY,2018-03-18T19:50:00Z,None,,,,false,false
,Trade Balance,JPY,2018-03-18T19:50:00Z,None,-0.10T,0.35T,-0.20T,false,false
,Rightmove HPI m/m,GBP,2018-03-18T20:01:00Z,None,,0.8%,1.5%,false,false
,G20 Meetings,All,2018-03-19T00:00:00Z,High,,,,false,false
,Italian Industrial Production m/m,EUR,2018-03-19T05:00:00Z,None,-0.5%,2.1%,-1.9%,false,false
,Trade Balance,EUR,2018-03-19T06:00:00Z,None,22.6B,23.2B,19.9B,false,false
,Italian Trade Balance,EUR,2018-03-19T06:00:00Z,None,4.87B,5.25B,-0.09B,false,false
,German Buba Monthly Report,EUR,2018-03-19T07:00:00Z,None,,,,false,false
,FOMC Member Bostic Speaks,USD,2018-03-19T09:40:00Z,None,,,,false,false
,CB Leading Index m/m,AUD,2018-03-19T10:30:00Z,None,,-0.3%,-0.1%,false,false
,Westpac Consumer Sentiment,NZD,2018-03-19T17:00:00Z,None,,107.4,111.2,false,false
,HPI q/q,AUD,2018-03-19T20:30:00Z,None,0.1%,-0.2%,1.0%,false,false
,Monetary Policy Meeting Minutes,AUD,2018-03-19T20:30:00Z,High,,,,false,false
,Bank Holiday,JPY,2018-03-20T00:00:00Z,None,,,,true,false
,G20 Meetings,All,2018-03-20T00:00:00Z,High,,,,false,false
,RBA Gov Bullock Speaks,AUD,2018-03-20T00:15:00Z,None,,,,false,false
,SECO Economic Forecasts,CHF,2018-03-20T02:45:00Z,None,,,,false,false
,Trade Balance,CHF,2018-03-20T03:00:00Z,None,1.87B,2.07B,3.14B,false,false
,German PPI m/m,EUR,2018-03-20T03:00:00Z,None,0.1%,0.5%,-0.1%,false,false
,HPI y/y,GBP,2018-03-20T05:30:00Z,None,5.1%,5.0%,4.9%,false,false
,Core CPI y/y,GBP,2018-03-20T05:30:00Z,None,2.5%,2.7%,2.4%,false,false
,PPI Output m/m,GBP,2018-03-20T05:30:00Z,None,0.1%,0.1%,0.0%,false,false
,RPI y/y,GBP,2018-03-20T05:30:00Z,None,3.7%,4.0%,3.6%,false,false
,PPI Input m/m,GBP,2018-03-20T05:30:00Z,None,-0.9%,0.4%,-1.1%,false,false
,CPI y/y,GBP,2018-03-20T05:30:00Z,High,2.8%,3.0%,2.7%,false,false
,German ZEW Economic Sentiment,EUR,2018-03-20T06:00:00Z,None,13.1,17.8,5.1,false,false
,ZEW Economic Sentiment,EUR,2018-03-20T06:00:00Z,None,28.1,29.3,13.4,false,false
,Wholesale Sales m/m,CAD,2018-03-20T08:30:00Z,None,0.1%,-0.2%,0.1%,false,false
,GDT Price Index,NZD,2018-03-20T10:14:00Z,None,,-0.6%,-1.2%,false,false
,Consumer Confidence,EUR,2018-03-20T11:00:00Z,None,0,0,0,false,false
,API Weekly Statistical Bulletin,USD,2018-03-20T16:30:00Z,None,,,,false,false
,Visitor Arrivals m/m,NZD,2018-03-20T17:49:00Z,None,,0.1%,2.0%,false,false
,MI Leading Index m/m,AUD,2018-03-20T19:30:00Z,None,,-0.3%,0.3%,false,false
,Credit Card Spending y/y,NZD,2018-03-20T22:00:00Z,None,,4.6%,7.0%,false,false
,OPEC-JMMC Meetings,All,2018-03-21T00:00:00Z,None,,,,true,false
,Average Earnings Index 3m/y,GBP,2018-03-21T05:30:00Z,High,2.6%,2.7%,2.8%,false,false
,Claimant Count Change,GBP,2018-03-21T05:30:00Z,None,-3.1K,-1.6K,9.2K,false,false
,Public Sector Net Borrowing,GBP,2018-03-21T05:30:00Z,None,-0.4B,-11.7B,-0.3B,false,false
,Unemployment Rate,GBP,2018-03-21T05:30:00Z,None,4.4%,4.4%,4.3%,false,false
,German 10-y Bond Auction,EUR,2018-03-21T06:34:00Z,None,,0.67|1.2,0.60|1.3,false,false
,CBI Industrial Order Expectations,GBP,2018-03-21T07:00:00Z,None,9,10,4,false,false
,Current Account,USD,2018-03-21T08:30:00Z,None,-125B,-101B,-128B,false,false
,SNB Quarterly Bulletin,CHF,2018-03-21T10:00:00Z,None,,,,false,false
,Existing Home Sales,USD,2018-03-21T10:00:00Z,None,5.41M,5.38M,5.54M,false,false
,Crude Oil Inventories,USD,2018-03-21T10:30:00Z,High,2.6M,5.0M,-2.6M,false,false
,Federal Funds Rate,USD,2018-03-21T14:00:00Z,High,1.75%,1.50%,1.75%,false,false
,FOMC Economic Projections,USD,2018-03-21T14:00:00Z,High,,,,false,false
,FOMC Statement,USD,2018-03-21T14:00:00Z,High,,,,false,false
,FOMC Press Conference,USD,2018-03-21T14:30:00Z,High,,,,false,false
,RBNZ Rate Statement,NZD,2018-03-21T16:00:00Z,High,,,,false,false
,Official Cash Rate,NZD,2018-03-21T16:00:00Z,None,1.75%,1.75%,1.75%,false,false
,Employment Change,AUD,2018-03-21T20:30:00Z,High,19.8K,12.5K,17.5K,false,false
,Unemployment Rate,AUD,2018-03-21T20:30:00Z,High,5.5%,5.5%,5.6%,false,false
,Flash Manufacturing PMI,JPY,2018-03-21T20:30:00Z,None,54.3,54.1,53.2,false,false
,All Industries Activity m/m,JPY,2018-03-22T00:30:00Z,None,-1.7%,0.6%,-1.8%,false,false
,French Flash Manufacturing PMI,EUR,2018-03-22T04:00:00Z,None,55.6,55.9,53.6,false,false
,French Flash Services PMI,EUR,2018-03-22T04:00:00Z,None,57.0,57.4,56.8,false,false
,German Flash Manufacturing PMI,EUR,2018-03-22T04:30:00Z,None,59.8,60.6,58.4,false,false
,German Flash Services PMI,EUR,2018-03-22T04:30:00Z,None,55.0,55.3,54.2,false,false
,Flash Manufacturing PMI,EUR,2018-03-22T05:00:00Z,None,58.1,58.6,56.6,false,false
,Flash Services PMI,EUR,2018-03-22T05:00:00Z,None,56.0,56.2,55.0,false,false
,German ifo Business Climate,EUR,2018-03-22T05:00:00Z,None,114.7,115.4,114.7,false,false
,Current Account,EUR,2018-03-22T05:00:00Z,None,30.2B,31.0B,37.6B,false,false
,ECB Economic Bulletin,EUR,2018-03-22T05:00:00Z,None,,,,false,false
,Retail Sales m/m,GBP,2018-03-22T05:30:00Z,High,0.4%,-0.2%,0.8%,false,false
,Monetary Policy Summary,GBP,2018-03-22T08:00:00Z,High,,,,false,false
,MPC Official Bank Rate Votes,GBP,2018-03-22T08:00:00Z,High,0-0-9,0-0-9,2-0-7,false,false
,Official Bank Rate,GBP,2018-03-22T08:00:00Z,High,0.50%,0.50%,0.50%,false,false
,Asset Purchase Facility,GBP,2018-03-22T08:00:00Z,None,435B,435B,435B,false,false
,MPC Asset Purchase Facility Votes,GBP,2018-03-22T08:00:00Z,None,0-0-9,0-0-9,0-0-9,false,false
,Unemployment Claims,USD,2018-03-22T08:30:00Z,None,225K,226K,229K,false,false
,HPI m/m,USD,2018-03-22T09:00:00Z,None,0.4%,0.4%,0.8%,false,false
,Flash Manufacturing PMI,USD,2018-03-22T09:45:00Z,None,55.4,55.3,55.7,false,false
,Flash Services PMI,USD,2018-03-22T09:45:00Z,None,55.9,55.9,54.1,false,false
,Belgian NBB Business Climate,EUR,2018-03-22T09:58:00Z,None,1.2,1.9,0.1,false,false
,CB Leading Index m/m,USD,2018-03-22T10:00:00Z,None,0.5%,0.8%,0.6%,false,false
,Natural Gas Storage,USD,2018-03-22T10:30:00Z,None,-88B,-93B,-86B,false,false
,MPC Member Ramsden Speaks,GBP,2018-03-22T13:00:00Z,None,,,,false,false
,Gov Council Member Wilkins Speaks,CAD,2018-03-22T14:45:00Z,None,,,,false,false
,National Core CPI y/y,JPY,2018-03-22T19:30:00Z,None,1.0%,0.9%,1.0%,false,false
,FOMC Member Bostic Speaks,USD,2018-03-23T08:10:00Z,None,,,,false,false
,Core Retail Sales m/m,CAD,2018-03-23T08:30:00Z,High,0.9%,-1.7%,0.9%,false,false
,CPI m/m,CAD,2018-03-23T08:30:00Z,High,0.4%,0.7%,0.6%,false,false
,Common CPI y/y,CAD,2018-03-23T08:30:00Z,None,,1.8%,1.9%,false,false
,Median CPI y/y,CAD,2018-03-23T08:30:00Z,None,,1.9%,2.1%,false,false
,Retail Sales m/m,CAD,2018-03-23T08:30:00Z,None,1.1%,-0.7%,0.3%,false,false
,Trimmed CPI y/y,CAD,2018-03-23T08:30:00Z,None,,1.8%,2.1%,false,false
,Core CPI m/m,CAD,2018-03-23T08:30:00Z,None,,0.5%,0.7%,false,false
,MPC Member Vlieghe Speaks,GBP,2018-03-23T08:30:00Z,None,,,,false,false
,Core Durable Goods Orders m/m,USD,2018-03-23T08:30:00Z,High,0.5%,-0.2%,1.2%,false,false
,Durable Goods Orders m/m,USD,2018-03-23T08:30:00Z,None,1.6%,-3.6%,3.1%,false,false
,CB Leading Index m/m,CNY,2018-03-23T09:00:00Z,None,,1.9%,1.1%,false,false
,New Home Sales,USD,2018-03-23T10:00:00Z,None,621K,622K,618K,false,false
,Daylight Saving Time Shift,CHF,2018-03-24T21:00:00Z,None,,,,false,false
,Daylight Saving Time Shift,EUR,2018-03-24T21:00:00Z,None,,,,false,false
,Daylight Saving Time Shift,GBP,2018-03-24T21:00:00Z,None,,,,false,false
,Trade Balance,NZD,2018-03-25T17:45:00Z,None,-100M,-655M,217M,false,false
,High Street Lending,GBP,2018-03-26T04:30:00Z,None,39.2K,40.0K,38.1K,false,false
,German Buba President Weidmann Speaks,EUR,2018-03-26T05:30:00Z,None,,,,false,false
,FOMC Member Dudley Speaks,USD,2018-03-26T12:30:00Z,None,,,,false,false
,FOMC Member Mester Speaks,USD,2018-03-26T16:30:00Z,None,,,,false,false
,FOMC Member Quarles Speaks,USD,2018-03-26T19:10:00Z,None,,,,false,false
,SPPI y/y,JPY,2018-03-26T19:50:00Z,None,0.7%,0.7%,0.6%,false,false
,RBA Assist Gov Kent Speaks,AUD,2018-03-26T20:45:00Z,None,,,,false,false
,HIA New Home Sales m/m,AUD,2018-03-26T21:15:00Z,None,,-2.1%,-0.7%,false,false
,BOJ Core CPI y/y,JPY,2018-03-27T01:00:00Z,None,0.7%,0.8%,0.8%,false,false
,German Import Prices m/m,EUR,2018-03-27T02:00:00Z,None,-0.3%,0.5%,-0.6%,false,false
,Spanish Flash CPI y/y,EUR,2018-03-27T03:00:00Z,None,1.5%,1.1%,1.2%,false,false
,M3 Money Supply y/y,EUR,2018-03-27T04:00:00Z,None,4.6%,4.5%,4.2%,false,false
,Private Loans y/y,EUR,2018-03-27T04:00:00Z,None,3.0%,2.9%,2.9%,false,false
,FPC Meeting Minutes,GBP,2018-03-27T04:30:00Z,None,,,,false,false
,S&P/CS Composite-20 HPI y/y,USD,2018-03-27T09:00:00Z,None,6.1%,6.3%,6.4%,false,false
,CB Consumer Confidence,USD,2018-03-27T10:00:00Z,High,131.2,130.0,127.7,false,false
,Richmond Manufacturing Index,USD,2018-03-27T10:00:00Z,None,23,28,15,false,false
,FOMC Member Bostic Speaks,USD,2018-03-27T11:00:00Z,None,,,,false,false
,API Weekly Statistical Bulletin,USD,2018-03-27T16:30:00Z,None,,,,false,false
,ANZ Business Confidence,NZD,2018-03-27T20:00:00Z,High,,-19.0,-20.0,false,false
,German GfK Consumer Climate,EUR,2018-03-28T02:00:00Z,None,10.7,10.8,10.9,false,false
,UBS Economic Expectations,CHF,2018-03-28T04:00:00Z,None,,25.8,16.7,false,false
,Italian 10-y Bond Auction,EUR,2018-03-28T05:21:00Z,None,,2.06|1.4,1.83|1.3,false,false
,CBI Realized Sales,GBP,2018-03-28T06:00:00Z,None,7,8,-8,false,false
,Final GDP q/q,USD,2018-03-28T08:30:00Z,High,2.7%,2.5%,2.9%,false,false
,Final GDP Price Index q/q,USD,2018-03-28T08:30:00Z,None,2.3%,2.3%,2.3%,false,false
,Goods Trade Balance,USD,2018-03-28T08:30:00Z,None,-74.4B,-75.3B,-75.4B,false,false
,Prelim Wholesale Inventories m/m,USD,2018-03-28T08:30:00Z,None,0.6%,0.8%,1.1%,false,false
,Pending Home Sales m/m,USD,2018-03-28T10:00:00Z,None,2.1%,-5.0%,3.1%,false,false
,Crude Oil Inventories,USD,2018-03-28T10:30:00Z,High,0.5M,-2.6M,1.6M,false,false
,FOMC Member Bostic Speaks,USD,2018-03-28T12:00:00Z,None,,,,false,false
,Building Consents m/m,NZD,2018-03-28T17:45:00Z,None,,0.0%,5.7%,false,false
,GfK Consumer Confidence,GBP,2018-03-28T19:01:00Z,None,-10,-10,-7,false,false
,Retail Sales y/y,JPY,2018-03-28T19:50:00Z,None,1.7%,1.5%,1.6%,false,false
,Private Sector Credit m/m,AUD,2018-03-28T20:30:00Z,None,0.3%,0.2%,0.4%,false,false
,German Prelim CPI m/m,EUR,2018-03-29T00:00:00Z,None,0.5%,0.5%,0.4%,true,false
,Bank Holiday,AUD,2018-03-29T00:00:00Z,None,,,,true,false
,Bank Holiday,NZD,2018-03-29T00:00:00Z,None,,,,true,false
,Nationwide HPI m/m,GBP,2018-03-29T02:00:00Z,None,0.2%,-0.4%,-0.2%,false,false
,KOF Economic Barometer,CHF,2018-03-29T03:00:00Z,None,107.3,108.4,106.0,false,false
,German Unemployment Change,EUR,2018-03-29T03:55:00Z,None,-15K,-23K,-19K,false,false
,Mortgage Approvals,GBP,2018-03-29T04:30:00Z,None,66K,67K,64K,false,false
,Index of Services 3m/3m,GBP,2018-03-29T04:30:00Z,None,0.6%,0.4%,0.6%,false,false
,M4 Money Supply m/m,GBP,2018-03-29T04:30:00Z,None,1.3%,1.5%,-0.3%,false,false
,Net Lending to Individuals m/m,GBP,2018-03-29T04:30:00Z,None,4.8B,4.8B,5.4B,false,false
,Revised Business Investment q/q,GBP,2018-03-29T04:30:00Z,None,0.0%,0.0%,0.3%,false,false
,Current Account,GBP,2018-03-29T04:30:00Z,High,-24.0B,-19.2B,-18.4B,false,false
,Final GDP q/q,GBP,2018-03-29T04:30:00Z,None,0.4%,0.4%,0.4%,false,false
,Personal Spending m/m,USD,2018-03-29T08:30:00Z,None,0.2%,0.2%,0.2%,false,false
,Core PCE Price Index m/m,USD,2018-03-29T08:30:00Z,None,0.2%,0.3%,0.2%,false,false
,IPPI m/m,CAD,2018-03-29T08:30:00Z,None,0.4%,0.4%,0.1%,false,false
,Unemployment Claims,USD,2018-03-29T08:30:00Z,None,230K,229K,215K,false,false
,Personal Income m/m,USD,2018-03-29T08:30:00Z,None,0.4%,0.4%,0.4%,false,false
,RMPI m/m,CAD,2018-03-29T08:30:00Z,None,2.8%,3.4%,-0.3%,false,false
,GDP m/m,CAD,2018-03-29T08:30:00Z,High,0.1%,0.2%,-0.1%,false,false
,Chicago PMI,USD,2018-03-29T09:45:00Z,None,62.1,61.9,57.4,false,false
,Revised UoM Consumer Sentiment,USD,2018-03-29T10:00:00Z,None,101.9,102.0,101.4,false,false
,Revised UoM Inflation Expectations,USD,2018-03-29T10:00:00Z,None,,2.9%,2.8%,false,false
,Natural Gas Storage,USD,2018-03-29T10:30:00Z,None,-75B,-86B,-63B,false,false
,Unemployment Rate,JPY,2018-03-29T19:30:00Z,None,2.6%,2.4%,2.5%,false,false
,Tokyo Core CPI y/y,JPY,2018-03-29T19:30:00Z,None,0.9%,0.9%,0.8%,false,false
,Prelim Industrial Production m/m,JPY,2018-03-29T19:50:00Z,None,5.1%,-6.8%,4.1%,false,false
,Bank Holiday,CHF,2018-03-30T00:00:00Z,None,,,,true,false
,German Bank Holiday,EUR,2018-03-30T00:00:00Z,None,,,,true,false
,Bank Holiday,GBP,2018-03-30T00:00:00Z,None,,,,true,false
,Bank Holiday,CAD,2018-03-30T00:00:00Z,None,,,,true,false
,Housing Starts y/y,JPY,2018-03-30T01:00:00Z,None,-4.1%,-13.2%,-2.6%,false,false
,French Consumer Spending m/m,EUR,2018-03-30T02:45:00Z,None,2.2%,-1.9%,2.4%,false,false
,French Prelim CPI m/m,EUR,2018-03-30T02:45:00Z,None,0.8%,0.0%,1.0%,false,false
,Italian Prelim CPI m/m,EUR,2018-03-30T05:00:00Z,None,0.1%,0.0%,0.4%,false,false
,Manufacturing PMI,CNY,2018-03-30T21:00:00Z,None,50.5,50.3,51.5,false,false
,Non-Manufacturing PMI,CNY,2018-03-30T21:00:00Z,None,54.5,54.4,54.6,false,false
,Daylight Saving Time Shift,NZD,2018-03-31T10:00:00Z,None,,,,false,false
,Daylight Saving Time Shift,AUD,2018-03-31T12:00:00Z,None,,,,false,false
,Bank Holiday,NZD,2018-04-01T00:00:00Z,None,,,,true,false
,Bank Holiday,AUD,2018-04-01T00:00:00Z,None,,,,true,false
,Tankan Manufacturing Index,JPY,2018-04-01T19:50:00Z,None,25,25,24,false,false
,Tankan Non-Manufacturing Index,JPY,2018-04-01T19:50:00Z,None,24,23,23,false,false
,Final Manufacturing PMI,JPY,2018-04-01T20:30:00Z,None,53.2,53.2,53.1,false,false
,MI Inflation Gauge m/m,AUD,2018-04-01T21:00:00Z,None,,-0.1%,0.1%,false,false
,RatingDog Manufacturing PMI,CNY,2018-04-01T21:45:00Z,None,51.8,51.6,51.0,false,false
,Italian Bank Holiday,EUR,2018-04-02T00:00:00Z,None,,,,true,false
,German Bank Holiday,EUR,2018-04-02T00:00:00Z,None,,,,true,false
,Bank Holiday,CHF,2018-04-02T00:00:00Z,None,,,,true,false
,Bank Holiday,GBP,2018-04-02T00:00:00Z,None,,,,true,false
,French Bank Holiday,EUR,2018-04-02T00:00:00Z,None,,,,true,false
,Manufacturing PMI,CAD,2018-04-02T09:30:00Z,None,,55.6,55.7,false,false
,Final Manufacturing PMI,USD,2018-04-02T09:45:00Z,None,55.7,55.7,55.6,false,false
,ISM Manufacturing PMI,USD,2018-04-02T10:00:00Z,High,60.1,60.8,59.3,false,false
,Construction Spending m/m,USD,2018-04-02T10:00:00Z,None,0.4%,0.0%,0.1%,false,false
,ISM Manufacturing Prices,USD,2018-04-02T10:00:00Z,None,72.5,74.2,78.1,false,false
,AIG Manufacturing Index,AUD,2018-04-02T18:30:00Z,None,,57.5,63.1,false,false
,Monetary Base y/y,JPY,2018-04-02T19:50:00Z,None,9.6%,9.4%,9.1%,false,false
,ANZ Job Advertisements m/m,AUD,2018-04-02T21:30:00Z,None,,-0.4%,0.0%,false,false
,10-y Bond Auction,JPY,2018-04-02T23:45:00Z,None,,0.06|4.5,0.03|4.2,false,false
,Omdia Total Vehicle Sales,USD,2018-04-03T00:00:00Z,None,16.9M,17.0M,17.4M,true,false
,Total Vehicle Sales,USD,2018-04-03T00:00:00Z,None,16.9M,17.1M,17.5M,true,false
,RBA Rate Statement,AUD,2018-04-03T00:30:00Z,High,,,,false,false
,Cash Rate,AUD,2018-04-03T00:30:00Z,None,1.50%,1.50%,1.50%,false,false
,German Retail Sales m/m,EUR,2018-04-03T02:00:00Z,None,0.7%,-0.3%,-0.7%,false,false
,Commodity Prices y/y,AUD,2018-04-03T02:30:00Z,None,,-2.8%,-2.1%,false,false
,Spanish Unemployment Change,EUR,2018-04-03T03:00:00Z,None,-47.5K,-6.3K,-47.7K,false,false
,Retail Sales y/y,CHF,2018-04-03T03:15:00Z,None,-0.7%,-0.4%,-0.2%,false,false
,Spanish Manufacturing PMI,EUR,2018-04-03T03:15:00Z,None,54.7,56.0,54.8,false,false
,Manufacturing PMI,CHF,2018-04-03T03:30:00Z,None,64.3,65.5,60.3,false,false
,Italian Manufacturing PMI,EUR,2018-04-03T03:45:00Z,None,55.6,56.8,55.1,false,false
,French Final Manufacturing PMI,EUR,2018-04-03T03:50:00Z,None,53.6,53.6,53.7,false,false
,German Final Manufacturing PMI,EUR,2018-04-03T03:55:00Z,None,58.4,58.4,58.2,false,false
,Final Manufacturing PMI,EUR,2018-04-03T04:00:00Z,None,56.6,56.6,56.6,false,false
,Final Manufacturing PMI,GBP,2018-04-03T04:30:00Z,High,54.8,55.0,55.1,false,false
,RCM/TIPP Economic Optimism,USD,2018-04-03T10:05:00Z,None,55.2,55.6,52.6,false,false
,GDT Price Index,NZD,2018-04-03T10:33:00Z,None,,-1.2%,-0.6%,false,false
,FOMC Member Brainard Speaks,USD,2018-04-03T16:30:00Z,None,,,,false,false
,API Weekly Statistical Bulletin,USD,2018-04-03T16:30:00Z,None,,,,false,false
,BRC Shop Price Index y/y,GBP,2018-04-03T19:01:00Z,None,,-0.8%,-1.0%,false,false
,Retail Sales m/m,AUD,2018-04-03T21:30:00Z,High,0.3%,0.2%,0.6%,false,false
,Building Approvals m/m,AUD,2018-04-03T21:30:00Z,None,-5.1%,17.2%,-6.2%,false,false
,RatingDog Services PMI,CNY,2018-04-03T21:45:00Z,None,54.5,54.2,52.3,false,false
,Bank Holiday,CNY,2018-04-04T00:00:00Z,None,,,,true,false
,Italian Monthly Unemployment Rate,EUR,2018-04-04T04:00:00Z,None,11.0%,11.1%,10.9%,false,false
,Construction PMI,GBP,2018-04-04T04:30:00Z,High,50.9,51.4,47.0,false,false
,Core CPI Flash Estimate y/y,EUR,2018-04-04T05:00:00Z,None,1.1%,1.0%,1.0%,false,false
,CPI Flash Estimate y/y,EUR,2018-04-04T05:00:00Z,None,1.4%,1.1%,1.4%,false,false
,Unemployment Rate,EUR,2018-04-04T05:00:00Z,None,8.5%,8.6%,8.5%,false,false
,ADP Non-Farm Employment Change,USD,2018-04-04T08:15:00Z,High,208K,246K,241K,false,false
,Final Services PMI,USD,2018-04-04T09:45:00Z,None,54.3,54.1,54.0,false,false
,ISM Services PMI,USD,2018-04-04T10:00:00Z,High,59.0,59.5,58.8,false,false
,Factory Orders m/m,USD,2018-04-04T10:00:00Z,None,1.7%,-1.3%,1.2%,false,false
,Crude Oil Inventories,USD,2018-04-04T10:30:00Z,High,1.4M,1.6M,-4.6M,false,false
,FOMC Member Mester Speaks,USD,2018-04-04T11:00:00Z,None,,,,false,false
,AIG Services Index,AUD,2018-04-04T18:30:00Z,None,,54.0,56.9,false,false
,ANZ Commodity Prices m/m,NZD,2018-04-04T21:00:00Z,None,,2.8%,1.2%,false,false
,Goods Trade Balance,AUD,2018-04-04T21:30:00Z,High,0.68B,0.95B,0.83B,false,false
,Bank Holiday,CNY,2018-04-05T00:00:00Z,None,,,,true,false
,German Factory Orders m/m,EUR,2018-04-05T02:00:00Z,None,1.6%,-3.5%,0.3%,false,false
,CPI m/m,CHF,2018-04-05T03:15:00Z,None,0.2%,0.4%,0.4%,false,false
,Spanish Services PMI,EUR,2018-04-05T03:15:00Z,None,56.2,57.3,56.2,false,false
,Italian Services PMI,EUR,2018-04-05T03:45:00Z,None,53.9,55.0,52.6,false,false
,French Final Services PMI,EUR,2018-04-05T03:50:00Z,None,56.8,56.8,56.9,false,false
,German Final Services PMI,EUR,2018-04-05T03:55:00Z,None,54.2,54.2,53.9,false,false
,Final Services PMI,EUR,2018-04-05T04:00:00Z,None,55.0,55.0,54.9,false,false
,Final Services PMI,GBP,2018-04-05T04:30:00Z,High,53.9,54.5,51.7,false,false
,Spanish 10-y Bond Auction,EUR,2018-04-05T04:57:00Z,None,,1.36|1.3,1.15|1.5,false,false
,PPI m/m,EUR,2018-04-05T05:00:00Z,None,0.0%,0.4%,0.1%,false,false
,Retail Sales m/m,EUR,2018-04-05T05:00:00Z,None,0.6%,-0.3%,0.1%,false,false
,French 10-y Bond Auction,EUR,2018-04-05T05:03:00Z,None,,0.90|1.9,0.74|1.9,false,false
,Challenger Job Cuts y/y,USD,2018-04-05T07:30:00Z,None,,-4.3%,39.4%,false,false
,Trade Balance,CAD,2018-04-05T08:30:00Z,High,-2.1B,-1.9B,-2.7B,false,false
,Unemployment Claims,USD,2018-04-05T08:30:00Z,None,225K,218K,242K,false,false
,Trade Balance,USD,2018-04-05T08:30:00Z,None,-56.9B,-56.7B,-57.6B,false,false
,Natural Gas Storage,USD,2018-04-05T10:30:00Z,None,-29B,-63B,-29B,false,false
,Gov Board Member Maechler Speaks,CHF,2018-04-05T12:00:00Z,None,,,,false,false
,FOMC Member Bostic Speaks,USD,2018-04-05T13:00:00Z,None,,,,false,false
,Household Spending y/y,JPY,2018-04-05T19:30:00Z,None,0.3%,1.9%,-0.9%,false,false
,Average Cash Earnings y/y,JPY,2018-04-05T20:00:00Z,None,0.5%,1.2%,1.3%,false,false
,Leading Indicators,JPY,2018-04-06T01:00:00Z,None,105.5%,105.6%,105.8%,false,false
,German Industrial Production m/m,EUR,2018-04-06T02:00:00Z,None,0.2%,0.1%,-1.6%,false,false
,French Gov Budget Balance,EUR,2018-04-06T02:45:00Z,None,,-10.8B,-28.5B,false,false
,French Trade Balance,EUR,2018-04-06T02:45:00Z,None,-5.3B,-5.4B,-5.2B,false,false
,Foreign Currency Reserves,CHF,2018-04-06T03:00:00Z,None,,732B,738B,false,false
,Retail PMI,EUR,2018-04-06T04:10:00Z,None,,52.3,50.1,false,false
,Housing Equity Withdrawal q/q,GBP,2018-04-06T04:30:00Z,None,-6.7B,-6.3B,-6.7B,false,false
,Employment Change,CAD,2018-04-06T08:30:00Z,High,20.1K,15.4K,32.3K,false,false
,Unemployment Rate,CAD,2018-04-06T08:30:00Z,High,5.8%,5.8%,5.8%,false,false
,Average Hourly Earnings m/m,USD,2018-04-06T08:30:00Z,High,0.3%,0.1%,0.3%,false,false
,Non-Farm Employment Change,USD,2018-04-06T08:30:00Z,High,188K,326K,103K,false,false
,Unemployment Rate,USD,2018-04-06T08:30:00Z,High,4.0%,4.1%,4.1%,false,false
,Ivey PMI,CAD,2018-04-06T10:00:00Z,None,60.2,59.6,59.8,false,false
,BOE Gov Carney Speaks,GBP,2018-04-06T11:15:00Z,High,,,,false,false
,FOMC Member Powell Speaks,USD,2018-04-06T13:30:00Z,High,,,,false,false
,Consumer Credit m/m,USD,2018-04-06T15:00:00Z,None,15.3B,15.6B,10.6B,false,false
,AIG Construction Index,AUD,2018-04-08T18:30:00Z,None,,56.0,57.2,false,false
,Current Account,JPY,2018-04-08T19:50:00Z,None,1.39T,2.02T,1.02T,false,false
,Consumer Confidence,JPY,2018-04-09T01:03:00Z,None,44.6,44.3,44.3,false,false
,Unemployment Rate,CHF,2018-04-09T01:45:00Z,None,2.9%,2.9%,2.9%,false,false
,German Trade Balance,EUR,2018-04-09T02:00:00Z,None,23.1B,21.5B,19.2B,false,false
,Economy Watchers Sentiment,JPY,2018-04-09T02:00:00Z,None,48.1,48.6,48.9,false,false
,Lloyds HPI m/m,GBP,2018-04-09T03:30:00Z,None,0.1%,0.5%,1.5%,false,false
,Sentix Investor Confidence,EUR,2018-04-09T04:30:00Z,None,21.2,24.0,19.6,false,false
,BOC Business Outlook Survey,CAD,2018-04-09T10:30:00Z,High,,,,false,false
,NZIER Business Confidence,NZD,2018-04-09T18:00:00Z,None,,-12,-11,false,false
,BRC Retail Sales Monitor y/y,GBP,2018-04-09T19:01:00Z,None,,0.6%,1.4%,false,false
,NAB Business Confidence,AUD,2018-04-09T21:30:00Z,None,,9,7,false,false
,Prelim Machine Tool Orders y/y,JPY,2018-04-10T01:57:00Z,None,,39.5%,28.1%,false,false
,French Industrial Production m/m,EUR,2018-04-10T02:45:00Z,None,1.5%,-1.8%,1.2%,false,false
,Italian Industrial Production m/m,EUR,2018-04-10T04:00:00Z,None,1.0%,-1.8%,-0.5%,false,false
,MPC Member Haldane Speaks,GBP,2018-04-10T05:00:00Z,None,,,,false,false
,NFIB Small Business Index,USD,2018-04-10T06:00:00Z,None,107.0,107.6,104.7,false,false
,Housing Starts,CAD,2018-04-10T08:13:00Z,None,219K,231K,225K,false,false
,Building Permits m/m,CAD,2018-04-10T08:30:00Z,None,-1.5%,5.2%,-2.6%,false,false
,PPI m/m,USD,2018-04-10T08:30:00Z,High,0.1%,0.2%,0.3%,false,false
,Core PPI m/m,USD,2018-04-10T08:30:00Z,None,0.2%,0.2%,0.3%,false,false
,Final Wholesale Inventories m/m,USD,2018-04-10T10:00:00Z,None,0.8%,1.1%,1.0%,false,false
,API Weekly Statistical Bulletin,USD,2018-04-10T16:30:00Z,None,,,,false,false
,Bank Lending y/y,JPY,2018-04-10T19:50:00Z,None,2.1%,2.1%,2.0%,false,false
,Core Machinery Orders m/m,JPY,2018-04-10T19:50:00Z,None,-2.6%,8.2%,2.1%,false,false
,PPI y/y,JPY,2018-04-10T19:50:00Z,None,2.1%,2.6%,2.1%,false,false
,Westpac Consumer Sentiment,AUD,2018-04-10T20:30:00Z,None,,0.2%,-0.6%,false,false
,CPI y/y,CNY,2018-04-10T21:30:00Z,None,2.6%,2.9%,2.1%,false,false
,PPI y/y,CNY,2018-04-10T21:30:00Z,None,3.2%,3.7%,3.1%,false,false
,RBA Gov Lowe Speaks,AUD,2018-04-11T01:00:00Z,High,,,,false,false
,Italian Retail Sales m/m,EUR,2018-04-11T04:00:00Z,None,0.3%,-0.5%,0.4%,false,false
,Manufacturing Production m/m,GBP,2018-04-11T04:30:00Z,High,0.2%,0.0%,-0.2%,false,false
,Goods Trade Balance,GBP,2018-04-11T04:30:00Z,None,-12.0B,-12.2B,-10.2B,false,false
,Construction Output m/m,GBP,2018-04-11T04:30:00Z,None,0.7%,-3.1%,-1.6%,false,false
,Industrial Production m/m,GBP,2018-04-11T04:30:00Z,None,0.4%,1.3%,0.1%,false,false
,German 30-y Bond Auction,EUR,2018-04-11T05:34:00Z,None,,1.27|1.1,1.12|1.0,false,false
,NIESR GDP Estimate,GBP,2018-04-11T07:08:00Z,None,,0.1%,0.2%,false,false
,ECB President Draghi Speaks,EUR,2018-04-11T07:10:00Z,None,,,,false,false
,Core CPI m/m,USD,2018-04-11T08:30:00Z,High,0.2%,0.2%,0.2%,false,false
,Core CPI y/y,USD,2018-04-11T08:30:00Z,High,2.1%,1.8%,2.1%,false,false
,CPI m/m,USD,2018-04-11T08:30:00Z,High,0.0%,0.2%,-0.1%,false,false
,CPI y/y,USD,2018-04-11T08:30:00Z,High,2.4%,2.2%,2.4%,false,false
,Crude Oil Inventories,USD,2018-04-11T10:30:00Z,High,-0.6M,-4.6M,3.3M,false,false
,10-y Bond Auction,USD,2018-04-11T13:01:00Z,None,,2.89|2.5,2.80|2.5,false,false
,FOMC Meeting Minutes,USD,2018-04-11T14:00:00Z,High,,,,false,false
,Federal Budget Balance,USD,2018-04-11T14:00:00Z,None,-191.0B,-215.2B,-208.7B,false,false
,RBNZ Assist Gov McDermott Speaks,NZD,2018-04-11T19:00:00Z,None,,,,false,false
,RICS House Price Balance,GBP,2018-04-11T19:01:00Z,None,2%,0%,0%,false,false
,M2 Money Stock y/y,JPY,2018-04-11T19:50:00Z,None,3.2%,3.2%,3.2%,false,false
,BOJ Gov Kuroda Speaks,JPY,2018-04-11T20:30:00Z,High,,,,false,false
,MI Inflation Expectations,AUD,2018-04-11T21:00:00Z,None,,3.7%,3.6%,false,false
,Home Loans m/m,AUD,2018-04-11T21:30:00Z,None,-0.3%,-1.0%,-0.2%,false,false
,Foreign Direct Investment ytd/y,CNY,2018-04-11T22:00:00Z,None,,0.5%,0.5%,false,false
,30-y Bond Auction,JPY,2018-04-11T23:45:00Z,None,,0.75|4.2,0.71|4.3,false,false
,MPC Member Broadbent Speaks,GBP,2018-04-12T02:30:00Z,None,,,,false,false
,French Final CPI m/m,EUR,2018-04-12T02:45:00Z,None,1.0%,1.0%,1.0%,false,false
,BOE Credit Conditions Survey,GBP,2018-04-12T04:30:00Z,None,,,,false,false
,Industrial Production m/m,EUR,2018-04-12T05:00:00Z,None,0.1%,-0.6%,-0.8%,false,false
,ECB Monetary Policy Meeting Accounts,EUR,2018-04-12T07:30:00Z,High,,,,false,false
,NHPI m/m,CAD,2018-04-12T08:30:00Z,None,0.1%,0.0%,-0.2%,false,false
,Unemployment Claims,USD,2018-04-12T08:30:00Z,None,231K,242K,233K,false,false
,Import Prices m/m,USD,2018-04-12T08:30:00Z,None,0.2%,0.3%,0.0%,false,false
,Natural Gas Storage,USD,2018-04-12T10:30:00Z,None,-11B,-29B,-19B,false,false
,German Buba President Weidmann Speaks,EUR,2018-04-12T12:00:00Z,None,,,,false,false
,30-y Bond Auction,USD,2018-04-12T13:01:00Z,None,,3.11|2.4,3.04|2.4,false,false
,BOE Gov Carney Speaks,GBP,2018-04-12T15:00:00Z,High,,,,false,false
,BusinessNZ Manufacturing Index,NZD,2018-04-12T18:30:00Z,None,,53.3,52.2,false,false
,RBA Financial Stability Review,AUD,2018-04-12T21:30:00Z,None,,,,false,false
,Trade Balance,CNY,2018-04-12T23:09:00Z,None,179B,225B,-30B,false,false
,USD-Denominated Trade Balance,CNY,2018-04-12T23:10:00Z,None,27.1B,33.7B,-5.0B,false,false
,German Final CPI m/m,EUR,2018-04-13T02:00:00Z,None,0.4%,0.4%,0.4%,false,false
,M2 Money Supply y/y,CNY,2018-04-13T04:00:00Z,None,8.9%,8.8%,8.2%,false,false
,New Loans,CNY,2018-04-13T04:00:00Z,None,1326B,839B,1120B,false,false
,Trade Balance,EUR,2018-04-13T05:00:00Z,None,20.2B,20.2B,21.0B,false,false
,Prelim UoM Consumer Sentiment,USD,2018-04-13T10:00:00Z,None,100.6,101.4,97.8,false,false
,JOLTS Job Openings,USD,2018-04-13T10:00:00Z,None,6.11M,6.23M,6.05M,false,false
,Prelim UoM Inflation Expectations,USD,2018-04-13T10:00:00Z,None,,2.8%,2.7%,false,false
,Treasury Currency Report,USD,2018-04-13T17:00:00Z,None,,,,false,false
,BusinessNZ Services Index,NZD,2018-04-15T18:30:00Z,None,,55.3,58.8,false,false
,FPI m/m,NZD,2018-04-15T18:45:00Z,None,,-0.5%,1.0%,false,false
,Rightmove HPI m/m,GBP,2018-04-15T19:01:00Z,None,,1.5%,0.4%,false,false
,German WPI m/m,EUR,2018-04-16T01:52:00Z,None,0.4%,-0.3%,0.0%,false,false
,PPI m/m,CHF,2018-04-16T03:15:00Z,None,0.4%,0.3%,-0.2%,false,false
,Core Retail Sales m/m,USD,2018-04-16T08:30:00Z,High,0.2%,0.2%,0.2%,false,false
,Retail Sales m/m,USD,2018-04-16T08:30:00Z,High,0.4%,-0.1%,0.6%,false,false
,Empire State Manufacturing Index,USD,2018-04-16T08:30:00Z,None,19.8,22.5,15.8,false,false
,CB Leading Index m/m,GBP,2018-04-16T09:30:00Z,None,,0.0%,-0.4%,false,false
,Business Inventories m/m,USD,2018-04-16T10:00:00Z,None,0.6%,0.6%,0.6%,false,false
,NAHB Housing Market Index,USD,2018-04-16T10:00:00Z,None,71,70,69,false,false
,FOMC Member Bostic Speaks,USD,2018-04-16T13:15:00Z,None,,,,false,false
,TIC Long-Term Purchases,USD,2018-04-16T16:00:00Z,None,52.3B,61.4B,49.0B,false,false
,Monetary Policy Meeting Minutes,AUD,2018-04-16T21:30:00Z,High,,,,false,false
,GDP q/y,CNY,2018-04-16T22:00:00Z,High,6.8%,6.8%,6.8%,false,false
,Fixed Asset Investment ytd/y,CNY,2018-04-16T22:00:00Z,None,7.7%,7.9%,7.5%,false,false
,Industrial Production y/y,CNY,2018-04-16T22:00:00Z,None,6.4%,7.2%,6.0%,false,false
,NBS Press Conference,CNY,2018-04-16T22:00:00Z,None,,,,false,false
,Retail Sales y/y,CNY,2018-04-16T22:00:00Z,None,9.7%,9.7%,10.1%,false,false
,Unemployment Rate,CNY,2018-04-16T22:00:00Z,None,,5.0%,5.1%,false,false
,Revised Industrial Production m/m,JPY,2018-04-17T00:30:00Z,None,4.0%,4.1%,2.0%,false,false
,Average Earnings Index 3m/y,GBP,2018-04-17T04:30:00Z,High,3.0%,2.8%,2.8%,false,false
,Claimant Count Change,GBP,2018-04-17T04:30:00Z,None,13.3K,15.1K,11.6K,false,false
,Unemployment Rate,GBP,2018-04-17T04:30:00Z,None,4.3%,4.3%,4.2%,false,false
,German ZEW Economic Sentiment,EUR,2018-04-17T05:00:00Z,None,-0.8,5.1,-8.2,false,false
,Italian Trade Balance,EUR,2018-04-17T05:00:00Z,None,2.23B,-0.09B,3.10B,false,false
,ZEW Economic Sentiment,EUR,2018-04-17T05:00:00Z,None,7.3,13.4,1.9,false,false
,Foreign Securities Purchases,CAD,2018-04-17T08:30:00Z,None,7.24B,5.63B,3.96B,false,false
,Manufacturing Sales m/m,CAD,2018-04-17T08:30:00Z,None,1.0%,-1.3%,1.9%,false,false
,Building Permits,USD,2018-04-17T08:30:00Z,High,1.33M,1.32M,1.35M,false,false
,Housing Starts,USD,2018-04-17T08:30:00Z,None,1.27M,1.30M,1.32M,false,false
,FOMC Member Williams Speaks,USD,2018-04-17T09:15:00Z,None,,,,false,false
,Capacity Utilization Rate,USD,2018-04-17T09:15:00Z,None,77.9%,78.1%,78.0%,false,false
,Industrial Production m/m,USD,2018-04-17T09:15:00Z,None,0.3%,1.1%,0.5%,false,false
,FOMC Member Quarles Speaks,USD,2018-04-17T10:00:00Z,None,,,,false,false
,GDT Price Index,NZD,2018-04-17T10:26:00Z,None,,-0.6%,2.7%,false,false
,API Weekly Statistical Bulletin,USD,2018-04-17T16:30:00Z,None,,,,false,false
,FOMC Member Bostic Speaks,USD,2018-04-17T17:40:00Z,None,,,,false,false
,Trade Balance,JPY,2018-04-17T19:50:00Z,None,0.10T,-0.21T,0.12T,false,false
,MI Leading Index m/m,AUD,2018-04-17T20:30:00Z,None,,0.4%,-0.2%,false,false
,New Home Prices m/m,CNY,2018-04-17T21:30:00Z,None,,0.25%,0.42%,false,false
,HPI y/y,GBP,2018-04-18T04:30:00Z,None,4.8%,4.7%,4.4%,false,false
,CPI y/y,GBP,2018-04-18T04:30:00Z,High,2.7%,2.7%,2.5%,false,false
,Core CPI y/y,GBP,2018-04-18T04:30:00Z,None,2.5%,2.4%,2.3%,false,false
,PPI Input m/m,GBP,2018-04-18T04:30:00Z,None,0.3%,-0.4%,-0.1%,false,false
,PPI Output m/m,GBP,2018-04-18T04:30:00Z,None,0.1%,0.0%,0.2%,false,false
,RPI y/y,GBP,2018-04-18T04:30:00Z,None,3.5%,3.6%,3.3%,false,false
,Final CPI y/y,EUR,2018-04-18T05:00:00Z,None,1.4%,1.4%,1.3%,false,false
,Final Core CPI y/y,EUR,2018-04-18T05:00:00Z,None,1.0%,1.0%,1.0%,false,false
,German 10-y Bond Auction,EUR,2018-04-18T05:32:00Z,None,,0.60|1.3,0.51|1.4,false,false
,BOC Rate Statement,CAD,2018-04-18T10:00:00Z,High,,,,false,false
,Overnight Rate,CAD,2018-04-18T10:00:00Z,High,1.25%,1.25%,1.25%,false,false
,BOC Monetary Policy Report,CAD,2018-04-18T10:00:00Z,High,,,,false,false
,Crude Oil Inventories,USD,2018-04-18T10:30:00Z,High,-0.5M,3.3M,-1.1M,false,false
,BOC Press Conference,CAD,2018-04-18T11:15:00Z,High,,,,false,false
,Beige Book,USD,2018-04-18T14:00:00Z,None,,,,false,false
,FOMC Member Dudley Speaks,USD,2018-04-18T15:15:00Z,None,,,,false,false
,FOMC Member Quarles Speaks,USD,2018-04-18T16:15:00Z,None,,,,false,false
,CPI q/q,NZD,2018-04-18T18:45:00Z,High,0.4%,0.1%,0.5%,false,false
,Employment Change,AUD,2018-04-18T21:30:00Z,High,20.3K,-6.3K,4.9K,false,false
,Unemployment Rate,AUD,2018-04-18T21:30:00Z,High,5.5%,5.5%,5.5%,false,false
,NAB Quarterly Business Confidence,AUD,2018-04-18T21:30:00Z,None,,7,7,false,false
,Current Account,EUR,2018-04-19T04:00:00Z,None,32.3B,39.0B,35.1B,false,false
,Retail Sales m/m,GBP,2018-04-19T04:30:00Z,High,-0.5%,0.8%,-1.2%,false,false
,Spanish 10-y Bond Auction,EUR,2018-04-19T04:44:00Z,None,,1.15|1.5,1.24|1.3,false,false
,10-y Bond Auction,GBP,2018-04-19T05:36:00Z,None,,1.58|2.6,1.60|2.4,false,false
,FOMC Member Brainard Speaks,USD,2018-04-19T08:00:00Z,None,,,,false,false
,Unemployment Claims,USD,2018-04-19T08:30:00Z,None,230K,233K,232K,false,false
,ADP Non-Farm Employment Change,CAD,2018-04-19T08:30:00Z,None,,16.2K,42.8K,false,false
,Philly Fed Manufacturing Index,USD,2018-04-19T08:30:00Z,None,20.8,22.3,23.2,false,false
,FOMC Member Quarles Speaks,USD,2018-04-19T09:30:00Z,None,,,,false,false
,CB Leading Index m/m,USD,2018-04-19T10:00:00Z,None,0.3%,0.7%,0.3%,false,false
,Natural Gas Storage,USD,2018-04-19T10:30:00Z,None,-23B,-19B,-36B,false,false
,MPC Member Cunliffe Speaks,GBP,2018-04-19T12:30:00Z,None,,,,false,false
,FOMC Member Mester Speaks,USD,2018-04-19T18:45:00Z,None,,,,false,false
,National Core CPI y/y,JPY,2018-04-19T19:30:00Z,None,0.9%,1.0%,0.9%,false,false
,IMF Meetings,All,2018-04-20T00:00:00Z,None,,,,false,false
,OPEC-JMMC Meetings,All,2018-04-20T00:00:00Z,None,,,,true,false
,Tertiary Industry Activity m/m,JPY,2018-04-20T00:30:00Z,None,0.1%,-0.4%,0.0%,false,false
,German PPI m/m,EUR,2018-04-20T02:00:00Z,None,0.2%,-0.1%,0.1%,false,false
,MPC Member Saunders Speaks,GBP,2018-04-20T05:30:00Z,None,,,,false,false
,German Buba President Weidmann Speaks,EUR,2018-04-20T07:30:00Z,None,,,,false,false
,Core Retail Sales m/m,CAD,2018-04-20T08:30:00Z,High,0.4%,1.0%,0.0%,false,false
,Common CPI y/y,CAD,2018-04-20T08:30:00Z,None,,1.9%,1.9%,false,false
,Median CPI y/y,CAD,2018-04-20T08:30:00Z,None,,2.1%,2.1%,false,false
,Retail Sales m/m,CAD,2018-04-20T08:30:00Z,None,0.4%,0.1%,0.4%,false,false
,Trimmed CPI y/y,CAD,2018-04-20T08:30:00Z,None,,2.1%,2.0%,false,false
,Core CPI m/m,CAD,2018-04-20T08:30:00Z,None,,0.7%,0.2%,false,false
,CPI m/m,CAD,2018-04-20T08:30:00Z,High,0.4%,0.6%,0.3%,false,false
,Consumer Confidence,EUR,2018-04-20T10:00:00Z,None,0,0,0,false,false
,FOMC Member Williams Speaks,USD,2018-04-20T11:15:00Z,None,,,,false,false
,IMF Meetings,All,2018-04-21T00:00:00Z,None,,,,false,false
,IMF Meetings,All,2018-04-22T00:00:00Z,None,,,,false,false
,Flash Manufacturing PMI,JPY,2018-04-22T20:30:00Z,None,53.4,53.1,53.3,false,false
,Credit Card Spending y/y,NZD,2018-04-22T23:00:00Z,None,,7.0%,7.2%,false,false
,French Flash Manufacturing PMI,EUR,2018-04-23T03:00:00Z,None,53.4,53.7,53.4,false,false
,French Flash Services PMI,EUR,2018-04-23T03:00:00Z,None,56.6,56.9,57.4,false,false
,German Flash Manufacturing PMI,EUR,2018-04-23T03:30:00Z,None,57.6,58.2,58.1,false,false
,German Flash Services PMI,EUR,2018-04-23T03:30:00Z,None,53.9,53.9,54.1,false,false
,Flash Manufacturing PMI,EUR,2018-04-23T04:00:00Z,None,56.6,56.6,56.0,false,false
,Flash Services PMI,EUR,2018-04-23T04:00:00Z,None,54.8,54.9,55.0,false,false
,German Buba Monthly Report,EUR,2018-04-23T06:00:00Z,None,,,,false,false
,Wholesale Sales m/m,CAD,2018-04-23T08:30:00Z,None,0.3%,0.3%,-0.8%,false,false
,Flash Manufacturing PMI,USD,2018-04-23T09:45:00Z,None,55.2,55.6,56.5,false,false
,Flash Services PMI,USD,2018-04-23T09:45:00Z,None,54.3,54.0,54.4,false,false
,Existing Home Sales,USD,2018-04-23T10:00:00Z,None,5.55M,5.54M,5.60M,false,false
,CB Leading Index m/m,AUD,2018-04-23T10:30:00Z,None,,-0.3%,0.3%,false,false
,BOC Gov Poloz Speaks,CAD,2018-04-23T15:30:00Z,High,,,,false,false
,RBA Assist Gov Kent Speaks,AUD,2018-04-23T18:00:00Z,None,,,,false,false
,Visitor Arrivals m/m,NZD,2018-04-23T18:45:00Z,None,,3.6%,-2.1%,false,false
,SPPI y/y,JPY,2018-04-23T19:50:00Z,None,0.5%,0.7%,0.5%,false,false
,CPI m/m,AUD,2018-04-23T21:30:00Z,High,0.5%,0.6%,0.4%,false,false
,Trimmed Mean CPI m/m,AUD,2018-04-23T21:30:00Z,High,0.5%,0.4%,0.5%,false,false
,Bank Holiday,NZD,2018-04-24T00:00:00Z,None,,,,true,false
,Bank Holiday,AUD,2018-04-24T00:00:00Z,None,,,,true,false
,BOJ Core CPI y/y,JPY,2018-04-24T01:00:00Z,None,0.7%,0.8%,0.7%,false,false
,Trade Balance,CHF,2018-04-24T02:00:00Z,None,3.23B,3.08B,1.77B,false,false
,German ifo Business Climate,EUR,2018-04-24T04:00:00Z,None,102.7,103.3,102.1,false,false
,Public Sector Net Borrowing,GBP,2018-04-24T04:30:00Z,None,1.1B,-0.4B,-0.3B,false,false
,CBI Industrial Order Expectations,GBP,2018-04-24T06:00:00Z,None,4,4,4,false,false
,Belgian NBB Business Climate,EUR,2018-04-24T08:58:00Z,None,-0.6,0.1,1.0,false,false
,HPI m/m,USD,2018-04-24T09:00:00Z,None,0.5%,0.9%,0.6%,false,false
,S&P/CS Composite-20 HPI y/y,USD,2018-04-24T09:00:00Z,None,6.3%,6.4%,6.8%,false,false
,Richmond Manufacturing Index,USD,2018-04-24T09:59:00Z,None,16,15,-3,false,false
,CB Consumer Confidence,USD,2018-04-24T10:00:00Z,High,126.0,127.0,128.7,false,false
,New Home Sales,USD,2018-04-24T10:00:00Z,None,625K,667K,694K,false,false
,API Weekly Statistical Bulletin,USD,2018-04-24T16:30:00Z,None,,,,false,false
,Italian Bank Holiday,EUR,2018-04-25T00:00:00Z,None,,,,true,false
,All Industries Activity m/m,JPY,2018-04-25T00:30:00Z,None,0.6%,-1.1%,0.4%,false,false
,UBS Economic Expectations,CHF,2018-04-25T04:00:00Z,None,,16.7,7.2,false,false
,CB Leading Index m/m,CNY,2018-04-25T09:00:00Z,None,,1.2%,1.7%,false,false
,Crude Oil Inventories,USD,2018-04-25T10:30:00Z,High,-1.6M,-1.1M,2.2M,false,false
,BOC Gov Poloz Speaks,CAD,2018-04-25T16:15:00Z,High,,,,false,false
,Import Prices q/q,AUD,2018-04-25T21:30:00Z,None,1.3%,2.0%,2.1%,false,false
,German GfK Consumer Climate,EUR,2018-04-26T02:00:00Z,None,10.9,10.9,10.8,false,false
,Spanish Unemployment Rate,EUR,2018-04-26T03:00:00Z,None,16.3%,16.6%,16.7%,false,false
,High Street Lending,GBP,2018-04-26T04:30:00Z,None,37.1K,38.0K,37.6K,false,false
,CBI Realized Sales,GBP,2018-04-26T06:00:00Z,None,-3,-8,-2,false,false
,Main Refinancing Rate,EUR,2018-04-26T07:45:00Z,High,0.00%,0.00%,0.00%,false,false
,Monetary Policy Statement,EUR,2018-04-26T07:45:00Z,High,,,,false,false
,Core Durable Goods Orders m/m,USD,2018-04-26T08:30:00Z,High,0.5%,1.0%,0.0%,false,false
,Durable Goods Orders m/m,USD,2018-04-26T08:30:00Z,None,1.6%,3.0%,2.6%,false,false
,Unemployment Claims,USD,2018-04-26T08:30:00Z,None,230K,233K,209K,false,false
,Goods Trade Balance,USD,2018-04-26T08:30:00Z,None,-74.8B,-75.9B,-68.0B,false,false
,Prelim Wholesale Inventories m/m,USD,2018-04-26T08:30:00Z,None,0.6%,1.0%,0.5%,false,false
,ECB Press Conference,EUR,2018-04-26T08:30:00Z,High,,,,false,false
,Natural Gas Storage,USD,2018-04-26T10:30:00Z,None,-11B,-36B,-18B,false,false
,GfK Consumer Confidence,GBP,2018-04-26T18:05:00Z,None,-7,-7,-9,false,false
,Trade Balance,NZD,2018-04-26T18:45:00Z,None,270M,172M,-86M,false,false
,Tokyo Core CPI y/y,JPY,2018-04-26T19:30:00Z,None,0.8%,0.8%,0.6%,false,false
,Unemployment Rate,JPY,2018-04-26T19:30:00Z,None,2.5%,2.5%,2.5%,false,false
,Prelim Industrial Production m/m,JPY,2018-04-26T19:50:00Z,None,0.5%,2.0%,1.2%,false,false
,Retail Sales y/y,JPY,2018-04-26T19:50:00Z,None,1.5%,1.7%,1.0%,false,false
,PPI q/q,AUD,2018-04-26T21:30:00Z,None,0.4%,0.6%,0.5%,false,false
,BOJ Outlook Report,JPY,2018-04-26T23:03:00Z,High,,,,false,false
,Monetary Policy Statement,JPY,2018-04-26T23:03:00Z,High,,,,false,false
,BOJ Policy Rate,JPY,2018-04-26T23:03:00Z,None,-0.10%,-0.10%,-0.10%,false,false
,Eurogroup Meetings,EUR,2018-04-27T00:00:00Z,None,,,,true,false
,Housing Starts y/y,JPY,2018-04-27T01:00:00Z,None,-5.1%,-2.6%,-8.3%,false,false
,French Flash GDP q/q,EUR,2018-04-27T01:30:00Z,None,0.4%,0.7%,0.3%,false,false
,German Import Prices m/m,EUR,2018-04-27T02:00:00Z,None,0.1%,-0.6%,0.0%,false,false
,Nationwide HPI m/m,GBP,2018-04-27T02:00:00Z,None,0.2%,-0.2%,0.2%,false,false
,BOJ Press Conference,JPY,2018-04-27T02:29:00Z,High,,,,false,false
,French Prelim CPI m/m,EUR,2018-04-27T02:45:00Z,None,0.1%,1.0%,0.1%,false,false
,French Consumer Spending m/m,EUR,2018-04-27T02:45:00Z,None,0.4%,2.5%,0.1%,false,false
,Spanish Flash CPI y/y,EUR,2018-04-27T03:00:00Z,None,1.2%,1.2%,1.1%,false,false
,Spanish Flash GDP q/q,EUR,2018-04-27T03:00:00Z,None,0.7%,0.7%,0.7%,false,false
,German Unemployment Change,EUR,2018-04-27T03:55:00Z,None,-15K,-18K,-7K,false,false
,SNB Chairman Jordan Speaks,CHF,2018-04-27T04:00:00Z,High,,,,false,false
,Prelim GDP q/q,GBP,2018-04-27T04:30:00Z,High,0.3%,0.4%,0.1%,false,false
,Index of Services 3m/3m,GBP,2018-04-27T04:30:00Z,None,0.6%,0.6%,0.4%,false,false
,Italian 10-y Bond Auction,EUR,2018-04-27T05:15:00Z,None,,1.83|1.3,1.70|1.4,false,false
,Advance GDP Price Index q/q,USD,2018-04-27T08:30:00Z,None,2.2%,2.3%,2.0%,false,false
,Employment Cost Index q/q,USD,2018-04-27T08:30:00Z,None,0.7%,0.6%,0.8%,false,false
,Advance GDP q/q,USD,2018-04-27T08:30:00Z,High,2.0%,2.9%,2.3%,false,false
,BOE Gov Carney Speaks,GBP,2018-04-27T10:00:00Z,High,,,,false,false
,Revised UoM Consumer Sentiment,USD,2018-04-27T10:00:00Z,None,98.0,97.8,98.8,false,false
,Revised UoM Inflation Expectations,USD,2018-04-27T10:00:00Z,None,,2.7%,2.7%,false,false
,Bank Holiday,JPY,2018-04-29T00:00:00Z,None,,,,true,false
,Bank Holiday,CNY,2018-04-29T00:00:00Z,None,,,,true,false
,MI Inflation Gauge m/m,AUD,2018-04-29T21:00:00Z,None,,0.1%,0.5%,false,false
,Manufacturing PMI,CNY,2018-04-29T21:00:00Z,None,51.3,51.5,51.4,false,false
,Non-Manufacturing PMI,CNY,2018-04-29T21:00:00Z,None,54.6,54.6,54.8,false,false
,ANZ Business Confidence,NZD,2018-04-29T21:00:00Z,High,,-20.0,-23.4,false,false
,HIA New Home Sales m/m,AUD,2018-04-29T21:15:00Z,None,,-0.7%,-2.0%,false,false
,Private Sector Credit m/m,AUD,2018-04-29T21:30:00Z,None,0.4%,0.4%,0.5%,false,false
,Bank Holiday,CNY,2018-04-30T00:00:00Z,None,,,,true,false
,ECOFIN Meetings,EUR,2018-04-30T00:00:00Z,None,,,,true,false
,German Prelim CPI m/m,EUR,2018-04-30T00:00:00Z,None,-0.1%,0.4%,0.0%,true,false
,German Retail Sales m/m,EUR,2018-04-30T02:00:00Z,None,0.8%,-0.2%,-0.6%,false,false
,KOF Economic Barometer,CHF,2018-04-30T03:00:00Z,None,105.9,105.1,105.3,false,false
,M3 Money Supply y/y,EUR,2018-04-30T04:00:00Z,None,4.1%,4.2%,3.7%,false,false
,Private Loans y/y,EUR,2018-04-30T04:00:00Z,None,2.9%,2.9%,3.0%,false,false
,Italian Prelim CPI m/m,EUR,2018-04-30T05:00:00Z,None,0.2%,0.3%,0.1%,false,false
,Personal Income m/m,USD,2018-04-30T08:30:00Z,None,0.4%,0.3%,0.3%,false,false
,RMPI m/m,CAD,2018-04-30T08:30:00Z,None,0.6%,-0.4%,2.1%,false,false
,IPPI m/m,CAD,2018-04-30T08:30:00Z,None,0.2%,0.3%,0.8%,false,false
,Core PCE Price Index m/m,USD,2018-04-30T08:30:00Z,None,0.2%,0.2%,0.2%,false,false
,Personal Spending m/m,USD,2018-04-30T08:30:00Z,None,0.4%,0.0%,0.4%,false,false
,Chicago PMI,USD,2018-04-30T09:45:00Z,None,58.2,57.4,57.6,false,false
,Pending Home Sales m/m,USD,2018-04-30T10:00:00Z,None,0.6%,2.8%,0.4%,false,false
,BOC Gov Poloz Speaks,CAD,2018-04-30T14:30:00Z,High,,,,false,false
,AIG Manufacturing Index,AUD,2018-04-30T18:30:00Z,None,,63.1,58.3,false,false
,Building Consents m/m,NZD,2018-04-30T18:45:00Z,None,,6.4%,14.7%,false,false
,Final Manufacturing PMI,JPY,2018-04-30T20:30:00Z,None,53.3,53.3,53.8,false,false
,French Bank Holiday,EUR,2018-05-01T00:00:00Z,None,,,,true,false
,Total Vehicle Sales,USD,2018-05-01T00:00:00Z,None,17.1M,17.5M,17.2M,true,false
,Bank Holiday,CHF,2018-05-01T00:00:00Z,None,,,,true,false
,German Bank Holiday,EUR,2018-05-01T00:00:00Z,None,,,,true,false
,Italian Bank Holiday,EUR,2018-05-01T00:00:00Z,None,,,,true,false
,Omdia Total Vehicle Sales,USD,2018-05-01T00:00:00Z,None,17.0M,17.4M,17.1M,true,false
,Cash Rate,AUD,2018-05-01T00:30:00Z,None,1.50%,1.50%,1.50%,false,false
,RBA Rate Statement,AUD,2018-05-01T00:30:00Z,High,,,,false,false
,Commodity Prices y/y,AUD,2018-05-01T02:30:00Z,None,,-2.8%,-1.4%,false,false
,Final Manufacturing PMI,GBP,2018-05-01T04:30:00Z,High,54.8,54.9,53.9,false,false
,Net Lending to Individuals m/m,GBP,2018-05-01T04:30:00Z,None,4.9B,5.5B,4.2B,false,false
,M4 Money Supply m/m,GBP,2018-05-01T04:30:00Z,None,0.2%,-0.4%,-1.4%,false,false
,Mortgage Approvals,GBP,2018-05-01T04:30:00Z,None,63K,64K,63K,false,false
,RBA Gov Lowe Speaks,AUD,2018-05-01T06:20:00Z,High,,,,false,false
,GDP m/m,CAD,2018-05-01T08:30:00Z,High,0.3%,-0.1%,0.4%,false,false
,Manufacturing PMI,CAD,2018-05-01T09:30:00Z,None,,55.7,55.5,false,false
,Final Manufacturing PMI,USD,2018-05-01T09:45:00Z,None,56.5,56.5,56.5,false,false
,ISM Manufacturing PMI,USD,2018-05-01T10:00:00Z,High,58.4,59.3,57.3,false,false
,Construction Spending m/m,USD,2018-05-01T10:00:00Z,None,0.5%,1.0%,-1.7%,false,false
,ISM Manufacturing Prices,USD,2018-05-01T10:00:00Z,None,78.3,78.1,79.3,false,false
,GDT Price Index,NZD,2018-05-01T10:24:00Z,None,,2.7%,-1.1%,false,false
,BOC Gov Poloz Speaks,CAD,2018-05-01T14:30:00Z,High,,,,false,false
,API Weekly Statistical Bulletin,USD,2018-05-01T16:30:00Z,None,,,,false,false
,Employment Change q/q,NZD,2018-05-01T18:45:00Z,High,0.5%,0.4%,0.6%,false,false
,Unemployment Rate,NZD,2018-05-01T18:45:00Z,High,4.4%,4.5%,4.4%,false,false
,Labor Cost Index q/q,NZD,2018-05-01T18:45:00Z,None,0.5%,0.4%,0.3%,false,false
,BRC Shop Price Index y/y,GBP,2018-05-01T19:01:00Z,None,,-1.0%,-1.0%,false,false
,Monetary Base y/y,JPY,2018-05-01T19:50:00Z,None,9.2%,9.1%,7.8%,false,false
,RatingDog Manufacturing PMI,CNY,2018-05-01T21:45:00Z,None,50.9,51.0,51.1,false,false
,Bank Holiday,JPY,2018-05-02T00:00:00Z,None,,,,true,false
,Consumer Confidence,JPY,2018-05-02T01:02:00Z,None,44.6,44.3,43.6,false,false
,SECO Consumer Climate,CHF,2018-05-02T01:45:00Z,None,5,5,2,false,false
,Retail Sales y/y,CHF,2018-05-02T03:15:00Z,None,0.3%,-0.2%,-1.8%,false,false
,Spanish Manufacturing PMI,EUR,2018-05-02T03:15:00Z,None,54.2,54.8,54.4,false,false
,Manufacturing PMI,CHF,2018-05-02T03:30:00Z,None,59.9,60.3,63.6,false,false
,Italian Manufacturing PMI,EUR,2018-05-02T03:45:00Z,None,54.4,55.1,53.5,false,false
,French Final Manufacturing PMI,EUR,2018-05-02T03:50:00Z,None,53.4,53.4,53.8,false,false
,German Final Manufacturing PMI,EUR,2018-05-02T03:55:00Z,None,58.1,58.1,58.1,false,false
,Italian Monthly Unemployment Rate,EUR,2018-05-02T04:00:00Z,None,10.9%,11.0%,11.0%,false,false
,Final Manufacturing PMI,EUR,2018-05-02T04:00:00Z,None,56.0,56.0,56.2,false,false
,Construction PMI,GBP,2018-05-02T04:30:00Z,High,50.5,47.0,52.5,false,false
,Unemployment Rate,EUR,2018-05-02T05:00:00Z,None,8.5%,8.5%,8.5%,false,false
,Italian Prelim GDP q/q,EUR,2018-05-02T05:00:00Z,None,0.3%,0.3%,0.3%,false,false
,Prelim Flash GDP q/q,EUR,2018-05-02T05:00:00Z,None,0.4%,0.6%,0.4%,false,false
,ADP Non-Farm Employment Change,USD,2018-05-02T08:15:00Z,High,200K,228K,204K,false,false
,Crude Oil Inventories,USD,2018-05-02T10:30:00Z,High,1.0M,2.2M,6.2M,false,false
,German Buba President Weidmann Speaks,EUR,2018-05-02T11:30:00Z,None,,,,false,false
,Federal Funds Rate,USD,2018-05-02T14:00:00Z,High,1.75%,1.75%,1.75%,false,false
,FOMC Statement,USD,2018-05-02T14:00:00Z,High,,,,false,false
,AIG Services Index,AUD,2018-05-02T18:30:00Z,None,,56.9,55.2,false,false
,ANZ Commodity Prices m/m,NZD,2018-05-02T21:00:00Z,None,,1.2%,1.0%,false,false
,Goods Trade Balance,AUD,2018-05-02T21:30:00Z,High,0.68B,1.35B,1.53B,false,false
,Building Approvals m/m,AUD,2018-05-02T21:30:00Z,None,1.1%,-4.2%,2.6%,false,false
,Bank Holiday,JPY,2018-05-03T00:00:00Z,None,,,,true,false
,Final Services PMI,GBP,2018-05-03T04:30:00Z,High,53.5,51.7,52.8,false,false
,Spanish 10-y Bond Auction,EUR,2018-05-03T04:47:00Z,None,,1.24|1.3,1.29|2.0,false,false
,Core CPI Flash Estimate y/y,EUR,2018-05-03T05:00:00Z,None,0.9%,1.0%,0.7%,false,false
,CPI Flash Estimate y/y,EUR,2018-05-03T05:00:00Z,None,1.3%,1.3%,1.2%,false,false
,PPI m/m,EUR,2018-05-03T05:00:00Z,None,0.1%,0.0%,0.1%,false,false
,EU Economic Forecasts,EUR,2018-05-03T05:00:00Z,None,,,,false,false
,French 10-y Bond Auction,EUR,2018-05-03T05:03:00Z,None,,0.74|1.9,0.81|1.9,false,false
,Challenger Job Cuts y/y,USD,2018-05-03T07:30:00Z,None,,39.4%,-1.4%,false,false
,Trade Balance,USD,2018-05-03T08:30:00Z,None,-50.0B,-57.7B,-49.0B,false,false
,Unemployment Claims,USD,2018-05-03T08:30:00Z,None,225K,209K,211K,false,false
,Prelim Unit Labor Costs q/q,USD,2018-05-03T08:30:00Z,None,3.1%,2.5%,2.7%,false,false
,Prelim Nonfarm Productivity q/q,USD,2018-05-03T08:30:00Z,None,0.9%,0.0%,0.7%,false,false
,Trade Balance,CAD,2018-05-03T08:30:00Z,High,-2.3B,-2.9B,-4.1B,false,false
,Final Services PMI,USD,2018-05-03T09:45:00Z,None,54.4,54.4,54.6,false,false
,ISM Services PMI,USD,2018-05-03T10:00:00Z,High,58.1,58.8,56.8,false,false
,Factory Orders m/m,USD,2018-05-03T10:00:00Z,None,1.3%,1.6%,1.6%,false,false
,Natural Gas Storage,USD,2018-05-03T10:30:00Z,None,47B,-18B,62B,false,false
,SNB Chairman Jordan Speaks,CHF,2018-05-03T12:00:00Z,High,,,,false,false
,RBA Monetary Policy Statement,AUD,2018-05-03T21:30:00Z,High,,,,false,false
,RatingDog Services PMI,CNY,2018-05-03T21:45:00Z,None,52.2,52.3,52.9,false,false
,French Gov Budget Balance,EUR,2018-05-04T02:45:00Z,None,,-28.5B,-33.1B,false,false
,French Trade Balance,EUR,2018-05-04T02:45:00Z,None,-4.9B,-5.0B,-5.3B,false,false
,Spanish Unemployment Change,EUR,2018-05-04T03:00:00Z,None,-100.2K,-47.7K,-86.7K,false,false
,Spanish Services PMI,EUR,2018-05-04T03:15:00Z,None,56.1,56.2,55.6,false,false
,Italian Services PMI,EUR,2018-05-04T03:45:00Z,None,53.0,52.6,52.6,false,false
,French Final Services PMI,EUR,2018-05-04T03:50:00Z,None,57.4,57.4,57.4,false,false
,German Final Services PMI,EUR,2018-05-04T03:55:00Z,None,54.1,54.1,53.0,false,false
,Final Services PMI,EUR,2018-05-04T04:00:00Z,None,55.0,55.0,54.7,false,false
,Retail Sales m/m,EUR,2018-05-04T05:00:00Z,None,0.5%,0.3%,0.1%,false,false
,Unemployment Rate,USD,2018-05-04T08:30:00Z,High,4.0%,4.1%,3.9%,false,false
,Average Hourly Earnings m/m,USD,2018-05-04T08:30:00Z,High,0.2%,0.2%,0.1%,false,false
,Non-Farm Employment Change,USD,2018-05-04T08:30:00Z,High,190K,135K,164K,false,false
,German Buba President Weidmann Speaks,EUR,2018-05-04T09:00:00Z,None,,,,false,false
,Ivey PMI,CAD,2018-05-04T10:00:00Z,None,60.2,59.8,71.5,false,false
,FOMC Member Dudley Speaks,USD,2018-05-04T12:45:00Z,None,,,,false,false
,FOMC Member Williams Speaks,USD,2018-05-04T15:00:00Z,None,,,,false,false
,FOMC Member Quarles Speaks,USD,2018-05-04T17:30:00Z,None,,,,false,false
,FOMC Member Bostic Speaks,USD,2018-05-04T20:00:00Z,None,,,,false,false
,AIG Construction Index,AUD,2018-05-06T18:30:00Z,None,,57.2,55.4,false,false
,FOMC Member Quarles Speaks,USD,2018-05-06T19:00:00Z,None,,,,false,false
,Monetary Policy Meeting Minutes,JPY,2018-05-06T19:50:00Z,None,,,,false,false
,ANZ Job Advertisements m/m,AUD,2018-05-06T21:30:00Z,None,,-0.1%,-0.2%,false,false
,NAB Business Confidence,AUD,2018-05-06T21:30:00Z,None,,8,10,false,false
,Bank Holiday,GBP,2018-05-07T00:00:00Z,None,,,,true,false
,German Factory Orders m/m,EUR,2018-05-07T02:00:00Z,None,0.5%,0.3%,-0.9%,false,false
,Foreign Currency Reserves,CHF,2018-05-07T03:00:00Z,None,,738B,757B,false,false
,CPI m/m,CHF,2018-05-07T03:15:00Z,None,0.3%,0.4%,0.2%,false,false
,Gov Council Member Lane Speaks,CAD,2018-05-07T04:00:00Z,None,,,,false,false
,Retail PMI,EUR,2018-05-07T04:10:00Z,None,,50.1,48.6,false,false
,Sentix Investor Confidence,EUR,2018-05-07T04:30:00Z,None,21.2,19.6,19.2,false,false
,FOMC Member Bostic Speaks,USD,2018-05-07T08:25:00Z,None,,,,false,false
,FOMC Member Barkin Speaks,USD,2018-05-07T14:00:00Z,None,,,,false,false
,Consumer Credit m/m,USD,2018-05-07T15:00:00Z,None,16.2B,13.6B,11.6B,false,false
,Household Spending y/y,JPY,2018-05-07T19:30:00Z,None,1.2%,-0.9%,-0.7%,false,false
,Retail Sales m/m,AUD,2018-05-07T21:30:00Z,High,0.2%,0.6%,0.0%,false,false
,Inflation Expectations q/q,NZD,2018-05-07T23:00:00Z,High,,2.11%,2.01%,false,false
,Trade Balance,CNY,2018-05-07T23:13:00Z,None,187B,-30B,183B,false,false
,USD-Denominated Trade Balance,CNY,2018-05-07T23:15:00Z,None,27.5B,-5.0B,28.8B,false,false
,10-y Bond Auction,JPY,2018-05-07T23:35:00Z,None,,0.03|4.2,0.05|4.2,false,false
,French Bank Holiday,EUR,2018-05-08T00:00:00Z,None,,,,true,false
,Unemployment Rate,CHF,2018-05-08T01:45:00Z,None,2.9%,2.8%,2.7%,false,false
,German Industrial Production m/m,EUR,2018-05-08T02:00:00Z,None,0.8%,-1.7%,1.0%,false,false
,German Trade Balance,EUR,2018-05-08T02:00:00Z,None,19.9B,19.4B,22.0B,false,false
,FOMC Member Powell Speaks,USD,2018-05-08T03:15:00Z,High,,,,false,false
,Lloyds HPI m/m,GBP,2018-05-08T03:30:00Z,None,-0.3%,1.6%,-3.1%,false,false
,Annual Budget Release,AUD,2018-05-08T05:30:00Z,High,,,,false,false
,NFIB Small Business Index,USD,2018-05-08T06:00:00Z,None,105.2,104.7,104.8,false,false
,Housing Starts,CAD,2018-05-08T08:13:00Z,None,218K,225K,214K,false,false
,JOLTS Job Openings,USD,2018-05-08T10:00:00Z,None,6.02M,6.08M,6.55M,false,false
,RCM/TIPP Economic Optimism,USD,2018-05-08T10:02:00Z,None,51.3,52.6,53.6,false,false
,Loan Officer Survey,USD,2018-05-08T14:00:00Z,None,,,,false,false
,President Trump Speaks,USD,2018-05-08T14:00:00Z,High,,,,false,false
,API Weekly Statistical Bulletin,USD,2018-05-08T16:30:00Z,None,,,,false,false
,BRC Retail Sales Monitor y/y,GBP,2018-05-08T19:01:00Z,None,-0.7%,1.4%,-4.2%,false,false
,Average Cash Earnings y/y,JPY,2018-05-08T20:00:00Z,None,1.1%,1.0%,2.1%,false,false
,Leading Indicators,JPY,2018-05-09T01:03:00Z,None,105.2%,106.0%,105.0%,false,false
,French Industrial Production m/m,EUR,2018-05-09T02:45:00Z,None,0.4%,1.1%,-0.4%,false,false
,Italian Retail Sales m/m,EUR,2018-05-09T04:00:00Z,None,0.1%,0.7%,-0.2%,false,false
,German 30-y Bond Auction,EUR,2018-05-09T05:33:00Z,None,,1.12|1.0,1.26|1.1,false,false
,10-y Bond Auction,GBP,2018-05-09T05:35:00Z,None,,1.60|2.4,1.61|2.2,false,false
,Building Permits m/m,CAD,2018-05-09T08:30:00Z,None,2.0%,-2.8%,3.1%,false,false
,PPI m/m,USD,2018-05-09T08:30:00Z,High,0.2%,0.3%,0.1%,false,false
,Core PPI m/m,USD,2018-05-09T08:30:00Z,None,0.2%,0.3%,0.2%,false,false
,Final Wholesale Inventories m/m,USD,2018-05-09T10:00:00Z,None,0.6%,0.5%,0.3%,false,false
,Crude Oil Inventories,USD,2018-05-09T10:30:00Z,High,-0.2M,6.2M,-2.2M,false,false
,FOMC Member Bostic Speaks,USD,2018-05-09T12:30:00Z,None,,,,false,false
,10-y Bond Auction,USD,2018-05-09T13:01:00Z,None,,2.80|2.5,3.00|2.6,false,false
,RBNZ Rate Statement,NZD,2018-05-09T17:00:00Z,High,,,,false,false
,RBNZ Monetary Policy Statement,NZD,2018-05-09T17:00:00Z,High,,,,false,false
,Official Cash Rate,NZD,2018-05-09T17:00:00Z,High,1.75%,1.75%,1.75%,false,false
,RBNZ Press Conference,NZD,2018-05-09T18:00:00Z,High,,,,false,false
,RICS House Price Balance,GBP,2018-05-09T19:01:00Z,None,-1%,0%,-8%,false,false
,Bank Lending y/y,JPY,2018-05-09T19:50:00Z,None,1.9%,2.0%,2.1%,false,false
,BOJ Summary of Opinions,JPY,2018-05-09T19:50:00Z,None,,,,false,false
,Current Account,JPY,2018-05-09T19:53:00Z,None,1.62T,0.96T,1.77T,false,false
,RBNZ Gov Orr Speaks,NZD,2018-05-09T21:10:00Z,High,,,,false,false
,PPI y/y,CNY,2018-05-09T21:30:00Z,None,3.4%,3.1%,3.4%,false,false
,CPI y/y,CNY,2018-05-09T21:30:00Z,None,1.9%,2.1%,1.8%,false,false
,Bank Holiday,CHF,2018-05-10T00:00:00Z,None,,,,true,false
,French Bank Holiday,EUR,2018-05-10T00:00:00Z,None,,,,true,false
,German Bank Holiday,EUR,2018-05-10T00:00:00Z,None,,,,true,false
,Economy Watchers Sentiment,JPY,2018-05-10T01:00:00Z,None,49.2,48.9,49.0,false,false
,ECB Economic Bulletin,EUR,2018-05-10T04:00:00Z,None,,,,false,false
,Italian Industrial Production m/m,EUR,2018-05-10T04:00:00Z,None,0.4%,-0.5%,1.2%,false,false
,Construction Output m/m,GBP,2018-05-10T04:30:00Z,None,-2.1%,-1.0%,-2.3%,false,false
,Manufacturing Production m/m,GBP,2018-05-10T04:30:00Z,High,-0.2%,-0.2%,-0.1%,false,false
,Goods Trade Balance,GBP,2018-05-10T04:30:00Z,None,-11.2B,-10.4B,-12.3B,false,false
,Industrial Production m/m,GBP,2018-05-10T04:30:00Z,None,0.1%,0.1%,0.1%,false,false
,MPC Asset Purchase Facility Votes,GBP,2018-05-10T07:00:00Z,None,0-0-9,0-0-9,0-0-9,false,false
,BOE Monetary Policy Report,GBP,2018-05-10T07:00:00Z,High,,,,false,false
,Monetary Policy Summary,GBP,2018-05-10T07:00:00Z,High,,,,false,false
,MPC Official Bank Rate Votes,GBP,2018-05-10T07:00:00Z,High,2-0-7,2-0-7,2-0-7,false,false
,Official Bank Rate,GBP,2018-05-10T07:00:00Z,High,0.50%,0.50%,0.50%,false,false
,Asset Purchase Facility,GBP,2018-05-10T07:00:00Z,None,435B,435B,435B,false,false
,NIESR GDP Estimate,GBP,2018-05-10T07:01:00Z,None,,0.1%,0.1%,false,false
,NHPI m/m,CAD,2018-05-10T08:30:00Z,None,0.0%,-0.2%,0.0%,false,false
,Core CPI m/m,USD,2018-05-10T08:30:00Z,High,0.2%,0.2%,0.1%,false,false
,Core CPI y/y,USD,2018-05-10T08:30:00Z,High,2.1%,2.1%,2.1%,false,false
,CPI m/m,USD,2018-05-10T08:30:00Z,High,0.3%,-0.1%,0.2%,false,false
,CPI y/y,USD,2018-05-10T08:30:00Z,High,2.5%,2.4%,2.5%,false,false
,Unemployment Claims,USD,2018-05-10T08:30:00Z,None,219K,211K,211K,false,false
,Natural Gas Storage,USD,2018-05-10T10:30:00Z,None,81B,62B,89B,false,false
,30-y Bond Auction,USD,2018-05-10T13:01:00Z,None,,3.04|2.4,3.13|2.4,false,false
,Federal Budget Balance,USD,2018-05-10T14:00:00Z,None,201.2B,-208.7B,214.3B,false,false
,BusinessNZ Manufacturing Index,NZD,2018-05-10T18:30:00Z,None,,53.1,58.9,false,false
,FPI m/m,NZD,2018-05-10T18:45:00Z,None,,1.0%,0.1%,false,false
,M2 Money Stock y/y,JPY,2018-05-10T19:50:00Z,None,3.2%,3.1%,3.3%,false,false
,Home Loans m/m,AUD,2018-05-10T21:30:00Z,None,-1.9%,-0.3%,-2.2%,false,false
,New Loans,CNY,2018-05-11T05:00:00Z,None,1100B,1120B,1180B,false,false
,M2 Money Supply y/y,CNY,2018-05-11T05:00:00Z,None,8.5%,8.2%,8.3%,false,false
,Unemployment Rate,CAD,2018-05-11T08:30:00Z,High,5.8%,5.8%,5.8%,false,false
,Employment Change,CAD,2018-05-11T08:30:00Z,High,17.8K,32.3K,-1.1K,false,false
,Import Prices m/m,USD,2018-05-11T08:30:00Z,None,0.5%,-0.2%,0.3%,false,false
,Gov Council Member Wilkins Speaks,CAD,2018-05-11T09:10:00Z,None,,,,false,false
,ECB President Draghi Speaks,EUR,2018-05-11T09:15:00Z,High,,,,false,false
,Prelim UoM Consumer Sentiment,USD,2018-05-11T10:00:00Z,None,98.4,98.8,98.8,false,false
,Prelim UoM Inflation Expectations,USD,2018-05-11T10:00:00Z,None,,2.7%,2.8%,false,false
,BusinessNZ Services Index,NZD,2018-05-13T18:30:00Z,None,,58.6,55.9,false,false
,PPI y/y,JPY,2018-05-13T19:50:00Z,None,2.0%,2.1%,2.0%,false,false
,Prelim Machine Tool Orders y/y,JPY,2018-05-14T01:59:00Z,None,,28.1%,22.0%,false,false
,FOMC Member Mester Speaks,USD,2018-05-14T02:45:00Z,None,,,,false,false
,RBA Deputy Gov Debelle Speaks,AUD,2018-05-14T11:00:00Z,None,,,,false,false
,RBA Deputy Gov Debelle Speaks,AUD,2018-05-14T19:10:00Z,None,,,,false,false
,Monetary Policy Meeting Minutes,AUD,2018-05-14T21:30:00Z,High,,,,false,false
,RBA Deputy Gov Debelle Speaks,AUD,2018-05-14T21:40:00Z,None,,,,false,false
,Industrial Production y/y,CNY,2018-05-14T22:00:00Z,None,6.4%,6.0%,7.0%,false,false
,Fixed Asset Investment ytd/y,CNY,2018-05-14T22:00:00Z,None,7.4%,7.5%,7.0%,false,false
,Retail Sales y/y,CNY,2018-05-14T22:00:00Z,None,10.0%,10.1%,9.4%,false,false
,Unemployment Rate,CNY,2018-05-14T22:00:00Z,None,,5.1%,4.9%,false,false
,30-y Bond Auction,JPY,2018-05-14T23:35:00Z,None,,0.71|4.3,0.75|4.4,false,false
,Tertiary Industry Activity m/m,JPY,2018-05-15T00:30:00Z,None,-0.2%,0.1%,-0.3%,false,false
,German Prelim GDP q/q,EUR,2018-05-15T02:00:00Z,None,0.4%,0.6%,0.3%,false,false
,French Prelim Private Payrolls q/q,EUR,2018-05-15T02:45:00Z,None,0.4%,0.4%,0.3%,false,false
,French Final CPI m/m,EUR,2018-05-15T02:45:00Z,None,0.1%,0.1%,0.2%,false,false
,PPI m/m,CHF,2018-05-15T03:15:00Z,None,0.3%,-0.2%,0.4%,false,false
,Claimant Count Change,GBP,2018-05-15T04:30:00Z,None,13.3K,15.7K,31.2K,false,false
,Unemployment Rate,GBP,2018-05-15T04:30:00Z,None,4.2%,4.2%,4.2%,false,false
,Average Earnings Index 3m/y,GBP,2018-05-15T04:30:00Z,High,2.7%,2.8%,2.6%,false,false
,ZEW Economic Sentiment,EUR,2018-05-15T05:00:00Z,None,2.0,1.9,2.4,false,false
,Flash GDP q/q,EUR,2018-05-15T05:00:00Z,None,0.4%,0.4%,0.4%,false,false
,German ZEW Economic Sentiment,EUR,2018-05-15T05:00:00Z,None,-8.0,-8.2,-8.2,false,false
,Industrial Production m/m,EUR,2018-05-15T05:00:00Z,None,0.6%,-0.9%,0.5%,false,false
,Core Retail Sales m/m,USD,2018-05-15T08:30:00Z,High,0.5%,0.4%,0.3%,false,false
,Retail Sales m/m,USD,2018-05-15T08:30:00Z,High,0.4%,0.8%,0.3%,false,false
,Empire State Manufacturing Index,USD,2018-05-15T08:30:00Z,None,15.1,15.8,20.1,false,false
,Business Inventories m/m,USD,2018-05-15T10:00:00Z,None,0.2%,0.6%,0.0%,false,false
,NAHB Housing Market Index,USD,2018-05-15T10:00:00Z,None,70,68,70,false,false
,GDT Price Index,NZD,2018-05-15T10:19:00Z,None,,-1.1%,1.9%,false,false
,FOMC Member Williams Speaks,USD,2018-05-15T12:45:00Z,None,,,,false,false
,TIC Long-Term Purchases,USD,2018-05-15T16:00:00Z,None,51.3B,49.0B,61.8B,false,false
,API Weekly Statistical Bulletin,USD,2018-05-15T16:30:00Z,None,,,,false,false
,Prelim GDP q/q,JPY,2018-05-15T19:50:00Z,None,0.0%,0.4%,-0.2%,false,false
,Prelim GDP Price Index y/y,JPY,2018-05-15T19:50:00Z,None,0.3%,0.1%,0.5%,false,false
,Westpac Consumer Sentiment,AUD,2018-05-15T20:30:00Z,None,,-0.6%,-0.6%,false,false
,Wage Price Index q/q,AUD,2018-05-15T21:30:00Z,High,0.6%,0.5%,0.5%,false,false
,New Home Prices m/m,CNY,2018-05-15T21:30:00Z,None,,0.42%,0.57%,false,false
,Revised Industrial Production m/m,JPY,2018-05-16T00:30:00Z,None,1.2%,1.2%,1.4%,false,false
,German Final CPI m/m,EUR,2018-05-16T02:00:00Z,None,0.0%,0.0%,0.0%,false,false
,Final Core CPI y/y,EUR,2018-05-16T05:00:00Z,None,0.7%,0.7%,0.7%,false,false
,Final CPI y/y,EUR,2018-05-16T05:00:00Z,None,1.2%,1.2%,1.2%,false,false
,German 10-y Bond Auction,EUR,2018-05-16T05:35:00Z,None,,0.51|1.4,0.62|2.8,false,false
,ECB President Draghi Speaks,EUR,2018-05-16T08:00:00Z,None,,,,false,false
,FOMC Member Bostic Speaks,USD,2018-05-16T08:30:00Z,None,,,,false,false
,Manufacturing Sales m/m,CAD,2018-05-16T08:30:00Z,None,1.1%,2.7%,1.4%,false,false
,Building Permits,USD,2018-05-16T08:30:00Z,High,1.35M,1.38M,1.35M,false,false
,Housing Starts,USD,2018-05-16T08:30:00Z,None,1.32M,1.34M,1.29M,false,false
,Industrial Production m/m,USD,2018-05-16T09:15:00Z,None,0.6%,0.7%,0.7%,false,false
,Capacity Utilization Rate,USD,2018-05-16T09:15:00Z,None,78.4%,77.6%,78.0%,false,false
,CB Leading Index m/m,GBP,2018-05-16T09:30:00Z,None,,-0.3%,-0.2%,false,false
,Mortgage Delinquencies,USD,2018-05-16T10:00:00Z,None,,5.17%,4.63%,false,false
,Crude Oil Inventories,USD,2018-05-16T10:30:00Z,High,-1.1M,-2.2M,-1.4M,false,false
,Gov Council Member Schembri Speaks,CAD,2018-05-16T12:00:00Z,None,,,,false,false
,SNB Chairman Jordan Speaks,CHF,2018-05-16T12:00:00Z,High,,,,false,false
,PPI Input q/q,NZD,2018-05-16T18:45:00Z,None,0.3%,0.9%,0.6%,false,false
,PPI Output q/q,NZD,2018-05-16T18:45:00Z,None,0.2%,1.0%,0.2%,false,false
,Core Machinery Orders m/m,JPY,2018-05-16T19:50:00Z,None,-2.9%,2.1%,-3.9%,false,false
,MI Inflation Expectations,AUD,2018-05-16T21:00:00Z,None,,3.6%,3.7%,false,false
,Employment Change,AUD,2018-05-16T21:30:00Z,High,19.8K,-0.7K,22.6K,false,false
,Unemployment Rate,AUD,2018-05-16T21:30:00Z,High,5.5%,5.5%,5.6%,false,false
,Foreign Direct Investment ytd/y,CNY,2018-05-16T22:00:00Z,None,,0.5%,0.1%,false,false
,Annual Budget Release,NZD,2018-05-16T22:00:00Z,High,,,,false,false
,Italian Trade Balance,EUR,2018-05-17T04:00:00Z,None,3.74B,3.10B,4.53B,false,false
,Spanish 10-y Bond Auction,EUR,2018-05-17T04:57:00Z,None,,1.29|2.0,1.37|2.3,false,false
,Unemployment Claims,USD,2018-05-17T08:30:00Z,None,216K,211K,222K,false,false
,ADP Non-Farm Employment Change,CAD,2018-05-17T08:30:00Z,None,,59.3K,30.2K,false,false
,Foreign Securities Purchases,CAD,2018-05-17T08:30:00Z,None,3.00B,4.32B,6.15B,false,false
,Philly Fed Manufacturing Index,USD,2018-05-17T08:32:00Z,None,21.1,23.2,34.4,false,false
,CB Leading Index m/m,USD,2018-05-17T10:00:00Z,None,0.4%,0.4%,0.4%,false,false
,Natural Gas Storage,USD,2018-05-17T10:30:00Z,None,105B,89B,106B,false,false
,MPC Member Haldane Speaks,GBP,2018-05-17T12:00:00Z,None,,,,false,false
,National Core CPI y/y,JPY,2018-05-17T19:30:00Z,None,0.8%,0.9%,0.7%,false,false
,German PPI m/m,EUR,2018-05-18T02:00:00Z,None,0.3%,0.1%,0.5%,false,false
,German WPI m/m,EUR,2018-05-18T02:00:00Z,None,0.2%,0.0%,0.5%,false,false
,FOMC Member Mester Speaks,USD,2018-05-18T03:00:00Z,None,,,,false,false
,Current Account,EUR,2018-05-18T04:00:00Z,None,35.1B,36.8B,32.0B,false,false
,Trade Balance,EUR,2018-05-18T05:00:00Z,None,20.7B,20.9B,21.2B,false,false
,Median CPI y/y,CAD,2018-05-18T08:30:00Z,None,,2.1%,2.1%,false,false
,Core CPI m/m,CAD,2018-05-18T08:30:00Z,None,,0.2%,0.1%,false,false
,Trimmed CPI y/y,CAD,2018-05-18T08:30:00Z,None,,2.0%,2.1%,false,false
,Retail Sales m/m,CAD,2018-05-18T08:30:00Z,None,0.3%,0.5%,0.6%,false,false
,Common CPI y/y,CAD,2018-05-18T08:30:00Z,None,,1.9%,1.9%,false,false
,CPI m/m,CAD,2018-05-18T08:30:00Z,High,0.3%,0.3%,0.3%,false,false
,Core Retail Sales m/m,CAD,2018-05-18T08:30:00Z,High,0.5%,0.0%,-0.2%,false,false
,FOMC Member Brainard Speaks,USD,2018-05-18T09:15:00Z,None,,,,false,false
,Retail Sales q/q,NZD,2018-05-20T18:45:00Z,High,1.0%,1.4%,0.1%,false,false
,Visitor Arrivals m/m,NZD,2018-05-20T18:45:00Z,None,,-1.5%,-1.3%,false,false
,Core Retail Sales q/q,NZD,2018-05-20T18:47:00Z,None,1.1%,1.8%,0.6%,false,false
,Rightmove HPI m/m,GBP,2018-05-20T19:01:00Z,None,,0.4%,0.8%,false,false
,Trade Balance,JPY,2018-05-20T19:50:00Z,None,0.11T,0.17T,0.55T,false,false
,Credit Card Spending y/y,NZD,2018-05-20T23:00:00Z,None,,7.4%,7.0%,false,false
,French Bank Holiday,EUR,2018-05-21T00:00:00Z,None,,,,true,false
,Bank Holiday,CHF,2018-05-21T00:00:00Z,None,,,,true,false
,German Bank Holiday,EUR,2018-05-21T00:00:00Z,None,,,,true,false
,Bank Holiday,CAD,2018-05-21T00:00:00Z,None,,,,true,false
,CB Leading Index m/m,AUD,2018-05-21T10:30:00Z,None,,0.2%,0.2%,false,false
,FOMC Member Bostic Speaks,USD,2018-05-21T11:30:00Z,None,,,,false,false
,BOJ Core CPI y/y,JPY,2018-05-22T01:00:00Z,None,0.6%,0.7%,0.5%,false,false
,MPC Member Vlieghe Speaks,GBP,2018-05-22T04:15:00Z,None,,,,false,false
,Public Sector Net Borrowing,GBP,2018-05-22T04:30:00Z,None,7.2B,-0.8B,6.2B,false,false
,Monetary Policy Report Hearings,GBP,2018-05-22T05:00:00Z,High,,,,false,false
,German Buba Monthly Report,EUR,2018-05-22T06:00:00Z,None,,,,false,false
,CBI Industrial Order Expectations,GBP,2018-05-22T06:00:00Z,None,2,4,-3,false,false
,Wholesale Sales m/m,CAD,2018-05-22T08:30:00Z,None,0.8%,-0.4%,1.1%,false,false
,CB Leading Index m/m,CNY,2018-05-22T09:00:00Z,None,,1.6%,1.5%,false,false
,Richmond Manufacturing Index,USD,2018-05-22T09:59:00Z,None,9,-3,16,false,false
,API Weekly Statistical Bulletin,USD,2018-05-22T16:30:00Z,None,,,,false,false
,MI Leading Index m/m,AUD,2018-05-22T20:30:00Z,None,,-0.1%,0.2%,false,false
,Flash Manufacturing PMI,JPY,2018-05-22T20:30:00Z,None,53.6,53.8,52.5,false,false
,Construction Work Done q/q,AUD,2018-05-22T21:30:00Z,None,1.1%,-18.3%,0.2%,false,false
,All Industries Activity m/m,JPY,2018-05-23T00:30:00Z,None,0.1%,0.4%,0.0%,false,false
,French Flash Services PMI,EUR,2018-05-23T03:00:00Z,None,57.1,57.4,54.3,false,false
,French Flash Manufacturing PMI,EUR,2018-05-23T03:00:00Z,None,53.6,53.8,55.1,false,false
,German Flash Manufacturing PMI,EUR,2018-05-23T03:30:00Z,None,57.9,58.1,56.8,false,false
,German Flash Services PMI,EUR,2018-05-23T03:30:00Z,None,53.1,53.0,52.1,false,false
,RBA Gov Lowe Speaks,AUD,2018-05-23T04:00:00Z,High,,,,false,false
,Flash Manufacturing PMI,EUR,2018-05-23T04:00:00Z,None,56.1,56.2,55.5,false,false
,Flash Services PMI,EUR,2018-05-23T04:00:00Z,None,54.7,54.7,53.9,false,false
,HPI y/y,GBP,2018-05-23T04:30:00Z,None,4.4%,4.2%,4.2%,false,false
,PPI Input m/m,GBP,2018-05-23T04:30:00Z,None,1.0%,0.1%,0.4%,false,false
,RPI y/y,GBP,2018-05-23T04:30:00Z,None,3.4%,3.3%,3.4%,false,false
,Core CPI y/y,GBP,2018-05-23T04:30:00Z,None,2.2%,2.3%,2.1%,false,false
,CPI y/y,GBP,2018-05-23T04:30:00Z,High,2.5%,2.5%,2.4%,false,false
,PPI Output m/m,GBP,2018-05-23T04:30:00Z,None,0.3%,0.3%,0.3%,false,false
,CBI Realized Sales,GBP,2018-05-23T06:00:00Z,None,4,-2,11,false,false
,Flash Manufacturing PMI,USD,2018-05-23T09:45:00Z,None,56.6,56.5,56.6,false,false
,Flash Services PMI,USD,2018-05-23T09:45:00Z,None,54.9,54.6,55.7,false,false
,Consumer Confidence,EUR,2018-05-23T09:55:00Z,None,0,0,0,false,false
,New Home Sales,USD,2018-05-23T10:00:00Z,None,680K,672K,662K,false,false
,Crude Oil Inventories,USD,2018-05-23T10:30:00Z,High,-2.5M,-1.4M,5.8M,false,false
,FOMC Meeting Minutes,USD,2018-05-23T14:00:00Z,High,,,,false,false
,Trade Balance,NZD,2018-05-23T18:45:00Z,None,200M,-156M,263M,false,false
,Eurogroup Meetings,EUR,2018-05-24T00:00:00Z,None,,,,true,false
,German Final GDP q/q,EUR,2018-05-24T02:00:00Z,None,0.3%,0.3%,0.3%,false,false
,German GfK Consumer Climate,EUR,2018-05-24T02:00:00Z,None,10.8,10.8,10.7,false,false
,ECB Financial Stability Review,EUR,2018-05-24T04:00:00Z,None,,,,false,false
,BOE Gov Carney Speaks,GBP,2018-05-24T04:00:00Z,High,,,,false,false
,FOMC Member Dudley Speaks,USD,2018-05-24T04:15:00Z,None,,,,false,false
,Retail Sales m/m,GBP,2018-05-24T04:30:00Z,High,0.8%,-1.1%,1.6%,false,false
,ECB Monetary Policy Meeting Accounts,EUR,2018-05-24T07:30:00Z,High,,,,false,false
,Corporate Profits q/q,CAD,2018-05-24T08:30:00Z,None,,-1.9%,2.7%,false,false
,Unemployment Claims,USD,2018-05-24T08:30:00Z,None,220K,223K,234K,false,false
,Belgian NBB Business Climate,EUR,2018-05-24T08:59:00Z,None,0.6,1.0,0.2,false,false
,HPI m/m,USD,2018-05-24T09:00:00Z,None,0.5%,0.6%,0.1%,false,false
,Existing Home Sales,USD,2018-05-24T10:00:00Z,None,5.56M,5.60M,5.46M,false,false
,Natural Gas Storage,USD,2018-05-24T10:30:00Z,None,92B,106B,91B,false,false
,FOMC Member Bostic Speaks,USD,2018-05-24T10:35:00Z,None,,,,false,false
,BOE Gov Carney Speaks,GBP,2018-05-24T15:10:00Z,High,,,,false,false
,Tokyo Core CPI y/y,JPY,2018-05-24T19:30:00Z,None,0.6%,0.6%,0.5%,false,false
,OPEC-JMMC Meetings,All,2018-05-25T00:00:00Z,None,,,,true,false
,ECOFIN Meetings,EUR,2018-05-25T00:00:00Z,None,,,,true,false
,German ifo Business Climate,EUR,2018-05-25T04:00:00Z,None,102.0,102.2,102.2,false,false
,Second Estimate GDP q/q,GBP,2018-05-25T04:30:00Z,High,0.1%,0.1%,0.1%,false,false
,Prelim Business Investment q/q,GBP,2018-05-25T04:30:00Z,None,0.2%,0.3%,-0.2%,false,false
,Index of Services 3m/3m,GBP,2018-05-25T04:30:00Z,None,0.3%,0.5%,0.3%,false,false
,High Street Lending,GBP,2018-05-25T04:36:00Z,None,37.5K,37.6K,38.0K,false,false
,RBA Gov Bullock Speaks,AUD,2018-05-25T08:00:00Z,None,,,,false,false
,Core Durable Goods Orders m/m,USD,2018-05-25T08:30:00Z,High,0.5%,0.1%,0.9%,false,false
,Durable Goods Orders m/m,USD,2018-05-25T08:30:00Z,None,-1.3%,2.7%,-1.7%,false,false
,BOE Gov Carney Speaks,GBP,2018-05-25T09:20:00Z,High,,,,false,false
,FOMC Member Powell Speaks,USD,2018-05-25T09:20:00Z,High,,,,false,false
,Revised UoM Consumer Sentiment,USD,2018-05-25T10:00:00Z,None,98.8,98.8,98.0,false,false
,Revised UoM Inflation Expectations,USD,2018-05-25T10:00:00Z,None,,2.8%,2.8%,false,false
,FOMC Member Bostic Speaks,USD,2018-05-25T11:45:00Z,None,,,,false,false
,German Buba President Weidmann Speaks,EUR,2018-05-25T15:20:00Z,None,,,,false,false
,SPPI y/y,JPY,2018-05-27T19:50:00Z,None,0.5%,0.5%,0.9%,false,false
,Bank Holiday,GBP,2018-05-28T00:00:00Z,None,,,,true,false
,Bank Holiday,USD,2018-05-28T00:00:00Z,None,,,,true,false
,Unemployment Rate,JPY,2018-05-28T19:30:00Z,None,2.5%,2.5%,2.5%,false,false
,Trade Balance,CHF,2018-05-29T02:00:00Z,None,2.23B,1.69B,2.29B,false,false
,M3 Money Supply y/y,EUR,2018-05-29T04:00:00Z,None,3.9%,3.7%,3.9%,false,false
,Private Loans y/y,EUR,2018-05-29T04:00:00Z,None,3.2%,2.9%,2.9%,false,false
,S&P/CS Composite-20 HPI y/y,USD,2018-05-29T09:00:00Z,None,6.5%,6.8%,6.8%,false,false
,CB Consumer Confidence,USD,2018-05-29T10:00:00Z,High,128.2,125.6,128.0,false,false
,RBNZ Financial Stability Report,NZD,2018-05-29T17:00:00Z,High,,,,false,false
,Building Consents m/m,NZD,2018-05-29T18:45:00Z,None,,13.0%,-3.7%,false,false
,BRC Shop Price Index y/y,GBP,2018-05-29T19:01:00Z,None,,-1.0%,-1.1%,false,false
,Retail Sales y/y,JPY,2018-05-29T19:50:00Z,None,0.9%,1.0%,1.6%,false,false
,BOJ Gov Kuroda Speaks,JPY,2018-05-29T20:00:00Z,High,,,,false,false
,RBNZ Gov Orr Speaks,NZD,2018-05-29T21:10:00Z,High,,,,false,false
,Building Approvals m/m,AUD,2018-05-29T21:30:00Z,None,-2.9%,3.5%,-5.0%,false,false
,German Prelim CPI m/m,EUR,2018-05-30T00:00:00Z,None,0.3%,0.0%,0.5%,true,false
,Consumer Confidence,JPY,2018-05-30T01:00:00Z,None,43.9,43.6,43.8,false,false
,German Retail Sales m/m,EUR,2018-05-30T02:00:00Z,None,0.5%,-0.4%,2.3%,false,false
,German Import Prices m/m,EUR,2018-05-30T02:00:00Z,None,0.7%,0.0%,0.6%,false,false
,French Consumer Spending m/m,EUR,2018-05-30T02:45:00Z,None,0.2%,0.2%,-1.5%,false,false
,French Prelim GDP q/q,EUR,2018-05-30T02:45:00Z,None,0.3%,0.3%,0.2%,false,false
,KOF Economic Barometer,CHF,2018-05-30T03:00:00Z,None,104.6,103.3,100.0,false,false
,Spanish Flash CPI y/y,EUR,2018-05-30T03:00:00Z,None,1.7%,1.1%,2.0%,false,false
,German Unemployment Change,EUR,2018-05-30T03:55:00Z,None,-10K,-8K,-11K,false,false
,UBS Economic Expectations,CHF,2018-05-30T04:00:00Z,None,,7.2,28.0,false,false
,Italian 10-y Bond Auction,EUR,2018-05-30T05:22:00Z,None,,1.70|1.4,3.00|1.5,false,false
,ADP Non-Farm Employment Change,USD,2018-05-30T08:15:00Z,High,191K,163K,178K,false,false
,Current Account,CAD,2018-05-30T08:30:00Z,None,-18.1B,-16.5B,-19.5B,false,false
,RMPI m/m,CAD,2018-05-30T08:30:00Z,None,2.1%,2.1%,0.7%,false,false
,IPPI m/m,CAD,2018-05-30T08:30:00Z,None,0.6%,0.9%,0.5%,false,false
,Prelim GDP q/q,USD,2018-05-30T08:30:00Z,High,2.3%,2.3%,2.2%,false,false
,Goods Trade Balance,USD,2018-05-30T08:30:00Z,None,-71.2B,-68.3B,-68.2B,false,false
,Prelim GDP Price Index q/q,USD,2018-05-30T08:30:00Z,None,2.0%,2.0%,1.9%,false,false
,Prelim Wholesale Inventories m/m,USD,2018-05-30T08:30:00Z,None,0.4%,0.3%,0.0%,false,false
,BOC Rate Statement,CAD,2018-05-30T10:00:00Z,High,,,,false,false
,Overnight Rate,CAD,2018-05-30T10:00:00Z,High,1.25%,1.25%,1.25%,false,false
,SNB Chairman Jordan Speaks,CHF,2018-05-30T10:45:00Z,High,,,,false,false
,Beige Book,USD,2018-05-30T14:00:00Z,None,,,,false,false
,API Weekly Statistical Bulletin,USD,2018-05-30T16:30:00Z,None,,,,false,false
,GfK Consumer Confidence,GBP,2018-05-30T19:01:00Z,None,-8,-9,-7,false,false
,Prelim Industrial Production m/m,JPY,2018-05-30T19:50:00Z,None,1.5%,1.4%,0.3%,false,false
,Manufacturing PMI,CNY,2018-05-30T20:59:00Z,None,51.4,51.4,51.9,false,false
,Non-Manufacturing PMI,CNY,2018-05-30T21:00:00Z,None,54.8,54.8,54.9,false,false
,ANZ Business Confidence,NZD,2018-05-30T21:00:00Z,High,,-23.4,-27.2,false,false
,Private Capital Expenditure q/q,AUD,2018-05-30T21:30:00Z,High,0.8%,0.2%,0.4%,false,false
,Private Sector Credit m/m,AUD,2018-05-30T21:30:00Z,None,0.4%,0.5%,0.4%,false,false
,G7 Meetings,All,2018-05-31T00:00:00Z,None,,,,false,false
,Housing Starts y/y,JPY,2018-05-31T01:00:00Z,None,-8.8%,-8.3%,0.3%,false,false
,GDP q/q,CHF,2018-05-31T01:45:00Z,None,0.5%,0.6%,0.6%,false,false
,Nationwide HPI m/m,GBP,2018-05-31T02:00:00Z,None,0.2%,0.1%,-0.2%,false,false
,French Prelim CPI m/m,EUR,2018-05-31T02:45:00Z,None,0.3%,0.2%,0.4%,false,false
,Gov Board Member Zurbrugg Speaks,CHF,2018-05-31T03:00:00Z,None,,,,false,false
,Retail Sales y/y,CHF,2018-05-31T03:15:00Z,None,-1.4%,-1.1%,2.2%,false,false
,Italian Monthly Unemployment Rate,EUR,2018-05-31T04:00:00Z,None,10.9%,11.1%,11.2%,false,false
,Mortgage Approvals,GBP,2018-05-31T04:30:00Z,None,63K,63K,62K,false,false
,Net Lending to Individuals m/m,GBP,2018-05-31T04:30:00Z,None,5.2B,4.4B,5.7B,false,false
,M4 Money Supply m/m,GBP,2018-05-31T04:30:00Z,None,-1.1%,-1.4%,0.2%,false,false
,Core CPI Flash Estimate y/y,EUR,2018-05-31T05:00:00Z,None,1.0%,0.7%,1.1%,false,false
,CPI Flash Estimate y/y,EUR,2018-05-31T05:00:00Z,None,1.6%,1.2%,1.9%,false,false
,Italian Prelim CPI m/m,EUR,2018-05-31T05:00:00Z,None,0.2%,0.1%,0.4%,false,false
,Unemployment Rate,EUR,2018-05-31T05:00:00Z,None,8.4%,8.6%,8.5%,false,false
,Challenger Job Cuts y/y,USD,2018-05-31T07:30:00Z,None,,-1.4%,-4.8%,false,false
,Core PCE Price Index m/m,USD,2018-05-31T08:30:00Z,None,0.1%,0.2%,0.2%,false,false
,Personal Spending m/m,USD,2018-05-31T08:30:00Z,None,0.4%,0.5%,0.6%,false,false
,Unemployment Claims,USD,2018-05-31T08:30:00Z,None,228K,234K,221K,false,false
,Personal Income m/m,USD,2018-05-31T08:30:00Z,None,0.3%,0.2%,0.3%,false,false
,GDP m/m,CAD,2018-05-31T08:30:00Z,High,0.2%,0.4%,0.3%,false,false
,Chicago PMI,USD,2018-05-31T09:45:00Z,None,58.2,57.6,62.7,false,false
,Pending Home Sales m/m,USD,2018-05-31T10:00:00Z,None,0.4%,0.6%,-1.3%,false,false
,Natural Gas Storage,USD,2018-05-31T10:30:00Z,None,100B,91B,96B,false,false
,Crude Oil Inventories,USD,2018-05-31T11:00:00Z,High,-0.4M,5.8M,-3.6M,false,false
,Gov Council Member Leduc Speaks,CAD,2018-05-31T12:20:00Z,None,,,,false,false
,FOMC Member Bostic Speaks,USD,2018-05-31T12:45:00Z,None,,,,false,false
,FOMC Member Brainard Speaks,USD,2018-05-31T13:00:00Z,None,,,,false,false
,AIG Manufacturing Index,AUD,2018-05-31T18:30:00Z,None,,58.3,57.5,false,false
,Overseas Trade Index q/q,NZD,2018-05-31T18:45:00Z,None,-2.0%,1.5%,-1.9%,false,false
,Capital Spending q/y,JPY,2018-05-31T19:50:00Z,None,3.2%,4.3%,3.4%,false,false
,Final Manufacturing PMI,JPY,2018-05-31T20:30:00Z,None,52.5,52.5,52.8,false,false
,RatingDog Manufacturing PMI,CNY,2018-05-31T21:45:00Z,None,51.3,51.1,51.1,false,false
,Total Vehicle Sales,USD,2018-06-01T00:00:00Z,None,17.0M,17.2M,16.9M,true,false
,Omdia Total Vehicle Sales,USD,2018-06-01T00:00:00Z,None,16.7M,17.1M,16.8M,true,false
,G7 Meetings,All,2018-06-01T00:00:00Z,None,,,,false,false
,Commodity Prices y/y,AUD,2018-06-01T02:30:00Z,None,,-1.8%,3.6%,false,false
,Spanish Manufacturing PMI,EUR,2018-06-01T03:15:00Z,None,53.9,54.4,53.4,false,false
,Manufacturing PMI,CHF,2018-06-01T03:30:00Z,None,62.3,63.6,62.4,false,false
,Italian Manufacturing PMI,EUR,2018-06-01T03:45:00Z,None,53.0,53.5,52.7,false,false
,French Final Manufacturing PMI,EUR,2018-06-01T03:50:00Z,None,55.1,55.1,54.4,false,false
,German Final Manufacturing PMI,EUR,2018-06-01T03:55:00Z,None,56.8,56.8,56.9,false,false
,Final Manufacturing PMI,EUR,2018-06-01T04:00:00Z,None,55.5,55.5,55.5,false,false
,Final Manufacturing PMI,GBP,2018-06-01T04:30:00Z,High,53.5,53.9,54.4,false,false
,Average Hourly Earnings m/m,USD,2018-06-01T08:30:00Z,High,0.2%,0.1%,0.3%,false,false
,Unemployment Rate,USD,2018-06-01T08:30:00Z,High,3.9%,3.9%,3.8%,false,false
,Non-Farm Employment Change,USD,2018-06-01T08:30:00Z,High,189K,159K,223K,false,false
,Manufacturing PMI,CAD,2018-06-01T09:30:00Z,None,,55.5,56.2,false,false
,Final Manufacturing PMI,USD,2018-06-01T09:45:00Z,None,56.6,56.6,56.4,false,false
,ISM Manufacturing PMI,USD,2018-06-01T10:00:00Z,High,58.3,57.3,58.7,false,false
,ISM Manufacturing Prices,USD,2018-06-01T10:00:00Z,None,78.1,79.3,79.5,false,false
,Construction Spending m/m,USD,2018-06-01T10:00:00Z,None,0.8%,-1.7%,1.8%,false,false
,G7 Meetings,All,2018-06-02T00:00:00Z,None,,,,false,false
,Bank Holiday,NZD,2018-06-03T00:00:00Z,None,,,,true,false
,Monetary Base y/y,JPY,2018-06-03T19:50:00Z,None,7.4%,7.8%,8.1%,false,false
,MI Inflation Gauge m/m,AUD,2018-06-03T21:00:00Z,None,,0.5%,0.0%,false,false
,Retail Sales m/m,AUD,2018-06-03T21:30:00Z,High,0.3%,0.0%,0.4%,false,false
,Company Operating Profits q/q,AUD,2018-06-03T21:30:00Z,None,3.1%,2.8%,5.9%,false,false
,ANZ Job Advertisements m/m,AUD,2018-06-03T21:30:00Z,None,,-0.3%,1.5%,false,false
,Spanish Unemployment Change,EUR,2018-06-04T03:00:00Z,None,-105.7K,-86.7K,-83.7K,false,false
,Sentix Investor Confidence,EUR,2018-06-04T04:30:00Z,None,18.6,19.2,9.3,false,false
,Construction PMI,GBP,2018-06-04T04:30:00Z,High,52.0,52.5,52.5,false,false
,PPI m/m,EUR,2018-06-04T05:00:00Z,None,0.2%,0.1%,0.0%,false,false
,Factory Orders m/m,USD,2018-06-04T10:00:00Z,None,-0.4%,1.7%,-0.8%,false,false
,MPC Member Tenreyro Speaks,GBP,2018-06-04T13:00:00Z,None,,,,false,false
,AIG Services Index,AUD,2018-06-04T18:30:00Z,None,,55.2,59.0,false,false
,BRC Retail Sales Monitor y/y,GBP,2018-06-04T19:01:00Z,None,2.5%,-4.2%,2.8%,false,false
,Household Spending y/y,JPY,2018-06-04T19:30:00Z,None,0.8%,-0.7%,-1.3%,false,false
,Current Account,AUD,2018-06-04T21:30:00Z,None,-9.9B,-14.7B,-10.5B,false,false
,RatingDog Services PMI,CNY,2018-06-04T21:45:00Z,None,52.9,52.9,52.9,false,false
,10-y Bond Auction,JPY,2018-06-04T23:35:00Z,None,,0.05|4.2,0.05|4.4,false,false
,RBA Rate Statement,AUD,2018-06-05T00:30:00Z,High,,,,false,false
,Cash Rate,AUD,2018-06-05T00:30:00Z,None,1.50%,1.50%,1.50%,false,false
,French Gov Budget Balance,EUR,2018-06-05T02:45:00Z,None,,-33.1B,-54.3B,false,false
,Spanish Services PMI,EUR,2018-06-05T03:15:00Z,None,56.4,55.6,56.4,false,false
,Italian Services PMI,EUR,2018-06-05T03:45:00Z,None,52.9,52.6,53.1,false,false
,French Final Services PMI,EUR,2018-06-05T03:50:00Z,None,54.3,54.3,54.3,false,false
,German Final Services PMI,EUR,2018-06-05T03:55:00Z,None,52.1,52.1,52.1,false,false
,Final Services PMI,EUR,2018-06-05T04:00:00Z,None,53.9,53.9,53.8,false,false
,Final Services PMI,GBP,2018-06-05T04:30:00Z,High,52.9,52.8,54.0,false,false
,Retail Sales m/m,EUR,2018-06-05T05:00:00Z,None,0.5%,0.4%,0.1%,false,false
,MPC Member Cunliffe Speaks,GBP,2018-06-05T06:00:00Z,None,,,,false,false
,Labor Productivity q/q,CAD,2018-06-05T08:30:00Z,None,0.3%,0.2%,-0.3%,false,false
,Final Services PMI,USD,2018-06-05T09:45:00Z,None,55.7,55.7,56.8,false,false
,ISM Services PMI,USD,2018-06-05T10:00:00Z,High,57.9,56.8,58.6,false,false
,JOLTS Job Openings,USD,2018-06-05T10:00:00Z,None,6.49M,6.63M,6.70M,false,false
,GDT Price Index,NZD,2018-06-05T10:26:00Z,None,,1.9%,-1.3%,false,false
,German Buba President Weidmann Speaks,EUR,2018-06-05T13:30:00Z,None,,,,false,false
,API Weekly Statistical Bulletin,USD,2018-06-05T16:30:00Z,None,,,,false,false
,RBA Gov Bullock Speaks,AUD,2018-06-05T19:00:00Z,None,,,,false,false
,Average Cash Earnings y/y,JPY,2018-06-05T20:00:00Z,None,1.4%,2.0%,0.8%,false,false
,ANZ Commodity Prices m/m,NZD,2018-06-05T21:00:00Z,None,,1.0%,1.5%,false,false
,HIA New Home Sales m/m,AUD,2018-06-05T21:15:00Z,None,,-2.0%,-4.2%,false,false
,GDP q/q,AUD,2018-06-05T21:30:00Z,High,0.9%,0.5%,1.0%,false,false
,CPI m/m,CHF,2018-06-06T03:15:00Z,None,0.3%,0.2%,0.4%,false,false
,Retail PMI,EUR,2018-06-06T04:10:00Z,None,,48.6,51.7,false,false
,MPC Member Tenreyro Speaks,GBP,2018-06-06T06:40:00Z,None,,,,false,false
,Trade Balance,CAD,2018-06-06T08:30:00Z,High,-3.4B,-3.9B,-1.9B,false,false
,Building Permits m/m,CAD,2018-06-06T08:30:00Z,None,-1.0%,1.3%,-4.6%,false,false
,Revised Nonfarm Productivity q/q,USD,2018-06-06T08:30:00Z,None,0.7%,0.7%,0.4%,false,false
,Revised Unit Labor Costs q/q,USD,2018-06-06T08:30:00Z,None,2.7%,2.7%,2.9%,false,false
,Trade Balance,USD,2018-06-06T08:30:00Z,None,-50.0B,-47.2B,-46.2B,false,false
,Ivey PMI,CAD,2018-06-06T10:00:00Z,None,69.7,71.5,62.5,false,false
,Crude Oil Inventories,USD,2018-06-06T10:30:00Z,High,-2.0M,-3.6M,2.1M,false,false
,MPC Member McCafferty Speaks,GBP,2018-06-06T12:00:00Z,None,,,,false,false
,AIG Construction Index,AUD,2018-06-06T18:30:00Z,None,,55.4,54.0,false,false
,Goods Trade Balance,AUD,2018-06-06T21:30:00Z,High,0.98B,1.73B,0.98B,false,false
,Leading Indicators,JPY,2018-06-07T01:00:00Z,None,105.6%,104.4%,105.6%,false,false
,Unemployment Rate,CHF,2018-06-07T01:45:00Z,None,2.6%,2.7%,2.6%,false,false
,German Factory Orders m/m,EUR,2018-06-07T02:00:00Z,None,0.7%,-1.1%,-2.5%,false,false
,French Trade Balance,EUR,2018-06-07T02:45:00Z,None,-5.1B,-5.0B,-5.0B,false,false
,Foreign Currency Reserves,CHF,2018-06-07T03:00:00Z,None,,757B,741B,false,false
,Lloyds HPI m/m,GBP,2018-06-07T03:30:00Z,None,1.1%,-3.1%,1.5%,false,false
,Italian Retail Sales m/m,EUR,2018-06-07T04:00:00Z,None,0.2%,-0.2%,-0.7%,false,false
,Spanish 10-y Bond Auction,EUR,2018-06-07T04:50:00Z,None,,1.37|2.3,1.41|2.2,false,false
,Revised GDP q/q,EUR,2018-06-07T05:00:00Z,None,0.4%,0.4%,0.4%,false,false
,French 10-y Bond Auction,EUR,2018-06-07T05:03:00Z,None,,0.81|1.9,0.90|1.9,false,false
,Unemployment Claims,USD,2018-06-07T08:30:00Z,None,223K,223K,222K,false,false
,RCM/TIPP Economic Optimism,USD,2018-06-07T10:00:00Z,None,54.2,53.6,53.9,false,false
,Natural Gas Storage,USD,2018-06-07T10:30:00Z,None,87B,96B,92B,false,false
,BOC Financial System Review,CAD,2018-06-07T10:30:00Z,None,,,,false,false
,MPC Member Ramsden Speaks,GBP,2018-06-07T11:00:00Z,None,,,,false,false
,BOC Gov Poloz Speaks,CAD,2018-06-07T11:15:00Z,High,,,,false,false
,Consumer Credit m/m,USD,2018-06-07T15:00:00Z,None,13.9B,12.3B,9.3B,false,false
,Final GDP q/q,JPY,2018-06-07T19:50:00Z,None,-0.1%,-0.2%,-0.2%,false,false
,Final GDP Price Index y/y,JPY,2018-06-07T19:50:00Z,None,0.5%,0.5%,0.5%,false,false
,Current Account,JPY,2018-06-07T19:50:00Z,None,2.10T,1.77T,1.89T,false,false
,Bank Lending y/y,JPY,2018-06-07T19:50:00Z,None,2.2%,2.1%,2.0%,false,false
,Trade Balance,CNY,2018-06-07T23:15:00Z,None,238B,183B,157B,false,false
,USD-Denominated Trade Balance,CNY,2018-06-07T23:23:00Z,None,32.5B,28.8B,24.9B,false,false
,G7 Meetings,All,2018-06-08T00:00:00Z,High,,,,false,false
,Economy Watchers Sentiment,JPY,2018-06-08T01:00:00Z,None,49.4,49.0,47.1,false,false
,German Trade Balance,EUR,2018-06-08T02:00:00Z,None,20.3B,22.0B,19.4B,false,false
,German Industrial Production m/m,EUR,2018-06-08T02:00:00Z,None,0.4%,1.7%,-1.0%,false,false
,French Industrial Production m/m,EUR,2018-06-08T02:45:00Z,None,0.4%,-0.4%,-0.5%,false,false
,Consumer Inflation Expectations,GBP,2018-06-08T04:30:00Z,None,,2.9%,2.9%,false,false
,Housing Starts,CAD,2018-06-08T08:13:00Z,None,219K,215K,196K,false,false
,Employment Change,CAD,2018-06-08T08:30:00Z,High,19.1K,-1.1K,-7.5K,false,false
,Unemployment Rate,CAD,2018-06-08T08:30:00Z,High,5.8%,5.8%,5.8%,false,false
,Capacity Utilization Rate,CAD,2018-06-08T08:30:00Z,None,86.3%,85.6%,86.1%,false,false
,Final Wholesale Inventories m/m,USD,2018-06-08T10:00:00Z,None,0.0%,0.0%,0.1%,false,false
,CPI y/y,CNY,2018-06-08T21:30:00Z,None,1.8%,1.8%,1.8%,false,false
,PPI y/y,CNY,2018-06-08T21:30:00Z,None,3.9%,3.4%,4.1%,false,false
,G7 Meetings,All,2018-06-09T00:00:00Z,High,,,,false,false
,Bank Holiday,AUD,2018-06-10T00:00:00Z,None,,,,true,false
,Manufacturing Sales q/q,NZD,2018-06-10T18:45:00Z,None,,2.6%,0.6%,false,false
,Core Machinery Orders m/m,JPY,2018-06-10T19:50:00Z,None,2.5%,-3.9%,10.1%,false,false
,M2 Money Stock y/y,JPY,2018-06-10T19:50:00Z,None,3.3%,3.2%,3.2%,false,false
,Prelim Machine Tool Orders y/y,JPY,2018-06-11T01:59:00Z,None,,22.0%,14.9%,false,false
,Italian Industrial Production m/m,EUR,2018-06-11T04:00:00Z,None,-0.7%,1.2%,-1.2%,false,false
,Manufacturing Production m/m,GBP,2018-06-11T04:30:00Z,High,0.3%,-0.1%,-1.4%,false,false
,Goods Trade Balance,GBP,2018-06-11T04:30:00Z,None,-11.5B,-12.0B,-14.0B,false,false
,Construction Output m/m,GBP,2018-06-11T04:30:00Z,None,2.4%,-2.3%,0.5%,false,false
,Industrial Production m/m,GBP,2018-06-11T04:30:00Z,None,0.1%,0.1%,-0.8%,false,false
,NIESR GDP Estimate,GBP,2018-06-11T07:08:00Z,None,,0.1%,0.2%,false,false
,10-y Bond Auction,USD,2018-06-11T13:01:00Z,None,,3.00|2.6,2.96|2.6,false,false
,BSI Manufacturing Index,JPY,2018-06-11T19:50:00Z,None,3.2,2.9,-3.2,false,false
,PPI y/y,JPY,2018-06-11T19:50:00Z,None,2.1%,2.1%,2.7%,false,false
,NAB Business Confidence,AUD,2018-06-11T21:30:00Z,None,,11,6,false,false
,Home Loans m/m,AUD,2018-06-11T21:30:00Z,None,-1.7%,-2.3%,-1.4%,false,false
,Tertiary Industry Activity m/m,JPY,2018-06-12T00:30:00Z,None,0.6%,-0.3%,1.0%,false,false
,French Final Private Payrolls q/q,EUR,2018-06-12T01:30:00Z,None,0.3%,0.3%,0.2%,false,false
,Italian Quarterly Unemployment Rate,EUR,2018-06-12T04:00:00Z,None,11.1%,11.1%,11.1%,false,false
,Unemployment Rate,GBP,2018-06-12T04:30:00Z,None,4.2%,4.2%,4.2%,false,false
,Average Earnings Index 3m/y,GBP,2018-06-12T04:30:00Z,High,2.5%,2.6%,2.5%,false,false
,Claimant Count Change,GBP,2018-06-12T04:30:00Z,None,11.3K,28.2K,-7.7K,false,false
,ZEW Economic Sentiment,EUR,2018-06-12T05:00:00Z,None,0.1,2.4,-12.6,false,false
,German ZEW Economic Sentiment,EUR,2018-06-12T05:00:00Z,None,-14.6,-8.2,-16.1,false,false
,New Loans,CNY,2018-06-12T05:00:00Z,None,1200B,1180B,1150B,false,false
,M2 Money Supply y/y,CNY,2018-06-12T05:00:00Z,None,8.5%,8.3%,8.3%,false,false
,NFIB Small Business Index,USD,2018-06-12T06:00:00Z,None,105.2,104.8,107.8,false,false
,Core CPI m/m,USD,2018-06-12T08:30:00Z,High,0.1%,0.1%,0.2%,false,false
,Core CPI y/y,USD,2018-06-12T08:30:00Z,High,2.2%,2.1%,2.2%,false,false
,CPI m/m,USD,2018-06-12T08:30:00Z,High,0.2%,0.2%,0.2%,false,false
,CPI y/y,USD,2018-06-12T08:30:00Z,High,2.8%,2.5%,2.8%,false,false
,30-y Bond Auction,USD,2018-06-12T13:01:00Z,None,,3.13|2.4,3.10|2.4,false,false
,Federal Budget Balance,USD,2018-06-12T14:00:00Z,None,-119.0B,214.3B,-146.8B,false,false
,API Weekly Statistical Bulletin,USD,2018-06-12T16:30:00Z,None,,,,false,false
,FPI m/m,NZD,2018-06-12T18:45:00Z,None,,0.1%,0.0%,false,false
,Westpac Consumer Sentiment,AUD,2018-06-12T20:30:00Z,None,,-0.6%,0.3%,false,false
,RBA Gov Lowe Speaks,AUD,2018-06-12T23:20:00Z,High,,,,false,false
,PPI m/m,CHF,2018-06-13T03:15:00Z,None,0.3%,0.4%,0.2%,false,false
,Core CPI y/y,GBP,2018-06-13T04:30:00Z,None,2.1%,2.1%,2.1%,false,false
,CPI y/y,GBP,2018-06-13T04:30:00Z,High,2.4%,2.4%,2.4%,false,false
,PPI Input m/m,GBP,2018-06-13T04:30:00Z,None,1.7%,0.6%,2.8%,false,false
,HPI y/y,GBP,2018-06-13T04:30:00Z,None,4.4%,4.2%,3.9%,false,false
,PPI Output m/m,GBP,2018-06-13T04:30:00Z,None,0.3%,0.4%,0.4%,false,false
,RPI y/y,GBP,2018-06-13T04:30:00Z,None,3.4%,3.4%,3.3%,false,false
,Final Employment Change q/q,EUR,2018-06-13T05:00:00Z,None,0.3%,0.3%,0.4%,false,false
,Industrial Production m/m,EUR,2018-06-13T05:00:00Z,None,-0.6%,0.6%,-0.9%,false,false
,German 10-y Bond Auction,EUR,2018-06-13T05:38:00Z,None,,0.62|2.8,0.48|1.1,false,false
,PPI m/m,USD,2018-06-13T08:30:00Z,High,0.3%,0.1%,0.5%,false,false
,Core PPI m/m,USD,2018-06-13T08:30:00Z,None,0.2%,0.2%,0.3%,false,false
,Crude Oil Inventories,USD,2018-06-13T10:30:00Z,High,-1.4M,2.1M,-4.1M,false,false
,FOMC Economic Projections,USD,2018-06-13T14:00:00Z,High,,,,false,false
,Federal Funds Rate,USD,2018-06-13T14:00:00Z,High,2.00%,1.75%,2.00%,false,false
,FOMC Statement,USD,2018-06-13T14:00:00Z,High,,,,false,false
,FOMC Press Conference,USD,2018-06-13T14:30:00Z,High,,,,false,false
,RICS House Price Balance,GBP,2018-06-13T19:01:00Z,None,-5%,-7%,-3%,false,false
,MI Inflation Expectations,AUD,2018-06-13T21:00:00Z,None,,3.7%,4.2%,false,false
,Unemployment Rate,AUD,2018-06-13T21:30:00Z,High,5.5%,5.6%,5.4%,false,false
,Employment Change,AUD,2018-06-13T21:30:00Z,High,18.8K,18.3K,12.0K,false,false
,Fixed Asset Investment ytd/y,CNY,2018-06-13T22:00:00Z,None,7.0%,7.0%,6.1%,false,false
,Industrial Production y/y,CNY,2018-06-13T22:00:00Z,None,6.9%,7.0%,6.8%,false,false
,Retail Sales y/y,CNY,2018-06-13T22:00:00Z,None,9.6%,9.4%,8.5%,false,false
,Unemployment Rate,CNY,2018-06-13T22:00:00Z,None,,4.9%,4.8%,false,false
,Foreign Direct Investment ytd/y,CNY,2018-06-13T22:06:00Z,None,,0.1%,1.3%,false,false
,Revised Industrial Production m/m,JPY,2018-06-14T00:30:00Z,None,0.3%,0.3%,0.5%,false,false
,German Final CPI m/m,EUR,2018-06-14T01:30:00Z,None,0.5%,0.5%,0.5%,false,false
,French Final CPI m/m,EUR,2018-06-14T02:45:00Z,None,0.4%,0.4%,0.4%,false,false
,Retail Sales m/m,GBP,2018-06-14T04:30:00Z,High,0.5%,1.8%,1.3%,false,false
,Monetary Policy Statement,EUR,2018-06-14T07:45:00Z,High,,,,false,false
,Main Refinancing Rate,EUR,2018-06-14T07:45:00Z,High,0.00%,0.00%,0.00%,false,false
,Core Retail Sales m/m,USD,2018-06-14T08:30:00Z,High,0.5%,0.4%,0.9%,false,false
,ECB Press Conference,EUR,2018-06-14T08:30:00Z,High,,,,false,false
,NHPI m/m,CAD,2018-06-14T08:30:00Z,None,0.2%,0.0%,0.0%,false,false
,Import Prices m/m,USD,2018-06-14T08:30:00Z,None,0.5%,0.6%,0.6%,false,false
,Unemployment Claims,USD,2018-06-14T08:30:00Z,None,223K,222K,218K,false,false
,Retail Sales m/m,USD,2018-06-14T08:30:00Z,High,0.4%,0.4%,0.8%,false,false
,Business Inventories m/m,USD,2018-06-14T10:00:00Z,None,0.3%,-0.1%,0.3%,false,false
,Natural Gas Storage,USD,2018-06-14T10:30:00Z,None,87B,92B,96B,false,false
,BusinessNZ Manufacturing Index,NZD,2018-06-14T18:30:00Z,None,,59.1,54.5,false,false
,New Home Prices m/m,CNY,2018-06-14T21:30:00Z,None,,0.57%,0.80%,false,false
,Monetary Policy Statement,JPY,2018-06-14T22:41:00Z,High,,,,false,false
,BOJ Policy Rate,JPY,2018-06-14T22:41:00Z,None,-0.10%,-0.10%,-0.10%,false,false
,RBA Assist Gov Ellis Speaks,AUD,2018-06-14T23:30:00Z,None,,,,false,false
,German WPI m/m,EUR,2018-06-15T02:00:00Z,None,0.3%,0.5%,0.8%,false,false
,BOJ Press Conference,JPY,2018-06-15T02:28:00Z,High,,,,false,false
,Trade Balance,EUR,2018-06-15T05:00:00Z,None,20.2B,19.8B,18.1B,false,false
,Final CPI y/y,EUR,2018-06-15T05:00:00Z,None,1.9%,1.9%,1.9%,false,false
,Final Core CPI y/y,EUR,2018-06-15T05:00:00Z,None,1.1%,1.1%,1.1%,false,false
,Empire State Manufacturing Index,USD,2018-06-15T08:30:00Z,None,19.1,20.1,25.0,false,false
,Foreign Securities Purchases,CAD,2018-06-15T08:30:00Z,None,5.49B,6.40B,9.13B,false,false
,Manufacturing Sales m/m,CAD,2018-06-15T08:30:00Z,None,0.6%,1.4%,-1.3%,false,false
,Capacity Utilization Rate,USD,2018-06-15T09:15:00Z,None,78.1%,78.1%,77.9%,false,false
,Industrial Production m/m,USD,2018-06-15T09:15:00Z,None,0.2%,0.9%,-0.1%,false,false
,CB Leading Index m/m,GBP,2018-06-15T09:30:00Z,None,,-0.3%,-0.2%,false,false
,Prelim UoM Consumer Sentiment,USD,2018-06-15T10:00:00Z,None,98.5,98.0,99.3,false,false
,Prelim UoM Inflation Expectations,USD,2018-06-15T10:00:00Z,None,,2.8%,2.9%,false,false
,TIC Long-Term Purchases,USD,2018-06-15T16:00:00Z,None,58.5B,61.8B,93.9B,false,false
,Bank Holiday,CNY,2018-06-17T00:00:00Z,None,,,,true,false
,BusinessNZ Services Index,NZD,2018-06-17T18:30:00Z,None,,56.4,57.3,false,false
,Rightmove HPI m/m,GBP,2018-06-17T19:01:00Z,None,,0.8%,0.4%,false,false
,Trade Balance,JPY,2018-06-17T19:50:00Z,None,0.14T,0.45T,-0.30T,false,false
,Italian Trade Balance,EUR,2018-06-18T04:00:00Z,None,3.21B,4.53B,2.94B,false,false
,German Buba Monthly Report,EUR,2018-06-18T06:00:00Z,None,,,,false,false
,NAHB Housing Market Index,USD,2018-06-18T10:00:00Z,None,70,70,68,false,false
,CB Leading Index m/m,AUD,2018-06-18T10:30:00Z,None,,0.3%,0.1%,false,false
,Gov Council Member Patterson Speaks,CAD,2018-06-18T12:45:00Z,None,,,,false,false
,FOMC Member Bostic Speaks,USD,2018-06-18T13:00:00Z,None,,,,false,false
,ECB President Draghi Speaks,EUR,2018-06-18T15:00:00Z,High,,,,false,false
,FOMC Member Williams Speaks,USD,2018-06-18T16:00:00Z,None,,,,false,false
,Monetary Policy Meeting Minutes,AUD,2018-06-18T21:30:00Z,High,,,,false,false
,HPI q/q,AUD,2018-06-18T21:30:00Z,None,-0.9%,1.0%,-0.7%,false,false
,30-y Bond Auction,JPY,2018-06-18T23:35:00Z,None,,0.75|4.4,0.71|4.2,false,false
,SECO Economic Forecasts,CHF,2018-06-19T01:45:00Z,None,,,,false,false
,ECB President Draghi Speaks,EUR,2018-06-19T04:00:00Z,High,,,,false,false
,Current Account,EUR,2018-06-19T04:00:00Z,None,30.3B,32.8B,28.4B,false,false
,Building Permits,USD,2018-06-19T08:30:00Z,High,1.35M,1.36M,1.30M,false,false
,Housing Starts,USD,2018-06-19T08:30:00Z,None,1.31M,1.29M,1.35M,false,false
,GDT Price Index,NZD,2018-06-19T10:20:00Z,None,,-1.3%,-1.2%,false,false
,API Weekly Statistical Bulletin,USD,2018-06-19T16:30:00Z,None,,,,false,false
,Westpac Consumer Sentiment,NZD,2018-06-19T17:48:00Z,None,,111.2,108.6,false,false
,Current Account,NZD,2018-06-19T18:45:00Z,None,0.05B,-2.75B,0.18B,false,false
,Monetary Policy Meeting Minutes,JPY,2018-06-19T19:50:00Z,None,,,,false,false
,MI Leading Index m/m,AUD,2018-06-19T20:30:00Z,None,,0.2%,-0.2%,false,false
,German PPI m/m,EUR,2018-06-20T02:00:00Z,None,0.4%,0.5%,0.5%,false,false
,German 30-y Bond Auction,EUR,2018-06-20T05:35:00Z,None,,1.26|1.1,1.06|1.2,false,false
,CBI Industrial Order Expectations,GBP,2018-06-20T06:00:00Z,None,1,-3,13,false,false
,Current Account,USD,2018-06-20T08:30:00Z,None,-129B,-116B,-124B,false,false
,RBA Gov Lowe Speaks,AUD,2018-06-20T09:30:00Z,High,,,,false,false
,ECB President Draghi Speaks,EUR,2018-06-20T09:30:00Z,High,,,,false,false
,BOJ Gov Kuroda Speaks,JPY,2018-06-20T09:30:00Z,High,,,,false,false
,FOMC Member Powell Speaks,USD,2018-06-20T09:30:00Z,High,,,,false,false
,Existing Home Sales,USD,2018-06-20T10:00:00Z,None,5.52M,5.45M,5.43M,false,false
,Crude Oil Inventories,USD,2018-06-20T10:30:00Z,High,-2.1M,-4.1M,-5.9M,false,false
,GDP q/q,NZD,2018-06-20T18:45:00Z,High,0.5%,0.6%,0.5%,false,false
,RBA Bulletin,AUD,2018-06-20T21:30:00Z,None,,,,false,false
,OPEC-JMMC Meetings,All,2018-06-21T00:00:00Z,None,,,,true,false
,Eurogroup Meetings,EUR,2018-06-21T00:00:00Z,None,,,,true,false
,SNB Financial Stability Report,CHF,2018-06-21T00:30:00Z,None,,,,false,false
,Trade Balance,CHF,2018-06-21T02:00:00Z,None,1.89B,2.24B,2.76B,false,false
,SNB Monetary Policy Assessment,CHF,2018-06-21T03:30:00Z,High,,,,false,false
,Libor Rate,CHF,2018-06-21T03:30:00Z,None,-0.75%,-0.75%,-0.75%,false,false
,SNB Press Conference,CHF,2018-06-21T04:00:00Z,High,,,,false,false
,Public Sector Net Borrowing,GBP,2018-06-21T04:30:00Z,None,5.1B,5.3B,3.4B,false,false
,German Buba President Weidmann Speaks,EUR,2018-06-21T05:45:00Z,None,,,,false,false
,Monetary Policy Summary,GBP,2018-06-21T07:00:00Z,High,,,,false,false
,MPC Official Bank Rate Votes,GBP,2018-06-21T07:00:00Z,High,2-0-7,2-0-7,3-0-6,false,false
,Official Bank Rate,GBP,2018-06-21T07:00:00Z,High,0.50%,0.50%,0.50%,false,false
,Asset Purchase Facility,GBP,2018-06-21T07:00:00Z,None,435B,435B,435B,false,false
,MPC Asset Purchase Facility Votes,GBP,2018-06-21T07:00:00Z,None,0-0-9,0-0-9,0-0-9,false,false
,Wholesale Sales m/m,CAD,2018-06-21T08:30:00Z,None,0.4%,1.4%,0.1%,false,false
,ADP Non-Farm Employment Change,CAD,2018-06-21T08:30:00Z,None,,15.1K,2.9K,false,false
,Philly Fed Manufacturing Index,USD,2018-06-21T08:30:00Z,None,28.9,34.4,19.9,false,false
,Unemployment Claims,USD,2018-06-21T08:30:00Z,None,220K,221K,218K,false,false
,HPI m/m,USD,2018-06-21T09:00:00Z,None,0.3%,0.1%,0.1%,false,false
,Consumer Confidence,EUR,2018-06-21T10:00:00Z,None,0,0,-1,false,false
,CB Leading Index m/m,USD,2018-06-21T10:00:00Z,None,0.4%,0.4%,0.2%,false,false
,Natural Gas Storage,USD,2018-06-21T10:30:00Z,None,85B,96B,91B,false,false
,BOE Gov Carney Speaks,GBP,2018-06-21T16:15:00Z,High,,,,false,false
,Bank Stress Test Results,USD,2018-06-21T16:30:00Z,None,,,,false,false
,Visitor Arrivals m/m,NZD,2018-06-21T18:45:00Z,None,,-1.0%,2.7%,false,false
,National Core CPI y/y,JPY,2018-06-21T19:30:00Z,None,0.7%,0.7%,0.7%,false,false
,Flash Manufacturing PMI,JPY,2018-06-21T20:30:00Z,None,52.6,52.8,53.1,false,false
,Credit Card Spending y/y,NZD,2018-06-21T23:00:00Z,None,,6.9%,3.7%,false,false
,OPEC Meetings,All,2018-06-22T00:00:00Z,High,,,,true,false
,ECOFIN Meetings,EUR,2018-06-22T00:00:00Z,None,,,,true,false
,All Industries Activity m/m,JPY,2018-06-22T00:30:00Z,None,0.9%,0.0%,1.0%,false,false
,French Flash Manufacturing PMI,EUR,2018-06-22T03:00:00Z,None,54.0,54.4,53.1,false,false
,French Flash Services PMI,EUR,2018-06-22T03:00:00Z,None,54.3,54.3,56.4,false,false
,German Flash Manufacturing PMI,EUR,2018-06-22T03:30:00Z,None,56.3,56.9,55.9,false,false
,German Flash Services PMI,EUR,2018-06-22T03:30:00Z,None,52.2,52.1,53.9,false,false
,Flash Manufacturing PMI,EUR,2018-06-22T04:00:00Z,None,55.0,55.5,55.0,false,false
,Flash Services PMI,EUR,2018-06-22T04:00:00Z,None,53.7,53.8,55.0,false,false
,Common CPI y/y,CAD,2018-06-22T08:30:00Z,None,,1.9%,1.9%,false,false
,CPI m/m,CAD,2018-06-22T08:30:00Z,High,0.4%,0.3%,0.1%,false,false
,Core Retail Sales m/m,CAD,2018-06-22T08:30:00Z,High,0.5%,-0.2%,-0.1%,false,false
,Median CPI y/y,CAD,2018-06-22T08:30:00Z,None,,1.9%,1.9%,false,false
,Retail Sales m/m,CAD,2018-06-22T08:30:00Z,None,0.0%,0.8,-1.2%,false,false
,Trimmed CPI y/y,CAD,2018-06-22T08:30:00Z,None,,2.1%,1.9%,false,false
,Core CPI m/m,CAD,2018-06-22T08:43:00Z,None,,0.1%,-0.1%,false,false
,Belgian NBB Business Climate,EUR,2018-06-22T08:59:00Z,None,0.0,0.2,0.6,false,false
,Flash Manufacturing PMI,USD,2018-06-22T09:45:00Z,None,56.3,56.4,54.6,false,false
,Flash Services PMI,USD,2018-06-22T09:45:00Z,None,56.4,56.8,56.5,false,false
,BOJ Summary of Opinions,JPY,2018-06-24T19:50:00Z,None,,,,false,false
,German ifo Business Climate,EUR,2018-06-25T04:00:00Z,None,101.9,102.3,101.8,false,false
,New Home Sales,USD,2018-06-25T10:00:00Z,None,665K,646K,689K,false,false
,SPPI y/y,JPY,2018-06-25T19:50:00Z,None,1.0%,1.0%,1.0%,false,false
,RBNZ Statement of Intent,NZD,2018-06-25T22:00:00Z,None,,,,false,false
,BOJ Core CPI y/y,JPY,2018-06-26T01:00:00Z,None,0.6%,0.5%,0.5%,false,false
,High Street Lending,GBP,2018-06-26T04:30:00Z,None,38.2K,38.3K,39.2K,false,false
,MPC Member Haskel Speaks,GBP,2018-06-26T05:00:00Z,None,,,,false,false
,MPC Member McCafferty Speaks,GBP,2018-06-26T05:30:00Z,None,,,,false,false
,S&P/CS Composite-20 HPI y/y,USD,2018-06-26T09:00:00Z,None,6.9%,6.7%,6.6%,false,false
,Richmond Manufacturing Index,USD,2018-06-26T09:59:00Z,None,15,16,20,false,false
,CB Consumer Confidence,USD,2018-06-26T10:00:00Z,High,127.6,128.8,126.4,false,false
,FOMC Member Bostic Speaks,USD,2018-06-26T13:00:00Z,None,,,,false,false
,API Weekly Statistical Bulletin,USD,2018-06-26T16:30:00Z,None,,,,false,false
,Trade Balance,NZD,2018-06-26T18:45:00Z,None,100M,193M,294M,false,false
,ANZ Business Confidence,NZD,2018-06-26T21:00:00Z,High,,-27.2,-39.0,false,false
,Nationwide HPI m/m,GBP,2018-06-27T01:58:00Z,None,0.3%,-0.2%,0.5%,false,false
,UBS Economic Expectations,CHF,2018-06-27T04:00:00Z,None,,28.0,8.0,false,false
,M3 Money Supply y/y,EUR,2018-06-27T04:00:00Z,None,3.8%,3.8%,4.0%,false,false
,Private Loans y/y,EUR,2018-06-27T04:00:00Z,None,3.0%,2.9%,2.9%,false,false
,BOE Financial Stability Report,GBP,2018-06-27T05:30:00Z,None,,,,false,false
,FPC Statement,GBP,2018-06-27T05:30:00Z,None,,,,false,false
,BOE Gov Carney Speaks,GBP,2018-06-27T06:00:00Z,High,,,,false,false
,CBI Realized Sales,GBP,2018-06-27T06:00:00Z,None,10,11,32,false,false
,Core Durable Goods Orders m/m,USD,2018-06-27T08:30:00Z,High,0.5%,1.9%,-0.3%,false,false
,Durable Goods Orders m/m,USD,2018-06-27T08:30:00Z,None,-0.9%,-1.6%,-0.6%,false,false
,Goods Trade Balance,USD,2018-06-27T08:30:00Z,None,-68.9B,-67.3B,-64.8B,false,false
,Prelim Wholesale Inventories m/m,USD,2018-06-27T08:30:00Z,None,0.2%,0.1%,0.5%,false,false
,SNB Quarterly Bulletin,CHF,2018-06-27T09:00:00Z,None,,,,false,false
,CB Leading Index m/m,CNY,2018-06-27T09:00:00Z,None,,1.6%,2.1%,false,false
,Pending Home Sales m/m,USD,2018-06-27T10:00:00Z,None,0.4%,-1.3%,-0.5%,false,false
,Crude Oil Inventories,USD,2018-06-27T10:30:00Z,High,-2.4M,-5.9M,-9.9M,false,false
,FOMC Member Quarles Speaks,USD,2018-06-27T11:00:00Z,None,,,,false,false
,BOC Gov Poloz Speaks,CAD,2018-06-27T15:00:00Z,High,,,,false,false
,Official Cash Rate,NZD,2018-06-27T17:00:00Z,High,1.75%,1.75%,1.75%,false,false
,RBNZ Rate Statement,NZD,2018-06-27T17:00:00Z,High,,,,false,false
,Retail Sales y/y,JPY,2018-06-27T19:50:00Z,None,1.3%,1.5%,0.6%,false,false
,German Prelim CPI m/m,EUR,2018-06-28T00:00:00Z,None,0.2%,0.5%,0.1%,true,false
,EU Economic Summit,EUR,2018-06-28T00:00:00Z,High,,,,false,false
,German GfK Consumer Climate,EUR,2018-06-28T02:00:00Z,None,10.6,10.7,10.7,false,false
,Spanish Flash CPI y/y,EUR,2018-06-28T03:00:00Z,None,2.3%,2.1%,2.3%,false,false
,ECB Economic Bulletin,EUR,2018-06-28T04:00:00Z,None,,,,false,false
,Italian Prelim CPI m/m,EUR,2018-06-28T05:00:00Z,None,0.2%,0.3%,0.3%,false,false
,Italian 10-y Bond Auction,EUR,2018-06-28T05:17:00Z,None,,3.00|1.5,2.77|1.3,false,false
,Final GDP q/q,USD,2018-06-28T08:30:00Z,High,2.2%,2.2%,2.0%,false,false
,Unemployment Claims,USD,2018-06-28T08:30:00Z,None,220K,218K,227K,false,false
,Final GDP Price Index q/q,USD,2018-06-28T08:30:00Z,None,1.9%,1.9%,2.2%,false,false
,MPC Member Haldane Speaks,GBP,2018-06-28T09:30:00Z,None,,,,false,false
,Natural Gas Storage,USD,2018-06-28T10:30:00Z,None,73B,91B,66B,false,false
,FOMC Member Bostic Speaks,USD,2018-06-28T12:00:00Z,None,,,,false,false
,Bank Stress Test Results,USD,2018-06-28T16:30:00Z,None,,,,false,false
,Building Consents m/m,NZD,2018-06-28T18:45:00Z,None,,-3.6%,7.1%,false,false
,GfK Consumer Confidence,GBP,2018-06-28T19:01:00Z,None,-7,-7,-9,false,false
,Tokyo Core CPI y/y,JPY,2018-06-28T19:30:00Z,None,0.6%,0.5%,0.7%,false,false
,Unemployment Rate,JPY,2018-06-28T19:30:00Z,None,2.5%,2.5%,2.2%,false,false
,Prelim Industrial Production m/m,JPY,2018-06-28T19:50:00Z,None,-1.1%,0.5%,-0.2%,false,false
,HIA New Home Sales m/m,AUD,2018-06-28T21:08:00Z,None,,-4.2%,-4.4%,false,false
,Private Sector Credit m/m,AUD,2018-06-28T21:30:00Z,None,0.4%,0.4%,0.2%,false,false
,Italian Bank Holiday,EUR,2018-06-29T00:00:00Z,None,,,,true,false
,EU Economic Summit,EUR,2018-06-29T00:00:00Z,None,,,,false,false
,Housing Starts y/y,JPY,2018-06-29T01:00:00Z,None,-5.9%,0.3%,1.3%,false,false
,Consumer Confidence,JPY,2018-06-29T01:03:00Z,None,43.9,43.8,43.7,false,false
,German Retail Sales m/m,EUR,2018-06-29T02:00:00Z,None,-0.5%,1.6%,-2.1%,false,false
,German Import Prices m/m,EUR,2018-06-29T02:00:00Z,None,1.0%,0.6%,1.6%,false,false
,French Prelim CPI m/m,EUR,2018-06-29T02:48:00Z,None,0.1%,0.4%,0.1%,false,false
,French Consumer Spending m/m,EUR,2018-06-29T02:52:00Z,None,0.8%,-1.8%,0.9%,false,false
,KOF Economic Barometer,CHF,2018-06-29T03:00:00Z,None,100.3,100.0,101.7,false,false
,German Unemployment Change,EUR,2018-06-29T03:55:00Z,None,-8K,-12K,-15K,false,false
,Final GDP q/q,GBP,2018-06-29T04:30:00Z,None,0.1%,0.1%,0.2%,false,false
,Net Lending to Individuals m/m,GBP,2018-06-29T04:30:00Z,None,5.2B,5.6B,5.3B,false,false
,Index of Services 3m/3m,GBP,2018-06-29T04:30:00Z,None,0.0%,0.3%,0.2%,false,false
,M4 Money Supply m/m,GBP,2018-06-29T04:30:00Z,None,0.3%,0.1%,0.4%,false,false
,Mortgage Approvals,GBP,2018-06-29T04:30:00Z,None,62K,63K,65K,false,false
,Revised Business Investment q/q,GBP,2018-06-29T04:30:00Z,None,-0.2%,-0.2%,-0.4%,false,false
,Current Account,GBP,2018-06-29T04:30:00Z,High,-18.0B,-19.5B,-17.7B,false,false
,Core CPI Flash Estimate y/y,EUR,2018-06-29T05:00:00Z,None,1.0%,1.1%,1.0%,false,false
,CPI Flash Estimate y/y,EUR,2018-06-29T05:00:00Z,None,2.0%,1.9%,2.0%,false,false
,GDP m/m,CAD,2018-06-29T08:30:00Z,High,0.0%,0.3%,0.1%,false,false
,RMPI m/m,CAD,2018-06-29T08:30:00Z,None,1.2%,0.8%,3.8%,false,false
,IPPI m/m,CAD,2018-06-29T08:30:00Z,None,0.9%,0.4%,1.0%,false,false
,Core PCE Price Index m/m,USD,2018-06-29T08:30:00Z,None,0.2%,0.2%,0.2%,false,false
,Personal Spending m/m,USD,2018-06-29T08:30:00Z,None,0.4%,0.5%,0.2%,false,false
,Personal Income m/m,USD,2018-06-29T08:30:00Z,None,0.4%,0.2%,0.4%,false,false
,Chicago PMI,USD,2018-06-29T09:45:00Z,None,60.1,62.7,64.1,false,false
,Revised UoM Consumer Sentiment,USD,2018-06-29T10:00:00Z,None,99.1,99.3,98.2,false,false
,Revised UoM Inflation Expectations,USD,2018-06-29T10:00:00Z,None,,2.9%,3.0%,false,false
,BOC Business Outlook Survey,CAD,2018-06-29T10:30:00Z,High,,,,false,false
,Manufacturing PMI,CNY,2018-06-29T21:00:00Z,None,51.7,51.9,51.5,false,false
,Non-Manufacturing PMI,CNY,2018-06-29T21:00:00Z,None,54.7,54.9,55.0,false,false
,AIG Manufacturing Index,AUD,2018-07-01T18:30:00Z,None,,57.5,57.4,false,false
,Tankan Manufacturing Index,JPY,2018-07-01T19:50:00Z,None,22,24,21,false,false
,Tankan Non-Manufacturing Index,JPY,2018-07-01T19:50:00Z,None,23,23,24,false,false
,Final Manufacturing PMI,JPY,2018-07-01T20:30:00Z,None,53.1,53.1,53.0,false,false
,MI Inflation Gauge m/m,AUD,2018-07-01T21:00:00Z,None,,0.0%,0.0%,false,false
,ANZ Job Advertisements m/m,AUD,2018-07-01T21:30:00Z,None,,1.4%,-1.7%,false,false
,RatingDog Manufacturing PMI,CNY,2018-07-01T21:45:00Z,None,51.1,51.1,51.0,false,false
,Bank Holiday,CAD,2018-07-02T00:00:00Z,None,,,,true,false
,Commodity Prices y/y,AUD,2018-07-02T02:30:00Z,None,,3.5%,6.6%,false,false
,Retail Sales y/y,CHF,2018-07-02T03:15:00Z,None,2.6%,2.9%,-0.1%,false,false
,Spanish Manufacturing PMI,EUR,2018-07-02T03:15:00Z,None,53.6,53.4,53.4,false,false
,Manufacturing PMI,CHF,2018-07-02T03:30:00Z,None,61.1,62.4,61.6,false,false
,Italian Manufacturing PMI,EUR,2018-07-02T03:45:00Z,None,52.6,52.7,53.3,false,false
,French Final Manufacturing PMI,EUR,2018-07-02T03:50:00Z,None,53.1,53.1,52.5,false,false
,German Final Manufacturing PMI,EUR,2018-07-02T03:55:00Z,None,55.9,55.9,55.9,false,false
,Final Manufacturing PMI,EUR,2018-07-02T04:00:00Z,None,55.0,55.0,54.9,false,false
,Italian Monthly Unemployment Rate,EUR,2018-07-02T04:00:00Z,None,11.1%,11.0%,10.7%,false,false
,Final Manufacturing PMI,GBP,2018-07-02T04:30:00Z,High,54.1,54.3,54.4,false,false
,Unemployment Rate,EUR,2018-07-02T05:00:00Z,None,8.5%,8.4%,8.4%,false,false
,Final Manufacturing PMI,USD,2018-07-02T09:45:00Z,None,54.6,54.6,55.4,false,false
,ISM Manufacturing PMI,USD,2018-07-02T10:00:00Z,High,58.2,58.7,60.2,false,false
,Construction Spending m/m,USD,2018-07-02T10:00:00Z,None,0.5%,0.9%,0.4%,false,false
,ISM Manufacturing Prices,USD,2018-07-02T10:00:00Z,None,74.3,79.5,76.8,false,false
,NZIER Business Confidence,NZD,2018-07-02T18:00:00Z,None,,-11,-20,false,false
,Monetary Base y/y,JPY,2018-07-02T19:50:00Z,None,8.3%,8.1%,7.4%,false,false
,Building Approvals m/m,AUD,2018-07-02T21:30:00Z,None,0.1%,-5.6%,-3.2%,false,false
,10-y Bond Auction,JPY,2018-07-02T23:35:00Z,None,,0.05|4.4,0.04|4.4,false,false
,Omdia Total Vehicle Sales,USD,2018-07-03T00:00:00Z,None,17.0M,16.8M,17.4M,true,false
,Total Vehicle Sales,USD,2018-07-03T00:00:00Z,None,17.0M,16.9M,17.5M,true,false
,RBA Rate Statement,AUD,2018-07-03T00:30:00Z,High,,,,false,false
,Cash Rate,AUD,2018-07-03T00:30:00Z,None,1.50%,1.50%,1.50%,false,false
,French Gov Budget Balance,EUR,2018-07-03T02:45:00Z,None,,-54.3B,-55.1B,false,false
,Spanish Unemployment Change,EUR,2018-07-03T03:00:00Z,None,-101.0K,-83.7K,-90.0K,false,false
,Construction PMI,GBP,2018-07-03T04:30:00Z,High,52.6,52.5,53.1,false,false
,FPC Meeting Minutes,GBP,2018-07-03T04:30:00Z,None,,,,false,false
,PPI m/m,EUR,2018-07-03T05:00:00Z,None,0.4%,0.0%,0.8%,false,false
,Retail Sales m/m,EUR,2018-07-03T05:00:00Z,None,0.1%,-0.1%,0.0%,false,false
,10-y Bond Auction,GBP,2018-07-03T05:36:00Z,None,,1.61|2.2,1.43|2.3,false,false
,Manufacturing PMI,CAD,2018-07-03T09:30:00Z,None,,56.2,57.1,false,false
,RCM/TIPP Economic Optimism,USD,2018-07-03T09:59:00Z,None,54.2,53.9,56.4,false,false
,Factory Orders m/m,USD,2018-07-03T10:00:00Z,None,0.1%,-0.4%,0.4%,false,false
,GDT Price Index,NZD,2018-07-03T10:13:00Z,None,,-1.2%,-5.0%,false,false
,API Weekly Statistical Bulletin,USD,2018-07-03T16:30:00Z,None,,,,false,false
,AIG Services Index,AUD,2018-07-03T18:30:00Z,None,,59.0,63.0,false,false
,BRC Shop Price Index y/y,GBP,2018-07-03T19:01:00Z,None,,-1.1%,-0.5%,false,false
,ANZ Commodity Prices m/m,NZD,2018-07-03T21:00:00Z,None,,1.5%,-1.0%,false,false
,Goods Trade Balance,AUD,2018-07-03T21:30:00Z,High,1.21B,0.47B,0.83B,false,false
,Retail Sales m/m,AUD,2018-07-03T21:30:00Z,High,0.3%,0.5%,0.4%,false,false
,RatingDog Services PMI,CNY,2018-07-03T21:45:00Z,None,52.7,52.9,53.9,false,false
,Bank Holiday,USD,2018-07-04T00:00:00Z,None,,,,true,false
,Spanish Services PMI,EUR,2018-07-04T03:15:00Z,None,56.3,56.4,55.4,false,false
,Italian Services PMI,EUR,2018-07-04T03:45:00Z,None,53.3,53.1,54.3,false,false
,French Final Services PMI,EUR,2018-07-04T03:50:00Z,None,56.4,56.4,55.9,false,false
,German Final Services PMI,EUR,2018-07-04T03:55:00Z,None,53.9,53.9,54.5,false,false
,Final Services PMI,EUR,2018-07-04T04:00:00Z,None,55.0,55.0,55.2,false,false
,Final Services PMI,GBP,2018-07-04T04:30:00Z,High,54.0,54.0,55.1,false,false
,30-y Bond Auction,JPY,2018-07-04T23:35:00Z,None,,0.71|4.2,0.70|5.0,false,false
,German Factory Orders m/m,EUR,2018-07-05T01:58:00Z,None,1.1%,-1.6%,2.6%,false,false
,CPI m/m,CHF,2018-07-05T03:15:00Z,None,0.1%,0.4%,0.0%,false,false
,Retail PMI,EUR,2018-07-05T04:10:00Z,None,,51.7,51.8,false,false
,Housing Equity Withdrawal q/q,GBP,2018-07-05T04:30:00Z,None,-7.3B,-7.1B,-6.7B,false,false
,Spanish 10-y Bond Auction,EUR,2018-07-05T04:48:00Z,None,,1.41|2.2,1.58|1.9,false,false
,French 10-y Bond Auction,EUR,2018-07-05T04:59:00Z,None,,0.90|1.9,0.67|1.9,false,false
,BOE Gov Carney Speaks,GBP,2018-07-05T05:45:00Z,High,,,,false,false
,German Buba President Weidmann Speaks,EUR,2018-07-05T07:15:00Z,None,,,,false,false
,Challenger Job Cuts y/y,USD,2018-07-05T07:30:00Z,None,,-4.8%,19.6%,false,false
,ADP Non-Farm Employment Change,USD,2018-07-05T08:15:00Z,High,190K,189K,177K,false,false
,Unemployment Claims,USD,2018-07-05T08:30:00Z,None,225K,228K,231K,false,false
,Final Services PMI,USD,2018-07-05T09:45:00Z,None,56.5,56.5,56.5,false,false
,ISM Services PMI,USD,2018-07-05T10:00:00Z,High,58.3,58.6,59.1,false,false
,Crude Oil Inventories,USD,2018-07-05T11:00:00Z,High,-4.4M,-9.9M,1.2M,false,false
,FOMC Meeting Minutes,USD,2018-07-05T14:00:00Z,High,,,,false,false
,AIG Construction Index,AUD,2018-07-05T18:30:00Z,None,,54.0,50.6,false,false
,Household Spending y/y,JPY,2018-07-05T19:30:00Z,None,-1.5%,-1.3%,-3.9%,false,false
,Average Cash Earnings y/y,JPY,2018-07-05T20:00:00Z,None,0.9%,0.6%,2.1%,false,false
,Leading Indicators,JPY,2018-07-06T01:00:00Z,None,106.5%,106.2%,106.9%,false,false
,German Industrial Production m/m,EUR,2018-07-06T01:56:00Z,None,0.3%,-1.3%,2.6%,false,false
,French Trade Balance,EUR,2018-07-06T02:45:00Z,None,-5.1B,-5.2B,-6.0B,false,false
,Foreign Currency Reserves,CHF,2018-07-06T03:00:00Z,None,,741B,749B,false,false
,Lloyds HPI m/m,GBP,2018-07-06T03:30:00Z,None,0.3%,1.7%,0.3%,false,false
,Italian Retail Sales m/m,EUR,2018-07-06T04:00:00Z,None,0.4%,-0.6%,0.8%,false,false
,Employment Change,CAD,2018-07-06T08:30:00Z,High,22.3K,-7.5K,31.8K,false,false
,Trade Balance,CAD,2018-07-06T08:30:00Z,High,-2.2B,-1.9B,-2.8B,false,false
,Unemployment Rate,CAD,2018-07-06T08:30:00Z,High,5.8%,5.8%,6.0%,false,false
,Average Hourly Earnings m/m,USD,2018-07-06T08:30:00Z,High,0.3%,0.3%,0.2%,false,false
,Non-Farm Employment Change,USD,2018-07-06T08:30:00Z,High,195K,244K,213K,false,false
,Unemployment Rate,USD,2018-07-06T08:30:00Z,High,3.8%,3.8%,4.0%,false,false
,Trade Balance,USD,2018-07-06T08:30:00Z,None,-43.6B,-46.1B,-43.1B,false,false
,Ivey PMI,CAD,2018-07-06T10:00:00Z,None,63.2,62.5,63.1,false,false
,Natural Gas Storage,USD,2018-07-06T10:30:00Z,None,76B,66B,78B,false,false
,RBA Gov Bullock Speaks,AUD,2018-07-07T23:10:00Z,None,,,,false,false
,Bank Lending y/y,JPY,2018-07-08T19:50:00Z,None,2.0%,2.0%,2.2%,false,false
,Current Account,JPY,2018-07-08T19:50:00Z,None,1.18T,1.89T,1.85T,false,false
,BOJ Gov Kuroda Speaks,JPY,2018-07-08T20:30:00Z,High,,,,false,false
,Economy Watchers Sentiment,JPY,2018-07-09T01:02:00Z,None,48.2,47.1,48.1,false,false
,Unemployment Rate,CHF,2018-07-09T01:45:00Z,None,2.5%,2.7%,2.6%,false,false
,German Trade Balance,EUR,2018-07-09T02:00:00Z,None,20.3B,19.0B,20.3B,false,false
,MPC Member Broadbent Speaks,GBP,2018-07-09T03:50:00Z,None,,,,false,false
,Sentix Investor Confidence,EUR,2018-07-09T04:30:00Z,None,9.0,9.3,12.1,false,false
,ECB President Draghi Speaks,EUR,2018-07-09T09:00:00Z,High,,,,false,false
,ECB President Draghi Speaks,EUR,2018-07-09T11:00:00Z,High,,,,false,false
,Consumer Credit m/m,USD,2018-07-09T15:00:00Z,None,12.2B,10.3B,24.6B,false,false
,BRC Retail Sales Monitor y/y,GBP,2018-07-09T19:01:00Z,None,1.0%,2.8%,1.1%,false,false
,M2 Money Stock y/y,JPY,2018-07-09T19:50:00Z,None,3.2%,3.2%,3.2%,false,false
,NAB Business Confidence,AUD,2018-07-09T21:30:00Z,None,,7,6,false,false
,CPI y/y,CNY,2018-07-09T21:30:00Z,None,1.9%,1.8%,1.9%,false,false
,PPI y/y,CNY,2018-07-09T21:30:00Z,None,4.5%,4.1%,4.7%,false,false
,Prelim Machine Tool Orders y/y,JPY,2018-07-10T01:59:00Z,None,,14.9%,11.4%,false,false
,French Industrial Production m/m,EUR,2018-07-10T02:45:00Z,None,0.7%,-0.5%,-0.2%,false,false
,Italian Industrial Production m/m,EUR,2018-07-10T04:00:00Z,None,0.9%,-1.3%,0.7%,false,false
,GDP m/m,GBP,2018-07-10T04:30:00Z,High,,,0.3%,false,false
,Manufacturing Production m/m,GBP,2018-07-10T04:30:00Z,High,1.0%,-1.3%,0.4%,false,false
,Goods Trade Balance,GBP,2018-07-10T04:30:00Z,None,-11.9B,-12.4B,-12.4B,false,false
,Construction Output m/m,GBP,2018-07-10T04:30:00Z,None,0.4%,0.0%,2.9%,false,false
,Index of Services 3m/3m,GBP,2018-07-10T04:30:00Z,None,0.4%,0.2%,0.4%,false,false
,Industrial Production m/m,GBP,2018-07-10T04:30:00Z,None,0.5%,-1.0%,-0.4%,false,false
,German ZEW Economic Sentiment,EUR,2018-07-10T05:00:00Z,None,-17.9,-16.1,-24.7,false,false
,ZEW Economic Sentiment,EUR,2018-07-10T05:00:00Z,None,-13.2,-12.6,-18.7,false,false
,NFIB Small Business Index,USD,2018-07-10T05:10:00Z,None,105.6,107.8,107.2,false,false
,Housing Starts,CAD,2018-07-10T08:15:00Z,None,195K,194K,248K,false,false
,Building Permits m/m,CAD,2018-07-10T08:30:00Z,None,0.1%,-4.7%,4.7%,false,false
,JOLTS Job Openings,USD,2018-07-10T10:00:00Z,None,6.88M,6.84M,6.64M,false,false
,API Weekly Statistical Bulletin,USD,2018-07-10T16:30:00Z,None,,,,false,false
,Core Machinery Orders m/m,JPY,2018-07-10T19:50:00Z,None,-5.2%,10.1%,-3.7%,false,false
,PPI y/y,JPY,2018-07-10T19:50:00Z,None,2.8%,2.7%,2.8%,false,false
,Westpac Consumer Sentiment,AUD,2018-07-10T20:30:00Z,None,,0.3%,3.9%,false,false
,Home Loans m/m,AUD,2018-07-10T21:30:00Z,None,-1.9%,-0.9%,1.1%,false,false
,Tertiary Industry Activity m/m,JPY,2018-07-11T00:30:00Z,None,-0.4%,1.0%,0.1%,false,false
,ECB President Draghi Speaks,EUR,2018-07-11T03:00:00Z,High,,,,false,false
,German 10-y Bond Auction,EUR,2018-07-11T05:36:00Z,None,,0.48|1.1,0.36|1.6,false,false
,NIESR GDP Estimate,GBP,2018-07-11T08:01:00Z,None,,0.2%,0.4%,false,false
,Core PPI m/m,USD,2018-07-11T08:30:00Z,None,0.2%,0.3%,0.3%,false,false
,PPI m/m,USD,2018-07-11T08:30:00Z,None,0.2%,0.5%,0.3%,false,false
,BOC Monetary Policy Report,CAD,2018-07-11T10:00:00Z,High,,,,false,false
,BOC Rate Statement,CAD,2018-07-11T10:00:00Z,High,,,,false,false
,Overnight Rate,CAD,2018-07-11T10:00:00Z,High,1.50%,1.25%,1.50%,false,false
,Final Wholesale Inventories m/m,USD,2018-07-11T10:00:00Z,None,0.5%,0.5%,0.6%,false,false
,Crude Oil Inventories,USD,2018-07-11T10:30:00Z,High,-4.1M,1.2M,-12.6M,false,false
,BOC Press Conference,CAD,2018-07-11T11:15:00Z,High,,,,false,false
,BOE Gov Carney Speaks,GBP,2018-07-11T11:35:00Z,High,,,,false,false
,10-y Bond Auction,USD,2018-07-11T13:01:00Z,None,,2.96|2.6,2.86|2.6,false,false
,FOMC Member Williams Speaks,USD,2018-07-11T16:30:00Z,None,,,,false,false
,FPI m/m,NZD,2018-07-11T18:45:00Z,None,,0.0%,0.5%,false,false
,RICS House Price Balance,GBP,2018-07-11T19:01:00Z,None,-3%,-2%,2%,false,false
,MI Inflation Expectations,AUD,2018-07-11T21:00:00Z,None,,4.2%,3.9%,false,false
,Eurogroup Meetings,EUR,2018-07-12T00:00:00Z,None,,,,true,false
,German Final CPI m/m,EUR,2018-07-12T02:00:00Z,None,0.1%,0.1%,0.1%,false,false
,French Final CPI m/m,EUR,2018-07-12T02:45:00Z,None,0.1%,0.1%,0.0%,false,false
,Foreign Direct Investment ytd/y,CNY,2018-07-12T03:11:00Z,None,,1.3%,1.1%,false,false
,BOE Credit Conditions Survey,GBP,2018-07-12T04:30:00Z,None,,,,false,false
,Industrial Production m/m,EUR,2018-07-12T05:00:00Z,None,1.2%,-0.8%,1.3%,false,false
,EU Economic Forecasts,EUR,2018-07-12T06:00:00Z,None,,,,false,false
,ECB Monetary Policy Meeting Accounts,EUR,2018-07-12T07:30:00Z,High,,,,false,false
,NHPI m/m,CAD,2018-07-12T08:30:00Z,None,0.1%,0.0%,0.0%,false,false
,Core CPI m/m,USD,2018-07-12T08:30:00Z,High,0.2%,0.2%,0.2%,false,false
,Core CPI y/y,USD,2018-07-12T08:30:00Z,High,2.3%,2.2%,2.3%,false,false
,CPI m/m,USD,2018-07-12T08:30:00Z,High,0.2%,0.2%,0.1%,false,false
,CPI y/y,USD,2018-07-12T08:30:00Z,High,2.9%,2.8%,2.9%,false,false
,Unemployment Claims,USD,2018-07-12T08:30:00Z,None,226K,232K,214K,false,false
,Natural Gas Storage,USD,2018-07-12T10:30:00Z,None,55B,78B,51B,false,false
,30-y Bond Auction,USD,2018-07-12T13:01:00Z,None,,3.10|2.4,2.96|2.3,false,false
,FOMC Member Powell Speaks,USD,2018-07-12T13:30:00Z,High,,,,false,false
,Federal Budget Balance,USD,2018-07-12T14:00:00Z,None,-92.3B,-146.8B,-74.9B,false,false
,BusinessNZ Manufacturing Index,NZD,2018-07-12T18:30:00Z,None,,54.4,52.8,false,false
,Trade Balance,CNY,2018-07-12T23:01:00Z,None,188B,157B,262B,false,false
,USD-Denominated Trade Balance,CNY,2018-07-12T23:03:00Z,None,27.9B,24.9B,41.6B,false,false
,ECOFIN Meetings,EUR,2018-07-13T00:00:00Z,None,,,,true,false
,Revised Industrial Production m/m,JPY,2018-07-13T00:30:00Z,None,-0.2%,-0.2%,-0.2%,false,false
,German WPI m/m,EUR,2018-07-13T02:00:00Z,None,0.4%,0.8%,0.5%,false,false
,PPI m/m,CHF,2018-07-13T03:15:00Z,None,0.2%,0.2%,0.2%,false,false
,M2 Money Supply y/y,CNY,2018-07-13T04:30:00Z,None,8.4%,8.3%,8.0%,false,false
,New Loans,CNY,2018-07-13T04:30:00Z,None,1570B,1150B,1840B,false,false
,MPC Member Cunliffe Speaks,GBP,2018-07-13T07:30:00Z,None,,,,false,false
,Import Prices m/m,USD,2018-07-13T08:30:00Z,None,0.1%,0.9%,-0.4%,false,false
,Revised UoM Inflation Expectations,USD,2018-07-13T10:00:00Z,None,,3.0%,2.9%,false,false
,Prelim UoM Consumer Sentiment,USD,2018-07-13T10:00:00Z,None,98.1,98.2,97.1,false,false
,Fed Monetary Policy Report,USD,2018-07-13T11:00:00Z,None,,,,false,false
,FOMC Member Bostic Speaks,USD,2018-07-13T11:30:00Z,None,,,,false,false
,Bank Holiday,JPY,2018-07-15T00:00:00Z,None,,,,true,false
,BusinessNZ Services Index,NZD,2018-07-15T18:30:00Z,None,,57.1,52.8,false,false
,Rightmove HPI m/m,GBP,2018-07-15T19:01:00Z,None,,0.4%,-0.1%,false,false
,NBS Press Conference,CNY,2018-07-15T22:00:00Z,None,,,,false,false
,Fixed Asset Investment ytd/y,CNY,2018-07-15T22:00:00Z,None,6.0%,6.1%,6.0%,false,false
,Unemployment Rate,CNY,2018-07-15T22:00:00Z,None,,4.8%,4.8%,false,false
,Retail Sales y/y,CNY,2018-07-15T22:00:00Z,None,8.8%,8.5%,9.0%,false,false
,GDP q/y,CNY,2018-07-15T22:00:00Z,High,6.7%,6.8%,6.7%,false,false
,Industrial Production y/y,CNY,2018-07-15T22:00:00Z,None,6.5%,6.8%,6.0%,false,false
,Italian Trade Balance,EUR,2018-07-16T04:04:00Z,None,3.25B,2.99B,3.38B,false,false
,Trade Balance,EUR,2018-07-16T05:00:00Z,None,17.6B,18.0B,16.9B,false,false
,Core Retail Sales m/m,USD,2018-07-16T08:30:00Z,High,0.4%,1.4%,0.4%,false,false
,Foreign Securities Purchases,CAD,2018-07-16T08:30:00Z,None,7.03B,9.09B,2.18B,false,false
,Empire State Manufacturing Index,USD,2018-07-16T08:30:00Z,None,20.3,25.0,22.6,false,false
,Retail Sales m/m,USD,2018-07-16T08:30:00Z,High,0.4%,1.3%,0.5%,false,false
,Business Inventories m/m,USD,2018-07-16T10:00:00Z,None,0.4%,0.3%,0.4%,false,false
,CPI q/q,NZD,2018-07-16T18:45:00Z,High,0.5%,0.5%,0.4%,false,false
,Monetary Policy Meeting Minutes,AUD,2018-07-16T21:30:00Z,High,,,,false,false
,New Home Prices m/m,CNY,2018-07-16T21:30:00Z,None,,0.80%,1.11%,false,false
,BOE Gov Carney Speaks,GBP,2018-07-17T04:00:00Z,High,,,,false,false
,Unemployment Rate,GBP,2018-07-17T04:30:00Z,None,4.2%,4.2%,4.2%,false,false
,Claimant Count Change,GBP,2018-07-17T04:30:00Z,None,2.3K,-3.0K,7.8K,false,false
,Average Earnings Index 3m/y,GBP,2018-07-17T04:30:00Z,High,2.5%,2.6%,2.5%,false,false
,Manufacturing Sales m/m,CAD,2018-07-17T08:30:00Z,None,1.2%,-1.1%,1.4%,false,false
,Capacity Utilization Rate,USD,2018-07-17T09:15:00Z,None,78.4%,77.7%,78.0%,false,false
,Industrial Production m/m,USD,2018-07-17T09:15:00Z,None,0.5%,-0.5%,0.6%,false,false
,Fed Chairman Powell Testifies,USD,2018-07-17T10:00:00Z,High,,,,false,false
,NAHB Housing Market Index,USD,2018-07-17T10:00:00Z,None,69,68,68,false,false
,GDT Price Index,NZD,2018-07-17T10:25:00Z,None,,-5.0%,-1.7%,false,false
,TIC Long-Term Purchases,USD,2018-07-17T16:00:00Z,None,34.3B,94.0B,45.6B,false,false
,API Weekly Statistical Bulletin,USD,2018-07-17T16:30:00Z,None,,,,false,false
,MI Leading Index m/m,AUD,2018-07-17T20:30:00Z,None,,-0.2%,0.0%,false,false
,CPI y/y,GBP,2018-07-18T04:30:00Z,High,2.6%,2.4%,2.4%,false,false
,PPI Input m/m,GBP,2018-07-18T04:30:00Z,None,0.3%,3.3%,0.2%,false,false
,RPI y/y,GBP,2018-07-18T04:30:00Z,None,3.5%,3.3%,3.4%,false,false
,Core CPI y/y,GBP,2018-07-18T04:30:00Z,None,2.1%,2.1%,1.9%,false,false
,HPI y/y,GBP,2018-07-18T04:30:00Z,None,3.8%,3.5%,3.0%,false,false
,PPI Output m/m,GBP,2018-07-18T04:30:00Z,None,0.3%,0.5%,0.1%,false,false
,Final CPI y/y,EUR,2018-07-18T05:00:00Z,None,2.0%,2.0%,2.0%,false,false
,Final Core CPI y/y,EUR,2018-07-18T05:00:00Z,None,1.0%,1.0%,0.9%,false,false
,German 30-y Bond Auction,EUR,2018-07-18T05:34:00Z,None,,1.06|1.2,1.02|1.7,false,false
,Building Permits,USD,2018-07-18T08:30:00Z,High,1.33M,1.30M,1.27M,false,false
,Housing Starts,USD,2018-07-18T08:30:00Z,None,1.32M,1.34M,1.17M,false,false
,CB Leading Index m/m,GBP,2018-07-18T09:30:00Z,None,,-0.1%,0.0%,false,false
,Fed Chairman Powell Testifies,USD,2018-07-18T10:00:00Z,High,,,,false,false
,Crude Oil Inventories,USD,2018-07-18T10:30:00Z,High,-3.4M,-12.6M,5.8M,false,false
,Beige Book,USD,2018-07-18T14:00:00Z,None,,,,false,false
,Trade Balance,JPY,2018-07-18T19:50:00Z,None,0.15T,-0.30T,0.07T,false,false
,Unemployment Rate,AUD,2018-07-18T21:30:00Z,High,5.4%,5.4%,5.4%,false,false
,Employment Change,AUD,2018-07-18T21:30:00Z,High,16.7K,13.4K,50.9K,false,false
,NAB Quarterly Business Confidence,AUD,2018-07-18T21:30:00Z,None,,8,7,false,false
,Trade Balance,CHF,2018-07-19T02:00:00Z,None,3.22B,2.81B,2.59B,false,false
,Retail Sales m/m,GBP,2018-07-19T04:30:00Z,High,0.1%,1.4%,-0.5%,false,false
,Spanish 10-y Bond Auction,EUR,2018-07-19T04:49:00Z,None,,1.58|1.9,1.31|1.5,false,false
,ADP Non-Farm Employment Change,CAD,2018-07-19T08:30:00Z,None,,27.8K,-10.5K,false,false
,Philly Fed Manufacturing Index,USD,2018-07-19T08:30:00Z,None,21.6,19.9,25.7,false,false
,Unemployment Claims,USD,2018-07-19T08:30:00Z,None,220K,215K,207K,false,false
,FOMC Member Quarles Speaks,USD,2018-07-19T09:00:00Z,None,,,,false,false
,CB Leading Index m/m,USD,2018-07-19T10:00:00Z,None,0.4%,0.0%,0.5%,false,false
,Natural Gas Storage,USD,2018-07-19T10:30:00Z,None,58B,51B,46B,false,false
,Visitor Arrivals m/m,NZD,2018-07-19T18:45:00Z,None,,2.4%,-3.5%,false,false
,National Core CPI y/y,JPY,2018-07-19T19:30:00Z,None,0.8%,0.7%,0.8%,false,false
,Credit Card Spending y/y,NZD,2018-07-19T23:00:00Z,None,,3.7%,5.7%,false,false
,All Industries Activity m/m,JPY,2018-07-20T00:30:00Z,None,0.0%,1.0%,0.1%,false,false
,German PPI m/m,EUR,2018-07-20T02:00:00Z,None,0.3%,0.5%,0.3%,false,false
,Current Account,EUR,2018-07-20T04:00:00Z,None,27.2B,29.6B,22.4B,false,false
,Public Sector Net Borrowing,GBP,2018-07-20T04:30:00Z,None,3.6B,3.9B,4.5B,false,false
,Core Retail Sales m/m,CAD,2018-07-20T08:30:00Z,High,0.6%,0.2%,1.4%,false,false
,CPI m/m,CAD,2018-07-20T08:30:00Z,High,0.1%,0.1%,0.1%,false,false
,Common CPI y/y,CAD,2018-07-20T08:30:00Z,None,,1.9%,1.9%,false,false
,Median CPI y/y,CAD,2018-07-20T08:30:00Z,None,,2.0%,2.0%,false,false
,Retail Sales m/m,CAD,2018-07-20T08:30:00Z,None,1.0%,-0.9%,2.0%,false,false
,Trimmed CPI y/y,CAD,2018-07-20T08:30:00Z,None,,1.9%,2.0%,false,false
,Core CPI m/m,CAD,2018-07-20T08:32:00Z,None,,-0.1%,0.1%,false,false
,G20 Meetings,All,2018-07-21T00:00:00Z,None,,,,false,false
,G20 Meetings,All,2018-07-22T00:00:00Z,None,,,,false,false
,German Buba Monthly Report,EUR,2018-07-23T06:00:00Z,None,,,,false,false
,Wholesale Sales m/m,CAD,2018-07-23T08:30:00Z,None,0.6%,-0.1%,1.2%,false,false
,Consumer Confidence,EUR,2018-07-23T10:00:00Z,None,-1,-1,-1,false,false
,Existing Home Sales,USD,2018-07-23T10:00:00Z,None,5.46M,5.41M,5.38M,false,false
,CB Leading Index m/m,AUD,2018-07-23T10:30:00Z,None,,0.1%,0.1%,false,false
,MPC Member Broadbent Speaks,GBP,2018-07-23T13:00:00Z,None,,,,false,false
,Flash Manufacturing PMI,JPY,2018-07-23T20:30:00Z,None,53.2,53.0,51.6,false,false
,BOJ Core CPI y/y,JPY,2018-07-24T01:00:00Z,None,0.6%,0.5%,0.4%,false,false
,French Flash Services PMI,EUR,2018-07-24T03:00:00Z,None,55.7,55.9,55.3,false,false
,French Flash Manufacturing PMI,EUR,2018-07-24T03:00:00Z,None,52.6,52.5,53.1,false,false
,German Flash Manufacturing PMI,EUR,2018-07-24T03:30:00Z,None,55.5,55.9,57.3,false,false
,German Flash Services PMI,EUR,2018-07-24T03:30:00Z,None,54.6,54.5,54.4,false,false
,Flash Manufacturing PMI,EUR,2018-07-24T04:00:00Z,None,54.7,54.9,55.1,false,false
,Flash Services PMI,EUR,2018-07-24T04:00:00Z,None,55.0,55.2,54.4,false,false
,CBI Industrial Order Expectations,GBP,2018-07-24T06:00:00Z,None,8,13,11,false,false
,HPI m/m,USD,2018-07-24T09:00:00Z,None,0.4%,0.2%,0.2%,false,false
,Flash Manufacturing PMI,USD,2018-07-24T09:45:00Z,None,55.1,55.4,55.5,false,false
,Flash Services PMI,USD,2018-07-24T09:45:00Z,None,56.5,56.5,56.2,false,false
,Richmond Manufacturing Index,USD,2018-07-24T09:59:00Z,None,18,20,20,false,false
,API Weekly Statistical Bulletin,USD,2018-07-24T16:30:00Z,None,,,,false,false
,Trade Balance,NZD,2018-07-24T18:45:00Z,None,200M,208M,-113M,false,false
,CPI m/m,AUD,2018-07-24T21:30:00Z,High,0.5%,0.4%,0.4%,false,false
,Trimmed Mean CPI m/m,AUD,2018-07-24T21:30:00Z,High,0.5%,0.6%,0.5%,false,false
,BRICS Summit,All,2018-07-25T00:00:00Z,None,,,,false,false
,Private Loans y/y,EUR,2018-07-25T04:00:00Z,None,3.0%,2.9%,2.9%,false,false
,UBS Economic Expectations,CHF,2018-07-25T04:00:00Z,None,,8.0,-4.0,false,false
,German ifo Business Climate,EUR,2018-07-25T04:00:00Z,None,101.6,101.8,101.7,false,false
,M3 Money Supply y/y,EUR,2018-07-25T04:00:00Z,None,4.0%,4.0%,4.4%,false,false
,High Street Lending,GBP,2018-07-25T04:30:00Z,None,39.1K,39.5K,40.5K,false,false
,CBI Realized Sales,GBP,2018-07-25T06:00:00Z,None,16,32,20,false,false
,Belgian NBB Business Climate,EUR,2018-07-25T08:59:00Z,None,0.4,0.6,-1.3,false,false
,New Home Sales,USD,2018-07-25T10:00:00Z,None,669K,666K,631K,false,false
,Crude Oil Inventories,USD,2018-07-25T10:30:00Z,High,-2.6M,5.8M,-6.1M,false,false
,SPPI y/y,JPY,2018-07-25T19:50:00Z,None,1.0%,1.0%,1.2%,false,false
,Import Prices q/q,AUD,2018-07-25T21:30:00Z,None,1.9%,2.0%,3.2%,false,false
,BRICS Summit,All,2018-07-26T00:00:00Z,None,,,,false,false
,German GfK Consumer Climate,EUR,2018-07-26T02:00:00Z,None,10.7,10.7,10.6,false,false
,Spanish Unemployment Rate,EUR,2018-07-26T03:00:00Z,None,15.8%,16.7%,15.3%,false,false
,Monetary Policy Statement,EUR,2018-07-26T07:45:00Z,High,,,,false,false
,Main Refinancing Rate,EUR,2018-07-26T07:45:00Z,High,0.00%,0.00%,0.00%,false,false
,Prelim Wholesale Inventories m/m,USD,2018-07-26T08:30:00Z,None,0.5%,0.6%,0.0%,false,false
,ECB Press Conference,EUR,2018-07-26T08:30:00Z,High,,,,false,false
,Core Durable Goods Orders m/m,USD,2018-07-26T08:30:00Z,High,0.5%,0.0%,0.4%,false,false
,Durable Goods Orders m/m,USD,2018-07-26T08:30:00Z,None,3.0%,-0.4%,1.0%,false,false
,Unemployment Claims,USD,2018-07-26T08:30:00Z,None,215K,208K,217K,false,false
,Goods Trade Balance,USD,2018-07-26T08:30:00Z,None,-67.0B,-64.8B,-68.3B,false,false
,CB Leading Index m/m,CNY,2018-07-26T09:00:00Z,None,,2.2%,0.8%,false,false
,Natural Gas Storage,USD,2018-07-26T10:30:00Z,None,39B,46B,24B,false,false
,Tokyo Core CPI y/y,JPY,2018-07-26T19:30:00Z,None,0.7%,0.7%,0.8%,false,false
,PPI q/q,AUD,2018-07-26T21:30:00Z,None,0.5%,0.5%,0.3%,false,false
,BRICS Summit,All,2018-07-27T00:00:00Z,None,,,,false,false
,French Flash GDP q/q,EUR,2018-07-27T01:30:00Z,None,0.3%,0.2%,0.2%,false,false
,German Import Prices m/m,EUR,2018-07-27T02:00:00Z,None,0.3%,1.6%,0.5%,false,false
,French Consumer Spending m/m,EUR,2018-07-27T02:45:00Z,None,0.6%,1.0%,0.1%,false,false
,Advance GDP q/q,USD,2018-07-27T08:30:00Z,High,4.2%,2.0%,4.1%,false,false
,Advance GDP Price Index q/q,USD,2018-07-27T08:30:00Z,None,2.3%,2.2%,3.0%,false,false
,President Trump Speaks,USD,2018-07-27T09:30:00Z,High,,,,false,false
,Revised UoM Inflation Expectations,USD,2018-07-27T10:00:00Z,None,,2.9%,2.9%,false,false
,Revised UoM Consumer Sentiment,USD,2018-07-27T10:00:00Z,None,97.1,97.1,97.9,false,false
,Retail Sales y/y,JPY,2018-07-29T19:50:00Z,None,1.7%,0.6%,1.8%,false,false
,HIA New Home Sales m/m,AUD,2018-07-29T21:28:00Z,None,,-4.4%,2.2%,false,false
,German Prelim CPI m/m,EUR,2018-07-30T00:00:00Z,None,0.4%,0.1%,0.3%,true,false
,KOF Economic Barometer,CHF,2018-07-30T03:00:00Z,None,101.6,101.3,101.1,false,false
,Spanish Flash CPI y/y,EUR,2018-07-30T03:00:00Z,None,2.3%,2.3%,2.2%,false,false
,Mortgage Approvals,GBP,2018-07-30T04:30:00Z,None,66K,65K,66K,false,false
,Net Lending to Individuals m/m,GBP,2018-07-30T04:30:00Z,None,5.3B,5.3B,5.4B,false,false
,M4 Money Supply m/m,GBP,2018-07-30T04:30:00Z,None,0.6%,0.4%,-0.3%,false,false
,Italian 10-y Bond Auction,EUR,2018-07-30T05:15:00Z,None,,2.77|1.3,2.87|1.4,false,false
,Pending Home Sales m/m,USD,2018-07-30T10:00:00Z,None,0.4%,-0.5%,0.9%,false,false
,Building Consents m/m,NZD,2018-07-30T18:45:00Z,None,,6.9%,-7.6%,false,false
,GfK Consumer Confidence,GBP,2018-07-30T19:01:00Z,None,-9,-9,-10,false,false
,Unemployment Rate,JPY,2018-07-30T19:30:00Z,None,2.3%,2.2%,2.4%,false,false
,Prelim Industrial Production m/m,JPY,2018-07-30T19:50:00Z,None,-0.3%,-0.2%,-2.1%,false,false
,Non-Manufacturing PMI,CNY,2018-07-30T20:20:00Z,None,55.0,55.0,54.0,false,false
,Manufacturing PMI,CNY,2018-07-30T20:59:00Z,None,51.4,51.5,51.2,false,false
,ANZ Business Confidence,NZD,2018-07-30T21:00:00Z,High,,-39.0,-44.9,false,false
,Private Sector Credit m/m,AUD,2018-07-30T21:30:00Z,None,0.3%,0.2%,0.3%,false,false
,Building Approvals m/m,AUD,2018-07-30T21:30:00Z,None,1.1%,-2.5%,6.4%,false,false
,Monetary Policy Statement,JPY,2018-07-31T00:03:00Z,High,,,,false,false
,BOJ Outlook Report,JPY,2018-07-31T00:03:00Z,High,,,,false,false
,BOJ Policy Rate,JPY,2018-07-31T00:03:00Z,None,-0.10%,-0.10%,-0.10%,false,false
,Housing Starts y/y,JPY,2018-07-31T01:00:00Z,None,-2.5%,1.3%,-7.1%,false,false
,Consumer Confidence,JPY,2018-07-31T01:04:00Z,None,43.9,43.7,43.5,false,false
,German Retail Sales m/m,EUR,2018-07-31T02:00:00Z,None,1.1%,-2.1%,1.2%,false,false
,BOJ Press Conference,JPY,2018-07-31T02:29:00Z,High,,,,false,false
,French Prelim CPI m/m,EUR,2018-07-31T02:45:00Z,None,-0.3%,0.0%,-0.1%,false,false
,Spanish Flash GDP q/q,EUR,2018-07-31T03:00:00Z,None,0.7%,0.7%,0.6%,false,false
,German Unemployment Change,EUR,2018-07-31T03:55:00Z,None,-10K,-14K,-6K,false,false
,Italian Monthly Unemployment Rate,EUR,2018-07-31T04:00:00Z,None,10.8%,10.7%,10.9%,false,false
,Core CPI Flash Estimate y/y,EUR,2018-07-31T05:00:00Z,None,1.0%,0.9%,1.1%,false,false
,CPI Flash Estimate y/y,EUR,2018-07-31T05:00:00Z,None,2.0%,2.0%,2.1%,false,false
,Prelim Flash GDP q/q,EUR,2018-07-31T05:00:00Z,None,0.4%,0.4%,0.3%,false,false
,Italian Prelim CPI m/m,EUR,2018-07-31T05:00:00Z,None,0.2%,0.2%,0.3%,false,false
,Unemployment Rate,EUR,2018-07-31T05:00:00Z,None,8.3%,8.3%,8.3%,false,false
,Italian Prelim GDP q/q,EUR,2018-07-31T06:00:00Z,None,0.2%,0.3%,0.2%,false,false
,RMPI m/m,CAD,2018-07-31T08:30:00Z,None,2.7%,3.8%,0.5%,false,false
,GDP m/m,CAD,2018-07-31T08:30:00Z,High,0.3%,0.1%,0.5%,false,false
,IPPI m/m,CAD,2018-07-31T08:30:00Z,None,0.3%,1.2%,0.5%,false,false
,Core PCE Price Index m/m,USD,2018-07-31T08:30:00Z,None,0.1%,0.2%,0.1%,false,false
,Employment Cost Index q/q,USD,2018-07-31T08:30:00Z,None,0.7%,0.8%,0.6%,false,false
,Personal Spending m/m,USD,2018-07-31T08:30:00Z,None,0.4%,0.5%,0.4%,false,false
,Personal Income m/m,USD,2018-07-31T08:30:00Z,None,0.4%,0.4%,0.4%,false,false
,S&P/CS Composite-20 HPI y/y,USD,2018-07-31T09:00:00Z,None,6.4%,6.7%,6.5%,false,false
,Chicago PMI,USD,2018-07-31T09:45:00Z,None,61.9,64.1,65.5,false,false
,CB Consumer Confidence,USD,2018-07-31T10:00:00Z,High,126.5,127.1,127.4,false,false
,API Weekly Statistical Bulletin,USD,2018-07-31T16:30:00Z,None,,,,false,false
,AIG Manufacturing Index,AUD,2018-07-31T18:30:00Z,None,,57.4,52.0,false,false
,Employment Change q/q,NZD,2018-07-31T18:45:00Z,High,0.4%,0.6%,0.5%,false,false
,Unemployment Rate,NZD,2018-07-31T18:45:00Z,High,4.4%,4.4%,4.5%,false,false
,Labor Cost Index q/q,NZD,2018-07-31T18:45:00Z,None,0.6%,0.3%,0.6%,false,false
,BRC Shop Price Index y/y,GBP,2018-07-31T19:01:00Z,None,,-0.5%,-0.3%,false,false
,Final Manufacturing PMI,JPY,2018-07-31T20:30:00Z,None,51.6,51.6,52.3,false,false
,RatingDog Manufacturing PMI,CNY,2018-07-31T21:45:00Z,None,50.9,51.0,50.8,false,false
,Omdia Total Vehicle Sales,USD,2018-08-01T00:00:00Z,None,17.0M,17.4M,16.7M,true,false
,Total Vehicle Sales,USD,2018-08-01T00:00:00Z,None,17.1M,17.5M,16.8M,true,false
,Bank Holiday,CHF,2018-08-01T00:00:00Z,None,,,,true,false
,Nationwide HPI m/m,GBP,2018-08-01T02:00:00Z,None,0.1%,0.7%,0.6%,false,false
,Commodity Prices y/y,AUD,2018-08-01T02:30:00Z,None,,9.8%,7.6%,false,false
,Spanish Manufacturing PMI,EUR,2018-08-01T03:15:00Z,None,53.1,53.4,52.9,false,false
,Italian Manufacturing PMI,EUR,2018-08-01T03:45:00Z,None,53.0,53.3,51.5,false,false
,French Final Manufacturing PMI,EUR,2018-08-01T03:50:00Z,None,53.1,53.1,53.3,false,false
,German Final Manufacturing PMI,EUR,2018-08-01T03:55:00Z,None,57.3,57.3,56.9,false,false
,Final Manufacturing PMI,EUR,2018-08-01T04:00:00Z,None,55.1,55.1,55.1,false,false
,Final Manufacturing PMI,GBP,2018-08-01T04:30:00Z,High,54.2,54.3,54.0,false,false
,German 10-y Bond Auction,EUR,2018-08-01T05:33:00Z,None,,0.36|1.6,0.47|1.8,false,false
,ADP Non-Farm Employment Change,USD,2018-08-01T08:15:00Z,High,186K,181K,219K,false,false
,Manufacturing PMI,CAD,2018-08-01T09:30:00Z,None,,57.1,56.9,false,false
,Final Manufacturing PMI,USD,2018-08-01T09:45:00Z,None,55.5,55.5,55.3,false,false
,ISM Manufacturing Prices,USD,2018-08-01T10:00:00Z,None,75.5,76.8,73.2,false,false
,Construction Spending m/m,USD,2018-08-01T10:00:00Z,None,0.3%,1.3%,-1.1%,false,false
,ISM Manufacturing PMI,USD,2018-08-01T10:00:00Z,High,59.4,60.2,58.1,false,false
,Crude Oil Inventories,USD,2018-08-01T10:30:00Z,High,-2.6M,-6.1M,3.8M,false,false
,Federal Funds Rate,USD,2018-08-01T14:00:00Z,High,2.00%,2.00%,2.00%,false,false
,FOMC Statement,USD,2018-08-01T14:00:00Z,High,,,,false,false
,Monetary Base y/y,JPY,2018-08-01T19:50:00Z,None,7.3%,7.4%,7.0%,false,false
,Goods Trade Balance,AUD,2018-08-01T21:30:00Z,High,0.91B,0.73B,1.87B,false,false
,10-y Bond Auction,JPY,2018-08-01T23:35:00Z,None,,0.04|4.4,0.13|4.2,false,false
,SECO Consumer Climate,CHF,2018-08-02T01:45:00Z,None,2,2,-7,false,false
,Spanish Unemployment Change,EUR,2018-08-02T03:00:00Z,None,-87.6K,-90.0K,-27.1K,false,false
,Retail Sales y/y,CHF,2018-08-02T03:15:00Z,None,0.0%,0.4%,0.3%,false,false
,Manufacturing PMI,CHF,2018-08-02T03:30:00Z,None,60.8,61.6,61.9,false,false
,Construction PMI,GBP,2018-08-02T04:30:00Z,High,52.8,53.1,55.8,false,false
,Spanish 10-y Bond Auction,EUR,2018-08-02T04:48:00Z,None,,1.31|1.5,1.42|1.5,false,false
,French 10-y Bond Auction,EUR,2018-08-02T04:59:00Z,None,,0.67|1.9,0.74|2.0,false,false
,PPI m/m,EUR,2018-08-02T05:00:00Z,None,0.3%,0.8%,0.4%,false,false
,MPC Official Bank Rate Votes,GBP,2018-08-02T07:00:00Z,High,7-0-2,3-0-6,9-0-0,false,false
,MPC Asset Purchase Facility Votes,GBP,2018-08-02T07:00:00Z,None,0-0-9,0-0-9,0-0-9,false,false
,Monetary Policy Summary,GBP,2018-08-02T07:00:00Z,High,,,,false,false
,BOE Monetary Policy Report,GBP,2018-08-02T07:00:00Z,High,,,,false,false
,Official Bank Rate,GBP,2018-08-02T07:00:00Z,High,0.75%,0.50%,0.75%,false,false
,Asset Purchase Facility,GBP,2018-08-02T07:00:00Z,None,435B,435B,435B,false,false
,BOE Gov Carney Speaks,GBP,2018-08-02T07:30:00Z,High,,,,false,false
,Challenger Job Cuts y/y,USD,2018-08-02T07:30:00Z,None,,19.6%,-4.2%,false,false
,Unemployment Claims,USD,2018-08-02T08:30:00Z,None,220K,217K,218K,false,false
,Factory Orders m/m,USD,2018-08-02T10:00:00Z,None,0.7%,0.4%,0.7%,false,false
,Natural Gas Storage,USD,2018-08-02T10:30:00Z,None,39B,24B,35B,false,false
,AIG Services Index,AUD,2018-08-02T18:30:00Z,None,,63.0,53.6,false,false
,Monetary Policy Meeting Minutes,JPY,2018-08-02T19:50:00Z,None,,,,false,false
,Retail Sales m/m,AUD,2018-08-02T21:30:00Z,High,0.3%,0.4%,0.4%,false,false
,RatingDog Services PMI,CNY,2018-08-02T21:45:00Z,None,53.7,53.9,52.8,false,false
,French Gov Budget Balance,EUR,2018-08-03T02:45:00Z,None,,-55.1B,-58.9B,false,false
,CPI m/m,CHF,2018-08-03T03:15:00Z,None,-0.3%,0.0%,-0.2%,false,false
,Spanish Services PMI,EUR,2018-08-03T03:15:00Z,None,54.4,55.4,52.6,false,false
,Italian Services PMI,EUR,2018-08-03T03:45:00Z,None,53.6,54.3,54.0,false,false
,French Final Services PMI,EUR,2018-08-03T03:50:00Z,None,55.3,55.3,54.9,false,false
,German Final Services PMI,EUR,2018-08-03T03:55:00Z,None,54.4,54.4,54.1,false,false
,Final Services PMI,EUR,2018-08-03T04:00:00Z,None,54.4,54.4,54.2,false,false
,Italian Industrial Production m/m,EUR,2018-08-03T04:00:00Z,None,0.4%,0.8%,0.5%,false,false
,Final Services PMI,GBP,2018-08-03T04:30:00Z,High,54.7,55.1,53.5,false,false
,Retail Sales m/m,EUR,2018-08-03T05:00:00Z,None,0.4%,0.3%,0.3%,false,false
,Italian Retail Sales m/m,EUR,2018-08-03T05:03:00Z,None,0.1%,1.1%,-0.2%,false,false
,Non-Farm Employment Change,USD,2018-08-03T08:30:00Z,High,191K,248K,157K,false,false
,Unemployment Rate,USD,2018-08-03T08:30:00Z,High,3.9%,4.0%,3.9%,false,false
,Trade Balance,USD,2018-08-03T08:30:00Z,None,-46.5B,-43.2B,-46.3B,false,false
,Trade Balance,CAD,2018-08-03T08:30:00Z,High,-2.3B,-2.7B,-0.6B,false,false
,Average Hourly Earnings m/m,USD,2018-08-03T08:30:00Z,High,0.3%,0.1%,0.3%,false,false
,Final Services PMI,USD,2018-08-03T09:45:00Z,None,56.2,56.2,56.0,false,false
,ISM Services PMI,USD,2018-08-03T10:00:00Z,High,58.6,59.1,55.7,false,false
,Bank Holiday,AUD,2018-08-05T00:00:00Z,None,,,,true,false
,MI Inflation Gauge m/m,AUD,2018-08-05T21:00:00Z,None,,0.0%,0.1%,false,false
,ANZ Commodity Prices m/m,NZD,2018-08-05T21:00:00Z,None,,-0.9%,-3.2%,false,false
,ANZ Job Advertisements m/m,AUD,2018-08-05T21:30:00Z,None,,-1.7%,1.5%,false,false
,Bank Holiday,CAD,2018-08-06T00:00:00Z,None,,,,true,false
,German Factory Orders m/m,EUR,2018-08-06T02:00:00Z,None,-0.3%,2.6%,-4.0%,false,false
,Sentix Investor Confidence,EUR,2018-08-06T04:30:00Z,None,12.8,12.1,14.7,false,false
,Loan Officer Survey,USD,2018-08-06T14:00:00Z,None,,,,false,false
,AIG Construction Index,AUD,2018-08-06T18:30:00Z,None,,50.6,52.0,false,false
,BRC Retail Sales Monitor y/y,GBP,2018-08-06T19:01:00Z,None,1.3%,1.1%,0.5%,false,false
,Household Spending y/y,JPY,2018-08-06T19:30:00Z,None,-1.2%,-3.9%,-1.2%,false,false
,Average Cash Earnings y/y,JPY,2018-08-06T20:00:00Z,None,1.7%,2.1%,3.6%,false,false
,RBA Rate Statement,AUD,2018-08-07T00:30:00Z,High,,,,false,false
,Cash Rate,AUD,2018-08-07T00:30:00Z,None,1.50%,1.50%,1.50%,false,false
,Leading Indicators,JPY,2018-08-07T01:00:00Z,None,105.4%,106.9%,105.2%,false,false
,German Industrial Production m/m,EUR,2018-08-07T02:00:00Z,None,-0.5%,2.4%,-0.9%,false,false
,German Trade Balance,EUR,2018-08-07T02:00:00Z,None,21.4B,20.4B,19.3B,false,false
,French Trade Balance,EUR,2018-08-07T02:45:00Z,None,-5.6B,-6.0B,-6.2B,false,false
,Foreign Currency Reserves,CHF,2018-08-07T03:00:00Z,None,,748B,750B,false,false
,Lloyds HPI m/m,GBP,2018-08-07T03:30:00Z,None,0.2%,0.9%,1.4%,false,false
,Ivey PMI,CAD,2018-08-07T10:00:00Z,None,64.2,63.1,61.8,false,false
,JOLTS Job Openings,USD,2018-08-07T10:00:00Z,None,6.74M,6.66M,6.66M,false,false
,RCM/TIPP Economic Optimism,USD,2018-08-07T10:01:00Z,None,57.2,56.4,58.0,false,false
,GDT Price Index,NZD,2018-08-07T10:15:00Z,None,,-1.7%,0.0%,false,false
,Consumer Credit m/m,USD,2018-08-07T15:00:00Z,None,16.2B,24.3B,10.2B,false,false
,API Weekly Statistical Bulletin,USD,2018-08-07T16:30:00Z,None,,,,false,false
,Bank Lending y/y,JPY,2018-08-07T19:50:00Z,None,2.3%,2.2%,2.0%,false,false
,BOJ Summary of Opinions,JPY,2018-08-07T19:50:00Z,None,,,,false,false
,Current Account,JPY,2018-08-07T19:50:00Z,None,1.84T,1.85T,1.76T,false,false
,Home Loans m/m,AUD,2018-08-07T21:30:00Z,None,0.1%,1.0%,-1.1%,false,false
,Inflation Expectations q/q,NZD,2018-08-07T23:00:00Z,High,,2.01%,2.04%,false,false
,RBA Gov Lowe Speaks,AUD,2018-08-07T23:01:00Z,High,,,,false,false
,Trade Balance,CNY,2018-08-07T23:05:00Z,None,229B,262B,177B,false,false
,USD-Denominated Trade Balance,CNY,2018-08-07T23:14:00Z,None,39.1B,41.6B,28.1B,false,false
,Economy Watchers Sentiment,JPY,2018-08-08T01:02:00Z,None,47.8,48.1,46.6,false,false
,10-y Bond Auction,GBP,2018-08-08T05:36:00Z,None,,1.43|2.3,1.46|2.2,false,false
,Building Permits m/m,CAD,2018-08-08T08:30:00Z,None,-0.1%,4.8%,-2.3%,false,false
,FOMC Member Barkin Speaks,USD,2018-08-08T08:45:00Z,None,,,,false,false
,Crude Oil Inventories,USD,2018-08-08T10:30:00Z,High,-2.8M,3.8M,-1.4M,false,false
,10-y Bond Auction,USD,2018-08-08T13:01:00Z,None,,2.86|2.6,2.96|2.5,false,false
,Official Cash Rate,NZD,2018-08-08T17:00:00Z,High,1.75%,1.75%,1.75%,false,false
,RBNZ Monetary Policy Statement,NZD,2018-08-08T17:00:00Z,High,,,,false,false
,RBNZ Rate Statement,NZD,2018-08-08T17:00:00Z,High,,,,false,false
,RBNZ Press Conference,NZD,2018-08-08T18:00:00Z,High,,,,false,false
,RICS House Price Balance,GBP,2018-08-08T19:01:00Z,None,4%,3%,4%,false,false
,Core Machinery Orders m/m,JPY,2018-08-08T19:50:00Z,None,-1.2%,-3.7%,-8.8%,false,false
,M2 Money Stock y/y,JPY,2018-08-08T19:50:00Z,None,3.1%,3.1%,3.0%,false,false
,CPI y/y,CNY,2018-08-08T21:29:00Z,None,2.0%,1.9%,2.1%,false,false
,PPI y/y,CNY,2018-08-08T21:29:00Z,None,4.4%,4.7%,4.6%,false,false
,30-y Bond Auction,JPY,2018-08-08T23:35:00Z,None,,0.70|5.0,0.85|4.7,false,false
,Unemployment Rate,CHF,2018-08-09T01:45:00Z,None,2.6%,2.6%,2.6%,false,false
,Prelim Machine Tool Orders y/y,JPY,2018-08-09T01:58:00Z,None,,11.4%,13.0%,false,false
,ECB Economic Bulletin,EUR,2018-08-09T04:00:00Z,None,,,,false,false
,Housing Starts,CAD,2018-08-09T08:13:00Z,None,220K,246K,206K,false,false
,NHPI m/m,CAD,2018-08-09T08:30:00Z,None,0.0%,0.0%,0.1%,false,false
,PPI m/m,USD,2018-08-09T08:30:00Z,High,0.2%,0.3%,0.0%,false,false
,Core PPI m/m,USD,2018-08-09T08:30:00Z,None,0.2%,0.3%,0.1%,false,false
,Unemployment Claims,USD,2018-08-09T08:30:00Z,None,220K,219K,213K,false,false
,Final Wholesale Inventories m/m,USD,2018-08-09T10:00:00Z,None,0.0%,0.0%,0.1%,false,false
,Natural Gas Storage,USD,2018-08-09T10:30:00Z,None,49B,35B,46B,false,false
,30-y Bond Auction,USD,2018-08-09T13:01:00Z,None,,2.96|2.3,3.09|2.3,false,false
,BusinessNZ Manufacturing Index,NZD,2018-08-09T18:30:00Z,None,,52.7,51.2,false,false
,Prelim GDP q/q,JPY,2018-08-09T19:50:00Z,None,0.3%,-0.2%,0.5%,false,false
,PPI y/y,JPY,2018-08-09T19:50:00Z,None,2.9%,2.8%,3.1%,false,false
,Prelim GDP Price Index y/y,JPY,2018-08-09T19:50:00Z,None,0.0%,0.5%,0.1%,false,false
,RBA Monetary Policy Statement,AUD,2018-08-09T21:30:00Z,High,,,,false,false
,Tertiary Industry Activity m/m,JPY,2018-08-10T00:30:00Z,None,-0.2%,0.2%,-0.5%,false,false
,French Industrial Production m/m,EUR,2018-08-10T02:45:00Z,None,0.5%,-0.2%,0.6%,false,false
,French Prelim Private Payrolls q/q,EUR,2018-08-10T02:45:00Z,None,0.3%,0.2%,0.2%,false,false
,Italian Trade Balance,EUR,2018-08-10T04:03:00Z,None,3.41B,3.37B,5.07B,false,false
,GDP m/m,GBP,2018-08-10T04:30:00Z,High,0.2%,0.3%,0.1%,false,false
,Manufacturing Production m/m,GBP,2018-08-10T04:30:00Z,High,0.3%,0.6%,0.4%,false,false
,Prelim GDP q/q,GBP,2018-08-10T04:30:00Z,High,0.4%,0.2%,0.4%,false,false
,Goods Trade Balance,GBP,2018-08-10T04:30:00Z,None,-12.0B,-12.5B,-11.4B,false,false
,Prelim Business Investment q/q,GBP,2018-08-10T04:30:00Z,None,0.3%,-0.4%,0.5%,false,false
,Construction Output m/m,GBP,2018-08-10T04:30:00Z,None,-0.2%,2.9%,1.4%,false,false
,Index of Services 3m/3m,GBP,2018-08-10T04:30:00Z,None,0.6%,0.4%,0.5%,false,false
,Industrial Production m/m,GBP,2018-08-10T04:30:00Z,None,0.4%,-0.2%,0.4%,false,false
,Employment Change,CAD,2018-08-10T08:30:00Z,High,17.0K,31.8K,54.1K,false,false
,Unemployment Rate,CAD,2018-08-10T08:30:00Z,High,5.9%,6.0%,5.8%,false,false
,Core CPI m/m,USD,2018-08-10T08:30:00Z,High,0.2%,0.2%,0.2%,false,false
,Core CPI y/y,USD,2018-08-10T08:30:00Z,High,2.3%,2.3%,2.4%,false,false
,CPI m/m,USD,2018-08-10T08:30:00Z,High,0.2%,0.1%,0.2%,false,false
,CPI y/y,USD,2018-08-10T08:30:00Z,High,2.9%,2.9%,2.9%,false,false
,NIESR GDP Estimate,GBP,2018-08-10T09:06:00Z,None,,0.4%,0.5%,false,false
,Federal Budget Balance,USD,2018-08-10T14:00:00Z,None,-76.5B,-74.9B,-76.9B,false,false
,BusinessNZ Services Index,NZD,2018-08-12T18:30:00Z,None,,52.7,55.1,false,false
,FPI m/m,NZD,2018-08-12T18:45:00Z,None,,0.5%,0.7%,false,false
,M2 Money Supply y/y,CNY,2018-08-13T07:26:00Z,None,8.2%,8.0%,8.5%,false,false
,New Loans,CNY,2018-08-13T07:27:00Z,None,1210B,1840B,1450B,false,false
,NAB Business Confidence,AUD,2018-08-13T21:30:00Z,None,,6,7,false,false
,Fixed Asset Investment ytd/y,CNY,2018-08-13T21:59:00Z,None,6.0%,6.0%,5.5%,false,false
,Industrial Production y/y,CNY,2018-08-13T21:59:00Z,None,6.3%,6.0%,6.0%,false,false
,Retail Sales y/y,CNY,2018-08-13T22:00:00Z,None,9.2%,9.0%,8.8%,false,false
,Unemployment Rate,CNY,2018-08-13T22:00:00Z,None,,4.8%,5.1%,false,false
,Revised Industrial Production m/m,JPY,2018-08-14T00:30:00Z,None,-2.1%,-2.1%,-1.8%,false,false
,German Prelim GDP q/q,EUR,2018-08-14T02:00:00Z,None,0.4%,0.4%,0.5%,false,false
,German Final CPI m/m,EUR,2018-08-14T02:00:00Z,None,0.3%,0.3%,0.3%,false,false
,French Final CPI m/m,EUR,2018-08-14T02:45:00Z,None,-0.1%,-0.1%,-0.1%,false,false
,PPI m/m,CHF,2018-08-14T03:15:00Z,None,0.3%,0.2%,0.1%,false,false
,Average Earnings Index 3m/y,GBP,2018-08-14T04:30:00Z,High,2.5%,2.5%,2.4%,false,false
,Claimant Count Change,GBP,2018-08-14T04:30:00Z,None,2.3K,9.0K,6.2K,false,false
,Unemployment Rate,GBP,2018-08-14T04:30:00Z,None,4.2%,4.2%,4.0%,false,false
,Flash GDP q/q,EUR,2018-08-14T05:00:00Z,None,0.3%,0.3%,0.4%,false,false
,German ZEW Economic Sentiment,EUR,2018-08-14T05:00:00Z,None,-20.1,-24.7,-13.7,false,false
,Industrial Production m/m,EUR,2018-08-14T05:00:00Z,None,-0.3%,1.4%,-0.7%,false,false
,ZEW Economic Sentiment,EUR,2018-08-14T05:00:00Z,None,-16.4,-18.7,-11.1,false,false
,NFIB Small Business Index,USD,2018-08-14T06:00:00Z,None,106.9,107.2,107.9,false,false
,Import Prices m/m,USD,2018-08-14T08:30:00Z,None,0.1%,-0.1%,0.0%,false,false
,API Weekly Statistical Bulletin,USD,2018-08-14T16:30:00Z,None,,,,false,false
,Westpac Consumer Sentiment,AUD,2018-08-14T20:30:00Z,None,,3.9%,-2.3%,false,false
,Wage Price Index q/q,AUD,2018-08-14T21:30:00Z,High,0.6%,0.5%,0.6%,false,false
,New Home Prices m/m,CNY,2018-08-14T21:30:00Z,None,,1.11%,1.21%,false,false
,French Bank Holiday,EUR,2018-08-15T00:00:00Z,None,,,,true,false
,Italian Bank Holiday,EUR,2018-08-15T00:00:00Z,None,,,,true,false
,CPI y/y,GBP,2018-08-15T04:30:00Z,High,2.5%,2.4%,2.5%,false,false
,PPI Input m/m,GBP,2018-08-15T04:30:00Z,None,0.1%,0.3%,0.5%,false,false
,RPI y/y,GBP,2018-08-15T04:30:00Z,None,3.4%,3.4%,3.2%,false,false
,Core CPI y/y,GBP,2018-08-15T04:30:00Z,None,1.9%,1.9%,1.9%,false,false
,HPI y/y,GBP,2018-08-15T04:30:00Z,None,2.7%,3.5%,3.0%,false,false
,PPI Output m/m,GBP,2018-08-15T04:30:00Z,None,0.1%,0.3%,0.0%,false,false
,German 30-y Bond Auction,EUR,2018-08-15T05:32:00Z,None,,1.02|1.7,0.94|1.6,false,false
,Core Retail Sales m/m,USD,2018-08-15T08:30:00Z,High,0.3%,0.2%,0.6%,false,false
,Retail Sales m/m,USD,2018-08-15T08:30:00Z,High,0.1%,0.2%,0.5%,false,false
,Empire State Manufacturing Index,USD,2018-08-15T08:30:00Z,None,20.1,22.6,25.6,false,false
,Prelim Nonfarm Productivity q/q,USD,2018-08-15T08:30:00Z,None,2.4%,0.4%,2.9%,false,false
,Prelim Unit Labor Costs q/q,USD,2018-08-15T08:30:00Z,None,-0.1%,2.9%,-0.9%,false,false
,Capacity Utilization Rate,USD,2018-08-15T09:15:00Z,None,78.2%,78.1%,78.1%,false,false
,Industrial Production m/m,USD,2018-08-15T09:15:00Z,None,0.3%,1.0%,0.1%,false,false
,Business Inventories m/m,USD,2018-08-15T10:00:00Z,None,0.2%,0.3%,0.1%,false,false
,NAHB Housing Market Index,USD,2018-08-15T10:00:00Z,None,67,68,67,false,false
,Crude Oil Inventories,USD,2018-08-15T10:30:00Z,High,-2.6M,-1.4M,6.8M,false,false
,TIC Long-Term Purchases,USD,2018-08-15T16:00:00Z,None,32.3B,45.5B,-36.5B,false,false
,Trade Balance,JPY,2018-08-15T19:50:00Z,None,0.02T,0.08T,-0.05T,false,false
,MI Inflation Expectations,AUD,2018-08-15T21:00:00Z,None,,3.9%,4.0%,false,false
,Employment Change,AUD,2018-08-15T21:30:00Z,High,15.0K,58.2K,-3.9K,false,false
,Unemployment Rate,AUD,2018-08-15T21:30:00Z,High,5.4%,5.4%,5.3%,false,false
,German WPI m/m,EUR,2018-08-16T02:00:00Z,None,0.5%,0.5%,0.0%,false,false
,Foreign Direct Investment ytd/y,CNY,2018-08-16T02:10:00Z,None,,1.1%,2.3%,false,false
,Retail Sales m/m,GBP,2018-08-16T04:30:00Z,High,0.2%,-0.5%,0.7%,false,false
,Trade Balance,EUR,2018-08-16T05:00:00Z,None,17.0B,16.9B,16.7B,false,false
,Manufacturing Sales m/m,CAD,2018-08-16T08:30:00Z,None,1.0%,1.5%,1.1%,false,false
,ADP Non-Farm Employment Change,CAD,2018-08-16T08:30:00Z,None,,22.0K,11.6K,false,false
,Building Permits,USD,2018-08-16T08:30:00Z,None,1.31M,1.29M,1.31M,false,false
,Housing Starts,USD,2018-08-16T08:30:00Z,None,1.27M,1.16M,1.17M,false,false
,Philly Fed Manufacturing Index,USD,2018-08-16T08:30:00Z,None,21.9,25.7,11.9,false,false
,Unemployment Claims,USD,2018-08-16T08:30:00Z,None,215K,214K,212K,false,false
,CB Leading Index m/m,GBP,2018-08-16T09:30:00Z,None,,0.0%,-0.2%,false,false
,Mortgage Delinquencies,USD,2018-08-16T10:00:00Z,None,,4.63%,4.36%,false,false
,Natural Gas Storage,USD,2018-08-16T10:30:00Z,None,30B,46B,33B,false,false
,PPI Input q/q,NZD,2018-08-16T18:45:00Z,None,0.2%,0.6%,1.0%,false,false
,PPI Output q/q,NZD,2018-08-16T18:45:00Z,None,0.1%,0.2%,0.9%,false,false
,RBA Gov Lowe Speaks,AUD,2018-08-16T19:34:00Z,High,,,,false,false
,RBA Assist Gov Ellis Speaks,AUD,2018-08-17T03:30:00Z,None,,,,false,false
,Current Account,EUR,2018-08-17T04:00:00Z,None,23.2B,24.4B,23.5B,false,false
,Final CPI y/y,EUR,2018-08-17T05:00:00Z,None,2.1%,2.1%,2.1%,false,false
,Final Core CPI y/y,EUR,2018-08-17T05:00:00Z,None,1.1%,1.1%,1.1%,false,false
,CPI m/m,CAD,2018-08-17T08:30:00Z,High,0.1%,0.1%,0.5%,false,false
,Common CPI y/y,CAD,2018-08-17T08:30:00Z,None,,1.9%,1.9%,false,false
,Foreign Securities Purchases,CAD,2018-08-17T08:30:00Z,None,4.91B,3.01B,11.55B,false,false
,Median CPI y/y,CAD,2018-08-17T08:30:00Z,None,,2.0%,2.0%,false,false
,Trimmed CPI y/y,CAD,2018-08-17T08:30:00Z,None,,2.0%,2.1%,false,false
,Core CPI m/m,CAD,2018-08-17T08:32:00Z,None,,0.1%,0.2%,false,false
,Prelim UoM Consumer Sentiment,USD,2018-08-17T10:00:00Z,None,98.1,97.9,95.3,false,false
,CB Leading Index m/m,USD,2018-08-17T10:00:00Z,None,0.4%,0.5%,0.6%,false,false
,Prelim UoM Inflation Expectations,USD,2018-08-17T10:00:00Z,None,,2.9%,2.9%,false,false
,Rightmove HPI m/m,GBP,2018-08-19T19:01:00Z,None,,-0.1%,-2.3%,false,false
,German PPI m/m,EUR,2018-08-20T02:00:00Z,None,0.4%,0.3%,0.2%,false,false
,German Buba Monthly Report,EUR,2018-08-20T06:00:00Z,None,,,,false,false
,Gov Council Member Wilkins Speaks,CAD,2018-08-20T09:15:00Z,None,,,,false,false
,CB Leading Index m/m,AUD,2018-08-20T10:30:00Z,None,,0.0%,0.2%,false,false
,FOMC Member Bostic Speaks,USD,2018-08-20T11:00:00Z,None,,,,false,false
,German Buba President Weidmann Speaks,EUR,2018-08-20T12:00:00Z,None,,,,false,false
,RBA Gov Lowe Speaks,AUD,2018-08-20T18:00:00Z,High,,,,false,false
,Visitor Arrivals m/m,NZD,2018-08-20T18:45:00Z,None,,-3.6%,0.6%,false,false
,Monetary Policy Meeting Minutes,AUD,2018-08-20T21:30:00Z,High,,,,false,false
,Credit Card Spending y/y,NZD,2018-08-20T23:00:00Z,None,,5.8%,3.2%,false,false
,Trade Balance,CHF,2018-08-21T02:00:00Z,None,2.85B,2.56B,2.26B,false,false
,Public Sector Net Borrowing,GBP,2018-08-21T04:30:00Z,None,-2.1B,3.3B,-2.9B,false,false
,CBI Industrial Order Expectations,GBP,2018-08-21T06:00:00Z,None,10,11,7,false,false
,Wholesale Sales m/m,CAD,2018-08-21T08:30:00Z,None,0.7%,0.9%,-0.8%,false,false
,GDT Price Index,NZD,2018-08-21T10:16:00Z,None,,0.0%,-3.6%,false,false
,API Weekly Statistical Bulletin,USD,2018-08-21T16:30:00Z,None,,,,false,false
,Retail Sales q/q,NZD,2018-08-21T18:45:00Z,High,0.4%,0.3%,1.1%,false,false
,Core Retail Sales q/q,NZD,2018-08-21T18:45:00Z,None,0.8%,0.6%,1.4%,false,false
,MI Leading Index m/m,AUD,2018-08-21T20:30:00Z,None,,0.1%,0.0%,false,false
,Construction Work Done q/q,AUD,2018-08-21T21:30:00Z,None,0.7%,2.4%,1.6%,false,false
,RBA Deputy Gov Debelle Speaks,AUD,2018-08-21T23:10:00Z,None,,,,false,false
,All Industries Activity m/m,JPY,2018-08-22T00:30:00Z,None,-0.7%,0.1%,-0.8%,false,false
,German 10-y Bond Auction,EUR,2018-08-22T05:35:00Z,None,,0.47|1.8,0.33|1.2,false,false
,Core Retail Sales m/m,CAD,2018-08-22T08:30:00Z,High,-0.1%,1.4%,-0.1%,false,false
,Retail Sales m/m,CAD,2018-08-22T08:30:00Z,None,-0.1%,2.0%,-0.2%,false,false
,Existing Home Sales,USD,2018-08-22T10:00:00Z,None,5.40M,5.38M,5.34M,false,false
,Prelim Benchmark Payrolls Revision,USD,2018-08-22T10:00:00Z,None,,95K,43K,false,false
,Crude Oil Inventories,USD,2018-08-22T10:30:00Z,High,-1.6M,6.8M,-5.8M,false,false
,FOMC Meeting Minutes,USD,2018-08-22T14:00:00Z,High,,,,false,false
,Flash Manufacturing PMI,JPY,2018-08-22T20:30:00Z,None,52.4,52.3,52.5,false,false
,Jackson Hole Symposium,All,2018-08-23T00:00:00Z,None,,,,false,false
,French Flash Manufacturing PMI,EUR,2018-08-23T03:15:00Z,None,53.5,53.3,53.7,false,false
,French Flash Services PMI,EUR,2018-08-23T03:15:00Z,None,55.1,54.9,55.7,false,false
,German Buba President Weidmann Speaks,EUR,2018-08-23T03:30:00Z,None,,,,false,false
,German Flash Manufacturing PMI,EUR,2018-08-23T03:30:00Z,None,56.5,56.9,56.1,false,false
,German Flash Services PMI,EUR,2018-08-23T03:30:00Z,None,54.3,54.1,55.2,false,false
,Flash Manufacturing PMI,EUR,2018-08-23T04:00:00Z,None,55.1,55.1,54.6,false,false
,Flash Services PMI,EUR,2018-08-23T04:00:00Z,None,54.4,54.2,54.4,false,false
,CBI Realized Sales,GBP,2018-08-23T06:00:00Z,None,13,20,29,false,false
,ECB Monetary Policy Meeting Accounts,EUR,2018-08-23T07:30:00Z,None,,,,false,false
,Corporate Profits q/q,CAD,2018-08-23T08:30:00Z,None,,2.7%,1.0%,false,false
,Unemployment Claims,USD,2018-08-23T08:30:00Z,None,215K,212K,210K,false,false
,CB Leading Index m/m,CNY,2018-08-23T09:00:00Z,None,,0.9%,1.1%,false,false
,HPI m/m,USD,2018-08-23T09:00:00Z,None,0.3%,0.4%,0.2%,false,false
,Flash Manufacturing PMI,USD,2018-08-23T09:45:00Z,None,55.1,55.3,54.5,false,false
,Flash Services PMI,USD,2018-08-23T09:45:00Z,None,55.9,56.0,55.2,false,false
,Consumer Confidence,EUR,2018-08-23T10:00:00Z,None,-1,-1,-2,false,false
,New Home Sales,USD,2018-08-23T10:00:00Z,None,643K,638K,627K,false,false
,Natural Gas Storage,USD,2018-08-23T10:30:00Z,None,47B,33B,48B,false,false
,Trade Balance,NZD,2018-08-23T18:45:00Z,None,-400M,-288M,-143M,false,false
,National Core CPI y/y,JPY,2018-08-23T19:30:00Z,None,0.9%,0.8%,0.8%,false,false
,SPPI y/y,JPY,2018-08-23T19:50:00Z,None,1.2%,1.1%,1.1%,false,false
,Jackson Hole Symposium,All,2018-08-24T00:00:00Z,None,,,,false,false
,German Final GDP q/q,EUR,2018-08-24T02:00:00Z,None,0.5%,0.5%,0.5%,false,false
,High Street Lending,GBP,2018-08-24T04:30:00Z,None,40.6K,40.3K,39.6K,false,false
,Core Durable Goods Orders m/m,USD,2018-08-24T08:30:00Z,High,0.5%,0.2%,0.2%,false,false
,Durable Goods Orders m/m,USD,2018-08-24T08:30:00Z,None,-0.7%,0.8%,-1.7%,false,false
,Belgian NBB Business Climate,EUR,2018-08-24T08:59:00Z,None,-0.5,-1.3,-0.3,false,false
,FOMC Member Powell Speaks,USD,2018-08-24T10:00:00Z,High,,,,false,false
,MPC Member Haldane Speaks,GBP,2018-08-24T12:55:00Z,None,,,,false,false
,BOC Gov Poloz Speaks,CAD,2018-08-24T16:15:00Z,High,,,,false,false
,Jackson Hole Symposium,All,2018-08-25T00:00:00Z,None,,,,false,false
,BOC Gov Poloz Speaks,CAD,2018-08-25T12:25:00Z,High,,,,false,false
,Bank Holiday,GBP,2018-08-27T00:00:00Z,None,,,,true,false
,German ifo Business Climate,EUR,2018-08-27T04:00:00Z,None,101.9,101.7,103.8,false,false
,President Trump Speaks,USD,2018-08-27T11:00:00Z,High,,,,false,false
,BOJ Core CPI y/y,JPY,2018-08-28T01:00:00Z,None,0.3%,0.4%,0.5%,false,false
,M3 Money Supply y/y,EUR,2018-08-28T04:00:00Z,None,4.3%,4.5%,4.0%,false,false
,Private Loans y/y,EUR,2018-08-28T04:00:00Z,None,3.0%,3.0%,3.0%,false,false
,Goods Trade Balance,USD,2018-08-28T08:30:00Z,None,-68.6B,-67.9B,-72.2B,false,false
,Prelim Wholesale Inventories m/m,USD,2018-08-28T08:30:00Z,None,0.1%,0.1%,0.7%,false,false
,S&P/CS Composite-20 HPI y/y,USD,2018-08-28T09:00:00Z,None,6.4%,6.5%,6.3%,false,false
,CB Consumer Confidence,USD,2018-08-28T10:00:00Z,None,126.6,127.9,133.4,false,false
,Richmond Manufacturing Index,USD,2018-08-28T10:00:00Z,None,18,20,24,false,false
,API Weekly Statistical Bulletin,USD,2018-08-28T16:30:00Z,None,,,,false,false
,BRC Shop Price Index y/y,GBP,2018-08-28T19:01:00Z,None,,-0.3%,0.1%,false,false
,Consumer Confidence,JPY,2018-08-29T01:00:00Z,None,43.4,43.5,43.3,false,false
,German GfK Consumer Climate,EUR,2018-08-29T02:00:00Z,None,10.6,10.6,10.5,false,false
,French Consumer Spending m/m,EUR,2018-08-29T02:45:00Z,None,0.3%,0.3%,0.1%,false,false
,French Prelim GDP q/q,EUR,2018-08-29T02:45:00Z,None,0.2%,0.2%,0.2%,false,false
,UBS Economic Expectations,CHF,2018-08-29T04:00:00Z,None,,-4.0,-14.3,false,false
,Current Account,CAD,2018-08-29T08:30:00Z,None,-15.3B,-17.5B,-15.9B,false,false
,Prelim GDP q/q,USD,2018-08-29T08:30:00Z,High,4.0%,4.1%,4.2%,false,false
,Prelim GDP Price Index q/q,USD,2018-08-29T08:30:00Z,None,3.0%,3.0%,3.0%,false,false
,Pending Home Sales m/m,USD,2018-08-29T10:00:00Z,None,0.3%,1.0%,-0.7%,false,false
,Crude Oil Inventories,USD,2018-08-29T10:30:00Z,High,-0.7M,-5.8M,-2.6M,false,false
,Building Consents m/m,NZD,2018-08-29T18:45:00Z,None,,-8.2%,-10.3%,false,false
,Retail Sales y/y,JPY,2018-08-29T19:50:00Z,None,1.3%,1.7%,1.5%,false,false
,ANZ Business Confidence,NZD,2018-08-29T21:00:00Z,High,,-44.9,-50.3,false,false
,Private Capital Expenditure q/q,AUD,2018-08-29T21:30:00Z,High,0.6%,1.2%,-2.5%,false,false
,Building Approvals m/m,AUD,2018-08-29T21:30:00Z,None,-2.2%,6.8%,-5.2%,false,false
,German Prelim CPI m/m,EUR,2018-08-30T00:00:00Z,None,0.1%,0.3%,0.1%,true,false
,German Import Prices m/m,EUR,2018-08-30T02:00:00Z,None,0.0%,0.5%,-0.2%,false,false
,KOF Economic Barometer,CHF,2018-08-30T03:00:00Z,None,101.2,101.7,100.3,false,false
,Spanish Flash CPI y/y,EUR,2018-08-30T03:00:00Z,None,2.2%,2.2%,2.2%,false,false
,German Unemployment Change,EUR,2018-08-30T03:55:00Z,None,-8K,-6K,-8K,false,false
,M4 Money Supply m/m,GBP,2018-08-30T04:30:00Z,None,0.2%,-0.3%,0.9%,false,false
,Mortgage Approvals,GBP,2018-08-30T04:30:00Z,None,65K,65K,65K,false,false
,Net Lending to Individuals m/m,GBP,2018-08-30T04:30:00Z,None,5.5B,5.4B,4.0B,false,false
,Italian 10-y Bond Auction,EUR,2018-08-30T05:23:00Z,None,,2.87|1.4,3.25|1.4,false,false
,GDP m/m,CAD,2018-08-30T08:30:00Z,High,0.1%,0.5%,0.0%,false,false
,Core PCE Price Index m/m,USD,2018-08-30T08:30:00Z,None,0.2%,0.1%,0.2%,false,false
,Personal Spending m/m,USD,2018-08-30T08:30:00Z,None,0.4%,0.4%,0.4%,false,false
,Personal Income m/m,USD,2018-08-30T08:30:00Z,None,0.3%,0.4%,0.3%,false,false
,Unemployment Claims,USD,2018-08-30T08:30:00Z,None,214K,210K,213K,false,false
,Natural Gas Storage,USD,2018-08-30T10:30:00Z,None,58B,48B,70B,false,false
,German Buba President Weidmann Speaks,EUR,2018-08-30T13:30:00Z,None,,,,false,false
,GfK Consumer Confidence,GBP,2018-08-30T19:01:00Z,None,-10,-10,-7,false,false
,Tokyo Core CPI y/y,JPY,2018-08-30T19:30:00Z,None,0.8%,0.8%,0.9%,false,false
,Unemployment Rate,JPY,2018-08-30T19:30:00Z,None,2.4%,2.4%,2.5%,false,false
,Prelim Industrial Production m/m,JPY,2018-08-30T19:50:00Z,None,0.3%,-1.8%,-0.1%,false,false
,Manufacturing PMI,CNY,2018-08-30T21:00:00Z,None,51.0,51.2,51.3,false,false
,Non-Manufacturing PMI,CNY,2018-08-30T21:00:00Z,None,53.8,54.0,54.2,false,false
,Private Sector Credit m/m,AUD,2018-08-30T21:30:00Z,None,0.3%,0.3%,0.4%,false,false
,HIA New Home Sales m/m,AUD,2018-08-31T00:00:00Z,None,,2.2%,-3.1%,false,false
,Housing Starts y/y,JPY,2018-08-31T01:00:00Z,None,-3.9%,-7.1%,-0.7%,false,false
,Nationwide HPI m/m,GBP,2018-08-31T01:59:00Z,None,0.1%,0.7%,-0.5%,false,false
,German Retail Sales m/m,EUR,2018-08-31T02:00:00Z,None,-0.1%,0.9%,-0.4%,false,false
,French Prelim CPI m/m,EUR,2018-08-31T02:45:00Z,None,0.5%,-0.1%,0.5%,false,false
,Italian Monthly Unemployment Rate,EUR,2018-08-31T04:00:00Z,None,10.8%,10.8%,10.4%,false,false
,Core CPI Flash Estimate y/y,EUR,2018-08-31T05:00:00Z,None,1.1%,1.1%,1.0%,false,false
,CPI Flash Estimate y/y,EUR,2018-08-31T05:00:00Z,None,2.1%,2.1%,2.0%,false,false
,Italian Prelim CPI m/m,EUR,2018-08-31T05:00:00Z,None,0.2%,0.3%,0.5%,false,false
,Unemployment Rate,EUR,2018-08-31T05:00:00Z,None,8.2%,8.2%,8.2%,false,false
,RMPI m/m,CAD,2018-08-31T08:30:00Z,None,0.0%,0.6%,0.7%,false,false
,IPPI m/m,CAD,2018-08-31T08:30:00Z,None,-0.3%,0.7%,-0.2%,false,false
,Chicago PMI,USD,2018-08-31T09:45:00Z,None,63.0,65.5,63.6,false,false
,Revised UoM Consumer Sentiment,USD,2018-08-31T10:00:00Z,None,95.5,95.3,96.2,false,false
,Revised UoM Inflation Expectations,USD,2018-08-31T10:00:00Z,None,,2.9%,3.0%,false,false
,AIG Manufacturing Index,AUD,2018-09-02T18:30:00Z,None,,52.0,56.7,false,false
,Overseas Trade Index q/q,NZD,2018-09-02T18:45:00Z,None,1.1%,-2.0%,0.6%,false,false
,Capital Spending q/y,JPY,2018-09-02T19:50:00Z,None,6.6%,3.4%,12.8%,false,false
,Final Manufacturing PMI,JPY,2018-09-02T20:30:00Z,None,52.5,52.5,52.5,false,false
,MI Inflation Gauge m/m,AUD,2018-09-02T21:00:00Z,None,,0.1%,0.1%,false,false
,Retail Sales m/m,AUD,2018-09-02T21:30:00Z,High,0.3%,0.4%,0.0%,false,false
,Company Operating Profits q/q,AUD,2018-09-02T21:30:00Z,None,1.4%,5.9%,2.0%,false,false
,ANZ Job Advertisements m/m,AUD,2018-09-02T21:30:00Z,None,,1.4%,-0.6%,false,false
,RatingDog Manufacturing PMI,CNY,2018-09-02T21:45:00Z,None,50.7,50.8,50.6,false,false
,Bank Holiday,CAD,2018-09-03T00:00:00Z,None,,,,true,false
,Bank Holiday,USD,2018-09-03T00:00:00Z,None,,,,true,false
,BOJ Gov Kuroda Speaks,JPY,2018-09-03T01:40:00Z,High,,,,false,false
,Commodity Prices y/y,AUD,2018-09-03T02:30:00Z,None,,7.5%,6.7%,false,false
,Retail Sales y/y,CHF,2018-09-03T03:15:00Z,None,1.2%,0.2%,-0.3%,false,false
,Spanish Manufacturing PMI,EUR,2018-09-03T03:15:00Z,None,52.5,52.9,53.0,false,false
,Manufacturing PMI,CHF,2018-09-03T03:30:00Z,None,61.0,61.9,64.8,false,false
,Italian Manufacturing PMI,EUR,2018-09-03T03:45:00Z,None,51.2,51.5,50.1,false,false
,French Final Manufacturing PMI,EUR,2018-09-03T03:50:00Z,None,53.7,53.7,53.5,false,false
,German Final Manufacturing PMI,EUR,2018-09-03T03:55:00Z,None,56.1,56.1,55.9,false,false
,Final Manufacturing PMI,EUR,2018-09-03T04:00:00Z,None,54.6,54.6,54.6,false,false
,Final Manufacturing PMI,GBP,2018-09-03T04:30:00Z,High,53.9,53.8,52.8,false,false
,German Buba President Weidmann Speaks,EUR,2018-09-03T13:15:00Z,None,,,,false,false
,BRC Retail Sales Monitor y/y,GBP,2018-09-03T19:01:00Z,None,1.2%,0.5%,0.2%,false,false
,Monetary Base y/y,JPY,2018-09-03T19:50:00Z,None,6.3%,7.0%,6.9%,false,false
,Current Account,AUD,2018-09-03T21:30:00Z,None,-11.1B,-11.7B,-13.5B,false,false
,Omdia Total Vehicle Sales,USD,2018-09-04T00:00:00Z,None,16.8M,16.7M,16.6M,true,false
,Total Vehicle Sales,USD,2018-09-04T00:00:00Z,None,16.7M,16.8M,16.7M,true,false
,RBA Rate Statement,AUD,2018-09-04T00:30:00Z,High,,,,false,false
,Cash Rate,AUD,2018-09-04T00:30:00Z,None,1.50%,1.50%,1.50%,false,false
,Spanish Unemployment Change,EUR,2018-09-04T03:00:00Z,None,35.2K,-27.1K,47.0K,false,false
,CPI m/m,CHF,2018-09-04T03:15:00Z,None,0.0%,-0.2%,0.0%,false,false
,Construction PMI,GBP,2018-09-04T04:30:00Z,None,54.9,55.8,52.9,false,false
,PPI m/m,EUR,2018-09-04T05:00:00Z,None,0.3%,0.4%,0.4%,false,false
,RBA Gov Lowe Speaks,AUD,2018-09-04T07:30:00Z,High,,,,false,false
,Monetary Policy Report Hearings,GBP,2018-09-04T08:15:00Z,High,,,,false,false
,Manufacturing PMI,CAD,2018-09-04T09:30:00Z,None,,56.9,56.8,false,false
,Final Manufacturing PMI,USD,2018-09-04T09:45:00Z,None,54.5,54.5,54.7,false,false
,ISM Manufacturing PMI,USD,2018-09-04T10:00:00Z,High,57.6,58.1,61.3,false,false
,Construction Spending m/m,USD,2018-09-04T10:00:00Z,None,0.5%,-0.8%,0.1%,false,false
,ISM Manufacturing Prices,USD,2018-09-04T10:00:00Z,None,74.0,73.2,72.1,false,false
,RCM/TIPP Economic Optimism,USD,2018-09-04T10:02:00Z,None,57.2,58.0,55.7,false,false
,GDT Price Index,NZD,2018-09-04T11:02:00Z,None,,-3.6%,-0.7%,false,false
,AIG Services Index,AUD,2018-09-04T18:30:00Z,None,,53.6,52.2,false,false
,ANZ Commodity Prices m/m,NZD,2018-09-04T21:00:00Z,None,,-3.3%,-1.1%,false,false
,GDP q/q,AUD,2018-09-04T21:30:00Z,High,0.7%,1.1%,0.9%,false,false
,RatingDog Services PMI,CNY,2018-09-04T21:45:00Z,None,52.7,52.8,51.5,false,false
,10-y Bond Auction,JPY,2018-09-04T23:35:00Z,None,,0.13|4.2,0.11|4.5,false,false
,Spanish Services PMI,EUR,2018-09-05T03:15:00Z,None,52.1,52.6,52.7,false,false
,Italian Services PMI,EUR,2018-09-05T03:45:00Z,None,53.2,54.0,52.6,false,false
,French Final Services PMI,EUR,2018-09-05T03:50:00Z,None,55.7,55.7,55.4,false,false
,German Final Services PMI,EUR,2018-09-05T03:55:00Z,None,55.2,55.2,55.0,false,false
,Final Services PMI,EUR,2018-09-05T04:00:00Z,None,54.4,54.4,54.4,false,false
,Final Services PMI,GBP,2018-09-05T04:30:00Z,High,53.9,53.5,54.3,false,false
,Retail Sales m/m,EUR,2018-09-05T05:00:00Z,None,-0.1%,0.3%,-0.2%,false,false
,Trade Balance,CAD,2018-09-05T08:30:00Z,High,-1.1B,-0.7B,-0.1B,false,false
,Labor Productivity q/q,CAD,2018-09-05T08:30:00Z,None,0.5%,-0.3%,0.7%,false,false
,Trade Balance,USD,2018-09-05T08:30:00Z,None,-50.2B,-45.7B,-50.1B,false,false
,BOC Rate Statement,CAD,2018-09-05T10:00:00Z,High,,,,false,false
,Overnight Rate,CAD,2018-09-05T10:00:00Z,High,1.50%,1.50%,1.50%,false,false
,API Weekly Statistical Bulletin,USD,2018-09-05T16:30:00Z,None,,,,false,false
,FOMC Member Bostic Speaks,USD,2018-09-05T18:30:00Z,None,,,,false,false
,Goods Trade Balance,AUD,2018-09-05T21:30:00Z,High,1.46B,1.94B,1.55B,false,false
,GDP q/q,CHF,2018-09-06T01:45:00Z,None,0.5%,1.0%,0.7%,false,false
,German Factory Orders m/m,EUR,2018-09-06T02:00:00Z,None,1.8%,-3.9%,-0.9%,false,false
,Spanish 10-y Bond Auction,EUR,2018-09-06T04:54:00Z,None,,1.42|1.5,1.43|1.4,false,false
,French 10-y Bond Auction,EUR,2018-09-06T05:04:00Z,None,,0.74|2.0,0.71|1.9,false,false
,Challenger Job Cuts y/y,USD,2018-09-06T07:30:00Z,None,,-4.2%,13.7%,false,false
,ADP Non-Farm Employment Change,USD,2018-09-06T08:15:00Z,High,195K,217K,163K,false,false
,Building Permits m/m,CAD,2018-09-06T08:30:00Z,None,1.1%,-1.3%,-0.1%,false,false
,Revised Nonfarm Productivity q/q,USD,2018-09-06T08:30:00Z,None,2.9%,2.9%,2.9%,false,false
,Revised Unit Labor Costs q/q,USD,2018-09-06T08:30:00Z,None,-0.9%,-0.9%,-1.0%,false,false
,Unemployment Claims,USD,2018-09-06T08:30:00Z,None,214K,213K,203K,false,false
,Final Services PMI,USD,2018-09-06T09:45:00Z,None,55.2,55.2,54.8,false,false
,ISM Services PMI,USD,2018-09-06T10:00:00Z,High,56.8,55.7,58.5,false,false
,FOMC Member Williams Speaks,USD,2018-09-06T10:00:00Z,None,,,,false,false
,Factory Orders m/m,USD,2018-09-06T10:00:00Z,None,-0.5%,0.6%,-0.8%,false,false
,Natural Gas Storage,USD,2018-09-06T10:30:00Z,None,60B,70B,63B,false,false
,Crude Oil Inventories,USD,2018-09-06T11:00:00Z,High,-2.2M,-2.6M,-4.3M,false,false
,Gov Board Member Zurbrugg Speaks,CHF,2018-09-06T12:30:00Z,None,,,,false,false
,Gov Council Member Wilkins Speaks,CAD,2018-09-06T14:30:00Z,None,,,,false,false
,RBNZ Gov Orr Speaks,NZD,2018-09-06T17:27:00Z,High,,,,false,false
,AIG Construction Index,AUD,2018-09-06T18:30:00Z,None,,52.0,51.8,false,false
,Household Spending y/y,JPY,2018-09-06T19:30:00Z,None,-0.9%,-1.2%,0.1%,false,false
,Average Cash Earnings y/y,JPY,2018-09-06T20:00:00Z,None,2.4%,3.3%,1.5%,false,false
,Home Loans m/m,AUD,2018-09-06T21:30:00Z,None,-0.1%,-1.1%,0.4%,false,false
,Eurogroup Meetings,EUR,2018-09-07T00:00:00Z,None,,,,true,false
,Leading Indicators,JPY,2018-09-07T01:00:00Z,None,103.5%,104.7%,103.5%,false,false
,Unemployment Rate,CHF,2018-09-07T01:45:00Z,None,2.6%,2.6%,2.6%,false,false
,German Industrial Production m/m,EUR,2018-09-07T02:00:00Z,None,0.2%,-0.7%,-1.1%,false,false
,German Trade Balance,EUR,2018-09-07T02:00:00Z,None,19.1B,19.3B,15.8B,false,false
,French Gov Budget Balance,EUR,2018-09-07T02:45:00Z,None,,-58.9B,-82.8B,false,false
,French Industrial Production m/m,EUR,2018-09-07T02:45:00Z,None,0.2%,0.7%,0.7%,false,false
,French Trade Balance,EUR,2018-09-07T02:45:00Z,None,-5.7B,-6.1B,-3.5B,false,false
,Foreign Currency Reserves,CHF,2018-09-07T03:00:00Z,None,,750B,731B,false,false
,Lloyds HPI m/m,GBP,2018-09-07T03:30:00Z,None,-0.1%,1.2%,0.1%,false,false
,Italian Retail Sales m/m,EUR,2018-09-07T04:00:00Z,None,0.2%,-0.1%,-0.1%,false,false
,Consumer Inflation Expectations,GBP,2018-09-07T04:30:00Z,None,,2.9%,3.0%,false,false
,Revised GDP q/q,EUR,2018-09-07T05:00:00Z,None,0.4%,0.4%,0.4%,false,false
,Employment Change,CAD,2018-09-07T08:30:00Z,High,5.1K,54.1K,-51.6K,false,false
,Unemployment Rate,CAD,2018-09-07T08:30:00Z,High,5.9%,5.8%,6.0%,false,false
,Average Hourly Earnings m/m,USD,2018-09-07T08:30:00Z,High,0.2%,0.3%,0.4%,false,false
,Non-Farm Employment Change,USD,2018-09-07T08:30:00Z,High,191K,147K,201K,false,false
,Unemployment Rate,USD,2018-09-07T08:30:00Z,High,3.8%,3.9%,3.9%,false,false
,Ivey PMI,CAD,2018-09-07T10:00:00Z,None,61.5,61.8,61.9,false,false
,Trade Balance,CNY,2018-09-07T23:02:00Z,None,183B,177B,180B,false,false
,ECOFIN Meetings,EUR,2018-09-08T00:00:00Z,None,,,,true,false
,USD-Denominated Trade Balance,CNY,2018-09-08T00:07:00Z,None,31.5B,28.1B,27.9B,false,false
,Manufacturing Sales q/q,NZD,2018-09-09T18:45:00Z,None,,0.7%,1.8%,false,false
,Bank Lending y/y,JPY,2018-09-09T19:50:00Z,None,2.0%,2.0%,2.2%,false,false
,Current Account,JPY,2018-09-09T19:50:00Z,None,1.56T,1.76T,1.48T,false,false
,Final GDP Price Index y/y,JPY,2018-09-09T19:50:00Z,None,0.1%,0.1%,0.1%,false,false
,Final GDP q/q,JPY,2018-09-09T19:50:00Z,None,0.7%,0.5%,0.7%,false,false
,CPI y/y,CNY,2018-09-09T21:30:00Z,None,2.1%,2.1%,2.3%,false,false
,PPI y/y,CNY,2018-09-09T21:30:00Z,None,4.1%,4.6%,4.1%,false,false
,RBA Gov Bullock Speaks,AUD,2018-09-09T23:05:00Z,None,,,,false,false
,Economy Watchers Sentiment,JPY,2018-09-10T01:02:00Z,None,47.2,46.6,48.7,false,false
,Sentix Investor Confidence,EUR,2018-09-10T04:30:00Z,None,13.8,14.7,12.0,false,false
,GDP m/m,GBP,2018-09-10T04:30:00Z,High,0.2%,0.1%,0.3%,false,false
,Manufacturing Production m/m,GBP,2018-09-10T04:30:00Z,High,0.2%,0.4%,-0.2%,false,false
,Goods Trade Balance,GBP,2018-09-10T04:30:00Z,None,-11.7B,-10.7B,-10.0B,false,false
,Construction Output m/m,GBP,2018-09-10T04:30:00Z,None,-0.4%,1.4%,0.5%,false,false
,Index of Services 3m/3m,GBP,2018-09-10T04:30:00Z,None,0.5%,0.5%,0.6%,false,false
,Industrial Production m/m,GBP,2018-09-10T04:30:00Z,None,0.2%,0.4%,0.1%,false,false
,NIESR GDP Estimate,GBP,2018-09-10T09:17:00Z,None,,0.6%,0.6%,false,false
,FOMC Member Bostic Speaks,USD,2018-09-10T12:15:00Z,None,,,,false,false
,Consumer Credit m/m,USD,2018-09-10T15:00:00Z,None,14.5B,8.5B,16.6B,false,false
,M2 Money Stock y/y,JPY,2018-09-10T19:50:00Z,None,3.0%,2.9%,2.9%,false,false
,NAB Business Confidence,AUD,2018-09-10T21:30:00Z,None,,7,4,false,false
,30-y Bond Auction,JPY,2018-09-11T00:00:00Z,None,,0.85|4.7,0.84|4.2,false,false
,Tertiary Industry Activity m/m,JPY,2018-09-11T00:30:00Z,None,0.1%,-0.6%,0.1%,false,false
,French Final Private Payrolls q/q,EUR,2018-09-11T01:30:00Z,None,0.2%,0.2%,0.1%,false,false
,Prelim Machine Tool Orders y/y,JPY,2018-09-11T01:58:00Z,None,,13.1%,5.3%,false,false
,Average Earnings Index 3m/y,GBP,2018-09-11T04:30:00Z,High,2.4%,2.4%,2.6%,false,false
,Claimant Count Change,GBP,2018-09-11T04:30:00Z,None,6.9K,10.2K,8.7K,false,false
,Unemployment Rate,GBP,2018-09-11T04:30:00Z,None,4.0%,4.0%,4.0%,false,false
,German ZEW Economic Sentiment,EUR,2018-09-11T05:00:00Z,None,-13.5,-13.7,-10.6,false,false
,Final Employment Change q/q,EUR,2018-09-11T05:00:00Z,None,0.4%,0.4%,0.4%,false,false
,ZEW Economic Sentiment,EUR,2018-09-11T05:00:00Z,None,-10.9,-11.1,-7.2,false,false
,30-y Bond Auction,GBP,2018-09-11T05:37:00Z,None,,1.94|2.1,1.83|1.8,false,false
,NFIB Small Business Index,USD,2018-09-11T05:51:00Z,None,108.1,107.9,108.8,false,false
,Housing Starts,CAD,2018-09-11T08:13:00Z,None,213K,206K,201K,false,false
,Final Wholesale Inventories m/m,USD,2018-09-11T10:00:00Z,None,0.7%,0.7%,0.6%,false,false
,JOLTS Job Openings,USD,2018-09-11T10:00:00Z,None,6.68M,6.82M,6.94M,false,false
,API Weekly Statistical Bulletin,USD,2018-09-11T16:30:00Z,None,,,,false,false
,BSI Manufacturing Index,JPY,2018-09-11T19:50:00Z,None,8.0,-3.2,6.5,false,false
,Westpac Consumer Sentiment,AUD,2018-09-11T20:30:00Z,None,,-2.3%,-3.0%,false,false
,Italian Industrial Production m/m,EUR,2018-09-12T04:00:00Z,None,-0.4%,0.3%,-1.8%,false,false
,M2 Money Supply y/y,CNY,2018-09-12T05:00:00Z,None,8.6%,8.5%,8.2%,false,false
,New Loans,CNY,2018-09-12T05:00:00Z,None,1350B,1450B,1280B,false,false
,Industrial Production m/m,EUR,2018-09-12T05:00:00Z,None,-0.5%,-0.8%,-0.8%,false,false
,Italian Quarterly Unemployment Rate,EUR,2018-09-12T05:00:00Z,None,10.8%,11.0%,10.7%,false,false
,German 30-y Bond Auction,EUR,2018-09-12T05:35:00Z,None,,0.94|1.6,1.10|2.0,false,false
,Capacity Utilization Rate,CAD,2018-09-12T08:30:00Z,None,86.9%,83.7%,85.5%,false,false
,PPI m/m,USD,2018-09-12T08:30:00Z,High,0.2%,0.0%,-0.1%,false,false
,Core PPI m/m,USD,2018-09-12T08:30:00Z,None,0.2%,0.1%,-0.1%,false,false
,Crude Oil Inventories,USD,2018-09-12T10:30:00Z,High,-1.3M,-4.3M,-5.3M,false,false
,FOMC Member Brainard Speaks,USD,2018-09-12T12:45:00Z,None,,,,false,false
,10-y Bond Auction,USD,2018-09-12T13:01:00Z,None,,2.96|2.5,2.96|2.6,false,false
,Beige Book,USD,2018-09-12T14:00:00Z,None,,,,false,false
,FPI m/m,NZD,2018-09-12T18:45:00Z,None,,0.7%,-0.5%,false,false
,RICS House Price Balance,GBP,2018-09-12T19:01:00Z,None,2%,4%,2%,false,false
,Core Machinery Orders m/m,JPY,2018-09-12T19:50:00Z,None,5.6%,-8.8%,11.0%,false,false
,PPI y/y,JPY,2018-09-12T19:50:00Z,None,3.1%,3.0%,3.0%,false,false
,MI Inflation Expectations,AUD,2018-09-12T21:00:00Z,None,,4.0%,4.0%,false,false
,Employment Change,AUD,2018-09-12T21:30:00Z,High,16.5K,-4.3K,44.0K,false,false
,Unemployment Rate,AUD,2018-09-12T21:30:00Z,High,5.3%,5.3%,5.3%,false,false
,German Final CPI m/m,EUR,2018-09-13T02:00:00Z,None,0.1%,0.1%,0.1%,false,false
,French Final CPI m/m,EUR,2018-09-13T02:45:00Z,None,0.5%,0.5%,0.5%,false,false
,Foreign Direct Investment ytd/y,CNY,2018-09-13T03:00:00Z,None,,2.3%,2.3%,false,false
,PPI m/m,CHF,2018-09-13T03:15:00Z,None,0.0%,0.1%,0.0%,false,false
,Monetary Policy Summary,GBP,2018-09-13T07:00:00Z,High,,,,false,false
,MPC Official Bank Rate Votes,GBP,2018-09-13T07:00:00Z,High,0-0-9,9-0-0,0-0-9,false,false
,Official Bank Rate,GBP,2018-09-13T07:00:00Z,None,0.75%,0.75%,0.75%,false,false
,Asset Purchase Facility,GBP,2018-09-13T07:00:00Z,None,435B,435B,435B,false,false
,MPC Asset Purchase Facility Votes,GBP,2018-09-13T07:00:00Z,None,0-0-9,0-0-9,0-0-9,false,false
,Main Refinancing Rate,EUR,2018-09-13T07:45:00Z,High,0.00%,0.00%,0.00%,false,false
,Monetary Policy Statement,EUR,2018-09-13T07:45:00Z,High,,,,false,false
,NHPI m/m,CAD,2018-09-13T08:30:00Z,None,0.1%,0.1%,0.1%,false,false
,ECB Press Conference,EUR,2018-09-13T08:30:00Z,High,,,,false,false
,Core CPI m/m,USD,2018-09-13T08:30:00Z,High,0.2%,0.2%,0.1%,false,false
,Core CPI y/y,USD,2018-09-13T08:30:00Z,High,2.2%,2.4%,2.2%,false,false
,CPI m/m,USD,2018-09-13T08:30:00Z,High,0.3%,0.2%,0.2%,false,false
,CPI y/y,USD,2018-09-13T08:30:00Z,High,2.8%,2.9%,2.7%,false,false
,Unemployment Claims,USD,2018-09-13T08:30:00Z,None,210K,205K,204K,false,false
,Natural Gas Storage,USD,2018-09-13T10:30:00Z,None,65B,63B,69B,false,false
,FOMC Member Bostic Speaks,USD,2018-09-13T13:00:00Z,None,,,,false,false
,30-y Bond Auction,USD,2018-09-13T13:01:00Z,None,,3.09|2.3,3.09|2.3,false,false
,Federal Budget Balance,USD,2018-09-13T14:00:00Z,None,-169.8B,-76.9B,-214.1B,false,false
,BusinessNZ Manufacturing Index,NZD,2018-09-13T18:30:00Z,None,,51.2,52.0,false,false
,Fixed Asset Investment ytd/y,CNY,2018-09-13T22:00:00Z,None,5.5%,5.5%,5.3%,false,false
,Industrial Production y/y,CNY,2018-09-13T22:00:00Z,None,6.0%,6.0%,6.1%,false,false
,Retail Sales y/y,CNY,2018-09-13T22:00:00Z,None,8.8%,8.8%,9.0%,false,false
,Unemployment Rate,CNY,2018-09-13T22:00:00Z,None,,5.1%,5.0%,false,false
,Revised Industrial Production m/m,JPY,2018-09-14T00:30:00Z,None,-0.1%,-0.1%,-0.2%,false,false
,Trade Balance,EUR,2018-09-14T05:00:00Z,None,16.3B,16.5B,12.8B,false,false
,BOE Gov Carney Speaks,GBP,2018-09-14T06:00:00Z,High,,,,false,false
,Core Retail Sales m/m,USD,2018-09-14T08:30:00Z,High,0.5%,0.9%,0.3%,false,false
,Retail Sales m/m,USD,2018-09-14T08:30:00Z,High,0.4%,0.7%,0.1%,false,false
,Import Prices m/m,USD,2018-09-14T08:30:00Z,None,-0.2%,-0.1%,-0.6%,false,false
,Capacity Utilization Rate,USD,2018-09-14T09:15:00Z,None,78.3%,77.9%,78.1%,false,false
,Industrial Production m/m,USD,2018-09-14T09:15:00Z,None,0.3%,0.4%,0.4%,false,false
,Prelim UoM Consumer Sentiment,USD,2018-09-14T10:00:00Z,None,96.7,96.2,100.8,false,false
,Business Inventories m/m,USD,2018-09-14T10:00:00Z,None,0.5%,0.1%,0.6%,false,false
,Prelim UoM Inflation Expectations,USD,2018-09-14T10:00:00Z,None,,3.0%,2.8%,false,false
,New Home Prices m/m,CNY,2018-09-14T21:30:00Z,None,,1.21%,1.49%,false,false
,Bank Holiday,JPY,2018-09-16T00:00:00Z,None,,,,true,false
,BusinessNZ Services Index,NZD,2018-09-16T18:30:00Z,None,,54.8,53.2,false,false
,Rightmove HPI m/m,GBP,2018-09-16T19:01:00Z,None,,-2.3%,0.7%,false,false
,Italian Trade Balance,EUR,2018-09-17T04:00:00Z,None,4.82B,5.17B,5.68B,false,false
,Final CPI y/y,EUR,2018-09-17T05:00:00Z,None,2.0%,2.0%,2.0%,false,false
,Final Core CPI y/y,EUR,2018-09-17T05:00:00Z,None,1.0%,1.0%,1.0%,false,false
,German Buba Monthly Report,EUR,2018-09-17T06:00:00Z,None,,,,false,false
,Foreign Securities Purchases,CAD,2018-09-17T08:30:00Z,None,4.35B,10.30B,12.65B,false,false
,Empire State Manufacturing Index,USD,2018-09-17T08:30:00Z,None,23.2,25.6,19.0,false,false
,CB Leading Index m/m,GBP,2018-09-17T09:30:00Z,None,,-0.2%,-0.2%,false,false
,CB Leading Index m/m,AUD,2018-09-17T10:30:00Z,None,,0.1%,0.1%,false,false
,Monetary Policy Meeting Minutes,AUD,2018-09-17T21:30:00Z,High,,,,false,false
,HPI q/q,AUD,2018-09-17T21:30:00Z,None,-0.7%,-0.7%,-0.7%,false,false
,ECB President Draghi Speaks,EUR,2018-09-18T03:15:00Z,High,,,,false,false
,Manufacturing Sales m/m,CAD,2018-09-18T08:30:00Z,None,1.0%,1.3%,0.9%,false,false
,NAHB Housing Market Index,USD,2018-09-18T10:00:00Z,None,66,67,67,false,false
,GDT Price Index,NZD,2018-09-18T10:31:00Z,None,,-0.7%,-1.3%,false,false
,TIC Long-Term Purchases,USD,2018-09-18T16:00:00Z,None,65.1B,-36.5B,74.8B,false,false
,API Weekly Statistical Bulletin,USD,2018-09-18T16:30:00Z,None,,,,false,false
,Westpac Consumer Sentiment,NZD,2018-09-18T17:00:00Z,None,,108.6,103.5,false,false
,Current Account,NZD,2018-09-18T18:45:00Z,None,-1.23B,0.09B,-1.62B,false,false
,Trade Balance,JPY,2018-09-18T19:50:00Z,None,-0.14T,-0.10T,-0.19T,false,false
,MI Leading Index m/m,AUD,2018-09-18T20:30:00Z,None,,0.0%,0.1%,false,false
,RBA Assist Gov Kent Speaks,AUD,2018-09-18T21:30:00Z,None,,,,false,false
,Monetary Policy Statement,JPY,2018-09-18T22:47:00Z,High,,,,false,false
,BOJ Policy Rate,JPY,2018-09-18T22:47:00Z,None,-0.10%,-0.10%,-0.10%,false,false
,SECO Economic Forecasts,CHF,2018-09-19T01:45:00Z,None,,,,false,false
,BOJ Press Conference,JPY,2018-09-19T02:30:00Z,High,,,,false,false
,Current Account,EUR,2018-09-19T04:00:00Z,None,22.4B,23.8B,21.3B,false,false
,MPC Member Haldane Speaks,GBP,2018-09-19T04:00:00Z,None,,,,false,false
,CPI y/y,GBP,2018-09-19T04:30:00Z,High,2.4%,2.5%,2.7%,false,false
,PPI Input m/m,GBP,2018-09-19T04:30:00Z,None,0.4%,0.0%,0.5%,false,false
,RPI y/y,GBP,2018-09-19T04:30:00Z,None,3.2%,3.2%,3.5%,false,false
,Core CPI y/y,GBP,2018-09-19T04:30:00Z,None,1.8%,1.9%,2.1%,false,false
,HPI y/y,GBP,2018-09-19T04:30:00Z,None,2.8%,3.2%,3.1%,false,false
,PPI Output m/m,GBP,2018-09-19T04:30:00Z,None,0.2%,0.0%,0.2%,false,false
,German 10-y Bond Auction,EUR,2018-09-19T05:34:00Z,None,,0.33|1.2,0.49|2.5,false,false
,Building Permits,USD,2018-09-19T08:30:00Z,None,1.31M,1.30M,1.23M,false,false
,Housing Starts,USD,2018-09-19T08:30:00Z,None,1.24M,1.17M,1.28M,false,false
,Current Account,USD,2018-09-19T08:30:00Z,None,-104B,-122B,-101B,false,false
,ECB President Draghi Speaks,EUR,2018-09-19T09:00:00Z,High,,,,false,false
,Crude Oil Inventories,USD,2018-09-19T10:30:00Z,High,-2.7M,-5.3M,-2.1M,false,false
,GDP q/q,NZD,2018-09-19T18:45:00Z,High,0.8%,0.5%,1.0%,false,false
,RBA Annual Report,AUD,2018-09-19T21:00:00Z,None,,,,false,false
,RBA Bulletin,AUD,2018-09-19T21:30:00Z,None,,,,false,false
,Trade Balance,CHF,2018-09-20T02:00:00Z,None,2.41B,2.21B,2.13B,false,false
,SNB Monetary Policy Assessment,CHF,2018-09-20T03:30:00Z,High,,,,false,false
,Libor Rate,CHF,2018-09-20T03:30:00Z,None,-0.75%,-0.75%,-0.75%,false,false
,Retail Sales m/m,GBP,2018-09-20T04:30:00Z,High,-0.2%,0.9%,0.3%,false,false
,Spanish 10-y Bond Auction,EUR,2018-09-20T04:50:00Z,None,,1.43|1.4,1.49|1.5,false,false
,10-y Bond Auction,GBP,2018-09-20T05:35:00Z,None,,1.46|2.2,1.60|1.9,false,false
,ADP Non-Farm Employment Change,CAD,2018-09-20T08:30:00Z,None,,35.5K,13.6K,false,false
,Philly Fed Manufacturing Index,USD,2018-09-20T08:30:00Z,None,17.5,11.9,22.9,false,false
,Unemployment Claims,USD,2018-09-20T08:30:00Z,None,210K,204K,201K,false,false
,Consumer Confidence,EUR,2018-09-20T09:57:00Z,None,-2,-2,-3,false,false
,CB Leading Index m/m,USD,2018-09-20T10:00:00Z,None,0.5%,0.7%,0.4%,false,false
,Existing Home Sales,USD,2018-09-20T10:00:00Z,None,5.36M,5.34M,5.34M,false,false
,Natural Gas Storage,USD,2018-09-20T10:30:00Z,None,81B,69B,86B,false,false
,German Buba President Weidmann Speaks,EUR,2018-09-20T11:15:00Z,None,,,,false,false
,Visitor Arrivals m/m,NZD,2018-09-20T18:49:00Z,None,,0.7%,2.8%,false,false
,National Core CPI y/y,JPY,2018-09-20T19:30:00Z,None,0.9%,0.8%,0.9%,false,false
,Flash Manufacturing PMI,JPY,2018-09-20T20:30:00Z,None,53.1,52.5,52.9,false,false
,Credit Card Spending y/y,NZD,2018-09-20T23:00:00Z,None,,3.3%,7.7%,false,false
,All Industries Activity m/m,JPY,2018-09-21T00:30:00Z,None,0.2%,-0.9%,0.0%,false,false
,French Flash Manufacturing PMI,EUR,2018-09-21T03:15:00Z,None,53.3,53.5,52.5,false,false
,French Flash Services PMI,EUR,2018-09-21T03:15:00Z,None,55.2,55.4,54.3,false,false
,German Flash Manufacturing PMI,EUR,2018-09-21T03:30:00Z,None,55.7,55.9,53.7,false,false
,German Flash Services PMI,EUR,2018-09-21T03:30:00Z,None,55.1,55.0,56.5,false,false
,Flash Manufacturing PMI,EUR,2018-09-21T04:00:00Z,None,54.4,54.6,53.3,false,false
,Flash Services PMI,EUR,2018-09-21T04:00:00Z,None,54.5,54.4,54.7,false,false
,Public Sector Net Borrowing,GBP,2018-09-21T04:30:00Z,None,2.9B,-3.9B,5.9B,false,false
,Core Retail Sales m/m,CAD,2018-09-21T08:30:00Z,High,0.6%,0.1%,0.9%,false,false
,CPI m/m,CAD,2018-09-21T08:30:00Z,High,-0.1%,0.5%,-0.1%,false,false
,Common CPI y/y,CAD,2018-09-21T08:30:00Z,None,,1.9%,2.0%,false,false
,Median CPI y/y,CAD,2018-09-21T08:30:00Z,None,,2.0%,2.1%,false,false
,Retail Sales m/m,CAD,2018-09-21T08:30:00Z,None,0.3%,-0.1%,0.3%,false,false
,Trimmed CPI y/y,CAD,2018-09-21T08:30:00Z,None,,2.1%,2.2%,false,false
,Core CPI m/m,CAD,2018-09-21T08:30:00Z,None,,0.2%,0.1%,false,false
,Prime Minister May Speaks,GBP,2018-09-21T09:03:00Z,High,,,,false,false
,Flash Manufacturing PMI,USD,2018-09-21T09:45:00Z,None,55.1,54.7,55.6,false,false
,Flash Services PMI,USD,2018-09-21T09:45:00Z,None,54.9,54.8,52.9,false,false
,OPEC-JMMC Meetings,All,2018-09-23T00:00:00Z,None,,,,true,false
,Bank Holiday,JPY,2018-09-23T00:00:00Z,None,,,,true,false
,Bank Holiday,CNY,2018-09-23T00:00:00Z,None,,,,true,false
,German ifo Business Climate,EUR,2018-09-24T04:00:00Z,None,103.2,103.9,103.7,false,false
,CBI Industrial Order Expectations,GBP,2018-09-24T06:00:00Z,None,5,7,-1,false,false
,Wholesale Sales m/m,CAD,2018-09-24T08:30:00Z,None,0.4%,-0.9%,1.5%,false,false
,Belgian NBB Business Climate,EUR,2018-09-24T08:58:00Z,None,-0.5,-0.3,1.2,false,false
,ECB President Draghi Speaks,EUR,2018-09-24T09:00:00Z,High,,,,false,false
,Monetary Policy Meeting Minutes,JPY,2018-09-24T19:50:00Z,None,,,,false,false
,SPPI y/y,JPY,2018-09-24T19:50:00Z,None,1.1%,1.1%,1.3%,false,false
,BOJ Gov Kuroda Speaks,JPY,2018-09-25T01:35:00Z,High,,,,false,false
,German WPI m/m,EUR,2018-09-25T02:00:00Z,None,0.2%,0.1%,0.3%,false,false
,MPC Member Vlieghe Speaks,GBP,2018-09-25T04:40:00Z,None,,,,false,false
,HPI m/m,USD,2018-09-25T09:00:00Z,None,0.2%,0.3%,0.2%,false,false
,S&P/CS Composite-20 HPI y/y,USD,2018-09-25T09:00:00Z,None,6.2%,6.4%,5.9%,false,false
,CB Consumer Confidence,USD,2018-09-25T10:00:00Z,High,132.2,134.7,138.4,false,false
,Richmond Manufacturing Index,USD,2018-09-25T10:00:00Z,None,22,24,29,false,false
,API Weekly Statistical Bulletin,USD,2018-09-25T16:30:00Z,None,,,,false,false
,Trade Balance,NZD,2018-09-25T18:45:00Z,None,-930M,-196M,-1484M,false,false
,ANZ Business Confidence,NZD,2018-09-25T21:00:00Z,High,,-50.3,-38.3,false,false
,BOJ Core CPI y/y,JPY,2018-09-26T01:00:00Z,None,0.6%,0.5%,0.5%,false,false
,UBS Economic Expectations,CHF,2018-09-26T04:00:00Z,None,,-14.3,-30.8,false,false
,High Street Lending,GBP,2018-09-26T04:30:00Z,None,39.7K,39.6K,39.4K,false,false
,CBI Realized Sales,GBP,2018-09-26T06:00:00Z,None,18,29,23,false,false
,SNB Quarterly Bulletin,CHF,2018-09-26T09:00:00Z,None,,,,false,false
,CB Leading Index m/m,CNY,2018-09-26T09:00:00Z,None,,1.6%,0.7%,false,false
,New Home Sales,USD,2018-09-26T10:00:00Z,None,630K,608K,629K,false,false
,Crude Oil Inventories,USD,2018-09-26T10:30:00Z,High,-0.7M,-2.1M,1.9M,false,false
,Federal Funds Rate,USD,2018-09-26T14:00:00Z,High,2.25%,2.00%,2.25%,false,false
,FOMC Economic Projections,USD,2018-09-26T14:00:00Z,High,,,,false,false
,FOMC Statement,USD,2018-09-26T14:00:00Z,High,,,,false,false
,FOMC Press Conference,USD,2018-09-26T14:30:00Z,High,,,,false,false
,Official Cash Rate,NZD,2018-09-26T17:00:00Z,High,1.75%,1.75%,1.75%,false,false
,RBNZ Rate Statement,NZD,2018-09-26T17:00:00Z,High,,,,false,false
,German Prelim CPI m/m,EUR,2018-09-27T00:00:00Z,None,0.1%,0.1%,0.4%,true,false
,German GfK Consumer Climate,EUR,2018-09-27T02:00:00Z,None,10.6,10.5,10.6,false,false
,M3 Money Supply y/y,EUR,2018-09-27T04:00:00Z,None,3.8%,4.0%,3.5%,false,false
,ECB Economic Bulletin,EUR,2018-09-27T04:00:00Z,None,,,,false,false
,Private Loans y/y,EUR,2018-09-27T04:00:00Z,None,3.1%,3.0%,3.1%,false,false
,Italian 10-y Bond Auction,EUR,2018-09-27T05:23:00Z,None,,3.25|1.4,2.90|1.4,false,false
,Core Durable Goods Orders m/m,USD,2018-09-27T08:30:00Z,High,0.4%,0.1%,0.1%,false,false
,Final GDP q/q,USD,2018-09-27T08:30:00Z,High,4.2%,4.2%,4.2%,false,false
,Durable Goods Orders m/m,USD,2018-09-27T08:30:00Z,None,1.9%,-1.2%,4.5%,false,false
,Final GDP Price Index q/q,USD,2018-09-27T08:30:00Z,None,3.0%,3.0%,3.0%,false,false
,Goods Trade Balance,USD,2018-09-27T08:30:00Z,None,-70.6B,-72.0B,-75.8B,false,false
,Prelim Wholesale Inventories m/m,USD,2018-09-27T08:30:00Z,None,0.3%,0.6%,0.8%,false,false
,Unemployment Claims,USD,2018-09-27T08:30:00Z,None,208K,202K,214K,false,false
,ECB President Draghi Speaks,EUR,2018-09-27T09:30:00Z,High,,,,false,false
,BOE Gov Carney Speaks,GBP,2018-09-27T10:00:00Z,High,,,,false,false
,Pending Home Sales m/m,USD,2018-09-27T10:00:00Z,None,-0.2%,-0.8%,-1.8%,false,false
,Natural Gas Storage,USD,2018-09-27T10:30:00Z,None,64B,86B,46B,false,false
,FOMC Member Powell Speaks,USD,2018-09-27T16:30:00Z,High,,,,false,false
,BOC Gov Poloz Speaks,CAD,2018-09-27T17:45:00Z,High,,,,false,false
,Building Consents m/m,NZD,2018-09-27T18:45:00Z,None,,-10.8%,7.8%,false,false
,GfK Consumer Confidence,GBP,2018-09-27T19:01:00Z,None,-8,-7,-9,false,false
,Tokyo Core CPI y/y,JPY,2018-09-27T19:30:00Z,None,0.9%,0.9%,1.0%,false,false
,Unemployment Rate,JPY,2018-09-27T19:30:00Z,None,2.5%,2.5%,2.4%,false,false
,BOJ Summary of Opinions,JPY,2018-09-27T19:50:00Z,None,,,,false,false
,Prelim Industrial Production m/m,JPY,2018-09-27T19:50:00Z,None,1.5%,-0.2%,0.7%,false,false
,Retail Sales y/y,JPY,2018-09-27T19:50:00Z,None,2.2%,1.5%,2.7%,false,false
,Private Sector Credit m/m,AUD,2018-09-27T21:30:00Z,None,0.4%,0.4%,0.5%,false,false
,Housing Starts y/y,JPY,2018-09-28T01:00:00Z,None,0.4%,-0.7%,1.6%,false,false
,French Consumer Spending m/m,EUR,2018-09-28T02:45:00Z,None,0.3%,0.0%,0.8%,false,false
,French Prelim CPI m/m,EUR,2018-09-28T02:45:00Z,None,-0.1%,0.5%,-0.2%,false,false
,KOF Economic Barometer,CHF,2018-09-28T03:00:00Z,None,100.1,98.9,102.2,false,false
,Spanish Flash CPI y/y,EUR,2018-09-28T03:00:00Z,None,2.2%,2.2%,2.2%,false,false
,German Unemployment Change,EUR,2018-09-28T03:55:00Z,None,-9K,-10K,-23K,false,false
,Current Account,GBP,2018-09-28T04:30:00Z,High,-19.4B,-15.7B,-20.3B,false,false
,Final GDP q/q,GBP,2018-09-28T04:30:00Z,None,0.4%,0.4%,0.4%,false,false
,Revised Business Investment q/q,GBP,2018-09-28T04:30:00Z,None,0.5%,0.5%,-0.7%,false,false
,Core CPI Flash Estimate y/y,EUR,2018-09-28T05:00:00Z,None,1.1%,1.0%,0.9%,false,false
,CPI Flash Estimate y/y,EUR,2018-09-28T05:00:00Z,None,2.1%,2.0%,2.1%,false,false
,Italian Prelim CPI m/m,EUR,2018-09-28T05:00:00Z,None,-0.2%,0.4%,-0.4%,false,false
,Personal Spending m/m,USD,2018-09-28T08:30:00Z,None,0.3%,0.4%,0.3%,false,false
,RMPI m/m,CAD,2018-09-28T08:30:00Z,None,0.8%,0.7%,-4.6%,false,false
,IPPI m/m,CAD,2018-09-28T08:30:00Z,None,0.6%,-0.2%,-0.5%,false,false
,Core PCE Price Index m/m,USD,2018-09-28T08:30:00Z,None,0.1%,0.2%,0.0%,false,false
,GDP m/m,CAD,2018-09-28T08:30:00Z,High,0.1%,0.0%,0.2%,false,false
,Personal Income m/m,USD,2018-09-28T08:30:00Z,None,0.4%,0.3%,0.3%,false,false
,MPC Member Ramsden Speaks,GBP,2018-09-28T09:20:00Z,None,,,,false,false
,Chicago PMI,USD,2018-09-28T09:45:00Z,None,62.3,63.6,60.4,false,false
,Revised UoM Consumer Sentiment,USD,2018-09-28T10:00:00Z,None,100.5,100.8,100.1,false,false
,Revised UoM Inflation Expectations,USD,2018-09-28T10:00:00Z,None,,2.8%,2.7%,false,false
,Daylight Saving Time Shift,NZD,2018-09-29T10:00:00Z,None,,,,false,false
,Manufacturing PMI,CNY,2018-09-29T21:00:00Z,None,51.2,51.3,50.8,false,false
,Non-Manufacturing PMI,CNY,2018-09-29T21:00:00Z,None,54.1,54.2,54.9,false,false
,RatingDog Manufacturing PMI,CNY,2018-09-29T21:45:00Z,None,50.5,50.6,50.0,false,false
,Bank Holiday,AUD,2018-09-30T00:00:00Z,None,,,,true,false
,Bank Holiday,CNY,2018-09-30T00:00:00Z,None,,,,true,false
,AIG Manufacturing Index,AUD,2018-09-30T18:30:00Z,None,,56.7,59.0,false,false
,Tankan Manufacturing Index,JPY,2018-09-30T19:50:00Z,None,22,21,19,false,false
,Tankan Non-Manufacturing Index,JPY,2018-09-30T19:50:00Z,None,23,24,22,false,false
,Final Manufacturing PMI,JPY,2018-09-30T20:30:00Z,None,52.9,52.9,52.5,false,false
,MI Inflation Gauge m/m,AUD,2018-09-30T21:00:00Z,None,,0.1%,0.3%,false,false
,Eurogroup Meetings,EUR,2018-10-01T00:00:00Z,None,,,,true,false
,Bank Holiday,CNY,2018-10-01T00:00:00Z,None,,,,true,false
,German Retail Sales m/m,EUR,2018-10-01T02:00:00Z,None,0.4%,-1.1%,-0.1%,false,false
,Spanish Manufacturing PMI,EUR,2018-10-01T03:15:00Z,None,52.7,53.0,51.4,false,false
,Retail Sales y/y,CHF,2018-10-01T03:15:00Z,None,0.4%,-0.9%,0.4%,false,false
,Manufacturing PMI,CHF,2018-10-01T03:30:00Z,None,62.6,64.8,59.7,false,false
,Italian Manufacturing PMI,EUR,2018-10-01T03:45:00Z,None,50.3,50.1,50.0,false,false
,French Final Manufacturing PMI,EUR,2018-10-01T03:50:00Z,None,52.5,52.5,52.5,false,false
,German Final Manufacturing PMI,EUR,2018-10-01T03:55:00Z,None,53.7,53.7,53.7,false,false
,Final Manufacturing PMI,EUR,2018-10-01T04:00:00Z,None,53.3,53.3,53.2,false,false
,Italian Monthly Unemployment Rate,EUR,2018-10-01T04:00:00Z,None,10.5%,10.2%,9.7%,false,false
,Final Manufacturing PMI,GBP,2018-10-01T04:30:00Z,High,52.6,53.0,53.8,false,false
,Mortgage Approvals,GBP,2018-10-01T04:30:00Z,None,65K,65K,66K,false,false
,M4 Money Supply m/m,GBP,2018-10-01T04:30:00Z,None,0.6%,0.9%,0.2%,false,false
,Net Lending to Individuals m/m,GBP,2018-10-01T04:30:00Z,None,4.8B,3.8B,4.0B,false,false
,Unemployment Rate,EUR,2018-10-01T05:00:00Z,None,8.1%,8.2%,8.1%,false,false
,FOMC Member Bostic Speaks,USD,2018-10-01T09:00:00Z,None,,,,false,false
,Manufacturing PMI,CAD,2018-10-01T09:30:00Z,None,,56.8,54.8,false,false
,Final Manufacturing PMI,USD,2018-10-01T09:45:00Z,None,55.6,55.6,55.6,false,false
,ISM Manufacturing PMI,USD,2018-10-01T10:00:00Z,High,60.1,61.3,59.8,false,false
,Construction Spending m/m,USD,2018-10-01T10:00:00Z,None,0.5%,0.2%,0.1%,false,false
,ISM Manufacturing Prices,USD,2018-10-01T10:00:00Z,None,72.0,72.1,66.9,false,false
,President Trump Speaks,USD,2018-10-01T11:00:00Z,High,,,,false,false
,Gov Council Member Lane Speaks,CAD,2018-10-01T13:00:00Z,None,,,,false,false
,NZIER Business Confidence,NZD,2018-10-01T17:00:00Z,None,,-20,-30,false,false
,Monetary Base y/y,JPY,2018-10-01T19:50:00Z,None,7.1%,6.9%,5.9%,false,false
,10-y Bond Auction,JPY,2018-10-01T23:35:00Z,None,,0.11|4.5,0.14|4.2,false,false
,Bank Holiday,CNY,2018-10-02T00:00:00Z,None,,,,true,false
,Total Vehicle Sales,USD,2018-10-02T00:00:00Z,None,16.8M,16.7M,17.4M,true,false
,Omdia Total Vehicle Sales,USD,2018-10-02T00:00:00Z,None,16.8M,16.6M,17.4M,true,false
,ECOFIN Meetings,EUR,2018-10-02T00:00:00Z,None,,,,true,false
,Cash Rate,AUD,2018-10-02T00:30:00Z,None,1.50%,1.50%,1.50%,false,false
,RBA Rate Statement,AUD,2018-10-02T00:30:00Z,High,,,,false,false
,Consumer Confidence,JPY,2018-10-02T01:00:00Z,None,43.0,43.3,43.4,false,false
,Nationwide HPI m/m,GBP,2018-10-02T01:57:00Z,None,0.2%,-0.5%,0.3%,false,false
,Commodity Prices y/y,AUD,2018-10-02T02:30:00Z,None,,6.6%,4.8%,false,false
,Spanish Unemployment Change,EUR,2018-10-02T03:00:00Z,None,28.2K,47.0K,20.4K,false,false
,Construction PMI,GBP,2018-10-02T04:30:00Z,None,52.8,52.9,52.1,false,false
,PPI m/m,EUR,2018-10-02T05:00:00Z,None,0.2%,0.7%,0.3%,false,false
,FOMC Member Quarles Speaks,USD,2018-10-02T10:00:00Z,None,,,,false,false
,GDT Price Index,NZD,2018-10-02T10:50:00Z,None,,-1.3%,-1.9%,false,false
,FOMC Member Powell Speaks,USD,2018-10-02T12:45:00Z,High,,,,false,false
,API Weekly Statistical Bulletin,USD,2018-10-02T16:30:00Z,None,,,,false,false
,AIG Services Index,AUD,2018-10-02T18:30:00Z,None,,52.2,52.5,false,false
,BRC Shop Price Index y/y,GBP,2018-10-02T19:01:00Z,None,,0.1%,0.2%,false,false
,ANZ Commodity Prices m/m,NZD,2018-10-02T20:00:00Z,None,,-1.1%,-1.8%,false,false
,Building Approvals m/m,AUD,2018-10-02T21:30:00Z,None,1.0%,-4.6%,-9.4%,false,false
,Bank Holiday,CNY,2018-10-03T00:00:00Z,None,,,,true,false
,German Bank Holiday,EUR,2018-10-03T00:00:00Z,None,,,,true,false
,Spanish Services PMI,EUR,2018-10-03T03:15:00Z,None,52.9,52.7,52.5,false,false
,Italian Services PMI,EUR,2018-10-03T03:45:00Z,None,52.8,52.6,53.3,false,false
,French Final Services PMI,EUR,2018-10-03T03:50:00Z,None,54.3,54.3,54.8,false,false
,German Final Services PMI,EUR,2018-10-03T03:55:00Z,None,56.5,56.5,55.9,false,false
,Final Services PMI,EUR,2018-10-03T04:00:00Z,None,54.7,54.7,54.7,false,false
,Final Services PMI,GBP,2018-10-03T04:30:00Z,High,54.0,54.3,53.9,false,false
,Retail Sales m/m,EUR,2018-10-03T05:00:00Z,None,0.2%,-0.6%,-0.2%,false,false
,FOMC Member Barkin Speaks,USD,2018-10-03T08:05:00Z,None,,,,false,false
,ADP Non-Farm Employment Change,USD,2018-10-03T08:15:00Z,None,185K,168K,230K,false,false
,Final Services PMI,USD,2018-10-03T09:45:00Z,None,52.9,52.9,53.5,false,false
,ISM Services PMI,USD,2018-10-03T10:00:00Z,High,58.0,58.5,61.6,false,false
,Crude Oil Inventories,USD,2018-10-03T10:30:00Z,None,1.1M,1.9M,8.0M,false,false
,FOMC Member Brainard Speaks,USD,2018-10-03T14:00:00Z,None,,,,false,false
,FOMC Member Mester Speaks,USD,2018-10-03T14:15:00Z,None,,,,false,false
,FOMC Member Powell Speaks,USD,2018-10-03T16:00:00Z,High,,,,false,false
,HIA New Home Sales m/m,AUD,2018-10-03T21:15:00Z,None,,-3.1%,-2.9%,false,false
,Goods Trade Balance,AUD,2018-10-03T21:30:00Z,None,1.43B,1.55B,1.60B,false,false
,Bank Holiday,CNY,2018-10-04T00:00:00Z,None,,,,true,false
,Spanish 10-y Bond Auction,EUR,2018-10-04T04:46:00Z,None,,1.49|1.5,1.54|2.4,false,false
,French 10-y Bond Auction,EUR,2018-10-04T05:02:00Z,None,,0.71|1.9,0.86|1.6,false,false
,Challenger Job Cuts y/y,USD,2018-10-04T07:30:00Z,None,,13.7%,70.9%,false,false
,Housing Equity Withdrawal q/q,GBP,2018-10-04T08:00:00Z,None,-6.5B,-7.1B,-6.3B,false,false
,Unemployment Claims,USD,2018-10-04T08:30:00Z,None,214K,215K,207K,false,false
,FOMC Member Quarles Speaks,USD,2018-10-04T09:15:00Z,None,,,,false,false
,Ivey PMI,CAD,2018-10-04T10:00:00Z,None,62.3,61.9,50.4,false,false
,Factory Orders m/m,USD,2018-10-04T10:00:00Z,None,2.2%,-0.5%,2.3%,false,false
,Natural Gas Storage,USD,2018-10-04T10:30:00Z,None,47B,46B,98B,false,false
,AIG Construction Index,AUD,2018-10-04T18:30:00Z,None,,51.8,49.3,false,false
,Household Spending y/y,JPY,2018-10-04T19:30:00Z,None,0.0%,0.1%,2.8%,false,false
,Average Cash Earnings y/y,JPY,2018-10-04T20:00:00Z,None,1.3%,1.6%,0.9%,false,false
,Retail Sales m/m,AUD,2018-10-04T21:30:00Z,High,0.3%,0.0%,0.3%,false,false
,Leading Indicators,JPY,2018-10-05T01:00:00Z,None,104.3%,103.9%,104.4%,false,false
,German Factory Orders m/m,EUR,2018-10-05T02:00:00Z,None,0.7%,-0.9%,2.0%,false,false
,German PPI m/m,EUR,2018-10-05T02:00:00Z,None,0.2%,0.2%,0.3%,false,false
,French Gov Budget Balance,EUR,2018-10-05T02:45:00Z,None,,-82.8B,-97.3B,false,false
,French Trade Balance,EUR,2018-10-05T02:45:00Z,None,-4.5B,-3.4B,-5.6B,false,false
,Foreign Currency Reserves,CHF,2018-10-05T03:00:00Z,None,,731B,740B,false,false
,CPI m/m,CHF,2018-10-05T03:15:00Z,None,0.2%,0.0%,0.1%,false,false
,Lloyds HPI m/m,GBP,2018-10-05T03:30:00Z,None,0.2%,-0.2%,-1.4%,false,false
,Italian Retail Sales m/m,EUR,2018-10-05T04:00:00Z,None,0.2%,0.0%,0.7%,false,false
,Employment Change,CAD,2018-10-05T08:30:00Z,High,25.0K,-51.6K,63.3K,false,false
,Unemployment Rate,CAD,2018-10-05T08:30:00Z,High,5.9%,6.0%,5.9%,false,false
,Trade Balance,CAD,2018-10-05T08:30:00Z,None,-0.5B,-0.2B,0.5B,false,false
,Average Hourly Earnings m/m,USD,2018-10-05T08:30:00Z,High,0.3%,0.3%,0.3%,false,false
,Non-Farm Employment Change,USD,2018-10-05T08:30:00Z,High,185K,270K,134K,false,false
,Unemployment Rate,USD,2018-10-05T08:30:00Z,High,3.8%,3.9%,3.7%,false,false
,Trade Balance,USD,2018-10-05T08:30:00Z,None,-53.4B,-50.0B,-53.2B,false,false
,FOMC Member Bostic Speaks,USD,2018-10-05T12:40:00Z,None,,,,false,false
,Consumer Credit m/m,USD,2018-10-05T15:00:00Z,None,14.9B,16.6B,20.1B,false,false
,Daylight Saving Time Shift,AUD,2018-10-06T12:00:00Z,None,,,,false,false
,Bank Holiday,JPY,2018-10-07T00:00:00Z,None,,,,true,false
,ANZ Job Advertisements m/m,AUD,2018-10-07T20:30:00Z,None,,-0.7%,-0.8%,false,false
,RatingDog Services PMI,CNY,2018-10-07T21:45:00Z,None,51.4,51.5,53.1,false,false
,Bank Holiday,CAD,2018-10-08T00:00:00Z,None,,,,true,false
,Bank Holiday,USD,2018-10-08T00:00:00Z,None,,,,true,false
,Unemployment Rate,CHF,2018-10-08T01:45:00Z,None,2.5%,2.6%,2.5%,false,false
,German Industrial Production m/m,EUR,2018-10-08T02:00:00Z,None,0.4%,-1.3%,-0.3%,false,false
,Sentix Investor Confidence,EUR,2018-10-08T04:30:00Z,None,11.4,12.0,11.4,false,false
,BRC Retail Sales Monitor y/y,GBP,2018-10-08T19:01:00Z,None,0.3%,0.2%,-0.2%,false,false
,Current Account,JPY,2018-10-08T19:50:00Z,None,1.52T,1.48T,1.43T,false,false
,NAB Business Confidence,AUD,2018-10-08T20:30:00Z,None,,5,6,false,false
,Economy Watchers Sentiment,JPY,2018-10-09T01:00:00Z,None,47.3,48.7,48.6,false,false
,German Trade Balance,EUR,2018-10-09T02:00:00Z,None,15.9B,15.9B,18.3B,false,false
,FPC Statement,GBP,2018-10-09T04:30:00Z,None,,,,false,false
,NFIB Small Business Index,USD,2018-10-09T05:40:00Z,None,108.9,108.8,107.9,false,false
,Housing Starts,CAD,2018-10-09T08:13:00Z,None,203K,199K,189K,false,false
,RCM/TIPP Economic Optimism,USD,2018-10-09T10:05:00Z,None,54.6,55.7,57.8,false,false
,MPC Member Broadbent Speaks,GBP,2018-10-09T10:35:00Z,None,,,,false,false
,Gov Council Member Wilkins Speaks,CAD,2018-10-09T14:00:00Z,None,,,,false,false
,Westpac Consumer Sentiment,AUD,2018-10-09T19:30:00Z,None,,-3.0%,1.0%,false,false
,Core Machinery Orders m/m,JPY,2018-10-09T19:50:00Z,None,-3.9%,11.0%,6.8%,false,false
,FOMC Member Williams Speaks,USD,2018-10-09T21:10:00Z,None,,,,false,false
,G20 Meetings,All,2018-10-10T00:00:00Z,None,,,,false,false
,Prelim Machine Tool Orders y/y,JPY,2018-10-10T01:59:00Z,None,,5.1%,2.8%,false,false
,French Industrial Production m/m,EUR,2018-10-10T02:45:00Z,None,0.1%,0.8%,0.3%,false,false
,Italian Industrial Production m/m,EUR,2018-10-10T04:00:00Z,None,0.7%,-1.6%,1.7%,false,false
,Index of Services 3m/3m,GBP,2018-10-10T04:30:00Z,None,0.6%,0.7%,0.5%,false,false
,Construction Output m/m,GBP,2018-10-10T04:30:00Z,None,-0.4%,0.5%,-0.7%,false,false
,Goods Trade Balance,GBP,2018-10-10T04:30:00Z,None,-10.9B,-10.4B,-11.2B,false,false
,GDP m/m,GBP,2018-10-10T04:30:00Z,High,0.1%,0.4%,0.0%,false,false
,Industrial Production m/m,GBP,2018-10-10T04:30:00Z,None,0.1%,0.4%,0.2%,false,false
,Manufacturing Production m/m,GBP,2018-10-10T04:30:00Z,High,0.1%,0.0%,-0.2%,false,false
,MPC Member Haldane Speaks,GBP,2018-10-10T05:00:00Z,None,,,,false,false
,German 10-y Bond Auction,EUR,2018-10-10T05:33:00Z,None,,0.49|2.5,0.55|1.1,false,false
,Core PPI m/m,USD,2018-10-10T08:30:00Z,None,0.2%,-0.1%,0.2%,false,false
,PPI m/m,USD,2018-10-10T08:30:00Z,High,0.2%,-0.1%,0.2%,false,false
,Building Permits m/m,CAD,2018-10-10T08:30:00Z,None,0.5%,-1.5%,0.4%,false,false
,NIESR GDP Estimate,GBP,2018-10-10T09:10:00Z,None,,0.7%,0.7%,false,false
,Final Wholesale Inventories m/m,USD,2018-10-10T10:00:00Z,None,0.8%,0.8%,1.0%,false,false
,10-y Bond Auction,USD,2018-10-10T13:01:00Z,None,,2.96|2.6,3.23|2.4,false,false
,API Weekly Statistical Bulletin,USD,2018-10-10T16:30:00Z,None,,,,false,false
,FPI m/m,NZD,2018-10-10T17:45:00Z,None,,-0.5%,-0.1%,false,false
,FOMC Member Bostic Speaks,USD,2018-10-10T18:00:00Z,None,,,,false,false
,RBA Assist Gov Ellis Speaks,AUD,2018-10-10T18:30:00Z,None,,,,false,false
,RICS House Price Balance,GBP,2018-10-10T19:01:00Z,None,2%,1%,-2%,false,false
,Bank Lending y/y,JPY,2018-10-10T19:50:00Z,None,2.1%,2.2%,2.3%,false,false
,PPI y/y,JPY,2018-10-10T19:50:00Z,None,2.9%,3.0%,3.0%,false,false
,MI Inflation Expectations,AUD,2018-10-10T20:00:00Z,None,,4.0%,4.0%,false,false
,30-y Bond Auction,JPY,2018-10-10T23:35:00Z,None,,0.84|4.2,0.90|3.9,false,false
,G20 Meetings,All,2018-10-11T00:00:00Z,None,,,,false,false
,BOE Gov Carney Speaks,GBP,2018-10-11T01:00:00Z,High,,,,false,false
,French Final CPI m/m,EUR,2018-10-11T02:45:00Z,None,-0.2%,-0.2%,-0.2%,false,false
,BOE Credit Conditions Survey,GBP,2018-10-11T04:30:00Z,None,,,,false,false
,BOE Gov Carney Speaks,GBP,2018-10-11T05:00:00Z,High,,,,false,false
,MPC Member Vlieghe Speaks,GBP,2018-10-11T06:45:00Z,None,,,,false,false
,ECB Monetary Policy Meeting Accounts,EUR,2018-10-11T07:30:00Z,None,,,,false,false
,CPI y/y,USD,2018-10-11T08:30:00Z,High,2.4%,2.7%,2.3%,false,false
,CPI m/m,USD,2018-10-11T08:30:00Z,High,0.2%,0.2%,0.1%,false,false
,Core CPI y/y,USD,2018-10-11T08:30:00Z,High,2.2%,2.2%,2.2%,false,false
,Core CPI m/m,USD,2018-10-11T08:30:00Z,High,0.2%,0.1%,0.1%,false,false
,NHPI m/m,CAD,2018-10-11T08:30:00Z,None,0.1%,0.1%,0.0%,false,false
,Unemployment Claims,USD,2018-10-11T08:30:00Z,None,207K,207K,214K,false,false
,Natural Gas Storage,USD,2018-10-11T10:30:00Z,None,87B,98B,90B,false,false
,Crude Oil Inventories,USD,2018-10-11T11:00:00Z,None,2.3M,8.0M,6.0M,false,false
,30-y Bond Auction,USD,2018-10-11T13:01:00Z,None,,3.09|2.3,3.34|2.4,false,false
,BusinessNZ Manufacturing Index,NZD,2018-10-11T17:30:00Z,None,,52.0,51.7,false,false
,M2 Money Stock y/y,JPY,2018-10-11T19:50:00Z,None,2.9%,2.9%,2.8%,false,false
,RBA Financial Stability Review,AUD,2018-10-11T20:30:00Z,None,,,,false,false
,Home Loans m/m,AUD,2018-10-11T20:30:00Z,None,-0.9%,0.0%,-2.1%,false,false
,Trade Balance,CNY,2018-10-11T22:54:00Z,None,85B,180B,213B,false,false
,USD-Denominated Trade Balance,CNY,2018-10-11T22:55:00Z,None,19.3B,27.9B,31.7B,false,false
,IMF Meetings,All,2018-10-12T00:00:00Z,None,,,,false,false
,Tertiary Industry Activity m/m,JPY,2018-10-12T00:30:00Z,None,0.3%,-0.1%,0.5%,false,false
,German Final CPI m/m,EUR,2018-10-12T02:00:00Z,None,0.4%,0.4%,0.4%,false,false
,Industrial Production m/m,EUR,2018-10-12T05:00:00Z,None,0.4%,-0.7%,1.0%,false,false
,Import Prices m/m,USD,2018-10-12T08:30:00Z,None,0.3%,-0.4%,0.5%,false,false
,Prelim UoM Inflation Expectations,USD,2018-10-12T10:00:00Z,None,,2.7%,2.8%,false,false
,Prelim UoM Consumer Sentiment,USD,2018-10-12T10:00:00Z,None,100.4,100.1,99.0,false,false
,FOMC Member Bostic Speaks,USD,2018-10-12T12:30:00Z,None,,,,false,false
,FOMC Member Quarles Speaks,USD,2018-10-12T22:30:00Z,None,,,,false,false
,IMF Meetings,All,2018-10-13T00:00:00Z,None,,,,false,false
,ECB President Draghi Speaks,EUR,2018-10-13T01:45:00Z,High,,,,false,false
,IMF Meetings,All,2018-10-14T00:00:00Z,None,,,,false,false
,BusinessNZ Services Index,NZD,2018-10-14T17:30:00Z,None,,53.3,53.9,false,false
,Rightmove HPI m/m,GBP,2018-10-14T19:01:00Z,None,,0.7%,1.0%,false,false
,Revised Industrial Production m/m,JPY,2018-10-15T00:30:00Z,None,0.7%,0.7%,0.2%,false,false
,PPI m/m,CHF,2018-10-15T03:15:00Z,None,0.1%,0.0%,-0.2%,false,false
,Core Retail Sales m/m,USD,2018-10-15T08:30:00Z,High,0.4%,0.2%,-0.1%,false,false
,Retail Sales m/m,USD,2018-10-15T08:30:00Z,High,0.7%,0.1%,0.1%,false,false
,Empire State Manufacturing Index,USD,2018-10-15T08:30:00Z,None,20.4,19.0,21.1,false,false
,Business Inventories m/m,USD,2018-10-15T10:00:00Z,None,0.5%,0.7%,0.5%,false,false
,BOC Business Outlook Survey,CAD,2018-10-15T10:30:00Z,High,,,,false,false
,Prime Minister May Speaks,GBP,2018-10-15T10:34:00Z,High,,,,false,false
,Federal Budget Balance,USD,2018-10-15T14:00:00Z,None,71.0B,-214.1B,119.1B,false,false
,CPI q/q,NZD,2018-10-15T17:45:00Z,High,0.7%,0.4%,0.9%,false,false
,Monetary Policy Meeting Minutes,AUD,2018-10-15T20:30:00Z,None,,,,false,false
,CPI y/y,CNY,2018-10-15T21:30:00Z,None,2.5%,2.3%,2.5%,false,false
,PPI y/y,CNY,2018-10-15T21:30:00Z,None,3.7%,4.1%,3.6%,false,false
,German Import Prices m/m,EUR,2018-10-16T02:00:00Z,None,0.1%,-0.2%,0.0%,false,false
,Average Earnings Index 3m/y,GBP,2018-10-16T04:30:00Z,High,2.6%,2.6%,2.7%,false,false
,Unemployment Rate,GBP,2018-10-16T04:30:00Z,None,4.0%,4.0%,4.0%,false,false
,Claimant Count Change,GBP,2018-10-16T04:30:00Z,None,4.5K,14.2K,18.5K,false,false
,Trade Balance,EUR,2018-10-16T05:00:00Z,None,15.0B,12.6B,16.6B,false,false
,ZEW Economic Sentiment,EUR,2018-10-16T05:00:00Z,None,-9.2,-7.2,-19.4,false,false
,German ZEW Economic Sentiment,EUR,2018-10-16T05:00:00Z,None,-12.3,-10.6,-24.7,false,false
,Italian Trade Balance,EUR,2018-10-16T06:04:00Z,None,4.34B,5.66B,2.56B,false,false
,Foreign Securities Purchases,CAD,2018-10-16T08:30:00Z,None,10.05B,15.29B,2.82B,false,false
,Capacity Utilization Rate,USD,2018-10-16T09:15:00Z,None,78.2%,78.1%,78.1%,false,false
,Industrial Production m/m,USD,2018-10-16T09:15:00Z,None,0.2%,0.4%,0.3%,false,false
,JOLTS Job Openings,USD,2018-10-16T10:00:00Z,None,6.90M,7.08M,7.14M,false,false
,NAHB Housing Market Index,USD,2018-10-16T10:00:00Z,None,68,67,68,false,false
,GDT Price Index,NZD,2018-10-16T10:39:00Z,None,,-1.9%,-0.3%,false,false
,TIC Long-Term Purchases,USD,2018-10-16T16:00:00Z,None,50.3B,66.7B,131.8B,false,false
,FOMC Member Daly Speaks,USD,2018-10-16T16:15:00Z,None,,,,false,false
,API Weekly Statistical Bulletin,USD,2018-10-16T16:30:00Z,None,,,,false,false
,RBA Deputy Gov Debelle Speaks,AUD,2018-10-16T17:20:00Z,None,,,,false,false
,MI Leading Index m/m,AUD,2018-10-16T19:30:00Z,None,,0.0%,-0.1%,false,false
,EU Economic Summit,EUR,2018-10-17T00:00:00Z,High,,,,false,false
,M2 Money Supply y/y,CNY,2018-10-17T04:02:00Z,None,8.2%,8.2%,8.3%,false,false
,New Loans,CNY,2018-10-17T04:02:00Z,None,1355B,1280B,1380B,false,false
,CPI y/y,GBP,2018-10-17T04:30:00Z,High,2.6%,2.7%,2.4%,false,false
,PPI Input m/m,GBP,2018-10-17T04:30:00Z,None,0.9%,1.2%,1.3%,false,false
,RPI y/y,GBP,2018-10-17T04:30:00Z,None,3.5%,3.5%,3.3%,false,false
,Core CPI y/y,GBP,2018-10-17T04:30:00Z,None,2.0%,2.1%,1.9%,false,false
,FPC Meeting Minutes,GBP,2018-10-17T04:30:00Z,None,,,,false,false
,HPI y/y,GBP,2018-10-17T04:30:00Z,None,2.9%,3.4%,3.2%,false,false
,PPI Output m/m,GBP,2018-10-17T04:30:00Z,None,0.2%,0.2%,0.4%,false,false
,Final Core CPI y/y,EUR,2018-10-17T05:00:00Z,None,0.9%,0.9%,0.9%,false,false
,Final CPI y/y,EUR,2018-10-17T05:00:00Z,None,2.1%,2.1%,2.1%,false,false
,German 30-y Bond Auction,EUR,2018-10-17T05:35:00Z,None,,1.10|2.0,1.04|1.4,false,false
,Manufacturing Sales m/m,CAD,2018-10-17T08:30:00Z,None,-0.6%,1.2%,-0.4%,false,false
,Building Permits,USD,2018-10-17T08:30:00Z,None,1.27M,1.25M,1.24M,false,false
,Housing Starts,USD,2018-10-17T08:30:00Z,None,1.22M,1.27M,1.20M,false,false
,MPC Member Cunliffe Speaks,GBP,2018-10-17T09:15:00Z,None,,,,false,false
,CB Leading Index m/m,GBP,2018-10-17T09:30:00Z,None,,0.0%,-0.2%,false,false
,Crude Oil Inventories,USD,2018-10-17T10:30:00Z,None,1.6M,6.0M,6.5M,false,false
,FOMC Member Brainard Speaks,USD,2018-10-17T12:10:00Z,None,,,,false,false
,German Buba President Weidmann Speaks,EUR,2018-10-17T12:30:00Z,None,,,,false,false
,MPC Member Broadbent Speaks,GBP,2018-10-17T13:00:00Z,None,,,,false,false
,FOMC Meeting Minutes,USD,2018-10-17T14:00:00Z,High,,,,false,false
,Treasury Currency Report,USD,2018-10-17T17:00:00Z,None,,,,false,false
,Trade Balance,JPY,2018-10-17T19:50:00Z,None,-0.34T,-0.19T,-0.24T,false,false
,Employment Change,AUD,2018-10-17T20:30:00Z,High,15.2K,44.6K,5.6K,false,false
,Unemployment Rate,AUD,2018-10-17T20:30:00Z,High,5.3%,5.3%,5.0%,false,false
,NAB Quarterly Business Confidence,AUD,2018-10-17T20:30:00Z,None,,7,3,false,false
,BOJ Gov Kuroda Speaks,JPY,2018-10-17T20:30:00Z,High,,,,false,false
,EU Economic Summit,EUR,2018-10-18T00:00:00Z,High,,,,false,false
,Trade Balance,CHF,2018-10-18T02:00:00Z,None,2.45B,2.08B,2.43B,false,false
,German WPI m/m,EUR,2018-10-18T02:00:00Z,None,0.4%,0.3%,0.4%,false,false
,Foreign Direct Investment ytd/y,CNY,2018-10-18T03:00:00Z,None,,2.3%,2.9%,false,false
,Retail Sales m/m,GBP,2018-10-18T04:30:00Z,High,-0.4%,0.4%,-0.8%,false,false
,Spanish 10-y Bond Auction,EUR,2018-10-18T04:45:00Z,None,,1.54|2.4,1.64|2.1,false,false
,ADP Non-Farm Employment Change,CAD,2018-10-18T08:30:00Z,None,,42.7K,28.8K,false,false
,Philly Fed Manufacturing Index,USD,2018-10-18T08:30:00Z,None,19.7,22.9,22.2,false,false
,Unemployment Claims,USD,2018-10-18T08:30:00Z,None,211K,215K,210K,false,false
,CB Leading Index m/m,USD,2018-10-18T10:00:00Z,None,0.5%,0.4%,0.5%,false,false
,Natural Gas Storage,USD,2018-10-18T10:30:00Z,None,85B,90B,81B,false,false
,FOMC Member Quarles Speaks,USD,2018-10-18T12:15:00Z,None,,,,false,false
,Visitor Arrivals m/m,NZD,2018-10-18T17:45:00Z,None,,2.8%,-1.9%,false,false
,National Core CPI y/y,JPY,2018-10-18T19:30:00Z,None,1.0%,0.9%,1.0%,false,false
,GDP q/y,CNY,2018-10-18T22:00:00Z,High,6.6%,6.7%,6.5%,false,false
,Fixed Asset Investment ytd/y,CNY,2018-10-18T22:00:00Z,None,5.3%,5.3%,5.4%,false,false
,Industrial Production y/y,CNY,2018-10-18T22:00:00Z,None,6.0%,6.1%,5.8%,false,false
,NBS Press Conference,CNY,2018-10-18T22:00:00Z,None,,,,false,false
,Retail Sales y/y,CNY,2018-10-18T22:00:00Z,None,9.0%,9.0%,9.2%,false,false
,Unemployment Rate,CNY,2018-10-18T22:00:00Z,None,,5.0%,4.9%,false,false
,Credit Card Spending y/y,NZD,2018-10-18T22:00:00Z,None,,7.8%,7.8%,false,false
,BOJ Gov Kuroda Speaks,JPY,2018-10-19T02:30:00Z,High,,,,false,false
,Current Account,EUR,2018-10-19T04:00:00Z,None,21.4B,19.5B,23.9B,false,false
,Public Sector Net Borrowing,GBP,2018-10-19T04:30:00Z,None,4.6B,4.8B,3.3B,false,false
,Core Retail Sales m/m,CAD,2018-10-19T08:30:00Z,High,0.1%,0.8%,-0.4%,false,false
,CPI m/m,CAD,2018-10-19T08:30:00Z,High,0.1%,-0.1%,-0.4%,false,false
,Common CPI y/y,CAD,2018-10-19T08:30:00Z,None,,2.0%,1.9%,false,false
,Median CPI y/y,CAD,2018-10-19T08:30:00Z,None,,2.1%,2.0%,false,false
,Retail Sales m/m,CAD,2018-10-19T08:30:00Z,None,0.3%,0.2%,-0.1%,false,false
,Trimmed CPI y/y,CAD,2018-10-19T08:30:00Z,None,,2.2%,2.1%,false,false
,Core CPI m/m,CAD,2018-10-19T08:30:00Z,None,,0.1%,0.0%,false,false
,Existing Home Sales,USD,2018-10-19T10:00:00Z,None,5.29M,5.33M,5.15M,false,false
,FOMC Member Bostic Speaks,USD,2018-10-19T12:00:00Z,None,,,,false,false
,BOE Gov Carney Speaks,GBP,2018-10-19T12:10:00Z,High,,,,false,false
,New Home Prices m/m,CNY,2018-10-19T21:30:00Z,None,,1.49%,1.00%,false,false
,FOMC Member Bostic Speaks,USD,2018-10-20T12:00:00Z,None,,,,false,false
,Bank Holiday,NZD,2018-10-21T00:00:00Z,None,,,,true,false
,RBA Deputy Gov Debelle Speaks,AUD,2018-10-21T22:00:00Z,None,,,,false,false
,All Industries Activity m/m,JPY,2018-10-22T00:30:00Z,None,0.4%,-0.2%,0.5%,false,false
,German Buba Monthly Report,EUR,2018-10-22T06:00:00Z,None,,,,false,false
,Wholesale Sales m/m,CAD,2018-10-22T08:30:00Z,None,0.1%,1.1%,-0.1%,false,false
,CB Leading Index m/m,AUD,2018-10-22T10:30:00Z,None,,0.1%,0.2%,false,false
,RBA Deputy Gov Debelle Speaks,AUD,2018-10-22T18:35:00Z,None,,,,false,false
,RBA Gov Bullock Speaks,AUD,2018-10-22T23:00:00Z,None,,,,false,false
,RBA Deputy Gov Debelle Speaks,AUD,2018-10-23T00:30:00Z,None,,,,false,false
,BOJ Core CPI y/y,JPY,2018-10-23T01:00:00Z,None,0.5%,0.5%,0.5%,false,false
,German PPI m/m,EUR,2018-10-23T02:00:00Z,None,0.3%,0.3%,0.5%,false,false
,CBI Industrial Order Expectations,GBP,2018-10-23T06:00:00Z,None,-1,-1,-6,false,false
,MPC Member Haldane Speaks,GBP,2018-10-23T06:30:00Z,None,,,,false,false
,Consumer Confidence,EUR,2018-10-23T10:00:00Z,None,-3,-3,-3,false,false
,Richmond Manufacturing Index,USD,2018-10-23T10:00:00Z,None,25,29,15,false,false
,BOE Gov Carney Speaks,GBP,2018-10-23T11:20:00Z,High,,,,false,false
,FOMC Member Bostic Speaks,USD,2018-10-23T13:30:00Z,None,,,,false,false
,API Weekly Statistical Bulletin,USD,2018-10-23T16:30:00Z,None,,,,false,false
,Flash Manufacturing PMI,AUD,2018-10-23T19:00:00Z,None,,54.0,54.3,false,false
,Flash Services PMI,AUD,2018-10-23T19:00:00Z,None,,52.2,50.8,false,false
,Flash Manufacturing PMI,JPY,2018-10-23T20:30:00Z,None,52.6,52.5,53.1,false,false
,French Flash Manufacturing PMI,EUR,2018-10-24T03:15:00Z,None,52.4,52.5,51.2,false,false
,French Flash Services PMI,EUR,2018-10-24T03:15:00Z,None,54.7,54.8,55.6,false,false
,German Flash Manufacturing PMI,EUR,2018-10-24T03:30:00Z,None,53.4,53.7,52.3,false,false
,German Flash Services PMI,EUR,2018-10-24T03:30:00Z,None,55.5,55.9,53.6,false,false
,Flash Manufacturing PMI,EUR,2018-10-24T04:00:00Z,None,53.0,53.2,52.1,false,false
,Flash Services PMI,EUR,2018-10-24T04:00:00Z,None,54.5,54.7,53.3,false,false
,M3 Money Supply y/y,EUR,2018-10-24T04:00:00Z,None,3.5%,3.4%,3.5%,false,false
,Private Loans y/y,EUR,2018-10-24T04:00:00Z,None,3.2%,3.1%,3.1%,false,false
,High Street Lending,GBP,2018-10-24T04:30:00Z,None,39.0K,39.2K,38.5K,false,false
,Belgian NBB Business Climate,EUR,2018-10-24T09:00:00Z,None,0.5,1.2,-1.1,false,false
,HPI m/m,USD,2018-10-24T09:00:00Z,None,0.3%,0.4%,0.3%,false,false
,Flash Services PMI,USD,2018-10-24T09:45:00Z,None,54.1,53.5,54.7,false,false
,Flash Manufacturing PMI,USD,2018-10-24T09:45:00Z,None,55.4,55.6,55.9,false,false
,BOC Monetary Policy Report,CAD,2018-10-24T10:00:00Z,High,,,,false,false
,BOC Rate Statement,CAD,2018-10-24T10:00:00Z,High,,,,false,false
,Overnight Rate,CAD,2018-10-24T10:00:00Z,High,1.75%,1.50%,1.75%,false,false
,New Home Sales,USD,2018-10-24T10:00:00Z,None,627K,585K,553K,false,false
,Crude Oil Inventories,USD,2018-10-24T10:30:00Z,None,3.6M,6.5M,6.3M,false,false
,BOC Press Conference,CAD,2018-10-24T11:15:00Z,High,,,,false,false
,FOMC Member Bostic Speaks,USD,2018-10-24T13:00:00Z,None,,,,false,false
,FOMC Member Mester Speaks,USD,2018-10-24T13:10:00Z,None,,,,false,false
,Beige Book,USD,2018-10-24T14:00:00Z,None,,,,false,false
,Trade Balance,NZD,2018-10-24T17:45:00Z,None,-1365M,-1470M,-1560M,false,false
,FOMC Member Brainard Speaks,USD,2018-10-24T19:00:00Z,None,,,,false,false
,SPPI y/y,JPY,2018-10-24T19:50:00Z,None,1.2%,1.3%,1.2%,false,false
,OPEC-JMMC Meetings,All,2018-10-25T00:00:00Z,None,,,,true,false
,Spanish Unemployment Rate,EUR,2018-10-25T03:00:00Z,None,14.9%,15.3%,14.6%,false,false
,German ifo Business Climate,EUR,2018-10-25T04:00:00Z,None,103.1,103.7,102.8,false,false
,Main Refinancing Rate,EUR,2018-10-25T07:45:00Z,High,0.00%,0.00%,0.00%,false,false
,Monetary Policy Statement,EUR,2018-10-25T07:45:00Z,High,,,,false,false
,ECB Press Conference,EUR,2018-10-25T08:30:00Z,High,,,,false,false
,Core Durable Goods Orders m/m,USD,2018-10-25T08:30:00Z,High,0.5%,0.0%,0.1%,false,false
,Durable Goods Orders m/m,USD,2018-10-25T08:30:00Z,None,-1.3%,4.4%,0.8%,false,false
,Goods Trade Balance,USD,2018-10-25T08:30:00Z,None,-74.9B,-75.5B,-76.0B,false,false
,Prelim Wholesale Inventories m/m,USD,2018-10-25T08:30:00Z,None,0.5%,1.0%,0.3%,false,false
,Unemployment Claims,USD,2018-10-25T08:30:00Z,None,214K,210K,215K,false,false
,CB Leading Index m/m,CNY,2018-10-25T09:00:00Z,None,,0.7%,1.2%,false,false
,Pending Home Sales m/m,USD,2018-10-25T10:00:00Z,None,-0.1%,-1.9%,0.5%,false,false
,Natural Gas Storage,USD,2018-10-25T10:30:00Z,None,47B,81B,58B,false,false
,FOMC Member Clarida Speaks,USD,2018-10-25T12:15:00Z,None,,,,false,false
,FOMC Member Mester Speaks,USD,2018-10-25T17:30:00Z,None,,,,false,false
,Tokyo Core CPI y/y,JPY,2018-10-25T19:30:00Z,None,1.0%,1.0%,1.0%,false,false
,German GfK Consumer Climate,EUR,2018-10-26T02:00:00Z,None,10.5,10.6,10.6,false,false
,Advance GDP q/q,USD,2018-10-26T08:30:00Z,High,3.3%,4.2%,3.5%,false,false
,Advance GDP Price Index q/q,USD,2018-10-26T08:30:00Z,None,2.1%,3.0%,1.7%,false,false
,ECB President Draghi Speaks,EUR,2018-10-26T10:00:00Z,High,,,,false,false
,Revised UoM Consumer Sentiment,USD,2018-10-26T10:00:00Z,None,98.9,99.0,98.6,false,false
,Revised UoM Inflation Expectations,USD,2018-10-26T10:00:00Z,None,,2.8%,2.9%,false,false
,Daylight Saving Time Shift,CHF,2018-10-27T22:00:00Z,None,,,,false,false
,Daylight Saving Time Shift,EUR,2018-10-27T22:00:00Z,None,,,,false,false
,Daylight Saving Time Shift,GBP,2018-10-27T22:00:00Z,None,,,,false,false
,Retail Sales y/y,JPY,2018-10-28T19:50:00Z,None,2.1%,2.7%,2.1%,false,false
,HIA New Home Sales m/m,AUD,2018-10-29T00:20:00Z,None,,-2.9%,1.1%,false,false
,Net Lending to Individuals m/m,GBP,2018-10-29T05:30:00Z,None,4.1B,4.3B,4.7B,false,false
,M4 Money Supply m/m,GBP,2018-10-29T05:30:00Z,None,0.3%,0.1%,-0.3%,false,false
,Mortgage Approvals,GBP,2018-10-29T05:30:00Z,None,65K,66K,65K,false,false
,Core PCE Price Index m/m,USD,2018-10-29T08:30:00Z,None,0.1%,0.0%,0.2%,false,false
,Personal Spending m/m,USD,2018-10-29T08:30:00Z,None,0.4%,0.5%,0.4%,false,false
,Personal Income m/m,USD,2018-10-29T08:30:00Z,None,0.4%,0.4%,0.2%,false,false
,Autumn Forecast Statement,GBP,2018-10-29T11:25:00Z,None,,,,false,false
,Unemployment Rate,JPY,2018-10-29T19:30:00Z,None,2.4%,2.4%,2.3%,false,false
,Building Approvals m/m,AUD,2018-10-29T20:30:00Z,None,3.9%,-8.1%,3.3%,false,false
,RBA Gov Bullock Speaks,AUD,2018-10-29T22:10:00Z,None,,,,false,false
,German Prelim CPI m/m,EUR,2018-10-30T00:00:00Z,None,0.1%,0.4%,0.2%,true,false
,French Flash GDP q/q,EUR,2018-10-30T02:30:00Z,None,0.4%,0.2%,0.4%,false,false
,French Consumer Spending m/m,EUR,2018-10-30T03:45:00Z,None,-0.4%,1.1%,-1.7%,false,false
,KOF Economic Barometer,CHF,2018-10-30T04:00:00Z,None,100.8,102.3,100.1,false,false
,Spanish Flash CPI y/y,EUR,2018-10-30T04:00:00Z,None,2.3%,2.3%,2.3%,false,false
,German Unemployment Change,EUR,2018-10-30T04:55:00Z,None,-12K,-23K,-11K,false,false
,Italian Prelim GDP q/q,EUR,2018-10-30T05:00:00Z,None,0.2%,0.2%,0.0%,false,false
,Prelim Flash GDP q/q,EUR,2018-10-30T06:00:00Z,None,0.4%,0.4%,0.2%,false,false
,Italian 10-y Bond Auction,EUR,2018-10-30T06:14:00Z,None,,2.90|1.4,3.36|1.5,false,false
,CBI Realized Sales,GBP,2018-10-30T07:00:00Z,None,27,23,5,false,false
,S&P/CS Composite-20 HPI y/y,USD,2018-10-30T09:00:00Z,None,6.0%,5.9%,5.5%,false,false
,CB Consumer Confidence,USD,2018-10-30T10:00:00Z,High,136.3,135.3,137.9,false,false
,BOC Gov Poloz Speaks,CAD,2018-10-30T15:30:00Z,High,,,,false,false
,API Weekly Statistical Bulletin,USD,2018-10-30T16:30:00Z,None,,,,false,false
,Building Consents m/m,NZD,2018-10-30T17:45:00Z,None,,6.8%,-1.5%,false,false
,Prelim Industrial Production m/m,JPY,2018-10-30T19:50:00Z,None,-0.3%,0.2%,-1.1%,false,false
,ANZ Business Confidence,NZD,2018-10-30T20:00:00Z,High,,-38.3,-37.1,false,false
,BRC Shop Price Index y/y,GBP,2018-10-30T20:01:00Z,None,,0.2%,-0.2%,false,false
,GfK Consumer Confidence,GBP,2018-10-30T20:01:00Z,None,-10,-9,-10,false,false
,CPI m/m,AUD,2018-10-30T20:30:00Z,High,0.5%,0.4%,0.4%,false,false
,Trimmed Mean CPI m/m,AUD,2018-10-30T20:30:00Z,High,0.4%,0.4%,0.4%,false,false
,Private Sector Credit m/m,AUD,2018-10-30T20:30:00Z,None,0.4%,0.5%,0.4%,false,false
,Manufacturing PMI,CNY,2018-10-30T21:00:00Z,None,50.6,50.8,50.2,false,false
,Non-Manufacturing PMI,CNY,2018-10-30T21:00:00Z,None,54.7,54.9,53.9,false,false
,Monetary Policy Statement,JPY,2018-10-30T23:08:00Z,High,,,,false,false
,BOJ Outlook Report,JPY,2018-10-30T23:08:00Z,High,,,,false,false
,BOJ Policy Rate,JPY,2018-10-30T23:08:00Z,None,-0.10%,-0.10%,-0.10%,false,false
,Housing Starts y/y,JPY,2018-10-31T01:00:00Z,None,-0.7%,1.6%,-1.5%,false,false
,Consumer Confidence,JPY,2018-10-31T01:02:00Z,None,43.5,43.4,43.0,false,false
,BOJ Press Conference,JPY,2018-10-31T02:30:00Z,High,,,,false,false
,German Retail Sales m/m,EUR,2018-10-31T03:00:00Z,None,0.5%,-0.3%,0.1%,false,false
,French Prelim CPI m/m,EUR,2018-10-31T03:45:00Z,None,0.1%,-0.2%,0.1%,false,false
,Spanish Flash GDP q/q,EUR,2018-10-31T04:00:00Z,None,0.6%,0.6%,0.6%,false,false
,UBS Economic Expectations,CHF,2018-10-31T05:00:00Z,None,,-30.8,-39.1,false,false
,Italian Monthly Unemployment Rate,EUR,2018-10-31T05:00:00Z,None,9.9%,9.8%,10.1%,false,false
,Unemployment Rate,EUR,2018-10-31T06:00:00Z,None,8.1%,8.1%,8.1%,false,false
,CPI Flash Estimate y/y,EUR,2018-10-31T06:00:00Z,None,2.2%,2.1%,2.2%,false,false
,Italian Prelim CPI m/m,EUR,2018-10-31T06:00:00Z,None,0.2%,-0.5%,0.0%,false,false
,Core CPI Flash Estimate y/y,EUR,2018-10-31T06:00:00Z,None,1.1%,0.9%,1.1%,false,false
,ADP Non-Farm Employment Change,USD,2018-10-31T08:15:00Z,None,188K,218K,227K,false,false
,GDP m/m,CAD,2018-10-31T08:30:00Z,High,0.0%,0.2%,0.1%,false,false
,RMPI m/m,CAD,2018-10-31T08:30:00Z,None,-0.5%,-4.8%,-0.9%,false,false
,IPPI m/m,CAD,2018-10-31T08:30:00Z,None,0.0%,-0.5%,0.1%,false,false
,Employment Cost Index q/q,USD,2018-10-31T08:30:00Z,None,0.7%,0.6%,0.8%,false,false
,Chicago PMI,USD,2018-10-31T09:45:00Z,None,60.1,60.4,58.4,false,false
,Crude Oil Inventories,USD,2018-10-31T10:30:00Z,None,3.6M,6.3M,3.2M,false,false
,SNB Chairman Jordan Speaks,CHF,2018-10-31T13:15:00Z,High,,,,false,false
,BOC Gov Poloz Speaks,CAD,2018-10-31T16:15:00Z,High,,,,false,false
,AIG Manufacturing Index,AUD,2018-10-31T17:30:00Z,None,,59.0,58.3,false,false
,Goods Trade Balance,AUD,2018-10-31T20:30:00Z,None,1.71B,2.34B,3.02B,false,false
,Import Prices q/q,AUD,2018-10-31T20:30:00Z,None,1.1%,3.2%,1.9%,false,false
,Final Manufacturing PMI,JPY,2018-10-31T20:30:00Z,None,53.1,53.1,52.9,false,false
,RatingDog Manufacturing PMI,CNY,2018-10-31T21:45:00Z,None,49.9,50.0,50.1,false,false
,10-y Bond Auction,JPY,2018-10-31T23:35:00Z,None,,0.14|4.2,0.14|4.3,false,false
,Italian Bank Holiday,EUR,2018-11-01T00:00:00Z,None,,,,true,false
,Omdia Total Vehicle Sales,USD,2018-11-01T00:00:00Z,None,17.2M,17.4M,17.5M,true,false
,French Bank Holiday,EUR,2018-11-01T00:00:00Z,None,,,,true,false
,Total Vehicle Sales,USD,2018-11-01T00:00:00Z,None,17.1M,17.4M,17.6M,true,false
,Commodity Prices y/y,AUD,2018-11-01T01:30:00Z,None,,6.2%,13.1%,false,false
,SECO Consumer Climate,CHF,2018-11-01T02:45:00Z,None,-8,-7,-6,false,false
,Nationwide HPI m/m,GBP,2018-11-01T03:00:00Z,None,0.2%,0.2%,0.0%,false,false
,CPI m/m,CHF,2018-11-01T04:15:00Z,None,0.2%,0.1%,0.2%,false,false
,Manufacturing PMI,CHF,2018-11-01T04:30:00Z,None,58.6,59.7,57.4,false,false
,Final Manufacturing PMI,GBP,2018-11-01T05:30:00Z,High,53.0,53.6,51.1,false,false
,Challenger Job Cuts y/y,USD,2018-11-01T07:30:00Z,None,,70.9%,153.6%,false,false
,BOE Monetary Policy Report,GBP,2018-11-01T08:00:00Z,High,,,,false,false
,Official Bank Rate,GBP,2018-11-01T08:00:00Z,None,0.75%,0.75%,0.75%,false,false
,Asset Purchase Facility,GBP,2018-11-01T08:00:00Z,None,435B,435B,435B,false,false
,MPC Asset Purchase Facility Votes,GBP,2018-11-01T08:00:00Z,None,0-0-9,0-0-9,0-0-9,false,false
,MPC Official Bank Rate Votes,GBP,2018-11-01T08:00:00Z,High,0-0-9,0-0-9,0-0-9,false,false
,Monetary Policy Summary,GBP,2018-11-01T08:00:00Z,High,,,,false,false
,Unemployment Claims,USD,2018-11-01T08:30:00Z,None,213K,216K,214K,false,false
,BOE Gov Carney Speaks,GBP,2018-11-01T08:30:00Z,High,,,,false,false
,Prelim Nonfarm Productivity q/q,USD,2018-11-01T08:30:00Z,None,2.2%,3.0%,2.2%,false,false
,Prelim Unit Labor Costs q/q,USD,2018-11-01T08:30:00Z,None,1.1%,-1.0%,1.2%,false,false
,Manufacturing PMI,CAD,2018-11-01T09:30:00Z,None,,54.8,53.9,false,false
,Final Manufacturing PMI,USD,2018-11-01T09:45:00Z,None,55.9,55.9,55.7,false,false
,ISM Manufacturing PMI,USD,2018-11-01T10:00:00Z,High,59.0,59.8,57.7,false,false
,Construction Spending m/m,USD,2018-11-01T10:00:00Z,None,0.2%,0.8%,0.0%,false,false
,ISM Manufacturing Prices,USD,2018-11-01T10:00:00Z,None,67.5,66.9,71.6,false,false
,Natural Gas Storage,USD,2018-11-01T10:30:00Z,None,53B,58B,48B,false,false
,Monetary Base y/y,JPY,2018-11-01T19:50:00Z,None,6.2%,5.9%,5.9%,false,false
,Retail Sales m/m,AUD,2018-11-01T20:30:00Z,High,0.3%,0.3%,0.2%,false,false
,PPI q/q,AUD,2018-11-01T20:30:00Z,None,0.2%,0.3%,0.8%,false,false
,German Import Prices m/m,EUR,2018-11-02T03:00:00Z,None,0.4%,0.0%,0.4%,false,false
,French Gov Budget Balance,EUR,2018-11-02T03:45:00Z,None,,-97.3B,-87.1B,false,false
,Retail Sales y/y,CHF,2018-11-02T04:15:00Z,None,-0.2%,0.4%,-2.7%,false,false
,Spanish Manufacturing PMI,EUR,2018-11-02T04:15:00Z,None,51.0,51.4,51.8,false,false
,Italian Manufacturing PMI,EUR,2018-11-02T04:45:00Z,None,49.7,50.0,49.2,false,false
,French Final Manufacturing PMI,EUR,2018-11-02T04:50:00Z,None,51.2,51.2,51.2,false,false
,German Final Manufacturing PMI,EUR,2018-11-02T04:55:00Z,None,52.3,52.3,52.2,false,false
,Final Manufacturing PMI,EUR,2018-11-02T05:00:00Z,None,52.1,52.1,52.0,false,false
,Construction PMI,GBP,2018-11-02T05:30:00Z,None,52.0,52.1,53.2,false,false
,Employment Change,CAD,2018-11-02T08:30:00Z,High,12.7K,63.3K,11.2K,false,false
,Unemployment Rate,CAD,2018-11-02T08:30:00Z,High,5.9%,5.9%,5.8%,false,false
,Trade Balance,CAD,2018-11-02T08:30:00Z,None,0.2B,-0.6B,-0.4B,false,false
,Average Hourly Earnings m/m,USD,2018-11-02T08:30:00Z,High,0.2%,0.3%,0.2%,false,false
,Non-Farm Employment Change,USD,2018-11-02T08:30:00Z,High,194K,118K,250K,false,false
,Unemployment Rate,USD,2018-11-02T08:30:00Z,High,3.7%,3.7%,3.7%,false,false
,Trade Balance,USD,2018-11-02T08:30:00Z,None,-53.5B,-53.3B,-54.0B,false,false
,Factory Orders m/m,USD,2018-11-02T10:00:00Z,None,0.5%,2.6%,0.7%,false,false
,Daylight Saving Time Shift,CAD,2018-11-04T02:00:00Z,None,,,,false,false
,Daylight Saving Time Shift,USD,2018-11-04T02:00:00Z,None,,,,false,false
,AIG Services Index,AUD,2018-11-04T16:30:00Z,None,,52.5,51.1,false,false
,Monetary Policy Meeting Minutes,JPY,2018-11-04T18:50:00Z,None,,,,false,false
,MI Inflation Gauge m/m,AUD,2018-11-04T19:00:00Z,None,,0.3%,0.1%,false,false
,ANZ Commodity Prices m/m,NZD,2018-11-04T19:00:00Z,None,,-2.4%,-2.4%,false,false
,ANZ Job Advertisements m/m,AUD,2018-11-04T19:30:00Z,None,,-0.7%,0.2%,false,false
,BOJ Gov Kuroda Speaks,JPY,2018-11-04T20:00:00Z,None,,,,false,false
,RatingDog Services PMI,CNY,2018-11-04T20:45:00Z,None,52.9,53.1,50.8,false,false
,Spanish Unemployment Change,EUR,2018-11-05T03:00:00Z,None,30.3K,20.4K,52.2K,false,false
,Final Services PMI,GBP,2018-11-05T04:30:00Z,High,53.4,53.9,52.2,false,false
,Sentix Investor Confidence,EUR,2018-11-05T04:30:00Z,None,9.9,11.4,8.8,false,false
,BOC Gov Poloz Speaks,CAD,2018-11-05T08:10:00Z,High,,,,false,false
,Final Services PMI,USD,2018-11-05T09:45:00Z,None,54.7,54.7,54.8,false,false
,ISM Services PMI,USD,2018-11-05T10:00:00Z,High,59.3,61.6,60.3,false,false
,RCM/TIPP Economic Optimism,USD,2018-11-05T10:00:00Z,None,59.2,57.8,56.4,false,false
,Household Spending y/y,JPY,2018-11-05T18:30:00Z,None,1.6%,2.8%,-1.6%,false,false
,BRC Retail Sales Monitor y/y,GBP,2018-11-05T19:01:00Z,None,0.6%,-0.2%,0.1%,false,false
,RBA Rate Statement,AUD,2018-11-05T22:30:00Z,High,,,,false,false
,Cash Rate,AUD,2018-11-05T22:30:00Z,None,1.50%,1.50%,1.50%,false,false
,Congressional Elections,USD,2018-11-06T00:00:00Z,High,,,,true,false
,German Factory Orders m/m,EUR,2018-11-06T02:00:00Z,None,-0.4%,2.5%,0.3%,false,false
,Spanish Services PMI,EUR,2018-11-06T03:15:00Z,None,51.9,52.5,54.0,false,false
,Italian Services PMI,EUR,2018-11-06T03:45:00Z,None,52.1,53.3,49.2,false,false
,French Final Services PMI,EUR,2018-11-06T03:50:00Z,None,55.6,55.6,55.3,false,false
,German Final Services PMI,EUR,2018-11-06T03:55:00Z,None,53.6,53.6,54.7,false,false
,Final Services PMI,EUR,2018-11-06T04:00:00Z,None,53.3,53.3,53.7,false,false
,PPI m/m,EUR,2018-11-06T05:00:00Z,None,0.4%,0.4%,0.5%,false,false
,10-y Bond Auction,GBP,2018-11-06T05:35:00Z,None,,1.60|1.9,1.49|2.0,false,false
,Building Permits m/m,CAD,2018-11-06T08:30:00Z,None,0.3%,-1.1%,0.4%,false,false
,JOLTS Job Openings,USD,2018-11-06T10:00:00Z,None,7.09M,7.29M,7.01M,false,false
,GDT Price Index,NZD,2018-11-06T10:22:00Z,None,,-0.3%,-2.0%,false,false
,10-y Bond Auction,USD,2018-11-06T13:01:00Z,None,,3.23|2.4,3.21|2.5,false,false
,AIG Construction Index,AUD,2018-11-06T16:30:00Z,None,,49.3,46.4,false,false
,API Weekly Statistical Bulletin,USD,2018-11-06T16:30:00Z,None,,,,false,false
,Employment Change q/q,NZD,2018-11-06T16:45:00Z,High,0.5%,0.6%,1.1%,false,false
,Unemployment Rate,NZD,2018-11-06T16:45:00Z,High,4.4%,4.4%,3.9%,false,false
,Labor Cost Index q/q,NZD,2018-11-06T16:45:00Z,None,0.5%,0.6%,0.5%,false,false
,Average Cash Earnings y/y,JPY,2018-11-06T19:00:00Z,None,1.2%,0.8%,1.1%,false,false
,Inflation Expectations q/q,NZD,2018-11-06T21:00:00Z,High,,2.04%,2.03%,false,false
,Leading Indicators,JPY,2018-11-07T00:00:00Z,None,103.9%,104.5%,103.9%,false,false
,German Industrial Production m/m,EUR,2018-11-07T02:00:00Z,None,0.0%,0.1%,0.2%,false,false
,Foreign Currency Reserves,CHF,2018-11-07T03:00:00Z,None,,740B,753B,false,false
,Lloyds HPI m/m,GBP,2018-11-07T03:30:00Z,None,0.5%,-1.3%,0.7%,false,false
,Italian Retail Sales m/m,EUR,2018-11-07T04:00:00Z,None,-0.1%,0.6%,-0.8%,false,false
,Retail Sales m/m,EUR,2018-11-07T05:00:00Z,None,0.1%,0.3%,0.0%,false,false
,German 10-y Bond Auction,EUR,2018-11-07T05:33:00Z,None,,0.55|1.1,0.42|1.4,false,false
,Gov Board Member Zurbrugg Speaks,CHF,2018-11-07T09:00:00Z,None,,,,false,false
,Ivey PMI,CAD,2018-11-07T10:00:00Z,None,50.9,50.4,61.8,false,false
,Crude Oil Inventories,USD,2018-11-07T10:30:00Z,None,2.0M,3.2M,5.8M,false,false
,30-y Bond Auction,USD,2018-11-07T13:01:00Z,None,,3.34|2.4,3.42|2.1,false,false
,Official Cash Rate,NZD,2018-11-07T15:00:00Z,High,1.75%,1.75%,1.75%,false,false
,RBNZ Monetary Policy Statement,NZD,2018-11-07T15:00:00Z,High,,,,false,false
,RBNZ Rate Statement,NZD,2018-11-07T15:00:00Z,High,,,,false,false
,Consumer Credit m/m,USD,2018-11-07T15:00:00Z,None,15.7B,22.9B,10.9B,false,false
,RBNZ Press Conference,NZD,2018-11-07T16:00:00Z,High,,,,false,false
,Bank Lending y/y,JPY,2018-11-07T18:50:00Z,None,2.4%,2.3%,2.2%,false,false
,BOJ Summary of Opinions,JPY,2018-11-07T18:50:00Z,None,,,,false,false
,Core Machinery Orders m/m,JPY,2018-11-07T18:50:00Z,None,-9.5%,6.8%,-18.3%,false,false
,Current Account,JPY,2018-11-07T18:50:00Z,None,1.36T,1.43T,1.33T,false,false
,RICS House Price Balance,GBP,2018-11-07T19:01:00Z,None,-2%,-2%,-10%,false,false
,Trade Balance,CNY,2018-11-07T22:00:00Z,None,209B,213B,234B,false,false
,USD-Denominated Trade Balance,CNY,2018-11-07T22:00:00Z,None,35.0B,31.7B,34.0B,false,false
,Economy Watchers Sentiment,JPY,2018-11-08T00:00:00Z,None,48.9,48.6,49.5,false,false
,Unemployment Rate,CHF,2018-11-08T01:45:00Z,None,2.5%,2.5%,2.5%,false,false
,German Trade Balance,EUR,2018-11-08T02:00:00Z,None,18.2B,18.2B,17.6B,false,false
,French Trade Balance,EUR,2018-11-08T02:45:00Z,None,-6.1B,-5.7B,-5.7B,false,false
,ECB Economic Bulletin,EUR,2018-11-08T04:00:00Z,None,,,,false,false
,French 10-y Bond Auction,EUR,2018-11-08T04:59:00Z,None,,0.86|1.6,0.82|1.8,false,false
,EU Economic Forecasts,EUR,2018-11-08T05:00:00Z,None,,,,false,false
,Housing Starts,CAD,2018-11-08T08:13:00Z,None,199K,190K,206K,false,false
,NHPI m/m,CAD,2018-11-08T08:30:00Z,None,0.1%,0.0%,0.0%,false,false
,Unemployment Claims,USD,2018-11-08T08:30:00Z,None,214K,215K,214K,false,false
,Mortgage Delinquencies,USD,2018-11-08T10:00:00Z,None,,4.36%,4.47%,false,false
,Natural Gas Storage,USD,2018-11-08T10:30:00Z,None,56B,48B,65B,false,false
,Gov Board Member Maechler Speaks,CHF,2018-11-08T12:30:00Z,None,,,,false,false
,Federal Funds Rate,USD,2018-11-08T14:00:00Z,High,2.25%,2.25%,2.25%,false,false
,FOMC Statement,USD,2018-11-08T14:00:00Z,High,,,,false,false
,M2 Money Stock y/y,JPY,2018-11-08T18:50:00Z,None,2.8%,2.8%,2.7%,false,false
,RBA Monetary Policy Statement,AUD,2018-11-08T19:30:00Z,High,,,,false,false
,Home Loans m/m,AUD,2018-11-08T19:30:00Z,None,-0.9%,-2.2%,-1.0%,false,false
,CPI y/y,CNY,2018-11-08T20:30:00Z,None,2.5%,2.5%,2.5%,false,false
,PPI y/y,CNY,2018-11-08T20:30:00Z,None,3.3%,3.6%,3.3%,false,false
,French Industrial Production m/m,EUR,2018-11-09T02:45:00Z,None,-0.3%,0.2%,-1.8%,false,false
,Prelim Business Investment q/q,GBP,2018-11-09T04:30:00Z,None,0.2%,-0.7%,-1.2%,false,false
,GDP m/m,GBP,2018-11-09T04:30:00Z,High,0.1%,0.0%,0.0%,false,false
,Manufacturing Production m/m,GBP,2018-11-09T04:30:00Z,High,0.1%,-0.1%,0.2%,false,false
,Prelim GDP q/q,GBP,2018-11-09T04:30:00Z,High,0.6%,0.4%,0.6%,false,false
,Industrial Production m/m,GBP,2018-11-09T04:30:00Z,None,-0.1%,0.0%,0.0%,false,false
,Index of Services 3m/3m,GBP,2018-11-09T04:30:00Z,None,0.5%,0.5%,0.4%,false,false
,Goods Trade Balance,GBP,2018-11-09T04:30:00Z,None,-11.4B,-11.2B,-9.7B,false,false
,Construction Output m/m,GBP,2018-11-09T04:30:00Z,None,0.2%,-0.3%,1.7%,false,false
,Core PPI m/m,USD,2018-11-09T08:30:00Z,None,0.2%,0.2%,0.5%,false,false
,PPI m/m,USD,2018-11-09T08:30:00Z,High,0.2%,0.2%,0.6%,false,false
,NIESR GDP Estimate,GBP,2018-11-09T08:50:00Z,None,,0.6%,0.4%,false,false
,FOMC Member Quarles Speaks,USD,2018-11-09T09:05:00Z,None,,,,false,false
,Prelim UoM Inflation Expectations,USD,2018-11-09T10:00:00Z,None,,2.9%,2.8%,false,false
,Final Wholesale Inventories m/m,USD,2018-11-09T10:00:00Z,None,0.3%,0.3%,0.4%,false,false
,Prelim UoM Consumer Sentiment,USD,2018-11-09T10:00:00Z,None,98.0,98.6,98.3,false,false
,PPI y/y,JPY,2018-11-11T18:50:00Z,None,2.8%,3.0%,2.9%,false,false
,Bank Holiday,CAD,2018-11-12T00:00:00Z,None,,,,true,false
,Bank Holiday,USD,2018-11-12T00:00:00Z,None,,,,true,false
,Prelim Machine Tool Orders y/y,JPY,2018-11-12T00:59:00Z,None,,2.9%,-1.1%,false,false
,Italian Industrial Production m/m,EUR,2018-11-12T04:00:00Z,None,-0.5%,1.7%,-0.2%,false,false
,FOMC Member Daly Speaks,USD,2018-11-12T14:30:00Z,None,,,,false,false
,FPI m/m,NZD,2018-11-12T16:45:00Z,None,,-0.1%,-0.6%,false,false
,NAB Business Confidence,AUD,2018-11-12T19:30:00Z,None,,6,4,false,false
,30-y Bond Auction,JPY,2018-11-12T22:35:00Z,None,,0.90|3.9,0.87|4.0,false,false
,German Final CPI m/m,EUR,2018-11-13T02:00:00Z,None,0.2%,0.2%,0.2%,false,false
,French Prelim Private Payrolls q/q,EUR,2018-11-13T02:45:00Z,None,0.3%,0.1%,0.2%,false,false
,PPI m/m,CHF,2018-11-13T03:15:00Z,None,0.1%,-0.2%,0.2%,false,false
,M2 Money Supply y/y,CNY,2018-11-13T03:45:00Z,None,8.3%,8.3%,8.0%,false,false
,New Loans,CNY,2018-11-13T03:45:00Z,None,915B,1380B,697B,false,false
,Average Earnings Index 3m/y,GBP,2018-11-13T04:30:00Z,High,3.0%,2.8%,3.0%,false,false
,Unemployment Rate,GBP,2018-11-13T04:30:00Z,None,4.0%,4.0%,4.1%,false,false
,Claimant Count Change,GBP,2018-11-13T04:30:00Z,None,4.3K,23.2K,20.2K,false,false
,German ZEW Economic Sentiment,EUR,2018-11-13T05:00:00Z,None,-24.2,-24.7,-24.1,false,false
,ZEW Economic Sentiment,EUR,2018-11-13T05:00:00Z,None,-17.3,-19.4,-22.0,false,false
,NFIB Small Business Index,USD,2018-11-13T05:14:00Z,None,108.0,107.9,107.4,false,false
,FOMC Member Brainard Speaks,USD,2018-11-13T10:00:00Z,None,,,,false,false
,Loan Officer Survey,USD,2018-11-13T14:00:00Z,None,,,,false,false
,Federal Budget Balance,USD,2018-11-13T14:00:00Z,None,-116.6B,119.1B,-100.5B,false,false
,Westpac Consumer Sentiment,AUD,2018-11-13T18:30:00Z,None,,1.0%,2.8%,false,false
,Prelim GDP q/q,JPY,2018-11-13T18:50:00Z,None,-0.3%,0.7%,-0.3%,false,false
,Prelim GDP Price Index y/y,JPY,2018-11-13T18:50:00Z,None,-0.1%,0.0%,-0.3%,false,false
,Wage Price Index q/q,AUD,2018-11-13T19:30:00Z,High,0.6%,0.5%,0.6%,false,false
,Fixed Asset Investment ytd/y,CNY,2018-11-13T21:00:00Z,None,5.5%,5.4%,5.7%,false,false
,Industrial Production y/y,CNY,2018-11-13T21:00:00Z,None,5.8%,5.8%,5.9%,false,false
,Retail Sales y/y,CNY,2018-11-13T21:00:00Z,None,9.2%,9.2%,8.6%,false,false
,Unemployment Rate,CNY,2018-11-13T21:00:00Z,None,,4.9%,4.9%,false,false
,Tertiary Industry Activity m/m,JPY,2018-11-13T23:30:00Z,None,-0.4%,0.4%,-1.1%,false,false
,Revised Industrial Production m/m,JPY,2018-11-13T23:32:00Z,None,-1.1%,-1.1%,-0.4%,false,false
,German Prelim GDP q/q,EUR,2018-11-14T02:00:00Z,High,-0.1%,0.5%,-0.2%,false,false
,French Final CPI m/m,EUR,2018-11-14T02:45:00Z,None,0.1%,0.1%,0.1%,false,false
,CPI y/y,GBP,2018-11-14T04:30:00Z,High,2.5%,2.4%,2.4%,false,false
,PPI Input m/m,GBP,2018-11-14T04:30:00Z,None,0.6%,1.4%,0.8%,false,false
,RPI y/y,GBP,2018-11-14T04:30:00Z,None,3.4%,3.3%,3.3%,false,false
,Core CPI y/y,GBP,2018-11-14T04:30:00Z,None,1.9%,1.9%,1.9%,false,false
,HPI y/y,GBP,2018-11-14T04:30:00Z,None,3.3%,3.1%,3.5%,false,false
,PPI Output m/m,GBP,2018-11-14T04:30:00Z,None,0.2%,0.4%,0.3%,false,false
,Flash GDP q/q,EUR,2018-11-14T05:00:00Z,None,0.2%,0.2%,0.2%,false,false
,Flash Employment Change q/q,EUR,2018-11-14T05:00:00Z,None,,0.4%,0.2%,false,false
,Industrial Production m/m,EUR,2018-11-14T05:00:00Z,None,-0.4%,1.1%,-0.3%,false,false
,German 30-y Bond Auction,EUR,2018-11-14T05:33:00Z,None,,1.04|1.4,1.04|1.2,false,false
,Core CPI m/m,USD,2018-11-14T08:30:00Z,High,0.2%,0.1%,0.2%,false,false
,Core CPI y/y,USD,2018-11-14T08:30:00Z,High,2.2%,2.2%,2.1%,false,false
,CPI m/m,USD,2018-11-14T08:30:00Z,High,0.3%,0.1%,0.3%,false,false
,CPI y/y,USD,2018-11-14T08:30:00Z,High,2.5%,2.3%,2.5%,false,false
,FOMC Member Quarles Speaks,USD,2018-11-14T10:00:00Z,None,,,,false,false
,API Weekly Statistical Bulletin,USD,2018-11-14T16:30:00Z,None,,,,false,false
,FOMC Member Powell Speaks,USD,2018-11-14T18:00:00Z,High,,,,false,false
,MI Inflation Expectations,AUD,2018-11-14T19:00:00Z,None,,4.0%,3.6%,false,false
,Employment Change,AUD,2018-11-14T19:30:00Z,High,19.9K,7.8K,32.8K,false,false
,Unemployment Rate,AUD,2018-11-14T19:30:00Z,High,5.1%,5.0%,5.0%,false,false
,New Home Prices m/m,CNY,2018-11-14T20:30:00Z,None,,1.00%,1.02%,false,false
,RBA Deputy Gov Debelle Speaks,AUD,2018-11-14T21:00:00Z,None,,,,false,false
,Foreign Direct Investment ytd/y,CNY,2018-11-15T02:00:00Z,None,,2.9%,3.3%,false,false
,Retail Sales m/m,GBP,2018-11-15T04:30:00Z,High,0.2%,-0.4%,-0.5%,false,false
,Trade Balance,EUR,2018-11-15T05:00:00Z,None,16.4B,16.8B,13.4B,false,false
,MPC Member Tenreyro Speaks,GBP,2018-11-15T08:00:00Z,None,,,,false,false
,Core Retail Sales m/m,USD,2018-11-15T08:30:00Z,High,0.5%,-0.1%,0.7%,false,false
,ADP Non-Farm Employment Change,CAD,2018-11-15T08:30:00Z,None,,66.9K,-23.0K,false,false
,Retail Sales m/m,USD,2018-11-15T08:30:00Z,High,0.6%,-0.1%,0.8%,false,false
,Philly Fed Manufacturing Index,USD,2018-11-15T08:30:00Z,None,20.1,22.2,12.9,false,false
,Empire State Manufacturing Index,USD,2018-11-15T08:30:00Z,None,19.9,21.1,23.3,false,false
,Import Prices m/m,USD,2018-11-15T08:30:00Z,None,0.1%,0.2%,0.5%,false,false
,Unemployment Claims,USD,2018-11-15T08:30:00Z,None,213K,214K,216K,false,false
,FOMC Member Quarles Speaks,USD,2018-11-15T10:00:00Z,None,,,,false,false
,Business Inventories m/m,USD,2018-11-15T10:00:00Z,None,0.3%,0.5%,0.3%,false,false
,Natural Gas Storage,USD,2018-11-15T10:30:00Z,None,35B,65B,39B,false,false
,Crude Oil Inventories,USD,2018-11-15T11:00:00Z,None,2.9M,5.8M,10.3M,false,false
,FOMC Member Powell Speaks,USD,2018-11-15T11:30:00Z,High,,,,false,false
,FOMC Member Bostic Speaks,USD,2018-11-15T13:00:00Z,None,,,,false,false
,BusinessNZ Manufacturing Index,NZD,2018-11-15T16:30:00Z,None,,51.9,53.5,false,false
,German WPI m/m,EUR,2018-11-16T02:00:00Z,None,0.2%,0.4%,0.3%,false,false
,ECB President Draghi Speaks,EUR,2018-11-16T03:30:00Z,High,,,,false,false
,Final Core CPI y/y,EUR,2018-11-16T05:00:00Z,None,1.1%,1.1%,1.1%,false,false
,Final CPI y/y,EUR,2018-11-16T05:00:00Z,None,2.2%,2.1%,2.2%,false,false
,Italian Trade Balance,EUR,2018-11-16T05:08:00Z,None,2.87B,2.49B,1.27B,false,false
,German Buba President Weidmann Speaks,EUR,2018-11-16T08:00:00Z,None,,,,false,false
,Foreign Securities Purchases,CAD,2018-11-16T08:30:00Z,None,0.30B,2.63B,7.70B,false,false
,Manufacturing Sales m/m,CAD,2018-11-16T08:30:00Z,None,0.1%,-0.5%,0.2%,false,false
,Capacity Utilization Rate,USD,2018-11-16T09:15:00Z,None,78.3%,78.5%,78.4%,false,false
,Industrial Production m/m,USD,2018-11-16T09:15:00Z,None,0.2%,0.2%,0.1%,false,false
,CB Leading Index m/m,GBP,2018-11-16T09:30:00Z,None,,-0.2%,-0.4%,false,false
,CB Leading Index m/m,AUD,2018-11-16T10:30:00Z,None,,0.2%,-0.1%,false,false
,TIC Long-Term Purchases,USD,2018-11-16T16:00:00Z,None,46.2B,131.7B,30.8B,false,false
,BusinessNZ Services Index,NZD,2018-11-18T16:30:00Z,None,,54.2,55.4,false,false
,PPI Input q/q,NZD,2018-11-18T16:45:00Z,None,0.8%,1.0%,1.4%,false,false
,PPI Output q/q,NZD,2018-11-18T16:45:00Z,None,0.9%,0.9%,1.5%,false,false
,Trade Balance,JPY,2018-11-18T18:50:00Z,None,-0.48T,-0.14T,-0.30T,false,false
,Rightmove HPI m/m,GBP,2018-11-18T19:01:00Z,None,,1.0%,-1.7%,false,false
,Eurogroup Meetings,EUR,2018-11-19T00:00:00Z,None,,,,true,false
,Current Account,EUR,2018-11-19T04:00:00Z,None,24.2B,24.3B,17.0B,false,false
,German Buba Monthly Report,EUR,2018-11-19T06:00:00Z,None,,,,false,false
,NAHB Housing Market Index,USD,2018-11-19T10:00:00Z,None,67,68,60,false,false
,FOMC Member Williams Speaks,USD,2018-11-19T10:45:00Z,None,,,,false,false
,Monetary Policy Meeting Minutes,AUD,2018-11-19T19:30:00Z,None,,,,false,false
,ECOFIN Meetings,EUR,2018-11-20T00:00:00Z,None,,,,true,false
,German PPI m/m,EUR,2018-11-20T02:00:00Z,None,0.3%,0.5%,0.3%,false,false
,Trade Balance,CHF,2018-11-20T02:08:00Z,None,2.89B,2.23B,3.75B,false,false
,RBA Gov Lowe Speaks,AUD,2018-11-20T03:20:00Z,None,,,,false,false
,Monetary Policy Report Hearings,GBP,2018-11-20T05:00:00Z,High,,,,false,false
,CBI Industrial Order Expectations,GBP,2018-11-20T06:00:00Z,None,-6,-6,10,false,false
,Housing Starts,USD,2018-11-20T08:30:00Z,None,1.23M,1.21M,1.23M,false,false
,Building Permits,USD,2018-11-20T08:30:00Z,None,1.26M,1.27M,1.26M,false,false
,GDT Price Index,NZD,2018-11-20T09:34:00Z,None,,-2.0%,-3.5%,false,false
,German Buba President Weidmann Speaks,EUR,2018-11-20T10:00:00Z,None,,,,false,false
,Gov Council Member Wilkins Speaks,CAD,2018-11-20T12:45:00Z,None,,,,false,false
,API Weekly Statistical Bulletin,USD,2018-11-20T16:30:00Z,None,,,,false,false
,Gov Council Member Lane Speaks,CAD,2018-11-20T17:00:00Z,None,,,,false,false
,MI Leading Index m/m,AUD,2018-11-20T18:30:00Z,None,,0.0%,0.1%,false,false
,Credit Card Spending y/y,NZD,2018-11-20T21:00:00Z,None,,7.8%,6.3%,false,false
,All Industries Activity m/m,JPY,2018-11-20T23:30:00Z,None,-0.8%,0.4%,-0.9%,false,false
,Public Sector Net Borrowing,GBP,2018-11-21T04:30:00Z,None,5.6B,2.0B,8.0B,false,false
,Wholesale Sales m/m,CAD,2018-11-21T08:30:00Z,None,0.1%,-0.1%,-0.5%,false,false
,Core Durable Goods Orders m/m,USD,2018-11-21T08:30:00Z,High,0.4%,0.0%,0.1%,false,false
,Durable Goods Orders m/m,USD,2018-11-21T08:30:00Z,None,-2.2%,0.7%,-4.4%,false,false
,Unemployment Claims,USD,2018-11-21T08:30:00Z,None,215K,221K,224K,false,false
,Revised UoM Consumer Sentiment,USD,2018-11-21T10:00:00Z,None,98.4,98.3,97.5,false,false
,CB Leading Index m/m,USD,2018-11-21T10:00:00Z,None,0.2%,0.6%,0.1%,false,false
,Existing Home Sales,USD,2018-11-21T10:00:00Z,None,5.20M,5.15M,5.22M,false,false
,Revised UoM Inflation Expectations,USD,2018-11-21T10:00:00Z,None,,2.8%,2.8%,false,false
,Crude Oil Inventories,USD,2018-11-21T10:30:00Z,None,2.5M,10.3M,4.9M,false,false
,Natural Gas Storage,USD,2018-11-21T12:00:00Z,None,-105B,39B,-134B,false,false
,Visitor Arrivals m/m,NZD,2018-11-21T16:45:00Z,None,,-1.7%,4.0%,false,false
,National Core CPI y/y,JPY,2018-11-21T18:30:00Z,None,1.0%,1.0%,1.0%,false,false
,Bank Holiday,USD,2018-11-22T00:00:00Z,None,,,,true,false
,Bank Holiday,JPY,2018-11-22T00:00:00Z,None,,,,true,false
,Spanish 10-y Bond Auction,EUR,2018-11-22T04:49:00Z,None,,1.64|2.1,1.61|1.6,false,false
,ECB Monetary Policy Meeting Accounts,EUR,2018-11-22T07:30:00Z,None,,,,false,false
,Prime Minister May Speaks,GBP,2018-11-22T07:39:00Z,High,,,,false,false
,Corporate Profits q/q,CAD,2018-11-22T08:30:00Z,None,,1.0%,3.9%,false,false
,Gov Council Member Wilkins Speaks,CAD,2018-11-22T09:45:00Z,None,,,,false,false
,Consumer Confidence,EUR,2018-11-22T09:57:00Z,None,-3,-3,-4,false,false
,BOC Financial System Review,CAD,2018-11-22T10:30:00Z,None,,,,false,false
,MPC Member Saunders Speaks,GBP,2018-11-22T15:55:00Z,None,,,,false,false
,Flash Manufacturing PMI,AUD,2018-11-22T17:00:00Z,None,,54.5,54.5,false,false
,Flash Services PMI,AUD,2018-11-22T17:00:00Z,None,,51.7,52.6,false,false
,German Final GDP q/q,EUR,2018-11-23T02:00:00Z,None,-0.2%,-0.2%,-0.2%,false,false
,French Flash Manufacturing PMI,EUR,2018-11-23T03:15:00Z,None,51.3,51.2,50.7,false,false
,French Flash Services PMI,EUR,2018-11-23T03:15:00Z,None,54.9,55.3,55.0,false,false
,German Flash Manufacturing PMI,EUR,2018-11-23T03:30:00Z,None,52.3,52.2,51.6,false,false
,German Flash Services PMI,EUR,2018-11-23T03:30:00Z,None,54.6,54.7,53.3,false,false
,Flash Manufacturing PMI,EUR,2018-11-23T04:00:00Z,None,52.0,52.0,51.5,false,false
,Flash Services PMI,EUR,2018-11-23T04:00:00Z,None,53.6,53.7,53.1,false,false
,Core Retail Sales m/m,CAD,2018-11-23T08:30:00Z,High,0.3%,-0.4%,0.1%,false,false
,CPI m/m,CAD,2018-11-23T08:30:00Z,High,0.1%,-0.4%,0.3%,false,false
,Common CPI y/y,CAD,2018-11-23T08:30:00Z,None,1.9%,1.9%,1.9%,false,false
,Median CPI y/y,CAD,2018-11-23T08:30:00Z,None,2.0%,1.9%,2.0%,false,false
,Retail Sales m/m,CAD,2018-11-23T08:30:00Z,None,0.1%,-0.1%,0.2%,false,false
,Trimmed CPI y/y,CAD,2018-11-23T08:30:00Z,None,2.1%,2.0%,2.1%,false,false
,Core CPI m/m,CAD,2018-11-23T08:30:00Z,None,,0.0%,0.4%,false,false
,Belgian NBB Business Climate,EUR,2018-11-23T08:59:00Z,None,-1.8,-1.1,0.4,false,false
,Flash Manufacturing PMI,USD,2018-11-23T09:45:00Z,None,55.8,55.7,55.4,false,false
,Flash Services PMI,USD,2018-11-23T09:45:00Z,None,55.0,54.8,54.4,false,false
,EU Economic Summit,EUR,2018-11-25T00:00:00Z,High,,,,true,false
,Retail Sales q/q,NZD,2018-11-25T16:45:00Z,High,1.0%,1.1%,0.0%,false,false
,Core Retail Sales q/q,NZD,2018-11-25T16:45:00Z,None,1.5%,1.3%,0.4%,false,false
,RBA Gov Lowe Speaks,AUD,2018-11-25T17:15:00Z,None,,,,false,false
,Flash Manufacturing PMI,JPY,2018-11-25T19:30:00Z,None,53.0,52.9,51.8,false,false
,RBA Assist Gov Kent Speaks,AUD,2018-11-25T22:00:00Z,None,,,,false,false
,German ifo Business Climate,EUR,2018-11-26T04:00:00Z,None,102.3,102.9,102.0,false,false
,High Street Lending,GBP,2018-11-26T04:30:00Z,None,38.9K,38.7K,39.7K,false,false
,CB Leading Index m/m,CNY,2018-11-26T09:00:00Z,None,,1.0%,1.2%,false,false
,ECB President Draghi Speaks,EUR,2018-11-26T09:00:00Z,High,,,,false,false
,BOE Gov Carney Speaks,GBP,2018-11-26T13:30:00Z,High,,,,false,false
,Trade Balance,NZD,2018-11-26T16:45:00Z,None,-850M,-1596M,-1295M,false,false
,SPPI y/y,JPY,2018-11-26T18:50:00Z,None,1.2%,1.1%,1.3%,false,false
,BOJ Core CPI y/y,JPY,2018-11-27T00:00:00Z,None,0.5%,0.5%,0.6%,false,false
,CBI Realized Sales,GBP,2018-11-27T06:00:00Z,None,10,5,19,false,false
,FOMC Member Clarida Speaks,USD,2018-11-27T08:30:00Z,None,,,,false,false
,HPI m/m,USD,2018-11-27T09:00:00Z,None,0.4%,0.4%,0.2%,false,false
,S&P/CS Composite-20 HPI y/y,USD,2018-11-27T09:00:00Z,None,5.3%,5.5%,5.1%,false,false
,CB Consumer Confidence,USD,2018-11-27T10:00:00Z,High,136.2,137.9,135.7,false,false
,FOMC Member Bostic Speaks,USD,2018-11-27T14:30:00Z,None,,,,false,false
,RBNZ Financial Stability Report,NZD,2018-11-27T15:00:00Z,High,,,,false,false
,API Weekly Statistical Bulletin,USD,2018-11-27T16:30:00Z,None,,,,false,false
,RBNZ Gov Orr Speaks,NZD,2018-11-27T17:00:00Z,High,,,,false,false
,RBNZ Gov Orr Speaks,NZD,2018-11-27T19:00:00Z,High,,,,false,false
,BRC Shop Price Index y/y,GBP,2018-11-27T19:01:00Z,None,,-0.2%,0.1%,false,false
,Construction Work Done q/q,AUD,2018-11-27T19:30:00Z,None,0.9%,1.8%,-2.8%,false,false
,German GfK Consumer Climate,EUR,2018-11-28T02:00:00Z,None,10.5,10.6,10.4,false,false
,UBS Economic Expectations,CHF,2018-11-28T04:00:00Z,None,,-39.1,-42.3,false,false
,M3 Money Supply y/y,EUR,2018-11-28T04:00:00Z,None,3.5%,3.6%,3.9%,false,false
,Private Loans y/y,EUR,2018-11-28T04:03:00Z,None,3.2%,3.2%,3.2%,false,false
,German 10-y Bond Auction,EUR,2018-11-28T05:34:00Z,None,,0.42|1.4,0.34|1.6,false,false
,Prelim GDP q/q,USD,2018-11-28T08:30:00Z,High,3.6%,3.5%,3.5%,false,false
,Goods Trade Balance,USD,2018-11-28T08:30:00Z,None,-76.7B,-76.3B,-77.2B,false,false
,Prelim GDP Price Index q/q,USD,2018-11-28T08:30:00Z,None,1.7%,1.7%,1.7%,false,false
,Prelim Wholesale Inventories m/m,USD,2018-11-28T08:30:00Z,None,0.5%,0.4%,0.7%,false,false
,New Home Sales,USD,2018-11-28T10:00:00Z,None,583K,597K,544K,false,false
,Richmond Manufacturing Index,USD,2018-11-28T10:00:00Z,None,16,15,14,false,false
,Crude Oil Inventories,USD,2018-11-28T10:30:00Z,None,0.6M,4.9M,3.6M,false,false
,Bank Stress Test Results,GBP,2018-11-28T11:40:00Z,High,,,,false,false
,BOE Financial Stability Report,GBP,2018-11-28T11:40:00Z,None,,,,false,false
,FPC Statement,GBP,2018-11-28T11:40:00Z,None,,,,false,false
,BOE Gov Carney Speaks,GBP,2018-11-28T11:45:00Z,High,,,,false,false
,FOMC Member Powell Speaks,USD,2018-11-28T12:00:00Z,High,,,,false,false
,Retail Sales y/y,JPY,2018-11-28T18:50:00Z,None,2.7%,2.2%,3.5%,false,false
,ANZ Business Confidence,NZD,2018-11-28T19:00:00Z,High,,-37.1,-37.1,false,false
,Private Capital Expenditure q/q,AUD,2018-11-28T19:30:00Z,High,1.1%,-0.9%,-0.5%,false,false
,HIA New Home Sales m/m,AUD,2018-11-28T23:00:00Z,None,,1.1%,-0.8%,false,false
,German Prelim CPI m/m,EUR,2018-11-29T00:00:00Z,None,0.2%,0.2%,0.1%,true,false
,GDP q/q,CHF,2018-11-29T01:45:00Z,None,0.4%,0.7%,-0.2%,false,false
,French Consumer Spending m/m,EUR,2018-11-29T02:45:00Z,None,0.5%,-2.0%,0.8%,false,false
,French Prelim GDP q/q,EUR,2018-11-29T02:45:00Z,None,0.4%,0.4%,0.4%,false,false
,Spanish Flash CPI y/y,EUR,2018-11-29T03:00:00Z,None,2.0%,2.3%,1.7%,false,false
,German Unemployment Change,EUR,2018-11-29T03:55:00Z,None,-10K,-12K,-16K,false,false
,Net Lending to Individuals m/m,GBP,2018-11-29T04:30:00Z,None,4.5B,4.9B,5.0B,false,false
,M4 Money Supply m/m,GBP,2018-11-29T04:30:00Z,None,0.3%,-0.3%,0.7%,false,false
,Mortgage Approvals,GBP,2018-11-29T04:30:00Z,None,65K,66K,67K,false,false
,Italian 10-y Bond Auction,EUR,2018-11-29T05:21:00Z,None,,3.36|1.5,3.24|1.4,false,false
,ECB Financial Stability Review,EUR,2018-11-29T06:30:00Z,None,,,,false,false
,Current Account,CAD,2018-11-29T08:30:00Z,None,-11.9B,-16.7B,-10.3B,false,false
,Core PCE Price Index m/m,USD,2018-11-29T08:30:00Z,None,0.2%,0.2%,0.1%,false,false
,Personal Spending m/m,USD,2018-11-29T08:30:00Z,None,0.4%,0.2%,0.6%,false,false
,Personal Income m/m,USD,2018-11-29T08:30:00Z,None,0.4%,0.2%,0.5%,false,false
,Unemployment Claims,USD,2018-11-29T08:30:00Z,None,221K,224K,234K,false,false
,GfK Consumer Confidence,GBP,2018-11-29T08:37:00Z,None,-11,-10,-13,false,false
,Pending Home Sales m/m,USD,2018-11-29T10:00:00Z,None,0.8%,0.7%,-2.6%,false,false
,Natural Gas Storage,USD,2018-11-29T10:30:00Z,None,-76B,-134B,-59B,false,false
,FOMC Meeting Minutes,USD,2018-11-29T14:00:00Z,High,,,,false,false
,Building Consents m/m,NZD,2018-11-29T16:45:00Z,None,,-1.3%,1.5%,false,false
,Tokyo Core CPI y/y,JPY,2018-11-29T18:30:00Z,None,1.1%,1.0%,1.0%,false,false
,Unemployment Rate,JPY,2018-11-29T18:30:00Z,None,2.3%,2.3%,2.4%,false,false
,Prelim Industrial Production m/m,JPY,2018-11-29T18:50:00Z,None,1.3%,-0.4%,2.9%,false,false
,Private Sector Credit m/m,AUD,2018-11-29T19:30:00Z,None,0.4%,0.4%,0.4%,false,false
,Manufacturing PMI,CNY,2018-11-29T19:59:00Z,None,50.2,50.2,50.0,false,false
,Non-Manufacturing PMI,CNY,2018-11-29T20:00:00Z,None,53.8,53.9,53.4,false,false
,RBNZ Gov Orr Speaks,NZD,2018-11-29T20:00:00Z,High,,,,false,false
,Consumer Confidence,JPY,2018-11-30T00:00:00Z,None,43.3,43.0,42.9,false,false
,G20 Meetings,All,2018-11-30T00:00:00Z,High,,,,false,false
,Housing Starts y/y,JPY,2018-11-30T00:02:00Z,None,0.4%,-1.5%,0.3%,false,false
,Nationwide HPI m/m,GBP,2018-11-30T01:59:00Z,None,0.1%,0.0%,0.3%,false,false
,German Import Prices m/m,EUR,2018-11-30T02:00:00Z,None,0.4%,0.4%,1.0%,false,false
,German Retail Sales m/m,EUR,2018-11-30T02:00:00Z,None,0.4%,0.1%,-0.3%,false,false
,French Prelim CPI m/m,EUR,2018-11-30T02:45:00Z,None,-0.2%,0.1%,-0.2%,false,false
,KOF Economic Barometer,CHF,2018-11-30T03:00:00Z,None,99.6,100.2,99.1,false,false
,Italian Monthly Unemployment Rate,EUR,2018-11-30T04:00:00Z,None,10.1%,10.3%,10.6%,false,false
,Core CPI Flash Estimate y/y,EUR,2018-11-30T05:00:00Z,None,1.1%,1.1%,1.0%,false,false
,CPI Flash Estimate y/y,EUR,2018-11-30T05:00:00Z,None,2.1%,2.2%,2.0%,false,false
,Italian Prelim CPI m/m,EUR,2018-11-30T05:00:00Z,None,-0.3%,0.0%,-0.1%,false,false
,Unemployment Rate,EUR,2018-11-30T05:00:00Z,None,8.0%,8.1%,8.1%,false,false
,GDP m/m,CAD,2018-11-30T08:30:00Z,High,0.1%,0.1%,-0.1%,false,false
,RMPI m/m,CAD,2018-11-30T08:30:00Z,None,-5.2%,-1.0%,-2.4%,false,false
,IPPI m/m,CAD,2018-11-30T08:30:00Z,None,-0.5%,0.2%,0.2%,false,false
,FOMC Member Williams Speaks,USD,2018-11-30T09:00:00Z,None,,,,false,false
,Chicago PMI,USD,2018-11-30T09:45:00Z,None,58.6,58.4,66.4,false,false
,G20 Meetings,All,2018-12-01T00:00:00Z,High,,,,false,false
,SNB Chairman Jordan Speaks,CHF,2018-12-01T04:00:00Z,None,,,,false,false
,AIG Manufacturing Index,AUD,2018-12-02T16:30:00Z,None,,58.3,51.3,false,false
,Overseas Trade Index q/q,NZD,2018-12-02T16:45:00Z,None,0.1%,0.4%,-0.3%,false,false
,Capital Spending q/y,JPY,2018-12-02T18:50:00Z,None,8.6%,12.8%,4.5%,false,false
,MI Inflation Gauge m/m,AUD,2018-12-02T19:00:00Z,None,,0.1%,0.0%,false,false
,Building Approvals m/m,AUD,2018-12-02T19:30:00Z,None,-1.4%,5.5%,-1.5%,false,false
,Company Operating Profits q/q,AUD,2018-12-02T19:30:00Z,None,2.9%,2.4%,1.9%,false,false
,ANZ Job Advertisements m/m,AUD,2018-12-02T19:30:00Z,None,,0.3%,-0.3%,false,false
,Final Manufacturing PMI,JPY,2018-12-02T19:30:00Z,None,51.8,51.8,52.2,false,false
,RatingDog Manufacturing PMI,CNY,2018-12-02T20:45:00Z,None,50.1,50.1,50.2,false,false
,Eurogroup Meetings,EUR,2018-12-03T00:00:00Z,None,,,,true,false
,Omdia Total Vehicle Sales,USD,2018-12-03T00:00:00Z,None,17.2M,17.5M,17.4M,true,false
,Total Vehicle Sales,USD,2018-12-03T00:00:00Z,None,17.3M,17.6M,17.5M,true,false
,Commodity Prices y/y,AUD,2018-12-03T00:30:00Z,None,,14.9%,14.9%,false,false
,Retail Sales y/y,CHF,2018-12-03T03:15:00Z,None,-0.7%,-2.5%,0.8%,false,false
,Spanish Manufacturing PMI,EUR,2018-12-03T03:15:00Z,None,51.5,51.8,52.6,false,false
,Manufacturing PMI,CHF,2018-12-03T03:30:00Z,None,56.3,57.4,57.7,false,false
,Italian Manufacturing PMI,EUR,2018-12-03T03:45:00Z,None,48.9,49.2,48.6,false,false
,French Final Manufacturing PMI,EUR,2018-12-03T03:50:00Z,None,50.7,50.7,50.8,false,false
,German Final Manufacturing PMI,EUR,2018-12-03T03:55:00Z,None,51.6,51.6,51.8,false,false
,Final Manufacturing PMI,EUR,2018-12-03T04:00:00Z,None,51.5,51.5,51.8,false,false
,Final Manufacturing PMI,GBP,2018-12-03T04:30:00Z,None,51.6,51.1,53.1,false,false
,FOMC Member Clarida Speaks,USD,2018-12-03T06:30:00Z,None,,,,false,false
,FOMC Member Quarles Speaks,USD,2018-12-03T08:00:00Z,None,,,,false,false
,FOMC Member Williams Speaks,USD,2018-12-03T09:15:00Z,None,,,,false,false
,Manufacturing PMI,CAD,2018-12-03T09:30:00Z,None,,53.9,54.9,false,false
,Final Manufacturing PMI,USD,2018-12-03T09:45:00Z,None,55.4,55.4,55.3,false,false
,ISM Manufacturing PMI,USD,2018-12-03T10:00:00Z,High,57.5,57.7,59.3,false,false
,Construction Spending m/m,USD,2018-12-03T10:00:00Z,None,0.4%,-0.1%,-0.1%,false,false
,ISM Manufacturing Prices,USD,2018-12-03T10:00:00Z,None,70.1,71.6,60.7,false,false
,FOMC Member Brainard Speaks,USD,2018-12-03T10:30:00Z,None,,,,false,false
,MPC Member Haldane Speaks,GBP,2018-12-03T12:30:00Z,None,,,,false,false
,FOMC Member Powell Speaks,USD,2018-12-03T18:00:00Z,High,,,,false,false
,FOMC Member Brainard Speaks,USD,2018-12-03T18:00:00Z,None,,,,false,false
,Monetary Base y/y,JPY,2018-12-03T18:50:00Z,None,5.7%,5.9%,6.1%,false,false
,BRC Retail Sales Monitor y/y,GBP,2018-12-03T19:01:00Z,None,0.3%,0.1%,-0.5%,false,false
,Current Account,AUD,2018-12-03T19:30:00Z,None,-10.2B,-12.1B,-10.7B,false,false
,RBA Rate Statement,AUD,2018-12-03T22:30:00Z,High,,,,false,false
,Cash Rate,AUD,2018-12-03T22:30:00Z,None,1.50%,1.50%,1.50%,false,false
,10-y Bond Auction,JPY,2018-12-03T22:35:00Z,None,,0.14|4.3,0.07|3.8,false,false
,ECOFIN Meetings,EUR,2018-12-04T00:00:00Z,None,,,,true,false
,French Gov Budget Balance,EUR,2018-12-04T02:45:00Z,None,,-87.1B,-87.0B,false,false
,Spanish Unemployment Change,EUR,2018-12-04T03:00:00Z,None,34.2K,52.2K,-1.8K,false,false
,CPI m/m,CHF,2018-12-04T03:15:00Z,None,-0.1%,0.2%,-0.3%,false,false
,BOE Gov Carney Speaks,GBP,2018-12-04T04:15:00Z,High,,,,false,false
,Construction PMI,GBP,2018-12-04T04:30:00Z,None,52.5,53.2,53.4,false,false
,PPI m/m,EUR,2018-12-04T05:00:00Z,None,0.5%,0.6%,0.8%,false,false
,Labor Productivity q/q,CAD,2018-12-04T08:30:00Z,None,0.4%,0.7%,0.3%,false,false
,GDT Price Index,NZD,2018-12-04T09:35:00Z,None,,-3.5%,2.2%,false,false
,FOMC Member Williams Speaks,USD,2018-12-04T10:00:00Z,None,,,,false,false
,RCM/TIPP Economic Optimism,USD,2018-12-04T10:00:00Z,None,57.3,56.4,52.6,false,false
,MPC Member Vlieghe Speaks,GBP,2018-12-04T13:00:00Z,None,,,,false,false
,AIG Services Index,AUD,2018-12-04T16:30:00Z,None,,51.1,55.1,false,false
,API Weekly Statistical Bulletin,USD,2018-12-04T16:30:00Z,None,,,,false,false
,ANZ Commodity Prices m/m,NZD,2018-12-04T19:00:00Z,None,,-2.4%,-0.6%,false,false
,GDP q/q,AUD,2018-12-04T19:30:00Z,High,0.6%,0.9%,0.3%,false,false
,RatingDog Services PMI,CNY,2018-12-04T20:45:00Z,None,50.7,50.8,53.8,false,false
,OPEC-JMMC Meetings,All,2018-12-05T00:00:00Z,None,,,,true,false
,Spanish Services PMI,EUR,2018-12-05T03:15:00Z,None,53.9,54.0,54.0,false,false
,ECB President Draghi Speaks,EUR,2018-12-05T03:30:00Z,None,,,,false,false
,Italian Services PMI,EUR,2018-12-05T03:45:00Z,None,49.2,49.2,50.3,false,false
,French Final Services PMI,EUR,2018-12-05T03:50:00Z,None,55.0,55.0,55.1,false,false
,German Final Services PMI,EUR,2018-12-05T03:55:00Z,None,53.3,53.3,53.3,false,false
,Final Services PMI,EUR,2018-12-05T04:00:00Z,None,53.1,53.1,53.4,false,false
,Final Services PMI,GBP,2018-12-05T04:30:00Z,None,52.5,52.2,50.4,false,false
,FPC Meeting Minutes,GBP,2018-12-05T04:30:00Z,None,,,,false,false
,Spanish 10-y Bond Auction,EUR,2018-12-05T04:41:00Z,None,,1.61|1.6,1.46|1.9,false,false
,Retail Sales m/m,EUR,2018-12-05T05:00:00Z,None,0.2%,-0.5%,0.3%,false,false
,BOC Rate Statement,CAD,2018-12-05T10:00:00Z,High,,,,false,false
,Overnight Rate,CAD,2018-12-05T10:00:00Z,High,1.75%,1.75%,1.75%,false,false
,Beige Book,USD,2018-12-05T14:00:00Z,None,,,,false,false
,Retail Sales m/m,AUD,2018-12-05T19:30:00Z,High,0.3%,0.1%,0.3%,false,false
,Goods Trade Balance,AUD,2018-12-05T19:30:00Z,None,3.10B,2.94B,2.32B,false,false
,FOMC Member Quarles Speaks,USD,2018-12-05T20:15:00Z,None,,,,false,false
,OPEC Meetings,All,2018-12-06T00:00:00Z,High,,,,true,false
,German Factory Orders m/m,EUR,2018-12-06T02:00:00Z,None,-0.4%,0.1%,0.3%,false,false
,RBA Deputy Gov Debelle Speaks,AUD,2018-12-06T04:05:00Z,None,,,,false,false
,MPC Member Ramsden Speaks,GBP,2018-12-06T05:00:00Z,None,,,,false,false
,30-y Bond Auction,GBP,2018-12-06T05:34:00Z,None,,1.83|1.8,1.91|2.4,false,false
,Challenger Job Cuts y/y,USD,2018-12-06T07:30:00Z,None,,153.6%,51.5%,false,false
,ADP Non-Farm Employment Change,USD,2018-12-06T08:15:00Z,None,195K,225K,179K,false,false
,Trade Balance,CAD,2018-12-06T08:30:00Z,High,-0.7B,-0.9B,-1.2B,false,false
,Revised Nonfarm Productivity q/q,USD,2018-12-06T08:30:00Z,None,2.3%,2.2%,2.3%,false,false
,Revised Unit Labor Costs q/q,USD,2018-12-06T08:30:00Z,None,1.1%,1.2%,0.9%,false,false
,Trade Balance,USD,2018-12-06T08:30:00Z,None,-55.2B,-54.6B,-55.5B,false,false
,Unemployment Claims,USD,2018-12-06T08:30:00Z,None,226K,235K,231K,false,false
,BOC Gov Poloz Speaks,CAD,2018-12-06T08:35:00Z,High,,,,false,false
,Final Services PMI,USD,2018-12-06T09:45:00Z,None,54.4,54.4,54.7,false,false
,Ivey PMI,CAD,2018-12-06T10:00:00Z,None,59.9,61.8,57.2,false,false
,ISM Services PMI,USD,2018-12-06T10:00:00Z,High,59.1,60.3,60.7,false,false
,Factory Orders m/m,USD,2018-12-06T10:00:00Z,None,-1.9%,0.2%,-2.1%,false,false
,Crude Oil Inventories,USD,2018-12-06T11:00:00Z,None,-1.3M,3.6M,-7.3M,false,false
,FOMC Member Bostic Speaks,USD,2018-12-06T12:15:00Z,None,,,,false,false
,AIG Construction Index,AUD,2018-12-06T16:30:00Z,None,,46.4,44.5,false,false
,Household Spending y/y,JPY,2018-12-06T18:30:00Z,None,1.2%,-1.6%,-0.3%,false,false
,FOMC Member Williams Speaks,USD,2018-12-06T18:30:00Z,None,,,,false,false
,FOMC Member Powell Speaks,USD,2018-12-06T18:45:00Z,High,,,,false,false
,Average Cash Earnings y/y,JPY,2018-12-06T19:00:00Z,None,1.0%,0.8%,1.5%,false,false
,OPEC Meetings,All,2018-12-07T00:00:00Z,High,,,,true,false
,OPEC-JMMC Meetings,All,2018-12-07T00:00:00Z,None,,,,true,false
,Leading Indicators,JPY,2018-12-07T00:02:00Z,None,104.8%,104.3%,100.5%,false,false
,German Industrial Production m/m,EUR,2018-12-07T02:00:00Z,None,0.3%,0.1%,-0.5%,false,false
,French Industrial Production m/m,EUR,2018-12-07T02:45:00Z,None,0.8%,-1.6%,1.2%,false,false
,French Trade Balance,EUR,2018-12-07T02:45:00Z,None,-5.9B,-5.4B,-4.1B,false,false
,Foreign Currency Reserves,CHF,2018-12-07T03:00:00Z,None,,753B,749B,false,false
,Lloyds HPI m/m,GBP,2018-12-07T03:30:00Z,None,0.3%,0.7%,-1.4%,false,false
,Italian Retail Sales m/m,EUR,2018-12-07T04:00:00Z,None,-0.2%,-0.8%,0.1%,false,false
,Consumer Inflation Expectations,GBP,2018-12-07T04:30:00Z,None,,3.0%,3.2%,false,false
,Final Employment Change q/q,EUR,2018-12-07T05:00:00Z,None,0.2%,0.2%,0.2%,false,false
,Revised GDP q/q,EUR,2018-12-07T05:00:00Z,None,0.2%,0.2%,0.2%,false,false
,Employment Change,CAD,2018-12-07T08:30:00Z,High,10.5K,11.2K,94.1K,false,false
,Unemployment Rate,CAD,2018-12-07T08:30:00Z,High,5.8%,5.8%,5.6%,false,false
,Average Hourly Earnings m/m,USD,2018-12-07T08:30:00Z,High,0.3%,0.1%,0.2%,false,false
,Non-Farm Employment Change,USD,2018-12-07T08:30:00Z,High,198K,237K,155K,false,false
,Unemployment Rate,USD,2018-12-07T08:30:00Z,High,3.7%,3.7%,3.7%,false,false
,Prelim UoM Consumer Sentiment,USD,2018-12-07T10:00:00Z,None,97.0,97.5,97.5,false,false
,Final Wholesale Inventories m/m,USD,2018-12-07T10:00:00Z,None,0.7%,0.7%,0.8%,false,false
,Prelim UoM Inflation Expectations,USD,2018-12-07T10:00:00Z,None,,2.8%,2.7%,false,false
,Natural Gas Storage,USD,2018-12-07T10:30:00Z,None,-63B,-59B,-63B,false,false
,FOMC Member Brainard Speaks,USD,2018-12-07T12:00:00Z,None,,,,false,false
,Consumer Credit m/m,USD,2018-12-07T15:00:00Z,None,15.1B,11.6B,25.4B,false,false
,Trade Balance,CNY,2018-12-07T22:07:00Z,None,227B,234B,306B,false,false
,USD-Denominated Trade Balance,CNY,2018-12-07T22:08:00Z,None,36.2B,34.0B,44.7B,false,false
,CPI y/y,CNY,2018-12-08T20:30:00Z,None,2.4%,2.5%,2.2%,false,false
,PPI y/y,CNY,2018-12-08T20:30:00Z,None,2.8%,3.3%,2.7%,false,false
,RBA Assist Gov Kent Speaks,AUD,2018-12-09T16:35:00Z,None,,,,false,false
,Manufacturing Sales q/q,NZD,2018-12-09T16:45:00Z,None,,1.8%,2.0%,false,false
,Bank Lending y/y,JPY,2018-12-09T18:50:00Z,None,2.2%,2.2%,2.1%,false,false
,Current Account,JPY,2018-12-09T18:50:00Z,None,1.29T,1.33T,1.21T,false,false
,Final GDP q/q,JPY,2018-12-09T18:50:00Z,None,-0.5%,-0.3%,-0.6%,false,false
,Final GDP Price Index y/y,JPY,2018-12-09T18:53:00Z,None,-0.3%,-0.3%,-0.3%,false,false
,Home Loans m/m,AUD,2018-12-09T19:30:00Z,None,-0.5%,-1.0%,2.2%,false,false
,Economy Watchers Sentiment,JPY,2018-12-10T00:02:00Z,None,49.5,49.5,51.0,false,false
,Gov Council Member Lane Speaks,CAD,2018-12-10T01:30:00Z,None,,,,false,false
,MPC Member Cunliffe Speaks,GBP,2018-12-10T01:30:00Z,None,,,,false,false
,Unemployment Rate,CHF,2018-12-10T01:45:00Z,None,2.5%,2.5%,2.4%,false,false
,German Trade Balance,EUR,2018-12-10T02:00:00Z,None,17.2B,17.7B,17.3B,false,false
,Italian Industrial Production m/m,EUR,2018-12-10T04:00:00Z,None,-0.4%,-0.1%,0.1%,false,false
,Sentix Investor Confidence,EUR,2018-12-10T04:30:00Z,None,8.4,8.8,-0.3,false,false
,GDP m/m,GBP,2018-12-10T04:30:00Z,High,0.1%,0.0%,0.1%,false,false
,Manufacturing Production m/m,GBP,2018-12-10T04:30:00Z,High,0.0%,0.2%,-0.9%,false,false
,Construction Output m/m,GBP,2018-12-10T04:30:00Z,None,-0.4%,1.7%,-0.2%,false,false
,Goods Trade Balance,GBP,2018-12-10T04:30:00Z,None,-10.5B,-10.7B,-11.9B,false,false
,Index of Services 3m/3m,GBP,2018-12-10T04:30:00Z,None,0.3%,0.4%,0.3%,false,false
,Industrial Production m/m,GBP,2018-12-10T04:30:00Z,None,-0.4%,0.0%,-0.6%,false,false
,Gov Council Member Lane Speaks,CAD,2018-12-10T07:45:00Z,None,,,,false,false
,Housing Starts,CAD,2018-12-10T08:13:00Z,None,198K,207K,216K,false,false
,NIESR GDP Estimate,GBP,2018-12-10T08:24:00Z,None,,0.4%,0.3%,false,false
,Building Permits m/m,CAD,2018-12-10T08:30:00Z,None,-0.2%,0.4%,-0.2%,false,false
,JOLTS Job Openings,USD,2018-12-10T10:00:00Z,None,7.22M,6.96M,7.08M,false,false
,Prime Minister May Speaks,GBP,2018-12-10T10:30:00Z,High,,,,false,false
,BSI Manufacturing Index,JPY,2018-12-10T18:50:00Z,None,4.3,6.5,5.5,false,false
,M2 Money Stock y/y,JPY,2018-12-10T18:50:00Z,None,2.6%,2.7%,2.3%,false,false
,HPI q/q,AUD,2018-12-10T19:30:00Z,None,-1.5%,-0.7%,-1.5%,false,false
,NAB Business Confidence,AUD,2018-12-10T19:30:00Z,None,,5,3,false,false
,30-y Bond Auction,JPY,2018-12-10T22:35:00Z,None,,0.87|4.0,0.79|3.8,false,false
,Prelim Machine Tool Orders y/y,JPY,2018-12-11T00:58:00Z,None,,-0.7%,-16.8%,false,false
,French Final Private Payrolls q/q,EUR,2018-12-11T01:30:00Z,None,0.2%,0.2%,0.1%,false,false
,M2 Money Supply y/y,CNY,2018-12-11T04:01:00Z,None,8.0%,8.0%,8.0%,false,false
,New Loans,CNY,2018-12-11T04:01:00Z,None,1200B,697B,1250B,false,false
,Average Earnings Index 3m/y,GBP,2018-12-11T04:30:00Z,High,3.0%,3.1%,3.3%,false,false
,Unemployment Rate,GBP,2018-12-11T04:30:00Z,None,4.1%,4.1%,4.1%,false,false
,Claimant Count Change,GBP,2018-12-11T04:30:00Z,None,13.2K,23.2K,21.9K,false,false
,German ZEW Economic Sentiment,EUR,2018-12-11T05:00:00Z,None,-25.0,-24.1,-17.5,false,false
,ZEW Economic Sentiment,EUR,2018-12-11T05:00:00Z,None,-23.2,-22.0,-21.0,false,false
,NFIB Small Business Index,USD,2018-12-11T05:45:00Z,None,107.3,107.4,104.8,false,false
,PPI m/m,USD,2018-12-11T08:30:00Z,High,0.0%,0.6%,0.1%,false,false
,Core PPI m/m,USD,2018-12-11T08:30:00Z,None,0.1%,0.5%,0.3%,false,false
,RBNZ Gov Orr Speaks,NZD,2018-12-11T14:15:00Z,High,,,,false,false
,API Weekly Statistical Bulletin,USD,2018-12-11T16:30:00Z,None,,,,false,false
,Westpac Consumer Sentiment,AUD,2018-12-11T18:27:00Z,None,,2.8%,0.1%,false,false
,Core Machinery Orders m/m,JPY,2018-12-11T18:50:00Z,None,10.2%,-18.3%,7.6%,false,false
,PPI y/y,JPY,2018-12-11T18:50:00Z,None,2.4%,3.0%,2.3%,false,false
,Tertiary Industry Activity m/m,JPY,2018-12-11T23:30:00Z,None,0.9%,-1.2%,1.9%,false,false
,Italian Quarterly Unemployment Rate,EUR,2018-12-12T04:00:00Z,None,10.3%,10.7%,10.2%,false,false
,Industrial Production m/m,EUR,2018-12-12T05:00:00Z,None,0.2%,-0.6%,0.2%,false,false
,Capacity Utilization Rate,CAD,2018-12-12T08:30:00Z,None,85.8%,84.1%,82.6%,false,false
,Core CPI m/m,USD,2018-12-12T08:30:00Z,High,0.2%,0.2%,0.2%,false,false
,Core CPI y/y,USD,2018-12-12T08:30:00Z,High,2.1%,2.1%,2.2%,false,false
,CPI m/m,USD,2018-12-12T08:30:00Z,High,0.0%,0.3%,0.0%,false,false
,CPI y/y,USD,2018-12-12T08:30:00Z,High,2.2%,2.5%,2.2%,false,false
,Crude Oil Inventories,USD,2018-12-12T10:30:00Z,None,-3.0M,-7.3M,-1.2M,false,false
,10-y Bond Auction,USD,2018-12-12T13:01:00Z,None,,3.21|2.5,2.92|2.4,false,false
,FPI m/m,NZD,2018-12-12T16:45:00Z,None,,-0.6%,-0.6%,false,false
,MI Inflation Expectations,AUD,2018-12-12T19:00:00Z,None,,3.6%,4.0%,false,false
,RICS House Price Balance,GBP,2018-12-12T19:01:00Z,None,-10%,-10%,-11%,false,false
,RBA Bulletin,AUD,2018-12-12T19:30:00Z,None,,,,false,false
,Foreign Direct Investment ytd/y,CNY,2018-12-13T01:46:00Z,None,,3.3%,-1.3%,false,false
,German Final CPI m/m,EUR,2018-12-13T02:00:00Z,None,0.1%,0.1%,0.1%,false,false
,French Final CPI m/m,EUR,2018-12-13T02:45:00Z,None,-0.2%,-0.2%,-0.2%,false,false
,PPI m/m,CHF,2018-12-13T03:15:00Z,None,0.1%,0.2%,-0.3%,false,false
,SNB Monetary Policy Assessment,CHF,2018-12-13T03:30:00Z,High,,,,false,false
,Libor Rate,CHF,2018-12-13T03:30:00Z,None,-0.75%,-0.75%,-0.75%,false,false
,SNB Press Conference,CHF,2018-12-13T04:00:00Z,High,,,,false,false
,Main Refinancing Rate,EUR,2018-12-13T07:45:00Z,High,0.00%,0.00%,0.00%,false,false
,Monetary Policy Statement,EUR,2018-12-13T07:45:00Z,High,,,,false,false
,NHPI m/m,CAD,2018-12-13T08:30:00Z,None,0.0%,0.0%,0.0%,false,false
,ECB Press Conference,EUR,2018-12-13T08:30:00Z,High,,,,false,false
,Import Prices m/m,USD,2018-12-13T08:30:00Z,None,-1.0%,0.5%,-1.6%,false,false
,Unemployment Claims,USD,2018-12-13T08:30:00Z,None,226K,233K,206K,false,false
,Natural Gas Storage,USD,2018-12-13T10:30:00Z,None,-81B,-63B,-77B,false,false
,30-y Bond Auction,USD,2018-12-13T13:01:00Z,None,,3.42|2.1,3.17|2.3,false,false
,Federal Budget Balance,USD,2018-12-13T14:00:00Z,None,-193.5B,-100.5B,-204.9B,false,false
,BusinessNZ Manufacturing Index,NZD,2018-12-13T16:30:00Z,None,,53.7,53.5,false,false
,Flash Manufacturing PMI,AUD,2018-12-13T17:00:00Z,None,,54.6,53.7,false,false
,Flash Services PMI,AUD,2018-12-13T17:00:00Z,None,,53.7,52.2,false,false
,Tankan Manufacturing Index,JPY,2018-12-13T18:50:00Z,None,18,19,19,false,false
,Tankan Non-Manufacturing Index,JPY,2018-12-13T18:50:00Z,None,21,22,24,false,false
,Flash Manufacturing PMI,JPY,2018-12-13T19:30:00Z,None,52.3,52.2,52.4,false,false
,Fixed Asset Investment ytd/y,CNY,2018-12-13T21:00:00Z,None,5.9%,5.7%,5.9%,false,false
,Industrial Production y/y,CNY,2018-12-13T21:00:00Z,None,5.9%,5.9%,5.4%,false,false
,Retail Sales y/y,CNY,2018-12-13T21:00:00Z,None,8.8%,8.6%,8.1%,false,false
,Unemployment Rate,CNY,2018-12-13T21:00:00Z,None,,4.9%,4.8%,false,false
,Revised Industrial Production m/m,JPY,2018-12-13T23:30:00Z,None,2.8%,2.9%,2.9%,false,false
,Euro Summit,EUR,2018-12-14T00:00:00Z,None,,,,true,false
,German WPI m/m,EUR,2018-12-14T02:00:00Z,None,0.2%,0.3%,0.2%,false,false
,French Flash Manufacturing PMI,EUR,2018-12-14T03:15:00Z,None,50.7,50.8,49.7,false,false
,French Flash Services PMI,EUR,2018-12-14T03:15:00Z,None,54.8,55.1,49.6,false,false
,German Flash Manufacturing PMI,EUR,2018-12-14T03:30:00Z,None,51.8,51.8,51.5,false,false
,German Flash Services PMI,EUR,2018-12-14T03:30:00Z,None,53.4,53.3,52.5,false,false
,Flash Manufacturing PMI,EUR,2018-12-14T04:00:00Z,None,51.9,51.8,51.4,false,false
,Flash Services PMI,EUR,2018-12-14T04:00:00Z,None,53.4,53.4,51.4,false,false
,Core Retail Sales m/m,USD,2018-12-14T08:30:00Z,High,0.2%,1.0%,0.2%,false,false
,Retail Sales m/m,USD,2018-12-14T08:30:00Z,High,0.1%,1.1%,0.2%,false,false
,Capacity Utilization Rate,USD,2018-12-14T09:15:00Z,None,78.6%,78.1%,78.5%,false,false
,Industrial Production m/m,USD,2018-12-14T09:15:00Z,None,0.3%,-0.2%,0.6%,false,false
,CB Leading Index m/m,GBP,2018-12-14T09:30:00Z,None,,-0.4%,-0.4%,false,false
,Flash Manufacturing PMI,USD,2018-12-14T09:45:00Z,None,55.1,55.3,53.9,false,false
,Flash Services PMI,USD,2018-12-14T09:45:00Z,None,54.7,54.7,53.4,false,false
,Business Inventories m/m,USD,2018-12-14T10:00:00Z,None,0.6%,0.5%,0.6%,false,false
,New Home Prices m/m,CNY,2018-12-14T20:30:00Z,None,,1.02%,0.98%,false,false
,ECB President Draghi Speaks,EUR,2018-12-15T05:30:00Z,None,,,,false,false
,BusinessNZ Services Index,NZD,2018-12-16T16:30:00Z,None,,55.4,53.5,false,false
,Rightmove HPI m/m,GBP,2018-12-16T19:01:00Z,None,,-1.7%,-1.5%,false,false
,Mid-Year Economic and Fiscal Outlook,AUD,2018-12-16T19:30:00Z,None,,,,false,false
,Italian Trade Balance,EUR,2018-12-17T04:08:00Z,None,1.89B,1.27B,3.78B,false,false
,Final Core CPI y/y,EUR,2018-12-17T05:00:00Z,None,1.0%,1.0%,1.0%,false,false
,Final CPI y/y,EUR,2018-12-17T05:00:00Z,None,2.0%,2.0%,1.9%,false,false
,Trade Balance,EUR,2018-12-17T05:00:00Z,None,14.2B,13.0B,12.5B,false,false
,German Buba Monthly Report,EUR,2018-12-17T06:00:00Z,None,,,,false,false
,Foreign Securities Purchases,CAD,2018-12-17T08:30:00Z,None,6.20B,7.76B,3.98B,false,false
,Empire State Manufacturing Index,USD,2018-12-17T08:30:00Z,None,20.1,23.3,10.9,false,false
,NAHB Housing Market Index,USD,2018-12-17T10:00:00Z,None,61,60,56,false,false
,CB Leading Index m/m,AUD,2018-12-17T10:30:00Z,None,,-0.1%,-0.5%,false,false
,TIC Long-Term Purchases,USD,2018-12-17T16:00:00Z,None,22.3B,30.8B,31.3B,false,false
,ANZ Business Confidence,NZD,2018-12-17T19:00:00Z,None,,-37.1,-24.1,false,false
,Monetary Policy Meeting Minutes,AUD,2018-12-17T19:30:00Z,None,,,,false,false
,HIA New Home Sales m/m,AUD,2018-12-17T20:40:00Z,None,,-0.8%,3.6%,false,false
,SECO Economic Forecasts,CHF,2018-12-18T01:45:00Z,None,,,,false,false
,German ifo Business Climate,EUR,2018-12-18T04:00:00Z,None,101.8,102.0,101.0,false,false
,Manufacturing Sales m/m,CAD,2018-12-18T08:30:00Z,None,0.3%,0.2%,-0.1%,false,false
,Building Permits,USD,2018-12-18T08:30:00Z,None,1.27M,1.27M,1.33M,false,false
,Housing Starts,USD,2018-12-18T08:30:00Z,None,1.23M,1.22M,1.26M,false,false
,GDT Price Index,NZD,2018-12-18T09:26:00Z,None,,2.2%,1.7%,false,false
,Westpac Consumer Sentiment,NZD,2018-12-18T15:00:00Z,None,,103.5,109.1,false,false
,FOMC Financial Stability Report,USD,2018-12-18T16:00:00Z,None,,,,false,false
,API Weekly Statistical Bulletin,USD,2018-12-18T16:30:00Z,None,,,,false,false
,Current Account,NZD,2018-12-18T16:45:00Z,None,-5.94B,-1.63B,-6.15B,false,false
,MI Leading Index m/m,AUD,2018-12-18T18:30:00Z,None,,0.1%,-0.1%,false,false
,Trade Balance,JPY,2018-12-18T18:50:00Z,None,-0.31T,-0.29T,-0.49T,false,false
,German PPI m/m,EUR,2018-12-19T02:00:00Z,None,-0.1%,0.3%,0.1%,false,false
,CPI y/y,GBP,2018-12-19T04:30:00Z,High,2.3%,2.4%,2.3%,false,false
,PPI Input m/m,GBP,2018-12-19T04:30:00Z,None,-2.9%,0.8%,-2.3%,false,false
,RPI y/y,GBP,2018-12-19T04:30:00Z,None,3.2%,3.3%,3.2%,false,false
,Core CPI y/y,GBP,2018-12-19T04:30:00Z,None,1.8%,1.9%,1.8%,false,false
,HPI y/y,GBP,2018-12-19T04:30:00Z,None,3.3%,3.0%,2.7%,false,false
,PPI Output m/m,GBP,2018-12-19T04:30:00Z,None,-0.1%,0.3%,0.2%,false,false
,CBI Industrial Order Expectations,GBP,2018-12-19T06:00:00Z,None,6,10,8,false,false
,CPI m/m,CAD,2018-12-19T08:30:00Z,High,-0.4%,0.3%,-0.4%,false,false
,Common CPI y/y,CAD,2018-12-19T08:30:00Z,None,1.9%,1.9%,1.9%,false,false
,Median CPI y/y,CAD,2018-12-19T08:30:00Z,None,2.0%,2.0%,1.9%,false,false
,Trimmed CPI y/y,CAD,2018-12-19T08:30:00Z,None,2.1%,2.1%,1.9%,false,false
,Current Account,USD,2018-12-19T08:30:00Z,None,-125B,-101B,-125B,false,false
,Core CPI m/m,CAD,2018-12-19T08:32:00Z,None,,0.4%,-0.2%,false,false
,Belgian NBB Business Climate,EUR,2018-12-19T08:59:00Z,None,-0.9,0.4,-0.9,false,false
,SNB Quarterly Bulletin,CHF,2018-12-19T09:00:00Z,None,,,,false,false
,CB Leading Index m/m,CNY,2018-12-19T09:00:00Z,None,,1.2%,1.4%,false,false
,Existing Home Sales,USD,2018-12-19T10:00:00Z,None,5.20M,5.22M,5.32M,false,false
,Crude Oil Inventories,USD,2018-12-19T10:30:00Z,None,-2.7M,-1.2M,-0.5M,false,false
,Federal Funds Rate,USD,2018-12-19T14:00:00Z,High,2.50%,2.25%,2.50%,false,false
,FOMC Economic Projections,USD,2018-12-19T14:00:00Z,High,,,,false,false
,FOMC Statement,USD,2018-12-19T14:00:00Z,High,,,,false,false
,FOMC Press Conference,USD,2018-12-19T14:30:00Z,High,,,,false,false
,GDP q/q,NZD,2018-12-19T16:45:00Z,High,0.6%,1.0%,0.3%,false,false
,Trade Balance,NZD,2018-12-19T16:45:00Z,None,-880M,-1317M,-861M,false,false
,Employment Change,AUD,2018-12-19T19:30:00Z,High,20.0K,28.7K,37.0K,false,false
,Unemployment Rate,AUD,2018-12-19T19:30:00Z,High,5.0%,5.0%,5.1%,false,false
,Credit Card Spending y/y,NZD,2018-12-19T21:00:00Z,None,,6.4%,6.1%,false,false
,Monetary Policy Statement,JPY,2018-12-19T21:52:00Z,High,,,,false,false
,BOJ Policy Rate,JPY,2018-12-19T21:52:00Z,None,-0.10%,-0.10%,-0.10%,false,false
,All Industries Activity m/m,JPY,2018-12-19T23:30:00Z,None,2.0%,-1.0%,1.9%,false,false
,BOJ Press Conference,JPY,2018-12-20T01:30:00Z,High,,,,false,false
,Trade Balance,CHF,2018-12-20T02:00:00Z,None,3.20B,3.52B,4.74B,false,false
,Current Account,EUR,2018-12-20T04:00:00Z,None,18.4B,17.6B,23.0B,false,false
,Retail Sales m/m,GBP,2018-12-20T04:30:00Z,High,0.3%,-0.4%,1.4%,false,false
,CBI Realized Sales,GBP,2018-12-20T06:00:00Z,None,16,19,-13,false,false
,Monetary Policy Summary,GBP,2018-12-20T07:00:00Z,High,,,,false,false
,MPC Official Bank Rate Votes,GBP,2018-12-20T07:00:00Z,High,0-0-9,0-0-9,0-0-9,false,false
,Official Bank Rate,GBP,2018-12-20T07:00:00Z,None,0.75%,0.75%,0.75%,false,false
,Asset Purchase Facility,GBP,2018-12-20T07:00:00Z,None,435B,435B,435B,false,false
,MPC Asset Purchase Facility Votes,GBP,2018-12-20T07:03:00Z,None,0-0-9,0-0-9,0-0-9,false,false
,ADP Non-Farm Employment Change,CAD,2018-12-20T08:30:00Z,None,,1.8K,39.1K,false,false
,Wholesale Sales m/m,CAD,2018-12-20T08:30:00Z,None,0.4%,-0.7%,1.0%,false,false
,Philly Fed Manufacturing Index,USD,2018-12-20T08:30:00Z,None,15.1,12.9,9.4,false,false
,Unemployment Claims,USD,2018-12-20T08:30:00Z,None,216K,206K,214K,false,false
,CB Leading Index m/m,USD,2018-12-20T10:00:00Z,None,0.0%,-0.3%,0.2%,false,false
,Natural Gas Storage,USD,2018-12-20T10:30:00Z,None,-136B,-77B,-141B,false,false
,National Core CPI y/y,JPY,2018-12-20T18:30:00Z,None,1.0%,1.0%,0.9%,false,false
,GfK Consumer Confidence,GBP,2018-12-20T19:01:00Z,None,-14,-13,-14,false,false
,German GfK Consumer Climate,EUR,2018-12-21T02:00:00Z,None,10.3,10.4,10.4,false,false
,German Import Prices m/m,EUR,2018-12-21T02:00:00Z,None,-0.8%,1.0%,-1.0%,false,false
,French Consumer Spending m/m,EUR,2018-12-21T02:45:00Z,None,0.0%,0.9%,-0.3%,false,false
,Current Account,GBP,2018-12-21T04:30:00Z,High,-21.7B,-20.0B,-26.5B,false,false
,Final GDP q/q,GBP,2018-12-21T04:30:00Z,None,0.6%,0.6%,0.6%,false,false
,Public Sector Net Borrowing,GBP,2018-12-21T04:30:00Z,None,7.0B,5.6B,6.3B,false,false
,Revised Business Investment q/q,GBP,2018-12-21T04:30:00Z,None,-1.2%,-1.2%,-1.1%,false,false
,Core Retail Sales m/m,CAD,2018-12-21T08:30:00Z,High,0.2%,0.1%,0.0%,false,false
,GDP m/m,CAD,2018-12-21T08:30:00Z,High,0.2%,-0.1%,0.3%,false,false
,Retail Sales m/m,CAD,2018-12-21T08:30:00Z,None,0.4%,0.1%,0.3%,false,false
,Core Durable Goods Orders m/m,USD,2018-12-21T08:30:00Z,High,0.3%,0.2%,-0.3%,false,false
,Final GDP q/q,USD,2018-12-21T08:30:00Z,High,3.5%,3.5%,3.4%,false,false
,Durable Goods Orders m/m,USD,2018-12-21T08:30:00Z,None,1.6%,-4.3%,0.8%,false,false
,Final GDP Price Index q/q,USD,2018-12-21T08:30:00Z,None,1.7%,1.7%,1.8%,false,false
,Consumer Confidence,EUR,2018-12-21T09:48:00Z,None,-4,-4,-6,false,false
,BOC Business Outlook Survey,CAD,2018-12-21T10:00:00Z,High,,,,false,false
,Core PCE Price Index m/m,USD,2018-12-21T10:00:00Z,None,0.2%,0.1%,0.1%,false,false
,Personal Spending m/m,USD,2018-12-21T10:00:00Z,None,0.3%,0.8%,0.4%,false,false
,Revised UoM Consumer Sentiment,USD,2018-12-21T10:00:00Z,None,97.6,97.5,98.3,false,false
,Personal Income m/m,USD,2018-12-21T10:00:00Z,None,0.3%,0.5%,0.2%,false,false
,Revised UoM Inflation Expectations,USD,2018-12-21T10:00:00Z,None,,2.7%,2.7%,false,false
,Bank Holiday,JPY,2018-12-23T00:00:00Z,None,,,,true,false
,German Bank Holiday,EUR,2018-12-24T00:00:00Z,None,,,,true,false
,Bank Holiday,NZD,2018-12-24T00:00:00Z,None,,,,true,false
,Bank Holiday,AUD,2018-12-24T00:00:00Z,None,,,,true,false
,SPPI y/y,JPY,2018-12-24T18:50:00Z,None,1.3%,1.3%,1.2%,false,false
,Bank Holiday,CHF,2018-12-25T00:00:00Z,None,,,,true,false
,French Bank Holiday,EUR,2018-12-25T00:00:00Z,None,,,,true,false
,German Bank Holiday,EUR,2018-12-25T00:00:00Z,None,,,,true,false
,Italian Bank Holiday,EUR,2018-12-25T00:00:00Z,None,,,,true,false
,Bank Holiday,GBP,2018-12-25T00:00:00Z,None,,,,true,false
,Bank Holiday,CAD,2018-12-25T00:00:00Z,None,,,,true,false
,Bank Holiday,USD,2018-12-25T00:00:00Z,None,,,,true,false
,Bank Holiday,NZD,2018-12-25T00:00:00Z,None,,,,true,false
,Bank Holiday,AUD,2018-12-25T00:00:00Z,None,,,,true,false
,Monetary Policy Meeting Minutes,JPY,2018-12-25T18:50:00Z,None,,,,false,false
,BOJ Gov Kuroda Speaks,JPY,2018-12-25T23:00:00Z,None,,,,false,false
,BOJ Core CPI y/y,JPY,2018-12-26T00:00:00Z,None,0.6%,0.6%,0.5%,false,false
,Bank Holiday,CHF,2018-12-26T00:00:00Z,None,,,,true,false
,German Bank Holiday,EUR,2018-12-26T00:00:00Z,None,,,,true,false
,Italian Bank Holiday,EUR,2018-12-26T00:00:00Z,None,,,,true,false
,Bank Holiday,GBP,2018-12-26T00:00:00Z,None,,,,true,false
,Bank Holiday,CAD,2018-12-26T00:00:00Z,None,,,,true,false
,S&P/CS Composite-20 HPI y/y,USD,2018-12-26T09:00:00Z,None,4.8%,5.2%,5.0%,false,false
,Richmond Manufacturing Index,USD,2018-12-26T09:59:00Z,None,16,14,-8,false,false
,Housing Starts y/y,JPY,2018-12-27T00:00:00Z,None,-0.2%,0.3%,-0.6%,false,false
,UBS Economic Expectations,CHF,2018-12-27T04:00:00Z,None,,-42.3,-22.2,false,false
,ECB Economic Bulletin,EUR,2018-12-27T04:00:00Z,None,,,,false,false
,Unemployment Claims,USD,2018-12-27T08:30:00Z,None,217K,217K,216K,false,false
,HPI m/m,USD,2018-12-27T09:00:00Z,None,0.3%,0.2%,0.3%,false,false
,CB Consumer Confidence,USD,2018-12-27T10:00:00Z,High,133.7,136.4,128.1,false,false
,API Weekly Statistical Bulletin,USD,2018-12-27T16:30:00Z,None,,,,false,false
,Tokyo Core CPI y/y,JPY,2018-12-27T18:30:00Z,None,0.9%,1.0%,0.9%,false,false
,Unemployment Rate,JPY,2018-12-27T18:30:00Z,None,2.4%,2.4%,2.5%,false,false
,BOJ Summary of Opinions,JPY,2018-12-27T18:50:00Z,None,,,,false,false
,Prelim Industrial Production m/m,JPY,2018-12-27T18:50:00Z,None,-1.7%,2.9%,-1.1%,false,false
,Retail Sales y/y,JPY,2018-12-27T18:50:00Z,None,2.1%,3.6%,1.4%,false,false
,German Prelim CPI m/m,EUR,2018-12-28T00:00:00Z,None,0.3%,0.1%,0.1%,true,false
,KOF Economic Barometer,CHF,2018-12-28T03:00:00Z,None,98.7,98.9,96.3,false,false
,Spanish Flash CPI y/y,EUR,2018-12-28T03:00:00Z,None,1.6%,1.7%,1.2%,false,false
,High Street Lending,GBP,2018-12-28T04:30:00Z,None,38.9K,39.6K,39.4K,false,false
,Italian 10-y Bond Auction,EUR,2018-12-28T05:35:00Z,None,,3.24|1.4,2.70|1.5,false,false
,Chicago PMI,USD,2018-12-28T09:45:00Z,None,61.4,66.4,65.4,false,false
,Pending Home Sales m/m,USD,2018-12-28T10:00:00Z,None,0.9%,-2.6%,-0.7%,false,false
,Natural Gas Storage,USD,2018-12-28T10:30:00Z,None,-50B,-141B,-48B,false,false
,Crude Oil Inventories,USD,2018-12-28T11:00:00Z,None,-2.9M,-0.5M,0.0M,false,false
,Bank Holiday,JPY,2018-12-30T00:00:00Z,None,,,,true,false
,Private Sector Credit m/m,AUD,2018-12-30T19:30:00Z,None,0.3%,0.4%,0.3%,false,false
,Manufacturing PMI,CNY,2018-12-30T20:00:00Z,None,50.0,50.0,49.4,false,false
,Non-Manufacturing PMI,CNY,2018-12-30T20:00:00Z,None,53.2,53.4,53.8,false,false
,German Bank Holiday,EUR,2018-12-31T00:00:00Z,None,,,,true,false
,Bank Holiday,NZD,2018-12-31T00:00:00Z,None,,,,true,false
,Bank Holiday,AUD,2018-12-31T00:00:00Z,None,,,,true,false
,Bank Holiday,JPY,2018-12-31T00:00:00Z,None,,,,true,false
,Bank Holiday,CNY,2018-12-31T00:00:00Z,None,,,,true,false
,Housing Equity Withdrawal q/q,GBP,2018-12-31T04:30:00Z,None,-6.0B,-6.4B,-8.5B,false,false
