id,title,currency,date,impact,forecast,previous,actual,all_day,tentative
,Bank Holiday,CHF,2021-01-01T00:00:00Z,None,,,,true,false
,Italian Bank Holiday,EUR,2021-01-01T00:00:00Z,None,,,,true,false
,Bank Holiday,GBP,2021-01-01T00:00:00Z,None,,,,true,false
,Bank Holiday,CAD,2021-01-01T00:00:00Z,None,,,,true,false
,Bank Holiday,USD,2021-01-01T00:00:00Z,None,,,,true,false
,French Bank Holiday,EUR,2021-01-01T00:00:00Z,None,,,,true,false
,German Bank Holiday,EUR,2021-01-01T00:00:00Z,None,,,,true,false
,Bank Holiday,NZD,2021-01-03T00:00:00Z,None,,,,true,false
,Final Manufacturing PMI,JPY,2021-01-03T19:30:00Z,None,49.7,49.7,50.0,false,false
,RatingDog Manufacturing PMI,CNY,2021-01-03T20:45:00Z,None,54.7,54.9,53.0,false,false
,OPEC-JMMC Meetings,All,2021-01-04T00:00:00Z,High,,,,true,false
,Commodity Prices y/y,AUD,2021-01-04T00:30:00Z,None,,2.5%,11.7%,false,false
,Spanish Manufacturing PMI,EUR,2021-01-04T03:15:00Z,None,52.6,49.8,51.0,false,false
,Manufacturing PMI,CHF,2021-01-04T03:30:00Z,None,54.4,55.2,58.0,false,false
,Italian Manufacturing PMI,EUR,2021-01-04T03:45:00Z,None,53.5,51.5,52.8,false,false
,French Final Manufacturing PMI,EUR,2021-01-04T03:50:00Z,None,51.1,51.1,51.1,false,false
,German Final Manufacturing PMI,EUR,2021-01-04T03:55:00Z,None,58.6,58.6,58.3,false,false
,Final Manufacturing PMI,EUR,2021-01-04T04:00:00Z,None,55.5,55.5,55.2,false,false
,Final Manufacturing PMI,GBP,2021-01-04T04:30:00Z,None,57.3,57.3,57.5,false,false
,M4 Money Supply m/m,GBP,2021-01-04T04:30:00Z,None,0.4%,0.7%,0.8%,false,false
,Mortgage Approvals,GBP,2021-01-04T04:30:00Z,None,82K,98K,105K,false,false
,Net Lending to Individuals m/m,GBP,2021-01-04T04:30:00Z,None,3.0B,3.8B,4.1B,false,false
,Manufacturing PMI,CAD,2021-01-04T09:30:00Z,None,,55.8,57.9,false,false
,Final Manufacturing PMI,USD,2021-01-04T09:45:00Z,None,56.3,56.5,57.1,false,false
,FOMC Member Evans Speaks,USD,2021-01-04T10:00:00Z,None,,,,false,false
,FOMC Member Bostic Speaks,USD,2021-01-04T10:00:00Z,None,,,,false,false
,Construction Spending m/m,USD,2021-01-04T10:00:00Z,None,1.1%,1.6%,0.9%,false,false
,Monetary Base y/y,JPY,2021-01-04T18:50:00Z,None,18.0%,16.5%,18.3%,false,false
,ANZ Job Advertisements m/m,AUD,2021-01-04T19:30:00Z,None,,13.5%,9.2%,false,false
,OPEC-JMMC Meetings,All,2021-01-05T00:00:00Z,High,,,,true,false
,Omdia Total Vehicle Sales,USD,2021-01-05T00:00:00Z,None,15.8M,15.6M,16.3M,true,false
,German Retail Sales m/m,EUR,2021-01-05T02:00:00Z,None,-2.0%,2.6%,1.9%,false,false
,CPI m/m,CHF,2021-01-05T02:30:00Z,None,0.0%,-0.2%,-0.1%,false,false
,Spanish Unemployment Change,EUR,2021-01-05T03:00:00Z,None,30.5K,25.3K,36.8K,false,false
,German Unemployment Change,EUR,2021-01-05T03:55:00Z,None,10K,-40K,-37K,false,false
,Private Loans y/y,EUR,2021-01-05T04:00:00Z,None,3.3%,3.2%,3.1%,false,false
,M3 Money Supply y/y,EUR,2021-01-05T04:00:00Z,None,10.6%,10.5%,11.0%,false,false
,IPPI m/m,CAD,2021-01-05T08:30:00Z,None,-0.2%,-0.4%,-0.6%,false,false
,RMPI m/m,CAD,2021-01-05T08:30:00Z,None,0.9%,0.5%,0.6%,false,false
,GDT Price Index,NZD,2021-01-05T09:53:00Z,None,,1.3%,3.9%,false,false
,ISM Manufacturing Prices,USD,2021-01-05T10:00:00Z,None,66.0,65.4,77.6,false,false
,ISM Manufacturing PMI,USD,2021-01-05T10:00:00Z,None,56.6,57.5,60.7,false,false
,FOMC Member Evans Speaks,USD,2021-01-05T15:45:00Z,None,,,,false,false
,API Weekly Statistical Bulletin,USD,2021-01-05T16:30:00Z,None,,,,false,false
,BRC Shop Price Index y/y,GBP,2021-01-05T19:01:00Z,None,,-1.8%,-1.8%,false,false
,RatingDog Services PMI,CNY,2021-01-05T20:45:00Z,None,58.1,57.8,56.3,false,false
,10-y Bond Auction,JPY,2021-01-05T22:35:00Z,None,,0.02|3.4,0.02|3.4,false,false
,Consumer Confidence,JPY,2021-01-06T00:00:00Z,None,32.6,33.7,31.8,false,false
,Italian Bank Holiday,EUR,2021-01-06T00:00:00Z,None,,,,true,false
,German Prelim CPI m/m,EUR,2021-01-06T00:00:00Z,None,0.6%,-0.8%,0.5%,true,false
,French Prelim CPI m/m,EUR,2021-01-06T02:45:00Z,None,0.4%,0.2%,0.2%,false,false
,Spanish Services PMI,EUR,2021-01-06T03:15:00Z,None,44.5,39.5,48.0,false,false
,Italian Services PMI,EUR,2021-01-06T03:45:00Z,None,45.0,39.4,39.7,false,false
,French Final Services PMI,EUR,2021-01-06T03:50:00Z,None,49.2,49.2,49.1,false,false
,German Final Services PMI,EUR,2021-01-06T03:55:00Z,None,47.7,47.7,47.0,false,false
,Final Services PMI,EUR,2021-01-06T04:00:00Z,None,47.4,47.3,46.4,false,false
,Final Services PMI,GBP,2021-01-06T04:30:00Z,None,49.9,49.9,49.4,false,false
,PPI m/m,EUR,2021-01-06T05:00:00Z,None,0.2%,0.4%,0.4%,false,false
,10-y Bond Auction,GBP,2021-01-06T05:05:00Z,None,,0.43|2.7,0.33|2.9,false,false
,German 10-y Bond Auction,EUR,2021-01-06T05:36:00Z,None,,-0.57|2.0,-0.52|1.6,false,false
,ADP Non-Farm Employment Change,USD,2021-01-06T08:15:00Z,None,60K,304K,-123K,false,false
,BOE Gov Bailey Speaks,GBP,2021-01-06T09:30:00Z,High,,,,false,false
,Final Services PMI,USD,2021-01-06T09:45:00Z,None,55.2,55.3,54.8,false,false
,Factory Orders m/m,USD,2021-01-06T10:00:00Z,None,0.7%,1.3%,1.0%,false,false
,Crude Oil Inventories,USD,2021-01-06T10:30:00Z,None,-2.8M,-6.1M,-8.0M,false,false
,FOMC Meeting Minutes,USD,2021-01-06T14:00:00Z,High,,,,false,false
,Average Cash Earnings y/y,JPY,2021-01-06T18:30:00Z,None,-0.9%,-0.7%,-2.2%,false,false
,Building Approvals m/m,AUD,2021-01-06T19:30:00Z,None,1.9%,3.3%,2.6%,false,false
,Goods Trade Balance,AUD,2021-01-06T19:30:00Z,None,6.45B,6.58B,5.02B,false,false
,German Factory Orders m/m,EUR,2021-01-07T02:00:00Z,None,-0.6%,3.3%,2.3%,false,false
,Retail Sales y/y,CHF,2021-01-07T02:30:00Z,None,3.5%,4.3%,1.7%,false,false
,ECB Economic Bulletin,EUR,2021-01-07T04:00:00Z,None,,,,false,false
,Construction PMI,GBP,2021-01-07T04:30:00Z,None,54.6,54.7,54.6,false,false
,Housing Equity Withdrawal q/q,GBP,2021-01-07T04:32:00Z,None,-7.0B,-9.0B,-7.0B,false,false
,CPI Flash Estimate y/y,EUR,2021-01-07T05:00:00Z,None,-0.2%,-0.3%,-0.3%,false,false
,Italian Prelim CPI m/m,EUR,2021-01-07T05:00:00Z,None,0.2%,-0.1%,0.3%,false,false
,Retail Sales m/m,EUR,2021-01-07T05:00:00Z,None,-3.4%,1.4%,-6.1%,false,false
,Core CPI Flash Estimate y/y,EUR,2021-01-07T05:00:00Z,None,0.2%,0.2%,0.2%,false,false
,French 10-y Bond Auction,EUR,2021-01-07T05:04:00Z,None,,-0.26|2.1,-0.33|1.9,false,false
,Challenger Job Cuts y/y,USD,2021-01-07T07:30:00Z,None,,45.4%,134.5%,false,false
,Trade Balance,CAD,2021-01-07T08:30:00Z,None,-3.6B,-3.7B,-3.3B,false,false
,Unemployment Claims,USD,2021-01-07T08:30:00Z,None,798K,790K,787K,false,false
,Trade Balance,USD,2021-01-07T08:30:00Z,None,-66.7B,-63.1B,-68.1B,false,false
,Ivey PMI,CAD,2021-01-07T10:00:00Z,None,53.1,52.7,46.7,false,false
,ISM Services PMI,USD,2021-01-07T10:00:00Z,None,54.5,55.9,57.2,false,false
,Natural Gas Storage,USD,2021-01-07T10:30:00Z,None,-142B,-114B,-130B,false,false
,FOMC Member Evans Speaks,USD,2021-01-07T13:00:00Z,None,,,,false,false
,Household Spending y/y,JPY,2021-01-07T18:30:00Z,None,-1.0%,1.9%,1.1%,false,false
,30-y Bond Auction,JPY,2021-01-07T22:35:00Z,None,,0.65|3.5,0.65|3.0,false,false
,Leading Indicators,JPY,2021-01-08T00:00:00Z,None,96.6%,94.3%,96.6%,false,false
,Unemployment Rate,CHF,2021-01-08T01:45:00Z,None,3.4%,3.4%,3.4%,false,false
,German Industrial Production m/m,EUR,2021-01-08T02:00:00Z,None,0.7%,3.4%,0.9%,false,false
,German Trade Balance,EUR,2021-01-08T02:00:00Z,None,18.5B,18.2B,16.4B,false,false
,French Consumer Spending m/m,EUR,2021-01-08T02:45:00Z,None,-15.8%,3.9%,-18.9%,false,false
,French Industrial Production m/m,EUR,2021-01-08T02:45:00Z,None,-1.0%,1.9%,-0.9%,false,false
,French Trade Balance,EUR,2021-01-08T02:45:00Z,None,-4.9B,-4.6B,-3.6B,false,false
,Foreign Currency Reserves,CHF,2021-01-08T03:02:00Z,None,,877B,891B,false,false
,Lloyds HPI m/m,GBP,2021-01-08T03:30:00Z,None,1.0%,1.0%,0.2%,false,false
,Unemployment Rate,EUR,2021-01-08T05:00:00Z,None,8.5%,8.4%,8.3%,false,false
,Italian Monthly Unemployment Rate,EUR,2021-01-08T05:00:00Z,None,10.0%,9.5%,8.9%,false,false
,Employment Change,CAD,2021-01-08T08:30:00Z,High,-32.5K,62.1K,-62.6K,false,false
,Unemployment Rate,CAD,2021-01-08T08:30:00Z,High,8.7%,8.5%,8.6%,false,false
,Average Hourly Earnings m/m,USD,2021-01-08T08:30:00Z,High,0.2%,0.3%,0.8%,false,false
,Non-Farm Employment Change,USD,2021-01-08T08:30:00Z,High,60K,336K,-140K,false,false
,Unemployment Rate,USD,2021-01-08T08:30:00Z,High,6.8%,6.7%,6.7%,false,false
,Final Wholesale Inventories m/m,USD,2021-01-08T10:00:00Z,None,-0.1%,-0.1%,0.0%,false,false
,FOMC Member Clarida Speaks,USD,2021-01-08T11:00:00Z,None,,,,false,false
,Consumer Credit m/m,USD,2021-01-08T15:00:00Z,None,9.0B,4.5B,15.3B,false,false
,Bank Holiday,JPY,2021-01-10T00:00:00Z,None,,,,true,false
,MI Inflation Gauge m/m,AUD,2021-01-10T19:00:00Z,None,,0.3%,0.5%,false,false
,CPI y/y,CNY,2021-01-10T20:30:00Z,None,0.0%,-0.5%,0.2%,false,false
,PPI y/y,CNY,2021-01-10T20:30:00Z,None,-0.7%,-1.5%,-0.4%,false,false
,Sentix Investor Confidence,EUR,2021-01-11T04:30:00Z,None,2.0,-2.7,1.3,false,false
,MPC Member Tenreyro Speaks,GBP,2021-01-11T09:00:00Z,None,,,,false,false
,BOC Business Outlook Survey,CAD,2021-01-11T10:30:00Z,None,,,,false,false
,FOMC Member Bostic Speaks,USD,2021-01-11T12:00:00Z,None,,,,false,false
,Bank Lending y/y,JPY,2021-01-11T18:50:00Z,None,6.5%,6.2%,6.2%,false,false
,Current Account,JPY,2021-01-11T18:50:00Z,None,2.00T,1.98T,2.34T,false,false
,BRC Retail Sales Monitor y/y,GBP,2021-01-11T19:01:00Z,None,5.9%,7.7%,4.8%,false,false
,Economy Watchers Sentiment,JPY,2021-01-12T00:00:00Z,None,36.9,45.6,35.5,false,false
,Italian Retail Sales m/m,EUR,2021-01-12T04:00:00Z,None,-4.5%,0.5%,-6.9%,false,false
,MPC Member Broadbent Speaks,GBP,2021-01-12T05:00:00Z,None,,,,false,false
,NFIB Small Business Index,USD,2021-01-12T06:00:00Z,None,100.1,101.4,95.9,false,false
,M2 Money Supply y/y,CNY,2021-01-12T06:01:00Z,None,10.7%,10.7%,10.1%,false,false
,New Loans,CNY,2021-01-12T06:01:00Z,None,1250B,1430B,1260B,false,false
,FOMC Member Brainard Speaks,USD,2021-01-12T09:35:00Z,None,,,,false,false
,JOLTS Job Openings,USD,2021-01-12T10:00:00Z,None,6.42M,6.63M,6.53M,false,false
,RCM/TIPP Economic Optimism,USD,2021-01-12T10:02:00Z,None,50.1,49.0,50.1,false,false
,10-y Bond Auction,USD,2021-01-12T13:01:00Z,None,,0.95|2.3,1.16|2.5,false,false
,API Weekly Statistical Bulletin,USD,2021-01-12T16:30:00Z,None,,,,false,false
,M2 Money Stock y/y,JPY,2021-01-12T18:50:00Z,None,9.2%,9.1%,9.2%,false,false
,ANZ Commodity Prices m/m,NZD,2021-01-12T19:00:00Z,None,,0.9%,1.8%,false,false
,New Home Prices m/m,CNY,2021-01-12T20:30:00Z,None,,0.12%,0.12%,false,false
,Prelim Machine Tool Orders y/y,JPY,2021-01-13T00:58:00Z,None,,8.6%,8.7%,false,false
,German WPI m/m,EUR,2021-01-13T02:00:00Z,None,0.1%,0.1%,0.6%,false,false
,ECB President Lagarde Speaks,EUR,2021-01-13T04:00:00Z,None,,,,false,false
,Italian Industrial Production m/m,EUR,2021-01-13T04:00:00Z,None,-0.4%,1.4%,-1.4%,false,false
,Industrial Production m/m,EUR,2021-01-13T05:00:00Z,None,0.2%,2.3%,2.5%,false,false
,Core CPI y/y,USD,2021-01-13T08:30:00Z,High,1.6%,1.6%,1.6%,false,false
,CPI y/y,USD,2021-01-13T08:30:00Z,High,1.4%,1.2%,1.4%,false,false
,Core CPI m/m,USD,2021-01-13T08:30:00Z,None,0.1%,0.2%,0.1%,false,false
,CPI m/m,USD,2021-01-13T08:30:00Z,None,0.4%,0.2%,0.4%,false,false
,Crude Oil Inventories,USD,2021-01-13T10:30:00Z,None,-3.2M,-8.0M,-3.2M,false,false
,FOMC Member Brainard Speaks,USD,2021-01-13T13:00:00Z,None,,,,false,false
,30-y Bond Auction,USD,2021-01-13T13:01:00Z,None,,1.67|2.5,1.83|2.5,false,false
,Beige Book,USD,2021-01-13T14:00:00Z,None,,,,false,false
,Federal Budget Balance,USD,2021-01-13T14:00:00Z,None,-144.5B,-145.3B,-143.6B,false,false
,FOMC Member Clarida Speaks,USD,2021-01-13T15:00:00Z,None,,,,false,false
,Building Consents m/m,NZD,2021-01-13T16:45:00Z,None,,8.9%,1.2%,false,false
,Core Machinery Orders m/m,JPY,2021-01-13T18:50:00Z,None,-6.4%,17.1%,1.5%,false,false
,PPI y/y,JPY,2021-01-13T18:50:00Z,None,-2.2%,-2.3%,-2.0%,false,false
,RICS House Price Balance,GBP,2021-01-13T19:01:00Z,None,61%,66%,65%,false,false
,USD-Denominated Trade Balance,CNY,2021-01-13T21:09:00Z,None,72.0B,75.4B,78.2B,false,false
,Trade Balance,CNY,2021-01-13T21:10:00Z,None,466B,507B,517B,false,false
,ECB Monetary Policy Meeting Accounts,EUR,2021-01-14T07:30:00Z,None,,,,false,false
,Import Prices m/m,USD,2021-01-14T08:30:00Z,None,0.7%,0.2%,0.9%,false,false
,Unemployment Claims,USD,2021-01-14T08:30:00Z,None,785K,784K,965K,false,false
,CB Leading Index m/m,GBP,2021-01-14T09:30:00Z,None,,-1.7%,-2.1%,false,false
,Natural Gas Storage,USD,2021-01-14T10:30:00Z,None,-129B,-130B,-134B,false,false
,FOMC Member Powell Speaks,USD,2021-01-14T12:30:00Z,High,,,,false,false
,FPI m/m,NZD,2021-01-14T16:45:00Z,None,,-0.9%,0.1%,false,false
,President Biden Speaks,USD,2021-01-14T19:15:00Z,High,,,,false,false
,Tertiary Industry Activity m/m,JPY,2021-01-14T23:30:00Z,None,0.3%,1.6%,-0.7%,false,false
,Construction Output m/m,GBP,2021-01-15T02:00:00Z,None,0.8%,1.5%,1.9%,false,false
,GDP m/m,GBP,2021-01-15T02:00:00Z,None,-4.6%,0.6%,-2.6%,false,false
,Goods Trade Balance,GBP,2021-01-15T02:00:00Z,None,-11.1B,-13.3B,-16.0B,false,false
,Index of Services 3m/3m,GBP,2021-01-15T02:00:00Z,None,2.5%,10.0%,3.7%,false,false
,Industrial Production m/m,GBP,2021-01-15T02:00:00Z,None,0.5%,1.1%,-0.1%,false,false
,Manufacturing Production m/m,GBP,2021-01-15T02:00:00Z,None,1.0%,1.6%,0.7%,false,false
,French Final CPI m/m,EUR,2021-01-15T02:45:00Z,None,0.2%,0.2%,0.2%,false,false
,French Gov Budget Balance,EUR,2021-01-15T02:45:00Z,None,,-159.9B,-176.8B,false,false
,Trade Balance,EUR,2021-01-15T05:00:00Z,None,22.3B,25.2B,25.1B,false,false
,NIESR GDP Estimate,GBP,2021-01-15T08:06:00Z,None,,4.1%,0.9%,false,false
,Core Retail Sales m/m,USD,2021-01-15T08:30:00Z,High,-0.1%,-1.3%,-1.4%,false,false
,Retail Sales m/m,USD,2021-01-15T08:30:00Z,High,0.0%,-1.4%,-0.7%,false,false
,Core PPI m/m,USD,2021-01-15T08:30:00Z,None,0.1%,0.1%,0.1%,false,false
,Empire State Manufacturing Index,USD,2021-01-15T08:30:00Z,None,5.7,4.9,3.5,false,false
,PPI m/m,USD,2021-01-15T08:30:00Z,None,0.4%,0.1%,0.3%,false,false
,Capacity Utilization Rate,USD,2021-01-15T09:15:00Z,None,73.4%,73.4%,74.5%,false,false
,Industrial Production m/m,USD,2021-01-15T09:15:00Z,None,0.5%,0.5%,1.6%,false,false
,Business Inventories m/m,USD,2021-01-15T10:00:00Z,None,0.5%,0.8%,0.5%,false,false
,Prelim UoM Consumer Sentiment,USD,2021-01-15T10:00:00Z,None,79.5,80.7,79.2,false,false
,Prelim UoM Inflation Expectations,USD,2021-01-15T10:00:00Z,None,,2.5%,3.0%,false,false
,Rightmove HPI m/m,GBP,2021-01-17T19:01:00Z,None,,-0.6%,-0.9%,false,false
,GDP q/y,CNY,2021-01-17T21:00:00Z,High,6.2%,4.9%,6.5%,false,false
,Fixed Asset Investment ytd/y,CNY,2021-01-17T21:00:00Z,None,3.3%,2.6%,2.9%,false,false
,Industrial Production y/y,CNY,2021-01-17T21:00:00Z,None,6.9%,7.0%,7.3%,false,false
,NBS Press Conference,CNY,2021-01-17T21:00:00Z,None,,,,false,false
,Retail Sales y/y,CNY,2021-01-17T21:00:00Z,None,5.5%,5.0%,4.6%,false,false
,Unemployment Rate,CNY,2021-01-17T21:00:00Z,None,5.2%,5.2%,5.2%,false,false
,Revised Industrial Production m/m,JPY,2021-01-17T23:30:00Z,None,0.0%,0.0%,-0.5%,false,false
,Bank Holiday,USD,2021-01-18T00:00:00Z,None,,,,true,false
,Eurogroup Meetings,EUR,2021-01-18T00:00:00Z,None,,,,true,false
,German Buba Monthly Report,EUR,2021-01-18T06:00:00Z,None,,,,false,false
,Housing Starts,CAD,2021-01-18T08:14:00Z,None,230K,261K,228K,false,false
,Foreign Securities Purchases,CAD,2021-01-18T08:30:00Z,None,5.05B,6.93B,11.78B,false,false
,BOE Gov Bailey Speaks,GBP,2021-01-18T08:30:00Z,None,,,,false,false
,NZIER Business Confidence,NZD,2021-01-18T16:06:00Z,None,,-40,-6,false,false
,ECOFIN Meetings,EUR,2021-01-19T00:00:00Z,None,,,,true,false
,German Final CPI m/m,EUR,2021-01-19T02:00:00Z,None,0.5%,0.5%,0.5%,false,false
,PPI m/m,CHF,2021-01-19T02:30:00Z,None,0.1%,-0.1%,0.5%,false,false
,Current Account,EUR,2021-01-19T04:00:00Z,None,28.2B,25.6B,24.6B,false,false
,Italian Trade Balance,EUR,2021-01-19T04:00:00Z,None,6.23B,7.58B,6.77B,false,false
,ZEW Economic Sentiment,EUR,2021-01-19T05:00:00Z,None,54.1,54.4,58.3,false,false
,German ZEW Economic Sentiment,EUR,2021-01-19T05:00:00Z,None,55.1,55.0,61.8,false,false
,Manufacturing Sales m/m,CAD,2021-01-19T08:30:00Z,None,-0.2%,0.2%,-0.6%,false,false
,Wholesale Sales m/m,CAD,2021-01-19T08:30:00Z,None,0.9%,1.3%,0.7%,false,false
,GDT Price Index,NZD,2021-01-19T10:05:00Z,None,,3.9%,4.8%,false,false
,MPC Member Haldane Speaks,GBP,2021-01-19T13:00:00Z,None,,,,false,false
,TIC Long-Term Purchases,USD,2021-01-19T16:00:00Z,None,45.4B,51.9B,149.2B,false,false
,Westpac Consumer Sentiment,AUD,2021-01-19T18:23:00Z,None,,4.1%,-4.5%,false,false
,Foreign Direct Investment ytd/y,CNY,2021-01-19T20:05:00Z,None,,6.3%,6.2%,false,false
,1-y Loan Prime Rate,CNY,2021-01-19T20:30:00Z,None,3.85%,3.85%,3.85%,false,false
,5-y Loan Prime Rate,CNY,2021-01-19T20:30:00Z,None,4.65%,4.65%,4.65%,false,false
,German PPI m/m,EUR,2021-01-20T02:00:00Z,None,0.3%,0.2%,0.8%,false,false
,Core CPI y/y,GBP,2021-01-20T02:00:00Z,None,1.3%,1.1%,1.4%,false,false
,CPI y/y,GBP,2021-01-20T02:00:00Z,None,0.5%,0.3%,0.6%,false,false
,PPI Input m/m,GBP,2021-01-20T02:00:00Z,None,0.8%,0.4%,0.8%,false,false
,PPI Output m/m,GBP,2021-01-20T02:00:00Z,None,0.2%,0.3%,0.3%,false,false
,RPI y/y,GBP,2021-01-20T02:00:00Z,None,1.2%,0.9%,1.2%,false,false
,HPI y/y,GBP,2021-01-20T04:30:00Z,None,5.5%,5.9%,7.6%,false,false
,Final Core CPI y/y,EUR,2021-01-20T05:00:00Z,None,0.2%,0.2%,0.2%,false,false
,Final CPI y/y,EUR,2021-01-20T05:00:00Z,None,-0.3%,-0.3%,-0.3%,false,false
,German 30-y Bond Auction,EUR,2021-01-20T05:34:00Z,None,,-0.06|1.6,-0.13|1.4,false,false
,CPI m/m,CAD,2021-01-20T08:30:00Z,None,0.1%,0.1%,-0.2%,false,false
,Common CPI y/y,CAD,2021-01-20T08:30:00Z,None,1.5%,1.5%,1.3%,false,false
,Median CPI y/y,CAD,2021-01-20T08:30:00Z,None,1.9%,1.8%,1.8%,false,false
,Trimmed CPI y/y,CAD,2021-01-20T08:30:00Z,None,1.7%,1.7%,1.6%,false,false
,Core CPI m/m,CAD,2021-01-20T08:32:00Z,None,,0.2%,-0.4%,false,false
,BOC Monetary Policy Report,CAD,2021-01-20T10:00:00Z,High,,,,false,false
,BOC Rate Statement,CAD,2021-01-20T10:00:00Z,High,,,,false,false
,Overnight Rate,CAD,2021-01-20T10:00:00Z,None,0.25%,0.25%,0.25%,false,false
,NAHB Housing Market Index,USD,2021-01-20T10:00:00Z,None,86,86,83,false,false
,CB Leading Index m/m,AUD,2021-01-20T10:30:00Z,None,,0.9%,0.8%,false,false
,BOC Press Conference,CAD,2021-01-20T11:00:00Z,High,,,,false,false
,President Biden Speaks,USD,2021-01-20T11:52:00Z,High,,,,false,false
,BOE Gov Bailey Speaks,GBP,2021-01-20T12:00:00Z,High,,,,false,false
,API Weekly Statistical Bulletin,USD,2021-01-20T16:30:00Z,None,,,,false,false
,Visitor Arrivals m/m,NZD,2021-01-20T16:45:00Z,None,,-8.1%,0.8%,false,false
,Trade Balance,JPY,2021-01-20T18:50:00Z,None,0.70T,0.55T,0.48T,false,false
,MI Inflation Expectations,AUD,2021-01-20T19:00:00Z,None,,3.5%,3.4%,false,false
,Employment Change,AUD,2021-01-20T19:30:00Z,High,50.0K,90.0K,50.0K,false,false
,Unemployment Rate,AUD,2021-01-20T19:30:00Z,High,6.7%,6.8%,6.6%,false,false
,BOJ Outlook Report,JPY,2021-01-20T21:38:00Z,High,,,,false,false
,Monetary Policy Statement,JPY,2021-01-20T21:38:00Z,High,,,,false,false
,BOJ Policy Rate,JPY,2021-01-20T21:38:00Z,None,-0.10%,-0.10%,-0.10%,false,false
,BOJ Press Conference,JPY,2021-01-21T01:30:00Z,None,,,,false,false
,BOE Credit Conditions Survey,GBP,2021-01-21T04:30:00Z,None,,,,false,false
,CBI Industrial Order Expectations,GBP,2021-01-21T06:00:00Z,None,-35,-25,-38,false,false
,Monetary Policy Statement,EUR,2021-01-21T07:45:00Z,High,,,,false,false
,Main Refinancing Rate,EUR,2021-01-21T07:45:00Z,None,0.00%,0.00%,0.00%,false,false
,NHPI m/m,CAD,2021-01-21T08:30:00Z,None,0.8%,0.6%,0.3%,false,false
,ECB Press Conference,EUR,2021-01-21T08:30:00Z,High,,,,false,false
,Philly Fed Manufacturing Index,USD,2021-01-21T08:30:00Z,None,11.2,11.1,26.5,false,false
,Unemployment Claims,USD,2021-01-21T08:30:00Z,None,930K,926K,900K,false,false
,Building Permits,USD,2021-01-21T08:30:00Z,None,1.60M,1.64M,1.71M,false,false
,Housing Starts,USD,2021-01-21T08:30:00Z,None,1.56M,1.58M,1.67M,false,false
,ADP Non-Farm Employment Change,CAD,2021-01-21T08:32:00Z,None,,-219.8K,-28.8K,false,false
,Consumer Confidence,EUR,2021-01-21T09:30:00Z,None,-15,-14,-16,false,false
,BusinessNZ Manufacturing Index,NZD,2021-01-21T16:30:00Z,None,,54.7,48.7,false,false
,CPI q/q,NZD,2021-01-21T16:45:00Z,High,0.2%,0.7%,0.5%,false,false
,Flash Manufacturing PMI,AUD,2021-01-21T17:00:00Z,None,,55.7,57.2,false,false
,Flash Services PMI,AUD,2021-01-21T17:00:00Z,None,,57.0,55.8,false,false
,National Core CPI y/y,JPY,2021-01-21T18:30:00Z,None,-1.1%,-0.9%,-1.0%,false,false
,GfK Consumer Confidence,GBP,2021-01-21T19:01:00Z,None,-30,-26,-28,false,false
,Retail Sales m/m,AUD,2021-01-21T19:30:00Z,None,-1.5%,7.1%,-4.2%,false,false
,Flash Manufacturing PMI,JPY,2021-01-21T19:30:00Z,None,50.1,50.0,49.7,false,false
,Retail Sales m/m,GBP,2021-01-22T02:00:00Z,None,1.4%,-4.1%,0.3%,false,false
,Public Sector Net Borrowing,GBP,2021-01-22T02:00:00Z,None,31.5B,25.4B,33.4B,false,false
,French Flash Services PMI,EUR,2021-01-22T03:15:00Z,High,48.3,49.1,46.5,false,false
,French Flash Manufacturing PMI,EUR,2021-01-22T03:15:00Z,None,50.6,51.1,51.5,false,false
,German Flash Manufacturing PMI,EUR,2021-01-22T03:30:00Z,High,57.3,58.3,57.0,false,false
,German Flash Services PMI,EUR,2021-01-22T03:30:00Z,High,45.1,47.0,46.8,false,false
,Flash Manufacturing PMI,EUR,2021-01-22T04:00:00Z,None,54.5,55.2,54.7,false,false
,Flash Services PMI,EUR,2021-01-22T04:00:00Z,None,44.4,46.4,45.0,false,false
,Flash Manufacturing PMI,GBP,2021-01-22T04:30:00Z,None,53.5,57.5,52.9,false,false
,Flash Services PMI,GBP,2021-01-22T04:30:00Z,None,45.2,49.4,38.8,false,false
,Core Retail Sales m/m,CAD,2021-01-22T08:30:00Z,None,0.3%,-0.2%,2.1%,false,false
,Retail Sales m/m,CAD,2021-01-22T08:30:00Z,None,0.0%,0.1%,1.3%,false,false
,Flash Manufacturing PMI,USD,2021-01-22T09:45:00Z,None,56.6,57.1,59.1,false,false
,Flash Services PMI,USD,2021-01-22T09:45:00Z,None,53.3,54.8,57.5,false,false
,Existing Home Sales,USD,2021-01-22T10:00:00Z,None,6.55M,6.71M,6.76M,false,false
,Natural Gas Storage,USD,2021-01-22T10:30:00Z,None,-162B,-134B,-187B,false,false
,Crude Oil Inventories,USD,2021-01-22T11:00:00Z,None,-1.2M,-3.2M,4.4M,false,false
,Goods Trade Balance,AUD,2021-01-24T19:30:00Z,None,,1.53B,8.96B,false,false
,Bank Holiday,AUD,2021-01-25T00:00:00Z,None,,,,true,false
,ECB President Lagarde Speaks,EUR,2021-01-25T03:45:00Z,None,,,,false,false
,German ifo Business Climate,EUR,2021-01-25T04:00:00Z,None,91.5,92.2,90.1,false,false
,CB Leading Index m/m,CNY,2021-01-25T09:00:00Z,None,,1.1%,1.2%,false,false
,Belgian NBB Business Climate,EUR,2021-01-25T09:00:00Z,None,-8.0,-8.4,-7.5,false,false
,ECB President Lagarde Speaks,EUR,2021-01-25T11:15:00Z,None,,,,false,false
,BusinessNZ Services Index,NZD,2021-01-25T16:30:00Z,None,,46.7,49.2,false,false
,Monetary Policy Meeting Minutes,JPY,2021-01-25T18:50:00Z,None,,,,false,false
,SPPI y/y,JPY,2021-01-25T18:50:00Z,None,-0.6%,-0.5%,-0.4%,false,false
,BOJ Core CPI y/y,JPY,2021-01-26T00:00:00Z,None,-0.1%,-0.1%,-0.3%,false,false
,Average Earnings Index 3m/y,GBP,2021-01-26T02:00:00Z,None,2.9%,2.8%,3.6%,false,false
,Claimant Count Change,GBP,2021-01-26T02:00:00Z,None,47.5K,38.1K,7.0K,false,false
,Unemployment Rate,GBP,2021-01-26T02:00:00Z,None,5.1%,4.9%,5.0%,false,false
,CBI Realized Sales,GBP,2021-01-26T06:00:00Z,None,-32,-3,-50,false,false
,30-y Bond Auction,GBP,2021-01-26T06:34:00Z,None,,0.84|2.6,0.84|2.4,false,false
,HPI m/m,USD,2021-01-26T09:00:00Z,None,0.9%,1.5%,1.0%,false,false
,S&P/CS Composite-20 HPI y/y,USD,2021-01-26T09:00:00Z,None,8.8%,8.0%,9.1%,false,false
,Richmond Manufacturing Index,USD,2021-01-26T09:59:00Z,None,18,19,14,false,false
,CB Consumer Confidence,USD,2021-01-26T10:00:00Z,None,88.9,87.1,89.3,false,false
,API Weekly Statistical Bulletin,USD,2021-01-26T16:30:00Z,None,,,,false,false
,MI Leading Index m/m,AUD,2021-01-26T18:30:00Z,None,,0.7%,0.1%,false,false
,BRC Shop Price Index y/y,GBP,2021-01-26T19:01:00Z,None,,-1.8%,-2.2%,false,false
,CPI m/m,AUD,2021-01-26T19:30:00Z,High,0.7%,1.6%,0.9%,false,false
,Trimmed Mean CPI m/m,AUD,2021-01-26T19:30:00Z,High,0.4%,0.3%,0.4%,false,false
,NAB Business Confidence,AUD,2021-01-26T19:30:00Z,None,,13,4,false,false
,German GfK Consumer Climate,EUR,2021-01-27T02:00:00Z,None,-7.8,-7.5,-15.6,false,false
,UBS Economic Expectations,CHF,2021-01-27T04:00:00Z,None,,46.8,43.2,false,false
,German 10-y Bond Auction,EUR,2021-01-27T05:34:00Z,None,,-0.52|1.6,-0.54|2.0,false,false
,Core Durable Goods Orders m/m,USD,2021-01-27T08:30:00Z,None,0.5%,0.4%,0.7%,false,false
,Durable Goods Orders m/m,USD,2021-01-27T08:30:00Z,None,1.0%,1.0%,0.2%,false,false
,Crude Oil Inventories,USD,2021-01-27T10:30:00Z,None,1.6M,4.4M,-9.9M,false,false
,FOMC Statement,USD,2021-01-27T14:00:00Z,High,,,,false,false
,Federal Funds Rate,USD,2021-01-27T14:00:00Z,None,<0.25%,<0.25%,<0.25%,false,false
,FOMC Press Conference,USD,2021-01-27T14:30:00Z,High,,,,false,false
,Trade Balance,NZD,2021-01-27T16:45:00Z,None,800M,290M,17M,false,false
,Retail Sales y/y,JPY,2021-01-27T18:50:00Z,None,-0.4%,0.6%,-0.3%,false,false
,Import Prices q/q,AUD,2021-01-27T19:30:00Z,None,-0.9%,-3.5%,-1.0%,false,false
,German Prelim CPI m/m,EUR,2021-01-28T00:00:00Z,None,0.4%,0.5%,0.8%,true,false
,Trade Balance,CHF,2021-01-28T02:00:00Z,None,4.23B,4.48B,2.88B,false,false
,Spanish Unemployment Rate,EUR,2021-01-28T03:00:00Z,None,16.7%,16.3%,16.1%,false,false
,Italian 10-y Bond Auction,EUR,2021-01-28T05:12:00Z,None,,0.59|1.6,0.65|1.4,false,false
,Prelim Wholesale Inventories m/m,USD,2021-01-28T08:30:00Z,None,0.5%,0.0%,0.1%,false,false
,Advance GDP q/q,USD,2021-01-28T08:30:00Z,High,4.2%,33.4%,4.0%,false,false
,Unemployment Claims,USD,2021-01-28T08:30:00Z,None,880K,914K,847K,false,false
,Goods Trade Balance,USD,2021-01-28T08:30:00Z,None,-83.4B,-85.5B,-82.5B,false,false
,Building Permits m/m,CAD,2021-01-28T08:30:00Z,None,-4.9%,12.5%,-4.1%,false,false
,Advance GDP Price Index q/q,USD,2021-01-28T08:32:00Z,None,2.2%,3.5%,2.0%,false,false
,CB Leading Index m/m,USD,2021-01-28T10:00:00Z,None,0.3%,0.7%,0.3%,false,false
,New Home Sales,USD,2021-01-28T10:00:00Z,None,860K,829K,842K,false,false
,Natural Gas Storage,USD,2021-01-28T10:30:00Z,None,-140B,-187B,-128B,false,false
,Tokyo Core CPI y/y,JPY,2021-01-28T18:30:00Z,None,-0.6%,-0.9%,-0.4%,false,false
,Unemployment Rate,JPY,2021-01-28T18:30:00Z,None,3.0%,2.9%,2.9%,false,false
,BOJ Summary of Opinions,JPY,2021-01-28T18:50:00Z,None,,,,false,false
,Prelim Industrial Production m/m,JPY,2021-01-28T18:50:00Z,None,-1.4%,-0.5%,-1.6%,false,false
,PPI q/q,AUD,2021-01-28T19:30:00Z,None,0.4%,0.4%,0.5%,false,false
,Private Sector Credit m/m,AUD,2021-01-28T19:30:00Z,None,0.2%,0.1%,0.3%,false,false
,Housing Starts y/y,JPY,2021-01-29T00:00:00Z,None,-3.8%,-3.7%,-9.0%,false,false
,Consumer Confidence,JPY,2021-01-29T00:02:00Z,None,29.1,31.8,29.6,false,false
,French Consumer Spending m/m,EUR,2021-01-29T01:30:00Z,None,24.0%,-18.0%,23.0%,false,false
,French Flash GDP q/q,EUR,2021-01-29T01:30:00Z,None,-4.0%,18.7%,-1.3%,false,false
,German Import Prices m/m,EUR,2021-01-29T02:00:00Z,None,1.0%,0.5%,0.6%,false,false
,KOF Economic Barometer,CHF,2021-01-29T03:00:00Z,None,102.2,104.1,96.5,false,false
,Spanish Flash CPI y/y,EUR,2021-01-29T03:00:00Z,None,-0.5%,-0.5%,0.6%,false,false
,Spanish Flash GDP q/q,EUR,2021-01-29T03:00:00Z,None,-1.4%,16.4%,0.4%,false,false
,German Unemployment Change,EUR,2021-01-29T03:55:00Z,None,7K,-40K,-41K,false,false
,M3 Money Supply y/y,EUR,2021-01-29T04:00:00Z,None,11.0%,11.0%,12.3%,false,false
,German Prelim GDP q/q,EUR,2021-01-29T04:00:00Z,None,0.0%,8.5%,0.1%,false,false
,Private Loans y/y,EUR,2021-01-29T04:00:00Z,None,3.2%,3.1%,3.1%,false,false
,GDP m/m,CAD,2021-01-29T08:30:00Z,None,0.4%,0.4%,0.7%,false,false
,IPPI m/m,CAD,2021-01-29T08:30:00Z,None,1.4%,-0.6%,1.5%,false,false
,RMPI m/m,CAD,2021-01-29T08:30:00Z,None,2.5%,0.6%,3.5%,false,false
,Core PCE Price Index m/m,USD,2021-01-29T08:30:00Z,None,0.1%,0.0%,0.3%,false,false
,Employment Cost Index q/q,USD,2021-01-29T08:30:00Z,None,0.5%,0.5%,0.7%,false,false
,Personal Income m/m,USD,2021-01-29T08:30:00Z,None,0.1%,-1.3%,0.6%,false,false
,Personal Spending m/m,USD,2021-01-29T08:30:00Z,None,-0.4%,-0.7%,-0.2%,false,false
,Chicago PMI,USD,2021-01-29T09:45:00Z,None,58.4,59.5,63.8,false,false
,Revised UoM Inflation Expectations,USD,2021-01-29T10:00:00Z,None,,3.0%,3.0%,false,false
,Revised UoM Consumer Sentiment,USD,2021-01-29T10:00:00Z,None,79.2,79.2,79.0,false,false
,Pending Home Sales m/m,USD,2021-01-29T10:00:00Z,None,-0.5%,-2.5%,-0.3%,false,false
,Manufacturing PMI,CNY,2021-01-30T20:00:00Z,None,51.5,51.9,51.3,false,false
,Non-Manufacturing PMI,CNY,2021-01-30T20:00:00Z,None,55.1,55.7,52.4,false,false
,AIG Manufacturing Index,AUD,2021-01-31T16:30:00Z,None,,52.1,55.3,false,false
,MI Inflation Gauge m/m,AUD,2021-01-31T19:00:00Z,None,,0.5%,0.2%,false,false
,ANZ Job Advertisements m/m,AUD,2021-01-31T19:30:00Z,None,,8.6%,2.3%,false,false
,Final Manufacturing PMI,JPY,2021-01-31T19:30:00Z,None,49.8,49.7,49.8,false,false
,RatingDog Manufacturing PMI,CNY,2021-01-31T20:45:00Z,None,52.6,53.0,51.5,false,false
,Commodity Prices y/y,AUD,2021-02-01T00:30:00Z,None,,12.7%,19.7%,false,false
,German Retail Sales m/m,EUR,2021-02-01T02:00:00Z,None,-2.0%,1.1%,-9.6%,false,false
,Retail Sales y/y,CHF,2021-02-01T02:30:00Z,None,1.5%,1.8%,4.7%,false,false
,Spanish Manufacturing PMI,EUR,2021-02-01T03:15:00Z,None,50.2,51.0,49.3,false,false
,Manufacturing PMI,CHF,2021-02-01T03:30:00Z,None,56.5,58.0,59.4,false,false
,Italian Manufacturing PMI,EUR,2021-02-01T03:45:00Z,None,52.5,52.8,55.1,false,false
,French Final Manufacturing PMI,EUR,2021-02-01T03:50:00Z,None,51.5,51.5,51.6,false,false
,German Final Manufacturing PMI,EUR,2021-02-01T03:55:00Z,None,57.0,57.0,57.1,false,false
,Final Manufacturing PMI,EUR,2021-02-01T04:00:00Z,None,54.7,54.7,54.8,false,false
,Italian Monthly Unemployment Rate,EUR,2021-02-01T04:00:00Z,None,9.0%,8.8%,9.0%,false,false
,Final Manufacturing PMI,GBP,2021-02-01T04:30:00Z,None,52.9,52.9,54.1,false,false
,M4 Money Supply m/m,GBP,2021-02-01T04:30:00Z,None,0.9%,0.8%,0.7%,false,false
,Mortgage Approvals,GBP,2021-02-01T04:30:00Z,None,100K,105K,103K,false,false
,Net Lending to Individuals m/m,GBP,2021-02-01T04:30:00Z,None,4.3B,4.3B,4.6B,false,false
,Unemployment Rate,EUR,2021-02-01T05:00:00Z,None,8.3%,8.3%,8.3%,false,false
,Manufacturing PMI,CAD,2021-02-01T09:30:00Z,None,,57.9,54.4,false,false
,Final Manufacturing PMI,USD,2021-02-01T09:45:00Z,None,59.1,59.1,59.2,false,false
,Construction Spending m/m,USD,2021-02-01T10:00:00Z,None,0.8%,1.1%,1.0%,false,false
,ISM Manufacturing Prices,USD,2021-02-01T10:00:00Z,None,72.0,77.6,82.1,false,false
,ISM Manufacturing PMI,USD,2021-02-01T10:00:00Z,High,60.0,60.7,58.7,false,false
,FOMC Member Bostic Speaks,USD,2021-02-01T14:00:00Z,None,,,,false,false
,Loan Officer Survey,USD,2021-02-01T14:00:00Z,None,,,,false,false
,Monetary Base y/y,JPY,2021-02-01T18:50:00Z,None,19.2%,18.3%,18.9%,false,false
,RBA Rate Statement,AUD,2021-02-01T22:30:00Z,High,,,,false,false
,Cash Rate,AUD,2021-02-01T22:30:00Z,None,0.10%,0.10%,0.10%,false,false
,10-y Bond Auction,JPY,2021-02-01T22:35:00Z,None,,0.02|3.4,0.05|3.4,false,false
,Omdia Total Vehicle Sales,USD,2021-02-02T00:00:00Z,None,16.1M,16.3M,16.6M,true,false
,Nationwide HPI m/m,GBP,2021-02-02T01:59:00Z,None,0.3%,0.9%,-0.3%,false,false
,French Prelim CPI m/m,EUR,2021-02-02T02:45:00Z,None,0.0%,0.2%,0.2%,false,false
,Spanish Unemployment Change,EUR,2021-02-02T03:00:00Z,None,35.3K,36.8K,76.2K,false,false
,Italian Prelim GDP q/q,EUR,2021-02-02T04:00:00Z,None,-2.0%,15.9%,-2.0%,false,false
,Prelim Flash GDP q/q,EUR,2021-02-02T05:00:00Z,None,-0.9%,12.5%,-0.7%,false,false
,GDT Price Index,NZD,2021-02-02T09:31:00Z,None,,4.8%,1.8%,false,false
,RCM/TIPP Economic Optimism,USD,2021-02-02T10:00:00Z,None,51.0,50.1,51.9,false,false
,AIG Construction Index,AUD,2021-02-02T16:30:00Z,None,,55.3,57.6,false,false
,API Weekly Statistical Bulletin,USD,2021-02-02T16:30:00Z,None,,,,false,false
,Employment Change q/q,NZD,2021-02-02T16:45:00Z,High,0.1%,-0.7%,0.6%,false,false
,Unemployment Rate,NZD,2021-02-02T16:45:00Z,High,5.6%,5.3%,4.9%,false,false
,Labor Cost Index q/q,NZD,2021-02-02T16:45:00Z,None,0.5%,0.4%,0.5%,false,false
,ANZ Commodity Prices m/m,NZD,2021-02-02T19:00:00Z,None,,1.8%,3.6%,false,false
,Building Approvals m/m,AUD,2021-02-02T19:30:00Z,None,3.2%,3.4%,10.9%,false,false
,RBA Gov Lowe Speaks,AUD,2021-02-02T20:30:00Z,None,,,,false,false
,RatingDog Services PMI,CNY,2021-02-02T20:45:00Z,None,55.5,56.3,52.0,false,false
,OPEC-JMMC Meetings,All,2021-02-03T00:00:00Z,High,,,,true,false
,French Gov Budget Balance,EUR,2021-02-03T02:45:00Z,None,,-176.8B,-178.1B,false,false
,Spanish Services PMI,EUR,2021-02-03T03:15:00Z,None,45.1,48.0,41.7,false,false
,Italian Services PMI,EUR,2021-02-03T03:45:00Z,None,39.5,39.7,44.7,false,false
,French Final Services PMI,EUR,2021-02-03T03:50:00Z,None,46.5,46.5,47.3,false,false
,German Final Services PMI,EUR,2021-02-03T03:55:00Z,None,46.8,46.8,46.7,false,false
,Final Services PMI,EUR,2021-02-03T04:00:00Z,None,45.0,45.0,45.4,false,false
,Final Services PMI,GBP,2021-02-03T04:30:00Z,None,38.8,38.8,39.5,false,false
,Italian Prelim CPI m/m,EUR,2021-02-03T05:00:00Z,None,0.2%,0.2%,0.5%,false,false
,PPI m/m,EUR,2021-02-03T05:00:00Z,None,0.7%,0.4%,0.8%,false,false
,CPI Flash Estimate y/y,EUR,2021-02-03T05:00:00Z,None,0.6%,-0.3%,0.9%,false,false
,Core CPI Flash Estimate y/y,EUR,2021-02-03T05:00:00Z,None,0.9%,0.2%,1.4%,false,false
,10-y Bond Auction,GBP,2021-02-03T05:06:00Z,None,,0.33|2.9,0.44|2.9,false,false
,ADP Non-Farm Employment Change,USD,2021-02-03T08:15:00Z,None,48K,-78K,174K,false,false
,Final Services PMI,USD,2021-02-03T09:45:00Z,None,57.4,57.5,58.3,false,false
,ISM Services PMI,USD,2021-02-03T10:00:00Z,None,56.7,57.2,58.7,false,false
,Crude Oil Inventories,USD,2021-02-03T10:30:00Z,None,-0.6M,-9.9M,-1.0M,false,false
,Building Consents m/m,NZD,2021-02-03T16:45:00Z,None,,1.2%,4.9%,false,false
,FOMC Member Evans Speaks,USD,2021-02-03T17:00:00Z,None,,,,false,false
,Prelim ANZ Business Confidence,NZD,2021-02-03T19:00:00Z,None,,9.4,11.8,false,false
,Goods Trade Balance,AUD,2021-02-03T19:30:00Z,None,9.00B,5.01B,6.79B,false,false
,NAB Quarterly Business Confidence,AUD,2021-02-03T19:30:00Z,None,,-8,14,false,false
,30-y Bond Auction,JPY,2021-02-03T22:35:00Z,None,,0.65|3.0,0.66|3.5,false,false
,SECO Consumer Climate,CHF,2021-02-04T03:00:00Z,None,-19,-13,-15,false,false
,ECB Economic Bulletin,EUR,2021-02-04T04:00:00Z,None,,,,false,false
,Construction PMI,GBP,2021-02-04T04:30:00Z,None,53.0,54.6,49.2,false,false
,Spanish 10-y Bond Auction,EUR,2021-02-04T04:50:00Z,None,,-0.03|3.0,0.16|1.6,false,false
,Retail Sales m/m,EUR,2021-02-04T05:00:00Z,None,2.4%,-5.7%,2.0%,false,false
,French 10-y Bond Auction,EUR,2021-02-04T05:08:00Z,None,,-0.33|1.9,-0.25|2.2,false,false
,Monetary Policy Summary,GBP,2021-02-04T07:00:00Z,High,,,,false,false
,BOE Monetary Policy Report,GBP,2021-02-04T07:00:00Z,High,,,,false,false
,Asset Purchase Facility,GBP,2021-02-04T07:00:00Z,High,875B,875B,875B,false,false
,MPC Asset Purchase Facility Votes,GBP,2021-02-04T07:00:00Z,High,0-0-9,0-0-9,0-0-9,false,false
,MPC Official Bank Rate Votes,GBP,2021-02-04T07:00:00Z,High,0-0-9,0-0-9,0-0-9,false,false
,Official Bank Rate,GBP,2021-02-04T07:00:00Z,High,0.10%,0.10%,0.10%,false,false
,Challenger Job Cuts y/y,USD,2021-02-04T07:30:00Z,None,,134.5%,17.4%,false,false
,BOE Gov Bailey Speaks,GBP,2021-02-04T08:13:00Z,High,,,,false,false
,Unemployment Claims,USD,2021-02-04T08:30:00Z,None,828K,812K,779K,false,false
,Prelim Nonfarm Productivity q/q,USD,2021-02-04T08:30:00Z,None,-2.9%,4.6%,-4.8%,false,false
,Prelim Unit Labor Costs q/q,USD,2021-02-04T08:30:00Z,None,4.1%,-6.6%,6.8%,false,false
,Factory Orders m/m,USD,2021-02-04T10:00:00Z,None,0.7%,1.3%,1.1%,false,false
,Natural Gas Storage,USD,2021-02-04T10:30:00Z,None,-194B,-128B,-192B,false,false
,FOMC Member Daly Speaks,USD,2021-02-04T14:00:00Z,None,,,,false,false
,AIG Services Index,AUD,2021-02-04T16:30:00Z,None,,52.9,54.3,false,false
,RBA Gov Lowe Speaks,AUD,2021-02-04T17:30:00Z,None,,,,false,false
,Household Spending y/y,JPY,2021-02-04T18:30:00Z,None,-1.9%,1.1%,-0.6%,false,false
,RBA Monetary Policy Statement,AUD,2021-02-04T19:30:00Z,None,,,,false,false
,Leading Indicators,JPY,2021-02-05T00:00:00Z,None,95.1%,96.4%,94.9%,false,false
,German Factory Orders m/m,EUR,2021-02-05T02:00:00Z,None,-1.2%,2.7%,-1.9%,false,false
,French Prelim Private Payrolls q/q,EUR,2021-02-05T02:45:00Z,None,-0.7%,1.6%,-0.2%,false,false
,French Trade Balance,EUR,2021-02-05T02:45:00Z,None,-4.2B,-3.8B,-3.4B,false,false
,Foreign Currency Reserves,CHF,2021-02-05T03:00:00Z,None,,892B,896B,false,false
,Lloyds HPI m/m,GBP,2021-02-05T03:30:00Z,None,0.7%,0.0%,-0.3%,false,false
,Italian Retail Sales m/m,EUR,2021-02-05T04:00:00Z,None,1.5%,-6.9%,2.5%,false,false
,BOE Gov Bailey Speaks,GBP,2021-02-05T07:15:00Z,High,,,,false,false
,Unemployment Rate,USD,2021-02-05T08:30:00Z,High,6.7%,6.7%,6.3%,false,false
,Employment Change,CAD,2021-02-05T08:30:00Z,High,-43.5K,-62.6K,-212.8K,false,false
,Trade Balance,USD,2021-02-05T08:30:00Z,None,-66.0B,-69.0B,-66.6B,false,false
,Unemployment Rate,CAD,2021-02-05T08:30:00Z,High,8.9%,8.6%,9.4%,false,false
,Non-Farm Employment Change,USD,2021-02-05T08:30:00Z,High,85K,-227K,49K,false,false
,Average Hourly Earnings m/m,USD,2021-02-05T08:30:00Z,High,0.3%,1.0%,0.2%,false,false
,BOE Gov Bailey Speaks,GBP,2021-02-05T08:30:00Z,None,,,,false,false
,Trade Balance,CAD,2021-02-05T08:30:00Z,None,-3.0B,-3.6B,-1.7B,false,false
,Ivey PMI,CAD,2021-02-05T10:00:00Z,None,49.5,46.7,48.4,false,false
,Consumer Credit m/m,USD,2021-02-05T15:00:00Z,None,12.1B,13.9B,9.7B,false,false
,Bank Holiday,NZD,2021-02-07T00:00:00Z,None,,,,true,false
,Bank Lending y/y,JPY,2021-02-07T18:50:00Z,None,6.3%,6.2%,6.1%,false,false
,Current Account,JPY,2021-02-07T18:50:00Z,None,2.21T,2.34T,2.28T,false,false
,Economy Watchers Sentiment,JPY,2021-02-08T00:02:00Z,None,30.5,35.5,31.2,false,false
,Unemployment Rate,CHF,2021-02-08T01:45:00Z,None,3.4%,3.5%,3.5%,false,false
,German Industrial Production m/m,EUR,2021-02-08T02:00:00Z,None,0.1%,1.5%,0.0%,false,false
,Sentix Investor Confidence,EUR,2021-02-08T04:30:00Z,None,4.1,1.3,-0.2,false,false
,Average Cash Earnings y/y,JPY,2021-02-08T18:30:00Z,None,-4.7%,-1.8%,-3.2%,false,false
,M2 Money Stock y/y,JPY,2021-02-08T18:50:00Z,None,9.2%,9.1%,9.4%,false,false
,BRC Retail Sales Monitor y/y,GBP,2021-02-08T19:01:00Z,None,5.4%,4.8%,7.1%,false,false
,NAB Business Confidence,AUD,2021-02-08T19:30:00Z,None,,5,10,false,false
,Inflation Expectations q/q,NZD,2021-02-08T21:00:00Z,None,,1.59%,1.89%,false,false
,Prelim Machine Tool Orders y/y,JPY,2021-02-09T00:59:00Z,None,,9.9%,9.7%,false,false
,German Trade Balance,EUR,2021-02-09T02:00:00Z,None,14.2B,16.0B,16.1B,false,false
,M2 Money Supply y/y,CNY,2021-02-09T03:00:00Z,None,10.1%,10.1%,9.4%,false,false
,New Loans,CNY,2021-02-09T03:00:00Z,None,3500B,1260B,3580B,false,false
,Italian Industrial Production m/m,EUR,2021-02-09T04:00:00Z,None,2.1%,-1.4%,-0.2%,false,false
,NFIB Small Business Index,USD,2021-02-09T06:00:00Z,None,96.6,95.9,95.0,false,false
,JOLTS Job Openings,USD,2021-02-09T10:00:00Z,None,6.42M,6.57M,6.65M,false,false
,API Weekly Statistical Bulletin,USD,2021-02-09T16:30:00Z,None,,,,false,false
,Westpac Consumer Sentiment,AUD,2021-02-09T18:30:00Z,None,,-4.5%,1.9%,false,false
,PPI y/y,JPY,2021-02-09T18:50:00Z,None,-1.6%,-2.0%,-1.6%,false,false
,PPI y/y,CNY,2021-02-09T20:30:00Z,None,0.3%,-0.4%,0.3%,false,false
,CPI y/y,CNY,2021-02-09T20:30:00Z,None,0.0%,0.2%,-0.3%,false,false
,Foreign Direct Investment ytd/y,CNY,2021-02-09T21:22:00Z,None,,6.2%,4.6%,false,false
,Bank Holiday,CNY,2021-02-10T00:00:00Z,None,,,,true,false
,Bank Holiday,JPY,2021-02-10T00:00:00Z,None,,,,true,false
,German Final CPI m/m,EUR,2021-02-10T02:00:00Z,None,0.8%,0.8%,0.8%,false,false
,French Industrial Production m/m,EUR,2021-02-10T02:45:00Z,None,0.4%,-0.7%,-0.8%,false,false
,Core CPI y/y,USD,2021-02-10T08:30:00Z,High,1.5%,1.6%,1.4%,false,false
,CPI m/m,USD,2021-02-10T08:30:00Z,High,0.3%,0.4%,0.3%,false,false
,CPI y/y,USD,2021-02-10T08:30:00Z,High,1.4%,1.4%,1.4%,false,false
,Core CPI m/m,USD,2021-02-10T08:30:00Z,None,0.2%,0.1%,0.0%,false,false
,Final Wholesale Inventories m/m,USD,2021-02-10T10:00:00Z,None,0.1%,0.1%,0.3%,false,false
,Crude Oil Inventories,USD,2021-02-10T10:30:00Z,None,-0.9M,-1.0M,-6.6M,false,false
,Gov Council Member Lane Speaks,CAD,2021-02-10T11:30:00Z,None,,,,false,false
,BOE Gov Bailey Speaks,GBP,2021-02-10T12:00:00Z,None,,,,false,false
,10-y Bond Auction,USD,2021-02-10T13:01:00Z,None,,1.16|2.5,1.16|2.4,false,false
,Federal Budget Balance,USD,2021-02-10T14:00:00Z,None,-152.4B,-143.6B,-162.8B,false,false
,FOMC Member Powell Speaks,USD,2021-02-10T14:00:00Z,High,,,,false,false
,MI Inflation Expectations,AUD,2021-02-10T19:00:00Z,None,,3.4%,3.7%,false,false
,RICS House Price Balance,GBP,2021-02-10T19:01:00Z,None,60%,63%,50%,false,false
,Bank Holiday,CNY,2021-02-11T00:00:00Z,None,,,,true,false
,German WPI m/m,EUR,2021-02-11T02:00:00Z,None,0.4%,0.6%,2.1%,false,false
,EU Economic Forecasts,EUR,2021-02-11T05:00:00Z,None,,,,false,false
,Unemployment Claims,USD,2021-02-11T08:30:00Z,None,755K,812K,793K,false,false
,Mortgage Delinquencies,USD,2021-02-11T10:00:00Z,None,,7.65%,6.73%,false,false
,Natural Gas Storage,USD,2021-02-11T10:30:00Z,None,-180B,-192B,-171B,false,false
,30-y Bond Auction,USD,2021-02-11T13:01:00Z,None,,1.83|2.5,1.93|2.2,false,false
,BusinessNZ Manufacturing Index,NZD,2021-02-11T16:30:00Z,None,,48.3,57.5,false,false
,FPI m/m,NZD,2021-02-11T16:45:00Z,None,,0.1%,1.3%,false,false
,G7 Meetings,All,2021-02-12T00:00:00Z,High,,,,true,false
,Prelim Business Investment q/q,GBP,2021-02-12T02:00:00Z,None,-1.4%,9.4%,1.3%,false,false
,Index of Services 3m/3m,GBP,2021-02-12T02:00:00Z,None,0.0%,4.1%,0.6%,false,false
,Goods Trade Balance,GBP,2021-02-12T02:00:00Z,None,-15.3B,-14.8B,-14.3B,false,false
,GDP m/m,GBP,2021-02-12T02:00:00Z,None,1.0%,-2.3%,1.2%,false,false
,Construction Output m/m,GBP,2021-02-12T02:00:00Z,None,0.5%,1.7%,-2.9%,false,false
,Prelim GDP q/q,GBP,2021-02-12T02:00:00Z,None,0.5%,16.0%,1.0%,false,false
,Industrial Production m/m,GBP,2021-02-12T02:03:00Z,None,0.5%,0.3%,0.2%,false,false
,Manufacturing Production m/m,GBP,2021-02-12T02:03:00Z,None,0.7%,1.1%,0.3%,false,false
,CPI m/m,CHF,2021-02-12T02:30:00Z,None,0.0%,-0.1%,0.1%,false,false
,NIESR GDP Estimate,GBP,2021-02-12T07:56:00Z,None,,1.0%,-2.5%,false,false
,Wholesale Sales m/m,CAD,2021-02-12T08:30:00Z,None,-1.6%,0.7%,-1.3%,false,false
,Prelim UoM Inflation Expectations,USD,2021-02-12T10:00:00Z,None,,3.0%,3.3%,false,false
,Prelim UoM Consumer Sentiment,USD,2021-02-12T10:00:00Z,None,80.8,79.0,76.2,false,false
,Bank Holiday,CNY,2021-02-14T00:00:00Z,None,,,,true,false
,BusinessNZ Services Index,NZD,2021-02-14T16:30:00Z,None,,49.1,47.9,false,false
,Prelim GDP Price Index y/y,JPY,2021-02-14T18:50:00Z,None,0.5%,1.2%,0.2%,false,false
,Prelim GDP q/q,JPY,2021-02-14T18:50:00Z,None,2.4%,5.3%,3.0%,false,false
,Rightmove HPI m/m,GBP,2021-02-14T19:01:00Z,None,,-0.9%,0.5%,false,false
,Revised Industrial Production m/m,JPY,2021-02-14T23:32:00Z,None,-1.6%,-1.6%,-1.0%,false,false
,Bank Holiday,CNY,2021-02-15T00:00:00Z,None,,,,true,false
,Bank Holiday,CAD,2021-02-15T00:00:00Z,None,,,,true,false
,Bank Holiday,USD,2021-02-15T00:00:00Z,None,,,,true,false
,Eurogroup Meetings,EUR,2021-02-15T00:00:00Z,None,,,,true,false
,Industrial Production m/m,EUR,2021-02-15T05:00:00Z,None,-0.4%,2.6%,-1.6%,false,false
,Trade Balance,EUR,2021-02-15T05:00:00Z,None,22.3B,24.9B,27.5B,false,false
,Housing Starts,CAD,2021-02-15T08:17:00Z,None,236K,229K,282K,false,false
,Manufacturing Sales m/m,CAD,2021-02-15T08:30:00Z,None,0.2%,-0.4%,0.9%,false,false
,Visitor Arrivals m/m,NZD,2021-02-15T16:45:00Z,None,,0.8%,15.4%,false,false
,Monetary Policy Meeting Minutes,AUD,2021-02-15T19:30:00Z,None,,,,false,false
,Tertiary Industry Activity m/m,JPY,2021-02-15T23:30:00Z,None,-0.6%,-0.6%,-0.4%,false,false
,Bank Holiday,CNY,2021-02-16T00:00:00Z,None,,,,true,false
,ECOFIN Meetings,EUR,2021-02-16T00:00:00Z,None,,,,true,false
,Italian Trade Balance,EUR,2021-02-16T04:00:00Z,None,6.25B,6.75B,6.84B,false,false
,Flash Employment Change q/q,EUR,2021-02-16T05:00:00Z,None,0.9%,1.0%,0.3%,false,false
,Flash GDP q/q,EUR,2021-02-16T05:00:00Z,None,-0.7%,-0.7%,-0.6%,false,false
,ZEW Economic Sentiment,EUR,2021-02-16T05:00:00Z,None,59.2,58.3,69.6,false,false
,German ZEW Economic Sentiment,EUR,2021-02-16T05:00:00Z,None,59.7,61.8,71.2,false,false
,Foreign Securities Purchases,CAD,2021-02-16T08:30:00Z,None,7.72B,11.78B,5.08B,false,false
,Empire State Manufacturing Index,USD,2021-02-16T08:30:00Z,None,6.2,3.5,12.1,false,false
,GDT Price Index,NZD,2021-02-16T09:20:00Z,None,,1.8%,3.0%,false,false
,CB Leading Index m/m,GBP,2021-02-16T09:30:00Z,None,,-0.3%,-0.5%,false,false
,CB Leading Index m/m,AUD,2021-02-16T10:30:00Z,None,,0.8%,1.1%,false,false
,FOMC Member Bowman Speaks,USD,2021-02-16T11:10:00Z,None,,,,false,false
,FOMC Member Daly Speaks,USD,2021-02-16T15:00:00Z,None,,,,false,false
,TIC Long-Term Purchases,USD,2021-02-16T16:00:00Z,None,103.5B,149.2B,121.0B,false,false
,MI Leading Index m/m,AUD,2021-02-16T18:30:00Z,None,,0.1%,0.3%,false,false
,Trade Balance,JPY,2021-02-16T18:50:00Z,None,0.49T,0.51T,0.39T,false,false
,Core Machinery Orders m/m,JPY,2021-02-16T18:50:00Z,None,-6.1%,1.5%,5.2%,false,false
,RBA Assist Gov Kent Speaks,AUD,2021-02-16T20:00:00Z,None,,,,false,false
,CPI y/y,GBP,2021-02-17T02:00:00Z,High,0.6%,0.6%,0.7%,false,false
,Core CPI y/y,GBP,2021-02-17T02:00:00Z,None,1.3%,1.4%,1.4%,false,false
,RPI y/y,GBP,2021-02-17T02:00:00Z,None,1.3%,1.2%,1.4%,false,false
,PPI Input m/m,GBP,2021-02-17T02:03:00Z,None,0.5%,1.2%,0.7%,false,false
,PPI Output m/m,GBP,2021-02-17T02:03:00Z,None,0.2%,0.2%,0.4%,false,false
,HPI y/y,GBP,2021-02-17T04:30:00Z,None,7.5%,7.1%,8.5%,false,false
,German 30-y Bond Auction,EUR,2021-02-17T05:34:00Z,None,,-0.13|1.4,0.10|1.3,false,false
,CPI m/m,CAD,2021-02-17T08:30:00Z,None,0.5%,-0.2%,0.6%,false,false
,Common CPI y/y,CAD,2021-02-17T08:30:00Z,None,1.4%,1.3%,1.3%,false,false
,Median CPI y/y,CAD,2021-02-17T08:30:00Z,None,1.8%,1.3%,1.4%,false,false
,Trimmed CPI y/y,CAD,2021-02-17T08:30:00Z,None,1.6%,1.6%,1.8%,false,false
,Core Retail Sales m/m,USD,2021-02-17T08:30:00Z,High,1.1%,-1.8%,5.9%,false,false
,Retail Sales m/m,USD,2021-02-17T08:30:00Z,High,1.1%,-1.0%,5.3%,false,false
,Core PPI m/m,USD,2021-02-17T08:30:00Z,None,0.2%,0.1%,1.2%,false,false
,PPI m/m,USD,2021-02-17T08:30:00Z,None,0.4%,0.3%,1.3%,false,false
,Core CPI m/m,CAD,2021-02-17T08:32:00Z,None,,-0.4%,0.5%,false,false
,FOMC Member Barkin Speaks,USD,2021-02-17T09:00:00Z,None,,,,false,false
,Industrial Production m/m,USD,2021-02-17T09:15:00Z,None,0.4%,1.3%,0.9%,false,false
,Capacity Utilization Rate,USD,2021-02-17T09:15:00Z,None,74.9%,74.9%,75.6%,false,false
,Business Inventories m/m,USD,2021-02-17T10:00:00Z,None,0.5%,0.5%,0.6%,false,false
,NAHB Housing Market Index,USD,2021-02-17T10:00:00Z,None,83,83,84,false,false
,MPC Member Ramsden Speaks,GBP,2021-02-17T11:00:00Z,None,,,,false,false
,FOMC Meeting Minutes,USD,2021-02-17T14:00:00Z,None,,,,false,false
,API Weekly Statistical Bulletin,USD,2021-02-17T16:30:00Z,None,,,,false,false
,Employment Change,AUD,2021-02-17T19:30:00Z,High,30.2K,50.0K,29.1K,false,false
,Unemployment Rate,AUD,2021-02-17T19:30:00Z,High,6.5%,6.6%,6.4%,false,false
,Trade Balance,CHF,2021-02-18T02:00:00Z,None,3.32B,2.89B,5.05B,false,false
,Spanish 10-y Bond Auction,EUR,2021-02-18T04:51:00Z,None,,0.16|1.6,0.27|2.1,false,false
,MPC Member Saunders Speaks,GBP,2021-02-18T06:00:00Z,None,,,,false,false
,ECB Monetary Policy Meeting Accounts,EUR,2021-02-18T07:30:00Z,None,,,,false,false
,FOMC Member Brainard Speaks,USD,2021-02-18T08:00:00Z,None,,,,false,false
,Philly Fed Manufacturing Index,USD,2021-02-18T08:29:00Z,None,20.3,26.5,23.1,false,false
,NHPI m/m,CAD,2021-02-18T08:30:00Z,None,0.2%,0.3%,0.7%,false,false
,Housing Starts,USD,2021-02-18T08:30:00Z,None,1.66M,1.68M,1.58M,false,false
,Building Permits,USD,2021-02-18T08:30:00Z,None,1.67M,1.70M,1.88M,false,false
,Unemployment Claims,USD,2021-02-18T08:30:00Z,None,775K,848K,861K,false,false
,Import Prices m/m,USD,2021-02-18T08:30:00Z,None,1.0%,1.0%,1.4%,false,false
,ADP Non-Farm Employment Change,CAD,2021-02-18T08:35:00Z,None,,338.2K,-231.2K,false,false
,Consumer Confidence,EUR,2021-02-18T09:10:00Z,None,-15,-16,-15,false,false
,Natural Gas Storage,USD,2021-02-18T10:30:00Z,None,-250B,-171B,-237B,false,false
,Crude Oil Inventories,USD,2021-02-18T11:00:00Z,None,-2.1M,-6.6M,-7.3M,false,false
,PPI Output q/q,NZD,2021-02-18T16:45:00Z,None,-0.2%,-0.3%,0.4%,false,false
,PPI Input q/q,NZD,2021-02-18T16:45:00Z,None,0.1%,0.6%,0.0%,false,false
,Flash Manufacturing PMI,AUD,2021-02-18T17:00:00Z,None,,57.2,56.6,false,false
,Flash Services PMI,AUD,2021-02-18T17:00:00Z,None,,55.6,54.1,false,false
,National Core CPI y/y,JPY,2021-02-18T18:30:00Z,None,-0.6%,-1.0%,-0.6%,false,false
,GfK Consumer Confidence,GBP,2021-02-18T19:01:00Z,None,-26,-28,-23,false,false
,Flash Manufacturing PMI,JPY,2021-02-18T19:30:00Z,None,50.0,49.8,50.6,false,false
,Retail Sales m/m,AUD,2021-02-18T19:30:00Z,None,2.1%,-4.1%,0.6%,false,false
,G7 Meetings,All,2021-02-19T00:00:00Z,None,,,,true,false
,German PPI m/m,EUR,2021-02-19T02:00:00Z,None,0.9%,0.8%,1.4%,false,false
,Retail Sales m/m,GBP,2021-02-19T02:00:00Z,High,-3.0%,0.4%,-8.2%,false,false
,Public Sector Net Borrowing,GBP,2021-02-19T02:00:00Z,None,22.0B,26.1B,8.0B,false,false
,French Final CPI m/m,EUR,2021-02-19T02:45:00Z,None,0.2%,0.2%,0.2%,false,false
,French Flash Services PMI,EUR,2021-02-19T03:15:00Z,High,47.0,47.3,43.6,false,false
,French Flash Manufacturing PMI,EUR,2021-02-19T03:15:00Z,None,51.7,51.6,55.0,false,false
,German Flash Services PMI,EUR,2021-02-19T03:30:00Z,High,46.5,46.7,45.9,false,false
,German Flash Manufacturing PMI,EUR,2021-02-19T03:30:00Z,High,56.6,57.1,60.6,false,false
,Flash Manufacturing PMI,EUR,2021-02-19T04:00:00Z,None,54.6,54.8,57.7,false,false
,Flash Services PMI,EUR,2021-02-19T04:00:00Z,None,45.9,45.4,44.7,false,false
,Current Account,EUR,2021-02-19T04:00:00Z,None,22.0B,25.1B,36.7B,false,false
,Flash Services PMI,GBP,2021-02-19T04:30:00Z,High,42.1,39.5,49.7,false,false
,Flash Manufacturing PMI,GBP,2021-02-19T04:30:00Z,None,53.1,54.1,54.9,false,false
,CBI Industrial Order Expectations,GBP,2021-02-19T06:00:00Z,None,-35,-38,-24,false,false
,MPC Member Vlieghe Speaks,GBP,2021-02-19T07:00:00Z,None,,,,false,false
,FOMC Member Barkin Speaks,USD,2021-02-19T08:00:00Z,None,,,,false,false
,Core Retail Sales m/m,CAD,2021-02-19T08:30:00Z,None,-2.4%,2.9%,-4.1%,false,false
,Retail Sales m/m,CAD,2021-02-19T08:30:00Z,None,-2.5%,1.8%,-3.4%,false,false
,Flash Manufacturing PMI,USD,2021-02-19T09:45:00Z,None,58.4,59.2,58.5,false,false
,Flash Services PMI,USD,2021-02-19T09:45:00Z,None,57.9,58.3,58.9,false,false
,Existing Home Sales,USD,2021-02-19T10:00:00Z,None,6.59M,6.65M,6.69M,false,false
,Fed Monetary Policy Report,USD,2021-02-19T11:00:00Z,None,,,,false,false
,5-y Loan Prime Rate,CNY,2021-02-19T20:30:00Z,None,4.65%,4.65%,4.65%,false,false
,1-y Loan Prime Rate,CNY,2021-02-19T20:30:00Z,None,3.85%,3.85%,3.85%,false,false
,SPPI y/y,JPY,2021-02-21T18:50:00Z,None,-0.4%,-0.3%,-0.5%,false,false
,Bank Holiday,JPY,2021-02-22T00:00:00Z,None,,,,true,false
,German ifo Business Climate,EUR,2021-02-22T04:00:00Z,None,90.5,90.3,92.4,false,false
,German Buba Monthly Report,EUR,2021-02-22T06:00:00Z,None,,,,false,false
,Belgian NBB Business Climate,EUR,2021-02-22T09:00:00Z,None,-7.2,-7.5,-4.4,false,false
,ECB President Lagarde Speaks,EUR,2021-02-22T09:30:00Z,None,,,,false,false
,CB Leading Index m/m,USD,2021-02-22T10:00:00Z,None,0.4%,0.4%,0.5%,false,false
,FOMC Member Bowman Speaks,USD,2021-02-22T15:30:00Z,None,,,,false,false
,Retail Sales q/q,NZD,2021-02-22T16:45:00Z,None,-0.5%,27.8%,-2.7%,false,false
,Core Retail Sales q/q,NZD,2021-02-22T16:51:00Z,None,-0.6%,23.9%,-3.1%,false,false
,Goods Trade Balance,AUD,2021-02-22T19:30:00Z,None,,9.18B,8.75B,false,false
,New Home Prices m/m,CNY,2021-02-22T20:30:00Z,None,,0.12%,0.28%,false,false
,Claimant Count Change,GBP,2021-02-23T02:00:00Z,None,13.8K,-20.4K,-20.0K,false,false
,Average Earnings Index 3m/y,GBP,2021-02-23T02:00:00Z,None,4.1%,3.7%,4.7%,false,false
,Unemployment Rate,GBP,2021-02-23T02:00:00Z,None,5.1%,5.0%,5.1%,false,false
,PPI m/m,CHF,2021-02-23T02:30:00Z,None,0.4%,0.5%,0.3%,false,false
,Final Core CPI y/y,EUR,2021-02-23T05:00:00Z,None,1.4%,1.4%,1.4%,false,false
,Final CPI y/y,EUR,2021-02-23T05:00:00Z,None,0.9%,0.9%,0.9%,false,false
,30-y Bond Auction,GBP,2021-02-23T05:04:00Z,None,,0.84|2.4,1.30|2.2,false,false
,CBI Realized Sales,GBP,2021-02-23T06:00:00Z,None,-39,-50,-45,false,false
,HPI m/m,USD,2021-02-23T09:00:00Z,None,1.0%,1.0%,1.1%,false,false
,S&P/CS Composite-20 HPI y/y,USD,2021-02-23T09:00:00Z,None,9.9%,9.2%,10.1%,false,false
,Richmond Manufacturing Index,USD,2021-02-23T09:59:00Z,None,16,14,14,false,false
,Fed Chairman Powell Testifies,USD,2021-02-23T10:00:00Z,High,,,,false,false
,CB Consumer Confidence,USD,2021-02-23T10:00:00Z,None,90.2,88.9,91.3,false,false
,BOC Gov Macklem Speaks,CAD,2021-02-23T12:30:00Z,High,,,,false,false
,API Weekly Statistical Bulletin,USD,2021-02-23T16:30:00Z,None,,,,false,false
,Construction Work Done q/q,AUD,2021-02-23T19:30:00Z,None,1.1%,-1.8%,-0.9%,false,false
,Wage Price Index q/q,AUD,2021-02-23T19:30:00Z,None,0.3%,0.1%,0.6%,false,false
,RBNZ Monetary Policy Statement,NZD,2021-02-23T20:00:00Z,High,,,,false,false
,RBNZ Rate Statement,NZD,2021-02-23T20:00:00Z,High,,,,false,false
,Official Cash Rate,NZD,2021-02-23T20:00:00Z,None,0.25%,0.25%,0.25%,false,false
,RBNZ Press Conference,NZD,2021-02-23T21:00:00Z,High,,,,false,false
,BOJ Core CPI y/y,JPY,2021-02-24T00:00:00Z,None,-0.2%,-0.3%,-0.3%,false,false
,German Final GDP q/q,EUR,2021-02-24T02:00:00Z,None,0.1%,0.1%,0.3%,false,false
,UBS Economic Expectations,CHF,2021-02-24T04:00:00Z,None,,43.2,55.5,false,false
,German 10-y Bond Auction,EUR,2021-02-24T05:35:00Z,None,,-0.54|2.0,-0.32|1.5,false,false
,MPC Member Haldane Speaks,GBP,2021-02-24T07:00:00Z,None,,,,false,false
,Corporate Profits q/q,CAD,2021-02-24T08:30:00Z,None,,44.9%,7.9%,false,false
,CB Leading Index m/m,CNY,2021-02-24T09:00:00Z,None,,1.2%,1.0%,false,false
,Monetary Policy Report Hearings,GBP,2021-02-24T09:30:00Z,High,,,,false,false
,Fed Chairman Powell Testifies,USD,2021-02-24T10:00:00Z,High,,,,false,false
,New Home Sales,USD,2021-02-24T10:00:00Z,None,853K,885K,923K,false,false
,Crude Oil Inventories,USD,2021-02-24T10:30:00Z,None,-6.5M,-7.3M,1.3M,false,false
,FOMC Member Brainard Speaks,USD,2021-02-24T10:30:00Z,None,,,,false,false
,FOMC Member Clarida Speaks,USD,2021-02-24T13:00:00Z,None,,,,false,false
,RBNZ Gov Orr Speaks,NZD,2021-02-24T14:10:00Z,High,,,,false,false
,FOMC Member Clarida Speaks,USD,2021-02-24T16:00:00Z,None,,,,false,false
,ANZ Business Confidence,NZD,2021-02-24T19:00:00Z,None,,11.8,7.0,false,false
,Private Capital Expenditure q/q,AUD,2021-02-24T19:30:00Z,None,1.1%,-3.1%,3.0%,false,false
,German GfK Consumer Climate,EUR,2021-02-25T02:00:00Z,None,-14.0,-15.5,-12.9,false,false
,M3 Money Supply y/y,EUR,2021-02-25T04:00:00Z,None,12.6%,12.4%,12.5%,false,false
,Private Loans y/y,EUR,2021-02-25T04:02:00Z,None,3.2%,3.1%,3.0%,false,false
,Prelim GDP q/q,USD,2021-02-25T08:30:00Z,None,4.2%,4.0%,4.1%,false,false
,Core Durable Goods Orders m/m,USD,2021-02-25T08:30:00Z,None,0.6%,1.1%,1.4%,false,false
,Durable Goods Orders m/m,USD,2021-02-25T08:30:00Z,None,0.9%,0.5%,3.4%,false,false
,FOMC Member Bostic Speaks,USD,2021-02-25T08:30:00Z,None,,,,false,false
,Prelim GDP Price Index q/q,USD,2021-02-25T08:30:00Z,None,2.0%,2.0%,2.1%,false,false
,Unemployment Claims,USD,2021-02-25T08:30:00Z,None,828K,841K,730K,false,false
,Pending Home Sales m/m,USD,2021-02-25T10:00:00Z,None,0.2%,0.5%,-2.8%,false,false
,Natural Gas Storage,USD,2021-02-25T10:30:00Z,None,-323B,-237B,-338B,false,false
,FOMC Member Quarles Speaks,USD,2021-02-25T11:10:00Z,None,,,,false,false
,FOMC Member Bostic Speaks,USD,2021-02-25T12:00:00Z,None,,,,false,false
,Trade Balance,NZD,2021-02-25T16:45:00Z,None,-630M,69M,-626M,false,false
,Tokyo Core CPI y/y,JPY,2021-02-25T18:30:00Z,None,-0.4%,-0.4%,-0.3%,false,false
,RBNZ Gov Orr Speaks,NZD,2021-02-25T18:30:00Z,High,,,,false,false
,Prelim Industrial Production m/m,JPY,2021-02-25T18:50:00Z,None,3.9%,-1.0%,4.2%,false,false
,Retail Sales y/y,JPY,2021-02-25T18:50:00Z,None,-2.6%,-0.2%,-2.4%,false,false
,Private Sector Credit m/m,AUD,2021-02-25T19:30:00Z,None,0.3%,0.3%,0.2%,false,false
,G20 Meetings,All,2021-02-26T00:00:00Z,None,,,,true,false
,Housing Starts y/y,JPY,2021-02-26T00:00:00Z,None,-1.8%,-9.0%,-3.1%,false,false
,German Import Prices m/m,EUR,2021-02-26T02:00:00Z,None,1.1%,0.6%,1.9%,false,false
,French Consumer Spending m/m,EUR,2021-02-26T02:45:00Z,None,-3.5%,22.4%,-4.6%,false,false
,French Prelim CPI m/m,EUR,2021-02-26T02:45:00Z,None,-0.3%,0.2%,-0.1%,false,false
,French Prelim GDP q/q,EUR,2021-02-26T02:45:00Z,None,-1.3%,-1.3%,-1.4%,false,false
,KOF Economic Barometer,CHF,2021-02-26T03:00:00Z,None,96.5,96.5,102.7,false,false
,GDP q/q,CHF,2021-02-26T03:00:00Z,None,0.0%,7.6%,0.3%,false,false
,Spanish Flash CPI y/y,EUR,2021-02-26T03:00:00Z,None,0.6%,0.5%,0.0%,false,false
,MPC Member Ramsden Speaks,GBP,2021-02-26T07:30:00Z,None,,,,false,false
,IPPI m/m,CAD,2021-02-26T08:30:00Z,None,2.0%,1.7%,2.0%,false,false
,RMPI m/m,CAD,2021-02-26T08:30:00Z,None,2.9%,3.5%,5.7%,false,false
,Core PCE Price Index m/m,USD,2021-02-26T08:30:00Z,None,0.1%,0.3%,0.3%,false,false
,Goods Trade Balance,USD,2021-02-26T08:30:00Z,None,-83.0B,-83.2B,-83.7B,false,false
,Personal Income m/m,USD,2021-02-26T08:30:00Z,None,9.4%,0.6%,10.0%,false,false
,Personal Spending m/m,USD,2021-02-26T08:30:00Z,None,2.6%,-0.4%,2.4%,false,false
,Prelim Wholesale Inventories m/m,USD,2021-02-26T08:30:00Z,None,0.3%,0.3%,1.3%,false,false
,Chicago PMI,USD,2021-02-26T09:45:00Z,None,61.0,63.8,59.5,false,false
,Revised UoM Inflation Expectations,USD,2021-02-26T10:00:00Z,None,,3.3%,3.3%,false,false
,Revised UoM Consumer Sentiment,USD,2021-02-26T10:00:00Z,None,76.5,76.2,76.8,false,false
,Manufacturing PMI,CNY,2021-02-28T02:05:00Z,None,51.1,51.3,50.6,false,false
,Non-Manufacturing PMI,CNY,2021-02-28T02:05:00Z,None,52.1,52.4,51.4,false,false
,AIG Manufacturing Index,AUD,2021-02-28T16:30:00Z,None,,55.3,58.8,false,false
,MI Inflation Gauge m/m,AUD,2021-02-28T19:00:00Z,None,,0.2%,0.1%,false,false
,ANZ Job Advertisements m/m,AUD,2021-02-28T19:30:00Z,None,,2.6%,7.2%,false,false
,Company Operating Profits q/q,AUD,2021-02-28T19:30:00Z,None,2.1%,3.2%,-6.6%,false,false
,Final Manufacturing PMI,JPY,2021-02-28T19:30:00Z,None,49.9,49.8,51.4,false,false
,RatingDog Manufacturing PMI,CNY,2021-02-28T20:45:00Z,None,51.3,51.5,50.9,false,false
,German Prelim CPI m/m,EUR,2021-03-01T00:00:00Z,None,0.5%,0.8%,0.7%,true,false
,Commodity Prices y/y,AUD,2021-03-01T00:30:00Z,None,,19.5%,23.9%,false,false
,Retail Sales y/y,CHF,2021-03-01T02:30:00Z,None,4.5%,5.4%,-0.5%,false,false
,Spanish Manufacturing PMI,EUR,2021-03-01T03:15:00Z,None,52.1,49.3,52.9,false,false
,Manufacturing PMI,CHF,2021-03-01T03:30:00Z,None,60.0,59.4,61.3,false,false
,Italian Manufacturing PMI,EUR,2021-03-01T03:45:00Z,None,57.0,55.1,56.9,false,false
,French Final Manufacturing PMI,EUR,2021-03-01T03:50:00Z,None,55.0,55.0,56.1,false,false
,German Final Manufacturing PMI,EUR,2021-03-01T03:55:00Z,None,60.6,60.6,60.7,false,false
,Final Manufacturing PMI,EUR,2021-03-01T04:00:00Z,None,57.7,57.7,57.9,false,false
,Final Manufacturing PMI,GBP,2021-03-01T04:30:00Z,None,54.9,54.9,55.1,false,false
,M4 Money Supply m/m,GBP,2021-03-01T04:30:00Z,None,0.8%,0.6%,0.7%,false,false
,Mortgage Approvals,GBP,2021-03-01T04:30:00Z,None,100K,103K,99K,false,false
,Net Lending to Individuals m/m,GBP,2021-03-01T04:32:00Z,None,3.3B,4.5B,2.8B,false,false
,Italian Prelim CPI m/m,EUR,2021-03-01T05:00:00Z,None,0.4%,0.7%,0.1%,false,false
,Current Account,CAD,2021-03-01T08:30:00Z,None,-7.0B,-10.5B,-7.3B,false,false
,FOMC Member Williams Speaks,USD,2021-03-01T09:00:00Z,None,,,,false,false
,FOMC Member Brainard Speaks,USD,2021-03-01T09:05:00Z,None,,,,false,false
,Manufacturing PMI,CAD,2021-03-01T09:30:00Z,None,,54.4,54.8,false,false
,Final Manufacturing PMI,USD,2021-03-01T09:45:00Z,None,58.5,58.5,58.6,false,false
,ISM Manufacturing PMI,USD,2021-03-01T10:00:00Z,High,58.7,58.7,60.8,false,false
,Construction Spending m/m,USD,2021-03-01T10:00:00Z,None,0.7%,1.1%,1.7%,false,false
,ISM Manufacturing Prices,USD,2021-03-01T10:00:00Z,None,80.0,82.1,86.0,false,false
,ECB President Lagarde Speaks,EUR,2021-03-01T11:10:00Z,None,,,,false,false
,Overseas Trade Index q/q,NZD,2021-03-01T16:45:00Z,None,0.9%,-4.7%,1.3%,false,false
,Unemployment Rate,JPY,2021-03-01T18:30:00Z,None,3.0%,2.9%,2.9%,false,false
,Capital Spending q/y,JPY,2021-03-01T18:50:00Z,None,-2.0%,-10.6%,-4.8%,false,false
,Monetary Base y/y,JPY,2021-03-01T18:50:00Z,None,20.1%,18.9%,19.6%,false,false
,Building Approvals m/m,AUD,2021-03-01T19:30:00Z,None,-2.1%,12.0%,-19.4%,false,false
,Current Account,AUD,2021-03-01T19:30:00Z,None,13.0B,10.7B,14.5B,false,false
,RBA Rate Statement,AUD,2021-03-01T22:30:00Z,High,,,,false,false
,Cash Rate,AUD,2021-03-01T22:30:00Z,None,0.10%,0.10%,0.10%,false,false
,10-y Bond Auction,JPY,2021-03-01T22:35:00Z,None,,0.05|3.4,0.13|3.1,false,false
,Omdia Total Vehicle Sales,USD,2021-03-02T00:00:00Z,None,16.4M,16.6M,15.7M,true,false
,German Retail Sales m/m,EUR,2021-03-02T02:00:00Z,None,0.2%,-9.1%,-4.5%,false,false
,Nationwide HPI m/m,GBP,2021-03-02T02:00:00Z,None,-0.3%,-0.2%,0.7%,false,false
,Spanish Unemployment Change,EUR,2021-03-02T03:00:00Z,None,10.5K,76.2K,44.4K,false,false
,German Unemployment Change,EUR,2021-03-02T03:55:00Z,None,-9K,-37K,9K,false,false
,Core CPI Flash Estimate y/y,EUR,2021-03-02T05:00:00Z,None,1.1%,1.4%,1.1%,false,false
,CPI Flash Estimate y/y,EUR,2021-03-02T05:00:00Z,None,0.9%,0.9%,0.9%,false,false
,GDP m/m,CAD,2021-03-02T08:30:00Z,None,0.1%,0.8%,0.1%,false,false
,RCM/TIPP Economic Optimism,USD,2021-03-02T10:00:00Z,None,52.1,51.9,55.4,false,false
,GDT Price Index,NZD,2021-03-02T10:09:00Z,None,,3.0%,15.0%,false,false
,FOMC Member Brainard Speaks,USD,2021-03-02T13:00:00Z,None,,,,false,false
,FOMC Member Daly Speaks,USD,2021-03-02T14:00:00Z,None,,,,false,false
,AIG Construction Index,AUD,2021-03-02T16:30:00Z,None,,57.6,57.4,false,false
,API Weekly Statistical Bulletin,USD,2021-03-02T16:30:00Z,None,,,,false,false
,Building Consents m/m,NZD,2021-03-02T16:45:00Z,None,,5.1%,2.1%,false,false
,ANZ Commodity Prices m/m,NZD,2021-03-02T19:00:00Z,None,,4.3%,3.3%,false,false
,BRC Shop Price Index y/y,GBP,2021-03-02T19:01:00Z,None,,-2.2%,-2.4%,false,false
,GDP q/q,AUD,2021-03-02T19:30:00Z,High,2.5%,3.4%,3.1%,false,false
,RatingDog Services PMI,CNY,2021-03-02T20:45:00Z,None,51.6,52.0,51.5,false,false
,CPI m/m,CHF,2021-03-03T02:30:00Z,None,0.4%,0.1%,0.2%,false,false
,French Gov Budget Balance,EUR,2021-03-03T02:45:00Z,None,,-178.1B,-21.9B,false,false
,Spanish Services PMI,EUR,2021-03-03T03:15:00Z,None,43.1,41.7,43.1,false,false
,Italian Services PMI,EUR,2021-03-03T03:45:00Z,None,45.8,44.7,48.8,false,false
,French Final Services PMI,EUR,2021-03-03T03:50:00Z,None,43.6,43.6,45.6,false,false
,German Final Services PMI,EUR,2021-03-03T03:55:00Z,None,45.9,45.9,45.7,false,false
,Final Services PMI,EUR,2021-03-03T04:00:00Z,None,44.7,44.7,45.7,false,false
,Final Services PMI,GBP,2021-03-03T04:30:00Z,None,49.7,49.7,49.5,false,false
,PPI m/m,EUR,2021-03-03T05:00:00Z,None,1.3%,0.9%,1.4%,false,false
,Annual Budget Release,GBP,2021-03-03T07:35:00Z,High,,,,false,false
,ADP Non-Farm Employment Change,USD,2021-03-03T08:15:00Z,None,203K,195K,117K,false,false
,Building Permits m/m,CAD,2021-03-03T08:30:00Z,None,3.0%,-4.4%,8.2%,false,false
,Final Services PMI,USD,2021-03-03T09:45:00Z,None,58.9,58.9,59.8,false,false
,ISM Services PMI,USD,2021-03-03T10:00:00Z,None,58.7,58.7,55.3,false,false
,Crude Oil Inventories,USD,2021-03-03T10:30:00Z,None,-1.3M,1.3M,21.6M,false,false
,MPC Member Tenreyro Speaks,GBP,2021-03-03T11:00:00Z,None,,,,false,false
,FOMC Member Evans Speaks,USD,2021-03-03T13:00:00Z,None,,,,false,false
,Beige Book,USD,2021-03-03T14:00:00Z,None,,,,false,false
,RBNZ Gov Orr Speaks,NZD,2021-03-03T15:15:00Z,High,,,,false,false
,Goods Trade Balance,AUD,2021-03-03T19:30:00Z,None,6.82B,7.13B,10.14B,false,false
,30-y Bond Auction,JPY,2021-03-03T22:35:00Z,None,,0.66|3.5,0.69|2.8,false,false
,Consumer Confidence,JPY,2021-03-04T00:00:00Z,None,29.9,29.6,33.8,false,false
,OPEC-JMMC Meetings,All,2021-03-04T00:00:00Z,High,,,,true,false
,Construction PMI,GBP,2021-03-04T04:30:00Z,None,51.1,49.2,53.3,false,false
,Spanish 10-y Bond Auction,EUR,2021-03-04T04:57:00Z,None,,0.27|2.1,0.35|1.6,false,false
,French 10-y Bond Auction,EUR,2021-03-04T04:59:00Z,None,,-0.25|2.2,-0.07|2.0,false,false
,Retail Sales m/m,EUR,2021-03-04T05:00:00Z,None,-1.4%,1.8%,-5.9%,false,false
,Unemployment Rate,EUR,2021-03-04T05:00:00Z,None,8.3%,8.1%,8.1%,false,false
,10-y Bond Auction,GBP,2021-03-04T05:04:00Z,None,,0.44|2.9,0.87|2.7,false,false
,Challenger Job Cuts y/y,USD,2021-03-04T07:30:00Z,None,,17.4%,-39.1%,false,false
,Revised Nonfarm Productivity q/q,USD,2021-03-04T08:30:00Z,None,-4.7%,-4.8%,-4.2%,false,false
,Labor Productivity q/q,CAD,2021-03-04T08:30:00Z,None,-2.0%,-10.6%,-2.0%,false,false
,Unemployment Claims,USD,2021-03-04T08:30:00Z,None,758K,736K,745K,false,false
,Revised Unit Labor Costs q/q,USD,2021-03-04T08:30:00Z,None,6.7%,6.8%,6.0%,false,false
,Factory Orders m/m,USD,2021-03-04T10:00:00Z,None,2.2%,1.6%,2.6%,false,false
,Natural Gas Storage,USD,2021-03-04T10:30:00Z,None,-149B,-338B,-98B,false,false
,FOMC Member Powell Speaks,USD,2021-03-04T12:05:00Z,High,,,,false,false
,AIG Services Index,AUD,2021-03-04T16:30:00Z,None,,54.3,55.8,false,false
,German Factory Orders m/m,EUR,2021-03-05T02:00:00Z,None,0.4%,-2.2%,1.4%,false,false
,French Trade Balance,EUR,2021-03-05T02:45:00Z,None,-3.4B,-3.6B,-3.9B,false,false
,Foreign Currency Reserves,CHF,2021-03-05T03:00:00Z,None,,897B,914B,false,false
,Lloyds HPI m/m,GBP,2021-03-05T03:30:00Z,None,-0.1%,-0.4%,-0.1%,false,false
,Italian Retail Sales m/m,EUR,2021-03-05T04:00:00Z,None,-0.6%,2.4%,-3.0%,false,false
,Average Hourly Earnings m/m,USD,2021-03-05T08:30:00Z,High,0.2%,0.1%,0.2%,false,false
,Non-Farm Employment Change,USD,2021-03-05T08:30:00Z,High,197K,166K,379K,false,false
,Unemployment Rate,USD,2021-03-05T08:30:00Z,High,6.3%,6.3%,6.2%,false,false
,Trade Balance,USD,2021-03-05T08:30:00Z,None,-67.5B,-67.0B,-68.2B,false,false
,Trade Balance,CAD,2021-03-05T08:30:00Z,None,-1.4B,-2.0B,1.4B,false,false
,MPC Member Haskel Speaks,GBP,2021-03-05T09:00:00Z,None,,,,false,false
,Ivey PMI,CAD,2021-03-05T10:00:00Z,None,49.2,48.4,60.0,false,false
,Consumer Credit m/m,USD,2021-03-05T15:00:00Z,None,11.8B,8.8B,-1.3B,false,false
,USD-Denominated Trade Balance,CNY,2021-03-06T22:04:00Z,None,59.0B,78.2B,103.3B,false,false
,Trade Balance,CNY,2021-03-06T22:05:00Z,None,348B,517B,676B,false,false
,Current Account,JPY,2021-03-07T18:50:00Z,None,2.20T,2.08T,1.50T,false,false
,Bank Lending y/y,JPY,2021-03-07T18:50:00Z,None,6.3%,6.0%,6.2%,false,false
,Leading Indicators,JPY,2021-03-08T00:00:00Z,None,96.7%,95.3%,99.1%,false,false
,Economy Watchers Sentiment,JPY,2021-03-08T01:00:00Z,None,34.2,31.2,41.3,false,false
,Unemployment Rate,CHF,2021-03-08T01:45:00Z,None,3.6%,3.5%,3.6%,false,false
,German Industrial Production m/m,EUR,2021-03-08T02:00:00Z,None,-1.4%,1.9%,-2.5%,false,false
,Sentix Investor Confidence,EUR,2021-03-08T04:30:00Z,None,0.3,-0.2,5.0,false,false
,BOE Gov Bailey Speaks,GBP,2021-03-08T05:00:00Z,High,,,,false,false
,Final Wholesale Inventories m/m,USD,2021-03-08T10:00:00Z,None,1.3%,1.3%,1.3%,false,false
,Manufacturing Sales q/q,NZD,2021-03-08T16:45:00Z,None,,10.4%,-0.6%,false,false
,Average Cash Earnings y/y,JPY,2021-03-08T18:30:00Z,None,-1.6%,-3.0%,-0.8%,false,false
,Household Spending y/y,JPY,2021-03-08T18:30:00Z,None,-2.1%,-0.6%,-6.1%,false,false
,Final GDP Price Index y/y,JPY,2021-03-08T18:50:00Z,None,0.2%,0.2%,0.3%,false,false
,M2 Money Stock y/y,JPY,2021-03-08T18:50:00Z,None,9.5%,9.4%,9.6%,false,false
,Final GDP q/q,JPY,2021-03-08T18:50:00Z,None,3.0%,3.0%,2.8%,false,false
,Prelim ANZ Business Confidence,NZD,2021-03-08T19:00:00Z,None,,7.0,0.0,false,false
,BRC Retail Sales Monitor y/y,GBP,2021-03-08T19:01:00Z,None,6.5%,7.1%,9.5%,false,false
,NAB Business Confidence,AUD,2021-03-08T19:30:00Z,None,,12,16,false,false
,Prelim Machine Tool Orders y/y,JPY,2021-03-09T00:59:00Z,None,,9.7%,36.7%,false,false
,French Final Private Payrolls q/q,EUR,2021-03-09T01:30:00Z,None,-0.2%,-0.2%,-0.1%,false,false
,German Trade Balance,EUR,2021-03-09T02:00:00Z,None,17.9B,16.4B,22.2B,false,false
,Italian Industrial Production m/m,EUR,2021-03-09T04:00:00Z,None,0.8%,0.2%,1.0%,false,false
,Revised GDP q/q,EUR,2021-03-09T05:00:00Z,None,-0.6%,-0.6%,-0.7%,false,false
,Final Employment Change q/q,EUR,2021-03-09T05:00:00Z,None,0.3%,0.3%,0.3%,false,false
,NFIB Small Business Index,USD,2021-03-09T05:55:00Z,None,96.7,95.0,95.8,false,false
,API Weekly Statistical Bulletin,USD,2021-03-09T16:30:00Z,None,,,,false,false
,RBA Gov Lowe Speaks,AUD,2021-03-09T17:00:00Z,High,,,,false,false
,Westpac Consumer Sentiment,AUD,2021-03-09T18:30:00Z,None,,1.9%,2.6%,false,false
,CPI y/y,CNY,2021-03-09T20:30:00Z,None,-0.3%,-0.3%,-0.2%,false,false
,PPI y/y,CNY,2021-03-09T20:30:00Z,None,1.5%,0.3%,1.7%,false,false
,French Industrial Production m/m,EUR,2021-03-10T02:45:00Z,None,0.5%,-0.7%,3.3%,false,false
,M2 Money Supply y/y,CNY,2021-03-10T03:30:00Z,None,9.4%,9.4%,10.1%,false,false
,New Loans,CNY,2021-03-10T03:30:00Z,None,950B,3580B,1360B,false,false
,CPI y/y,USD,2021-03-10T07:30:00Z,High,1.7%,1.4%,1.7%,false,false
,Core CPI m/m,USD,2021-03-10T08:30:00Z,High,0.2%,0.0%,0.1%,false,false
,CPI m/m,USD,2021-03-10T08:30:00Z,High,0.4%,0.3%,0.4%,false,false
,Core CPI y/y,USD,2021-03-10T08:30:00Z,High,1.4%,1.4%,1.3%,false,false
,BOC Rate Statement,CAD,2021-03-10T10:00:00Z,High,,,,false,false
,Overnight Rate,CAD,2021-03-10T10:00:00Z,None,0.25%,0.25%,0.25%,false,false
,Crude Oil Inventories,USD,2021-03-10T10:30:00Z,None,3.0M,21.6M,13.8M,false,false
,10-y Bond Auction,USD,2021-03-10T13:01:00Z,None,,1.16|2.4,1.52|2.4,false,false
,Federal Budget Balance,USD,2021-03-10T14:00:00Z,None,-298.6B,-162.8B,-310.9B,false,false
,FPI m/m,NZD,2021-03-10T16:45:00Z,None,,1.3%,-0.9%,false,false
,PPI y/y,JPY,2021-03-10T18:50:00Z,None,-0.7%,-1.5%,-0.7%,false,false
,MI Inflation Expectations,AUD,2021-03-10T19:00:00Z,None,,3.7%,4.1%,false,false
,RICS House Price Balance,GBP,2021-03-10T19:01:00Z,None,46%,49%,52%,false,false
,SECO Economic Forecasts,CHF,2021-03-11T03:00:00Z,None,,,,false,false
,Main Refinancing Rate,EUR,2021-03-11T07:45:00Z,None,0.00%,0.00%,0.00%,false,false
,Monetary Policy Statement,EUR,2021-03-11T07:45:00Z,High,,,,false,false
,ECB Press Conference,EUR,2021-03-11T08:30:00Z,High,,,,false,false
,Unemployment Claims,USD,2021-03-11T08:30:00Z,None,730K,754K,712K,false,false
,JOLTS Job Openings,USD,2021-03-11T10:00:00Z,None,6.65M,6.75M,6.92M,false,false
,Natural Gas Storage,USD,2021-03-11T10:30:00Z,None,-76B,-98B,-52B,false,false
,30-y Bond Auction,USD,2021-03-11T13:01:00Z,None,,1.93|2.2,2.30|2.3,false,false
,Gov Council Member Schembri Speaks,CAD,2021-03-11T13:30:00Z,None,,,,false,false
,BusinessNZ Manufacturing Index,NZD,2021-03-11T16:30:00Z,None,,58.0,53.4,false,false
,BSI Manufacturing Index,JPY,2021-03-11T18:50:00Z,None,19.0,21.6,1.6,false,false
,Construction Output m/m,GBP,2021-03-12T02:00:00Z,None,-1.0%,-2.9%,0.9%,false,false
,GDP m/m,GBP,2021-03-12T02:00:00Z,None,-4.9%,1.2%,-2.9%,false,false
,Goods Trade Balance,GBP,2021-03-12T02:00:00Z,None,-12.2B,-14.3B,-9.8B,false,false
,Index of Services 3m/3m,GBP,2021-03-12T02:00:00Z,None,-3.3%,0.6%,-2.4%,false,false
,Industrial Production m/m,GBP,2021-03-12T02:00:00Z,None,-0.9%,0.2%,-1.5%,false,false
,Manufacturing Production m/m,GBP,2021-03-12T02:00:00Z,None,-1.0%,0.3%,-2.3%,false,false
,German Final CPI m/m,EUR,2021-03-12T02:00:00Z,None,0.7%,0.7%,0.7%,false,false
,Foreign Direct Investment ytd/y,CNY,2021-03-12T02:35:00Z,None,,4.6%,31.5%,false,false
,Italian Quarterly Unemployment Rate,EUR,2021-03-12T04:00:00Z,None,9.8%,9.6%,9.2%,false,false
,Consumer Inflation Expectations,GBP,2021-03-12T04:32:00Z,None,,2.7%,2.7%,false,false
,Industrial Production m/m,EUR,2021-03-12T05:00:00Z,None,0.3%,-0.1%,0.8%,false,false
,NIESR GDP Estimate,GBP,2021-03-12T08:06:00Z,None,,-1.7%,-2.0%,false,false
,Unemployment Rate,CAD,2021-03-12T08:30:00Z,High,9.2%,9.4%,8.2%,false,false
,Capacity Utilization Rate,CAD,2021-03-12T08:30:00Z,None,77.9%,77.4%,79.2%,false,false
,Wholesale Sales m/m,CAD,2021-03-12T08:30:00Z,None,5.1%,-1.1%,4.0%,false,false
,Core PPI m/m,USD,2021-03-12T08:30:00Z,None,0.2%,1.2%,0.2%,false,false
,PPI m/m,USD,2021-03-12T08:30:00Z,None,0.4%,1.3%,0.5%,false,false
,Employment Change,CAD,2021-03-12T08:30:00Z,High,98.5K,-212.8K,259.2K,false,false
,Prelim UoM Consumer Sentiment,USD,2021-03-12T10:00:00Z,None,78.4,76.8,83.0,false,false
,Prelim UoM Inflation Expectations,USD,2021-03-12T10:00:00Z,None,,3.3%,3.1%,false,false
,Daylight Saving Time Shift,CAD,2021-03-14T03:00:00Z,None,,,,false,false
,Daylight Saving Time Shift,USD,2021-03-14T03:00:00Z,None,,,,false,false
,BusinessNZ Services Index,NZD,2021-03-14T17:30:00Z,None,,48.0,49.1,false,false
,Visitor Arrivals m/m,NZD,2021-03-14T17:49:00Z,None,,15.4%,-7.7%,false,false
,RBA Gov Lowe Speaks,AUD,2021-03-14T19:15:00Z,High,,,,false,false
,Core Machinery Orders m/m,JPY,2021-03-14T19:50:00Z,None,-5.5%,5.2%,-4.5%,false,false
,Rightmove HPI m/m,GBP,2021-03-14T20:01:00Z,None,,0.5%,0.8%,false,false
,New Home Prices m/m,CNY,2021-03-14T21:30:00Z,None,,0.28%,0.36%,false,false
,Industrial Production y/y,CNY,2021-03-14T22:00:00Z,None,31.2%,7.3%,35.1%,false,false
,Retail Sales y/y,CNY,2021-03-14T22:00:00Z,None,32.0%,4.6%,33.8%,false,false
,Fixed Asset Investment ytd/y,CNY,2021-03-14T22:00:00Z,None,40.9%,2.9%,35.0%,false,false
,Unemployment Rate,CNY,2021-03-14T22:00:00Z,None,5.2%,5.2%,5.5%,false,false
,Eurogroup Meetings,EUR,2021-03-15T00:00:00Z,None,,,,true,false
,Credit Card Spending y/y,NZD,2021-03-15T00:00:00Z,None,,-5.2%,-6.7%,false,false
,Tertiary Industry Activity m/m,JPY,2021-03-15T00:30:00Z,None,-0.6%,-0.3%,-1.7%,false,false
,German WPI m/m,EUR,2021-03-15T03:00:00Z,None,0.7%,2.1%,1.4%,false,false
,Housing Starts,CAD,2021-03-15T08:12:00Z,None,245K,284K,246K,false,false
,Manufacturing Sales m/m,CAD,2021-03-15T08:30:00Z,None,2.8%,1.3%,3.1%,false,false
,Empire State Manufacturing Index,USD,2021-03-15T08:30:00Z,None,14.6,12.1,17.4,false,false
,CB Leading Index m/m,GBP,2021-03-15T09:30:00Z,None,,-0.5%,-0.4%,false,false
,TIC Long-Term Purchases,USD,2021-03-15T16:00:00Z,None,107.3B,121.0B,90.8B,false,false
,HPI q/q,AUD,2021-03-15T20:30:00Z,None,1.9%,0.8%,3.0%,false,false
,Monetary Policy Meeting Minutes,AUD,2021-03-15T20:30:00Z,None,,,,false,false
,Credit Card Spending y/y,NZD,2021-03-15T22:00:00Z,None,,-6.7%,-10.6%,false,false
,ECOFIN Meetings,EUR,2021-03-16T00:00:00Z,None,,,,true,false
,BOJ Gov Kuroda Speaks,JPY,2021-03-16T00:06:00Z,None,,,,false,false
,Revised Industrial Production m/m,JPY,2021-03-16T00:30:00Z,None,4.2%,4.2%,4.3%,false,false
,French Final CPI m/m,EUR,2021-03-16T03:45:00Z,None,-0.1%,-0.1%,0.0%,false,false
,ZEW Economic Sentiment,EUR,2021-03-16T06:00:00Z,None,72.0,69.6,74.0,false,false
,German ZEW Economic Sentiment,EUR,2021-03-16T06:00:00Z,None,74.0,71.2,76.6,false,false
,Foreign Securities Purchases,CAD,2021-03-16T08:30:00Z,None,7.95B,5.33B,1.27B,false,false
,Core Retail Sales m/m,USD,2021-03-16T08:30:00Z,High,0.2%,8.3%,-2.7%,false,false
,Retail Sales m/m,USD,2021-03-16T08:30:00Z,High,-0.5%,7.6%,-3.0%,false,false
,Import Prices m/m,USD,2021-03-16T08:30:00Z,None,1.1%,1.4%,1.3%,false,false
,Capacity Utilization Rate,USD,2021-03-16T09:15:00Z,None,75.6%,75.5%,73.8%,false,false
,Industrial Production m/m,USD,2021-03-16T09:15:00Z,None,0.4%,1.1%,-2.2%,false,false
,Business Inventories m/m,USD,2021-03-16T10:00:00Z,None,0.3%,0.8%,0.3%,false,false
,NAHB Housing Market Index,USD,2021-03-16T10:00:00Z,None,84,84,82,false,false
,GDT Price Index,NZD,2021-03-16T10:19:00Z,None,,15.0%,-3.8%,false,false
,API Weekly Statistical Bulletin,USD,2021-03-16T16:30:00Z,None,,,,false,false
,Current Account,NZD,2021-03-16T17:45:00Z,None,-2.85B,-3.62B,-2.70B,false,false
,RBA Assist Gov Kent Speaks,AUD,2021-03-16T19:30:00Z,None,,,,false,false
,MI Leading Index m/m,AUD,2021-03-16T19:30:00Z,None,,-0.1%,0.0%,false,false
,Trade Balance,JPY,2021-03-16T19:50:00Z,None,-0.10T,0.55T,-0.04T,false,false
,Dutch Parliamentary Election,EUR,2021-03-17T00:00:00Z,None,,,,true,false
,Final Core CPI y/y,EUR,2021-03-17T06:00:00Z,None,1.1%,1.1%,1.1%,false,false
,Final CPI y/y,EUR,2021-03-17T06:00:00Z,None,0.9%,0.9%,0.9%,false,false
,German 30-y Bond Auction,EUR,2021-03-17T06:33:00Z,None,,0.10|1.3,0.21|1.2,false,false
,CPI m/m,CAD,2021-03-17T08:30:00Z,High,0.7%,0.6%,0.5%,false,false
,Common CPI y/y,CAD,2021-03-17T08:30:00Z,None,1.4%,1.3%,1.3%,false,false
,Median CPI y/y,CAD,2021-03-17T08:30:00Z,None,2.0%,2.0%,2.0%,false,false
,Trimmed CPI y/y,CAD,2021-03-17T08:30:00Z,None,2.0%,1.9%,1.9%,false,false
,Building Permits,USD,2021-03-17T08:30:00Z,None,1.74M,1.89M,1.68M,false,false
,Housing Starts,USD,2021-03-17T08:30:00Z,None,1.56M,1.58M,1.42M,false,false
,Core CPI m/m,CAD,2021-03-17T08:32:00Z,None,,0.5%,0.3%,false,false
,Crude Oil Inventories,USD,2021-03-17T10:30:00Z,None,2.8M,13.8M,2.4M,false,false
,FOMC Economic Projections,USD,2021-03-17T14:00:00Z,High,,,,false,false
,FOMC Statement,USD,2021-03-17T14:00:00Z,High,,,,false,false
,Federal Funds Rate,USD,2021-03-17T14:00:00Z,None,<0.25%,<0.25%,<0.25%,false,false
,FOMC Press Conference,USD,2021-03-17T14:30:00Z,High,,,,false,false
,GDP q/q,NZD,2021-03-17T17:45:00Z,High,0.2%,13.9%,-1.0%,false,false
,Employment Change,AUD,2021-03-17T20:30:00Z,High,30.5K,29.5K,88.7K,false,false
,Unemployment Rate,AUD,2021-03-17T20:30:00Z,High,6.3%,6.3%,5.8%,false,false
,RBA Bulletin,AUD,2021-03-17T20:30:00Z,None,,,,false,false
,RBA Assist Gov Kent Speaks,AUD,2021-03-17T21:05:00Z,None,,,,false,false
,Trade Balance,CHF,2021-03-18T03:00:00Z,None,4.10B,4.98B,3.70B,false,false
,PPI m/m,CHF,2021-03-18T03:30:00Z,None,0.2%,0.3%,0.0%,false,false
,ECB President Lagarde Speaks,EUR,2021-03-18T04:00:00Z,None,,,,false,false
,Italian Trade Balance,EUR,2021-03-18T05:00:00Z,None,7.05B,6.86B,1.59B,false,false
,Trade Balance,EUR,2021-03-18T06:00:00Z,None,28.8B,27.5B,24.2B,false,false
,ECB President Lagarde Speaks,EUR,2021-03-18T07:00:00Z,None,,,,false,false
,MPC Member Cunliffe Speaks,GBP,2021-03-18T07:00:00Z,None,,,,false,false
,Monetary Policy Summary,GBP,2021-03-18T08:00:00Z,High,,,,false,false
,MPC Official Bank Rate Votes,GBP,2021-03-18T08:00:00Z,High,0-0-9,0-0-9,0-0-9,false,false
,Official Bank Rate,GBP,2021-03-18T08:00:00Z,High,0.10%,0.10%,0.10%,false,false
,MPC Asset Purchase Facility Votes,GBP,2021-03-18T08:00:00Z,None,0-0-9,0-0-9,0-0-9,false,false
,Asset Purchase Facility,GBP,2021-03-18T08:00:00Z,None,875B,875B,875B,false,false
,NHPI m/m,CAD,2021-03-18T08:30:00Z,None,0.5%,0.7%,1.9%,false,false
,MPC Member Haldane Speaks,GBP,2021-03-18T08:30:00Z,None,,,,false,false
,Philly Fed Manufacturing Index,USD,2021-03-18T08:30:00Z,None,22.5,23.1,51.8,false,false
,Unemployment Claims,USD,2021-03-18T08:30:00Z,None,704K,725K,770K,false,false
,ADP Non-Farm Employment Change,CAD,2021-03-18T08:32:00Z,None,,-65.8K,-100.8K,false,false
,CB Leading Index m/m,USD,2021-03-18T10:00:00Z,None,0.3%,0.5%,0.2%,false,false
,Natural Gas Storage,USD,2021-03-18T10:30:00Z,None,-21B,-52B,-11B,false,false
,FOMC Member Powell Speaks,USD,2021-03-18T11:55:00Z,High,,,,false,false
,National Core CPI y/y,JPY,2021-03-18T19:30:00Z,None,-0.4%,-0.6%,-0.4%,false,false
,GfK Consumer Confidence,GBP,2021-03-18T20:01:00Z,None,-20,-23,-16,false,false
,Retail Sales m/m,AUD,2021-03-18T20:30:00Z,None,0.6%,0.5%,-1.1%,false,false
,Monetary Policy Statement,JPY,2021-03-18T23:39:00Z,None,,,,false,false
,BOJ Policy Rate,JPY,2021-03-18T23:39:00Z,None,-0.10%,-0.10%,-0.10%,false,false
,BOJ Press Conference,JPY,2021-03-19T02:30:00Z,None,,,,false,false
,German PPI m/m,EUR,2021-03-19T03:00:00Z,None,0.8%,1.4%,0.7%,false,false
,Public Sector Net Borrowing,GBP,2021-03-19T03:00:00Z,None,20.0B,2.4B,18.4B,false,false
,Core Retail Sales m/m,CAD,2021-03-19T08:30:00Z,None,-2.8%,-3.9%,-1.2%,false,false
,Retail Sales m/m,CAD,2021-03-19T08:30:00Z,None,-3.0%,-3.7%,-1.1%,false,false
,MPC Member Cunliffe Speaks,GBP,2021-03-19T09:00:00Z,None,,,,false,false
,Fed Announcement,USD,2021-03-19T09:00:00Z,High,,,,false,false
,Westpac Consumer Sentiment,NZD,2021-03-21T16:00:00Z,None,,106.0,105.2,false,false
,1-y Loan Prime Rate,CNY,2021-03-21T21:30:00Z,None,3.85%,3.85%,3.85%,false,false
,5-y Loan Prime Rate,CNY,2021-03-21T21:30:00Z,None,4.65%,4.65%,4.65%,false,false
,Current Account,EUR,2021-03-22T05:00:00Z,None,34.5B,36.7B,30.5B,false,false
,German Buba Monthly Report,EUR,2021-03-22T07:00:00Z,None,,,,false,false
,German Buba President Weidmann Speaks,EUR,2021-03-22T09:00:00Z,None,,,,false,false
,FOMC Member Powell Speaks,USD,2021-03-22T09:00:00Z,High,,,,false,false
,Existing Home Sales,USD,2021-03-22T10:00:00Z,None,6.55M,6.66M,6.22M,false,false
,FOMC Member Barkin Speaks,USD,2021-03-22T10:00:00Z,None,,,,false,false
,FOMC Member Daly Speaks,USD,2021-03-22T13:00:00Z,None,,,,false,false
,FOMC Member Quarles Speaks,USD,2021-03-22T13:30:00Z,None,,,,false,false
,FOMC Member Bowman Speaks,USD,2021-03-22T19:15:00Z,None,,,,false,false
,Credit Card Spending y/y,NZD,2021-03-22T22:00:00Z,None,,-10.7%,-12.4%,false,false
,BOJ Core CPI y/y,JPY,2021-03-23T00:59:00Z,None,-0.2%,-0.3%,-0.2%,false,false
,Average Earnings Index 3m/y,GBP,2021-03-23T03:00:00Z,None,4.9%,4.7%,4.8%,false,false
,Claimant Count Change,GBP,2021-03-23T03:00:00Z,None,9.0K,-20.8K,86.6K,false,false
,Unemployment Rate,GBP,2021-03-23T03:00:00Z,None,5.2%,5.1%,5.0%,false,false
,MPC Member Haldane Speaks,GBP,2021-03-23T04:40:00Z,None,,,,false,false
,MPC Member Cunliffe Speaks,GBP,2021-03-23T05:55:00Z,None,,,,false,false
,30-y Bond Auction,GBP,2021-03-23T06:05:00Z,None,,1.30|2.2,1.30|2.2,false,false
,CBI Industrial Order Expectations,GBP,2021-03-23T07:00:00Z,None,-20,-24,-5,false,false
,BOE Gov Bailey Speaks,GBP,2021-03-23T07:50:00Z,None,,,,false,false
,Current Account,USD,2021-03-23T08:30:00Z,None,-189B,-181B,-188B,false,false
,CB Leading Index m/m,CNY,2021-03-23T09:00:00Z,None,,1.1%,1.1%,false,false
,Richmond Manufacturing Index,USD,2021-03-23T09:59:00Z,None,15,14,17,false,false
,New Home Sales,USD,2021-03-23T10:00:00Z,None,872K,948K,775K,false,false
,FOMC Member Bostic Speaks,USD,2021-03-23T10:10:00Z,None,,,,false,false
,Fed Chairman Powell Testifies,USD,2021-03-23T12:00:00Z,High,,,,false,false
,Gov Council Member Gravelle Speaks,CAD,2021-03-23T13:15:00Z,None,,,,false,false
,FOMC Member Brainard Speaks,USD,2021-03-23T13:25:00Z,None,,,,false,false
,FOMC Member Williams Speaks,USD,2021-03-23T14:45:00Z,None,,,,false,false
,FOMC Member Brainard Speaks,USD,2021-03-23T15:45:00Z,None,,,,false,false
,API Weekly Statistical Bulletin,USD,2021-03-23T16:30:00Z,None,,,,false,false
,Trade Balance,NZD,2021-03-23T17:45:00Z,None,180M,-647M,181M,false,false
,Flash Manufacturing PMI,AUD,2021-03-23T18:00:00Z,None,,56.9,57.0,false,false
,Flash Services PMI,AUD,2021-03-23T18:00:00Z,None,,53.4,56.2,false,false
,Monetary Policy Meeting Minutes,JPY,2021-03-23T19:50:00Z,None,,,,false,false
,SPPI y/y,JPY,2021-03-23T19:50:00Z,None,-0.5%,-0.4%,-0.1%,false,false
,Goods Trade Balance,AUD,2021-03-23T20:30:00Z,None,,8.18B,8.10B,false,false
,Flash Manufacturing PMI,JPY,2021-03-23T20:30:00Z,None,51.3,51.4,52.0,false,false
,CPI y/y,GBP,2021-03-24T03:00:00Z,None,0.8%,0.7%,0.4%,false,false
,Core CPI y/y,GBP,2021-03-24T03:00:00Z,None,1.4%,1.4%,0.9%,false,false
,PPI Input m/m,GBP,2021-03-24T03:00:00Z,None,0.6%,1.0%,0.6%,false,false
,PPI Output m/m,GBP,2021-03-24T03:00:00Z,None,0.3%,0.8%,0.6%,false,false
,RPI y/y,GBP,2021-03-24T03:00:00Z,None,1.6%,1.4%,1.4%,false,false
,French Flash Services PMI,EUR,2021-03-24T04:15:00Z,High,45.5,45.6,47.8,false,false
,French Flash Manufacturing PMI,EUR,2021-03-24T04:15:00Z,None,56.4,56.1,58.8,false,false
,German Flash Manufacturing PMI,EUR,2021-03-24T04:30:00Z,High,60.4,60.7,66.6,false,false
,German Flash Services PMI,EUR,2021-03-24T04:30:00Z,High,46.4,45.7,50.8,false,false
,Flash Manufacturing PMI,EUR,2021-03-24T05:00:00Z,None,57.5,57.9,62.4,false,false
,Flash Services PMI,EUR,2021-03-24T05:00:00Z,None,46.1,45.7,48.8,false,false
,Flash Manufacturing PMI,GBP,2021-03-24T05:30:00Z,None,55.0,55.1,57.9,false,false
,Flash Services PMI,GBP,2021-03-24T05:30:00Z,None,51.1,49.5,56.8,false,false
,HPI y/y,GBP,2021-03-24T05:30:00Z,None,8.4%,8.0%,7.5%,false,false
,RBA Deputy Gov Debelle Speaks,AUD,2021-03-24T06:00:00Z,None,,,,false,false
,German 10-y Bond Auction,EUR,2021-03-24T06:34:00Z,None,,-0.32|1.5,-0.36|1.5,false,false
,Core Durable Goods Orders m/m,USD,2021-03-24T08:30:00Z,None,0.6%,1.3%,-0.9%,false,false
,Durable Goods Orders m/m,USD,2021-03-24T08:30:00Z,None,0.7%,3.5%,-1.1%,false,false
,Flash Manufacturing PMI,USD,2021-03-24T09:45:00Z,None,59.6,58.6,59.0,false,false
,Flash Services PMI,USD,2021-03-24T09:45:00Z,None,60.1,59.8,60.0,false,false
,Fed Chairman Powell Testifies,USD,2021-03-24T10:00:00Z,High,,,,false,false
,Consumer Confidence,EUR,2021-03-24T10:28:00Z,None,-15,-15,-11,false,false
,CB Leading Index m/m,AUD,2021-03-24T10:30:00Z,None,,1.3%,0.0%,false,false
,Crude Oil Inventories,USD,2021-03-24T10:30:00Z,None,1.4M,2.4M,1.9M,false,false
,ECB President Lagarde Speaks,EUR,2021-03-24T11:45:00Z,None,,,,false,false
,FOMC Member Williams Speaks,USD,2021-03-24T13:35:00Z,None,,,,false,false
,FOMC Member Daly Speaks,USD,2021-03-24T15:00:00Z,None,,,,false,false
,FOMC Member Evans Speaks,USD,2021-03-24T19:00:00Z,None,,,,false,false
,BOJ Gov Kuroda Speaks,JPY,2021-03-24T22:15:00Z,None,,,,false,false
,EU Economic Summit,EUR,2021-03-25T00:00:00Z,None,,,,false,false
,German GfK Consumer Climate,EUR,2021-03-25T03:00:00Z,None,-12.1,-12.7,-6.2,false,false
,SNB Monetary Policy Assessment,CHF,2021-03-25T04:30:00Z,High,,,,false,false
,SNB Policy Rate,CHF,2021-03-25T04:30:00Z,None,-0.75%,-0.75%,-0.75%,false,false
,ECB Economic Bulletin,EUR,2021-03-25T05:00:00Z,None,,,,false,false
,M3 Money Supply y/y,EUR,2021-03-25T05:00:00Z,None,12.5%,12.5%,12.3%,false,false
,Private Loans y/y,EUR,2021-03-25T05:02:00Z,None,3.2%,3.0%,3.0%,false,false
,SNB Press Conference,CHF,2021-03-25T05:28:00Z,High,,,,false,false
,German Buba President Weidmann Speaks,EUR,2021-03-25T05:30:00Z,None,,,,false,false
,BOE Gov Bailey Speaks,GBP,2021-03-25T05:30:00Z,None,,,,false,false
,FOMC Member Williams Speaks,USD,2021-03-25T05:30:00Z,None,,,,false,false
,ECB President Lagarde Speaks,EUR,2021-03-25T05:30:00Z,None,,,,false,false
,BOC Gov Macklem Speaks,CAD,2021-03-25T05:30:00Z,None,,,,false,false
,CBI Realized Sales,GBP,2021-03-25T07:00:00Z,None,-36,-45,-45,false,false
,Final GDP q/q,USD,2021-03-25T08:30:00Z,None,4.1%,4.1%,4.3%,false,false
,Final GDP Price Index q/q,USD,2021-03-25T08:30:00Z,None,2.1%,2.1%,2.0%,false,false
,Unemployment Claims,USD,2021-03-25T08:30:00Z,None,727K,781k,684K,false,false
,Belgian NBB Business Climate,EUR,2021-03-25T09:55:00Z,None,-3.0,-4.4,-1.0,false,false
,FOMC Member Clarida Speaks,USD,2021-03-25T10:10:00Z,None,,,,false,false
,Natural Gas Storage,USD,2021-03-25T10:30:00Z,None,-21B,-11B,-36B,false,false
,FOMC Member Williams Speaks,USD,2021-03-25T10:30:00Z,None,,,,false,false
,FOMC Member Bostic Speaks,USD,2021-03-25T12:00:00Z,None,,,,false,false
,FOMC Member Evans Speaks,USD,2021-03-25T13:00:00Z,None,,,,false,false
,FOMC Member Daly Speaks,USD,2021-03-25T19:00:00Z,None,,,,false,false
,Tokyo Core CPI y/y,JPY,2021-03-25T19:30:00Z,None,-0.2%,-0.3%,-0.1%,false,false
,Euro Summit,EUR,2021-03-26T00:00:00Z,High,,,,true,false
,EU Economic Summit,EUR,2021-03-26T00:00:00Z,None,,,,false,false
,Retail Sales m/m,GBP,2021-03-26T03:00:00Z,None,2.2%,-8.2%,2.1%,false,false
,German ifo Business Climate,EUR,2021-03-26T05:00:00Z,None,93.1,92.7,96.6,false,false
,FPC Meeting Minutes,GBP,2021-03-26T05:00:00Z,None,,,,false,false
,FPC Statement,GBP,2021-03-26T05:00:00Z,None,,,,false,false
,MPC Member Saunders Speaks,GBP,2021-03-26T08:00:00Z,None,,,,false,false
,Core PCE Price Index m/m,USD,2021-03-26T08:30:00Z,None,0.1%,0.2%,0.1%,false,false
,Goods Trade Balance,USD,2021-03-26T08:30:00Z,None,-85.5B,-84.6B,-86.7B,false,false
,Personal Spending m/m,USD,2021-03-26T08:30:00Z,None,-0.8%,3.4%,-1.0%,false,false
,Prelim Wholesale Inventories m/m,USD,2021-03-26T08:30:00Z,None,1.2%,1.3%,0.5%,false,false
,Personal Income m/m,USD,2021-03-26T08:30:00Z,None,-7.3%,10.1%,-7.1%,false,false
,Revised UoM Consumer Sentiment,USD,2021-03-26T10:00:00Z,None,83.6,83.0,84.9,false,false
,Revised UoM Inflation Expectations,USD,2021-03-26T10:00:00Z,None,,3.1%,3.1%,false,false
,MPC Member Tenreyro Speaks,GBP,2021-03-26T12:45:00Z,None,,,,false,false
,Daylight Saving Time Shift,CHF,2021-03-27T21:00:00Z,None,,,,false,false
,Daylight Saving Time Shift,EUR,2021-03-27T21:00:00Z,None,,,,false,false
,Daylight Saving Time Shift,GBP,2021-03-27T21:00:00Z,None,,,,false,false
,BOJ Summary of Opinions,JPY,2021-03-28T19:50:00Z,None,,,,false,false
,M4 Money Supply m/m,GBP,2021-03-29T04:30:00Z,None,0.6%,0.7%,0.8%,false,false
,Mortgage Approvals,GBP,2021-03-29T04:30:00Z,None,95K,97K,88K,false,false
,Net Lending to Individuals m/m,GBP,2021-03-29T04:32:00Z,None,3.6B,2.6B,4.9B,false,false
,FOMC Member Waller Speaks,USD,2021-03-29T11:00:00Z,None,,,,false,false
,Building Consents m/m,NZD,2021-03-29T17:45:00Z,None,,1.5%,-18.2%,false,false
,Unemployment Rate,JPY,2021-03-29T19:30:00Z,None,3.0%,2.9%,2.9%,false,false
,Retail Sales y/y,JPY,2021-03-29T19:50:00Z,None,-2.7%,-2.4%,-1.5%,false,false
,German Prelim CPI m/m,EUR,2021-03-30T00:00:00Z,None,0.5%,0.7%,0.5%,true,false
,German Import Prices m/m,EUR,2021-03-30T02:00:00Z,None,1.2%,1.9%,1.7%,false,false
,KOF Economic Barometer,CHF,2021-03-30T03:00:00Z,None,104.2,102.6,117.8,false,false
,Spanish Flash CPI y/y,EUR,2021-03-30T03:00:00Z,None,0.7%,0.0%,1.3%,false,false
,Italian 10-y Bond Auction,EUR,2021-03-30T05:18:00Z,None,,0.65|1.4,0.72|1.4,false,false
,S&P/CS Composite-20 HPI y/y,USD,2021-03-30T09:00:00Z,None,11.4%,10.2%,11.1%,false,false
,HPI m/m,USD,2021-03-30T09:00:00Z,None,1.2%,1.2%,1.0%,false,false
,FOMC Member Quarles Speaks,USD,2021-03-30T09:00:00Z,None,,,,false,false
,CB Consumer Confidence,USD,2021-03-30T10:00:00Z,None,96.9,90.4,109.7,false,false
,FOMC Member Bostic Speaks,USD,2021-03-30T12:00:00Z,None,,,,false,false
,FOMC Member Williams Speaks,USD,2021-03-30T14:30:00Z,None,,,,false,false
,API Weekly Statistical Bulletin,USD,2021-03-30T16:30:00Z,None,,,,false,false
,BRC Shop Price Index y/y,GBP,2021-03-30T19:01:00Z,None,,-2.4%,-2.4%,false,false
,Prelim Industrial Production m/m,JPY,2021-03-30T19:50:00Z,None,-1.3%,4.3%,-2.1%,false,false
,ANZ Business Confidence,NZD,2021-03-30T20:00:00Z,None,,0.0,-4.1,false,false
,Building Approvals m/m,AUD,2021-03-30T20:30:00Z,None,3.5%,-19.4%,21.6%,false,false
,Private Sector Credit m/m,AUD,2021-03-30T20:30:00Z,None,0.3%,0.2%,0.2%,false,false
,Manufacturing PMI,CNY,2021-03-30T21:00:00Z,None,51.3,50.6,51.9,false,false
,Non-Manufacturing PMI,CNY,2021-03-30T21:00:00Z,None,51.9,51.4,56.3,false,false
,Housing Starts y/y,JPY,2021-03-31T00:59:00Z,None,-5.0%,-3.1%,-3.7%,false,false
,Current Account,GBP,2021-03-31T02:00:00Z,None,-34.8B,-14.3B,-26.3B,false,false
,Nationwide HPI m/m,GBP,2021-03-31T02:00:00Z,None,0.4%,0.7%,-0.2%,false,false
,Revised Business Investment q/q,GBP,2021-03-31T02:00:00Z,None,1.3%,1.3%,5.9%,false,false
,Final GDP q/q,GBP,2021-03-31T02:00:00Z,None,1.0%,1.0%,1.3%,false,false
,French Consumer Spending m/m,EUR,2021-03-31T02:45:00Z,None,1.2%,-4.9%,0.0%,false,false
,French Prelim CPI m/m,EUR,2021-03-31T02:45:00Z,None,0.7%,0.0%,0.6%,false,false
,German Unemployment Change,EUR,2021-03-31T03:55:00Z,None,-4K,9K,-8K,false,false
,UBS Economic Expectations,CHF,2021-03-31T04:00:00Z,None,,55.5,66.7,false,false
,Core CPI Flash Estimate y/y,EUR,2021-03-31T05:00:00Z,None,1.1%,1.1%,0.9%,false,false
,CPI Flash Estimate y/y,EUR,2021-03-31T05:00:00Z,None,1.4%,0.9%,1.3%,false,false
,Italian Prelim CPI m/m,EUR,2021-03-31T05:00:00Z,None,0.1%,0.1%,0.3%,false,false
,ADP Non-Farm Employment Change,USD,2021-03-31T08:15:00Z,High,552K,176K,517K,false,false
,GDP m/m,CAD,2021-03-31T08:30:00Z,None,0.5%,0.1%,0.7%,false,false
,RMPI m/m,CAD,2021-03-31T08:30:00Z,None,5.3%,5.6%,6.6%,false,false
,IPPI m/m,CAD,2021-03-31T08:30:00Z,None,2.5%,2.3%,2.6%,false,false
,SNB Quarterly Bulletin,CHF,2021-03-31T09:00:00Z,None,,,,false,false
,Chicago PMI,USD,2021-03-31T09:45:00Z,None,61.2,59.5,66.3,false,false
,Pending Home Sales m/m,USD,2021-03-31T10:00:00Z,None,-3.1%,-2.4%,-10.6%,false,false
,Crude Oil Inventories,USD,2021-03-31T10:30:00Z,None,-1.3M,1.9M,-0.9M,false,false
,President Biden Speaks,USD,2021-03-31T16:20:00Z,High,,,,false,false
,AIG Manufacturing Index,AUD,2021-03-31T17:30:00Z,None,,58.8,59.9,false,false
,Tankan Manufacturing Index,JPY,2021-03-31T19:50:00Z,None,-1,-10,5,false,false
,Tankan Non-Manufacturing Index,JPY,2021-03-31T19:50:00Z,None,-4,-5,-1,false,false
,Goods Trade Balance,AUD,2021-03-31T20:30:00Z,None,9.95B,9.62B,7.53B,false,false
,Final Manufacturing PMI,JPY,2021-03-31T20:30:00Z,None,52.1,52.0,52.7,false,false
,RatingDog Manufacturing PMI,CNY,2021-03-31T21:45:00Z,None,51.3,50.9,50.6,false,false
,10-y Bond Auction,JPY,2021-03-31T23:35:00Z,None,,0.13|3.1,0.12|3.5,false,false
,OPEC-JMMC Meetings,All,2021-04-01T00:00:00Z,High,,,,true,false
,Omdia Total Vehicle Sales,USD,2021-04-01T00:00:00Z,None,16.4M,15.7M,17.7M,true,false
,Bank Holiday,NZD,2021-04-01T00:00:00Z,None,,,,true,false
,Bank Holiday,AUD,2021-04-01T00:00:00Z,None,,,,true,false
,Commodity Prices y/y,AUD,2021-04-01T01:30:00Z,None,,24.4%,28.2%,false,false
,German Retail Sales m/m,EUR,2021-04-01T02:00:00Z,None,2.0%,-4.5%,1.2%,false,false
,CPI m/m,CHF,2021-04-01T02:30:00Z,None,0.4%,0.2%,0.3%,false,false
,Retail Sales y/y,CHF,2021-04-01T02:30:00Z,None,1.9%,-0.7%,-6.3%,false,false
,Spanish Manufacturing PMI,EUR,2021-04-01T03:15:00Z,None,56.0,52.9,56.9,false,false
,Manufacturing PMI,CHF,2021-04-01T03:30:00Z,None,64.4,61.3,66.3,false,false
,Italian Manufacturing PMI,EUR,2021-04-01T03:45:00Z,None,59.7,56.9,59.8,false,false
,French Final Manufacturing PMI,EUR,2021-04-01T03:50:00Z,None,58.8,58.8,59.3,false,false
,German Final Manufacturing PMI,EUR,2021-04-01T03:55:00Z,None,66.6,66.6,66.6,false,false
,Final Manufacturing PMI,EUR,2021-04-01T04:00:00Z,None,62.4,62.4,62.5,false,false
,Final Manufacturing PMI,GBP,2021-04-01T04:30:00Z,None,57.9,57.9,58.9,false,false
,Challenger Job Cuts y/y,USD,2021-04-01T07:30:00Z,None,,-39.1%,-86.2%,false,false
,Building Permits m/m,CAD,2021-04-01T08:30:00Z,None,-1.5%,6.9%,2.1%,false,false
,Unemployment Claims,USD,2021-04-01T08:30:00Z,None,678K,658K,719K,false,false
,Manufacturing PMI,CAD,2021-04-01T09:30:00Z,None,,54.8,58.5,false,false
,Final Manufacturing PMI,USD,2021-04-01T09:45:00Z,None,59.2,59.0,59.1,false,false
,ISM Manufacturing Prices,USD,2021-04-01T10:00:00Z,None,83.5,86.0,85.6,false,false
,Construction Spending m/m,USD,2021-04-01T10:00:00Z,None,-0.9%,1.2%,-0.8%,false,false
,ISM Manufacturing PMI,USD,2021-04-01T10:00:00Z,None,61.5,60.8,64.7,false,false
,Natural Gas Storage,USD,2021-04-01T10:30:00Z,None,-20B,-36B,14B,false,false
,Monetary Base y/y,JPY,2021-04-01T19:50:00Z,None,19.9%,19.6%,20.8%,false,false
,Bank Holiday,CAD,2021-04-02T00:00:00Z,None,,,,true,false
,Bank Holiday,GBP,2021-04-02T00:00:00Z,None,,,,true,false
,German Bank Holiday,EUR,2021-04-02T00:00:00Z,None,,,,true,false
,Bank Holiday,CHF,2021-04-02T00:00:00Z,None,,,,true,false
,French Gov Budget Balance,EUR,2021-04-02T02:45:00Z,None,,-21.9B,-47.5B,false,false
,Average Hourly Earnings m/m,USD,2021-04-02T08:30:00Z,High,0.1%,0.3%,-0.1%,false,false
,Non-Farm Employment Change,USD,2021-04-02T08:30:00Z,High,652K,468K,916K,false,false
,Unemployment Rate,USD,2021-04-02T08:30:00Z,High,6.0%,6.2%,6.0%,false,false
,FOMC Member Bostic Speaks,USD,2021-04-02T11:00:00Z,None,,,,false,false
,Daylight Saving Time Shift,NZD,2021-04-03T10:00:00Z,None,,,,false,false
,Daylight Saving Time Shift,AUD,2021-04-03T12:00:00Z,None,,,,false,false
,Bank Holiday,AUD,2021-04-04T00:00:00Z,None,,,,true,false
,Bank Holiday,CNY,2021-04-04T00:00:00Z,None,,,,true,false
,Bank Holiday,NZD,2021-04-04T00:00:00Z,None,,,,true,false
,MI Inflation Gauge m/m,AUD,2021-04-04T21:00:00Z,None,,0.1%,0.4%,false,false
,Bank Holiday,CHF,2021-04-05T00:00:00Z,None,,,,true,false
,French Bank Holiday,EUR,2021-04-05T00:00:00Z,None,,,,true,false
,German Bank Holiday,EUR,2021-04-05T00:00:00Z,None,,,,true,false
,Italian Bank Holiday,EUR,2021-04-05T00:00:00Z,None,,,,true,false
,Bank Holiday,GBP,2021-04-05T00:00:00Z,None,,,,true,false
,IMF Meetings,All,2021-04-05T00:00:00Z,None,,,,false,false
,Final Services PMI,USD,2021-04-05T09:45:00Z,None,60.3,60.0,60.4,false,false
,Factory Orders m/m,USD,2021-04-05T10:00:00Z,None,-0.5%,2.7%,-0.8%,false,false
,ISM Services PMI,USD,2021-04-05T10:00:00Z,None,58.3,55.3,63.7,false,false
,Treasury Sec Yellen Speaks,USD,2021-04-05T11:00:00Z,High,,,,false,false
,Average Cash Earnings y/y,JPY,2021-04-05T19:30:00Z,None,-0.5%,-0.8%,-0.2%,false,false
,Household Spending y/y,JPY,2021-04-05T19:30:00Z,None,-5.0%,-6.1%,-6.6%,false,false
,ANZ Job Advertisements m/m,AUD,2021-04-05T21:30:00Z,None,,8.8%,7.4%,false,false
,RatingDog Services PMI,CNY,2021-04-05T21:45:00Z,None,52.2,51.5,54.3,false,false
,30-y Bond Auction,JPY,2021-04-05T23:35:00Z,None,,0.69|2.8,0.69|3.1,false,false
,Italian Monthly Unemployment Rate,EUR,2021-04-06T00:00:00Z,None,9.0%,9.8%,10.3%,false,false
,IMF Meetings,All,2021-04-06T00:00:00Z,None,,,,false,false
,RBA Rate Statement,AUD,2021-04-06T00:30:00Z,High,,,,false,false
,Cash Rate,AUD,2021-04-06T00:30:00Z,None,0.10%,0.10%,0.10%,false,false
,Spanish Unemployment Change,EUR,2021-04-06T03:00:00Z,None,-45.0K,44.4K,-59.1K,false,false
,Italian Monthly Unemployment Rate,EUR,2021-04-06T04:00:00Z,None,8.9%,10.3%,10.2%,false,false
,Sentix Investor Confidence,EUR,2021-04-06T04:30:00Z,None,6.8,5.0,13.1,false,false
,Unemployment Rate,EUR,2021-04-06T05:00:00Z,None,8.1%,8.3%,8.3%,false,false
,RCM/TIPP Economic Optimism,USD,2021-04-06T09:37:00Z,None,56.2,55.4,56.4,false,false
,JOLTS Job Openings,USD,2021-04-06T10:00:00Z,None,6.91M,7.10M,7.37M,false,false
,GDT Price Index,NZD,2021-04-06T10:29:00Z,None,,-3.8%,0.3%,false,false
,API Weekly Statistical Bulletin,USD,2021-04-06T16:30:00Z,None,,,,false,false
,AIG Construction Index,AUD,2021-04-06T18:30:00Z,None,,57.4,61.8,false,false
,ANZ Commodity Prices m/m,NZD,2021-04-06T21:00:00Z,None,,3.3%,6.1%,false,false
,IMF Meetings,All,2021-04-07T00:00:00Z,None,,,,false,false
,G20 Meetings,All,2021-04-07T00:00:00Z,None,,,,true,false
,Leading Indicators,JPY,2021-04-07T00:59:00Z,None,99.7%,98.5%,99.7%,false,false
,Spanish Services PMI,EUR,2021-04-07T03:15:00Z,None,45.6,43.1,48.1,false,false
,Italian Services PMI,EUR,2021-04-07T03:45:00Z,None,49.2,48.8,48.6,false,false
,French Final Services PMI,EUR,2021-04-07T03:50:00Z,None,47.8,47.8,48.2,false,false
,German Final Services PMI,EUR,2021-04-07T03:55:00Z,None,50.8,50.8,51.5,false,false
,Final Services PMI,EUR,2021-04-07T04:00:00Z,None,48.8,48.8,49.6,false,false
,Final Services PMI,GBP,2021-04-07T04:30:00Z,None,56.8,56.8,56.3,false,false
,Trade Balance,USD,2021-04-07T08:30:00Z,None,-70.2B,-67.8B,-71.1B,false,false
,Trade Balance,CAD,2021-04-07T08:30:00Z,None,1.3B,1.2B,1.0B,false,false
,FOMC Member Evans Speaks,USD,2021-04-07T08:30:00Z,None,,,,false,false
,Ivey PMI,CAD,2021-04-07T10:00:00Z,None,62.0,60.0,72.9,false,false
,Crude Oil Inventories,USD,2021-04-07T10:30:00Z,None,-2.0M,-0.9M,-3.5M,false,false
,FOMC Member Barkin Speaks,USD,2021-04-07T12:00:00Z,None,,,,false,false
,FOMC Member Daly Speaks,USD,2021-04-07T13:00:00Z,None,,,,false,false
,President Biden Speaks,USD,2021-04-07T13:45:00Z,High,,,,false,false
,FOMC Meeting Minutes,USD,2021-04-07T14:00:00Z,High,,,,false,false
,Consumer Credit m/m,USD,2021-04-07T15:00:00Z,None,2.9B,0.1B,27.6B,false,false
,RICS House Price Balance,GBP,2021-04-07T19:01:00Z,None,55%,54%,59%,false,false
,Current Account,JPY,2021-04-07T19:50:00Z,None,1.02T,1.50T,1.79T,false,false
,Prelim ANZ Business Confidence,NZD,2021-04-07T21:00:00Z,None,,-4.1,-8.4,false,false
,IMF Meetings,All,2021-04-08T00:00:00Z,None,,,,false,false
,Consumer Confidence,JPY,2021-04-08T01:00:00Z,None,35.6,33.8,36.1,false,false
,German Factory Orders m/m,EUR,2021-04-08T02:00:00Z,None,1.3%,0.8%,1.2%,false,false
,Economy Watchers Sentiment,JPY,2021-04-08T02:02:00Z,None,45.1,41.3,49.0,false,false
,French Trade Balance,EUR,2021-04-08T02:45:00Z,None,-3.8B,-4.2B,-5.2B,false,false
,Foreign Currency Reserves,CHF,2021-04-08T03:00:00Z,None,,914B,930B,false,false
,Construction PMI,GBP,2021-04-08T04:30:00Z,None,55.0,53.3,61.7,false,false
,Housing Equity Withdrawal q/q,GBP,2021-04-08T04:30:00Z,None,-1.5B,-6.8B,0.2B,false,false
,Spanish 10-y Bond Auction,EUR,2021-04-08T04:52:00Z,None,,0.35|1.6,-0.04|1.8,false,false
,PPI m/m,EUR,2021-04-08T05:00:00Z,None,0.6%,1.7%,0.5%,false,false
,French 10-y Bond Auction,EUR,2021-04-08T05:03:00Z,None,,-0.07|2.0,0.00|1.7,false,false
,10-y Bond Auction,GBP,2021-04-08T05:07:00Z,None,,0.87|2.7,0.89|3.0,false,false
,ECB Monetary Policy Meeting Accounts,EUR,2021-04-08T07:30:00Z,None,,,,false,false
,Unemployment Claims,USD,2021-04-08T08:30:00Z,None,682K,728K,744K,false,false
,Natural Gas Storage,USD,2021-04-08T10:30:00Z,None,22B,14B,20B,false,false
,FOMC Member Powell Speaks,USD,2021-04-08T12:00:00Z,High,,,,false,false
,AIG Services Index,AUD,2021-04-08T18:30:00Z,None,,55.8,58.7,false,false
,CPI y/y,CNY,2021-04-08T21:30:00Z,None,0.3%,-0.2%,0.4%,false,false
,PPI y/y,CNY,2021-04-08T21:30:00Z,None,3.6%,1.7%,4.4%,false,false
,RBA Financial Stability Review,AUD,2021-04-08T21:30:00Z,None,,,,false,false
,IMF Meetings,All,2021-04-09T00:00:00Z,None,,,,false,false
,Unemployment Rate,CHF,2021-04-09T01:45:00Z,None,3.6%,3.4%,3.3%,false,false
,German Industrial Production m/m,EUR,2021-04-09T02:00:00Z,None,1.6%,-2.0%,-1.6%,false,false
,German Trade Balance,EUR,2021-04-09T02:00:00Z,None,23.4B,21.3B,19.1B,false,false
,French Industrial Production m/m,EUR,2021-04-09T02:45:00Z,None,0.5%,3.2%,-4.7%,false,false
,Lloyds HPI m/m,GBP,2021-04-09T03:30:00Z,None,0.3%,0.0%,1.1%,false,false
,Italian Retail Sales m/m,EUR,2021-04-09T04:00:00Z,None,2.0%,-2.7%,6.6%,false,false
,Unemployment Rate,CAD,2021-04-09T08:30:00Z,High,8.0%,8.2%,7.5%,false,false
,Employment Change,CAD,2021-04-09T08:30:00Z,High,101.5K,259.2K,303.1K,false,false
,Core PPI m/m,USD,2021-04-09T08:56:00Z,None,0.2%,0.2%,0.7%,false,false
,PPI m/m,USD,2021-04-09T08:56:00Z,None,0.5%,0.5%,1.0%,false,false
,Final Wholesale Inventories m/m,USD,2021-04-09T10:00:00Z,None,0.5%,0.5%,0.6%,false,false
,IMF Meetings,All,2021-04-10T00:00:00Z,None,,,,false,false
,IMF Meetings,All,2021-04-11T00:00:00Z,None,,,,false,false
,FOMC Member Powell Speaks,USD,2021-04-11T19:00:00Z,High,,,,false,false
,Bank Lending y/y,JPY,2021-04-11T19:50:00Z,None,6.3%,6.2%,6.3%,false,false
,PPI y/y,JPY,2021-04-11T19:50:00Z,None,0.5%,-0.6%,1.0%,false,false
,Prelim Machine Tool Orders y/y,JPY,2021-04-12T01:59:00Z,None,,36.7%,65.0%,false,false
,M2 Money Supply y/y,CNY,2021-04-12T04:00:00Z,None,9.5%,10.1%,9.4%,false,false
,New Loans,CNY,2021-04-12T04:00:00Z,None,2300B,1360B,2730B,false,false
,Retail Sales m/m,EUR,2021-04-12T05:00:00Z,None,1.3%,-5.2%,3.0%,false,false
,MPC Member Tenreyro Speaks,GBP,2021-04-12T09:00:00Z,None,,,,false,false
,BOC Business Outlook Survey,CAD,2021-04-12T10:30:00Z,High,,,,false,false
,10-y Bond Auction,USD,2021-04-12T13:01:00Z,None,,1.52|2.4,1.68|2.4,false,false
,Federal Budget Balance,USD,2021-04-12T14:00:00Z,None,-665.5B,-310.9B,-659.6B,false,false
,NZIER Business Confidence,NZD,2021-04-12T18:00:00Z,None,,-6,-13,false,false
,BRC Retail Sales Monitor y/y,GBP,2021-04-12T19:01:00Z,None,11.9%,9.5%,20.3%,false,false
,M2 Money Stock y/y,JPY,2021-04-12T19:50:00Z,None,9.6%,9.6%,9.5%,false,false
,NAB Business Confidence,AUD,2021-04-12T21:30:00Z,None,,18,15,false,false
,Trade Balance,CNY,2021-04-12T23:06:00Z,None,330B,676B,88B,false,false
,USD-Denominated Trade Balance,CNY,2021-04-12T23:07:00Z,None,52.0B,103.3B,13.8B,false,false
,Goods Trade Balance,GBP,2021-04-13T02:00:00Z,None,-10.4B,-12.6B,-16.4B,false,false
,German WPI m/m,EUR,2021-04-13T02:00:00Z,None,0.6%,1.4%,1.7%,false,false
,Index of Services 3m/3m,GBP,2021-04-13T02:00:00Z,None,-2.3%,-1.9%,-1.9%,false,false
,Construction Output m/m,GBP,2021-04-13T02:00:00Z,None,0.5%,0.0%,1.6%,false,false
,Industrial Production m/m,GBP,2021-04-13T02:00:00Z,None,0.5%,-1.8%,1.0%,false,false
,Manufacturing Production m/m,GBP,2021-04-13T02:00:00Z,None,0.5%,-2.3%,1.3%,false,false
,GDP m/m,GBP,2021-04-13T02:00:00Z,None,0.5%,-2.2%,0.4%,false,false
,Italian Industrial Production m/m,EUR,2021-04-13T04:00:00Z,None,0.7%,1.1%,0.2%,false,false
,German ZEW Economic Sentiment,EUR,2021-04-13T05:00:00Z,None,79.1,76.6,70.7,false,false
,ZEW Economic Sentiment,EUR,2021-04-13T05:00:00Z,None,77.2,74.0,66.3,false,false
,NFIB Small Business Index,USD,2021-04-13T06:00:00Z,None,98.2,95.8,98.2,false,false
,NIESR GDP Estimate,GBP,2021-04-13T08:28:00Z,None,,-1.6%,-1.5%,false,false
,Core CPI m/m,USD,2021-04-13T08:30:00Z,High,0.2%,0.1%,0.3%,false,false
,Core CPI y/y,USD,2021-04-13T08:30:00Z,High,1.5%,1.3%,1.6%,false,false
,CPI m/m,USD,2021-04-13T08:30:00Z,High,0.5%,0.4%,0.6%,false,false
,CPI y/y,USD,2021-04-13T08:30:00Z,High,2.5%,1.7%,2.6%,false,false
,30-y Bond Auction,USD,2021-04-13T13:01:00Z,None,,2.30|2.3,2.32|2.5,false,false
,FOMC Member Bostic Speaks,USD,2021-04-13T15:15:00Z,None,,,,false,false
,API Weekly Statistical Bulletin,USD,2021-04-13T16:30:00Z,None,,,,false,false
,Visitor Arrivals m/m,NZD,2021-04-13T18:51:00Z,None,,-7.7%,-2.8%,false,false
,Core Machinery Orders m/m,JPY,2021-04-13T19:50:00Z,None,2.4%,-4.5%,-8.5%,false,false
,Westpac Consumer Sentiment,AUD,2021-04-13T20:30:00Z,None,,2.6%,6.2%,false,false
,RBNZ Rate Statement,NZD,2021-04-13T22:00:00Z,High,,,,false,false
,Official Cash Rate,NZD,2021-04-13T22:00:00Z,None,0.25%,0.25%,0.25%,false,false
,Industrial Production m/m,EUR,2021-04-14T05:00:00Z,None,-1.2%,0.8%,-1.0%,false,false
,German 30-y Bond Auction,EUR,2021-04-14T05:34:00Z,None,,0.21|1.2,0.22|1.3,false,false
,Import Prices m/m,USD,2021-04-14T08:30:00Z,None,1.0%,1.3%,1.2%,false,false
,ECB President Lagarde Speaks,EUR,2021-04-14T10:00:00Z,None,,,,false,false
,MPC Member Haskel Speaks,GBP,2021-04-14T10:30:00Z,None,,,,false,false
,Crude Oil Inventories,USD,2021-04-14T10:30:00Z,None,-2.4M,-3.5M,-5.9M,false,false
,FOMC Member Powell Speaks,USD,2021-04-14T12:00:00Z,High,,,,false,false
,Beige Book,USD,2021-04-14T14:00:00Z,None,,,,false,false
,FOMC Member Williams Speaks,USD,2021-04-14T14:30:00Z,None,,,,false,false
,FOMC Member Clarida Speaks,USD,2021-04-14T15:45:00Z,None,,,,false,false
,FOMC Member Bostic Speaks,USD,2021-04-14T16:00:00Z,None,,,,false,false
,FPI m/m,NZD,2021-04-14T18:45:00Z,None,,-0.9%,0.0%,false,false
,MI Inflation Expectations,AUD,2021-04-14T21:00:00Z,None,,4.1%,3.2%,false,false
,Employment Change,AUD,2021-04-14T21:30:00Z,High,35.2K,88.7K,70.7K,false,false
,Unemployment Rate,AUD,2021-04-14T21:30:00Z,High,5.7%,5.8%,5.6%,false,false
,German Final CPI m/m,EUR,2021-04-15T02:00:00Z,None,0.5%,0.5%,0.5%,false,false
,French Final CPI m/m,EUR,2021-04-15T02:45:00Z,None,0.6%,0.6%,0.6%,false,false
,Foreign Direct Investment ytd/y,CNY,2021-04-15T03:02:00Z,None,,31.5%,39.9%,false,false
,BOE Credit Conditions Survey,GBP,2021-04-15T04:30:00Z,None,,,,false,false
,Empire State Manufacturing Index,USD,2021-04-15T08:30:00Z,None,19.3,17.4,26.3,false,false
,Retail Sales m/m,USD,2021-04-15T08:30:00Z,High,5.8%,-2.7%,9.8%,false,false
,Manufacturing Sales m/m,CAD,2021-04-15T08:30:00Z,None,-1.1%,3.4%,-1.6%,false,false
,Philly Fed Manufacturing Index,USD,2021-04-15T08:30:00Z,None,41.0,51.8,50.2,false,false
,Unemployment Claims,USD,2021-04-15T08:30:00Z,None,703K,769K,576K,false,false
,Core Retail Sales m/m,USD,2021-04-15T08:30:00Z,High,5.1%,-2.5%,8.4%,false,false
,ADP Non-Farm Employment Change,CAD,2021-04-15T08:32:00Z,None,,271.7K,634.8K,false,false
,Industrial Production m/m,USD,2021-04-15T09:15:00Z,None,2.7%,-2.2%,1.4%,false,false
,Capacity Utilization Rate,USD,2021-04-15T09:15:00Z,None,75.6%,73.8%,74.4%,false,false
,CB Leading Index m/m,GBP,2021-04-15T09:30:00Z,None,,-0.5%,-0.4%,false,false
,Gov Board Member Maechler Speaks,CHF,2021-04-15T10:00:00Z,None,,,,false,false
,Business Inventories m/m,USD,2021-04-15T10:00:00Z,None,0.5%,0.4%,0.5%,false,false
,NAHB Housing Market Index,USD,2021-04-15T10:00:00Z,None,84,82,83,false,false
,Natural Gas Storage,USD,2021-04-15T10:30:00Z,None,67B,20B,61B,false,false
,FOMC Member Bostic Speaks,USD,2021-04-15T11:30:00Z,None,,,,false,false
,FOMC Member Daly Speaks,USD,2021-04-15T14:00:00Z,None,,,,false,false
,TIC Long-Term Purchases,USD,2021-04-15T16:00:00Z,None,120.5B,91.0B,4.2B,false,false
,BusinessNZ Manufacturing Index,NZD,2021-04-15T18:30:00Z,None,,54.2,63.6,false,false
,New Home Prices m/m,CNY,2021-04-15T21:30:00Z,None,,0.36%,0.41%,false,false
,GDP q/y,CNY,2021-04-15T22:00:00Z,High,18.3%,6.5%,18.3%,false,false
,Unemployment Rate,CNY,2021-04-15T22:00:00Z,None,5.4%,5.5%,5.3%,false,false
,Retail Sales y/y,CNY,2021-04-15T22:00:00Z,None,28.0%,33.8%,34.2%,false,false
,Fixed Asset Investment ytd/y,CNY,2021-04-15T22:00:00Z,None,27.0%,35.0%,25.6%,false,false
,Industrial Production y/y,CNY,2021-04-15T22:00:00Z,None,18.3%,35.1%,14.1%,false,false
,NBS Press Conference,CNY,2021-04-15T22:00:00Z,None,,,,false,false
,ECOFIN Meetings,EUR,2021-04-16T00:00:00Z,None,,,,true,false
,Eurogroup Meetings,EUR,2021-04-16T00:00:00Z,None,,,,true,false
,PPI m/m,CHF,2021-04-16T02:30:00Z,None,0.2%,0.0%,0.6%,false,false
,Italian Trade Balance,EUR,2021-04-16T04:05:00Z,None,4.95B,1.58B,4.75B,false,false
,Final Core CPI y/y,EUR,2021-04-16T05:00:00Z,None,0.9%,0.9%,0.9%,false,false
,Final CPI y/y,EUR,2021-04-16T05:00:00Z,None,1.3%,1.3%,1.3%,false,false
,Trade Balance,EUR,2021-04-16T05:00:00Z,None,21.9B,28.7B,18.4B,false,false
,MPC Member Cunliffe Speaks,GBP,2021-04-16T05:00:00Z,None,,,,false,false
,Wholesale Sales m/m,CAD,2021-04-16T08:30:00Z,None,-0.5%,4.0%,-0.7%,false,false
,Foreign Securities Purchases,CAD,2021-04-16T08:30:00Z,None,6.05B,1.11B,8.52B,false,false
,Building Permits,USD,2021-04-16T08:30:00Z,None,1.75M,1.72M,1.77M,false,false
,Housing Starts,USD,2021-04-16T08:30:00Z,None,1.60M,1.46M,1.74M,false,false
,Treasury Currency Report,USD,2021-04-16T09:00:00Z,None,,,,false,false
,Prelim UoM Consumer Sentiment,USD,2021-04-16T10:00:00Z,None,88.9,84.9,86.5,false,false
,Prelim UoM Inflation Expectations,USD,2021-04-16T10:00:00Z,None,,3.1%,3.7%,false,false
,BusinessNZ Services Index,NZD,2021-04-18T18:30:00Z,None,,49.7,52.4,false,false
,Rightmove HPI m/m,GBP,2021-04-18T19:01:00Z,None,,0.8%,2.1%,false,false
,Trade Balance,JPY,2021-04-18T19:50:00Z,None,0.20T,-0.01T,0.30T,false,false
,Revised Industrial Production m/m,JPY,2021-04-19T00:30:00Z,None,-2.1%,-2.1%,-1.3%,false,false
,Current Account,EUR,2021-04-19T04:00:00Z,None,31.2B,34.7B,25.9B,false,false
,German Buba Monthly Report,EUR,2021-04-19T06:00:00Z,None,,,,false,false
,Housing Starts,CAD,2021-04-19T08:13:00Z,None,254K,276K,335K,false,false
,Annual Budget Release,CAD,2021-04-19T16:08:00Z,None,,,,false,false
,Monetary Policy Meeting Minutes,AUD,2021-04-19T21:30:00Z,None,,,,false,false
,1-y Loan Prime Rate,CNY,2021-04-19T21:30:00Z,None,3.85%,3.85%,3.85%,false,false
,5-y Loan Prime Rate,CNY,2021-04-19T21:30:00Z,None,4.65%,4.65%,4.65%,false,false
,Tertiary Industry Activity m/m,JPY,2021-04-20T00:30:00Z,None,0.6%,-1.0%,0.3%,false,false
,German PPI m/m,EUR,2021-04-20T02:00:00Z,None,0.6%,0.7%,0.9%,false,false
,Unemployment Rate,GBP,2021-04-20T02:00:00Z,None,5.0%,5.0%,4.9%,false,false
,Claimant Count Change,GBP,2021-04-20T02:02:00Z,None,24.5K,67.3K,10.1K,false,false
,Average Earnings Index 3m/y,GBP,2021-04-20T02:02:00Z,None,4.7%,4.8%,4.5%,false,false
,GDT Price Index,NZD,2021-04-20T10:15:00Z,None,,0.3%,-0.1%,false,false
,CB Leading Index m/m,AUD,2021-04-20T10:30:00Z,None,,-0.1%,0.5%,false,false
,API Weekly Statistical Bulletin,USD,2021-04-20T16:30:00Z,None,,,,false,false
,CPI q/q,NZD,2021-04-20T18:45:00Z,High,0.8%,0.5%,0.8%,false,false
,MI Leading Index m/m,AUD,2021-04-20T20:30:00Z,None,,0.2%,0.4%,false,false
,Retail Sales m/m,AUD,2021-04-20T21:30:00Z,High,1.0%,-0.8%,1.4%,false,false
,CPI y/y,GBP,2021-04-21T02:00:00Z,None,0.8%,0.4%,0.7%,false,false
,PPI Input m/m,GBP,2021-04-21T02:00:00Z,None,0.5%,0.9%,1.3%,false,false
,PPI Output m/m,GBP,2021-04-21T02:00:00Z,None,0.3%,0.7%,0.5%,false,false
,Core CPI y/y,GBP,2021-04-21T02:02:00Z,None,1.1%,0.9%,1.1%,false,false
,RPI y/y,GBP,2021-04-21T02:02:00Z,None,1.6%,1.4%,1.5%,false,false
,MPC Member Ramsden Speaks,GBP,2021-04-21T04:05:00Z,None,,,,false,false
,HPI y/y,GBP,2021-04-21T04:30:00Z,None,8.0%,8.0%,8.6%,false,false
,German 10-y Bond Auction,EUR,2021-04-21T05:33:00Z,None,,-0.36|1.5,-0.25|1.7,false,false
,BOE Gov Bailey Speaks,GBP,2021-04-21T06:30:00Z,None,,,,false,false
,Trimmed CPI y/y,CAD,2021-04-21T08:30:00Z,None,2.0%,2.0%,2.2%,false,false
,Median CPI y/y,CAD,2021-04-21T08:30:00Z,None,2.1%,2.0%,2.1%,false,false
,Common CPI y/y,CAD,2021-04-21T08:30:00Z,None,1.4%,1.3%,1.5%,false,false
,CPI m/m,CAD,2021-04-21T08:30:00Z,None,0.6%,0.5%,0.5%,false,false
,Core CPI m/m,CAD,2021-04-21T08:32:00Z,None,,0.3%,0.3%,false,false
,BOC Monetary Policy Report,CAD,2021-04-21T10:00:00Z,High,,,,false,false
,BOC Rate Statement,CAD,2021-04-21T10:00:00Z,High,,,,false,false
,Overnight Rate,CAD,2021-04-21T10:00:00Z,None,0.25%,0.25%,0.25%,false,false
,Crude Oil Inventories,USD,2021-04-21T10:30:00Z,None,-3.7M,-5.9M,0.6M,false,false
,BOC Press Conference,CAD,2021-04-21T11:00:00Z,High,,,,false,false
,NAB Quarterly Business Confidence,AUD,2021-04-21T21:30:00Z,None,,15,17,false,false
,Trade Balance,CHF,2021-04-22T02:00:00Z,None,4.12B,3.67B,5.82B,false,false
,Spanish 10-y Bond Auction,EUR,2021-04-22T04:42:00Z,None,,-0.04|1.8,0.37|1.9,false,false
,CBI Industrial Order Expectations,GBP,2021-04-22T06:00:00Z,None,2,-5,-8,false,false
,Monetary Policy Statement,EUR,2021-04-22T07:45:00Z,High,,,,false,false
,Main Refinancing Rate,EUR,2021-04-22T07:45:00Z,None,0.00%,0.00%,0.00%,false,false
,NHPI m/m,CAD,2021-04-22T08:30:00Z,None,2.1%,1.9%,1.1%,false,false
,ECB Press Conference,EUR,2021-04-22T08:30:00Z,High,,,,false,false
,Unemployment Claims,USD,2021-04-22T08:30:00Z,None,607K,586K,547K,false,false
,Consumer Confidence,EUR,2021-04-22T09:30:00Z,None,-11,-11,-8,false,false
,CB Leading Index m/m,USD,2021-04-22T10:00:00Z,None,1.0%,-0.1%,1.3%,false,false
,Existing Home Sales,USD,2021-04-22T10:00:00Z,None,6.18M,6.24M,6.01M,false,false
,Natural Gas Storage,USD,2021-04-22T10:30:00Z,None,47B,61B,38B,false,false
,Flash Manufacturing PMI,AUD,2021-04-22T19:00:00Z,None,,56.8,59.6,false,false
,Flash Services PMI,AUD,2021-04-22T19:00:00Z,None,,55.5,58.6,false,false
,GfK Consumer Confidence,GBP,2021-04-22T19:01:00Z,None,-12,-16,-15,false,false
,National Core CPI y/y,JPY,2021-04-22T19:30:00Z,None,-0.2%,-0.4%,-0.1%,false,false
,Flash Manufacturing PMI,JPY,2021-04-22T20:30:00Z,None,53.1,52.7,53.3,false,false
,Credit Card Spending y/y,NZD,2021-04-22T23:00:00Z,None,,-12.6%,2.2%,false,false
,Retail Sales m/m,GBP,2021-04-23T02:00:00Z,None,1.5%,2.2%,5.4%,false,false
,Public Sector Net Borrowing,GBP,2021-04-23T02:00:00Z,None,21.2B,15.3B,27.3B,false,false
,French Flash Services PMI,EUR,2021-04-23T03:15:00Z,High,46.6,48.2,50.4,false,false
,French Flash Manufacturing PMI,EUR,2021-04-23T03:15:00Z,None,59.0,59.3,59.2,false,false
,German Flash Manufacturing PMI,EUR,2021-04-23T03:30:00Z,High,65.8,66.6,66.4,false,false
,German Flash Services PMI,EUR,2021-04-23T03:30:00Z,High,51.1,51.5,50.1,false,false
,Flash Manufacturing PMI,EUR,2021-04-23T04:00:00Z,None,62.0,62.5,63.3,false,false
,Flash Services PMI,EUR,2021-04-23T04:00:00Z,None,49.1,49.6,50.3,false,false
,Flash Services PMI,GBP,2021-04-23T04:30:00Z,None,58.9,56.3,60.1,false,false
,Flash Manufacturing PMI,GBP,2021-04-23T04:30:00Z,None,59.0,58.9,60.7,false,false
,Flash Services PMI,USD,2021-04-23T09:45:00Z,None,61.6,60.4,63.1,false,false
,Flash Manufacturing PMI,USD,2021-04-23T09:45:00Z,None,60.9,59.1,60.6,false,false
,New Home Sales,USD,2021-04-23T10:00:00Z,None,885K,846K,1021K,false,false
,ECB President Lagarde Speaks,EUR,2021-04-23T10:35:00Z,None,,,,false,false
,Bank Holiday,NZD,2021-04-25T00:00:00Z,None,,,,true,false
,Bank Holiday,AUD,2021-04-25T00:00:00Z,None,,,,true,false
,SPPI y/y,JPY,2021-04-25T19:50:00Z,None,0.0%,0.0%,0.7%,false,false
,German ifo Business Climate,EUR,2021-04-26T04:00:00Z,None,97.8,96.6,96.8,false,false
,Core Durable Goods Orders m/m,USD,2021-04-26T08:30:00Z,None,1.6%,-0.3%,1.6%,false,false
,Durable Goods Orders m/m,USD,2021-04-26T08:30:00Z,None,2.5%,-1.2%,0.5%,false,false
,Belgian NBB Business Climate,EUR,2021-04-26T08:58:00Z,None,1.7,-1.0,4.4,false,false
,CB Leading Index m/m,CNY,2021-04-26T09:00:00Z,None,,1.1%,1.0%,false,false
,BOJ Outlook Report,JPY,2021-04-26T23:02:00Z,High,,,,false,false
,Monetary Policy Statement,JPY,2021-04-26T23:02:00Z,None,,,,false,false
,BOJ Policy Rate,JPY,2021-04-26T23:02:00Z,None,-0.10%,-0.10%,-0.10%,false,false
,OPEC-JMMC Meetings,All,2021-04-27T00:00:00Z,High,,,,true,false
,BOJ Core CPI y/y,JPY,2021-04-27T00:59:00Z,None,-0.2%,-0.2%,0.0%,false,false
,BOJ Press Conference,JPY,2021-04-27T02:30:00Z,None,,,,false,false
,CBI Realized Sales,GBP,2021-04-27T06:00:00Z,None,9,-45,20,false,false
,HPI m/m,USD,2021-04-27T09:00:00Z,None,1.0%,1.0%,0.9%,false,false
,S&P/CS Composite-20 HPI y/y,USD,2021-04-27T09:00:00Z,None,11.8%,11.1%,11.9%,false,false
,Richmond Manufacturing Index,USD,2021-04-27T09:59:00Z,None,22,17,17,false,false
,CB Consumer Confidence,USD,2021-04-27T10:00:00Z,None,113.1,109.0,121.7,false,false
,BOC Gov Macklem Speaks,CAD,2021-04-27T16:00:00Z,High,,,,false,false
,API Weekly Statistical Bulletin,USD,2021-04-27T16:30:00Z,None,,,,false,false
,BRC Shop Price Index y/y,GBP,2021-04-27T19:01:00Z,None,,-2.4%,-1.3%,false,false
,Retail Sales y/y,JPY,2021-04-27T19:50:00Z,None,4.6%,-1.5%,5.2%,false,false
,CPI m/m,AUD,2021-04-27T21:30:00Z,High,0.9%,0.9%,0.6%,false,false
,Goods Trade Balance,AUD,2021-04-27T21:30:00Z,None,,7.54B,8.50B,false,false
,Trimmed Mean CPI m/m,AUD,2021-04-27T21:30:00Z,High,0.5%,0.4%,0.3%,false,false
,Bank Holiday,JPY,2021-04-28T00:00:00Z,None,,,,true,false
,Housing Starts y/y,JPY,2021-04-28T01:00:00Z,None,-7.2%,-3.7%,1.5%,false,false
,German GfK Consumer Climate,EUR,2021-04-28T02:00:00Z,None,-4.1,-6.1,-8.8,false,false
,UBS Economic Expectations,CHF,2021-04-28T04:00:00Z,None,,66.7,68.3,false,false
,Core Retail Sales m/m,CAD,2021-04-28T08:30:00Z,None,3.5%,-0.1%,4.8%,false,false
,Retail Sales m/m,CAD,2021-04-28T08:30:00Z,None,4.0%,0.0%,4.8%,false,false
,Goods Trade Balance,USD,2021-04-28T08:30:00Z,None,-88.2B,-87.1B,-90.6B,false,false
,Prelim Wholesale Inventories m/m,USD,2021-04-28T08:30:00Z,None,0.5%,0.6%,1.4%,false,false
,ECB President Lagarde Speaks,EUR,2021-04-28T10:00:00Z,None,,,,false,false
,Crude Oil Inventories,USD,2021-04-28T10:30:00Z,None,-0.9M,0.6M,0.1M,false,false
,FOMC Statement,USD,2021-04-28T14:00:00Z,High,,,,false,false
,Federal Funds Rate,USD,2021-04-28T14:00:00Z,None,<0.25%,<0.25%,<0.25%,false,false
,FOMC Press Conference,USD,2021-04-28T14:30:00Z,High,,,,false,false
,Trade Balance,NZD,2021-04-28T18:45:00Z,None,33M,201M,33M,false,false
,ANZ Business Confidence,NZD,2021-04-28T21:00:00Z,None,,-8.4,-2.0,false,false
,President Biden Speaks,USD,2021-04-28T21:00:00Z,High,,,,false,false
,Import Prices q/q,AUD,2021-04-28T21:30:00Z,None,-1.5%,-1.0%,0.2%,false,false
,German Prelim CPI m/m,EUR,2021-04-29T00:00:00Z,None,0.5%,0.5%,0.7%,true,false
,German Import Prices m/m,EUR,2021-04-29T02:00:00Z,None,0.9%,1.7%,1.8%,false,false
,Spanish Flash CPI y/y,EUR,2021-04-29T03:00:00Z,None,1.9%,1.3%,2.2%,false,false
,Spanish Unemployment Rate,EUR,2021-04-29T03:00:00Z,None,16.5%,16.1%,16.0%,false,false
,German Unemployment Change,EUR,2021-04-29T03:55:00Z,None,-10K,-6K,9K,false,false
,Private Loans y/y,EUR,2021-04-29T04:00:00Z,None,3.2%,3.0%,3.3%,false,false
,M3 Money Supply y/y,EUR,2021-04-29T04:00:00Z,None,10.2%,12.2%,10.1%,false,false
,Italian 10-y Bond Auction,EUR,2021-04-29T05:16:00Z,None,,0.72|1.4,0.88|1.4,false,false
,Advance GDP q/q,USD,2021-04-29T08:30:00Z,High,6.8%,4.3%,6.4%,false,false
,Advance GDP Price Index q/q,USD,2021-04-29T08:30:00Z,None,2.6%,2.0%,4.1%,false,false
,Unemployment Claims,USD,2021-04-29T08:30:00Z,None,545K,566K,553K,false,false
,Pending Home Sales m/m,USD,2021-04-29T10:00:00Z,None,4.2%,-11.5%,1.9%,false,false
,Natural Gas Storage,USD,2021-04-29T10:30:00Z,None,8B,38B,15B,false,false
,Unemployment Rate,JPY,2021-04-29T19:30:00Z,None,2.9%,2.9%,2.6%,false,false
,Tokyo Core CPI y/y,JPY,2021-04-29T19:30:00Z,None,0.0%,-0.1%,-0.2%,false,false
,Prelim Industrial Production m/m,JPY,2021-04-29T19:50:00Z,None,-2.0%,-1.3%,2.2%,false,false
,Final Manufacturing PMI,JPY,2021-04-29T20:30:00Z,None,51.6,52.7,53.6,false,false
,Manufacturing PMI,CNY,2021-04-29T21:00:00Z,None,55.9,51.9,51.1,false,false
,Non-Manufacturing PMI,CNY,2021-04-29T21:00:00Z,None,51.8,56.3,54.9,false,false
,PPI q/q,AUD,2021-04-29T21:30:00Z,None,0.3%,0.5%,0.4%,false,false
,Private Sector Credit m/m,AUD,2021-04-29T21:30:00Z,None,0.3%,0.2%,0.4%,false,false
,RatingDog Manufacturing PMI,CNY,2021-04-29T21:45:00Z,None,50.9,50.6,51.9,false,false
,Consumer Confidence,JPY,2021-04-30T00:59:00Z,None,34.3,36.1,34.7,false,false
,French Consumer Spending m/m,EUR,2021-04-30T01:30:00Z,None,0.5%,0.3%,-1.1%,false,false
,French Flash GDP q/q,EUR,2021-04-30T01:30:00Z,None,0.0%,-1.4%,0.4%,false,false
,Nationwide HPI m/m,GBP,2021-04-30T01:58:00Z,None,0.5%,-0.3%,2.1%,false,false
,Retail Sales y/y,CHF,2021-04-30T02:30:00Z,None,-5.4%,-6.6%,22.6%,false,false
,French Prelim CPI m/m,EUR,2021-04-30T02:45:00Z,None,0.2%,0.6%,0.2%,false,false
,KOF Economic Barometer,CHF,2021-04-30T03:00:00Z,None,119.5,118.0,134.0,false,false
,Spanish Flash GDP q/q,EUR,2021-04-30T03:00:00Z,None,-0.5%,0.0%,-0.5%,false,false
,Italian Monthly Unemployment Rate,EUR,2021-04-30T03:00:00Z,None,10.3%,10.2%,10.1%,false,false
,SNB Chairman Jordan Speaks,CHF,2021-04-30T04:00:00Z,None,,,,false,false
,German Prelim GDP q/q,EUR,2021-04-30T04:00:00Z,None,-1.5%,0.3%,-1.7%,false,false
,Italian Prelim GDP q/q,EUR,2021-04-30T04:00:00Z,None,-0.5%,-1.9%,-0.4%,false,false
,CPI Flash Estimate y/y,EUR,2021-04-30T05:00:00Z,None,1.6%,1.3%,1.6%,false,false
,Core CPI Flash Estimate y/y,EUR,2021-04-30T05:00:00Z,None,0.8%,0.9%,0.8%,false,false
,Prelim Flash GDP q/q,EUR,2021-04-30T05:00:00Z,None,-0.8%,-0.7%,-0.6%,false,false
,Unemployment Rate,EUR,2021-04-30T05:00:00Z,None,8.3%,8.2%,8.1%,false,false
,Italian Prelim CPI m/m,EUR,2021-04-30T05:00:00Z,None,0.3%,0.3%,0.4%,false,false
,GDP m/m,CAD,2021-04-30T08:30:00Z,None,0.5%,0.7%,0.4%,false,false
,IPPI m/m,CAD,2021-04-30T08:30:00Z,None,1.5%,2.8%,1.6%,false,false
,RMPI m/m,CAD,2021-04-30T08:30:00Z,None,2.0%,6.5%,2.3%,false,false
,Core PCE Price Index m/m,USD,2021-04-30T08:30:00Z,None,0.3%,0.1%,0.4%,false,false
,Employment Cost Index q/q,USD,2021-04-30T08:30:00Z,None,0.7%,0.7%,0.9%,false,false
,Personal Income m/m,USD,2021-04-30T08:30:00Z,None,20.1%,-7.0%,21.1%,false,false
,Personal Spending m/m,USD,2021-04-30T08:30:00Z,None,4.3%,-1.0%,4.2%,false,false
,Chicago PMI,USD,2021-04-30T09:45:00Z,None,65.4,66.3,72.1,false,false
,Revised UoM Inflation Expectations,USD,2021-04-30T10:00:00Z,None,,3.7%,3.4%,false,false
,Revised UoM Consumer Sentiment,USD,2021-04-30T10:00:00Z,None,87.3,86.5,88.3,false,false
,Bank Holiday,JPY,2021-05-02T00:00:00Z,None,,,,true,false
,Bank Holiday,CNY,2021-05-02T00:00:00Z,None,,,,true,false
,AIG Manufacturing Index,AUD,2021-05-02T18:30:00Z,None,,59.9,61.7,false,false
,MI Inflation Gauge m/m,AUD,2021-05-02T21:00:00Z,None,,0.4%,0.4%,false,false
,ANZ Job Advertisements m/m,AUD,2021-05-02T21:30:00Z,None,,7.8%,4.7%,false,false
,Omdia Total Vehicle Sales,USD,2021-05-03T00:00:00Z,None,17.5M,17.7M,18.5M,true,false
,Bank Holiday,CNY,2021-05-03T00:00:00Z,None,,,,true,false
,Bank Holiday,JPY,2021-05-03T00:00:00Z,None,,,,true,false
,Bank Holiday,GBP,2021-05-03T00:00:00Z,None,,,,true,false
,German Retail Sales m/m,EUR,2021-05-03T02:00:00Z,None,2.9%,2.7%,7.7%,false,false
,Commodity Prices y/y,AUD,2021-05-03T02:30:00Z,None,,27.2%,34.7%,false,false
,Spanish Manufacturing PMI,EUR,2021-05-03T03:15:00Z,None,59.1,56.9,57.7,false,false
,Manufacturing PMI,CHF,2021-05-03T03:30:00Z,None,66.4,66.3,69.5,false,false
,Italian Manufacturing PMI,EUR,2021-05-03T03:45:00Z,None,60.9,59.8,60.7,false,false
,French Final Manufacturing PMI,EUR,2021-05-03T03:50:00Z,None,59.2,59.2,58.9,false,false
,German Final Manufacturing PMI,EUR,2021-05-03T03:55:00Z,None,66.4,66.4,66.2,false,false
,Final Manufacturing PMI,EUR,2021-05-03T04:00:00Z,None,63.3,63.3,62.9,false,false
,Manufacturing PMI,CAD,2021-05-03T09:30:00Z,None,,58.5,57.2,false,false
,Final Manufacturing PMI,USD,2021-05-03T09:45:00Z,None,60.7,60.6,60.5,false,false
,ISM Manufacturing PMI,USD,2021-05-03T10:00:00Z,None,65.0,64.7,60.7,false,false
,ISM Manufacturing Prices,USD,2021-05-03T10:00:00Z,None,86.0,85.6,89.6,false,false
,Construction Spending m/m,USD,2021-05-03T10:00:00Z,None,1.7%,-0.6%,0.2%,false,false
,Loan Officer Survey,USD,2021-05-03T14:00:00Z,None,,,,false,false
,FOMC Member Williams Speaks,USD,2021-05-03T14:10:00Z,None,,,,false,false
,FOMC Member Powell Speaks,USD,2021-05-03T14:20:00Z,High,,,,false,false
,Goods Trade Balance,AUD,2021-05-03T21:30:00Z,None,8.25B,7.60B,5.57B,false,false
,Bank Holiday,JPY,2021-05-04T00:00:00Z,None,,,,true,false
,Bank Holiday,CNY,2021-05-04T00:00:00Z,None,,,,true,false
,Cash Rate,AUD,2021-05-04T00:30:00Z,None,0.10%,0.10%,0.10%,false,false
,RBA Rate Statement,AUD,2021-05-04T00:30:00Z,High,,,,false,false
,French Gov Budget Balance,EUR,2021-05-04T02:45:00Z,None,,-47.5B,-60.1B,false,false
,SECO Consumer Climate,CHF,2021-05-04T03:00:00Z,None,-11,-15,-7,false,false
,Mortgage Approvals,GBP,2021-05-04T04:30:00Z,None,86K,87K,83K,false,false
,Final Manufacturing PMI,GBP,2021-05-04T04:30:00Z,None,60.7,60.7,60.9,false,false
,Net Lending to Individuals m/m,GBP,2021-05-04T04:30:00Z,None,5.0B,5.3B,11.3B,false,false
,M4 Money Supply m/m,GBP,2021-05-04T04:30:00Z,None,0.7%,0.8%,0.6%,false,false
,Building Permits m/m,CAD,2021-05-04T08:30:00Z,None,1.6%,3.1%,5.7%,false,false
,Trade Balance,CAD,2021-05-04T08:30:00Z,None,0.5B,1.4B,-1.1B,false,false
,Trade Balance,USD,2021-05-04T08:30:00Z,None,-74.5B,-70.5B,-74.4B,false,false
,RCM/TIPP Economic Optimism,USD,2021-05-04T09:52:00Z,None,56.1,56.4,54.4,false,false
,Factory Orders m/m,USD,2021-05-04T10:00:00Z,None,1.3%,-0.5%,1.1%,false,false
,GDT Price Index,NZD,2021-05-04T10:20:00Z,None,,-0.1%,-0.7%,false,false
,FOMC Member Daly Speaks,USD,2021-05-04T13:00:00Z,None,,,,false,false
,API Weekly Statistical Bulletin,USD,2021-05-04T16:30:00Z,None,,,,false,false
,RBNZ Financial Stability Report,NZD,2021-05-04T17:00:00Z,None,,,,false,false
,AIG Construction Index,AUD,2021-05-04T18:30:00Z,None,,61.8,59.1,false,false
,Employment Change q/q,NZD,2021-05-04T18:45:00Z,High,0.3%,0.6%,0.6%,false,false
,Unemployment Rate,NZD,2021-05-04T18:45:00Z,High,4.9%,4.9%,4.7%,false,false
,Labor Cost Index q/q,NZD,2021-05-04T18:45:00Z,None,0.3%,0.5%,0.4%,false,false
,ANZ Commodity Prices m/m,NZD,2021-05-04T21:00:00Z,None,,6.1%,2.3%,false,false
,Building Approvals m/m,AUD,2021-05-04T21:30:00Z,None,2.9%,20.1%,17.4%,false,false
,CPI m/m,CHF,2021-05-05T02:30:00Z,None,0.2%,0.3%,0.2%,false,false
,Spanish Unemployment Change,EUR,2021-05-05T03:00:00Z,None,-70.0K,-59.1K,-39.0K,false,false
,Spanish Services PMI,EUR,2021-05-05T03:15:00Z,None,50.0,48.1,54.6,false,false
,Italian Services PMI,EUR,2021-05-05T03:45:00Z,None,50.0,48.6,47.3,false,false
,French Final Services PMI,EUR,2021-05-05T03:50:00Z,None,50.4,50.4,50.3,false,false
,German Final Services PMI,EUR,2021-05-05T03:55:00Z,None,50.1,50.1,49.9,false,false
,Final Services PMI,EUR,2021-05-05T04:00:00Z,None,50.3,50.3,50.5,false,false
,PPI m/m,EUR,2021-05-05T05:00:00Z,None,1.1%,0.5%,1.1%,false,false
,10-y Bond Auction,GBP,2021-05-05T05:05:00Z,None,,0.89|3.0,0.92|2.7,false,false
,ADP Non-Farm Employment Change,USD,2021-05-05T08:15:00Z,None,872K,565K,742K,false,false
,FOMC Member Evans Speaks,USD,2021-05-05T09:30:00Z,None,,,,false,false
,Final Services PMI,USD,2021-05-05T09:45:00Z,None,63.1,63.1,64.7,false,false
,ISM Services PMI,USD,2021-05-05T10:00:00Z,None,64.2,63.7,62.7,false,false
,Crude Oil Inventories,USD,2021-05-05T10:30:00Z,None,-1.9M,0.1M,-8.0M,false,false
,FOMC Member Evans Speaks,USD,2021-05-05T15:00:00Z,None,,,,false,false
,Building Consents m/m,NZD,2021-05-05T18:45:00Z,None,,-19.3%,17.9%,false,false
,Monetary Policy Meeting Minutes,JPY,2021-05-05T19:50:00Z,None,,,,false,false
,Prelim ANZ Business Confidence,NZD,2021-05-05T21:00:00Z,None,,-2.0,7.0,false,false
,German Factory Orders m/m,EUR,2021-05-06T02:00:00Z,None,1.5%,1.4%,3.0%,false,false
,ECB Economic Bulletin,EUR,2021-05-06T04:00:00Z,None,,,,false,false
,Final Services PMI,GBP,2021-05-06T04:30:00Z,None,60.2,60.1,61.0,false,false
,Spanish 10-y Bond Auction,EUR,2021-05-06T04:46:00Z,None,,0.37|1.9,0.43|1.6,false,false
,French 10-y Bond Auction,EUR,2021-05-06T04:59:00Z,None,,0.00|1.7,0.13|1.7,false,false
,RBA Deputy Gov Debelle Speaks,AUD,2021-05-06T05:00:00Z,None,,,,false,false
,Retail Sales m/m,EUR,2021-05-06T05:00:00Z,None,1.5%,4.2%,2.7%,false,false
,Asset Purchase Facility,GBP,2021-05-06T07:00:00Z,High,875B,875B,875B,false,false
,BOE Monetary Policy Report,GBP,2021-05-06T07:00:00Z,High,,,,false,false
,Monetary Policy Summary,GBP,2021-05-06T07:00:00Z,High,,,,false,false
,MPC Asset Purchase Facility Votes,GBP,2021-05-06T07:00:00Z,High,0-0-9,0-0-9,0-1-8,false,false
,BOE Inflation Letter,GBP,2021-05-06T07:00:00Z,None,,,,false,false
,MPC Official Bank Rate Votes,GBP,2021-05-06T07:00:00Z,None,0-0-9,0-0-9,0-0-9,false,false
,Official Bank Rate,GBP,2021-05-06T07:00:00Z,None,0.10%,0.10%,0.10%,false,false
,ECB President Lagarde Speaks,EUR,2021-05-06T07:15:00Z,None,,,,false,false
,Challenger Job Cuts y/y,USD,2021-05-06T07:30:00Z,None,,-86.2%,-96.6%,false,false
,BOE Gov Bailey Speaks,GBP,2021-05-06T08:00:00Z,High,,,,false,false
,Unemployment Claims,USD,2021-05-06T08:30:00Z,None,540K,590K,498K,false,false
,Prelim Nonfarm Productivity q/q,USD,2021-05-06T08:30:00Z,None,4.3%,-4.2%,5.4%,false,false
,Prelim Unit Labor Costs q/q,USD,2021-05-06T08:30:00Z,None,-1.1%,6.0%,-0.3%,false,false
,FOMC Member Williams Speaks,USD,2021-05-06T09:00:00Z,None,,,,false,false
,Natural Gas Storage,USD,2021-05-06T10:30:00Z,None,68B,15B,60B,false,false
,FOMC Member Bostic Speaks,USD,2021-05-06T13:00:00Z,None,,,,false,false
,FOMC Financial Stability Report,USD,2021-05-06T16:00:00Z,None,,,,false,false
,AIG Services Index,AUD,2021-05-06T18:30:00Z,None,,58.7,61.0,false,false
,Average Cash Earnings y/y,JPY,2021-05-06T19:30:00Z,None,-0.2%,-0.4%,0.2%,false,false
,Monetary Base y/y,JPY,2021-05-06T19:50:00Z,None,21.4%,20.8%,24.3%,false,false
,RBA Monetary Policy Statement,AUD,2021-05-06T21:30:00Z,None,,,,false,false
,RatingDog Services PMI,CNY,2021-05-06T21:45:00Z,None,54.2,54.3,56.3,false,false
,Inflation Expectations q/q,NZD,2021-05-06T23:00:00Z,None,,1.89%,2.05%,false,false
,Trade Balance,CNY,2021-05-06T23:01:00Z,None,130B,88B,277B,false,false
,USD-Denominated Trade Balance,CNY,2021-05-06T23:02:00Z,None,28.0B,13.8B,42.9B,false,false
,Unemployment Rate,CHF,2021-05-07T01:45:00Z,None,3.3%,3.3%,3.1%,false,false
,German Trade Balance,EUR,2021-05-07T02:00:00Z,None,22.3B,18.9B,14.3B,false,false
,German Industrial Production m/m,EUR,2021-05-07T02:00:00Z,None,2.1%,-1.9%,2.5%,false,false
,French Industrial Production m/m,EUR,2021-05-07T02:45:00Z,None,2.1%,-4.8%,0.8%,false,false
,French Prelim Private Payrolls q/q,EUR,2021-05-07T02:45:00Z,None,-0.2%,-0.1%,0.3%,false,false
,French Trade Balance,EUR,2021-05-07T02:45:00Z,None,-5.4B,-5.1B,-6.1B,false,false
,Foreign Currency Reserves,CHF,2021-05-07T03:00:00Z,None,,930B,914B,false,false
,Italian Retail Sales m/m,EUR,2021-05-07T04:00:00Z,None,-0.6%,5.9%,-0.1%,false,false
,Construction PMI,GBP,2021-05-07T04:30:00Z,None,62.0,61.7,61.6,false,false
,ECB President Lagarde Speaks,EUR,2021-05-07T06:00:00Z,None,,,,false,false
,MPC Member Broadbent Speaks,GBP,2021-05-07T07:15:00Z,None,,,,false,false
,Employment Change,CAD,2021-05-07T08:30:00Z,High,-160.5K,303.1K,-207.1K,false,false
,Average Hourly Earnings m/m,USD,2021-05-07T08:30:00Z,High,0.0%,-0.1%,0.7%,false,false
,Non-Farm Employment Change,USD,2021-05-07T08:30:00Z,High,990K,770K,266K,false,false
,Unemployment Rate,USD,2021-05-07T08:30:00Z,High,5.8%,6.0%,6.1%,false,false
,Unemployment Rate,CAD,2021-05-07T08:30:00Z,High,7.8%,7.5%,8.1%,false,false
,FOMC Member Barkin Speaks,USD,2021-05-07T09:00:00Z,None,,,,false,false
,Final Wholesale Inventories m/m,USD,2021-05-07T10:00:00Z,None,1.4%,1.4%,1.3%,false,false
,Mortgage Delinquencies,USD,2021-05-07T10:00:00Z,None,,6.73%,6.38%,false,false
,Ivey PMI,CAD,2021-05-07T10:00:00Z,None,67.0,72.9,60.6,false,false
,President Biden Speaks,USD,2021-05-07T11:30:00Z,None,,,,false,false
,Treasury Sec Yellen Speaks,USD,2021-05-07T12:30:00Z,High,,,,false,false
,Consumer Credit m/m,USD,2021-05-07T15:00:00Z,None,19.5B,26.1B,25.8B,false,false
,NAB Business Confidence,AUD,2021-05-09T21:30:00Z,None,,17,26,false,false
,Lloyds HPI m/m,GBP,2021-05-10T03:30:00Z,None,0.3%,1.1%,1.4%,false,false
,Sentix Investor Confidence,EUR,2021-05-10T04:30:00Z,None,14.9,13.1,21.0,false,false
,President Biden Speaks,USD,2021-05-10T13:15:00Z,None,,,,false,false
,FOMC Member Evans Speaks,USD,2021-05-10T14:00:00Z,None,,,,false,false
,BRC Retail Sales Monitor y/y,GBP,2021-05-10T19:01:00Z,None,9.3%,20.3%,39.6%,false,false
,Household Spending y/y,JPY,2021-05-10T19:30:00Z,None,1.4%,-6.6%,6.2%,false,false
,BOJ Summary of Opinions,JPY,2021-05-10T19:50:00Z,None,,,,false,false
,CPI y/y,CNY,2021-05-10T21:30:00Z,None,1.0%,0.4%,0.9%,false,false
,PPI y/y,CNY,2021-05-10T21:30:00Z,None,6.5%,4.4%,6.8%,false,false
,10-y Bond Auction,JPY,2021-05-10T23:35:00Z,None,,0.12|3.5,0.07|3.0,false,false
,German WPI m/m,EUR,2021-05-11T02:00:00Z,None,1.8%,1.7%,1.1%,false,false
,Italian Industrial Production m/m,EUR,2021-05-11T04:00:00Z,None,0.5%,0.1%,-0.1%,false,false
,ZEW Economic Sentiment,EUR,2021-05-11T05:00:00Z,None,68.0,66.3,84.0,false,false
,German ZEW Economic Sentiment,EUR,2021-05-11T05:00:00Z,None,72.0,70.7,84.4,false,false
,Annual Budget Release,AUD,2021-05-11T05:30:00Z,None,,,,false,false
,NFIB Small Business Index,USD,2021-05-11T06:00:00Z,None,100.7,98.2,99.8,false,false
,JOLTS Job Openings,USD,2021-05-11T10:00:00Z,None,7.50M,7.53M,8.12M,false,false
,BOE Gov Bailey Speaks,GBP,2021-05-11T10:30:00Z,High,,,,false,false
,FOMC Member Williams Speaks,USD,2021-05-11T10:30:00Z,None,,,,false,false
,FOMC Member Brainard Speaks,USD,2021-05-11T12:00:00Z,None,,,,false,false
,FOMC Member Daly Speaks,USD,2021-05-11T13:00:00Z,None,,,,false,false
,FOMC Member Bostic Speaks,USD,2021-05-11T13:15:00Z,None,,,,false,false
,API Weekly Statistical Bulletin,USD,2021-05-11T16:30:00Z,None,,,,false,false
,Leading Indicators,JPY,2021-05-12T01:00:00Z,None,102.8%,98.7%,103.2%,false,false
,Manufacturing Production m/m,GBP,2021-05-12T02:00:00Z,None,1.0%,1.5%,2.1%,false,false
,Prelim GDP q/q,GBP,2021-05-12T02:00:00Z,None,-1.6%,1.3%,-1.5%,false,false
,German Final CPI m/m,EUR,2021-05-12T02:00:00Z,None,0.7%,0.7%,0.7%,false,false
,Construction Output m/m,GBP,2021-05-12T02:00:00Z,None,1.1%,2.3%,5.8%,false,false
,GDP m/m,GBP,2021-05-12T02:00:00Z,None,1.5%,0.7%,2.1%,false,false
,Prelim Business Investment q/q,GBP,2021-05-12T02:00:00Z,None,-2.5%,5.9%,-11.9%,false,false
,Industrial Production m/m,GBP,2021-05-12T02:00:00Z,None,1.0%,1.0%,1.8%,false,false
,Index of Services 3m/3m,GBP,2021-05-12T02:00:00Z,None,-1.7%,-2.1%,-2.0%,false,false
,Goods Trade Balance,GBP,2021-05-12T02:00:00Z,None,-14.2B,-10.5B,-11.7B,false,false
,French Final CPI m/m,EUR,2021-05-12T02:45:00Z,None,0.2%,0.2%,0.1%,false,false
,M2 Money Supply y/y,CNY,2021-05-12T04:30:00Z,None,9.2%,9.4%,8.1%,false,false
,New Loans,CNY,2021-05-12T04:30:00Z,None,1575B,2730B,1470B,false,false
,EU Economic Forecasts,EUR,2021-05-12T05:00:00Z,None,,,,false,false
,Industrial Production m/m,EUR,2021-05-12T05:00:00Z,None,0.8%,-1.2%,0.1%,false,false
,CPI y/y,USD,2021-05-12T08:30:00Z,High,3.6%,2.6%,4.2%,false,false
,Core CPI m/m,USD,2021-05-12T08:30:00Z,High,0.3%,0.3%,0.9%,false,false
,Core CPI y/y,USD,2021-05-12T08:30:00Z,High,2.3%,1.6%,3.0%,false,false
,CPI m/m,USD,2021-05-12T08:30:00Z,High,0.2%,0.6%,0.8%,false,false
,NIESR GDP Estimate,GBP,2021-05-12T08:46:00Z,None,,-1.5%,1.3%,false,false
,FOMC Member Clarida Speaks,USD,2021-05-12T09:00:00Z,None,,,,false,false
,BOE Gov Bailey Speaks,GBP,2021-05-12T10:00:00Z,High,,,,false,false
,Crude Oil Inventories,USD,2021-05-12T10:30:00Z,None,-2.1M,-8.0M,-0.4M,false,false
,FOMC Member Bostic Speaks,USD,2021-05-12T13:00:00Z,None,,,,false,false
,10-y Bond Auction,USD,2021-05-12T13:03:00Z,None,,1.68|2.4,1.68|2.5,false,false
,Federal Budget Balance,USD,2021-05-12T14:00:00Z,None,-212.5B,-659.6B,-225.6B,false,false
,FPI m/m,NZD,2021-05-12T18:45:00Z,None,,0.0%,1.1%,false,false
,RICS House Price Balance,GBP,2021-05-12T19:01:00Z,None,62%,62%,75%,false,false
,Current Account,JPY,2021-05-12T19:50:00Z,None,1.87T,1.84T,1.70T,false,false
,Bank Lending y/y,JPY,2021-05-12T19:50:00Z,None,6.3%,6.2%,4.8%,false,false
,30-y Bond Auction,JPY,2021-05-12T23:35:00Z,None,,0.69|3.1,0.65|3.1,false,false
,Bank Holiday,CHF,2021-05-13T00:00:00Z,None,,,,true,false
,French Bank Holiday,EUR,2021-05-13T00:00:00Z,None,,,,true,false
,German Bank Holiday,EUR,2021-05-13T00:00:00Z,None,,,,true,false
,Economy Watchers Sentiment,JPY,2021-05-13T01:00:00Z,None,47.1,49.0,39.1,false,false
,Foreign Direct Investment ytd/y,CNY,2021-05-13T03:55:00Z,None,,39.9%,38.6%,false,false
,MPC Member Cunliffe Speaks,GBP,2021-05-13T08:00:00Z,None,,,,false,false
,Core PPI m/m,USD,2021-05-13T08:30:00Z,None,0.4%,0.7%,0.7%,false,false
,Unemployment Claims,USD,2021-05-13T08:30:00Z,None,487K,507K,473K,false,false
,PPI m/m,USD,2021-05-13T08:30:00Z,None,0.3%,1.0%,0.6%,false,false
,FOMC Member Barkin Speaks,USD,2021-05-13T10:00:00Z,None,,,,false,false
,Natural Gas Storage,USD,2021-05-13T10:30:00Z,None,74B,60B,71B,false,false
,BOC Gov Macklem Speaks,CAD,2021-05-13T11:00:00Z,High,,,,false,false
,BOE Gov Bailey Speaks,GBP,2021-05-13T12:00:00Z,None,,,,false,false
,FOMC Member Waller Speaks,USD,2021-05-13T13:00:00Z,None,,,,false,false
,30-y Bond Auction,USD,2021-05-13T13:01:00Z,None,,2.32|2.5,2.40|2.2,false,false
,BusinessNZ Manufacturing Index,NZD,2021-05-13T18:30:00Z,None,,63.6,58.4,false,false
,M2 Money Stock y/y,JPY,2021-05-13T19:50:00Z,None,9.4%,9.4%,9.2%,false,false
,ECB Monetary Policy Meeting Accounts,EUR,2021-05-14T07:30:00Z,None,,,,false,false
,Retail Sales m/m,USD,2021-05-14T08:30:00Z,High,1.0%,10.7%,0.0%,false,false
,Manufacturing Sales m/m,CAD,2021-05-14T08:30:00Z,None,3.5%,-1.1%,3.5%,false,false
,Wholesale Sales m/m,CAD,2021-05-14T08:30:00Z,None,1.0%,-0.9%,2.8%,false,false
,Import Prices m/m,USD,2021-05-14T08:30:00Z,None,0.6%,1.4%,0.7%,false,false
,Core Retail Sales m/m,USD,2021-05-14T08:32:00Z,High,0.5%,9.0%,-0.8%,false,false
,Industrial Production m/m,USD,2021-05-14T09:15:00Z,None,0.9%,2.4%,0.7%,false,false
,Capacity Utilization Rate,USD,2021-05-14T09:15:00Z,None,75.0%,74.4%,74.9%,false,false
,CB Leading Index m/m,GBP,2021-05-14T09:30:00Z,None,,-0.4%,0.1%,false,false
,Prelim UoM Inflation Expectations,USD,2021-05-14T10:00:00Z,None,,3.4%,4.6%,false,false
,Prelim UoM Consumer Sentiment,USD,2021-05-14T10:00:00Z,None,90.2,88.3,82.8,false,false
,Business Inventories m/m,USD,2021-05-14T10:00:00Z,None,0.3%,0.6%,0.3%,false,false
,BusinessNZ Services Index,NZD,2021-05-16T18:30:00Z,None,,52.9,61.2,false,false
,Visitor Arrivals m/m,NZD,2021-05-16T18:48:00Z,None,,-2.8%,-12.4%,false,false
,Rightmove HPI m/m,GBP,2021-05-16T19:01:00Z,None,,2.1%,1.8%,false,false
,PPI y/y,JPY,2021-05-16T19:50:00Z,None,3.1%,1.2%,3.6%,false,false
,New Home Prices m/m,CNY,2021-05-16T21:30:00Z,None,,0.41%,0.48%,false,false
,Unemployment Rate,CNY,2021-05-16T22:00:00Z,None,5.2%,5.3%,5.1%,false,false
,Retail Sales y/y,CNY,2021-05-16T22:00:00Z,None,25.0%,34.2%,17.7%,false,false
,Industrial Production y/y,CNY,2021-05-16T22:00:00Z,None,10.0%,14.1%,9.8%,false,false
,Fixed Asset Investment ytd/y,CNY,2021-05-16T22:00:00Z,None,19.9%,25.6%,19.9%,false,false
,Prelim Machine Tool Orders y/y,JPY,2021-05-17T02:00:00Z,None,,65.1%,120.8%,false,false
,PPI m/m,CHF,2021-05-17T02:30:00Z,None,0.2%,0.6%,0.7%,false,false
,Housing Starts,CAD,2021-05-17T08:13:00Z,None,305K,335K,269K,false,false
,Foreign Securities Purchases,CAD,2021-05-17T08:30:00Z,None,3.25B,8.56B,3.25B,false,false
,Empire State Manufacturing Index,USD,2021-05-17T08:30:00Z,None,23.9,26.3,24.3,false,false
,NAHB Housing Market Index,USD,2021-05-17T10:00:00Z,None,83,83,83,false,false
,FOMC Member Clarida Speaks,USD,2021-05-17T10:05:00Z,None,,,,false,false
,MPC Member Tenreyro Speaks,GBP,2021-05-17T10:15:00Z,None,,,,false,false
,FOMC Member Bostic Speaks,USD,2021-05-17T10:25:00Z,None,,,,false,false
,FOMC Member Clarida Speaks,USD,2021-05-17T10:25:00Z,None,,,,false,false
,MPC Member Vlieghe Speaks,GBP,2021-05-17T11:30:00Z,None,,,,false,false
,MPC Member Haldane Speaks,GBP,2021-05-17T12:30:00Z,None,,,,false,false
,TIC Long-Term Purchases,USD,2021-05-17T16:00:00Z,None,67.0B,4.3B,262.2B,false,false
,Prelim GDP Price Index y/y,JPY,2021-05-17T19:50:00Z,None,-0.1%,0.3%,-0.2%,false,false
,Prelim GDP q/q,JPY,2021-05-17T19:50:00Z,None,-1.1%,2.8%,-1.3%,false,false
,Monetary Policy Meeting Minutes,AUD,2021-05-17T21:30:00Z,None,,,,false,false
,Tertiary Industry Activity m/m,JPY,2021-05-18T00:30:00Z,None,0.8%,-0.3%,1.1%,false,false
,Average Earnings Index 3m/y,GBP,2021-05-18T02:00:00Z,None,4.5%,4.5%,4.0%,false,false
,Claimant Count Change,GBP,2021-05-18T02:00:00Z,None,25.6K,-19.4K,-15.1K,false,false
,Unemployment Rate,GBP,2021-05-18T02:00:00Z,None,4.9%,4.9%,4.8%,false,false
,Italian Trade Balance,EUR,2021-05-18T04:00:00Z,None,4.40B,4.75B,5.19B,false,false
,Flash Employment Change q/q,EUR,2021-05-18T05:00:00Z,None,0.1%,0.4%,-0.3%,false,false
,Flash GDP q/q,EUR,2021-05-18T05:00:00Z,None,-0.6%,-0.6%,-0.6%,false,false
,Trade Balance,EUR,2021-05-18T05:00:00Z,None,20.3B,23.1B,13.0B,false,false
,Building Permits,USD,2021-05-18T08:30:00Z,None,1.77M,1.76M,1.76M,false,false
,Housing Starts,USD,2021-05-18T08:30:00Z,None,1.71M,1.73M,1.57M,false,false
,BOE Gov Bailey Speaks,GBP,2021-05-18T10:00:00Z,High,,,,false,false
,GDT Price Index,NZD,2021-05-18T10:27:00Z,None,,-0.7%,-0.2%,false,false
,CB Leading Index m/m,AUD,2021-05-18T10:30:00Z,None,,0.5%,1.0%,false,false
,SNB Chairman Jordan Speaks,CHF,2021-05-18T11:00:00Z,None,,,,false,false
,FOMC Member Bostic Speaks,USD,2021-05-18T12:30:00Z,None,,,,false,false
,API Weekly Statistical Bulletin,USD,2021-05-18T16:30:00Z,None,,,,false,false
,PPI Input q/q,NZD,2021-05-18T18:45:00Z,None,0.1%,0.1%,2.1%,false,false
,PPI Output q/q,NZD,2021-05-18T18:45:00Z,None,0.2%,0.5%,1.2%,false,false
,Westpac Consumer Sentiment,AUD,2021-05-18T20:30:00Z,None,,6.2%,-4.8%,false,false
,Wage Price Index q/q,AUD,2021-05-18T21:30:00Z,None,0.5%,0.6%,0.6%,false,false
,Revised Industrial Production m/m,JPY,2021-05-19T00:30:00Z,None,2.2%,2.2%,1.7%,false,false
,CPI y/y,GBP,2021-05-19T02:00:00Z,None,1.5%,0.7%,1.5%,false,false
,Core CPI y/y,GBP,2021-05-19T02:00:00Z,None,1.3%,1.1%,1.3%,false,false
,PPI Input m/m,GBP,2021-05-19T02:00:00Z,None,1.0%,1.9%,1.2%,false,false
,PPI Output m/m,GBP,2021-05-19T02:00:00Z,None,0.4%,0.8%,0.4%,false,false
,RPI y/y,GBP,2021-05-19T02:00:00Z,None,2.4%,1.5%,2.9%,false,false
,ECB Financial Stability Review,EUR,2021-05-19T04:00:00Z,None,,,,false,false
,HPI y/y,GBP,2021-05-19T04:30:00Z,None,7.6%,9.2%,10.2%,false,false
,Final Core CPI y/y,EUR,2021-05-19T05:00:00Z,None,0.8%,0.8%,0.7%,false,false
,Final CPI y/y,EUR,2021-05-19T05:00:00Z,None,1.6%,1.6%,1.6%,false,false
,German 10-y Bond Auction,EUR,2021-05-19T05:35:00Z,None,,-0.25|1.7,-0.09|1.3,false,false
,CPI m/m,CAD,2021-05-19T08:30:00Z,None,0.2%,0.5%,0.5%,false,false
,Common CPI y/y,CAD,2021-05-19T08:30:00Z,None,1.7%,1.5%,1.7%,false,false
,Median CPI y/y,CAD,2021-05-19T08:30:00Z,None,2.1%,2.1%,2.3%,false,false
,Trimmed CPI y/y,CAD,2021-05-19T08:30:00Z,None,2.2%,2.1%,2.3%,false,false
,Core CPI m/m,CAD,2021-05-19T08:32:00Z,None,,0.3%,0.5%,false,false
,Crude Oil Inventories,USD,2021-05-19T10:30:00Z,None,1.5M,-0.4M,1.3M,false,false
,FOMC Member Bostic Speaks,USD,2021-05-19T11:35:00Z,None,,,,false,false
,FOMC Meeting Minutes,USD,2021-05-19T14:00:00Z,None,,,,false,false
,Core Machinery Orders m/m,JPY,2021-05-19T19:50:00Z,None,5.1%,-8.5%,3.7%,false,false
,Trade Balance,JPY,2021-05-19T19:50:00Z,None,0.07T,0.37T,0.07T,false,false
,MI Inflation Expectations,AUD,2021-05-19T21:00:00Z,None,,3.2%,3.5%,false,false
,Employment Change,AUD,2021-05-19T21:30:00Z,High,17.5K,77.0K,-30.6K,false,false
,Unemployment Rate,AUD,2021-05-19T21:30:00Z,High,5.6%,5.7%,5.5%,false,false
,1-y Loan Prime Rate,CNY,2021-05-19T21:30:00Z,None,3.85%,3.85%,3.85%,false,false
,5-y Loan Prime Rate,CNY,2021-05-19T21:30:00Z,None,4.65%,4.65%,4.65%,false,false
,Annual Budget Release,NZD,2021-05-19T22:00:00Z,None,,,,false,false
,German PPI m/m,EUR,2021-05-20T02:00:00Z,None,0.8%,0.9%,0.8%,false,false
,Current Account,EUR,2021-05-20T04:00:00Z,None,24.3B,25.9B,17.8B,false,false
,Spanish 10-y Bond Auction,EUR,2021-05-20T04:45:00Z,None,,0.43|1.6,0.60|1.8,false,false
,MPC Member Cunliffe Speaks,GBP,2021-05-20T05:05:00Z,None,,,,false,false
,CBI Industrial Order Expectations,GBP,2021-05-20T06:00:00Z,None,0,-8,17,false,false
,ECB President Lagarde Speaks,EUR,2021-05-20T08:00:00Z,None,,,,false,false
,NHPI m/m,CAD,2021-05-20T08:30:00Z,None,1.2%,1.1%,1.9%,false,false
,Philly Fed Manufacturing Index,USD,2021-05-20T08:30:00Z,None,40.8,50.2,31.5,false,false
,Unemployment Claims,USD,2021-05-20T08:30:00Z,None,453K,478K,444K,false,false
,ADP Non-Farm Employment Change,CAD,2021-05-20T08:32:00Z,None,,266.7K,351.3K,false,false
,BOC Financial System Review,CAD,2021-05-20T10:00:00Z,None,,,,false,false
,CB Leading Index m/m,USD,2021-05-20T10:00:00Z,None,1.3%,1.3%,1.6%,false,false
,Natural Gas Storage,USD,2021-05-20T10:30:00Z,None,60B,71B,71B,false,false
,BOC Gov Macklem Speaks,CAD,2021-05-20T11:00:00Z,High,,,,false,false
,Flash Manufacturing PMI,AUD,2021-05-20T19:00:00Z,None,,59.7,59.9,false,false
,Flash Services PMI,AUD,2021-05-20T19:00:00Z,None,,58.8,58.2,false,false
,GfK Consumer Confidence,GBP,2021-05-20T19:01:00Z,None,-12,-15,-9,false,false
,National Core CPI y/y,JPY,2021-05-20T19:30:00Z,None,-0.2%,-0.1%,-0.1%,false,false
,Flash Manufacturing PMI,JPY,2021-05-20T20:30:00Z,None,53.0,53.6,52.5,false,false
,Retail Sales m/m,AUD,2021-05-20T21:30:00Z,None,0.5%,1.3%,1.1%,false,false
,Credit Card Spending y/y,NZD,2021-05-20T23:00:00Z,None,,0.5%,87.4%,false,false
,Eurogroup Meetings,EUR,2021-05-21T00:00:00Z,None,,,,true,false
,Retail Sales m/m,GBP,2021-05-21T02:00:00Z,None,4.5%,5.1%,9.2%,false,false
,French Flash Manufacturing PMI,EUR,2021-05-21T03:15:00Z,None,58.6,58.9,59.2,false,false
,French Flash Services PMI,EUR,2021-05-21T03:15:00Z,None,53.0,50.3,56.6,false,false
,German Flash Manufacturing PMI,EUR,2021-05-21T03:30:00Z,High,66.0,66.2,64.0,false,false
,German Flash Services PMI,EUR,2021-05-21T03:30:00Z,High,52.0,49.9,52.8,false,false
,Flash Manufacturing PMI,EUR,2021-05-21T04:00:00Z,None,62.5,62.9,62.8,false,false
,Flash Services PMI,EUR,2021-05-21T04:00:00Z,None,52.5,50.5,55.1,false,false
,Flash Manufacturing PMI,GBP,2021-05-21T04:30:00Z,None,60.7,60.9,66.1,false,false
,Flash Services PMI,GBP,2021-05-21T04:30:00Z,None,62.2,61.0,61.8,false,false
,German Buba Monthly Report,EUR,2021-05-21T06:00:00Z,None,,,,false,false
,ECB President Lagarde Speaks,EUR,2021-05-21T07:00:00Z,None,,,,false,false
,Core Retail Sales m/m,CAD,2021-05-21T08:30:00Z,None,2.3%,5.6%,4.3%,false,false
,Retail Sales m/m,CAD,2021-05-21T08:30:00Z,None,2.3%,5.8%,3.6%,false,false
,Consumer Confidence,EUR,2021-05-21T09:32:00Z,None,-7,-8,-5,false,false
,Flash Services PMI,USD,2021-05-21T09:45:00Z,None,64.3,64.7,70.1,false,false
,Gov Board Member Maechler Speaks,CHF,2021-05-21T09:45:00Z,None,,,,false,false
,Flash Manufacturing PMI,USD,2021-05-21T09:45:00Z,None,60.0,60.5,61.5,false,false
,Existing Home Sales,USD,2021-05-21T10:00:00Z,None,6.09M,6.01M,5.85M,false,false
,FOMC Member Daly Speaks,USD,2021-05-21T13:30:00Z,None,,,,false,false
,ECOFIN Meetings,EUR,2021-05-22T00:00:00Z,None,,,,true,false
,Retail Sales q/q,NZD,2021-05-23T18:45:00Z,None,-1.8%,-2.6%,2.5%,false,false
,Core Retail Sales q/q,NZD,2021-05-23T18:49:00Z,None,-1.0%,-2.9%,3.2%,false,false
,German Bank Holiday,EUR,2021-05-24T00:00:00Z,None,,,,true,false
,Bank Holiday,CHF,2021-05-24T00:00:00Z,None,,,,true,false
,French Bank Holiday,EUR,2021-05-24T00:00:00Z,None,,,,true,false
,Bank Holiday,CAD,2021-05-24T00:00:00Z,None,,,,true,false
,BOJ Gov Kuroda Speaks,JPY,2021-05-24T07:06:00Z,None,,,,false,false
,CB Leading Index m/m,CNY,2021-05-24T09:00:00Z,None,,0.9%,1.2%,false,false
,FOMC Member Brainard Speaks,USD,2021-05-24T09:00:00Z,None,,,,false,false
,Monetary Policy Report Hearings,GBP,2021-05-24T10:30:00Z,High,,,,false,false
,FOMC Member Bostic Speaks,USD,2021-05-24T12:00:00Z,None,,,,false,false
,Goods Trade Balance,AUD,2021-05-24T21:30:00Z,None,,8.23B,10.14B,false,false
,BOJ Core CPI y/y,JPY,2021-05-25T01:00:00Z,None,-0.1%,0.0%,-0.1%,false,false
,German Final GDP q/q,EUR,2021-05-25T02:00:00Z,None,-1.7%,-1.7%,-1.8%,false,false
,Public Sector Net Borrowing,GBP,2021-05-25T02:00:00Z,None,32.9B,25.5B,31.0B,false,false
,German ifo Business Climate,EUR,2021-05-25T04:00:00Z,None,98.2,96.6,99.2,false,false
,CBI Realized Sales,GBP,2021-05-25T06:00:00Z,None,24,20,18,false,false
,Corporate Profits q/q,CAD,2021-05-25T08:30:00Z,None,,7.9%,18.1%,false,false
,Belgian NBB Business Climate,EUR,2021-05-25T09:00:00Z,None,5.6,4.4,6.5,false,false
,HPI m/m,USD,2021-05-25T09:00:00Z,None,1.1%,1.1%,1.4%,false,false
,S&P/CS Composite-20 HPI y/y,USD,2021-05-25T09:00:00Z,None,12.6%,12.0%,13.3%,false,false
,FOMC Member Evans Speaks,USD,2021-05-25T09:40:00Z,None,,,,false,false
,Richmond Manufacturing Index,USD,2021-05-25T09:59:00Z,None,19,17,18,false,false
,CB Consumer Confidence,USD,2021-05-25T10:00:00Z,None,119.0,117.5,117.2,false,false
,FOMC Member Quarles Speaks,USD,2021-05-25T10:00:00Z,None,,,,false,false
,New Home Sales,USD,2021-05-25T10:00:00Z,None,950K,917K,863K,false,false
,MPC Member Tenreyro Speaks,GBP,2021-05-25T12:00:00Z,None,,,,false,false
,API Weekly Statistical Bulletin,USD,2021-05-25T16:30:00Z,None,,,,false,false
,Trade Balance,NZD,2021-05-25T18:45:00Z,None,90M,39M,388M,false,false
,SPPI y/y,JPY,2021-05-25T19:50:00Z,None,0.9%,0.7%,1.0%,false,false
,MI Leading Index m/m,AUD,2021-05-25T20:30:00Z,None,,0.5%,0.2%,false,false
,Construction Work Done q/q,AUD,2021-05-25T21:30:00Z,None,1.9%,-1.5%,2.4%,false,false
,RBNZ Monetary Policy Statement,NZD,2021-05-25T22:00:00Z,High,,,,false,false
,RBNZ Rate Statement,NZD,2021-05-25T22:00:00Z,High,,,,false,false
,Official Cash Rate,NZD,2021-05-25T22:00:00Z,None,0.25%,0.25%,0.25%,false,false
,RBNZ Press Conference,NZD,2021-05-25T23:00:00Z,High,,,,false,false
,UBS Economic Expectations,CHF,2021-05-26T04:00:00Z,None,,68.3,72.2,false,false
,FOMC Member Quarles Speaks,USD,2021-05-26T10:00:00Z,None,,,,false,false
,Crude Oil Inventories,USD,2021-05-26T10:30:00Z,None,-1.0M,1.3M,-1.7M,false,false
,Gov Council Member Lane Speaks,CAD,2021-05-26T13:00:00Z,None,,,,false,false
,FOMC Member Quarles Speaks,USD,2021-05-26T15:00:00Z,None,,,,false,false
,Private Capital Expenditure q/q,AUD,2021-05-26T21:30:00Z,None,2.0%,4.2%,6.3%,false,false
,German GfK Consumer Climate,EUR,2021-05-27T02:00:00Z,None,-5.3,-8.6,-7.0,false,false
,Trade Balance,CHF,2021-05-27T02:00:00Z,None,4.85B,5.73B,3.84B,false,false
,MPC Member Vlieghe Speaks,GBP,2021-05-27T07:00:00Z,None,,,,false,false
,German Buba President Weidmann Speaks,EUR,2021-05-27T08:00:00Z,None,,,,false,false
,Prelim GDP q/q,USD,2021-05-27T08:30:00Z,High,6.5%,6.4%,6.4%,false,false
,Unemployment Claims,USD,2021-05-27T08:30:00Z,None,427K,444K,406K,false,false
,Core Durable Goods Orders m/m,USD,2021-05-27T08:30:00Z,None,0.8%,1.9%,1.0%,false,false
,Durable Goods Orders m/m,USD,2021-05-27T08:30:00Z,None,0.8%,0.8%,-1.3%,false,false
,Prelim GDP Price Index q/q,USD,2021-05-27T08:30:00Z,None,4.1%,4.1%,4.3%,false,false
,Pending Home Sales m/m,USD,2021-05-27T10:00:00Z,None,0.6%,1.7%,-4.4%,false,false
,Natural Gas Storage,USD,2021-05-27T10:30:00Z,None,105B,71B,115B,false,false
,Tokyo Core CPI y/y,JPY,2021-05-27T19:30:00Z,None,-0.2%,-0.2%,-0.2%,false,false
,Unemployment Rate,JPY,2021-05-27T19:30:00Z,None,2.7%,2.6%,2.8%,false,false
,G7 Meetings,All,2021-05-28T00:00:00Z,None,,,,true,false
,German Import Prices m/m,EUR,2021-05-28T02:00:00Z,None,1.0%,1.8%,1.4%,false,false
,French Consumer Spending m/m,EUR,2021-05-28T02:45:00Z,None,-4.1%,-0.3%,-8.3%,false,false
,French Prelim CPI m/m,EUR,2021-05-28T02:45:00Z,None,0.3%,0.1%,0.3%,false,false
,French Prelim GDP q/q,EUR,2021-05-28T02:45:00Z,None,0.4%,0.4%,-0.1%,false,false
,KOF Economic Barometer,CHF,2021-05-28T03:00:00Z,None,132.2,136.4,143.2,false,false
,Italian 10-y Bond Auction,EUR,2021-05-28T05:15:00Z,None,,0.88|1.4,0.94|1.3,false,false
,Prelim Wholesale Inventories m/m,USD,2021-05-28T08:30:00Z,None,0.7%,1.3%,0.8%,false,false
,Core PCE Price Index m/m,USD,2021-05-28T08:30:00Z,None,0.6%,0.4%,0.7%,false,false
,Goods Trade Balance,USD,2021-05-28T08:30:00Z,None,-92.0B,-92.0B,-85.2B,false,false
,Personal Income m/m,USD,2021-05-28T08:30:00Z,None,-14.2%,20.9%,-13.1%,false,false
,Personal Spending m/m,USD,2021-05-28T08:30:00Z,None,0.5%,4.7%,0.5%,false,false
,Chicago PMI,USD,2021-05-28T09:45:00Z,None,67.9,72.1,75.2,false,false
,Revised UoM Inflation Expectations,USD,2021-05-28T10:00:00Z,None,,4.6%,4.6%,false,false
,Revised UoM Consumer Sentiment,USD,2021-05-28T10:00:00Z,None,83.1,82.8,82.9,false,false
,Prelim Industrial Production m/m,JPY,2021-05-30T19:50:00Z,None,4.0%,1.7%,2.5%,false,false
,Retail Sales y/y,JPY,2021-05-30T19:50:00Z,None,15.4%,5.2%,12.0%,false,false
,MI Inflation Gauge m/m,AUD,2021-05-30T21:00:00Z,None,,0.4%,-0.2%,false,false
,Manufacturing PMI,CNY,2021-05-30T21:00:00Z,None,51.3,51.1,51.0,false,false
,Non-Manufacturing PMI,CNY,2021-05-30T21:00:00Z,None,55.2,54.9,55.2,false,false
,ANZ Business Confidence,NZD,2021-05-30T21:00:00Z,None,,7.0,1.8,false,false
,Private Sector Credit m/m,AUD,2021-05-30T21:30:00Z,None,0.4%,0.4%,0.2%,false,false
,German Prelim CPI m/m,EUR,2021-05-31T00:00:00Z,None,0.3%,0.7%,0.5%,true,false
,Bank Holiday,GBP,2021-05-31T00:00:00Z,None,,,,true,false
,Bank Holiday,USD,2021-05-31T00:00:00Z,None,,,,true,false
,Consumer Confidence,JPY,2021-05-31T00:59:00Z,None,33.2,34.7,34.1,false,false
,Housing Starts y/y,JPY,2021-05-31T01:00:00Z,None,4.9%,1.5%,7.1%,false,false
,Spanish Flash CPI y/y,EUR,2021-05-31T03:00:00Z,None,2.4%,2.2%,2.7%,false,false
,Private Loans y/y,EUR,2021-05-31T04:00:00Z,None,3.4%,3.3%,3.8%,false,false
,M3 Money Supply y/y,EUR,2021-05-31T04:00:00Z,None,9.6%,10.0%,9.2%,false,false
,Italian Prelim CPI m/m,EUR,2021-05-31T05:00:00Z,None,0.1%,0.4%,0.0%,false,false
,Current Account,CAD,2021-05-31T08:30:00Z,None,2.4B,-5.3B,1.2B,false,false
,IPPI m/m,CAD,2021-05-31T08:30:00Z,None,0.8%,1.8%,1.6%,false,false
,RMPI m/m,CAD,2021-05-31T08:30:00Z,None,1.7%,2.2%,1.0%,false,false
,AIG Manufacturing Index,AUD,2021-05-31T18:30:00Z,None,,61.7,61.8,false,false
,Building Consents m/m,NZD,2021-05-31T18:45:00Z,None,,19.2%,4.8%,false,false
,Capital Spending q/y,JPY,2021-05-31T19:50:00Z,None,-6.7%,-4.8%,-7.8%,false,false
,Final Manufacturing PMI,JPY,2021-05-31T20:30:00Z,None,52.5,52.5,53.0,false,false
,Building Approvals m/m,AUD,2021-05-31T21:30:00Z,None,-9.9%,18.9%,-8.6%,false,false
,Company Operating Profits q/q,AUD,2021-05-31T21:30:00Z,None,3.6%,-4.8%,-0.3%,false,false
,Current Account,AUD,2021-05-31T21:30:00Z,None,17.8B,16.0B,18.3B,false,false
,RatingDog Manufacturing PMI,CNY,2021-05-31T21:45:00Z,None,52.1,51.9,52.0,false,false
,OPEC-JMMC Meetings,All,2021-06-01T00:00:00Z,High,,,,true,false
,RBA Rate Statement,AUD,2021-06-01T00:30:00Z,High,,,,false,false
,Cash Rate,AUD,2021-06-01T00:30:00Z,None,0.10%,0.10%,0.10%,false,false
,Nationwide HPI m/m,GBP,2021-06-01T02:00:00Z,None,0.7%,2.3%,1.8%,false,false
,Commodity Prices y/y,AUD,2021-06-01T02:30:00Z,None,,33.6%,39.7%,false,false
,Retail Sales y/y,CHF,2021-06-01T02:30:00Z,None,15.4%,23.1%,35.7%,false,false
,GDP q/q,CHF,2021-06-01T03:00:00Z,None,-0.4%,0.1%,-0.5%,false,false
,Spanish Manufacturing PMI,EUR,2021-06-01T03:15:00Z,None,59.3,57.7,59.4,false,false
,Manufacturing PMI,CHF,2021-06-01T03:30:00Z,None,70.0,69.5,69.9,false,false
,Italian Manufacturing PMI,EUR,2021-06-01T03:45:00Z,None,62.0,60.7,62.3,false,false
,French Final Manufacturing PMI,EUR,2021-06-01T03:50:00Z,None,59.2,59.2,59.4,false,false
,German Final Manufacturing PMI,EUR,2021-06-01T03:55:00Z,None,64.0,64.0,64.4,false,false
,German Unemployment Change,EUR,2021-06-01T03:55:00Z,None,-9K,8K,-15K,false,false
,Final Manufacturing PMI,EUR,2021-06-01T04:00:00Z,None,62.8,62.8,63.1,false,false
,Italian Monthly Unemployment Rate,EUR,2021-06-01T04:02:00Z,None,10.1%,10.4%,10.7%,false,false
,Final Manufacturing PMI,GBP,2021-06-01T04:30:00Z,None,66.1,66.1,65.6,false,false
,Core CPI Flash Estimate y/y,EUR,2021-06-01T05:00:00Z,None,0.9%,0.7%,0.9%,false,false
,CPI Flash Estimate y/y,EUR,2021-06-01T05:00:00Z,None,1.9%,1.6%,2.0%,false,false
,Unemployment Rate,EUR,2021-06-01T05:00:00Z,None,8.1%,8.1%,8.0%,false,false
,GDP m/m,CAD,2021-06-01T08:30:00Z,None,1.0%,0.4%,1.1%,false,false
,Manufacturing PMI,CAD,2021-06-01T09:30:00Z,None,,57.2,57.0,false,false
,Final Manufacturing PMI,USD,2021-06-01T09:45:00Z,None,61.5,61.5,62.1,false,false
,ISM Manufacturing PMI,USD,2021-06-01T10:00:00Z,High,60.8,60.7,61.2,false,false
,Construction Spending m/m,USD,2021-06-01T10:00:00Z,None,0.5%,1.0%,0.2%,false,false
,FOMC Member Quarles Speaks,USD,2021-06-01T10:00:00Z,None,,,,false,false
,ISM Manufacturing Prices,USD,2021-06-01T10:00:00Z,None,88.9,89.6,88.0,false,false
,GDT Price Index,NZD,2021-06-01T10:09:00Z,None,,-0.2%,-0.9%,false,false
,BOE Gov Bailey Speaks,GBP,2021-06-01T11:00:00Z,High,,,,false,false
,FOMC Member Brainard Speaks,USD,2021-06-01T14:00:00Z,None,,,,false,false
,Overseas Trade Index q/q,NZD,2021-06-01T18:45:00Z,None,-0.2%,1.5%,0.1%,false,false
,BRC Shop Price Index y/y,GBP,2021-06-01T19:01:00Z,None,,-1.3%,-0.6%,false,false
,Monetary Base y/y,JPY,2021-06-01T19:50:00Z,None,25.2%,24.3%,22.4%,false,false
,GDP q/q,AUD,2021-06-01T21:30:00Z,High,1.5%,3.2%,1.8%,false,false
,Italian Bank Holiday,EUR,2021-06-02T00:00:00Z,None,,,,true,false
,Omdia Total Vehicle Sales,USD,2021-06-02T00:00:00Z,None,17.4M,18.5M,17.0M,true,false
,German Retail Sales m/m,EUR,2021-06-02T02:00:00Z,None,-2.4%,7.7%,-5.5%,false,false
,French Gov Budget Balance,EUR,2021-06-02T02:45:00Z,None,,-60.1B,-91.4B,false,false
,Spanish Unemployment Change,EUR,2021-06-02T03:00:00Z,None,-115.2K,-39.0K,-129.4K,false,false
,Net Lending to Individuals m/m,GBP,2021-06-02T04:30:00Z,None,7.4B,11.1B,2.9B,false,false
,Mortgage Approvals,GBP,2021-06-02T04:30:00Z,None,80K,83K,87K,false,false
,M4 Money Supply m/m,GBP,2021-06-02T04:30:00Z,None,0.7%,0.7%,0.1%,false,false
,RBA Deputy Gov Debelle Speaks,AUD,2021-06-02T05:00:00Z,None,,,,false,false
,PPI m/m,EUR,2021-06-02T05:00:00Z,None,0.9%,1.1%,1.0%,false,false
,10-y Bond Auction,GBP,2021-06-02T05:24:00Z,None,,0.92|2.7,0.94|2.6,false,false
,Building Permits m/m,CAD,2021-06-02T08:30:00Z,None,-5.2%,7.6%,-0.5%,false,false
,RCM/TIPP Economic Optimism,USD,2021-06-02T09:45:00Z,None,55.8,54.4,56.4,false,false
,German Buba President Weidmann Speaks,EUR,2021-06-02T11:45:00Z,None,,,,false,false
,Beige Book,USD,2021-06-02T14:00:00Z,None,,,,false,false
,FOMC Member Bostic Speaks,USD,2021-06-02T14:00:00Z,None,,,,false,false
,FOMC Member Evans Speaks,USD,2021-06-02T14:00:00Z,None,,,,false,false
,API Weekly Statistical Bulletin,USD,2021-06-02T16:30:00Z,None,,,,false,false
,AIG Construction Index,AUD,2021-06-02T18:30:00Z,None,,59.1,58.3,false,false
,ANZ Commodity Prices m/m,NZD,2021-06-02T21:00:00Z,None,,2.3%,1.3%,false,false
,Goods Trade Balance,AUD,2021-06-02T21:30:00Z,None,8.35B,5.57B,8.03B,false,false
,RatingDog Services PMI,CNY,2021-06-02T21:45:00Z,None,56.3,56.3,55.1,false,false
,10-y Bond Auction,JPY,2021-06-02T23:35:00Z,None,,0.07|3.0,0.08|2.9,false,false
,Spanish Services PMI,EUR,2021-06-03T03:15:00Z,None,57.8,54.6,59.4,false,false
,Italian Services PMI,EUR,2021-06-03T03:45:00Z,None,52.4,47.3,53.1,false,false
,French Final Services PMI,EUR,2021-06-03T03:50:00Z,None,56.6,56.6,56.6,false,false
,German Final Services PMI,EUR,2021-06-03T03:55:00Z,None,52.8,52.8,52.8,false,false
,Final Services PMI,EUR,2021-06-03T04:00:00Z,None,55.2,55.1,55.2,false,false
,Final Services PMI,GBP,2021-06-03T04:30:00Z,None,61.8,61.8,62.9,false,false
,French 10-y Bond Auction,EUR,2021-06-03T05:00:00Z,None,,0.13|1.7,0.16|2.0,false,false
,Challenger Job Cuts y/y,USD,2021-06-03T07:30:00Z,None,,-96.6%,-93.8%,false,false
,ADP Non-Farm Employment Change,USD,2021-06-03T08:15:00Z,None,645K,654K,978K,false,false
,Unemployment Claims,USD,2021-06-03T08:30:00Z,None,400K,405K,385K,false,false
,Revised Nonfarm Productivity q/q,USD,2021-06-03T08:30:00Z,None,5.5%,5.4%,5.4%,false,false
,Revised Unit Labor Costs q/q,USD,2021-06-03T08:30:00Z,None,-0.4%,-0.3%,1.7%,false,false
,Final Services PMI,USD,2021-06-03T09:45:00Z,None,70.1,70.1,70.4,false,false
,ISM Services PMI,USD,2021-06-03T10:00:00Z,High,63.0,62.7,64.0,false,false
,Natural Gas Storage,USD,2021-06-03T10:30:00Z,None,95B,115B,98B,false,false
,Crude Oil Inventories,USD,2021-06-03T11:00:00Z,None,-1.0M,-1.7M,-5.1M,false,false
,BOE Gov Bailey Speaks,GBP,2021-06-03T12:00:00Z,None,,,,false,false
,FOMC Member Bostic Speaks,USD,2021-06-03T12:30:00Z,None,,,,false,false
,FOMC Member Quarles Speaks,USD,2021-06-03T15:05:00Z,None,,,,false,false
,Household Spending y/y,JPY,2021-06-03T19:30:00Z,None,8.6%,6.2%,13.0%,false,false
,G7 Meetings,All,2021-06-04T00:00:00Z,None,,,,false,false
,SNB Chairman Jordan Speaks,CHF,2021-06-04T03:00:00Z,None,,,,false,false
,RBNZ Gov Orr Speaks,NZD,2021-06-04T03:00:00Z,None,,,,false,false
,Construction PMI,GBP,2021-06-04T04:30:00Z,None,61.9,61.6,64.2,false,false
,Retail Sales m/m,EUR,2021-06-04T05:00:00Z,None,-1.4%,3.3%,-3.1%,false,false
,ECB President Lagarde Speaks,EUR,2021-06-04T07:00:00Z,None,,,,false,false
,FOMC Member Powell Speaks,USD,2021-06-04T07:00:00Z,High,,,,false,false
,Employment Change,CAD,2021-06-04T08:30:00Z,High,-23.5K,-207.1K,-68.0K,false,false
,Unemployment Rate,CAD,2021-06-04T08:30:00Z,High,8.2%,8.1%,8.2%,false,false
,Labor Productivity q/q,CAD,2021-06-04T08:30:00Z,None,-1.0%,-2.1%,-1.7%,false,false
,Average Hourly Earnings m/m,USD,2021-06-04T08:30:00Z,High,0.2%,0.7%,0.5%,false,false
,Non-Farm Employment Change,USD,2021-06-04T08:30:00Z,High,645K,278K,559K,false,false
,Unemployment Rate,USD,2021-06-04T08:30:00Z,High,5.9%,6.1%,5.8%,false,false
,Ivey PMI,CAD,2021-06-04T10:00:00Z,None,62.3,60.6,64.7,false,false
,Factory Orders m/m,USD,2021-06-04T10:00:00Z,None,-0.3%,1.4%,-0.6%,false,false
,President Biden Speaks,USD,2021-06-04T10:38:00Z,None,,,,false,false
,G7 Meetings,All,2021-06-05T00:00:00Z,None,,,,false,false
,Bank Holiday,NZD,2021-06-06T00:00:00Z,None,,,,true,false
,AIG Services Index,AUD,2021-06-06T18:39:00Z,None,,61.0,61.2,false,false
,ANZ Job Advertisements m/m,AUD,2021-06-06T21:30:00Z,None,,4.9%,7.9%,false,false
,Trade Balance,CNY,2021-06-06T23:00:00Z,None,266B,277B,296B,false,false
,USD-Denominated Trade Balance,CNY,2021-06-06T23:02:00Z,None,50.5B,42.9B,45.5B,false,false
,Leading Indicators,JPY,2021-06-07T01:00:00Z,None,103.0%,102.5%,103.0%,false,false
,Unemployment Rate,CHF,2021-06-07T01:45:00Z,None,3.1%,3.2%,3.0%,false,false
,German Factory Orders m/m,EUR,2021-06-07T01:58:00Z,None,0.4%,3.9%,-0.2%,false,false
,CPI m/m,CHF,2021-06-07T02:30:00Z,None,0.3%,0.2%,0.3%,false,false
,Foreign Currency Reserves,CHF,2021-06-07T03:00:00Z,None,,914B,902B,false,false
,Lloyds HPI m/m,GBP,2021-06-07T03:30:00Z,None,1.0%,1.5%,1.3%,false,false
,Sentix Investor Confidence,EUR,2021-06-07T04:30:00Z,None,25.5,21.0,28.1,false,false
,Consumer Credit m/m,USD,2021-06-07T15:00:00Z,None,19.5B,18.6B,18.6B,false,false
,BRC Retail Sales Monitor y/y,GBP,2021-06-07T19:01:00Z,None,29.5%,39.6%,18.5%,false,false
,Average Cash Earnings y/y,JPY,2021-06-07T19:30:00Z,None,0.8%,0.6%,1.6%,false,false
,Bank Lending y/y,JPY,2021-06-07T19:50:00Z,None,5.6%,4.8%,2.9%,false,false
,Current Account,JPY,2021-06-07T19:50:00Z,None,1.60T,1.70T,1.55T,false,false
,Final GDP q/q,JPY,2021-06-07T19:50:00Z,None,-1.2%,-1.3%,-1.0%,false,false
,Final GDP Price Index y/y,JPY,2021-06-07T19:54:00Z,None,-0.2%,-0.2%,-0.1%,false,false
,NAB Business Confidence,AUD,2021-06-07T21:30:00Z,None,,23,20,false,false
,30-y Bond Auction,JPY,2021-06-07T23:35:00Z,None,,0.65|3.1,0.69|3.4,false,false
,Economy Watchers Sentiment,JPY,2021-06-08T00:59:00Z,None,33.9,39.1,38.1,false,false
,German Industrial Production m/m,EUR,2021-06-08T01:55:00Z,None,0.3%,2.2%,-1.0%,false,false
,French Trade Balance,EUR,2021-06-08T02:45:00Z,None,-5.3B,-6.1B,-6.2B,false,false
,Italian Retail Sales m/m,EUR,2021-06-08T04:00:00Z,None,0.2%,0.0%,-0.4%,false,false
,ZEW Economic Sentiment,EUR,2021-06-08T05:00:00Z,None,85.5,84.0,81.3,false,false
,German ZEW Economic Sentiment,EUR,2021-06-08T05:00:00Z,None,86.0,84.4,79.8,false,false
,Final Employment Change q/q,EUR,2021-06-08T05:00:00Z,None,-0.3%,-0.3%,-0.3%,false,false
,Revised GDP q/q,EUR,2021-06-08T05:00:00Z,None,-0.6%,-0.6%,-0.3%,false,false
,NFIB Small Business Index,USD,2021-06-08T06:00:00Z,None,101.2,99.8,99.6,false,false
,Trade Balance,CAD,2021-06-08T08:30:00Z,None,-0.9B,-1.3B,0.6B,false,false
,Trade Balance,USD,2021-06-08T08:30:00Z,None,-68.5B,-75.0B,-68.9B,false,false
,MPC Member Haldane Speaks,GBP,2021-06-08T09:00:00Z,None,,,,false,false
,JOLTS Job Openings,USD,2021-06-08T10:00:00Z,None,8.18M,8.29M,9.29M,false,false
,API Weekly Statistical Bulletin,USD,2021-06-08T16:30:00Z,None,,,,false,false
,Manufacturing Sales q/q,NZD,2021-06-08T18:45:00Z,None,,-0.2%,2.1%,false,false
,RBA Assist Gov Kent Speaks,AUD,2021-06-08T19:30:00Z,None,,,,false,false
,M2 Money Stock y/y,JPY,2021-06-08T19:50:00Z,None,8.5%,9.2%,7.9%,false,false
,Westpac Consumer Sentiment,AUD,2021-06-08T20:30:00Z,None,,-4.8%,-5.2%,false,false
,Prelim ANZ Business Confidence,NZD,2021-06-08T21:00:00Z,None,,1.8,-0.4,false,false
,CPI y/y,CNY,2021-06-08T21:30:00Z,None,1.6%,0.9%,1.3%,false,false
,PPI y/y,CNY,2021-06-08T21:30:00Z,None,8.5%,6.8%,9.0%,false,false
,German Trade Balance,EUR,2021-06-09T02:00:00Z,None,15.7B,14.0B,15.9B,false,false
,Prelim Machine Tool Orders y/y,JPY,2021-06-09T02:02:00Z,None,,120.8%,140.7%,false,false
,German 30-y Bond Auction,EUR,2021-06-09T05:35:00Z,None,,0.22|1.3,0.31|1.3,false,false
,BOC Rate Statement,CAD,2021-06-09T10:00:00Z,High,,,,false,false
,Overnight Rate,CAD,2021-06-09T10:00:00Z,None,0.25%,0.25%,0.25%,false,false
,Final Wholesale Inventories m/m,USD,2021-06-09T10:00:00Z,None,0.8%,0.8%,0.8%,false,false
,Crude Oil Inventories,USD,2021-06-09T10:30:00Z,None,-3.3M,-5.1M,-5.2M,false,false
,10-y Bond Auction,USD,2021-06-09T13:01:00Z,None,,1.68|2.5,1.50|2.6,false,false
,RICS House Price Balance,GBP,2021-06-09T19:01:00Z,None,77%,76%,83%,false,false
,PPI y/y,JPY,2021-06-09T19:50:00Z,None,4.5%,3.8%,4.9%,false,false
,MI Inflation Expectations,AUD,2021-06-09T21:00:00Z,None,,3.5%,4.4%,false,false
,French Final Private Payrolls q/q,EUR,2021-06-10T01:30:00Z,None,0.3%,0.3%,0.5%,false,false
,French Industrial Production m/m,EUR,2021-06-10T02:45:00Z,None,0.5%,1.0%,-0.1%,false,false
,Italian Industrial Production m/m,EUR,2021-06-10T04:00:00Z,None,0.3%,0.3%,1.8%,false,false
,M2 Money Supply y/y,CNY,2021-06-10T04:01:00Z,None,8.1%,8.1%,8.3%,false,false
,New Loans,CNY,2021-06-10T04:01:00Z,None,1400B,1470B,1500B,false,false
,Monetary Policy Statement,EUR,2021-06-10T07:45:00Z,High,,,,false,false
,Main Refinancing Rate,EUR,2021-06-10T07:45:00Z,None,0.00%,0.00%,0.00%,false,false
,MPC Member Haldane Speaks,GBP,2021-06-10T08:05:00Z,None,,,,false,false
,ECB Press Conference,EUR,2021-06-10T08:30:00Z,High,,,,false,false
,Core CPI m/m,USD,2021-06-10T08:30:00Z,High,0.5%,0.9%,0.7%,false,false
,Core CPI y/y,USD,2021-06-10T08:30:00Z,High,3.5%,3.0%,3.8%,false,false
,CPI m/m,USD,2021-06-10T08:30:00Z,High,0.4%,0.8%,0.6%,false,false
,CPI y/y,USD,2021-06-10T08:30:00Z,High,4.7%,4.2%,5.0%,false,false
,Unemployment Claims,USD,2021-06-10T08:30:00Z,None,370K,385K,376K,false,false
,Natural Gas Storage,USD,2021-06-10T10:30:00Z,None,99B,98B,98B,false,false
,Gov Council Member Lane Speaks,CAD,2021-06-10T13:00:00Z,None,,,,false,false
,30-y Bond Auction,USD,2021-06-10T13:01:00Z,None,,2.40|2.2,2.17|2.3,false,false
,Federal Budget Balance,USD,2021-06-10T14:00:00Z,None,-245.0B,-225.6B,-132.0B,false,false
,BusinessNZ Manufacturing Index,NZD,2021-06-10T18:30:00Z,None,,58.3,58.6,false,false
,BSI Manufacturing Index,JPY,2021-06-10T19:50:00Z,None,1.9,1.6,-1.4,false,false
,G7 Meetings,All,2021-06-11T00:00:00Z,None,,,,false,false
,German WPI m/m,EUR,2021-06-11T02:00:00Z,None,0.9%,1.1%,1.7%,false,false
,Construction Output m/m,GBP,2021-06-11T02:00:00Z,None,1.0%,5.8%,-2.0%,false,false
,GDP m/m,GBP,2021-06-11T02:00:00Z,None,2.4%,2.1%,2.3%,false,false
,Goods Trade Balance,GBP,2021-06-11T02:00:00Z,None,-11.8B,-11.7B,-11.0B,false,false
,Index of Services 3m/3m,GBP,2021-06-11T02:00:00Z,None,1.3%,-2.0%,1.4%,false,false
,Industrial Production m/m,GBP,2021-06-11T02:00:00Z,None,1.2%,1.8%,-1.3%,false,false
,Manufacturing Production m/m,GBP,2021-06-11T02:00:00Z,None,1.5%,2.1%,-0.3%,false,false
,Italian Quarterly Unemployment Rate,EUR,2021-06-11T04:00:00Z,None,10.5%,10.0%,10.4%,false,false
,BOE Gov Bailey Speaks,GBP,2021-06-11T04:30:00Z,High,,,,false,false
,Capacity Utilization Rate,CAD,2021-06-11T08:30:00Z,None,80.5%,79.7%,81.7%,false,false
,NIESR GDP Estimate,GBP,2021-06-11T08:32:00Z,None,,1.5%,3.8%,false,false
,Prelim UoM Consumer Sentiment,USD,2021-06-11T10:00:00Z,None,84.1,82.9,86.4,false,false
,Prelim UoM Inflation Expectations,USD,2021-06-11T10:00:00Z,None,,4.6%,4.0%,false,false
,Gov Council Member Beaudry Speaks,CAD,2021-06-11T11:00:00Z,None,,,,false,false
,G7 Meetings,All,2021-06-12T00:00:00Z,None,,,,false,false
,Foreign Direct Investment ytd/y,CNY,2021-06-12T03:00:00Z,None,,38.6%,35.4%,false,false
,Bank Holiday,CNY,2021-06-13T00:00:00Z,None,,,,true,false
,Bank Holiday,AUD,2021-06-13T00:00:00Z,None,,,,true,false
,G7 Meetings,All,2021-06-13T00:00:00Z,None,,,,false,false
,BusinessNZ Services Index,NZD,2021-06-13T18:30:00Z,None,,61.2,56.1,false,false
,Visitor Arrivals m/m,NZD,2021-06-13T18:45:00Z,None,,-12.4%,588.3%,false,false
,Revised Industrial Production m/m,JPY,2021-06-14T00:30:00Z,None,2.5%,2.5%,2.9%,false,false
,PPI m/m,CHF,2021-06-14T02:30:00Z,None,0.4%,0.7%,0.8%,false,false
,Industrial Production m/m,EUR,2021-06-14T05:00:00Z,None,0.4%,0.4%,0.8%,false,false
,Manufacturing Sales m/m,CAD,2021-06-14T08:30:00Z,None,1.1%,4.0%,-2.1%,false,false
,BOE Gov Bailey Speaks,GBP,2021-06-14T09:00:00Z,None,,,,false,false
,CB Leading Index m/m,GBP,2021-06-14T09:30:00Z,None,,0.1%,0.3%,false,false
,FPI m/m,NZD,2021-06-14T18:45:00Z,None,,1.1%,0.4%,false,false
,Monetary Policy Meeting Minutes,AUD,2021-06-14T21:30:00Z,None,,,,false,false
,HPI q/q,AUD,2021-06-14T21:30:00Z,None,4.8%,3.0%,5.4%,false,false
,Tertiary Industry Activity m/m,JPY,2021-06-15T00:30:00Z,None,-0.7%,2.4%,-0.7%,false,false
,German Final CPI m/m,EUR,2021-06-15T02:00:00Z,None,0.5%,0.5%,0.5%,false,false
,Average Earnings Index 3m/y,GBP,2021-06-15T02:00:00Z,None,4.9%,4.3%,5.6%,false,false
,Claimant Count Change,GBP,2021-06-15T02:00:00Z,None,25.0K,-55.8K,-92.6K,false,false
,Unemployment Rate,GBP,2021-06-15T02:00:00Z,None,4.7%,4.8%,4.7%,false,false
,French Final CPI m/m,EUR,2021-06-15T02:45:00Z,None,0.3%,0.3%,0.3%,false,false
,SECO Economic Forecasts,CHF,2021-06-15T03:00:00Z,None,,,,false,false
,Trade Balance,EUR,2021-06-15T05:00:00Z,None,14.9B,18.3B,9.4B,false,false
,30-y Bond Auction,GBP,2021-06-15T06:30:00Z,None,,1.30|2.2,1.27|2.2,false,false
,Housing Starts,CAD,2021-06-15T08:15:00Z,None,279K,267K,276K,false,false
,BOE Gov Bailey Speaks,GBP,2021-06-15T08:15:00Z,High,,,,false,false
,Retail Sales m/m,USD,2021-06-15T08:30:00Z,High,-0.6%,0.9%,-1.3%,false,false
,Core Retail Sales m/m,USD,2021-06-15T08:30:00Z,High,0.4%,0.0%,-0.7%,false,false
,PPI m/m,USD,2021-06-15T08:30:00Z,High,0.5%,0.6%,0.8%,false,false
,Core PPI m/m,USD,2021-06-15T08:30:00Z,None,0.5%,0.7%,0.7%,false,false
,Empire State Manufacturing Index,USD,2021-06-15T08:30:00Z,None,22.2,24.3,17.4,false,false
,Industrial Production m/m,USD,2021-06-15T09:15:00Z,None,0.6%,0.1%,0.8%,false,false
,Capacity Utilization Rate,USD,2021-06-15T09:15:00Z,None,75.2%,74.6%,75.2%,false,false
,Business Inventories m/m,USD,2021-06-15T10:00:00Z,None,-0.1%,0.2%,-0.2%,false,false
,NAHB Housing Market Index,USD,2021-06-15T10:00:00Z,None,83,83,81,false,false
,GDT Price Index,NZD,2021-06-15T10:37:00Z,None,,-0.9%,-1.3%,false,false
,TIC Long-Term Purchases,USD,2021-06-15T16:00:00Z,None,119.5B,262.4B,100.7B,false,false
,API Weekly Statistical Bulletin,USD,2021-06-15T16:30:00Z,None,,,,false,false
,Current Account,NZD,2021-06-15T18:45:00Z,None,-2.49B,-2.59B,-2.90B,false,false
,Core Machinery Orders m/m,JPY,2021-06-15T19:50:00Z,None,2.6%,3.7%,0.6%,false,false
,Trade Balance,JPY,2021-06-15T19:50:00Z,None,0.24T,0.08T,0.04T,false,false
,MI Leading Index m/m,AUD,2021-06-15T20:30:00Z,None,,0.2%,-0.1%,false,false
,PPI Input m/m,GBP,2021-06-16T02:00:00Z,None,1.0%,1.2%,1.1%,false,false
,CPI y/y,GBP,2021-06-16T02:00:00Z,None,1.8%,1.5%,2.1%,false,false
,Core CPI y/y,GBP,2021-06-16T02:00:00Z,None,1.5%,1.3%,2.0%,false,false
,PPI Output m/m,GBP,2021-06-16T02:00:00Z,None,0.4%,0.4%,0.5%,false,false
,RPI y/y,GBP,2021-06-16T02:00:00Z,None,3.3%,2.9%,3.3%,false,false
,Industrial Production y/y,CNY,2021-06-16T03:00:00Z,None,9.2%,9.8%,8.8%,false,false
,Fixed Asset Investment ytd/y,CNY,2021-06-16T03:00:00Z,None,17.0%,19.9%,15.4%,false,false
,Retail Sales y/y,CNY,2021-06-16T03:00:00Z,None,14.0%,17.7%,12.4%,false,false
,Unemployment Rate,CNY,2021-06-16T03:00:00Z,None,5.1%,5.1%,5.0%,false,false
,HPI y/y,GBP,2021-06-16T04:30:00Z,None,12.1%,9.9%,8.9%,false,false
,German 10-y Bond Auction,EUR,2021-06-16T05:33:00Z,None,,-0.09|1.3,-0.19|1.3,false,false
,Common CPI y/y,CAD,2021-06-16T08:30:00Z,None,1.8%,1.7%,1.8%,false,false
,CPI m/m,CAD,2021-06-16T08:30:00Z,High,0.4%,0.5%,0.5%,false,false
,Median CPI y/y,CAD,2021-06-16T08:30:00Z,None,2.4%,2.3%,2.4%,false,false
,Trimmed CPI y/y,CAD,2021-06-16T08:30:00Z,None,2.4%,2.3%,2.7%,false,false
,Wholesale Sales m/m,CAD,2021-06-16T08:30:00Z,None,-1.0%,3.2%,0.4%,false,false
,Building Permits,USD,2021-06-16T08:30:00Z,None,1.73M,1.73M,1.68M,false,false
,Housing Starts,USD,2021-06-16T08:30:00Z,None,1.64M,1.52M,1.57M,false,false
,Import Prices m/m,USD,2021-06-16T08:30:00Z,None,0.8%,0.8%,1.1%,false,false
,Core CPI m/m,CAD,2021-06-16T08:32:00Z,None,,0.5%,0.4%,false,false
,Treasury Sec Yellen Speaks,USD,2021-06-16T10:00:00Z,High,,,,false,false
,Crude Oil Inventories,USD,2021-06-16T10:30:00Z,None,-2.1M,-5.2M,-7.4M,false,false
,Federal Funds Rate,USD,2021-06-16T14:00:00Z,None,<0.25%,<0.25%,<0.25%,false,false
,FOMC Statement,USD,2021-06-16T14:00:00Z,High,,,,false,false
,FOMC Economic Projections,USD,2021-06-16T14:00:00Z,High,,,,false,false
,FOMC Press Conference,USD,2021-06-16T14:30:00Z,High,,,,false,false
,BOC Gov Macklem Speaks,CAD,2021-06-16T18:30:00Z,High,,,,false,false
,GDP q/q,NZD,2021-06-16T18:45:00Z,High,0.5%,-1.0%,1.6%,false,false
,RBA Gov Lowe Speaks,AUD,2021-06-16T20:10:00Z,High,,,,false,false
,RBA Bulletin,AUD,2021-06-16T21:30:00Z,None,,,,false,false
,Employment Change,AUD,2021-06-16T21:30:00Z,High,30.5K,-30.7K,115.2K,false,false
,Unemployment Rate,AUD,2021-06-16T21:30:00Z,High,5.5%,5.5%,5.1%,false,false
,New Home Prices m/m,CNY,2021-06-16T21:30:00Z,None,,0.48%,0.52%,false,false
,Eurogroup Meetings,EUR,2021-06-17T00:00:00Z,None,,,,true,false
,SNB Financial Stability Report,CHF,2021-06-17T00:30:00Z,None,,,,false,false
,Trade Balance,CHF,2021-06-17T02:02:00Z,None,4.23B,3.77B,4.95B,false,false
,SNB Monetary Policy Assessment,CHF,2021-06-17T03:30:00Z,High,,,,false,false
,SNB Policy Rate,CHF,2021-06-17T03:30:00Z,None,-0.75%,-0.75%,-0.75%,false,false
,SNB Press Conference,CHF,2021-06-17T04:00:00Z,High,,,,false,false
,Italian Trade Balance,EUR,2021-06-17T04:00:00Z,None,6.23B,5.19B,5.87B,false,false
,Final Core CPI y/y,EUR,2021-06-17T05:00:00Z,None,0.9%,0.9%,1.0%,false,false
,Final CPI y/y,EUR,2021-06-17T05:00:00Z,None,2.0%,2.0%,2.0%,false,false
,Philly Fed Manufacturing Index,USD,2021-06-17T08:30:00Z,None,30.3,31.5,30.7,false,false
,Foreign Securities Purchases,CAD,2021-06-17T08:30:00Z,None,4.35B,4.12B,9.95B,false,false
,Unemployment Claims,USD,2021-06-17T08:30:00Z,None,360K,375k,412K,false,false
,ADP Non-Farm Employment Change,CAD,2021-06-17T08:32:00Z,None,,101.3K,101.6K,false,false
,CB Leading Index m/m,USD,2021-06-17T10:00:00Z,None,1.3%,1.3%,1.3%,false,false
,Natural Gas Storage,USD,2021-06-17T10:30:00Z,None,71B,98B,16B,false,false
,National Core CPI y/y,JPY,2021-06-17T19:30:00Z,None,0.0%,-0.1%,0.1%,false,false
,Monetary Policy Statement,JPY,2021-06-17T23:30:00Z,None,,,,false,false
,BOJ Policy Rate,JPY,2021-06-17T23:30:00Z,None,-0.10%,-0.10%,-0.10%,false,false
,ECOFIN Meetings,EUR,2021-06-18T00:00:00Z,None,,,,true,false
,German PPI m/m,EUR,2021-06-18T02:00:00Z,None,0.7%,0.8%,1.5%,false,false
,Retail Sales m/m,GBP,2021-06-18T02:00:00Z,None,1.5%,9.2%,-1.4%,false,false
,BOJ Press Conference,JPY,2021-06-18T02:30:00Z,None,,,,false,false
,Current Account,EUR,2021-06-18T04:00:00Z,None,20.3B,17.8B,22.8B,false,false
,Consumer Inflation Expectations,GBP,2021-06-18T04:30:00Z,None,,2.7%,2.4%,false,false
,NHPI m/m,CAD,2021-06-18T08:30:00Z,None,1.5%,1.9%,1.4%,false,false
,Rightmove HPI m/m,GBP,2021-06-20T19:01:00Z,None,,1.8%,0.8%,false,false
,Retail Sales m/m,AUD,2021-06-20T21:30:00Z,None,0.4%,1.1%,0.1%,false,false
,1-y Loan Prime Rate,CNY,2021-06-20T21:30:00Z,None,3.85%,3.85%,3.85%,false,false
,5-y Loan Prime Rate,CNY,2021-06-20T21:30:00Z,None,4.65%,4.65%,4.65%,false,false
,German Buba Monthly Report,EUR,2021-06-21T06:00:00Z,None,,,,false,false
,ECB President Lagarde Speaks,EUR,2021-06-21T08:30:00Z,None,,,,false,false
,ECB President Lagarde Speaks,EUR,2021-06-21T10:15:00Z,High,,,,false,false
,FOMC Member Williams Speaks,USD,2021-06-21T15:00:00Z,None,,,,false,false
,Westpac Consumer Sentiment,NZD,2021-06-21T17:00:00Z,None,,105.2,107.1,false,false
,Credit Card Spending y/y,NZD,2021-06-21T23:00:00Z,None,,87.5%,27.2%,false,false
,BOJ Core CPI y/y,JPY,2021-06-22T00:59:00Z,None,0.0%,-0.1%,0.0%,false,false
,Public Sector Net Borrowing,GBP,2021-06-22T02:00:00Z,None,24.5B,28.3B,23.6B,false,false
,CBI Industrial Order Expectations,GBP,2021-06-22T06:00:00Z,None,16,17,19,false,false
,Richmond Manufacturing Index,USD,2021-06-22T09:59:00Z,None,18,18,22,false,false
,Consumer Confidence,EUR,2021-06-22T10:00:00Z,None,-3,-5,-3,false,false
,Existing Home Sales,USD,2021-06-22T10:00:00Z,None,5.71M,5.85M,5.80M,false,false
,CB Leading Index m/m,AUD,2021-06-22T10:30:00Z,None,,0.9%,0.8%,false,false
,FOMC Member Daly Speaks,USD,2021-06-22T11:00:00Z,None,,,,false,false
,Fed Chairman Powell Testifies,USD,2021-06-22T14:00:00Z,High,,,,false,false
,API Weekly Statistical Bulletin,USD,2021-06-22T16:30:00Z,None,,,,false,false
,Flash Manufacturing PMI,AUD,2021-06-22T19:00:00Z,None,,60.4,58.4,false,false
,Flash Services PMI,AUD,2021-06-22T19:00:00Z,None,,58.0,56.0,false,false
,Monetary Policy Meeting Minutes,JPY,2021-06-22T19:50:00Z,None,,,,false,false
,Flash Manufacturing PMI,JPY,2021-06-22T20:30:00Z,None,53.2,53.0,51.5,false,false
,Goods Trade Balance,AUD,2021-06-22T21:30:00Z,None,,9.67B,13.32B,false,false
,RBA Assist Gov Ellis Speaks,AUD,2021-06-22T23:15:00Z,None,,,,false,false
,French Flash Manufacturing PMI,EUR,2021-06-23T03:15:00Z,None,59.0,59.4,58.6,false,false
,French Flash Services PMI,EUR,2021-06-23T03:15:00Z,None,59.6,56.6,57.4,false,false
,German Flash Services PMI,EUR,2021-06-23T03:30:00Z,High,55.8,52.8,58.1,false,false
,German Flash Manufacturing PMI,EUR,2021-06-23T03:30:00Z,High,63.0,64.4,64.9,false,false
,Flash Services PMI,EUR,2021-06-23T04:00:00Z,None,58.1,55.2,58.0,false,false
,Flash Manufacturing PMI,EUR,2021-06-23T04:00:00Z,None,62.4,63.1,63.1,false,false
,Flash Services PMI,GBP,2021-06-23T04:30:00Z,None,62.9,62.9,61.7,false,false
,Flash Manufacturing PMI,GBP,2021-06-23T04:30:00Z,None,64.1,65.6,64.2,false,false
,Retail Sales m/m,CAD,2021-06-23T08:30:00Z,None,-5.1%,4.5%,-5.7%,false,false
,Core Retail Sales m/m,CAD,2021-06-23T08:30:00Z,None,-4.4%,5.4%,-7.2%,false,false
,Current Account,USD,2021-06-23T08:30:00Z,None,-205B,-175B,-196B,false,false
,FOMC Member Bowman Speaks,USD,2021-06-23T09:00:00Z,None,,,,false,false
,SNB Quarterly Bulletin,CHF,2021-06-23T09:00:00Z,None,,,,false,false
,Flash Services PMI,USD,2021-06-23T09:45:00Z,High,70.0,70.4,64.8,false,false
,Flash Manufacturing PMI,USD,2021-06-23T09:45:00Z,High,61.5,62.1,62.6,false,false
,New Home Sales,USD,2021-06-23T10:00:00Z,None,864K,817K,769K,false,false
,Crude Oil Inventories,USD,2021-06-23T10:30:00Z,None,-3.6M,-7.4M,-7.6M,false,false
,FOMC Member Bostic Speaks,USD,2021-06-23T11:00:00Z,None,,,,false,false
,ECB President Lagarde Speaks,EUR,2021-06-23T12:00:00Z,None,,,,false,false
,SPPI y/y,JPY,2021-06-23T19:50:00Z,None,1.4%,1.1%,1.5%,false,false
,ECB Economic Bulletin,EUR,2021-06-24T04:00:00Z,None,,,,false,false
,German ifo Business Climate,EUR,2021-06-24T04:00:00Z,None,100.8,99.2,101.8,false,false
,Official Bank Rate,GBP,2021-06-24T07:00:00Z,None,0.10%,0.10%,0.10%,false,false
,MPC Official Bank Rate Votes,GBP,2021-06-24T07:00:00Z,None,0-0-9,0-0-9,0-0-9,false,false
,MPC Asset Purchase Facility Votes,GBP,2021-06-24T07:00:00Z,High,0-1-8,0-1-8,0-1-8,false,false
,Monetary Policy Summary,GBP,2021-06-24T07:00:00Z,High,,,,false,false
,Asset Purchase Facility,GBP,2021-06-24T07:00:00Z,High,875B,875B,875B,false,false
,Goods Trade Balance,USD,2021-06-24T08:30:00Z,None,-87.4B,-85.7B,-88.1B,false,false
,Prelim Wholesale Inventories m/m,USD,2021-06-24T08:30:00Z,None,0.8%,1.0%,1.1%,false,false
,Final GDP q/q,USD,2021-06-24T08:30:00Z,None,6.4%,6.4%,6.4%,false,false
,Unemployment Claims,USD,2021-06-24T08:30:00Z,None,382K,418K,411K,false,false
,Core Durable Goods Orders m/m,USD,2021-06-24T08:30:00Z,None,0.8%,1.7%,0.3%,false,false
,Durable Goods Orders m/m,USD,2021-06-24T08:30:00Z,None,2.9%,-0.8%,2.3%,false,false
,Final GDP Price Index q/q,USD,2021-06-24T08:36:00Z,None,4.3%,4.3%,4.3%,false,false
,Belgian NBB Business Climate,EUR,2021-06-24T08:56:00Z,None,8.5,6.5,9.8,false,false
,FOMC Member Bostic Speaks,USD,2021-06-24T09:30:00Z,None,,,,false,false
,Natural Gas Storage,USD,2021-06-24T10:30:00Z,None,64B,16B,55B,false,false
,FOMC Member Williams Speaks,USD,2021-06-24T11:00:00Z,None,,,,false,false
,Bank Stress Test Results,USD,2021-06-24T16:30:00Z,None,,,,false,false
,Trade Balance,NZD,2021-06-24T18:45:00Z,None,205M,414M,469M,false,false
,GfK Consumer Confidence,GBP,2021-06-24T19:01:00Z,None,-7,-9,-9,false,false
,Tokyo Core CPI y/y,JPY,2021-06-24T19:30:00Z,None,-0.1%,-0.2%,0.0%,false,false
,German GfK Consumer Climate,EUR,2021-06-25T02:00:00Z,None,-3.9,-6.9,-0.3,false,false
,M3 Money Supply y/y,EUR,2021-06-25T04:00:00Z,None,8.6%,9.2%,8.4%,false,false
,Private Loans y/y,EUR,2021-06-25T04:00:00Z,None,3.7%,3.8%,3.9%,false,false
,CBI Realized Sales,GBP,2021-06-25T06:00:00Z,None,12,18,25,false,false
,Personal Spending m/m,USD,2021-06-25T08:30:00Z,None,0.4%,0.9%,0.0%,false,false
,Core PCE Price Index m/m,USD,2021-06-25T08:30:00Z,None,0.6%,0.7%,0.5%,false,false
,Personal Income m/m,USD,2021-06-25T08:30:00Z,None,-2.5%,-13.1%,-2.0%,false,false
,CB Leading Index m/m,CNY,2021-06-25T09:15:00Z,None,,1.1%,0.9%,false,false
,Revised UoM Consumer Sentiment,USD,2021-06-25T10:00:00Z,None,86.5,86.4,85.5,false,false
,Revised UoM Inflation Expectations,USD,2021-06-25T10:00:00Z,None,,4.0%,4.2%,false,false
,BOJ Summary of Opinions,JPY,2021-06-27T19:50:00Z,None,,,,false,false
,German Import Prices m/m,EUR,2021-06-28T02:00:00Z,None,1.3%,1.4%,1.7%,false,false
,MPC Member Haldane Speaks,GBP,2021-06-28T08:00:00Z,None,,,,false,false
,German Buba President Weidmann Speaks,EUR,2021-06-28T08:00:00Z,None,,,,false,false
,FOMC Member Williams Speaks,USD,2021-06-28T09:00:00Z,None,,,,false,false
,FOMC Member Barkin Speaks,USD,2021-06-28T12:00:00Z,None,,,,false,false
,FOMC Member Quarles Speaks,USD,2021-06-28T13:10:00Z,None,,,,false,false
,Unemployment Rate,JPY,2021-06-28T19:30:00Z,None,2.9%,2.8%,3.0%,false,false
,Retail Sales y/y,JPY,2021-06-28T19:50:00Z,None,8.2%,11.9%,8.2%,false,false
,RBNZ Statement of Intent,NZD,2021-06-28T22:00:00Z,None,,,,false,false
,Italian Bank Holiday,EUR,2021-06-29T00:00:00Z,None,,,,true,false
,German Prelim CPI m/m,EUR,2021-06-29T00:00:00Z,None,0.4%,0.5%,0.4%,true,false
,RBNZ Gov Orr Speaks,NZD,2021-06-29T00:10:00Z,High,,,,false,false
,Nationwide HPI m/m,GBP,2021-06-29T02:00:00Z,None,0.7%,1.7%,0.7%,false,false
,Spanish Flash CPI y/y,EUR,2021-06-29T03:00:00Z,None,2.7%,2.7%,2.6%,false,false
,M4 Money Supply m/m,GBP,2021-06-29T04:30:00Z,None,0.2%,0.1%,0.4%,false,false
,Mortgage Approvals,GBP,2021-06-29T04:30:00Z,None,86K,87K,88K,false,false
,Net Lending to Individuals m/m,GBP,2021-06-29T04:30:00Z,None,4.6B,2.8B,6.9B,false,false
,FOMC Member Barkin Speaks,USD,2021-06-29T09:00:00Z,None,,,,false,false
,S&P/CS Composite-20 HPI y/y,USD,2021-06-29T09:00:00Z,None,14.8%,13.4%,14.9%,false,false
,HPI m/m,USD,2021-06-29T09:00:00Z,None,1.5%,1.6%,1.8%,false,false
,ECB President Lagarde Speaks,EUR,2021-06-29T09:40:00Z,None,,,,false,false
,CB Consumer Confidence,USD,2021-06-29T10:00:00Z,None,118.9,120.0,127.3,false,false
,German Buba President Weidmann Speaks,EUR,2021-06-29T12:00:00Z,None,,,,false,false
,API Weekly Statistical Bulletin,USD,2021-06-29T16:30:00Z,None,,,,false,false
,BRC Shop Price Index y/y,GBP,2021-06-29T19:01:00Z,None,,-0.6%,-0.7%,false,false
,Prelim Industrial Production m/m,JPY,2021-06-29T19:50:00Z,None,-2.1%,2.9%,-5.9%,false,false
,Manufacturing PMI,CNY,2021-06-29T21:00:00Z,None,50.9,51.0,50.9,false,false
,Non-Manufacturing PMI,CNY,2021-06-29T21:00:00Z,None,55.3,55.2,53.5,false,false
,ANZ Business Confidence,NZD,2021-06-29T21:00:00Z,None,,-0.4,-0.6,false,false
,Private Sector Credit m/m,AUD,2021-06-29T21:30:00Z,None,0.3%,0.3%,0.4%,false,false
,Consumer Confidence,JPY,2021-06-30T00:59:00Z,None,34.8,34.1,37.4,false,false
,Housing Starts y/y,JPY,2021-06-30T01:00:00Z,None,8.4%,7.1%,9.9%,false,false
,Final GDP q/q,GBP,2021-06-30T02:00:00Z,None,-1.5%,-1.5%,-1.6%,false,false
,Current Account,GBP,2021-06-30T02:00:00Z,None,-13.9B,-26.3B,-12.8B,false,false
,Revised Business Investment q/q,GBP,2021-06-30T02:00:00Z,None,-11.9%,-11.9%,-10.7%,false,false
,French Consumer Spending m/m,EUR,2021-06-30T02:45:00Z,None,7.4%,-8.7%,10.4%,false,false
,French Prelim CPI m/m,EUR,2021-06-30T02:45:00Z,None,0.2%,0.3%,0.2%,false,false
,KOF Economic Barometer,CHF,2021-06-30T03:00:00Z,None,144.9,143.7,133.4,false,false
,German Unemployment Change,EUR,2021-06-30T03:55:00Z,None,-20K,-19K,-38K,false,false
,UBS Economic Expectations,CHF,2021-06-30T04:00:00Z,None,,72.2,51.3,false,false
,CPI Flash Estimate y/y,EUR,2021-06-30T05:00:00Z,None,1.9%,2.0%,1.9%,false,false
,Core CPI Flash Estimate y/y,EUR,2021-06-30T05:00:00Z,None,0.9%,1.0%,0.9%,false,false
,Italian Prelim CPI m/m,EUR,2021-06-30T05:00:00Z,None,0.2%,0.0%,0.1%,false,false
,Italian 10-y Bond Auction,EUR,2021-06-30T05:15:00Z,None,,0.94|1.3,0.74|1.6,false,false
,MPC Member Haldane Speaks,GBP,2021-06-30T07:00:00Z,None,,,,false,false
,FOMC Member Bostic Speaks,USD,2021-06-30T08:00:00Z,None,,,,false,false
,ADP Non-Farm Employment Change,USD,2021-06-30T08:15:00Z,None,555K,886K,692K,false,false
,GDP m/m,CAD,2021-06-30T08:30:00Z,None,-0.8%,1.3%,-0.3%,false,false
,IPPI m/m,CAD,2021-06-30T08:30:00Z,None,3.0%,1.8%,2.7%,false,false
,RMPI m/m,CAD,2021-06-30T08:30:00Z,None,2.1%,1.0%,3.2%,false,false
,Chicago PMI,USD,2021-06-30T09:45:00Z,None,70.2,75.2,66.1,false,false
,Pending Home Sales m/m,USD,2021-06-30T10:00:00Z,None,-1.1%,-4.4%,8.0%,false,false
,Crude Oil Inventories,USD,2021-06-30T10:30:00Z,None,-4.2M,-7.6M,-6.7M,false,false
,FOMC Member Barkin Speaks,USD,2021-06-30T13:00:00Z,None,,,,false,false
,AIG Manufacturing Index,AUD,2021-06-30T18:30:00Z,None,,61.8,63.2,false,false
,Building Consents m/m,NZD,2021-06-30T18:45:00Z,None,,5.1%,-2.8%,false,false
,Tankan Manufacturing Index,JPY,2021-06-30T19:50:00Z,None,16,5,14,false,false
,Tankan Non-Manufacturing Index,JPY,2021-06-30T19:50:00Z,None,3,-1,1,false,false
,Final Manufacturing PMI,JPY,2021-06-30T20:30:00Z,None,51.5,51.5,52.4,false,false
,Goods Trade Balance,AUD,2021-06-30T21:30:00Z,None,10.50B,8.16B,9.68B,false,false
,RatingDog Manufacturing PMI,CNY,2021-06-30T21:45:00Z,None,51.8,52.0,51.3,false,false
,10-y Bond Auction,JPY,2021-06-30T23:35:00Z,None,,0.08|2.9,0.06|3.5,false,false
,OPEC-JMMC Meetings,All,2021-07-01T00:00:00Z,High,,,,false,false
,Bank Holiday,CAD,2021-07-01T00:00:00Z,None,,,,true,false
,Omdia Total Vehicle Sales,USD,2021-07-01T00:00:00Z,None,16.9M,17.0M,15.4M,true,false
,German Retail Sales m/m,EUR,2021-07-01T02:00:00Z,None,4.5%,-6.8%,4.2%,false,false
,Retail Sales y/y,CHF,2021-07-01T02:30:00Z,None,17.5%,37.7%,2.8%,false,false
,CPI m/m,CHF,2021-07-01T02:30:00Z,None,0.2%,0.3%,0.1%,false,false
,Commodity Prices y/y,AUD,2021-07-01T02:30:00Z,None,,40.7%,49.1%,false,false
,ECB President Lagarde Speaks,EUR,2021-07-01T03:00:00Z,None,,,,false,false
,Spanish Manufacturing PMI,EUR,2021-07-01T03:15:00Z,None,59.6,59.4,60.4,false,false
,Manufacturing PMI,CHF,2021-07-01T03:30:00Z,None,69.4,69.9,66.7,false,false
,Italian Manufacturing PMI,EUR,2021-07-01T03:45:00Z,None,62.3,62.3,62.2,false,false
,French Final Manufacturing PMI,EUR,2021-07-01T03:50:00Z,None,58.6,58.6,59.0,false,false
,German Final Manufacturing PMI,EUR,2021-07-01T03:55:00Z,None,64.9,64.9,65.1,false,false
,Final Manufacturing PMI,EUR,2021-07-01T04:00:00Z,None,63.1,63.1,63.4,false,false
,Italian Monthly Unemployment Rate,EUR,2021-07-01T04:00:00Z,None,10.7%,10.7%,10.5%,false,false
,BOE Gov Bailey Speaks,GBP,2021-07-01T04:00:00Z,High,,,,false,false
,Final Manufacturing PMI,GBP,2021-07-01T04:30:00Z,None,64.2,64.2,63.9,false,false
,Unemployment Rate,EUR,2021-07-01T05:00:00Z,None,8.0%,8.1%,7.9%,false,false
,BOE Gov Bailey Speaks,GBP,2021-07-01T05:00:00Z,None,,,,false,false
,French 10-y Bond Auction,EUR,2021-07-01T05:02:00Z,None,,0.16|2.0,0.13|2.1,false,false
,Challenger Job Cuts y/y,USD,2021-07-01T07:30:00Z,None,,-93.8%,-88.0%,false,false
,Unemployment Claims,USD,2021-07-01T08:30:00Z,None,388K,415K,364K,false,false
,Final Manufacturing PMI,USD,2021-07-01T09:45:00Z,None,62.6,62.6,62.1,false,false
,ISM Manufacturing PMI,USD,2021-07-01T10:00:00Z,High,61.0,61.2,60.6,false,false
,Construction Spending m/m,USD,2021-07-01T10:00:00Z,None,0.4%,0.1%,-0.3%,false,false
,ISM Manufacturing Prices,USD,2021-07-01T10:00:00Z,None,86.0,88.0,92.1,false,false
,Natural Gas Storage,USD,2021-07-01T10:30:00Z,None,68B,55B,76B,false,false
,Monetary Base y/y,JPY,2021-07-01T19:50:00Z,None,24.3%,22.4%,19.1%,false,false
,OPEC-JMMC Meetings,All,2021-07-02T00:00:00Z,High,,,,false,false
,French Gov Budget Balance,EUR,2021-07-02T02:45:00Z,None,,-91.4B,-118.8B,false,false
,Spanish Unemployment Change,EUR,2021-07-02T03:00:00Z,None,-110.5K,-129.4K,-166.9K,false,false
,PPI m/m,EUR,2021-07-02T05:00:00Z,None,1.2%,0.9%,1.3%,false,false
,Non-Farm Employment Change,USD,2021-07-02T08:30:00Z,High,725K,583K,850K,false,false
,Trade Balance,USD,2021-07-02T08:30:00Z,None,-71.4B,-69.1B,-71.2B,false,false
,Unemployment Rate,USD,2021-07-02T08:30:00Z,High,5.6%,5.8%,5.9%,false,false
,Average Hourly Earnings m/m,USD,2021-07-02T08:30:00Z,High,0.3%,0.4%,0.3%,false,false
,ECB President Lagarde Speaks,EUR,2021-07-02T08:30:00Z,None,,,,false,false
,Trade Balance,CAD,2021-07-02T08:30:00Z,None,0.4B,0.5B,-1.4B,false,false
,Building Permits m/m,CAD,2021-07-02T08:30:00Z,None,0.3%,0.2%,-14.8%,false,false
,Manufacturing PMI,CAD,2021-07-02T09:30:00Z,None,,57.0,56.5,false,false
,Factory Orders m/m,USD,2021-07-02T10:00:00Z,None,1.7%,-0.1%,1.7%,false,false
,AIG Construction Index,AUD,2021-07-04T18:30:00Z,None,,58.3,55.5,false,false
,MI Inflation Gauge m/m,AUD,2021-07-04T21:00:00Z,None,,-0.2%,0.4%,false,false
,ANZ Commodity Prices m/m,NZD,2021-07-04T21:00:00Z,None,,2.1%,0.8%,false,false
,ANZ Job Advertisements m/m,AUD,2021-07-04T21:30:00Z,None,,6.8%,3.0%,false,false
,Building Approvals m/m,AUD,2021-07-04T21:30:00Z,None,-5.0%,-5.7%,-7.1%,false,false
,RatingDog Services PMI,CNY,2021-07-04T21:45:00Z,None,54.8,55.1,50.3,false,false
,Bank Holiday,USD,2021-07-05T00:00:00Z,None,,,,true,false
,French Industrial Production m/m,EUR,2021-07-05T02:45:00Z,None,0.8%,0.1%,-0.3%,false,false
,Spanish Services PMI,EUR,2021-07-05T03:15:00Z,None,60.6,59.4,62.5,false,false
,Italian Services PMI,EUR,2021-07-05T03:45:00Z,None,56.3,53.1,56.7,false,false
,French Final Services PMI,EUR,2021-07-05T03:50:00Z,None,57.4,57.4,57.8,false,false
,German Final Services PMI,EUR,2021-07-05T03:55:00Z,None,58.1,58.1,57.5,false,false
,Final Services PMI,EUR,2021-07-05T04:00:00Z,None,58.0,58.0,58.3,false,false
,Sentix Investor Confidence,EUR,2021-07-05T04:30:00Z,None,30.2,28.1,29.8,false,false
,Final Services PMI,GBP,2021-07-05T04:30:00Z,None,61.7,61.7,62.4,false,false
,BOC Business Outlook Survey,CAD,2021-07-05T10:30:00Z,None,,,,false,false
,NZIER Business Confidence,NZD,2021-07-05T18:00:00Z,None,,-13,7,false,false
,Average Cash Earnings y/y,JPY,2021-07-05T19:30:00Z,None,2.1%,1.4%,1.9%,false,false
,Household Spending y/y,JPY,2021-07-05T19:30:00Z,None,10.9%,13.0%,11.6%,false,false
,30-y Bond Auction,JPY,2021-07-05T23:35:00Z,None,,0.69|3.4,0.68|3.6,false,false
,RBA Rate Statement,AUD,2021-07-06T00:30:00Z,High,,,,false,false
,Cash Rate,AUD,2021-07-06T00:30:00Z,None,0.10%,0.10%,0.10%,false,false
,RBA Gov Lowe Speaks,AUD,2021-07-06T02:00:00Z,High,,,,false,false
,German Factory Orders m/m,EUR,2021-07-06T02:00:00Z,None,0.9%,1.2%,-3.7%,false,false
,Construction PMI,GBP,2021-07-06T04:30:00Z,None,63.9,64.2,66.3,false,false
,Housing Equity Withdrawal q/q,GBP,2021-07-06T04:30:00Z,None,-3.7B,0.0B,4.0B,false,false
,ZEW Economic Sentiment,EUR,2021-07-06T05:00:00Z,None,79.0,81.3,61.2,false,false
,German ZEW Economic Sentiment,EUR,2021-07-06T05:00:00Z,None,75.0,79.8,63.3,false,false
,Retail Sales m/m,EUR,2021-07-06T05:00:00Z,None,4.3%,-3.9%,4.6%,false,false
,10-y Bond Auction,GBP,2021-07-06T05:03:00Z,None,,0.94|2.6,0.82|2.7,false,false
,Final Services PMI,USD,2021-07-06T09:45:00Z,None,64.8,64.8,64.6,false,false
,ISM Services PMI,USD,2021-07-06T10:00:00Z,High,63.4,64.0,60.1,false,false
,GDT Price Index,NZD,2021-07-06T10:01:00Z,None,,-1.3%,-3.6%,false,false
,AIG Services Index,AUD,2021-07-06T18:30:00Z,None,,61.2,57.8,false,false
,Leading Indicators,JPY,2021-07-07T01:00:00Z,None,102.8%,103.8%,102.6%,false,false
,German Industrial Production m/m,EUR,2021-07-07T02:00:00Z,None,0.5%,-0.3%,-0.3%,false,false
,French Trade Balance,EUR,2021-07-07T02:45:00Z,None,-6.0B,-6.3B,-6.8B,false,false
,Foreign Currency Reserves,CHF,2021-07-07T03:00:00Z,None,,903B,941B,false,false
,Lloyds HPI m/m,GBP,2021-07-07T03:29:00Z,None,1.5%,1.2%,-0.5%,false,false
,Italian Retail Sales m/m,EUR,2021-07-07T04:00:00Z,None,3.1%,-0.1%,0.2%,false,false
,EU Economic Forecasts,EUR,2021-07-07T05:00:00Z,None,,,,false,false
,Ivey PMI,CAD,2021-07-07T10:00:00Z,None,65.0,64.7,71.9,false,false
,JOLTS Job Openings,USD,2021-07-07T10:00:00Z,None,9.30M,9.19M,9.21M,false,false
,RCM/TIPP Economic Optimism,USD,2021-07-07T10:01:00Z,None,57.3,56.4,54.3,false,false
,FOMC Meeting Minutes,USD,2021-07-07T14:00:00Z,High,,,,false,false
,FOMC Member Bostic Speaks,USD,2021-07-07T15:30:00Z,None,,,,false,false
,API Weekly Statistical Bulletin,USD,2021-07-07T16:30:00Z,None,,,,false,false
,RICS House Price Balance,GBP,2021-07-07T19:01:00Z,None,80%,82%,83%,false,false
,Bank Lending y/y,JPY,2021-07-07T19:50:00Z,None,3.0%,2.8%,1.4%,false,false
,Current Account,JPY,2021-07-07T19:50:00Z,None,1.59T,1.55T,1.87T,false,false
,RBA Gov Lowe Speaks,AUD,2021-07-07T22:30:00Z,High,,,,false,false
,Economy Watchers Sentiment,JPY,2021-07-08T01:00:00Z,None,41.9,38.1,47.6,false,false
,Unemployment Rate,CHF,2021-07-08T01:45:00Z,None,2.9%,3.2%,3.1%,false,false
,German Trade Balance,EUR,2021-07-08T02:00:00Z,None,15.8B,15.6B,12.6B,false,false
,ECB President Lagarde Speaks,EUR,2021-07-08T08:30:00Z,None,,,,false,false
,Unemployment Claims,USD,2021-07-08T08:30:00Z,None,345K,371K,373K,false,false
,Natural Gas Storage,USD,2021-07-08T10:30:00Z,None,29B,76B,16B,false,false
,Crude Oil Inventories,USD,2021-07-08T11:00:00Z,None,-4.0M,-6.7M,-6.9M,false,false
,Consumer Credit m/m,USD,2021-07-08T15:00:00Z,None,17.9B,20.0B,35.3B,false,false
,M2 Money Stock y/y,JPY,2021-07-08T19:50:00Z,None,6.0%,7.9%,5.9%,false,false
,CPI y/y,CNY,2021-07-08T21:32:00Z,None,1.3%,1.3%,1.1%,false,false
,PPI y/y,CNY,2021-07-08T21:33:00Z,None,8.8%,9.0%,8.8%,false,false
,G20 Meetings,All,2021-07-09T00:00:00Z,None,,,,false,false
,Construction Output m/m,GBP,2021-07-09T02:00:00Z,None,0.9%,-0.7%,-0.8%,false,false
,GDP m/m,GBP,2021-07-09T02:00:00Z,None,1.5%,2.0%,0.8%,false,false
,Index of Services 3m/3m,GBP,2021-07-09T02:00:00Z,None,4.0%,1.4%,3.9%,false,false
,Industrial Production m/m,GBP,2021-07-09T02:00:00Z,None,1.3%,-1.0%,0.8%,false,false
,Manufacturing Production m/m,GBP,2021-07-09T02:00:00Z,None,0.9%,-0.3%,-0.1%,false,false
,Italian Industrial Production m/m,EUR,2021-07-09T04:00:00Z,None,0.3%,1.5%,-1.5%,false,false
,New Loans,CNY,2021-07-09T05:00:00Z,None,1825B,1500B,2120B,false,false
,M2 Money Supply y/y,CNY,2021-07-09T05:00:00Z,None,8.2%,8.3%,8.6%,false,false
,ECB President Lagarde Speaks,EUR,2021-07-09T06:00:00Z,None,,,,false,false
,BOE Gov Bailey Speaks,GBP,2021-07-09T06:00:00Z,High,,,,false,false
,Goods Trade Balance,GBP,2021-07-09T07:00:00Z,None,-11.0B,-10.9B,-8.5B,false,false
,ECB Monetary Policy Meeting Accounts,EUR,2021-07-09T07:30:00Z,None,,,,false,false
,Employment Change,CAD,2021-07-09T08:30:00Z,High,172.5K,-68.0K,230.7K,false,false
,Unemployment Rate,CAD,2021-07-09T08:30:00Z,High,7.8%,8.2%,7.8%,false,false
,NIESR GDP Estimate,GBP,2021-07-09T08:35:00Z,None,,3.6%,4.8%,false,false
,Final Wholesale Inventories m/m,USD,2021-07-09T10:00:00Z,None,1.1%,1.1%,1.3%,false,false
,Fed Monetary Policy Report,USD,2021-07-09T11:00:00Z,None,,,,false,false
,G20 Meetings,All,2021-07-10T00:00:00Z,None,,,,false,false
,ECB President Lagarde Speaks,EUR,2021-07-11T08:10:00Z,None,,,,false,false
,FOMC Member Quarles Speaks,USD,2021-07-11T09:20:00Z,None,,,,false,false
,Core Machinery Orders m/m,JPY,2021-07-11T19:50:00Z,None,2.5%,0.6%,7.8%,false,false
,PPI y/y,JPY,2021-07-11T19:50:00Z,None,4.8%,5.1%,5.0%,false,false
,Eurogroup Meetings,EUR,2021-07-12T00:00:00Z,None,,,,true,false
,German WPI m/m,EUR,2021-07-12T02:00:00Z,None,0.9%,1.7%,1.5%,false,false
,Prelim Machine Tool Orders y/y,JPY,2021-07-12T02:00:00Z,None,,141.9%,96.6%,false,false
,FOMC Member Williams Speaks,USD,2021-07-12T09:30:00Z,None,,,,false,false
,10-y Bond Auction,USD,2021-07-12T13:01:00Z,None,,1.50|2.6,1.37|2.4,false,false
,FPI m/m,NZD,2021-07-12T18:45:00Z,None,,0.4%,1.4%,false,false
,BRC Retail Sales Monitor y/y,GBP,2021-07-12T19:01:00Z,None,11.5%,18.5%,6.7%,false,false
,NAB Business Confidence,AUD,2021-07-12T21:30:00Z,None,,20,11,false,false
,Trade Balance,CNY,2021-07-12T23:00:00Z,None,271B,296B,333B,false,false
,USD-Denominated Trade Balance,CNY,2021-07-12T23:01:00Z,None,44.4B,45.5B,51.5B,false,false
,ECOFIN Meetings,EUR,2021-07-13T00:00:00Z,None,,,,true,false
,German Final CPI m/m,EUR,2021-07-13T02:00:00Z,None,0.4%,0.4%,0.4%,false,false
,BOE Financial Stability Report,GBP,2021-07-13T02:00:00Z,None,,,,false,false
,FPC Meeting Minutes,GBP,2021-07-13T02:00:00Z,None,,,,false,false
,FPC Statement,GBP,2021-07-13T02:00:00Z,None,,,,false,false
,PPI m/m,CHF,2021-07-13T02:30:00Z,None,0.4%,0.8%,0.3%,false,false
,French Final CPI m/m,EUR,2021-07-13T02:45:00Z,None,0.2%,0.2%,0.1%,false,false
,BOE Gov Bailey Speaks,GBP,2021-07-13T03:30:00Z,High,,,,false,false
,NFIB Small Business Index,USD,2021-07-13T05:57:00Z,None,99.5,99.6,102.5,false,false
,Core CPI m/m,USD,2021-07-13T08:30:00Z,High,0.4%,0.7%,0.9%,false,false
,Core CPI y/y,USD,2021-07-13T08:30:00Z,High,4.2%,3.8%,4.5%,false,false
,CPI m/m,USD,2021-07-13T08:30:00Z,High,0.5%,0.6%,0.9%,false,false
,CPI y/y,USD,2021-07-13T08:30:00Z,High,4.9%,5.0%,5.4%,false,false
,FOMC Member Bostic Speaks,USD,2021-07-13T12:00:00Z,None,,,,false,false
,30-y Bond Auction,USD,2021-07-13T13:01:00Z,None,,2.17|2.3,2.00|2.2,false,false
,Federal Budget Balance,USD,2021-07-13T14:00:00Z,None,-205.0B,-132.0B,-174.2B,false,false
,FOMC Member Bostic Speaks,USD,2021-07-13T14:30:00Z,None,,,,false,false
,API Weekly Statistical Bulletin,USD,2021-07-13T16:30:00Z,None,,,,false,false
,Visitor Arrivals m/m,NZD,2021-07-13T18:45:00Z,None,,588.3%,80.4%,false,false
,Westpac Consumer Sentiment,AUD,2021-07-13T20:29:00Z,None,,-5.2%,1.5%,false,false
,RBNZ Rate Statement,NZD,2021-07-13T22:00:00Z,High,,,,false,false
,Official Cash Rate,NZD,2021-07-13T22:00:00Z,None,0.25%,0.25%,0.25%,false,false
,Foreign Direct Investment ytd/y,CNY,2021-07-13T22:03:00Z,None,,35.4%,28.7%,false,false
,French Bank Holiday,EUR,2021-07-14T00:00:00Z,None,,,,true,false
,Revised Industrial Production m/m,JPY,2021-07-14T00:30:00Z,None,-5.9%,-5.9%,-6.5%,false,false
,CPI y/y,GBP,2021-07-14T02:00:00Z,None,2.2%,2.1%,2.5%,false,false
,Core CPI y/y,GBP,2021-07-14T02:00:00Z,None,2.0%,2.0%,2.3%,false,false
,PPI Input m/m,GBP,2021-07-14T02:00:00Z,None,1.1%,1.2%,-0.1%,false,false
,PPI Output m/m,GBP,2021-07-14T02:00:00Z,None,0.6%,0.8%,0.4%,false,false
,RPI y/y,GBP,2021-07-14T02:00:00Z,None,3.4%,3.3%,3.9%,false,false
,HPI y/y,GBP,2021-07-14T04:30:00Z,None,9.5%,9.6%,10.0%,false,false
,Industrial Production m/m,EUR,2021-07-14T05:00:00Z,None,-0.3%,0.6%,-1.0%,false,false
,German 10-y Bond Auction,EUR,2021-07-14T05:33:00Z,None,,-0.19|1.3,-0.30|1.4,false,false
,Manufacturing Sales m/m,CAD,2021-07-14T08:30:00Z,None,1.1%,-2.1%,-0.6%,false,false
,PPI m/m,USD,2021-07-14T08:30:00Z,High,0.6%,0.8%,1.0%,false,false
,Core PPI m/m,USD,2021-07-14T08:30:00Z,None,0.5%,0.7%,1.0%,false,false
,BOC Monetary Policy Report,CAD,2021-07-14T10:00:00Z,High,,,,false,false
,BOC Rate Statement,CAD,2021-07-14T10:00:00Z,High,,,,false,false
,Overnight Rate,CAD,2021-07-14T10:00:00Z,None,0.25%,0.25%,0.25%,false,false
,BOC Press Conference,CAD,2021-07-14T11:00:00Z,High,,,,false,false
,Crude Oil Inventories,USD,2021-07-14T11:30:00Z,None,-4.3M,-6.9M,-7.9M,false,false
,Fed Chairman Powell Testifies,USD,2021-07-14T12:00:00Z,High,,,,false,false
,MPC Member Ramsden Speaks,GBP,2021-07-14T13:00:00Z,None,,,,false,false
,Beige Book,USD,2021-07-14T14:00:00Z,None,,,,false,false
,MI Inflation Expectations,AUD,2021-07-14T21:00:00Z,None,,4.4%,3.7%,false,false
,Employment Change,AUD,2021-07-14T21:30:00Z,High,19.7K,115.2K,29.1K,false,false
,Unemployment Rate,AUD,2021-07-14T21:30:00Z,High,5.1%,5.1%,4.9%,false,false
,New Home Prices m/m,CNY,2021-07-14T21:30:00Z,None,,0.52%,0.41%,false,false
,GDP q/y,CNY,2021-07-14T22:00:00Z,High,8.0%,18.3%,7.9%,false,false
,Fixed Asset Investment ytd/y,CNY,2021-07-14T22:00:00Z,None,12.1%,15.4%,12.6%,false,false
,Industrial Production y/y,CNY,2021-07-14T22:00:00Z,None,7.8%,8.8%,8.3%,false,false
,NBS Press Conference,CNY,2021-07-14T22:00:00Z,None,,,,false,false
,Retail Sales y/y,CNY,2021-07-14T22:00:00Z,None,10.9%,12.4%,12.1%,false,false
,Unemployment Rate,CNY,2021-07-14T22:00:00Z,None,5.0%,5.0%,5.0%,false,false
,Tertiary Industry Activity m/m,JPY,2021-07-15T00:30:00Z,None,-0.9%,-0.8%,-2.7%,false,false
,Average Earnings Index 3m/y,GBP,2021-07-15T02:00:00Z,None,7.1%,5.7%,7.3%,false,false
,Claimant Count Change,GBP,2021-07-15T02:00:00Z,None,-32.5K,-151.4K,-114.8K,false,false
,Unemployment Rate,GBP,2021-07-15T02:00:00Z,None,4.7%,4.7%,4.8%,false,false
,BOE Credit Conditions Survey,GBP,2021-07-15T04:30:00Z,None,,,,false,false
,Spanish 10-y Bond Auction,EUR,2021-07-15T05:00:00Z,None,,0.60|1.8,0.35|1.8,false,false
,MPC Member Saunders Speaks,GBP,2021-07-15T06:00:00Z,None,,,,false,false
,Philly Fed Manufacturing Index,USD,2021-07-15T08:30:00Z,None,28.1,30.7,21.9,false,false
,Unemployment Claims,USD,2021-07-15T08:30:00Z,None,350K,386K,360K,false,false
,Empire State Manufacturing Index,USD,2021-07-15T08:30:00Z,None,17.9,17.4,43.0,false,false
,Import Prices m/m,USD,2021-07-15T08:30:00Z,None,1.1%,1.4%,1.0%,false,false
,ADP Non-Farm Employment Change,CAD,2021-07-15T08:35:00Z,None,,-318.7K,-294.2K,false,false
,Industrial Production m/m,USD,2021-07-15T09:15:00Z,None,0.6%,0.7%,0.4%,false,false
,Capacity Utilization Rate,USD,2021-07-15T09:15:00Z,None,75.7%,75.1%,75.4%,false,false
,CB Leading Index m/m,GBP,2021-07-15T09:30:00Z,None,,0.6%,0.6%,false,false
,Fed Chairman Powell Testifies,USD,2021-07-15T09:30:00Z,High,,,,false,false
,Natural Gas Storage,USD,2021-07-15T10:30:00Z,None,45B,16B,55B,false,false
,FOMC Member Evans Speaks,USD,2021-07-15T11:00:00Z,None,,,,false,false
,BusinessNZ Manufacturing Index,NZD,2021-07-15T18:30:00Z,None,,58.6,60.7,false,false
,CPI q/q,NZD,2021-07-15T18:45:00Z,High,0.7%,0.8%,1.3%,false,false
,BOJ Outlook Report,JPY,2021-07-15T22:56:00Z,High,,,,false,false
,Monetary Policy Statement,JPY,2021-07-15T22:56:00Z,None,,,,false,false
,BOJ Policy Rate,JPY,2021-07-15T22:56:00Z,None,-0.10%,-0.10%,-0.10%,false,false
,BOJ Press Conference,JPY,2021-07-16T02:33:00Z,None,,,,false,false
,Italian Trade Balance,EUR,2021-07-16T04:03:00Z,None,5.27B,5.87B,5.64B,false,false
,Final Core CPI y/y,EUR,2021-07-16T05:00:00Z,None,0.9%,0.9%,0.9%,false,false
,Final CPI y/y,EUR,2021-07-16T05:00:00Z,None,1.9%,1.9%,1.9%,false,false
,Trade Balance,EUR,2021-07-16T05:00:00Z,None,7.9B,13.4B,9.4B,false,false
,Housing Starts,CAD,2021-07-16T08:13:00Z,None,269K,286K,282K,false,false
,Foreign Securities Purchases,CAD,2021-07-16T08:30:00Z,None,7.80B,9.95B,20.79B,false,false
,Wholesale Sales m/m,CAD,2021-07-16T08:30:00Z,None,1.2%,0.4%,0.5%,false,false
,Core Retail Sales m/m,USD,2021-07-16T08:30:00Z,High,0.4%,-0.9%,1.3%,false,false
,Retail Sales m/m,USD,2021-07-16T08:30:00Z,High,-0.4%,-1.7%,0.6%,false,false
,Prelim UoM Consumer Sentiment,USD,2021-07-16T10:00:00Z,None,86.5,85.5,80.8,false,false
,Business Inventories m/m,USD,2021-07-16T10:00:00Z,None,0.6%,0.1%,0.5%,false,false
,Prelim UoM Inflation Expectations,USD,2021-07-16T10:00:00Z,None,,4.2%,4.8%,false,false
,TIC Long-Term Purchases,USD,2021-07-16T16:00:00Z,None,95.5B,100.7B,-30.2B,false,false
,OPEC-JMMC Meetings,All,2021-07-18T00:00:00Z,High,,,,true,false
,BusinessNZ Services Index,NZD,2021-07-18T18:30:00Z,None,,56.3,58.6,false,false
,Rightmove HPI m/m,GBP,2021-07-18T19:01:00Z,None,,0.8%,0.7%,false,false
,German Buba Monthly Report,EUR,2021-07-19T06:00:00Z,None,,,,false,false
,MPC Member Haskel Speaks,GBP,2021-07-19T06:00:00Z,None,,,,false,false
,NAHB Housing Market Index,USD,2021-07-19T10:00:00Z,None,82,81,80,false,false
,President Biden Speaks,USD,2021-07-19T11:30:00Z,None,,,,false,false
,National Core CPI y/y,JPY,2021-07-19T19:30:00Z,None,0.2%,0.1%,0.2%,false,false
,Monetary Policy Meeting Minutes,AUD,2021-07-19T21:30:00Z,High,,,,false,false
,1-y Loan Prime Rate,CNY,2021-07-19T21:30:00Z,None,3.85%,3.85%,3.85%,false,false
,5-y Loan Prime Rate,CNY,2021-07-19T21:30:00Z,None,4.65%,4.65%,4.65%,false,false
,Trade Balance,CHF,2021-07-20T02:00:00Z,None,5.12B,4.85B,5.53B,false,false
,German PPI m/m,EUR,2021-07-20T02:00:00Z,None,1.3%,1.5%,1.3%,false,false
,Current Account,EUR,2021-07-20T04:00:00Z,None,24.3B,22.1B,11.7B,false,false
,Building Permits,USD,2021-07-20T08:30:00Z,None,1.69M,1.68M,1.60M,false,false
,Housing Starts,USD,2021-07-20T08:30:00Z,None,1.59M,1.55M,1.64M,false,false
,GDT Price Index,NZD,2021-07-20T10:10:00Z,None,,-3.6%,-2.9%,false,false
,CB Leading Index m/m,AUD,2021-07-20T10:30:00Z,None,,0.7%,0.6%,false,false
,API Weekly Statistical Bulletin,USD,2021-07-20T16:30:00Z,None,,,,false,false
,Monetary Policy Meeting Minutes,JPY,2021-07-20T19:50:00Z,None,,,,false,false
,Trade Balance,JPY,2021-07-20T19:50:00Z,None,0.02T,0.02T,-0.09T,false,false
,MI Leading Index m/m,AUD,2021-07-20T20:30:00Z,None,,0.1%,-0.1%,false,false
,Retail Sales m/m,AUD,2021-07-20T21:30:00Z,None,-0.7%,0.4%,-1.8%,false,false
,Credit Card Spending y/y,NZD,2021-07-20T23:00:00Z,None,,27.2%,6.3%,false,false
,Bank Holiday,JPY,2021-07-21T00:00:00Z,None,,,,true,false
,Public Sector Net Borrowing,GBP,2021-07-21T02:00:00Z,None,21.5B,19.9B,22.0B,false,false
,German 30-y Bond Auction,EUR,2021-07-21T05:35:00Z,None,,0.31|1.3,0.03|1.3,false,false
,NHPI m/m,CAD,2021-07-21T08:30:00Z,None,1.1%,1.4%,0.6%,false,false
,CB Leading Index m/m,CNY,2021-07-21T09:00:00Z,None,,1.0%,1.2%,false,false
,Crude Oil Inventories,USD,2021-07-21T10:30:00Z,None,-4.6M,-7.9M,2.1M,false,false
,Goods Trade Balance,AUD,2021-07-21T21:30:00Z,None,,12.50B,13.27B,false,false
,NAB Quarterly Business Confidence,AUD,2021-07-21T21:30:00Z,None,,19,17,false,false
,Bank Holiday,JPY,2021-07-22T00:00:00Z,None,,,,true,false
,MPC Member Broadbent Speaks,GBP,2021-07-22T04:30:00Z,None,,,,false,false
,CBI Industrial Order Expectations,GBP,2021-07-22T06:00:00Z,None,16,19,17,false,false
,Monetary Policy Statement,EUR,2021-07-22T07:45:00Z,High,,,,false,false
,Main Refinancing Rate,EUR,2021-07-22T07:45:00Z,None,0.00%,0.00%,0.00%,false,false
,ECB Press Conference,EUR,2021-07-22T08:30:00Z,High,,,,false,false
,Unemployment Claims,USD,2021-07-22T08:30:00Z,None,350K,368K,419K,false,false
,Consumer Confidence,EUR,2021-07-22T09:26:00Z,None,-3,-3,-4,false,false
,CB Leading Index m/m,USD,2021-07-22T10:00:00Z,None,0.8%,1.2%,0.7%,false,false
,Existing Home Sales,USD,2021-07-22T10:00:00Z,None,5.89M,5.78M,5.86M,false,false
,Natural Gas Storage,USD,2021-07-22T10:30:00Z,None,42B,55B,49B,false,false
,Flash Services PMI,AUD,2021-07-22T19:00:00Z,None,,56.8,44.2,false,false
,Flash Manufacturing PMI,AUD,2021-07-22T19:00:00Z,None,,58.6,56.8,false,false
,GfK Consumer Confidence,GBP,2021-07-22T19:01:00Z,None,-8,-9,-7,false,false
,Retail Sales m/m,GBP,2021-07-23T02:00:00Z,None,-0.2%,-1.3%,0.5%,false,false
,French Flash Manufacturing PMI,EUR,2021-07-23T03:15:00Z,None,58.4,59.0,58.1,false,false
,French Flash Services PMI,EUR,2021-07-23T03:15:00Z,None,58.7,57.8,57.0,false,false
,German Flash Manufacturing PMI,EUR,2021-07-23T03:30:00Z,High,64.2,65.1,65.6,false,false
,German Flash Services PMI,EUR,2021-07-23T03:30:00Z,High,59.4,57.5,62.2,false,false
,Flash Manufacturing PMI,EUR,2021-07-23T04:00:00Z,None,62.6,63.4,62.6,false,false
,Flash Services PMI,EUR,2021-07-23T04:00:00Z,None,59.4,58.3,60.4,false,false
,Flash Manufacturing PMI,GBP,2021-07-23T04:30:00Z,None,62.3,63.9,60.4,false,false
,Flash Services PMI,GBP,2021-07-23T04:30:00Z,None,62.1,62.4,57.8,false,false
,Core Retail Sales m/m,CAD,2021-07-23T08:30:00Z,None,-1.6%,-7.3%,-2.0%,false,false
,Retail Sales m/m,CAD,2021-07-23T08:30:00Z,None,-3.0%,-5.6%,-2.1%,false,false
,Flash Manufacturing PMI,USD,2021-07-23T09:45:00Z,None,62.0,62.1,63.1,false,false
,Flash Services PMI,USD,2021-07-23T09:45:00Z,None,64.6,64.6,59.8,false,false
,Trade Balance,NZD,2021-07-25T18:45:00Z,None,297M,489M,261M,false,false
,Flash Manufacturing PMI,JPY,2021-07-25T20:30:00Z,None,53.1,52.4,52.2,false,false
,BOJ Core CPI y/y,JPY,2021-07-26T00:59:00Z,None,0.0%,0.0%,0.1%,false,false
,German ifo Business Climate,EUR,2021-07-26T04:00:00Z,None,102.3,101.7,100.8,false,false
,MPC Member Vlieghe Speaks,GBP,2021-07-26T07:00:00Z,None,,,,false,false
,Belgian NBB Business Climate,EUR,2021-07-26T08:59:00Z,None,10.3,9.8,10.1,false,false
,New Home Sales,USD,2021-07-26T10:00:00Z,None,800K,724K,676K,false,false
,SPPI y/y,JPY,2021-07-26T19:50:00Z,None,1.4%,1.5%,1.4%,false,false
,BOJ Gov Kuroda Speaks,JPY,2021-07-27T03:30:00Z,None,,,,false,false
,M3 Money Supply y/y,EUR,2021-07-27T04:00:00Z,None,8.2%,8.5%,8.3%,false,false
,Private Loans y/y,EUR,2021-07-27T04:00:00Z,None,4.0%,3.9%,4.0%,false,false
,CBI Realized Sales,GBP,2021-07-27T06:00:00Z,None,21,25,23,false,false
,Core Durable Goods Orders m/m,USD,2021-07-27T08:30:00Z,None,0.8%,0.5%,0.3%,false,false
,Durable Goods Orders m/m,USD,2021-07-27T08:30:00Z,None,2.1%,3.2%,0.8%,false,false
,RBA Deputy Gov Debelle Speaks,AUD,2021-07-27T08:35:00Z,None,,,,false,false
,HPI m/m,USD,2021-07-27T09:00:00Z,None,1.6%,1.8%,1.7%,false,false
,S&P/CS Composite-20 HPI y/y,USD,2021-07-27T09:00:00Z,None,16.1%,15.0%,17.0%,false,false
,Richmond Manufacturing Index,USD,2021-07-27T09:59:00Z,None,20,22,27,false,false
,CB Consumer Confidence,USD,2021-07-27T10:00:00Z,High,123.9,128.9,129.1,false,false
,API Weekly Statistical Bulletin,USD,2021-07-27T16:30:00Z,None,,,,false,false
,BRC Shop Price Index y/y,GBP,2021-07-27T19:01:00Z,None,,-0.7%,-1.2%,false,false
,BOJ Summary of Opinions,JPY,2021-07-27T19:50:00Z,None,,,,false,false
,CPI m/m,AUD,2021-07-27T21:30:00Z,High,0.7%,0.6%,0.8%,false,false
,Trimmed Mean CPI m/m,AUD,2021-07-27T21:30:00Z,High,0.5%,0.4%,0.5%,false,false
,German GfK Consumer Climate,EUR,2021-07-28T02:00:00Z,None,0.9,-0.3,-0.3,false,false
,German Import Prices m/m,EUR,2021-07-28T02:00:00Z,None,1.6%,1.7%,1.6%,false,false
,Nationwide HPI m/m,GBP,2021-07-28T02:00:00Z,None,0.4%,0.7%,-0.5%,false,false
,UBS Economic Expectations,CHF,2021-07-28T04:00:00Z,None,,51.3,42.8,false,false
,CPI m/m,CAD,2021-07-28T08:30:00Z,High,0.4%,0.5%,0.3%,false,false
,Common CPI y/y,CAD,2021-07-28T08:30:00Z,None,1.9%,1.8%,1.7%,false,false
,Median CPI y/y,CAD,2021-07-28T08:30:00Z,None,2.3%,2.3%,2.4%,false,false
,Trimmed CPI y/y,CAD,2021-07-28T08:30:00Z,None,2.6%,2.6%,2.6%,false,false
,Goods Trade Balance,USD,2021-07-28T08:30:00Z,None,-88.0B,-88.2B,-91.2B,false,false
,Prelim Wholesale Inventories m/m,USD,2021-07-28T08:30:00Z,None,1.2%,1.3%,0.8%,false,false
,Core CPI m/m,CAD,2021-07-28T08:32:00Z,None,,0.4%,0.3%,false,false
,Crude Oil Inventories,USD,2021-07-28T10:30:00Z,None,-2.6M,2.1M,-4.1M,false,false
,FOMC Statement,USD,2021-07-28T14:00:00Z,High,,,,false,false
,Federal Funds Rate,USD,2021-07-28T14:00:00Z,None,<0.25%,<0.25%,<0.25%,false,false
,FOMC Press Conference,USD,2021-07-28T14:30:00Z,High,,,,false,false
,ANZ Business Confidence,NZD,2021-07-28T21:00:00Z,None,,-0.6,-3.8,false,false
,Import Prices q/q,AUD,2021-07-28T21:30:00Z,None,1.1%,0.2%,1.9%,false,false
,German Prelim CPI m/m,EUR,2021-07-29T00:00:00Z,None,0.6%,0.4%,0.9%,true,false
,Spanish Flash CPI y/y,EUR,2021-07-29T03:00:00Z,None,2.7%,2.7%,2.9%,false,false
,Spanish Unemployment Rate,EUR,2021-07-29T03:00:00Z,None,15.1%,16.0%,15.3%,false,false
,German Unemployment Change,EUR,2021-07-29T03:55:00Z,None,-29K,-39K,-91K,false,false
,M4 Money Supply m/m,GBP,2021-07-29T04:30:00Z,None,0.3%,0.5%,0.5%,false,false
,Mortgage Approvals,GBP,2021-07-29T04:30:00Z,None,85K,87K,81K,false,false
,Net Lending to Individuals m/m,GBP,2021-07-29T04:30:00Z,None,6.8B,7.2B,18.2B,false,false
,Italian 10-y Bond Auction,EUR,2021-07-29T05:18:00Z,None,,0.74|1.6,0.66|1.3,false,false
,ECB Monetary Policy Meeting Accounts,EUR,2021-07-29T07:30:00Z,None,,,,false,false
,Advance GDP q/q,USD,2021-07-29T08:30:00Z,High,8.5%,6.4%,6.5%,false,false
,Unemployment Claims,USD,2021-07-29T08:30:00Z,None,382K,424K,400K,false,false
,Advance GDP Price Index q/q,USD,2021-07-29T08:32:00Z,None,5.4%,4.3%,6.0%,false,false
,Pending Home Sales m/m,USD,2021-07-29T10:00:00Z,None,0.1%,8.3%,-1.9%,false,false
,Natural Gas Storage,USD,2021-07-29T10:30:00Z,None,41B,49B,36B,false,false
,Building Consents m/m,NZD,2021-07-29T18:45:00Z,None,,-2.4%,3.8%,false,false
,Unemployment Rate,JPY,2021-07-29T19:30:00Z,None,3.0%,3.0%,2.9%,false,false
,Prelim Industrial Production m/m,JPY,2021-07-29T19:50:00Z,None,5.0%,-6.5%,6.2%,false,false
,Retail Sales y/y,JPY,2021-07-29T19:50:00Z,None,0.3%,8.3%,0.1%,false,false
,PPI q/q,AUD,2021-07-29T21:30:00Z,None,0.5%,0.4%,0.7%,false,false
,Private Sector Credit m/m,AUD,2021-07-29T21:30:00Z,None,0.4%,0.5%,0.9%,false,false
,Housing Starts y/y,JPY,2021-07-30T00:59:00Z,None,6.7%,9.9%,7.3%,false,false
,French Consumer Spending m/m,EUR,2021-07-30T01:30:00Z,None,0.6%,10.6%,0.3%,false,false
,French Flash GDP q/q,EUR,2021-07-30T01:30:00Z,None,0.8%,-0.1%,0.9%,false,false
,French Prelim CPI m/m,EUR,2021-07-30T02:45:00Z,None,-0.1%,0.1%,0.1%,false,false
,KOF Economic Barometer,CHF,2021-07-30T03:00:00Z,None,129.6,133.3,129.8,false,false
,Spanish Flash GDP q/q,EUR,2021-07-30T03:00:00Z,None,2.1%,-0.4%,2.8%,false,false
,Italian Monthly Unemployment Rate,EUR,2021-07-30T03:00:00Z,None,10.6%,10.2%,9.7%,false,false
,German Prelim GDP q/q,EUR,2021-07-30T04:00:00Z,None,2.0%,-1.8%,1.5%,false,false
,Italian Prelim GDP q/q,EUR,2021-07-30T04:00:00Z,None,1.3%,0.1%,2.7%,false,false
,Core CPI Flash Estimate y/y,EUR,2021-07-30T05:00:00Z,None,0.7%,0.9%,0.7%,false,false
,CPI Flash Estimate y/y,EUR,2021-07-30T05:00:00Z,None,2.0%,1.9%,2.2%,false,false
,Italian Prelim CPI m/m,EUR,2021-07-30T05:00:00Z,None,0.1%,0.1%,0.3%,false,false
,Prelim Flash GDP q/q,EUR,2021-07-30T05:00:00Z,None,1.5%,-0.3%,2.0%,false,false
,Unemployment Rate,EUR,2021-07-30T05:00:00Z,None,7.9%,8.0%,7.7%,false,false
,GDP m/m,CAD,2021-07-30T08:30:00Z,High,-0.3%,-0.5%,-0.3%,false,false
,IPPI m/m,CAD,2021-07-30T08:30:00Z,None,-0.5%,3.1%,0.0%,false,false
,RMPI m/m,CAD,2021-07-30T08:30:00Z,None,1.5%,3.2%,3.9%,false,false
,Core PCE Price Index m/m,USD,2021-07-30T08:30:00Z,High,0.6%,0.5%,0.4%,false,false
,Employment Cost Index q/q,USD,2021-07-30T08:30:00Z,None,0.9%,0.9%,0.7%,false,false
,Personal Income m/m,USD,2021-07-30T08:30:00Z,None,-0.4%,-2.2%,0.1%,false,false
,Personal Spending m/m,USD,2021-07-30T08:30:00Z,None,0.7%,-0.1%,1.0%,false,false
,Chicago PMI,USD,2021-07-30T09:45:00Z,None,64.2,66.1,73.4,false,false
,Revised UoM Consumer Sentiment,USD,2021-07-30T10:00:00Z,None,80.8,80.8,81.2,false,false
,Revised UoM Inflation Expectations,USD,2021-07-30T10:00:00Z,None,,4.8%,4.7%,false,false
,FOMC Member Brainard Speaks,USD,2021-07-30T20:30:00Z,None,,,,false,false
,Manufacturing PMI,CNY,2021-07-30T21:00:00Z,None,50.8,50.9,50.4,false,false
,Non-Manufacturing PMI,CNY,2021-07-30T21:00:00Z,None,53.4,53.5,53.3,false,false
,Bank Holiday,AUD,2021-08-01T00:00:00Z,None,,,,true,false
,AIG Manufacturing Index,AUD,2021-08-01T18:30:00Z,None,,63.2,60.8,false,false
,Final Manufacturing PMI,JPY,2021-08-01T20:30:00Z,None,52.4,52.2,53.0,false,false
,MI Inflation Gauge m/m,AUD,2021-08-01T21:00:00Z,None,,0.4%,0.5%,false,false
,ANZ Job Advertisements m/m,AUD,2021-08-01T21:30:00Z,None,,1.5%,-0.5%,false,false
,RatingDog Manufacturing PMI,CNY,2021-08-01T21:45:00Z,None,51.1,51.3,50.3,false,false
,Bank Holiday,CAD,2021-08-02T00:00:00Z,None,,,,true,false
,Consumer Confidence,JPY,2021-08-02T00:59:00Z,None,37.0,37.4,37.5,false,false
,German Retail Sales m/m,EUR,2021-08-02T02:00:00Z,None,1.9%,4.6%,4.2%,false,false
,CPI m/m,CHF,2021-08-02T02:30:00Z,None,-0.1%,0.1%,-0.1%,false,false
,Retail Sales y/y,CHF,2021-08-02T02:30:00Z,None,3.4%,2.8%,0.1%,false,false
,Spanish Manufacturing PMI,EUR,2021-08-02T03:15:00Z,None,59.4,60.4,59.0,false,false
,Manufacturing PMI,CHF,2021-08-02T03:30:00Z,None,66.0,66.7,71.1,false,false
,Italian Manufacturing PMI,EUR,2021-08-02T03:45:00Z,None,61.4,62.2,60.3,false,false
,French Final Manufacturing PMI,EUR,2021-08-02T03:50:00Z,None,58.1,58.1,58.0,false,false
,German Final Manufacturing PMI,EUR,2021-08-02T03:55:00Z,None,65.6,65.6,65.9,false,false
,Final Manufacturing PMI,EUR,2021-08-02T04:00:00Z,None,62.6,62.6,62.8,false,false
,Final Manufacturing PMI,GBP,2021-08-02T04:30:00Z,None,60.4,60.4,60.4,false,false
,Final Manufacturing PMI,USD,2021-08-02T09:45:00Z,None,63.1,63.1,63.4,false,false
,ISM Manufacturing PMI,USD,2021-08-02T10:00:00Z,High,60.8,60.6,59.5,false,false
,Construction Spending m/m,USD,2021-08-02T10:00:00Z,None,0.4%,-0.2%,0.1%,false,false
,ISM Manufacturing Prices,USD,2021-08-02T10:00:00Z,None,87.9,92.1,85.7,false,false
,Loan Officer Survey,USD,2021-08-02T14:00:00Z,None,,,,false,false
,Tokyo Core CPI y/y,JPY,2021-08-02T19:30:00Z,None,0.0%,0.0%,0.1%,false,false
,Monetary Base y/y,JPY,2021-08-02T19:50:00Z,None,20.5%,19.1%,15.4%,false,false
,Building Approvals m/m,AUD,2021-08-02T21:30:00Z,None,-3.8%,-7.6%,-6.7%,false,false
,10-y Bond Auction,JPY,2021-08-02T23:35:00Z,None,,0.06|3.5,0.01|3.3,false,false
,Omdia Total Vehicle Sales,USD,2021-08-03T00:00:00Z,None,15.2M,15.4M,14.8M,true,false
,RBA Rate Statement,AUD,2021-08-03T00:30:00Z,High,,,,false,false
,Cash Rate,AUD,2021-08-03T00:30:00Z,None,0.10%,0.10%,0.10%,false,false
,Commodity Prices y/y,AUD,2021-08-03T02:30:00Z,None,,50.1%,59.9%,false,false
,SECO Consumer Climate,CHF,2021-08-03T03:00:00Z,None,-5,-7,8,false,false
,Spanish Unemployment Change,EUR,2021-08-03T03:00:00Z,None,-115.5K,-166.9K,-197.8K,false,false
,PPI m/m,EUR,2021-08-03T05:00:00Z,None,1.4%,1.3%,1.4%,false,false
,30-y Bond Auction,GBP,2021-08-03T05:02:00Z,None,,1.27|2.2,0.97|2.4,false,false
,Manufacturing PMI,CAD,2021-08-03T09:30:00Z,None,,56.5,56.2,false,false
,Factory Orders m/m,USD,2021-08-03T10:00:00Z,None,1.0%,2.3%,1.5%,false,false
,RCM/TIPP Economic Optimism,USD,2021-08-03T10:01:00Z,None,55.3,54.3,53.6,false,false
,GDT Price Index,NZD,2021-08-03T11:11:00Z,None,,-2.9%,-1.0%,false,false
,FOMC Member Bowman Speaks,USD,2021-08-03T14:00:00Z,None,,,,false,false
,API Weekly Statistical Bulletin,USD,2021-08-03T16:30:00Z,None,,,,false,false
,AIG Construction Index,AUD,2021-08-03T18:30:00Z,None,,55.5,48.7,false,false
,Employment Change q/q,NZD,2021-08-03T18:45:00Z,High,0.7%,0.6%,1.0%,false,false
,Unemployment Rate,NZD,2021-08-03T18:45:00Z,High,4.4%,4.6%,4.0%,false,false
,Labor Cost Index q/q,NZD,2021-08-03T18:45:00Z,None,0.7%,0.4%,0.9%,false,false
,ANZ Commodity Prices m/m,NZD,2021-08-03T21:00:00Z,None,,0.8%,-1.4%,false,false
,RatingDog Services PMI,CNY,2021-08-03T21:45:00Z,None,50.6,50.3,54.9,false,false
,Spanish Services PMI,EUR,2021-08-04T03:15:00Z,None,63.1,62.5,61.9,false,false
,Italian Services PMI,EUR,2021-08-04T03:45:00Z,None,58.8,56.7,58.0,false,false
,French Final Services PMI,EUR,2021-08-04T03:50:00Z,None,57.0,57.0,56.8,false,false
,German Final Services PMI,EUR,2021-08-04T03:55:00Z,None,62.2,62.2,61.8,false,false
,Final Services PMI,EUR,2021-08-04T04:00:00Z,None,60.4,60.4,59.8,false,false
,Italian Retail Sales m/m,EUR,2021-08-04T04:00:00Z,None,1.9%,-0.1%,0.7%,false,false
,French Gov Budget Balance,EUR,2021-08-04T04:29:00Z,None,,-118.8B,-131.3B,false,false
,Final Services PMI,GBP,2021-08-04T04:30:00Z,None,57.8,57.8,59.6,false,false
,Retail Sales m/m,EUR,2021-08-04T05:00:00Z,None,1.6%,4.1%,1.5%,false,false
,ADP Non-Farm Employment Change,USD,2021-08-04T08:15:00Z,High,695K,680K,330K,false,false
,Building Permits m/m,CAD,2021-08-04T08:30:00Z,None,6.0%,-12.9%,6.9%,false,false
,Final Services PMI,USD,2021-08-04T09:45:00Z,None,59.8,59.8,59.9,false,false
,ISM Services PMI,USD,2021-08-04T10:00:00Z,High,60.5,60.1,64.1,false,false
,FOMC Member Clarida Speaks,USD,2021-08-04T10:00:00Z,None,,,,false,false
,Crude Oil Inventories,USD,2021-08-04T10:30:00Z,None,-3.2M,-4.1M,3.6M,false,false
,Goods Trade Balance,AUD,2021-08-04T21:30:00Z,None,10.55B,9.27B,10.50B,false,false
,German Factory Orders m/m,EUR,2021-08-05T02:00:00Z,None,2.1%,-3.2%,4.1%,false,false
,French Industrial Production m/m,EUR,2021-08-05T02:45:00Z,None,0.5%,-0.4%,0.5%,false,false
,ECB Economic Bulletin,EUR,2021-08-05T04:00:00Z,None,,,,false,false
,Construction PMI,GBP,2021-08-05T04:30:00Z,None,64.5,66.3,58.7,false,false
,Spanish 10-y Bond Auction,EUR,2021-08-05T04:51:00Z,None,,0.35|1.8,0.20|1.3,false,false
,French 10-y Bond Auction,EUR,2021-08-05T04:57:00Z,None,,0.13|2.1,-0.23|1.8,false,false
,Asset Purchase Facility,GBP,2021-08-05T07:00:00Z,High,875B,875B,875B,false,false
,BOE Monetary Policy Report,GBP,2021-08-05T07:00:00Z,High,,,,false,false
,Monetary Policy Summary,GBP,2021-08-05T07:00:00Z,High,,,,false,false
,MPC Asset Purchase Facility Votes,GBP,2021-08-05T07:00:00Z,High,0-1-7,0-1-8,0-1-7,false,false
,MPC Official Bank Rate Votes,GBP,2021-08-05T07:00:00Z,None,0-0-8,0-0-9,0-0-8,false,false
,Official Bank Rate,GBP,2021-08-05T07:00:00Z,None,0.10%,0.10%,0.10%,false,false
,Challenger Job Cuts y/y,USD,2021-08-05T07:30:00Z,None,,-88.0%,-92.8%,false,false
,BOE Gov Bailey Speaks,GBP,2021-08-05T08:00:00Z,High,,,,false,false
,Trade Balance,CAD,2021-08-05T08:30:00Z,None,-0.6B,-1.6B,3.2B,false,false
,Unemployment Claims,USD,2021-08-05T08:30:00Z,None,382K,399K,385K,false,false
,Trade Balance,USD,2021-08-05T08:30:00Z,None,-74.2B,-71.0B,-75.7B,false,false
,FOMC Member Waller Speaks,USD,2021-08-05T10:00:00Z,None,,,,false,false
,Natural Gas Storage,USD,2021-08-05T10:30:00Z,None,19B,36B,13B,false,false
,AIG Services Index,AUD,2021-08-05T18:30:00Z,None,,57.8,51.7,false,false
,RBA Gov Lowe Speaks,AUD,2021-08-05T19:30:00Z,High,,,,false,false
,Average Cash Earnings y/y,JPY,2021-08-05T19:30:00Z,None,1.0%,1.9%,-0.1%,false,false
,Household Spending y/y,JPY,2021-08-05T19:30:00Z,None,0.1%,11.6%,-5.1%,false,false
,RBA Monetary Policy Statement,AUD,2021-08-05T21:30:00Z,None,,,,false,false
,Leading Indicators,JPY,2021-08-06T00:59:00Z,None,104.2%,102.6%,104.1%,false,false
,German Industrial Production m/m,EUR,2021-08-06T02:00:00Z,None,0.6%,-0.8%,-1.3%,false,false
,Lloyds HPI m/m,GBP,2021-08-06T02:00:00Z,None,0.4%,-0.6%,0.4%,false,false
,French Prelim Private Payrolls q/q,EUR,2021-08-06T02:45:00Z,None,0.6%,0.5%,1.2%,false,false
,French Trade Balance,EUR,2021-08-06T02:45:00Z,None,-6.1B,-6.6B,-5.8B,false,false
,Foreign Currency Reserves,CHF,2021-08-06T03:00:00Z,None,,941B,923B,false,false
,Italian Industrial Production m/m,EUR,2021-08-06T04:00:00Z,None,1.1%,-1.6%,1.0%,false,false
,MPC Member Broadbent Speaks,GBP,2021-08-06T07:15:00Z,High,,,,false,false
,Employment Change,CAD,2021-08-06T08:30:00Z,High,148.5K,230.7K,94.0K,false,false
,Unemployment Rate,CAD,2021-08-06T08:30:00Z,High,7.4%,7.8%,7.5%,false,false
,Average Hourly Earnings m/m,USD,2021-08-06T08:30:00Z,High,0.3%,0.4%,0.4%,false,false
,Non-Farm Employment Change,USD,2021-08-06T08:30:00Z,High,870K,938K,943K,false,false
,Unemployment Rate,USD,2021-08-06T08:30:00Z,High,5.7%,5.9%,5.4%,false,false
,Ivey PMI,CAD,2021-08-06T10:00:00Z,None,67.3,71.9,56.4,false,false
,Final Wholesale Inventories m/m,USD,2021-08-06T10:00:00Z,None,0.8%,0.8%,1.1%,false,false
,President Biden Speaks,USD,2021-08-06T10:30:00Z,None,,,,false,false
,Consumer Credit m/m,USD,2021-08-06T15:00:00Z,None,23.2B,36.7B,37.7B,false,false
,Trade Balance,CNY,2021-08-06T23:02:00Z,None,356B,333B,363B,false,false
,USD-Denominated Trade Balance,CNY,2021-08-06T23:03:00Z,None,51.8B,51.5B,56.6B,false,false
,Bank Holiday,JPY,2021-08-08T00:00:00Z,None,,,,true,false
,CPI y/y,CNY,2021-08-08T21:30:00Z,None,0.8%,1.1%,1.0%,false,false
,PPI y/y,CNY,2021-08-08T21:30:00Z,None,8.6%,8.8%,9.0%,false,false
,Unemployment Rate,CHF,2021-08-09T01:45:00Z,None,3.0%,3.1%,3.0%,false,false
,German Trade Balance,EUR,2021-08-09T02:00:00Z,None,13.9B,12.8B,13.6B,false,false
,Sentix Investor Confidence,EUR,2021-08-09T04:30:00Z,None,29.2,29.8,22.2,false,false
,FOMC Member Bostic Speaks,USD,2021-08-09T10:00:00Z,None,,,,false,false
,JOLTS Job Openings,USD,2021-08-09T10:00:00Z,None,9.27M,9.48M,10.07M,false,false
,FOMC Member Barkin Speaks,USD,2021-08-09T12:00:00Z,None,,,,false,false
,BRC Retail Sales Monitor y/y,GBP,2021-08-09T19:01:00Z,None,4.9%,6.7%,4.7%,false,false
,Bank Lending y/y,JPY,2021-08-09T19:50:00Z,None,1.6%,1.4%,1.0%,false,false
,Current Account,JPY,2021-08-09T19:50:00Z,None,1.71T,1.87T,1.78T,false,false
,NAB Business Confidence,AUD,2021-08-09T21:30:00Z,None,,11,-8,false,false
,Economy Watchers Sentiment,JPY,2021-08-10T01:00:00Z,None,43.5,47.6,48.4,false,false
,ZEW Economic Sentiment,EUR,2021-08-10T05:00:00Z,None,55.3,61.2,42.7,false,false
,German ZEW Economic Sentiment,EUR,2021-08-10T05:00:00Z,None,54.9,63.3,40.4,false,false
,10-y Bond Auction,GBP,2021-08-10T05:18:00Z,None,,0.82|2.7,0.66|2.7,false,false
,NFIB Small Business Index,USD,2021-08-10T06:00:00Z,None,101.9,102.5,99.7,false,false
,Prelim Nonfarm Productivity q/q,USD,2021-08-10T08:30:00Z,None,3.3%,4.3%,2.3%,false,false
,Prelim Unit Labor Costs q/q,USD,2021-08-10T08:30:00Z,None,0.9%,1.7%,1.0%,false,false
,API Weekly Statistical Bulletin,USD,2021-08-10T16:30:00Z,None,,,,false,false
,M2 Money Stock y/y,JPY,2021-08-10T19:50:00Z,None,5.3%,5.8%,5.2%,false,false
,Westpac Consumer Sentiment,AUD,2021-08-10T20:30:00Z,None,,1.5%,-4.4%,false,false
,30-y Bond Auction,JPY,2021-08-10T23:35:00Z,None,,0.68|3.6,0.65|3.1,false,false
,German Final CPI m/m,EUR,2021-08-11T02:00:00Z,None,0.9%,0.9%,0.9%,false,false
,Prelim Machine Tool Orders y/y,JPY,2021-08-11T02:00:00Z,None,,96.6%,93.4%,false,false
,M2 Money Supply y/y,CNY,2021-08-11T04:01:00Z,None,8.7%,8.6%,8.3%,false,false
,New Loans,CNY,2021-08-11T04:01:00Z,None,1200B,2120B,1080B,false,false
,German 10-y Bond Auction,EUR,2021-08-11T05:32:00Z,None,,-0.30|1.4,-0.44|1.4,false,false
,Core CPI m/m,USD,2021-08-11T08:30:00Z,High,0.4%,0.9%,0.3%,false,false
,Core CPI y/y,USD,2021-08-11T08:30:00Z,High,4.3%,4.5%,4.3%,false,false
,CPI m/m,USD,2021-08-11T08:30:00Z,High,0.5%,0.9%,0.5%,false,false
,CPI y/y,USD,2021-08-11T08:30:00Z,High,5.3%,5.4%,5.4%,false,false
,Crude Oil Inventories,USD,2021-08-11T10:30:00Z,None,-0.8M,3.6M,-0.4M,false,false
,FOMC Member Bostic Speaks,USD,2021-08-11T10:30:00Z,None,,,,false,false
,10-y Bond Auction,USD,2021-08-11T13:01:00Z,None,,1.37|2.4,1.34|2.6,false,false
,Federal Budget Balance,USD,2021-08-11T14:00:00Z,None,-305.0B,-174.2B,-302.1B,false,false
,FPI m/m,NZD,2021-08-11T18:45:00Z,None,,1.4%,1.3%,false,false
,RICS House Price Balance,GBP,2021-08-11T19:01:00Z,None,77%,82%,79%,false,false
,PPI y/y,JPY,2021-08-11T19:50:00Z,None,5.1%,5.0%,5.6%,false,false
,MI Inflation Expectations,AUD,2021-08-11T21:00:00Z,None,,3.7%,3.3%,false,false
,Inflation Expectations q/q,NZD,2021-08-11T23:00:00Z,None,,2.05%,2.27%,false,false
,Prelim GDP q/q,GBP,2021-08-12T02:00:00Z,None,4.8%,-1.6%,4.8%,false,false
,Construction Output m/m,GBP,2021-08-12T02:00:00Z,None,1.1%,-0.7%,-1.3%,false,false
,GDP m/m,GBP,2021-08-12T02:00:00Z,None,0.8%,0.6%,1.0%,false,false
,Goods Trade Balance,GBP,2021-08-12T02:00:00Z,None,-9.1B,-9.6B,-12.0B,false,false
,Index of Services 3m/3m,GBP,2021-08-12T02:00:00Z,None,5.6%,3.9%,5.7%,false,false
,Industrial Production m/m,GBP,2021-08-12T02:00:00Z,None,0.3%,0.6%,-0.7%,false,false
,Manufacturing Production m/m,GBP,2021-08-12T02:00:00Z,None,0.4%,0.1%,0.2%,false,false
,Prelim Business Investment q/q,GBP,2021-08-12T02:00:00Z,None,5.9%,-10.7%,2.4%,false,false
,Italian Trade Balance,EUR,2021-08-12T04:00:00Z,None,5.59B,5.63B,5.68B,false,false
,Industrial Production m/m,EUR,2021-08-12T05:00:00Z,None,-0.3%,-1.1%,-0.3%,false,false
,PPI m/m,USD,2021-08-12T08:30:00Z,High,0.6%,1.0%,1.0%,false,false
,Core PPI m/m,USD,2021-08-12T08:30:00Z,None,0.5%,1.0%,1.0%,false,false
,Unemployment Claims,USD,2021-08-12T08:30:00Z,None,375K,387K,375K,false,false
,NIESR GDP Estimate,GBP,2021-08-12T08:40:00Z,None,,4.8%,3.9%,false,false
,Natural Gas Storage,USD,2021-08-12T10:30:00Z,None,47B,13B,49B,false,false
,30-y Bond Auction,USD,2021-08-12T13:01:00Z,None,,2.00|2.2,2.04|2.2,false,false
,BusinessNZ Manufacturing Index,NZD,2021-08-12T18:30:00Z,None,,60.9,62.6,false,false
,Visitor Arrivals m/m,NZD,2021-08-12T18:45:00Z,None,,80.4%,-10.4%,false,false
,German WPI m/m,EUR,2021-08-13T02:00:00Z,None,0.9%,1.5%,1.1%,false,false
,PPI m/m,CHF,2021-08-13T02:30:00Z,None,0.3%,0.3%,0.5%,false,false
,French Final CPI m/m,EUR,2021-08-13T02:45:00Z,None,0.1%,0.1%,0.1%,false,false
,Foreign Direct Investment ytd/y,CNY,2021-08-13T04:36:00Z,None,,28.7%,25.5%,false,false
,Trade Balance,EUR,2021-08-13T05:00:00Z,None,10.9B,13.8B,12.4B,false,false
,Import Prices m/m,USD,2021-08-13T08:30:00Z,None,0.6%,1.1%,0.3%,false,false
,Prelim UoM Consumer Sentiment,USD,2021-08-13T10:00:00Z,None,81.2,81.2,70.2,false,false
,Prelim UoM Inflation Expectations,USD,2021-08-13T10:00:00Z,None,,4.7%,4.6%,false,false
,BusinessNZ Services Index,NZD,2021-08-15T18:30:00Z,None,,58.4,57.9,false,false
,Rightmove HPI m/m,GBP,2021-08-15T19:01:00Z,None,,0.7%,-0.3%,false,false
,Prelim GDP Price Index y/y,JPY,2021-08-15T19:50:00Z,None,-0.9%,-0.1%,-0.7%,false,false
,Prelim GDP q/q,JPY,2021-08-15T19:50:00Z,None,0.1%,-1.0%,0.3%,false,false
,New Home Prices m/m,CNY,2021-08-15T21:30:00Z,None,,0.41%,0.30%,false,false
,Fixed Asset Investment ytd/y,CNY,2021-08-15T22:00:00Z,None,11.3%,12.6%,10.3%,false,false
,Industrial Production y/y,CNY,2021-08-15T22:00:00Z,None,7.9%,8.3%,6.4%,false,false
,Retail Sales y/y,CNY,2021-08-15T22:00:00Z,None,10.9%,12.1%,8.5%,false,false
,Unemployment Rate,CNY,2021-08-15T22:00:00Z,None,5.0%,5.0%,5.1%,false,false
,Revised Industrial Production m/m,JPY,2021-08-16T00:30:00Z,None,6.2%,6.2%,6.5%,false,false
,Manufacturing Sales m/m,CAD,2021-08-16T08:30:00Z,None,2.0%,-0.3%,2.1%,false,false
,Wholesale Sales m/m,CAD,2021-08-16T08:30:00Z,None,-1.8%,0.5%,-0.8%,false,false
,Empire State Manufacturing Index,USD,2021-08-16T08:30:00Z,None,28.9,43.0,18.3,false,false
,CB Leading Index m/m,GBP,2021-08-16T09:30:00Z,None,,0.9%,0.4%,false,false
,President Biden Speaks,USD,2021-08-16T15:45:00Z,None,,,,false,false
,TIC Long-Term Purchases,USD,2021-08-16T16:00:00Z,None,110.9B,-30.0B,110.9B,false,false
,Monetary Policy Meeting Minutes,AUD,2021-08-16T21:30:00Z,None,,,,false,false
,Tertiary Industry Activity m/m,JPY,2021-08-17T00:30:00Z,None,1.8%,-2.9%,2.3%,false,false
,Average Earnings Index 3m/y,GBP,2021-08-17T02:00:00Z,None,8.6%,7.4%,8.8%,false,false
,Claimant Count Change,GBP,2021-08-17T02:00:00Z,None,-84.1K,-136.1K,-7.8K,false,false
,Unemployment Rate,GBP,2021-08-17T02:00:00Z,None,4.8%,4.8%,4.7%,false,false
,Flash Employment Change q/q,EUR,2021-08-17T05:00:00Z,None,0.2%,-0.2%,0.5%,false,false
,Flash GDP q/q,EUR,2021-08-17T05:00:00Z,None,2.0%,2.0%,2.0%,false,false
,Housing Starts,CAD,2021-08-17T08:15:00Z,None,281K,281K,272K,false,false
,Foreign Securities Purchases,CAD,2021-08-17T08:30:00Z,None,11.5B,20.81B,19.63B,false,false
,Core Retail Sales m/m,USD,2021-08-17T08:30:00Z,High,0.2%,1.6%,-0.4%,false,false
,Retail Sales m/m,USD,2021-08-17T08:30:00Z,High,-0.2%,0.7%,-1.1%,false,false
,Industrial Production m/m,USD,2021-08-17T09:15:00Z,None,0.5%,0.2%,0.9%,false,false
,Capacity Utilization Rate,USD,2021-08-17T09:15:00Z,None,75.7%,75.4%,76.1%,false,false
,Business Inventories m/m,USD,2021-08-17T10:00:00Z,None,0.8%,0.6%,0.8%,false,false
,NAHB Housing Market Index,USD,2021-08-17T10:00:00Z,None,80,80,75,false,false
,GDT Price Index,NZD,2021-08-17T10:10:00Z,None,,-1.0%,0.3%,false,false
,FOMC Member Powell Speaks,USD,2021-08-17T13:30:00Z,High,,,,false,false
,API Weekly Statistical Bulletin,USD,2021-08-17T16:30:00Z,None,,,,false,false
,PPI Input q/q,NZD,2021-08-17T18:45:00Z,None,0.9%,2.1%,3.0%,false,false
,PPI Output q/q,NZD,2021-08-17T18:45:00Z,None,0.4%,1.2%,2.6%,false,false
,Core Machinery Orders m/m,JPY,2021-08-17T19:50:00Z,None,-2.7%,7.8%,-1.5%,false,false
,Trade Balance,JPY,2021-08-17T19:50:00Z,None,0.12T,-0.06T,0.05T,false,false
,MI Leading Index m/m,AUD,2021-08-17T20:30:00Z,None,,-0.1%,-0.1%,false,false
,Wage Price Index q/q,AUD,2021-08-17T21:30:00Z,None,0.6%,0.6%,0.4%,false,false
,Official Cash Rate,NZD,2021-08-17T22:00:00Z,High,0.50%,0.25%,0.25%,false,false
,RBNZ Monetary Policy Statement,NZD,2021-08-17T22:00:00Z,High,,,,false,false
,RBNZ Rate Statement,NZD,2021-08-17T22:00:00Z,High,,,,false,false
,RBNZ Press Conference,NZD,2021-08-17T23:00:00Z,High,,,,false,false
,CPI y/y,GBP,2021-08-18T02:00:00Z,High,2.3%,2.5%,2.0%,false,false
,Core CPI y/y,GBP,2021-08-18T02:00:00Z,None,2.0%,2.3%,1.8%,false,false
,PPI Input m/m,GBP,2021-08-18T02:00:00Z,None,0.5%,0.5%,0.8%,false,false
,PPI Output m/m,GBP,2021-08-18T02:00:00Z,None,0.5%,0.6%,0.6%,false,false
,RPI y/y,GBP,2021-08-18T02:00:00Z,None,3.6%,3.9%,3.8%,false,false
,HPI y/y,GBP,2021-08-18T04:30:00Z,None,11.3%,9.8%,13.2%,false,false
,Final Core CPI y/y,EUR,2021-08-18T05:00:00Z,None,0.7%,0.7%,0.7%,false,false
,Final CPI y/y,EUR,2021-08-18T05:00:00Z,None,2.2%,1.9%,2.2%,false,false
,German 30-y Bond Auction,EUR,2021-08-18T05:34:00Z,None,,0.03|1.3,-0.04|2.0,false,false
,CPI m/m,CAD,2021-08-18T08:30:00Z,High,0.3%,0.3%,0.6%,false,false
,Common CPI y/y,CAD,2021-08-18T08:30:00Z,None,1.8%,1.7%,1.7%,false,false
,Median CPI y/y,CAD,2021-08-18T08:30:00Z,None,2.4%,2.4%,2.6%,false,false
,Trimmed CPI y/y,CAD,2021-08-18T08:30:00Z,None,2.5%,2.7%,3.1%,false,false
,Building Permits,USD,2021-08-18T08:30:00Z,None,1.61M,1.59M,1.64M,false,false
,Housing Starts,USD,2021-08-18T08:30:00Z,None,1.60M,1.65M,1.53M,false,false
,Core CPI m/m,CAD,2021-08-18T08:36:00Z,None,,0.3%,0.6%,false,false
,Prelim Benchmark Payrolls Revision,USD,2021-08-18T10:00:00Z,None,,-173K,-166K,false,false
,Crude Oil Inventories,USD,2021-08-18T10:30:00Z,None,-1.5M,-0.4M,-3.2M,false,false
,FOMC Meeting Minutes,USD,2021-08-18T14:00:00Z,High,,,,false,false
,Employment Change,AUD,2021-08-18T21:30:00Z,High,-42.5K,29.1K,2.2K,false,false
,Unemployment Rate,AUD,2021-08-18T21:30:00Z,High,5.0%,4.9%,4.6%,false,false
,Trade Balance,CHF,2021-08-19T02:00:00Z,None,4.78B,5.47B,5.25B,false,false
,Current Account,EUR,2021-08-19T04:00:00Z,None,12.3B,13.9B,21.8B,false,false
,Philly Fed Manufacturing Index,USD,2021-08-19T08:30:00Z,None,23.2,21.9,19.4,false,false
,Unemployment Claims,USD,2021-08-19T08:30:00Z,None,362K,377K,348K,false,false
,ADP Non-Farm Employment Change,CAD,2021-08-19T08:32:00Z,None,,-106.2K,221.3K,false,false
,CB Leading Index m/m,USD,2021-08-19T10:00:00Z,None,0.7%,0.5%,0.9%,false,false
,Mortgage Delinquencies,USD,2021-08-19T10:00:00Z,None,,6.38%,5.47%,false,false
,Natural Gas Storage,USD,2021-08-19T10:30:00Z,None,28B,49B,46B,false,false
,GfK Consumer Confidence,GBP,2021-08-19T19:01:00Z,None,-7,-7,-8,false,false
,RBA Assist Gov Kent Speaks,AUD,2021-08-19T19:05:00Z,None,,,,false,false
,National Core CPI y/y,JPY,2021-08-19T19:30:00Z,None,-0.4%,0.2%,-0.2%,false,false
,1-y Loan Prime Rate,CNY,2021-08-19T21:30:00Z,None,3.85%,3.85%,3.85%,false,false
,5-y Loan Prime Rate,CNY,2021-08-19T21:30:00Z,None,4.65%,4.65%,4.65%,false,false
,Credit Card Spending y/y,NZD,2021-08-19T23:00:00Z,None,,6.4%,6.9%,false,false
,German PPI m/m,EUR,2021-08-20T02:00:00Z,None,0.8%,1.3%,1.9%,false,false
,Retail Sales m/m,GBP,2021-08-20T02:00:00Z,None,0.2%,0.2%,-2.5%,false,false
,Public Sector Net Borrowing,GBP,2021-08-20T02:00:00Z,None,10.8B,20.7B,9.6B,false,false
,Core Retail Sales m/m,CAD,2021-08-20T08:30:00Z,None,4.5%,-1.7%,4.7%,false,false
,NHPI m/m,CAD,2021-08-20T08:30:00Z,None,1.3%,0.6%,0.4%,false,false
,Retail Sales m/m,CAD,2021-08-20T08:30:00Z,None,4.4%,-1.9%,4.2%,false,false
,Flash Manufacturing PMI,AUD,2021-08-22T19:00:00Z,None,,56.9,51.7,false,false
,Flash Services PMI,AUD,2021-08-22T19:00:00Z,None,,44.2,43.3,false,false
,Flash Manufacturing PMI,JPY,2021-08-22T20:30:00Z,None,52.1,53.0,52.4,false,false
,French Flash Manufacturing PMI,EUR,2021-08-23T03:15:00Z,None,57.1,58.0,57.3,false,false
,French Flash Services PMI,EUR,2021-08-23T03:15:00Z,None,56.2,56.8,56.4,false,false
,German Flash Manufacturing PMI,EUR,2021-08-23T03:30:00Z,High,65.1,65.9,62.7,false,false
,German Flash Services PMI,EUR,2021-08-23T03:30:00Z,High,61.0,61.8,61.5,false,false
,Flash Manufacturing PMI,EUR,2021-08-23T04:00:00Z,None,62.0,62.8,61.5,false,false
,Flash Services PMI,EUR,2021-08-23T04:00:00Z,None,59.6,59.8,59.7,false,false
,Flash Manufacturing PMI,GBP,2021-08-23T04:30:00Z,None,59.5,60.4,60.1,false,false
,Flash Services PMI,GBP,2021-08-23T04:30:00Z,None,59.0,59.6,55.5,false,false
,German Buba Monthly Report,EUR,2021-08-23T06:00:00Z,None,,,,false,false
,CBI Industrial Order Expectations,GBP,2021-08-23T06:00:00Z,None,16,17,18,false,false
,Consumer Confidence,EUR,2021-08-23T09:33:00Z,None,-5,-4,-5,false,false
,Flash Manufacturing PMI,USD,2021-08-23T09:45:00Z,None,62.4,63.4,61.2,false,false
,Flash Services PMI,USD,2021-08-23T09:45:00Z,None,59.1,59.9,55.2,false,false
,Existing Home Sales,USD,2021-08-23T10:00:00Z,None,5.82M,5.87M,5.99M,false,false
,Retail Sales q/q,NZD,2021-08-23T18:45:00Z,None,2.4%,2.8%,3.3%,false,false
,Core Retail Sales q/q,NZD,2021-08-23T18:50:00Z,None,2.1%,3.5%,3.4%,false,false
,BOJ Core CPI y/y,JPY,2021-08-24T01:00:00Z,None,0.1%,0.1%,0.2%,false,false
,German Final GDP q/q,EUR,2021-08-24T02:00:00Z,None,1.5%,1.5%,1.6%,false,false
,MPC Member Tenreyro Speaks,GBP,2021-08-24T05:00:00Z,None,,,,false,false
,CBI Realized Sales,GBP,2021-08-24T06:00:00Z,None,19,23,60,false,false
,Corporate Profits q/q,CAD,2021-08-24T08:32:00Z,None,,18.1%,-0.4%,false,false
,CB Leading Index m/m,CNY,2021-08-24T09:00:00Z,None,,1.2%,0.7%,false,false
,Richmond Manufacturing Index,USD,2021-08-24T09:59:00Z,None,25,27,9,false,false
,New Home Sales,USD,2021-08-24T10:00:00Z,None,698K,701K,708K,false,false
,CB Leading Index m/m,AUD,2021-08-24T10:30:00Z,None,,0.5%,0.5%,false,false
,API Weekly Statistical Bulletin,USD,2021-08-24T16:30:00Z,None,,,,false,false
,Trade Balance,NZD,2021-08-24T18:45:00Z,None,100M,245M,-402M,false,false
,Construction Work Done q/q,AUD,2021-08-24T21:30:00Z,None,2.8%,2.4%,0.8%,false,false
,UBS Economic Expectations,CHF,2021-08-25T04:00:00Z,None,,42.8,-7.8,false,false
,German ifo Business Climate,EUR,2021-08-25T04:00:00Z,None,100.2,100.7,99.4,false,false
,Core Durable Goods Orders m/m,USD,2021-08-25T08:30:00Z,None,0.5%,0.5%,0.7%,false,false
,Durable Goods Orders m/m,USD,2021-08-25T08:30:00Z,None,-0.3%,0.9%,-0.1%,false,false
,Belgian NBB Business Climate,EUR,2021-08-25T08:56:00Z,None,9.1,10.1,7.6,false,false
,Crude Oil Inventories,USD,2021-08-25T10:30:00Z,None,-1.9M,-3.2M,-3.0M,false,false
,SPPI y/y,JPY,2021-08-25T19:50:00Z,None,1.3%,1.3%,1.1%,false,false
,Private Capital Expenditure q/q,AUD,2021-08-25T21:30:00Z,None,2.7%,6.0%,4.4%,false,false
,Jackson Hole Symposium,All,2021-08-26T00:00:00Z,High,,,,false,false
,German GfK Consumer Climate,EUR,2021-08-26T02:00:00Z,None,-0.5,-0.4,-1.2,false,false
,M3 Money Supply y/y,EUR,2021-08-26T04:00:00Z,None,7.6%,8.3%,7.6%,false,false
,Private Loans y/y,EUR,2021-08-26T04:00:00Z,None,4.1%,4.0%,4.2%,false,false
,ECB Monetary Policy Meeting Accounts,EUR,2021-08-26T07:30:00Z,None,,,,false,false
,Prelim GDP q/q,USD,2021-08-26T08:30:00Z,High,6.7%,6.5%,6.6%,false,false
,Unemployment Claims,USD,2021-08-26T08:30:00Z,None,345K,349K,353K,false,false
,Prelim GDP Price Index q/q,USD,2021-08-26T08:30:00Z,None,6.0%,6.0%,6.1%,false,false
,Natural Gas Storage,USD,2021-08-26T10:30:00Z,None,40B,46B,29B,false,false
,President Biden Speaks,USD,2021-08-26T17:00:00Z,None,,,,false,false
,Tokyo Core CPI y/y,JPY,2021-08-26T19:30:00Z,None,-0.1%,0.1%,0.0%,false,false
,Retail Sales m/m,AUD,2021-08-26T21:30:00Z,None,-2.6%,-1.8%,-2.7%,false,false
,Jackson Hole Symposium,All,2021-08-27T00:00:00Z,High,,,,false,false
,German Import Prices m/m,EUR,2021-08-27T02:00:00Z,None,1.2%,1.6%,2.2%,false,false
,IPPI m/m,CAD,2021-08-27T08:30:00Z,None,1.4%,0.2%,-0.4%,false,false
,RMPI m/m,CAD,2021-08-27T08:30:00Z,None,2.7%,3.8%,2.2%,false,false
,Core PCE Price Index m/m,USD,2021-08-27T08:30:00Z,High,0.3%,0.5%,0.3%,false,false
,Goods Trade Balance,USD,2021-08-27T08:30:00Z,None,-90.8B,-92.1B,-86.4B,false,false
,Personal Income m/m,USD,2021-08-27T08:30:00Z,None,0.2%,0.2%,1.1%,false,false
,Personal Spending m/m,USD,2021-08-27T08:30:00Z,None,0.4%,1.1%,0.3%,false,false
,Prelim Wholesale Inventories m/m,USD,2021-08-27T08:30:00Z,None,1.0%,1.1%,0.6%,false,false
,FOMC Member Powell Speaks,USD,2021-08-27T10:00:00Z,High,,,,false,false
,Revised UoM Consumer Sentiment,USD,2021-08-27T10:00:00Z,None,70.9,70.2,70.3,false,false
,Revised UoM Inflation Expectations,USD,2021-08-27T10:00:00Z,None,,4.6%,4.6%,false,false
,Jackson Hole Symposium,All,2021-08-28T00:00:00Z,None,,,,false,false
,Retail Sales y/y,JPY,2021-08-29T19:50:00Z,None,2.1%,0.1%,2.4%,false,false
,Company Operating Profits q/q,AUD,2021-08-29T21:30:00Z,None,2.5%,-0.6%,7.1%,false,false
,German Prelim CPI m/m,EUR,2021-08-30T00:00:00Z,None,0.1%,0.9%,0.0%,true,false
,Bank Holiday,GBP,2021-08-30T00:00:00Z,None,,,,true,false
,KOF Economic Barometer,CHF,2021-08-30T03:00:00Z,None,126.3,130.9,113.5,false,false
,Spanish Flash CPI y/y,EUR,2021-08-30T03:00:00Z,None,3.0%,2.9%,3.3%,false,false
,Current Account,CAD,2021-08-30T08:30:00Z,None,1.5B,1.2B,3.6B,false,false
,Pending Home Sales m/m,USD,2021-08-30T10:00:00Z,None,0.5%,-2.0%,-1.8%,false,false
,Building Consents m/m,NZD,2021-08-30T18:45:00Z,None,,4.0%,2.1%,false,false
,Unemployment Rate,JPY,2021-08-30T19:30:00Z,None,2.9%,2.9%,2.8%,false,false
,Prelim Industrial Production m/m,JPY,2021-08-30T19:50:00Z,None,-2.4%,6.5%,-1.5%,false,false
,Manufacturing PMI,CNY,2021-08-30T21:00:00Z,None,50.2,50.4,50.1,false,false
,Non-Manufacturing PMI,CNY,2021-08-30T21:00:00Z,None,52.1,53.3,47.5,false,false
,ANZ Business Confidence,NZD,2021-08-30T21:00:00Z,None,,-3.8,-14.2,false,false
,Building Approvals m/m,AUD,2021-08-30T21:30:00Z,None,-5.0%,-5.5%,-8.6%,false,false
,Current Account,AUD,2021-08-30T21:30:00Z,None,21.5B,18.9B,20.5B,false,false
,Private Sector Credit m/m,AUD,2021-08-30T21:30:00Z,None,0.5%,0.9%,0.7%,false,false
,Consumer Confidence,JPY,2021-08-31T00:59:00Z,None,36.1,37.5,36.7,false,false
,Housing Starts y/y,JPY,2021-08-31T01:00:00Z,None,5.4%,7.3%,9.9%,false,false
,French Consumer Spending m/m,EUR,2021-08-31T02:45:00Z,None,0.1%,0.3%,-2.2%,false,false
,French Prelim CPI m/m,EUR,2021-08-31T02:45:00Z,None,0.4%,0.1%,0.6%,false,false
,French Prelim GDP q/q,EUR,2021-08-31T02:45:00Z,None,0.9%,0.9%,1.1%,false,false
,German Unemployment Change,EUR,2021-08-31T03:55:00Z,None,-40K,-90K,-53K,false,false
,M4 Money Supply m/m,GBP,2021-08-31T04:30:00Z,None,0.6%,0.6%,0.1%,false,false
,Mortgage Approvals,GBP,2021-08-31T04:30:00Z,None,79K,80K,75K,false,false
,Net Lending to Individuals m/m,GBP,2021-08-31T04:30:00Z,None,3.5B,18.0B,-1.4B,false,false
,Core CPI Flash Estimate y/y,EUR,2021-08-31T05:00:00Z,None,1.5%,0.7%,1.6%,false,false
,CPI Flash Estimate y/y,EUR,2021-08-31T05:00:00Z,None,2.7%,2.2%,3.0%,false,false
,Italian Prelim CPI m/m,EUR,2021-08-31T05:00:00Z,None,0.4%,0.5%,0.5%,false,false
,Italian 10-y Bond Auction,EUR,2021-08-31T05:13:00Z,None,,0.66|1.3,0.67|1.4,false,false
,GDP m/m,CAD,2021-08-31T08:30:00Z,None,0.7%,-0.5%,0.7%,false,false
,HPI m/m,USD,2021-08-31T09:00:00Z,None,1.9%,1.8%,1.6%,false,false
,S&P/CS Composite-20 HPI y/y,USD,2021-08-31T09:00:00Z,None,18.7%,17.1%,19.1%,false,false
,Chicago PMI,USD,2021-08-31T09:45:00Z,None,68.0,73.4,66.8,false,false
,CB Consumer Confidence,USD,2021-08-31T10:00:00Z,None,122.9,125.1,113.8,false,false
,API Weekly Statistical Bulletin,USD,2021-08-31T16:30:00Z,None,,,,false,false
,AIG Manufacturing Index,AUD,2021-08-31T18:30:00Z,None,,60.8,51.6,false,false
,BRC Shop Price Index y/y,GBP,2021-08-31T19:01:00Z,None,,-1.2%,-0.8%,false,false
,Capital Spending q/y,JPY,2021-08-31T19:50:00Z,None,3.4%,-7.8%,5.3%,false,false
,Final Manufacturing PMI,JPY,2021-08-31T20:30:00Z,None,52.4,52.4,52.7,false,false
,GDP q/q,AUD,2021-08-31T21:30:00Z,High,0.5%,1.9%,0.7%,false,false
,RatingDog Manufacturing PMI,CNY,2021-08-31T21:45:00Z,None,50.2,50.3,49.2,false,false
,OPEC Meetings,All,2021-09-01T00:00:00Z,High,,,,true,false
,OPEC-JMMC Meetings,All,2021-09-01T00:00:00Z,High,,,,true,false
,Omdia Total Vehicle Sales,USD,2021-09-01T00:00:00Z,None,14.4M,14.8M,13.1M,true,false
,German Retail Sales m/m,EUR,2021-09-01T02:00:00Z,None,-0.9%,4.5%,-5.1%,false,false
,Nationwide HPI m/m,GBP,2021-09-01T02:00:00Z,None,0.1%,-0.6%,2.1%,false,false
,Commodity Prices y/y,AUD,2021-09-01T02:30:00Z,None,,62.3%,50.3%,false,false
,Spanish Manufacturing PMI,EUR,2021-09-01T03:15:00Z,None,58.9,59.0,59.5,false,false
,Manufacturing PMI,CHF,2021-09-01T03:30:00Z,None,67.9,71.1,67.7,false,false
,Italian Manufacturing PMI,EUR,2021-09-01T03:45:00Z,None,60.1,60.3,60.9,false,false
,French Final Manufacturing PMI,EUR,2021-09-01T03:50:00Z,None,57.4,57.3,57.5,false,false
,German Final Manufacturing PMI,EUR,2021-09-01T03:55:00Z,None,62.7,62.7,62.6,false,false
,Final Manufacturing PMI,EUR,2021-09-01T04:00:00Z,None,61.5,61.5,61.4,false,false
,Italian Monthly Unemployment Rate,EUR,2021-09-01T04:00:00Z,None,9.6%,9.4%,9.3%,false,false
,Final Manufacturing PMI,GBP,2021-09-01T04:30:00Z,None,60.1,60.1,60.3,false,false
,Unemployment Rate,EUR,2021-09-01T05:00:00Z,None,7.6%,7.8%,7.6%,false,false
,German Buba President Weidmann Speaks,EUR,2021-09-01T08:00:00Z,None,,,,false,false
,ADP Non-Farm Employment Change,USD,2021-09-01T08:15:00Z,High,640K,326K,374K,false,false
,Manufacturing PMI,CAD,2021-09-01T09:30:00Z,None,,56.2,57.2,false,false
,Final Manufacturing PMI,USD,2021-09-01T09:45:00Z,None,61.2,61.2,61.1,false,false
,ISM Manufacturing PMI,USD,2021-09-01T10:00:00Z,High,58.5,59.5,59.9,false,false
,Construction Spending m/m,USD,2021-09-01T10:00:00Z,None,0.2%,0.0%,0.3%,false,false
,ISM Manufacturing Prices,USD,2021-09-01T10:00:00Z,None,84.1,85.7,79.4,false,false
,Crude Oil Inventories,USD,2021-09-01T10:30:00Z,None,-2.5M,-3.0M,-7.2M,false,false
,FOMC Member Bostic Speaks,USD,2021-09-01T12:00:00Z,None,,,,false,false
,Overseas Trade Index q/q,NZD,2021-09-01T18:45:00Z,None,0.3%,0.1%,3.3%,false,false
,Monetary Base y/y,JPY,2021-09-01T19:50:00Z,None,16.2%,15.4%,14.9%,false,false
,Goods Trade Balance,AUD,2021-09-01T21:30:00Z,None,10.10B,11.11B,12.12B,false,false
,10-y Bond Auction,JPY,2021-09-01T23:35:00Z,None,,0.01|3.3,0.02|3.4,false,false
,CPI m/m,CHF,2021-09-02T02:30:00Z,None,0.1%,-0.1%,0.2%,false,false
,Retail Sales y/y,CHF,2021-09-02T02:30:00Z,None,0.2%,0.1%,-2.6%,false,false
,GDP q/q,CHF,2021-09-02T03:00:00Z,None,1.9%,-0.4%,1.8%,false,false
,Spanish Unemployment Change,EUR,2021-09-02T03:00:00Z,None,-164.7K,-197.8K,-82.6K,false,false
,Spanish 10-y Bond Auction,EUR,2021-09-02T04:47:00Z,None,,0.20|1.3,0.31|1.7,false,false
,French 10-y Bond Auction,EUR,2021-09-02T04:56:00Z,None,,-0.23|1.8,-0.05|1.8,false,false
,PPI m/m,EUR,2021-09-02T05:00:00Z,None,1.3%,1.4%,2.3%,false,false
,Challenger Job Cuts y/y,USD,2021-09-02T07:30:00Z,None,,-92.8%,-86.4%,false,false
,Building Permits m/m,CAD,2021-09-02T08:30:00Z,None,1.5%,6.9%,-3.9%,false,false
,Trade Balance,CAD,2021-09-02T08:30:00Z,None,1.7B,3.2B,0.8B,false,false
,Unemployment Claims,USD,2021-09-02T08:30:00Z,None,342K,354K,340K,false,false
,Revised Nonfarm Productivity q/q,USD,2021-09-02T08:30:00Z,None,2.4%,2.3%,2.1%,false,false
,Revised Unit Labor Costs q/q,USD,2021-09-02T08:30:00Z,None,1.0%,1.0%,1.3%,false,false
,Trade Balance,USD,2021-09-02T08:30:00Z,None,-70.7B,-73.2B,-70.1B,false,false
,Factory Orders m/m,USD,2021-09-02T10:00:00Z,None,0.4%,1.5%,0.4%,false,false
,Natural Gas Storage,USD,2021-09-02T10:30:00Z,None,25B,29B,20B,false,false
,FOMC Member Bostic Speaks,USD,2021-09-02T13:00:00Z,None,,,,false,false
,FOMC Member Daly Speaks,USD,2021-09-02T15:00:00Z,None,,,,false,false
,AIG Construction Index,AUD,2021-09-02T18:30:00Z,None,,48.7,38.4,false,false
,RatingDog Services PMI,CNY,2021-09-02T21:45:00Z,None,52.0,54.9,46.7,false,false
,French Gov Budget Balance,EUR,2021-09-03T02:45:00Z,None,,-131.3B,-166.6B,false,false
,Spanish Services PMI,EUR,2021-09-03T03:15:00Z,None,61.4,61.9,60.1,false,false
,Italian Services PMI,EUR,2021-09-03T03:45:00Z,None,58.4,58.0,58.0,false,false
,French Final Services PMI,EUR,2021-09-03T03:50:00Z,None,56.4,56.4,56.3,false,false
,German Final Services PMI,EUR,2021-09-03T03:55:00Z,None,61.5,61.5,60.8,false,false
,Final Services PMI,EUR,2021-09-03T04:00:00Z,None,59.7,59.7,59.0,false,false
,Final Services PMI,GBP,2021-09-03T04:30:00Z,None,55.5,55.5,55.0,false,false
,Retail Sales m/m,EUR,2021-09-03T05:00:00Z,None,0.0%,1.8%,-2.3%,false,false
,Labor Productivity q/q,CAD,2021-09-03T08:30:00Z,None,1.5%,-1.7%,0.6%,false,false
,Average Hourly Earnings m/m,USD,2021-09-03T08:30:00Z,High,0.3%,0.4%,0.6%,false,false
,Non-Farm Employment Change,USD,2021-09-03T08:30:00Z,High,720K,1053K,235K,false,false
,Unemployment Rate,USD,2021-09-03T08:30:00Z,High,5.2%,5.4%,5.2%,false,false
,Final Services PMI,USD,2021-09-03T09:45:00Z,None,55.2,55.2,55.1,false,false
,ISM Services PMI,USD,2021-09-03T10:00:00Z,High,61.9,64.1,61.7,false,false
,President Biden Speaks,USD,2021-09-03T10:30:00Z,None,,,,false,false
,MI Inflation Gauge m/m,AUD,2021-09-05T21:00:00Z,None,,0.5%,0.0%,false,false
,ANZ Commodity Prices m/m,NZD,2021-09-05T21:00:00Z,None,,-1.7%,-1.6%,false,false
,ANZ Job Advertisements m/m,AUD,2021-09-05T21:30:00Z,None,,-1.3%,-2.5%,false,false
,Bank Holiday,CAD,2021-09-06T00:00:00Z,None,,,,true,false
,Bank Holiday,USD,2021-09-06T00:00:00Z,None,,,,true,false
,German Factory Orders m/m,EUR,2021-09-06T02:00:00Z,None,-0.9%,4.6%,3.4%,false,false
,Sentix Investor Confidence,EUR,2021-09-06T04:30:00Z,None,18.3,22.2,19.6,false,false
,Construction PMI,GBP,2021-09-06T04:30:00Z,None,57.4,58.7,55.2,false,false
,MPC Member Mann Speaks,GBP,2021-09-06T07:10:00Z,None,,,,false,false
,AIG Services Index,AUD,2021-09-06T18:30:00Z,None,,51.7,45.6,false,false
,BRC Retail Sales Monitor y/y,GBP,2021-09-06T19:01:00Z,None,3.2%,4.7%,1.5%,false,false
,Average Cash Earnings y/y,JPY,2021-09-06T19:30:00Z,None,0.2%,0.1%,1.0%,false,false
,Household Spending y/y,JPY,2021-09-06T19:30:00Z,None,2.6%,-5.1%,0.7%,false,false
,USD-Denominated Trade Balance,CNY,2021-09-06T23:01:00Z,None,50.5B,56.6B,58.3B,false,false
,Trade Balance,CNY,2021-09-06T23:03:00Z,None,323B,363B,376B,false,false
,30-y Bond Auction,JPY,2021-09-06T23:35:00Z,None,,0.65|3.1,0.65|3.0,false,false
,RBA Rate Statement,AUD,2021-09-07T00:30:00Z,High,,,,false,false
,Cash Rate,AUD,2021-09-07T00:30:00Z,None,0.10%,0.10%,0.10%,false,false
,Leading Indicators,JPY,2021-09-07T00:59:00Z,None,103.5%,104.6%,104.1%,false,false
,MPC Member Mann Speaks,GBP,2021-09-07T01:10:00Z,None,,,,false,false
,Unemployment Rate,CHF,2021-09-07T01:45:00Z,None,2.9%,3.0%,2.9%,false,false
,German Industrial Production m/m,EUR,2021-09-07T02:00:00Z,None,1.0%,-1.0%,1.0%,false,false
,Lloyds HPI m/m,GBP,2021-09-07T02:00:00Z,None,1.1%,0.4%,0.7%,false,false
,Foreign Currency Reserves,CHF,2021-09-07T03:00:00Z,None,,922B,929B,false,false
,MPC Member Saunders Speaks,GBP,2021-09-07T03:30:00Z,None,,,,false,false
,ZEW Economic Sentiment,EUR,2021-09-07T05:00:00Z,None,35.3,42.7,31.1,false,false
,German ZEW Economic Sentiment,EUR,2021-09-07T05:00:00Z,None,30.2,40.4,26.5,false,false
,Final Employment Change q/q,EUR,2021-09-07T05:00:00Z,None,0.5%,0.5%,0.7%,false,false
,Revised GDP q/q,EUR,2021-09-07T05:00:00Z,None,2.0%,2.0%,2.2%,false,false
,GDT Price Index,NZD,2021-09-07T10:36:00Z,None,,0.3%,4.0%,false,false
,Bank Lending y/y,JPY,2021-09-07T19:50:00Z,None,1.0%,0.9%,0.6%,false,false
,Current Account,JPY,2021-09-07T19:50:00Z,None,1.85T,1.78T,1.41T,false,false
,Final GDP q/q,JPY,2021-09-07T19:50:00Z,None,0.3%,0.3%,0.5%,false,false
,Final GDP Price Index y/y,JPY,2021-09-07T19:54:00Z,None,-0.7%,-0.7%,-1.1%,false,false
,Economy Watchers Sentiment,JPY,2021-09-08T01:00:00Z,None,45.9,48.4,34.7,false,false
,French Final Private Payrolls q/q,EUR,2021-09-08T01:30:00Z,None,1.2%,1.2%,1.4%,false,false
,French Trade Balance,EUR,2021-09-08T02:45:00Z,None,-6.2B,-6.1B,-7.0B,false,false
,Italian Retail Sales m/m,EUR,2021-09-08T04:00:00Z,None,0.3%,0.7%,-0.4%,false,false
,RBA Deputy Gov Debelle Speaks,AUD,2021-09-08T04:10:00Z,None,,,,false,false
,German 10-y Bond Auction,EUR,2021-09-08T05:34:00Z,None,,-0.44|1.4,-0.38|1.1,false,false
,BOC Rate Statement,CAD,2021-09-08T10:00:00Z,High,,,,false,false
,Ivey PMI,CAD,2021-09-08T10:00:00Z,None,59.2,56.4,66.0,false,false
,Overnight Rate,CAD,2021-09-08T10:00:00Z,None,0.25%,0.25%,0.25%,false,false
,JOLTS Job Openings,USD,2021-09-08T10:00:00Z,None,10.03M,10.19M,10.93M,false,false
,RCM/TIPP Economic Optimism,USD,2021-09-08T10:02:00Z,None,55.3,53.6,48.5,false,false
,Monetary Policy Report Hearings,GBP,2021-09-08T11:00:00Z,High,,,,false,false
,10-y Bond Auction,USD,2021-09-08T13:01:00Z,None,,1.34|2.6,1.34|2.6,false,false
,FOMC Member Williams Speaks,USD,2021-09-08T13:10:00Z,None,,,,false,false
,Beige Book,USD,2021-09-08T14:00:00Z,None,,,,false,false
,Consumer Credit m/m,USD,2021-09-08T15:00:00Z,None,24.5B,37.9B,17.0B,false,false
,API Weekly Statistical Bulletin,USD,2021-09-08T16:30:00Z,None,,,,false,false
,Manufacturing Sales q/q,NZD,2021-09-08T18:45:00Z,None,,2.7%,3.9%,false,false
,RICS House Price Balance,GBP,2021-09-08T19:01:00Z,None,75%,77%,73%,false,false
,M2 Money Stock y/y,JPY,2021-09-08T19:50:00Z,None,4.7%,5.3%,4.7%,false,false
,CPI y/y,CNY,2021-09-08T21:30:00Z,None,1.0%,1.0%,0.8%,false,false
,PPI y/y,CNY,2021-09-08T21:30:00Z,None,9.1%,9.0%,9.5%,false,false
,BRICS Summit,All,2021-09-09T00:00:00Z,None,,,,true,false
,German Trade Balance,EUR,2021-09-09T02:00:00Z,None,13.3B,13.5B,17.9B,false,false
,Prelim Machine Tool Orders y/y,JPY,2021-09-09T02:00:00Z,None,,93.4%,86.2%,false,false
,RBA Deputy Gov Debelle Speaks,AUD,2021-09-09T04:35:00Z,None,,,,false,false
,Monetary Policy Statement,EUR,2021-09-09T07:45:00Z,High,,,,false,false
,Main Refinancing Rate,EUR,2021-09-09T07:45:00Z,None,0.00%,0.00%,0.00%,false,false
,ECB Press Conference,EUR,2021-09-09T08:30:00Z,High,,,,false,false
,Unemployment Claims,USD,2021-09-09T08:30:00Z,None,343K,345K,310K,false,false
,Natural Gas Storage,USD,2021-09-09T10:30:00Z,None,38B,20B,52B,false,false
,Crude Oil Inventories,USD,2021-09-09T11:00:00Z,None,-5.9M,-7.2M,-1.5M,false,false
,FOMC Member Daly Speaks,USD,2021-09-09T11:05:00Z,None,,,,false,false
,FOMC Member Evans Speaks,USD,2021-09-09T11:05:00Z,None,,,,false,false
,BOC Gov Macklem Speaks,CAD,2021-09-09T12:00:00Z,High,,,,false,false
,FOMC Member Bowman Speaks,USD,2021-09-09T13:00:00Z,None,,,,false,false
,30-y Bond Auction,USD,2021-09-09T13:01:00Z,None,,2.04|2.2,1.91|2.5,false,false
,FOMC Member Williams Speaks,USD,2021-09-09T14:00:00Z,None,,,,false,false
,Visitor Arrivals m/m,NZD,2021-09-09T18:45:00Z,None,,-10.4%,-41.4%,false,false
,Eurogroup Meetings,EUR,2021-09-10T00:00:00Z,None,,,,true,false
,ECOFIN Meetings,EUR,2021-09-10T00:00:00Z,None,,,,false,false
,German Final CPI m/m,EUR,2021-09-10T02:00:00Z,None,0.0%,0.0%,0.0%,false,false
,Construction Output m/m,GBP,2021-09-10T02:00:00Z,None,0.6%,-1.3%,-1.6%,false,false
,GDP m/m,GBP,2021-09-10T02:00:00Z,None,0.5%,1.0%,0.1%,false,false
,Goods Trade Balance,GBP,2021-09-10T02:00:00Z,None,-10.9B,-12.0B,-12.7B,false,false
,Index of Services 3m/3m,GBP,2021-09-10T02:00:00Z,None,4.7%,5.7%,4.5%,false,false
,Industrial Production m/m,GBP,2021-09-10T02:02:00Z,None,0.3%,-0.7%,1.2%,false,false
,Manufacturing Production m/m,GBP,2021-09-10T02:02:00Z,None,0.1%,0.2%,0.0%,false,false
,French Industrial Production m/m,EUR,2021-09-10T02:45:00Z,None,0.4%,0.6%,0.3%,false,false
,Italian Industrial Production m/m,EUR,2021-09-10T04:00:00Z,None,0.0%,1.1%,0.8%,false,false
,M2 Money Supply y/y,CNY,2021-09-10T04:30:00Z,None,8.4%,8.3%,8.2%,false,false
,New Loans,CNY,2021-09-10T04:30:00Z,None,1325B,1080B,1220B,false,false
,ECB President Lagarde Speaks,EUR,2021-09-10T05:30:00Z,None,,,,false,false
,Employment Change,CAD,2021-09-10T08:30:00Z,High,67.2K,94.0K,90.2K,false,false
,Unemployment Rate,CAD,2021-09-10T08:30:00Z,High,7.3%,7.5%,7.1%,false,false
,Capacity Utilization Rate,CAD,2021-09-10T08:30:00Z,None,81.4%,81.4%,82.0%,false,false
,PPI m/m,USD,2021-09-10T08:30:00Z,High,0.6%,1.0%,0.7%,false,false
,Core PPI m/m,USD,2021-09-10T08:30:00Z,None,0.5%,1.0%,0.6%,false,false
,NIESR GDP Estimate,GBP,2021-09-10T08:32:00Z,None,,3.6%,2.4%,false,false
,Final Wholesale Inventories m/m,USD,2021-09-10T10:00:00Z,None,0.6%,0.6%,0.6%,false,false
,ECOFIN Meetings,EUR,2021-09-11T00:00:00Z,None,,,,false,false
,FPI m/m,NZD,2021-09-12T18:45:00Z,None,,1.3%,0.3%,false,false
,BSI Manufacturing Index,JPY,2021-09-12T19:50:00Z,None,-0.9,-1.4,7.0,false,false
,PPI y/y,JPY,2021-09-12T19:50:00Z,None,5.7%,5.6%,5.5%,false,false
,Prelim ANZ Business Confidence,NZD,2021-09-12T21:00:00Z,None,,-14.2,-6.8,false,false
,German WPI m/m,EUR,2021-09-13T02:00:00Z,None,0.8%,1.1%,0.5%,false,false
,Italian Quarterly Unemployment Rate,EUR,2021-09-13T04:00:00Z,None,10.1%,10.1%,9.8%,false,false
,Federal Budget Balance,USD,2021-09-13T13:47:00Z,None,-260.5B,-302.1B,-170.6B,false,false
,RBA Assist Gov Ellis Speaks,AUD,2021-09-13T20:00:00Z,None,,,,false,false
,HPI q/q,AUD,2021-09-13T21:30:00Z,None,6.2%,5.4%,6.7%,false,false
,NAB Business Confidence,AUD,2021-09-13T21:30:00Z,None,,-7,-5,false,false
,RBA Gov Lowe Speaks,AUD,2021-09-13T22:45:00Z,High,,,,false,false
,Revised Industrial Production m/m,JPY,2021-09-14T00:30:00Z,None,-1.5%,-1.5%,-1.5%,false,false
,Average Earnings Index 3m/y,GBP,2021-09-14T02:00:00Z,None,8.2%,8.8%,8.3%,false,false
,Claimant Count Change,GBP,2021-09-14T02:00:00Z,None,-71.7K,-48.9K,-58.6K,false,false
,Unemployment Rate,GBP,2021-09-14T02:00:00Z,None,4.6%,4.7%,4.6%,false,false
,PPI m/m,CHF,2021-09-14T02:30:00Z,None,0.2%,0.5%,0.7%,false,false
,German Buba President Weidmann Speaks,EUR,2021-09-14T03:35:00Z,None,,,,false,false
,NFIB Small Business Index,USD,2021-09-14T06:00:00Z,None,99.0,99.7,100.1,false,false
,Manufacturing Sales m/m,CAD,2021-09-14T08:30:00Z,None,-1.0%,2.1%,-1.5%,false,false
,Core CPI m/m,USD,2021-09-14T08:30:00Z,High,0.3%,0.3%,0.1%,false,false
,Core CPI y/y,USD,2021-09-14T08:30:00Z,High,4.2%,4.3%,4.0%,false,false
,CPI m/m,USD,2021-09-14T08:30:00Z,High,0.4%,0.5%,0.3%,false,false
,CPI y/y,USD,2021-09-14T08:30:00Z,High,5.3%,5.4%,5.3%,false,false
,API Weekly Statistical Bulletin,USD,2021-09-14T16:30:00Z,None,,,,false,false
,Current Account,NZD,2021-09-14T18:45:00Z,None,-1.74B,-3.19B,-1.40B,false,false
,Core Machinery Orders m/m,JPY,2021-09-14T19:50:00Z,None,2.4%,-1.5%,0.9%,false,false
,Westpac Consumer Sentiment,AUD,2021-09-14T20:20:00Z,None,,-4.4%,2.0%,false,false
,New Home Prices m/m,CNY,2021-09-14T21:30:00Z,None,,0.30%,0.16%,false,false
,Retail Sales y/y,CNY,2021-09-14T22:00:00Z,None,6.9%,8.5%,2.5%,false,false
,Fixed Asset Investment ytd/y,CNY,2021-09-14T22:00:00Z,None,9.1%,10.3%,8.9%,false,false
,Industrial Production y/y,CNY,2021-09-14T22:00:00Z,None,5.8%,6.4%,5.3%,false,false
,Unemployment Rate,CNY,2021-09-14T22:00:00Z,None,5.1%,5.1%,5.1%,false,false
,Tertiary Industry Activity m/m,JPY,2021-09-15T00:30:00Z,None,0.2%,2.2%,-0.6%,false,false
,CPI y/y,GBP,2021-09-15T02:00:00Z,High,2.9%,2.0%,3.2%,false,false
,Core CPI y/y,GBP,2021-09-15T02:00:00Z,None,2.9%,1.8%,3.1%,false,false
,RPI y/y,GBP,2021-09-15T02:00:00Z,None,4.6%,3.8%,4.8%,false,false
,PPI Input m/m,GBP,2021-09-15T02:02:00Z,None,0.2%,1.3%,0.4%,false,false
,PPI Output m/m,GBP,2021-09-15T02:02:00Z,None,0.4%,0.8%,0.7%,false,false
,French Final CPI m/m,EUR,2021-09-15T02:45:00Z,None,0.6%,0.6%,0.6%,false,false
,HPI y/y,GBP,2021-09-15T04:30:00Z,None,12.4%,13.1%,8.0%,false,false
,Industrial Production m/m,EUR,2021-09-15T05:00:00Z,None,0.6%,-0.1%,1.5%,false,false
,10-y Bond Auction,GBP,2021-09-15T05:02:00Z,None,,0.66|2.7,0.74|2.5,false,false
,CPI m/m,CAD,2021-09-15T08:30:00Z,High,0.1%,0.6%,0.2%,false,false
,Common CPI y/y,CAD,2021-09-15T08:30:00Z,None,1.7%,1.7%,1.8%,false,false
,Median CPI y/y,CAD,2021-09-15T08:30:00Z,None,2.6%,2.5%,2.6%,false,false
,Trimmed CPI y/y,CAD,2021-09-15T08:30:00Z,None,3.1%,3.1%,3.3%,false,false
,Empire State Manufacturing Index,USD,2021-09-15T08:30:00Z,None,18.1,18.3,34.3,false,false
,Import Prices m/m,USD,2021-09-15T08:30:00Z,None,0.3%,0.4%,-0.3%,false,false
,Core CPI m/m,CAD,2021-09-15T08:32:00Z,None,,0.6%,0.2%,false,false
,Industrial Production m/m,USD,2021-09-15T09:15:00Z,None,0.5%,0.8%,0.4%,false,false
,Capacity Utilization Rate,USD,2021-09-15T09:15:00Z,None,76.3%,76.2%,76.4%,false,false
,CB Leading Index m/m,GBP,2021-09-15T09:30:00Z,None,,0.5%,0.1%,false,false
,Crude Oil Inventories,USD,2021-09-15T10:30:00Z,None,-3.6M,-1.5M,-6.4M,false,false
,GDP q/q,NZD,2021-09-15T18:45:00Z,High,1.1%,1.4%,2.8%,false,false
,Trade Balance,JPY,2021-09-15T19:50:00Z,None,0.10T,-0.01T,-0.27T,false,false
,MI Inflation Expectations,AUD,2021-09-15T21:00:00Z,None,,3.3%,4.4%,false,false
,Employment Change,AUD,2021-09-15T21:30:00Z,High,-78.5K,3.1K,-146.3K,false,false
,Unemployment Rate,AUD,2021-09-15T21:30:00Z,High,5.0%,4.6%,4.5%,false,false
,RBA Bulletin,AUD,2021-09-15T21:30:00Z,None,,,,false,false
,SECO Economic Forecasts,CHF,2021-09-16T03:00:00Z,None,,,,false,false
,Foreign Direct Investment ytd/y,CNY,2021-09-16T03:02:00Z,None,,25.5%,22.3%,false,false
,Italian Trade Balance,EUR,2021-09-16T04:03:00Z,None,6.22B,5.67B,8.76B,false,false
,Spanish 10-y Bond Auction,EUR,2021-09-16T04:49:00Z,None,,0.31|1.7,0.33|1.4,false,false
,Trade Balance,EUR,2021-09-16T05:00:00Z,None,16.8B,11.9B,13.4B,false,false
,ECB President Lagarde Speaks,EUR,2021-09-16T08:00:00Z,None,,,,false,false
,Housing Starts,CAD,2021-09-16T08:13:00Z,None,270K,272K,260K,false,false
,ADP Non-Farm Employment Change,CAD,2021-09-16T08:30:00Z,None,,-21.6K,39.4K,false,false
,Foreign Securities Purchases,CAD,2021-09-16T08:30:00Z,None,12.00B,19.63B,14.19B,false,false
,Wholesale Sales m/m,CAD,2021-09-16T08:30:00Z,None,-2.0%,-0.8%,-2.1%,false,false
,Core Retail Sales m/m,USD,2021-09-16T08:30:00Z,High,-0.1%,-1.0%,1.8%,false,false
,Retail Sales m/m,USD,2021-09-16T08:30:00Z,High,-0.7%,-1.8%,0.7%,false,false
,Philly Fed Manufacturing Index,USD,2021-09-16T08:30:00Z,None,18.9,19.4,30.7,false,false
,Unemployment Claims,USD,2021-09-16T08:30:00Z,None,325K,312K,332K,false,false
,Business Inventories m/m,USD,2021-09-16T10:00:00Z,None,0.5%,0.9%,0.5%,false,false
,Natural Gas Storage,USD,2021-09-16T10:30:00Z,None,76B,52B,83B,false,false
,TIC Long-Term Purchases,USD,2021-09-16T16:00:00Z,None,60.5B,110.9B,2.0B,false,false
,BusinessNZ Manufacturing Index,NZD,2021-09-16T18:30:00Z,None,,62.2,40.1,false,false
,Retail Sales m/m,GBP,2021-09-17T02:00:00Z,None,0.5%,-2.8%,-0.9%,false,false
,Current Account,EUR,2021-09-17T04:00:00Z,None,22.3B,21.8B,21.6B,false,false
,Consumer Inflation Expectations,GBP,2021-09-17T04:30:00Z,None,,2.4%,2.7%,false,false
,Final Core CPI y/y,EUR,2021-09-17T05:00:00Z,None,1.6%,1.6%,1.6%,false,false
,Final CPI y/y,EUR,2021-09-17T05:00:00Z,None,3.0%,2.2%,3.0%,false,false
,Prelim UoM Consumer Sentiment,USD,2021-09-17T10:00:00Z,None,71.9,70.3,71.0,false,false
,Prelim UoM Inflation Expectations,USD,2021-09-17T10:00:00Z,None,,4.6%,4.7%,false,false
,Bank Holiday,JPY,2021-09-19T00:00:00Z,None,,,,true,false
,Bank Holiday,CNY,2021-09-19T00:00:00Z,None,,,,true,false
,BusinessNZ Services Index,NZD,2021-09-19T18:30:00Z,None,,55.9,35.6,false,false
,Rightmove HPI m/m,GBP,2021-09-19T19:01:00Z,None,,-0.3%,0.3%,false,false
,Federal Election,CAD,2021-09-20T00:00:00Z,High,,,,true,false
,Bank Holiday,CNY,2021-09-20T00:00:00Z,None,,,,true,false
,German PPI m/m,EUR,2021-09-20T02:00:00Z,None,0.8%,1.9%,1.5%,false,false
,NAHB Housing Market Index,USD,2021-09-20T10:00:00Z,None,74,75,76,false,false
,Westpac Consumer Sentiment,NZD,2021-09-20T16:58:00Z,None,,107.1,102.7,false,false
,Monetary Policy Meeting Minutes,AUD,2021-09-20T21:30:00Z,High,,,,false,false
,Credit Card Spending y/y,NZD,2021-09-20T23:00:00Z,None,,6.9%,-6.3%,false,false
,Trade Balance,CHF,2021-09-21T02:00:00Z,None,4.50B,5.30B,5.06B,false,false
,Public Sector Net Borrowing,GBP,2021-09-21T02:00:00Z,None,14.5B,6.2B,19.8B,false,false
,CBI Industrial Order Expectations,GBP,2021-09-21T06:00:00Z,None,15,18,22,false,false
,Building Permits,USD,2021-09-21T08:30:00Z,None,1.60M,1.63M,1.73M,false,false
,NHPI m/m,CAD,2021-09-21T08:30:00Z,None,0.8%,0.4%,0.7%,false,false
,Current Account,USD,2021-09-21T08:30:00Z,None,-193B,-189B,-190B,false,false
,Housing Starts,USD,2021-09-21T08:30:00Z,None,1.55M,1.55M,1.62M,false,false
,CB Leading Index m/m,CNY,2021-09-21T09:00:00Z,None,,0.4%,0.8%,false,false
,CB Leading Index m/m,AUD,2021-09-21T10:30:00Z,None,,0.6%,0.3%,false,false
,GDT Price Index,NZD,2021-09-21T11:26:00Z,None,,4.0%,1.0%,false,false
,API Weekly Statistical Bulletin,USD,2021-09-21T16:30:00Z,None,,,,false,false
,MI Leading Index m/m,AUD,2021-09-21T20:30:00Z,None,,-0.1%,-0.3%,false,false
,1-y Loan Prime Rate,CNY,2021-09-21T21:30:00Z,None,3.85%,3.85%,3.85%,false,false
,5-y Loan Prime Rate,CNY,2021-09-21T21:30:00Z,None,4.65%,4.65%,4.65%,false,false
,RBA Gov Bullock Speaks,AUD,2021-09-21T22:00:00Z,None,,,,false,false
,Monetary Policy Statement,JPY,2021-09-21T22:48:00Z,None,,,,false,false
,BOJ Policy Rate,JPY,2021-09-21T22:48:00Z,None,-0.10%,-0.10%,-0.10%,false,false
,Bank Holiday,JPY,2021-09-22T00:00:00Z,None,,,,true,false
,BOJ Press Conference,JPY,2021-09-22T02:30:00Z,None,,,,false,false
,Existing Home Sales,USD,2021-09-22T10:00:00Z,None,5.87M,6.00M,5.88M,false,false
,Crude Oil Inventories,USD,2021-09-22T10:30:00Z,None,-3.3M,-6.4M,-3.5M,false,false
,FOMC Economic Projections,USD,2021-09-22T14:00:00Z,High,,,,false,false
,FOMC Statement,USD,2021-09-22T14:00:00Z,High,,,,false,false
,Federal Funds Rate,USD,2021-09-22T14:00:00Z,None,<0.25%,<0.25%,<0.25%,false,false
,FOMC Press Conference,USD,2021-09-22T14:30:00Z,High,,,,false,false
,Consumer Confidence,EUR,2021-09-22T16:00:00Z,None,-6,-5,-4,false,false
,Flash Manufacturing PMI,AUD,2021-09-22T19:00:00Z,None,,52.0,57.3,false,false
,Flash Services PMI,AUD,2021-09-22T19:00:00Z,None,,42.9,44.9,false,false
,French Flash Manufacturing PMI,EUR,2021-09-23T03:15:00Z,None,57.1,57.5,55.2,false,false
,French Flash Services PMI,EUR,2021-09-23T03:15:00Z,None,56.1,56.3,56.0,false,false
,SNB Monetary Policy Assessment,CHF,2021-09-23T03:30:00Z,High,,,,false,false
,SNB Policy Rate,CHF,2021-09-23T03:30:00Z,None,-0.75%,-0.75%,-0.75%,false,false
,German Flash Manufacturing PMI,EUR,2021-09-23T03:30:00Z,High,61.3,62.6,58.5,false,false
,German Flash Services PMI,EUR,2021-09-23T03:30:00Z,High,60.3,60.8,56.0,false,false
,Flash Manufacturing PMI,EUR,2021-09-23T04:00:00Z,None,60.4,61.4,58.7,false,false
,Flash Services PMI,EUR,2021-09-23T04:00:00Z,None,58.4,59.0,56.3,false,false
,ECB Economic Bulletin,EUR,2021-09-23T04:00:00Z,None,,,,false,false
,SNB Press Conference,CHF,2021-09-23T04:30:00Z,High,,,,false,false
,Flash Manufacturing PMI,GBP,2021-09-23T04:30:00Z,None,59.0,60.3,56.3,false,false
,Flash Services PMI,GBP,2021-09-23T04:30:00Z,None,55.0,55.0,54.6,false,false
,MPC Official Bank Rate Votes,GBP,2021-09-23T07:00:00Z,None,0-0-9,0-0-8,0-0-9,false,false
,Monetary Policy Summary,GBP,2021-09-23T07:00:00Z,High,,,,false,false
,MPC Asset Purchase Facility Votes,GBP,2021-09-23T07:00:00Z,High,0-1-8,0-1-7,0-2-7,false,false
,BOE Inflation Letter,GBP,2021-09-23T07:00:00Z,None,,,,false,false
,Asset Purchase Facility,GBP,2021-09-23T07:00:00Z,High,875B,875B,875B,false,false
,Official Bank Rate,GBP,2021-09-23T07:00:00Z,None,0.10%,0.10%,0.10%,false,false
,Core Retail Sales m/m,CAD,2021-09-23T08:30:00Z,None,-1.5%,4.8%,-1.0%,false,false
,Retail Sales m/m,CAD,2021-09-23T08:30:00Z,None,-1.2%,4.2%,-0.6%,false,false
,Unemployment Claims,USD,2021-09-23T08:30:00Z,None,322K,335K,351K,false,false
,Flash Manufacturing PMI,USD,2021-09-23T09:45:00Z,None,60.7,61.1,60.5,false,false
,Flash Services PMI,USD,2021-09-23T09:45:00Z,None,55.1,55.1,54.4,false,false
,CB Leading Index m/m,USD,2021-09-23T10:00:00Z,None,0.7%,0.8%,0.9%,false,false
,Natural Gas Storage,USD,2021-09-23T10:30:00Z,None,76B,83B,76B,false,false
,Trade Balance,NZD,2021-09-23T18:45:00Z,None,110M,-397M,-2144M,false,false
,GfK Consumer Confidence,GBP,2021-09-23T19:01:00Z,None,-7,-8,-13,false,false
,National Core CPI y/y,JPY,2021-09-23T19:30:00Z,None,0.0%,-0.2%,0.0%,false,false
,Flash Manufacturing PMI,JPY,2021-09-23T20:30:00Z,None,52.5,52.7,51.2,false,false
,German ifo Business Climate,EUR,2021-09-24T04:00:00Z,None,99.0,99.6,98.8,false,false
,CBI Realized Sales,GBP,2021-09-24T06:00:00Z,None,35,60,11,false,false
,Belgian NBB Business Climate,EUR,2021-09-24T08:56:00Z,None,6.7,7.6,4.0,false,false
,MPC Member Tenreyro Speaks,GBP,2021-09-24T09:00:00Z,None,,,,false,false
,FOMC Member Powell Speaks,USD,2021-09-24T10:00:00Z,High,,,,false,false
,New Home Sales,USD,2021-09-24T10:00:00Z,None,712K,729K,740K,false,false
,FOMC Member Williams Speaks,USD,2021-09-25T07:00:00Z,None,,,,false,false
,German Federal Elections,EUR,2021-09-26T00:00:00Z,High,,,,true,false
,Daylight Saving Time Shift,NZD,2021-09-26T10:00:00Z,None,,,,false,false
,SPPI y/y,JPY,2021-09-26T19:50:00Z,None,1.2%,1.1%,1.0%,false,false
,BOJ Gov Kuroda Speaks,JPY,2021-09-27T01:35:00Z,None,,,,false,false
,M3 Money Supply y/y,EUR,2021-09-27T04:00:00Z,None,7.8%,7.6%,7.9%,false,false
,Private Loans y/y,EUR,2021-09-27T04:00:00Z,None,4.3%,4.2%,4.2%,false,false
,German Buba Monthly Report,EUR,2021-09-27T06:00:00Z,None,,,,false,false
,ECB President Lagarde Speaks,EUR,2021-09-27T07:45:00Z,None,,,,false,false
,FOMC Member Evans Speaks,USD,2021-09-27T08:00:00Z,None,,,,false,false
,Core Durable Goods Orders m/m,USD,2021-09-27T08:30:00Z,None,0.5%,0.8%,0.2%,false,false
,Durable Goods Orders m/m,USD,2021-09-27T08:30:00Z,None,0.7%,0.5%,1.8%,false,false
,FOMC Member Williams Speaks,USD,2021-09-27T09:00:00Z,None,,,,false,false
,BOE Gov Bailey Speaks,GBP,2021-09-27T11:00:00Z,High,,,,false,false
,FOMC Member Williams Speaks,USD,2021-09-27T12:00:00Z,None,,,,false,false
,FOMC Member Brainard Speaks,USD,2021-09-27T12:50:00Z,None,,,,false,false
,Monetary Policy Meeting Minutes,JPY,2021-09-27T19:50:00Z,None,,,,false,false
,Retail Sales m/m,AUD,2021-09-27T21:30:00Z,None,-2.5%,-2.7%,-1.7%,false,false
,BOJ Core CPI y/y,JPY,2021-09-28T00:59:00Z,None,0.2%,0.2%,0.3%,false,false
,German GfK Consumer Climate,EUR,2021-09-28T02:00:00Z,None,-1.6,-1.1,0.3,false,false
,30-y Bond Auction,GBP,2021-09-28T05:04:00Z,None,,0.97|2.4,1.33|2.1,false,false
,ECB President Lagarde Speaks,EUR,2021-09-28T08:00:00Z,None,,,,false,false
,Goods Trade Balance,USD,2021-09-28T08:30:00Z,None,-87.4B,-86.8B,-87.6B,false,false
,Prelim Wholesale Inventories m/m,USD,2021-09-28T08:30:00Z,None,0.8%,0.6%,1.2%,false,false
,MPC Member Mann Speaks,GBP,2021-09-28T08:50:00Z,None,,,,false,false
,FOMC Member Evans Speaks,USD,2021-09-28T09:00:00Z,None,,,,false,false
,HPI m/m,USD,2021-09-28T09:00:00Z,None,1.5%,1.7%,1.4%,false,false
,S&P/CS Composite-20 HPI y/y,USD,2021-09-28T09:00:00Z,None,20.1%,19.1%,19.9%,false,false
,Richmond Manufacturing Index,USD,2021-09-28T09:59:00Z,None,12,9,-3,false,false
,Fed Chairman Powell Testifies,USD,2021-09-28T10:00:00Z,High,,,,false,false
,CB Consumer Confidence,USD,2021-09-28T10:00:00Z,None,115.2,115.2,109.3,false,false
,FOMC Member Bowman Speaks,USD,2021-09-28T13:40:00Z,None,,,,false,false
,FOMC Member Bostic Speaks,USD,2021-09-28T15:00:00Z,None,,,,false,false
,API Weekly Statistical Bulletin,USD,2021-09-28T16:30:00Z,None,,,,false,false
,BRC Shop Price Index y/y,GBP,2021-09-28T19:01:00Z,None,,-0.8%,-0.5%,false,false
,German Import Prices m/m,EUR,2021-09-29T02:00:00Z,None,0.8%,2.2%,1.4%,false,false
,Spanish Flash CPI y/y,EUR,2021-09-29T03:00:00Z,None,3.5%,3.3%,4.0%,false,false
,UBS Economic Expectations,CHF,2021-09-29T04:00:00Z,None,,-7.8,25.7,false,false
,M4 Money Supply m/m,GBP,2021-09-29T04:30:00Z,None,0.3%,0.1%,0.5%,false,false
,Mortgage Approvals,GBP,2021-09-29T04:32:00Z,None,73K,75K,74K,false,false
,Net Lending to Individuals m/m,GBP,2021-09-29T04:32:00Z,None,3.9B,-1.7B,5.6B,false,false
,Italian 10-y Bond Auction,EUR,2021-09-29T05:12:00Z,None,,0.67|1.4,0.86|1.7,false,false
,German 10-y Bond Auction,EUR,2021-09-29T05:37:00Z,None,,-0.38|1.1,-0.22|1.1,false,false
,IPPI m/m,CAD,2021-09-29T08:30:00Z,None,-0.2%,-0.2%,-0.3%,false,false
,RMPI m/m,CAD,2021-09-29T08:30:00Z,None,-1.4%,2.2%,-2.4%,false,false
,SNB Quarterly Bulletin,CHF,2021-09-29T09:00:00Z,None,,,,false,false
,Pending Home Sales m/m,USD,2021-09-29T10:00:00Z,None,1.1%,-2.0%,8.1%,false,false
,Crude Oil Inventories,USD,2021-09-29T10:30:00Z,None,-2.5M,-3.5M,4.6M,false,false
,ECB President Lagarde Speaks,EUR,2021-09-29T11:45:00Z,None,,,,false,false
,BOE Gov Bailey Speaks,GBP,2021-09-29T11:45:00Z,High,,,,false,false
,BOJ Gov Kuroda Speaks,JPY,2021-09-29T11:45:00Z,None,,,,false,false
,FOMC Member Powell Speaks,USD,2021-09-29T11:45:00Z,High,,,,false,false
,FOMC Member Bostic Speaks,USD,2021-09-29T14:00:00Z,None,,,,false,false
,Building Consents m/m,NZD,2021-09-29T17:45:00Z,None,,2.2%,3.8%,false,false
,Prelim Industrial Production m/m,JPY,2021-09-29T19:50:00Z,None,-0.5%,-1.5%,-3.2%,false,false
,Retail Sales y/y,JPY,2021-09-29T19:50:00Z,None,-0.9%,2.4%,-3.2%,false,false
,ANZ Business Confidence,NZD,2021-09-29T20:00:00Z,None,,-6.8,-7.2,false,false
,Manufacturing PMI,CNY,2021-09-29T20:59:00Z,None,50.0,50.1,49.6,false,false
,Non-Manufacturing PMI,CNY,2021-09-29T21:00:00Z,None,50.0,47.5,53.2,false,false
,Building Approvals m/m,AUD,2021-09-29T21:30:00Z,None,-5.1%,-8.6%,6.8%,false,false
,Private Sector Credit m/m,AUD,2021-09-29T21:30:00Z,None,0.5%,0.7%,0.6%,false,false
,RatingDog Manufacturing PMI,CNY,2021-09-29T21:45:00Z,None,49.6,49.2,50.0,false,false
,German Prelim CPI m/m,EUR,2021-09-30T00:00:00Z,None,0.1%,0.0%,0.0%,true,false
,Bank Holiday,CNY,2021-09-30T00:00:00Z,None,,,,true,false
,Housing Starts y/y,JPY,2021-09-30T00:59:00Z,None,9.6%,9.9%,7.5%,false,false
,Current Account,GBP,2021-09-30T02:00:00Z,None,-15.8B,-8.9B,-8.6B,false,false
,Final GDP q/q,GBP,2021-09-30T02:00:00Z,None,4.8%,4.8%,5.5%,false,false
,Nationwide HPI m/m,GBP,2021-09-30T02:00:00Z,None,0.6%,2.0%,0.1%,false,false
,Revised Business Investment q/q,GBP,2021-09-30T02:00:00Z,None,2.4%,2.4%,4.5%,false,false
,French Consumer Spending m/m,EUR,2021-09-30T02:45:00Z,None,0.0%,-2.4%,1.0%,false,false
,French Prelim CPI m/m,EUR,2021-09-30T02:45:00Z,None,-0.1%,0.6%,-0.2%,false,false
,KOF Economic Barometer,CHF,2021-09-30T03:00:00Z,None,110.3,113.5,110.6,false,false
,BOJ Gov Kuroda Speaks,JPY,2021-09-30T03:05:00Z,None,,,,false,false
,German Unemployment Change,EUR,2021-09-30T03:55:00Z,None,-38K,-53K,-30K,false,false
,Italian Monthly Unemployment Rate,EUR,2021-09-30T04:00:00Z,None,9.2%,9.3%,9.3%,false,false
,Italian Prelim CPI m/m,EUR,2021-09-30T05:00:00Z,None,-0.3%,0.4%,-0.1%,false,false
,Unemployment Rate,EUR,2021-09-30T05:00:00Z,None,7.5%,7.6%,7.5%,false,false
,Final GDP q/q,USD,2021-09-30T08:30:00Z,None,6.6%,6.6%,6.7%,false,false
,Unemployment Claims,USD,2021-09-30T08:30:00Z,None,333K,351K,362K,false,false
,Final GDP Price Index q/q,USD,2021-09-30T08:30:00Z,None,6.1%,6.1%,6.1%,false,false
,Chicago PMI,USD,2021-09-30T09:45:00Z,None,64.9,66.8,64.7,false,false
,Fed Chairman Powell Testifies,USD,2021-09-30T10:00:00Z,High,,,,false,false
,FOMC Member Williams Speaks,USD,2021-09-30T10:00:00Z,None,,,,false,false
,Natural Gas Storage,USD,2021-09-30T10:30:00Z,None,86B,76B,88B,false,false
,FOMC Member Bostic Speaks,USD,2021-09-30T11:00:00Z,None,,,,false,false
,FOMC Member Evans Speaks,USD,2021-09-30T12:30:00Z,None,,,,false,false
,AIG Manufacturing Index,AUD,2021-09-30T18:30:00Z,None,,51.6,51.2,false,false
,Unemployment Rate,JPY,2021-09-30T19:30:00Z,None,2.9%,2.8%,2.8%,false,false
,BOJ Summary of Opinions,JPY,2021-09-30T19:50:00Z,None,,,,false,false
,Tankan Manufacturing Index,JPY,2021-09-30T19:50:00Z,None,13,14,18,false,false
,Tankan Non-Manufacturing Index,JPY,2021-09-30T19:50:00Z,None,0,1,2,false,false
,Final Manufacturing PMI,JPY,2021-09-30T20:30:00Z,None,51.5,51.2,51.5,false,false
,Omdia Total Vehicle Sales,USD,2021-10-01T00:00:00Z,None,12.9M,13.1M,12.2M,true,false
,Consumer Confidence,JPY,2021-10-01T01:00:00Z,None,37.4,36.7,37.8,false,false
,German Retail Sales m/m,EUR,2021-10-01T02:00:00Z,None,1.6%,-4.5%,1.1%,false,false
,Commodity Prices y/y,AUD,2021-10-01T02:30:00Z,None,,49.3%,37.4%,false,false
,French Gov Budget Balance,EUR,2021-10-01T02:45:00Z,None,,-166.6B,-178.0B,false,false
,Spanish Manufacturing PMI,EUR,2021-10-01T03:15:00Z,None,58.1,59.5,58.1,false,false
,Manufacturing PMI,CHF,2021-10-01T03:30:00Z,None,65.6,67.7,68.1,false,false
,Italian Manufacturing PMI,EUR,2021-10-01T03:45:00Z,None,59.4,60.9,59.7,false,false
,French Final Manufacturing PMI,EUR,2021-10-01T03:50:00Z,None,55.2,55.2,55.0,false,false
,German Final Manufacturing PMI,EUR,2021-10-01T03:55:00Z,None,58.5,58.5,58.4,false,false
,Final Manufacturing PMI,EUR,2021-10-01T04:00:00Z,None,58.7,58.7,58.6,false,false
,Final Manufacturing PMI,GBP,2021-10-01T04:30:00Z,None,56.3,56.3,57.1,false,false
,Core CPI Flash Estimate y/y,EUR,2021-10-01T05:00:00Z,None,1.9%,1.6%,1.9%,false,false
,CPI Flash Estimate y/y,EUR,2021-10-01T05:00:00Z,None,3.3%,3.0%,3.4%,false,false
,GDP m/m,CAD,2021-10-01T08:30:00Z,High,-0.2%,0.6%,-0.1%,false,false
,Core PCE Price Index m/m,USD,2021-10-01T08:30:00Z,High,0.2%,0.3%,0.3%,false,false
,Personal Income m/m,USD,2021-10-01T08:30:00Z,None,0.2%,1.1%,0.2%,false,false
,Personal Spending m/m,USD,2021-10-01T08:30:00Z,None,0.7%,-0.1%,0.8%,false,false
,Manufacturing PMI,CAD,2021-10-01T09:30:00Z,None,,57.2,57.0,false,false
,Final Manufacturing PMI,USD,2021-10-01T09:45:00Z,None,60.5,60.5,60.7,false,false
,ISM Manufacturing PMI,USD,2021-10-01T10:00:00Z,High,59.6,59.9,61.1,false,false
,Revised UoM Consumer Sentiment,USD,2021-10-01T10:00:00Z,None,71.0,71.0,72.8,false,false
,Construction Spending m/m,USD,2021-10-01T10:00:00Z,None,0.3%,0.3%,0.0%,false,false
,ISM Manufacturing Prices,USD,2021-10-01T10:00:00Z,None,78.1,79.4,81.2,false,false
,Revised UoM Inflation Expectations,USD,2021-10-01T10:00:00Z,None,,4.7%,4.6%,false,false
,Daylight Saving Time Shift,AUD,2021-10-02T12:00:00Z,None,,,,false,false
,Bank Holiday,AUD,2021-10-03T00:00:00Z,None,,,,true,false
,Bank Holiday,CNY,2021-10-03T00:00:00Z,None,,,,true,false
,Monetary Base y/y,JPY,2021-10-03T19:50:00Z,None,15.3%,14.9%,11.7%,false,false
,MI Inflation Gauge m/m,AUD,2021-10-03T20:00:00Z,None,,0.0%,0.3%,false,false
,Eurogroup Meetings,EUR,2021-10-04T00:00:00Z,None,,,,true,false
,OPEC Meetings,All,2021-10-04T00:00:00Z,High,,,,true,false
,OPEC-JMMC Meetings,All,2021-10-04T00:00:00Z,High,,,,true,false
,Bank Holiday,CNY,2021-10-04T00:00:00Z,None,,,,true,false
,CPI m/m,CHF,2021-10-04T02:30:00Z,None,0.2%,0.2%,0.0%,false,false
,Retail Sales y/y,CHF,2021-10-04T02:30:00Z,None,0.6%,-2.3%,0.5%,false,false
,Spanish Unemployment Change,EUR,2021-10-04T03:00:00Z,None,-80.3K,-82.6K,-76.1K,false,false
,Sentix Investor Confidence,EUR,2021-10-04T04:30:00Z,None,18.5,19.6,16.9,false,false
,Building Permits m/m,CAD,2021-10-04T08:30:00Z,None,3.3%,-4.1%,-2.1%,false,false
,Factory Orders m/m,USD,2021-10-04T10:00:00Z,None,1.1%,0.7%,1.2%,false,false
,President Biden Speaks,USD,2021-10-04T11:15:00Z,None,,,,false,false
,NZIER Business Confidence,NZD,2021-10-04T17:04:00Z,None,,7,-11,false,false
,AIG Construction Index,AUD,2021-10-04T17:30:00Z,None,,38.4,53.3,false,false
,Tokyo Core CPI y/y,JPY,2021-10-04T19:30:00Z,None,0.2%,0.0%,0.1%,false,false
,ANZ Commodity Prices m/m,NZD,2021-10-04T20:00:00Z,None,,-1.6%,1.5%,false,false
,ANZ Job Advertisements m/m,AUD,2021-10-04T20:30:00Z,None,,-2.7%,-2.8%,false,false
,Goods Trade Balance,AUD,2021-10-04T20:30:00Z,None,10.10B,12.65B,15.08B,false,false
,RBA Rate Statement,AUD,2021-10-04T23:30:00Z,High,,,,false,false
,Cash Rate,AUD,2021-10-04T23:30:00Z,None,0.10%,0.10%,0.10%,false,false
,10-y Bond Auction,JPY,2021-10-04T23:35:00Z,None,,0.02|3.4,0.05|2.5,false,false
,ECOFIN Meetings,EUR,2021-10-05T00:00:00Z,None,,,,true,false
,Bank Holiday,CNY,2021-10-05T00:00:00Z,None,,,,true,false
,BOJ Gov Kuroda Speaks,JPY,2021-10-05T00:30:00Z,None,,,,false,false
,French Industrial Production m/m,EUR,2021-10-05T02:45:00Z,None,0.4%,0.5%,1.0%,false,false
,Spanish Services PMI,EUR,2021-10-05T03:15:00Z,None,58.3,60.1,56.9,false,false
,Italian Services PMI,EUR,2021-10-05T03:45:00Z,None,56.4,58.0,55.5,false,false
,French Final Services PMI,EUR,2021-10-05T03:50:00Z,None,56.0,56.0,56.2,false,false
,German Final Services PMI,EUR,2021-10-05T03:55:00Z,None,56.0,56.0,56.2,false,false
,Final Services PMI,EUR,2021-10-05T04:00:00Z,None,56.3,56.3,56.4,false,false
,Final Services PMI,GBP,2021-10-05T04:30:00Z,None,54.6,54.6,55.4,false,false
,PPI m/m,EUR,2021-10-05T05:00:00Z,None,1.3%,2.5%,1.1%,false,false
,Trade Balance,CAD,2021-10-05T08:30:00Z,None,0.5B,0.7B,1.9B,false,false
,Trade Balance,USD,2021-10-05T08:30:00Z,None,-70.5B,-70.3B,-73.3B,false,false
,Final Services PMI,USD,2021-10-05T09:45:00Z,None,54.4,54.4,54.9,false,false
,RCM/TIPP Economic Optimism,USD,2021-10-05T09:54:00Z,None,51.3,48.5,46.8,false,false
,ISM Services PMI,USD,2021-10-05T10:00:00Z,High,59.9,61.7,61.9,false,false
,GDT Price Index,NZD,2021-10-05T11:02:00Z,None,,1.0%,0.0%,false,false
,ECB President Lagarde Speaks,EUR,2021-10-05T12:15:00Z,None,,,,false,false
,FOMC Member Quarles Speaks,USD,2021-10-05T13:15:00Z,None,,,,false,false
,API Weekly Statistical Bulletin,USD,2021-10-05T16:30:00Z,None,,,,false,false
,Official Cash Rate,NZD,2021-10-05T21:00:00Z,High,0.50%,0.25%,0.50%,false,false
,RBNZ Rate Statement,NZD,2021-10-05T21:00:00Z,High,,,,false,false
,Bank Holiday,CNY,2021-10-06T00:00:00Z,None,,,,true,false
,German Factory Orders m/m,EUR,2021-10-06T02:00:00Z,None,-2.3%,4.9%,-7.7%,false,false
,Construction PMI,GBP,2021-10-06T04:30:00Z,None,53.9,55.2,52.6,false,false
,Housing Equity Withdrawal q/q,GBP,2021-10-06T04:30:00Z,None,-0.9B,6.1B,7.2B,false,false
,Retail Sales m/m,EUR,2021-10-06T05:00:00Z,None,0.7%,-2.6%,0.3%,false,false
,ADP Non-Farm Employment Change,USD,2021-10-06T08:15:00Z,High,425K,340K,568K,false,false
,FOMC Member Bostic Speaks,USD,2021-10-06T09:00:00Z,None,,,,false,false
,Crude Oil Inventories,USD,2021-10-06T10:30:00Z,None,0.8M,4.6M,2.3M,false,false
,FOMC Member Bostic Speaks,USD,2021-10-06T11:30:00Z,None,,,,false,false
,AIG Services Index,AUD,2021-10-06T17:30:00Z,None,,45.6,45.7,false,false
,Leading Indicators,JPY,2021-10-07T01:00:00Z,None,102.0%,104.1%,101.8%,false,false
,Unemployment Rate,CHF,2021-10-07T01:45:00Z,None,2.8%,2.9%,2.8%,false,false
,German Industrial Production m/m,EUR,2021-10-07T02:00:00Z,None,-0.4%,1.3%,-4.0%,false,false
,Lloyds HPI m/m,GBP,2021-10-07T02:00:00Z,None,1.3%,0.8%,1.7%,false,false
,French Trade Balance,EUR,2021-10-07T02:45:00Z,None,-6.8B,-7.1B,-6.7B,false,false
,Foreign Currency Reserves,CHF,2021-10-07T03:00:00Z,None,,929B,940B,false,false
,Italian Retail Sales m/m,EUR,2021-10-07T04:00:00Z,None,0.2%,-0.3%,0.4%,false,false
,Spanish 10-y Bond Auction,EUR,2021-10-07T04:56:00Z,None,,0.33|1.4,0.45|1.4,false,false
,French 10-y Bond Auction,EUR,2021-10-07T05:07:00Z,None,,-0.05|1.8,0.15|2.1,false,false
,ECB Monetary Policy Meeting Accounts,EUR,2021-10-07T07:30:00Z,None,,,,false,false
,Challenger Job Cuts y/y,USD,2021-10-07T07:30:00Z,None,,-86.4%,-84.9%,false,false
,Unemployment Claims,USD,2021-10-07T08:30:00Z,None,350K,364K,326K,false,false
,FOMC Member Williams Speaks,USD,2021-10-07T08:40:00Z,None,,,,false,false
,Ivey PMI,CAD,2021-10-07T10:00:00Z,None,60.3,66.0,70.4,false,false
,Natural Gas Storage,USD,2021-10-07T10:30:00Z,None,104B,88B,118B,false,false
,BOC Gov Macklem Speaks,CAD,2021-10-07T12:00:00Z,High,,,,false,false
,Consumer Credit m/m,USD,2021-10-07T15:00:00Z,None,17.4B,17.3B,14.4B,false,false
,Average Cash Earnings y/y,JPY,2021-10-07T19:30:00Z,None,0.3%,0.6%,0.7%,false,false
,Household Spending y/y,JPY,2021-10-07T19:30:00Z,None,-1.2%,0.7%,-3.0%,false,false
,Current Account,JPY,2021-10-07T19:50:00Z,None,1.15T,1.41T,1.04T,false,false
,RBA Financial Stability Review,AUD,2021-10-07T20:30:00Z,None,,,,false,false
,RatingDog Services PMI,CNY,2021-10-07T21:45:00Z,None,49.3,46.7,53.4,false,false
,Economy Watchers Sentiment,JPY,2021-10-08T01:00:00Z,None,43.4,34.7,42.1,false,false
,German Trade Balance,EUR,2021-10-08T02:02:00Z,None,15.7B,17.7B,13.0B,false,false
,FPC Meeting Minutes,GBP,2021-10-08T05:30:00Z,None,,,,false,false
,FPC Statement,GBP,2021-10-08T05:30:00Z,None,,,,false,false
,ECB President Lagarde Speaks,EUR,2021-10-08T08:05:00Z,None,,,,false,false
,Treasury Sec Yellen Speaks,USD,2021-10-08T08:05:00Z,None,,,,false,false
,Employment Change,CAD,2021-10-08T08:30:00Z,High,59.5K,90.2K,157.1K,false,false
,Unemployment Rate,CAD,2021-10-08T08:30:00Z,High,6.9%,7.1%,6.9%,false,false
,Average Hourly Earnings m/m,USD,2021-10-08T08:30:00Z,High,0.4%,0.4%,0.6%,false,false
,Non-Farm Employment Change,USD,2021-10-08T08:30:00Z,High,490K,366K,194K,false,false
,Unemployment Rate,USD,2021-10-08T08:30:00Z,High,5.1%,5.2%,4.8%,false,false
,Final Wholesale Inventories m/m,USD,2021-10-08T10:00:00Z,None,1.2%,1.2%,1.2%,false,false
,President Biden Speaks,USD,2021-10-08T11:30:00Z,None,,,,false,false
,Bank Holiday,CAD,2021-10-11T00:00:00Z,None,,,,true,false
,Bank Holiday,USD,2021-10-11T00:00:00Z,None,,,,true,false
,Prelim Machine Tool Orders y/y,JPY,2021-10-11T01:58:00Z,None,,85.2%,71.9%,false,false
,Italian Industrial Production m/m,EUR,2021-10-11T04:00:00Z,None,-0.4%,1.0%,-0.2%,false,false
,Visitor Arrivals m/m,NZD,2021-10-11T17:45:00Z,None,,-41.4%,-91.1%,false,false
,FOMC Member Evans Speaks,USD,2021-10-11T18:00:00Z,None,,,,false,false
,BRC Retail Sales Monitor y/y,GBP,2021-10-11T19:01:00Z,None,1.3%,1.5%,-0.6%,false,false
,Bank Lending y/y,JPY,2021-10-11T19:50:00Z,None,0.8%,0.6%,0.6%,false,false
,PPI y/y,JPY,2021-10-11T19:50:00Z,None,5.8%,5.8%,6.3%,false,false
,NAB Business Confidence,AUD,2021-10-11T20:30:00Z,None,,-6,13,false,false
,30-y Bond Auction,JPY,2021-10-11T23:35:00Z,None,,0.65|3.0,0.70|2.9,false,false
,German WPI m/m,EUR,2021-10-12T02:00:00Z,None,0.7%,0.5%,0.8%,false,false
,Average Earnings Index 3m/y,GBP,2021-10-12T02:00:00Z,None,6.9%,8.3%,7.2%,false,false
,Claimant Count Change,GBP,2021-10-12T02:00:00Z,None,-60.5K,-88.0K,-51.1K,false,false
,Unemployment Rate,GBP,2021-10-12T02:00:00Z,None,4.5%,4.6%,4.5%,false,false
,ZEW Economic Sentiment,EUR,2021-10-12T05:00:00Z,None,27.9,31.1,21.0,false,false
,German ZEW Economic Sentiment,EUR,2021-10-12T05:00:00Z,None,23.7,26.5,22.3,false,false
,NFIB Small Business Index,USD,2021-10-12T06:00:00Z,None,99.7,100.1,99.1,false,false
,JOLTS Job Openings,USD,2021-10-12T10:00:00Z,None,10.95M,11.10M,10.44M,false,false
,FOMC Member Clarida Speaks,USD,2021-10-12T11:15:00Z,None,,,,false,false
,FOMC Member Bostic Speaks,USD,2021-10-12T12:30:00Z,None,,,,false,false
,10-y Bond Auction,USD,2021-10-12T13:01:00Z,None,,1.34|2.6,1.58|2.6,false,false
,FPI m/m,NZD,2021-10-12T17:45:00Z,None,,0.3%,0.5%,false,false
,Westpac Consumer Sentiment,AUD,2021-10-12T19:30:00Z,None,,2.0%,-1.5%,false,false
,Core Machinery Orders m/m,JPY,2021-10-12T19:50:00Z,None,1.6%,0.9%,-2.4%,false,false
,M2 Money Stock y/y,JPY,2021-10-12T19:50:00Z,None,4.4%,4.7%,4.2%,false,false
,Prelim ANZ Business Confidence,NZD,2021-10-12T20:00:00Z,None,,-7.2,-8.6,false,false
,USD-Denominated Trade Balance,CNY,2021-10-12T23:07:00Z,None,46.5B,58.3B,66.8B,false,false
,Trade Balance,CNY,2021-10-12T23:08:00Z,None,285B,376B,433B,false,false
,G20 Meetings,All,2021-10-13T00:00:00Z,None,,,,true,false
,German Final CPI m/m,EUR,2021-10-13T02:00:00Z,None,0.0%,0.0%,0.0%,false,false
,Construction Output m/m,GBP,2021-10-13T02:00:00Z,None,0.4%,-1.0%,-0.2%,false,false
,GDP m/m,GBP,2021-10-13T02:00:00Z,None,0.5%,-0.1%,0.4%,false,false
,Goods Trade Balance,GBP,2021-10-13T02:00:00Z,None,-11.9B,-14.1B,-14.9B,false,false
,Index of Services 3m/3m,GBP,2021-10-13T02:00:00Z,None,3.9%,5.2%,3.7%,false,false
,Industrial Production m/m,GBP,2021-10-13T02:00:00Z,None,0.2%,0.3%,0.8%,false,false
,Manufacturing Production m/m,GBP,2021-10-13T02:00:00Z,None,0.0%,-0.6%,0.5%,false,false
,Industrial Production m/m,EUR,2021-10-13T05:00:00Z,None,-1.8%,1.4%,-1.6%,false,false
,M2 Money Supply y/y,CNY,2021-10-13T05:01:00Z,None,8.2%,8.2%,8.3%,false,false
,New Loans,CNY,2021-10-13T05:01:00Z,None,1810B,1220B,1660B,false,false
,German 30-y Bond Auction,EUR,2021-10-13T05:34:00Z,None,,-0.04|2.0,0.35|2.0,false,false
,NIESR GDP Estimate,GBP,2021-10-13T08:00:00Z,None,,2.9%,1.5%,false,false
,Core CPI m/m,USD,2021-10-13T08:30:00Z,High,0.2%,0.1%,0.2%,false,false
,Core CPI y/y,USD,2021-10-13T08:30:00Z,High,4.0%,4.0%,4.0%,false,false
,CPI m/m,USD,2021-10-13T08:30:00Z,High,0.3%,0.3%,0.4%,false,false
,CPI y/y,USD,2021-10-13T08:30:00Z,High,5.3%,5.3%,5.4%,false,false
,MPC Member Cunliffe Speaks,GBP,2021-10-13T09:30:00Z,None,,,,false,false
,30-y Bond Auction,USD,2021-10-13T13:01:00Z,None,,1.91|2.5,2.05|2.4,false,false
,FOMC Meeting Minutes,USD,2021-10-13T14:00:00Z,High,,,,false,false
,API Weekly Statistical Bulletin,USD,2021-10-13T16:30:00Z,None,,,,false,false
,FOMC Member Brainard Speaks,USD,2021-10-13T16:30:00Z,None,,,,false,false
,RBA Deputy Gov Debelle Speaks,AUD,2021-10-13T18:00:00Z,None,,,,false,false
,RICS House Price Balance,GBP,2021-10-13T19:01:00Z,None,70%,72%,68%,false,false
,MI Inflation Expectations,AUD,2021-10-13T20:00:00Z,None,,4.4%,3.6%,false,false
,FOMC Member Bowman Speaks,USD,2021-10-13T20:00:00Z,None,,,,false,false
,Employment Change,AUD,2021-10-13T20:30:00Z,High,-108.5K,-146.3K,-138.0K,false,false
,Unemployment Rate,AUD,2021-10-13T20:30:00Z,High,4.8%,4.5%,4.6%,false,false
,CPI y/y,CNY,2021-10-13T21:30:00Z,None,0.9%,0.8%,0.7%,false,false
,PPI y/y,CNY,2021-10-13T21:30:00Z,None,10.6%,9.5%,10.7%,false,false
,Revised Industrial Production m/m,JPY,2021-10-14T00:30:00Z,None,-3.2%,-3.2%,-3.6%,false,false
,PPI m/m,CHF,2021-10-14T02:30:00Z,None,0.9%,0.7%,0.2%,false,false
,BOE Credit Conditions Survey,GBP,2021-10-14T04:30:00Z,None,,,,false,false
,MPC Member Tenreyro Speaks,GBP,2021-10-14T06:10:00Z,None,,,,false,false
,Manufacturing Sales m/m,CAD,2021-10-14T08:30:00Z,None,0.4%,-1.2%,0.5%,false,false
,PPI m/m,USD,2021-10-14T08:30:00Z,High,0.6%,0.7%,0.5%,false,false
,Core PPI m/m,USD,2021-10-14T08:30:00Z,None,0.5%,0.6%,0.2%,false,false
,Unemployment Claims,USD,2021-10-14T08:30:00Z,None,315K,329K,293K,false,false
,CB Leading Index m/m,GBP,2021-10-14T09:30:00Z,None,,0.6%,0.5%,false,false
,FOMC Member Bostic Speaks,USD,2021-10-14T10:00:00Z,None,,,,false,false
,Natural Gas Storage,USD,2021-10-14T10:30:00Z,None,97B,118B,81B,false,false
,MPC Member Mann Speaks,GBP,2021-10-14T10:40:00Z,None,,,,false,false
,Crude Oil Inventories,USD,2021-10-14T11:00:00Z,None,1.1M,2.3M,6.1M,false,false
,FOMC Member Barkin Speaks,USD,2021-10-14T13:00:00Z,None,,,,false,false
,BusinessNZ Manufacturing Index,NZD,2021-10-14T17:30:00Z,None,,39.7,51.4,false,false
,IMF Meetings,All,2021-10-15T00:00:00Z,None,,,,false,false
,Tertiary Industry Activity m/m,JPY,2021-10-15T00:30:00Z,None,-0.3%,-0.6%,-1.7%,false,false
,French Final CPI m/m,EUR,2021-10-15T02:45:00Z,None,-0.2%,-0.2%,-0.2%,false,false
,Italian Trade Balance,EUR,2021-10-15T05:00:00Z,None,9.23B,8.76B,1.32B,false,false
,Trade Balance,EUR,2021-10-15T05:00:00Z,None,14.1B,13.5B,11.1B,false,false
,Wholesale Sales m/m,CAD,2021-10-15T08:30:00Z,None,0.5%,-2.1%,0.3%,false,false
,Core Retail Sales m/m,USD,2021-10-15T08:30:00Z,High,0.5%,2.0%,0.8%,false,false
,Retail Sales m/m,USD,2021-10-15T08:30:00Z,High,-0.2%,0.9%,0.7%,false,false
,Empire State Manufacturing Index,USD,2021-10-15T08:30:00Z,None,24.9,34.3,19.8,false,false
,Import Prices m/m,USD,2021-10-15T08:30:00Z,None,0.6%,-0.3%,0.4%,false,false
,Prelim UoM Consumer Sentiment,USD,2021-10-15T10:00:00Z,None,73.5,72.8,71.4,false,false
,Business Inventories m/m,USD,2021-10-15T10:00:00Z,None,0.7%,0.6%,0.6%,false,false
,Prelim UoM Inflation Expectations,USD,2021-10-15T10:00:00Z,None,,4.6%,4.8%,false,false
,FOMC Member Williams Speaks,USD,2021-10-15T12:20:00Z,None,,,,false,false
,IMF Meetings,All,2021-10-16T00:00:00Z,None,,,,false,false
,ECB President Lagarde Speaks,EUR,2021-10-16T10:00:00Z,None,,,,false,false
,IMF Meetings,All,2021-10-17T00:00:00Z,None,,,,false,false
,BOE Gov Bailey Speaks,GBP,2021-10-17T09:05:00Z,High,,,,false,false
,BusinessNZ Services Index,NZD,2021-10-17T17:30:00Z,None,,35.4,46.9,false,false
,CPI q/q,NZD,2021-10-17T17:45:00Z,High,1.5%,1.3%,2.2%,false,false
,Rightmove HPI m/m,GBP,2021-10-17T18:54:00Z,None,,0.3%,1.8%,false,false
,GDP q/y,CNY,2021-10-17T22:00:00Z,High,5.0%,7.9%,4.9%,false,false
,Retail Sales y/y,CNY,2021-10-17T22:00:00Z,None,3.5%,2.5%,4.4%,false,false
,Fixed Asset Investment ytd/y,CNY,2021-10-17T22:00:00Z,None,7.9%,8.9%,7.3%,false,false
,Industrial Production y/y,CNY,2021-10-17T22:00:00Z,None,3.9%,5.3%,3.1%,false,false
,NBS Press Conference,CNY,2021-10-17T22:00:00Z,None,,,,false,false
,Unemployment Rate,CNY,2021-10-17T22:00:00Z,None,5.1%,5.1%,4.9%,false,false
,FOMC Member Quarles Speaks,USD,2021-10-18T05:30:00Z,None,,,,false,false
,Housing Starts,CAD,2021-10-18T08:15:00Z,None,265K,263K,251K,false,false
,Foreign Securities Purchases,CAD,2021-10-18T08:30:00Z,None,18.20B,14.06B,26.30B,false,false
,Industrial Production m/m,USD,2021-10-18T09:15:00Z,None,0.3%,-0.1%,-1.3%,false,false
,Capacity Utilization Rate,USD,2021-10-18T09:15:00Z,None,76.6%,76.2%,75.2%,false,false
,NAHB Housing Market Index,USD,2021-10-18T10:00:00Z,None,75,76,80,false,false
,BOC Business Outlook Survey,CAD,2021-10-18T10:30:00Z,None,,,,false,false
,MPC Member Cunliffe Speaks,GBP,2021-10-18T10:30:00Z,None,,,,false,false
,Gov Council Member Lane Speaks,CAD,2021-10-18T11:40:00Z,None,,,,false,false
,TIC Long-Term Purchases,USD,2021-10-18T16:00:00Z,None,27.6B,2.0B,79.3B,false,false
,Monetary Policy Meeting Minutes,AUD,2021-10-18T20:30:00Z,High,,,,false,false
,Trade Balance,CHF,2021-10-19T02:00:00Z,None,6.23B,5.13B,5.05B,false,false
,MPC Member Mann Speaks,GBP,2021-10-19T06:00:00Z,None,,,,false,false
,BOE Gov Bailey Speaks,GBP,2021-10-19T08:05:00Z,None,,,,false,false
,Building Permits,USD,2021-10-19T08:30:00Z,None,1.67M,1.72M,1.59M,false,false
,Housing Starts,USD,2021-10-19T08:30:00Z,None,1.61M,1.58M,1.56M,false,false
,CB Leading Index m/m,AUD,2021-10-19T10:30:00Z,None,,0.4%,0.4%,false,false
,GDT Price Index,NZD,2021-10-19T10:30:00Z,None,,0.0%,2.2%,false,false
,FOMC Member Daly Speaks,USD,2021-10-19T11:00:00Z,None,,,,false,false
,FOMC Member Bowman Speaks,USD,2021-10-19T13:15:00Z,None,,,,false,false
,FOMC Member Bostic Speaks,USD,2021-10-19T14:50:00Z,None,,,,false,false
,FOMC Member Waller Speaks,USD,2021-10-19T15:00:00Z,None,,,,false,false
,API Weekly Statistical Bulletin,USD,2021-10-19T16:30:00Z,None,,,,false,false
,MI Leading Index m/m,AUD,2021-10-19T19:30:00Z,None,,-0.3%,0.0%,false,false
,Trade Balance,JPY,2021-10-19T19:50:00Z,None,-0.59T,-0.34T,-0.62T,false,false
,Foreign Direct Investment ytd/y,CNY,2021-10-19T21:05:00Z,None,,22.3%,19.6%,false,false
,1-y Loan Prime Rate,CNY,2021-10-19T21:30:00Z,None,3.85%,3.85%,3.85%,false,false
,5-y Loan Prime Rate,CNY,2021-10-19T21:30:00Z,None,4.65%,4.65%,4.65%,false,false
,New Home Prices m/m,CNY,2021-10-19T21:30:00Z,None,,0.16%,-0.08%,false,false
,RPI y/y,GBP,2021-10-20T02:00:00Z,None,4.7%,4.8%,4.9%,false,false
,CPI y/y,GBP,2021-10-20T02:00:00Z,High,3.2%,3.2%,3.1%,false,false
,Core CPI y/y,GBP,2021-10-20T02:00:00Z,None,3.0%,3.1%,2.9%,false,false
,PPI Input m/m,GBP,2021-10-20T02:00:00Z,None,1.0%,0.5%,0.4%,false,false
,PPI Output m/m,GBP,2021-10-20T02:00:00Z,None,0.5%,0.7%,0.5%,false,false
,German PPI m/m,EUR,2021-10-20T02:00:00Z,None,1.1%,1.5%,2.3%,false,false
,Current Account,EUR,2021-10-20T04:00:00Z,None,24.3B,22.6B,13.4B,false,false
,HPI y/y,GBP,2021-10-20T04:30:00Z,None,9.2%,8.5%,10.6%,false,false
,Final Core CPI y/y,EUR,2021-10-20T05:00:00Z,None,1.9%,1.9%,1.9%,false,false
,Final CPI y/y,EUR,2021-10-20T05:00:00Z,None,3.4%,3.4%,3.4%,false,false
,10-y Bond Auction,GBP,2021-10-20T05:08:00Z,None,,0.74|2.5,1.14|2.7,false,false
,German 10-y Bond Auction,EUR,2021-10-20T05:35:00Z,None,,-0.22|1.1,-0.16|1.1,false,false
,CPI m/m,CAD,2021-10-20T08:30:00Z,High,0.1%,0.2%,0.2%,false,false
,Common CPI y/y,CAD,2021-10-20T08:30:00Z,None,1.9%,1.8%,1.8%,false,false
,Median CPI y/y,CAD,2021-10-20T08:30:00Z,None,2.6%,2.7%,2.8%,false,false
,Trimmed CPI y/y,CAD,2021-10-20T08:30:00Z,None,3.3%,3.3%,3.4%,false,false
,Core CPI m/m,CAD,2021-10-20T08:32:00Z,None,,0.2%,0.3%,false,false
,Crude Oil Inventories,USD,2021-10-20T10:30:00Z,None,2.1M,6.1M,-0.4M,false,false
,FOMC Member Evans Speaks,USD,2021-10-20T12:00:00Z,None,,,,false,false
,FOMC Member Quarles Speaks,USD,2021-10-20T13:00:00Z,None,,,,false,false
,Beige Book,USD,2021-10-20T14:00:00Z,None,,,,false,false
,NAB Quarterly Business Confidence,AUD,2021-10-20T20:30:00Z,None,,18,-1,false,false
,Credit Card Spending y/y,NZD,2021-10-20T22:00:00Z,None,,-6.9%,-12.9%,false,false
,RBA Annual Report,AUD,2021-10-21T00:30:00Z,None,,,,false,false
,Public Sector Net Borrowing,GBP,2021-10-21T02:00:00Z,None,23.5B,16.1B,21.0B,false,false
,CBI Industrial Order Expectations,GBP,2021-10-21T06:00:00Z,None,17,22,9,false,false
,NHPI m/m,CAD,2021-10-21T08:30:00Z,None,0.6%,0.7%,0.4%,false,false
,Philly Fed Manufacturing Index,USD,2021-10-21T08:30:00Z,None,25.1,30.7,23.8,false,false
,Unemployment Claims,USD,2021-10-21T08:30:00Z,None,298K,296K,290K,false,false
,ADP Non-Farm Employment Change,CAD,2021-10-21T08:33:00Z,None,,13.1K,9.6K,false,false
,FOMC Member Waller Speaks,USD,2021-10-21T09:00:00Z,None,,,,false,false
,Consumer Confidence,EUR,2021-10-21T10:00:00Z,None,-5,-4,-5,false,false
,CB Leading Index m/m,USD,2021-10-21T10:00:00Z,None,0.4%,0.8%,0.2%,false,false
,Existing Home Sales,USD,2021-10-21T10:00:00Z,None,6.10M,5.88M,6.29M,false,false
,Natural Gas Storage,USD,2021-10-21T10:30:00Z,None,87B,81B,92B,false,false
,RBA Gov Lowe Speaks,AUD,2021-10-21T15:00:00Z,High,,,,false,false
,Flash Manufacturing PMI,AUD,2021-10-21T18:00:00Z,None,,56.8,57.3,false,false
,Flash Services PMI,AUD,2021-10-21T18:00:00Z,None,,45.5,52.0,false,false
,GfK Consumer Confidence,GBP,2021-10-21T19:01:00Z,None,-16,-13,-17,false,false
,National Core CPI y/y,JPY,2021-10-21T19:30:00Z,None,0.1%,0.0%,0.1%,false,false
,Flash Manufacturing PMI,JPY,2021-10-21T20:30:00Z,None,51.6,51.5,53.0,false,false
,Retail Sales m/m,GBP,2021-10-22T02:00:00Z,None,0.6%,-0.6%,-0.2%,false,false
,French Flash Manufacturing PMI,EUR,2021-10-22T03:15:00Z,None,53.9,55.0,53.5,false,false
,French Flash Services PMI,EUR,2021-10-22T03:15:00Z,None,55.6,56.2,56.6,false,false
,German Flash Manufacturing PMI,EUR,2021-10-22T03:30:00Z,High,56.5,58.4,58.2,false,false
,German Flash Services PMI,EUR,2021-10-22T03:30:00Z,High,55.2,56.2,52.4,false,false
,Flash Manufacturing PMI,EUR,2021-10-22T04:00:00Z,None,57.0,58.6,58.5,false,false
,Flash Services PMI,EUR,2021-10-22T04:00:00Z,None,55.4,56.4,54.7,false,false
,Flash Manufacturing PMI,GBP,2021-10-22T04:30:00Z,None,56.1,57.1,57.7,false,false
,Flash Services PMI,GBP,2021-10-22T04:30:00Z,None,54.5,55.4,58.0,false,false
,Core Retail Sales m/m,CAD,2021-10-22T08:30:00Z,None,2.6%,-0.4%,2.8%,false,false
,Retail Sales m/m,CAD,2021-10-22T08:30:00Z,None,2.0%,-0.1%,2.1%,false,false
,CB Leading Index m/m,CNY,2021-10-22T09:00:00Z,None,,0.5%,0.4%,false,false
,Flash Manufacturing PMI,USD,2021-10-22T09:45:00Z,None,60.5,60.7,59.2,false,false
,Flash Services PMI,USD,2021-10-22T09:45:00Z,None,55.3,54.9,58.2,false,false
,FOMC Member Daly Speaks,USD,2021-10-22T10:00:00Z,None,,,,false,false
,FOMC Member Powell Speaks,USD,2021-10-22T11:00:00Z,High,,,,false,false
,Federal Budget Balance,USD,2021-10-22T13:58:00Z,None,-61.0B,-170.6B,-61.5B,false,false
,Bank Holiday,NZD,2021-10-24T00:00:00Z,None,,,,true,false
,German ifo Business Climate,EUR,2021-10-25T04:00:00Z,None,98.2,98.9,97.7,false,false
,German Buba Monthly Report,EUR,2021-10-25T06:00:00Z,None,,,,false,false
,Belgian NBB Business Climate,EUR,2021-10-25T09:00:00Z,None,2.3,4.0,4.0,false,false
,MPC Member Tenreyro Speaks,GBP,2021-10-25T09:00:00Z,None,,,,false,false
,SPPI y/y,JPY,2021-10-25T19:50:00Z,None,1.1%,1.0%,0.9%,false,false
,BOJ Core CPI y/y,JPY,2021-10-26T00:59:00Z,None,0.3%,0.3%,0.6%,false,false
,CBI Realized Sales,GBP,2021-10-26T06:00:00Z,None,14,11,30,false,false
,HPI m/m,USD,2021-10-26T09:00:00Z,None,1.5%,1.4%,1.0%,false,false
,S&P/CS Composite-20 HPI y/y,USD,2021-10-26T09:00:00Z,None,20.1%,20.0%,19.7%,false,false
,Richmond Manufacturing Index,USD,2021-10-26T09:59:00Z,None,4,-3,12,false,false
,CB Consumer Confidence,USD,2021-10-26T10:00:00Z,None,108.4,109.8,113.8,false,false
,New Home Sales,USD,2021-10-26T10:00:00Z,None,755K,702K,800K,false,false
,API Weekly Statistical Bulletin,USD,2021-10-26T16:30:00Z,None,,,,false,false
,Trade Balance,NZD,2021-10-26T17:45:00Z,None,-762M,-2139M,-2171M,false,false
,BRC Shop Price Index y/y,GBP,2021-10-26T19:01:00Z,None,,-0.5%,-0.4%,false,false
,ANZ Business Confidence,NZD,2021-10-26T20:00:00Z,None,,-8.6,-13.4,false,false
,CPI m/m,AUD,2021-10-26T20:30:00Z,High,0.8%,0.8%,0.8%,false,false
,Trimmed Mean CPI m/m,AUD,2021-10-26T20:30:00Z,High,0.5%,0.5%,0.7%,false,false
,German GfK Consumer Climate,EUR,2021-10-27T02:00:00Z,None,-0.4,0.4,0.9,false,false
,German Import Prices m/m,EUR,2021-10-27T02:00:00Z,None,1.5%,1.4%,1.3%,false,false
,UBS Economic Expectations,CHF,2021-10-27T04:00:00Z,None,,25.7,15.6,false,false
,M3 Money Supply y/y,EUR,2021-10-27T04:00:00Z,None,7.5%,7.9%,7.4%,false,false
,Private Loans y/y,EUR,2021-10-27T04:00:00Z,None,4.4%,4.2%,4.1%,false,false
,Annual Budget Release,GBP,2021-10-27T07:34:00Z,High,,,,false,false
,Autumn Forecast Statement,GBP,2021-10-27T07:34:00Z,None,,,,false,false
,Core Durable Goods Orders m/m,USD,2021-10-27T08:30:00Z,None,0.4%,0.3%,0.4%,false,false
,Durable Goods Orders m/m,USD,2021-10-27T08:30:00Z,None,-1.1%,1.3%,-0.4%,false,false
,Goods Trade Balance,USD,2021-10-27T08:30:00Z,None,-88.2B,-88.2B,-96.3B,false,false
,Prelim Wholesale Inventories m/m,USD,2021-10-27T08:30:00Z,None,1.0%,1.2%,1.1%,false,false
,BOC Monetary Policy Report,CAD,2021-10-27T10:00:00Z,High,,,,false,false
,BOC Rate Statement,CAD,2021-10-27T10:00:00Z,High,,,,false,false
,Overnight Rate,CAD,2021-10-27T10:00:00Z,None,0.25%,0.25%,0.25%,false,false
,Crude Oil Inventories,USD,2021-10-27T10:30:00Z,None,2.0M,-0.4M,4.3M,false,false
,BOC Press Conference,CAD,2021-10-27T11:00:00Z,High,,,,false,false
,RBA Deputy Gov Debelle Speaks,AUD,2021-10-27T19:40:00Z,None,,,,false,false
,Retail Sales y/y,JPY,2021-10-27T19:50:00Z,None,-2.2%,-3.2%,-0.6%,false,false
,Import Prices q/q,AUD,2021-10-27T20:30:00Z,None,3.4%,1.9%,5.4%,false,false
,BOJ Outlook Report,JPY,2021-10-27T22:45:00Z,High,,,,false,false
,Monetary Policy Statement,JPY,2021-10-27T22:45:00Z,None,,,,false,false
,BOJ Policy Rate,JPY,2021-10-27T22:45:00Z,None,-0.10%,-0.10%,-0.10%,false,false
,German Prelim CPI m/m,EUR,2021-10-28T00:00:00Z,None,0.4%,0.0%,0.5%,true,false
,BOJ Press Conference,JPY,2021-10-28T02:30:00Z,None,,,,false,false
,Spanish Flash CPI y/y,EUR,2021-10-28T03:00:00Z,None,4.4%,4.0%,5.5%,false,false
,Spanish Unemployment Rate,EUR,2021-10-28T03:00:00Z,None,14.1%,15.3%,14.6%,false,false
,German Unemployment Change,EUR,2021-10-28T03:55:00Z,None,-20K,-31K,-39K,false,false
,Italian 10-y Bond Auction,EUR,2021-10-28T05:19:00Z,None,,0.86|1.7,1.05|1.3,false,false
,Monetary Policy Statement,EUR,2021-10-28T07:45:00Z,High,,,,false,false
,Main Refinancing Rate,EUR,2021-10-28T07:45:00Z,None,0.00%,0.00%,0.00%,false,false
,ECB Press Conference,EUR,2021-10-28T08:30:00Z,High,,,,false,false
,Advance GDP q/q,USD,2021-10-28T08:30:00Z,High,2.6%,6.7%,2.0%,false,false
,Advance GDP Price Index q/q,USD,2021-10-28T08:30:00Z,None,5.3%,6.1%,5.7%,false,false
,Unemployment Claims,USD,2021-10-28T08:30:00Z,None,290K,291K,281K,false,false
,Pending Home Sales m/m,USD,2021-10-28T10:00:00Z,None,0.4%,8.1%,-2.3%,false,false
,Natural Gas Storage,USD,2021-10-28T10:30:00Z,None,86B,92B,87B,false,false
,President Biden Speaks,USD,2021-10-28T11:15:00Z,None,,,,false,false
,Tokyo Core CPI y/y,JPY,2021-10-28T19:30:00Z,None,0.3%,0.1%,0.1%,false,false
,Unemployment Rate,JPY,2021-10-28T19:30:00Z,None,2.8%,2.8%,2.8%,false,false
,Prelim Industrial Production m/m,JPY,2021-10-28T19:50:00Z,None,-2.8%,-3.6%,-5.4%,false,false
,PPI q/q,AUD,2021-10-28T20:30:00Z,None,0.6%,0.7%,1.1%,false,false
,Retail Sales m/m,AUD,2021-10-28T20:30:00Z,None,0.4%,-1.7%,1.3%,false,false
,Private Sector Credit m/m,AUD,2021-10-28T20:32:00Z,None,0.5%,0.6%,0.6%,false,false
,Consumer Confidence,JPY,2021-10-29T00:59:00Z,None,40.4,37.8,39.2,false,false
,Housing Starts y/y,JPY,2021-10-29T01:00:00Z,None,7.8%,7.5%,4.3%,false,false
,French Consumer Spending m/m,EUR,2021-10-29T01:30:00Z,None,0.5%,0.7%,-0.2%,false,false
,French Flash GDP q/q,EUR,2021-10-29T01:30:00Z,None,2.2%,1.1%,3.0%,false,false
,French Prelim CPI m/m,EUR,2021-10-29T02:45:00Z,None,0.3%,-0.2%,0.4%,false,false
,KOF Economic Barometer,CHF,2021-10-29T03:00:00Z,None,107.8,111.0,110.7,false,false
,Spanish Flash GDP q/q,EUR,2021-10-29T03:00:00Z,None,2.9%,1.1%,2.0%,false,false
,German Prelim GDP q/q,EUR,2021-10-29T04:00:00Z,None,2.2%,1.6%,1.8%,false,false
,Italian Prelim GDP q/q,EUR,2021-10-29T04:00:00Z,None,2.0%,2.7%,2.6%,false,false
,M4 Money Supply m/m,GBP,2021-10-29T04:30:00Z,None,0.6%,0.5%,0.6%,false,false
,Mortgage Approvals,GBP,2021-10-29T04:30:00Z,None,72K,74K,73K,false,false
,Net Lending to Individuals m/m,GBP,2021-10-29T04:32:00Z,None,6.3B,5.0B,9.8B,false,false
,Core CPI Flash Estimate y/y,EUR,2021-10-29T05:00:00Z,None,1.9%,1.9%,2.1%,false,false
,CPI Flash Estimate y/y,EUR,2021-10-29T05:00:00Z,None,3.7%,3.4%,4.1%,false,false
,Italian Prelim CPI m/m,EUR,2021-10-29T05:00:00Z,None,0.4%,-0.2%,0.6%,false,false
,Prelim Flash GDP q/q,EUR,2021-10-29T05:00:00Z,None,2.1%,2.2%,2.2%,false,false
,GDP m/m,CAD,2021-10-29T08:30:00Z,High,0.7%,-0.1%,0.4%,false,false
,IPPI m/m,CAD,2021-10-29T08:30:00Z,None,1.0%,-0.3%,1.0%,false,false
,RMPI m/m,CAD,2021-10-29T08:30:00Z,None,2.5%,-3.1%,2.5%,false,false
,Core PCE Price Index m/m,USD,2021-10-29T08:30:00Z,High,0.2%,0.3%,0.2%,false,false
,Employment Cost Index q/q,USD,2021-10-29T08:30:00Z,None,0.9%,0.7%,1.3%,false,false
,Personal Income m/m,USD,2021-10-29T08:30:00Z,None,-0.2%,0.2%,-1.0%,false,false
,Personal Spending m/m,USD,2021-10-29T08:30:00Z,None,0.6%,1.0%,0.6%,false,false
,Chicago PMI,USD,2021-10-29T09:45:00Z,None,63.6,64.7,68.4,false,false
,Revised UoM Consumer Sentiment,USD,2021-10-29T10:00:00Z,None,71.4,71.4,71.7,false,false
,Revised UoM Inflation Expectations,USD,2021-10-29T10:00:00Z,None,,4.8%,4.8%,false,false
,G20 Meetings,All,2021-10-30T00:00:00Z,None,,,,false,false
,Manufacturing PMI,CNY,2021-10-30T21:00:00Z,None,49.7,49.6,49.2,false,false
,Non-Manufacturing PMI,CNY,2021-10-30T21:00:00Z,None,53.0,53.2,52.4,false,false
,Daylight Saving Time Shift,CHF,2021-10-30T22:00:00Z,None,,,,false,false
,Daylight Saving Time Shift,EUR,2021-10-30T22:00:00Z,None,,,,false,false
,Daylight Saving Time Shift,GBP,2021-10-30T22:00:00Z,None,,,,false,false
,Lower House Elections,JPY,2021-10-31T00:00:00Z,None,,,,true,false
,G20 Meetings,All,2021-10-31T00:00:00Z,None,,,,false,false
,AIG Manufacturing Index,AUD,2021-10-31T17:30:00Z,None,,51.2,50.4,false,false
,MI Inflation Gauge m/m,AUD,2021-10-31T20:00:00Z,None,,0.3%,0.2%,false,false
,ANZ Job Advertisements m/m,AUD,2021-10-31T20:30:00Z,None,,-2.8%,6.2%,false,false
,Final Manufacturing PMI,JPY,2021-10-31T20:30:00Z,None,53.0,53.0,53.2,false,false
,RatingDog Manufacturing PMI,CNY,2021-10-31T21:45:00Z,None,50.2,50.0,50.6,false,false
,10-y Bond Auction,JPY,2021-10-31T23:35:00Z,None,,0.05|2.5,0.11|3.1,false,false
,Italian Bank Holiday,EUR,2021-11-01T00:00:00Z,None,,,,true,false
,French Bank Holiday,EUR,2021-11-01T00:00:00Z,None,,,,true,false
,Commodity Prices y/y,AUD,2021-11-01T01:30:00Z,None,,36.8%,40.7%,false,false
,German Retail Sales m/m,EUR,2021-11-01T03:00:00Z,None,0.5%,1.2%,-2.5%,false,false
,Manufacturing PMI,CHF,2021-11-01T04:30:00Z,None,65.9,68.1,65.4,false,false
,Final Manufacturing PMI,GBP,2021-11-01T05:30:00Z,None,57.7,57.7,57.8,false,false
,Manufacturing PMI,CAD,2021-11-01T09:30:00Z,None,,57.0,57.7,false,false
,Final Manufacturing PMI,USD,2021-11-01T09:45:00Z,None,59.2,59.2,58.4,false,false
,ISM Manufacturing PMI,USD,2021-11-01T10:00:00Z,High,60.4,61.1,60.8,false,false
,Construction Spending m/m,USD,2021-11-01T10:00:00Z,None,0.6%,0.1%,-0.5%,false,false
,ISM Manufacturing Prices,USD,2021-11-01T10:00:00Z,None,82.5,81.2,85.7,false,false
,Building Consents m/m,NZD,2021-11-01T17:45:00Z,None,,3.8%,-1.9%,false,false
,Monetary Base y/y,JPY,2021-11-01T19:50:00Z,None,12.3%,11.7%,9.9%,false,false
,Monetary Policy Meeting Minutes,JPY,2021-11-01T19:50:00Z,None,,,,false,false
,Cash Rate,AUD,2021-11-01T23:30:00Z,High,0.10%,0.10%,0.10%,false,false
,RBA Rate Statement,AUD,2021-11-01T23:30:00Z,High,,,,false,false
,Omdia Total Vehicle Sales,USD,2021-11-02T00:00:00Z,None,12.5M,12.2M,13.0M,true,false
,Bank Holiday,JPY,2021-11-02T00:00:00Z,None,,,,true,false
,RBA Gov Lowe Speaks,AUD,2021-11-02T01:00:00Z,High,,,,false,false
,RBA Deputy Gov Debelle Speaks,AUD,2021-11-02T01:50:00Z,None,,,,false,false
,CPI m/m,CHF,2021-11-02T03:30:00Z,None,0.2%,0.0%,0.3%,false,false
,Retail Sales y/y,CHF,2021-11-02T03:30:00Z,None,1.4%,0.8%,2.5%,false,false
,Spanish Manufacturing PMI,EUR,2021-11-02T04:15:00Z,None,58.2,58.1,57.4,false,false
,Italian Manufacturing PMI,EUR,2021-11-02T04:45:00Z,None,59.6,59.7,61.1,false,false
,French Final Manufacturing PMI,EUR,2021-11-02T04:50:00Z,None,53.5,53.5,53.6,false,false
,German Final Manufacturing PMI,EUR,2021-11-02T04:55:00Z,None,58.2,58.2,57.8,false,false
,Final Manufacturing PMI,EUR,2021-11-02T05:00:00Z,None,58.5,58.5,58.3,false,false
,Building Permits m/m,CAD,2021-11-02T08:30:00Z,None,2.2%,-2.0%,4.3%,false,false
,RCM/TIPP Economic Optimism,USD,2021-11-02T09:10:00Z,None,49.3,46.8,43.9,false,false
,GDT Price Index,NZD,2021-11-02T11:13:00Z,None,,2.2%,4.3%,false,false
,RBNZ Financial Stability Report,NZD,2021-11-02T16:00:00Z,None,,,,false,false
,API Weekly Statistical Bulletin,USD,2021-11-02T16:30:00Z,None,,,,false,false
,AIG Construction Index,AUD,2021-11-02T17:30:00Z,None,,53.3,57.6,false,false
,Employment Change q/q,NZD,2021-11-02T17:45:00Z,High,0.4%,1.0%,2.0%,false,false
,Unemployment Rate,NZD,2021-11-02T17:45:00Z,High,3.9%,4.0%,3.4%,false,false
,Labor Cost Index q/q,NZD,2021-11-02T17:45:00Z,None,0.8%,0.9%,0.7%,false,false
,Building Approvals m/m,AUD,2021-11-02T20:30:00Z,None,-2.0%,7.6%,-4.3%,false,false
,RatingDog Services PMI,CNY,2021-11-02T21:45:00Z,None,53.0,53.4,53.8,false,false
,Nationwide HPI m/m,GBP,2021-11-03T03:00:00Z,None,0.3%,0.2%,0.7%,false,false
,French Gov Budget Balance,EUR,2021-11-03T03:45:00Z,None,,-178.0B,-175.1B,false,false
,Spanish Unemployment Change,EUR,2021-11-03T04:00:00Z,None,21.2K,-76.1K,-0.7K,false,false
,Italian Monthly Unemployment Rate,EUR,2021-11-03T05:00:00Z,None,9.3%,9.3%,9.2%,false,false
,Final Services PMI,GBP,2021-11-03T05:30:00Z,None,58.0,58.0,59.1,false,false
,ECB President Lagarde Speaks,EUR,2021-11-03T06:00:00Z,None,,,,false,false
,Unemployment Rate,EUR,2021-11-03T06:00:00Z,None,7.4%,7.5%,7.4%,false,false
,ADP Non-Farm Employment Change,USD,2021-11-03T08:15:00Z,High,400K,523K,571K,false,false
,Gov Council Member Gravelle Speaks,CAD,2021-11-03T09:00:00Z,None,,,,false,false
,Final Services PMI,USD,2021-11-03T09:45:00Z,None,58.2,58.2,58.7,false,false
,ISM Services PMI,USD,2021-11-03T10:00:00Z,High,61.9,61.9,66.7,false,false
,Factory Orders m/m,USD,2021-11-03T10:00:00Z,None,0.1%,1.0%,0.2%,false,false
,Crude Oil Inventories,USD,2021-11-03T10:30:00Z,None,1.9M,4.3M,3.3M,false,false
,BOE Gov Bailey Speaks,GBP,2021-11-03T12:00:00Z,None,,,,false,false
,Federal Funds Rate,USD,2021-11-03T14:00:00Z,High,<0.25%,<0.25%,<0.25%,false,false
,FOMC Statement,USD,2021-11-03T14:00:00Z,High,,,,false,false
,FOMC Press Conference,USD,2021-11-03T14:30:00Z,High,,,,false,false
,ANZ Commodity Prices m/m,NZD,2021-11-03T20:00:00Z,None,,1.5%,2.1%,false,false
,Goods Trade Balance,AUD,2021-11-03T20:30:00Z,None,12.25B,14.74B,12.24B,false,false
,OPEC-JMMC Meetings,All,2021-11-04T00:00:00Z,High,,,,true,false
,German Factory Orders m/m,EUR,2021-11-04T03:00:00Z,None,1.7%,-8.8%,1.3%,false,false
,SECO Consumer Climate,CHF,2021-11-04T04:00:00Z,None,7,8,4,false,false
,Spanish Services PMI,EUR,2021-11-04T04:15:00Z,None,55.7,56.9,56.6,false,false
,Italian Services PMI,EUR,2021-11-04T04:45:00Z,None,54.6,55.5,52.4,false,false
,French Final Services PMI,EUR,2021-11-04T04:50:00Z,None,56.6,56.6,56.6,false,false
,German Final Services PMI,EUR,2021-11-04T04:55:00Z,None,52.4,52.4,52.4,false,false
,Final Services PMI,EUR,2021-11-04T05:00:00Z,None,54.7,54.7,54.6,false,false
,Construction PMI,GBP,2021-11-04T05:30:00Z,None,52.0,52.6,54.6,false,false
,Spanish 10-y Bond Auction,EUR,2021-11-04T05:50:00Z,None,,0.45|1.4,0.48|1.3,false,false
,French 10-y Bond Auction,EUR,2021-11-04T06:00:00Z,None,,0.15|2.1,0.16|1.8,false,false
,PPI m/m,EUR,2021-11-04T06:00:00Z,None,2.3%,1.1%,2.7%,false,false
,Challenger Job Cuts y/y,USD,2021-11-04T07:30:00Z,None,,-84.9%,-71.7%,false,false
,Asset Purchase Facility,GBP,2021-11-04T08:00:00Z,High,875B,875B,875B,false,false
,BOE Monetary Policy Report,GBP,2021-11-04T08:00:00Z,High,,,,false,false
,Monetary Policy Summary,GBP,2021-11-04T08:00:00Z,High,,,,false,false
,MPC Asset Purchase Facility Votes,GBP,2021-11-04T08:00:00Z,High,0-2-7,0-2-7,0-3-6,false,false
,MPC Official Bank Rate Votes,GBP,2021-11-04T08:00:00Z,High,0-0-9,0-0-9,2-0-7,false,false
,Official Bank Rate,GBP,2021-11-04T08:00:00Z,High,0.10%,0.10%,0.10%,false,false
,Trade Balance,CAD,2021-11-04T08:30:00Z,None,1.5B,1.5B,1.9B,false,false
,BOE Gov Bailey Speaks,GBP,2021-11-04T08:30:00Z,High,,,,false,false
,Unemployment Claims,USD,2021-11-04T08:30:00Z,None,273K,283K,269K,false,false
,Prelim Nonfarm Productivity q/q,USD,2021-11-04T08:30:00Z,None,-3.2%,2.1%,-5.0%,false,false
,Prelim Unit Labor Costs q/q,USD,2021-11-04T08:30:00Z,None,7.1%,1.3%,8.3%,false,false
,Trade Balance,USD,2021-11-04T08:30:00Z,None,-80.1B,-72.8B,-80.9B,false,false
,ECB President Lagarde Speaks,EUR,2021-11-04T09:00:00Z,None,,,,false,false
,Natural Gas Storage,USD,2021-11-04T10:30:00Z,None,67B,87B,63B,false,false
,MPC Member Cunliffe Speaks,GBP,2021-11-04T12:50:00Z,None,,,,false,false
,AIG Services Index,AUD,2021-11-04T17:30:00Z,None,,45.7,47.6,false,false
,Household Spending y/y,JPY,2021-11-04T19:30:00Z,None,-3.5%,-3.0%,-1.9%,false,false
,RBA Monetary Policy Statement,AUD,2021-11-04T20:30:00Z,None,,,,false,false
,German Industrial Production m/m,EUR,2021-11-05T03:00:00Z,None,1.1%,-3.5%,-1.1%,false,false
,Lloyds HPI m/m,GBP,2021-11-05T03:00:00Z,None,0.7%,1.7%,0.9%,false,false
,French Industrial Production m/m,EUR,2021-11-05T03:45:00Z,None,0.0%,1.0%,-1.3%,false,false
,French Prelim Private Payrolls q/q,EUR,2021-11-05T03:45:00Z,None,0.6%,1.4%,0.5%,false,false
,Foreign Currency Reserves,CHF,2021-11-05T04:00:00Z,None,,939B,923B,false,false
,Italian Retail Sales m/m,EUR,2021-11-05T05:00:00Z,None,0.2%,0.8%,0.8%,false,false
,Retail Sales m/m,EUR,2021-11-05T06:00:00Z,None,0.2%,1.0%,-0.3%,false,false
,MPC Member Ramsden Speaks,GBP,2021-11-05T08:15:00Z,None,,,,false,false
,Employment Change,CAD,2021-11-05T08:30:00Z,High,42.0K,157.1K,31.2K,false,false
,Unemployment Rate,CAD,2021-11-05T08:30:00Z,High,6.8%,6.9%,6.7%,false,false
,Average Hourly Earnings m/m,USD,2021-11-05T08:30:00Z,High,0.4%,0.6%,0.4%,false,false
,Non-Farm Employment Change,USD,2021-11-05T08:30:00Z,High,455K,312K,531K,false,false
,Unemployment Rate,USD,2021-11-05T08:30:00Z,High,4.7%,4.8%,4.6%,false,false
,MPC Member Tenreyro Speaks,GBP,2021-11-05T09:00:00Z,None,,,,false,false
,Ivey PMI,CAD,2021-11-05T10:00:00Z,None,71.2,70.4,59.3,false,false
,Consumer Credit m/m,USD,2021-11-05T15:00:00Z,None,16.1B,13.8B,29.9B,false,false
,Trade Balance,CNY,2021-11-06T23:01:00Z,None,386B,433B,546B,false,false
,USD-Denominated Trade Balance,CNY,2021-11-06T23:02:00Z,None,64.0B,66.8B,84.5B,false,false
,Daylight Saving Time Shift,CAD,2021-11-07T02:00:00Z,None,,,,false,false
,Daylight Saving Time Shift,USD,2021-11-07T02:00:00Z,None,,,,false,false
,BOJ Summary of Opinions,JPY,2021-11-07T18:50:00Z,None,,,,false,false
,Leading Indicators,JPY,2021-11-08T00:00:00Z,None,99.9%,101.3%,99.7%,false,false
,Eurogroup Meetings,EUR,2021-11-08T00:00:00Z,None,,,,true,false
,Unemployment Rate,CHF,2021-11-08T01:45:00Z,None,2.7%,2.8%,2.7%,false,false
,Sentix Investor Confidence,EUR,2021-11-08T04:30:00Z,None,14.9,16.9,18.3,false,false
,FOMC Member Clarida Speaks,USD,2021-11-08T09:00:00Z,None,,,,false,false
,FOMC Member Powell Speaks,USD,2021-11-08T10:30:00Z,High,,,,false,false
,FOMC Member Williams Speaks,USD,2021-11-08T10:55:00Z,None,,,,false,false
,BOE Gov Bailey Speaks,GBP,2021-11-08T12:00:00Z,High,,,,false,false
,FOMC Member Bowman Speaks,USD,2021-11-08T12:00:00Z,None,,,,false,false
,FOMC Member Evans Speaks,USD,2021-11-08T13:50:00Z,None,,,,false,false
,Loan Officer Survey,USD,2021-11-08T14:00:00Z,None,,,,false,false
,NAB Business Confidence,AUD,2021-11-08T15:30:00Z,None,,10,21,false,false
,FOMC Financial Stability Report,USD,2021-11-08T16:00:00Z,None,,,,false,false
,Average Cash Earnings y/y,JPY,2021-11-08T18:30:00Z,None,0.6%,0.6%,0.2%,false,false
,Bank Lending y/y,JPY,2021-11-08T18:50:00Z,None,0.7%,0.6%,0.9%,false,false
,Current Account,JPY,2021-11-08T18:50:00Z,None,0.85T,0.88T,0.76T,false,false
,BRC Retail Sales Monitor y/y,GBP,2021-11-08T19:01:00Z,None,1.1%,-0.6%,-0.2%,false,false
,30-y Bond Auction,JPY,2021-11-08T22:35:00Z,None,,0.70|2.9,0.68|3.4,false,false
,Economy Watchers Sentiment,JPY,2021-11-09T00:00:00Z,None,48.6,42.1,55.5,false,false
,ECOFIN Meetings,EUR,2021-11-09T00:00:00Z,None,,,,true,false
,German Trade Balance,EUR,2021-11-09T02:05:00Z,None,14.2B,14.0B,13.2B,false,false
,French Trade Balance,EUR,2021-11-09T02:45:00Z,None,-7.0B,-6.7B,-6.8B,false,false
,ZEW Economic Sentiment,EUR,2021-11-09T05:00:00Z,None,20.6,21.0,25.9,false,false
,German ZEW Economic Sentiment,EUR,2021-11-09T05:00:00Z,None,20.3,22.3,31.7,false,false
,NFIB Small Business Index,USD,2021-11-09T06:00:00Z,None,99.4,99.1,98.2,false,false
,ECB President Lagarde Speaks,EUR,2021-11-09T08:00:00Z,None,,,,false,false
,PPI m/m,USD,2021-11-09T08:30:00Z,High,0.6%,0.5%,0.6%,false,false
,Core PPI m/m,USD,2021-11-09T08:30:00Z,None,0.5%,0.2%,0.4%,false,false
,FOMC Member Powell Speaks,USD,2021-11-09T09:00:00Z,High,,,,false,false
,MPC Member Broadbent Speaks,GBP,2021-11-09T10:30:00Z,None,,,,false,false
,BOE Gov Bailey Speaks,GBP,2021-11-09T11:00:00Z,High,,,,false,false
,FOMC Member Daly Speaks,USD,2021-11-09T11:35:00Z,None,,,,false,false
,10-y Bond Auction,USD,2021-11-09T13:01:00Z,None,,1.58|2.6,1.44|2.4,false,false
,API Weekly Statistical Bulletin,USD,2021-11-09T16:30:00Z,None,,,,false,false
,BOC Gov Macklem Speaks,CAD,2021-11-09T17:45:00Z,High,,,,false,false
,Westpac Consumer Sentiment,AUD,2021-11-09T18:30:00Z,None,,-1.5%,0.6%,false,false
,M2 Money Stock y/y,JPY,2021-11-09T18:50:00Z,None,4.0%,4.2%,4.2%,false,false
,Prelim ANZ Business Confidence,NZD,2021-11-09T19:00:00Z,None,,-13.4,-18.1,false,false
,CPI y/y,CNY,2021-11-09T20:30:00Z,None,1.4%,0.7%,1.5%,false,false
,PPI y/y,CNY,2021-11-09T20:30:00Z,None,12.2%,10.7%,13.5%,false,false
,Prelim Machine Tool Orders y/y,JPY,2021-11-10T00:57:00Z,None,,71.9%,81.5%,false,false
,German Final CPI m/m,EUR,2021-11-10T02:00:00Z,None,0.5%,0.5%,0.5%,false,false
,M2 Money Supply y/y,CNY,2021-11-10T03:01:00Z,None,8.3%,8.3%,8.7%,false,false
,New Loans,CNY,2021-11-10T03:01:00Z,None,800B,1660B,826B,false,false
,German Buba President Weidmann Speaks,EUR,2021-11-10T04:00:00Z,None,,,,false,false
,Italian Industrial Production m/m,EUR,2021-11-10T04:00:00Z,None,-0.1%,-0.3%,0.1%,false,false
,German 10-y Bond Auction,EUR,2021-11-10T05:36:00Z,None,,-0.16|1.1,-0.29|1.1,false,false
,MPC Member Tenreyro Speaks,GBP,2021-11-10T08:30:00Z,None,,,,false,false
,Core CPI m/m,USD,2021-11-10T08:30:00Z,High,0.4%,0.2%,0.6%,false,false
,Core CPI y/y,USD,2021-11-10T08:30:00Z,High,4.3%,4.0%,4.6%,false,false
,CPI m/m,USD,2021-11-10T08:30:00Z,High,0.6%,0.4%,0.9%,false,false
,CPI y/y,USD,2021-11-10T08:30:00Z,High,5.9%,5.4%,6.2%,false,false
,Unemployment Claims,USD,2021-11-10T08:30:00Z,None,257K,271K,267K,false,false
,Final Wholesale Inventories m/m,USD,2021-11-10T10:00:00Z,None,1.1%,1.1%,1.4%,false,false
,Mortgage Delinquencies,USD,2021-11-10T10:00:00Z,None,,5.47%,4.88%,false,false
,Crude Oil Inventories,USD,2021-11-10T10:30:00Z,None,1.6M,3.3M,1.0M,false,false
,Natural Gas Storage,USD,2021-11-10T12:00:00Z,None,9B,63B,7B,false,false
,30-y Bond Auction,USD,2021-11-10T13:01:00Z,None,,2.05|2.4,1.94|2.2,false,false
,Federal Budget Balance,USD,2021-11-10T14:00:00Z,None,-180.3B,-61.5B,-165.1B,false,false
,FPI m/m,NZD,2021-11-10T16:45:00Z,None,,0.5%,-0.9%,false,false
,PPI y/y,JPY,2021-11-10T18:50:00Z,None,6.9%,6.4%,8.0%,false,false
,RICS House Price Balance,GBP,2021-11-10T19:01:00Z,None,65%,69%,70%,false,false
,MI Inflation Expectations,AUD,2021-11-10T19:03:00Z,None,,3.6%,4.6%,false,false
,Employment Change,AUD,2021-11-10T19:30:00Z,High,50.0K,-141.1K,-46.3K,false,false
,Unemployment Rate,AUD,2021-11-10T19:30:00Z,High,4.8%,4.6%,5.2%,false,false
,French Bank Holiday,EUR,2021-11-11T00:00:00Z,None,,,,true,false
,Bank Holiday,CAD,2021-11-11T00:00:00Z,None,,,,true,false
,Bank Holiday,USD,2021-11-11T00:00:00Z,None,,,,true,false
,Prelim GDP q/q,GBP,2021-11-11T02:00:00Z,None,1.5%,5.5%,1.3%,false,false
,Construction Output m/m,GBP,2021-11-11T02:00:00Z,None,0.2%,-0.7%,1.3%,false,false
,GDP m/m,GBP,2021-11-11T02:00:00Z,None,0.4%,0.2%,0.6%,false,false
,Goods Trade Balance,GBP,2021-11-11T02:00:00Z,None,-14.3B,-13.7B,-14.7B,false,false
,Index of Services 3m/3m,GBP,2021-11-11T02:00:00Z,None,1.9%,3.5%,1.6%,false,false
,Industrial Production m/m,GBP,2021-11-11T02:00:00Z,None,0.2%,1.0%,-0.4%,false,false
,Manufacturing Production m/m,GBP,2021-11-11T02:00:00Z,None,0.2%,0.3%,-0.1%,false,false
,Prelim Business Investment q/q,GBP,2021-11-11T02:00:00Z,None,3.5%,4.5%,0.4%,false,false
,ECB Economic Bulletin,EUR,2021-11-11T04:00:00Z,None,,,,false,false
,EU Economic Forecasts,EUR,2021-11-11T05:00:00Z,None,,,,false,false
,MPC Member Mann Speaks,GBP,2021-11-11T05:45:00Z,None,,,,false,false
,NIESR GDP Estimate,GBP,2021-11-11T07:58:00Z,None,,1.3%,1.0%,false,false
,Gov Board Member Maechler Speaks,CHF,2021-11-11T12:30:00Z,None,,,,false,false
,BusinessNZ Manufacturing Index,NZD,2021-11-11T16:30:00Z,None,,51.6,54.3,false,false
,ECOFIN Meetings,EUR,2021-11-12T00:00:00Z,None,,,,true,false
,German WPI m/m,EUR,2021-11-12T02:00:00Z,None,0.6%,0.8%,1.6%,false,false
,PPI m/m,CHF,2021-11-12T02:30:00Z,None,0.4%,0.2%,0.6%,false,false
,Industrial Production m/m,EUR,2021-11-12T05:00:00Z,None,-0.5%,-1.7%,-0.2%,false,false
,MPC Member Haskel Speaks,GBP,2021-11-12T09:00:00Z,None,,,,false,false
,JOLTS Job Openings,USD,2021-11-12T10:00:00Z,None,10.02M,10.63M,10.44M,false,false
,Prelim UoM Consumer Sentiment,USD,2021-11-12T10:00:00Z,None,72.5,71.7,66.8,false,false
,Prelim UoM Inflation Expectations,USD,2021-11-12T10:00:00Z,None,,4.8%,4.9%,false,false
,FOMC Member Williams Speaks,USD,2021-11-12T12:10:00Z,None,,,,false,false
,BusinessNZ Services Index,NZD,2021-11-14T16:30:00Z,None,,46.5,44.6,false,false
,Visitor Arrivals m/m,NZD,2021-11-14T16:45:00Z,None,,-91.1%,-13.7%,false,false
,Prelim GDP Price Index y/y,JPY,2021-11-14T18:50:00Z,None,-1.2%,-1.1%,-1.1%,false,false
,Prelim GDP q/q,JPY,2021-11-14T18:50:00Z,None,-0.2%,0.5%,-0.8%,false,false
,Rightmove HPI m/m,GBP,2021-11-14T19:01:00Z,None,,1.8%,-0.6%,false,false
,RBA Assist Gov Ellis Speaks,AUD,2021-11-14T19:30:00Z,None,,,,false,false
,New Home Prices m/m,CNY,2021-11-14T20:30:00Z,None,,-0.08%,-0.25%,false,false
,Unemployment Rate,CNY,2021-11-14T21:00:00Z,None,4.9%,4.9%,4.9%,false,false
,Industrial Production y/y,CNY,2021-11-14T21:00:00Z,None,3.0%,3.1%,3.5%,false,false
,Fixed Asset Investment ytd/y,CNY,2021-11-14T21:00:00Z,None,6.3%,7.3%,6.1%,false,false
,Retail Sales y/y,CNY,2021-11-14T21:00:00Z,None,3.8%,4.4%,4.9%,false,false
,Revised Industrial Production m/m,JPY,2021-11-14T23:30:00Z,None,-5.4%,-5.4%,-5.4%,false,false
,Foreign Direct Investment ytd/y,CNY,2021-11-15T03:14:00Z,None,,19.6%,17.8%,false,false
,MPC Member Haskel Speaks,GBP,2021-11-15T04:30:00Z,None,,,,false,false
,ECB President Lagarde Speaks,EUR,2021-11-15T05:00:00Z,None,,,,false,false
,Trade Balance,EUR,2021-11-15T05:00:00Z,None,12.5B,9.7B,6.1B,false,false
,Manufacturing Sales m/m,CAD,2021-11-15T08:30:00Z,None,-3.0%,1.1%,-3.0%,false,false
,Empire State Manufacturing Index,USD,2021-11-15T08:30:00Z,None,22.1,19.8,30.9,false,false
,Wholesale Sales m/m,CAD,2021-11-15T08:30:00Z,None,1.1%,0.7%,1.0%,false,false
,Monetary Policy Report Hearings,GBP,2021-11-15T09:30:00Z,High,,,,false,false
,Monetary Policy Meeting Minutes,AUD,2021-11-15T19:30:00Z,High,,,,false,false
,President Biden Speaks,USD,2021-11-15T19:45:00Z,None,,,,false,false
,RBA Gov Lowe Speaks,AUD,2021-11-15T21:30:00Z,High,,,,false,false
,Tertiary Industry Activity m/m,JPY,2021-11-15T23:30:00Z,None,0.9%,-1.1%,0.5%,false,false
,Average Earnings Index 3m/y,GBP,2021-11-16T02:00:00Z,None,5.5%,7.2%,5.8%,false,false
,Claimant Count Change,GBP,2021-11-16T02:00:00Z,None,-39.2K,-85.9K,-14.9K,false,false
,Unemployment Rate,GBP,2021-11-16T02:00:00Z,None,4.4%,4.5%,4.3%,false,false
,French Final CPI m/m,EUR,2021-11-16T02:45:00Z,None,0.4%,0.4%,0.4%,false,false
,Flash GDP q/q,EUR,2021-11-16T05:00:00Z,None,2.2%,2.2%,2.2%,false,false
,Flash Employment Change q/q,EUR,2021-11-16T05:00:00Z,None,0.6%,0.7%,0.9%,false,false
,Housing Starts,CAD,2021-11-16T08:15:00Z,None,254K,250K,237K,false,false
,Core Retail Sales m/m,USD,2021-11-16T08:30:00Z,High,1.0%,0.7%,1.7%,false,false
,Retail Sales m/m,USD,2021-11-16T08:30:00Z,High,1.3%,0.8%,1.7%,false,false
,Import Prices m/m,USD,2021-11-16T08:30:00Z,None,1.0%,0.4%,1.2%,false,false
,Industrial Production m/m,USD,2021-11-16T09:15:00Z,None,0.9%,-1.3%,1.6%,false,false
,Capacity Utilization Rate,USD,2021-11-16T09:15:00Z,None,75.9%,75.2%,76.4%,false,false
,GDT Price Index,NZD,2021-11-16T09:41:00Z,None,,4.3%,1.9%,false,false
,NAHB Housing Market Index,USD,2021-11-16T10:00:00Z,None,80,80,83,false,false
,Business Inventories m/m,USD,2021-11-16T10:00:00Z,None,0.6%,0.8%,0.7%,false,false
,ECB President Lagarde Speaks,EUR,2021-11-16T11:10:00Z,None,,,,false,false
,Gov Council Member Schembri Speaks,CAD,2021-11-16T12:00:00Z,None,,,,false,false
,FOMC Member Barkin Speaks,USD,2021-11-16T13:30:00Z,None,,,,false,false
,FOMC Member Bostic Speaks,USD,2021-11-16T13:30:00Z,None,,,,false,false
,FOMC Member Daly Speaks,USD,2021-11-16T15:30:00Z,None,,,,false,false
,TIC Long-Term Purchases,USD,2021-11-16T16:00:00Z,None,64.1B,79.3B,26.3B,false,false
,API Weekly Statistical Bulletin,USD,2021-11-16T16:30:00Z,None,,,,false,false
,PPI Output q/q,NZD,2021-11-16T16:45:00Z,None,1.4%,2.6%,1.8%,false,false
,PPI Input q/q,NZD,2021-11-16T16:45:00Z,None,1.7%,3.0%,1.6%,false,false
,MI Leading Index m/m,AUD,2021-11-16T18:30:00Z,None,,0.0%,0.2%,false,false
,Core Machinery Orders m/m,JPY,2021-11-16T18:50:00Z,None,1.4%,-2.4%,0.0%,false,false
,Trade Balance,JPY,2021-11-16T18:50:00Z,None,-0.60T,-0.61T,-0.44T,false,false
,Wage Price Index q/q,AUD,2021-11-16T19:30:00Z,None,0.6%,0.4%,0.6%,false,false
,ECB President Lagarde Speaks,EUR,2021-11-16T20:20:00Z,None,,,,false,false
,Core CPI y/y,GBP,2021-11-17T02:00:00Z,None,3.1%,2.9%,3.4%,false,false
,CPI y/y,GBP,2021-11-17T02:00:00Z,High,3.9%,3.1%,4.2%,false,false
,RPI y/y,GBP,2021-11-17T02:00:00Z,None,5.7%,4.9%,6.0%,false,false
,PPI Input m/m,GBP,2021-11-17T02:02:00Z,None,1.1%,0.8%,1.4%,false,false
,PPI Output m/m,GBP,2021-11-17T02:02:00Z,None,0.7%,0.7%,1.1%,false,false
,ECB Financial Stability Review,EUR,2021-11-17T04:00:00Z,None,,,,false,false
,Italian Trade Balance,EUR,2021-11-17T04:02:00Z,None,2.07B,1.32B,2.45B,false,false
,HPI y/y,GBP,2021-11-17T04:30:00Z,None,11.5%,10.2%,11.8%,false,false
,Final CPI y/y,EUR,2021-11-17T05:00:00Z,None,4.1%,4.1%,4.1%,false,false
,Final Core CPI y/y,EUR,2021-11-17T05:00:00Z,None,2.1%,2.1%,2.0%,false,false
,German 30-y Bond Auction,EUR,2021-11-17T05:35:00Z,None,,0.35|2.0,0.08|1.1,false,false
,Common CPI y/y,CAD,2021-11-17T08:30:00Z,None,1.9%,1.8%,1.8%,false,false
,CPI m/m,CAD,2021-11-17T08:30:00Z,High,0.7%,0.2%,0.7%,false,false
,Housing Starts,USD,2021-11-17T08:30:00Z,None,1.58M,1.53M,1.52M,false,false
,Building Permits,USD,2021-11-17T08:30:00Z,None,1.63M,1.59M,1.65M,false,false
,Trimmed CPI y/y,CAD,2021-11-17T08:30:00Z,None,3.4%,3.3%,3.3%,false,false
,Median CPI y/y,CAD,2021-11-17T08:30:00Z,None,2.9%,2.9%,2.9%,false,false
,Core CPI m/m,CAD,2021-11-17T08:32:00Z,None,,0.3%,0.6%,false,false
,FOMC Member Williams Speaks,USD,2021-11-17T09:10:00Z,None,,,,false,false
,CB Leading Index m/m,GBP,2021-11-17T09:30:00Z,None,,0.1%,0.1%,false,false
,Crude Oil Inventories,USD,2021-11-17T10:30:00Z,None,1.0M,1.0M,-2.1M,false,false
,FOMC Member Bowman Speaks,USD,2021-11-17T11:00:00Z,None,,,,false,false
,FOMC Member Waller Speaks,USD,2021-11-17T12:40:00Z,None,,,,false,false
,FOMC Member Daly Speaks,USD,2021-11-17T12:40:00Z,None,,,,false,false
,FOMC Member Evans Speaks,USD,2021-11-17T16:05:00Z,None,,,,false,false
,FOMC Member Bostic Speaks,USD,2021-11-17T16:10:00Z,None,,,,false,false
,Inflation Expectations q/q,NZD,2021-11-17T21:00:00Z,None,,2.27%,2.96%,false,false
,RBA Assist Gov Ellis Speaks,AUD,2021-11-17T23:00:00Z,None,,,,false,false
,Trade Balance,CHF,2021-11-18T02:00:00Z,None,4.90B,5.01B,5.65B,false,false
,Spanish 10-y Bond Auction,EUR,2021-11-18T04:49:00Z,None,,0.48|1.3,0.47|1.4,false,false
,FOMC Member Bostic Speaks,USD,2021-11-18T08:00:00Z,None,,,,false,false
,Foreign Securities Purchases,CAD,2021-11-18T08:30:00Z,None,20.05B,22.74B,20.02B,false,false
,Unemployment Claims,USD,2021-11-18T08:30:00Z,None,260K,269K,268K,false,false
,Philly Fed Manufacturing Index,USD,2021-11-18T08:30:00Z,None,24.2,23.8,39.0,false,false
,ADP Non-Farm Employment Change,CAD,2021-11-18T08:35:00Z,None,,41.0K,65.8K,false,false
,FOMC Member Williams Speaks,USD,2021-11-18T09:30:00Z,None,,,,false,false
,CB Leading Index m/m,USD,2021-11-18T10:00:00Z,None,0.8%,0.1%,0.9%,false,false
,Natural Gas Storage,USD,2021-11-18T10:30:00Z,None,25B,7B,26B,false,false
,FOMC Member Evans Speaks,USD,2021-11-18T14:00:00Z,None,,,,false,false
,FOMC Member Daly Speaks,USD,2021-11-18T15:30:00Z,None,,,,false,false
,National Core CPI y/y,JPY,2021-11-18T18:30:00Z,None,0.1%,0.1%,0.1%,false,false
,GfK Consumer Confidence,GBP,2021-11-18T19:01:00Z,None,-18,-17,-14,false,false
,Credit Card Spending y/y,NZD,2021-11-18T21:00:00Z,None,,-12.8%,-5.6%,false,false
,German PPI m/m,EUR,2021-11-19T02:00:00Z,None,2.0%,2.3%,3.8%,false,false
,Retail Sales m/m,GBP,2021-11-19T02:00:00Z,None,0.5%,0.0%,0.8%,false,false
,Public Sector Net Borrowing,GBP,2021-11-19T02:00:00Z,None,12.2B,19.9B,18.0B,false,false
,ECB President Lagarde Speaks,EUR,2021-11-19T03:30:00Z,None,,,,false,false
,Current Account,EUR,2021-11-19T04:00:00Z,None,16.2B,17.1B,18.7B,false,false
,MPC Member Pill Speaks,GBP,2021-11-19T07:00:00Z,None,,,,false,false
,German Buba President Weidmann Speaks,EUR,2021-11-19T08:00:00Z,None,,,,false,false
,Core Retail Sales m/m,CAD,2021-11-19T08:30:00Z,None,-1.0%,2.6%,-0.2%,false,false
,Retail Sales m/m,CAD,2021-11-19T08:30:00Z,None,-1.6%,1.8%,-0.6%,false,false
,NHPI m/m,CAD,2021-11-19T08:30:00Z,None,0.5%,0.4%,0.9%,false,false
,FOMC Member Waller Speaks,USD,2021-11-19T10:45:00Z,None,,,,false,false
,FOMC Member Clarida Speaks,USD,2021-11-19T12:15:00Z,None,,,,false,false
,1-y Loan Prime Rate,CNY,2021-11-21T20:30:00Z,None,3.85%,3.85%,3.85%,false,false
,5-y Loan Prime Rate,CNY,2021-11-21T20:30:00Z,None,4.65%,4.65%,4.65%,false,false
,Bank Holiday,JPY,2021-11-22T00:00:00Z,None,,,,true,false
,German Buba Monthly Report,EUR,2021-11-22T06:00:00Z,None,,,,false,false
,Consumer Confidence,EUR,2021-11-22T09:59:00Z,None,-5,-5,-7,false,false
,Existing Home Sales,USD,2021-11-22T10:00:00Z,None,6.20M,6.29M,6.34M,false,false
,President Biden Speaks,USD,2021-11-22T13:20:00Z,None,,,,false,false
,Retail Sales q/q,NZD,2021-11-22T16:45:00Z,None,-10.2%,3.3%,-8.1%,false,false
,Core Retail Sales q/q,NZD,2021-11-22T16:48:00Z,None,-7.6%,3.4%,-6.7%,false,false
,Flash Manufacturing PMI,AUD,2021-11-22T17:00:00Z,None,,58.2,58.5,false,false
,Flash Services PMI,AUD,2021-11-22T17:00:00Z,None,,51.8,55.0,false,false
,French Flash Services PMI,EUR,2021-11-23T03:15:00Z,None,55.6,56.6,58.2,false,false
,French Flash Manufacturing PMI,EUR,2021-11-23T03:15:00Z,None,53.1,53.6,54.6,false,false
,German Flash Manufacturing PMI,EUR,2021-11-23T03:30:00Z,High,57.0,57.8,57.6,false,false
,German Flash Services PMI,EUR,2021-11-23T03:30:00Z,High,51.4,52.4,53.4,false,false
,Flash Manufacturing PMI,EUR,2021-11-23T04:00:00Z,None,57.5,58.3,58.6,false,false
,Flash Services PMI,EUR,2021-11-23T04:00:00Z,None,53.6,54.6,56.6,false,false
,Flash Services PMI,GBP,2021-11-23T04:30:00Z,None,58.6,59.1,58.6,false,false
,Flash Manufacturing PMI,GBP,2021-11-23T04:30:00Z,None,57.2,57.8,58.2,false,false
,MPC Member Haskel Speaks,GBP,2021-11-23T06:00:00Z,None,,,,false,false
,Corporate Profits q/q,CAD,2021-11-23T08:30:00Z,None,,-0.4%,2.8%,false,false
,CB Leading Index m/m,CNY,2021-11-23T09:00:00Z,None,,0.6%,0.3%,false,false
,Flash Services PMI,USD,2021-11-23T09:45:00Z,None,59.1,58.7,57.0,false,false
,Flash Manufacturing PMI,USD,2021-11-23T09:45:00Z,None,59.3,58.4,59.1,false,false
,Richmond Manufacturing Index,USD,2021-11-23T10:00:00Z,None,10,12,11,false,false
,CB Leading Index m/m,AUD,2021-11-23T10:30:00Z,None,,0.3%,0.1%,false,false
,Gov Council Member Beaudry Speaks,CAD,2021-11-23T13:00:00Z,None,,,,false,false
,API Weekly Statistical Bulletin,USD,2021-11-23T16:30:00Z,None,,,,false,false
,RBA Gov Bullock Speaks,AUD,2021-11-23T17:15:00Z,None,,,,false,false
,Construction Work Done q/q,AUD,2021-11-23T19:30:00Z,None,-3.0%,2.2%,-0.3%,false,false
,Flash Manufacturing PMI,JPY,2021-11-23T19:30:00Z,None,53.5,53.2,54.2,false,false
,RBA Gov Bullock Speaks,AUD,2021-11-23T19:40:00Z,None,,,,false,false
,Official Cash Rate,NZD,2021-11-23T20:00:00Z,High,0.75%,0.50%,0.75%,false,false
,RBNZ Monetary Policy Statement,NZD,2021-11-23T20:00:00Z,High,,,,false,false
,RBNZ Rate Statement,NZD,2021-11-23T20:00:00Z,High,,,,false,false
,RBNZ Press Conference,NZD,2021-11-23T21:00:00Z,High,,,,false,false
,BOJ Core CPI y/y,JPY,2021-11-24T00:00:00Z,None,0.4%,0.6%,0.6%,false,false
,UBS Economic Expectations,CHF,2021-11-24T04:00:00Z,None,,15.6,-10.8,false,false
,German ifo Business Climate,EUR,2021-11-24T04:00:00Z,None,96.8,97.7,96.5,false,false
,CBI Industrial Order Expectations,GBP,2021-11-24T06:00:00Z,None,8,9,26,false,false
,Prelim GDP q/q,USD,2021-11-24T08:30:00Z,High,2.2%,2.0%,2.1%,false,false
,Core Durable Goods Orders m/m,USD,2021-11-24T08:30:00Z,None,0.5%,0.5%,0.5%,false,false
,Durable Goods Orders m/m,USD,2021-11-24T08:30:00Z,None,0.2%,-0.3%,-0.5%,false,false
,Unemployment Claims,USD,2021-11-24T08:30:00Z,None,259K,270K,199K,false,false
,Goods Trade Balance,USD,2021-11-24T08:30:00Z,None,-94.9B,-96.3B,-82.9B,false,false
,Prelim GDP Price Index q/q,USD,2021-11-24T08:30:00Z,None,5.7%,5.7%,5.9%,false,false
,Prelim Wholesale Inventories m/m,USD,2021-11-24T08:30:00Z,None,1.0%,1.4%,2.2%,false,false
,Belgian NBB Business Climate,EUR,2021-11-24T09:00:00Z,None,3.5,4.0,4.2,false,false
,MPC Member Tenreyro Speaks,GBP,2021-11-24T09:30:00Z,None,,,,false,false
,Core PCE Price Index m/m,USD,2021-11-24T10:00:00Z,High,0.4%,0.2%,0.4%,false,false
,Revised UoM Consumer Sentiment,USD,2021-11-24T10:00:00Z,None,66.8,66.8,67.4,false,false
,New Home Sales,USD,2021-11-24T10:00:00Z,None,801K,742K,745K,false,false
,Personal Income m/m,USD,2021-11-24T10:00:00Z,None,0.2%,-1.0%,0.5%,false,false
,Personal Spending m/m,USD,2021-11-24T10:00:00Z,None,1.0%,0.6%,1.3%,false,false
,Revised UoM Inflation Expectations,USD,2021-11-24T10:00:00Z,None,,4.9%,4.9%,false,false
,Crude Oil Inventories,USD,2021-11-24T10:30:00Z,None,-1.7M,-2.1M,1.0M,false,false
,Natural Gas Storage,USD,2021-11-24T12:00:00Z,None,-23B,26B,-21B,false,false
,FOMC Meeting Minutes,USD,2021-11-24T14:00:00Z,High,,,,false,false
,Trade Balance,NZD,2021-11-24T16:45:00Z,None,-1575M,-2206M,-1286M,false,false
,SPPI y/y,JPY,2021-11-24T18:50:00Z,None,0.9%,0.9%,1.0%,false,false
,Private Capital Expenditure q/q,AUD,2021-11-24T19:30:00Z,None,-1.9%,3.4%,-2.2%,false,false
,Bank Holiday,USD,2021-11-25T00:00:00Z,None,,,,true,false
,German Final GDP q/q,EUR,2021-11-25T02:00:00Z,None,1.8%,1.8%,1.7%,false,false
,German GfK Consumer Climate,EUR,2021-11-25T02:00:00Z,None,-1.0,1.0,-1.6,false,false
,CBI Realized Sales,GBP,2021-11-25T06:00:00Z,None,32,30,39,false,false
,ECB Monetary Policy Meeting Accounts,EUR,2021-11-25T07:30:00Z,None,,,,false,false
,ECB President Lagarde Speaks,EUR,2021-11-25T08:30:00Z,None,,,,false,false
,MPC Member Haskel Speaks,GBP,2021-11-25T09:05:00Z,None,,,,false,false
,BOE Gov Bailey Speaks,GBP,2021-11-25T12:00:00Z,High,,,,false,false
,Tokyo Core CPI y/y,JPY,2021-11-25T18:30:00Z,None,0.3%,0.1%,0.3%,false,false
,Retail Sales m/m,AUD,2021-11-25T19:30:00Z,None,2.2%,1.3%,4.9%,false,false
,German Import Prices m/m,EUR,2021-11-26T02:00:00Z,None,2.0%,1.3%,3.8%,false,false
,GDP q/q,CHF,2021-11-26T03:00:00Z,None,1.6%,1.8%,1.7%,false,false
,ECB President Lagarde Speaks,EUR,2021-11-26T03:00:00Z,None,,,,false,false
,Private Loans y/y,EUR,2021-11-26T04:00:00Z,None,4.0%,4.1%,4.1%,false,false
,M3 Money Supply y/y,EUR,2021-11-26T04:00:00Z,None,7.4%,7.5%,7.7%,false,false
,MPC Member Pill Speaks,GBP,2021-11-26T08:00:00Z,None,,,,false,false
,Retail Sales y/y,JPY,2021-11-28T18:50:00Z,None,1.2%,-0.5%,0.9%,false,false
,Company Operating Profits q/q,AUD,2021-11-28T19:30:00Z,None,2.7%,7.1%,4.0%,false,false
,German Prelim CPI m/m,EUR,2021-11-29T00:00:00Z,None,-0.4%,0.5%,-0.2%,true,false
,Spanish Flash CPI y/y,EUR,2021-11-29T03:00:00Z,None,5.5%,5.4%,5.6%,false,false
,BOJ Gov Kuroda Speaks,JPY,2021-11-29T03:34:00Z,None,,,,false,false
,M4 Money Supply m/m,GBP,2021-11-29T04:30:00Z,None,0.7%,0.7%,0.6%,false,false
,Mortgage Approvals,GBP,2021-11-29T04:30:00Z,None,71K,72K,67K,false,false
,Net Lending to Individuals m/m,GBP,2021-11-29T04:32:00Z,None,9.7B,9.6B,2.3B,false,false
,Current Account,CAD,2021-11-29T08:30:00Z,None,5.4B,1.4B,1.4B,false,false
,IPPI m/m,CAD,2021-11-29T08:30:00Z,None,1.2%,1.2%,1.3%,false,false
,RMPI m/m,CAD,2021-11-29T08:30:00Z,None,3.6%,2.4%,4.8%,false,false
,Pending Home Sales m/m,USD,2021-11-29T10:00:00Z,None,0.8%,-2.4%,7.5%,false,false
,ECB President Lagarde Speaks,EUR,2021-11-29T12:15:00Z,None,,,,false,false
,BOC Gov Macklem Speaks,CAD,2021-11-29T14:00:00Z,High,,,,false,false
,FOMC Member Williams Speaks,USD,2021-11-29T15:00:00Z,None,,,,false,false
,FOMC Member Powell Speaks,USD,2021-11-29T15:05:00Z,None,,,,false,false
,RBA Deputy Gov Debelle Speaks,AUD,2021-11-29T17:05:00Z,None,,,,false,false
,Gov Council Member Schembri Speaks,CAD,2021-11-29T17:05:00Z,None,,,,false,false
,FOMC Member Bowman Speaks,USD,2021-11-29T17:05:00Z,None,,,,false,false
,Unemployment Rate,JPY,2021-11-29T18:30:00Z,None,2.8%,2.8%,2.7%,false,false
,Prelim Industrial Production m/m,JPY,2021-11-29T18:50:00Z,None,1.9%,-5.4%,1.1%,false,false
,ANZ Business Confidence,NZD,2021-11-29T19:00:00Z,None,,-18.1,-16.4,false,false
,Building Approvals m/m,AUD,2021-11-29T19:30:00Z,None,-1.4%,-3.9%,-12.9%,false,false
,Current Account,AUD,2021-11-29T19:30:00Z,None,29.3B,22.9B,23.9B,false,false
,Private Sector Credit m/m,AUD,2021-11-29T19:30:00Z,None,0.6%,0.6%,0.5%,false,false
,Manufacturing PMI,CNY,2021-11-29T20:00:00Z,None,49.8,49.2,50.1,false,false
,Non-Manufacturing PMI,CNY,2021-11-29T20:00:00Z,None,51.6,52.4,52.3,false,false
,RBA Deputy Gov Debelle Speaks,AUD,2021-11-29T21:00:00Z,None,,,,false,false
,Housing Starts y/y,JPY,2021-11-30T00:00:00Z,None,5.4%,4.3%,10.4%,false,false
,French Consumer Spending m/m,EUR,2021-11-30T02:45:00Z,None,0.0%,0.2%,-0.4%,false,false
,French Prelim CPI m/m,EUR,2021-11-30T02:45:00Z,None,0.2%,0.4%,0.4%,false,false
,French Prelim GDP q/q,EUR,2021-11-30T02:45:00Z,None,3.0%,3.0%,3.0%,false,false
,KOF Economic Barometer,CHF,2021-11-30T03:00:00Z,None,109.0,110.2,108.5,false,false
,German Unemployment Change,EUR,2021-11-30T03:55:00Z,None,-25K,-40K,-34K,false,false
,Core CPI Flash Estimate y/y,EUR,2021-11-30T05:00:00Z,None,2.3%,2.0%,2.6%,false,false
,CPI Flash Estimate y/y,EUR,2021-11-30T05:00:00Z,None,4.5%,4.1%,4.9%,false,false
,Italian Prelim CPI m/m,EUR,2021-11-30T05:00:00Z,None,0.1%,0.7%,0.7%,false,false
,Italian 10-y Bond Auction,EUR,2021-11-30T05:18:00Z,None,,1.05|1.3,1.02|1.5,false,false
,MPC Member Mann Speaks,GBP,2021-11-30T08:00:00Z,None,,,,false,false
,GDP m/m,CAD,2021-11-30T08:30:00Z,High,0.0%,0.6%,0.1%,false,false
,HPI m/m,USD,2021-11-30T09:00:00Z,None,1.2%,1.0%,0.9%,false,false
,S&P/CS Composite-20 HPI y/y,USD,2021-11-30T09:00:00Z,None,19.3%,19.6%,19.1%,false,false
,Chicago PMI,USD,2021-11-30T09:45:00Z,None,67.1,68.4,61.8,false,false
,Fed Chairman Powell Testifies,USD,2021-11-30T10:00:00Z,High,,,,false,false
,CB Consumer Confidence,USD,2021-11-30T10:00:00Z,None,110.8,111.6,109.5,false,false
,Treasury Sec Yellen Speaks,USD,2021-11-30T10:00:00Z,None,,,,false,false
,FOMC Member Williams Speaks,USD,2021-11-30T10:30:00Z,None,,,,false,false
,FOMC Member Clarida Speaks,USD,2021-11-30T13:00:00Z,None,,,,false,false
,AIG Manufacturing Index,AUD,2021-11-30T16:30:00Z,None,,50.4,54.8,false,false
,API Weekly Statistical Bulletin,USD,2021-11-30T16:30:00Z,None,,,,false,false
,Building Consents m/m,NZD,2021-11-30T16:45:00Z,None,,-2.0%,-2.0%,false,false
,Capital Spending q/y,JPY,2021-11-30T18:50:00Z,None,1.6%,5.3%,1.2%,false,false
,BRC Shop Price Index y/y,GBP,2021-11-30T19:01:00Z,None,,-0.4%,0.3%,false,false
,GDP q/q,AUD,2021-11-30T19:30:00Z,High,-2.7%,0.7%,-1.9%,false,false
,Final Manufacturing PMI,JPY,2021-11-30T19:30:00Z,None,54.2,54.2,54.5,false,false
,RatingDog Manufacturing PMI,CNY,2021-11-30T20:45:00Z,None,50.5,50.6,49.9,false,false
,OPEC Meetings,All,2021-12-01T00:00:00Z,High,,,,true,false
,Omdia Total Vehicle Sales,USD,2021-12-01T00:00:00Z,None,13.5M,13.0M,12.9M,true,false
,Commodity Prices y/y,AUD,2021-12-01T00:30:00Z,None,,42.8%,36.2%,false,false
,German Retail Sales m/m,EUR,2021-12-01T02:00:00Z,None,1.0%,-1.9%,-0.3%,false,false
,Nationwide HPI m/m,GBP,2021-12-01T02:00:00Z,None,0.4%,0.7%,0.9%,false,false
,CPI m/m,CHF,2021-12-01T02:30:00Z,None,-0.1%,0.3%,0.0%,false,false
,Spanish Manufacturing PMI,EUR,2021-12-01T03:15:00Z,None,57.9,57.4,57.1,false,false
,Manufacturing PMI,CHF,2021-12-01T03:30:00Z,None,64.3,65.4,62.5,false,false
,Italian Manufacturing PMI,EUR,2021-12-01T03:45:00Z,None,61.1,61.1,62.8,false,false
,French Final Manufacturing PMI,EUR,2021-12-01T03:50:00Z,None,54.6,54.6,55.9,false,false
,German Final Manufacturing PMI,EUR,2021-12-01T03:55:00Z,None,57.6,57.6,57.4,false,false
,Final Manufacturing PMI,EUR,2021-12-01T04:00:00Z,None,58.6,58.6,58.4,false,false
,Final Manufacturing PMI,GBP,2021-12-01T04:30:00Z,None,58.2,58.2,58.1,false,false
,10-y Bond Auction,GBP,2021-12-01T05:06:00Z,None,,1.14|2.7,0.92|2.2,false,false
,ADP Non-Farm Employment Change,USD,2021-12-01T08:15:00Z,High,525K,570K,534K,false,false
,Building Permits m/m,CAD,2021-12-01T08:30:00Z,None,-1.1%,4.3%,1.3%,false,false
,BOE Gov Bailey Speaks,GBP,2021-12-01T09:00:00Z,High,,,,false,false
,Manufacturing PMI,CAD,2021-12-01T09:30:00Z,None,,57.7,57.2,false,false
,Final Manufacturing PMI,USD,2021-12-01T09:45:00Z,None,59.1,59.1,58.3,false,false
,Fed Chairman Powell Testifies,USD,2021-12-01T10:00:00Z,High,,,,false,false
,ISM Manufacturing PMI,USD,2021-12-01T10:00:00Z,High,61.3,60.8,61.1,false,false
,Treasury Sec Yellen Speaks,USD,2021-12-01T10:00:00Z,None,,,,false,false
,Construction Spending m/m,USD,2021-12-01T10:00:00Z,None,0.4%,-0.1%,0.2%,false,false
,ISM Manufacturing Prices,USD,2021-12-01T10:00:00Z,None,85.5,85.7,82.4,false,false
,Crude Oil Inventories,USD,2021-12-01T10:30:00Z,None,-1.5M,1.0M,-0.9M,false,false
,Beige Book,USD,2021-12-01T14:00:00Z,None,,,,false,false
,Overseas Trade Index q/q,NZD,2021-12-01T16:45:00Z,None,2.1%,3.2%,0.7%,false,false
,Monetary Base y/y,JPY,2021-12-01T18:50:00Z,None,10.3%,9.9%,9.3%,false,false
,Goods Trade Balance,AUD,2021-12-01T19:30:00Z,None,11.25B,11.82B,11.22B,false,false
,10-y Bond Auction,JPY,2021-12-01T22:35:00Z,None,,0.11|3.1,0.06|3.2,false,false
,Consumer Confidence,JPY,2021-12-02T00:00:00Z,None,40.3,39.2,39.2,false,false
,OPEC-JMMC Meetings,All,2021-12-02T00:00:00Z,High,,,,true,false
,Retail Sales y/y,CHF,2021-12-02T02:30:00Z,None,2.2%,2.6%,1.2%,false,false
,Spanish Unemployment Change,EUR,2021-12-02T03:00:00Z,None,5.3K,-0.7K,-74.4K,false,false
,Italian Monthly Unemployment Rate,EUR,2021-12-02T04:00:00Z,None,9.1%,9.2%,9.4%,false,false
,Spanish 10-y Bond Auction,EUR,2021-12-02T04:47:00Z,None,,0.47|1.4,0.39|2.1,false,false
,PPI m/m,EUR,2021-12-02T05:00:00Z,None,3.6%,2.8%,5.4%,false,false
,Unemployment Rate,EUR,2021-12-02T05:00:00Z,None,7.3%,7.4%,7.3%,false,false
,French 10-y Bond Auction,EUR,2021-12-02T05:02:00Z,None,,0.16|1.8,-0.19|2.7,false,false
,Challenger Job Cuts y/y,USD,2021-12-02T07:30:00Z,None,,-71.7%,-77.0%,false,false
,Unemployment Claims,USD,2021-12-02T08:30:00Z,None,238K,194K,222K,false,false
,FOMC Member Bostic Speaks,USD,2021-12-02T08:30:00Z,None,,,,false,false
,Treasury Sec Yellen Speaks,USD,2021-12-02T09:00:00Z,None,,,,false,false
,Natural Gas Storage,USD,2021-12-02T10:30:00Z,None,-59B,-21B,-59B,false,false
,FOMC Member Quarles Speaks,USD,2021-12-02T11:00:00Z,None,,,,false,false
,FOMC Member Barkin Speaks,USD,2021-12-02T11:30:00Z,None,,,,false,false
,FOMC Member Bostic Speaks,USD,2021-12-02T11:30:00Z,None,,,,false,false
,FOMC Member Daly Speaks,USD,2021-12-02T11:30:00Z,None,,,,false,false
,AIG Construction Index,AUD,2021-12-02T16:30:00Z,None,,57.6,57.0,false,false
,RatingDog Services PMI,CNY,2021-12-02T20:45:00Z,None,52.6,53.8,52.1,false,false
,French Gov Budget Balance,EUR,2021-12-03T02:45:00Z,None,,-175.1B,-171.6B,false,false
,French Industrial Production m/m,EUR,2021-12-03T02:45:00Z,None,0.7%,-1.5%,0.9%,false,false
,Spanish Services PMI,EUR,2021-12-03T03:15:00Z,None,58.6,56.6,59.8,false,false
,ECB President Lagarde Speaks,EUR,2021-12-03T03:30:00Z,None,,,,false,false
,Italian Services PMI,EUR,2021-12-03T03:45:00Z,None,54.6,52.4,55.9,false,false
,French Final Services PMI,EUR,2021-12-03T03:50:00Z,None,58.2,58.2,57.4,false,false
,German Final Services PMI,EUR,2021-12-03T03:55:00Z,None,53.4,53.4,52.7,false,false
,Final Services PMI,EUR,2021-12-03T04:00:00Z,None,56.6,56.6,55.9,false,false
,Final Services PMI,GBP,2021-12-03T04:30:00Z,None,58.6,58.6,58.5,false,false
,Retail Sales m/m,EUR,2021-12-03T05:00:00Z,None,0.3%,-0.4%,0.2%,false,false
,MPC Member Saunders Speaks,GBP,2021-12-03T06:00:00Z,High,,,,false,false
,Employment Change,CAD,2021-12-03T08:30:00Z,High,36.5K,31.2K,153.7K,false,false
,Unemployment Rate,CAD,2021-12-03T08:30:00Z,High,6.6%,6.7%,6.0%,false,false
,Labor Productivity q/q,CAD,2021-12-03T08:30:00Z,None,-0.7%,0.0%,-1.5%,false,false
,Average Hourly Earnings m/m,USD,2021-12-03T08:30:00Z,High,0.4%,0.4%,0.3%,false,false
,Non-Farm Employment Change,USD,2021-12-03T08:30:00Z,High,553K,546K,210K,false,false
,Unemployment Rate,USD,2021-12-03T08:30:00Z,High,4.5%,4.6%,4.2%,false,false
,Treasury Currency Report,USD,2021-12-03T09:00:00Z,High,,,,false,false
,Final Services PMI,USD,2021-12-03T09:45:00Z,None,57.0,57.0,58.0,false,false
,ISM Services PMI,USD,2021-12-03T10:00:00Z,High,64.9,66.7,69.1,false,false
,Factory Orders m/m,USD,2021-12-03T10:00:00Z,None,0.5%,0.5%,1.0%,false,false
,ANZ Commodity Prices m/m,NZD,2021-12-05T19:00:00Z,None,,2.2%,2.8%,false,false
,MI Inflation Gauge m/m,AUD,2021-12-05T19:04:00Z,None,,0.2%,0.3%,false,false
,ANZ Job Advertisements m/m,AUD,2021-12-05T19:30:00Z,None,,7.5%,7.4%,false,false
,Eurogroup Meetings,EUR,2021-12-06T00:00:00Z,None,,,,true,false
,German Factory Orders m/m,EUR,2021-12-06T02:00:00Z,None,-0.2%,1.8%,-6.9%,false,false
,Italian Retail Sales m/m,EUR,2021-12-06T04:00:00Z,None,0.4%,1.0%,0.1%,false,false
,Construction PMI,GBP,2021-12-06T04:30:00Z,None,54.9,54.6,55.5,false,false
,Sentix Investor Confidence,EUR,2021-12-06T04:30:00Z,None,14.5,18.3,13.5,false,false
,MPC Member Broadbent Speaks,GBP,2021-12-06T06:30:00Z,High,,,,false,false
,AIG Services Index,AUD,2021-12-06T16:30:00Z,None,,47.6,49.6,false,false
,Average Cash Earnings y/y,JPY,2021-12-06T18:30:00Z,None,0.4%,0.2%,0.2%,false,false
,Household Spending y/y,JPY,2021-12-06T18:30:00Z,None,-0.6%,-1.9%,-0.6%,false,false
,BRC Retail Sales Monitor y/y,GBP,2021-12-06T19:01:00Z,None,0.3%,-0.2%,1.8%,false,false
,HPI q/q,AUD,2021-12-06T19:30:00Z,None,5.1%,6.7%,5.0%,false,false
,USD-Denominated Trade Balance,CNY,2021-12-06T22:01:00Z,None,83.2B,84.5B,71.7B,false,false
,Trade Balance,CNY,2021-12-06T22:02:00Z,None,583B,546B,461B,false,false
,RBA Rate Statement,AUD,2021-12-06T22:30:00Z,High,,,,false,false
,Cash Rate,AUD,2021-12-06T22:30:00Z,High,0.10%,0.10%,0.10%,false,false
,30-y Bond Auction,JPY,2021-12-06T22:35:00Z,None,,0.68|3.4,0.67|3.2,false,false
,ECOFIN Meetings,EUR,2021-12-07T00:00:00Z,None,,,,true,false
,Leading Indicators,JPY,2021-12-07T00:00:00Z,None,102.9%,100.9%,102.1%,false,false
,Unemployment Rate,CHF,2021-12-07T01:45:00Z,None,2.6%,2.7%,2.5%,false,false
,German Industrial Production m/m,EUR,2021-12-07T02:00:00Z,None,1.1%,-0.5%,2.8%,false,false
,Lloyds HPI m/m,GBP,2021-12-07T02:00:00Z,None,0.8%,1.0%,1.0%,false,false
,French Trade Balance,EUR,2021-12-07T02:45:00Z,None,-7.0B,-6.9B,-7.5B,false,false
,Foreign Currency Reserves,CHF,2021-12-07T03:00:00Z,None,,923B,922B,false,false
,ZEW Economic Sentiment,EUR,2021-12-07T05:00:00Z,None,22.4,25.9,26.8,false,false
,Final Employment Change q/q,EUR,2021-12-07T05:00:00Z,None,0.9%,0.9%,0.9%,false,false
,Revised GDP q/q,EUR,2021-12-07T05:00:00Z,None,2.2%,2.2%,2.2%,false,false
,German ZEW Economic Sentiment,EUR,2021-12-07T05:00:00Z,None,25.3,31.7,29.9,false,false
,30-y Bond Auction,GBP,2021-12-07T05:07:00Z,None,,1.33|2.1,0.87|2.4,false,false
,Trade Balance,CAD,2021-12-07T08:30:00Z,None,2.2B,1.9B,2.1B,false,false
,Revised Nonfarm Productivity q/q,USD,2021-12-07T08:30:00Z,None,-4.9%,-5.0%,-5.2%,false,false
,Revised Unit Labor Costs q/q,USD,2021-12-07T08:30:00Z,None,8.3%,8.3%,9.6%,false,false
,Trade Balance,USD,2021-12-07T08:30:00Z,None,-66.9B,-81.4B,-67.1B,false,false
,GDT Price Index,NZD,2021-12-07T09:42:00Z,None,,1.9%,1.4%,false,false
,Ivey PMI,CAD,2021-12-07T10:00:00Z,None,60.2,59.3,61.2,false,false
,RCM/TIPP Economic Optimism,USD,2021-12-07T10:00:00Z,None,45.8,43.9,48.4,false,false
,Consumer Credit m/m,USD,2021-12-07T15:00:00Z,None,24.9B,27.8B,16.9B,false,false
,API Weekly Statistical Bulletin,USD,2021-12-07T16:30:00Z,None,,,,false,false
,Bank Lending y/y,JPY,2021-12-07T18:50:00Z,None,0.7%,0.9%,0.6%,false,false
,Current Account,JPY,2021-12-07T18:50:00Z,None,0.98T,0.76T,1.03T,false,false
,Final GDP q/q,JPY,2021-12-07T18:50:00Z,None,-0.8%,-0.8%,-0.9%,false,false
,Final GDP Price Index y/y,JPY,2021-12-07T18:53:00Z,None,-1.1%,-1.1%,-1.2%,false,false
,Economy Watchers Sentiment,JPY,2021-12-08T00:00:00Z,None,57.3,55.5,56.3,false,false
,Italian Bank Holiday,EUR,2021-12-08T00:00:00Z,None,,,,true,false
,French Final Private Payrolls q/q,EUR,2021-12-08T01:30:00Z,None,0.5%,0.5%,0.5%,false,false
,ECB President Lagarde Speaks,EUR,2021-12-08T03:15:00Z,None,,,,false,false
,German 10-y Bond Auction,EUR,2021-12-08T05:36:00Z,None,,-0.29|1.1,-0.38|1.3,false,false
,BOC Rate Statement,CAD,2021-12-08T10:00:00Z,High,,,,false,false
,Overnight Rate,CAD,2021-12-08T10:00:00Z,High,0.25%,0.25%,0.25%,false,false
,JOLTS Job Openings,USD,2021-12-08T10:00:00Z,High,10.45M,10.60M,11.03M,false,false
,Crude Oil Inventories,USD,2021-12-08T10:30:00Z,None,-1.5M,-0.9M,-0.2M,false,false
,10-y Bond Auction,USD,2021-12-08T13:01:00Z,None,,1.44|2.4,1.52|2.4,false,false
,Manufacturing Sales q/q,NZD,2021-12-08T16:45:00Z,None,,3.7%,-2.2%,false,false
,RBA Gov Lowe Speaks,AUD,2021-12-08T17:05:00Z,High,,,,false,false
,BSI Manufacturing Index,JPY,2021-12-08T18:50:00Z,None,5.3,7.0,7.9,false,false
,M2 Money Stock y/y,JPY,2021-12-08T18:50:00Z,None,4.1%,4.2%,4.0%,false,false
,RICS House Price Balance,GBP,2021-12-08T19:01:00Z,None,70%,71%,71%,false,false
,RBA Bulletin,AUD,2021-12-08T19:30:00Z,None,,,,false,false
,CPI y/y,CNY,2021-12-08T20:30:00Z,None,2.5%,1.5%,2.3%,false,false
,PPI y/y,CNY,2021-12-08T20:30:00Z,None,12.1%,13.5%,12.9%,false,false
,Prelim Machine Tool Orders y/y,JPY,2021-12-09T00:59:00Z,None,,81.5%,64.0%,false,false
,German Trade Balance,EUR,2021-12-09T02:00:00Z,None,12.9B,12.9B,12.5B,false,false
,SECO Economic Forecasts,CHF,2021-12-09T03:00:00Z,None,,,,false,false
,M2 Money Supply y/y,CNY,2021-12-09T03:30:00Z,None,8.6%,8.7%,8.5%,false,false
,New Loans,CNY,2021-12-09T03:30:00Z,None,1590B,826B,1270B,false,false
,Unemployment Claims,USD,2021-12-09T08:30:00Z,None,218K,227K,184K,false,false
,Final Wholesale Inventories m/m,USD,2021-12-09T10:00:00Z,None,2.2%,2.2%,2.3%,false,false
,Natural Gas Storage,USD,2021-12-09T10:30:00Z,None,-60B,-59B,-59B,false,false
,30-y Bond Auction,USD,2021-12-09T13:01:00Z,None,,1.94|2.2,1.90|2.2,false,false
,Gov Council Member Gravelle Speaks,CAD,2021-12-09T14:00:00Z,None,,,,false,false
,BusinessNZ Manufacturing Index,NZD,2021-12-09T16:30:00Z,None,,54.2,50.6,false,false
,PPI y/y,JPY,2021-12-09T18:50:00Z,None,8.6%,8.3%,9.0%,false,false
,German Final CPI m/m,EUR,2021-12-10T02:00:00Z,None,-0.2%,-0.2%,-0.2%,false,false
,Construction Output m/m,GBP,2021-12-10T02:00:00Z,None,0.2%,1.3%,-1.8%,false,false
,GDP m/m,GBP,2021-12-10T02:00:00Z,None,0.4%,0.6%,0.1%,false,false
,Goods Trade Balance,GBP,2021-12-10T02:00:00Z,None,-14.5B,-14.7B,-13.9B,false,false
,Index of Services 3m/3m,GBP,2021-12-10T02:00:00Z,None,1.2%,1.6%,1.1%,false,false
,Industrial Production m/m,GBP,2021-12-10T02:00:00Z,None,0.1%,-0.4%,-0.6%,false,false
,Manufacturing Production m/m,GBP,2021-12-10T02:00:00Z,None,0.2%,-0.1%,0.0%,false,false
,Italian Industrial Production m/m,EUR,2021-12-10T04:00:00Z,None,0.3%,0.1%,-0.6%,false,false
,ECB President Lagarde Speaks,EUR,2021-12-10T04:05:00Z,None,,,,false,false
,Consumer Inflation Expectations,GBP,2021-12-10T04:30:00Z,None,,2.7%,3.2%,false,false
,NIESR GDP Estimate,GBP,2021-12-10T08:15:00Z,None,,0.9%,0.9%,false,false
,Capacity Utilization Rate,CAD,2021-12-10T08:30:00Z,None,83.0%,82.0%,81.4%,false,false
,Core CPI m/m,USD,2021-12-10T08:30:00Z,High,0.5%,0.6%,0.5%,false,false
,Core CPI y/y,USD,2021-12-10T08:30:00Z,High,4.9%,4.6%,4.9%,false,false
,CPI m/m,USD,2021-12-10T08:30:00Z,High,0.7%,0.9%,0.8%,false,false
,CPI y/y,USD,2021-12-10T08:30:00Z,High,6.8%,6.2%,6.8%,false,false
,Prelim UoM Consumer Sentiment,USD,2021-12-10T10:00:00Z,None,67.9,67.4,70.4,false,false
,Prelim UoM Inflation Expectations,USD,2021-12-10T10:00:00Z,None,,4.9%,4.9%,false,false
,Federal Budget Balance,USD,2021-12-10T13:52:00Z,None,-195.0B,-165.1B,-191.3B,false,false
,G7 Meetings,All,2021-12-11T00:00:00Z,None,,,,true,false
,BusinessNZ Services Index,NZD,2021-12-12T16:30:00Z,None,,44.9,46.5,false,false
,Visitor Arrivals m/m,NZD,2021-12-12T16:40:00Z,None,,-13.7%,59.6%,false,false
,Core Machinery Orders m/m,JPY,2021-12-12T18:50:00Z,None,1.9%,0.0%,3.8%,false,false
,Tankan Manufacturing Index,JPY,2021-12-12T18:50:00Z,None,19,18,18,false,false
,Tankan Non-Manufacturing Index,JPY,2021-12-12T18:50:00Z,None,5,2,9,false,false
,Rightmove HPI m/m,GBP,2021-12-12T19:01:00Z,None,,-0.6%,-0.7%,false,false
,G7 Meetings,All,2021-12-13T00:00:00Z,None,,,,true,false
,German WPI m/m,EUR,2021-12-13T02:00:00Z,None,1.3%,1.6%,1.3%,false,false
,Italian Quarterly Unemployment Rate,EUR,2021-12-13T04:00:00Z,None,9.4%,9.8%,9.2%,false,false
,BOC Gov Macklem Speaks,CAD,2021-12-13T11:00:00Z,High,,,,false,false
,Bank Stress Test Results,GBP,2021-12-13T12:00:00Z,High,,,,false,false
,BOE Financial Stability Report,GBP,2021-12-13T12:00:00Z,None,,,,false,false
,FPC Meeting Minutes,GBP,2021-12-13T12:00:00Z,None,,,,false,false
,FPC Statement,GBP,2021-12-13T12:00:00Z,None,,,,false,false
,BOE Gov Bailey Speaks,GBP,2021-12-13T13:00:00Z,High,,,,false,false
,FPI m/m,NZD,2021-12-13T16:45:00Z,None,,-0.9%,-0.6%,false,false
,NAB Business Confidence,AUD,2021-12-13T19:30:00Z,None,,20,12,false,false
,Revised Industrial Production m/m,JPY,2021-12-13T23:30:00Z,None,1.1%,1.1%,1.8%,false,false
,Unemployment Rate,GBP,2021-12-14T02:00:00Z,None,4.2%,4.3%,4.2%,false,false
,Average Earnings Index 3m/y,GBP,2021-12-14T02:00:00Z,None,4.6%,5.9%,4.9%,false,false
,Claimant Count Change,GBP,2021-12-14T02:00:00Z,None,-31.5K,-58.5K,-49.8K,false,false
,PPI m/m,CHF,2021-12-14T02:30:00Z,None,0.5%,0.6%,0.5%,false,false
,Industrial Production m/m,EUR,2021-12-14T05:00:00Z,None,1.2%,-0.2%,1.1%,false,false
,NFIB Small Business Index,USD,2021-12-14T06:00:00Z,None,98.4,98.2,98.4,false,false
,PPI m/m,USD,2021-12-14T08:30:00Z,High,0.5%,0.6%,0.8%,false,false
,Core PPI m/m,USD,2021-12-14T08:30:00Z,None,0.4%,0.4%,0.7%,false,false
,CB Leading Index m/m,GBP,2021-12-14T09:30:00Z,None,,0.1%,0.0%,false,false
,RBNZ Gov Orr Speaks,NZD,2021-12-14T14:00:00Z,High,,,,false,false
,API Weekly Statistical Bulletin,USD,2021-12-14T16:30:00Z,None,,,,false,false
,Current Account,NZD,2021-12-14T16:45:00Z,None,-7.75B,-1.54B,-8.30B,false,false
,Westpac Consumer Sentiment,AUD,2021-12-14T18:27:00Z,None,,0.6%,-1.0%,false,false
,New Home Prices m/m,CNY,2021-12-14T20:30:00Z,None,,-0.25%,-0.33%,false,false
,Retail Sales y/y,CNY,2021-12-14T21:00:00Z,None,4.8%,4.9%,3.9%,false,false
,Fixed Asset Investment ytd/y,CNY,2021-12-14T21:00:00Z,None,5.4%,6.1%,5.2%,false,false
,Industrial Production y/y,CNY,2021-12-14T21:00:00Z,None,3.8%,3.5%,3.8%,false,false
,Unemployment Rate,CNY,2021-12-14T21:00:00Z,None,4.9%,4.9%,5.0%,false,false
,Tertiary Industry Activity m/m,JPY,2021-12-14T23:30:00Z,None,1.2%,0.5%,1.5%,false,false
,Core CPI y/y,GBP,2021-12-15T02:00:00Z,None,3.7%,3.4%,4.0%,false,false
,CPI y/y,GBP,2021-12-15T02:00:00Z,High,4.8%,4.2%,5.1%,false,false
,PPI Input m/m,GBP,2021-12-15T02:00:00Z,None,0.5%,1.6%,1.0%,false,false
,PPI Output m/m,GBP,2021-12-15T02:00:00Z,None,0.6%,1.5%,0.9%,false,false
,RPI y/y,GBP,2021-12-15T02:00:00Z,None,6.7%,6.0%,7.1%,false,false
,French Final CPI m/m,EUR,2021-12-15T02:45:00Z,None,0.4%,0.4%,0.4%,false,false
,HPI y/y,GBP,2021-12-15T04:30:00Z,None,11.1%,12.3%,10.2%,false,false
,Housing Starts,CAD,2021-12-15T08:14:00Z,None,236K,238K,301K,false,false
,Empire State Manufacturing Index,USD,2021-12-15T08:30:00Z,None,24.9,30.9,31.9,false,false
,Retail Sales m/m,USD,2021-12-15T08:30:00Z,High,0.8%,1.8%,0.3%,false,false
,Core Retail Sales m/m,USD,2021-12-15T08:30:00Z,High,0.9%,1.8%,0.3%,false,false
,Import Prices m/m,USD,2021-12-15T08:30:00Z,None,0.5%,1.5%,0.7%,false,false
,CPI m/m,CAD,2021-12-15T08:32:00Z,High,0.2%,0.7%,0.2%,false,false
,Median CPI y/y,CAD,2021-12-15T08:35:00Z,None,2.9%,2.8%,2.8%,false,false
,Common CPI y/y,CAD,2021-12-15T08:35:00Z,None,1.9%,1.8%,2.0%,false,false
,Trimmed CPI y/y,CAD,2021-12-15T08:35:00Z,None,3.3%,3.4%,3.4%,false,false
,Manufacturing Sales m/m,CAD,2021-12-15T08:35:00Z,None,4.0%,-3.0%,4.3%,false,false
,Core CPI m/m,CAD,2021-12-15T08:45:00Z,None,,0.6%,0.0%,false,false
,NAHB Housing Market Index,USD,2021-12-15T10:00:00Z,None,84,83,84,false,false
,Business Inventories m/m,USD,2021-12-15T10:00:00Z,None,1.0%,0.8%,1.2%,false,false
,Crude Oil Inventories,USD,2021-12-15T10:30:00Z,None,-1.8M,-0.2M,-4.6M,false,false
,BOC Gov Macklem Speaks,CAD,2021-12-15T12:00:00Z,High,,,,false,false
,FOMC Economic Projections,USD,2021-12-15T14:00:00Z,High,,,,false,false
,Federal Funds Rate,USD,2021-12-15T14:00:00Z,High,<0.25%,<0.25%,<0.25%,false,false
,FOMC Statement,USD,2021-12-15T14:00:00Z,High,,,,false,false
,FOMC Press Conference,USD,2021-12-15T14:30:00Z,High,,,,false,false
,TIC Long-Term Purchases,USD,2021-12-15T16:00:00Z,None,35.9B,26.7B,7.1B,false,false
,GDP q/q,NZD,2021-12-15T16:45:00Z,High,-4.1%,2.4%,-3.7%,false,false
,Flash Services PMI,AUD,2021-12-15T17:00:00Z,None,,55.7,55.1,false,false
,Flash Manufacturing PMI,AUD,2021-12-15T17:00:00Z,None,,59.2,57.4,false,false
,RBA Gov Lowe Speaks,AUD,2021-12-15T18:30:00Z,High,,,,false,false
,Trade Balance,JPY,2021-12-15T18:50:00Z,None,-0.32T,-0.42T,-0.49T,false,false
,MI Inflation Expectations,AUD,2021-12-15T19:00:00Z,None,,4.6%,4.8%,false,false
,Employment Change,AUD,2021-12-15T19:30:00Z,High,203.0K,-56.0K,366.1K,false,false
,Unemployment Rate,AUD,2021-12-15T19:30:00Z,High,5.0%,5.2%,4.6%,false,false
,Mid-Year Economic and Fiscal Outlook,AUD,2021-12-15T19:30:00Z,None,,,,false,false
,Flash Manufacturing PMI,JPY,2021-12-15T19:30:00Z,None,55.0,54.5,54.2,false,false
,Foreign Direct Investment ytd/y,CNY,2021-12-16T02:12:00Z,None,,17.8%,15.9%,false,false
,French Flash Manufacturing PMI,EUR,2021-12-16T03:15:00Z,None,55.4,55.9,54.9,false,false
,French Flash Services PMI,EUR,2021-12-16T03:15:00Z,None,55.9,57.4,57.1,false,false
,German Flash Services PMI,EUR,2021-12-16T03:30:00Z,High,50.9,52.7,48.4,false,false
,SNB Policy Rate,CHF,2021-12-16T03:30:00Z,None,-0.75%,-0.75%,-0.75%,false,false
,German Flash Manufacturing PMI,EUR,2021-12-16T03:30:00Z,High,57.0,57.4,57.9,false,false
,SNB Monetary Policy Assessment,CHF,2021-12-16T03:30:00Z,High,,,,false,false
,SNB Press Conference,CHF,2021-12-16T04:00:00Z,High,,,,false,false
,Flash Manufacturing PMI,EUR,2021-12-16T04:00:00Z,None,57.8,58.4,58.0,false,false
,Flash Services PMI,EUR,2021-12-16T04:00:00Z,None,54.2,55.9,53.3,false,false
,Italian Trade Balance,EUR,2021-12-16T04:00:00Z,None,3.25B,2.44B,3.89B,false,false
,Flash Manufacturing PMI,GBP,2021-12-16T04:30:00Z,None,57.5,58.1,57.6,false,false
,Flash Services PMI,GBP,2021-12-16T04:30:00Z,None,57.1,58.5,53.2,false,false
,Trade Balance,EUR,2021-12-16T05:00:00Z,None,5.7B,6.1B,2.4B,false,false
,MPC Asset Purchase Facility Votes,GBP,2021-12-16T07:00:00Z,High,0-3-6,0-3-6,0-0-9,false,false
,Monetary Policy Summary,GBP,2021-12-16T07:00:00Z,High,,,,false,false
,Asset Purchase Facility,GBP,2021-12-16T07:00:00Z,High,875B,875B,875B,false,false
,MPC Official Bank Rate Votes,GBP,2021-12-16T07:00:00Z,High,2-0-7,2-0-7,8-0-1,false,false
,Official Bank Rate,GBP,2021-12-16T07:00:00Z,High,0.10%,0.10%,0.25%,false,false
,BOE Inflation Letter,GBP,2021-12-16T07:00:00Z,None,,,,false,false
,Monetary Policy Statement,EUR,2021-12-16T07:45:00Z,High,,,,false,false
,Main Refinancing Rate,EUR,2021-12-16T07:45:00Z,High,0.00%,0.00%,0.00%,false,false
,Wholesale Sales m/m,CAD,2021-12-16T08:30:00Z,None,1.5%,1.1%,1.4%,false,false
,ECB Press Conference,EUR,2021-12-16T08:30:00Z,High,,,,false,false
,Philly Fed Manufacturing Index,USD,2021-12-16T08:30:00Z,None,29.6,39.0,15.4,false,false
,Unemployment Claims,USD,2021-12-16T08:30:00Z,None,196K,188K,206K,false,false
,Building Permits,USD,2021-12-16T08:30:00Z,None,1.66M,1.65M,1.71M,false,false
,Housing Starts,USD,2021-12-16T08:30:00Z,None,1.57M,1.50M,1.68M,false,false
,ADP Non-Farm Employment Change,CAD,2021-12-16T08:35:00Z,None,,46.2K,231.8K,false,false
,Industrial Production m/m,USD,2021-12-16T09:15:00Z,None,0.6%,1.7%,0.5%,false,false
,Capacity Utilization Rate,USD,2021-12-16T09:15:00Z,None,76.9%,76.5%,76.8%,false,false
,Flash Manufacturing PMI,USD,2021-12-16T09:45:00Z,None,58.6,58.3,57.8,false,false
,Flash Services PMI,USD,2021-12-16T09:45:00Z,None,58.9,58.0,57.5,false,false
,Natural Gas Storage,USD,2021-12-16T10:30:00Z,None,-85B,-59B,-88B,false,false
,ANZ Business Confidence,NZD,2021-12-16T19:00:00Z,None,,-16.4,-23.2,false,false
,GfK Consumer Confidence,GBP,2021-12-16T19:01:00Z,None,-17,-14,-15,false,false
,BOJ Policy Rate,JPY,2021-12-16T21:56:00Z,None,-0.10%,-0.10%,-0.10%,false,false
,Monetary Policy Statement,JPY,2021-12-16T21:56:00Z,None,,,,false,false
,BOJ Press Conference,JPY,2021-12-17T01:30:00Z,None,,,,false,false
,German PPI m/m,EUR,2021-12-17T02:00:00Z,None,1.4%,3.8%,0.8%,false,false
,Retail Sales m/m,GBP,2021-12-17T02:00:00Z,None,0.8%,1.1%,1.4%,false,false
,German ifo Business Climate,EUR,2021-12-17T04:00:00Z,None,95.3,96.6,94.7,false,false
,Final Core CPI y/y,EUR,2021-12-17T05:00:00Z,None,2.6%,2.6%,2.6%,false,false
,Final CPI y/y,EUR,2021-12-17T05:00:00Z,None,4.9%,4.9%,4.9%,false,false
,Foreign Securities Purchases,CAD,2021-12-17T08:33:00Z,None,18.50B,19.78B,23.92B,false,false
,FOMC Member Waller Speaks,USD,2021-12-17T13:00:00Z,None,,,,false,false
,Westpac Consumer Sentiment,NZD,2021-12-19T15:00:00Z,None,,102.7,99.1,false,false
,Trade Balance,NZD,2021-12-19T16:45:00Z,None,-1867M,-1302M,-864M,false,false
,5-y Loan Prime Rate,CNY,2021-12-19T20:30:00Z,None,4.65%,4.65%,4.65%,false,false
,1-y Loan Prime Rate,CNY,2021-12-19T20:30:00Z,None,3.85%,3.85%,3.80%,false,false
,Current Account,EUR,2021-12-20T04:00:00Z,None,20.3B,17.6B,18.1B,false,false
,German Buba Monthly Report,EUR,2021-12-20T06:00:00Z,None,,,,false,false
,CBI Industrial Order Expectations,GBP,2021-12-20T06:00:00Z,None,20,26,24,false,false
,CB Leading Index m/m,USD,2021-12-20T10:00:00Z,None,0.9%,0.9%,1.1%,false,false
,Monetary Policy Meeting Minutes,AUD,2021-12-20T19:30:00Z,High,,,,false,false
,Credit Card Spending y/y,NZD,2021-12-20T21:00:00Z,None,,-5.2%,-0.1%,false,false
,Trade Balance,CHF,2021-12-21T02:00:00Z,None,4.38B,5.51B,6.16B,false,false
,German GfK Consumer Climate,EUR,2021-12-21T02:00:00Z,None,-2.6,-1.8,-6.8,false,false
,Public Sector Net Borrowing,GBP,2021-12-21T02:00:00Z,None,15.4B,11.6B,16.6B,false,false
,CBI Realized Sales,GBP,2021-12-21T06:00:00Z,None,24,39,8,false,false
,Core Retail Sales m/m,CAD,2021-12-21T08:30:00Z,None,1.6%,0.2%,1.3%,false,false
,Retail Sales m/m,CAD,2021-12-21T08:30:00Z,None,1.0%,-0.3%,1.6%,false,false
,Current Account,USD,2021-12-21T08:30:00Z,None,-206B,-198B,-215B,false,false
,GDT Price Index,NZD,2021-12-21T09:19:00Z,None,,1.4%,-1.5%,false,false
,Consumer Confidence,EUR,2021-12-21T09:57:00Z,None,-8,-7,-8,false,false
,CB Leading Index m/m,AUD,2021-12-21T10:30:00Z,None,,0.2%,0.3%,false,false
,API Weekly Statistical Bulletin,USD,2021-12-21T16:30:00Z,None,,,,false,false
,MI Leading Index m/m,AUD,2021-12-21T18:30:00Z,None,,0.3%,0.1%,false,false
,Monetary Policy Meeting Minutes,JPY,2021-12-21T18:50:00Z,None,,,,false,false
,Revised Business Investment q/q,GBP,2021-12-22T02:00:00Z,None,0.4%,0.4%,-2.5%,false,false
,Final GDP q/q,GBP,2021-12-22T02:00:00Z,None,1.3%,1.3%,1.1%,false,false
,Current Account,GBP,2021-12-22T02:00:00Z,None,-15.8B,-13.5B,-24.4B,false,false
,Final GDP Price Index q/q,USD,2021-12-22T08:30:00Z,None,5.9%,5.9%,6.0%,false,false
,Final GDP q/q,USD,2021-12-22T08:30:00Z,None,2.1%,2.1%,2.3%,false,false
,SNB Quarterly Bulletin,CHF,2021-12-22T09:00:00Z,None,,,,false,false
,CB Leading Index m/m,CNY,2021-12-22T09:00:00Z,None,,0.3%,1.0%,false,false
,Existing Home Sales,USD,2021-12-22T10:00:00Z,None,6.55M,6.34M,6.46M,false,false
,CB Consumer Confidence,USD,2021-12-22T10:00:00Z,None,111.1,111.9,115.8,false,false
,Crude Oil Inventories,USD,2021-12-22T10:30:00Z,None,-2.4M,-4.6M,-4.7M,false,false
,Private Sector Credit m/m,AUD,2021-12-22T19:30:00Z,None,0.5%,0.5%,0.9%,false,false
,BOJ Gov Kuroda Speaks,JPY,2021-12-22T23:31:00Z,None,,,,false,false
,German Import Prices m/m,EUR,2021-12-23T02:00:00Z,None,0.9%,3.8%,3.0%,false,false
,Core PCE Price Index m/m,USD,2021-12-23T08:30:00Z,High,0.4%,0.5%,0.5%,false,false
,GDP m/m,CAD,2021-12-23T08:30:00Z,High,0.8%,0.2%,0.8%,false,false
,Core Durable Goods Orders m/m,USD,2021-12-23T08:30:00Z,None,0.6%,0.3%,0.8%,false,false
,Durable Goods Orders m/m,USD,2021-12-23T08:30:00Z,None,1.9%,-0.4%,2.5%,false,false
,Personal Income m/m,USD,2021-12-23T08:30:00Z,None,0.4%,0.5%,0.4%,false,false
,Personal Spending m/m,USD,2021-12-23T08:30:00Z,None,0.6%,1.4%,0.6%,false,false
,Unemployment Claims,USD,2021-12-23T08:30:00Z,None,200K,205K,205K,false,false
,Belgian NBB Business Climate,EUR,2021-12-23T08:56:00Z,None,4.5,4.2,3.6,false,false
,Revised UoM Inflation Expectations,USD,2021-12-23T10:00:00Z,None,,4.9%,4.8%,false,false
,Revised UoM Consumer Sentiment,USD,2021-12-23T10:00:00Z,None,70.4,70.4,70.6,false,false
,New Home Sales,USD,2021-12-23T10:00:00Z,None,770K,662K,744K,false,false
,Natural Gas Storage,USD,2021-12-23T10:30:00Z,None,-54B,-88B,-55B,false,false
,National Core CPI y/y,JPY,2021-12-23T18:30:00Z,None,0.4%,0.1%,0.5%,false,false
,SPPI y/y,JPY,2021-12-23T18:50:00Z,None,1.0%,1.0%,1.1%,false,false
,German Bank Holiday,EUR,2021-12-24T00:00:00Z,None,,,,true,false
,Bank Holiday,USD,2021-12-24T00:00:00Z,None,,,,true,false
,Housing Starts y/y,JPY,2021-12-24T00:02:00Z,None,7.4%,10.4%,3.7%,false,false
,Bank Holiday,NZD,2021-12-26T00:00:00Z,None,,,,true,false
,Bank Holiday,AUD,2021-12-26T00:00:00Z,None,,,,true,false
,BOJ Summary of Opinions,JPY,2021-12-26T18:50:00Z,None,,,,false,false
,Retail Sales y/y,JPY,2021-12-26T18:50:00Z,None,1.8%,0.9%,1.9%,false,false
,Bank Holiday,AUD,2021-12-27T00:00:00Z,None,,,,true,false
,Bank Holiday,GBP,2021-12-27T00:00:00Z,None,,,,true,false
,Bank Holiday,CAD,2021-12-27T00:00:00Z,None,,,,true,false
,Bank Holiday,NZD,2021-12-27T00:00:00Z,None,,,,true,false
,Unemployment Rate,JPY,2021-12-27T18:30:00Z,None,2.7%,2.7%,2.8%,false,false
,Prelim Industrial Production m/m,JPY,2021-12-27T18:50:00Z,None,4.9%,1.8%,7.2%,false,false
,Bank Holiday,CAD,2021-12-28T00:00:00Z,None,,,,true,false
,Bank Holiday,GBP,2021-12-28T00:00:00Z,None,,,,true,false
,BOJ Core CPI y/y,JPY,2021-12-28T00:00:00Z,None,0.5%,0.6%,0.8%,false,false
,S&P/CS Composite-20 HPI y/y,USD,2021-12-28T09:00:00Z,None,18.6%,19.1%,18.4%,false,false
,HPI m/m,USD,2021-12-28T09:00:00Z,None,0.9%,0.9%,1.1%,false,false
,Richmond Manufacturing Index,USD,2021-12-28T10:00:00Z,None,11,11,16,false,false
,API Weekly Statistical Bulletin,USD,2021-12-28T16:30:00Z,None,,,,false,false
,Private Loans y/y,EUR,2021-12-29T04:00:00Z,None,4.2%,4.1%,4.2%,false,false
,M3 Money Supply y/y,EUR,2021-12-29T04:00:00Z,None,7.6%,7.7%,7.3%,false,false
,UBS Economic Expectations,CHF,2021-12-29T04:00:00Z,None,,-10.8,0.0,false,false
,Goods Trade Balance,USD,2021-12-29T08:30:00Z,None,-89.0B,-83.2B,-97.8B,false,false
,Prelim Wholesale Inventories m/m,USD,2021-12-29T08:30:00Z,None,1.5%,2.3%,1.2%,false,false
,Pending Home Sales m/m,USD,2021-12-29T10:00:00Z,None,0.6%,7.5%,-2.2%,false,false
,Crude Oil Inventories,USD,2021-12-29T10:30:00Z,None,-2.7M,-4.7M,-3.6M,false,false
,Bank Holiday,JPY,2021-12-30T00:00:00Z,None,,,,true,false
,Nationwide HPI m/m,GBP,2021-12-30T02:00:00Z,None,0.5%,0.9%,1.0%,false,false
,Spanish Flash CPI y/y,EUR,2021-12-30T03:00:00Z,None,5.6%,5.5%,6.7%,false,false
,KOF Economic Barometer,CHF,2021-12-30T03:00:00Z,None,106.2,107.5,107.0,false,false
,Unemployment Claims,USD,2021-12-30T08:30:00Z,None,205K,206K,198K,false,false
,Chicago PMI,USD,2021-12-30T09:45:00Z,None,61.9,61.8,63.1,false,false
,Natural Gas Storage,USD,2021-12-30T10:30:00Z,None,-128B,-55B,-136B,false,false
,Non-Manufacturing PMI,CNY,2021-12-30T20:00:00Z,None,52.0,52.3,52.7,false,false
,Manufacturing PMI,CNY,2021-12-30T20:00:00Z,None,50.0,50.1,50.3,false,false
,German Bank Holiday,EUR,2021-12-31T00:00:00Z,None,,,,true,false
