key_type,asset,tf,family,surprise,slot,direction,intensity,pretrend,n,fwd_15m_med,fwd_1h_med,fwd_4h_med,fwd_24h_med,cont_15m,cont_1h,cont_4h,cont_24h,adverse_med,adverse_worst
event,EURUSD,M15,ADP,up,other,dn,ALL,ALL,27,-0.4287,-0.2024,-1.0657,-0.4789,0.2963,0.4444,0.4444,0.4815,-6.9501,-23.6361
event,EURUSD,M15,ADP,down,other,up,ALL,ALL,25,-0.4281,0.0849,0.4526,-1.1285,0.4,0.56,0.56,0.48,-4.1247,-18.1961
event,EURUSD,M15,ADP,down,other,up,ALL,bull,16,-0.0865,0.1281,0.8035,-0.6452,0.4375,0.5625,0.625,0.5,-3.9724,-18.1961
event,EURUSD,M15,ADP,down,other,dn,ALL,ALL,15,0.2683,0.7558,-1.7637,1.8796,0.6,0.6667,0.2667,0.5333,-5.7712,-12.254
event,EURUSD,M15,ADP,up,other,dn,ALL,bull,15,-0.4287,-1.2191,-1.255,-1.2625,0.3333,0.3333,0.4,0.3333,-7.072,-23.6361
event,EURUSD,M15,ADP,big_up,other,dn,ALL,ALL,13,-0.9063,0.3698,-0.1183,1.9463,0.2308,0.6923,0.4615,0.7692,-3.0295,-17.6093
event,EURUSD,M15,ADP,up,other,dn,ALL,bear,12,-0.4171,0.2796,-0.4786,1.6911,0.25,0.5833,0.5,0.6667,-5.7062,-9.8716
event,EURUSD,M15,ADP,up,other,up,ALL,ALL,11,-0.5742,-0.1112,-0.5886,2.7809,0.3636,0.4545,0.4545,0.6364,-3.4333,-18.8819
event,EURUSD,M15,ADP,down,other,dn,ALL,bull,10,0.291,0.9357,-1.535,3.2557,0.6,0.7,0.3,0.7,-4.6629,-10.4499
event,EURUSD,M15,ADP,big_up,other,up,ALL,ALL,9,0.3008,0.0,0.9356,0.0747,0.6667,0.4444,0.7778,0.5556,-1.4306,-5.879
event,EURUSD,M15,ADP,down,other,up,ALL,bear,9,-0.7523,0.0201,-0.5691,-1.1285,0.3333,0.5556,0.4444,0.4444,-4.442,-8.761
event,EURUSD,M15,ADP,big_up,other,dn,ALL,bear,8,-0.618,-0.0517,-0.1597,3.461,0.375,0.5,0.375,0.875,-2.3369,-5.4282
event,EURUSD,M15,ADP,up,other,up,ALL,bear,7,-0.5742,-0.1112,0.2595,2.7809,0.4286,0.4286,0.5714,0.7143,-2.7432,-12.6193
event,EURUSD,M15,ADP,big_down,other,up,ALL,ALL,6,0.1599,-0.0048,-1.9868,-0.2215,0.5,0.5,0.3333,0.5,-5.4219,-9.5385
event,EURUSD,M15,ADP,big_up,other,dn,ALL,bull,5,-0.9063,1.1623,2.5114,1.2629,0.0,1.0,0.6,0.6,-3.8473,-17.6093
event,EURUSD,M15,ADP,big_up,other,up,ALL,bear,5,0.087,-0.104,1.9783,-0.2599,0.6,0.4,0.8,0.4,-2.3916,-5.2976
event,EURUSD,M15,ADP,down,other,dn,ALL,bear,5,0.2683,0.7156,-2.246,-0.9481,0.6,0.6,0.2,0.2,-7.0134,-12.254
event,EURUSD,M15,AHE,up,0830_data,dn,ALL,ALL,24,0.6278,-0.0464,-0.581,-0.6391,0.625,0.5,0.4583,0.4583,-4.4044,-14.9594
event,EURUSD,M15,AHE,down,0830_data,up,ALL,ALL,22,-0.3968,-0.6146,-0.4894,-0.7852,0.3636,0.4091,0.4091,0.4545,-5.9975,-13.327
event,EURUSD,M15,AHE,down,0830_data,dn,ALL,ALL,14,-0.0943,-1.6961,-1.2366,-1.7049,0.5,0.2857,0.3571,0.3571,-6.2324,-14.8871
event,EURUSD,M15,AHE,up,0830_data,dn,ALL,bull,14,0.8243,0.8443,-1.8267,0.4259,0.6429,0.5714,0.3571,0.5,-4.4044,-14.0205
event,EURUSD,M15,AHE,down,0830_data,up,ALL,bull,13,-0.5374,-0.8484,-0.8559,-0.7365,0.3077,0.3077,0.3846,0.4615,-6.0922,-8.938
event,EURUSD,M15,AHE,up,0830_data,up,ALL,ALL,12,-0.9565,-0.3752,0.1435,0.8743,0.3333,0.4167,0.5,0.5833,-5.593,-18.712
event,EURUSD,M15,AHE,up,0830_data,dn,ALL,bear,10,0.2194,-1.1773,0.9846,-0.7483,0.6,0.4,0.6,0.4,-4.5732,-14.9594
event,EURUSD,M15,AHE,down,0830_data,dn,ALL,bull,9,-0.4846,-2.1776,-1.4043,-1.5072,0.4444,0.2222,0.2222,0.3333,-5.6362,-14.8871
event,EURUSD,M15,AHE,down,0830_data,up,ALL,bear,9,-0.2013,0.4526,-0.3931,-1.8119,0.4444,0.5556,0.4444,0.4444,-5.8931,-13.327
event,EURUSD,M15,AHE,up,0830_data,up,ALL,bull,8,-1.0591,-1.5893,-1.9058,-0.4594,0.25,0.375,0.25,0.5,-6.4736,-18.712
event,EURUSD,M15,AHE,big_down,0830_data,dn,ALL,ALL,7,0.2688,-0.7622,-1.1198,-4.9012,0.5714,0.0,0.2857,0.2857,-6.5845,-13.8862
event,EURUSD,M15,AHE,big_down,0830_data,up,ALL,ALL,7,-0.833,-0.7644,-0.6272,-5.2297,0.1429,0.4286,0.4286,0.2857,-7.1933,-17.8644
event,EURUSD,M15,AHE,big_up,0830_data,dn,ALL,ALL,7,0.4108,0.644,0.2347,0.9819,0.5714,0.7143,0.5714,0.5714,-5.1388,-9.6793
event,EURUSD,M15,AHE,big_down,0830_data,dn,ALL,bull,5,0.363,-0.7622,-3.4086,-4.9012,0.6,0.0,0.4,0.2,-9.7815,-13.8862
event,EURUSD,M15,AHE,big_up,0830_data,dn,ALL,bear,5,0.8246,0.9327,0.2347,-0.0302,0.8,0.6,0.6,0.4,-5.1388,-9.6793
event,EURUSD,M15,AHE,down,0830_data,dn,ALL,bear,5,0.296,-1.3961,3.5228,-1.9026,0.6,0.4,0.6,0.4,-8.6585,-11.1317
event,EURUSD,M15,CLAIMS,down,0830_data,dn,ALL,ALL,68,-0.0488,0.0721,0.136,0.2875,0.4853,0.5147,0.5147,0.5294,-4.0331,-39.3484
event,EURUSD,M15,CLAIMS,down,0830_data,up,ALL,ALL,65,0.0,-0.1017,-0.8378,-1.092,0.4923,0.4923,0.4769,0.4462,-5.2433,-35.2015
event,EURUSD,M15,CLAIMS,up,0830_data,up,ALL,ALL,59,0.2345,0.0759,0.2406,0.4702,0.5932,0.5085,0.5254,0.5424,-4.1137,-34.6799
event,EURUSD,M15,CLAIMS,up,0830_data,dn,ALL,ALL,58,-0.1222,0.1732,0.0862,-1.0448,0.4483,0.5345,0.5172,0.4483,-5.4539,-30.6156
event,EURUSD,M15,CLAIMS,down,0830_data,dn,ALL,bull,40,0.4127,0.1565,-0.163,0.2875,0.6,0.525,0.5,0.55,-4.2676,-39.3484
event,EURUSD,M15,CLAIMS,down,0830_data,up,ALL,bear,33,0.2778,0.493,0.9382,1.3944,0.5455,0.5758,0.5758,0.5758,-3.5496,-13.9066
event,EURUSD,M15,CLAIMS,up,0830_data,up,ALL,bear,33,0.1567,-0.6623,-2.551,-0.9291,0.5455,0.4545,0.3939,0.4242,-5.5836,-21.2611
event,EURUSD,M15,CLAIMS,down,0830_data,up,ALL,bull,32,0.0,-0.9715,-2.1583,-3.405,0.4375,0.4062,0.375,0.3125,-6.0999,-35.2015
event,EURUSD,M15,CLAIMS,up,0830_data,dn,ALL,bull,32,0.0564,0.3013,0.0862,-1.3214,0.5,0.5938,0.5312,0.4375,-5.6514,-30.6156
event,EURUSD,M15,CLAIMS,big_up,0830_data,up,ALL,ALL,30,-0.3451,0.0951,0.7227,0.5729,0.4333,0.5333,0.5667,0.5333,-4.0664,-24.7543
event,EURUSD,M15,CLAIMS,big_down,0830_data,dn,ALL,ALL,28,-0.4293,0.0051,-0.4529,-0.7139,0.3929,0.5,0.3929,0.4286,-5.3057,-16.7006
event,EURUSD,M15,CLAIMS,down,0830_data,dn,ALL,bear,28,-0.4023,-0.1435,0.4911,0.2291,0.3214,0.5,0.5357,0.5,-2.5127,-14.2072
event,EURUSD,M15,CLAIMS,up,0830_data,dn,ALL,bear,26,-0.4249,-0.2464,-0.2347,-0.7764,0.3846,0.4615,0.5,0.4615,-4.8593,-25.4283
event,EURUSD,M15,CLAIMS,up,0830_data,up,ALL,bull,26,0.3099,0.6762,1.5271,2.4448,0.6538,0.5769,0.6923,0.6923,-2.9156,-34.6799
event,EURUSD,M15,CLAIMS,big_down,0830_data,up,ALL,ALL,23,-0.0479,0.3237,0.6289,1.4528,0.4348,0.5652,0.5652,0.5652,-2.6123,-16.7011
event,EURUSD,M15,CLAIMS,big_up,0830_data,dn,ALL,ALL,21,-0.0548,-0.7623,-1.328,-0.4227,0.4762,0.3333,0.381,0.4286,-6.8456,-25.8171
event,EURUSD,M15,CLAIMS,big_down,0830_data,dn,ALL,bull,18,-0.015,0.605,-0.2163,-0.1009,0.5,0.6667,0.3889,0.5,-3.8586,-16.7006
event,EURUSD,M15,CLAIMS,big_up,0830_data,up,ALL,bull,16,-0.3531,-0.27,0.1209,2.1182,0.375,0.5,0.5,0.625,-4.1369,-19.7674
event,EURUSD,M15,CLAIMS,big_up,0830_data,up,ALL,bear,14,-0.0866,0.3628,0.7227,-0.9784,0.5,0.5714,0.6429,0.4286,-3.6008,-24.7543
event,EURUSD,M15,CLAIMS,big_down,0830_data,up,ALL,bull,13,0.0236,0.2175,0.6289,0.5932,0.5385,0.5385,0.6154,0.5385,-1.9673,-16.7011
event,EURUSD,M15,CLAIMS,big_up,0830_data,dn,ALL,bear,13,-0.0548,-0.7498,-1.328,0.0,0.4615,0.3077,0.3846,0.4615,-5.5324,-25.8171
event,EURUSD,M15,CLAIMS,big_down,0830_data,dn,ALL,bear,10,-0.5252,-1.3184,-1.854,-4.7714,0.2,0.2,0.4,0.3,-6.6856,-14.7626
event,EURUSD,M15,CLAIMS,big_down,0830_data,up,ALL,bear,10,-0.1962,0.6774,1.6311,1.5976,0.3,0.6,0.5,0.6,-3.3905,-7.2607
event,EURUSD,M15,CLAIMS,big_up,0830_data,dn,ALL,bull,8,0.1592,-0.8819,-1.7738,-2.1495,0.5,0.375,0.375,0.375,-9.0773,-13.7134
event,EURUSD,M15,CONF,up,1000_data,dn,ALL,ALL,32,-0.0912,-0.3442,-0.2169,-0.1788,0.4688,0.4375,0.5,0.5,-4.1452,-17.6808
event,EURUSD,M15,CONF,big_up,1000_data,dn,ALL,ALL,23,-0.1024,-0.5378,-0.8047,2.7044,0.3478,0.3913,0.3478,0.6087,-3.0847,-11.2636
event,EURUSD,M15,CONF,down,1000_data,up,ALL,ALL,23,-0.1647,-0.8595,0.0,-1.7298,0.3478,0.4348,0.4783,0.4348,-4.8431,-14.0866
event,EURUSD,M15,CONF,up,1000_data,dn,ALL,bull,18,0.3193,0.1499,-0.8715,-0.2084,0.6111,0.5,0.4444,0.5,-4.1452,-17.6808
event,EURUSD,M15,CONF,big_down,1000_data,up,ALL,ALL,16,0.4792,-0.45,0.7535,0.0004,0.5625,0.375,0.625,0.5,-2.7201,-12.6437
event,EURUSD,M15,CONF,big_down,1000_data,dn,ALL,ALL,15,-0.2661,0.6565,1.0215,-1.3416,0.4,0.6667,0.6,0.2667,-5.699,-11.8596
event,EURUSD,M15,CONF,down,1000_data,dn,ALL,ALL,15,-0.655,-0.4367,-0.0703,0.7819,0.2667,0.4667,0.4667,0.5333,-4.6242,-16.8373
event,EURUSD,M15,CONF,up,1000_data,up,ALL,ALL,15,-0.1484,0.3138,-0.5397,-1.7352,0.4667,0.6,0.4667,0.4,-5.3014,-20.143
event,EURUSD,M15,CONF,big_up,1000_data,dn,ALL,bull,14,-0.2928,-0.9175,-1.1734,0.4584,0.3571,0.2143,0.2143,0.5,-3.5488,-10.9945
event,EURUSD,M15,CONF,up,1000_data,dn,ALL,bear,14,-0.2119,-0.4227,1.4246,-0.1216,0.2857,0.3571,0.5714,0.5,-3.6004,-9.5223
event,EURUSD,M15,CONF,down,1000_data,up,ALL,bear,12,-0.0073,-0.5953,0.4343,-1.6677,0.3333,0.4167,0.5833,0.4167,-5.0209,-13.0153
event,EURUSD,M15,CONF,down,1000_data,up,ALL,bull,11,-0.287,-0.9735,-0.6783,-1.8104,0.3636,0.4545,0.3636,0.4545,-4.8233,-14.0866
event,EURUSD,M15,CONF,up,1000_data,up,ALL,bear,10,-0.3537,0.3206,0.7675,-1.0768,0.4,0.7,0.6,0.4,-3.6133,-13.4206
event,EURUSD,M15,CONF,big_up,1000_data,up,ALL,ALL,9,0.1193,0.3456,-0.708,-2.5605,0.5556,0.5556,0.4444,0.2222,-4.715,-10.7124
event,EURUSD,M15,CONF,big_up,1000_data,dn,ALL,bear,9,-0.0926,0.8621,0.3881,3.8368,0.3333,0.6667,0.5556,0.7778,-2.5517,-11.2636
event,EURUSD,M15,CONF,down,1000_data,dn,ALL,bear,9,-0.3516,-0.6126,-0.0703,-1.6094,0.2222,0.3333,0.4444,0.3333,-5.9408,-16.8373
event,EURUSD,M15,CONF,big_down,1000_data,dn,ALL,bull,8,-0.1425,0.8479,0.6658,-4.7176,0.5,0.875,0.625,0.125,-7.0369,-11.8596
event,EURUSD,M15,CONF,big_down,1000_data,up,ALL,bear,8,0.688,0.1892,0.8078,-2.8465,0.625,0.5,0.625,0.25,-5.4226,-11.2171
event,EURUSD,M15,CONF,big_down,1000_data,up,ALL,bull,8,0.203,-0.4643,0.6195,5.8343,0.5,0.25,0.625,0.75,-2.2914,-12.6437
event,EURUSD,M15,CONF,big_down,1000_data,dn,ALL,bear,7,-0.2661,-0.2358,1.4937,-1.1425,0.2857,0.4286,0.5714,0.4286,-4.2117,-10.3318
event,EURUSD,M15,CONF,down,1000_data,dn,ALL,bull,6,-0.757,0.5956,-0.3068,1.4291,0.3333,0.6667,0.5,0.8333,-3.9194,-9.9057
event,EURUSD,M15,CONF,big_up,1000_data,up,ALL,bull,5,-0.3167,-0.1323,-1.1021,-6.7368,0.4,0.4,0.0,0.2,-7.7165,-10.7124
event,EURUSD,M15,CONF,up,1000_data,up,ALL,bull,5,0.1852,-0.4938,-1.9091,-9.3377,0.6,0.4,0.2,0.4,-13.2987,-20.143
event,EURUSD,M15,CPI_FLASH,down,eu_session,up,ALL,ALL,7,-0.1753,2.0847,1.4979,2.8458,0.2857,0.7143,0.5714,0.7143,-3.8484,-8.5421
event,EURUSD,M15,CPI_FLASH,down,eu_session,up,ALL,bear,6,-0.1042,2.202,1.9993,2.2454,0.3333,0.8333,0.6667,0.6667,-2.7628,-8.5421
event,EURUSD,M15,CPI_FLASH,up,eu_session,up,ALL,ALL,5,0.5226,1.1993,4.5664,-3.1719,1.0,0.8,1.0,0.0,-6.4735,-10.4013
event,EURUSD,M15,CPI_MM,down,0830_data,up,ALL,ALL,67,-0.2155,0.1466,0.2044,-0.448,0.4478,0.5075,0.5075,0.4776,-4.3796,-18.4976
event,EURUSD,M15,CPI_MM,up,0830_data,dn,ALL,ALL,44,0.1983,-0.3084,-1.0735,0.9542,0.5455,0.4318,0.3636,0.5909,-5.5689,-42.721
event,EURUSD,M15,CPI_MM,down,0830_data,up,ALL,bull,39,0.0,-0.0536,0.0,0.1162,0.4872,0.4872,0.4615,0.5385,-4.3728,-10.8037
event,EURUSD,M15,CPI_MM,down,0830_data,dn,ALL,ALL,32,0.1897,0.2512,0.7734,1.0607,0.5625,0.5625,0.5312,0.5938,-4.7108,-21.2267
event,EURUSD,M15,CPI_MM,down,0830_data,up,ALL,bear,28,-0.3326,0.1466,0.7733,-1.9649,0.3929,0.5357,0.5714,0.3929,-4.9883,-18.4976
event,EURUSD,M15,CPI_MM,up,0830_data,up,ALL,ALL,25,0.3193,0.5418,0.68,-0.7629,0.6,0.64,0.56,0.4,-4.8596,-16.2185
event,EURUSD,M15,CPI_MM,up,0830_data,dn,ALL,bull,24,0.3636,0.1608,-0.0504,0.676,0.625,0.5,0.4167,0.625,-4.6329,-22.4984
event,EURUSD,M15,CPI_MM,big_down,0830_data,up,ALL,ALL,21,0.1979,-0.5623,-0.5389,1.1177,0.5714,0.4762,0.4286,0.619,-5.4358,-26.7183
event,EURUSD,M15,CPI_MM,up,0830_data,dn,ALL,bear,20,-0.2929,-1.0107,-1.4765,1.2153,0.45,0.35,0.3,0.55,-6.2863,-42.721
event,EURUSD,M15,CPI_MM,big_up,0830_data,dn,ALL,ALL,19,-0.7087,-0.8954,-1.1801,0.164,0.3684,0.3684,0.4737,0.6842,-6.0518,-22.4984
event,EURUSD,M15,CPI_MM,down,0830_data,dn,ALL,bull,17,0.1899,0.2712,0.3567,3.2929,0.5294,0.5294,0.5294,0.6471,-5.4558,-12.119
event,EURUSD,M15,CPI_MM,up,0830_data,up,ALL,bear,16,0.2271,0.3039,-0.4611,-0.7629,0.625,0.5625,0.5,0.375,-4.2064,-16.2185
event,EURUSD,M15,CPI_MM,down,0830_data,dn,ALL,bear,15,0.1894,0.2313,1.6621,0.7339,0.6,0.6,0.5333,0.5333,-3.4129,-21.2267
event,EURUSD,M15,CPI_MM,big_down,0830_data,up,ALL,bull,12,-0.9932,-0.4326,-1.6968,0.5687,0.3333,0.5,0.3333,0.5833,-7.6271,-26.7183
event,EURUSD,M15,CPI_MM,big_up,0830_data,dn,ALL,bull,10,-0.9965,-1.2162,-9.3477,0.1479,0.3,0.2,0.2,0.6,-12.3012,-22.4984
event,EURUSD,M15,CPI_MM,big_down,0830_data,up,ALL,bear,9,0.8201,-0.5623,0.7386,3.4884,0.8889,0.4444,0.5556,0.6667,-5.4358,-18.4976
event,EURUSD,M15,CPI_MM,big_up,0830_data,dn,ALL,bear,9,-0.7087,1.6076,4.6334,3.3079,0.4444,0.5556,0.7778,0.7778,-4.394,-19.5726
event,EURUSD,M15,CPI_MM,up,0830_data,up,ALL,bull,9,0.7758,0.8259,1.161,-2.2786,0.5556,0.7778,0.6667,0.4444,-4.879,-13.8695
event,EURUSD,M15,CPI_MM,big_up,0830_data,up,ALL,ALL,6,0.3229,-0.1149,-0.6539,-5.3431,0.8333,0.5,0.5,0.3333,-8.2287,-10.8703
event,EURUSD,M15,CPI_YY,down,0830_data,up,ALL,ALL,66,-0.3238,0.1466,0.6117,-0.4942,0.4394,0.5152,0.5303,0.4697,-4.3762,-18.4976
event,EURUSD,M15,CPI_YY,up,0830_data,dn,ALL,ALL,60,0.0,-0.2917,-1.1077,0.6188,0.4667,0.45,0.4333,0.5167,-5.1546,-42.721
event,EURUSD,M15,CPI_YY,up,0830_data,up,ALL,ALL,49,-0.1181,0.162,-2.3435,-2.2786,0.4694,0.5102,0.4082,0.3469,-6.7835,-25.1062
event,EURUSD,M15,CPI_YY,down,0830_data,up,ALL,bull,38,-0.6235,-0.3447,-0.0743,-0.448,0.3947,0.4211,0.4737,0.4737,-4.3762,-10.8037
event,EURUSD,M15,CPI_YY,down,0830_data,dn,ALL,ALL,33,-0.1129,0.7296,0.7478,2.0522,0.4242,0.6061,0.6061,0.6364,-4.0987,-25.05
event,EURUSD,M15,CPI_YY,up,0830_data,dn,ALL,bull,31,0.0,-0.0531,0.3023,0.848,0.4516,0.4839,0.5161,0.5484,-4.6612,-19.1554
event,EURUSD,M15,CPI_YY,up,0830_data,dn,ALL,bear,29,-0.1567,-0.2917,-1.7875,-1.0215,0.4828,0.4138,0.3448,0.4828,-5.9236,-42.721
event,EURUSD,M15,CPI_YY,down,0830_data,up,ALL,bear,28,0.0341,0.4544,0.7349,-0.7348,0.5,0.6429,0.6071,0.4643,-4.0431,-18.4976
event,EURUSD,M15,CPI_YY,big_down,0830_data,up,ALL,ALL,26,0.2572,-0.213,-1.6968,-0.667,0.5769,0.4615,0.3077,0.5,-6.5746,-26.7183
event,EURUSD,M15,CPI_YY,up,0830_data,up,ALL,bear,26,-0.3222,-0.8005,-2.3676,-3.0574,0.4231,0.4615,0.3846,0.3077,-6.9718,-15.2036
event,EURUSD,M15,CPI_YY,big_up,0830_data,dn,ALL,ALL,24,-0.6556,-0.8233,0.9916,1.906,0.4167,0.375,0.5417,0.7917,-5.0233,-22.4984
event,EURUSD,M15,CPI_YY,down,0830_data,dn,ALL,bull,24,0.1554,0.7892,0.752,2.6725,0.5,0.625,0.625,0.6667,-3.8511,-23.4899
event,EURUSD,M15,CPI_YY,up,0830_data,up,ALL,bull,23,0.0581,0.3305,-1.4269,-2.2786,0.5217,0.5652,0.4348,0.3913,-6.6755,-25.1062
event,EURUSD,M15,CPI_YY,big_down,0830_data,up,ALL,bull,14,-0.5312,0.4679,-1.8734,0.0197,0.4286,0.5714,0.2857,0.5714,-7.385,-26.7183
event,EURUSD,M15,CPI_YY,big_up,0830_data,dn,ALL,bull,14,0.4852,-0.8593,-1.1801,0.5039,0.5,0.2143,0.2857,0.7143,-5.7289,-22.4984
event,EURUSD,M15,CPI_YY,big_down,0830_data,up,ALL,bear,12,1.0918,-0.5623,-0.9039,-1.3727,0.75,0.3333,0.3333,0.4167,-5.9107,-18.4976
event,EURUSD,M15,CPI_YY,big_up,0830_data,up,ALL,ALL,11,0.0429,-0.7719,-1.8001,-6.0463,0.5455,0.2727,0.3636,0.3636,-7.16,-15.2036
event,EURUSD,M15,CPI_YY,big_up,0830_data,dn,ALL,bear,10,-0.7679,0.8344,5.4887,7.3347,0.3,0.6,0.9,0.9,-3.6242,-10.4523
event,EURUSD,M15,CPI_YY,big_down,0830_data,dn,ALL,ALL,9,-0.4162,-0.0595,-1.7875,-1.962,0.4444,0.4444,0.2222,0.3333,-5.8347,-23.4899
event,EURUSD,M15,CPI_YY,down,0830_data,dn,ALL,bear,9,-0.2617,0.2915,0.1443,0.2165,0.2222,0.5556,0.5556,0.5556,-4.0987,-25.05
event,EURUSD,M15,CPI_YY,big_up,0830_data,up,ALL,bull,6,0.222,0.0315,1.2035,1.6548,0.6667,0.5,0.6667,0.5,-2.3866,-10.3542
event,EURUSD,M15,CPI_YY,big_down,0830_data,dn,ALL,bull,5,-0.4698,0.2712,-3.9979,0.751,0.4,0.6,0.4,0.6,-7.0764,-23.4899
event,EURUSD,M15,CPI_YY,big_up,0830_data,up,ALL,bear,5,-0.2366,-2.4117,-3.7304,-8.6508,0.4,0.0,0.0,0.2,-10.8703,-15.2036
event,EURUSD,M15,CRUDE,down,other,dn,ALL,ALL,25,0.0931,-0.1493,-0.4893,-0.0306,0.52,0.44,0.44,0.48,-6.3589,-39.6751
event,EURUSD,M15,CRUDE,big_up,other,up,ALL,ALL,17,-0.6978,-0.0935,-0.4084,-0.4011,0.1765,0.4706,0.4118,0.4706,-4.6607,-14.3767
event,EURUSD,M15,CRUDE,big_down,other,dn,ALL,ALL,16,-0.16,-0.7951,-0.9218,1.2546,0.375,0.3125,0.3125,0.6875,-5.404,-15.7838
event,EURUSD,M15,CRUDE,up,other,up,ALL,ALL,15,0.2248,0.1744,0.7185,-1.276,0.5333,0.5333,0.6,0.4667,-5.2593,-21.1497
event,EURUSD,M15,CRUDE,down,other,dn,ALL,bull,15,-0.273,-0.2096,-0.5115,2.752,0.4,0.4667,0.4,0.6667,-6.3589,-17.583
event,EURUSD,M15,CRUDE,down,other,up,ALL,ALL,14,-0.1356,-1.0231,0.4113,2.0371,0.4286,0.3571,0.5714,0.6429,-4.0632,-7.0969
event,EURUSD,M15,CRUDE,up,other,dn,ALL,ALL,14,-0.3073,-0.4954,0.7485,0.2824,0.2857,0.2857,0.7143,0.5,-3.301,-21.068
event,EURUSD,M15,CRUDE,big_down,other,up,ALL,ALL,13,-0.3376,-0.039,1.7454,0.2938,0.4615,0.3846,0.6154,0.5385,-3.9813,-8.3989
event,EURUSD,M15,CRUDE,big_up,other,dn,ALL,ALL,12,0.1875,0.3298,0.3756,-1.1951,0.6667,0.5833,0.5,0.4167,-6.2911,-20.6441
event,EURUSD,M15,CRUDE,down,other,dn,ALL,bear,10,0.1384,-0.1241,0.1919,-3.1767,0.7,0.4,0.5,0.2,-5.9832,-39.6751
event,EURUSD,M15,CRUDE,up,other,up,ALL,bear,10,0.3052,0.5023,0.7652,-1.6823,0.7,0.6,0.6,0.4,-5.6871,-20.8029
event,EURUSD,M15,CRUDE,big_down,other,up,ALL,bear,9,-0.3376,-0.0095,3.5045,1.9671,0.4444,0.4444,0.7778,0.6667,-2.9852,-7.8681
event,EURUSD,M15,CRUDE,big_up,other,up,ALL,bull,9,-0.6978,-0.0935,-2.3804,2.6087,0.1111,0.4444,0.3333,0.5556,-3.6444,-11.9383
event,EURUSD,M15,CRUDE,big_down,other,dn,ALL,bear,8,-0.5003,-0.6728,-1.3652,-1.971,0.25,0.25,0.125,0.5,-5.427,-15.7838
event,EURUSD,M15,CRUDE,big_down,other,dn,ALL,bull,8,0.0096,-0.8644,-0.3374,1.9425,0.5,0.375,0.5,0.875,-4.0239,-9.3795
event,EURUSD,M15,CRUDE,big_up,other,dn,ALL,bear,8,0.1875,-0.0791,-0.486,-1.1951,0.75,0.5,0.375,0.375,-6.2911,-13.0812
event,EURUSD,M15,CRUDE,big_up,other,up,ALL,bear,8,-0.6276,-0.3488,0.3533,-3.2366,0.25,0.5,0.5,0.375,-4.6639,-14.3767
event,EURUSD,M15,CRUDE,up,other,dn,ALL,bull,8,-0.4974,-0.7475,0.7485,0.2824,0.25,0.25,0.625,0.5,-3.301,-21.068
event,EURUSD,M15,CRUDE,down,other,up,ALL,bear,7,-0.1094,-1.0384,1.8963,9.6264,0.4286,0.4286,0.7143,0.7143,-3.0629,-5.9368
event,EURUSD,M15,CRUDE,down,other,up,ALL,bull,7,-0.3059,-1.0078,-1.9535,0.2326,0.4286,0.2857,0.4286,0.5714,-4.2791,-7.0969
event,EURUSD,M15,CRUDE,up,other,dn,ALL,bear,6,-0.1972,-0.0544,1.2141,-2.529,0.3333,0.3333,0.8333,0.5,-4.5042,-20.4118
event,EURUSD,M15,CRUDE,up,other,up,ALL,bull,5,-0.7472,-0.2135,0.3229,1.9693,0.2,0.4,0.6,0.6,-2.4021,-21.1497
event,EURUSD,M15,DURABLES,down,0830_data,up,ALL,ALL,24,-0.0075,-0.4412,-0.7998,-0.9775,0.4583,0.4167,0.3333,0.375,-5.2189,-15.7521
event,EURUSD,M15,DURABLES,up,0830_data,dn,ALL,ALL,18,-0.2754,0.438,1.1923,-0.0993,0.3889,0.6667,0.6111,0.5,-3.7211,-25.4283
event,EURUSD,M15,DURABLES,down,0830_data,up,ALL,bear,15,0.0949,-0.6623,-0.8544,-0.9035,0.5333,0.3333,0.2667,0.4,-6.2478,-15.7521
event,EURUSD,M15,DURABLES,down,0830_data,dn,ALL,ALL,14,0.0735,0.1744,0.1647,-0.3671,0.5714,0.5714,0.5,0.5,-5.9839,-11.4973
event,EURUSD,M15,DURABLES,up,0830_data,dn,ALL,bull,11,-0.4269,0.5,1.4384,-0.4425,0.4545,0.6364,0.5455,0.4545,-4.8907,-11.0283
event,EURUSD,M15,DURABLES,down,0830_data,up,ALL,bull,9,-0.0151,0.3566,-0.2921,-1.0514,0.3333,0.5556,0.4444,0.3333,-4.1243,-6.0178
event,EURUSD,M15,DURABLES,down,0830_data,dn,ALL,bear,8,0.1279,0.1744,0.8232,-1.2065,0.75,0.625,0.625,0.375,-4.6108,-11.4973
event,EURUSD,M15,DURABLES,big_down,0830_data,up,ALL,ALL,7,-0.2398,-0.5831,-0.9091,-1.4334,0.1429,0.4286,0.4286,0.2857,-4.9733,-9.8321
event,EURUSD,M15,DURABLES,big_up,0830_data,dn,ALL,ALL,7,0.0,0.5963,0.6098,-3.6247,0.4286,0.5714,0.5714,0.2857,-6.5032,-13.7134
event,EURUSD,M15,DURABLES,up,0830_data,up,ALL,ALL,7,-0.1296,0.8939,1.5228,2.4434,0.4286,0.5714,0.5714,0.5714,-1.5547,-9.0959
event,EURUSD,M15,DURABLES,up,0830_data,dn,ALL,bear,7,-0.1239,0.3759,0.9462,1.032,0.2857,0.7143,0.7143,0.5714,-2.3183,-25.4283
event,EURUSD,M15,DURABLES,down,0830_data,dn,ALL,bull,6,-0.326,-0.1981,-0.5274,0.332,0.3333,0.5,0.3333,0.6667,-6.4563,-7.9231
event,EURUSD,M15,DURABLES,big_up,0830_data,dn,ALL,bull,5,-0.1376,0.5963,1.089,-3.7456,0.4,0.6,0.8,0.2,-6.5032,-13.7134
event,EURUSD,M15,GDP,down,0830_data,up,ALL,ALL,21,0.2717,0.6341,-0.9089,-1.0355,0.5238,0.5714,0.4762,0.4762,-5.2425,-16.0606
event,EURUSD,M15,GDP,up,0830_data,dn,ALL,ALL,18,0.1097,-0.0802,1.0759,2.1138,0.5556,0.5,0.7222,0.6667,-2.842,-16.2246
event,EURUSD,M15,GDP,up,0830_data,up,ALL,ALL,17,-0.1662,0.6098,2.127,1.0363,0.4118,0.6471,0.6471,0.7059,-2.5258,-8.7892
event,EURUSD,M15,GDP,big_up,0830_data,dn,ALL,ALL,16,0.7158,0.8627,2.5089,0.0627,0.75,0.75,0.6875,0.5,-4.2034,-14.0719
event,EURUSD,M15,GDP,big_down,0830_data,up,ALL,ALL,15,-0.3867,-0.2963,-0.064,2.1236,0.4667,0.4667,0.4667,0.8667,-2.2394,-9.7906
event,EURUSD,M15,GDP,down,0830_data,dn,ALL,ALL,15,-0.3602,-0.1601,-1.5024,-2.9583,0.3333,0.4,0.2667,0.3333,-8.4562,-13.7276
event,EURUSD,M15,GDP,big_up,0830_data,dn,ALL,bear,13,0.5566,0.8571,0.791,0.5273,0.7692,0.7692,0.6154,0.5385,-4.5561,-14.0719
event,EURUSD,M15,GDP,down,0830_data,up,ALL,bull,13,0.2717,0.8769,0.1751,1.6447,0.5385,0.6923,0.5385,0.5385,-3.7334,-15.0431
event,EURUSD,M15,GDP,up,0830_data,up,ALL,bear,13,-0.1463,1.1517,2.7747,2.6585,0.4615,0.6923,0.6154,0.7692,-2.4827,-8.7892
event,EURUSD,M15,GDP,down,0830_data,dn,ALL,bull,11,-0.2068,-0.1601,-1.5024,-0.9886,0.3636,0.3636,0.2727,0.3636,-8.3192,-12.1901
event,EURUSD,M15,GDP,up,0830_data,dn,ALL,bear,11,0.0702,0.4468,1.1647,1.8136,0.5455,0.5455,0.7273,0.6364,-2.8349,-13.2519
event,EURUSD,M15,GDP,big_down,0830_data,up,ALL,bull,8,0.3096,0.0021,1.1087,2.9206,0.625,0.5,0.625,0.875,-1.6526,-9.7906
event,EURUSD,M15,GDP,down,0830_data,up,ALL,bear,8,-0.1811,-1.2204,-1.4236,-2.2434,0.5,0.375,0.375,0.375,-5.3963,-16.0606
event,EURUSD,M15,GDP,big_down,0830_data,up,ALL,bear,7,-0.3924,-0.4051,-0.1933,2.0903,0.2857,0.4286,0.2857,0.8571,-2.3845,-9.3208
event,EURUSD,M15,GDP,up,0830_data,dn,ALL,bull,7,0.234,-0.7176,0.9197,3.5633,0.5714,0.4286,0.7143,0.7143,-2.9132,-16.2246
event,EURUSD,M15,GDP,big_up,0830_data,up,ALL,ALL,6,-0.417,1.3715,1.3998,-2.5119,0.3333,0.6667,0.6667,0.3333,-4.0286,-14.9425
event,EURUSD,M15,HOMESALES,down,1000_data,up,ALL,ALL,20,-0.038,0.2781,0.5741,-0.6596,0.45,0.55,0.55,0.4,-3.8767,-18.4122
event,EURUSD,M15,HOMESALES,up,1000_data,dn,ALL,ALL,17,0.2474,-0.6329,0.0775,-0.2999,0.5294,0.3529,0.5294,0.4706,-4.6596,-10.1649
event,EURUSD,M15,HOMESALES,down,1000_data,dn,ALL,ALL,13,-0.1909,0.0787,0.1546,1.3138,0.3077,0.5385,0.5385,0.6154,-4.8544,-10.254
event,EURUSD,M15,HOMESALES,big_up,1000_data,dn,ALL,ALL,12,-0.0992,0.1584,-0.7182,1.7699,0.4167,0.5,0.3333,0.5833,-4.5877,-18.5279
event,EURUSD,M15,HOMESALES,big_down,1000_data,dn,ALL,ALL,10,-0.163,-0.1605,-0.3817,0.978,0.4,0.4,0.2,0.6,-3.3783,-8.2555
event,EURUSD,M15,HOMESALES,down,1000_data,up,ALL,bear,10,-0.0735,0.1061,0.2098,-1.4323,0.4,0.5,0.5,0.3,-6.3809,-8.9586
event,EURUSD,M15,HOMESALES,down,1000_data,up,ALL,bull,10,0.2866,0.2781,0.9513,2.2685,0.5,0.6,0.6,0.5,-2.7745,-18.4122
event,EURUSD,M15,HOMESALES,big_up,1000_data,up,ALL,ALL,9,-0.0905,0.2022,-0.3331,-2.2267,0.3333,0.5556,0.4444,0.3333,-4.9762,-12.4907
event,EURUSD,M15,HOMESALES,up,1000_data,dn,ALL,bull,9,-0.4862,-0.8889,-0.6667,0.5609,0.4444,0.3333,0.4444,0.5556,-4.6746,-10.1649
event,EURUSD,M15,HOMESALES,up,1000_data,dn,ALL,bear,8,0.3893,-0.2865,0.2328,-0.5761,0.625,0.375,0.625,0.375,-3.6167,-7.8323
event,EURUSD,M15,HOMESALES,big_down,1000_data,up,ALL,ALL,7,-0.3366,-0.4323,0.9839,-0.9386,0.1429,0.1429,0.5714,0.2857,-5.5476,-8.2036
event,EURUSD,M15,HOMESALES,big_down,1000_data,dn,ALL,bear,7,-0.1183,-0.0731,-0.2193,-1.2426,0.4286,0.4286,0.1429,0.4286,-3.2854,-8.2555
event,EURUSD,M15,HOMESALES,down,1000_data,dn,ALL,bear,7,-0.1909,0.1503,0.1546,0.1435,0.2857,0.7143,0.5714,0.5714,-5.1005,-10.254
event,EURUSD,M15,HOMESALES,big_up,1000_data,dn,ALL,bear,6,-0.3953,-0.5308,-2.8874,-1.3796,0.3333,0.3333,0.1667,0.5,-6.7739,-18.5279
event,EURUSD,M15,HOMESALES,big_up,1000_data,dn,ALL,bull,6,0.4106,1.0522,0.2297,3.8356,0.5,0.6667,0.5,0.6667,-2.9673,-6.3698
event,EURUSD,M15,HOMESALES,down,1000_data,dn,ALL,bull,6,-0.1289,-0.37,0.0608,2.3624,0.3333,0.3333,0.5,0.6667,-4.3093,-7.4527
event,EURUSD,M15,HOMESALES,up,1000_data,up,ALL,ALL,5,-0.9658,0.4458,-0.1515,0.7429,0.2,0.6,0.4,0.6,-2.4314,-3.911
event,EURUSD,M15,HOMESALES,big_up,1000_data,up,ALL,bear,5,-0.2027,0.362,1.365,-5.5931,0.2,0.8,0.6,0.4,-10.0607,-12.4907
event,EURUSD,M15,HOUSING,down,0830_data,up,ALL,ALL,20,-0.4509,-0.3828,0.6021,-1.1893,0.35,0.35,0.6,0.45,-5.5958,-13.4127
event,EURUSD,M15,HOUSING,down,0830_data,dn,ALL,ALL,16,-0.2706,-0.0249,-0.2876,2.1884,0.25,0.5,0.4375,0.625,-5.0485,-50.8573
event,EURUSD,M15,HOUSING,up,0830_data,up,ALL,ALL,16,0.158,-0.4647,-0.0629,-2.9446,0.5625,0.4375,0.5,0.4375,-5.0115,-18.5018
event,EURUSD,M15,HOUSING,up,0830_data,dn,ALL,ALL,13,0.7948,-0.3554,1.3324,-0.2867,0.7692,0.2308,0.6154,0.4615,-2.7349,-18.8438
event,EURUSD,M15,HOUSING,down,0830_data,up,ALL,bear,13,-0.5236,-0.3838,1.013,-0.9269,0.1538,0.3846,0.6154,0.4615,-5.0497,-11.1093
event,EURUSD,M15,HOUSING,big_up,0830_data,dn,ALL,ALL,10,-0.3195,0.8514,0.2183,-0.2615,0.3,0.6,0.6,0.5,-3.5758,-11.7188
event,EURUSD,M15,HOUSING,down,0830_data,dn,ALL,bull,9,-0.1304,0.1304,-0.3589,3.6258,0.3333,0.5556,0.3333,0.6667,-5.4558,-50.8573
event,EURUSD,M15,HOUSING,big_up,0830_data,dn,ALL,bear,8,-0.3195,-0.1302,0.7378,-0.2615,0.375,0.5,0.625,0.5,-3.5758,-11.7188
event,EURUSD,M15,HOUSING,up,0830_data,dn,ALL,bull,8,0.69,-0.5542,-0.1955,-0.1579,0.75,0.25,0.5,0.5,-2.8884,-12.6382
event,EURUSD,M15,HOUSING,up,0830_data,up,ALL,bear,8,0.3018,0.83,2.7431,0.2514,0.625,0.75,0.75,0.5,-4.0625,-18.5018
event,EURUSD,M15,HOUSING,up,0830_data,up,ALL,bull,8,0.0048,-1.2305,-1.6245,-3.0081,0.5,0.125,0.25,0.375,-5.0124,-8.9946
event,EURUSD,M15,HOUSING,big_down,0830_data,up,ALL,ALL,7,-0.2825,-0.3883,-1.7222,0.6001,0.4286,0.1429,0.4286,0.5714,-4.4444,-12.9002
event,EURUSD,M15,HOUSING,down,0830_data,dn,ALL,bear,7,-0.4108,-0.5816,0.906,0.7035,0.1429,0.4286,0.5714,0.5714,-3.4333,-42.721
event,EURUSD,M15,HOUSING,down,0830_data,up,ALL,bull,7,0.5882,-0.3818,0.0686,-4.6405,0.7143,0.2857,0.5714,0.4286,-10.5269,-13.4127
event,EURUSD,M15,HOUSING,big_down,0830_data,dn,ALL,ALL,6,-0.3,-0.5151,0.7185,-2.0557,0.3333,0.1667,0.6667,0.5,-5.1614,-15.9807
event,EURUSD,M15,HOUSING,big_up,0830_data,up,ALL,ALL,5,-0.3723,-0.8382,-1.7997,-4.8122,0.2,0.2,0.2,0.4,-6.338,-11.5315
event,EURUSD,M15,HOUSING,big_down,0830_data,up,ALL,bull,5,-0.2825,-0.0536,-2.6836,2.5328,0.4,0.2,0.4,0.6,-7.8778,-12.9002
event,EURUSD,M15,HOUSING,up,0830_data,dn,ALL,bear,5,0.9467,-0.0488,1.6621,-0.2867,0.8,0.2,0.8,0.4,-2.1403,-18.8438
event,EURUSD,M15,ISM_MFG,up,1000_data,dn,ALL,ALL,36,0.3835,-0.1759,0.0309,-2.2157,0.6389,0.4444,0.5,0.3889,-4.6362,-24.6246
event,EURUSD,M15,ISM_MFG,down,1000_data,up,ALL,ALL,32,0.261,-0.3921,-0.4705,-0.1511,0.625,0.4375,0.4375,0.4688,-3.7971,-17.7186
event,EURUSD,M15,ISM_MFG,big_up,1000_data,dn,ALL,ALL,21,-0.7223,-1.497,-0.3073,-1.6551,0.4286,0.381,0.381,0.3333,-5.1529,-20.3044
event,EURUSD,M15,ISM_MFG,up,1000_data,dn,ALL,bear,21,0.3856,0.0099,-0.0683,-0.8824,0.619,0.5238,0.4762,0.4286,-4.1694,-24.6246
event,EURUSD,M15,ISM_MFG,up,1000_data,up,ALL,ALL,19,-0.1274,0.5059,0.7656,-0.8376,0.4211,0.5789,0.5789,0.4211,-4.4534,-16.6574
event,EURUSD,M15,ISM_MFG,down,1000_data,up,ALL,bear,19,0.4188,-0.3808,-0.2097,3.914,0.6842,0.4211,0.4737,0.5789,-3.7208,-17.7186
event,EURUSD,M15,ISM_MFG,big_down,1000_data,up,ALL,ALL,18,0.0899,0.2719,-0.1118,1.3271,0.5556,0.5556,0.4444,0.6111,-3.8345,-17.6796
event,EURUSD,M15,ISM_MFG,down,1000_data,dn,ALL,ALL,18,0.4774,0.3091,-0.1377,1.4314,0.6111,0.6111,0.5,0.6667,-4.5742,-20.039
event,EURUSD,M15,ISM_MFG,up,1000_data,dn,ALL,bull,15,0.3814,-0.3713,0.0619,-3.1818,0.6667,0.3333,0.5333,0.3333,-5.0124,-21.2868
event,EURUSD,M15,ISM_MFG,down,1000_data,up,ALL,bull,13,0.036,-0.4034,-0.488,-2.1817,0.5385,0.4615,0.3846,0.3077,-3.9971,-8.8708
event,EURUSD,M15,ISM_MFG,big_up,1000_data,dn,ALL,bear,12,-0.772,-0.8581,-0.3763,-3.0693,0.3333,0.4167,0.25,0.1667,-5.0036,-20.3044
event,EURUSD,M15,ISM_MFG,big_up,1000_data,up,ALL,ALL,11,0.4933,0.1489,-0.2433,2.3918,0.6364,0.6364,0.4545,0.5455,-1.9926,-15.3537
event,EURUSD,M15,ISM_MFG,big_down,1000_data,up,ALL,bear,11,0.0835,-0.7274,-0.3839,1.3384,0.5455,0.3636,0.2727,0.6364,-3.7065,-17.6649
event,EURUSD,M15,ISM_MFG,down,1000_data,dn,ALL,bull,11,0.7564,0.0632,-0.3435,1.4266,0.6364,0.5455,0.4545,0.6364,-4.5173,-20.039
event,EURUSD,M15,ISM_MFG,up,1000_data,up,ALL,bull,10,-0.0223,-0.3226,-0.4762,-1.9804,0.5,0.5,0.4,0.3,-5.6095,-16.6574
event,EURUSD,M15,ISM_MFG,big_up,1000_data,dn,ALL,bull,9,0.1697,-1.8364,0.628,1.8968,0.5556,0.3333,0.5556,0.5556,-6.5109,-10.7287
event,EURUSD,M15,ISM_MFG,up,1000_data,up,ALL,bear,9,-0.3123,0.7563,1.5863,0.8392,0.3333,0.6667,0.7778,0.5556,-3.1933,-11.5252
event,EURUSD,M15,ISM_MFG,big_up,1000_data,up,ALL,bear,7,-0.2372,-0.5034,-0.2433,4.3468,0.4286,0.4286,0.4286,0.7143,-1.6762,-7.802
event,EURUSD,M15,ISM_MFG,down,1000_data,dn,ALL,bear,7,0.3566,0.5932,0.9084,1.4362,0.5714,0.7143,0.5714,0.7143,-4.6519,-7.9161
event,EURUSD,M15,ISM_MFG,big_down,1000_data,dn,ALL,ALL,6,0.6073,1.5066,0.7912,0.7683,0.8333,0.8333,0.6667,0.6667,-2.691,-17.7839
event,EURUSD,M15,ISM_MFG,big_down,1000_data,up,ALL,bull,6,0.4007,1.3933,1.4666,-0.8389,0.6667,0.8333,0.6667,0.5,-6.1407,-17.6796
event,EURUSD,M15,ISM_MFG,big_down,1000_data,dn,ALL,bear,5,0.561,1.8672,1.3256,0.5882,0.8,0.8,0.6,0.6,-2.6552,-17.7839
event,EURUSD,M15,ISM_SVC,up,1000_data,dn,ALL,ALL,49,-0.381,-0.1944,-1.0708,-1.1027,0.3878,0.449,0.3878,0.4286,-5.8601,-25.0
event,EURUSD,M15,ISM_SVC,down,1000_data,up,ALL,ALL,30,-0.2185,-0.3326,0.6407,-2.1616,0.3333,0.3667,0.6,0.4,-4.5993,-15.0049
event,EURUSD,M15,ISM_SVC,up,1000_data,dn,ALL,bear,25,0.0903,0.0199,-0.9852,-2.1479,0.56,0.52,0.4,0.44,-5.3887,-16.3107
event,EURUSD,M15,ISM_SVC,up,1000_data,dn,ALL,bull,24,-0.7651,-0.5576,-2.1827,-0.7302,0.2083,0.375,0.375,0.4167,-6.1455,-25.0
event,EURUSD,M15,ISM_SVC,big_up,1000_data,dn,ALL,ALL,22,-0.2997,-0.8513,-0.6794,1.4783,0.4545,0.3636,0.3636,0.5909,-3.8487,-10.836
event,EURUSD,M15,ISM_SVC,down,1000_data,dn,ALL,ALL,17,-0.3402,-0.4394,-1.1863,-0.1795,0.4118,0.3529,0.4706,0.4706,-3.3392,-14.2583
event,EURUSD,M15,ISM_SVC,down,1000_data,up,ALL,bull,17,-0.2221,-0.3695,0.0844,1.03,0.3529,0.3529,0.5294,0.5882,-2.4721,-15.0049
event,EURUSD,M15,ISM_SVC,big_up,1000_data,dn,ALL,bear,16,0.0183,-0.5766,-1.0794,-0.7324,0.5,0.375,0.3125,0.5,-5.6027,-10.836
event,EURUSD,M15,ISM_SVC,big_down,1000_data,up,ALL,ALL,15,0.2409,0.6316,0.6611,-0.7565,0.5333,0.6667,0.6667,0.4667,-4.2927,-14.0997
event,EURUSD,M15,ISM_SVC,up,1000_data,up,ALL,ALL,14,-0.1179,-0.1796,0.1937,1.7194,0.4286,0.4286,0.5,0.5714,-2.0157,-6.9731
event,EURUSD,M15,ISM_SVC,down,1000_data,up,ALL,bear,13,-0.2149,-0.2957,1.0114,-4.3776,0.3077,0.3846,0.6923,0.1538,-7.0451,-11.1095
event,EURUSD,M15,ISM_SVC,down,1000_data,dn,ALL,bear,11,-0.3402,-0.7945,-1.5285,-1.7169,0.3636,0.2727,0.4545,0.3636,-6.4535,-14.2583
event,EURUSD,M15,ISM_SVC,big_down,1000_data,dn,ALL,ALL,8,0.2377,0.3192,0.8117,1.6566,0.625,0.5,0.5,0.625,-3.0383,-5.0299
event,EURUSD,M15,ISM_SVC,big_down,1000_data,up,ALL,bull,8,-0.1263,0.5464,0.551,-2.8308,0.375,0.625,0.625,0.375,-4.6487,-14.0997
event,EURUSD,M15,ISM_SVC,up,1000_data,up,ALL,bull,8,0.4381,-0.1034,2.5916,1.7194,0.625,0.5,0.625,0.625,-1.6095,-4.9749
event,EURUSD,M15,ISM_SVC,big_down,1000_data,up,ALL,bear,7,0.9717,1.3629,0.6611,5.2767,0.7143,0.7143,0.7143,0.5714,-2.0446,-7.6313
event,EURUSD,M15,ISM_SVC,big_up,1000_data,up,ALL,ALL,6,-0.4088,-0.128,-1.296,-3.6428,0.3333,0.5,0.3333,0.1667,-6.6129,-9.6771
event,EURUSD,M15,ISM_SVC,big_up,1000_data,dn,ALL,bull,6,-0.5129,-0.8795,0.0349,2.1433,0.3333,0.3333,0.5,0.8333,-2.9798,-8.2776
event,EURUSD,M15,ISM_SVC,down,1000_data,dn,ALL,bull,6,-0.2169,0.4518,0.1807,2.9226,0.5,0.5,0.5,0.6667,-3.0167,-6.3505
event,EURUSD,M15,ISM_SVC,up,1000_data,up,ALL,bear,6,-0.7269,-0.2342,-1.0756,2.2636,0.1667,0.3333,0.3333,0.5,-3.4374,-6.9731
event,EURUSD,M15,NFP,up,0830_data,dn,ALL,ALL,27,-0.074,-0.0116,0.3073,-0.8113,0.4444,0.4815,0.5185,0.4444,-4.5641,-16.6667
event,EURUSD,M15,NFP,down,0830_data,up,ALL,ALL,23,-0.6761,-1.7984,-2.1936,-2.3152,0.3478,0.4348,0.3478,0.3478,-6.2582,-29.5781
event,EURUSD,M15,NFP,big_down,0830_data,up,ALL,ALL,19,0.4933,0.5285,2.0217,-1.0441,0.5789,0.5263,0.5263,0.4737,-6.0922,-19.8312
event,EURUSD,M15,NFP,big_up,0830_data,dn,ALL,ALL,19,0.3895,0.3584,0.8267,0.4694,0.6316,0.6842,0.6316,0.5263,-4.3262,-15.6798
event,EURUSD,M15,NFP,up,0830_data,up,ALL,ALL,15,-0.4444,0.8421,1.1186,4.7717,0.2667,0.5333,0.6,0.7333,-4.7656,-10.241
event,EURUSD,M15,NFP,up,0830_data,dn,ALL,bear,15,-0.4845,0.086,1.4801,-0.1917,0.3333,0.5333,0.6,0.4667,-4.2077,-16.6667
event,EURUSD,M15,NFP,down,0830_data,dn,ALL,ALL,14,-0.2431,-1.0499,-0.7846,1.57,0.4286,0.3571,0.4286,0.6429,-4.0212,-16.7506
event,EURUSD,M15,NFP,big_down,0830_data,up,ALL,bear,12,0.4561,0.2265,0.2359,0.2942,0.5833,0.5,0.5,0.5,-5.8887,-19.8312
event,EURUSD,M15,NFP,down,0830_data,up,ALL,bull,12,-0.6963,-0.6581,-0.8232,-2.1422,0.4167,0.5,0.4167,0.4167,-4.996,-17.8644
event,EURUSD,M15,NFP,up,0830_data,dn,ALL,bull,12,0.4325,-0.9511,-0.581,-0.8191,0.5833,0.4167,0.4167,0.4167,-5.1171,-13.8862
event,EURUSD,M15,NFP,big_down,0830_data,dn,ALL,ALL,11,-0.2573,-1.027,-0.2132,-0.0302,0.4545,0.1818,0.4545,0.4545,-5.1388,-15.9965
event,EURUSD,M15,NFP,down,0830_data,up,ALL,bear,11,-0.6761,-2.0053,-2.5262,-2.8459,0.2727,0.3636,0.2727,0.2727,-7.9114,-29.5781
event,EURUSD,M15,NFP,up,0830_data,up,ALL,bull,11,-0.5819,-0.0474,1.1186,4.7717,0.2727,0.4545,0.5455,0.8182,-4.7656,-9.7464
event,EURUSD,M15,NFP,big_up,0830_data,dn,ALL,bear,10,0.3986,0.3241,0.3924,-1.1123,0.7,0.6,0.6,0.4,-5.0278,-12.0734
event,EURUSD,M15,NFP,big_down,0830_data,dn,ALL,bear,9,-0.3311,-1.027,-0.2132,-0.0302,0.3333,0.1111,0.4444,0.4444,-5.1388,-14.6919
event,EURUSD,M15,NFP,big_up,0830_data,dn,ALL,bull,9,0.3895,2.2512,1.5139,1.9846,0.5556,0.7778,0.6667,0.6667,-3.4364,-15.6798
event,EURUSD,M15,NFP,down,0830_data,dn,ALL,bear,8,-1.556,-1.0499,-1.1027,0.3357,0.25,0.25,0.25,0.5,-6.5412,-16.7506
event,EURUSD,M15,NFP,big_down,0830_data,up,ALL,bull,7,0.6874,0.5285,2.634,-2.6052,0.5714,0.5714,0.5714,0.4286,-6.0922,-14.5022
event,EURUSD,M15,NFP,big_up,0830_data,up,ALL,ALL,6,-0.6695,-0.1559,-1.1935,-6.7822,0.1667,0.5,0.3333,0.3333,-8.7002,-27.7393
event,EURUSD,M15,NFP,down,0830_data,dn,ALL,bull,6,0.9022,-0.4867,1.9571,2.7871,0.6667,0.5,0.6667,0.8333,-2.3989,-10.7412
event,EURUSD,M15,OTHER,big_down,other,up,ALL,ALL,15,0.0603,-0.0149,-1.0856,-1.5985,0.6667,0.4667,0.4667,0.2667,-6.1921,-11.9482
event,EURUSD,M15,OTHER,big_up,other,dn,ALL,ALL,12,-0.7446,-0.6604,-0.9895,-2.3275,0.3333,0.3333,0.25,0.4167,-5.4868,-12.211
event,EURUSD,M15,OTHER,big_down,other,dn,ALL,ALL,10,-0.0826,0.6429,2.8087,1.6233,0.4,0.6,0.9,0.8,-2.7195,-10.7602
event,EURUSD,M15,OTHER,big_up,other,up,ALL,ALL,9,0.3001,-0.0729,-0.6922,-0.2246,0.7778,0.4444,0.2222,0.4444,-3.2389,-15.5248
event,EURUSD,M15,OTHER,big_down,other,up,ALL,bear,8,0.1261,0.0779,-0.422,-3.9195,0.75,0.5,0.5,0.25,-6.3143,-11.9482
event,EURUSD,M15,OTHER,big_down,other,up,ALL,bull,7,0.0527,-0.7984,-1.636,-0.4808,0.5714,0.4286,0.4286,0.2857,-6.1921,-7.362
event,EURUSD,M15,OTHER,big_down,other,dn,ALL,bull,6,0.2714,-0.422,2.1796,2.6528,0.6667,0.5,0.8333,1.0,-2.3979,-10.7602
event,EURUSD,M15,OTHER,big_up,other,dn,ALL,bear,6,-1.0169,-1.6624,-1.3428,2.7751,0.3333,0.3333,0.3333,0.6667,-5.1958,-7.1767
event,EURUSD,M15,OTHER,big_up,other,dn,ALL,bull,6,-0.5179,-0.491,-0.841,-4.4775,0.3333,0.3333,0.1667,0.1667,-6.1436,-12.211
event,EURUSD,M15,OTHER,big_up,other,up,ALL,bear,5,0.1458,-0.0729,-0.6922,0.1597,0.6,0.4,0.2,0.6,-3.2794,-15.5248
event,EURUSD,M15,PCE_MM,big_down,0830_data,up,ALL,ALL,9,0.7424,0.8389,-3.6992,-0.3522,0.6667,0.5556,0.3333,0.4444,-5.337,-13.6173
event,EURUSD,M15,PCE_MM,big_down,0830_data,up,ALL,bull,7,0.7424,0.9523,-3.6992,-0.3522,0.7143,0.5714,0.2857,0.4286,-10.6769,-13.6173
event,EURUSD,M15,PCE_MM,big_up,0830_data,dn,ALL,ALL,5,-1.0353,1.6514,-2.3206,-3.2642,0.4,0.8,0.2,0.4,-6.8776,-12.7097
event,EURUSD,M15,PMI_FLASH,down,eu_session,dn,ALL,ALL,70,0.546,0.5402,0.9892,0.2137,0.7,0.6,0.6,0.5143,-4.7277,-27.5578
event,EURUSD,M15,PMI_FLASH,up,eu_session,up,ALL,ALL,58,-0.1073,-0.6391,-1.3983,0.2072,0.4828,0.4138,0.3448,0.5,-4.9736,-24.5467
event,EURUSD,M15,PMI_FLASH,big_down,eu_session,dn,ALL,ALL,49,-0.2582,0.153,0.4742,-1.8403,0.3878,0.551,0.5102,0.449,-7.0418,-18.1595
event,EURUSD,M15,PMI_FLASH,up,eu_session,dn,ALL,ALL,44,-0.0185,0.3523,1.5793,2.1574,0.5,0.6818,0.6591,0.5909,-3.8769,-25.9793
event,EURUSD,M15,PMI_FLASH,down,eu_session,up,ALL,ALL,38,0.0139,0.8323,-0.5307,-0.0134,0.5,0.5526,0.4737,0.5,-5.3799,-22.4107
event,EURUSD,M15,PMI_FLASH,big_down,eu_session,dn,ALL,bear,37,-0.1527,0.5349,0.4742,-2.4223,0.4865,0.5946,0.5135,0.4324,-7.5547,-18.1595
event,EURUSD,M15,PMI_FLASH,big_up,eu_session,up,ALL,ALL,35,0.3171,0.1334,-2.3723,1.0223,0.6,0.5143,0.3714,0.6857,-5.9988,-20.8711
event,EURUSD,M15,PMI_FLASH,down,eu_session,dn,ALL,bear,35,0.5457,0.1456,0.1388,-2.0205,0.6857,0.5143,0.5143,0.4571,-4.3728,-27.5578
event,EURUSD,M15,PMI_FLASH,down,eu_session,dn,ALL,bull,35,0.6265,0.6662,1.2414,0.5843,0.7143,0.6857,0.6857,0.5714,-4.7301,-26.7996
event,EURUSD,M15,PMI_FLASH,big_up,eu_session,dn,ALL,ALL,30,-0.24,-0.0785,1.401,0.8596,0.4,0.5,0.5667,0.5667,-3.8925,-22.9194
event,EURUSD,M15,PMI_FLASH,up,eu_session,up,ALL,bear,30,-0.027,-0.4004,-2.1064,1.2637,0.5,0.4333,0.3333,0.5667,-4.3441,-24.5467
event,EURUSD,M15,PMI_FLASH,big_down,eu_session,up,ALL,ALL,28,0.3988,0.984,-0.0826,0.5347,0.5714,0.6071,0.5,0.5714,-5.0615,-9.6456
event,EURUSD,M15,PMI_FLASH,up,eu_session,up,ALL,bull,28,-0.1893,-0.7692,-1.1751,-1.2598,0.4643,0.3929,0.3571,0.4286,-5.0387,-22.4107
event,EURUSD,M15,PMI_FLASH,up,eu_session,dn,ALL,bear,22,-0.2003,0.8143,2.4888,4.3201,0.4545,0.7727,0.8182,0.7273,-2.0039,-16.2153
event,EURUSD,M15,PMI_FLASH,up,eu_session,dn,ALL,bull,22,0.0748,0.1442,0.0174,-0.9155,0.5455,0.5909,0.5,0.4545,-6.7647,-25.9793
event,EURUSD,M15,PMI_FLASH,down,eu_session,up,ALL,bull,20,0.2339,1.4731,-1.2082,-0.6797,0.6,0.65,0.45,0.4,-6.797,-22.4107
event,EURUSD,M15,PMI_FLASH,big_up,eu_session,up,ALL,bull,19,0.8743,0.1334,-2.379,1.9477,0.6316,0.5263,0.3684,0.7895,-5.8487,-20.8711
event,EURUSD,M15,PMI_FLASH,big_up,eu_session,dn,ALL,bear,18,-0.1102,0.0574,1.4976,2.083,0.4444,0.5,0.6111,0.6111,-3.8925,-22.9194
event,EURUSD,M15,PMI_FLASH,down,eu_session,up,ALL,bear,18,-0.0939,-0.3064,-0.0135,1.0928,0.3889,0.4444,0.5,0.6111,-3.6364,-18.9189
event,EURUSD,M15,PMI_FLASH,big_up,eu_session,up,ALL,bear,16,0.1317,0.1018,-1.496,0.5023,0.5625,0.5,0.375,0.5625,-6.3772,-11.5841
event,EURUSD,M15,PMI_FLASH,big_down,eu_session,up,ALL,bear,14,0.1163,1.3206,-0.386,-0.5142,0.5,0.6429,0.5,0.5,-5.7619,-9.6456
event,EURUSD,M15,PMI_FLASH,big_down,other,up,ALL,bull,14,0.4724,0.7482,0.094,1.0011,0.6429,0.5714,0.5,0.6429,-4.1692,-9.5733
event,EURUSD,M15,PMI_FLASH,big_down,eu_session,dn,ALL,bull,12,-1.0656,-0.0755,0.308,-0.2479,0.0833,0.4167,0.5,0.5,-5.1679,-12.2469
event,EURUSD,M15,PMI_FLASH,big_up,eu_session,dn,ALL,bull,12,-0.5194,-0.0785,0.5661,0.0441,0.3333,0.5,0.5,0.5,-4.7794,-18.6425
event,EURUSD,M15,PPI_MM,down,0830_data,up,ALL,ALL,49,0.1921,0.278,-1.2402,0.6579,0.5102,0.5918,0.449,0.5306,-4.5333,-26.1602
event,EURUSD,M15,PPI_MM,up,0830_data,dn,ALL,ALL,33,0.3386,0.5139,0.9881,3.6977,0.6364,0.6061,0.6061,0.6364,-3.0377,-14.9642
event,EURUSD,M15,PPI_MM,up,0830_data,up,ALL,ALL,31,-0.4891,-0.1365,1.7775,2.3366,0.3548,0.4839,0.7097,0.5806,-3.3477,-35.7202
event,EURUSD,M15,PPI_MM,down,0830_data,up,ALL,bear,26,0.1433,0.4159,-1.2402,-0.2171,0.5,0.6538,0.4231,0.5,-4.8362,-24.5991
event,EURUSD,M15,PPI_MM,down,0830_data,dn,ALL,ALL,23,-0.7055,-0.8207,-0.1202,0.9085,0.2609,0.3043,0.4783,0.5652,-4.3901,-15.1405
event,EURUSD,M15,PPI_MM,down,0830_data,up,ALL,bull,23,0.1921,0.1631,-1.1416,3.5714,0.5217,0.5217,0.4783,0.5652,-3.4238,-26.1602
event,EURUSD,M15,PPI_MM,big_down,0830_data,up,ALL,ALL,18,0.0,-0.2738,-1.369,-0.5813,0.4444,0.4444,0.3889,0.3889,-4.0492,-9.7895
event,EURUSD,M15,PPI_MM,big_up,0830_data,dn,ALL,ALL,18,-0.6935,-1.1708,-1.8167,-3.1526,0.2778,0.3889,0.3333,0.3333,-7.5132,-30.6156
event,EURUSD,M15,PPI_MM,up,0830_data,dn,ALL,bull,18,0.5139,0.5139,1.0887,3.4362,0.6667,0.6111,0.7222,0.5556,-3.2081,-11.4981
event,EURUSD,M15,PPI_MM,up,0830_data,up,ALL,bull,17,-0.4891,-1.192,1.7775,2.229,0.3529,0.4706,0.7647,0.5882,-3.3477,-35.7202
event,EURUSD,M15,PPI_MM,up,0830_data,dn,ALL,bear,15,0.2486,0.9513,-0.3313,4.9399,0.6,0.6,0.4667,0.7333,-2.666,-14.9642
event,EURUSD,M15,PPI_MM,up,0830_data,up,ALL,bear,14,-0.4922,0.2418,1.6935,3.8167,0.3571,0.5,0.6429,0.5714,-3.3614,-10.8299
event,EURUSD,M15,PPI_MM,down,0830_data,dn,ALL,bull,13,-0.6472,-1.2347,-0.1202,1.3874,0.1538,0.2308,0.4615,0.6154,-4.3901,-8.7002
event,EURUSD,M15,PPI_MM,big_up,0830_data,up,ALL,ALL,11,0.0659,0.2728,-0.069,-0.079,0.5455,0.5455,0.4545,0.4545,-4.7461,-14.3061
event,EURUSD,M15,PPI_MM,down,0830_data,dn,ALL,bear,10,-0.7105,-0.5215,-0.0558,0.2686,0.4,0.4,0.5,0.5,-4.0132,-15.1405
event,EURUSD,M15,PPI_MM,big_down,0830_data,dn,ALL,ALL,9,-0.4263,-0.8207,0.1205,2.5999,0.2222,0.4444,0.5556,0.6667,-2.9563,-9.1256
event,EURUSD,M15,PPI_MM,big_down,0830_data,up,ALL,bear,9,-0.2294,-1.0836,0.2111,-0.2955,0.2222,0.4444,0.6667,0.4444,-4.4594,-8.7705
event,EURUSD,M15,PPI_MM,big_down,0830_data,up,ALL,bull,9,0.2179,-0.2738,-2.0295,-0.867,0.6667,0.4444,0.1111,0.3333,-3.6391,-9.7895
event,EURUSD,M15,PPI_MM,big_up,0830_data,dn,ALL,bear,9,0.0,-1.2821,-0.8477,-2.5129,0.3333,0.3333,0.3333,0.3333,-4.7406,-12.4608
event,EURUSD,M15,PPI_MM,big_up,0830_data,dn,ALL,bull,9,-0.905,-0.6748,-2.7969,-7.4189,0.2222,0.4444,0.3333,0.3333,-10.1079,-30.6156
event,EURUSD,M15,PPI_MM,big_up,0830_data,up,ALL,bear,7,-0.4967,0.8437,1.2877,-1.976,0.4286,0.7143,0.5714,0.2857,-3.2561,-14.3061
event,EURUSD,M15,PPI_MM,big_down,0830_data,dn,ALL,bull,5,-0.8137,-0.8207,0.1205,2.5999,0.2,0.4,0.6,0.6,-2.5654,-5.2803
event,EURUSD,M15,RETAIL,down,0830_data,up,ALL,ALL,67,0.2179,0.5267,-0.5389,0.1442,0.5672,0.5522,0.4478,0.5075,-5.8001,-35.7202
event,EURUSD,M15,RETAIL,up,0830_data,dn,ALL,ALL,61,-0.0798,0.0243,0.7528,0.9022,0.459,0.5738,0.5574,0.5574,-3.9129,-19.5726
event,EURUSD,M15,RETAIL,down,0830_data,up,ALL,bull,42,-0.1669,0.4178,-0.6737,-0.6681,0.4286,0.5476,0.4524,0.4762,-6.3651,-35.7202
event,EURUSD,M15,RETAIL,down,0830_data,dn,ALL,ALL,41,-0.3599,0.0541,2.7332,4.0445,0.3902,0.5122,0.6829,0.7317,-2.9563,-12.5155
event,EURUSD,M15,RETAIL,up,0830_data,up,ALL,ALL,39,-0.1594,0.1439,0.494,-1.2777,0.359,0.6154,0.5128,0.4615,-4.6135,-19.8261
event,EURUSD,M15,RETAIL,up,0830_data,dn,ALL,bull,32,0.0272,0.5774,0.7564,0.5178,0.5,0.6562,0.5312,0.5312,-6.877,-15.4135
event,EURUSD,M15,RETAIL,up,0830_data,dn,ALL,bear,29,-0.0798,-0.3362,0.7528,2.1127,0.4138,0.4828,0.5862,0.5862,-3.5874,-19.5726
event,EURUSD,M15,RETAIL,big_down,0830_data,up,ALL,ALL,27,0.0639,0.3088,-1.8881,-2.377,0.5185,0.5556,0.3333,0.3333,-6.7425,-20.6565
event,EURUSD,M15,RETAIL,big_up,0830_data,dn,ALL,ALL,26,0.2374,0.7326,1.8048,-0.2879,0.6154,0.5769,0.6923,0.4615,-5.0569,-10.6732
event,EURUSD,M15,RETAIL,down,0830_data,up,ALL,bear,25,0.7729,0.6401,-0.2845,0.1442,0.8,0.56,0.44,0.56,-4.7792,-18.4976
event,EURUSD,M15,RETAIL,down,0830_data,dn,ALL,bull,24,-0.522,0.02,2.8892,3.9929,0.2917,0.5,0.6667,0.7083,-3.1278,-12.5155
event,EURUSD,M15,RETAIL,big_down,0830_data,dn,ALL,ALL,22,-0.0327,0.366,0.939,0.8785,0.4545,0.6818,0.5455,0.5909,-4.1667,-22.4984
event,EURUSD,M15,RETAIL,up,0830_data,up,ALL,bull,21,-0.1594,0.1304,-1.1416,-1.411,0.381,0.619,0.4762,0.4762,-5.2433,-19.8261
event,EURUSD,M15,RETAIL,up,0830_data,up,ALL,bear,18,-0.3311,0.1584,1.0311,-1.1848,0.3333,0.6111,0.5556,0.4444,-3.2474,-19.5419
event,EURUSD,M15,RETAIL,down,0830_data,dn,ALL,bear,17,0.5544,0.8061,2.7332,4.0445,0.5294,0.5294,0.7059,0.7647,-2.7371,-9.8319
event,EURUSD,M15,RETAIL,big_down,0830_data,dn,ALL,bear,15,0.6968,0.5556,0.7067,3.1502,0.5333,0.7333,0.5333,0.6667,-1.9717,-9.8319
event,EURUSD,M15,RETAIL,big_down,0830_data,up,ALL,bear,14,-0.1674,-0.3685,-2.5416,-6.7425,0.5,0.5,0.1429,0.2143,-9.7356,-20.6565
event,EURUSD,M15,RETAIL,big_down,0830_data,up,ALL,bull,13,0.3997,0.3088,1.5641,-0.3333,0.5385,0.6154,0.5385,0.4615,-5.0677,-9.7895
event,EURUSD,M15,RETAIL,big_up,0830_data,dn,ALL,bear,13,0.2374,-0.0432,2.1881,-0.2879,0.6923,0.3846,0.6923,0.4615,-4.2901,-8.2503
event,EURUSD,M15,RETAIL,big_up,0830_data,dn,ALL,bull,13,0.2268,1.2544,1.4214,-4.4218,0.5385,0.7692,0.6923,0.4615,-7.1517,-10.6732
event,EURUSD,M15,RETAIL,big_up,0830_data,up,ALL,ALL,10,-0.9506,-0.2302,-0.0877,0.2876,0.0,0.4,0.4,0.6,-6.8587,-9.8274
event,EURUSD,M15,RETAIL,big_up,0830_data,up,ALL,bull,8,-1.1333,0.2155,0.0712,0.1123,0.0,0.5,0.5,0.5,-6.8729,-9.8274
event,EURUSD,M15,RETAIL,big_down,0830_data,dn,ALL,bull,7,-0.0327,0.366,1.1713,-11.8902,0.2857,0.5714,0.5714,0.4286,-12.5,-22.4984
event,EURUSD,M15,TRADE,up,0830_data,up,ALL,ALL,12,0.4841,0.0668,1.1898,4.8188,0.5833,0.5,0.5833,0.5833,-3.5768,-16.7011
event,EURUSD,M15,TRADE,big_up,0830_data,dn,ALL,ALL,10,0.9616,0.9498,-0.579,-0.1392,0.7,0.6,0.4,0.5,-4.8155,-15.7531
event,EURUSD,M15,TRADE,big_down,0830_data,dn,ALL,ALL,9,-0.3755,0.5168,-0.0776,1.4344,0.3333,0.6667,0.4444,0.5556,-6.706,-12.2407
event,EURUSD,M15,TRADE,down,0830_data,up,ALL,ALL,9,0.0131,0.0494,-2.4007,-1.5558,0.5556,0.5556,0.4444,0.4444,-4.7201,-15.0815
event,EURUSD,M15,TRADE,big_down,0830_data,up,ALL,ALL,8,-0.4703,-1.5143,0.1457,0.957,0.25,0.25,0.5,0.625,-4.7895,-25.4444
event,EURUSD,M15,TRADE,big_up,0830_data,up,ALL,ALL,8,0.0962,-0.3163,-1.9761,-0.5315,0.625,0.375,0.125,0.5,-4.6309,-9.9545
event,EURUSD,M15,TRADE,down,0830_data,dn,ALL,ALL,8,0.2749,0.2749,1.0104,2.9698,0.75,0.625,0.625,0.75,-3.8614,-8.2566
event,EURUSD,M15,TRADE,up,0830_data,dn,ALL,ALL,8,0.0504,0.7483,2.7925,-1.8521,0.5,0.625,0.75,0.375,-3.9315,-16.7377
event,EURUSD,M15,TRADE,up,0830_data,up,ALL,bull,7,0.6527,1.4336,3.7215,7.3116,0.5714,0.5714,0.5714,0.7143,-2.1295,-16.7011
event,EURUSD,M15,TRADE,big_down,0830_data,dn,ALL,bear,6,-0.3952,0.676,-2.2223,-2.1914,0.3333,0.6667,0.3333,0.5,-7.2622,-12.2407
event,EURUSD,M15,TRADE,big_up,0830_data,dn,ALL,bull,6,0.1385,-0.9362,-2.2872,-0.6943,0.5,0.5,0.1667,0.3333,-7.8418,-15.7531
event,EURUSD,M15,TRADE,big_up,0830_data,up,ALL,bear,6,0.2366,0.0968,-2.4465,-0.4034,0.8333,0.5,0.1667,0.5,-3.8602,-7.2698
event,EURUSD,M15,TRADE,down,0830_data,dn,ALL,bear,6,0.2093,0.8417,1.3609,3.3264,0.6667,0.6667,0.6667,1.0,-2.875,-8.2566
event,EURUSD,M15,TRADE,big_down,0830_data,up,ALL,bull,5,-0.0376,-1.2695,0.7244,0.4967,0.4,0.4,0.6,0.6,-6.111,-25.4444
event,EURUSD,M15,TRADE,down,0830_data,up,ALL,bull,5,0.0131,0.0494,-2.4007,-1.5647,0.6,0.6,0.4,0.4,-4.7201,-8.4896
event,EURUSD,M15,TRADE,up,0830_data,up,ALL,bear,5,0.3155,-0.0557,0.8135,-3.7849,0.6,0.4,0.6,0.4,-5.0242,-7.4328
event,EURUSD,M15,UNRATE,down,0830_data,up,ALL,ALL,25,-0.5583,-0.8121,-0.7493,-1.8868,0.32,0.36,0.44,0.44,-6.6889,-29.5781
event,EURUSD,M15,UNRATE,big_down,0830_data,dn,ALL,ALL,22,0.2771,0.2517,0.6617,1.0193,0.5455,0.5455,0.5455,0.5455,-4.0228,-15.6798
event,EURUSD,M15,UNRATE,down,0830_data,dn,ALL,ALL,22,-0.4222,-1.023,-0.8052,-1.4723,0.2727,0.2727,0.4091,0.4091,-6.9952,-16.7506
event,EURUSD,M15,UNRATE,up,0830_data,dn,ALL,ALL,20,0.553,-0.7504,-0.244,-0.7042,0.65,0.45,0.5,0.5,-4.2204,-15.9965
event,EURUSD,M15,UNRATE,up,0830_data,up,ALL,ALL,18,0.1584,0.0195,-0.0161,-1.6156,0.5,0.5,0.5,0.5,-6.5029,-19.8312
event,EURUSD,M15,UNRATE,down,0830_data,dn,ALL,bear,16,-0.5168,-0.8738,-0.9682,-1.4723,0.25,0.25,0.3125,0.375,-6.9952,-16.7506
event,EURUSD,M15,UNRATE,down,0830_data,up,ALL,bear,15,-0.1053,-0.5241,0.9068,-1.0441,0.4,0.4667,0.5333,0.4667,-5.0489,-29.5781
event,EURUSD,M15,UNRATE,big_down,0830_data,dn,ALL,bull,12,0.0527,1.0195,-0.1578,1.5991,0.5,0.6667,0.5,0.5833,-3.4927,-15.6798
event,EURUSD,M15,UNRATE,big_down,0830_data,up,ALL,ALL,11,0.045,0.4823,3.9584,-2.0886,0.5455,0.6364,0.6364,0.4545,-5.0643,-12.4101
event,EURUSD,M15,UNRATE,big_down,0830_data,dn,ALL,bear,10,0.3009,-0.1614,0.7513,0.6887,0.6,0.4,0.6,0.5,-4.3733,-9.6793
event,EURUSD,M15,UNRATE,down,0830_data,up,ALL,bull,10,-1.1067,-2.3754,-1.9058,-4.0051,0.2,0.2,0.3,0.4,-7.1755,-17.8644
event,EURUSD,M15,UNRATE,up,0830_data,dn,ALL,bear,10,0.4449,-0.655,-0.244,-2.0206,0.6,0.5,0.5,0.4,-5.047,-14.6919
event,EURUSD,M15,UNRATE,up,0830_data,dn,ALL,bull,10,0.6991,-0.7504,-0.1495,0.7514,0.7,0.4,0.5,0.6,-3.8717,-15.9965
event,EURUSD,M15,UNRATE,up,0830_data,up,ALL,bear,10,0.5806,1.1152,-0.2971,1.2878,0.7,0.7,0.5,0.6,-5.3235,-19.8312
event,EURUSD,M15,UNRATE,big_up,0830_data,up,ALL,ALL,8,-0.1269,0.7029,-2.2068,-5.4932,0.5,0.75,0.25,0.375,-6.8854,-27.7393
event,EURUSD,M15,UNRATE,up,0830_data,up,ALL,bull,8,-0.9698,-2.406,0.2071,-4.0379,0.25,0.25,0.5,0.375,-6.8942,-10.8611
event,EURUSD,M15,UNRATE,big_up,0830_data,dn,ALL,ALL,7,0.8246,0.2898,-0.0966,-6.7289,0.8571,0.5714,0.4286,0.2857,-11.5869,-17.5339
event,EURUSD,M15,UNRATE,big_down,0830_data,up,ALL,bull,6,-0.1997,0.6737,2.7326,-5.0148,0.5,0.6667,0.6667,0.3333,-6.409,-12.4101
event,EURUSD,M15,UNRATE,down,0830_data,dn,ALL,bull,6,-0.0355,-1.4606,1.7044,-1.2882,0.3333,0.3333,0.6667,0.5,-5.8479,-14.6815
event,EURUSD,M15,UNRATE,big_down,0830_data,up,ALL,bear,5,0.419,0.4526,3.9584,1.6325,0.6,0.6,0.6,0.6,-2.9061,-11.0372
event,EURUSD,M15,UNRATE,big_up,0830_data,up,ALL,bull,5,0.4865,1.03,-1.0052,-6.0883,0.8,1.0,0.4,0.4,-6.5449,-13.6364
event,EURUSD,M15,UOM,down,1000_data,up,ALL,ALL,21,0.0678,0.102,-0.392,-0.0389,0.5714,0.619,0.4762,0.4762,-3.839,-10.9024
event,EURUSD,M15,UOM,big_down,1000_data,up,ALL,ALL,19,0.2663,-0.5326,0.3085,-1.2953,0.5263,0.4211,0.5789,0.3684,-4.3989,-10.4527
event,EURUSD,M15,UOM,up,1000_data,dn,ALL,ALL,19,0.2614,-0.6613,-0.1956,0.3602,0.5789,0.3158,0.4737,0.5789,-4.3425,-21.0056
event,EURUSD,M15,UOM,down,1000_data,dn,ALL,ALL,16,0.3538,0.2472,0.963,-0.7107,0.6875,0.625,0.75,0.3125,-2.6581,-13.2426
event,EURUSD,M15,UOM,big_down,1000_data,dn,ALL,ALL,15,0.1745,0.5369,0.5564,-2.3307,0.5333,0.5333,0.6,0.3333,-4.9806,-15.146
event,EURUSD,M15,UOM,up,1000_data,up,ALL,ALL,15,0.1463,-0.3068,0.202,0.1061,0.5333,0.4,0.6,0.5333,-5.0144,-11.1032
event,EURUSD,M15,UOM,big_up,1000_data,dn,ALL,ALL,14,-0.2149,0.3974,-0.2402,0.6596,0.3571,0.6429,0.4286,0.5714,-3.634,-19.5829
event,EURUSD,M15,UOM,big_down,1000_data,up,ALL,bear,12,0.0126,-0.5444,1.1991,-1.2832,0.5,0.4167,0.75,0.4167,-3.7117,-8.2312
event,EURUSD,M15,UOM,down,1000_data,up,ALL,bear,12,0.1548,-0.2136,-0.5583,-1.5721,0.5833,0.5,0.4167,0.4167,-2.6328,-10.9024
event,EURUSD,M15,UOM,up,1000_data,dn,ALL,bear,12,0.3223,-0.67,-0.2342,-0.2007,0.5833,0.3333,0.4167,0.5,-2.8803,-17.5285
event,EURUSD,M15,UOM,big_up,1000_data,dn,ALL,bear,11,0.0,1.2463,0.0214,0.8703,0.4545,0.7273,0.5455,0.5455,-2.4401,-8.2069
event,EURUSD,M15,UOM,big_up,1000_data,up,ALL,ALL,9,-0.1523,-0.6438,-1.1036,0.8767,0.4444,0.3333,0.4444,0.6667,-2.6599,-9.4467
event,EURUSD,M15,UOM,big_down,1000_data,dn,ALL,bull,9,0.7177,1.4514,0.5791,-0.4027,0.7778,0.7778,0.7778,0.4444,-3.168,-9.238
event,EURUSD,M15,UOM,down,1000_data,dn,ALL,bear,9,0.3679,0.8987,0.8332,-0.3157,0.7778,0.7778,0.7778,0.3333,-2.5753,-8.4452
event,EURUSD,M15,UOM,down,1000_data,up,ALL,bull,9,0.0233,0.5843,0.4278,0.5102,0.5556,0.7778,0.5556,0.5556,-4.3406,-7.2228
event,EURUSD,M15,UOM,up,1000_data,up,ALL,bull,9,-0.1473,-0.1902,0.7296,1.5196,0.4444,0.4444,0.6667,0.6667,-3.6192,-8.2363
event,EURUSD,M15,UOM,big_down,1000_data,up,ALL,bull,7,0.2663,-0.5326,-1.4647,-1.2953,0.5714,0.4286,0.2857,0.2857,-4.3989,-10.4527
event,EURUSD,M15,UOM,down,1000_data,dn,ALL,bull,7,0.2647,-0.6726,1.2892,-1.1057,0.5714,0.4286,0.7143,0.2857,-2.6676,-13.2426
event,EURUSD,M15,UOM,up,1000_data,dn,ALL,bull,7,0.2614,-0.2421,0.432,3.5294,0.5714,0.2857,0.5714,0.7143,-5.3144,-21.0056
event,EURUSD,M15,UOM,big_down,1000_data,dn,ALL,bear,6,-0.7289,-1.6502,-2.6244,-5.1993,0.1667,0.1667,0.3333,0.1667,-6.4403,-15.146
event,EURUSD,M15,UOM,big_up,1000_data,up,ALL,bull,6,-0.1668,-0.798,-1.7912,0.5491,0.3333,0.3333,0.3333,0.6667,-3.7987,-9.4467
event,EURUSD,M15,UOM,up,1000_data,up,ALL,bear,6,0.4739,-1.0084,-0.823,-2.3372,0.6667,0.3333,0.5,0.3333,-5.0698,-11.1032
event,GBPUSD,M15,ADP,up,other,dn,ALL,ALL,27,-0.0784,0.8453,-1.3004,-0.0828,0.4444,0.6296,0.4444,0.4815,-5.0119,-13.21
event,GBPUSD,M15,ADP,down,other,up,ALL,ALL,26,-0.2087,-0.6177,1.1169,-0.8536,0.4615,0.4615,0.5769,0.4231,-4.3743,-18.2618
event,GBPUSD,M15,ADP,up,other,dn,ALL,bull,17,-0.3636,0.0515,-1.2172,-0.8527,0.3529,0.5294,0.4706,0.4706,-5.9818,-13.21
event,GBPUSD,M15,ADP,down,other,dn,ALL,ALL,14,0.1146,0.3248,-0.5572,1.8907,0.5714,0.6429,0.3571,0.5714,-3.567,-10.7692
event,GBPUSD,M15,ADP,down,other,up,ALL,bear,13,-0.4858,0.6784,1.8293,-0.4243,0.4615,0.6154,0.6154,0.4615,-3.6068,-18.2618
event,GBPUSD,M15,ADP,down,other,up,ALL,bull,13,-0.0645,-1.2258,0.9986,-1.393,0.4615,0.3077,0.5385,0.3846,-4.5806,-7.8712
event,GBPUSD,M15,ADP,big_up,other,dn,ALL,ALL,11,-0.2125,0.6966,0.9768,3.062,0.1818,0.5455,0.7273,0.7273,-2.442,-18.0611
event,GBPUSD,M15,ADP,big_up,other,up,ALL,ALL,11,0.397,-0.0525,0.6728,-0.2239,0.7273,0.4545,0.7273,0.4545,-3.3798,-9.7875
event,GBPUSD,M15,ADP,up,other,up,ALL,ALL,11,0.2744,0.8283,1.9241,-1.996,0.7273,0.6364,0.6364,0.4545,-7.7321,-20.6835
event,GBPUSD,M15,ADP,up,other,dn,ALL,bear,10,0.5166,1.9105,-1.5168,0.7255,0.6,0.8,0.4,0.5,-3.7405,-10.3483
event,GBPUSD,M15,ADP,down,other,dn,ALL,bull,9,0.1194,0.5524,-0.4945,1.4712,0.6667,0.6667,0.3333,0.5556,-4.845,-10.7692
event,GBPUSD,M15,ADP,big_up,other,dn,ALL,bull,6,-0.0349,1.2849,0.9823,1.9584,0.1667,0.8333,0.6667,0.6667,-3.8526,-18.0611
event,GBPUSD,M15,ADP,big_up,other,up,ALL,bull,6,0.9879,0.5666,0.9649,1.3673,0.8333,0.5,1.0,0.6667,-3.1633,-8.6383
event,GBPUSD,M15,ADP,up,other,up,ALL,bear,6,0.6262,1.4636,-0.9454,-3.4758,0.8333,0.8333,0.5,0.3333,-7.7373,-16.1954
event,GBPUSD,M15,ADP,big_down,other,dn,ALL,ALL,5,-0.0478,1.1933,-0.59,-0.9887,0.4,0.6,0.4,0.2,-6.934,-15.6638
event,GBPUSD,M15,ADP,big_up,other,dn,ALL,bear,5,-0.3846,-0.7912,0.7401,4.1363,0.2,0.2,0.8,0.8,-2.0549,-16.9837
event,GBPUSD,M15,ADP,big_up,other,up,ALL,bear,5,0.141,-0.0525,-1.3069,-2.0867,0.6,0.4,0.4,0.2,-4.4392,-9.7875
event,GBPUSD,M15,ADP,down,other,dn,ALL,bear,5,0.0,0.2671,-0.6199,3.0748,0.4,0.6,0.4,0.6,-2.0296,-4.3326
event,GBPUSD,M15,ADP,up,other,up,ALL,bull,5,0.2744,-0.4116,2.2571,4.233,0.6,0.4,0.8,0.6,-0.9193,-20.6835
event,GBPUSD,M15,AHE,down,0830_data,up,ALL,ALL,24,0.0699,-0.6098,-1.1476,-1.2252,0.5,0.375,0.375,0.375,-5.6399,-15.1873
event,GBPUSD,M15,AHE,up,0830_data,dn,ALL,ALL,22,0.6585,1.0535,-0.0027,-0.9313,0.5909,0.5909,0.5,0.3636,-4.5031,-15.736
event,GBPUSD,M15,AHE,down,0830_data,dn,ALL,ALL,13,-0.3881,-1.7584,0.1092,-2.4962,0.3077,0.1538,0.5385,0.3077,-5.9704,-14.6807
event,GBPUSD,M15,AHE,up,0830_data,up,ALL,ALL,13,-0.2971,-0.137,-0.3186,-2.1199,0.3846,0.4615,0.4615,0.4615,-8.525,-20.9967
event,GBPUSD,M15,AHE,down,0830_data,up,ALL,bull,13,-0.7234,-0.112,-0.9495,-1.5066,0.3077,0.4615,0.3077,0.3846,-4.4519,-15.1873
event,GBPUSD,M15,AHE,up,0830_data,dn,ALL,bear,13,1.6775,1.1284,0.4099,-1.3885,0.6154,0.6923,0.5385,0.3077,-4.7721,-15.736
event,GBPUSD,M15,AHE,down,0830_data,up,ALL,bear,11,0.2418,-1.3332,-1.5819,-0.7304,0.7273,0.2727,0.4545,0.3636,-5.6847,-14.0792
event,GBPUSD,M15,AHE,up,0830_data,up,ALL,bull,11,-1.2192,-0.137,-0.3186,-2.1199,0.3636,0.4545,0.4545,0.4545,-8.525,-20.9967
event,GBPUSD,M15,AHE,down,0830_data,dn,ALL,bear,9,-0.2607,-2.0418,1.6232,-2.4962,0.3333,0.2222,0.5556,0.2222,-5.9704,-9.0461
event,GBPUSD,M15,AHE,up,0830_data,dn,ALL,bull,9,0.3061,-0.8964,-1.8044,0.0,0.5556,0.4444,0.4444,0.4444,-3.9724,-13.6961
event,GBPUSD,M15,AHE,big_down,0830_data,dn,ALL,ALL,7,-0.2684,1.2813,-0.0187,-1.6105,0.4286,0.7143,0.4286,0.2857,-3.4093,-11.6197
event,GBPUSD,M15,AHE,big_down,0830_data,up,ALL,ALL,7,-1.0846,-0.5801,-1.0172,-1.258,0.1429,0.2857,0.4286,0.4286,-5.0637,-13.576
event,GBPUSD,M15,AHE,big_up,0830_data,dn,ALL,ALL,7,0.3752,-0.2237,1.2007,3.7777,0.7143,0.4286,0.7143,0.5714,-4.6215,-14.5178
event,GBPUSD,M15,AHE,big_down,0830_data,up,ALL,bear,5,-1.0846,-0.9881,-3.03,-1.258,0.0,0.2,0.4,0.4,-5.4965,-13.576
event,GBPUSD,M15,CLAIMANT,down,eu_session,up,ALL,ALL,32,0.1703,-0.2764,0.0797,1.284,0.5625,0.4375,0.5,0.5625,-5.2684,-24.6154
event,GBPUSD,M15,CLAIMANT,down,eu_session,dn,ALL,ALL,16,-0.2636,0.3238,-0.3937,2.2877,0.3125,0.625,0.375,0.5625,-6.31,-36.6558
event,GBPUSD,M15,CLAIMANT,up,eu_session,up,ALL,ALL,16,-0.0408,-0.0858,0.755,2.6582,0.5,0.5,0.5625,0.5625,-8.0439,-22.2222
event,GBPUSD,M15,CLAIMANT,down,eu_session,up,ALL,bear,16,0.4406,0.405,-0.4176,1.7426,0.625,0.5625,0.375,0.6875,-4.9917,-24.6154
event,GBPUSD,M15,CLAIMANT,down,eu_session,up,ALL,bull,16,0.0015,-0.5937,1.5831,-1.0061,0.5,0.3125,0.625,0.4375,-5.3105,-19.9407
event,GBPUSD,M15,CLAIMANT,up,eu_session,dn,ALL,ALL,13,-0.1014,1.6722,2.4341,2.7383,0.4615,0.7692,0.6154,0.5385,-1.6227,-18.291
event,GBPUSD,M15,CLAIMANT,big_down,eu_session,up,ALL,ALL,11,0.2814,0.8254,-0.3205,-0.8366,0.5455,0.6364,0.4545,0.4545,-6.9196,-20.0475
event,GBPUSD,M15,CLAIMANT,up,eu_session,up,ALL,bull,10,0.4597,-0.7093,-0.1171,1.5864,0.7,0.4,0.5,0.5,-8.0439,-20.9325
event,GBPUSD,M15,CLAIMANT,big_down,eu_session,dn,ALL,ALL,9,0.6464,-0.6139,4.0301,-1.5689,0.6667,0.4444,0.6667,0.3333,-7.4352,-13.9581
event,GBPUSD,M15,CLAIMANT,big_up,eu_session,dn,ALL,ALL,9,-0.8065,0.6667,-4.1712,-7.6585,0.0,0.6667,0.3333,0.3333,-8.8028,-24.2687
event,GBPUSD,M15,CLAIMANT,down,eu_session,dn,ALL,bear,8,-0.3648,0.4442,2.1422,-0.6423,0.375,0.75,0.625,0.5,-3.275,-36.6558
event,GBPUSD,M15,CLAIMANT,down,eu_session,dn,ALL,bull,8,-0.2636,0.0362,-0.7666,3.8161,0.25,0.5,0.125,0.625,-6.8515,-10.4785
event,GBPUSD,M15,CLAIMANT,big_down,eu_session,up,ALL,bull,7,0.2814,0.8814,-0.3205,-0.8366,0.5714,0.7143,0.4286,0.4286,-5.634,-14.2114
event,GBPUSD,M15,CLAIMANT,up,eu_session,dn,ALL,bull,7,-0.1014,1.7634,5.3528,2.7383,0.4286,0.7143,0.5714,0.5714,-1.4918,-18.291
event,GBPUSD,M15,CLAIMANT,big_up,eu_session,up,ALL,ALL,6,1.2945,0.3591,0.0101,-3.9752,0.6667,0.5,0.5,0.3333,-7.2288,-18.932
event,GBPUSD,M15,CLAIMANT,up,eu_session,dn,ALL,bear,6,-0.2859,1.2434,1.849,4.1192,0.5,0.8333,0.6667,0.5,-3.0814,-10.9145
event,GBPUSD,M15,CLAIMANT,up,eu_session,up,ALL,bear,6,-0.2704,0.5595,2.4736,3.0044,0.1667,0.6667,0.6667,0.6667,-6.3895,-22.2222
event,GBPUSD,M15,CLAIMANT,big_down,eu_session,dn,ALL,bull,5,-0.0682,-0.6139,-0.342,-5.7485,0.4,0.4,0.4,0.2,-9.2607,-13.6722
event,GBPUSD,M15,CLAIMANT,big_up,eu_session,dn,ALL,bear,5,-1.3829,0.2167,-5.2013,-11.9814,0.0,0.6,0.0,0.0,-15.343,-24.2687
event,GBPUSD,M15,CLAIMANT,big_up,eu_session,up,ALL,bull,5,1.6423,0.9124,0.4627,-1.126,0.8,0.6,0.6,0.4,-6.0505,-18.932
event,GBPUSD,M15,CLAIMS,down,0830_data,dn,ALL,ALL,68,-0.1951,0.0807,0.6059,0.2006,0.4559,0.5147,0.6029,0.5,-3.4016,-27.1968
event,GBPUSD,M15,CLAIMS,down,0830_data,up,ALL,ALL,65,0.0,-0.2654,-0.3581,-1.4228,0.4769,0.4308,0.4615,0.4769,-4.1104,-58.4161
event,GBPUSD,M15,CLAIMS,up,0830_data,dn,ALL,ALL,62,-0.298,0.0398,-0.5,-0.676,0.3387,0.5161,0.4355,0.4355,-5.7627,-21.9509
event,GBPUSD,M15,CLAIMS,up,0830_data,up,ALL,ALL,55,0.3977,-0.0667,0.2242,1.1214,0.6,0.4909,0.5455,0.5455,-4.431,-23.1991
event,GBPUSD,M15,CLAIMS,down,0830_data,dn,ALL,bull,43,0.0638,0.2489,0.6469,0.5911,0.5116,0.6047,0.6279,0.5116,-3.1583,-27.1968
event,GBPUSD,M15,CLAIMS,down,0830_data,up,ALL,bear,40,0.2352,0.1108,0.3341,1.4023,0.575,0.525,0.55,0.575,-3.0851,-58.4161
event,GBPUSD,M15,CLAIMS,up,0830_data,up,ALL,bull,36,0.4681,0.4609,1.1815,1.7974,0.6667,0.5278,0.6389,0.5833,-4.4155,-23.1991
event,GBPUSD,M15,CLAIMS,big_down,0830_data,dn,ALL,ALL,34,0.1501,0.2391,1.8331,2.2003,0.6176,0.5588,0.6765,0.6471,-3.3771,-22.4992
event,GBPUSD,M15,CLAIMS,up,0830_data,dn,ALL,bull,33,-0.2797,0.29,-0.4012,-0.4931,0.3636,0.5152,0.4545,0.4242,-5.4855,-21.9509
event,GBPUSD,M15,CLAIMS,big_up,0830_data,dn,ALL,ALL,29,0.1462,-0.0869,0.1521,0.2885,0.6207,0.4483,0.5172,0.5172,-4.8178,-15.7207
event,GBPUSD,M15,CLAIMS,up,0830_data,dn,ALL,bear,29,-0.301,0.0112,-0.8947,-0.9007,0.3103,0.5172,0.4138,0.4483,-6.2368,-19.6249
event,GBPUSD,M15,CLAIMS,down,0830_data,dn,ALL,bear,25,-0.4497,-0.3194,0.0975,-0.0476,0.36,0.36,0.56,0.48,-3.7815,-15.7267
event,GBPUSD,M15,CLAIMS,down,0830_data,up,ALL,bull,25,-0.1415,-0.964,-0.6632,-2.9813,0.32,0.28,0.32,0.32,-5.2475,-17.03
event,GBPUSD,M15,CLAIMS,big_up,0830_data,up,ALL,ALL,22,0.2563,0.3309,1.3367,0.0921,0.5909,0.5909,0.6818,0.5,-3.3856,-13.9591
event,GBPUSD,M15,CLAIMS,up,0830_data,up,ALL,bear,19,-0.318,-0.4686,-0.7809,-0.815,0.4737,0.4211,0.3684,0.4737,-5.1395,-16.8502
event,GBPUSD,M15,CLAIMS,big_up,0830_data,dn,ALL,bear,18,0.377,-0.1514,1.2041,1.0056,0.7778,0.3889,0.6111,0.5,-4.7315,-14.877
event,GBPUSD,M15,CLAIMS,big_down,0830_data,up,ALL,ALL,17,0.159,-0.1754,0.8744,-0.4845,0.5294,0.4706,0.5882,0.4706,-5.0623,-8.7565
event,GBPUSD,M15,CLAIMS,big_down,0830_data,dn,ALL,bear,17,0.0779,-0.4578,0.8299,1.199,0.5882,0.4118,0.5294,0.5294,-4.7999,-12.4199
event,GBPUSD,M15,CLAIMS,big_down,0830_data,dn,ALL,bull,17,0.3038,0.8188,4.1857,4.3387,0.6471,0.7059,0.8235,0.7647,-2.3265,-22.4992
event,GBPUSD,M15,CLAIMS,big_up,0830_data,up,ALL,bull,14,0.5708,0.0717,0.791,-0.2301,0.7143,0.5714,0.5714,0.4286,-3.2413,-13.9591
event,GBPUSD,M15,CLAIMS,big_up,0830_data,dn,ALL,bull,11,-0.2793,0.0411,-1.2714,0.2885,0.3636,0.5455,0.3636,0.5455,-4.9038,-15.7207
event,GBPUSD,M15,CLAIMS,big_down,0830_data,up,ALL,bull,9,-0.3126,0.3535,1.2064,1.1452,0.4444,0.6667,0.6667,0.5556,-2.7015,-8.3773
event,GBPUSD,M15,CLAIMS,big_down,0830_data,up,ALL,bear,8,0.297,-0.7929,-0.7293,-1.9507,0.625,0.25,0.5,0.375,-5.0653,-8.7565
event,GBPUSD,M15,CLAIMS,big_up,0830_data,up,ALL,bear,8,-0.3848,0.7064,1.8191,0.7017,0.375,0.625,0.875,0.625,-3.6737,-7.367
event,GBPUSD,M15,CONF,up,1000_data,dn,ALL,ALL,38,0.1767,0.372,-0.7813,-1.6468,0.5789,0.5789,0.4211,0.4211,-5.0112,-23.5432
event,GBPUSD,M15,CONF,big_down,1000_data,dn,ALL,ALL,21,-0.0877,0.0,-0.3731,-2.2059,0.381,0.4762,0.4286,0.381,-4.4852,-16.9178
event,GBPUSD,M15,CONF,down,1000_data,dn,ALL,ALL,19,-0.3287,0.2093,-1.1175,-0.0598,0.3158,0.5789,0.3684,0.4737,-4.4785,-14.2632
event,GBPUSD,M15,CONF,down,1000_data,up,ALL,ALL,19,0.0189,0.5767,0.3129,0.8488,0.5263,0.5789,0.5789,0.5263,-3.3877,-14.9902
event,GBPUSD,M15,CONF,up,1000_data,dn,ALL,bear,19,0.3203,0.3644,-0.7851,-0.9834,0.7895,0.6316,0.4211,0.4211,-4.7101,-12.5269
event,GBPUSD,M15,CONF,up,1000_data,dn,ALL,bull,19,-0.3681,0.3796,-0.7775,-2.0245,0.3684,0.5263,0.4211,0.4211,-5.4686,-23.5432
event,GBPUSD,M15,CONF,big_up,1000_data,dn,ALL,ALL,18,-0.3602,-0.2983,-0.385,2.9534,0.4444,0.4444,0.4444,0.6111,-2.7024,-16.8014
event,GBPUSD,M15,CONF,big_up,1000_data,up,ALL,ALL,14,-0.0097,-0.6906,0.1105,0.1523,0.5,0.1429,0.5,0.5714,-4.2462,-18.0583
event,GBPUSD,M15,CONF,big_down,1000_data,dn,ALL,bull,12,-0.1019,0.5203,-0.2518,-4.0557,0.3333,0.6667,0.5,0.3333,-7.2726,-16.9178
event,GBPUSD,M15,CONF,big_up,1000_data,dn,ALL,bull,12,-0.4295,-0.548,-1.1064,2.9534,0.4167,0.4167,0.4167,0.5833,-2.6762,-16.8014
event,GBPUSD,M15,CONF,down,1000_data,dn,ALL,bear,12,-0.7307,-0.0318,-1.2124,-1.8282,0.1667,0.5,0.3333,0.3333,-4.4957,-14.2632
event,GBPUSD,M15,CONF,down,1000_data,up,ALL,bull,11,-0.3442,0.7068,0.3129,-1.1339,0.4545,0.6364,0.5455,0.4545,-4.3109,-11.8098
event,GBPUSD,M15,CONF,big_down,1000_data,up,ALL,ALL,10,0.0519,-0.6899,-0.9385,-0.6771,0.5,0.3,0.3,0.4,-4.2519,-17.274
event,GBPUSD,M15,CONF,big_up,1000_data,up,ALL,bull,10,0.042,-0.5119,0.2116,0.5651,0.6,0.2,0.5,0.6,-3.305,-18.0583
event,GBPUSD,M15,CONF,up,1000_data,up,ALL,ALL,9,0.8166,0.2452,-0.4077,0.0971,0.6667,0.5556,0.3333,0.5556,-4.5368,-17.7194
event,GBPUSD,M15,CONF,big_down,1000_data,dn,ALL,bear,9,-0.0635,-0.2849,-0.3731,-2.126,0.4444,0.2222,0.3333,0.4444,-3.823,-7.2293
event,GBPUSD,M15,CONF,down,1000_data,up,ALL,bear,8,0.2514,-0.0965,0.2598,1.2813,0.625,0.5,0.625,0.625,-2.6684,-14.9902
event,GBPUSD,M15,CONF,down,1000_data,dn,ALL,bull,7,0.5502,0.621,-0.9267,2.3388,0.5714,0.7143,0.4286,0.7143,-3.2196,-9.3701
event,GBPUSD,M15,CONF,big_up,1000_data,dn,ALL,bear,6,-0.0104,-0.1699,0.1907,2.6702,0.5,0.5,0.5,0.6667,-2.7024,-7.1429
event,GBPUSD,M15,CONF,up,1000_data,up,ALL,bear,6,0.1789,-0.9274,-1.8858,1.3878,0.5,0.3333,0.1667,0.6667,-4.8527,-17.7194
event,GBPUSD,M15,CONF,big_down,1000_data,up,ALL,bear,5,0.8672,-0.392,-0.4686,0.9452,0.8,0.4,0.2,0.6,-4.6307,-6.8306
event,GBPUSD,M15,CONF,big_down,1000_data,up,ALL,bull,5,-0.3515,-0.9877,-1.4085,-0.7204,0.2,0.2,0.4,0.2,-3.8732,-17.274
event,GBPUSD,M15,CPI_MM,down,0830_data,up,ALL,ALL,65,-0.3446,0.222,0.3073,0.2835,0.3846,0.5077,0.5231,0.5077,-5.1606,-14.8997
event,GBPUSD,M15,CPI_MM,down,0830_data,up,ALL,bull,39,-0.2408,0.4612,0.8988,-2.8916,0.4872,0.6154,0.5385,0.4359,-6.2209,-14.5072
event,GBPUSD,M15,CPI_MM,up,0830_data,dn,ALL,ALL,38,0.067,-0.4765,-0.8781,1.9119,0.5,0.3947,0.4211,0.6053,-5.4981,-31.3802
event,GBPUSD,M15,CPI_MM,down,0830_data,dn,ALL,ALL,33,0.1691,0.1034,0.102,1.0199,0.6364,0.5758,0.5152,0.6667,-4.6195,-52.707
event,GBPUSD,M15,CPI_MM,up,0830_data,up,ALL,ALL,31,-0.1415,-0.5978,0.0873,-0.611,0.4839,0.4194,0.5161,0.4516,-5.0,-17.2485
event,GBPUSD,M15,CPI_MM,down,0830_data,up,ALL,bear,26,-0.4787,-0.4519,-0.1811,0.8707,0.2308,0.3462,0.5,0.6154,-3.9519,-14.8997
event,GBPUSD,M15,CPI_MM,up,0830_data,dn,ALL,bull,25,-0.1188,-0.4277,-0.7699,1.8677,0.44,0.44,0.44,0.6,-4.8513,-24.0918
event,GBPUSD,M15,CPI_MM,big_down,0830_data,up,ALL,ALL,20,0.5573,0.3393,0.1931,0.8154,0.55,0.55,0.6,0.5,-5.816,-12.5613
event,GBPUSD,M15,CPI_MM,big_up,0830_data,dn,ALL,ALL,19,-0.5525,-0.182,-2.9604,0.7872,0.3684,0.2105,0.4211,0.5263,-8.4657,-20.9964
event,GBPUSD,M15,CPI_MM,down,0830_data,dn,ALL,bull,19,0.3818,0.1034,0.1436,0.5246,0.7895,0.5789,0.5263,0.6842,-4.7085,-13.8776
event,GBPUSD,M15,CPI_MM,up,0830_data,up,ALL,bear,16,0.4293,-0.6649,0.0873,-0.4366,0.625,0.4375,0.5625,0.4375,-5.0,-17.2485
event,GBPUSD,M15,CPI_MM,up,0830_data,up,ALL,bull,15,-0.2528,-0.5978,-0.0789,-1.0638,0.3333,0.4,0.4667,0.4667,-4.4022,-8.9354
event,GBPUSD,M15,CPI_MM,down,0830_data,dn,ALL,bear,14,-0.1961,0.8419,0.0035,1.0199,0.4286,0.5714,0.5,0.6429,-3.451,-52.707
event,GBPUSD,M15,CPI_MM,up,0830_data,dn,ALL,bear,13,0.4236,-0.8418,-3.266,6.4249,0.6154,0.3077,0.3846,0.6154,-7.6096,-31.3802
event,GBPUSD,M15,CPI_MM,big_down,0830_data,up,ALL,bull,12,-0.5876,-1.3136,-0.0363,-0.6944,0.4167,0.4167,0.5,0.4167,-8.3139,-12.5613
event,GBPUSD,M15,CPI_MM,big_up,0830_data,dn,ALL,bull,12,-0.8472,-0.3049,-5.5504,0.7872,0.25,0.1667,0.4167,0.5833,-8.3823,-20.9964
event,GBPUSD,M15,CPI_MM,big_down,0830_data,up,ALL,bear,8,0.7902,1.1005,1.4744,4.7277,0.75,0.75,0.75,0.625,-1.1542,-7.4703
event,GBPUSD,M15,CPI_MM,big_up,0830_data,dn,ALL,bear,7,1.5178,-0.1756,-0.8228,-7.6894,0.5714,0.2857,0.4286,0.4286,-8.8058,-15.4581
event,GBPUSD,M15,CPI_MM,big_up,0830_data,up,ALL,ALL,6,0.7655,0.84,1.9164,2.9797,0.8333,0.8333,0.8333,0.8333,-2.4547,-4.1896
event,GBPUSD,M15,CPI_MM,big_up,0830_data,up,ALL,bear,5,0.8818,1.0129,1.9846,4.8512,1.0,1.0,1.0,1.0,-2.4547,-4.1896
event,GBPUSD,M15,CPI_YY,up,0830_data,up,ALL,ALL,82,-0.4025,-0.4867,-0.2786,-1.09,0.3415,0.4146,0.439,0.4512,-4.9993,-18.0873
event,GBPUSD,M15,CPI_YY,up,0830_data,dn,ALL,ALL,73,-0.0421,0.0858,0.1142,1.0199,0.4932,0.5205,0.5068,0.5479,-4.7353,-31.3802
event,GBPUSD,M15,CPI_YY,down,0830_data,up,ALL,ALL,72,-0.2466,-0.2075,-1.0744,-0.3861,0.4444,0.4583,0.4306,0.4861,-5.2371,-22.8437
event,GBPUSD,M15,CPI_YY,down,0830_data,dn,ALL,ALL,67,0.0665,0.4333,0.4593,1.0199,0.5373,0.5672,0.5672,0.5522,-5.1937,-52.707
event,GBPUSD,M15,CPI_YY,up,0830_data,up,ALL,bull,47,-0.4211,-0.2902,-0.0789,0.2835,0.2766,0.4255,0.4468,0.5106,-4.4306,-18.0873
event,GBPUSD,M15,CPI_YY,up,0830_data,dn,ALL,bull,46,-0.1594,-0.1699,0.2096,1.7854,0.413,0.4565,0.5217,0.5435,-4.7676,-24.0918
event,GBPUSD,M15,CPI_YY,down,0830_data,dn,ALL,bull,40,0.1089,0.436,0.5884,3.2374,0.55,0.6,0.6,0.65,-4.4749,-19.5388
event,GBPUSD,M15,CPI_YY,down,0830_data,up,ALL,bull,39,-0.2466,0.3903,-0.5744,-0.953,0.4359,0.5128,0.4615,0.4359,-6.332,-22.8437
event,GBPUSD,M15,CPI_YY,big_up,0830_data,dn,ALL,ALL,38,-0.0804,-0.4008,-0.8201,1.6133,0.4474,0.3158,0.4737,0.6053,-4.6043,-26.0274
event,GBPUSD,M15,CPI_YY,big_up,eu_session,up,ALL,ALL,38,-0.2571,-0.1951,-2.6551,-1.8068,0.4211,0.4737,0.3684,0.4211,-6.6691,-21.7079
event,GBPUSD,M15,CPI_YY,up,0830_data,up,ALL,bear,35,-0.2999,-0.6919,-1.0572,-3.5001,0.4286,0.4,0.4286,0.3714,-5.3872,-17.3579
event,GBPUSD,M15,CPI_YY,big_down,eu_session,dn,ALL,ALL,34,0.1887,-0.0541,-0.8578,0.2326,0.5882,0.5,0.4706,0.5588,-6.1941,-16.7352
event,GBPUSD,M15,CPI_YY,down,0830_data,up,ALL,bear,33,-0.4502,-0.458,-1.1034,0.1769,0.4545,0.3939,0.3939,0.5455,-4.4549,-12.8368
event,GBPUSD,M15,CPI_YY,big_down,0830_data,up,ALL,ALL,30,0.5573,0.3333,0.0772,-0.9652,0.5667,0.5333,0.5333,0.3333,-6.1289,-12.5613
event,GBPUSD,M15,CPI_YY,down,eu_session,dn,ALL,bear,27,0.0489,0.4333,0.102,-2.9339,0.5185,0.5185,0.5185,0.4074,-7.0223,-52.707
event,GBPUSD,M15,CPI_YY,up,0830_data,dn,ALL,bear,27,0.324,0.9962,-0.8228,0.817,0.6296,0.6296,0.4815,0.5556,-4.7353,-31.3802
event,GBPUSD,M15,CPI_YY,big_down,0830_data,up,ALL,bull,22,0.1425,-0.3621,-0.3139,-2.389,0.5,0.4545,0.4091,0.2273,-8.1954,-12.5613
event,GBPUSD,M15,CPI_YY,big_up,0830_data,dn,ALL,bull,22,-0.021,-0.4835,-0.2816,2.0096,0.4545,0.3182,0.5,0.6818,-5.3216,-26.0274
event,GBPUSD,M15,CPI_YY,big_down,eu_session,dn,ALL,bear,21,0.155,0.0554,-0.5601,-0.8258,0.5238,0.5238,0.4762,0.4762,-6.6438,-16.7352
event,GBPUSD,M15,CPI_YY,big_up,eu_session,up,ALL,bull,20,-0.2571,-1.5083,-3.5888,-3.3919,0.35,0.3,0.2,0.25,-8.7384,-17.9007
event,GBPUSD,M15,CPI_YY,big_up,eu_session,up,ALL,bear,18,-0.2333,0.6671,0.5769,0.6224,0.5,0.6667,0.5556,0.6111,-4.1894,-21.7079
event,GBPUSD,M15,CPI_YY,big_up,0830_data,dn,ALL,bear,16,-0.1607,-0.2353,-1.1893,0.0125,0.4375,0.3125,0.4375,0.5,-4.3965,-18.4892
event,GBPUSD,M15,CPI_YY,big_down,eu_session,dn,ALL,bull,13,0.5301,-0.6494,-1.8182,3.7819,0.6923,0.4615,0.4615,0.6923,-5.3492,-10.7759
event,GBPUSD,M15,CPI_YY,big_down,0830_data,up,ALL,bear,8,1.1008,0.9455,2.5127,2.0952,0.75,0.75,0.875,0.625,-1.8789,-7.367
event,GBPUSD,M15,CRUDE,down,other,up,ALL,ALL,21,-0.1125,0.1799,0.0966,1.37,0.4286,0.5238,0.5714,0.5714,-3.1501,-17.1884
event,GBPUSD,M15,CRUDE,big_down,other,dn,ALL,ALL,18,-0.2966,-0.5739,-1.172,-0.0792,0.3333,0.2778,0.2778,0.5,-4.0137,-15.3386
event,GBPUSD,M15,CRUDE,down,other,dn,ALL,ALL,18,-0.3372,-0.308,-0.305,-0.3581,0.1667,0.3333,0.3889,0.5,-3.1217,-12.4263
event,GBPUSD,M15,CRUDE,up,other,up,ALL,ALL,18,-0.2389,-0.0559,-0.121,0.5776,0.3333,0.5,0.4444,0.5556,-4.3749,-14.8918
event,GBPUSD,M15,CRUDE,big_up,other,up,ALL,ALL,16,-0.2733,-0.9204,-0.49,-1.4973,0.4375,0.3125,0.375,0.375,-5.8305,-16.5556
event,GBPUSD,M15,CRUDE,big_up,other,dn,ALL,ALL,13,-0.5092,-0.5748,-0.6214,-2.5685,0.3846,0.3846,0.2308,0.1538,-6.1176,-15.7836
event,GBPUSD,M15,CRUDE,down,other,dn,ALL,bull,12,-0.2175,-0.2319,-0.2738,1.6178,0.25,0.4167,0.4167,0.5833,-3.3211,-12.4263
event,GBPUSD,M15,CRUDE,down,other,up,ALL,bull,12,0.4559,-0.1841,0.1259,0.9421,0.5833,0.4167,0.5833,0.5833,-2.8719,-17.1884
event,GBPUSD,M15,CRUDE,big_down,other,up,ALL,ALL,11,-0.4513,-0.5615,0.1622,-0.8638,0.3636,0.3636,0.5455,0.2727,-5.3534,-15.9542
event,GBPUSD,M15,CRUDE,up,other,dn,ALL,ALL,11,0.0,0.2197,0.4458,-0.6971,0.4545,0.5455,0.6364,0.3636,-4.32,-17.8289
event,GBPUSD,M15,CRUDE,big_down,other,dn,ALL,bull,10,-0.2966,-0.2249,-1.0404,0.8997,0.3,0.3,0.3,0.6,-4.4235,-14.8024
event,GBPUSD,M15,CRUDE,down,other,up,ALL,bear,9,-0.29,0.6292,0.0966,2.017,0.2222,0.6667,0.5556,0.5556,-3.5841,-11.1979
event,GBPUSD,M15,CRUDE,up,other,up,ALL,bear,9,-0.0618,0.6974,-0.6165,1.2163,0.4444,0.6667,0.3333,0.6667,-3.3699,-9.1567
event,GBPUSD,M15,CRUDE,up,other,up,ALL,bull,9,-0.3155,-0.5861,0.2093,-4.6473,0.2222,0.3333,0.5556,0.4444,-6.6828,-14.8918
event,GBPUSD,M15,CRUDE,big_down,other,dn,ALL,bear,8,-0.6024,-1.3631,-1.2965,-0.6298,0.375,0.25,0.25,0.375,-3.5681,-15.3386
event,GBPUSD,M15,CRUDE,big_up,other,up,ALL,bear,8,-0.0889,-0.1718,-0.2573,-1.4973,0.5,0.5,0.375,0.25,-4.4327,-8.8976
event,GBPUSD,M15,CRUDE,big_up,other,up,ALL,bull,8,-0.4634,-1.0604,-0.6779,-1.241,0.375,0.125,0.375,0.5,-6.2672,-16.5556
event,GBPUSD,M15,CRUDE,big_up,other,dn,ALL,bull,7,-1.4466,-0.5748,-0.6214,-3.212,0.2857,0.2857,0.4286,0.0,-6.1176,-15.7836
event,GBPUSD,M15,CRUDE,big_down,other,up,ALL,bear,6,-0.3632,-0.6809,1.4705,-0.8176,0.3333,0.3333,0.6667,0.1667,-4.0294,-15.9542
event,GBPUSD,M15,CRUDE,big_up,other,dn,ALL,bear,6,0.0105,-0.3627,-0.8941,-1.7375,0.5,0.5,0.0,0.3333,-6.4748,-8.1107
event,GBPUSD,M15,CRUDE,down,other,dn,ALL,bear,6,-0.8735,-0.3546,-0.6788,-1.2046,0.0,0.1667,0.3333,0.3333,-2.9468,-8.2072
event,GBPUSD,M15,CRUDE,up,other,dn,ALL,bull,6,-0.2809,-1.1685,0.9267,-0.5117,0.3333,0.3333,0.6667,0.3333,-3.5197,-8.6176
event,GBPUSD,M15,CRUDE,big_down,other,up,ALL,bull,5,-0.5495,-0.5615,-0.4126,-5.983,0.4,0.4,0.4,0.4,-7.5857,-12.3281
event,GBPUSD,M15,CRUDE,up,other,dn,ALL,bear,5,0.1617,0.6342,0.0984,-5.9485,0.6,0.8,0.6,0.4,-10.2306,-17.8289
event,GBPUSD,M15,DURABLES,down,0830_data,dn,ALL,ALL,19,-0.0233,0.2807,0.4228,2.3031,0.4737,0.5263,0.5789,0.7368,-3.6656,-11.2723
event,GBPUSD,M15,DURABLES,down,0830_data,up,ALL,ALL,19,-0.0864,0.1728,-0.6644,1.1452,0.3684,0.6316,0.3684,0.5789,-4.475,-18.89
event,GBPUSD,M15,DURABLES,up,0830_data,dn,ALL,ALL,16,-0.632,-0.819,0.3991,-2.7219,0.3125,0.25,0.625,0.375,-5.6772,-13.7698
event,GBPUSD,M15,DURABLES,up,0830_data,dn,ALL,bear,11,-0.8464,-1.2533,0.0855,-3.5842,0.2727,0.1818,0.5455,0.1818,-6.2341,-13.7698
event,GBPUSD,M15,DURABLES,down,0830_data,dn,ALL,bull,10,-0.4312,0.0879,-0.6633,1.7344,0.2,0.5,0.5,0.7,-5.1469,-11.2723
event,GBPUSD,M15,DURABLES,down,0830_data,up,ALL,bull,10,-0.1017,0.2631,-0.7381,1.5064,0.4,0.7,0.2,0.6,-4.8613,-6.62
event,GBPUSD,M15,DURABLES,up,0830_data,up,ALL,ALL,9,-0.171,-0.6859,-2.1613,-0.8831,0.4444,0.4444,0.3333,0.3333,-4.4996,-12.6971
event,GBPUSD,M15,DURABLES,down,0830_data,dn,ALL,bear,9,0.2845,0.2807,0.9937,2.8571,0.7778,0.5556,0.6667,0.7778,-2.6779,-4.9664
event,GBPUSD,M15,DURABLES,down,0830_data,up,ALL,bear,9,-0.0431,0.0568,0.0597,0.0216,0.3333,0.5556,0.5556,0.5556,-3.8167,-18.89
event,GBPUSD,M15,DURABLES,big_down,0830_data,up,ALL,ALL,6,-0.5733,-0.3672,-0.9194,0.912,0.3333,0.3333,0.3333,0.5,-4.6175,-13.9591
event,GBPUSD,M15,DURABLES,big_up,0830_data,dn,ALL,ALL,5,0.4407,-0.1603,0.9576,-1.8468,0.6,0.4,0.6,0.4,-5.5404,-10.1611
event,GBPUSD,M15,DURABLES,up,0830_data,dn,ALL,bull,5,-0.3566,-0.137,1.2858,4.8222,0.4,0.4,0.8,0.8,-2.0922,-11.9738
event,GBPUSD,M15,DURABLES,up,0830_data,up,ALL,bear,5,-0.7296,-0.6859,-4.1152,-5.2812,0.2,0.4,0.2,0.2,-6.0357,-11.2835
event,GBPUSD,M15,GDP,up,0830_data,dn,ALL,ALL,29,0.145,-0.0962,-0.2424,1.0798,0.6207,0.4138,0.4828,0.5172,-4.3449,-25.2381
event,GBPUSD,M15,GDP,down,0830_data,up,ALL,ALL,26,0.3334,0.4312,0.8187,1.5114,0.6538,0.6154,0.5769,0.5769,-3.5148,-14.9446
event,GBPUSD,M15,GDP,down,0830_data,dn,ALL,ALL,20,-0.3218,-0.9355,-2.3425,-1.2353,0.4,0.3,0.3,0.45,-5.7063,-17.6128
event,GBPUSD,M15,GDP,big_down,eu_session,dn,ALL,ALL,16,0.3898,0.479,-0.4526,-0.7431,0.5625,0.6875,0.4375,0.375,-5.9855,-17.4106
event,GBPUSD,M15,GDP,up,0830_data,up,ALL,ALL,16,-0.0707,1.3923,0.0227,1.3072,0.5,0.75,0.5,0.6875,-3.7878,-13.3971
event,GBPUSD,M15,GDP,up,0830_data,dn,ALL,bear,16,0.273,-0.072,-0.3938,0.5399,0.75,0.375,0.4375,0.5,-4.7831,-12.3689
event,GBPUSD,M15,GDP,big_up,0830_data,dn,ALL,ALL,15,0.1576,0.352,1.3101,2.6714,0.5333,0.6,0.6,0.6,-4.341,-11.6392
event,GBPUSD,M15,GDP,big_down,0830_data,up,ALL,ALL,14,-0.191,0.2543,-0.6718,2.4133,0.4286,0.5714,0.4286,0.6429,-2.8988,-6.2261
event,GBPUSD,M15,GDP,down,0830_data,dn,ALL,bull,14,-0.8942,-1.0506,-2.8876,-1.7038,0.2143,0.2857,0.2143,0.3571,-6.4473,-15.1302
event,GBPUSD,M15,GDP,down,0830_data,up,ALL,bear,14,0.3334,1.3002,0.1463,1.4356,0.7143,0.7857,0.5,0.5714,-3.9232,-14.9446
event,GBPUSD,M15,GDP,up,0830_data,dn,ALL,bull,13,-0.0131,-0.3765,0.7086,1.6316,0.4615,0.4615,0.5385,0.5385,-4.3449,-25.2381
event,GBPUSD,M15,GDP,big_up,0830_data,up,ALL,ALL,12,0.2386,0.1602,1.299,0.6415,0.6667,0.5,0.5833,0.5,-4.6752,-13.5672
event,GBPUSD,M15,GDP,big_up,0830_data,dn,ALL,bear,12,-0.1322,0.4574,1.6068,1.1671,0.5,0.6667,0.6667,0.5,-4.1702,-11.6392
event,GBPUSD,M15,GDP,down,0830_data,up,ALL,bull,12,0.329,-0.4223,1.4017,2.6619,0.5833,0.4167,0.6667,0.5833,-3.0551,-12.8049
event,GBPUSD,M15,GDP,big_down,eu_session,dn,ALL,bull,10,0.3898,0.1591,-1.3654,-1.5276,0.6,0.6,0.4,0.2,-5.9089,-17.4106
event,GBPUSD,M15,GDP,big_down,0830_data,up,ALL,bull,8,-0.3285,0.2543,-0.6718,-0.4705,0.375,0.625,0.375,0.375,-2.7489,-5.3951
event,GBPUSD,M15,GDP,up,0830_data,up,ALL,bear,8,0.1541,1.1412,1.8836,1.9503,0.5,0.75,0.5,0.75,-2.0611,-10.5872
event,GBPUSD,M15,GDP,up,0830_data,up,ALL,bull,8,-0.2611,1.5008,0.0227,0.0668,0.5,0.75,0.5,0.625,-4.8041,-13.3971
event,GBPUSD,M15,GDP,big_up,eu_session,up,ALL,bull,7,0.1418,-0.8708,-0.1451,1.5177,0.5714,0.4286,0.4286,0.5714,-5.8574,-7.4406
event,GBPUSD,M15,GDP,big_down,eu_session,dn,ALL,bear,6,0.1775,1.021,1.1834,2.9206,0.5,0.8333,0.5,0.6667,-6.1176,-9.799
event,GBPUSD,M15,GDP,big_down,0830_data,up,ALL,bear,6,0.1884,-0.2975,-0.191,5.7714,0.5,0.5,0.5,1.0,-2.8988,-6.2261
event,GBPUSD,M15,GDP,down,0830_data,dn,ALL,bear,6,0.8648,-0.4548,0.0473,1.2314,0.8333,0.3333,0.5,0.6667,-4.9296,-17.6128
event,GBPUSD,M15,GDP,big_up,0830_data,up,ALL,bear,5,0.3353,1.1587,2.4494,-0.2347,0.8,0.6,0.8,0.4,-1.004,-13.5672
event,GBPUSD,M15,GDP_MM,down,eu_session,dn,ALL,ALL,11,-0.393,0.3499,-0.7523,2.7778,0.3636,0.6364,0.4545,0.6364,-3.4682,-25.0306
event,GBPUSD,M15,GDP_MM,up,eu_session,up,ALL,ALL,10,-0.3582,0.1305,-1.4777,-6.0862,0.4,0.6,0.3,0.3,-11.2061,-42.03
event,GBPUSD,M15,GDP_MM,down,eu_session,dn,ALL,bear,8,-0.4315,-0.1481,-0.8469,-0.2804,0.375,0.5,0.375,0.5,-4.1411,-25.0306
event,GBPUSD,M15,GDP_MM,up,eu_session,up,ALL,bull,6,-0.593,0.2634,-2.0111,-4.6393,0.3333,0.6667,0.3333,0.3333,-11.2061,-13.3971
event,GBPUSD,M15,HOMESALES,down,1000_data,dn,ALL,ALL,17,-0.1756,-0.4142,-0.2958,-2.0199,0.3529,0.4706,0.4118,0.3529,-5.0358,-15.1212
event,GBPUSD,M15,HOMESALES,down,1000_data,up,ALL,ALL,16,0.2114,-0.0852,1.0446,1.9597,0.5625,0.5,0.625,0.625,-3.2827,-13.1083
event,GBPUSD,M15,HOMESALES,up,1000_data,dn,ALL,ALL,15,0.1599,0.1401,-0.533,1.0328,0.6,0.6,0.3333,0.6,-3.8655,-10.7333
event,GBPUSD,M15,HOMESALES,big_up,1000_data,dn,ALL,ALL,12,-0.4992,0.2963,-1.2919,0.8192,0.25,0.5,0.1667,0.5833,-4.4112,-15.9802
event,GBPUSD,M15,HOMESALES,big_down,1000_data,dn,ALL,ALL,10,-0.0219,-0.5357,-1.8482,0.273,0.4,0.4,0.3,0.5,-6.0278,-11.4048
event,GBPUSD,M15,HOMESALES,big_up,1000_data,up,ALL,ALL,9,-0.2642,-0.4538,-0.0818,-4.2228,0.2222,0.2222,0.4444,0.3333,-6.1934,-18.2959
event,GBPUSD,M15,HOMESALES,down,1000_data,dn,ALL,bear,9,-0.0758,0.3886,0.8647,-0.9848,0.4444,0.7778,0.5556,0.4444,-3.0303,-10.4435
event,GBPUSD,M15,HOMESALES,down,1000_data,up,ALL,bear,9,-0.1644,-0.4909,0.3506,1.8417,0.4444,0.3333,0.5556,0.6667,-3.8199,-8.2639
event,GBPUSD,M15,HOMESALES,up,1000_data,dn,ALL,bull,9,-0.2125,-0.7996,-0.533,1.0328,0.4444,0.4444,0.3333,0.5556,-3.7489,-10.7333
event,GBPUSD,M15,HOMESALES,down,1000_data,dn,ALL,bull,8,-0.2937,-1.1755,-0.9249,-3.7173,0.25,0.125,0.25,0.25,-5.7938,-15.1212
event,GBPUSD,M15,HOMESALES,big_down,1000_data,up,ALL,ALL,7,-0.081,-0.3172,1.0689,0.1188,0.4286,0.2857,0.7143,0.5714,-5.3091,-12.1966
event,GBPUSD,M15,HOMESALES,up,1000_data,up,ALL,ALL,7,-0.2535,0.0542,0.4956,-2.0065,0.2857,0.5714,0.5714,0.4286,-3.6122,-10.0053
event,GBPUSD,M15,HOMESALES,down,1000_data,up,ALL,bull,7,0.3168,0.5695,1.1088,5.695,0.7143,0.7143,0.7143,0.5714,-2.7455,-13.1083
event,GBPUSD,M15,HOMESALES,big_up,1000_data,dn,ALL,bear,6,-0.5903,-1.293,-1.7533,-1.4732,0.1667,0.3333,0.0,0.5,-5.7195,-15.9802
event,GBPUSD,M15,HOMESALES,big_up,1000_data,dn,ALL,bull,6,-0.3723,0.6642,-0.4197,5.2157,0.3333,0.6667,0.3333,0.6667,-3.0627,-12.8676
event,GBPUSD,M15,HOMESALES,big_up,1000_data,up,ALL,bear,6,-0.2534,-0.2702,0.6357,-4.5712,0.3333,0.3333,0.5,0.1667,-6.641,-18.2959
event,GBPUSD,M15,HOMESALES,up,1000_data,dn,ALL,bear,6,0.6058,0.2903,-0.2937,0.9937,0.8333,0.8333,0.3333,0.6667,-3.8829,-6.0415
event,GBPUSD,M15,HOMESALES,big_down,1000_data,dn,ALL,bear,5,-0.0437,0.2101,2.1853,2.9991,0.2,0.6,0.6,0.6,-4.3528,-7.493
event,GBPUSD,M15,HOMESALES,big_down,1000_data,dn,ALL,bull,5,0.0755,-1.7917,-2.1148,-3.8265,0.6,0.2,0.0,0.4,-6.9388,-11.4048
event,GBPUSD,M15,HOMESALES,big_down,1000_data,up,ALL,bull,5,-0.2757,-0.4826,1.6037,-2.386,0.2,0.2,0.6,0.4,-5.3091,-12.1966
event,GBPUSD,M15,HOUSING,down,0830_data,dn,ALL,ALL,18,-0.3191,0.4718,-0.7336,0.4238,0.3889,0.5556,0.3333,0.5556,-5.4002,-31.3802
event,GBPUSD,M15,HOUSING,down,0830_data,up,ALL,ALL,18,0.0728,-0.411,0.1196,0.3496,0.5,0.2778,0.5,0.5556,-4.0724,-11.276
event,GBPUSD,M15,HOUSING,up,0830_data,up,ALL,ALL,15,-0.0343,0.2763,0.5838,1.5674,0.4,0.5333,0.6,0.6,-2.88,-9.2016
event,GBPUSD,M15,HOUSING,up,0830_data,dn,ALL,ALL,14,0.1351,0.0868,1.9776,4.4401,0.6429,0.5,0.6429,0.6429,-2.9069,-11.9469
event,GBPUSD,M15,HOUSING,down,0830_data,dn,ALL,bull,11,-0.3702,-0.1373,-0.0915,0.7839,0.2727,0.4545,0.4545,0.5455,-5.9826,-30.3996
event,GBPUSD,M15,HOUSING,big_up,0830_data,dn,ALL,ALL,10,-0.0481,0.3962,-1.5027,1.8217,0.5,0.6,0.4,0.6,-5.5922,-7.1206
event,GBPUSD,M15,HOUSING,down,0830_data,up,ALL,bear,10,-0.4195,0.0,0.4273,0.6451,0.4,0.4,0.5,0.7,-3.5595,-8.3466
event,GBPUSD,M15,HOUSING,down,0830_data,up,ALL,bull,8,0.5844,-0.8162,-0.2805,-2.3123,0.625,0.125,0.5,0.375,-6.8556,-11.276
event,GBPUSD,M15,HOUSING,up,0830_data,dn,ALL,bull,8,0.2404,0.0868,2.2555,2.4959,0.625,0.5,0.625,0.625,-2.2807,-11.9469
event,GBPUSD,M15,HOUSING,up,0830_data,up,ALL,bull,8,0.0403,0.0313,-0.435,0.3048,0.5,0.5,0.375,0.5,-4.4188,-9.2016
event,GBPUSD,M15,HOUSING,big_down,0830_data,up,ALL,ALL,7,-0.5237,-1.0586,-1.3939,-0.5704,0.2857,0.4286,0.2857,0.2857,-6.8616,-10.2968
event,GBPUSD,M15,HOUSING,down,0830_data,dn,ALL,bear,7,0.3185,0.7862,-2.2679,0.0637,0.5714,0.7143,0.1429,0.5714,-4.8178,-31.3802
event,GBPUSD,M15,HOUSING,up,0830_data,up,ALL,bear,7,-0.1971,0.2763,0.6217,3.4166,0.2857,0.5714,0.8571,0.7143,-2.4669,-7.5482
event,GBPUSD,M15,HOUSING,big_down,0830_data,dn,ALL,ALL,6,-0.4107,-0.6718,-0.9964,3.8641,0.1667,0.1667,0.3333,0.8333,-4.4485,-14.1568
event,GBPUSD,M15,HOUSING,big_down,0830_data,up,ALL,bull,6,-0.537,-1.1127,-1.1143,-0.3725,0.1667,0.3333,0.3333,0.3333,-6.1995,-8.3653
event,GBPUSD,M15,HOUSING,up,0830_data,dn,ALL,bear,6,0.1306,0.1255,0.9659,6.7013,0.6667,0.5,0.6667,0.6667,-3.0468,-8.3416
event,GBPUSD,M15,HOUSING,big_up,0830_data,up,ALL,ALL,5,0.3872,-0.1844,0.6159,-5.7878,0.6,0.4,0.6,0.4,-6.9724,-10.7271
event,GBPUSD,M15,HOUSING,big_down,0830_data,dn,ALL,bull,5,-0.1996,-0.6843,-0.7699,3.2881,0.2,0.2,0.4,0.8,-4.8448,-14.1568
event,GBPUSD,M15,HOUSING,big_up,0830_data,dn,ALL,bear,5,0.1579,0.3281,-1.7331,1.7256,0.6,0.6,0.2,0.6,-5.9186,-7.1206
event,GBPUSD,M15,HOUSING,big_up,0830_data,dn,ALL,bull,5,-0.2542,0.5507,0.7406,1.9178,0.4,0.6,0.6,0.6,-5.274,-6.9044
event,GBPUSD,M15,ISM_MFG,up,1000_data,dn,ALL,ALL,36,0.3513,0.026,0.2344,-1.0755,0.6944,0.5,0.5833,0.4722,-4.4194,-20.365
event,GBPUSD,M15,ISM_MFG,down,1000_data,dn,ALL,ALL,28,0.1286,0.8124,0.8272,0.9611,0.6071,0.7143,0.6071,0.6071,-3.8125,-13.3533
event,GBPUSD,M15,ISM_MFG,up,1000_data,dn,ALL,bear,24,0.3153,0.2817,0.2344,-2.1206,0.6667,0.5417,0.5417,0.375,-4.4194,-20.365
event,GBPUSD,M15,ISM_MFG,down,1000_data,up,ALL,ALL,23,0.1008,0.7848,0.8948,0.8433,0.5652,0.6957,0.6087,0.6087,-2.4139,-22.093
event,GBPUSD,M15,ISM_MFG,big_up,1000_data,dn,ALL,ALL,21,-0.2337,-0.6552,-0.3464,-1.0857,0.3333,0.4286,0.4762,0.3333,-3.4439,-16.9513
event,GBPUSD,M15,ISM_MFG,up,1000_data,up,ALL,ALL,19,-0.1542,0.5861,0.2255,-1.0612,0.4211,0.5263,0.5263,0.4211,-4.0855,-17.4961
event,GBPUSD,M15,ISM_MFG,big_down,1000_data,up,ALL,ALL,18,-0.421,-0.3083,-0.7133,-1.7874,0.2222,0.3889,0.4444,0.4444,-6.0874,-18.4682
event,GBPUSD,M15,ISM_MFG,big_up,1000_data,dn,ALL,bear,16,-0.2084,0.1537,0.5038,-1.28,0.375,0.5,0.5625,0.3125,-4.148,-16.9513
event,GBPUSD,M15,ISM_MFG,down,1000_data,dn,ALL,bear,15,0.0054,0.5061,-0.5264,-1.5612,0.5333,0.6,0.3333,0.4667,-4.2797,-13.3246
event,GBPUSD,M15,ISM_MFG,down,1000_data,dn,ALL,bull,13,0.5554,1.1006,3.1024,2.7711,0.6923,0.8462,0.9231,0.7692,-1.6908,-13.3533
event,GBPUSD,M15,ISM_MFG,down,1000_data,up,ALL,bull,12,0.2131,0.5586,0.7396,1.3427,0.5833,0.6667,0.5833,0.6667,-2.6395,-22.093
event,GBPUSD,M15,ISM_MFG,up,1000_data,dn,ALL,bull,12,0.4622,-0.6477,0.1832,2.0644,0.75,0.4167,0.6667,0.6667,-4.425,-9.6112
event,GBPUSD,M15,ISM_MFG,up,1000_data,up,ALL,bull,12,-0.1857,0.6095,-0.0633,0.5279,0.3333,0.5833,0.5,0.5833,-3.9836,-17.4961
event,GBPUSD,M15,ISM_MFG,big_up,1000_data,up,ALL,ALL,11,0.0601,-0.2414,-1.0364,-0.0388,0.5455,0.3636,0.4545,0.4545,-4.5743,-10.4895
event,GBPUSD,M15,ISM_MFG,down,1000_data,up,ALL,bear,11,0.0269,1.0886,1.4052,0.1304,0.5455,0.7273,0.6364,0.5455,-2.4139,-15.3039
event,GBPUSD,M15,ISM_MFG,big_down,1000_data,up,ALL,bear,9,-0.401,0.0337,-1.6814,0.2562,0.2222,0.5556,0.4444,0.5556,-2.8115,-18.4682
event,GBPUSD,M15,ISM_MFG,big_down,1000_data,up,ALL,bull,8,-0.6758,-0.8133,-0.7133,-8.5341,0.25,0.25,0.375,0.375,-9.1734,-16.3705
event,GBPUSD,M15,ISM_MFG,big_up,1000_data,up,ALL,bear,8,0.2049,-0.2109,-0.4716,1.8967,0.625,0.375,0.5,0.5,-3.5977,-10.4895
event,GBPUSD,M15,ISM_MFG,up,1000_data,up,ALL,bear,7,0.1237,-0.1717,0.2255,-1.5803,0.5714,0.4286,0.5714,0.1429,-4.0855,-9.9047
event,GBPUSD,M15,ISM_MFG,big_down,1000_data,dn,ALL,ALL,6,0.6025,0.0878,0.6321,-0.9694,0.6667,0.5,0.6667,0.3333,-3.4421,-6.8385
event,GBPUSD,M15,ISM_MFG,big_up,1000_data,dn,ALL,bull,5,-1.1641,-2.4306,-1.2224,-0.3977,0.2,0.2,0.2,0.4,-3.4439,-8.7068
event,GBPUSD,M15,ISM_SVC,up,1000_data,dn,ALL,ALL,43,-0.2936,-0.1326,-0.822,-0.183,0.3721,0.4651,0.3488,0.4884,-5.0422,-14.7813
event,GBPUSD,M15,ISM_SVC,down,1000_data,up,ALL,ALL,28,0.0174,-0.4433,-0.6995,-1.3113,0.5,0.3929,0.3929,0.3571,-4.7199,-16.1988
event,GBPUSD,M15,ISM_SVC,up,1000_data,dn,ALL,bull,25,-0.5076,-0.4391,-0.9114,-0.183,0.28,0.32,0.36,0.48,-5.639,-14.7813
event,GBPUSD,M15,ISM_SVC,up,1000_data,up,ALL,ALL,20,0.14,-0.0454,0.2274,1.7964,0.55,0.5,0.6,0.6,-2.4001,-16.426
event,GBPUSD,M15,ISM_SVC,down,1000_data,dn,ALL,ALL,19,-0.2826,-0.3088,-1.2422,0.8221,0.3684,0.4737,0.1579,0.5789,-4.2816,-7.8001
event,GBPUSD,M15,ISM_SVC,down,1000_data,up,ALL,bull,19,0.0852,-0.3155,-0.6684,-0.5747,0.5263,0.3684,0.3684,0.4211,-4.5463,-16.1988
event,GBPUSD,M15,ISM_SVC,big_up,1000_data,dn,ALL,ALL,18,-0.2524,-0.3684,-1.3696,-0.3361,0.3333,0.3333,0.4444,0.5,-6.0233,-15.448
event,GBPUSD,M15,ISM_SVC,up,1000_data,dn,ALL,bear,18,0.0811,0.9204,-0.6913,0.0354,0.5,0.6667,0.3333,0.5,-3.4315,-13.192
event,GBPUSD,M15,ISM_SVC,big_down,1000_data,up,ALL,ALL,15,0.3408,0.7559,-0.5328,-2.8202,0.5333,0.6667,0.4667,0.4,-6.0268,-15.5204
event,GBPUSD,M15,ISM_SVC,up,1000_data,up,ALL,bull,12,0.3516,0.0778,0.4343,0.5015,0.75,0.5833,0.6667,0.5,-2.0921,-16.426
event,GBPUSD,M15,ISM_SVC,big_up,1000_data,up,ALL,ALL,10,0.2297,0.1652,-0.89,-0.2766,0.6,0.6,0.3,0.4,-7.1422,-18.8221
event,GBPUSD,M15,ISM_SVC,big_up,1000_data,dn,ALL,bull,10,-0.0925,-0.5096,-2.8771,-3.0582,0.4,0.3,0.4,0.3,-6.969,-15.448
event,GBPUSD,M15,ISM_SVC,down,1000_data,dn,ALL,bear,10,-0.0451,0.7609,-0.9842,1.7924,0.5,0.6,0.2,0.7,-3.0315,-6.1692
event,GBPUSD,M15,ISM_SVC,down,1000_data,dn,ALL,bull,9,-0.5298,-1.0011,-1.5859,-0.8054,0.2222,0.3333,0.1111,0.4444,-4.4372,-7.8001
event,GBPUSD,M15,ISM_SVC,down,1000_data,up,ALL,bear,9,-0.0505,-0.7653,-0.7305,-3.3137,0.4444,0.4444,0.4444,0.2222,-5.2866,-10.5956
event,GBPUSD,M15,ISM_SVC,big_down,1000_data,dn,ALL,ALL,8,0.5829,0.6548,1.2755,5.2306,0.875,0.625,0.875,0.625,-1.1761,-5.2151
event,GBPUSD,M15,ISM_SVC,big_down,1000_data,up,ALL,bull,8,0.5774,0.5012,0.5116,-0.3466,0.625,0.625,0.5,0.5,-5.0318,-9.9732
event,GBPUSD,M15,ISM_SVC,big_up,1000_data,dn,ALL,bear,8,-0.4752,-0.2673,-0.4915,1.8989,0.25,0.375,0.5,0.75,-3.0024,-6.5793
event,GBPUSD,M15,ISM_SVC,up,1000_data,up,ALL,bear,8,-0.0904,-0.2,0.1103,2.5296,0.25,0.375,0.5,0.75,-2.832,-5.8258
event,GBPUSD,M15,ISM_SVC,big_down,1000_data,up,ALL,bear,7,-0.0416,1.3631,-0.5328,-4.399,0.4286,0.7143,0.4286,0.2857,-8.3025,-15.5204
event,GBPUSD,M15,ISM_SVC,big_up,1000_data,up,ALL,bear,6,0.8506,0.2366,-0.7748,-4.8569,0.6667,0.8333,0.3333,0.3333,-10.7946,-18.8221
event,GBPUSD,M15,ISM_SVC,big_down,1000_data,dn,ALL,bull,5,0.7442,0.7229,1.2257,4.7978,1.0,0.6,0.8,0.6,-1.0156,-4.8319
event,GBPUSD,M15,NFP,up,0830_data,dn,ALL,ALL,28,-0.3781,0.3361,1.0952,0.0644,0.3571,0.5,0.6071,0.5,-3.1441,-14.8116
event,GBPUSD,M15,NFP,down,0830_data,up,ALL,ALL,25,-0.1452,-0.6405,-1.5569,-1.4023,0.44,0.36,0.36,0.32,-5.4965,-17.9755
event,GBPUSD,M15,NFP,up,0830_data,dn,ALL,bear,21,-0.1884,1.0569,1.2647,0.3436,0.4286,0.5714,0.619,0.5238,-2.7835,-14.8116
event,GBPUSD,M15,NFP,big_up,0830_data,dn,ALL,ALL,19,-0.2063,-0.4651,-0.3144,4.2715,0.4737,0.4211,0.4737,0.5263,-5.6957,-20.3183
event,GBPUSD,M15,NFP,big_down,0830_data,up,ALL,ALL,16,0.3933,-0.0357,0.5409,-2.3823,0.625,0.4375,0.5625,0.375,-5.804,-14.8469
event,GBPUSD,M15,NFP,big_down,0830_data,dn,ALL,ALL,14,-0.393,-0.7019,-1.38,-2.262,0.3571,0.3571,0.2857,0.4286,-8.4,-19.9257
event,GBPUSD,M15,NFP,up,0830_data,up,ALL,ALL,14,0.0931,-1.0716,0.5406,2.036,0.5714,0.2143,0.5714,0.6429,-2.9938,-10.2967
event,GBPUSD,M15,NFP,down,0830_data,up,ALL,bull,13,-0.2971,0.5194,-1.0172,-2.1199,0.4615,0.5385,0.3846,0.1538,-5.4262,-17.9755
event,GBPUSD,M15,NFP,down,0830_data,dn,ALL,ALL,12,0.6564,0.1279,0.607,-0.8189,0.5833,0.5,0.5833,0.4167,-3.3209,-12.1225
event,GBPUSD,M15,NFP,big_down,0830_data,dn,ALL,bear,12,-0.0477,-0.1152,-1.2259,-0.2736,0.4167,0.4167,0.3333,0.5,-6.6713,-19.9257
event,GBPUSD,M15,NFP,down,0830_data,up,ALL,bear,12,-0.0786,-1.7975,-2.2935,-0.3615,0.4167,0.1667,0.3333,0.5,-7.2116,-13.576
event,GBPUSD,M15,NFP,big_up,0830_data,dn,ALL,bull,11,0.1277,-0.3865,-0.3144,4.5977,0.5455,0.4545,0.4545,0.6364,-3.267,-20.3183
event,GBPUSD,M15,NFP,big_down,0830_data,up,ALL,bear,9,1.9055,1.2338,1.9909,-2.8389,0.6667,0.6667,0.7778,0.4444,-5.3738,-12.9993
event,GBPUSD,M15,NFP,big_up,0830_data,dn,ALL,bear,8,-1.5074,-0.7779,-0.2296,-1.7924,0.375,0.375,0.5,0.375,-6.1218,-8.8214
event,GBPUSD,M15,NFP,down,0830_data,dn,ALL,bull,8,0.6564,0.0713,0.607,1.58,0.625,0.5,0.625,0.5,-2.5096,-10.9065
event,GBPUSD,M15,NFP,up,0830_data,up,ALL,bear,8,-0.2322,-1.8085,-1.3219,-3.2998,0.5,0.125,0.375,0.375,-5.2517,-10.2967
event,GBPUSD,M15,NFP,big_down,0830_data,up,ALL,bull,7,0.1427,-1.0288,-2.6718,-1.9258,0.5714,0.1429,0.2857,0.2857,-6.2341,-14.8469
event,GBPUSD,M15,NFP,up,0830_data,dn,ALL,bull,7,-0.4964,-0.2275,0.8886,-0.7756,0.1429,0.2857,0.5714,0.4286,-3.3573,-12.1543
event,GBPUSD,M15,NFP,big_up,0830_data,up,ALL,ALL,6,-0.5487,0.473,-0.6608,0.3895,0.1667,0.5,0.5,0.5,-4.6628,-15.3114
event,GBPUSD,M15,NFP,up,0830_data,up,ALL,bull,6,0.3638,-0.2865,1.0369,5.3282,0.6667,0.3333,0.8333,1.0,-2.3328,-3.3359
event,GBPUSD,M15,NFP,big_up,0830_data,up,ALL,bear,5,-0.6282,1.5261,2.681,1.6899,0.2,0.6,0.6,0.6,-2.1035,-15.3114
event,GBPUSD,M15,OTHER,big_down,other,dn,ALL,ALL,29,0.0251,0.6849,1.3849,1.397,0.5172,0.5517,0.6552,0.6207,-3.4219,-10.9824
event,GBPUSD,M15,OTHER,big_down,other,up,ALL,ALL,22,0.333,0.5497,0.027,-0.9761,0.6818,0.5455,0.5,0.4545,-4.2534,-14.8232
event,GBPUSD,M15,OTHER,big_up,other,dn,ALL,ALL,20,-0.1039,-0.5213,-2.2266,-0.9,0.3,0.25,0.25,0.4,-5.5302,-16.4589
event,GBPUSD,M15,OTHER,big_up,eu_session,up,ALL,ALL,18,-0.3265,-0.3375,-0.1789,1.3977,0.3889,0.4444,0.3889,0.5556,-5.2195,-13.0731
event,GBPUSD,M15,OTHER,big_down,other,dn,ALL,bull,17,0.0,1.0522,1.8456,1.397,0.4706,0.6471,0.7647,0.6471,-2.5307,-8.9809
event,GBPUSD,M15,OTHER,big_down,other,up,ALL,bear,14,0.2383,-0.1699,-0.3724,0.5231,0.6429,0.4286,0.4286,0.5,-5.283,-14.8232
event,GBPUSD,M15,OTHER,down,eu_session,dn,ALL,ALL,13,-0.1176,-0.5082,1.5228,0.3807,0.3846,0.4615,0.7692,0.5385,-4.1145,-15.9773
event,GBPUSD,M15,OTHER,big_down,eu_session,dn,ALL,bear,12,0.1832,-0.0602,0.2208,2.3529,0.5833,0.4167,0.5,0.5833,-4.3925,-10.9824
event,GBPUSD,M15,OTHER,big_up,other,dn,ALL,bear,11,-0.077,-0.3937,-1.1126,-0.2628,0.2727,0.1818,0.1818,0.4545,-4.3949,-11.6727
event,GBPUSD,M15,OTHER,big_up,eu_session,up,ALL,bear,11,-0.5342,0.2499,0.1005,1.2758,0.3636,0.5455,0.5455,0.5455,-5.6986,-10.7023
event,GBPUSD,M15,OTHER,down,eu_session,up,ALL,ALL,10,0.417,-0.9893,-2.56,-7.8279,0.6,0.3,0.0,0.2,-11.8618,-15.478
event,GBPUSD,M15,OTHER,up,eu_session,up,ALL,ALL,9,-0.7692,-0.8863,1.4415,-0.5156,0.1111,0.3333,0.7778,0.4444,-3.8462,-17.2783
event,GBPUSD,M15,OTHER,big_up,other,dn,ALL,bull,9,-0.5396,-1.1845,-2.4281,-6.1364,0.3333,0.3333,0.3333,0.3333,-6.4952,-16.4589
event,GBPUSD,M15,OTHER,big_down,other,up,ALL,bull,8,0.8735,1.101,0.4317,-1.4669,0.75,0.75,0.625,0.375,-3.4505,-9.7393
event,GBPUSD,M15,OTHER,down,eu_session,dn,ALL,bear,8,-0.1451,-0.1923,2.8331,0.2592,0.375,0.5,0.875,0.5,-4.0788,-15.9773
event,GBPUSD,M15,OTHER,up,eu_session,dn,ALL,ALL,7,-1.0537,-2.125,-0.0487,7.7348,0.2857,0.1429,0.4286,0.5714,-4.9236,-11.8825
event,GBPUSD,M15,OTHER,big_up,other,up,ALL,bull,7,-0.3098,-0.4193,-2.1685,1.5196,0.4286,0.2857,0.1429,0.5714,-5.1961,-13.0731
event,GBPUSD,M15,OTHER,up,eu_session,up,ALL,bull,7,-0.7692,-0.8863,1.4415,0.3128,0.1429,0.2857,0.8571,0.5714,-3.599,-5.7577
event,GBPUSD,M15,OTHER,down,eu_session,dn,ALL,bull,5,0.0,-0.5769,0.5234,0.3807,0.4,0.4,0.6,0.6,-8.0769,-14.8512
event,GBPUSD,M15,OTHER,down,eu_session,up,ALL,bear,5,0.607,1.5175,-0.8274,-3.5637,0.8,0.6,0.0,0.4,-6.9114,-15.478
event,GBPUSD,M15,OTHER,down,eu_session,up,ALL,bull,5,0.0,-1.6695,-3.4532,-11.5873,0.4,0.0,0.0,0.0,-13.5417,-14.9577
event,GBPUSD,M15,OTHER,up,eu_session,dn,ALL,bear,5,-1.0537,-2.125,2.0197,8.0787,0.2,0.2,0.6,0.6,-3.53,-11.8825
event,GBPUSD,M15,PCE_MM,big_down,0830_data,up,ALL,ALL,8,0.3857,1.4726,0.7556,-3.7292,0.625,0.625,0.5,0.125,-6.4468,-18.523
event,GBPUSD,M15,PCE_MM,big_up,0830_data,dn,ALL,ALL,5,-0.0142,0.4922,-1.3094,-3.5689,0.4,0.8,0.4,0.4,-6.8598,-10.3653
event,GBPUSD,M15,PMI_FLASH,up,other,dn,ALL,ALL,27,0.1969,0.9556,1.0212,0.1719,0.5926,0.7407,0.6667,0.5185,-3.1878,-16.6435
event,GBPUSD,M15,PMI_FLASH,down,other,up,ALL,ALL,25,0.4129,0.0108,-0.1761,0.6732,0.64,0.52,0.48,0.56,-4.99,-15.5997
event,GBPUSD,M15,PMI_FLASH,down,eu_session,dn,ALL,ALL,23,0.3648,0.613,0.2458,-1.3787,0.6522,0.6087,0.6087,0.3913,-6.3394,-10.9432
event,GBPUSD,M15,PMI_FLASH,up,eu_session,up,ALL,ALL,21,0.5178,-0.4373,-0.6288,-0.5993,0.7143,0.4762,0.381,0.381,-4.702,-16.4567
event,GBPUSD,M15,PMI_FLASH,down,eu_session,up,ALL,bear,17,0.2475,-0.5459,-0.3762,4.0707,0.5294,0.4706,0.4118,0.6471,-4.99,-12.6808
event,GBPUSD,M15,PMI_FLASH,up,other,dn,ALL,bear,15,-0.8421,0.8505,0.4571,-2.8033,0.4667,0.6667,0.5333,0.4,-5.7846,-16.6435
event,GBPUSD,M15,PMI_FLASH,big_down,other,up,ALL,ALL,13,0.4776,-0.4931,-1.5333,-2.8108,0.6154,0.4615,0.2308,0.4615,-4.7076,-20.0323
event,GBPUSD,M15,PMI_FLASH,big_up,other,dn,ALL,ALL,12,-0.0798,0.0974,0.2907,-0.5333,0.5,0.5,0.6667,0.5,-4.5604,-14.1909
event,GBPUSD,M15,PMI_FLASH,down,eu_session,dn,ALL,bear,12,0.3784,0.719,0.1433,-2.639,0.75,0.5833,0.5833,0.1667,-7.5746,-10.9432
event,GBPUSD,M15,PMI_FLASH,up,other,dn,ALL,bull,12,0.2187,1.1543,1.6972,1.7234,0.75,0.8333,0.8333,0.6667,-2.1222,-8.1785
event,GBPUSD,M15,PMI_FLASH,down,eu_session,dn,ALL,bull,11,0.2405,0.492,0.4449,1.688,0.5455,0.6364,0.6364,0.6364,-5.0459,-10.0796
event,GBPUSD,M15,PMI_FLASH,up,eu_session,up,ALL,bear,11,0.543,-0.8555,-0.6288,-3.0781,0.6364,0.3636,0.3636,0.4545,-5.8338,-15.5
event,GBPUSD,M15,PMI_FLASH,up,eu_session,up,ALL,bull,10,0.4823,0.2178,-1.0952,-0.5993,0.8,0.6,0.4,0.3,-4.6834,-16.4567
event,GBPUSD,M15,PMI_FLASH,big_up,other,up,ALL,ALL,8,0.775,0.438,-0.368,-0.4509,1.0,0.75,0.375,0.5,-4.8442,-20.0323
event,GBPUSD,M15,PMI_FLASH,down,other,up,ALL,bull,8,0.4519,1.2849,0.7553,-1.5372,0.875,0.625,0.625,0.375,-5.2774,-15.5997
event,GBPUSD,M15,PMI_FLASH,big_down,other,up,ALL,bull,7,0.4908,-0.5624,-2.0406,2.2074,0.5714,0.2857,0.2857,0.7143,-3.5699,-20.0323
event,GBPUSD,M15,PMI_FLASH,big_down,eu_session,up,ALL,bear,6,0.4776,0.2437,-0.7168,-3.2797,0.6667,0.6667,0.1667,0.1667,-4.7076,-6.2626
event,GBPUSD,M15,PMI_FLASH,big_up,other,dn,ALL,bear,6,-0.2213,0.2595,0.2907,-3.8355,0.5,0.5,0.6667,0.3333,-5.6159,-14.1909
event,GBPUSD,M15,PMI_FLASH,big_up,other,dn,ALL,bull,6,-0.0798,-0.317,0.8518,0.4505,0.5,0.5,0.6667,0.6667,-3.9158,-9.6963
event,GBPUSD,M15,PMI_FLASH,big_down,other,dn,ALL,ALL,5,0.3151,1.1717,0.1243,-1.4179,0.6,0.8,0.6,0.4,-3.781,-7.1897
event,GBPUSD,M15,PMI_FLASH,big_up,eu_session,up,ALL,bear,5,0.7138,1.0707,3.6431,-3.0781,1.0,1.0,0.6,0.4,-5.8408,-8.9735
event,GBPUSD,M15,PPI_MM,down,0830_data,up,ALL,ALL,53,0.076,0.1992,-1.1757,-0.4843,0.5472,0.5283,0.3774,0.4717,-4.956,-20.5999
event,GBPUSD,M15,PPI_MM,up,0830_data,dn,ALL,ALL,32,0.5683,0.7015,0.1085,2.2379,0.6562,0.7188,0.5,0.5938,-3.891,-12.2182
event,GBPUSD,M15,PPI_MM,up,0830_data,up,ALL,ALL,32,0.0981,0.403,2.4324,2.5944,0.5938,0.5938,0.6875,0.6562,-2.7011,-26.9003
event,GBPUSD,M15,PPI_MM,down,0830_data,up,ALL,bear,32,-0.2334,-0.2223,-1.307,-1.1392,0.4375,0.4688,0.3438,0.4375,-5.2919,-20.5999
event,GBPUSD,M15,PPI_MM,big_up,0830_data,dn,ALL,ALL,21,-0.3995,-0.0316,-0.1332,0.6781,0.381,0.4762,0.4762,0.5714,-4.7491,-21.9509
event,GBPUSD,M15,PPI_MM,down,0830_data,dn,ALL,ALL,21,-0.4974,-0.1214,0.5029,0.2885,0.2857,0.4286,0.5238,0.5238,-3.5371,-17.9043
event,GBPUSD,M15,PPI_MM,down,0830_data,up,ALL,bull,21,0.1387,0.2088,-1.0564,0.3745,0.7143,0.619,0.4286,0.5238,-4.042,-16.5799
event,GBPUSD,M15,PPI_MM,up,0830_data,up,ALL,bull,20,0.3224,0.403,1.2753,1.5127,0.65,0.6,0.65,0.55,-4.3378,-26.9003
event,GBPUSD,M15,PPI_MM,big_down,0830_data,up,ALL,ALL,17,-0.0219,-0.3497,-0.6949,-1.6425,0.4118,0.4706,0.3529,0.2941,-6.2368,-15.8922
event,GBPUSD,M15,PPI_MM,up,0830_data,dn,ALL,bear,17,0.6184,0.9395,-0.3867,4.9622,0.6471,0.7647,0.4706,0.7059,-1.7001,-12.2182
event,GBPUSD,M15,PPI_MM,big_up,0830_data,dn,ALL,bear,15,-0.3995,-0.9737,-1.0378,0.7692,0.3333,0.3333,0.4,0.6,-4.7491,-10.9707
event,GBPUSD,M15,PPI_MM,up,0830_data,dn,ALL,bull,15,0.5036,0.6983,0.2507,-1.1843,0.6667,0.6667,0.5333,0.4667,-5.4016,-10.9968
event,GBPUSD,M15,PPI_MM,down,0830_data,dn,ALL,bull,14,-0.6352,0.0081,0.6238,0.6394,0.2857,0.5,0.5714,0.5714,-3.1721,-10.6608
event,GBPUSD,M15,PPI_MM,up,0830_data,up,ALL,bear,12,-0.1055,0.4134,4.5791,4.2149,0.5,0.5833,0.75,0.8333,-1.8344,-17.2048
event,GBPUSD,M15,PPI_MM,big_down,0830_data,up,ALL,bull,10,0.5211,-0.1353,-0.8083,-1.6425,0.5,0.5,0.2,0.4,-3.3481,-15.8922
event,GBPUSD,M15,PPI_MM,big_down,0830_data,dn,ALL,ALL,9,-0.2141,-0.2291,0.7447,2.4653,0.3333,0.3333,0.6667,0.6667,-2.8071,-8.6483
event,GBPUSD,M15,PPI_MM,big_up,0830_data,up,ALL,ALL,8,-0.1962,-0.4982,-2.7026,3.6921,0.375,0.375,0.25,0.75,-7.1335,-10.4682
event,GBPUSD,M15,PPI_MM,big_down,0830_data,dn,ALL,bull,8,-0.4927,-0.1992,1.544,2.0053,0.375,0.375,0.625,0.625,-3.2654,-8.6483
event,GBPUSD,M15,PPI_MM,big_down,0830_data,up,ALL,bear,7,-0.7657,-0.5404,0.2643,-0.6944,0.2857,0.4286,0.5714,0.1429,-8.5063,-15.1736
event,GBPUSD,M15,PPI_MM,down,0830_data,dn,ALL,bear,7,-0.2733,-0.2048,-1.4161,-0.424,0.2857,0.2857,0.4286,0.4286,-3.724,-17.9043
event,GBPUSD,M15,PPI_MM,big_up,0830_data,dn,ALL,bull,6,-0.3354,0.7515,2.4095,-3.0866,0.5,0.8333,0.6667,0.5,-4.7463,-21.9509
event,GBPUSD,M15,PPI_MM,big_up,0830_data,up,ALL,bull,5,-0.0732,0.8362,-2.4855,1.788,0.4,0.6,0.4,0.6,-7.7584,-10.4682
event,GBPUSD,M15,RETAIL,down,0830_data,up,ALL,ALL,81,0.1442,0.079,-1.0156,-0.3949,0.5926,0.5432,0.3951,0.4691,-4.8796,-26.9003
event,GBPUSD,M15,RETAIL,up,0830_data,dn,ALL,ALL,73,0.0882,0.0114,-0.1777,-1.6724,0.5479,0.5205,0.4384,0.3973,-5.6786,-24.6845
event,GBPUSD,M15,RETAIL,up,0830_data,up,ALL,ALL,71,0.0695,0.0634,0.7806,0.2555,0.5211,0.5211,0.5493,0.5211,-4.2344,-37.8514
event,GBPUSD,M15,RETAIL,down,0830_data,dn,ALL,ALL,67,-0.0744,0.2732,0.9683,0.9741,0.4925,0.5821,0.6269,0.597,-3.847,-22.8776
event,GBPUSD,M15,RETAIL,down,0830_data,up,ALL,bull,44,0.2117,0.0396,-0.4434,-0.0038,0.6136,0.5,0.4545,0.5,-5.7721,-26.9003
event,GBPUSD,M15,RETAIL,up,0830_data,up,ALL,bull,44,0.1101,0.1095,1.4019,0.3694,0.5682,0.5227,0.5909,0.5455,-3.9302,-37.8514
event,GBPUSD,M15,RETAIL,big_down,0830_data,dn,ALL,ALL,38,-0.0251,0.2709,-0.4206,-0.7063,0.5,0.5263,0.5,0.5,-4.7814,-20.9964
event,GBPUSD,M15,RETAIL,up,0830_data,dn,ALL,bear,38,-0.2999,-0.4789,-0.4318,-2.313,0.4211,0.4474,0.4211,0.3158,-4.9921,-15.4581
event,GBPUSD,M15,RETAIL,down,0830_data,up,ALL,bear,37,0.1006,0.079,-1.603,-1.398,0.5676,0.5946,0.3243,0.4324,-4.551,-15.1736
event,GBPUSD,M15,RETAIL,down,0830_data,dn,ALL,bear,36,-0.1347,0.4218,1.3469,1.214,0.4444,0.6389,0.6667,0.6667,-3.8,-17.9219
event,GBPUSD,M15,RETAIL,up,0830_data,dn,ALL,bull,35,0.5263,0.3435,-0.0412,-0.1511,0.6857,0.6,0.4571,0.4857,-5.6825,-24.6845
event,GBPUSD,M15,RETAIL,big_up,eu_session,up,ALL,ALL,33,-0.4731,-0.8659,0.2488,0.4988,0.2121,0.3333,0.5152,0.5758,-5.5477,-16.8886
event,GBPUSD,M15,RETAIL,big_up,0830_data,dn,ALL,ALL,32,0.5447,0.9666,1.6089,1.2897,0.5938,0.7188,0.7812,0.5938,-2.8645,-13.6235
event,GBPUSD,M15,RETAIL,big_down,0830_data,up,ALL,ALL,31,0.1991,-0.3664,0.6517,-0.1155,0.5484,0.4194,0.5806,0.4839,-5.1773,-15.8451
event,GBPUSD,M15,RETAIL,down,0830_data,dn,ALL,bull,31,0.0693,0.0615,0.8936,0.2946,0.5484,0.5161,0.5806,0.5161,-4.1677,-22.8776
event,GBPUSD,M15,RETAIL,up,0830_data,up,ALL,bear,27,-0.0872,0.0634,-0.0666,-0.2288,0.4444,0.5185,0.4815,0.4815,-4.2344,-21.3953
event,GBPUSD,M15,RETAIL,big_up,eu_session,up,ALL,bull,23,-0.3018,-0.8659,-0.0568,0.4988,0.2174,0.2609,0.4783,0.5652,-6.5476,-16.8886
event,GBPUSD,M15,RETAIL,big_up,0830_data,dn,ALL,bear,22,0.4662,0.8872,1.521,0.2781,0.5909,0.6818,0.8182,0.5,-3.7391,-13.6235
event,GBPUSD,M15,RETAIL,big_down,0830_data,dn,ALL,bull,21,-0.1094,0.4522,0.4417,-2.1168,0.4762,0.5238,0.5238,0.4762,-4.4397,-20.9964
event,GBPUSD,M15,RETAIL,big_down,0830_data,up,ALL,bear,18,-0.2399,-0.8368,-1.0801,0.1348,0.2778,0.2222,0.5,0.5,-4.4963,-15.1736
event,GBPUSD,M15,RETAIL,big_down,0830_data,dn,ALL,bear,17,0.0898,0.0896,-1.2496,0.2709,0.5294,0.5294,0.4706,0.5294,-6.13,-17.4357
event,GBPUSD,M15,RETAIL,big_down,0830_data,up,ALL,bull,13,1.0096,0.524,2.021,-0.1155,0.9231,0.6923,0.6923,0.4615,-5.9196,-15.8451
event,GBPUSD,M15,RETAIL,big_up,0830_data,dn,ALL,bull,10,0.7972,1.187,1.6089,2.8465,0.6,0.8,0.7,0.8,-2.5181,-7.152
event,GBPUSD,M15,RETAIL,big_up,eu_session,up,ALL,bear,10,-0.6458,-0.1085,1.0062,2.083,0.2,0.5,0.6,0.6,-4.0399,-13.237
event,GBPUSD,M15,TRADE,big_up,0830_data,up,ALL,ALL,12,-0.1795,-0.3667,-0.8896,-2.8056,0.3333,0.3333,0.3333,0.25,-5.1512,-13.1783
event,GBPUSD,M15,TRADE,down,0830_data,up,ALL,ALL,12,0.0726,-0.259,-1.8864,-0.1062,0.5,0.4167,0.3333,0.5,-5.0577,-16.3576
event,GBPUSD,M15,TRADE,up,0830_data,up,ALL,ALL,12,0.2246,0.0694,-0.1238,0.6733,0.5833,0.5,0.5,0.5,-4.3668,-21.2571
event,GBPUSD,M15,TRADE,big_down,0830_data,dn,ALL,ALL,10,0.0461,0.3699,0.9612,2.7475,0.5,0.8,0.7,0.7,-1.7073,-9.1497
event,GBPUSD,M15,TRADE,up,0830_data,dn,ALL,ALL,8,-0.2586,0.2381,2.354,3.421,0.375,0.5,0.75,0.625,-1.6377,-11.1888
event,GBPUSD,M15,TRADE,big_up,0830_data,up,ALL,bear,8,0.0153,-0.2047,-1.3001,-2.8056,0.5,0.375,0.25,0.125,-4.6865,-13.1783
event,GBPUSD,M15,TRADE,big_down,0830_data,up,ALL,ALL,7,-0.2249,-0.8756,2.4183,2.7715,0.2857,0.1429,0.7143,0.7143,-2.3939,-5.8752
event,GBPUSD,M15,TRADE,down,0830_data,up,ALL,bull,7,0.1453,-0.1825,-1.1727,1.7273,0.5714,0.4286,0.4286,0.5714,-5.1678,-16.3576
event,GBPUSD,M15,TRADE,up,0830_data,up,ALL,bear,7,0.1532,-0.017,-0.9708,-3.6354,0.5714,0.4286,0.4286,0.2857,-7.0515,-21.2571
event,GBPUSD,M15,TRADE,big_up,0830_data,dn,ALL,ALL,6,-0.3426,-0.56,-0.2843,1.7119,0.3333,0.5,0.5,0.6667,-5.1508,-15.4814
event,GBPUSD,M15,TRADE,big_down,0830_data,dn,ALL,bear,6,0.0461,0.1518,0.9612,0.7838,0.5,0.6667,0.8333,0.6667,-1.6001,-9.1497
event,GBPUSD,M15,TRADE,down,0830_data,dn,ALL,ALL,5,-0.1261,0.0092,2.7112,8.3536,0.2,0.6,1.0,0.8,-2.6358,-5.4855
event,GBPUSD,M15,TRADE,big_up,0830_data,dn,ALL,bull,5,-0.33,0.1301,0.071,3.1353,0.4,0.6,0.6,0.8,-4.9038,-15.4814
event,GBPUSD,M15,TRADE,down,0830_data,up,ALL,bear,5,0.0,-0.389,-2.0373,-1.606,0.4,0.4,0.2,0.4,-4.9476,-8.468
event,GBPUSD,M15,TRADE,up,0830_data,dn,ALL,bear,5,-0.2374,-0.0134,2.2334,4.5365,0.4,0.4,0.8,0.8,-1.2968,-9.6391
event,GBPUSD,M15,TRADE,up,0830_data,up,ALL,bull,5,0.6233,0.6731,3.7146,2.3362,0.6,0.6,0.6,0.8,-0.8154,-9.8222
event,GBPUSD,M15,UNRATE,down,0830_data,dn,ALL,ALL,25,-0.5766,-0.1859,-0.3144,-3.1764,0.28,0.4,0.44,0.36,-5.6238,-20.3183
event,GBPUSD,M15,UNRATE,down,0830_data,up,ALL,ALL,22,-0.2024,-0.5139,-0.1346,0.1598,0.4091,0.3182,0.5,0.5,-4.5437,-12.9993
event,GBPUSD,M15,UNRATE,up,0830_data,dn,ALL,ALL,21,-0.062,-0.8591,0.7571,-0.566,0.4286,0.3333,0.5714,0.4286,-3.6404,-13.5271
event,GBPUSD,M15,UNRATE,big_down,0830_data,dn,ALL,ALL,20,-0.3113,0.9002,0.2964,3.2879,0.4,0.7,0.6,0.6,-3.1894,-14.5178
event,GBPUSD,M15,UNRATE,up,0830_data,up,ALL,ALL,18,-0.2851,-0.4694,1.2291,-0.7394,0.4444,0.4444,0.5556,0.4444,-4.5331,-14.8326
event,GBPUSD,M15,UNRATE,big_down,0830_data,up,ALL,ALL,16,0.8092,0.2274,1.966,4.0294,0.6875,0.5625,0.75,0.625,-2.3909,-28.0266
event,GBPUSD,M15,UNRATE,down,0830_data,dn,ALL,bear,16,-0.636,-0.0144,0.458,-0.8539,0.25,0.5,0.5,0.4375,-3.4938,-19.9257
event,GBPUSD,M15,UNRATE,down,0830_data,up,ALL,bear,14,-0.0786,-0.9782,-1.0305,0.9241,0.4286,0.2143,0.4286,0.5714,-5.0033,-12.9993
event,GBPUSD,M15,UNRATE,up,0830_data,dn,ALL,bear,14,-0.0457,-0.9511,0.0209,-0.9846,0.4286,0.2857,0.5,0.3571,-3.9997,-12.8722
event,GBPUSD,M15,UNRATE,up,0830_data,up,ALL,bear,14,0.4067,-0.7081,1.9459,0.2333,0.5714,0.4286,0.7143,0.5,-3.9928,-14.8326
event,GBPUSD,M15,UNRATE,big_down,0830_data,dn,ALL,bear,10,-0.5758,1.044,-0.1209,-1.833,0.3,0.8,0.5,0.4,-3.9854,-14.5178
event,GBPUSD,M15,UNRATE,big_down,0830_data,dn,ALL,bull,10,-0.0278,0.5678,0.2964,4.4434,0.5,0.6,0.7,0.8,-2.062,-10.597
event,GBPUSD,M15,UNRATE,big_down,0830_data,up,ALL,bull,9,0.4469,-0.9562,1.941,3.9826,0.5556,0.3333,0.7778,0.6667,-2.3242,-28.0266
event,GBPUSD,M15,UNRATE,down,0830_data,dn,ALL,bull,9,-0.5766,-1.501,-0.3144,-3.6446,0.3333,0.2222,0.3333,0.2222,-8.4,-20.3183
event,GBPUSD,M15,UNRATE,big_up,0830_data,dn,ALL,ALL,8,0.3407,-0.1056,-0.9528,-3.0757,0.75,0.5,0.25,0.375,-6.6213,-21.8182
event,GBPUSD,M15,UNRATE,big_up,0830_data,up,ALL,ALL,8,-0.5814,-0.1447,-2.4548,-2.266,0.375,0.375,0.375,0.25,-5.0788,-22.7583
event,GBPUSD,M15,UNRATE,down,0830_data,up,ALL,bull,8,-0.3937,0.4162,1.8795,-0.5758,0.375,0.5,0.625,0.375,-4.0951,-9.0037
event,GBPUSD,M15,UNRATE,big_down,0830_data,up,ALL,bear,7,1.7907,2.6316,1.9909,4.1426,0.8571,0.8571,0.7143,0.5714,-2.4576,-12.7258
event,GBPUSD,M15,UNRATE,up,0830_data,dn,ALL,bull,7,-0.3681,-0.0276,0.8886,3.7777,0.4286,0.4286,0.7143,0.5714,-1.9406,-13.5271
event,GBPUSD,M15,UNRATE,big_up,0830_data,dn,ALL,bull,5,0.7576,1.3344,-3.4848,-4.7096,0.8,0.8,0.2,0.4,-8.4772,-21.8182
event,GBPUSD,M15,UNRATE,big_up,0830_data,up,ALL,bull,5,0.1427,-0.0713,-2.8246,-1.9258,0.6,0.4,0.4,0.2,-5.4262,-22.7583
event,GBPUSD,M15,UOM,down,1000_data,up,ALL,ALL,24,-0.0598,0.2066,1.146,0.7865,0.5,0.625,0.625,0.625,-2.7927,-9.0495
event,GBPUSD,M15,UOM,big_down,1000_data,up,ALL,ALL,22,-0.2778,-0.9818,-0.7528,0.1042,0.3636,0.3182,0.4545,0.5,-3.5579,-11.186
event,GBPUSD,M15,UOM,up,1000_data,dn,ALL,ALL,22,-0.0951,0.6237,0.1415,1.6474,0.3636,0.5455,0.5,0.5909,-2.6685,-13.6659
event,GBPUSD,M15,UOM,big_down,1000_data,dn,ALL,ALL,13,0.1627,0.894,0.6803,-0.7945,0.6154,0.5385,0.6154,0.4615,-2.9603,-13.13
event,GBPUSD,M15,UOM,big_up,1000_data,up,ALL,ALL,13,-0.1332,-0.8166,-0.0577,1.2532,0.3846,0.3846,0.3846,0.6923,-2.8761,-7.4895
event,GBPUSD,M15,UOM,down,1000_data,dn,ALL,ALL,13,0.3743,0.5428,1.6285,-1.5134,0.6154,0.6923,0.6923,0.4615,-3.3239,-14.9988
event,GBPUSD,M15,UOM,down,1000_data,up,ALL,bear,13,0.2646,0.1204,1.6106,0.9484,0.6154,0.6154,0.7692,0.6154,-1.7914,-9.0495
event,GBPUSD,M15,UOM,up,1000_data,dn,ALL,bull,13,-0.1189,0.7564,0.601,1.7936,0.4615,0.5385,0.5385,0.5385,-2.6646,-8.6611
event,GBPUSD,M15,UOM,up,1000_data,up,ALL,ALL,12,0.0607,0.1907,-0.5488,0.147,0.5,0.5,0.5,0.5,-4.6335,-17.7705
event,GBPUSD,M15,UOM,big_down,1000_data,up,ALL,bull,12,-0.3065,-1.2514,-0.631,-2.0603,0.25,0.4167,0.5,0.3333,-3.723,-9.9967
event,GBPUSD,M15,UOM,down,1000_data,up,ALL,bull,11,-0.2786,0.2472,-0.3482,0.6246,0.3636,0.6364,0.4545,0.6364,-3.7166,-7.6651
event,GBPUSD,M15,UOM,big_up,1000_data,dn,ALL,ALL,10,0.2451,0.5925,0.1777,-2.0916,0.6,0.6,0.5,0.4,-3.0294,-16.3005
event,GBPUSD,M15,UOM,big_down,1000_data,up,ALL,bear,10,-0.1107,-0.9466,-0.7528,4.9719,0.5,0.2,0.4,0.7,-3.3704,-11.186
event,GBPUSD,M15,UOM,up,1000_data,dn,ALL,bear,9,-0.0712,0.4909,-0.1744,1.6382,0.2222,0.5556,0.4444,0.6667,-2.6725,-13.6659
event,GBPUSD,M15,UOM,big_down,1000_data,dn,ALL,bull,8,0.3186,0.1631,0.4703,-0.5533,0.75,0.5,0.625,0.5,-4.2353,-13.13
event,GBPUSD,M15,UOM,big_up,1000_data,dn,ALL,bull,7,0.3556,0.2403,0.7772,-1.5688,0.7143,0.5714,0.5714,0.4286,-2.7202,-16.3005
event,GBPUSD,M15,UOM,big_up,1000_data,up,ALL,bear,7,-0.1878,-0.8401,-0.0577,1.7477,0.4286,0.2857,0.4286,0.8571,-2.5309,-6.7829
event,GBPUSD,M15,UOM,down,1000_data,dn,ALL,bear,7,0.8348,1.2706,1.8218,-2.2711,0.8571,0.8571,0.7143,0.4286,-6.0766,-14.9988
event,GBPUSD,M15,UOM,big_up,1000_data,up,ALL,bull,6,-0.0783,-0.1149,-0.1609,0.0445,0.3333,0.5,0.3333,0.5,-3.7367,-7.4895
event,GBPUSD,M15,UOM,down,1000_data,dn,ALL,bull,6,-0.2862,-0.2,1.027,-0.6413,0.3333,0.5,0.6667,0.5,-2.4892,-6.3244
event,GBPUSD,M15,UOM,up,1000_data,up,ALL,bear,6,0.0046,0.9068,0.6635,5.7376,0.5,0.6667,0.6667,0.6667,-3.4294,-5.8565
event,GBPUSD,M15,UOM,up,1000_data,up,ALL,bull,6,0.1122,-0.9292,-3.5148,-3.8211,0.5,0.3333,0.3333,0.3333,-6.3657,-17.7705
event,GBPUSD,M15,UOM,big_down,1000_data,dn,ALL,bear,5,-0.285,0.894,1.7241,-0.7945,0.4,0.6,0.6,0.4,-2.9509,-11.4667
event,GER40,M15,AHE,down,0830_data,up,ALL,ALL,11,0.0,0.0131,-2.3341,-5.0829,0.4545,0.5455,0.2727,0.2727,-8.2649,-19.9291
event,GER40,M15,AHE,up,0830_data,up,ALL,ALL,11,-0.2047,1.2845,0.9313,-0.0415,0.4545,0.6364,0.5455,0.4545,-4.2689,-11.781
event,GER40,M15,AHE,up,0830_data,dn,ALL,ALL,7,-0.7745,-2.2129,-4.1009,-2.094,0.4286,0.2857,0.4286,0.4286,-6.6386,-11.5825
event,GER40,M15,AHE,down,0830_data,up,ALL,bear,6,-0.7051,-1.0568,-2.3716,-4.8398,0.1667,0.5,0.1667,0.1667,-8.9607,-19.9291
event,GER40,M15,AHE,up,0830_data,up,ALL,bull,6,-0.3669,1.929,1.6601,2.9619,0.1667,0.6667,0.5,0.6667,-3.6062,-11.781
event,GER40,M15,AHE,down,0830_data,dn,ALL,ALL,5,-0.2007,1.4332,0.8113,4.8522,0.2,0.6,0.6,0.6,-2.9257,-13.0161
event,GER40,M15,AHE,down,0830_data,up,ALL,bull,5,1.6115,0.353,-2.3199,-5.1717,0.8,0.6,0.4,0.4,-8.2649,-15.2787
event,GER40,M15,AHE,up,0830_data,up,ALL,bear,5,0.7926,1.0221,0.9313,-0.0421,0.8,0.6,0.6,0.2,-4.2689,-7.6328
event,GER40,M15,CONF,down,1000_data,dn,ALL,ALL,5,-1.0256,-1.2848,-0.157,-1.5495,0.0,0.0,0.4,0.4,-4.992,-8.9363
event,GER40,M15,CPI_FLASH,up,eu_session,dn,ALL,ALL,6,0.5277,0.9067,-2.0027,-7.2187,0.6667,0.6667,0.3333,0.3333,-8.8526,-13.0601
event,GER40,M15,CPI_MM,down,0830_data,up,ALL,ALL,24,0.0999,0.0458,0.7014,-2.8489,0.5417,0.5,0.5417,0.375,-5.9537,-17.7799
event,GER40,M15,CPI_MM,down,0830_data,up,ALL,bull,19,0.1355,0.4138,1.3138,-3.5445,0.6316,0.5789,0.6316,0.3684,-6.6819,-17.7799
event,GER40,M15,CPI_MM,up,0830_data,dn,ALL,ALL,13,0.8181,1.0484,0.949,-1.6723,0.8462,0.5385,0.5385,0.3846,-4.9221,-36.2055
event,GER40,M15,CPI_MM,big_up,0830_data,dn,ALL,ALL,9,-0.569,1.4936,-5.192,4.865,0.4444,0.5556,0.3333,0.5556,-6.5486,-36.2055
event,GER40,M15,CPI_MM,big_down,0830_data,up,ALL,ALL,8,-0.44,-0.5253,1.1805,1.1949,0.25,0.25,0.625,0.625,-3.04,-14.1003
event,GER40,M15,CPI_MM,big_up,0830_data,dn,ALL,bull,8,-0.569,-0.5569,-5.1983,0.1304,0.375,0.5,0.25,0.5,-8.1265,-36.2055
event,GER40,M15,CPI_MM,up,0830_data,dn,ALL,bull,8,0.717,0.3757,0.0713,-3.1383,0.75,0.5,0.5,0.25,-6.0236,-36.2055
event,GER40,M15,CPI_MM,up,0830_data,up,ALL,ALL,6,0.4805,-0.2387,0.9073,4.787,0.6667,0.5,0.6667,0.6667,-4.9627,-16.4226
event,GER40,M15,CPI_MM,down,0830_data,up,ALL,bear,5,-1.1596,-0.4674,-1.1645,-2.1461,0.2,0.2,0.2,0.4,-3.0948,-14.1003
event,GER40,M15,CPI_MM,up,0830_data,dn,ALL,bear,5,1.5878,1.2097,1.8524,3.2267,1.0,0.6,0.6,0.6,-4.9221,-5.896
event,GER40,M15,CPI_MM,up,0830_data,up,ALL,bear,5,0.5733,1.326,0.0217,1.4633,0.8,0.6,0.6,0.6,-5.4227,-16.4226
event,GER40,M15,CPI_YY,down,0830_data,up,ALL,ALL,25,0.0962,-0.2971,-1.1199,-2.1461,0.52,0.36,0.44,0.44,-5.4496,-17.7799
event,GER40,M15,CPI_YY,down,0830_data,up,ALL,bull,17,0.2127,0.4138,1.3138,-1.2474,0.6471,0.5294,0.5882,0.4706,-5.4496,-17.7799
event,GER40,M15,CPI_YY,big_up,0830_data,dn,ALL,ALL,12,1.7097,-0.3066,1.3515,-1.1312,0.75,0.4167,0.5833,0.4167,-5.7354,-36.2055
event,GER40,M15,CPI_YY,up,0830_data,dn,ALL,ALL,11,0.8181,1.4936,0.8507,-0.0396,0.7273,0.5455,0.5455,0.4545,-5.896,-36.2055
event,GER40,M15,CPI_YY,up,0830_data,up,ALL,ALL,10,0.4662,-1.5057,1.2919,6.2118,0.6,0.3,0.6,0.9,-3.829,-6.19
event,GER40,M15,CPI_YY,big_up,0830_data,dn,ALL,bull,9,1.9068,-2.6075,-5.192,-0.0396,0.6667,0.2222,0.4444,0.4444,-6.5486,-36.2055
event,GER40,M15,CPI_YY,big_down,0830_data,up,ALL,ALL,8,-0.2212,-0.5253,1.8714,4.443,0.375,0.375,0.75,0.75,-2.4503,-9.4924
event,GER40,M15,CPI_YY,down,0830_data,up,ALL,bear,8,-0.9991,-2.008,-1.6228,-2.5455,0.25,0.0,0.125,0.375,-4.8322,-16.4226
event,GER40,M15,CPI_YY,up,0830_data,dn,ALL,bull,8,0.4577,1.4936,0.8998,-6.2827,0.625,0.625,0.625,0.25,-7.3809,-36.2055
event,GER40,M15,CPI_YY,up,0830_data,up,ALL,bear,5,0.5445,-1.8034,-2.0811,1.4633,0.8,0.2,0.2,0.8,-4.5026,-6.19
event,GER40,M15,CPI_YY,up,0830_data,up,ALL,bull,5,-0.6589,-1.2079,4.6031,8.5549,0.4,0.4,1.0,1.0,-1.8668,-4.1835
event,GER40,M15,GDP,down,0830_data,up,ALL,ALL,6,0.2876,-0.0524,0.5748,1.7862,0.8333,0.5,0.5,0.8333,-2.2588,-18.8984
event,GER40,M15,GDP,up,0830_data,up,ALL,ALL,6,0.328,-0.4802,0.111,-0.6299,0.6667,0.3333,0.5,0.5,-5.4629,-12.92
event,GER40,M15,GDP,down,0830_data,dn,ALL,ALL,5,0.8049,0.8448,-2.2974,0.6411,1.0,0.8,0.0,0.6,-6.4922,-24.4099
event,GER40,M15,ISM_MFG,down,1000_data,up,ALL,ALL,12,0.1738,0.1909,0.0952,0.8014,0.5833,0.5833,0.5833,0.5,-2.8049,-17.6914
event,GER40,M15,ISM_MFG,down,1000_data,up,ALL,bull,9,0.0716,0.184,0.1404,-1.4313,0.5556,0.5556,0.6667,0.3333,-3.3537,-17.6914
event,GER40,M15,ISM_MFG,down,1000_data,dn,ALL,ALL,7,-0.0566,-0.3276,-1.0181,0.0772,0.4286,0.4286,0.1429,0.5714,-5.1258,-20.2098
event,GER40,M15,ISM_MFG,up,1000_data,dn,ALL,ALL,6,-0.3085,0.0453,-0.0272,-4.7223,0.5,0.5,0.5,0.3333,-6.2452,-17.2293
event,GER40,M15,ISM_MFG,up,1000_data,up,ALL,ALL,5,-0.462,-0.0789,0.0563,-2.9472,0.2,0.2,0.6,0.4,-4.2782,-18.5356
event,GER40,M15,ISM_MFG,down,1000_data,dn,ALL,bull,5,-0.0566,-0.3356,-1.2753,0.0772,0.4,0.2,0.0,0.6,-5.1258,-20.2098
event,GER40,M15,ISM_MFG,up,1000_data,dn,ALL,bear,5,-0.6408,-0.2902,-0.4689,-4.6072,0.4,0.4,0.4,0.4,-5.2605,-17.2293
event,GER40,M15,ISM_SVC,up,1000_data,dn,ALL,ALL,7,0.1922,-0.6405,-1.2985,-3.2575,0.5714,0.2857,0.1429,0.2857,-7.6934,-11.0044
event,GER40,M15,ISM_SVC,up,1000_data,up,ALL,ALL,7,0.0494,0.4467,2.5585,-2.5636,0.5714,0.5714,0.8571,0.4286,-5.6286,-14.9457
event,GER40,M15,ISM_SVC,big_down,1000_data,dn,ALL,ALL,5,-0.4545,-0.3508,-0.2321,-5.5407,0.4,0.2,0.2,0.2,-7.0945,-10.7063
event,GER40,M15,ISM_SVC,big_up,1000_data,up,ALL,ALL,5,-0.3323,1.5312,0.5144,-3.3592,0.4,0.8,0.6,0.4,-6.7013,-8.7371
event,GER40,M15,ISM_SVC,down,1000_data,up,ALL,ALL,5,-0.0676,0.4284,0.4939,2.3822,0.4,0.8,0.6,0.8,-3.7699,-4.9159
event,GER40,M15,ISM_SVC,up,1000_data,dn,ALL,bull,5,-0.4368,-0.9172,-1.2985,-1.5292,0.4,0.2,0.0,0.4,-7.6934,-7.9345
event,GER40,M15,ISM_SVC,up,1000_data,up,ALL,bull,5,0.0494,0.4467,2.5585,2.3241,0.6,0.6,1.0,0.6,-2.848,-14.9457
event,GER40,M15,PCE_MM,big_down,0830_data,up,ALL,ALL,11,-0.3036,-0.5565,0.0769,0.7345,0.3636,0.4545,0.5455,0.6364,-3.5385,-29.2239
event,GER40,M15,PCE_MM,big_up,0830_data,dn,ALL,ALL,6,-0.4364,-1.4287,-4.2747,-2.8675,0.1667,0.1667,0.3333,0.3333,-11.2032,-14.015
event,GER40,M15,PCE_MM,big_down,0830_data,up,ALL,bear,6,-0.0721,-0.2175,2.632,2.0309,0.5,0.5,0.6667,0.8333,-2.4701,-29.2239
event,GER40,M15,PCE_MM,big_down,0830_data,up,ALL,bull,5,-0.3036,-0.5565,-1.3986,-1.1244,0.2,0.4,0.4,0.4,-7.4765,-16.4378
event,GER40,M15,PMI_FLASH,down,eu_session,up,ALL,ALL,33,0.1747,0.3046,0.3951,0.3524,0.5455,0.5758,0.5758,0.5455,-5.8283,-29.5874
event,GER40,M15,PMI_FLASH,down,eu_session,dn,ALL,ALL,32,-0.2127,0.0269,-0.192,-1.9443,0.4062,0.5,0.4688,0.4062,-4.5331,-15.887
event,GER40,M15,PMI_FLASH,up,eu_session,up,ALL,ALL,29,0.2515,0.6214,0.4175,1.9139,0.5517,0.5517,0.5862,0.5862,-6.0865,-26.1559
event,GER40,M15,PMI_FLASH,big_down,eu_session,dn,ALL,ALL,27,-0.2015,-0.2715,-1.3523,-1.3805,0.4074,0.4815,0.4815,0.3333,-6.1238,-16.6761
event,GER40,M15,PMI_FLASH,up,eu_session,dn,ALL,ALL,22,-0.6774,-0.6158,-1.2748,-2.5751,0.3182,0.4091,0.4091,0.3636,-5.4045,-15.2821
event,GER40,M15,PMI_FLASH,big_up,eu_session,up,ALL,ALL,21,-0.5777,-0.2765,0.3614,0.5008,0.4286,0.4286,0.5714,0.5714,-5.8283,-28.5765
event,GER40,M15,PMI_FLASH,down,eu_session,up,ALL,bull,19,0.1864,1.2976,0.3126,0.3524,0.5263,0.6842,0.5263,0.5789,-6.3026,-13.6821
event,GER40,M15,PMI_FLASH,down,eu_session,dn,ALL,bull,18,-0.1412,-0.0964,-1.4889,-4.3397,0.3889,0.5,0.3889,0.1111,-6.6615,-14.8813
event,GER40,M15,PMI_FLASH,big_up,eu_session,dn,ALL,ALL,15,0.2477,0.1588,0.0347,-2.4504,0.6,0.5333,0.5333,0.3333,-4.478,-15.887
event,GER40,M15,PMI_FLASH,big_down,eu_session,dn,ALL,bear,15,0.1366,-0.2715,-1.3523,-1.3805,0.5333,0.4667,0.4,0.3333,-4.893,-16.6761
event,GER40,M15,PMI_FLASH,up,eu_session,up,ALL,bull,15,0.235,0.6214,-0.3231,0.2482,0.5333,0.5333,0.4667,0.5333,-6.4135,-26.1559
event,GER40,M15,PMI_FLASH,big_down,eu_session,up,ALL,ALL,14,-0.1979,-0.2945,-1.5552,1.2346,0.4286,0.3571,0.2857,0.7143,-5.8252,-28.5765
event,GER40,M15,PMI_FLASH,down,eu_session,up,ALL,bear,14,0.1185,-0.4924,0.6631,-0.3579,0.5714,0.4286,0.6429,0.5,-5.349,-29.5874
event,GER40,M15,PMI_FLASH,up,eu_session,dn,ALL,bear,14,-0.9744,-0.8913,-1.2748,-0.7911,0.2143,0.2143,0.4286,0.5,-3.7797,-15.2821
event,GER40,M15,PMI_FLASH,up,other,up,ALL,bear,14,0.2515,1.0645,1.1569,3.072,0.5714,0.5714,0.7143,0.6429,-4.1776,-20.762
event,GER40,M15,PMI_FLASH,down,eu_session,dn,ALL,bear,13,-0.7583,-0.3528,0.3158,3.6044,0.3846,0.4615,0.5385,0.7692,-2.4895,-15.887
event,GER40,M15,PMI_FLASH,big_down,eu_session,dn,ALL,bull,12,-0.262,0.1838,0.8398,-3.3485,0.25,0.5,0.5833,0.3333,-6.6262,-13.3505
event,GER40,M15,PMI_FLASH,big_up,other,up,ALL,bear,11,0.2937,0.1375,-1.9813,-4.0019,0.6364,0.5455,0.4545,0.4545,-11.7549,-28.5765
event,GER40,M15,PMI_FLASH,big_up,eu_session,dn,ALL,bear,10,0.672,0.0794,0.4576,-2.4667,0.6,0.5,0.6,0.2,-4.7502,-15.887
event,GER40,M15,PMI_FLASH,big_up,eu_session,up,ALL,bull,10,-1.4514,-0.7161,0.3614,0.5008,0.2,0.3,0.7,0.7,-5.7119,-12.659
event,GER40,M15,PMI_FLASH,big_down,eu_session,up,ALL,bear,8,0.4291,-0.2404,-2.0,0.4286,0.625,0.375,0.25,0.625,-5.1973,-28.5765
event,GER40,M15,PMI_FLASH,up,eu_session,dn,ALL,bull,8,-0.0003,0.585,-1.7126,-3.4347,0.5,0.75,0.375,0.125,-8.1769,-13.3505
event,GER40,M15,PMI_FLASH,big_down,eu_session,up,ALL,bull,6,-0.945,-0.9127,-1.076,3.3256,0.1667,0.3333,0.3333,0.8333,-6.4207,-14.7129
event,GER40,M15,PPI_MM,down,0830_data,up,ALL,ALL,21,-0.1091,-0.5059,0.5154,-2.5825,0.4762,0.381,0.5714,0.4286,-4.8369,-26.1438
event,GER40,M15,PPI_MM,up,0830_data,dn,ALL,ALL,21,0.4167,0.777,0.4902,0.5506,0.5714,0.5714,0.5714,0.5714,-4.4411,-10.4936
event,GER40,M15,PPI_MM,up,0830_data,dn,ALL,bull,17,-0.1734,0.7305,0.0376,0.8852,0.4706,0.5294,0.5294,0.7059,-4.3629,-10.032
event,GER40,M15,PPI_MM,down,0830_data,up,ALL,bull,12,-0.1166,-1.0547,-0.2353,4.6231,0.5,0.25,0.5,0.5833,-4.8369,-12.387
event,GER40,M15,PPI_MM,down,0830_data,up,ALL,bear,9,-0.1091,0.6729,0.5154,-7.0767,0.4444,0.5556,0.6667,0.2222,-8.5307,-26.1438
event,GER40,M15,PPI_MM,big_down,0830_data,up,ALL,ALL,8,-0.6487,-0.2184,2.584,5.4742,0.125,0.25,0.75,0.75,-2.1076,-7.3243
event,GER40,M15,PPI_MM,big_up,0830_data,dn,ALL,ALL,7,-0.8098,-0.5832,-3.6847,-2.1493,0.4286,0.4286,0.4286,0.4286,-10.4614,-12.3842
event,GER40,M15,PPI_MM,down,0830_data,dn,ALL,ALL,7,-0.5806,-0.6223,-2.4516,-5.2716,0.2857,0.2857,0.2857,0.0,-8.572,-9.9813
event,GER40,M15,PPI_MM,big_down,0830_data,up,ALL,bear,7,-0.8278,-0.2184,3.286,5.4742,0.0,0.2857,0.7143,0.7143,-2.0043,-7.3243
event,GER40,M15,PPI_MM,big_down,0830_data,dn,ALL,ALL,6,-0.1636,-1.4066,1.475,-5.3669,0.5,0.1667,0.6667,0.1667,-6.1174,-9.9813
event,GER40,M15,PPI_MM,up,0830_data,up,ALL,ALL,5,-0.3366,0.4207,0.3689,8.9087,0.2,0.8,1.0,0.8,-1.5566,-7.8525
event,GER40,M15,PPI_MM,big_up,0830_data,dn,ALL,bull,5,0.6048,0.7305,0.6593,2.0153,0.6,0.6,0.6,0.6,-3.4422,-10.4614
event,GER40,M15,PPI_MM,down,0830_data,dn,ALL,bull,5,-0.6702,-0.6223,-3.5591,-5.932,0.2,0.2,0.0,0.0,-8.572,-9.9813
event,GER40,M15,RETAIL,up,0830_data,up,ALL,ALL,18,0.2146,0.1752,-0.3595,-0.8639,0.6111,0.5556,0.4444,0.3889,-4.9533,-20.3146
event,GER40,M15,RETAIL,down,0830_data,up,ALL,ALL,12,-0.5596,-0.4415,0.772,-4.9595,0.25,0.4167,0.5833,0.4167,-6.3598,-16.8867
event,GER40,M15,RETAIL,down,0830_data,dn,ALL,ALL,10,-0.0753,-1.7692,1.9398,0.9108,0.4,0.4,0.7,0.8,-4.6828,-15.2005
event,GER40,M15,RETAIL,up,0830_data,up,ALL,bear,9,-0.6067,-0.9705,-0.3595,-0.8639,0.4444,0.4444,0.4444,0.4444,-4.8505,-16.8867
event,GER40,M15,RETAIL,up,0830_data,up,ALL,bull,9,0.6615,0.4986,-4.8512,-2.1876,0.7778,0.6667,0.4444,0.3333,-8.8883,-20.3146
event,GER40,M15,RETAIL,up,0830_data,dn,ALL,ALL,8,1.4482,0.6474,6.3182,7.3877,0.875,0.875,0.625,0.875,-1.9255,-17.7963
event,GER40,M15,RETAIL,down,0830_data,up,ALL,bull,8,-0.6096,-0.1508,1.4652,5.6978,0.25,0.5,0.75,0.625,-3.9157,-10.4901
event,GER40,M15,RETAIL,down,0830_data,dn,ALL,bull,6,-0.0753,-2.1036,1.9398,0.3252,0.3333,0.3333,0.8333,0.8333,-5.0408,-8.186
event,GER40,M15,RETAIL,up,0830_data,dn,ALL,bear,6,1.5389,1.3072,-1.4257,5.136,0.8333,0.8333,0.5,0.8333,-5.5226,-17.7963
event,GER40,M15,UOM,big_down,1000_data,dn,ALL,ALL,6,0.2586,-0.4524,-0.6403,-2.5311,0.6667,0.3333,0.1667,0.3333,-4.3819,-9.6045
event,GER40,M15,UOM,up,1000_data,up,ALL,ALL,6,0.2328,1.043,1.7926,3.2601,0.6667,0.5,0.6667,0.6667,-1.4978,-7.6097
event,GER40,M15,UOM,down,1000_data,up,ALL,ALL,5,-0.6868,0.6665,1.1025,0.3194,0.4,0.6,0.6,0.6,-2.2562,-7.7435
event,GER40,M15,UOM,up,1000_data,dn,ALL,ALL,5,0.0664,0.5177,1.3988,0.5978,0.6,0.6,0.6,0.6,-4.2249,-7.2305
event,SPX500,M15,AHE,down,0830_data,up,ALL,ALL,10,0.4,1.0447,1.8067,2.2142,0.6,0.6,0.6,0.5,-5.4801,-33.2585
event,SPX500,M15,AHE,up,0830_data,up,ALL,ALL,10,0.5044,2.6029,-0.7311,-1.0925,0.5,0.8,0.4,0.4,-6.5211,-17.0693
event,SPX500,M15,AHE,down,0830_data,up,ALL,bull,8,0.4,1.7217,1.8067,2.2142,0.625,0.75,0.625,0.5,-4.8627,-33.2585
event,SPX500,M15,AHE,up,0830_data,dn,ALL,ALL,7,-0.156,-2.7327,-6.5531,-4.7207,0.2857,0.2857,0.2857,0.2857,-15.0458,-20.1477
event,SPX500,M15,AHE,up,0830_data,up,ALL,bear,6,0.5044,2.8648,0.4456,-1.6832,0.5,0.8333,0.5,0.3333,-6.5211,-17.0693
event,SPX500,M15,CPI_MM,down,0830_data,up,ALL,ALL,21,0.8715,1.7896,1.3072,5.0755,0.619,0.5714,0.5714,0.5714,-4.433,-40.2222
event,SPX500,M15,CPI_MM,down,0830_data,up,ALL,bull,17,0.8715,3.8062,1.9803,6.5006,0.5882,0.6471,0.6471,0.6471,-2.4114,-40.2222
event,SPX500,M15,CPI_MM,up,0830_data,dn,ALL,ALL,14,-0.0887,-0.9475,-3.0476,-4.8996,0.3571,0.5,0.2143,0.1429,-8.8556,-19.5253
event,SPX500,M15,CPI_MM,up,0830_data,dn,ALL,bull,10,-0.0887,-0.9475,-3.0476,-6.1306,0.3,0.5,0.1,0.1,-9.4767,-19.5253
event,SPX500,M15,CPI_MM,big_down,0830_data,up,ALL,ALL,5,0.7931,-1.4793,-3.7072,-8.4346,0.6,0.4,0.4,0.4,-15.0421,-40.2222
event,SPX500,M15,CPI_YY,down,0830_data,up,ALL,ALL,21,-0.1493,-1.3771,1.3072,5.0755,0.4762,0.4286,0.5238,0.5714,-5.3256,-40.2222
event,SPX500,M15,CPI_YY,down,0830_data,up,ALL,bull,17,-0.3926,0.362,1.9803,6.5006,0.3529,0.5294,0.5882,0.6471,-4.433,-40.2222
event,SPX500,M15,CPI_YY,up,0830_data,dn,ALL,ALL,10,-0.5125,-1.435,-3.3224,-6.1306,0.2,0.5,0.2,0.2,-9.4767,-30.6073
event,SPX500,M15,CPI_YY,up,0830_data,up,ALL,ALL,9,0.7495,-0.4015,-0.7593,4.719,0.6667,0.3333,0.4444,0.6667,-9.1386,-15.7315
event,SPX500,M15,CPI_YY,up,0830_data,dn,ALL,bull,9,-0.2525,0.04,-3.0476,-4.8996,0.2222,0.5556,0.2222,0.2222,-9.4767,-30.6073
event,SPX500,M15,CPI_YY,big_down,0830_data,up,ALL,ALL,6,0.8323,-1.4793,1.6424,7.6625,0.6667,0.3333,0.6667,0.6667,-4.2714,-18.3432
event,SPX500,M15,CPI_YY,big_up,0830_data,dn,ALL,ALL,5,2.0132,3.2828,0.6677,-3.8955,0.6,0.6,0.8,0.2,-6.4394,-15.6533
event,SPX500,M15,CPI_YY,down,0830_data,dn,ALL,ALL,5,-0.4127,0.4852,5.1965,8.6925,0.4,0.6,0.6,0.8,-2.1683,-12.6277
event,SPX500,M15,CPI_YY,up,0830_data,up,ALL,bull,5,-0.4198,-2.3595,-0.7593,4.719,0.4,0.2,0.4,0.8,-10.7238,-15.7315
event,SPX500,M15,GDP,down,0830_data,dn,ALL,ALL,6,-0.5926,-1.2095,-1.5411,-10.1185,0.1667,0.3333,0.3333,0.1667,-12.087,-24.1371
event,SPX500,M15,GDP,up,0830_data,up,ALL,ALL,6,0.2736,-0.2629,-2.6968,-1.0683,0.8333,0.3333,0.1667,0.3333,-8.9419,-19.9216
event,SPX500,M15,GDP,up,0830_data,up,ALL,bull,5,0.2656,-0.5257,-2.2576,-0.2683,0.8,0.2,0.2,0.4,-7.4648,-19.9216
event,SPX500,M15,ISM_MFG,down,1000_data,dn,ALL,ALL,10,0.1383,-0.0407,-1.774,-1.246,0.6,0.5,0.2,0.4,-4.3284,-32.2539
event,SPX500,M15,ISM_MFG,down,1000_data,up,ALL,ALL,8,1.4873,2.1086,2.3744,3.7776,0.875,0.875,0.625,0.5,-3.7117,-10.7278
event,SPX500,M15,ISM_MFG,up,1000_data,up,ALL,ALL,5,0.133,0.3326,1.6628,-0.3691,0.6,0.6,0.8,0.4,-6.2601,-12.8105
event,SPX500,M15,ISM_MFG,down,1000_data,dn,ALL,bear,5,-0.3295,-0.2635,-2.0036,-5.6033,0.4,0.4,0.0,0.4,-8.1728,-19.767
event,SPX500,M15,ISM_MFG,down,1000_data,dn,ALL,bull,5,0.2116,0.364,-1.09,-1.219,0.8,0.6,0.4,0.4,-3.7441,-32.2539
event,SPX500,M15,ISM_SVC,up,1000_data,dn,ALL,ALL,10,-0.4431,-0.7302,-3.9945,1.0111,0.3,0.4,0.2,0.5,-7.5878,-38.8732
event,SPX500,M15,ISM_SVC,up,1000_data,dn,ALL,bull,9,-0.7202,-1.3351,-4.3523,-1.6793,0.2222,0.3333,0.1111,0.4444,-7.8068,-38.8732
event,SPX500,M15,ISM_SVC,down,1000_data,dn,ALL,ALL,7,-0.4131,0.6107,0.8261,-1.3817,0.2857,0.5714,0.5714,0.2857,-5.865,-11.7412
event,SPX500,M15,ISM_SVC,down,1000_data,dn,ALL,bull,6,-0.8535,-0.4809,-0.3461,-1.4283,0.3333,0.5,0.5,0.1667,-6.1661,-11.7412
event,SPX500,M15,PCE_MM,big_down,0830_data,up,ALL,ALL,9,-0.07,-0.5034,3.0917,10.0703,0.4444,0.4444,0.5556,0.6667,-8.4222,-23.55
event,SPX500,M15,PCE_MM,big_up,0830_data,dn,ALL,ALL,6,-0.3053,-0.1654,-2.8706,-9.7064,0.5,0.3333,0.5,0.3333,-14.7873,-22.0978
event,SPX500,M15,PCE_MM,big_down,0830_data,up,ALL,bull,5,-0.07,-1.7843,-3.8464,-7.1071,0.4,0.4,0.4,0.4,-10.3404,-23.55
event,SPX500,M15,PMI_FLASH,down,other,up,ALL,ALL,12,-0.2076,1.8274,3.8428,-3.778,0.4167,0.5833,0.5833,0.3333,-5.8494,-23.9167
event,SPX500,M15,PMI_FLASH,up,other,up,ALL,ALL,11,-0.1748,0.9247,0.2647,5.506,0.4545,0.5455,0.6364,0.5455,-8.1441,-17.1003
event,SPX500,M15,PMI_FLASH,big_down,other,up,ALL,ALL,9,0.1878,1.6128,0.764,2.1085,0.5556,0.6667,0.5556,0.7778,-3.5535,-69.3804
event,SPX500,M15,PMI_FLASH,up,other,dn,ALL,ALL,9,-1.5337,-0.7998,1.468,3.1189,0.2222,0.4444,0.5556,0.6667,-6.9755,-22.559
event,SPX500,M15,PMI_FLASH,big_up,other,up,ALL,ALL,8,-0.4303,-0.2123,1.3325,2.8544,0.375,0.375,0.75,0.625,-3.9939,-23.9167
event,SPX500,M15,PMI_FLASH,big_up,other,dn,ALL,ALL,7,-1.5337,0.4601,-1.0703,-1.1488,0.1429,0.5714,0.4286,0.4286,-6.9755,-22.559
event,SPX500,M15,PMI_FLASH,big_down,other,up,ALL,bull,7,0.1878,2.0658,0.764,4.6384,0.5714,0.7143,0.5714,0.8571,-3.4802,-69.3804
event,SPX500,M15,PMI_FLASH,down,other,up,ALL,bear,7,-0.2404,1.8913,-2.4,-3.906,0.4286,0.5714,0.4286,0.1429,-7.6778,-23.9167
event,SPX500,M15,PMI_FLASH,up,other,dn,ALL,bull,6,-1.112,-2.4724,1.756,4.7814,0.1667,0.3333,0.6667,0.8333,-6.6481,-10.0311
event,SPX500,M15,PMI_FLASH,up,other,up,ALL,bull,6,-0.3241,-0.5271,-1.5716,4.5481,0.3333,0.3333,0.5,0.5,-10.4855,-13.2538
event,SPX500,M15,PMI_FLASH,down,other,up,ALL,bull,5,-0.1748,1.7634,6.2219,1.6786,0.4,0.6,0.8,0.6,-1.2173,-13.2538
event,SPX500,M15,PMI_FLASH,up,other,up,ALL,bear,5,0.8889,2.581,0.2647,5.506,0.6,0.8,0.8,0.6,-1.3448,-17.1003
event,SPX500,M15,PPI_MM,up,0830_data,dn,ALL,ALL,21,0.5261,-0.2536,0.4723,0.1106,0.5238,0.4762,0.5714,0.5238,-8.0924,-29.2542
event,SPX500,M15,PPI_MM,down,0830_data,up,ALL,ALL,17,0.4433,1.4182,1.8945,12.0899,0.7059,0.7647,0.5294,0.8235,-5.118,-16.6848
event,SPX500,M15,PPI_MM,up,0830_data,dn,ALL,bull,15,-0.368,-1.398,0.4723,0.1106,0.4,0.3333,0.6,0.5333,-8.9681,-29.2542
event,SPX500,M15,PPI_MM,down,0830_data,dn,ALL,ALL,10,-0.3994,0.7204,0.9266,-1.2724,0.3,0.8,0.5,0.3,-6.3637,-22.5198
event,SPX500,M15,PPI_MM,down,0830_data,up,ALL,bear,10,0.4433,1.3361,-0.5076,3.5566,0.8,0.8,0.4,0.8,-11.4614,-14.0803
event,SPX500,M15,PPI_MM,big_up,0830_data,dn,ALL,ALL,9,-0.0791,0.218,-2.3767,-7.1524,0.4444,0.5556,0.2222,0.3333,-13.4787,-16.0141
event,SPX500,M15,PPI_MM,big_down,0830_data,up,ALL,ALL,7,-0.8732,-0.9327,1.9266,5.8476,0.1429,0.4286,0.7143,0.7143,-3.2547,-11.0868
event,SPX500,M15,PPI_MM,down,0830_data,dn,ALL,bull,7,-0.432,0.5422,-0.4139,-0.3713,0.4286,0.7143,0.4286,0.4286,-5.1325,-22.5198
event,SPX500,M15,PPI_MM,down,0830_data,up,ALL,bull,7,0.6522,2.7027,4.7912,13.9017,0.5714,0.7143,0.7143,0.8571,-1.9656,-16.6848
event,SPX500,M15,PPI_MM,big_down,0830_data,dn,ALL,ALL,6,-0.4707,-2.8189,-0.6414,-2.629,0.1667,0.1667,0.3333,0.3333,-7.8124,-22.5198
event,SPX500,M15,PPI_MM,big_up,0830_data,dn,ALL,bull,6,0.1398,-0.2491,-3.5266,-7.1524,0.5,0.5,0.1667,0.3333,-13.4787,-16.0141
event,SPX500,M15,PPI_MM,up,0830_data,dn,ALL,bear,6,2.0202,2.886,-0.1,0.5185,0.8333,0.8333,0.5,0.5,-7.5545,-8.0924
event,SPX500,M15,RETAIL,up,0830_data,dn,ALL,ALL,13,0.8168,1.8103,2.8588,4.6237,0.7692,0.6154,0.6923,0.9231,-2.9172,-31.3608
event,SPX500,M15,RETAIL,down,0830_data,dn,ALL,ALL,11,-0.3868,-0.8949,8.9942,3.208,0.2727,0.3636,0.5455,0.6364,-3.6913,-32.2047
event,SPX500,M15,RETAIL,up,0830_data,up,ALL,ALL,10,1.5241,1.5337,-0.0933,-4.3513,0.8,0.9,0.5,0.3,-11.3924,-26.9231
event,SPX500,M15,RETAIL,up,0830_data,dn,ALL,bull,10,1.0702,2.1128,4.8329,5.0789,0.8,0.8,0.7,1.0,-1.8689,-11.805
event,SPX500,M15,RETAIL,down,0830_data,dn,ALL,bull,9,-0.3868,-2.2044,-0.1002,0.7976,0.3333,0.2222,0.4444,0.5556,-3.6913,-32.2047
event,SPX500,M15,RETAIL,down,0830_data,up,ALL,ALL,8,0.5014,0.947,1.1551,3.0501,0.625,0.75,0.75,0.875,-4.599,-6.5532
event,SPX500,M15,RETAIL,down,0830_data,up,ALL,bull,8,0.5014,0.947,1.1551,3.0501,0.625,0.75,0.75,0.875,-4.599,-6.5532
event,SPX500,M15,RETAIL,up,0830_data,up,ALL,bull,8,1.6376,1.7405,1.4241,-4.2813,0.75,0.875,0.625,0.375,-11.343,-15.5931
event,SPX500,M15,UOM,big_down,1000_data,dn,ALL,ALL,7,1.0221,3.1516,3.0361,-5.1685,0.5714,0.5714,0.5714,0.2857,-6.4435,-17.5037
event,SPX500,M15,UOM,big_down,1000_data,dn,ALL,bull,7,1.0221,3.1516,3.0361,-5.1685,0.5714,0.5714,0.5714,0.2857,-6.4435,-17.5037
event,SPX500,M15,UOM,up,1000_data,up,ALL,ALL,5,-0.2641,0.5722,-0.8252,-0.2277,0.4,0.6,0.2,0.4,-6.4613,-13.5758
event,USDCAD,H1,ADP,up,0830_data,dn,ALL,ALL,18,-0.2336,-0.2336,-0.2794,-1.9892,0.4444,0.4444,0.3889,0.2778,-3.859,-6.6897
event,USDCAD,H1,ADP,up,0830_data,up,ALL,ALL,17,0.0936,0.0936,-1.4741,-1.6612,0.5882,0.5882,0.3529,0.2353,-3.2408,-6.8154
event,USDCAD,H1,ADP,down,0830_data,dn,ALL,ALL,16,-0.4284,-0.4284,-0.973,0.2179,0.3125,0.3125,0.3125,0.5,-2.9922,-10.4407
event,USDCAD,H1,ADP,down,0830_data,up,ALL,ALL,15,0.0671,0.0671,-0.6137,-0.8348,0.5333,0.5333,0.3333,0.4667,-2.5488,-5.8924
event,USDCAD,H1,ADP,up,0830_data,up,ALL,bull,12,0.2287,0.2287,-1.5686,-1.5547,0.5833,0.5833,0.3333,0.3333,-3.1816,-6.8154
event,USDCAD,H1,ADP,up,0830_data,dn,ALL,bear,11,0.1928,0.1928,-0.2233,-2.7757,0.5455,0.5455,0.3636,0.1818,-3.7862,-6.6897
event,USDCAD,H1,ADP,big_up,0830_data,dn,ALL,ALL,9,-0.5558,-0.5558,-0.7954,-1.8086,0.3333,0.3333,0.2222,0.3333,-3.9286,-6.0185
event,USDCAD,H1,ADP,big_up,0830_data,up,ALL,ALL,9,-0.2391,-0.2391,0.9795,-0.2774,0.4444,0.4444,0.5556,0.4444,-1.5305,-12.5461
event,USDCAD,H1,ADP,down,0830_data,dn,ALL,bull,9,-0.5057,-0.5057,-1.6082,0.5604,0.2222,0.2222,0.2222,0.5556,-3.1096,-10.4407
event,USDCAD,H1,ADP,down,0830_data,up,ALL,bull,8,0.1621,0.1621,0.6355,-0.1931,0.625,0.625,0.5,0.5,-1.72,-5.4667
event,USDCAD,H1,ADP,down,0830_data,dn,ALL,bear,7,-0.1335,-0.1335,-0.4348,-0.3819,0.4286,0.4286,0.4286,0.4286,-2.2973,-4.769
event,USDCAD,H1,ADP,down,0830_data,up,ALL,bear,7,-0.1062,-0.1062,-1.8889,-2.5483,0.4286,0.4286,0.1429,0.4286,-4.3873,-5.8924
event,USDCAD,H1,ADP,up,0830_data,dn,ALL,bull,7,-0.3413,-0.3413,-0.3355,-0.1564,0.2857,0.2857,0.4286,0.4286,-4.1619,-6.1289
event,USDCAD,H1,ADP,big_up,0830_data,dn,ALL,bear,6,-0.8942,-0.8942,-1.0756,-1.8873,0.1667,0.1667,0.1667,0.3333,-4.2103,-6.0185
event,USDCAD,H1,ADP,big_up,0830_data,up,ALL,bull,5,0.4997,0.4997,1.3369,-0.2774,0.6,0.6,0.6,0.4,-1.3742,-3.762
event,USDCAD,H1,ADP,up,0830_data,up,ALL,bear,5,0.0936,0.0936,-1.093,-1.6612,0.6,0.6,0.4,0.0,-4.0564,-6.0794
event,USDCAD,H1,AHE,down,0830_data,dn,ALL,ALL,25,-0.1545,-0.1545,0.4293,-0.3868,0.44,0.44,0.56,0.44,-2.4208,-6.0537
event,USDCAD,H1,AHE,up,0830_data,dn,ALL,ALL,18,0.3332,0.3332,1.0984,0.4714,0.5,0.5,0.6667,0.5556,-1.6413,-4.7402
event,USDCAD,H1,AHE,up,0830_data,up,ALL,ALL,18,0.1252,0.1252,-0.2427,-1.0322,0.5556,0.5556,0.4444,0.3889,-2.5589,-7.2342
event,USDCAD,H1,AHE,down,0830_data,dn,ALL,bull,15,-0.1545,-0.1545,0.1087,-0.6578,0.4,0.4,0.5333,0.4,-2.808,-6.0537
event,USDCAD,H1,AHE,down,0830_data,up,ALL,ALL,12,-0.0171,-0.0171,-0.0611,-1.6589,0.5,0.5,0.5,0.3333,-3.2529,-5.5452
event,USDCAD,H1,AHE,big_down,0830_data,dn,ALL,ALL,11,-0.1619,-0.1619,-0.4473,0.4358,0.2727,0.2727,0.4545,0.7273,-2.5867,-3.8342
event,USDCAD,H1,AHE,up,0830_data,dn,ALL,bear,11,-0.0168,-0.0168,1.4599,2.0951,0.4545,0.4545,0.7273,0.6364,-1.4362,-4.7402
event,USDCAD,H1,AHE,down,0830_data,dn,ALL,bear,10,-0.0783,-0.0783,0.5675,0.3934,0.5,0.5,0.6,0.5,-1.9422,-4.9571
event,USDCAD,H1,AHE,up,0830_data,up,ALL,bear,10,0.4414,0.4414,0.7037,-0.7336,0.5,0.5,0.6,0.4,-1.7144,-6.3613
event,USDCAD,H1,AHE,up,0830_data,up,ALL,bull,8,0.1252,0.1252,-0.7619,-1.8244,0.625,0.625,0.25,0.375,-3.1139,-7.2342
event,USDCAD,H1,AHE,up,0830_data,dn,ALL,bull,7,0.9071,0.9071,0.4882,-0.0337,0.5714,0.5714,0.5714,0.4286,-2.5457,-4.1257
event,USDCAD,H1,AHE,big_down,0830_data,dn,ALL,bear,6,0.3124,0.3124,0.9663,0.4817,0.5,0.5,0.8333,0.8333,-2.4612,-3.6883
event,USDCAD,H1,AHE,down,0830_data,up,ALL,bear,6,-0.8648,-0.8648,-0.999,-0.9263,0.5,0.5,0.5,0.3333,-4.5202,-5.5452
event,USDCAD,H1,AHE,down,0830_data,up,ALL,bull,6,-0.0171,-0.0171,0.042,-2.2184,0.5,0.5,0.5,0.3333,-2.9205,-4.1014
event,USDCAD,H1,AHE,big_up,0830_data,dn,ALL,ALL,5,-0.2921,-0.2921,-0.1297,-1.7268,0.4,0.4,0.4,0.2,-3.032,-8.7762
event,USDCAD,H1,AHE,big_up,0830_data,up,ALL,ALL,5,0.2435,0.2435,0.4389,-0.0902,0.6,0.6,0.6,0.4,-2.3927,-3.8636
event,USDCAD,H1,AHE,big_down,0830_data,dn,ALL,bull,5,-0.3028,-0.3028,-1.0538,0.0973,0.0,0.0,0.0,0.6,-2.9721,-3.8342
event,USDCAD,H1,AHE,big_up,0830_data,dn,ALL,bear,5,-0.2921,-0.2921,-0.1297,-1.7268,0.4,0.4,0.4,0.2,-3.032,-8.7762
event,USDCAD,H1,CLAIMS,down,0830_data,dn,ALL,ALL,71,-0.0301,-0.0301,-0.1616,-0.2511,0.4507,0.4507,0.4648,0.4648,-2.625,-17.0439
event,USDCAD,H1,CLAIMS,up,0830_data,up,ALL,ALL,54,-0.0423,-0.0423,-0.1183,-0.6629,0.4815,0.4815,0.4815,0.4815,-2.5094,-13.9716
event,USDCAD,H1,CLAIMS,down,0830_data,up,ALL,ALL,44,-0.2172,-0.2172,-0.061,0.6344,0.3182,0.3182,0.4545,0.5455,-2.4142,-7.5231
event,USDCAD,H1,CLAIMS,up,0830_data,dn,ALL,ALL,40,0.0178,0.0178,0.0699,0.2764,0.525,0.525,0.5,0.55,-2.2925,-9.4901
event,USDCAD,H1,CLAIMS,down,0830_data,dn,ALL,bear,38,0.0055,0.0055,-0.6582,-0.7773,0.5,0.5,0.3947,0.3684,-3.0983,-17.0439
event,USDCAD,H1,CLAIMS,down,0830_data,dn,ALL,bull,33,-0.286,-0.286,0.3697,0.3381,0.3939,0.3939,0.5455,0.5758,-2.0661,-5.9724
event,USDCAD,H1,CLAIMS,up,0830_data,up,ALL,bear,32,-0.3682,-0.3682,-0.4417,-1.686,0.375,0.375,0.4375,0.3438,-2.7477,-13.9716
event,USDCAD,H1,CLAIMS,big_up,0830_data,up,ALL,ALL,26,-0.4734,-0.4734,-0.1812,0.2168,0.3846,0.3846,0.5,0.5769,-2.3592,-6.6411
event,USDCAD,H1,CLAIMS,down,0830_data,up,ALL,bear,26,-0.0811,-0.0811,0.0403,0.5616,0.4231,0.4231,0.5,0.5385,-2.4142,-7.5231
event,USDCAD,H1,CLAIMS,up,0830_data,up,ALL,bull,22,0.37,0.37,0.2053,1.6295,0.6364,0.6364,0.5455,0.6818,-1.7562,-7.2762
event,USDCAD,H1,CLAIMS,big_down,0830_data,up,ALL,ALL,21,0.1402,0.1402,0.6257,1.8566,0.5714,0.5714,0.6667,0.619,-1.2731,-6.3035
event,USDCAD,H1,CLAIMS,up,0830_data,dn,ALL,bull,20,-0.1224,-0.1224,0.1973,0.0607,0.45,0.45,0.5,0.5,-2.1012,-9.4901
event,USDCAD,H1,CLAIMS,up,0830_data,dn,ALL,bear,19,0.0304,0.0304,-0.136,0.4278,0.5789,0.5789,0.4737,0.6316,-3.554,-8.834
event,USDCAD,H1,CLAIMS,down,0830_data,up,ALL,bull,18,-0.3886,-0.3886,-0.3593,0.6344,0.1667,0.1667,0.3889,0.5556,-2.3239,-7.4184
event,USDCAD,H1,CLAIMS,big_up,0830_data,up,ALL,bear,17,-0.3675,-0.3675,0.2547,2.7654,0.4706,0.4706,0.5294,0.7647,-1.3423,-6.6411
event,USDCAD,H1,CLAIMS,big_down,0830_data,dn,ALL,ALL,16,-0.2745,-0.2745,-0.7993,-0.66,0.3125,0.3125,0.25,0.3125,-2.1929,-11.9639
event,USDCAD,H1,CLAIMS,big_down,0830_data,up,ALL,bear,15,0.0829,0.0829,0.6257,2.5093,0.5333,0.5333,0.7333,0.6667,-1.1515,-5.1882
event,USDCAD,H1,CLAIMS,big_down,0830_data,dn,ALL,bull,9,-0.1385,-0.1385,-0.697,-2.0916,0.3333,0.3333,0.3333,0.3333,-5.3954,-11.9639
event,USDCAD,H1,CLAIMS,big_up,0830_data,up,ALL,bull,9,-1.1067,-1.1067,-1.4942,-0.7489,0.2222,0.2222,0.4444,0.2222,-2.7526,-5.0452
event,USDCAD,H1,CLAIMS,big_up,0830_data,dn,ALL,ALL,7,0.4697,0.4697,1.3573,0.8837,0.7143,0.7143,0.8571,0.8571,-0.8973,-9.8579
event,USDCAD,H1,CLAIMS,big_down,0830_data,dn,ALL,bear,7,-0.298,-0.298,-0.9015,-0.6219,0.2857,0.2857,0.1429,0.2857,-1.4815,-5.1347
event,USDCAD,H1,CLAIMS,big_down,0830_data,up,ALL,bull,6,0.4158,0.4158,-0.343,-0.5794,0.6667,0.6667,0.5,0.5,-2.6739,-6.3035
event,USDCAD,H1,CONF,down,1000_data,dn,ALL,ALL,20,-0.5297,-0.5297,-0.3105,-0.9486,0.45,0.45,0.45,0.35,-2.6635,-11.435
event,USDCAD,H1,CONF,up,1000_data,dn,ALL,ALL,20,0.1972,0.1972,0.7902,0.6057,0.55,0.55,0.75,0.6,-1.8669,-7.5979
event,USDCAD,H1,CONF,up,1000_data,up,ALL,ALL,20,-0.2627,-0.2627,-0.1041,0.2629,0.35,0.35,0.45,0.55,-2.2013,-8.452
event,USDCAD,H1,CONF,up,1000_data,up,ALL,bull,16,-0.2889,-0.2889,-0.1707,0.1222,0.25,0.25,0.375,0.5,-2.2013,-8.452
event,USDCAD,H1,CONF,big_down,1000_data,up,ALL,ALL,14,-0.1628,-0.1628,-0.1506,-0.7558,0.5,0.5,0.4286,0.3571,-2.3943,-7.8798
event,USDCAD,H1,CONF,big_up,1000_data,dn,ALL,ALL,14,-0.1892,-0.1892,-0.3334,1.0496,0.3571,0.3571,0.2857,0.5714,-2.3152,-8.6941
event,USDCAD,H1,CONF,down,1000_data,up,ALL,ALL,14,-0.0693,-0.0693,-0.0777,-0.9677,0.4286,0.4286,0.5,0.4286,-2.2446,-10.0467
event,USDCAD,H1,CONF,big_up,1000_data,up,ALL,ALL,13,-0.3564,-0.3564,0.3541,0.5738,0.4615,0.4615,0.6923,0.6154,-1.1265,-5.5379
event,USDCAD,H1,CONF,down,1000_data,dn,ALL,bull,11,-0.6036,-0.6036,-0.2979,-0.5834,0.3636,0.3636,0.4545,0.4545,-2.2775,-6.3855
event,USDCAD,H1,CONF,up,1000_data,dn,ALL,bull,11,0.1485,0.1485,1.3821,0.6007,0.5455,0.5455,0.7273,0.5455,-1.9175,-5.8794
event,USDCAD,H1,CONF,down,1000_data,up,ALL,bull,10,0.075,0.075,-0.0425,-0.0863,0.6,0.6,0.5,0.5,-1.7265,-10.0467
event,USDCAD,H1,CONF,big_up,1000_data,up,ALL,bull,9,-0.3564,-0.3564,0.4402,0.0,0.4444,0.4444,0.6667,0.4444,-1.7474,-2.6585
event,USDCAD,H1,CONF,down,1000_data,dn,ALL,bear,9,0.1764,0.1764,-0.7146,-1.145,0.5556,0.5556,0.4444,0.2222,-3.6245,-11.435
event,USDCAD,H1,CONF,up,1000_data,dn,ALL,bear,9,0.5711,0.5711,0.3421,1.0573,0.5556,0.5556,0.7778,0.6667,-1.8086,-7.5979
event,USDCAD,H1,CONF,big_down,1000_data,dn,ALL,ALL,8,0.4487,0.4487,1.0019,1.4749,0.625,0.625,0.5,0.75,-1.3059,-3.5377
event,USDCAD,H1,CONF,big_down,1000_data,up,ALL,bear,7,-0.4203,-0.4203,-0.0506,-1.573,0.4286,0.4286,0.4286,0.1429,-3.9064,-7.8798
event,USDCAD,H1,CONF,big_down,1000_data,up,ALL,bull,7,0.2562,0.2562,-0.2506,1.5699,0.5714,0.5714,0.4286,0.5714,-1.6946,-3.8151
event,USDCAD,H1,CONF,big_up,1000_data,dn,ALL,bear,7,-0.2679,-0.2679,-1.4239,1.131,0.4286,0.4286,0.1429,0.5714,-3.0248,-8.6941
event,USDCAD,H1,CONF,big_up,1000_data,dn,ALL,bull,7,-0.1105,-0.1105,-0.2326,0.9683,0.2857,0.2857,0.4286,0.5714,-1.9811,-7.2267
event,USDCAD,H1,CONF,big_down,1000_data,dn,ALL,bull,6,-0.0211,-0.0211,0.9969,0.9149,0.5,0.5,0.5,0.6667,-1.3059,-3.5377
event,USDCAD,H1,CPI_MM,down,0830_data,dn,ALL,ALL,75,-0.489,-0.489,-0.1789,-0.0418,0.3733,0.3733,0.4267,0.48,-2.4903,-9.8579
event,USDCAD,H1,CPI_MM,down,0830_data,up,ALL,ALL,66,-0.1095,-0.1095,-0.6348,0.0871,0.4697,0.4697,0.4091,0.5152,-2.5618,-11.2345
event,USDCAD,H1,CPI_MM,up,0830_data,up,ALL,ALL,58,-0.0473,-0.0473,-0.5184,0.0465,0.4483,0.4483,0.4655,0.5,-3.2027,-14.2672
event,USDCAD,H1,CPI_MM,up,0830_data,dn,ALL,ALL,46,-0.2206,-0.2206,-0.2647,0.3184,0.4565,0.4565,0.3913,0.5217,-2.4762,-8.3431
event,USDCAD,H1,CPI_MM,down,0830_data,dn,ALL,bull,43,-0.5949,-0.5949,-0.0356,0.3164,0.3953,0.3953,0.4651,0.5116,-2.2238,-9.8579
event,USDCAD,H1,CPI_MM,up,0830_data,up,ALL,bear,35,-0.0473,-0.0473,-0.0155,0.1648,0.4286,0.4286,0.4857,0.5429,-2.8225,-7.8206
event,USDCAD,H1,CPI_MM,down,0830_data,up,ALL,bull,34,-0.417,-0.417,-0.9608,-0.7704,0.3824,0.3824,0.2941,0.3824,-2.7535,-11.2345
event,USDCAD,H1,CPI_MM,down,0830_data,dn,ALL,bear,32,-0.323,-0.323,-0.4936,-1.0587,0.3438,0.3438,0.375,0.4375,-2.7139,-8.3703
event,USDCAD,H1,CPI_MM,down,0830_data,up,ALL,bear,32,0.138,0.138,0.311,0.6275,0.5625,0.5625,0.5312,0.6562,-1.5781,-8.9722
event,USDCAD,H1,CPI_MM,big_up,0830_data,dn,ALL,ALL,27,0.0116,0.0116,-0.6108,-1.2523,0.5185,0.5185,0.3333,0.2963,-2.7821,-12.4479
event,USDCAD,H1,CPI_MM,up,0830_data,dn,ALL,bull,26,-0.0389,-0.0389,-0.1763,-0.0373,0.5,0.5,0.4231,0.5,-1.7425,-7.8894
event,USDCAD,H1,CPI_MM,up,0830_data,up,ALL,bull,23,-0.0518,-0.0518,-1.0626,-0.9053,0.4783,0.4783,0.4348,0.4348,-3.374,-14.2672
event,USDCAD,H1,CPI_MM,big_down,0830_data,dn,ALL,ALL,20,0.1956,0.1956,0.198,1.606,0.55,0.55,0.55,0.65,-1.5233,-6.0593
event,USDCAD,H1,CPI_MM,up,0830_data,dn,ALL,bear,20,-0.2385,-0.2385,-0.8849,0.3299,0.4,0.4,0.35,0.55,-2.7961,-8.3431
event,USDCAD,H1,CPI_MM,big_up,0830_data,up,ALL,ALL,19,-0.0971,-0.0971,-1.4429,-0.9053,0.4737,0.4737,0.3684,0.4737,-4.5477,-10.4597
event,USDCAD,H1,CPI_MM,big_down,0830_data,up,ALL,ALL,15,-0.1597,-0.1597,0.3786,0.7979,0.3333,0.3333,0.5333,0.7333,-1.7296,-5.0168
event,USDCAD,H1,CPI_MM,big_up,0830_data,dn,ALL,bear,15,-0.1784,-0.1784,-1.0435,-1.2523,0.4667,0.4667,0.4,0.4,-2.3168,-5.4328
event,USDCAD,H1,CPI_MM,big_down,0830_data,dn,ALL,bear,12,0.3395,0.3395,0.198,2.1981,0.5833,0.5833,0.5833,0.6667,-1.1542,-6.0593
event,USDCAD,H1,CPI_MM,big_up,0830_data,dn,ALL,bull,12,0.1019,0.1019,-0.5749,-1.4879,0.5833,0.5833,0.25,0.1667,-2.9439,-12.4479
event,USDCAD,H1,CPI_MM,big_up,0830_data,up,ALL,bull,12,-0.0953,-0.0953,-3.1168,-2.099,0.5,0.5,0.25,0.3333,-4.8449,-10.4597
event,USDCAD,H1,CPI_MM,big_down,0830_data,dn,ALL,bull,8,-0.3789,-0.3789,0.4429,1.5258,0.5,0.5,0.5,0.625,-1.9997,-5.8234
event,USDCAD,H1,CPI_MM,big_down,0830_data,up,ALL,bull,8,-0.1785,-0.1785,-1.0015,0.4057,0.25,0.25,0.375,0.625,-2.8868,-5.0168
event,USDCAD,H1,CPI_MM,big_down,0830_data,up,ALL,bear,7,-0.1365,-0.1365,0.6044,0.9164,0.4286,0.4286,0.7143,0.8571,-1.5793,-2.6981
event,USDCAD,H1,CPI_MM,big_up,0830_data,up,ALL,bear,7,-0.0971,-0.0971,0.234,1.6501,0.4286,0.4286,0.5714,0.7143,-1.3317,-6.3602
event,USDCAD,H1,CPI_YY,down,0830_data,dn,ALL,ALL,63,-0.1661,-0.1661,-0.1329,-0.0418,0.4444,0.4444,0.4762,0.4921,-2.7139,-13.9435
event,USDCAD,H1,CPI_YY,up,0830_data,up,ALL,ALL,51,-0.1432,-0.1432,-1.0022,-0.4909,0.3333,0.3333,0.3922,0.3529,-3.2189,-7.3384
event,USDCAD,H1,CPI_YY,up,0830_data,dn,ALL,ALL,47,-0.4147,-0.4147,-0.3052,0.2689,0.4043,0.4043,0.4255,0.5319,-2.012,-10.9743
event,USDCAD,H1,CPI_YY,down,0830_data,dn,ALL,bull,36,-0.4905,-0.4905,0.355,0.4946,0.4167,0.4167,0.5278,0.5556,-2.3371,-9.8579
event,USDCAD,H1,CPI_YY,down,0830_data,dn,ALL,bear,27,-0.1081,-0.1081,-1.1356,-2.2372,0.4815,0.4815,0.4074,0.4074,-4.8013,-13.9435
event,USDCAD,H1,CPI_YY,up,0830_data,up,ALL,bear,26,-0.0628,-0.0628,-1.0069,-0.6408,0.3846,0.3846,0.4231,0.3077,-3.2008,-7.3384
event,USDCAD,H1,CPI_YY,up,0830_data,up,ALL,bull,25,-0.4512,-0.4512,-1.0022,-0.0717,0.28,0.28,0.36,0.4,-3.374,-7.2093
event,USDCAD,H1,CPI_YY,up,0830_data,dn,ALL,bull,24,-0.1962,-0.1962,0.3028,0.5307,0.4583,0.4583,0.5,0.5833,-1.7974,-6.6071
event,USDCAD,H1,CPI_YY,up,0830_data,dn,ALL,bear,23,-0.5883,-0.5883,-0.412,-0.4889,0.3478,0.3478,0.3478,0.4783,-2.6614,-10.9743
event,USDCAD,H1,CPI_YY,big_up,0830_data,up,ALL,ALL,21,0.1008,0.1008,-1.4429,0.7966,0.5238,0.5238,0.4762,0.5714,-4.3387,-10.4597
event,USDCAD,H1,CPI_YY,down,0830_data,up,ALL,ALL,21,0.2342,0.2342,0.9654,1.9555,0.619,0.619,0.6667,0.8095,-1.6795,-11.2345
event,USDCAD,H1,CPI_YY,big_down,0830_data,dn,ALL,ALL,18,0.0518,0.0518,0.2967,-0.3607,0.6667,0.6667,0.5556,0.3889,-1.8971,-9.8579
event,USDCAD,H1,CPI_YY,down,0830_data,up,ALL,bear,14,0.4616,0.4616,0.9654,2.331,0.6429,0.6429,0.6429,0.9286,-1.3279,-5.9466
event,USDCAD,H1,CPI_YY,big_down,0830_data,dn,ALL,bear,11,0.0168,0.0168,0.3954,-0.3009,0.6364,0.6364,0.6364,0.4545,-2.0104,-6.0593
event,USDCAD,H1,CPI_YY,big_up,0830_data,up,ALL,bear,11,0.6825,0.6825,3.7608,2.2515,0.5455,0.5455,0.6364,0.7273,-0.9945,-5.6667
event,USDCAD,H1,CPI_YY,big_up,0830_data,up,ALL,bull,10,-0.0953,-0.0953,-2.0907,-0.9053,0.5,0.5,0.3,0.4,-4.8551,-10.4597
event,USDCAD,H1,CPI_YY,big_up,0830_data,dn,ALL,ALL,9,0.0886,0.0886,-0.1055,-2.058,0.7778,0.7778,0.3333,0.2222,-3.0343,-12.4479
event,USDCAD,H1,CPI_YY,big_down,0830_data,dn,ALL,bull,7,0.0518,0.0518,-0.1789,-1.3932,0.7143,0.7143,0.4286,0.2857,-1.7839,-9.8579
event,USDCAD,H1,CPI_YY,down,0830_data,up,ALL,bull,7,0.2342,0.2342,0.5205,0.7525,0.5714,0.5714,0.7143,0.5714,-1.9093,-11.2345
event,USDCAD,H1,CPI_YY,big_down,0830_data,up,ALL,ALL,6,-0.6387,-0.6387,0.0606,0.9989,0.3333,0.3333,0.5,0.6667,-2.5683,-5.9466
event,USDCAD,H1,CPI_YY,big_down,0830_data,up,ALL,bear,5,-0.348,-0.348,0.311,1.9555,0.4,0.4,0.6,0.8,-1.7296,-5.9466
event,USDCAD,H1,CPI_YY,big_up,0830_data,dn,ALL,bear,5,0.0886,0.0886,1.9287,-0.1664,1.0,1.0,0.6,0.4,-1.2797,-5.1901
event,USDCAD,H1,CRUDE,down,1000_data,dn,ALL,ALL,27,-0.28,-0.28,0.3893,1.0124,0.3704,0.3704,0.5556,0.7037,-1.6434,-23.0918
event,USDCAD,H1,CRUDE,big_down,1000_data,dn,ALL,ALL,19,0.0806,0.0806,0.6277,-0.1601,0.5263,0.5263,0.5789,0.4211,-1.8067,-10.7767
event,USDCAD,H1,CRUDE,up,1000_data,up,ALL,ALL,17,0.145,0.145,0.1389,-0.1835,0.5294,0.5294,0.5882,0.4118,-1.9898,-12.5568
event,USDCAD,H1,CRUDE,down,1000_data,dn,ALL,bull,17,-0.2138,-0.2138,0.1447,0.9122,0.3529,0.3529,0.5294,0.6471,-2.0,-6.1683
event,USDCAD,H1,CRUDE,big_up,1000_data,dn,ALL,ALL,16,-0.0412,-0.0412,-0.55,0.3553,0.4375,0.4375,0.375,0.5625,-1.8858,-10.3685
event,USDCAD,H1,CRUDE,big_up,1000_data,up,ALL,ALL,13,0.0677,0.0677,-0.4937,-0.1156,0.6154,0.6154,0.4615,0.4615,-3.155,-6.2064
event,USDCAD,H1,CRUDE,up,1000_data,up,ALL,bull,13,0.3005,0.3005,0.0674,-0.1835,0.6154,0.6154,0.5385,0.3846,-2.3701,-6.071
event,USDCAD,H1,CRUDE,down,1000_data,up,ALL,ALL,12,-0.0917,-0.0917,0.0209,0.6282,0.5,0.5,0.5,0.5,-2.3773,-6.9203
event,USDCAD,H1,CRUDE,up,1000_data,dn,ALL,ALL,12,0.5919,0.5919,0.9928,0.7222,0.6667,0.6667,0.75,0.5,-1.3738,-2.8017
event,USDCAD,H1,CRUDE,big_down,1000_data,up,ALL,ALL,10,-0.0831,-0.0831,0.2542,-0.868,0.4,0.4,0.6,0.4,-3.6145,-11.2856
event,USDCAD,H1,CRUDE,big_down,1000_data,dn,ALL,bear,10,0.2121,0.2121,1.1809,-0.3265,0.7,0.7,0.6,0.4,-2.3278,-10.7767
event,USDCAD,H1,CRUDE,down,1000_data,dn,ALL,bear,10,-0.5347,-0.5347,0.6073,1.0514,0.4,0.4,0.6,0.8,-1.4755,-23.0918
event,USDCAD,H1,CRUDE,big_down,1000_data,dn,ALL,bull,9,-0.1592,-0.1592,0.3392,-0.1466,0.3333,0.3333,0.5556,0.4444,-1.8067,-8.5003
event,USDCAD,H1,CRUDE,big_up,1000_data,dn,ALL,bear,9,-0.5442,-0.5442,-0.6145,0.2337,0.2222,0.2222,0.2222,0.5556,-2.238,-4.985
event,USDCAD,H1,CRUDE,big_up,1000_data,up,ALL,bull,8,0.0909,0.0909,-0.5752,0.2918,0.625,0.625,0.375,0.5,-2.8664,-6.2064
event,USDCAD,H1,CRUDE,big_up,1000_data,dn,ALL,bull,7,0.3106,0.3106,0.0838,0.8669,0.7143,0.7143,0.5714,0.5714,-1.5337,-10.3685
event,USDCAD,H1,CRUDE,down,1000_data,up,ALL,bear,7,-0.3892,-0.3892,-0.2948,-0.1582,0.4286,0.4286,0.4286,0.4286,-3.0931,-6.5369
event,USDCAD,H1,CRUDE,up,1000_data,dn,ALL,bull,7,0.1648,0.1648,1.2884,1.6419,0.5714,0.5714,0.7143,0.5714,-1.7462,-2.8017
event,USDCAD,H1,CRUDE,big_down,1000_data,up,ALL,bear,5,0.7577,0.7577,0.9896,1.7526,0.8,0.8,0.6,0.6,-1.1704,-8.9925
event,USDCAD,H1,CRUDE,big_down,1000_data,up,ALL,bull,5,-0.4753,-0.4753,0.1774,-4.6831,0.0,0.0,0.6,0.2,-5.8112,-11.2856
event,USDCAD,H1,CRUDE,big_up,1000_data,up,ALL,bear,5,0.0353,0.0353,0.8853,-0.1156,0.6,0.6,0.6,0.4,-3.9857,-4.7371
event,USDCAD,H1,CRUDE,down,1000_data,up,ALL,bull,5,0.2513,0.2513,0.4307,2.5581,0.6,0.6,0.6,0.6,-1.5127,-6.9203
event,USDCAD,H1,CRUDE,up,1000_data,dn,ALL,bear,5,0.766,0.766,0.6972,-0.1976,0.8,0.8,0.8,0.4,-1.1786,-2.7285
event,USDCAD,H1,DURABLES,down,0830_data,dn,ALL,ALL,17,0.0441,0.0441,-0.0312,1.2547,0.5294,0.5294,0.4706,0.5882,-1.4587,-7.3634
event,USDCAD,H1,DURABLES,down,0830_data,up,ALL,ALL,16,0.0498,0.0498,0.3794,-0.2188,0.5625,0.5625,0.5625,0.4375,-2.3306,-6.6298
event,USDCAD,H1,DURABLES,down,0830_data,up,ALL,bull,11,-0.0523,-0.0523,0.5397,-0.4256,0.4545,0.4545,0.6364,0.3636,-2.9861,-6.6298
event,USDCAD,H1,DURABLES,up,0830_data,dn,ALL,ALL,10,-0.0708,-0.0708,-0.2868,-0.0585,0.5,0.5,0.3,0.5,-2.1889,-7.5507
event,USDCAD,H1,DURABLES,down,0830_data,dn,ALL,bull,9,-0.2233,-0.2233,-0.4257,-0.073,0.4444,0.4444,0.4444,0.4444,-2.2079,-7.3634
event,USDCAD,H1,DURABLES,up,0830_data,up,ALL,ALL,8,0.1042,0.1042,-0.11,-0.5851,0.5,0.5,0.5,0.375,-1.8627,-4.4264
event,USDCAD,H1,DURABLES,down,0830_data,dn,ALL,bear,8,0.2913,0.2913,0.3894,1.7805,0.625,0.625,0.5,0.75,-0.3178,-2.4989
event,USDCAD,H1,DURABLES,up,0830_data,dn,ALL,bull,6,-0.7889,-0.7889,-1.0762,-0.0585,0.1667,0.1667,0.1667,0.5,-2.2991,-7.5507
event,USDCAD,H1,DURABLES,up,0830_data,up,ALL,bull,6,0.1042,0.1042,0.1668,-0.5851,0.5,0.5,0.6667,0.3333,-1.8627,-4.4264
event,USDCAD,H1,DURABLES,down,0830_data,up,ALL,bear,5,0.06,0.06,-0.4263,0.5762,0.8,0.8,0.4,0.6,-2.1314,-3.885
event,USDCAD,H1,EMP_CHANGE,up,0830_data,dn,ALL,ALL,36,-0.2883,-0.2883,0.3907,-0.3446,0.4167,0.4167,0.5556,0.4167,-2.4312,-20.4786
event,USDCAD,H1,EMP_CHANGE,big_up,0830_data,dn,ALL,ALL,30,0.1995,0.1995,0.0301,-0.9515,0.5333,0.5333,0.5,0.3667,-2.8276,-6.9104
event,USDCAD,H1,EMP_CHANGE,down,0830_data,up,ALL,ALL,28,-0.3086,-0.3086,0.0346,0.493,0.4286,0.4286,0.5357,0.6071,-2.1022,-7.9275
event,USDCAD,H1,EMP_CHANGE,up,0830_data,dn,ALL,bull,19,-0.3028,-0.3028,-0.1408,-0.4073,0.2632,0.2632,0.4737,0.3158,-2.4678,-20.4786
event,USDCAD,H1,EMP_CHANGE,up,0830_data,dn,ALL,bear,17,0.246,0.246,0.7197,0.3164,0.5882,0.5882,0.6471,0.5294,-2.0008,-5.6116
event,USDCAD,H1,EMP_CHANGE,big_up,0830_data,dn,ALL,bull,16,-0.0487,-0.0487,-0.1179,-1.8804,0.4375,0.4375,0.4375,0.25,-2.5548,-6.9104
event,USDCAD,H1,EMP_CHANGE,big_up,0830_data,dn,ALL,bear,14,0.4133,0.4133,0.2967,-0.0638,0.6429,0.6429,0.5714,0.5,-2.8819,-4.9668
event,USDCAD,H1,EMP_CHANGE,down,0830_data,up,ALL,bear,14,0.4322,0.4322,0.0412,0.9549,0.5714,0.5714,0.5714,0.6429,-1.2407,-7.9275
event,USDCAD,H1,EMP_CHANGE,down,0830_data,up,ALL,bull,14,-0.5942,-0.5942,-0.3375,0.4527,0.2857,0.2857,0.5,0.5714,-2.5461,-7.2342
event,USDCAD,H1,EMP_CHANGE,big_down,0830_data,up,ALL,ALL,10,-0.5476,-0.5476,-1.1243,-1.4527,0.3,0.3,0.3,0.1,-2.9823,-5.6464
event,USDCAD,H1,EMP_CHANGE,down,0830_data,dn,ALL,ALL,10,1.056,1.056,0.1359,0.4449,0.6,0.6,0.5,0.5,-1.8321,-3.3956
event,USDCAD,H1,EMP_CHANGE,big_down,0830_data,up,ALL,bear,7,-0.2209,-0.2209,-1.9944,-1.4971,0.4286,0.4286,0.2857,0.1429,-3.7386,-5.6464
event,USDCAD,H1,EMP_CHANGE,up,0830_data,up,ALL,ALL,6,1.0631,1.0631,1.8083,2.4465,0.8333,0.8333,0.8333,0.6667,-1.0267,-5.5452
event,USDCAD,H1,EMP_CHANGE,down,other,dn,ALL,bear,5,1.0628,1.0628,1.4726,0.9234,0.6,0.6,0.6,0.6,-1.2365,-3.3956
event,USDCAD,H1,EMP_CHANGE,down,0830_data,dn,ALL,bull,5,1.0493,1.0493,-0.2164,-0.0337,0.6,0.6,0.4,0.4,-2.0986,-2.525
event,USDCAD,H1,GDP,down,0830_data,up,ALL,ALL,19,-0.585,-0.585,-1.0526,-0.8458,0.3684,0.3684,0.3684,0.4211,-2.3733,-10.6265
event,USDCAD,H1,GDP,up,0830_data,up,ALL,ALL,19,-0.1137,-0.1137,-0.2097,0.3376,0.3684,0.3684,0.4211,0.5789,-2.1344,-6.4501
event,USDCAD,H1,GDP,down,0830_data,dn,ALL,ALL,13,0.3672,0.3672,0.9069,1.0239,0.6154,0.6154,0.6923,0.6923,-1.438,-11.8682
event,USDCAD,H1,GDP,big_up,0830_data,up,ALL,ALL,12,0.0074,0.0074,-0.376,0.679,0.5,0.5,0.5,0.5,-2.1488,-6.0794
event,USDCAD,H1,GDP,up,0830_data,up,ALL,bull,12,-0.1048,-0.1048,0.0489,0.029,0.3333,0.3333,0.5,0.5,-2.1235,-5.0027
event,USDCAD,H1,GDP,up,0830_data,dn,ALL,ALL,11,0.2082,0.2082,0.8799,0.4052,0.5455,0.5455,0.6364,0.5455,-1.6577,-6.9879
event,USDCAD,H1,GDP,down,0830_data,up,ALL,bull,11,-0.6089,-0.6089,0.1806,0.9792,0.3636,0.3636,0.5455,0.5455,-2.3733,-5.7754
event,USDCAD,H1,GDP,big_down,0830_data,up,ALL,ALL,9,-0.052,-0.052,-0.8223,-0.7412,0.4444,0.4444,0.3333,0.4444,-2.6525,-7.0914
event,USDCAD,H1,GDP,big_down,0830_data,dn,ALL,ALL,8,0.4168,0.4168,0.9575,1.712,0.625,0.625,1.0,0.75,-0.8798,-3.9318
event,USDCAD,H1,GDP,big_up,0830_data,up,ALL,bull,8,0.0074,0.0074,-1.4694,0.5895,0.5,0.5,0.375,0.5,-2.8183,-5.3134
event,USDCAD,H1,GDP,down,0830_data,up,ALL,bear,8,-0.3853,-0.3853,-1.4443,-1.035,0.375,0.375,0.125,0.25,-3.3529,-10.6265
event,USDCAD,H1,GDP,up,0830_data,dn,ALL,bear,8,0.0625,0.0625,0.591,-0.2968,0.5,0.5,0.625,0.5,-1.7359,-6.9879
event,USDCAD,H1,GDP,big_up,0830_data,dn,ALL,ALL,7,-0.0131,-0.0131,-0.1252,0.7336,0.4286,0.4286,0.4286,0.7143,-2.298,-5.3668
event,USDCAD,H1,GDP,down,0830_data,dn,ALL,bear,7,0.3672,0.3672,0.9069,1.0239,0.7143,0.7143,0.7143,0.5714,-1.2051,-7.912
event,USDCAD,H1,GDP,up,0830_data,up,ALL,bear,7,-0.4589,-0.4589,-0.7515,0.9477,0.4286,0.4286,0.2857,0.7143,-2.1618,-6.4501
event,USDCAD,H1,GDP,down,0830_data,dn,ALL,bull,6,0.1403,0.1403,0.9779,1.7159,0.5,0.5,0.6667,0.8333,-1.8549,-11.8682
event,USDCAD,H1,GDP,big_down,0830_data,dn,ALL,bear,5,0.3318,0.3318,0.7446,1.5323,0.6,0.6,1.0,0.6,-1.0376,-3.9318
event,USDCAD,H1,GDP,big_down,0830_data,up,ALL,bear,5,-0.052,-0.052,-0.8386,-4.8095,0.4,0.4,0.2,0.4,-5.2594,-7.0914
event,USDCAD,H1,GDP_MM,up,0830_data,dn,ALL,ALL,36,0.029,0.029,0.2885,0.546,0.5,0.5,0.5556,0.5833,-2.7341,-11.7975
event,USDCAD,H1,GDP_MM,big_down,0830_data,up,ALL,ALL,23,-0.0244,-0.0244,-0.598,-1.0251,0.4783,0.4783,0.4348,0.3478,-2.9209,-8.5743
event,USDCAD,H1,GDP_MM,down,0830_data,up,ALL,ALL,21,-0.2055,-0.2055,0.3287,0.7475,0.4762,0.4762,0.5238,0.6667,-1.8267,-7.0364
event,USDCAD,H1,GDP_MM,up,0830_data,dn,ALL,bull,20,0.4397,0.4397,0.4521,1.378,0.6,0.6,0.6,0.7,-2.3476,-11.7975
event,USDCAD,H1,GDP_MM,big_up,0830_data,dn,ALL,ALL,16,-0.3106,-0.3106,-0.3165,-0.447,0.375,0.375,0.3125,0.375,-3.404,-8.2655
event,USDCAD,H1,GDP_MM,up,0830_data,dn,ALL,bear,16,-0.4459,-0.4459,-0.0236,-1.3909,0.375,0.375,0.5,0.4375,-2.8892,-10.1713
event,USDCAD,H1,GDP_MM,big_down,0830_data,up,ALL,bull,14,-0.3902,-0.3902,-0.8559,-1.63,0.3571,0.3571,0.4286,0.3571,-3.7543,-8.5743
event,USDCAD,H1,GDP_MM,down,0830_data,dn,ALL,ALL,13,0.2335,0.2335,-0.0296,0.3514,0.5385,0.5385,0.4615,0.6154,-2.2145,-12.7695
event,USDCAD,H1,GDP_MM,up,0830_data,up,ALL,ALL,13,-0.4086,-0.4086,-0.4575,0.3621,0.4615,0.4615,0.3846,0.5385,-2.4319,-6.3016
event,USDCAD,H1,GDP_MM,down,0830_data,up,ALL,bear,11,-0.585,-0.585,0.3822,0.239,0.3636,0.3636,0.5455,0.5455,-1.8267,-6.2284
event,USDCAD,H1,GDP_MM,down,0830_data,up,ALL,bull,10,0.5988,0.5988,-0.6867,0.9871,0.6,0.6,0.5,0.8,-2.2369,-7.0364
event,USDCAD,H1,GDP_MM,big_down,0830_data,up,ALL,bear,9,0.2012,0.2012,-0.1461,-0.6848,0.6667,0.6667,0.4444,0.3333,-2.7937,-4.4507
event,USDCAD,H1,GDP_MM,big_up,0830_data,dn,ALL,bull,9,-0.3369,-0.3369,-0.3713,-0.2397,0.3333,0.3333,0.3333,0.4444,-1.7895,-8.159
event,USDCAD,H1,GDP_MM,down,0830_data,dn,ALL,bull,8,0.7325,0.7325,1.1957,0.9108,0.75,0.75,0.5,0.75,-1.3516,-3.0992
event,USDCAD,H1,GDP_MM,big_up,0830_data,dn,ALL,bear,7,-0.2843,-0.2843,-0.1227,-0.7125,0.4286,0.4286,0.2857,0.2857,-3.9778,-8.2655
event,USDCAD,H1,GDP_MM,up,0830_data,up,ALL,bear,7,-0.5016,-0.5016,-0.5058,0.915,0.2857,0.2857,0.4286,0.5714,-2.4319,-6.3016
event,USDCAD,H1,GDP_MM,up,0830_data,up,ALL,bull,6,0.1598,0.1598,-0.2748,-1.1697,0.6667,0.6667,0.3333,0.5,-3.0127,-5.9598
event,USDCAD,H1,GDP_MM,big_up,0830_data,up,ALL,ALL,5,-0.5116,-0.5116,0.0576,-0.9088,0.2,0.2,0.6,0.4,-3.138,-8.7883
event,USDCAD,H1,GDP_MM,down,0830_data,dn,ALL,bear,5,-0.5558,-0.5558,-2.2846,-1.8005,0.2,0.2,0.4,0.4,-3.7927,-12.7695
event,USDCAD,H1,HOMESALES,down,1000_data,dn,ALL,ALL,11,0.3132,0.3132,0.8408,1.7817,0.5455,0.5455,0.6364,0.9091,-0.9417,-7.9156
event,USDCAD,H1,HOMESALES,down,1000_data,up,ALL,ALL,10,-0.2702,-0.2702,-0.359,-1.8303,0.4,0.4,0.4,0.3,-2.7665,-5.9765
event,USDCAD,H1,HOMESALES,down,1000_data,dn,ALL,bull,10,0.4486,0.4486,0.8841,2.231,0.6,0.6,0.7,1.0,-0.8933,-2.9001
event,USDCAD,H1,HOMESALES,big_down,1000_data,dn,ALL,ALL,7,0.2406,0.2406,0.3366,0.4814,0.5714,0.5714,0.5714,0.5714,-3.667,-7.4274
event,USDCAD,H1,HOMESALES,big_up,1000_data,up,ALL,ALL,7,-0.2806,-0.2806,0.0575,1.4813,0.4286,0.4286,0.5714,0.7143,-0.6828,-6.0931
event,USDCAD,H1,HOMESALES,down,1000_data,up,ALL,bull,6,-0.4042,-0.4042,-1.3183,-1.2959,0.3333,0.3333,0.3333,0.5,-3.6667,-5.9765
event,USDCAD,H1,HOMESALES,big_down,1000_data,up,ALL,ALL,5,-0.0643,-0.0643,0.0,2.2225,0.2,0.2,0.4,0.8,-1.3899,-4.9074
event,USDCAD,H1,HOMESALES,big_up,1000_data,dn,ALL,ALL,5,0.4839,0.4839,0.8621,-2.4536,1.0,1.0,0.8,0.0,-2.4668,-18.4743
event,USDCAD,H1,HOUSING,down,0830_data,dn,ALL,ALL,17,0.2158,0.2158,0.3788,0.2979,0.5882,0.5882,0.5882,0.5294,-1.7171,-19.8942
event,USDCAD,H1,HOUSING,up,0830_data,dn,ALL,ALL,17,0.5888,0.5888,0.438,1.9066,0.6471,0.6471,0.7059,0.6471,-1.9235,-13.9435
event,USDCAD,H1,HOUSING,up,0830_data,up,ALL,ALL,14,0.0049,0.0049,0.2447,0.4819,0.5,0.5,0.5714,0.5714,-3.4421,-5.031
event,USDCAD,H1,HOUSING,down,0830_data,up,ALL,ALL,13,0.3845,0.3845,0.2982,0.5578,0.7692,0.7692,0.6154,0.5385,-2.3329,-15.8453
event,USDCAD,H1,HOUSING,down,0830_data,dn,ALL,bull,10,0.0603,0.0603,0.1312,-0.0736,0.5,0.5,0.5,0.5,-1.9811,-19.8942
event,USDCAD,H1,HOUSING,up,0830_data,dn,ALL,bull,10,0.544,0.544,0.4028,1.0958,0.6,0.6,0.7,0.6,-2.2776,-6.1993
event,USDCAD,H1,HOUSING,big_up,0830_data,up,ALL,ALL,8,0.2631,0.2631,0.464,1.3848,0.625,0.625,0.75,0.625,-1.2412,-5.7214
event,USDCAD,H1,HOUSING,down,0830_data,dn,ALL,bear,7,0.2158,0.2158,0.6008,2.3139,0.7143,0.7143,0.7143,0.5714,-1.3759,-6.196
event,USDCAD,H1,HOUSING,up,0830_data,dn,ALL,bear,7,0.5888,0.5888,0.438,3.0167,0.7143,0.7143,0.7143,0.7143,-0.7884,-13.9435
event,USDCAD,H1,HOUSING,up,0830_data,up,ALL,bear,7,-0.0353,-0.0353,0.3002,0.7441,0.4286,0.4286,0.7143,0.7143,-1.1463,-4.1215
event,USDCAD,H1,HOUSING,up,0830_data,up,ALL,bull,7,0.9772,0.9772,-0.6369,-0.9898,0.5714,0.5714,0.4286,0.4286,-4.0478,-5.031
event,USDCAD,H1,HOUSING,big_down,0830_data,up,ALL,ALL,6,-0.3408,-0.3408,-1.1076,-0.5439,0.3333,0.3333,0.3333,0.3333,-2.2684,-3.51
event,USDCAD,H1,HOUSING,big_up,0830_data,dn,ALL,ALL,6,0.178,0.178,0.6031,0.9797,0.5,0.5,0.6667,0.6667,-1.2571,-9.8579
event,USDCAD,H1,HOUSING,down,0830_data,up,ALL,bear,6,0.6735,0.6735,0.4635,2.4565,1.0,1.0,0.6667,0.6667,-1.8405,-15.8453
event,USDCAD,H1,HOUSING,down,0830_data,up,ALL,bull,6,-0.0644,-0.0644,0.5436,-0.0955,0.5,0.5,0.6667,0.5,-2.197,-5.3912
event,USDCAD,H1,HOUSING,big_down,0830_data,up,ALL,bear,5,-0.6409,-0.6409,-1.5928,-0.5969,0.2,0.2,0.2,0.2,-2.8225,-3.51
event,USDCAD,H1,ISM_MFG,down,1000_data,up,ALL,ALL,25,0.2893,0.2893,0.4491,-0.6796,0.52,0.52,0.64,0.44,-2.1532,-8.645
event,USDCAD,H1,ISM_MFG,up,1000_data,up,ALL,ALL,24,0.2442,0.2442,-0.0007,-0.6577,0.625,0.625,0.5,0.4583,-3.0863,-10.4552
event,USDCAD,H1,ISM_MFG,down,1000_data,dn,ALL,ALL,22,0.1899,0.1899,-0.3751,0.699,0.6364,0.6364,0.4091,0.5909,-1.6886,-5.3632
event,USDCAD,H1,ISM_MFG,up,1000_data,dn,ALL,ALL,22,-0.1797,-0.1797,-0.177,-0.9904,0.4091,0.4091,0.4091,0.3636,-2.3836,-5.5689
event,USDCAD,H1,ISM_MFG,big_up,1000_data,up,ALL,ALL,14,0.2034,0.2034,0.4263,-1.6218,0.6429,0.6429,0.6429,0.4286,-2.1992,-8.4113
event,USDCAD,H1,ISM_MFG,down,1000_data,dn,ALL,bull,14,0.2451,0.2451,0.3496,1.6177,0.7143,0.7143,0.5714,0.8571,-0.9042,-4.1398
event,USDCAD,H1,ISM_MFG,down,1000_data,up,ALL,bull,14,0.2058,0.2058,0.4971,-1.1612,0.5,0.5,0.7143,0.3571,-2.3032,-6.54
event,USDCAD,H1,ISM_MFG,up,1000_data,up,ALL,bear,13,0.4015,0.4015,0.1968,-0.6785,0.6923,0.6923,0.5385,0.3846,-1.9313,-5.2934
event,USDCAD,H1,ISM_MFG,big_up,1000_data,dn,ALL,ALL,11,0.152,0.152,0.1914,-0.4853,0.8182,0.8182,0.7273,0.2727,-2.0826,-4.0039
event,USDCAD,H1,ISM_MFG,down,1000_data,up,ALL,bear,11,0.2893,0.2893,0.0227,1.3857,0.5455,0.5455,0.5455,0.5455,-2.1296,-8.645
event,USDCAD,H1,ISM_MFG,up,1000_data,dn,ALL,bear,11,0.0,0.0,0.2494,-0.5134,0.4545,0.4545,0.5455,0.3636,-2.4858,-5.3582
event,USDCAD,H1,ISM_MFG,up,1000_data,dn,ALL,bull,11,-0.4287,-0.4287,-0.3024,-1.061,0.3636,0.3636,0.2727,0.3636,-2.2814,-5.5689
event,USDCAD,H1,ISM_MFG,up,1000_data,up,ALL,bull,11,0.1413,0.1413,-0.391,0.1843,0.5455,0.5455,0.4545,0.5455,-3.2735,-10.4552
event,USDCAD,H1,ISM_MFG,big_down,1000_data,dn,ALL,ALL,10,0.1108,0.1108,-0.3657,2.0697,0.5,0.5,0.4,0.8,-1.2891,-4.2655
event,USDCAD,H1,ISM_MFG,big_down,1000_data,up,ALL,ALL,10,-0.1676,-0.1676,0.7311,0.7108,0.5,0.5,0.6,0.6,-1.8659,-3.6809
event,USDCAD,H1,ISM_MFG,down,1000_data,dn,ALL,bear,8,-0.1037,-0.1037,-0.6666,-1.2002,0.5,0.5,0.125,0.125,-2.7327,-5.3632
event,USDCAD,H1,ISM_MFG,big_up,1000_data,up,ALL,bear,7,0.2898,0.2898,0.7953,-1.8363,0.8571,0.8571,1.0,0.2857,-2.7545,-5.471
event,USDCAD,H1,ISM_MFG,big_up,1000_data,up,ALL,bull,7,-0.2153,-0.2153,-0.2167,0.2182,0.4286,0.4286,0.2857,0.5714,-1.0867,-8.4113
event,USDCAD,H1,ISM_MFG,big_down,1000_data,dn,ALL,bull,6,0.4776,0.4776,0.0889,3.1129,0.6667,0.6667,0.5,0.8333,-1.1991,-4.2655
event,USDCAD,H1,ISM_MFG,big_down,1000_data,up,ALL,bear,6,-0.3034,-0.3034,1.431,1.4631,0.5,0.5,0.6667,0.6667,-1.4217,-3.6417
event,USDCAD,H1,ISM_MFG,big_up,1000_data,dn,ALL,bull,6,0.1432,0.1432,0.1723,-0.4291,0.6667,0.6667,0.6667,0.3333,-1.8736,-3.735
event,USDCAD,H1,ISM_MFG,big_up,1000_data,dn,ALL,bear,5,0.4101,0.4101,1.6033,-1.4093,1.0,1.0,0.8,0.2,-2.1544,-4.0039
event,USDCAD,H1,ISM_SVC,up,1000_data,up,ALL,ALL,29,-0.0776,-0.0776,-0.1684,-0.3653,0.4828,0.4828,0.4483,0.4138,-2.4841,-9.5612
event,USDCAD,H1,ISM_SVC,up,1000_data,dn,ALL,ALL,24,-0.1488,-0.1488,-0.0265,0.6693,0.4167,0.4167,0.5,0.5417,-2.184,-9.242
event,USDCAD,H1,ISM_SVC,down,1000_data,up,ALL,ALL,22,-0.3281,-0.3281,-0.3533,-0.0026,0.3636,0.3636,0.4091,0.5,-2.1151,-4.469
event,USDCAD,H1,ISM_SVC,down,1000_data,dn,ALL,ALL,19,0.101,0.101,-0.0802,-0.291,0.5789,0.5789,0.4737,0.4737,-1.9437,-5.9751
event,USDCAD,H1,ISM_SVC,up,1000_data,up,ALL,bull,18,-0.1265,-0.1265,-0.78,0.0111,0.4444,0.4444,0.3333,0.5,-2.8624,-9.5612
event,USDCAD,H1,ISM_SVC,big_up,1000_data,up,ALL,ALL,16,0.7403,0.7403,0.8459,-0.4563,0.625,0.625,0.625,0.4375,-2.4482,-11.8515
event,USDCAD,H1,ISM_SVC,up,1000_data,dn,ALL,bear,16,-0.2063,-0.2063,-0.067,0.9199,0.375,0.375,0.5,0.5625,-2.452,-9.242
event,USDCAD,H1,ISM_SVC,big_down,1000_data,dn,ALL,ALL,12,0.4423,0.4423,0.0293,1.4337,0.5833,0.5833,0.5,0.75,-1.1326,-6.0164
event,USDCAD,H1,ISM_SVC,down,1000_data,up,ALL,bull,12,-0.3281,-0.3281,-0.4139,-0.374,0.25,0.25,0.3333,0.4167,-2.1652,-4.469
event,USDCAD,H1,ISM_SVC,down,1000_data,dn,ALL,bear,11,0.101,0.101,0.2259,1.4364,0.5455,0.5455,0.6364,0.6364,-1.5291,-5.4575
event,USDCAD,H1,ISM_SVC,up,1000_data,up,ALL,bear,11,0.0089,0.0089,0.238,-0.4228,0.5455,0.5455,0.6364,0.2727,-1.8504,-5.3553
event,USDCAD,H1,ISM_SVC,big_up,1000_data,dn,ALL,ALL,10,-0.2031,-0.2031,-0.3072,-3.1261,0.4,0.4,0.4,0.0,-4.4834,-5.1246
event,USDCAD,H1,ISM_SVC,big_up,1000_data,up,ALL,bull,10,0.9168,0.9168,1.1926,-1.3573,0.7,0.7,0.7,0.3,-3.6958,-6.6186
event,USDCAD,H1,ISM_SVC,down,1000_data,up,ALL,bear,10,-0.2823,-0.2823,0.1789,0.8716,0.5,0.5,0.5,0.6,-1.5216,-4.2326
event,USDCAD,H1,ISM_SVC,down,1000_data,dn,ALL,bull,8,0.2294,0.2294,-0.3537,-0.8608,0.625,0.625,0.25,0.25,-2.6928,-5.9751
event,USDCAD,H1,ISM_SVC,up,1000_data,dn,ALL,bull,8,-0.0268,-0.0268,-0.0265,0.4285,0.5,0.5,0.5,0.5,-1.8359,-4.6228
event,USDCAD,H1,ISM_SVC,big_down,1000_data,up,ALL,ALL,7,0.0682,0.0682,-0.7606,0.2982,0.5714,0.5714,0.2857,0.5714,-1.9118,-6.1853
event,USDCAD,H1,ISM_SVC,big_down,1000_data,dn,ALL,bear,7,0.8423,0.8423,0.3443,1.6566,0.8571,0.8571,0.7143,0.7143,-0.9306,-4.306
event,USDCAD,H1,ISM_SVC,big_up,1000_data,dn,ALL,bull,7,-0.1637,-0.1637,-0.0337,-3.0095,0.4286,0.4286,0.4286,0.0,-4.2635,-5.1246
event,USDCAD,H1,ISM_SVC,big_up,1000_data,up,ALL,bear,6,-0.1717,-0.1717,-0.2175,1.532,0.5,0.5,0.5,0.6667,-1.1208,-11.8515
event,USDCAD,H1,ISM_SVC,big_down,1000_data,dn,ALL,bull,5,-0.3811,-0.3811,-0.5036,1.1291,0.2,0.2,0.2,0.8,-1.9473,-6.0164
event,USDCAD,H1,NFP,down,0830_data,dn,ALL,ALL,24,-0.2958,-0.2958,0.0773,-1.3353,0.4167,0.4167,0.5417,0.3333,-2.4308,-6.9104
event,USDCAD,H1,NFP,up,0830_data,dn,ALL,ALL,21,-0.7597,-0.7597,-0.1587,-1.1938,0.2381,0.2381,0.4286,0.2857,-3.1146,-4.8305
event,USDCAD,H1,NFP,up,0830_data,up,ALL,ALL,18,-0.1536,-0.1536,-0.4557,-1.5889,0.4444,0.4444,0.4444,0.3333,-2.8821,-7.2342
event,USDCAD,H1,NFP,down,0830_data,dn,ALL,bear,13,-0.1759,-0.1759,0.8613,-1.2134,0.4615,0.4615,0.6923,0.4615,-2.3357,-6.8281
event,USDCAD,H1,NFP,big_down,0830_data,dn,ALL,ALL,11,0.246,0.246,-0.4821,-0.041,0.6364,0.6364,0.2727,0.4545,-2.8372,-4.8308
event,USDCAD,H1,NFP,big_up,0830_data,dn,ALL,ALL,11,0.0772,0.0772,0.8267,-0.5063,0.5455,0.5455,0.7273,0.4545,-2.7653,-20.4786
event,USDCAD,H1,NFP,down,0830_data,dn,ALL,bull,11,-0.3028,-0.3028,-0.5551,-1.6833,0.3636,0.3636,0.3636,0.1818,-2.7352,-6.9104
event,USDCAD,H1,NFP,up,0830_data,dn,ALL,bear,11,-0.7261,-0.7261,-0.1006,-0.6928,0.2727,0.2727,0.4545,0.2727,-3.2495,-4.8305
event,USDCAD,H1,NFP,up,0830_data,up,ALL,bull,11,-0.0357,-0.0357,-0.779,-1.5945,0.4545,0.4545,0.3636,0.2727,-3.0401,-7.2342
event,USDCAD,H1,NFP,big_down,0830_data,up,ALL,ALL,10,-0.6275,-0.6275,-1.7578,-0.3416,0.3,0.3,0.2,0.5,-3.3715,-5.2272
event,USDCAD,H1,NFP,up,0830_data,dn,ALL,bull,10,-0.9578,-0.9578,-0.3179,-1.8583,0.2,0.2,0.4,0.3,-2.6063,-4.2979
event,USDCAD,H1,NFP,big_up,0830_data,up,ALL,ALL,9,0.2435,0.2435,0.5515,0.163,0.7778,0.7778,0.7778,0.5556,-1.8736,-7.8342
event,USDCAD,H1,NFP,down,0830_data,up,ALL,ALL,9,-0.5258,-0.5258,0.2454,2.0435,0.2222,0.2222,0.6667,0.5556,-1.8282,-6.3613
event,USDCAD,H1,NFP,big_down,0830_data,dn,ALL,bear,7,0.246,0.246,-0.6314,-2.5587,0.7143,0.7143,0.1429,0.2857,-2.9278,-4.8308
event,USDCAD,H1,NFP,up,0830_data,up,ALL,bear,7,-0.5972,-0.5972,0.0103,-1.5833,0.4286,0.4286,0.5714,0.4286,-1.9028,-5.5452
event,USDCAD,H1,NFP,big_up,0830_data,dn,ALL,bear,6,0.0765,0.0765,1.275,-0.1956,0.5,0.5,0.8333,0.5,-1.6528,-3.032
event,USDCAD,H1,NFP,big_down,0830_data,up,ALL,bear,5,-0.5669,-0.5669,-0.5062,1.2261,0.4,0.4,0.2,0.8,-2.4442,-4.1973
event,USDCAD,H1,NFP,big_up,0830_data,dn,ALL,bull,5,0.0772,0.0772,0.0356,-2.2201,0.6,0.6,0.6,0.4,-3.8342,-20.4786
event,USDCAD,H1,NFP,big_up,0830_data,up,ALL,bear,5,0.1992,0.1992,0.2121,-0.6186,0.6,0.6,0.6,0.4,-2.3822,-7.8342
event,USDCAD,H1,NFP,down,0830_data,up,ALL,bear,5,-0.8929,-0.8929,1.3255,2.2738,0.2,0.2,0.6,0.6,-1.4103,-6.3613
event,USDCAD,H1,OTHER,big_down,other,dn,ALL,ALL,7,0.0387,0.0387,0.2072,-1.1871,0.5714,0.5714,0.7143,0.2857,-2.2197,-13.3077
event,USDCAD,H1,OTHER,big_down,other,up,ALL,ALL,5,1.1423,1.1423,0.865,0.5551,1.0,1.0,1.0,0.6,-1.1348,-6.4409
event,USDCAD,H1,PCE_MM,big_down,0830_data,dn,ALL,ALL,11,0.2623,0.2623,0.2782,-1.6564,0.6364,0.6364,0.5455,0.3636,-2.8949,-12.7695
event,USDCAD,H1,PCE_MM,big_down,0830_data,dn,ALL,bear,8,0.3233,0.3233,-1.4768,-1.7194,0.625,0.625,0.375,0.375,-3.1088,-12.7695
event,USDCAD,H1,PCE_MM,big_up,0830_data,dn,ALL,ALL,5,-0.0797,-0.0797,0.2104,0.6852,0.4,0.4,0.6,0.6,-3.6389,-8.9565
event,USDCAD,H1,PMI_FLASH,up,other,up,ALL,ALL,18,0.0366,0.0366,0.2867,0.72,0.5,0.5,0.6111,0.5556,-1.3205,-7.4421
event,USDCAD,H1,PMI_FLASH,down,other,dn,ALL,ALL,11,0.8135,0.8135,0.3852,-1.4612,0.6364,0.6364,0.6364,0.3636,-3.1155,-5.4826
event,USDCAD,H1,PMI_FLASH,big_down,other,dn,ALL,ALL,10,0.2709,0.2709,-0.0066,0.9144,0.6,0.6,0.5,0.6,-2.0461,-5.5801
event,USDCAD,H1,PMI_FLASH,big_up,other,up,ALL,ALL,10,-0.3956,-0.3956,0.248,1.5551,0.3,0.3,0.5,0.7,-1.4934,-7.4421
event,USDCAD,H1,PMI_FLASH,up,other,up,ALL,bear,9,-0.0687,-0.0687,0.0458,-2.8047,0.3333,0.3333,0.6667,0.3333,-3.7125,-7.4421
event,USDCAD,H1,PMI_FLASH,up,other,up,ALL,bull,9,0.2832,0.2832,0.5276,2.0466,0.6667,0.6667,0.5556,0.7778,-0.7262,-5.1864
event,USDCAD,H1,PMI_FLASH,big_up,other,dn,ALL,ALL,7,1.0381,1.0381,1.5537,1.5433,0.5714,0.5714,0.8571,0.7143,-1.0074,-3.8497
event,USDCAD,H1,PMI_FLASH,up,other,dn,ALL,ALL,7,-1.0505,-1.0505,-1.9499,-2.549,0.2857,0.2857,0.2857,0.4286,-3.1155,-7.2336
event,USDCAD,H1,PMI_FLASH,down,other,up,ALL,ALL,6,-0.5365,-0.5365,-0.1246,-0.6744,0.1667,0.1667,0.5,0.5,-2.4321,-4.021
event,USDCAD,H1,PMI_FLASH,big_down,other,dn,ALL,bear,6,0.1002,0.1002,-0.2354,1.2107,0.5,0.5,0.5,0.5,-2.9221,-5.5801
event,USDCAD,H1,PMI_FLASH,big_up,other,up,ALL,bull,6,-0.5754,-0.5754,0.1839,1.8561,0.3333,0.3333,0.5,0.8333,-1.4477,-2.115
event,USDCAD,H1,PMI_FLASH,down,other,dn,ALL,bull,6,1.078,1.078,1.8287,-0.9417,0.6667,0.6667,0.6667,0.3333,-2.3417,-5.0301
event,USDCAD,H1,PMI_FLASH,big_up,other,dn,ALL,bull,5,-0.1967,-0.1967,1.6358,1.5433,0.4,0.4,0.8,0.6,-1.2877,-3.8497
event,USDCAD,H1,PMI_FLASH,down,other,dn,ALL,bear,5,0.5649,0.5649,0.3825,-3.0136,0.6,0.6,0.6,0.4,-4.1189,-5.4826
event,USDCAD,H1,PPI_MM,up,0830_data,up,ALL,ALL,43,0.0298,0.0298,-0.5613,1.1372,0.5349,0.5349,0.4419,0.6047,-2.0238,-9.6141
event,USDCAD,H1,PPI_MM,down,0830_data,dn,ALL,ALL,41,-0.1438,-0.1438,0.9847,-0.4464,0.4634,0.4634,0.6098,0.4634,-2.8218,-6.8822
event,USDCAD,H1,PPI_MM,down,0830_data,up,ALL,ALL,26,0.1401,0.1401,-0.8181,0.6882,0.5385,0.5385,0.4231,0.5385,-2.5598,-6.1565
event,USDCAD,H1,PPI_MM,down,0830_data,dn,ALL,bull,25,0.2478,0.2478,1.4018,-0.7577,0.56,0.56,0.68,0.44,-2.5665,-6.8822
event,USDCAD,H1,PPI_MM,up,0830_data,up,ALL,bear,22,-0.0129,-0.0129,-0.9164,1.3294,0.5,0.5,0.4091,0.6818,-2.0238,-8.1698
event,USDCAD,H1,PPI_MM,up,0830_data,up,ALL,bull,21,0.0988,0.0988,-0.0269,1.0413,0.5714,0.5714,0.4762,0.5238,-2.0195,-9.6141
event,USDCAD,H1,PPI_MM,up,0830_data,dn,ALL,ALL,19,0.134,0.134,0.3577,0.567,0.5263,0.5263,0.5263,0.5263,-1.9065,-5.3994
event,USDCAD,H1,PPI_MM,big_down,0830_data,dn,ALL,ALL,16,-0.0783,-0.0783,-0.8348,-0.5498,0.5,0.5,0.25,0.375,-2.3881,-11.8346
event,USDCAD,H1,PPI_MM,big_up,0830_data,up,ALL,ALL,16,0.6513,0.6513,0.5119,-0.2189,0.625,0.625,0.5,0.4375,-2.0208,-13.9716
event,USDCAD,H1,PPI_MM,down,0830_data,dn,ALL,bear,16,-0.2254,-0.2254,0.1133,0.0333,0.3125,0.3125,0.5,0.5,-2.8218,-6.6356
event,USDCAD,H1,PPI_MM,down,0830_data,up,ALL,bear,14,-0.141,-0.141,-1.2986,-0.2931,0.4286,0.4286,0.4286,0.5,-2.4839,-6.1565
event,USDCAD,H1,PPI_MM,down,0830_data,up,ALL,bull,12,0.2045,0.2045,-0.3056,1.0253,0.6667,0.6667,0.4167,0.5833,-2.5598,-5.5372
event,USDCAD,H1,PPI_MM,up,0830_data,dn,ALL,bear,12,0.2027,0.2027,-1.1749,0.6582,0.5833,0.5833,0.3333,0.5,-2.1263,-5.3994
event,USDCAD,H1,PPI_MM,big_down,0830_data,up,ALL,ALL,8,0.2609,0.2609,0.3696,0.8016,0.625,0.625,0.75,0.875,-1.7628,-2.7636
event,USDCAD,H1,PPI_MM,big_down,0830_data,dn,ALL,bear,8,0.2256,0.2256,-1.3446,-1.1625,0.625,0.625,0.375,0.25,-2.1867,-11.8346
event,USDCAD,H1,PPI_MM,big_down,0830_data,dn,ALL,bull,8,-0.735,-0.735,-0.3251,0.1482,0.375,0.375,0.125,0.5,-2.7365,-3.8122
event,USDCAD,H1,PPI_MM,big_up,0830_data,up,ALL,bear,8,-0.8124,-0.8124,-2.0313,-1.0082,0.25,0.25,0.125,0.375,-3.0136,-13.9716
event,USDCAD,H1,PPI_MM,big_up,0830_data,up,ALL,bull,8,1.4397,1.4397,1.4296,0.3922,1.0,1.0,0.875,0.5,-0.7727,-3.3078
event,USDCAD,H1,PPI_MM,up,0830_data,dn,ALL,bull,7,-0.0913,-0.0913,0.743,0.567,0.4286,0.4286,0.8571,0.5714,-1.9065,-4.1792
event,USDCAD,H1,PPI_MM,big_down,0830_data,up,ALL,bear,6,0.205,0.205,0.1235,1.3378,0.5,0.5,0.6667,0.8333,-1.7848,-2.7636
event,USDCAD,H1,RETAIL,down,0830_data,up,ALL,ALL,90,-0.057,-0.057,0.7113,0.4814,0.4667,0.4667,0.6444,0.5778,-1.7463,-7.8685
event,USDCAD,H1,RETAIL,up,0830_data,dn,ALL,ALL,62,-0.2395,-0.2395,-0.5674,-1.5389,0.3871,0.3871,0.4032,0.3387,-2.9649,-12.0516
event,USDCAD,H1,RETAIL,down,0830_data,dn,ALL,ALL,59,0.2727,0.2727,-0.0159,0.0883,0.6441,0.6441,0.4746,0.5424,-2.3508,-11.8346
event,USDCAD,H1,RETAIL,up,0830_data,up,ALL,ALL,57,-0.4267,-0.4267,-0.6085,-0.0537,0.3509,0.3509,0.4211,0.4737,-2.5918,-7.8113
event,USDCAD,H1,RETAIL,down,0830_data,up,ALL,bull,47,-0.1183,-0.1183,0.7353,1.0167,0.4468,0.4468,0.617,0.617,-2.1571,-7.8685
event,USDCAD,H1,RETAIL,down,0830_data,up,ALL,bear,43,-0.0307,-0.0307,0.2547,0.2056,0.4884,0.4884,0.6744,0.5349,-1.5528,-7.3384
event,USDCAD,H1,RETAIL,down,0830_data,dn,ALL,bear,35,0.2031,0.2031,-0.0159,0.4278,0.6,0.6,0.4571,0.5714,-1.8364,-11.8346
event,USDCAD,H1,RETAIL,up,0830_data,dn,ALL,bull,33,-0.1961,-0.1961,-0.8875,-2.2282,0.3636,0.3636,0.3939,0.2424,-3.6064,-12.0516
event,USDCAD,H1,RETAIL,big_down,0830_data,up,ALL,ALL,32,0.0806,0.0806,-0.3569,-0.4136,0.5625,0.5625,0.4062,0.4375,-2.2942,-10.4597
event,USDCAD,H1,RETAIL,up,0830_data,up,ALL,bull,32,-0.4413,-0.4413,-0.6085,-1.5581,0.3125,0.3125,0.4062,0.4062,-2.6108,-7.8113
event,USDCAD,H1,RETAIL,up,0830_data,dn,ALL,bear,29,-0.2395,-0.2395,-0.5258,-0.9904,0.4138,0.4138,0.4138,0.4483,-2.5006,-7.337
event,USDCAD,H1,RETAIL,up,0830_data,up,ALL,bear,25,-0.2891,-0.2891,-0.1815,0.8333,0.4,0.4,0.44,0.56,-2.2594,-6.3602
event,USDCAD,H1,RETAIL,down,0830_data,dn,ALL,bull,24,0.6362,0.6362,-0.0101,-0.1113,0.7083,0.7083,0.5,0.5,-2.3508,-7.8894
event,USDCAD,H1,RETAIL,big_down,0830_data,dn,ALL,ALL,23,0.265,0.265,-0.8965,0.6737,0.6087,0.6087,0.3913,0.5217,-2.6895,-6.0593
event,USDCAD,H1,RETAIL,big_up,0830_data,up,ALL,ALL,22,0.3076,0.3076,0.2236,-0.6095,0.5455,0.5455,0.6818,0.4545,-1.9949,-7.8113
event,USDCAD,H1,RETAIL,big_down,0830_data,up,ALL,bear,18,0.0065,0.0065,-0.1262,-0.0418,0.5,0.5,0.5,0.5,-2.0881,-6.652
event,USDCAD,H1,RETAIL,big_down,0830_data,dn,ALL,bull,15,0.265,0.265,-1.1323,-0.311,0.5333,0.5333,0.3333,0.4667,-2.9283,-5.9128
event,USDCAD,H1,RETAIL,big_up,0830_data,dn,ALL,ALL,14,-0.1841,-0.1841,-1.8456,-1.3191,0.4286,0.4286,0.2143,0.1429,-3.7511,-10.264
event,USDCAD,H1,RETAIL,big_down,0830_data,up,ALL,bull,14,0.279,0.279,-0.9152,-2.3307,0.6429,0.6429,0.2857,0.3571,-2.5753,-10.4597
event,USDCAD,H1,RETAIL,big_up,0830_data,up,ALL,bear,11,0.558,0.558,0.578,1.114,0.5455,0.5455,0.7273,0.6364,-1.4907,-3.7479
event,USDCAD,H1,RETAIL,big_up,0830_data,up,ALL,bull,11,0.2343,0.2343,0.0381,-1.7387,0.5455,0.5455,0.6364,0.2727,-3.3795,-7.8113
event,USDCAD,H1,RETAIL,big_down,0830_data,dn,ALL,bear,8,0.5277,0.5277,-0.1747,1.4079,0.75,0.75,0.5,0.625,-2.0088,-6.0593
event,USDCAD,H1,RETAIL,big_up,0830_data,dn,ALL,bear,8,-0.4501,-0.4501,-2.0491,-2.3068,0.375,0.375,0.125,0.25,-4.1631,-10.264
event,USDCAD,H1,RETAIL,big_up,0830_data,dn,ALL,bull,6,0.0087,0.0087,-1.5585,-1.1588,0.5,0.5,0.3333,0.0,-3.1539,-5.3702
event,USDCAD,H1,TRADE,down,0830_data,up,ALL,ALL,24,-0.0602,-0.0602,0.248,-0.3125,0.4167,0.4167,0.5417,0.4167,-1.857,-9.4161
event,USDCAD,H1,TRADE,down,0830_data,dn,ALL,ALL,23,-0.2475,-0.2475,-0.3233,-1.1579,0.4783,0.4783,0.4348,0.3913,-2.9447,-20.4786
event,USDCAD,H1,TRADE,up,0830_data,dn,ALL,ALL,22,0.2614,0.2614,0.0174,-0.7608,0.5909,0.5909,0.5,0.3636,-2.6066,-6.8144
event,USDCAD,H1,TRADE,big_down,0830_data,up,ALL,ALL,21,0.114,0.114,-0.7273,-0.8348,0.5238,0.5238,0.4762,0.381,-2.5822,-11.5047
event,USDCAD,H1,TRADE,up,0830_data,up,ALL,ALL,19,-0.2556,-0.2556,-0.2029,-1.0555,0.4211,0.4211,0.4737,0.4211,-2.5858,-5.1614
event,USDCAD,H1,TRADE,down,0830_data,up,ALL,bull,14,-0.0602,-0.0602,0.3881,-0.0063,0.3571,0.3571,0.6429,0.4286,-2.1113,-9.4161
event,USDCAD,H1,TRADE,up,0830_data,dn,ALL,bull,14,0.3447,0.3447,0.3528,-0.5281,0.7143,0.7143,0.5714,0.3571,-2.7039,-5.8201
event,USDCAD,H1,TRADE,big_up,0830_data,dn,ALL,ALL,13,0.6831,0.6831,0.1182,-0.8234,0.6923,0.6923,0.5385,0.3846,-2.4669,-4.4451
event,USDCAD,H1,TRADE,big_up,0830_data,up,ALL,ALL,13,-0.4568,-0.4568,-0.2587,1.3709,0.2308,0.2308,0.3846,0.6154,-2.2268,-5.0218
event,USDCAD,H1,TRADE,big_down,0830_data,up,ALL,bull,13,0.114,0.114,-0.7273,-0.5349,0.5385,0.5385,0.4615,0.3846,-1.8539,-11.5047
event,USDCAD,H1,TRADE,down,0830_data,dn,ALL,bull,13,0.0772,0.0772,0.0356,0.3386,0.6154,0.6154,0.5385,0.5385,-1.629,-20.4786
event,USDCAD,H1,TRADE,big_down,0830_data,dn,ALL,ALL,11,0.482,0.482,0.1389,-0.1961,0.6364,0.6364,0.6364,0.4545,-1.6486,-3.9636
event,USDCAD,H1,TRADE,down,0830_data,up,ALL,bear,10,0.153,0.153,-0.6043,-0.7107,0.5,0.5,0.4,0.4,-1.6842,-7.5231
event,USDCAD,H1,TRADE,up,0830_data,up,ALL,bull,10,-0.8683,-0.8683,-1.8901,-1.5501,0.4,0.4,0.4,0.2,-3.155,-5.1614
event,USDCAD,H1,TRADE,down,0830_data,dn,ALL,bear,9,-0.7261,-0.7261,-1.2867,-1.6925,0.2222,0.2222,0.2222,0.2222,-3.2495,-9.4089
event,USDCAD,H1,TRADE,up,0830_data,up,ALL,bear,9,-0.0348,-0.0348,0.2581,2.7654,0.4444,0.4444,0.5556,0.6667,-1.7014,-4.1973
event,USDCAD,H1,TRADE,big_down,0830_data,up,ALL,bear,8,0.548,0.548,-0.5837,-2.8521,0.5,0.5,0.5,0.375,-4.6095,-7.5231
event,USDCAD,H1,TRADE,big_up,0830_data,up,ALL,bear,8,-0.3854,-0.3854,-0.2308,1.0633,0.25,0.25,0.375,0.625,-2.0486,-5.0218
event,USDCAD,H1,TRADE,up,0830_data,dn,ALL,bear,8,-0.4868,-0.4868,-0.1981,-0.8419,0.375,0.375,0.375,0.375,-2.4047,-6.8144
event,USDCAD,H1,TRADE,big_down,0830_data,dn,ALL,bear,7,0.7574,0.7574,0.1389,-0.9857,0.5714,0.5714,0.5714,0.2857,-2.9717,-3.9636
event,USDCAD,H1,TRADE,big_up,0830_data,dn,ALL,bear,7,0.6831,0.6831,-0.5148,-1.2134,0.8571,0.8571,0.4286,0.2857,-2.4669,-4.4451
event,USDCAD,H1,TRADE,big_up,0830_data,dn,ALL,bull,6,0.4983,0.4983,0.7623,1.9493,0.5,0.5,0.6667,0.5,-1.7574,-4.0841
event,USDCAD,H1,TRADE,big_up,0830_data,up,ALL,bull,5,-0.9465,-0.9465,-0.4194,3.6492,0.2,0.2,0.4,0.6,-2.2268,-4.7832
event,USDCAD,H1,UNRATE,down,0830_data,dn,ALL,ALL,52,-0.3188,-0.3188,-0.1781,-1.0795,0.4231,0.4231,0.4615,0.2885,-2.8402,-20.4786
event,USDCAD,H1,UNRATE,big_down,0830_data,dn,ALL,ALL,48,0.1995,0.1995,0.3701,0.2532,0.5417,0.5417,0.6042,0.5208,-2.3561,-5.6116
event,USDCAD,H1,UNRATE,up,0830_data,up,ALL,ALL,40,0.2194,0.2194,0.2631,-0.8825,0.575,0.575,0.55,0.4,-2.2385,-7.9275
event,USDCAD,H1,UNRATE,down,0830_data,up,ALL,ALL,37,-0.5056,-0.5056,-0.2015,0.1944,0.3243,0.3243,0.4865,0.5405,-2.1202,-6.3613
event,USDCAD,H1,UNRATE,up,0830_data,dn,ALL,ALL,31,-0.115,-0.115,-0.472,-0.3876,0.4516,0.4516,0.4194,0.3871,-2.7352,-6.189
event,USDCAD,H1,UNRATE,big_down,0830_data,dn,ALL,bear,29,0.2488,0.2488,0.7185,0.4358,0.5517,0.5517,0.6552,0.6207,-2.5867,-5.6116
event,USDCAD,H1,UNRATE,down,0830_data,dn,ALL,bull,29,-0.561,-0.561,-0.2164,-0.6897,0.3103,0.3103,0.4138,0.2759,-2.525,-20.4786
event,USDCAD,H1,UNRATE,down,0830_data,dn,ALL,bear,23,0.246,0.246,0.2498,-1.7268,0.5652,0.5652,0.5217,0.3043,-2.9278,-6.8281
event,USDCAD,H1,UNRATE,up,0830_data,up,ALL,bear,20,0.6366,0.6366,0.2809,0.4644,0.6,0.6,0.55,0.55,-1.5397,-7.9275
event,USDCAD,H1,UNRATE,up,0830_data,up,ALL,bull,20,0.1172,0.1172,0.2631,-1.1459,0.55,0.55,0.55,0.25,-2.3927,-5.8537
event,USDCAD,H1,UNRATE,big_down,0830_data,dn,ALL,bull,19,0.1503,0.1503,0.067,-1.1938,0.5263,0.5263,0.5263,0.3684,-2.3175,-4.9088
event,USDCAD,H1,UNRATE,down,0830_data,up,ALL,bear,19,-0.5972,-0.5972,0.5208,0.163,0.3158,0.3158,0.5263,0.5263,-1.9028,-6.3613
event,USDCAD,H1,UNRATE,down,0830_data,up,ALL,bull,17,-0.4944,-0.4944,-0.7339,0.1944,0.2941,0.2941,0.4118,0.5294,-2.3967,-4.2718
event,USDCAD,H1,UNRATE,big_down,0830_data,up,ALL,ALL,16,0.0391,0.0391,0.1355,-0.5559,0.5,0.5,0.5625,0.375,-2.3302,-7.8342
event,USDCAD,H1,UNRATE,up,0830_data,dn,ALL,bull,16,-0.1162,-0.1162,-0.6167,-0.4801,0.4375,0.4375,0.3125,0.4375,-2.758,-6.189
event,USDCAD,H1,UNRATE,up,0830_data,dn,ALL,bear,15,-0.115,-0.115,0.2498,-0.3876,0.4667,0.4667,0.5333,0.3333,-2.1333,-4.9668
event,USDCAD,H1,UNRATE,big_down,0830_data,up,ALL,bull,9,-0.0357,-0.0357,0.2454,-0.0876,0.4444,0.4444,0.6667,0.4444,-2.2268,-5.5761
event,USDCAD,H1,UNRATE,big_up,0830_data,up,ALL,ALL,8,-0.8844,-0.8844,-2.2436,-2.1995,0.25,0.25,0.125,0.25,-3.5335,-5.5452
event,USDCAD,H1,UNRATE,big_down,0830_data,up,ALL,bear,7,0.5353,0.5353,-0.7447,-1.0241,0.5714,0.5714,0.4286,0.2857,-2.3822,-7.8342
event,USDCAD,H1,UNRATE,big_up,0830_data,dn,ALL,ALL,6,-0.118,-0.118,-1.0948,-0.3324,0.5,0.5,0.3333,0.3333,-3.2261,-4.1192
event,USDCAD,H1,UNRATE,big_up,0830_data,up,ALL,bear,6,-1.5339,-1.5339,-1.8352,-1.6075,0.3333,0.3333,0.1667,0.3333,-3.3121,-5.5452
event,USDCAD,H1,UOM,big_down,1000_data,up,ALL,ALL,17,0.2005,0.2005,0.0541,-0.7349,0.5882,0.5882,0.5294,0.2353,-2.394,-4.7786
event,USDCAD,H1,UOM,down,other,up,ALL,ALL,17,0.0569,0.0569,0.3854,-0.8991,0.5882,0.5882,0.7059,0.2941,-2.178,-5.7555
event,USDCAD,H1,UOM,down,1000_data,dn,ALL,ALL,15,0.0968,0.0968,-0.0913,0.2906,0.5333,0.5333,0.4,0.6,-1.5446,-4.5256
event,USDCAD,H1,UOM,up,1000_data,up,ALL,ALL,15,-0.0122,-0.0122,0.5189,1.081,0.4667,0.4667,0.6,0.6,-1.8475,-4.4751
event,USDCAD,H1,UOM,up,other,dn,ALL,ALL,14,0.0064,0.0064,0.4801,0.7492,0.5,0.5,0.7143,0.5714,-1.5072,-5.9177
event,USDCAD,H1,UOM,big_down,1000_data,dn,ALL,ALL,12,-0.1125,-0.1125,-0.0412,-0.7125,0.4167,0.4167,0.5,0.3333,-1.5538,-11.8211
event,USDCAD,H1,UOM,big_up,1000_data,dn,ALL,ALL,12,-0.2295,-0.2295,0.1657,0.5973,0.4167,0.4167,0.5,0.6667,-1.4535,-5.6621
event,USDCAD,H1,UOM,down,other,up,ALL,bull,11,-0.1927,-0.1927,0.2157,-1.288,0.4545,0.4545,0.6364,0.1818,-3.5252,-5.7555
event,USDCAD,H1,UOM,big_down,1000_data,up,ALL,bull,10,0.3351,0.3351,0.112,-1.3425,0.7,0.7,0.6,0.2,-2.4513,-4.5384
event,USDCAD,H1,UOM,down,1000_data,dn,ALL,bear,10,0.043,0.043,-0.0836,-0.2664,0.5,0.5,0.4,0.5,-1.7188,-4.5256
event,USDCAD,H1,UOM,up,other,up,ALL,bull,9,-0.0336,-0.0336,0.5189,1.081,0.4444,0.4444,0.6667,0.5556,-1.8475,-4.4751
event,USDCAD,H1,UOM,big_down,other,dn,ALL,bear,8,-0.3132,-0.3132,-0.4219,-1.1071,0.25,0.25,0.375,0.25,-2.0554,-11.8211
event,USDCAD,H1,UOM,big_up,1000_data,dn,ALL,bear,8,-0.2295,-0.2295,-0.0524,0.4108,0.375,0.375,0.375,0.625,-1.7344,-5.6621
event,USDCAD,H1,UOM,up,other,dn,ALL,bull,8,0.6659,0.6659,1.0816,0.2235,0.75,0.75,0.875,0.5,-1.0961,-2.2849
event,USDCAD,H1,UOM,big_up,1000_data,up,ALL,ALL,7,0.0182,0.0182,0.046,0.3515,0.5714,0.5714,0.5714,0.5714,-1.5577,-2.8243
event,USDCAD,H1,UOM,big_down,1000_data,up,ALL,bear,7,-0.124,-0.124,-0.0424,-0.6891,0.4286,0.4286,0.4286,0.2857,-1.7368,-4.7786
event,USDCAD,H1,UOM,down,other,up,ALL,bear,6,0.2036,0.2036,0.5102,0.3553,0.8333,0.8333,0.8333,0.5,-0.8839,-2.6886
event,USDCAD,H1,UOM,up,other,dn,ALL,bear,6,-0.4626,-0.4626,-0.2131,0.7492,0.1667,0.1667,0.5,0.6667,-1.8145,-5.9177
event,USDCAD,H1,UOM,up,1000_data,up,ALL,bear,6,0.0826,0.0826,0.2916,1.4592,0.5,0.5,0.5,0.6667,-1.7139,-4.354
event,USDCAD,H1,UOM,down,1000_data,dn,ALL,bull,5,0.2394,0.2394,-0.5633,1.359,0.6,0.6,0.4,0.8,-1.0562,-2.6648
event,USDCHF,M15,ADP,up,other,up,ALL,ALL,27,-0.207,0.3398,-1.4012,-1.2469,0.3704,0.5926,0.3333,0.4444,-6.3676,-29.8466
event,USDCHF,M15,ADP,down,other,dn,ALL,ALL,26,-0.4275,-0.2934,1.2196,0.6162,0.4615,0.4231,0.6154,0.5385,-4.1722,-14.0999
event,USDCHF,M15,ADP,down,other,dn,ALL,bear,16,-0.4275,-0.2934,1.3191,1.5006,0.4375,0.375,0.6875,0.625,-3.8301,-12.1332
event,USDCHF,M15,ADP,big_up,other,up,ALL,ALL,15,-0.7767,0.254,-0.4854,1.7635,0.2,0.6,0.4667,0.8,-3.0645,-18.5273
event,USDCHF,M15,ADP,up,other,up,ALL,bear,15,-0.135,0.4673,-1.4012,-1.8234,0.4,0.5333,0.2667,0.4,-6.8733,-29.8466
event,USDCHF,M15,ADP,down,other,up,ALL,ALL,14,-0.075,0.228,-1.4528,0.7382,0.4286,0.5,0.1429,0.6429,-5.4181,-13.9723
event,USDCHF,M15,ADP,up,other,up,ALL,bull,12,-0.2282,0.2855,-1.3987,1.1963,0.3333,0.6667,0.4167,0.5,-5.9857,-10.1124
event,USDCHF,M15,ADP,up,other,dn,ALL,ALL,10,0.0778,0.3113,-1.9755,-2.9584,0.5,0.5,0.2,0.4,-7.0748,-11.2508
event,USDCHF,M15,ADP,big_up,other,up,ALL,bull,10,-0.831,-0.3377,-0.5625,3.3015,0.2,0.5,0.4,0.9,-2.8034,-7.767
event,USDCHF,M15,ADP,down,other,dn,ALL,bull,10,-0.2691,-0.9782,0.0851,-0.9957,0.5,0.5,0.5,0.4,-4.7911,-14.0999
event,USDCHF,M15,ADP,down,other,up,ALL,bear,9,-0.2309,-0.1214,-1.5284,0.9607,0.3333,0.4444,0.1111,0.7778,-5.5427,-11.2168
event,USDCHF,M15,ADP,big_up,other,dn,ALL,ALL,7,0.1129,-0.5525,1.0797,3.1118,0.5714,0.1429,0.5714,0.5714,-2.5959,-7.5967
event,USDCHF,M15,ADP,up,other,dn,ALL,bull,7,-0.0514,-0.6441,-2.3678,-2.2283,0.4286,0.4286,0.1429,0.4286,-6.8906,-10.7076
event,USDCHF,M15,ADP,big_down,other,dn,ALL,ALL,5,0.4717,1.883,-0.6723,-2.0534,0.6,0.6,0.4,0.2,-4.9819,-6.3025
event,USDCHF,M15,ADP,big_up,other,dn,ALL,bull,5,-0.09,-0.9174,1.0797,3.1118,0.4,0.0,0.6,0.6,-2.5959,-5.5022
event,USDCHF,M15,ADP,big_up,other,up,ALL,bear,5,-0.3518,0.8945,0.3522,0.4227,0.2,0.8,0.6,0.6,-3.5477,-18.5273
event,USDCHF,M15,ADP,down,other,up,ALL,bull,5,0.1198,0.5774,-1.3772,-0.1796,0.6,0.6,0.2,0.4,-5.2934,-13.9723
event,USDCHF,M15,AHE,up,0830_data,up,ALL,ALL,26,0.9076,0.5218,-0.4392,-0.7546,0.6154,0.5769,0.4231,0.4615,-7.1516,-16.6963
event,USDCHF,M15,AHE,down,0830_data,dn,ALL,ALL,22,-0.6658,-0.0527,0.3115,-1.861,0.2727,0.5,0.5455,0.4091,-5.4324,-12.3833
event,USDCHF,M15,AHE,down,0830_data,up,ALL,ALL,14,-0.6691,-2.1311,-1.9756,-2.6133,0.3571,0.1429,0.2857,0.1429,-6.6219,-14.8807
event,USDCHF,M15,AHE,up,0830_data,up,ALL,bear,13,1.4455,0.6104,-0.2713,-1.2056,0.6923,0.6154,0.3846,0.3846,-7.1306,-16.6963
event,USDCHF,M15,AHE,up,0830_data,up,ALL,bull,13,0.5898,0.4331,-0.6072,0.367,0.5385,0.5385,0.4615,0.5385,-7.1726,-13.2177
event,USDCHF,M15,AHE,down,0830_data,dn,ALL,bear,11,-0.8395,-0.2963,0.2343,-0.3951,0.1818,0.4545,0.5455,0.4545,-5.6378,-12.3833
event,USDCHF,M15,AHE,down,0830_data,dn,ALL,bull,11,-0.541,0.2592,0.3888,-2.8706,0.3636,0.5455,0.5455,0.3636,-5.2271,-11.5324
event,USDCHF,M15,AHE,up,0830_data,dn,ALL,ALL,10,-0.6255,0.9047,2.1141,-1.5693,0.4,0.5,0.6,0.4,-5.2998,-13.2055
event,USDCHF,M15,AHE,big_down,0830_data,up,ALL,ALL,9,0.6999,0.4759,-0.2892,-0.154,0.6667,0.5556,0.4444,0.4444,-2.8463,-12.1071
event,USDCHF,M15,AHE,down,0830_data,up,ALL,bull,9,-0.6944,-2.1817,-2.055,-2.4707,0.2222,0.1111,0.3333,0.0,-9.8355,-14.8807
event,USDCHF,M15,AHE,big_up,0830_data,up,ALL,ALL,7,0.6803,-1.1004,0.5541,1.178,0.5714,0.2857,0.5714,0.7143,-5.0892,-10.7043
event,USDCHF,M15,AHE,big_down,0830_data,up,ALL,bear,7,1.8721,0.5784,0.7279,4.9947,0.7143,0.7143,0.5714,0.5714,-2.6734,-12.1071
event,USDCHF,M15,AHE,big_down,0830_data,dn,ALL,ALL,5,0.2092,1.7382,3.9677,-0.7113,0.6,0.8,0.6,0.4,-3.5656,-11.381
event,USDCHF,M15,AHE,down,0830_data,up,ALL,bear,5,0.0351,-1.5971,-1.8961,-2.7559,0.6,0.2,0.2,0.4,-4.7051,-13.5903
event,USDCHF,M15,AHE,up,0830_data,dn,ALL,bear,5,-1.0526,-4.0161,-2.3579,-1.3442,0.2,0.4,0.2,0.4,-8.6842,-13.2055
event,USDCHF,M15,AHE,up,0830_data,dn,ALL,bull,5,0.2243,4.0783,4.279,-1.7945,0.6,0.6,1.0,0.4,-4.8903,-5.6578
event,USDCHF,M15,CLAIMS,down,0830_data,up,ALL,ALL,72,0.2087,0.0526,0.0045,-0.0817,0.5833,0.5139,0.5,0.5,-3.8934,-41.283
event,USDCHF,M15,CLAIMS,down,0830_data,dn,ALL,ALL,61,0.1812,-0.016,-0.5767,-0.211,0.5574,0.4754,0.459,0.4754,-5.5636,-34.8377
event,USDCHF,M15,CLAIMS,up,0830_data,dn,ALL,ALL,59,0.198,0.1551,0.0397,0.7513,0.6441,0.5085,0.5085,0.5254,-4.0877,-21.7154
event,USDCHF,M15,CLAIMS,up,0830_data,up,ALL,ALL,58,-0.0525,-0.2125,-0.6655,-1.5615,0.4828,0.4655,0.3793,0.431,-5.5353,-27.9315
event,USDCHF,M15,CLAIMS,down,0830_data,up,ALL,bear,43,0.2165,-0.0512,1.3972,2.6157,0.5814,0.4884,0.5814,0.6047,-2.7005,-35.2236
event,USDCHF,M15,CLAIMS,down,0830_data,dn,ALL,bull,36,0.3044,0.4362,0.7473,0.2803,0.6111,0.5556,0.5278,0.5278,-4.4888,-16.2866
event,USDCHF,M15,CLAIMS,big_down,0830_data,up,ALL,ALL,31,-0.2854,-0.3308,-0.3049,-1.1668,0.4194,0.4516,0.4516,0.3548,-5.0138,-20.8171
event,USDCHF,M15,CLAIMS,up,0830_data,dn,ALL,bear,30,0.18,-0.1714,-0.1649,0.65,0.6333,0.4,0.4667,0.5333,-4.5816,-17.698
event,USDCHF,M15,CLAIMS,up,0830_data,up,ALL,bear,30,0.15,0.0897,-1.3408,-1.5615,0.5667,0.5333,0.2667,0.4333,-5.7985,-18.9276
event,USDCHF,M15,CLAIMS,down,0830_data,up,ALL,bull,29,0.0366,0.1776,-0.5866,-3.1244,0.5862,0.5517,0.3793,0.3448,-5.641,-41.283
event,USDCHF,M15,CLAIMS,up,0830_data,dn,ALL,bull,29,0.3432,0.4744,0.759,0.9015,0.6552,0.6207,0.5517,0.5172,-3.2037,-21.7154
event,USDCHF,M15,CLAIMS,big_up,0830_data,dn,ALL,ALL,28,-0.1309,-0.0748,0.0558,-0.9544,0.4286,0.5,0.5,0.3929,-4.6271,-21.7631
event,USDCHF,M15,CLAIMS,up,0830_data,up,ALL,bull,28,-0.2103,-0.2659,-0.0,-1.4436,0.3929,0.3929,0.5,0.4286,-5.5146,-27.9315
event,USDCHF,M15,CLAIMS,down,0830_data,dn,ALL,bear,25,-0.2266,-1.1509,-3.5612,-1.9444,0.48,0.36,0.36,0.4,-7.6118,-34.8377
event,USDCHF,M15,CLAIMS,big_up,0830_data,up,ALL,ALL,23,0.2599,-0.1348,-1.4746,-2.7652,0.6522,0.3913,0.2174,0.3913,-5.9819,-24.7336
event,USDCHF,M15,CLAIMS,big_down,0830_data,dn,ALL,ALL,20,-0.1823,-0.4312,0.826,-1.0319,0.35,0.45,0.55,0.4,-3.5793,-7.615
event,USDCHF,M15,CLAIMS,big_down,0830_data,up,ALL,bear,18,0.2458,0.1651,-0.3598,-1.2331,0.5556,0.5556,0.3889,0.3889,-4.7916,-14.4289
event,USDCHF,M15,CLAIMS,big_up,0830_data,dn,ALL,bull,15,-0.3854,-0.4613,-0.1854,-0.1595,0.3333,0.4,0.4667,0.4,-5.3806,-19.3285
event,USDCHF,M15,CLAIMS,big_down,0830_data,up,ALL,bull,13,-0.8575,-0.654,0.207,-0.9031,0.2308,0.3077,0.5385,0.3077,-5.0138,-20.8171
event,USDCHF,M15,CLAIMS,big_up,0830_data,dn,ALL,bear,13,0.0245,0.1311,1.2984,-1.1435,0.5385,0.6154,0.5385,0.3846,-3.2378,-21.7631
event,USDCHF,M15,CLAIMS,big_up,0830_data,up,ALL,bull,13,0.2599,-0.1348,-1.4108,-2.7652,0.6923,0.3077,0.2308,0.3846,-5.8635,-24.7336
event,USDCHF,M15,CLAIMS,big_down,0830_data,dn,ALL,bull,11,-0.175,1.3033,1.4783,-0.702,0.4545,0.6364,0.5455,0.4545,-3.6819,-7.615
event,USDCHF,M15,CLAIMS,big_up,0830_data,up,ALL,bear,10,0.2366,-0.3723,-2.7093,-2.4351,0.6,0.5,0.2,0.4,-8.7112,-13.9855
event,USDCHF,M15,CLAIMS,big_down,0830_data,dn,ALL,bear,9,-0.5486,-0.6868,0.1737,-1.3697,0.2222,0.2222,0.5556,0.3333,-2.7681,-7.4045
event,USDCHF,M15,CONF,up,1000_data,up,ALL,ALL,31,0.0844,-0.0394,-0.0853,-0.4251,0.5161,0.4839,0.4839,0.4516,-4.407,-19.4045
event,USDCHF,M15,CONF,down,1000_data,dn,ALL,ALL,25,-0.1495,-0.3794,0.0117,-1.1484,0.44,0.4,0.52,0.4,-4.3921,-14.2697
event,USDCHF,M15,CONF,big_up,1000_data,up,ALL,ALL,24,0.0374,-0.7903,-0.576,1.5303,0.5,0.375,0.4167,0.5417,-3.3395,-14.7221
event,USDCHF,M15,CONF,big_down,1000_data,dn,ALL,ALL,18,0.3429,-0.0489,0.9781,1.3754,0.6667,0.4444,0.6667,0.6111,-3.3422,-12.6521
event,USDCHF,M15,CONF,up,1000_data,up,ALL,bear,17,0.1473,-0.188,-0.8418,-1.9737,0.5294,0.4706,0.2941,0.2941,-5.4713,-19.4045
event,USDCHF,M15,CONF,up,1000_data,dn,ALL,ALL,16,-0.2114,0.4555,0.0621,-2.6646,0.375,0.625,0.5625,0.375,-6.2074,-21.659
event,USDCHF,M15,CONF,down,1000_data,dn,ALL,bear,15,-0.1495,-0.2374,-0.4029,-0.2276,0.4667,0.4667,0.4667,0.4667,-3.2138,-14.2697
event,USDCHF,M15,CONF,up,1000_data,up,ALL,bull,14,-0.1184,0.0644,1.5984,0.7469,0.5,0.5,0.7143,0.6429,-2.4046,-13.1752
event,USDCHF,M15,CONF,big_down,1000_data,up,ALL,ALL,13,-0.3109,-0.3273,-0.2423,-3.285,0.3077,0.3846,0.3077,0.2308,-6.5702,-15.0463
event,USDCHF,M15,CONF,down,1000_data,up,ALL,ALL,13,-0.2716,0.202,0.3672,4.921,0.4615,0.6154,0.5385,0.6154,-3.8889,-12.2564
event,USDCHF,M15,CONF,big_up,1000_data,up,ALL,bull,13,0.1085,-0.4711,-0.2862,2.1378,0.5385,0.4615,0.4615,0.6154,-2.8531,-14.7221
event,USDCHF,M15,CONF,up,1000_data,dn,ALL,bull,13,-0.2659,0.501,0.088,-1.1444,0.3077,0.6154,0.6154,0.4615,-4.2907,-21.659
event,USDCHF,M15,CONF,big_up,1000_data,up,ALL,bear,11,-0.2157,-0.8722,-0.8339,-0.8224,0.4545,0.2727,0.3636,0.4545,-4.1582,-11.5079
event,USDCHF,M15,CONF,big_down,1000_data,dn,ALL,bear,10,0.1524,-0.4987,1.9107,3.6244,0.6,0.3,0.7,0.7,-2.1063,-10.9093
event,USDCHF,M15,CONF,down,1000_data,dn,ALL,bull,10,-0.1319,-0.6293,0.6345,-1.7407,0.4,0.3,0.6,0.3,-5.1344,-13.0132
event,USDCHF,M15,CONF,big_up,1000_data,dn,ALL,ALL,8,0.069,-0.2018,0.42,-3.3812,0.625,0.375,0.625,0.25,-5.0681,-10.1523
event,USDCHF,M15,CONF,big_down,1000_data,dn,ALL,bull,8,0.8914,0.6364,0.341,-1.6196,0.75,0.625,0.625,0.5,-6.2135,-12.6521
event,USDCHF,M15,CONF,big_down,1000_data,up,ALL,bull,7,-0.6289,-0.3273,-0.2096,-2.4571,0.0,0.2857,0.2857,0.1429,-6.1842,-15.0463
event,USDCHF,M15,CONF,down,1000_data,up,ALL,bear,7,0.426,0.5263,-0.0215,-1.1242,0.7143,0.5714,0.4286,0.4286,-5.4434,-12.2564
event,USDCHF,M15,CONF,big_down,1000_data,up,ALL,bear,6,0.7339,-0.2642,-0.2817,-5.6182,0.6667,0.5,0.3333,0.3333,-6.7404,-9.8084
event,USDCHF,M15,CONF,big_up,1000_data,dn,ALL,bear,6,0.2528,-0.4001,-0.5309,-3.3812,0.6667,0.3333,0.5,0.1667,-5.0681,-10.1523
event,USDCHF,M15,CONF,down,1000_data,up,ALL,bull,6,-0.6677,0.1774,0.4726,5.3548,0.1667,0.6667,0.6667,0.8333,-2.206,-6.7368
event,USDCHF,M15,CPI_MM,down,0830_data,dn,ALL,ALL,72,-0.3561,0.1468,-0.8746,0.8677,0.4167,0.5278,0.3889,0.5278,-5.2421,-22.3247
event,USDCHF,M15,CPI_MM,down,0830_data,up,ALL,ALL,52,-0.2366,-0.6383,-0.0318,-0.8197,0.4038,0.4038,0.5,0.4615,-5.4884,-18.8687
event,USDCHF,M15,CPI_MM,up,0830_data,up,ALL,ALL,48,0.2887,0.1669,-0.6879,-0.5086,0.5417,0.5208,0.3958,0.4792,-5.55,-40.5376
event,USDCHF,M15,CPI_MM,up,0830_data,dn,ALL,ALL,38,0.1097,0.627,0.0199,-0.2782,0.5263,0.5263,0.5,0.3684,-5.164,-21.7657
event,USDCHF,M15,CPI_MM,down,0830_data,dn,ALL,bear,38,0.1726,0.5161,-0.7301,1.2131,0.5526,0.5263,0.4211,0.5263,-5.0869,-22.3247
event,USDCHF,M15,CPI_MM,down,0830_data,dn,ALL,bull,34,-0.8821,0.117,-0.9898,0.6096,0.2647,0.5294,0.3529,0.5294,-5.2421,-18.6365
event,USDCHF,M15,CPI_MM,down,0830_data,up,ALL,bear,28,-0.2366,-0.7218,-1.1703,-1.4475,0.3929,0.3214,0.4643,0.4643,-7.3258,-18.8687
event,USDCHF,M15,CPI_MM,up,0830_data,up,ALL,bear,25,0.4806,0.0917,-0.7701,-1.1641,0.6,0.52,0.36,0.36,-6.3063,-27.2436
event,USDCHF,M15,CPI_MM,down,0830_data,up,ALL,bull,24,-0.2729,0.2041,0.0631,-0.7618,0.4167,0.5,0.5417,0.4583,-4.232,-13.3596
event,USDCHF,M15,CPI_MM,up,0830_data,up,ALL,bull,23,-0.0184,0.5938,-0.0879,1.7282,0.4783,0.5217,0.4348,0.6087,-4.3185,-40.5376
event,USDCHF,M15,CPI_MM,big_up,0830_data,up,ALL,ALL,21,-0.1733,0.3319,-3.2743,1.0559,0.4286,0.5238,0.4286,0.5238,-4.996,-20.8035
event,USDCHF,M15,CPI_MM,big_down,0830_data,dn,ALL,ALL,19,-0.5872,-0.6789,-0.4572,0.9384,0.2632,0.3684,0.4211,0.5789,-4.4684,-23.3924
event,USDCHF,M15,CPI_MM,up,0830_data,dn,ALL,bear,19,0.2062,0.5536,-0.0268,-0.1474,0.6316,0.5263,0.4737,0.4211,-4.6809,-21.7657
event,USDCHF,M15,CPI_MM,up,0830_data,dn,ALL,bull,19,-0.2776,0.9009,0.0397,-0.6739,0.4211,0.5263,0.5263,0.3158,-5.7393,-15.9546
event,USDCHF,M15,CPI_MM,big_down,eu_session,up,ALL,ALL,16,-0.035,0.0605,-2.7614,-2.7653,0.5,0.5,0.3125,0.4375,-7.172,-39.8789
event,USDCHF,M15,CPI_MM,big_up,0830_data,up,ALL,bull,14,-1.0889,-0.1821,-0.0295,-1.7875,0.3571,0.4286,0.5,0.4286,-6.4076,-20.8035
event,USDCHF,M15,CPI_MM,big_up,0830_data,dn,ALL,ALL,11,-0.0892,-0.1653,0.0695,-3.4661,0.3636,0.4545,0.6364,0.2727,-7.4933,-27.6807
event,USDCHF,M15,CPI_MM,big_down,0830_data,dn,ALL,bull,10,-0.632,-1.316,-0.1588,-0.4079,0.1,0.4,0.5,0.5,-4.8554,-23.3924
event,USDCHF,M15,CPI_MM,big_down,0830_data,dn,ALL,bear,9,-0.0794,-0.2406,-0.4572,0.9384,0.4444,0.3333,0.3333,0.6667,-4.4684,-13.319
event,USDCHF,M15,CPI_MM,big_down,0830_data,up,ALL,bear,8,-0.035,-0.4776,-3.8438,-9.3101,0.5,0.375,0.125,0.25,-12.6484,-39.8789
event,USDCHF,M15,CPI_MM,big_down,eu_session,up,ALL,bull,8,-0.0558,0.7486,-0.6194,4.0012,0.5,0.625,0.5,0.625,-5.9952,-17.4422
event,USDCHF,M15,CPI_MM,big_up,eu_session,dn,ALL,bear,8,-0.4771,0.2994,0.0465,-7.0609,0.375,0.5,0.625,0.375,-7.3011,-27.6807
event,USDCHF,M15,CPI_MM,big_up,0830_data,up,ALL,bear,7,0.3573,1.9151,-3.7867,2.9714,0.5714,0.7143,0.2857,0.7143,-4.9837,-16.5219
event,USDCHF,M15,CPI_YY,down,0830_data,dn,ALL,ALL,63,-0.4195,-0.3232,-0.5507,0.4837,0.3968,0.4762,0.4127,0.5556,-4.4308,-18.6365
event,USDCHF,M15,CPI_YY,up,0830_data,up,ALL,ALL,59,-0.1661,-0.654,-1.2782,-0.3322,0.3898,0.3898,0.3559,0.4237,-4.7577,-40.5376
event,USDCHF,M15,CPI_YY,up,0830_data,dn,ALL,ALL,51,-0.1608,-0.3788,-1.14,-2.3176,0.451,0.4902,0.4118,0.3137,-6.4041,-17.72
event,USDCHF,M15,CPI_YY,down,0830_data,up,ALL,ALL,34,-0.3208,-0.5679,0.0516,2.4592,0.3235,0.4412,0.5294,0.6471,-3.2895,-39.8789
event,USDCHF,M15,CPI_YY,up,0830_data,dn,ALL,bear,33,0.191,0.1551,-1.4216,-2.4205,0.5758,0.5152,0.3939,0.3333,-6.6216,-14.8787
event,USDCHF,M15,CPI_YY,down,0830_data,dn,ALL,bull,32,-0.7682,0.0692,-0.5887,0.4837,0.3438,0.5312,0.375,0.5938,-4.3518,-18.6365
event,USDCHF,M15,CPI_YY,down,0830_data,dn,ALL,bear,31,-0.0794,-0.515,-0.5507,1.0,0.4516,0.4194,0.4516,0.5161,-4.4308,-16.6488
event,USDCHF,M15,CPI_YY,up,0830_data,up,ALL,bull,31,-0.2841,-0.1821,-1.0709,-0.3319,0.3548,0.3871,0.4194,0.4516,-4.3142,-40.5376
event,USDCHF,M15,CPI_YY,up,0830_data,up,ALL,bear,28,-0.07,-0.9458,-1.9475,-1.4029,0.4286,0.3929,0.2857,0.3929,-6.1404,-23.2002
event,USDCHF,M15,CPI_YY,big_up,0830_data,up,ALL,ALL,27,-0.2285,-0.2418,1.3245,1.0559,0.4074,0.4074,0.5185,0.5556,-4.9837,-16.5219
event,USDCHF,M15,CPI_YY,big_down,0830_data,dn,ALL,ALL,26,-0.3338,-0.1102,-0.8052,-0.1437,0.3846,0.5,0.3846,0.4615,-5.6545,-23.3924
event,USDCHF,M15,CPI_YY,down,0830_data,up,ALL,bear,24,-0.2942,-0.5679,0.0594,3.015,0.375,0.4167,0.5833,0.7083,-3.2804,-39.8789
event,USDCHF,M15,CPI_YY,up,0830_data,dn,ALL,bull,18,-0.8866,-0.3788,-0.7701,-1.0417,0.2222,0.4444,0.4444,0.2778,-6.0376,-17.72
event,USDCHF,M15,CPI_YY,big_down,0830_data,dn,ALL,bear,14,0.5491,0.3559,-0.4572,0.9692,0.5714,0.5,0.4286,0.6429,-4.4088,-7.3386
event,USDCHF,M15,CPI_YY,big_up,0830_data,up,ALL,bull,14,-0.3311,-1.3453,2.0459,-0.423,0.3571,0.2857,0.6429,0.5,-4.4847,-11.077
event,USDCHF,M15,CPI_YY,big_up,0830_data,up,ALL,bear,13,-0.0827,0.4065,-3.2743,1.0559,0.4615,0.5385,0.3846,0.6154,-4.9837,-16.5219
event,USDCHF,M15,CPI_YY,big_down,0830_data,dn,ALL,bull,12,-0.6757,-0.3147,-2.8685,-5.9757,0.1667,0.5,0.3333,0.25,-8.3695,-23.3924
event,USDCHF,M15,CPI_YY,down,0830_data,up,ALL,bull,10,-0.5557,-0.514,-0.6181,0.9591,0.2,0.5,0.4,0.5,-5.1209,-9.1892
event,USDCHF,M15,CPI_YY,big_down,0830_data,up,ALL,ALL,9,-0.1661,-0.142,-2.3437,-1.2533,0.4444,0.4444,0.1111,0.2222,-6.1497,-39.8789
event,USDCHF,M15,CPI_YY,big_up,0830_data,dn,ALL,ALL,8,-0.0892,-1.0076,1.5834,-2.034,0.375,0.375,0.625,0.25,-6.981,-14.1379
event,USDCHF,M15,CPI_YY,big_down,0830_data,up,ALL,bear,5,0.16,0.3358,-5.08,-1.2533,0.6,0.6,0.2,0.4,-7.1867,-39.8789
event,USDCHF,M15,CPI_YY,big_up,0830_data,dn,ALL,bear,5,0.3712,1.3392,2.5764,-2.0609,0.6,0.6,0.6,0.4,-2.7778,-10.7377
event,USDCHF,M15,CRUDE,down,other,up,ALL,ALL,22,0.0863,-0.2403,-0.2338,-1.7535,0.5,0.4545,0.4545,0.1818,-5.9243,-39.278
event,USDCHF,M15,CRUDE,down,other,dn,ALL,ALL,17,-0.6212,-0.8787,0.0101,1.1337,0.2941,0.3529,0.5294,0.6471,-4.2582,-19.6353
event,USDCHF,M15,CRUDE,up,other,dn,ALL,ALL,16,0.0577,0.2479,0.7871,0.986,0.5,0.5625,0.625,0.5625,-3.7001,-15.3174
event,USDCHF,M15,CRUDE,big_down,other,dn,ALL,ALL,15,-0.4805,-0.6287,0.7951,-1.4904,0.4,0.4667,0.5333,0.4667,-4.0767,-11.8827
event,USDCHF,M15,CRUDE,big_up,other,dn,ALL,ALL,15,-0.3129,-0.5667,-1.9416,-1.7696,0.3333,0.3333,0.4,0.4667,-5.2906,-11.6495
event,USDCHF,M15,CRUDE,big_down,other,up,ALL,ALL,14,-0.2516,-0.9316,-0.6303,2.2714,0.5,0.3571,0.3571,0.5714,-6.5151,-11.1848
event,USDCHF,M15,CRUDE,big_up,other,up,ALL,ALL,14,0.0054,-0.5985,-1.3306,-1.4091,0.5,0.2857,0.3571,0.3571,-5.9619,-24.1295
event,USDCHF,M15,CRUDE,up,other,up,ALL,ALL,13,-0.6315,-0.37,1.7881,2.3841,0.2308,0.2308,0.6923,0.6154,-2.8212,-29.0348
event,USDCHF,M15,CRUDE,down,other,up,ALL,bear,13,-0.2528,-0.2577,-0.3103,-0.9364,0.4615,0.3846,0.3846,0.3077,-5.6935,-25.3411
event,USDCHF,M15,CRUDE,up,other,dn,ALL,bull,13,0.3142,0.3196,1.1051,0.9083,0.5385,0.6154,0.6154,0.5385,-4.6159,-15.3174
event,USDCHF,M15,CRUDE,big_up,other,up,ALL,bull,9,-0.0102,-0.704,-2.0314,-0.9085,0.4444,0.2222,0.2222,0.3333,-6.5555,-24.1295
event,USDCHF,M15,CRUDE,down,other,dn,ALL,bull,9,-0.6212,-1.0513,0.3345,3.5907,0.2222,0.3333,0.5556,0.6667,-3.8167,-6.7664
event,USDCHF,M15,CRUDE,down,other,up,ALL,bull,9,0.2747,0.1037,0.2715,-4.4302,0.5556,0.5556,0.5556,0.0,-6.1551,-39.278
event,USDCHF,M15,CRUDE,big_down,other,dn,ALL,bear,8,-0.6691,-0.7169,0.3099,2.1301,0.375,0.375,0.5,0.5,-4.2988,-11.8827
event,USDCHF,M15,CRUDE,big_down,other,up,ALL,bear,8,0.2907,0.1546,-0.9472,-2.1397,0.625,0.5,0.375,0.375,-7.0083,-11.1848
event,USDCHF,M15,CRUDE,big_up,other,dn,ALL,bull,8,-0.1777,-0.4653,0.2381,-3.3652,0.25,0.375,0.625,0.375,-5.4231,-11.6495
event,USDCHF,M15,CRUDE,down,other,dn,ALL,bear,8,-0.5307,-0.5906,-1.318,1.0539,0.375,0.375,0.5,0.625,-6.4351,-19.6353
event,USDCHF,M15,CRUDE,up,other,up,ALL,bull,8,-0.5608,-0.1944,1.1539,2.2031,0.25,0.25,0.75,0.625,-3.9626,-18.9734
event,USDCHF,M15,CRUDE,big_down,other,dn,ALL,bull,7,-0.4805,0.1831,5.6216,-2.7599,0.4286,0.5714,0.5714,0.4286,-3.4839,-7.9137
event,USDCHF,M15,CRUDE,big_up,other,dn,ALL,bear,7,-0.3302,-1.7732,-2.7012,0.8239,0.4286,0.2857,0.1429,0.5714,-4.7768,-8.8118
event,USDCHF,M15,CRUDE,big_down,other,up,ALL,bull,6,-0.8129,-1.2881,-0.5216,3.7397,0.3333,0.1667,0.3333,0.8333,-4.8781,-11.1224
event,USDCHF,M15,CRUDE,big_up,other,up,ALL,bear,5,0.1196,-0.4584,1.3517,-1.9097,0.6,0.4,0.6,0.4,-3.9709,-14.2871
event,USDCHF,M15,CRUDE,up,other,up,ALL,bear,5,-1.2227,-0.681,3.1692,2.3841,0.2,0.2,0.6,0.6,-1.9305,-29.0348
event,USDCHF,M15,DURABLES,down,0830_data,dn,ALL,ALL,23,-0.4973,-0.8274,-1.8525,-0.4358,0.2609,0.2609,0.1739,0.4348,-5.4343,-14.645
event,USDCHF,M15,DURABLES,up,0830_data,up,ALL,ALL,19,-0.4139,0.0513,3.2178,3.2238,0.3684,0.5263,0.6842,0.5789,-3.8573,-27.9315
event,USDCHF,M15,DURABLES,down,0830_data,dn,ALL,bull,16,-0.306,-0.8379,-1.9842,0.7714,0.3125,0.25,0.1875,0.5625,-5.5653,-12.0607
event,USDCHF,M15,DURABLES,down,0830_data,up,ALL,ALL,15,0.1018,0.3174,-0.135,0.1962,0.5333,0.5333,0.4667,0.5333,-6.2913,-15.7841
event,USDCHF,M15,DURABLES,up,0830_data,up,ALL,bull,10,-0.4099,-0.0144,2.6681,3.5853,0.3,0.5,0.8,0.7,-2.8705,-27.9315
event,USDCHF,M15,DURABLES,up,0830_data,up,ALL,bear,9,-0.4139,0.4209,3.3747,-1.0708,0.4444,0.5556,0.5556,0.4444,-4.7776,-12.4474
event,USDCHF,M15,DURABLES,down,0830_data,up,ALL,bull,8,0.3984,0.4965,-0.2665,-0.4108,0.75,0.625,0.375,0.5,-6.0019,-15.7841
event,USDCHF,M15,DURABLES,big_down,0830_data,dn,ALL,ALL,7,-0.232,0.1311,0.78,-1.3341,0.4286,0.5714,0.5714,0.2857,-6.0,-11.1538
event,USDCHF,M15,DURABLES,down,0830_data,dn,ALL,bear,7,-0.6854,-0.6235,-1.587,-1.328,0.1429,0.2857,0.1429,0.1429,-4.6834,-14.645
event,USDCHF,M15,DURABLES,down,0830_data,up,ALL,bear,7,-0.1707,-0.6777,1.176,0.1962,0.2857,0.4286,0.5714,0.5714,-8.0046,-10.5923
event,USDCHF,M15,DURABLES,up,0830_data,dn,ALL,ALL,6,-0.0851,-0.3315,-1.4514,-1.5722,0.3333,0.5,0.1667,0.3333,-4.614,-7.4113
event,USDCHF,M15,DURABLES,big_up,0830_data,up,ALL,ALL,5,0.0,0.5892,-2.5045,-2.6471,0.4,0.6,0.4,0.4,-4.025,-9.901
event,USDCHF,M15,GDP,down,0830_data,dn,ALL,ALL,20,0.3477,0.7901,0.9903,3.9581,0.7,0.6,0.6,0.55,-3.7107,-22.1058
event,USDCHF,M15,GDP,up,0830_data,up,ALL,ALL,19,-0.033,-1.2882,-0.6803,-0.6087,0.4211,0.2632,0.3684,0.4737,-5.8528,-20.1923
event,USDCHF,M15,GDP,up,0830_data,dn,ALL,ALL,17,0.1418,0.9383,1.2563,0.597,0.5882,0.6471,0.5294,0.5294,-5.2511,-11.3211
event,USDCHF,M15,GDP,down,0830_data,up,ALL,ALL,16,-0.1671,-0.7226,-2.7164,-3.3567,0.4375,0.4375,0.1875,0.25,-6.3097,-21.1353
event,USDCHF,M15,GDP,big_down,0830_data,dn,ALL,ALL,15,0.1735,-0.1126,1.113,3.6292,0.5333,0.4667,0.6,0.8667,-2.5567,-10.8421
event,USDCHF,M15,GDP,big_up,0830_data,up,ALL,ALL,15,0.4669,0.9284,2.7068,1.4477,0.8,0.6667,0.7333,0.6,-4.0325,-14.4289
event,USDCHF,M15,GDP,down,0830_data,up,ALL,bear,13,0.0113,-0.5388,-3.0172,-3.3843,0.5385,0.4615,0.1538,0.1538,-6.7222,-21.1353
event,USDCHF,M15,GDP,down,0830_data,dn,ALL,bear,11,0.3356,0.6853,0.4317,-2.7118,0.6364,0.6364,0.5455,0.4545,-4.1079,-22.1058
event,USDCHF,M15,GDP,big_up,0830_data,up,ALL,bull,10,0.6221,0.802,2.825,1.021,0.9,0.7,0.7,0.6,-3.1092,-12.776
event,USDCHF,M15,GDP,up,0830_data,dn,ALL,bull,10,0.0799,1.0891,0.3652,-0.2328,0.6,0.7,0.5,0.5,-4.8363,-11.3211
event,USDCHF,M15,GDP,up,0830_data,up,ALL,bull,10,-0.1574,-1.5053,-1.0399,-0.8111,0.4,0.2,0.2,0.3,-7.095,-17.3469
event,USDCHF,M15,GDP,down,0830_data,dn,ALL,bull,9,0.3598,1.3719,3.449,5.8163,0.7778,0.5556,0.6667,0.6667,-3.0875,-10.6729
event,USDCHF,M15,GDP,up,0830_data,up,ALL,bear,9,-0.033,-0.5493,1.9809,1.5187,0.4444,0.3333,0.5556,0.6667,-3.1909,-20.1923
event,USDCHF,M15,GDP,big_down,0830_data,dn,ALL,bear,8,-1.0035,-0.7944,0.9221,3.6737,0.375,0.25,0.625,0.875,-3.0757,-9.3882
event,USDCHF,M15,GDP,big_down,0830_data,dn,ALL,bull,7,0.6364,1.5855,1.113,2.4465,0.7143,0.7143,0.5714,0.8571,-1.7373,-10.8421
event,USDCHF,M15,GDP,up,0830_data,dn,ALL,bear,7,0.3705,0.2959,2.486,0.597,0.5714,0.5714,0.5714,0.5714,-5.2511,-8.4327
event,USDCHF,M15,GDP,big_up,0830_data,dn,ALL,ALL,6,-0.2529,1.4977,1.1708,-0.6485,0.5,0.6667,0.5,0.5,-4.2307,-7.1191
event,USDCHF,M15,GDP,big_up,0830_data,up,ALL,bear,5,0.4124,1.8121,1.693,2.551,0.6,0.6,0.8,0.6,-4.5068,-14.4289
event,USDCHF,M15,HOMESALES,down,1000_data,dn,ALL,ALL,23,0.0,0.1271,0.4682,-2.8002,0.4783,0.5652,0.5652,0.3913,-5.3901,-15.5419
event,USDCHF,M15,HOMESALES,down,1000_data,dn,ALL,bear,17,0.2167,0.3042,0.5106,-2.1277,0.5882,0.7059,0.6471,0.4706,-4.9724,-15.5419
event,USDCHF,M15,HOMESALES,up,1000_data,up,ALL,ALL,15,0.1085,-0.8585,-0.5492,-0.8961,0.5333,0.3333,0.4,0.4,-4.931,-11.3141
event,USDCHF,M15,HOMESALES,big_up,1000_data,up,ALL,ALL,11,0.2994,0.5963,-0.3247,-1.141,0.5455,0.6364,0.4545,0.3636,-4.1734,-14.0257
event,USDCHF,M15,HOMESALES,big_up,1000_data,dn,ALL,ALL,10,0.0538,0.0723,0.835,-1.8553,0.5,0.5,0.6,0.4,-5.0354,-14.9093
event,USDCHF,M15,HOMESALES,down,1000_data,up,ALL,ALL,10,-0.0945,0.1712,0.8578,-0.2994,0.4,0.5,0.6,0.4,-4.2395,-9.8353
event,USDCHF,M15,HOMESALES,big_down,1000_data,up,ALL,ALL,9,-0.189,-0.2836,-0.5128,2.1839,0.4444,0.3333,0.4444,0.7778,-3.1405,-8.7342
event,USDCHF,M15,HOMESALES,big_down,1000_data,dn,ALL,ALL,8,-0.7081,-0.6732,-0.0385,1.3104,0.125,0.25,0.375,0.625,-3.7702,-9.0419
event,USDCHF,M15,HOMESALES,up,1000_data,up,ALL,bear,8,0.4523,0.2591,-2.3716,0.1009,0.625,0.625,0.375,0.5,-4.9938,-11.3141
event,USDCHF,M15,HOMESALES,up,1000_data,dn,ALL,ALL,7,-0.712,-0.349,-0.431,0.3739,0.1429,0.2857,0.2857,0.5714,-2.8415,-6.3754
event,USDCHF,M15,HOMESALES,big_up,1000_data,up,ALL,bear,7,0.2994,0.5963,-0.3247,3.3493,0.5714,0.5714,0.4286,0.5714,-2.7108,-7.429
event,USDCHF,M15,HOMESALES,up,1000_data,up,ALL,bull,7,-0.5449,-1.1579,-0.2862,-2.4211,0.4286,0.0,0.4286,0.2857,-4.931,-6.5695
event,USDCHF,M15,HOMESALES,big_down,1000_data,up,ALL,bear,6,-0.0532,0.1282,0.0284,1.9253,0.5,0.5,0.5,0.8333,-2.9164,-8.7342
event,USDCHF,M15,HOMESALES,down,1000_data,dn,ALL,bull,6,-0.8835,-0.5637,-0.8266,-3.3335,0.1667,0.1667,0.3333,0.1667,-6.6369,-10.0898
event,USDCHF,M15,HOMESALES,big_down,1000_data,dn,ALL,bull,5,-0.9132,-0.7112,-0.0769,1.2557,0.0,0.0,0.2,0.6,-4.388,-9.0419
event,USDCHF,M15,HOMESALES,big_up,1000_data,dn,ALL,bear,5,0.1076,-0.5606,-1.1404,-1.1846,0.6,0.2,0.4,0.4,-4.0474,-14.9093
event,USDCHF,M15,HOMESALES,big_up,1000_data,dn,ALL,bull,5,0.0,0.5423,2.4611,-2.5259,0.4,0.8,0.8,0.4,-6.0233,-14.8666
event,USDCHF,M15,HOMESALES,down,1000_data,up,ALL,bear,5,0.1385,0.6098,1.5123,0.5732,0.6,0.6,0.8,0.6,-3.6585,-6.856
event,USDCHF,M15,HOMESALES,down,1000_data,up,ALL,bull,5,-0.4132,-0.2674,-1.967,-5.778,0.2,0.4,0.4,0.2,-6.8318,-9.8353
event,USDCHF,M15,HOUSING,down,0830_data,dn,ALL,ALL,19,-0.084,-0.1701,1.9374,1.8342,0.4211,0.4737,0.6316,0.6842,-3.1584,-17.6471
event,USDCHF,M15,HOUSING,down,0830_data,up,ALL,ALL,18,-0.0092,0.1897,0.1127,3.0792,0.4444,0.5556,0.5,0.6111,-4.1625,-40.5376
event,USDCHF,M15,HOUSING,up,0830_data,dn,ALL,ALL,15,-0.1426,0.1437,-0.4458,-0.7382,0.4667,0.5333,0.4667,0.4667,-5.4534,-21.3621
event,USDCHF,M15,HOUSING,up,0830_data,up,ALL,ALL,14,0.2274,-0.6288,1.543,0.7975,0.6429,0.3571,0.7143,0.5714,-2.8283,-15.4713
event,USDCHF,M15,HOUSING,big_up,0830_data,up,ALL,ALL,10,-0.4072,0.2947,-0.1873,0.9861,0.3,0.5,0.5,0.7,-3.3143,-11.6345
event,USDCHF,M15,HOUSING,down,0830_data,dn,ALL,bull,10,-0.8212,0.1522,2.2172,2.7477,0.3,0.6,0.7,0.7,-3.0144,-17.6471
event,USDCHF,M15,HOUSING,down,0830_data,up,ALL,bear,10,-0.3807,0.0126,-0.3334,3.4838,0.4,0.5,0.5,0.7,-4.6494,-10.1532
event,USDCHF,M15,HOUSING,down,0830_data,dn,ALL,bear,9,0.4815,-0.4292,1.096,1.453,0.5556,0.3333,0.5556,0.6667,-3.8008,-16.146
event,USDCHF,M15,HOUSING,up,0830_data,up,ALL,bear,9,0.6471,-0.7837,0.1282,0.6159,0.6667,0.3333,0.6667,0.5556,-3.0256,-15.4713
event,USDCHF,M15,HOUSING,down,0830_data,up,ALL,bull,8,0.0385,0.1897,0.2171,0.074,0.5,0.625,0.5,0.5,-4.1625,-40.5376
event,USDCHF,M15,HOUSING,up,0830_data,dn,ALL,bear,8,-0.2938,-0.9086,-1.282,-3.1383,0.25,0.375,0.25,0.25,-6.7658,-12.1406
event,USDCHF,M15,HOUSING,big_down,0830_data,dn,ALL,ALL,7,-0.0531,0.7611,1.6637,3.1463,0.4286,0.7143,0.7143,0.5714,-1.7185,-12.714
event,USDCHF,M15,HOUSING,big_up,0830_data,up,ALL,bull,7,-0.625,-1.0129,-0.4586,1.25,0.2857,0.2857,0.4286,0.7143,-4.9107,-11.6345
event,USDCHF,M15,HOUSING,up,0830_data,dn,ALL,bull,7,0.4019,1.8519,1.1633,3.9873,0.7143,0.7143,0.7143,0.7143,-2.2346,-21.3621
event,USDCHF,M15,HOUSING,big_down,0830_data,up,ALL,ALL,6,0.0566,0.0518,-0.0537,-2.3715,0.5,0.6667,0.5,0.3333,-4.1896,-17.5459
event,USDCHF,M15,HOUSING,big_up,0830_data,dn,ALL,ALL,5,-0.4647,0.0,-0.5576,0.6506,0.4,0.4,0.2,0.8,-2.3234,-8.9376
event,USDCHF,M15,HOUSING,big_down,0830_data,dn,ALL,bear,5,-0.0531,0.982,3.6825,14.1571,0.4,0.8,0.8,0.6,-1.7185,-12.714
event,USDCHF,M15,HOUSING,big_down,0830_data,up,ALL,bear,5,0.2586,0.0462,0.4014,-4.5977,0.6,0.6,0.6,0.4,-6.5623,-17.5459
event,USDCHF,M15,HOUSING,up,0830_data,up,ALL,bull,5,0.0992,-0.5102,2.9578,6.4459,0.6,0.4,0.8,0.6,-2.3285,-10.4592
event,USDCHF,M15,ISM_MFG,up,1000_data,up,ALL,ALL,35,0.5452,0.142,-0.6747,-0.4627,0.6,0.5429,0.4,0.4571,-4.0485,-18.37
event,USDCHF,M15,ISM_MFG,down,1000_data,dn,ALL,ALL,27,0.2245,0.2003,0.436,1.793,0.6296,0.5556,0.5556,0.6296,-2.4551,-11.4745
event,USDCHF,M15,ISM_MFG,down,1000_data,up,ALL,ALL,24,0.1073,0.1571,-0.3432,1.6203,0.5417,0.5833,0.4583,0.5417,-5.1217,-17.0728
event,USDCHF,M15,ISM_MFG,big_up,1000_data,up,ALL,ALL,22,-0.2932,-0.4015,0.5136,-1.6684,0.4091,0.4545,0.5455,0.4545,-4.6402,-22.3799
event,USDCHF,M15,ISM_MFG,big_down,1000_data,dn,ALL,ALL,20,-0.4702,-0.0663,-0.3357,-2.5894,0.35,0.5,0.5,0.3,-5.7217,-19.8043
event,USDCHF,M15,ISM_MFG,up,1000_data,dn,ALL,ALL,20,-0.1795,0.6799,0.0288,-0.9814,0.35,0.7,0.5,0.45,-4.0272,-21.8167
event,USDCHF,M15,ISM_MFG,up,1000_data,up,ALL,bear,18,0.3253,0.0177,-0.4375,-0.2314,0.5556,0.5,0.4444,0.4444,-4.0628,-18.37
event,USDCHF,M15,ISM_MFG,down,1000_data,dn,ALL,bull,17,0.3776,-0.2436,0.1099,1.7891,0.5882,0.4706,0.5294,0.5882,-3.1546,-7.9986
event,USDCHF,M15,ISM_MFG,up,1000_data,up,ALL,bull,17,0.7674,0.4947,-1.0152,-2.2419,0.6471,0.5882,0.3529,0.4706,-3.5921,-11.0479
event,USDCHF,M15,ISM_MFG,big_up,1000_data,up,ALL,bull,13,-0.3727,0.2651,0.4237,-4.6643,0.3077,0.5385,0.5385,0.2308,-5.1148,-22.3799
event,USDCHF,M15,ISM_MFG,down,1000_data,up,ALL,bear,12,0.0645,0.1571,0.2195,2.25,0.5,0.6667,0.5,0.5833,-4.145,-17.0728
event,USDCHF,M15,ISM_MFG,down,1000_data,up,ALL,bull,12,0.1073,0.1,-1.2027,0.0777,0.5833,0.5,0.4167,0.5,-5.8804,-11.4159
event,USDCHF,M15,ISM_MFG,big_down,1000_data,dn,ALL,bull,11,-0.4714,-0.1864,-1.2903,-5.1065,0.3636,0.4545,0.3636,0.1818,-5.7651,-19.8043
event,USDCHF,M15,ISM_MFG,up,1000_data,dn,ALL,bull,11,-0.1562,0.7149,0.914,2.101,0.2727,0.7273,0.5455,0.5455,-3.5506,-14.3026
event,USDCHF,M15,ISM_MFG,big_up,1000_data,dn,ALL,ALL,10,-0.0457,0.3254,-0.7848,2.4531,0.5,0.7,0.4,0.6,-3.1079,-16.5227
event,USDCHF,M15,ISM_MFG,down,1000_data,dn,ALL,bear,10,0.0837,0.9277,1.27,3.268,0.7,0.7,0.6,0.7,-2.1558,-11.4745
event,USDCHF,M15,ISM_MFG,big_up,1000_data,up,ALL,bear,9,0.1199,-1.756,0.9288,4.1604,0.5556,0.3333,0.5556,0.7778,-3.096,-11.0338
event,USDCHF,M15,ISM_MFG,up,1000_data,dn,ALL,bear,9,-0.2028,0.6614,-0.3145,-4.7357,0.4444,0.6667,0.4444,0.3333,-6.8153,-21.8167
event,USDCHF,M15,ISM_MFG,big_down,1000_data,dn,ALL,bear,8,-0.5527,-0.3191,0.6475,-1.0992,0.375,0.5,0.625,0.375,-5.7683,-17.0797
event,USDCHF,M15,ISM_MFG,big_up,1000_data,dn,ALL,bear,5,1.087,1.9779,-1.1776,-4.5619,0.8,0.8,0.2,0.4,-6.7473,-16.5227
event,USDCHF,M15,ISM_MFG,big_up,1000_data,dn,ALL,bull,5,-0.5088,0.2646,0.6061,6.4335,0.2,0.6,0.6,0.8,-1.9868,-7.0192
event,USDCHF,M15,ISM_SVC,up,1000_data,up,ALL,ALL,49,-0.2972,-0.1486,-1.2389,0.071,0.3673,0.4286,0.3469,0.5102,-5.2381,-21.5645
event,USDCHF,M15,ISM_SVC,down,1000_data,dn,ALL,ALL,34,-0.1881,0.0017,0.425,-1.3613,0.3824,0.5,0.5588,0.4118,-4.5665,-14.336
event,USDCHF,M15,ISM_SVC,up,1000_data,up,ALL,bull,27,-0.1653,-0.6732,-1.2389,-1.5238,0.3704,0.4074,0.2593,0.4444,-5.2381,-17.5138
event,USDCHF,M15,ISM_SVC,up,1000_data,up,ALL,bear,22,-0.4279,-0.0424,-0.8201,0.5155,0.3636,0.4545,0.4545,0.5909,-5.1077,-21.5645
event,USDCHF,M15,ISM_SVC,big_up,1000_data,up,ALL,ALL,21,-0.0612,-0.2889,0.7824,0.5462,0.381,0.4286,0.5238,0.5714,-4.1377,-11.4334
event,USDCHF,M15,ISM_SVC,down,1000_data,dn,ALL,bear,18,-0.143,-0.0454,0.425,0.1993,0.4444,0.5,0.6111,0.5,-3.585,-14.336
event,USDCHF,M15,ISM_SVC,big_down,1000_data,dn,ALL,ALL,17,0.2074,0.2721,0.1361,-1.2597,0.5882,0.5882,0.5294,0.4706,-5.034,-13.6653
event,USDCHF,M15,ISM_SVC,down,1000_data,dn,ALL,bull,16,-0.2659,0.2541,0.5178,-2.5284,0.3125,0.5,0.5,0.3125,-4.9151,-10.795
event,USDCHF,M15,ISM_SVC,up,1000_data,dn,ALL,ALL,14,-0.4467,-1.1469,0.232,2.3666,0.3571,0.3571,0.5,0.6429,-3.0835,-6.8108
event,USDCHF,M15,ISM_SVC,down,1000_data,up,ALL,ALL,13,-0.6822,-0.5288,0.5307,1.2784,0.3846,0.3846,0.5385,0.6154,-3.8348,-15.4933
event,USDCHF,M15,ISM_SVC,big_up,1000_data,up,ALL,bull,13,-0.112,-0.4417,1.1653,0.4788,0.3077,0.3846,0.5385,0.5385,-4.1377,-10.3927
event,USDCHF,M15,ISM_SVC,big_down,1000_data,dn,ALL,bull,10,0.4383,0.514,0.2528,0.821,0.7,0.7,0.6,0.5,-4.9418,-10.487
event,USDCHF,M15,ISM_SVC,down,1000_data,up,ALL,bull,10,-0.4799,-0.9838,-1.4902,-0.8143,0.4,0.2,0.4,0.5,-5.13,-15.4933
event,USDCHF,M15,ISM_SVC,big_up,1000_data,up,ALL,bear,8,0.0112,0.016,0.0596,1.3723,0.5,0.5,0.5,0.625,-5.3148,-11.4334
event,USDCHF,M15,ISM_SVC,up,1000_data,dn,ALL,bull,8,-0.3569,-1.3813,-0.3861,2.3666,0.375,0.375,0.375,0.625,-3.3004,-6.8108
event,USDCHF,M15,ISM_SVC,big_down,1000_data,dn,ALL,bear,7,-0.3178,-0.786,-0.6114,-2.1011,0.4286,0.4286,0.4286,0.4286,-5.1222,-13.6653
event,USDCHF,M15,ISM_SVC,big_down,1000_data,up,ALL,ALL,6,0.1426,-0.5089,-0.0992,-0.4197,0.5,0.3333,0.3333,0.5,-3.2075,-12.9841
event,USDCHF,M15,ISM_SVC,big_up,1000_data,dn,ALL,ALL,6,-0.3601,-0.3678,-1.0296,-3.4542,0.3333,0.3333,0.3333,0.1667,-5.2831,-8.2454
event,USDCHF,M15,ISM_SVC,up,1000_data,dn,ALL,bear,6,-0.5694,-1.1344,2.1948,2.016,0.3333,0.3333,0.6667,0.6667,-2.3341,-3.1358
event,USDCHF,M15,ISM_SVC,big_up,1000_data,dn,ALL,bull,5,-0.1781,-0.4451,-0.0556,-2.9903,0.4,0.2,0.4,0.2,-4.8531,-6.8
event,USDCHF,M15,NFP,up,0830_data,up,ALL,ALL,28,0.1386,0.7164,-1.1523,-1.44,0.5357,0.5357,0.3571,0.3929,-4.9602,-12.1071
event,USDCHF,M15,NFP,down,0830_data,dn,ALL,ALL,23,-0.8109,-0.1267,0.2122,-1.3442,0.2609,0.4783,0.5217,0.4783,-5.7429,-29.5157
event,USDCHF,M15,NFP,big_down,0830_data,dn,ALL,ALL,20,0.0378,1.5231,2.9857,0.4406,0.5,0.6,0.65,0.55,-4.5481,-17.9752
event,USDCHF,M15,NFP,big_up,0830_data,up,ALL,ALL,20,0.4224,1.0486,0.557,-0.4585,0.5,0.6,0.55,0.45,-3.2056,-18.8679
event,USDCHF,M15,NFP,up,0830_data,up,ALL,bull,15,-0.5435,0.8224,-0.6072,-0.6218,0.4,0.5333,0.4,0.4,-4.41,-9.4856
event,USDCHF,M15,NFP,down,0830_data,up,ALL,ALL,14,-0.4021,-1.1711,-2.3096,0.7725,0.2857,0.2857,0.2143,0.6429,-6.0315,-17.6131
event,USDCHF,M15,NFP,up,0830_data,dn,ALL,ALL,14,-0.3571,0.7605,2.1653,3.6702,0.3571,0.6429,0.7143,0.5714,-2.4755,-12.2727
event,USDCHF,M15,NFP,up,0830_data,up,ALL,bear,13,1.1575,0.6104,-1.8961,-4.0877,0.6923,0.5385,0.3077,0.3846,-7.1306,-12.1071
event,USDCHF,M15,NFP,big_down,0830_data,dn,ALL,bull,12,0.0378,1.5231,3.2752,1.9666,0.5,0.5833,0.75,0.5833,-4.5481,-13.1462
event,USDCHF,M15,NFP,down,0830_data,dn,ALL,bull,12,-0.5351,-0.2447,-1.4755,-3.7698,0.3333,0.4167,0.4167,0.25,-6.5902,-29.5157
event,USDCHF,M15,NFP,down,0830_data,dn,ALL,bear,11,-0.8808,0.191,1.3526,1.005,0.1818,0.5455,0.6364,0.7273,-4.5926,-12.3833
event,USDCHF,M15,NFP,big_down,0830_data,up,ALL,ALL,10,0.3894,-0.2652,0.2729,1.4614,0.7,0.5,0.6,0.6,-4.6043,-14.1823
event,USDCHF,M15,NFP,big_up,0830_data,up,ALL,bear,10,0.8035,1.6218,0.2371,1.0294,0.5,0.7,0.5,0.6,-3.4441,-18.8679
event,USDCHF,M15,NFP,big_up,0830_data,up,ALL,bull,10,0.4224,-0.1752,0.557,-0.7333,0.5,0.5,0.6,0.3,-3.2056,-14.8807
event,USDCHF,M15,NFP,down,0830_data,up,ALL,bull,9,-0.702,-1.1299,-1.9774,0.1883,0.2222,0.3333,0.1111,0.5556,-6.9738,-17.6131
event,USDCHF,M15,NFP,big_down,0830_data,dn,ALL,bear,8,0.7262,1.1341,1.6315,-1.3418,0.5,0.625,0.5,0.5,-3.9781,-17.9752
event,USDCHF,M15,NFP,big_down,0830_data,up,ALL,bull,8,0.2056,-1.2773,0.0863,-0.1061,0.625,0.375,0.5,0.5,-4.6043,-14.1823
event,USDCHF,M15,NFP,up,0830_data,dn,ALL,bear,7,-0.4545,0.8717,3.9851,3.729,0.2857,0.5714,0.8571,0.7143,-3.0123,-12.2727
event,USDCHF,M15,NFP,up,0830_data,dn,ALL,bull,7,-0.2597,0.6494,1.7563,-0.7113,0.4286,0.7143,0.5714,0.4286,-1.9386,-11.5324
event,USDCHF,M15,NFP,big_up,0830_data,dn,ALL,ALL,5,-0.1574,-0.4971,-2.9015,3.7697,0.2,0.4,0.4,0.6,-4.6165,-24.5536
event,USDCHF,M15,NFP,down,0830_data,up,ALL,bear,5,-0.0949,-1.2123,-2.6418,4.0423,0.4,0.2,0.4,0.8,-5.0892,-12.332
event,USDCHF,M15,OTHER,big_down,other,dn,ALL,ALL,16,0.2168,-0.5085,-1.2155,-0.4255,0.625,0.4375,0.3125,0.4375,-4.2983,-13.7
event,USDCHF,M15,OTHER,big_up,other,dn,ALL,ALL,10,0.2344,0.6963,-1.8207,-0.4173,0.5,0.6,0.4,0.5,-5.8375,-14.5349
event,USDCHF,M15,OTHER,big_up,other,up,ALL,ALL,9,-0.4926,-0.974,-2.0563,-3.3816,0.2222,0.1111,0.2222,0.3333,-6.1192,-11.4486
event,USDCHF,M15,OTHER,big_down,other,dn,ALL,bull,9,0.5814,-0.4651,-1.4818,-1.7391,0.7778,0.4444,0.2222,0.4444,-4.4662,-11.6732
event,USDCHF,M15,OTHER,big_down,other,up,ALL,ALL,7,0.4569,0.3937,2.5483,3.4528,0.5714,0.7143,1.0,0.7143,-2.1186,-5.5728
event,USDCHF,M15,OTHER,big_down,other,dn,ALL,bear,7,-0.1,-0.8065,-0.9491,0.0,0.4286,0.4286,0.4286,0.4286,-4.1045,-13.7
event,USDCHF,M15,OTHER,big_up,other,dn,ALL,bull,7,-0.1126,0.5425,1.1404,1.3562,0.4286,0.5714,0.5714,0.7143,-3.3333,-13.0288
event,USDCHF,M15,OTHER,big_down,other,up,ALL,bear,6,0.6678,0.2295,1.825,4.0111,0.6667,0.6667,1.0,0.8333,-1.5162,-2.6227
event,USDCHF,M15,OTHER,big_up,other,up,ALL,bull,6,-0.7134,-1.2995,-1.1676,0.8516,0.1667,0.0,0.3333,0.5,-4.7056,-8.0798
event,USDCHF,M15,PCE_MM,big_down,0830_data,dn,ALL,ALL,8,0.9326,1.747,0.2267,-1.4908,0.75,0.75,0.625,0.375,-4.9342,-11.8563
event,USDCHF,M15,PCE_MM,big_down,0830_data,dn,ALL,bear,5,0.3342,1.018,0.0196,-1.494,0.6,0.6,0.6,0.2,-3.4819,-8.0522
event,USDCHF,M15,PMI_FLASH,up,other,up,ALL,ALL,17,-0.5874,-0.2482,1.352,-1.0467,0.2941,0.4706,0.7059,0.4118,-3.47,-13.6428
event,USDCHF,M15,PMI_FLASH,big_up,other,up,ALL,ALL,13,-0.0684,-0.2482,0.69,0.665,0.4615,0.4615,0.6154,0.6154,-2.8022,-13.6428
event,USDCHF,M15,PMI_FLASH,big_down,other,dn,ALL,ALL,11,-0.8085,-1.5473,-1.0937,-3.7357,0.4545,0.3636,0.3636,0.3636,-6.4019,-12.0081
event,USDCHF,M15,PMI_FLASH,down,other,dn,ALL,ALL,10,0.088,-0.4246,-0.5349,-0.3201,0.5,0.5,0.5,0.5,-5.1134,-13.2547
event,USDCHF,M15,PMI_FLASH,big_up,other,up,ALL,bull,10,0.2936,0.9147,1.6723,0.6127,0.6,0.6,0.7,0.6,-3.507,-10.5771
event,USDCHF,M15,PMI_FLASH,up,other,up,ALL,bull,9,-1.0421,0.4486,1.3805,-1.0467,0.2222,0.5556,0.8889,0.3333,-3.47,-9.8346
event,USDCHF,M15,PMI_FLASH,up,other,dn,ALL,ALL,8,-0.0138,-0.8936,-1.9516,-2.1542,0.375,0.375,0.375,0.25,-4.73,-13.2547
event,USDCHF,M15,PMI_FLASH,up,other,up,ALL,bear,8,-0.1816,-0.4192,0.1948,0.0512,0.375,0.375,0.5,0.5,-3.1737,-13.6428
event,USDCHF,M15,PMI_FLASH,down,other,up,ALL,ALL,6,0.526,0.261,0.0629,0.224,0.8333,0.6667,0.5,0.5,-3.7808,-7.9949
event,USDCHF,M15,PMI_FLASH,big_down,other,dn,ALL,bull,6,0.0141,-1.4889,-2.5252,-4.1636,0.5,0.3333,0.1667,0.3333,-6.5147,-12.0081
event,USDCHF,M15,PMI_FLASH,up,other,dn,ALL,bull,6,-0.0138,-0.8936,-0.4365,-2.1542,0.3333,0.3333,0.5,0.3333,-4.3925,-13.2547
event,USDCHF,M15,PMI_FLASH,big_down,other,dn,ALL,bear,5,-0.8085,-1.5473,0.0976,-3.7357,0.4,0.4,0.6,0.4,-5.601,-8.6348
event,USDCHF,M15,PMI_FLASH,down,other,dn,ALL,bear,5,0.176,0.11,0.0976,-0.8246,0.6,0.6,0.6,0.4,-5.1594,-11.9346
event,USDCHF,M15,PMI_FLASH,down,other,dn,ALL,bull,5,0.0,-0.9591,-1.1674,0.1843,0.4,0.4,0.4,0.6,-2.8571,-13.2547
event,USDCHF,M15,PMI_FLASH,down,other,up,ALL,bull,5,0.3634,0.4486,0.4637,-0.1124,0.8,0.6,0.6,0.4,-4.596,-7.9949
event,USDCHF,M15,PPI_MM,down,0830_data,dn,ALL,ALL,49,-0.1523,-0.0785,-0.6305,1.139,0.4082,0.4694,0.449,0.5306,-4.2763,-17.4096
event,USDCHF,M15,PPI_MM,up,0830_data,dn,ALL,ALL,35,-0.307,-0.7784,-0.3441,-0.5531,0.4,0.3714,0.4571,0.4,-5.5205,-41.7735
event,USDCHF,M15,PPI_MM,down,0830_data,dn,ALL,bull,30,-0.18,-0.0274,0.1798,0.9221,0.3333,0.5,0.5,0.5333,-4.2763,-17.4096
event,USDCHF,M15,PPI_MM,up,0830_data,up,ALL,ALL,29,-0.2358,-0.3641,0.8047,3.7894,0.4483,0.4828,0.5172,0.6552,-2.976,-13.4709
event,USDCHF,M15,PPI_MM,down,0830_data,up,ALL,ALL,26,-0.6768,-1.1365,-1.82,-0.301,0.1538,0.2692,0.3462,0.4615,-6.1175,-14.3792
event,USDCHF,M15,PPI_MM,big_up,0830_data,up,ALL,ALL,22,-0.1124,-1.0768,-0.3921,-1.5376,0.5,0.2727,0.4091,0.3182,-6.6171,-19.386
event,USDCHF,M15,PPI_MM,down,0830_data,dn,ALL,bear,19,0.0411,-0.5246,-1.6544,1.139,0.5263,0.4211,0.3684,0.5263,-5.4534,-13.621
event,USDCHF,M15,PPI_MM,up,0830_data,dn,ALL,bear,19,-0.2595,-1.6399,-0.0531,-1.2589,0.3684,0.2105,0.4737,0.3158,-6.2732,-41.7735
event,USDCHF,M15,PPI_MM,up,0830_data,up,ALL,bear,18,-0.2905,-0.8128,0.4337,2.4185,0.4444,0.4444,0.5,0.6667,-3.646,-12.0168
event,USDCHF,M15,PPI_MM,big_down,0830_data,dn,ALL,ALL,16,0.0599,0.2807,-1.5325,-2.6079,0.5,0.5625,0.375,0.1875,-5.9854,-9.7378
event,USDCHF,M15,PPI_MM,down,0830_data,up,ALL,bear,16,-0.6071,-1.2655,-3.0504,0.613,0.125,0.25,0.1875,0.5,-6.8158,-9.2427
event,USDCHF,M15,PPI_MM,up,0830_data,dn,ALL,bull,16,-0.4382,0.3906,-0.6078,0.8522,0.4375,0.5625,0.4375,0.5,-3.3936,-13.164
event,USDCHF,M15,PPI_MM,big_up,0830_data,up,ALL,bull,14,-0.1956,-1.567,-0.4643,-0.9975,0.5,0.2143,0.2857,0.2857,-6.3603,-19.386
event,USDCHF,M15,PPI_MM,up,0830_data,up,ALL,bull,11,-0.0819,0.8859,0.8047,3.7894,0.4545,0.5455,0.5455,0.6364,-2.976,-13.4709
event,USDCHF,M15,PPI_MM,down,0830_data,up,ALL,bull,10,-0.6929,-0.8912,0.247,-2.1662,0.2,0.3,0.6,0.4,-5.3221,-14.3792
event,USDCHF,M15,PPI_MM,big_down,0830_data,up,ALL,ALL,9,-0.4583,0.1594,0.3171,2.7919,0.3333,0.5556,0.5556,0.6667,-3.2014,-9.7561
event,USDCHF,M15,PPI_MM,big_down,0830_data,dn,ALL,bear,8,0.9252,0.5323,-1.5325,-3.597,0.875,0.75,0.375,0.125,-3.6445,-8.2632
event,USDCHF,M15,PPI_MM,big_down,0830_data,dn,ALL,bull,8,-0.7643,-0.7416,-1.6527,-1.3516,0.125,0.375,0.375,0.25,-6.0947,-9.7378
event,USDCHF,M15,PPI_MM,big_up,0830_data,up,ALL,bear,8,-0.0724,-0.1316,2.0358,-1.8347,0.5,0.375,0.625,0.375,-7.2237,-12.0168
event,USDCHF,M15,PPI_MM,big_up,0830_data,dn,ALL,ALL,7,-0.4236,-0.3759,1.3298,-1.1613,0.4286,0.4286,0.5714,0.4286,-3.2801,-13.164
event,USDCHF,M15,PPI_MM,big_down,0830_data,up,ALL,bear,7,-0.4819,-1.0761,-1.4756,2.5102,0.1429,0.4286,0.4286,0.5714,-4.3322,-9.7561
event,USDCHF,M15,RETAIL,down,0830_data,dn,ALL,ALL,64,-0.0943,-0.0652,-0.8762,-1.5419,0.4844,0.5,0.4219,0.4688,-5.7782,-41.7735
event,USDCHF,M15,RETAIL,up,0830_data,up,ALL,ALL,61,-0.1149,-0.5385,-0.3579,0.2318,0.459,0.377,0.4918,0.5246,-4.3993,-35.3529
event,USDCHF,M15,RETAIL,down,0830_data,up,ALL,ALL,47,-0.4934,-0.2632,1.8342,-0.9155,0.3617,0.4468,0.5745,0.4043,-4.4991,-12.4277
event,USDCHF,M15,RETAIL,down,0830_data,dn,ALL,bear,42,-0.1592,-0.2406,-1.1332,-3.3843,0.381,0.4524,0.3333,0.381,-6.7161,-41.7735
event,USDCHF,M15,RETAIL,up,0830_data,dn,ALL,ALL,39,-0.1388,0.1182,-0.3274,0.0,0.359,0.5128,0.4359,0.4615,-4.9734,-17.3927
event,USDCHF,M15,RETAIL,up,0830_data,up,ALL,bear,34,-0.1149,-0.4874,0.3917,-0.7287,0.4706,0.4412,0.5882,0.4118,-5.4376,-35.3529
event,USDCHF,M15,RETAIL,big_down,0830_data,dn,ALL,ALL,31,0.3854,0.0202,-1.8244,-3.1818,0.6452,0.5161,0.3871,0.3548,-6.1889,-18.6365
event,USDCHF,M15,RETAIL,down,0830_data,up,ALL,bear,31,-0.6472,-0.6499,-0.8653,-0.9676,0.2903,0.3226,0.4516,0.3548,-4.8263,-12.4277
event,USDCHF,M15,RETAIL,big_up,0830_data,up,ALL,ALL,29,0.3407,0.3898,1.8163,1.0665,0.7241,0.6207,0.5862,0.5172,-3.5905,-12.788
event,USDCHF,M15,RETAIL,up,0830_data,up,ALL,bull,27,-0.1458,-0.5544,-0.7418,0.3846,0.4444,0.2963,0.3704,0.6667,-4.2188,-20.8035
event,USDCHF,M15,RETAIL,down,0830_data,dn,ALL,bull,22,0.4433,0.0759,0.6628,1.7801,0.6818,0.5909,0.5909,0.6364,-3.134,-18.6365
event,USDCHF,M15,RETAIL,up,0830_data,dn,ALL,bull,20,-0.1328,0.1182,-0.1681,0.057,0.3,0.55,0.45,0.5,-4.028,-17.3927
event,USDCHF,M15,RETAIL,big_down,0830_data,dn,ALL,bull,19,0.5383,0.3162,-1.9005,-3.4787,0.7895,0.5789,0.4737,0.3684,-4.9739,-18.6365
event,USDCHF,M15,RETAIL,up,0830_data,dn,ALL,bear,19,-0.2673,-0.4728,-0.6914,-3.4018,0.4211,0.4737,0.4211,0.4211,-6.1658,-15.4887
event,USDCHF,M15,RETAIL,big_down,0830_data,up,ALL,ALL,18,0.0925,-0.235,-1.5448,-0.7322,0.5556,0.4444,0.3889,0.4444,-5.2286,-16.0541
event,USDCHF,M15,RETAIL,big_up,0830_data,up,ALL,bull,16,0.6411,-0.0371,-0.1756,-0.9803,0.8125,0.5,0.5,0.5,-4.1117,-10.9929
event,USDCHF,M15,RETAIL,down,0830_data,up,ALL,bull,16,-0.0629,1.3517,3.7077,1.9617,0.5,0.6875,0.8125,0.5,-2.8253,-10.1475
event,USDCHF,M15,RETAIL,big_up,0830_data,up,ALL,bear,13,0.3407,2.321,3.5891,3.0407,0.6154,0.7692,0.6923,0.5385,-1.6973,-12.788
event,USDCHF,M15,RETAIL,big_down,0830_data,dn,ALL,bear,12,-0.6595,-0.1642,-1.8244,-3.1353,0.4167,0.4167,0.25,0.3333,-6.9436,-9.1642
event,USDCHF,M15,RETAIL,big_down,0830_data,up,ALL,bear,11,0.0925,1.3414,-1.3707,2.5102,0.5455,0.5455,0.4545,0.5455,-4.8263,-16.0541
event,USDCHF,M15,RETAIL,big_up,0830_data,dn,ALL,ALL,7,-0.948,-1.3407,-1.8554,0.149,0.0,0.2857,0.2857,0.5714,-3.4534,-8.6115
event,USDCHF,M15,RETAIL,big_down,0830_data,up,ALL,bull,7,0.2647,-0.3565,-1.5448,-3.2104,0.5714,0.2857,0.2857,0.2857,-6.6029,-11.2994
event,USDCHF,M15,TRADE,big_up,0830_data,up,ALL,ALL,11,0.6536,0.1202,-2.1088,0.0147,0.7273,0.5455,0.2727,0.5455,-5.3829,-18.7179
event,USDCHF,M15,TRADE,up,0830_data,up,ALL,ALL,11,0.0,-0.1868,1.911,-3.0238,0.4545,0.4545,0.6364,0.4545,-5.7235,-17.8117
event,USDCHF,M15,TRADE,big_down,0830_data,up,ALL,ALL,9,-0.1739,0.6957,0.8696,1.5358,0.3333,0.7778,0.5556,0.5556,-3.9201,-13.2813
event,USDCHF,M15,TRADE,down,0830_data,dn,ALL,ALL,9,0.2788,-0.2788,0.0,-1.6729,0.7778,0.4444,0.4444,0.4444,-4.7156,-11.9558
event,USDCHF,M15,TRADE,up,0830_data,dn,ALL,ALL,9,0.9354,1.3605,4.5068,0.9917,0.6667,0.5556,0.6667,0.5556,-1.1905,-7.4224
event,USDCHF,M15,TRADE,big_down,0830_data,dn,ALL,ALL,8,-0.1097,-1.5844,0.2365,0.4766,0.5,0.375,0.5,0.625,-5.2179,-21.5897
event,USDCHF,M15,TRADE,down,0830_data,up,ALL,ALL,8,0.6845,0.4777,0.9992,2.9672,0.75,0.5,0.625,0.875,-2.4592,-8.9453
event,USDCHF,M15,TRADE,big_up,0830_data,up,ALL,bear,8,0.569,-0.7569,-3.0287,-0.1918,0.625,0.5,0.25,0.5,-7.5936,-18.7179
event,USDCHF,M15,TRADE,big_up,0830_data,dn,ALL,ALL,7,0.3432,-0.3356,-2.5992,-1.5604,0.5714,0.2857,0.1429,0.1429,-4.3776,-10.0662
event,USDCHF,M15,TRADE,big_up,0830_data,dn,ALL,bull,7,0.3432,-0.3356,-2.5992,-1.5604,0.5714,0.2857,0.1429,0.1429,-4.3776,-10.0662
event,USDCHF,M15,TRADE,big_down,0830_data,dn,ALL,bear,6,0.3341,-1.5844,0.691,3.7518,0.6667,0.3333,0.5,0.6667,-5.2179,-21.5897
event,USDCHF,M15,TRADE,down,0830_data,dn,ALL,bull,6,0.9525,1.2768,2.3657,-0.8989,0.6667,0.5,0.6667,0.5,-5.5031,-11.9558
event,USDCHF,M15,TRADE,up,0830_data,up,ALL,bull,6,0.1551,0.3959,2.9533,-1.0866,0.5,0.5,0.6667,0.5,-4.8056,-12.6664
event,USDCHF,M15,TRADE,big_down,0830_data,up,ALL,bull,5,0.0,0.9615,1.6272,-2.145,0.4,0.8,0.6,0.4,-3.9201,-13.2813
event,USDCHF,M15,TRADE,down,0830_data,up,ALL,bear,5,0.7246,0.9701,-0.7542,0.576,0.6,0.6,0.4,0.8,-4.0761,-8.9453
event,USDCHF,M15,TRADE,up,0830_data,dn,ALL,bull,5,0.7774,-0.1653,0.8015,0.9917,0.6,0.4,0.6,0.6,-4.4628,-7.4224
event,USDCHF,M15,TRADE,up,0830_data,up,ALL,bear,5,0.0,-0.2545,1.7336,-5.292,0.4,0.4,0.6,0.4,-6.2956,-17.8117
event,USDCHF,M15,UNRATE,big_down,0830_data,up,ALL,ALL,24,0.6901,0.7568,0.2984,0.0172,0.625,0.6667,0.5,0.5,-2.7598,-18.8679
event,USDCHF,M15,UNRATE,down,0830_data,dn,ALL,ALL,24,-0.516,-0.1759,2.7163,1.2649,0.25,0.4583,0.625,0.5417,-4.6132,-29.5157
event,USDCHF,M15,UNRATE,down,0830_data,up,ALL,ALL,23,-0.1298,-0.886,-1.5713,-1.5004,0.4348,0.4783,0.3478,0.4783,-5.0892,-17.6131
event,USDCHF,M15,UNRATE,up,0830_data,dn,ALL,ALL,20,0.1922,0.7786,1.3305,0.6395,0.55,0.6,0.65,0.55,-4.5823,-12.3833
event,USDCHF,M15,UNRATE,up,0830_data,up,ALL,ALL,18,0.5901,-1.5302,-1.9953,-0.7238,0.5556,0.3333,0.3889,0.3333,-5.6667,-16.6963
event,USDCHF,M15,UNRATE,down,0830_data,up,ALL,bull,18,-0.1393,-0.158,-1.3835,-0.5667,0.4444,0.5,0.3889,0.5,-4.2535,-17.6131
event,USDCHF,M15,UNRATE,down,0830_data,dn,ALL,bull,14,-0.516,0.2613,2.7163,-0.2923,0.2143,0.5,0.6429,0.5,-4.6487,-29.5157
event,USDCHF,M15,UNRATE,big_down,0830_data,up,ALL,bear,12,1.2447,1.5875,0.9781,0.491,0.6667,0.8333,0.5833,0.5,-2.2018,-18.8679
event,USDCHF,M15,UNRATE,big_down,0830_data,up,ALL,bull,12,0.6739,-0.1752,-0.1808,-0.6003,0.5833,0.5,0.4167,0.5,-3.9793,-13.2234
event,USDCHF,M15,UNRATE,up,0830_data,dn,ALL,bull,11,1.1753,1.7713,1.3779,3.247,0.8182,0.7273,0.7273,0.5455,-3.8683,-11.5324
event,USDCHF,M15,UNRATE,down,0830_data,dn,ALL,bear,10,-0.5865,-0.4672,2.4838,1.7802,0.3,0.4,0.6,0.6,-3.9297,-17.9752
event,USDCHF,M15,UNRATE,up,0830_data,up,ALL,bear,10,1.393,-0.615,-0.9479,-1.1535,0.7,0.4,0.5,0.4,-5.5416,-16.6963
event,USDCHF,M15,UNRATE,big_down,0830_data,dn,ALL,ALL,9,-0.3335,0.6365,1.9091,0.4243,0.4444,0.5556,0.6667,0.5556,-4.1717,-12.2727
event,USDCHF,M15,UNRATE,big_up,0830_data,dn,ALL,ALL,9,-0.5435,0.9317,0.0,-2.9575,0.2222,0.5556,0.4444,0.3333,-5.7429,-24.5536
event,USDCHF,M15,UNRATE,up,0830_data,dn,ALL,bear,9,-0.8808,-0.736,1.3084,0.274,0.2222,0.4444,0.5556,0.5556,-6.7155,-12.3833
event,USDCHF,M15,UNRATE,up,0830_data,up,ALL,bull,8,-1.0069,-2.3147,-2.4747,-0.7238,0.375,0.25,0.25,0.25,-5.6667,-14.8807
event,USDCHF,M15,UNRATE,big_up,0830_data,up,ALL,ALL,6,1.8397,0.8378,-0.998,-3.6366,0.6667,0.6667,0.5,0.3333,-8.2782,-16.967
event,USDCHF,M15,UNRATE,big_up,0830_data,dn,ALL,bear,6,-0.1294,2.0205,0.5521,0.3858,0.3333,0.8333,0.6667,0.5,-3.3717,-11.4286
event,USDCHF,M15,UNRATE,big_down,0830_data,dn,ALL,bear,5,-0.7455,0.6365,1.9091,-6.0684,0.2,0.6,0.8,0.4,-10.4274,-12.2727
event,USDCHF,M15,UNRATE,down,0830_data,up,ALL,bear,5,-0.1298,-1.2123,-2.6418,-4.0877,0.4,0.4,0.2,0.4,-9.0463,-12.7817
event,USDCHF,M15,UOM,down,1000_data,dn,ALL,ALL,25,-0.3705,-0.3646,-0.2264,-0.9331,0.48,0.4,0.44,0.44,-3.9719,-12.5463
event,USDCHF,M15,UOM,big_down,1000_data,dn,ALL,ALL,24,-0.2426,-0.2421,-0.9736,-1.3448,0.4583,0.4167,0.4167,0.375,-4.0365,-13.0228
event,USDCHF,M15,UOM,up,1000_data,up,ALL,ALL,21,-0.0918,-0.5691,-0.8523,-0.803,0.4286,0.381,0.381,0.381,-3.6813,-19.8312
event,USDCHF,M15,UOM,down,1000_data,dn,ALL,bull,17,-0.3705,-0.9366,-0.2264,0.0983,0.4706,0.3529,0.4706,0.5294,-3.4866,-12.5463
event,USDCHF,M15,UOM,big_down,1000_data,dn,ALL,bear,15,0.2494,-0.0951,-1.5127,-2.1216,0.6,0.4667,0.4667,0.4,-4.3779,-13.0228
event,USDCHF,M15,UOM,big_up,1000_data,up,ALL,ALL,14,-0.0069,-0.3586,-0.3678,-0.0064,0.5,0.4286,0.4286,0.5,-4.2995,-18.2705
event,USDCHF,M15,UOM,up,1000_data,dn,ALL,ALL,13,0.0,-1.4293,-0.5126,-0.9227,0.4615,0.2308,0.3846,0.4615,-4.6294,-9.4406
event,USDCHF,M15,UOM,down,1000_data,up,ALL,ALL,12,0.3794,0.647,1.6038,0.2963,0.5833,0.6667,0.9167,0.5,-1.6899,-7.9067
event,USDCHF,M15,UOM,up,1000_data,up,ALL,bull,12,-0.0822,-0.6797,0.0642,-1.1587,0.4167,0.4167,0.5,0.25,-4.0637,-17.6286
event,USDCHF,M15,UOM,big_down,1000_data,up,ALL,ALL,11,-0.5897,-1.3228,-2.4992,-1.9979,0.3636,0.2727,0.1818,0.3636,-4.5519,-16.1247
event,USDCHF,M15,UOM,big_down,1000_data,dn,ALL,bull,9,-0.6682,-0.2562,-0.6508,-0.7896,0.2222,0.3333,0.3333,0.3333,-2.8507,-8.3514
event,USDCHF,M15,UOM,big_up,1000_data,up,ALL,bear,9,-0.1508,-0.9753,-0.3764,1.5684,0.3333,0.3333,0.3333,0.5556,-4.6341,-18.2705
event,USDCHF,M15,UOM,up,1000_data,dn,ALL,bull,9,0.0,-1.4293,-0.9188,-0.9227,0.4444,0.1111,0.3333,0.4444,-4.8739,-9.1114
event,USDCHF,M15,UOM,up,1000_data,up,ALL,bear,9,-0.1149,-0.5691,-0.9756,1.3821,0.4444,0.3333,0.2222,0.5556,-3.4146,-19.8312
event,USDCHF,M15,UOM,big_up,1000_data,dn,ALL,ALL,8,-0.0858,-0.3241,-0.138,-0.466,0.5,0.125,0.5,0.5,-3.4528,-9.0467
event,USDCHF,M15,UOM,down,1000_data,dn,ALL,bear,8,0.0314,-0.0368,-0.3133,-0.984,0.5,0.5,0.375,0.25,-4.7444,-8.2966
event,USDCHF,M15,UOM,down,1000_data,up,ALL,bull,8,0.5162,1.0066,2.6335,0.9516,0.75,0.75,1.0,0.5,-1.353,-7.8405
event,USDCHF,M15,UOM,big_down,1000_data,up,ALL,bull,7,-0.5897,-1.5819,-3.588,-5.5901,0.4286,0.2857,0.1429,0.2857,-6.1839,-16.1247
event,USDCHF,M15,UOM,big_up,1000_data,up,ALL,bull,5,0.7828,2.2222,2.2222,-0.2222,0.8,0.6,0.6,0.4,-3.1111,-8.359
event,XAUUSD,M5,ADP,down,other,up,ALL,ALL,30,0.2405,-0.6201,0.2508,-0.7621,0.6,0.4333,0.5667,0.4667,-10.1254,-30.2746
event,XAUUSD,M5,ADP,up,other,dn,ALL,ALL,28,-0.9553,-0.0432,0.9233,2.6601,0.3571,0.5,0.5357,0.6429,-7.8213,-50.3631
event,XAUUSD,M5,ADP,down,other,up,ALL,bull,27,0.3138,-0.6142,0.1777,-0.3865,0.5556,0.4444,0.5556,0.4815,-10.5402,-30.2746
event,XAUUSD,M5,ADP,up,other,dn,ALL,bear,19,-1.6486,0.5247,3.8304,2.5291,0.3684,0.5263,0.5263,0.6316,-8.6032,-50.3631
event,XAUUSD,M5,ADP,big_up,other,dn,ALL,ALL,17,-0.2868,0.6151,-0.5431,-5.8953,0.4118,0.5882,0.4118,0.4706,-9.7816,-30.4106
event,XAUUSD,M5,ADP,big_up,other,dn,ALL,bear,15,0.0,0.9489,-0.5431,-6.362,0.4667,0.6667,0.4667,0.4667,-9.979,-30.4106
event,XAUUSD,M5,ADP,down,other,dn,ALL,ALL,10,0.502,0.4251,5.4411,4.0257,0.6,0.7,0.9,0.6,-6.3024,-36.1111
event,XAUUSD,M5,ADP,up,other,up,ALL,ALL,10,0.0757,-0.938,0.7098,5.7198,0.5,0.4,0.5,0.7,-11.1475,-24.4361
event,XAUUSD,M5,ADP,up,other,dn,ALL,bull,9,-0.6536,-0.1706,0.6883,4.5889,0.3333,0.4444,0.5556,0.6667,-6.8452,-20.621
event,XAUUSD,M5,ADP,up,other,up,ALL,bear,8,-0.8057,-2.3054,1.5869,5.7198,0.375,0.5,0.625,0.75,-11.1475,-24.4361
event,XAUUSD,M5,ADP,down,other,dn,ALL,bear,7,0.5115,1.1379,2.3456,4.0184,0.5714,0.7143,0.8571,0.5714,-6.6016,-36.1111
event,XAUUSD,M5,ADP,big_down,other,up,ALL,ALL,6,0.6823,-1.8667,0.8947,-9.1138,0.6667,0.3333,0.5,0.1667,-12.5189,-22.4534
event,XAUUSD,M5,ADP,big_up,other,up,ALL,ALL,5,0.0828,0.3054,2.3723,4.6655,0.6,0.8,0.8,0.8,-2.7908,-22.0199
event,XAUUSD,M5,ADP,big_down,other,up,ALL,bull,5,0.647,-1.2126,3.2959,-7.936,0.6,0.4,0.6,0.2,-10.0353,-22.4534
event,XAUUSD,M5,AHE,down,0830_data,up,ALL,ALL,24,-0.7797,-0.9508,0.0198,1.3224,0.4167,0.375,0.5,0.5417,-7.2171,-55.6693
event,XAUUSD,M5,AHE,up,0830_data,dn,ALL,ALL,21,1.2008,1.0528,4.0781,2.9672,0.5714,0.619,0.6667,0.5238,-5.2237,-26.3338
event,XAUUSD,M5,AHE,down,0830_data,up,ALL,bull,21,-0.602,-1.0385,-0.2729,1.8046,0.4762,0.381,0.4762,0.5714,-7.8723,-55.6693
event,XAUUSD,M5,AHE,up,0830_data,dn,ALL,bear,20,1.3483,1.1342,4.1444,0.5541,0.6,0.65,0.7,0.5,-5.7308,-26.3338
event,XAUUSD,M5,AHE,up,0830_data,up,ALL,ALL,15,-0.7937,-0.641,3.1359,-1.7436,0.4667,0.4,0.6667,0.4,-8.1272,-24.1195
event,XAUUSD,M5,AHE,up,0830_data,up,ALL,bull,13,-0.7937,-0.641,3.1359,-2.124,0.4615,0.3846,0.6923,0.3846,-8.5357,-24.1195
event,XAUUSD,M5,AHE,down,0830_data,dn,ALL,ALL,11,-2.433,-2.6051,-0.2085,-2.4309,0.1818,0.3636,0.4545,0.3636,-7.2294,-42.1758
event,XAUUSD,M5,AHE,down,0830_data,dn,ALL,bear,8,-1.2695,-5.6664,-2.8246,-4.5693,0.25,0.25,0.25,0.25,-10.5534,-42.1758
event,XAUUSD,M5,AHE,big_down,0830_data,dn,ALL,ALL,7,-2.0046,-3.3065,-3.0233,-8.2464,0.2857,0.2857,0.2857,0.4286,-12.7434,-20.5494
event,XAUUSD,M5,AHE,big_down,0830_data,up,ALL,ALL,7,-0.7892,1.071,3.7872,0.4053,0.4286,0.5714,0.7143,0.5714,-10.7337,-17.062
event,XAUUSD,M5,AHE,big_down,0830_data,up,ALL,bull,7,-0.7892,1.071,3.7872,0.4053,0.4286,0.5714,0.7143,0.5714,-10.7337,-17.062
event,XAUUSD,M5,AHE,big_down,0830_data,dn,ALL,bear,6,-2.8746,-5.4081,-5.2307,-3.6508,0.1667,0.3333,0.3333,0.5,-11.0994,-18.0058
event,XAUUSD,M5,AHE,big_up,0830_data,dn,ALL,ALL,5,0.8127,-0.5251,0.7752,-0.3251,0.6,0.4,0.8,0.4,-5.1433,-29.594
event,XAUUSD,M5,AHE,big_up,0830_data,up,ALL,ALL,5,-0.831,-2.1767,-3.4032,6.251,0.4,0.2,0.0,0.6,-13.4333,-17.7527
event,XAUUSD,M5,AHE,big_up,0830_data,dn,ALL,bear,5,0.8127,-0.5251,0.7752,-0.3251,0.6,0.4,0.8,0.4,-5.1433,-29.594
event,XAUUSD,M5,CLAIMS,down,0830_data,dn,ALL,ALL,78,-0.0536,0.0191,-0.9782,-0.5261,0.4744,0.5,0.4615,0.4872,-8.8681,-72.0905
event,XAUUSD,M5,CLAIMS,up,0830_data,up,ALL,ALL,77,-0.2376,-0.1764,0.2075,2.091,0.4545,0.4545,0.5065,0.5584,-6.709,-42.2741
event,XAUUSD,M5,CLAIMS,down,0830_data,dn,ALL,bear,58,-0.278,-0.3853,-1.3001,-1.2463,0.4138,0.4828,0.431,0.4828,-9.8721,-72.0905
event,XAUUSD,M5,CLAIMS,down,0830_data,up,ALL,ALL,52,-0.6037,-0.3119,-0.2998,-0.3177,0.3654,0.4423,0.4423,0.4808,-7.6804,-35.119
event,XAUUSD,M5,CLAIMS,up,0830_data,up,ALL,bull,40,-0.2687,-0.1278,2.0,2.2904,0.375,0.475,0.625,0.6,-5.4041,-29.4638
event,XAUUSD,M5,CLAIMS,big_down,0830_data,dn,ALL,ALL,38,-0.0249,-0.3944,-0.2824,0.4413,0.4737,0.3947,0.4737,0.5263,-6.4061,-29.4231
event,XAUUSD,M5,CLAIMS,up,0830_data,dn,ALL,ALL,38,-0.5366,-0.3936,-1.806,0.5515,0.3421,0.4211,0.4474,0.5789,-7.7675,-50.1079
event,XAUUSD,M5,CLAIMS,up,0830_data,up,ALL,bear,37,0.13,-0.4839,-1.004,1.9295,0.5405,0.4324,0.3784,0.5135,-9.0416,-42.2741
event,XAUUSD,M5,CLAIMS,big_up,0830_data,up,ALL,ALL,33,0.4037,0.1452,0.869,2.4434,0.5758,0.5152,0.5152,0.5152,-6.0385,-39.1944
event,XAUUSD,M5,CLAIMS,down,0830_data,up,ALL,bull,29,-0.7256,-0.6471,-0.3707,1.1412,0.3793,0.4483,0.4138,0.5172,-7.2197,-32.5211
event,XAUUSD,M5,CLAIMS,big_down,0830_data,dn,ALL,bear,28,-0.3147,-0.2585,0.3477,0.9113,0.4286,0.4286,0.5,0.5714,-6.7121,-21.8357
event,XAUUSD,M5,CLAIMS,down,0830_data,up,ALL,bear,23,-0.5442,-0.2174,-0.0957,-4.4446,0.3478,0.4348,0.4783,0.4348,-8.2675,-35.119
event,XAUUSD,M5,CLAIMS,up,0830_data,dn,ALL,bull,21,-0.5128,-1.0293,-2.1845,0.6769,0.2857,0.3333,0.3333,0.5714,-6.4199,-29.5775
event,XAUUSD,M5,CLAIMS,down,0830_data,dn,ALL,bull,20,0.2248,0.8403,0.141,0.0596,0.65,0.55,0.55,0.5,-4.8998,-23.5908
event,XAUUSD,M5,CLAIMS,big_up,0830_data,dn,ALL,ALL,17,-0.4636,0.0815,-0.1083,0.6883,0.4706,0.5294,0.4706,0.5294,-5.2024,-20.0616
event,XAUUSD,M5,CLAIMS,big_up,0830_data,up,ALL,bear,17,0.7663,0.1452,0.869,2.4434,0.7059,0.5294,0.5294,0.5294,-5.081,-21.4158
event,XAUUSD,M5,CLAIMS,up,0830_data,dn,ALL,bear,17,-0.5603,0.3336,0.6745,0.426,0.4118,0.5294,0.5882,0.5882,-9.6037,-50.1079
event,XAUUSD,M5,CLAIMS,big_up,0830_data,up,ALL,bull,16,-0.54,0.024,0.4822,0.0234,0.4375,0.5,0.5,0.5,-6.7399,-39.1944
event,XAUUSD,M5,CLAIMS,big_down,0830_data,up,ALL,ALL,12,-0.2409,-3.1019,-2.4331,-2.0617,0.4167,0.1667,0.3333,0.4167,-8.3915,-23.1929
event,XAUUSD,M5,CLAIMS,big_down,0830_data,dn,ALL,bull,10,0.1591,-0.6092,-0.4405,-0.6247,0.6,0.3,0.4,0.4,-5.7647,-29.4231
event,XAUUSD,M5,CLAIMS,big_down,0830_data,up,ALL,bull,9,-0.8562,-4.0921,-2.736,-4.0782,0.3333,0.1111,0.2222,0.4444,-8.5712,-14.5382
event,XAUUSD,M5,CLAIMS,big_up,0830_data,dn,ALL,bull,9,-1.0426,-0.7731,-1.8847,-1.9764,0.2222,0.3333,0.2222,0.3333,-7.8078,-19.2391
event,XAUUSD,M5,CLAIMS,big_up,0830_data,dn,ALL,bear,8,1.0542,3.2855,4.9937,1.6464,0.75,0.75,0.75,0.75,-2.8501,-20.0616
event,XAUUSD,M5,CONF,up,1000_data,dn,ALL,ALL,26,-0.3595,0.6641,0.3983,0.5193,0.4231,0.6154,0.5769,0.5385,-5.06,-15.5055
event,XAUUSD,M5,CONF,big_up,1000_data,dn,ALL,ALL,21,-0.0746,-0.7294,-0.9947,5.9055,0.4762,0.3333,0.381,0.7143,-6.1411,-18.2016
event,XAUUSD,M5,CONF,up,1000_data,up,ALL,ALL,21,0.0982,0.2059,0.6812,1.1382,0.5238,0.5238,0.619,0.5714,-3.9816,-23.5378
event,XAUUSD,M5,CONF,down,1000_data,up,ALL,ALL,20,-0.0271,0.8997,-0.3776,-0.706,0.5,0.55,0.45,0.5,-5.7877,-26.112
event,XAUUSD,M5,CONF,down,1000_data,dn,ALL,ALL,19,-0.5305,-0.9138,-0.9027,-2.3801,0.2105,0.2632,0.3684,0.3684,-7.2999,-17.9714
event,XAUUSD,M5,CONF,big_down,1000_data,dn,ALL,ALL,17,-0.118,0.3634,0.5616,1.176,0.4706,0.6471,0.5882,0.5294,-3.2703,-16.8041
event,XAUUSD,M5,CONF,big_down,1000_data,up,ALL,ALL,16,0.4113,0.6131,3.2688,8.0356,0.6875,0.75,0.6875,0.625,-3.1452,-21.567
event,XAUUSD,M5,CONF,down,1000_data,dn,ALL,bear,15,-0.6417,-0.6682,-0.1627,-3.2102,0.2667,0.3333,0.4667,0.4,-7.2999,-17.9714
event,XAUUSD,M5,CONF,up,1000_data,dn,ALL,bull,14,-0.6101,0.7639,0.3983,0.8503,0.2857,0.7143,0.6429,0.5714,-6.6305,-13.6193
event,XAUUSD,M5,CONF,big_down,1000_data,dn,ALL,bear,13,-0.2797,0.1829,0.5616,1.176,0.3846,0.6154,0.5385,0.5385,-2.8311,-13.9256
event,XAUUSD,M5,CONF,big_down,1000_data,up,ALL,bull,13,0.3818,0.315,2.4276,0.1969,0.6923,0.6923,0.6154,0.5385,-4.4483,-21.567
event,XAUUSD,M5,CONF,big_up,1000_data,dn,ALL,bear,12,0.4516,0.412,-0.327,5.9738,0.5833,0.5,0.4167,0.75,-5.5464,-18.2016
event,XAUUSD,M5,CONF,down,1000_data,up,ALL,bull,12,-0.0271,0.8997,0.042,0.3024,0.5,0.5833,0.5,0.5,-5.7877,-26.112
event,XAUUSD,M5,CONF,up,1000_data,dn,ALL,bear,12,0.3211,-0.1917,0.7332,0.1216,0.5833,0.5,0.5,0.5,-3.5919,-15.5055
event,XAUUSD,M5,CONF,big_up,1000_data,up,ALL,ALL,11,0.3022,-0.8757,-1.0737,-3.4033,0.6364,0.3636,0.4545,0.3636,-8.8393,-27.9448
event,XAUUSD,M5,CONF,up,1000_data,up,ALL,bull,11,0.1685,0.6346,1.1382,1.9471,0.6364,0.8182,0.7273,0.7273,-3.9816,-23.5378
event,XAUUSD,M5,CONF,up,1000_data,up,ALL,bear,10,-0.3094,-0.7384,-0.1876,-4.0545,0.4,0.2,0.5,0.4,-9.3356,-18.7301
event,XAUUSD,M5,CONF,big_up,1000_data,dn,ALL,bull,9,-0.1664,-1.9306,-1.6004,4.0656,0.3333,0.1111,0.3333,0.6667,-7.0143,-14.7425
event,XAUUSD,M5,CONF,down,1000_data,up,ALL,bear,8,-0.0452,0.1212,-1.2982,-1.6114,0.5,0.5,0.375,0.5,-4.2837,-19.0751
event,XAUUSD,M5,CONF,big_up,1000_data,up,ALL,bear,6,0.2747,-0.1475,0.9164,-4.8128,0.5,0.5,0.5,0.3333,-8.4314,-27.6191
event,XAUUSD,M5,CONF,big_up,1000_data,up,ALL,bull,5,0.3022,-1.4908,-1.8492,-3.4033,0.8,0.2,0.4,0.4,-8.8393,-27.9448
event,XAUUSD,M5,CPI_MM,down,0830_data,up,ALL,ALL,67,-0.5786,-0.0793,2.2517,1.2709,0.4627,0.4776,0.5672,0.5821,-7.6532,-31.0989
event,XAUUSD,M5,CPI_MM,down,0830_data,up,ALL,bull,56,-0.6537,-0.2477,0.7304,4.2601,0.4286,0.4821,0.5536,0.6607,-7.0226,-31.0989
event,XAUUSD,M5,CPI_MM,up,0830_data,dn,ALL,ALL,45,-1.4276,-0.6601,-1.7767,-1.7269,0.4,0.4222,0.4444,0.4444,-10.304,-44.6415
event,XAUUSD,M5,CPI_MM,up,0830_data,dn,ALL,bear,31,-2.1568,-0.9104,-1.7767,-1.7269,0.3226,0.3548,0.4516,0.4839,-11.1532,-44.6415
event,XAUUSD,M5,CPI_MM,down,0830_data,dn,ALL,ALL,29,-0.4692,-1.6502,-2.0718,-1.7807,0.3448,0.4138,0.4483,0.4483,-9.2571,-47.5782
event,XAUUSD,M5,CPI_MM,up,0830_data,up,ALL,ALL,25,0.1552,-0.0517,2.1318,3.9621,0.52,0.48,0.64,0.72,-3.9782,-88.7211
event,XAUUSD,M5,CPI_MM,big_up,0830_data,dn,ALL,ALL,20,-0.5379,-1.5954,-3.8108,-0.104,0.45,0.2,0.2,0.5,-15.4677,-44.6415
event,XAUUSD,M5,CPI_MM,up,0830_data,up,ALL,bull,17,0.1552,-1.1264,3.1754,3.9621,0.5294,0.2941,0.6471,0.7059,-3.8936,-88.7211
event,XAUUSD,M5,CPI_MM,big_up,0830_data,dn,ALL,bear,16,1.3333,-2.2771,-7.859,2.3497,0.5625,0.25,0.25,0.625,-17.1577,-44.6415
event,XAUUSD,M5,CPI_MM,down,0830_data,dn,ALL,bear,16,-0.6828,-0.7059,0.6611,6.6032,0.375,0.4375,0.5625,0.75,-5.266,-20.272
event,XAUUSD,M5,CPI_MM,big_down,0830_data,up,ALL,ALL,14,1.205,1.8933,0.5582,2.1457,0.6429,0.5714,0.5,0.5714,-11.6627,-38.3786
event,XAUUSD,M5,CPI_MM,up,0830_data,dn,ALL,bull,14,0.9805,0.7296,-2.4254,-2.8855,0.5714,0.5714,0.4286,0.3571,-8.8558,-42.2797
event,XAUUSD,M5,CPI_MM,big_down,0830_data,up,ALL,bull,13,1.2353,2.1868,2.9943,2.924,0.6923,0.6154,0.5385,0.6154,-11.1032,-38.3786
event,XAUUSD,M5,CPI_MM,down,0830_data,dn,ALL,bull,13,-0.4692,-1.6835,-2.4893,-5.6068,0.3077,0.3846,0.3077,0.0769,-13.8318,-47.5782
event,XAUUSD,M5,CPI_MM,down,0830_data,up,ALL,bear,11,0.0555,-0.0793,3.9739,-9.3856,0.6364,0.4545,0.6364,0.1818,-12.1647,-23.3129
event,XAUUSD,M5,CPI_MM,big_down,0830_data,dn,ALL,ALL,8,-0.6032,0.0336,-3.6821,-7.5376,0.375,0.5,0.375,0.25,-14.9451,-31.0615
event,XAUUSD,M5,CPI_MM,up,0830_data,up,ALL,bear,8,0.0775,2.6804,0.8786,3.6824,0.5,0.875,0.625,0.75,-5.418,-15.1145
event,XAUUSD,M5,CPI_MM,big_up,0830_data,up,ALL,ALL,6,3.3282,4.4843,7.0067,1.5275,1.0,0.8333,0.8333,0.6667,-0.7795,-15.9459
event,XAUUSD,M5,CPI_MM,big_down,0830_data,dn,ALL,bull,6,-0.4841,0.6579,-5.1488,-10.3416,0.5,0.6667,0.3333,0.3333,-17.6588,-31.0615
event,XAUUSD,M5,CPI_YY,down,0830_data,up,ALL,ALL,63,0.4115,-0.6204,0.944,1.2709,0.5397,0.4603,0.5714,0.6032,-7.4526,-36.4388
event,XAUUSD,M5,CPI_YY,up,0830_data,dn,ALL,ALL,61,-1.0315,-0.2116,-1.4332,-1.7269,0.3115,0.4426,0.4426,0.4754,-8.1718,-42.2797
event,XAUUSD,M5,CPI_YY,down,0830_data,up,ALL,bull,53,0.4115,-1.1264,0.3666,2.7182,0.5283,0.4151,0.5283,0.6415,-7.4526,-36.4388
event,XAUUSD,M5,CPI_YY,up,0830_data,up,ALL,ALL,49,0.2307,-0.0793,0.2756,0.6717,0.6531,0.449,0.5306,0.5714,-8.2675,-23.4151
event,XAUUSD,M5,CPI_YY,up,0830_data,dn,ALL,bear,45,-1.3565,-0.2116,-1.4332,-1.7269,0.2444,0.4,0.4444,0.4889,-9.9914,-40.8981
event,XAUUSD,M5,CPI_YY,up,0830_data,up,ALL,bull,39,0.3794,-0.2687,0.2756,0.6717,0.6667,0.3846,0.5128,0.5897,-8.0493,-23.4151
event,XAUUSD,M5,CPI_YY,down,0830_data,dn,ALL,ALL,34,-0.1046,0.6851,0.5367,-2.8641,0.4706,0.6176,0.5588,0.4412,-7.3433,-36.1417
event,XAUUSD,M5,CPI_YY,big_down,0830_data,up,ALL,ALL,27,0.7415,1.6622,1.6467,1.1665,0.5926,0.5926,0.5185,0.5556,-7.7743,-38.3786
event,XAUUSD,M5,CPI_YY,big_up,0830_data,dn,ALL,ALL,27,-0.3876,-1.5063,-1.8934,0.5418,0.4815,0.2963,0.3704,0.5556,-8.972,-44.6415
event,XAUUSD,M5,CPI_YY,big_down,0830_data,up,ALL,bull,21,1.1746,1.6622,-0.5258,1.1665,0.619,0.619,0.4762,0.619,-7.7743,-38.3786
event,XAUUSD,M5,CPI_YY,big_up,0830_data,dn,ALL,bear,19,-0.3876,-2.5166,-0.8961,2.5581,0.4737,0.3158,0.4737,0.7368,-8.972,-44.6415
event,XAUUSD,M5,CPI_YY,down,0830_data,dn,ALL,bull,18,0.1702,0.991,-1.1377,-5.121,0.5556,0.6667,0.5,0.2778,-12.9626,-36.1417
event,XAUUSD,M5,CPI_YY,down,0830_data,dn,ALL,bear,16,-0.1828,0.326,0.617,1.4127,0.375,0.5625,0.625,0.625,-6.4054,-17.2475
event,XAUUSD,M5,CPI_YY,up,0830_data,dn,ALL,bull,16,0.2306,0.7296,-2.4254,-2.8855,0.5,0.5625,0.4375,0.4375,-8.1217,-42.2797
event,XAUUSD,M5,CPI_YY,big_up,0830_data,up,ALL,ALL,13,1.6493,3.4811,4.3085,1.5275,0.7692,0.5385,0.6154,0.6154,-1.1525,-19.0317
event,XAUUSD,M5,CPI_YY,big_down,0830_data,dn,ALL,ALL,10,-0.3698,-0.1426,-3.2938,-2.9785,0.4,0.5,0.3,0.5,-12.9079,-36.1417
event,XAUUSD,M5,CPI_YY,down,0830_data,up,ALL,bear,10,0.369,0.7773,4.117,-5.5329,0.6,0.7,0.8,0.4,-8.7548,-23.3129
event,XAUUSD,M5,CPI_YY,up,0830_data,up,ALL,bear,10,0.1431,0.9055,1.253,-1.7407,0.6,0.7,0.6,0.5,-8.873,-19.0359
event,XAUUSD,M5,CPI_YY,big_down,0830_data,dn,ALL,bull,8,0.0085,-0.1426,-3.803,-3.3012,0.5,0.5,0.375,0.5,-13.4661,-36.1417
event,XAUUSD,M5,CPI_YY,big_up,0830_data,dn,ALL,bull,8,-0.0468,-0.9278,-1.8934,-6.1441,0.5,0.25,0.125,0.125,-10.259,-18.9277
event,XAUUSD,M5,CPI_YY,big_up,0830_data,up,ALL,bull,7,0.4054,-0.1351,2.9046,0.6916,0.7143,0.4286,0.5714,0.5714,-3.8036,-19.0317
event,XAUUSD,M5,CPI_YY,big_down,0830_data,up,ALL,bear,6,0.0277,0.0867,2.9534,-3.8913,0.5,0.5,0.6667,0.3333,-7.1058,-19.8813
event,XAUUSD,M5,CPI_YY,big_up,0830_data,up,ALL,bear,6,2.2081,4.4843,4.3085,1.5275,0.8333,0.6667,0.6667,0.6667,-1.1525,-18.1693
event,XAUUSD,M5,CRUDE,down,other,up,ALL,ALL,20,0.2455,-0.1789,0.873,3.1993,0.6,0.45,0.55,0.7,-5.1758,-18.6443
event,XAUUSD,M5,CRUDE,down,other,dn,ALL,ALL,19,-0.0626,0.1011,-0.3013,-1.475,0.3684,0.5263,0.4211,0.4211,-5.9128,-40.8379
event,XAUUSD,M5,CRUDE,big_down,other,dn,ALL,ALL,17,-0.2817,0.9121,0.8347,5.0922,0.2941,0.6471,0.5882,0.6471,-5.255,-46.5409
event,XAUUSD,M5,CRUDE,big_up,other,dn,ALL,ALL,17,-0.4053,-0.6759,-0.5746,1.3777,0.2941,0.1765,0.4706,0.5882,-5.5611,-21.2486
event,XAUUSD,M5,CRUDE,up,other,up,ALL,ALL,17,0.2239,0.5047,1.0332,-0.6668,0.5294,0.7059,0.5294,0.4118,-7.4863,-28.7413
event,XAUUSD,M5,CRUDE,big_down,other,dn,ALL,bear,13,-0.2817,0.9121,1.1473,5.3966,0.2308,0.6923,0.6923,0.6923,-5.255,-46.5409
event,XAUUSD,M5,CRUDE,down,other,up,ALL,bull,13,0.188,0.1398,1.2622,2.5952,0.5385,0.5385,0.5385,0.6154,-5.0532,-18.6443
event,XAUUSD,M5,CRUDE,big_down,other,up,ALL,ALL,12,0.0828,0.0629,2.5232,0.6206,0.5833,0.5,0.5833,0.5833,-4.0758,-8.9095
event,XAUUSD,M5,CRUDE,big_up,other,up,ALL,ALL,12,-0.4789,-0.1814,-0.9559,-2.9211,0.4167,0.5,0.5,0.1667,-7.1272,-27.2306
event,XAUUSD,M5,CRUDE,up,other,dn,ALL,ALL,12,-0.7052,0.1,1.2573,3.4567,0.25,0.5,0.6667,0.6667,-4.8308,-28.303
event,XAUUSD,M5,CRUDE,down,other,dn,ALL,bull,10,0.3355,0.4948,1.4724,-0.5516,0.6,0.7,0.6,0.5,-5.0788,-20.1467
event,XAUUSD,M5,CRUDE,up,other,up,ALL,bear,10,-0.2907,0.4082,1.5479,0.9578,0.4,0.7,0.7,0.5,-7.4436,-25.2809
event,XAUUSD,M5,CRUDE,big_down,other,up,ALL,bull,9,-0.1499,-0.1108,2.843,0.968,0.4444,0.4444,0.6667,0.6667,-3.9841,-8.0464
event,XAUUSD,M5,CRUDE,big_up,other,dn,ALL,bull,9,-0.4053,-0.7777,1.8946,1.3777,0.3333,0.2222,0.5556,0.5556,-10.3457,-21.2486
event,XAUUSD,M5,CRUDE,down,other,dn,ALL,bear,9,-0.6903,-0.2769,-2.5593,-2.4453,0.1111,0.3333,0.2222,0.3333,-6.4364,-40.8379
event,XAUUSD,M5,CRUDE,up,other,dn,ALL,bear,9,-0.8859,-0.0149,0.8833,2.6399,0.2222,0.4444,0.6667,0.5556,-5.0778,-28.303
event,XAUUSD,M5,CRUDE,big_up,other,dn,ALL,bear,8,-0.4024,-0.603,-1.043,2.7041,0.25,0.125,0.375,0.625,-3.989,-19.8298
event,XAUUSD,M5,CRUDE,big_up,other,up,ALL,bear,8,-0.6361,-0.1814,1.4129,-2.9211,0.375,0.5,0.625,0.125,-7.1272,-25.0642
event,XAUUSD,M5,CRUDE,down,other,up,ALL,bear,7,0.5849,-0.2626,0.4838,6.9974,0.7143,0.2857,0.5714,0.8571,-5.2983,-10.5808
event,XAUUSD,M5,CRUDE,up,other,up,ALL,bull,7,0.271,2.1402,-0.8151,-1.6599,0.7143,0.7143,0.2857,0.2857,-13.8632,-28.7413
event,XAUUSD,M5,DURABLES,down,0830_data,up,ALL,ALL,25,-0.1444,-0.2634,-0.4983,1.8145,0.36,0.44,0.44,0.6,-6.6938,-20.353
event,XAUUSD,M5,DURABLES,down,0830_data,dn,ALL,ALL,17,-0.2811,-1.3468,-1.5493,-2.5579,0.4706,0.3529,0.4118,0.3529,-7.5336,-48.5009
event,XAUUSD,M5,DURABLES,down,0830_data,up,ALL,bull,16,-0.2611,-1.3613,-5.2237,0.7748,0.375,0.1875,0.3125,0.5625,-9.8638,-17.2417
event,XAUUSD,M5,DURABLES,up,0830_data,dn,ALL,ALL,14,-0.1998,-0.9,1.0144,-0.2509,0.4286,0.3571,0.6429,0.5,-4.026,-19.4768
event,XAUUSD,M5,DURABLES,up,0830_data,up,ALL,ALL,11,-0.32,-0.7639,-1.2785,0.9052,0.3636,0.3636,0.4545,0.6364,-7.36,-22.2222
event,XAUUSD,M5,DURABLES,down,0830_data,dn,ALL,bear,9,-0.4336,-1.673,-1.7798,-3.7685,0.4444,0.3333,0.4444,0.4444,-7.5911,-32.133
event,XAUUSD,M5,DURABLES,down,0830_data,up,ALL,bear,9,-0.025,1.9934,0.6489,3.318,0.3333,0.8889,0.6667,0.6667,-3.2414,-20.353
event,XAUUSD,M5,DURABLES,down,0830_data,dn,ALL,bull,8,-0.1249,-1.0595,-0.9111,-2.3765,0.5,0.375,0.375,0.25,-7.5254,-48.5009
event,XAUUSD,M5,DURABLES,up,0830_data,dn,ALL,bear,8,0.2719,0.2354,2.8479,-2.7572,0.5,0.5,0.625,0.375,-3.9641,-19.4768
event,XAUUSD,M5,DURABLES,big_down,0830_data,up,ALL,ALL,7,-0.2469,-0.3951,-4.7672,-3.3384,0.4286,0.4286,0.4286,0.2857,-9.5008,-17.0794
event,XAUUSD,M5,DURABLES,up,0830_data,up,ALL,bull,7,-0.32,-0.6629,2.2737,1.1017,0.4286,0.4286,0.5714,0.7143,-5.3778,-20.4705
event,XAUUSD,M5,DURABLES,up,0830_data,dn,ALL,bull,6,-0.4402,-1.1882,1.0144,0.6029,0.3333,0.1667,0.6667,0.6667,-4.026,-12.4841
event,XAUUSD,M5,DURABLES,big_up,0830_data,dn,ALL,ALL,5,-0.6808,-1.2539,-4.0847,1.489,0.4,0.2,0.2,0.6,-7.2617,-20.3125
event,XAUUSD,M5,DURABLES,big_down,0830_data,up,ALL,bull,5,-0.3794,-0.3951,0.6173,-4.0782,0.2,0.4,0.6,0.0,-8.2119,-17.0794
event,XAUUSD,M5,GDP,up,0830_data,dn,ALL,ALL,27,0.0281,-0.7552,-3.6534,3.2454,0.5185,0.4074,0.3704,0.6296,-8.1798,-33.1969
event,XAUUSD,M5,GDP,down,0830_data,up,ALL,ALL,23,1.2557,2.2235,1.7647,2.6716,0.6087,0.6522,0.7391,0.5217,-7.4079,-27.5998
event,XAUUSD,M5,GDP,big_up,0830_data,dn,ALL,ALL,18,0.2821,1.0343,0.8329,-2.6926,0.5556,0.5556,0.5556,0.4444,-8.0962,-18.2738
event,XAUUSD,M5,GDP,up,0830_data,dn,ALL,bear,18,-0.1152,-0.6876,-1.8217,4.5709,0.5,0.4444,0.4444,0.6111,-6.5243,-33.1969
event,XAUUSD,M5,GDP,big_up,0830_data,dn,ALL,bear,17,0.2733,0.8443,0.5417,-2.7815,0.5294,0.5294,0.5294,0.4118,-9.2741,-18.2738
event,XAUUSD,M5,GDP,down,0830_data,dn,ALL,ALL,14,0.5936,-0.9798,-3.4406,-0.9273,0.7143,0.2857,0.3571,0.5,-10.9779,-27.0551
event,XAUUSD,M5,GDP,down,0830_data,up,ALL,bull,13,0.1373,2.2235,1.8788,2.6716,0.5385,0.6923,0.7692,0.5385,-7.4079,-27.5998
event,XAUUSD,M5,GDP,big_down,0830_data,up,ALL,ALL,11,-1.3784,-2.1004,-0.5658,-3.9398,0.3636,0.2727,0.4545,0.2727,-14.6106,-36.517
event,XAUUSD,M5,GDP,big_down,0830_data,up,ALL,bull,11,-1.3784,-2.1004,-0.5658,-3.9398,0.3636,0.2727,0.4545,0.2727,-14.6106,-36.517
event,XAUUSD,M5,GDP,down,0830_data,up,ALL,bear,10,2.3925,1.5683,1.1628,5.4737,0.7,0.6,0.7,0.5,-7.4972,-18.9476
event,XAUUSD,M5,GDP,big_down,0830_data,dn,ALL,ALL,9,1.3227,0.652,-0.8781,1.3082,0.6667,0.5556,0.4444,0.5556,-8.9737,-29.8614
event,XAUUSD,M5,GDP,up,0830_data,dn,ALL,bull,9,0.0281,-0.7663,-4.3654,0.3769,0.5556,0.3333,0.2222,0.6667,-9.997,-22.7165
event,XAUUSD,M5,GDP,up,0830_data,up,ALL,ALL,8,0.3706,-0.2628,1.6237,7.3898,0.5,0.5,0.625,0.75,-5.2557,-18.1203
event,XAUUSD,M5,GDP,down,0830_data,dn,ALL,bear,7,0.2664,-2.2981,-2.412,8.1985,0.5714,0.1429,0.2857,0.7143,-8.0131,-13.2066
event,XAUUSD,M5,GDP,down,0830_data,dn,ALL,bull,7,0.7163,-0.1657,-5.5655,-11.3106,0.8571,0.4286,0.4286,0.2857,-14.5422,-27.0551
event,XAUUSD,M5,GDP,big_up,0830_data,up,ALL,ALL,6,-0.4188,-0.8571,-1.148,-0.1314,0.5,0.5,0.5,0.5,-8.5553,-21.3945
event,XAUUSD,M5,GDP,big_down,0830_data,dn,ALL,bull,6,-0.8737,-0.7011,-1.0774,-2.7187,0.5,0.5,0.3333,0.5,-9.0765,-29.8614
event,XAUUSD,M5,GDP,big_up,0830_data,up,ALL,bull,5,0.16,-4.0764,-2.6739,-1.241,0.6,0.4,0.4,0.4,-10.3715,-21.3945
event,XAUUSD,M5,GDP,up,0830_data,up,ALL,bull,5,1.896,3.9125,5.9188,15.8219,0.8,0.8,1.0,1.0,-2.4992,-13.0419
event,XAUUSD,M5,HOMESALES,down,1000_data,dn,ALL,ALL,21,0.0,-0.1007,-0.9027,-0.9479,0.4762,0.381,0.2857,0.381,-7.6649,-22.9365
event,XAUUSD,M5,HOMESALES,down,1000_data,up,ALL,ALL,17,0.1447,0.1868,0.8606,3.4033,0.5294,0.5882,0.5294,0.6471,-5.594,-20.5004
event,XAUUSD,M5,HOMESALES,up,1000_data,dn,ALL,ALL,13,0.4389,-0.158,1.2163,-0.7272,0.6154,0.4615,0.5385,0.3846,-4.5741,-18.2016
event,XAUUSD,M5,HOMESALES,down,1000_data,dn,ALL,bull,13,-0.3247,-0.1007,-0.9027,-0.3909,0.4615,0.3077,0.3077,0.4615,-5.8209,-19.3691
event,XAUUSD,M5,HOMESALES,big_up,1000_data,dn,ALL,ALL,11,-0.326,-1.3106,0.0225,-3.2557,0.2727,0.0909,0.5455,0.3636,-6.3993,-22.0562
event,XAUUSD,M5,HOMESALES,down,1000_data,up,ALL,bull,11,0.1447,0.1868,0.8606,3.4033,0.5455,0.5455,0.5455,0.7273,-5.594,-20.5004
event,XAUUSD,M5,HOMESALES,big_down,1000_data,up,ALL,ALL,10,-0.7509,-1.1771,-1.6893,3.7458,0.3,0.4,0.4,0.6,-5.191,-14.7837
event,XAUUSD,M5,HOMESALES,big_up,1000_data,up,ALL,ALL,10,-0.2214,0.749,0.248,-3.3133,0.4,0.6,0.6,0.2,-7.1447,-25.3981
event,XAUUSD,M5,HOMESALES,up,1000_data,up,ALL,ALL,10,-0.2823,0.8574,-0.2855,1.2996,0.4,0.7,0.5,0.7,-4.2571,-21.868
event,XAUUSD,M5,HOMESALES,big_down,1000_data,dn,ALL,ALL,9,-0.5861,1.1171,-0.1489,2.0171,0.3333,0.7778,0.4444,0.5556,-4.12,-11.341
event,XAUUSD,M5,HOMESALES,down,1000_data,dn,ALL,bear,8,0.237,-0.1647,-1.2431,-5.898,0.5,0.5,0.25,0.25,-11.2282,-22.9365
event,XAUUSD,M5,HOMESALES,big_up,1000_data,dn,ALL,bear,7,-0.326,-1.8077,-1.3867,-3.2557,0.2857,0.1429,0.4286,0.2857,-5.8568,-14.8053
event,XAUUSD,M5,HOMESALES,up,1000_data,dn,ALL,bear,7,0.4389,-0.158,-0.7932,-1.6077,0.5714,0.4286,0.4286,0.2857,-3.8047,-18.2016
event,XAUUSD,M5,HOMESALES,up,1000_data,up,ALL,bull,7,-0.5228,0.8099,-0.8207,1.3889,0.2857,0.7143,0.4286,0.7143,-3.4345,-9.7222
event,XAUUSD,M5,HOMESALES,big_down,1000_data,dn,ALL,bear,6,-0.5902,0.4102,-0.1939,0.3526,0.3333,0.6667,0.3333,0.5,-4.1235,-11.341
event,XAUUSD,M5,HOMESALES,big_down,1000_data,up,ALL,bull,6,-0.9933,-0.5282,-1.8607,5.0612,0.3333,0.5,0.3333,0.6667,-3.9451,-14.7837
event,XAUUSD,M5,HOMESALES,down,1000_data,up,ALL,bear,6,0.1957,0.5367,-0.3854,-1.0795,0.5,0.6667,0.5,0.5,-7.0642,-15.8416
event,XAUUSD,M5,HOMESALES,up,1000_data,dn,ALL,bull,6,0.4499,-0.7105,1.7159,0.8092,0.6667,0.5,0.6667,0.5,-7.5192,-16.2738
event,XAUUSD,M5,HOMESALES,big_up,1000_data,up,ALL,bear,5,-0.2572,0.8935,0.4071,-3.6269,0.4,0.6,0.6,0.0,-16.2166,-25.3981
event,XAUUSD,M5,HOMESALES,big_up,1000_data,up,ALL,bull,5,-0.2117,0.6044,0.0889,-2.9642,0.4,0.6,0.6,0.4,-4.2311,-9.9837
event,XAUUSD,M5,HOUSING,down,0830_data,up,ALL,ALL,19,0.0246,0.9458,1.0105,3.4547,0.5789,0.6316,0.6316,0.6316,-7.2332,-22.1589
event,XAUUSD,M5,HOUSING,down,0830_data,dn,ALL,ALL,16,-0.1321,0.8638,2.7127,-0.0579,0.4375,0.625,0.8125,0.5,-5.2511,-50.4544
event,XAUUSD,M5,HOUSING,up,0830_data,dn,ALL,ALL,16,-0.5327,-1.2205,-2.1446,-0.8886,0.3125,0.3125,0.4375,0.5,-9.6338,-42.2686
event,XAUUSD,M5,HOUSING,up,0830_data,up,ALL,ALL,12,-0.5881,0.1175,0.247,-1.7585,0.25,0.5833,0.5,0.5,-7.4294,-33.4172
event,XAUUSD,M5,HOUSING,down,0830_data,dn,ALL,bear,12,-0.0299,3.5335,2.6701,-3.5018,0.5,0.6667,0.75,0.4167,-5.9507,-50.4544
event,XAUUSD,M5,HOUSING,down,0830_data,up,ALL,bull,11,0.2224,0.1786,-0.1786,1.3675,0.6364,0.5455,0.4545,0.5455,-9.2744,-18.193
event,XAUUSD,M5,HOUSING,big_up,0830_data,dn,ALL,ALL,9,0.1582,1.5179,2.1739,4.347,0.5556,0.6667,0.6667,0.6667,-3.0783,-20.4445
event,XAUUSD,M5,HOUSING,up,0830_data,dn,ALL,bear,9,-0.5547,-0.1142,-1.9329,4.3228,0.3333,0.3333,0.4444,0.5556,-6.4546,-42.2686
event,XAUUSD,M5,HOUSING,down,0830_data,up,ALL,bear,8,0.0068,1.1932,1.4902,5.3539,0.5,0.75,0.875,0.75,-4.4652,-22.1589
event,XAUUSD,M5,HOUSING,big_down,0830_data,up,ALL,ALL,7,0.5429,1.5526,-4.3537,-5.144,0.5714,0.5714,0.4286,0.4286,-6.8281,-20.3741
event,XAUUSD,M5,HOUSING,big_down,0830_data,up,ALL,bull,7,0.5429,1.5526,-4.3537,-5.144,0.5714,0.5714,0.4286,0.4286,-6.8281,-20.3741
event,XAUUSD,M5,HOUSING,big_up,0830_data,dn,ALL,bear,7,-0.6187,1.5179,1.7677,4.347,0.4286,0.5714,0.5714,0.7143,-3.0783,-20.4445
event,XAUUSD,M5,HOUSING,up,0830_data,dn,ALL,bull,7,-0.4418,-3.6819,-2.3564,-3.331,0.2857,0.2857,0.4286,0.4286,-12.813,-29.802
event,XAUUSD,M5,HOUSING,up,0830_data,up,ALL,bull,7,-0.9422,0.0544,5.5886,4.6208,0.2857,0.5714,0.7143,0.7143,-4.2204,-16.6137
event,XAUUSD,M5,HOUSING,big_down,0830_data,dn,ALL,ALL,6,-1.1896,-2.1912,-1.1868,-9.4447,0.3333,0.1667,0.5,0.3333,-18.0096,-36.1417
event,XAUUSD,M5,HOUSING,big_up,0830_data,up,ALL,ALL,6,0.8149,1.5223,0.4588,-1.6902,0.6667,0.6667,0.5,0.1667,-8.2876,-28.6008
event,XAUUSD,M5,HOUSING,big_up,0830_data,up,ALL,bear,5,0.6222,2.792,-2.0421,-1.6802,0.6,0.8,0.4,0.2,-6.9899,-28.6008
event,XAUUSD,M5,HOUSING,up,0830_data,up,ALL,bear,5,-0.3269,0.2472,-1.8189,-12.2774,0.2,0.6,0.2,0.2,-14.0778,-33.4172
event,XAUUSD,M5,ISM_MFG,up,1000_data,dn,ALL,ALL,39,0.3534,-0.1541,0.0666,-1.7069,0.6154,0.4103,0.5128,0.4359,-6.3942,-28.6252
event,XAUUSD,M5,ISM_MFG,down,1000_data,up,ALL,ALL,37,0.181,-0.1302,-0.1062,-1.4312,0.5135,0.4595,0.4865,0.4324,-7.5462,-31.7308
event,XAUUSD,M5,ISM_MFG,down,1000_data,up,ALL,bull,27,0.181,-0.0094,0.3736,-1.4852,0.5185,0.4815,0.5185,0.4074,-6.8335,-31.7308
event,XAUUSD,M5,ISM_MFG,up,1000_data,dn,ALL,bear,23,0.474,-0.2262,0.191,-2.4492,0.6522,0.4348,0.5217,0.3913,-6.2486,-28.6252
event,XAUUSD,M5,ISM_MFG,big_up,1000_data,dn,ALL,ALL,21,-0.1914,-1.2092,-1.2641,-2.2949,0.4286,0.2857,0.3333,0.1905,-7.0709,-20.7335
event,XAUUSD,M5,ISM_MFG,down,1000_data,dn,ALL,ALL,17,-0.5291,0.2106,-0.2276,0.0866,0.2353,0.5294,0.4706,0.5294,-6.7141,-20.843
event,XAUUSD,M5,ISM_MFG,big_down,1000_data,up,ALL,ALL,16,-0.5021,-0.1187,0.2281,-0.1981,0.4375,0.4375,0.5625,0.5,-7.741,-24.84
event,XAUUSD,M5,ISM_MFG,up,1000_data,up,ALL,ALL,16,-0.0734,-0.9586,-1.216,-1.4744,0.5,0.4375,0.3125,0.4375,-7.26,-27.6613
event,XAUUSD,M5,ISM_MFG,up,1000_data,dn,ALL,bull,16,0.3401,-0.1322,-0.2036,-0.5764,0.5625,0.375,0.5,0.5,-8.1484,-17.9438
event,XAUUSD,M5,ISM_MFG,big_up,1000_data,dn,ALL,bear,15,-0.1914,-1.1291,-1.2641,-1.8863,0.4,0.3333,0.2667,0.2667,-6.7555,-20.7335
event,XAUUSD,M5,ISM_MFG,big_down,1000_data,up,ALL,bull,13,-0.6536,-0.1714,-0.4731,-1.784,0.3077,0.3846,0.4615,0.4615,-8.7195,-24.84
event,XAUUSD,M5,ISM_MFG,big_up,1000_data,up,ALL,ALL,11,0.2127,0.7576,-2.334,3.8661,0.5455,0.5455,0.2727,0.6364,-6.6188,-15.8875
event,XAUUSD,M5,ISM_MFG,up,1000_data,up,ALL,bull,11,-0.35,-2.5233,-2.227,-4.904,0.3636,0.2727,0.0909,0.2727,-8.9927,-20.7546
event,XAUUSD,M5,ISM_MFG,down,1000_data,dn,ALL,bull,10,-0.4789,-0.1701,0.4575,3.8682,0.3,0.5,0.5,0.7,-5.7701,-16.304
event,XAUUSD,M5,ISM_MFG,down,1000_data,up,ALL,bear,10,0.0567,-2.3801,-0.9756,-0.6347,0.5,0.4,0.4,0.5,-8.2238,-13.8281
event,XAUUSD,M5,ISM_MFG,big_down,1000_data,dn,ALL,ALL,7,0.0,0.0509,2.8436,6.7751,0.4286,0.5714,0.7143,0.7143,-7.7643,-23.9058
event,XAUUSD,M5,ISM_MFG,down,1000_data,dn,ALL,bear,7,-0.5291,0.6122,-0.5277,-4.883,0.1429,0.5714,0.4286,0.2857,-11.9794,-20.843
event,XAUUSD,M5,ISM_MFG,big_up,1000_data,dn,ALL,bull,6,-0.1603,-1.4318,-0.7086,-7.2143,0.5,0.1667,0.5,0.0,-10.936,-15.834
event,XAUUSD,M5,ISM_MFG,big_up,1000_data,up,ALL,bull,6,0.3392,0.9233,-0.6076,9.2788,0.6667,0.6667,0.5,0.6667,-7.4691,-13.5015
event,XAUUSD,M5,ISM_MFG,big_up,1000_data,up,ALL,bear,5,-0.3269,-1.0624,-3.2578,0.5582,0.4,0.4,0.0,0.6,-6.6188,-15.8875
event,XAUUSD,M5,ISM_MFG,up,1000_data,up,ALL,bear,5,0.5254,1.0107,2.1545,7.82,0.8,0.8,0.8,0.8,-1.3081,-27.6613
event,XAUUSD,M5,ISM_SVC,up,1000_data,dn,ALL,ALL,42,0.0,-0.372,-0.6297,-3.6661,0.4762,0.4286,0.4762,0.2381,-6.8273,-38.3988
event,XAUUSD,M5,ISM_SVC,down,1000_data,up,ALL,ALL,32,0.5085,0.5525,0.6853,-0.0911,0.7188,0.5312,0.5312,0.5,-4.6741,-31.3209
event,XAUUSD,M5,ISM_SVC,up,1000_data,dn,ALL,bear,25,0.0,-0.4885,-0.8948,-4.4358,0.44,0.44,0.48,0.24,-10.5191,-28.3074
event,XAUUSD,M5,ISM_SVC,up,1000_data,up,ALL,ALL,23,0.2049,1.0549,0.6361,0.1898,0.6087,0.7391,0.6087,0.5217,-5.6158,-41.1149
event,XAUUSD,M5,ISM_SVC,big_up,1000_data,dn,ALL,ALL,20,-0.3255,-0.266,-0.2263,-0.5878,0.45,0.45,0.45,0.45,-6.0723,-18.1071
event,XAUUSD,M5,ISM_SVC,down,1000_data,up,ALL,bull,19,0.2091,-0.5468,0.9487,0.9745,0.6316,0.4211,0.5789,0.5263,-5.0159,-31.3209
event,XAUUSD,M5,ISM_SVC,big_down,1000_data,up,ALL,ALL,18,-0.2996,0.0365,-0.0037,-0.4273,0.3889,0.5556,0.5,0.4444,-5.2586,-23.1177
event,XAUUSD,M5,ISM_SVC,big_up,1000_data,dn,ALL,bear,17,-0.2297,-0.1153,-0.2569,-0.1357,0.4706,0.4706,0.4118,0.4706,-6.0033,-18.1071
event,XAUUSD,M5,ISM_SVC,up,1000_data,dn,ALL,bull,17,0.1069,-0.1735,-0.4866,-1.8896,0.5294,0.4118,0.4706,0.2353,-4.8525,-38.3988
event,XAUUSD,M5,ISM_SVC,down,1000_data,dn,ALL,ALL,16,-0.011,0.8017,1.4856,0.7164,0.5,0.75,0.5625,0.625,-4.0606,-21.9303
event,XAUUSD,M5,ISM_SVC,up,1000_data,up,ALL,bull,16,0.4942,1.1576,0.8178,0.0348,0.5625,0.75,0.625,0.5,-6.1645,-19.2064
event,XAUUSD,M5,ISM_SVC,big_down,1000_data,up,ALL,bull,15,-0.2726,0.1175,-0.5229,-0.7694,0.4,0.6,0.4,0.4,-6.3558,-18.55
event,XAUUSD,M5,ISM_SVC,down,1000_data,up,ALL,bear,13,0.6894,1.4777,0.0,-0.3989,0.8462,0.6923,0.4615,0.4615,-3.8397,-14.7033
event,XAUUSD,M5,ISM_SVC,down,1000_data,dn,ALL,bull,9,0.3206,0.4815,2.4081,3.6029,0.6667,0.6667,0.5556,0.7778,-3.7453,-21.9303
event,XAUUSD,M5,ISM_SVC,big_up,1000_data,up,ALL,ALL,8,-0.8349,0.2098,-0.6927,2.6961,0.125,0.5,0.375,0.5,-6.5671,-10.1417
event,XAUUSD,M5,ISM_SVC,down,1000_data,dn,ALL,bear,7,-0.0443,0.8899,0.7311,-1.9464,0.2857,0.8571,0.5714,0.4286,-4.3758,-20.3586
event,XAUUSD,M5,ISM_SVC,up,1000_data,up,ALL,bear,7,0.2049,0.9482,0.1304,3.9066,0.7143,0.7143,0.5714,0.5714,-4.5937,-41.1149
event,XAUUSD,M5,ISM_SVC,big_down,1000_data,dn,ALL,ALL,5,-0.4929,1.2219,2.746,3.9843,0.2,0.6,1.0,0.6,-1.3869,-12.1778
event,XAUUSD,M5,NFP,down,0830_data,up,ALL,ALL,30,-0.8649,-1.9107,0.2019,-0.4312,0.3667,0.3667,0.5,0.4333,-7.6351,-27.6653
event,XAUUSD,M5,NFP,up,0830_data,dn,ALL,ALL,28,-0.1469,0.5438,0.8225,-1.2735,0.4643,0.5357,0.5357,0.3929,-6.7832,-25.5503
event,XAUUSD,M5,NFP,down,0830_data,up,ALL,bull,28,-0.9265,-2.1458,-1.3343,-0.4312,0.3571,0.3214,0.4643,0.4286,-8.2924,-27.6653
event,XAUUSD,M5,NFP,up,0830_data,dn,ALL,bear,27,-0.1877,0.7615,1.3432,-0.6813,0.4444,0.5556,0.5556,0.4074,-6.5158,-25.5503
event,XAUUSD,M5,NFP,big_down,0830_data,up,ALL,ALL,21,-0.831,1.0939,1.8331,4.4555,0.4286,0.6667,0.619,0.619,-5.6572,-28.7457
event,XAUUSD,M5,NFP,big_up,0830_data,dn,ALL,ALL,21,-0.3551,-0.8252,2.4938,-0.3252,0.4286,0.381,0.5238,0.4762,-9.4555,-37.9492
event,XAUUSD,M5,NFP,big_down,0830_data,up,ALL,bull,19,-1.2222,1.4406,1.9208,4.4555,0.3684,0.6316,0.6316,0.6316,-5.6572,-28.7457
event,XAUUSD,M5,NFP,big_up,0830_data,dn,ALL,bear,19,-0.3551,-0.9677,3.3616,0.6609,0.4211,0.4211,0.5789,0.5263,-9.4555,-37.9492
event,XAUUSD,M5,NFP,up,0830_data,up,ALL,ALL,13,-0.7892,1.071,0.1009,7.454,0.3846,0.5385,0.5385,0.6923,-5.0855,-31.3804
event,XAUUSD,M5,NFP,up,0830_data,up,ALL,bull,10,-0.7448,1.559,0.1635,6.7765,0.4,0.6,0.6,0.7,-4.5736,-31.3804
event,XAUUSD,M5,NFP,big_down,0830_data,dn,ALL,ALL,8,0.1956,1.8443,-1.4392,-5.3446,0.5,0.75,0.375,0.25,-9.0401,-29.594
event,XAUUSD,M5,NFP,down,0830_data,dn,ALL,ALL,6,0.4209,-2.118,0.5207,-4.2705,0.6667,0.3333,0.5,0.0,-7.587,-13.28
event,XAUUSD,M5,NFP,big_down,0830_data,dn,ALL,bear,6,0.1956,1.8443,0.1584,-3.3336,0.5,0.8333,0.5,0.3333,-6.0375,-29.594
event,XAUUSD,M5,NFP,big_up,0830_data,up,ALL,ALL,5,-1.7623,-1.2568,1.122,-3.2168,0.2,0.0,0.6,0.2,-10.7026,-15.3527
event,XAUUSD,M5,NFP,down,0830_data,dn,ALL,bear,5,0.548,-1.3164,2.4442,-4.7496,0.8,0.4,0.6,0.0,-6.9482,-13.28
event,XAUUSD,M5,OTHER,big_down,other,dn,ALL,ALL,17,-0.5713,-0.948,-1.1033,-2.1851,0.2941,0.2941,0.2941,0.4118,-6.6959,-26.7803
event,XAUUSD,M5,OTHER,big_up,other,dn,ALL,ALL,13,0.4121,0.4393,-0.1821,-1.353,0.5385,0.6923,0.4615,0.3846,-8.583,-21.1293
event,XAUUSD,M5,OTHER,big_down,other,up,ALL,ALL,12,-0.729,-0.5909,2.4636,5.1867,0.4167,0.4167,0.75,0.75,-5.1011,-19.8646
event,XAUUSD,M5,OTHER,big_up,other,up,ALL,ALL,11,1.107,1.4147,3.474,2.4813,0.9091,0.7273,0.8182,0.7273,-2.9745,-29.5035
event,XAUUSD,M5,OTHER,big_down,other,dn,ALL,bear,11,-0.544,-0.8918,-0.4684,1.7241,0.3636,0.3636,0.3636,0.5455,-5.7692,-14.5278
event,XAUUSD,M5,OTHER,big_down,other,up,ALL,bull,8,-1.0168,-0.5909,1.5545,1.9609,0.375,0.375,0.625,0.625,-6.1094,-19.8646
event,XAUUSD,M5,OTHER,big_up,other,up,ALL,bull,8,1.0882,1.3677,3.2737,1.2911,0.875,0.75,0.75,0.625,-3.5139,-29.5035
event,XAUUSD,M5,OTHER,big_up,other,dn,ALL,bull,7,0.4121,0.1374,-0.1821,-1.2633,0.5714,0.5714,0.4286,0.4286,-5.625,-21.1293
event,XAUUSD,M5,OTHER,big_down,other,dn,ALL,bull,6,-0.7355,-1.7123,-3.3408,-3.1889,0.1667,0.1667,0.1667,0.1667,-10.4081,-26.7803
event,XAUUSD,M5,OTHER,big_up,other,dn,ALL,bear,6,0.2437,0.6809,-1.2935,-2.9744,0.5,0.8333,0.5,0.3333,-10.3375,-15.2
event,XAUUSD,M5,PCE_MM,big_down,0830_data,up,ALL,ALL,8,1.171,4.3142,-1.4616,-8.3385,0.625,0.75,0.5,0.25,-18.706,-27.4028
event,XAUUSD,M5,PCE_MM,big_up,0830_data,dn,ALL,ALL,5,-0.7139,0.5403,0.3231,-1.734,0.4,0.6,0.6,0.2,-6.4716,-29.8614
event,XAUUSD,M5,PCE_MM,big_down,0830_data,up,ALL,bull,5,0.2158,1.4069,-4.9107,-8.0558,0.6,0.6,0.4,0.2,-21.6919,-27.4028
event,XAUUSD,M5,PMI_FLASH,up,other,dn,ALL,ALL,18,1.6773,0.1913,0.753,-1.9532,0.8889,0.6111,0.5556,0.4444,-3.9919,-19.5938
event,XAUUSD,M5,PMI_FLASH,up,other,dn,ALL,bear,15,2.082,1.3205,1.7794,-2.7703,0.9333,0.7333,0.5333,0.4,-3.793,-19.5938
event,XAUUSD,M5,PMI_FLASH,big_down,other,up,ALL,ALL,12,-0.3835,-0.9563,0.3754,0.6229,0.4167,0.3333,0.5833,0.5,-6.5781,-33.3584
event,XAUUSD,M5,PMI_FLASH,down,other,up,ALL,ALL,12,-0.986,-1.3606,-1.5711,3.3968,0.25,0.25,0.4167,0.75,-7.574,-13.1054
event,XAUUSD,M5,PMI_FLASH,big_up,other,dn,ALL,ALL,10,0.603,1.0061,2.2542,-0.2181,0.8,0.7,0.8,0.5,-3.3638,-13.8317
event,XAUUSD,M5,PMI_FLASH,big_down,other,up,ALL,bull,9,0.2659,-0.3935,1.1179,-0.0866,0.5556,0.3333,0.6667,0.4444,-4.4257,-33.3584
event,XAUUSD,M5,PMI_FLASH,big_up,other,up,ALL,ALL,7,-0.3012,0.9107,-1.7954,-3.2027,0.4286,0.5714,0.2857,0.2857,-10.1257,-20.5493
event,XAUUSD,M5,PMI_FLASH,up,other,up,ALL,ALL,7,-0.5173,-1.171,-1.8722,-5.0879,0.2857,0.2857,0.2857,0.2857,-8.5442,-33.3584
event,XAUUSD,M5,PMI_FLASH,down,other,up,ALL,bull,7,-0.1346,-0.5315,1.1179,7.4582,0.4286,0.4286,0.7143,1.0,-5.8532,-11.0556
event,XAUUSD,M5,PMI_FLASH,big_up,other,dn,ALL,bear,6,0.975,1.0061,2.2542,-0.2181,0.8333,0.8333,0.8333,0.5,-3.3638,-13.8317
event,XAUUSD,M5,PMI_FLASH,down,other,dn,ALL,ALL,5,-2.752,-2.3073,-1.3621,-7.5427,0.2,0.2,0.2,0.2,-13.5862,-17.2427
event,XAUUSD,M5,PMI_FLASH,down,other,up,ALL,bear,5,-1.6336,-1.5501,-1.8722,-3.2027,0.0,0.0,0.0,0.4,-8.5442,-13.1054
event,XAUUSD,M5,PPI_MM,down,0830_data,up,ALL,ALL,48,-0.3461,-0.2683,0.2346,2.077,0.4167,0.4583,0.5208,0.5417,-6.2892,-30.3714
event,XAUUSD,M5,PPI_MM,up,0830_data,dn,ALL,ALL,35,0.4507,0.2531,-0.9296,-0.905,0.6286,0.5714,0.3429,0.4857,-8.6786,-39.3881
event,XAUUSD,M5,PPI_MM,down,0830_data,up,ALL,bull,33,0.0054,0.4571,-0.5684,2.2161,0.5152,0.5152,0.4545,0.5455,-6.304,-30.3714
event,XAUUSD,M5,PPI_MM,up,0830_data,up,ALL,ALL,29,0.4846,1.1909,2.2,4.5041,0.6207,0.6207,0.6897,0.5862,-5.6538,-59.4393
event,XAUUSD,M5,PPI_MM,down,0830_data,dn,ALL,ALL,28,-0.7673,-1.2591,-2.7144,-2.2723,0.3929,0.3929,0.3214,0.3571,-8.3012,-34.3966
event,XAUUSD,M5,PPI_MM,up,0830_data,dn,ALL,bear,24,0.6333,0.4028,-0.9544,3.112,0.75,0.5833,0.375,0.5417,-8.3241,-28.789
event,XAUUSD,M5,PPI_MM,big_down,0830_data,up,ALL,ALL,21,-0.1319,1.2941,-1.7766,-1.9745,0.381,0.7143,0.381,0.381,-8.894,-82.5104
event,XAUUSD,M5,PPI_MM,big_up,0830_data,dn,ALL,ALL,19,0.0812,0.5525,-1.7539,-1.3649,0.5263,0.5789,0.4211,0.3684,-8.2464,-50.1079
event,XAUUSD,M5,PPI_MM,up,0830_data,up,ALL,bear,18,0.4926,0.9223,2.235,3.3457,0.5556,0.6111,0.6667,0.6111,-4.4874,-23.1856
event,XAUUSD,M5,PPI_MM,down,0830_data,dn,ALL,bear,17,-0.4632,-1.9534,-3.0168,-2.2723,0.4706,0.4118,0.2353,0.2941,-8.6348,-31.2036
event,XAUUSD,M5,PPI_MM,big_down,0830_data,up,ALL,bull,16,-0.3154,1.2581,-2.0915,-2.3149,0.375,0.625,0.4375,0.3125,-8.3909,-17.825
event,XAUUSD,M5,PPI_MM,down,0830_data,up,ALL,bear,15,-0.6179,-1.2717,1.9982,1.0697,0.2,0.3333,0.6667,0.5333,-5.8162,-26.3902
event,XAUUSD,M5,PPI_MM,big_up,0830_data,up,ALL,ALL,13,0.1575,0.1382,-1.1377,6.6865,0.5385,0.5385,0.3077,0.6923,-5.3812,-23.1856
event,XAUUSD,M5,PPI_MM,big_up,0830_data,dn,ALL,bear,12,-1.4876,0.6171,-3.6551,-0.4212,0.4167,0.5833,0.4167,0.4167,-8.2464,-50.1079
event,XAUUSD,M5,PPI_MM,down,0830_data,dn,ALL,bull,11,-0.9854,-0.8681,0.0,-5.4059,0.2727,0.3636,0.4545,0.4545,-6.3132,-34.3966
event,XAUUSD,M5,PPI_MM,up,0830_data,dn,ALL,bull,11,-0.8788,0.2187,-0.9296,-4.9121,0.3636,0.5455,0.2727,0.3636,-8.6786,-39.3881
event,XAUUSD,M5,PPI_MM,up,0830_data,up,ALL,bull,11,0.4846,2.3348,2.2,4.5041,0.7273,0.6364,0.7273,0.5455,-5.6538,-59.4393
event,XAUUSD,M5,PPI_MM,big_down,0830_data,dn,ALL,ALL,9,-0.8714,0.3884,-0.9408,-1.2024,0.3333,0.5556,0.4444,0.3333,-4.7968,-34.3966
event,XAUUSD,M5,PPI_MM,big_down,0830_data,dn,ALL,bull,7,-0.8714,-1.2432,-2.1004,-2.6425,0.2857,0.4286,0.2857,0.1429,-4.7968,-34.3966
event,XAUUSD,M5,PPI_MM,big_up,0830_data,dn,ALL,bull,7,0.9845,0.372,-0.6404,-4.3253,0.7143,0.5714,0.4286,0.2857,-10.1003,-39.3881
event,XAUUSD,M5,PPI_MM,big_up,0830_data,up,ALL,bull,7,0.2762,-0.6562,-3.2389,0.5547,0.5714,0.4286,0.1429,0.5714,-5.9283,-17.8138
event,XAUUSD,M5,PPI_MM,big_up,0830_data,up,ALL,bear,6,0.0352,0.699,-0.1703,7.5952,0.5,0.6667,0.5,0.8333,-4.2657,-23.1856
event,XAUUSD,M5,PPI_MM,big_down,0830_data,up,ALL,bear,5,-0.011,1.2941,-0.6739,3.4547,0.4,1.0,0.2,0.6,-11.1318,-82.5104
event,XAUUSD,M5,RETAIL,down,0830_data,up,ALL,ALL,76,0.2616,1.961,-2.0093,0.1514,0.5789,0.6447,0.3947,0.5,-7.8093,-82.5104
event,XAUUSD,M5,RETAIL,up,0830_data,dn,ALL,ALL,65,-0.2249,-0.3053,0.8744,-1.8296,0.4,0.4769,0.5385,0.4,-9.1646,-32.4393
event,XAUUSD,M5,RETAIL,up,0830_data,dn,ALL,bear,50,-0.3725,-0.8625,0.4815,-1.3996,0.38,0.4,0.54,0.44,-8.6522,-32.4393
event,XAUUSD,M5,RETAIL,down,0830_data,up,ALL,bull,47,0.4342,2.0118,-2.4386,-0.867,0.6809,0.6809,0.3617,0.4894,-8.2317,-59.4393
event,XAUUSD,M5,RETAIL,up,0830_data,up,ALL,ALL,36,0.0552,1.0973,-0.8246,-0.6726,0.5556,0.5278,0.4167,0.4722,-8.0134,-26.9147
event,XAUUSD,M5,RETAIL,down,0830_data,dn,ALL,ALL,35,0.2244,-0.0785,1.6827,-2.3493,0.5429,0.4571,0.5714,0.4571,-8.7322,-29.5775
event,XAUUSD,M5,RETAIL,big_down,0830_data,up,ALL,ALL,31,0.3044,1.4783,-0.9242,-0.9487,0.6129,0.6452,0.4839,0.3871,-8.7822,-31.0989
event,XAUUSD,M5,RETAIL,down,0830_data,up,ALL,bear,29,-0.3201,0.8059,-0.6739,1.0056,0.4138,0.5862,0.4483,0.5172,-7.8093,-82.5104
event,XAUUSD,M5,RETAIL,big_down,0830_data,up,ALL,bull,28,0.3044,1.4783,0.2927,-0.9078,0.6429,0.6429,0.5357,0.3929,-8.7822,-31.0989
event,XAUUSD,M5,RETAIL,big_up,0830_data,dn,ALL,ALL,24,-0.0081,-0.1957,0.0,-0.5801,0.4167,0.5,0.4583,0.4167,-7.9448,-27.8858
event,XAUUSD,M5,RETAIL,big_down,0830_data,dn,ALL,ALL,23,-0.5514,0.0689,0.0554,2.8953,0.4783,0.6522,0.5652,0.6522,-6.3458,-44.6415
event,XAUUSD,M5,RETAIL,up,0830_data,up,ALL,bull,21,-0.685,-0.6562,-0.8976,0.0,0.381,0.381,0.2857,0.4762,-7.7837,-22.6587
event,XAUUSD,M5,RETAIL,big_up,0830_data,dn,ALL,bear,18,-0.2113,-0.5542,-0.3327,-1.4281,0.3333,0.4444,0.3889,0.3333,-8.8544,-27.8858
event,XAUUSD,M5,RETAIL,down,0830_data,dn,ALL,bull,18,0.7174,-0.0785,-2.5698,-5.4864,0.6667,0.4444,0.3333,0.2222,-11.25,-29.5775
event,XAUUSD,M5,RETAIL,down,0830_data,dn,ALL,bear,17,-0.4632,-0.1234,4.537,2.3058,0.4118,0.4706,0.8235,0.7059,-5.1811,-16.4808
event,XAUUSD,M5,RETAIL,big_up,0830_data,up,ALL,ALL,16,-1.0048,0.1408,0.0057,-0.0201,0.3125,0.5,0.5625,0.4375,-4.9285,-15.0753
event,XAUUSD,M5,RETAIL,up,0830_data,dn,ALL,bull,15,-0.1441,1.1517,1.0015,-3.2959,0.4667,0.7333,0.5333,0.2667,-11.5036,-27.7741
event,XAUUSD,M5,RETAIL,up,0830_data,up,ALL,bear,15,0.3549,2.1144,0.5006,-1.3452,0.8,0.7333,0.6,0.4667,-9.0021,-26.9147
event,XAUUSD,M5,RETAIL,big_down,0830_data,dn,ALL,bear,12,-0.8844,1.4933,0.8159,0.9148,0.4167,0.5833,0.75,0.5833,-6.4937,-44.6415
event,XAUUSD,M5,RETAIL,big_down,0830_data,dn,ALL,bull,11,1.0086,0.0689,-0.6586,3.5691,0.5455,0.7273,0.3636,0.7273,-4.4073,-22.314
event,XAUUSD,M5,RETAIL,big_up,0830_data,up,ALL,bear,10,-0.6061,-0.0396,-1.7626,-0.3328,0.3,0.4,0.5,0.3,-7.2629,-14.2384
event,XAUUSD,M5,RETAIL,big_up,0830_data,dn,ALL,bull,6,1.0733,1.787,4.7447,0.1832,0.6667,0.6667,0.6667,0.6667,-6.1468,-11.6286
event,XAUUSD,M5,RETAIL,big_up,0830_data,up,ALL,bull,6,-1.4035,2.3333,0.3333,5.6667,0.3333,0.6667,0.6667,0.6667,-4.1283,-15.0753
event,XAUUSD,M5,TRADE,big_up,0830_data,up,ALL,ALL,11,-0.6643,-0.8008,-1.1111,1.1229,0.4545,0.4545,0.4545,0.5455,-7.8227,-31.7752
event,XAUUSD,M5,TRADE,up,0830_data,dn,ALL,ALL,11,0.2116,-1.7422,-3.0063,-2.549,0.6364,0.1818,0.4545,0.2727,-11.3102,-22.2547
event,XAUUSD,M5,TRADE,big_down,0830_data,dn,ALL,ALL,10,-0.083,0.0205,0.7714,-6.5222,0.3,0.5,0.6,0.4,-9.1374,-34.9248
event,XAUUSD,M5,TRADE,up,0830_data,up,ALL,ALL,9,0.2967,2.2743,1.8302,1.0202,0.5556,0.8889,0.7778,0.6667,-4.5994,-15.3035
event,XAUUSD,M5,TRADE,big_up,0830_data,dn,ALL,ALL,8,-0.8545,-1.2541,-0.5676,0.5567,0.375,0.375,0.375,0.5,-5.8061,-25.788
event,XAUUSD,M5,TRADE,down,0830_data,dn,ALL,ALL,8,0.8807,0.5825,3.2485,0.237,0.75,0.625,0.875,0.5,-3.6741,-19.8366
event,XAUUSD,M5,TRADE,down,0830_data,up,ALL,ALL,8,0.2961,0.3576,-1.9186,-3.688,1.0,0.5,0.375,0.375,-12.1411,-28.8907
event,XAUUSD,M5,TRADE,big_down,0830_data,up,ALL,ALL,7,-0.985,-2.338,0.213,0.2392,0.1429,0.2857,0.5714,0.5714,-7.1143,-19.7652
event,XAUUSD,M5,TRADE,big_down,0830_data,dn,ALL,bear,7,-0.0263,1.3378,0.0936,-6.466,0.4286,0.5714,0.5714,0.4286,-7.3021,-34.9248
event,XAUUSD,M5,TRADE,big_up,0830_data,dn,ALL,bear,6,-1.6086,-1.2541,0.7456,-0.8234,0.1667,0.3333,0.5,0.5,-5.1751,-25.788
event,XAUUSD,M5,TRADE,big_up,0830_data,up,ALL,bull,6,-0.2539,-0.3965,-2.405,0.5353,0.5,0.5,0.3333,0.5,-7.8267,-12.3214
event,XAUUSD,M5,TRADE,up,0830_data,dn,ALL,bear,6,-0.2287,-1.9684,-1.356,0.4187,0.5,0.1667,0.5,0.5,-10.962,-19.8085
event,XAUUSD,M5,TRADE,big_down,0830_data,up,ALL,bull,5,-0.985,-2.338,-2.8721,-2.0532,0.2,0.2,0.4,0.4,-11.3814,-19.7652
event,XAUUSD,M5,TRADE,big_up,0830_data,up,ALL,bear,5,-1.3316,-0.8008,1.4267,2.7875,0.4,0.4,0.6,0.6,-7.1335,-31.7752
event,XAUUSD,M5,TRADE,down,0830_data,dn,ALL,bull,5,1.0524,1.8013,2.9002,-0.2732,0.6,0.8,0.8,0.4,-2.2914,-19.8366
event,XAUUSD,M5,TRADE,up,0830_data,dn,ALL,bull,5,0.2116,-1.6489,-3.2357,-7.2218,0.8,0.2,0.4,0.0,-11.3102,-22.2547
event,XAUUSD,M5,TRADE,up,0830_data,up,ALL,bull,5,-0.3608,2.5901,2.8372,1.0386,0.4,0.8,1.0,0.8,-4.2315,-6.6495
event,XAUUSD,M5,UNRATE,down,0830_data,up,ALL,ALL,28,-0.624,-0.8769,-0.7383,1.1742,0.3929,0.3571,0.5,0.5357,-5.9362,-27.6653
event,XAUUSD,M5,UNRATE,up,0830_data,up,ALL,ALL,27,-0.7892,1.071,1.8331,3.8222,0.4815,0.5926,0.6296,0.6667,-6.5618,-55.6693
event,XAUUSD,M5,UNRATE,down,0830_data,up,ALL,bull,25,-0.6461,-1.2798,-1.5775,0.4053,0.4,0.32,0.48,0.52,-6.2153,-27.6653
event,XAUUSD,M5,UNRATE,up,0830_data,up,ALL,bull,23,-0.7892,1.071,1.31,3.8222,0.4783,0.5652,0.5652,0.6957,-7.2211,-55.6693
event,XAUUSD,M5,UNRATE,big_down,0830_data,dn,ALL,ALL,20,-0.4513,0.4374,-0.4286,-0.6454,0.4,0.55,0.5,0.45,-6.9669,-37.9492
event,XAUUSD,M5,UNRATE,down,0830_data,dn,ALL,ALL,18,0.1682,3.516,2.234,-0.9882,0.5,0.6111,0.5556,0.4444,-6.4585,-17.3072
event,XAUUSD,M5,UNRATE,big_down,0830_data,dn,ALL,bear,18,-0.4513,-0.3518,-2.213,-2.8577,0.3889,0.5,0.4444,0.3889,-7.6382,-37.9492
event,XAUUSD,M5,UNRATE,down,0830_data,dn,ALL,bear,15,0.3606,4.1869,5.4025,2.9672,0.5333,0.6667,0.6667,0.5333,-3.5894,-15.1739
event,XAUUSD,M5,UNRATE,big_down,0830_data,up,ALL,ALL,13,-1.7635,-0.4909,-2.1093,-1.7581,0.3846,0.4615,0.4615,0.4615,-7.8,-28.7457
event,XAUUSD,M5,UNRATE,up,0830_data,dn,ALL,ALL,13,0.3584,3.5975,2.7093,1.0753,0.5385,0.6923,0.8462,0.5385,-5.4979,-25.7837
event,XAUUSD,M5,UNRATE,big_up,0830_data,up,ALL,ALL,12,-0.9873,-1.1573,0.039,3.5968,0.25,0.3333,0.5,0.5833,-5.0144,-14.5985
event,XAUUSD,M5,UNRATE,up,0830_data,dn,ALL,bear,12,0.1262,3.9843,2.6015,0.3499,0.5,0.6667,0.8333,0.5,-5.7475,-25.7837
event,XAUUSD,M5,UNRATE,big_down,0830_data,up,ALL,bull,11,-0.7005,1.8242,1.122,-1.7581,0.4545,0.5455,0.5455,0.4545,-5.6962,-28.7457
event,XAUUSD,M5,UNRATE,big_up,0830_data,up,ALL,bull,11,-1.011,-1.2456,-0.1482,4.1523,0.2727,0.2727,0.4545,0.6364,-4.9433,-14.5985
event,XAUUSD,M5,UOM,big_down,1000_data,up,ALL,ALL,24,0.283,-0.5132,-0.2997,-0.27,0.5417,0.4167,0.4583,0.5,-5.648,-82.6737
event,XAUUSD,M5,UOM,down,1000_data,up,ALL,ALL,21,0.2928,-0.1526,-0.3925,0.9074,0.6667,0.381,0.4762,0.6667,-4.2043,-21.6227
event,XAUUSD,M5,UOM,up,1000_data,dn,ALL,ALL,21,-0.2924,-0.2242,-0.3073,-3.1267,0.2857,0.4286,0.4286,0.381,-8.4489,-30.8609
event,XAUUSD,M5,UOM,big_up,1000_data,dn,ALL,ALL,16,-0.1522,-0.4939,-0.7556,3.5833,0.375,0.4375,0.5,0.625,-4.557,-19.0613
event,XAUUSD,M5,UOM,down,1000_data,dn,ALL,ALL,15,-0.1225,-0.7052,-0.3887,-1.7516,0.4667,0.2,0.3333,0.4,-9.1068,-16.3896
event,XAUUSD,M5,UOM,down,1000_data,up,ALL,bull,15,0.2301,-0.1526,-0.3925,0.395,0.6667,0.4,0.4667,0.6667,-4.2043,-21.6227
event,XAUUSD,M5,UOM,big_down,1000_data,dn,ALL,ALL,14,-0.2219,0.0638,-1.3273,-3.3233,0.4286,0.5714,0.2857,0.2857,-8.2635,-20.0552
event,XAUUSD,M5,UOM,up,1000_data,up,ALL,ALL,14,0.351,0.4951,0.7795,-0.4937,0.6429,0.6429,0.5,0.5,-4.6215,-18.9611
event,XAUUSD,M5,UOM,big_down,1000_data,up,ALL,bear,12,-0.0076,-1.108,-0.5944,-0.2764,0.5,0.25,0.3333,0.5,-5.9435,-82.6737
event,XAUUSD,M5,UOM,big_down,1000_data,up,ALL,bull,12,0.4214,0.6672,1.3134,-0.27,0.5833,0.5833,0.5833,0.5,-5.4321,-66.2325
event,XAUUSD,M5,UOM,up,1000_data,dn,ALL,bear,11,-0.1805,-0.2242,-0.1645,-3.1267,0.3636,0.4545,0.4545,0.3636,-8.4489,-25.3861
event,XAUUSD,M5,UOM,up,1000_data,dn,ALL,bull,10,-0.3598,-0.3511,-0.4394,-3.4396,0.2,0.4,0.4,0.4,-8.568,-30.8609
event,XAUUSD,M5,UOM,big_up,1000_data,dn,ALL,bull,9,-0.1394,-0.2567,0.366,-0.2144,0.3333,0.4444,0.5556,0.4444,-6.2421,-17.8957
event,XAUUSD,M5,UOM,down,1000_data,dn,ALL,bear,9,-0.2178,-0.6947,-0.4281,-3.7198,0.3333,0.2222,0.2222,0.3333,-7.9591,-16.3896
event,XAUUSD,M5,UOM,big_up,1000_data,up,ALL,ALL,8,-1.1806,-2.0077,-1.5112,-1.6737,0.25,0.25,0.25,0.375,-4.5898,-14.139
event,XAUUSD,M5,UOM,up,1000_data,up,ALL,bull,8,0.4064,0.4951,1.954,-0.518,0.625,0.75,0.625,0.5,-4.6215,-11.8461
event,XAUUSD,M5,UOM,big_down,1000_data,dn,ALL,bear,7,0.0,-0.3936,-1.1643,-2.3977,0.4286,0.4286,0.2857,0.2857,-5.0669,-11.1034
event,XAUUSD,M5,UOM,big_down,1000_data,dn,ALL,bull,7,-0.6599,0.2491,-1.4903,-5.2817,0.4286,0.7143,0.2857,0.2857,-8.3549,-20.0552
event,XAUUSD,M5,UOM,big_up,1000_data,dn,ALL,bear,7,-0.165,-2.1571,-1.8772,3.7884,0.4286,0.4286,0.4286,0.8571,-3.3015,-19.0613
event,XAUUSD,M5,UOM,down,1000_data,dn,ALL,bull,6,0.3787,-0.7361,1.7784,2.3696,0.6667,0.1667,0.5,0.5,-9.8714,-12.1084
event,XAUUSD,M5,UOM,down,1000_data,up,ALL,bear,6,0.5992,-0.3555,-0.1677,1.2653,0.6667,0.3333,0.5,0.6667,-3.6121,-7.0937
event,XAUUSD,M5,UOM,up,1000_data,up,ALL,bear,6,0.3204,0.6393,-0.3665,0.707,0.6667,0.5,0.3333,0.5,-5.5984,-18.9611
slot,EURUSD,M15,ANY,ALL,eu_session,dn,ALL,ALL,4031,-0.1015,-0.0467,0.1511,0.1805,0.4624,0.4857,0.5143,0.5051,-6.2746,-69.4694
slot,EURUSD,M15,ANY,ALL,eu_session,up,ALL,ALL,4000,-0.0741,-0.1172,-0.3939,-0.0545,0.4725,0.4738,0.462,0.4958,-6.8408,-75.0795
slot,EURUSD,M15,ANY,ALL,other,dn,ALL,ALL,3811,-0.0761,-0.0092,0.1029,0.3073,0.4684,0.4965,0.5088,0.5161,-4.6012,-66.161
slot,EURUSD,M15,ANY,ALL,other,up,ALL,ALL,3732,-0.095,-0.1293,-0.0541,0.0278,0.4593,0.4729,0.4933,0.5019,-4.7239,-68.2381
slot,EURUSD,M15,ANY,ALL,eu_session,dn,3-5x,bear,3032,-0.1134,-0.0855,0.0669,0.1285,0.4535,0.4792,0.5059,0.5023,-6.2565,-66.0553
slot,EURUSD,M15,ANY,ALL,eu_session,up,3-5x,bull,3006,-0.0869,-0.1533,-0.4889,-0.0881,0.4661,0.4681,0.4541,0.4933,-6.7849,-75.0795
slot,EURUSD,M15,ANY,ALL,other,dn,3-5x,bear,2876,-0.0917,-0.0457,0.0788,0.2131,0.4562,0.491,0.5052,0.508,-4.6759,-66.161
slot,EURUSD,M15,ANY,ALL,other,up,3-5x,bull,2786,-0.0988,-0.1194,-0.1357,-0.0633,0.4537,0.4738,0.4828,0.4971,-4.7371,-68.2381
slot,EURUSD,M15,ANY,ALL,eu_session,up,3-5x,bear,797,0.0,0.0,-0.2019,-0.0912,0.4944,0.4981,0.4856,0.4944,-7.2296,-55.4797
slot,EURUSD,M15,ANY,ALL,eu_session,dn,3-5x,bull,794,-0.0538,0.0,0.2452,0.2538,0.4773,0.4962,0.5277,0.5076,-6.6997,-69.4694
slot,EURUSD,M15,ANY,ALL,other,dn,3-5x,bull,731,0.0246,0.0417,0.1835,0.6315,0.5034,0.5034,0.5212,0.5458,-4.3117,-37.3877
slot,EURUSD,M15,ANY,ALL,other,up,3-5x,bear,698,-0.0645,-0.1921,0.3066,0.5399,0.4728,0.467,0.5301,0.5344,-4.3653,-57.2742
slot,EURUSD,M15,ANY,ALL,0830_data,up,ALL,ALL,562,-0.0329,0.1233,-0.329,-1.0328,0.4893,0.5142,0.4751,0.4448,-5.0404,-63.6633
slot,EURUSD,M15,ANY,ALL,0830_data,dn,ALL,ALL,543,0.0,-0.0354,-0.0625,0.3615,0.4954,0.4936,0.4936,0.5212,-4.493,-42.6717
slot,EURUSD,M15,ANY,ALL,1000_data,dn,ALL,ALL,343,0.1012,-0.0842,-0.0243,0.0409,0.5423,0.484,0.4956,0.5015,-4.5396,-24.6413
slot,EURUSD,M15,ANY,ALL,1000_data,up,ALL,ALL,328,0.0,-0.1322,-0.1525,-0.1691,0.4939,0.4726,0.4848,0.4939,-4.342,-35.8316
slot,EURUSD,M15,ANY,ALL,0830_data,dn,3-5x,bear,292,-0.148,-0.2563,-0.4219,0.3606,0.4486,0.4589,0.4589,0.5103,-5.0038,-42.6717
slot,EURUSD,M15,ANY,ALL,0830_data,up,3-5x,bull,275,-0.0251,-0.0598,0.031,-0.9798,0.4873,0.4909,0.5018,0.44,-4.8446,-63.6633
slot,EURUSD,M15,ANY,ALL,1000_data,dn,3-5x,bear,246,0.0334,-0.1285,-0.0629,-0.1471,0.5122,0.4797,0.4878,0.4878,-4.6461,-23.937
slot,EURUSD,M15,ANY,ALL,1000_data,up,3-5x,bull,245,0.0,0.0,0.0,0.3181,0.4939,0.4939,0.4939,0.5061,-4.3055,-35.8316
slot,EURUSD,M15,ANY,ALL,other,up,5-10x,bull,219,-0.0926,-0.1778,-0.0476,-1.1426,0.4795,0.4749,0.4932,0.4429,-5.7429,-37.8788
slot,EURUSD,M15,ANY,ALL,eu_session,dn,5-10x,bear,188,0.1432,0.2869,0.5458,0.6873,0.5319,0.5319,0.5745,0.5266,-5.1383,-49.7218
slot,EURUSD,M15,ANY,ALL,eu_session,up,5-10x,bull,181,-0.1527,-0.3193,-0.1251,1.2759,0.4641,0.4586,0.4807,0.5525,-6.395,-31.2123
slot,EURUSD,M15,ANY,ALL,other,dn,5-10x,bear,174,0.0268,0.3565,0.2755,0.6136,0.5,0.546,0.5172,0.523,-4.787,-41.294
slot,EURUSD,M15,ANY,ALL,0830_data,up,5-10x,bull,136,-0.0594,-0.1599,-0.7806,-1.3992,0.4853,0.4926,0.4338,0.4338,-5.8186,-35.1846
slot,EURUSD,M15,ANY,ALL,0830_data,dn,5-10x,bear,125,0.2372,0.3626,-0.3317,-1.0603,0.576,0.552,0.48,0.456,-4.8873,-25.7977
slot,EURUSD,M15,ANY,ALL,0830_data,up,3-5x,bear,105,0.1494,0.4304,-0.523,-0.5615,0.5143,0.5905,0.4476,0.4667,-5.037,-18.5214
slot,EURUSD,M15,ANY,ALL,0830_data,dn,3-5x,bull,87,-0.0666,0.2576,0.7087,0.5,0.4828,0.5287,0.5632,0.5632,-3.8183,-22.0641
slot,EURUSD,M15,ANY,ALL,1400_fomc,up,ALL,ALL,84,-0.0981,-0.3136,0.4018,0.3207,0.4643,0.4405,0.5238,0.5119,-4.0484,-25.9943
slot,EURUSD,M15,ANY,ALL,1400_fomc,dn,ALL,ALL,81,-0.1206,-0.4449,0.2902,1.5771,0.4321,0.4444,0.5062,0.5556,-3.836,-20.5081
slot,EURUSD,M15,ANY,ALL,1000_data,dn,3-5x,bull,74,0.3551,-0.0765,0.0,0.8072,0.6081,0.4595,0.5,0.5405,-4.5395,-24.6413
slot,EURUSD,M15,ANY,ALL,1000_data,up,3-5x,bear,48,0.0291,-0.4043,-0.8511,-1.9039,0.5,0.375,0.4375,0.4167,-4.5397,-15.6499
slot,EURUSD,M15,ANY,ALL,1400_fomc,up,3-5x,bull,46,-0.2739,-0.2549,-0.1969,0.569,0.3913,0.4348,0.5,0.5652,-3.4533,-25.9943
slot,EURUSD,M15,ANY,ALL,1400_fomc,dn,3-5x,bear,44,-0.2528,-0.8852,-0.6365,-0.6983,0.3864,0.2955,0.4091,0.4545,-4.5613,-20.4493
slot,EURUSD,M15,ANY,ALL,1400_fomc,up,5-10x,bull,32,0.0464,-0.5133,0.6499,-1.2023,0.5,0.4375,0.5625,0.4375,-4.93,-19.3588
slot,EURUSD,M15,ANY,ALL,0830_data,up,10x+,bull,31,-0.4649,0.4228,1.2249,0.678,0.4194,0.5484,0.5484,0.5161,-5.2958,-18.674
slot,EURUSD,M15,ANY,ALL,1000_data,up,5-10x,bull,31,-0.0388,-0.3174,-0.0397,1.4877,0.4839,0.4516,0.4839,0.5484,-4.3611,-16.5513
slot,EURUSD,M15,ANY,ALL,1400_fomc,dn,5-10x,bear,23,0.0,0.5804,1.561,3.2834,0.4783,0.6522,0.6957,0.6522,-2.4087,-15.8648
slot,EURUSD,M15,ANY,ALL,0830_data,dn,10x+,bear,22,1.0781,0.3138,0.8059,2.5853,0.7273,0.5455,0.6364,0.6364,-3.801,-15.4903
slot,EURUSD,M15,ANY,ALL,1000_data,dn,5-10x,bear,19,1.5547,1.9901,1.9172,1.216,0.6842,0.6842,0.6316,0.6316,-3.6409,-13.4884
slot,EURUSD,M15,ANY,ALL,other,dn,5-10x,bull,19,0.0089,-0.8331,-0.6148,0.2988,0.5263,0.4211,0.4737,0.5263,-6.2278,-25.9181
slot,EURUSD,M15,ANY,ALL,other,up,5-10x,bear,17,-0.0365,-0.3473,0.8727,-0.6669,0.4706,0.4706,0.5294,0.4706,-5.113,-15.1119
slot,EURUSD,M15,ANY,ALL,0830_data,dn,5-10x,bull,16,0.0513,-0.9607,1.1635,4.9791,0.5,0.4375,0.6875,0.875,-3.7654,-11.1502
slot,EURUSD,M15,ANY,ALL,0830_data,up,5-10x,bear,15,0.0947,0.4526,-1.7492,-2.4237,0.5333,0.5333,0.4,0.3333,-6.7629,-26.1807
slot,EURUSD,M15,ANY,ALL,other,up,10x+,bull,12,0.2576,2.1493,5.3284,3.1471,0.5833,0.5833,0.75,0.8333,-3.5222,-18.4896
slot,EURUSD,M15,ANY,ALL,eu_session,dn,5-10x,bull,11,0.4924,2.0674,3.5461,6.1573,0.5455,0.7273,0.8182,0.7273,-2.2241,-15.7653
slot,EURUSD,M15,ANY,ALL,eu_session,up,5-10x,bear,11,0.3324,-0.0814,-0.0917,-2.6258,0.6364,0.4545,0.4545,0.2727,-5.684,-18.1093
slot,EURUSD,M15,ANY,ALL,other,dn,10x+,bear,11,0.9306,5.3448,6.1475,8.1644,0.7273,0.8182,0.5455,0.5455,-1.4297,-39.2413
slot,EURUSD,M15,ANY,ALL,1400_fomc,dn,3-5x,bull,9,0.0592,0.0048,-0.4884,1.7752,0.5556,0.5556,0.4444,0.6667,-4.3685,-14.3365
slot,EURUSD,M15,ANY,ALL,eu_session,dn,10x+,bear,6,1.0582,0.2586,0.0677,-0.8735,0.6667,0.5,0.5,0.5,-7.4631,-19.5615
slot,EURUSD,M15,ANY,ALL,eu_session,up,10x+,bull,5,0.62,0.8482,8.2333,7.9333,0.8,0.6,0.8,0.6,-2.9084,-18.6657
slot,GBPUSD,M15,ANY,ALL,eu_session,dn,ALL,ALL,5360,0.0,-0.0151,0.1079,0.3133,0.4888,0.4942,0.5073,0.5144,-6.2885,-68.1938
slot,GBPUSD,M15,ANY,ALL,eu_session,up,ALL,ALL,5069,-0.092,-0.1399,-0.018,-0.2714,0.4642,0.4725,0.4969,0.4861,-6.6421,-103.6297
slot,GBPUSD,M15,ANY,ALL,eu_session,dn,3-5x,bear,3949,-0.0192,-0.0783,0.064,0.2571,0.4852,0.4859,0.5027,0.512,-6.2724,-68.1938
slot,GBPUSD,M15,ANY,ALL,eu_session,up,3-5x,bull,3591,-0.0996,-0.1624,-0.0459,-0.4131,0.4612,0.467,0.4937,0.4798,-6.6866,-49.9462
slot,GBPUSD,M15,ANY,ALL,other,up,ALL,ALL,3555,-0.0803,-0.0794,-0.1378,-0.2575,0.4579,0.4805,0.4855,0.4869,-4.8738,-81.3414
slot,GBPUSD,M15,ANY,ALL,other,dn,ALL,ALL,3444,-0.0877,-0.0742,-0.0267,0.1739,0.4573,0.4779,0.4927,0.5099,-4.74,-56.0811
slot,GBPUSD,M15,ANY,ALL,other,up,3-5x,bull,2639,-0.0968,-0.118,-0.2183,-0.3058,0.4502,0.4744,0.4744,0.4862,-4.8725,-81.3414
slot,GBPUSD,M15,ANY,ALL,other,dn,3-5x,bear,2520,-0.1218,-0.1103,-0.0717,0.1694,0.4456,0.471,0.4901,0.5075,-4.7343,-45.3574
slot,GBPUSD,M15,ANY,ALL,eu_session,up,3-5x,bear,1216,-0.0677,-0.1016,0.0,-0.1115,0.4729,0.4803,0.4984,0.4934,-6.696,-103.6297
slot,GBPUSD,M15,ANY,ALL,eu_session,dn,3-5x,bull,1089,0.0,0.0996,0.2203,0.7218,0.4949,0.5142,0.5225,0.5326,-6.29,-54.5076
slot,GBPUSD,M15,ANY,ALL,other,dn,3-5x,bull,729,0.0,0.0139,0.0482,0.2812,0.4883,0.5034,0.5062,0.5226,-4.6645,-56.0811
slot,GBPUSD,M15,ANY,ALL,other,up,3-5x,bear,707,-0.0516,-0.0133,0.1327,-0.1613,0.4781,0.4922,0.5233,0.4908,-4.6773,-60.5279
slot,GBPUSD,M15,ANY,ALL,0830_data,up,ALL,ALL,417,-0.0239,0.0,-0.1161,-0.2698,0.4868,0.494,0.4892,0.4844,-4.6999,-28.5782
slot,GBPUSD,M15,ANY,ALL,0830_data,dn,ALL,ALL,405,-0.0571,0.0,0.1992,0.0238,0.4691,0.4988,0.5185,0.5037,-4.5306,-52.7185
slot,GBPUSD,M15,ANY,ALL,eu_session,dn,5-10x,bear,294,0.0365,0.0971,0.2346,-0.7097,0.5068,0.5204,0.5068,0.4626,-6.6284,-44.2999
slot,GBPUSD,M15,ANY,ALL,1000_data,up,ALL,ALL,250,-0.0126,0.2103,0.3006,0.6707,0.492,0.528,0.54,0.544,-3.7807,-21.1366
slot,GBPUSD,M15,ANY,ALL,1000_data,dn,ALL,ALL,249,-0.0371,0.0,-0.3669,-0.4892,0.4779,0.494,0.4458,0.4779,-4.5221,-22.699
slot,GBPUSD,M15,ANY,ALL,0830_data,dn,3-5x,bear,248,-0.1183,0.0,0.1495,-0.0348,0.4516,0.496,0.5121,0.496,-4.6347,-52.7185
slot,GBPUSD,M15,ANY,ALL,0830_data,up,3-5x,bull,235,-0.1106,0.0,-0.1565,0.0482,0.4426,0.4936,0.4809,0.5021,-4.4867,-28.5782
slot,GBPUSD,M15,ANY,ALL,eu_session,up,5-10x,bull,235,-0.1021,0.0875,0.2199,0.7538,0.4596,0.5149,0.5277,0.5234,-5.8676,-37.8681
slot,GBPUSD,M15,ANY,ALL,1000_data,dn,3-5x,bear,198,-0.0492,-0.0056,-0.2754,-0.7494,0.4747,0.4949,0.4747,0.4495,-4.4558,-22.699
slot,GBPUSD,M15,ANY,ALL,1000_data,up,3-5x,bull,181,0.0,0.2321,0.1151,0.0582,0.4972,0.5359,0.5138,0.5083,-3.8912,-21.1366
slot,GBPUSD,M15,ANY,ALL,other,up,5-10x,bull,178,-0.071,0.0747,-0.0916,-0.8283,0.4663,0.5112,0.4944,0.4719,-5.5651,-50.2825
slot,GBPUSD,M15,ANY,ALL,other,dn,5-10x,bear,164,0.0392,-0.2975,-0.5702,-0.5956,0.5061,0.4634,0.4817,0.4939,-5.676,-53.8816
slot,GBPUSD,M15,ANY,ALL,0830_data,up,3-5x,bear,82,0.1136,-0.0011,-0.152,-1.431,0.5244,0.5,0.4756,0.378,-4.9282,-21.2857
slot,GBPUSD,M15,ANY,ALL,0830_data,up,5-10x,bull,79,0.2243,0.2843,0.1641,0.4758,0.5696,0.5063,0.5316,0.519,-4.8697,-20.1312
slot,GBPUSD,M15,ANY,ALL,0830_data,dn,5-10x,bear,78,0.0403,-0.0371,0.6055,-0.0659,0.5256,0.4744,0.5385,0.4744,-4.21,-20.9805
slot,GBPUSD,M15,ANY,ALL,1400_fomc,up,ALL,ALL,72,-0.1432,0.022,-0.1862,-0.462,0.4444,0.5,0.4722,0.4722,-4.3991,-20.2143
slot,GBPUSD,M15,ANY,ALL,0830_data,dn,3-5x,bull,63,-0.1739,0.0912,-0.3694,-0.5706,0.4444,0.5238,0.4762,0.4921,-5.3267,-26.7302
slot,GBPUSD,M15,ANY,ALL,1400_fomc,dn,ALL,ALL,54,-0.2052,0.1998,0.1707,-0.0581,0.4259,0.5185,0.5741,0.5,-4.1232,-18.5386
slot,GBPUSD,M15,ANY,ALL,1000_data,up,3-5x,bear,49,-0.0508,0.129,0.7479,1.9663,0.4694,0.5102,0.6327,0.6531,-3.0348,-11.3228
slot,GBPUSD,M15,ANY,ALL,1400_fomc,up,3-5x,bull,49,-0.1955,-0.1352,-0.3495,-0.9947,0.3878,0.4898,0.449,0.4082,-4.5682,-18.2781
slot,GBPUSD,M15,ANY,ALL,1000_data,dn,3-5x,bull,39,-0.3692,0.0788,-0.829,1.4876,0.4103,0.5128,0.3333,0.6154,-4.398,-19.127
slot,GBPUSD,M15,ANY,ALL,1400_fomc,dn,3-5x,bear,33,-0.2442,-0.6485,-0.3146,-0.4511,0.4242,0.3939,0.4848,0.4545,-4.869,-18.5386
slot,GBPUSD,M15,ANY,ALL,other,dn,5-10x,bull,19,0.1187,0.1674,-1.1775,-0.0549,0.5263,0.5263,0.4211,0.4737,-5.0598,-21.6281
slot,GBPUSD,M15,ANY,ALL,1000_data,up,5-10x,bull,17,-0.133,0.0,0.7203,1.5466,0.4706,0.4706,0.5294,0.6471,-3.7298,-17.7981
slot,GBPUSD,M15,ANY,ALL,other,up,5-10x,bear,16,0.3356,0.4896,0.7988,0.6761,0.8125,0.6875,0.5625,0.5,-5.0017,-14.6325
slot,GBPUSD,M15,ANY,ALL,eu_session,up,5-10x,bear,15,0.0,0.1277,0.2487,3.8895,0.4667,0.5333,0.5333,0.6,-6.1408,-19.1735
slot,GBPUSD,M15,ANY,ALL,other,up,10x+,bull,15,-0.2117,-0.0761,-0.1225,2.9068,0.4,0.4,0.4667,0.6,-5.4321,-9.5717
slot,GBPUSD,M15,ANY,ALL,1400_fomc,dn,5-10x,bear,14,-0.0496,1.4298,1.8348,2.1222,0.4286,0.7857,0.7857,0.6429,-2.6523,-7.1314
slot,GBPUSD,M15,ANY,ALL,1400_fomc,up,5-10x,bull,14,0.4471,0.5063,1.4867,3.4574,0.6429,0.5,0.5714,0.6429,-2.628,-20.2143
slot,GBPUSD,M15,ANY,ALL,eu_session,dn,5-10x,bull,14,0.2691,0.1648,0.2302,1.611,0.6429,0.5,0.5714,0.5714,-4.3038,-16.3636
slot,GBPUSD,M15,ANY,ALL,0830_data,up,10x+,bull,13,-0.7441,-0.082,-1.1485,-0.6848,0.3846,0.4615,0.4615,0.4615,-7.6552,-20.9967
slot,GBPUSD,M15,ANY,ALL,eu_session,dn,10x+,bear,13,0.7293,2.3616,1.9551,8.3377,0.5385,0.7692,0.6154,0.8462,-3.7465,-13.1089
slot,GBPUSD,M15,ANY,ALL,other,dn,10x+,bear,12,-0.5781,-0.0128,0.3253,0.8043,0.25,0.5,0.5,0.5,-4.6819,-18.8072
slot,GBPUSD,M15,ANY,ALL,1000_data,dn,5-10x,bear,11,0.5132,-0.9658,-1.1897,-1.7352,0.7273,0.3636,0.2727,0.4545,-5.6455,-13.8063
slot,GBPUSD,M15,ANY,ALL,eu_session,up,10x+,bull,11,0.2987,-0.6196,2.3772,2.3655,0.6364,0.4545,0.7273,0.7273,-1.8747,-12.2321
slot,GBPUSD,M15,ANY,ALL,0830_data,dn,10x+,bear,8,0.5569,1.3957,1.5678,4.1395,0.75,0.625,0.75,0.875,-1.5127,-7.5058
slot,GBPUSD,M15,ANY,ALL,0830_data,dn,5-10x,bull,8,-0.2944,0.8263,4.493,6.2914,0.375,0.5,0.625,0.75,-2.9752,-10.7864
slot,GBPUSD,M15,ANY,ALL,0830_data,up,5-10x,bear,8,0.5878,-0.3163,0.4054,2.2761,0.75,0.375,0.5,0.75,-2.9852,-5.7169
slot,GBPUSD,M15,ANY,ALL,1400_fomc,up,3-5x,bear,8,-0.3727,-0.1793,-0.6518,-0.5608,0.375,0.5,0.375,0.5,-4.9831,-9.7134
slot,GBPUSD,M15,ANY,ALL,1400_fomc,dn,3-5x,bull,6,-0.3403,1.0699,1.349,0.7974,0.3333,0.6667,0.6667,0.5,-2.7079,-5.2736
slot,GER40,M15,ANY,ALL,eu_session,dn,ALL,ALL,1117,-0.0891,-0.139,-0.1958,-1.4925,0.4736,0.4745,0.4664,0.444,-6.8293,-39.845
slot,GER40,M15,ANY,ALL,eu_session,up,ALL,ALL,1089,-0.0347,0.0891,0.0994,0.6622,0.4858,0.5124,0.5069,0.5289,-6.1395,-46.5096
slot,GER40,M15,ANY,ALL,eu_session,dn,3-5x,bear,781,-0.0963,-0.0288,-0.2594,-1.7442,0.475,0.4942,0.4648,0.4379,-6.7795,-39.845
slot,GER40,M15,ANY,ALL,eu_session,up,3-5x,bull,763,0.0,0.1915,0.2287,0.2695,0.4928,0.5269,0.5203,0.5125,-6.0277,-46.5096
slot,GER40,M15,ANY,ALL,other,dn,ALL,ALL,588,-0.0886,-0.2231,-0.0949,-0.6626,0.4626,0.4456,0.4915,0.4592,-4.8686,-34.83
slot,GER40,M15,ANY,ALL,other,dn,3-5x,bear,441,-0.1156,-0.3218,0.0061,-0.539,0.4467,0.4444,0.5011,0.4626,-4.7677,-25.544
slot,GER40,M15,ANY,ALL,other,up,ALL,ALL,428,-0.104,0.1115,0.5081,0.247,0.465,0.514,0.5631,0.514,-4.6442,-30.9721
slot,GER40,M15,ANY,ALL,eu_session,up,3-5x,bear,281,-0.1276,0.0,-0.0977,1.6905,0.4662,0.4875,0.4804,0.5872,-6.1717,-43.0639
slot,GER40,M15,ANY,ALL,other,up,3-5x,bull,280,-0.1126,0.1296,0.6444,0.0146,0.4571,0.5143,0.575,0.5036,-4.6296,-30.9721
slot,GER40,M15,ANY,ALL,eu_session,dn,3-5x,bull,278,0.0,-0.3239,-0.0575,-1.2092,0.4892,0.4424,0.4856,0.4496,-6.8814,-37.3247
slot,GER40,M15,ANY,ALL,other,up,3-5x,bear,125,0.029,0.142,0.2315,0.5538,0.504,0.528,0.528,0.528,-4.7978,-30.682
slot,GER40,M15,ANY,ALL,other,dn,3-5x,bull,123,0.0296,-0.2117,-0.4709,-0.9841,0.5122,0.439,0.4634,0.4715,-5.3062,-34.83
slot,GER40,M15,ANY,ALL,0830_data,up,ALL,ALL,79,0.0,0.035,0.9302,2.5432,0.4937,0.5063,0.5696,0.6076,-4.7623,-20.3146
slot,GER40,M15,ANY,ALL,0830_data,dn,ALL,ALL,71,0.0519,-0.3483,-0.6795,-1.6305,0.507,0.4225,0.4507,0.4366,-6.3496,-36.2355
slot,GER40,M15,ANY,ALL,1000_data,dn,ALL,ALL,67,0.1974,0.0483,-0.602,-0.7319,0.597,0.5075,0.4328,0.4627,-4.7196,-20.7892
slot,GER40,M15,ANY,ALL,1000_data,up,ALL,ALL,57,-0.0831,-0.0541,-0.5808,0.1221,0.4561,0.4912,0.4211,0.5088,-4.6,-22.0161
slot,GER40,M15,ANY,ALL,eu_session,dn,5-10x,bear,54,-0.5696,-0.808,-1.3592,-0.5464,0.3333,0.3333,0.3519,0.4815,-7.3991,-32.5774
slot,GER40,M15,ANY,ALL,1000_data,dn,3-5x,bear,48,0.1819,0.363,-0.276,-1.6751,0.5833,0.5625,0.4792,0.4167,-5.5748,-17.2293
slot,GER40,M15,ANY,ALL,0830_data,up,3-5x,bull,47,0.0,0.2206,0.6068,2.4279,0.4894,0.5319,0.5319,0.5957,-4.0947,-20.3146
slot,GER40,M15,ANY,ALL,0830_data,dn,3-5x,bear,46,0.3108,-0.3152,-0.3698,-1.645,0.5652,0.4348,0.4783,0.4565,-6.1094,-20.7622
slot,GER40,M15,ANY,ALL,eu_session,up,5-10x,bull,39,-0.1402,0.0,-0.0329,-1.0429,0.4872,0.4359,0.4872,0.4615,-7.764,-25.9907
slot,GER40,M15,ANY,ALL,1000_data,up,3-5x,bull,32,0.0242,-0.1772,-0.6482,2.1424,0.5,0.4688,0.4062,0.6562,-4.2073,-12.8042
slot,GER40,M15,ANY,ALL,other,dn,5-10x,bear,22,-0.074,-0.1359,0.0367,-3.5924,0.5,0.4545,0.5,0.2727,-6.58,-16.1857
slot,GER40,M15,ANY,ALL,1000_data,up,3-5x,bear,21,-0.0831,0.0707,-0.5808,-1.1498,0.4286,0.5714,0.4286,0.381,-4.8801,-22.0161
slot,GER40,M15,ANY,ALL,0830_data,up,5-10x,bull,19,0.1355,1.1081,1.3916,4.3138,0.5789,0.6316,0.6316,0.6316,-5.8612,-17.7265
slot,GER40,M15,ANY,ALL,other,up,5-10x,bull,18,-0.1482,-0.1007,0.9575,0.4885,0.3333,0.4444,0.6667,0.5556,-3.7884,-12.4276
slot,GER40,M15,ANY,ALL,1000_data,dn,3-5x,bull,15,0.1189,-0.4773,-1.1727,0.5978,0.6,0.3333,0.3333,0.6,-4.5185,-20.7892
slot,GER40,M15,ANY,ALL,0830_data,dn,5-10x,bear,14,-0.501,0.2812,-3.6103,-1.0628,0.4286,0.5,0.3571,0.4286,-6.5584,-36.2355
slot,GER40,M15,ANY,ALL,0830_data,dn,3-5x,bull,10,-0.4204,-0.6052,-0.9295,-0.9457,0.3,0.3,0.4,0.4,-6.096,-20.0796
slot,GER40,M15,ANY,ALL,0830_data,up,3-5x,bear,10,-0.2586,-0.6373,0.2053,2.3232,0.4,0.2,0.6,0.6,-6.9549,-16.5316
slot,GER40,M15,ANY,ALL,1400_fomc,dn,ALL,ALL,9,-0.1289,-0.5091,0.9865,4.6366,0.4444,0.3333,0.6667,0.6667,-2.5941,-5.8512
slot,GER40,M15,ANY,ALL,1400_fomc,dn,3-5x,bear,9,-0.1289,-0.5091,0.9865,4.6366,0.4444,0.3333,0.6667,0.6667,-2.5941,-5.8512
slot,GER40,M15,ANY,ALL,1400_fomc,up,ALL,ALL,7,1.2862,2.5331,2.4673,6.387,0.8571,0.7143,0.7143,0.7143,-2.3909,-14.055
slot,GER40,M15,ANY,ALL,eu_session,up,5-10x,bear,6,-0.2057,-1.3044,-2.33,-5.3553,0.5,0.3333,0.1667,0.3333,-8.6976,-30.0954
slot,GER40,M15,ANY,ALL,1400_fomc,up,3-5x,bull,5,0.711,3.2457,4.0515,6.387,0.8,0.8,0.8,0.6,-2.644,-14.055
slot,SPX500,M15,ANY,ALL,other,dn,ALL,ALL,2257,0.0,-0.0093,-0.3969,-1.3146,0.4927,0.4931,0.4657,0.4355,-6.5944,-63.6413
slot,SPX500,M15,ANY,ALL,other,up,ALL,ALL,1876,0.0731,0.1703,0.6704,1.2428,0.5117,0.5213,0.5586,0.5602,-5.8361,-72.8199
slot,SPX500,M15,ANY,ALL,other,dn,3-5x,bear,1548,-0.0295,-0.0947,-0.3944,-1.3764,0.4858,0.4858,0.4645,0.4315,-6.6453,-60.2853
slot,SPX500,M15,ANY,ALL,other,up,3-5x,bull,1184,0.1225,0.1014,0.5995,1.2601,0.5304,0.511,0.549,0.5515,-6.0315,-69.2124
slot,SPX500,M15,ANY,ALL,other,up,3-5x,bear,596,-0.0295,0.2748,0.7364,1.2777,0.4815,0.5352,0.5839,0.5872,-5.2791,-72.8199
slot,SPX500,M15,ANY,ALL,other,dn,3-5x,bull,547,0.0814,0.0419,-0.4221,-1.4329,0.5174,0.5046,0.4607,0.4296,-6.4704,-63.6413
slot,SPX500,M15,ANY,ALL,1000_data,dn,ALL,ALL,286,-0.192,0.0616,-0.2837,-0.8286,0.4336,0.5035,0.4755,0.4615,-6.3424,-35.6325
slot,SPX500,M15,ANY,ALL,1000_data,up,ALL,ALL,259,0.2016,0.5565,1.0794,2.2441,0.5367,0.6023,0.583,0.61,-5.5161,-54.4638
slot,SPX500,M15,ANY,ALL,eu_session,dn,ALL,ALL,194,-0.2645,-0.27,-0.6862,-0.9986,0.4175,0.4536,0.4227,0.4588,-7.9796,-40.4881
slot,SPX500,M15,ANY,ALL,1000_data,up,3-5x,bull,165,0.2674,0.5565,1.5426,2.2441,0.5697,0.6182,0.6182,0.6182,-5.443,-54.4638
slot,SPX500,M15,ANY,ALL,0830_data,dn,ALL,ALL,163,0.0,-0.2309,-0.8327,-1.397,0.4847,0.4663,0.4417,0.4417,-8.9546,-40.7089
slot,SPX500,M15,ANY,ALL,eu_session,dn,3-5x,bear,161,-0.195,-0.2489,-0.5963,-0.4079,0.4348,0.4658,0.4286,0.4907,-7.8493,-29.312
slot,SPX500,M15,ANY,ALL,1000_data,dn,3-5x,bear,160,-0.0705,0.1725,0.051,-0.4453,0.4625,0.525,0.5062,0.4812,-5.3079,-35.6325
slot,SPX500,M15,ANY,ALL,0830_data,up,ALL,ALL,154,0.2224,0.1457,0.3032,2.4048,0.539,0.5325,0.5195,0.5519,-7.4485,-45.8759
slot,SPX500,M15,ANY,ALL,other,dn,5-10x,bear,131,0.0,0.5579,0.315,-0.6258,0.4962,0.5344,0.5038,0.4809,-6.8189,-29.7357
slot,SPX500,M15,ANY,ALL,eu_session,up,ALL,ALL,92,-0.0408,0.1736,-1.1925,-1.1794,0.4674,0.5109,0.413,0.4457,-9.6068,-35.9609
slot,SPX500,M15,ANY,ALL,1000_data,dn,3-5x,bull,85,-0.4409,-0.6663,-1.0323,-1.4749,0.3647,0.4235,0.4235,0.4235,-7.0146,-32.2539
slot,SPX500,M15,ANY,ALL,other,up,5-10x,bull,80,-0.0203,0.7186,0.7139,0.8311,0.5,0.575,0.5375,0.55,-7.5837,-26.0169
slot,SPX500,M15,ANY,ALL,0830_data,dn,3-5x,bear,77,0.1383,0.1416,-0.8327,-0.9091,0.5065,0.5065,0.4545,0.4545,-8.6111,-40.7089
slot,SPX500,M15,ANY,ALL,0830_data,up,3-5x,bull,74,0.2224,0.3953,1.1642,1.145,0.5405,0.5405,0.5405,0.527,-7.3148,-45.8759
slot,SPX500,M15,ANY,ALL,1000_data,up,3-5x,bear,70,-0.1291,0.9754,0.7521,2.9978,0.4714,0.6429,0.5714,0.5857,-4.9885,-31.8169
slot,SPX500,M15,ANY,ALL,eu_session,up,3-5x,bull,52,0.0,-0.1383,-1.4527,-0.4771,0.4615,0.4615,0.3462,0.4423,-9.4518,-35.9609
slot,SPX500,M15,ANY,ALL,1400_fomc,dn,ALL,ALL,45,0.0211,-0.328,0.0194,-2.035,0.5111,0.4222,0.5111,0.4222,-4.2495,-19.7614
slot,SPX500,M15,ANY,ALL,0830_data,up,5-10x,bull,41,0.0931,0.0896,-0.1605,3.7751,0.5122,0.5122,0.4878,0.6341,-6.5423,-37.615
slot,SPX500,M15,ANY,ALL,0830_data,dn,3-5x,bull,39,0.1866,-0.2509,0.2487,-0.6612,0.5641,0.4615,0.5128,0.4359,-9.2611,-31.0
slot,SPX500,M15,ANY,ALL,eu_session,up,3-5x,bear,36,-0.1138,0.5123,-0.4071,-1.9759,0.4722,0.5833,0.4722,0.4444,-10.9504,-22.502
slot,SPX500,M15,ANY,ALL,1000_data,dn,5-10x,bear,32,-0.1418,1.2302,-0.1493,-1.624,0.4688,0.5938,0.5,0.4375,-6.6746,-24.8232
slot,SPX500,M15,ANY,ALL,other,dn,5-10x,bull,31,-0.4359,0.0,-0.517,0.7976,0.3871,0.4839,0.4516,0.5484,-5.2331,-29.2799
slot,SPX500,M15,ANY,ALL,0830_data,dn,5-10x,bear,28,-0.1284,-0.0555,-0.5351,-1.2172,0.4286,0.4643,0.3571,0.4643,-8.5353,-30.6424
slot,SPX500,M15,ANY,ALL,1400_fomc,dn,3-5x,bear,28,-0.2261,-0.8554,-0.5087,-3.7398,0.3929,0.3214,0.4286,0.2857,-5.7662,-14.3088
slot,SPX500,M15,ANY,ALL,eu_session,dn,3-5x,bull,28,-0.3595,-0.5825,-0.9377,-3.6111,0.3214,0.3929,0.3929,0.3571,-9.5673,-40.4881
slot,SPX500,M15,ANY,ALL,1400_fomc,up,ALL,ALL,22,0.5544,0.8552,1.4977,1.0872,0.6364,0.7273,0.7273,0.5455,-4.5179,-26.9286
slot,SPX500,M15,ANY,ALL,0830_data,up,3-5x,bear,18,0.296,-0.1992,-2.3483,-0.1781,0.5556,0.5,0.3889,0.4444,-12.5944,-41.5569
slot,SPX500,M15,ANY,ALL,0830_data,up,10x+,bull,17,0.6321,0.362,1.3072,6.5006,0.5294,0.5882,0.5882,0.6471,-5.3352,-40.2222
slot,SPX500,M15,ANY,ALL,1000_data,up,5-10x,bull,16,0.4607,-1.1081,-0.6848,2.082,0.5625,0.375,0.4375,0.6875,-6.8939,-23.9541
slot,SPX500,M15,ANY,ALL,other,up,5-10x,bear,15,-0.1149,0.0632,-0.76,-7.6084,0.3333,0.5333,0.4667,0.2667,-9.4318,-47.5173
slot,SPX500,M15,ANY,ALL,0830_data,dn,10x+,bear,11,-0.195,-3.6435,-2.9912,-7.1524,0.2727,0.1818,0.2727,0.1818,-13.4787,-29.2542
slot,SPX500,M15,ANY,ALL,1400_fomc,up,3-5x,bull,11,0.4548,1.5116,1.2635,-0.0752,0.6364,0.8182,0.8182,0.4545,-3.423,-12.2207
slot,SPX500,M15,ANY,ALL,1400_fomc,dn,5-10x,bear,9,0.3594,-0.0672,1.4748,4.6869,0.6667,0.4444,0.6667,0.6667,-4.2495,-19.7614
slot,SPX500,M15,ANY,ALL,0830_data,dn,5-10x,bull,8,-0.3509,-0.7863,2.996,3.9778,0.375,0.5,0.5,0.625,-8.6524,-28.3074
slot,SPX500,M15,ANY,ALL,1000_data,dn,5-10x,bull,8,0.0397,0.3878,-1.9755,-1.1481,0.5,0.5,0.25,0.5,-7.1537,-11.8827
slot,SPX500,M15,ANY,ALL,1400_fomc,dn,3-5x,bull,8,0.1443,0.8958,0.2889,2.2784,0.75,0.75,0.625,0.625,-2.9996,-5.0219
slot,SPX500,M15,ANY,ALL,1000_data,up,5-10x,bear,7,-0.3646,-0.9976,-2.1011,-2.4069,0.4286,0.2857,0.1429,0.4286,-8.5718,-16.12
slot,SPX500,M15,ANY,ALL,1400_fomc,up,3-5x,bear,5,-0.2211,0.7462,3.0545,1.2216,0.4,0.6,0.8,0.6,-3.873,-7.2153
slot,SPX500,M15,ANY,ALL,1400_fomc,up,5-10x,bull,5,1.3126,5.1313,11.2068,12.7589,0.8,0.6,0.6,0.6,-5.5058,-26.9286
slot,SPX500,M15,ANY,ALL,eu_session,dn,5-10x,bear,5,-0.676,-0.6269,-1.851,-11.5135,0.4,0.4,0.4,0.0,-13.3008,-22.9776
slot,USDCAD,H1,ANY,ALL,other,up,ALL,ALL,500,,0.0343,-0.0568,-0.2444,,0.512,0.476,0.462,-2.4011,-13.1549
slot,USDCAD,H1,ANY,ALL,other,dn,ALL,ALL,446,,0.0,-0.0758,-0.1483,,0.4978,0.4753,0.4865,-2.4165,-15.883
slot,USDCAD,H1,ANY,ALL,1000_data,dn,ALL,ALL,393,,-0.0257,-0.1297,0.3959,,0.4885,0.4504,0.542,-2.1079,-23.0763
slot,USDCAD,H1,ANY,ALL,other,up,3-5x,bull,386,,0.0028,-0.0455,-0.1512,,0.5,0.4767,0.4845,-2.3947,-9.5502
slot,USDCAD,H1,ANY,ALL,1000_data,up,ALL,ALL,337,,-0.1026,-0.0924,0.0868,,0.4688,0.4748,0.5015,-2.3403,-11.8332
slot,USDCAD,H1,ANY,ALL,0830_data,dn,ALL,ALL,326,,-0.1339,-0.1335,-0.6367,,0.4601,0.4663,0.4202,-2.3675,-16.6133
slot,USDCAD,H1,ANY,ALL,other,dn,3-5x,bear,326,,0.0286,-0.0514,-0.2905,,0.5153,0.4877,0.4755,-2.2909,-15.883
slot,USDCAD,H1,ANY,ALL,0830_data,up,ALL,ALL,312,,-0.0594,-0.0899,-0.1122,,0.4744,0.4776,0.4872,-2.4049,-10.466
slot,USDCAD,H1,ANY,ALL,1000_data,dn,3-5x,bear,285,,-0.0675,-0.1517,0.5311,,0.4667,0.4421,0.5509,-2.1079,-23.0763
slot,USDCAD,H1,ANY,ALL,1000_data,up,3-5x,bull,243,,-0.1327,-0.1007,-0.1889,,0.4609,0.465,0.4774,-2.5789,-11.8332
slot,USDCAD,H1,ANY,ALL,0830_data,up,3-5x,bull,229,,-0.0629,-0.0756,0.1363,,0.476,0.476,0.5022,-2.4164,-10.466
slot,USDCAD,H1,ANY,ALL,0830_data,dn,3-5x,bear,207,,-0.1676,-0.155,-0.6488,,0.43,0.4541,0.4203,-2.4669,-16.6133
slot,USDCAD,H1,ANY,ALL,other,dn,3-5x,bull,108,,-0.1509,-0.1788,0.1374,,0.463,0.4722,0.5278,-2.5273,-11.5687
slot,USDCAD,H1,ANY,ALL,other,up,3-5x,bear,99,,0.1186,-0.1157,-0.3485,,0.5354,0.4747,0.3939,-2.152,-13.1549
slot,USDCAD,H1,ANY,ALL,1400_fomc,dn,ALL,ALL,81,,-0.2734,-0.1775,-0.2615,,0.4691,0.4568,0.4444,-2.9162,-10.0279
slot,USDCAD,H1,ANY,ALL,1400_fomc,up,ALL,ALL,80,,0.2314,0.0483,0.5965,,0.5875,0.525,0.5375,-2.2862,-7.5983
slot,USDCAD,H1,ANY,ALL,1000_data,dn,3-5x,bull,80,,0.0854,-0.0689,0.3249,,0.525,0.45,0.5125,-2.1811,-13.3763
slot,USDCAD,H1,ANY,ALL,1000_data,up,3-5x,bear,68,,-0.1404,-0.281,0.0424,,0.4412,0.4265,0.5,-1.8555,-7.8418
slot,USDCAD,H1,ANY,ALL,eu_session,up,ALL,ALL,63,,0.0625,0.7459,0.3276,,0.5397,0.6508,0.5556,-1.6192,-10.0763
slot,USDCAD,H1,ANY,ALL,0830_data,dn,3-5x,bull,61,,-0.0116,0.2401,-0.304,,0.4918,0.5246,0.4754,-2.1462,-9.4057
slot,USDCAD,H1,ANY,ALL,0830_data,dn,5-10x,bear,57,,0.1563,-0.1587,-1.0223,,0.5439,0.4561,0.3684,-2.2865,-11.4111
slot,USDCAD,H1,ANY,ALL,eu_session,up,3-5x,bull,54,,0.0593,0.6145,0.4548,,0.537,0.6481,0.5741,-1.6827,-10.0763
slot,USDCAD,H1,ANY,ALL,eu_session,dn,ALL,ALL,52,,0.0673,0.201,-0.3454,,0.5192,0.5769,0.4615,-2.1617,-18.8741
slot,USDCAD,H1,ANY,ALL,1400_fomc,up,3-5x,bull,45,,0.3728,0.0561,-0.0062,,0.6667,0.5333,0.4889,-1.8978,-7.1185
slot,USDCAD,H1,ANY,ALL,0830_data,up,3-5x,bear,41,,-0.3343,-0.2519,-0.7528,,0.3902,0.439,0.4146,-2.5895,-7.2756
slot,USDCAD,H1,ANY,ALL,1400_fomc,dn,3-5x,bear,41,,-0.2926,-0.0717,-0.6805,,0.4146,0.4878,0.3902,-3.3005,-9.9205
slot,USDCAD,H1,ANY,ALL,eu_session,dn,3-5x,bear,41,,0.076,0.1146,-0.7736,,0.5366,0.561,0.4146,-2.3264,-18.8741
slot,USDCAD,H1,ANY,ALL,0830_data,up,5-10x,bull,39,,0.2597,0.409,-0.0204,,0.5385,0.5128,0.4872,-1.7962,-7.2342
slot,USDCAD,H1,ANY,ALL,1000_data,dn,5-10x,bear,25,,0.0874,-0.222,0.2636,,0.56,0.48,0.56,-2.1205,-10.7767
slot,USDCAD,H1,ANY,ALL,1000_data,up,5-10x,bull,25,,0.3563,0.73,1.0437,,0.6,0.68,0.72,-1.5735,-10.425
slot,USDCAD,H1,ANY,ALL,1400_fomc,dn,5-10x,bear,19,,-0.3023,-0.2919,-0.2615,,0.4737,0.4211,0.4211,-3.5228,-7.773
slot,USDCAD,H1,ANY,ALL,1400_fomc,dn,3-5x,bull,18,,-0.1107,-0.2941,0.1723,,0.5,0.3889,0.5556,-2.4873,-10.0279
slot,USDCAD,H1,ANY,ALL,1400_fomc,up,3-5x,bear,18,,0.59,0.3184,1.0695,,0.6111,0.7222,0.6111,-1.5083,-7.5983
slot,USDCAD,H1,ANY,ALL,1400_fomc,up,5-10x,bull,16,,-0.6329,-0.978,0.5672,,0.375,0.3125,0.5625,-2.5678,-5.4604
slot,USDCAD,H1,ANY,ALL,other,up,5-10x,bull,14,,0.1256,-0.9224,-2.2038,,0.6429,0.4286,0.2857,-5.5168,-7.9201
slot,USDCAD,H1,ANY,ALL,other,dn,5-10x,bear,12,,-1.1352,-1.5555,-1.1438,,0.3333,0.1667,0.4167,-4.2015,-10.6225
slot,USDCAD,H1,ANY,ALL,eu_session,dn,3-5x,bull,11,,-0.0804,0.5503,0.8697,,0.4545,0.6364,0.6364,-1.6054,-4.4336
slot,USDCAD,H1,ANY,ALL,eu_session,up,3-5x,bear,9,,0.1009,0.8711,-0.1721,,0.5556,0.6667,0.4444,-1.4001,-6.5847
slot,USDCHF,M15,ANY,ALL,eu_session,dn,ALL,ALL,4136,-0.0923,-0.1543,-0.2633,-0.5032,0.4649,0.4703,0.4768,0.4792,-6.6497,-100.3979
slot,USDCHF,M15,ANY,ALL,other,dn,ALL,ALL,4121,-0.0904,-0.1742,-0.1583,-0.4616,0.4538,0.4572,0.4771,0.4754,-5.0,-59.2563
slot,USDCHF,M15,ANY,ALL,eu_session,up,ALL,ALL,3964,-0.0863,-0.0768,0.1367,0.0503,0.467,0.4839,0.5106,0.502,-6.25,-106.642
slot,USDCHF,M15,ANY,ALL,other,up,ALL,ALL,3713,-0.073,-0.0552,0.0,0.2142,0.4581,0.4867,0.4996,0.5101,-4.6311,-47.6708
slot,USDCHF,M15,ANY,ALL,other,dn,3-5x,bear,3069,-0.1188,-0.1757,-0.1698,-0.3007,0.4431,0.4562,0.4734,0.4835,-5.0,-59.2563
slot,USDCHF,M15,ANY,ALL,eu_session,dn,3-5x,bear,3020,-0.1027,-0.1861,-0.3233,-0.3302,0.4593,0.4646,0.4695,0.4874,-6.6104,-61.7834
slot,USDCHF,M15,ANY,ALL,eu_session,up,3-5x,bull,2997,-0.1062,-0.0916,0.1194,0.0432,0.4621,0.4805,0.5095,0.5018,-6.2271,-106.642
slot,USDCHF,M15,ANY,ALL,other,up,3-5x,bull,2645,-0.108,-0.114,0.0288,-0.065,0.4412,0.4752,0.5013,0.4945,-4.6931,-46.3083
slot,USDCHF,M15,ANY,ALL,eu_session,dn,3-5x,bull,929,-0.0386,0.0,-0.1502,-1.1574,0.4855,0.4919,0.4855,0.4478,-6.9466,-100.3979
slot,USDCHF,M15,ANY,ALL,other,up,3-5x,bear,884,0.0,0.0721,0.0715,0.976,0.4932,0.5147,0.5045,0.5554,-4.3958,-47.6708
slot,USDCHF,M15,ANY,ALL,other,dn,3-5x,bull,847,-0.0389,-0.2042,-0.1316,-0.7287,0.4746,0.4451,0.4829,0.451,-4.9776,-51.5692
slot,USDCHF,M15,ANY,ALL,eu_session,up,3-5x,bear,832,-0.0632,-0.0355,0.0106,0.0752,0.4688,0.4892,0.5,0.5036,-6.4335,-59.9366
slot,USDCHF,M15,ANY,ALL,0830_data,up,ALL,ALL,581,0.0295,-0.0639,-0.1821,0.3605,0.506,0.4768,0.4768,0.5181,-4.5948,-40.5007
slot,USDCHF,M15,ANY,ALL,0830_data,dn,ALL,ALL,562,-0.0331,-0.0855,-0.1187,-0.9185,0.4875,0.4858,0.4875,0.4573,-4.7595,-34.8124
slot,USDCHF,M15,ANY,ALL,1000_data,dn,ALL,ALL,352,-0.104,0.0,0.0,0.1896,0.4602,0.4943,0.4972,0.5142,-4.3495,-37.8808
slot,USDCHF,M15,ANY,ALL,1000_data,up,ALL,ALL,350,-0.0439,-0.0861,-0.1976,-0.5295,0.4629,0.4771,0.4714,0.4629,-4.4984,-24.7713
slot,USDCHF,M15,ANY,ALL,0830_data,up,3-5x,bull,300,0.0082,-0.2803,-0.3572,0.2692,0.5,0.4433,0.45,0.5133,-4.8583,-40.5007
slot,USDCHF,M15,ANY,ALL,0830_data,dn,3-5x,bear,289,-0.0962,-0.1617,-0.1947,-0.9636,0.474,0.4775,0.4775,0.4498,-4.9451,-23.3691
slot,USDCHF,M15,ANY,ALL,1000_data,dn,3-5x,bear,258,-0.0708,-0.1084,0.0425,-0.0165,0.4651,0.4729,0.5,0.5,-4.4025,-37.8808
slot,USDCHF,M15,ANY,ALL,1000_data,up,3-5x,bull,253,-0.1119,-0.1179,-0.1541,-0.9532,0.4427,0.4585,0.4822,0.4585,-4.6417,-24.7713
slot,USDCHF,M15,ANY,ALL,other,dn,5-10x,bear,184,0.0537,0.1945,-0.2363,-1.3943,0.5217,0.5217,0.4837,0.4293,-5.2135,-36.4323
slot,USDCHF,M15,ANY,ALL,eu_session,dn,5-10x,bear,175,-0.2681,-0.2666,0.295,-0.4075,0.4343,0.4514,0.5371,0.4914,-7.1652,-34.2324
slot,USDCHF,M15,ANY,ALL,other,up,5-10x,bull,156,0.1405,0.1935,-0.1238,0.4168,0.5513,0.5256,0.4872,0.5385,-4.7116,-27.6994
slot,USDCHF,M15,ANY,ALL,0830_data,dn,3-5x,bull,125,0.0183,0.1097,-0.2637,-1.388,0.504,0.504,0.48,0.432,-4.5828,-24.5536
slot,USDCHF,M15,ANY,ALL,0830_data,up,5-10x,bull,121,0.1914,0.0946,-0.111,0.2825,0.5372,0.5124,0.4876,0.5041,-4.7577,-35.4118
slot,USDCHF,M15,ANY,ALL,0830_data,up,3-5x,bear,114,-0.1495,0.0399,-0.1305,0.6541,0.4474,0.5,0.4912,0.5526,-4.0312,-22.0193
slot,USDCHF,M15,ANY,ALL,eu_session,up,5-10x,bull,113,0.1152,0.2343,1.4666,-0.3753,0.5575,0.5221,0.6106,0.4779,-5.3803,-29.675
slot,USDCHF,M15,ANY,ALL,0830_data,dn,5-10x,bear,112,0.0217,-0.4113,0.203,-0.3301,0.5,0.4643,0.5089,0.4911,-4.8739,-34.8124
slot,USDCHF,M15,ANY,ALL,1400_fomc,dn,ALL,ALL,78,-0.0778,-0.2707,0.0714,-0.4181,0.4615,0.4872,0.5256,0.4872,-3.9304,-22.1265
slot,USDCHF,M15,ANY,ALL,1400_fomc,up,ALL,ALL,78,-0.139,-0.0906,-0.0362,1.0141,0.4744,0.4744,0.5,0.5641,-3.7994,-30.8038
slot,USDCHF,M15,ANY,ALL,1000_data,up,3-5x,bear,74,-0.0197,-0.3282,-0.5467,-0.4827,0.473,0.473,0.4324,0.4459,-4.4523,-21.5915
slot,USDCHF,M15,ANY,ALL,1000_data,dn,3-5x,bull,66,-0.1214,0.1657,-0.0075,1.0305,0.4848,0.5758,0.4848,0.5606,-3.5567,-16.4659
slot,USDCHF,M15,ANY,ALL,1400_fomc,dn,3-5x,bear,46,-0.1562,-0.4735,-0.3462,-0.4353,0.4565,0.4565,0.4783,0.4783,-3.7961,-21.296
slot,USDCHF,M15,ANY,ALL,1400_fomc,up,3-5x,bull,40,-0.2331,-0.6865,-0.4886,-0.48,0.4,0.375,0.375,0.475,-5.0646,-30.8038
slot,USDCHF,M15,ANY,ALL,1000_data,dn,5-10x,bear,25,-0.5952,0.0539,1.6433,0.745,0.36,0.52,0.52,0.56,-5.0807,-17.0797
slot,USDCHF,M15,ANY,ALL,0830_data,dn,10x+,bear,23,-0.058,1.2311,2.775,0.549,0.4783,0.5652,0.6522,0.5217,-3.522,-16.6756
slot,USDCHF,M15,ANY,ALL,0830_data,up,10x+,bull,23,0.9913,0.3985,2.1662,-0.047,0.6522,0.5217,0.6087,0.4783,-4.3484,-18.7766
slot,USDCHF,M15,ANY,ALL,0830_data,up,5-10x,bear,22,0.6649,0.4856,0.3363,1.07,0.5909,0.5909,0.5909,0.5455,-3.2009,-18.84
slot,USDCHF,M15,ANY,ALL,1000_data,up,5-10x,bull,21,0.6667,0.6106,-0.4515,1.8787,0.619,0.7143,0.4762,0.5714,-3.6224,-16.5971
slot,USDCHF,M15,ANY,ALL,1400_fomc,dn,5-10x,bear,21,-0.0979,-0.3465,1.4035,-0.9669,0.381,0.4762,0.5714,0.4762,-4.5804,-19.3053
slot,USDCHF,M15,ANY,ALL,1400_fomc,up,5-10x,bull,21,0.2831,1.3555,2.6851,4.6128,0.5238,0.6667,0.7143,0.7619,-2.0398,-22.872
slot,USDCHF,M15,ANY,ALL,other,up,5-10x,bear,17,-0.4218,-1.7657,-2.5985,-8.7344,0.4118,0.4118,0.2353,0.3529,-9.8176,-29.1702
slot,USDCHF,M15,ANY,ALL,0830_data,dn,5-10x,bull,13,0.2232,0.0886,-1.7568,-0.6974,0.5385,0.5385,0.3077,0.4615,-5.8974,-11.3118
slot,USDCHF,M15,ANY,ALL,eu_session,up,10x+,bull,13,-0.2054,0.4732,-0.0969,2.054,0.4615,0.5385,0.4615,0.6154,-5.6266,-20.0248
slot,USDCHF,M15,ANY,ALL,other,dn,5-10x,bull,13,0.3396,0.6623,3.2469,4.0021,0.5385,0.6154,0.7692,0.7692,-1.6978,-15.2565
slot,USDCHF,M15,ANY,ALL,1400_fomc,up,3-5x,bear,12,0.3035,-0.7996,-0.8096,-0.2809,0.5833,0.5,0.4167,0.5,-4.1173,-13.7022
slot,USDCHF,M15,ANY,ALL,other,up,10x+,bull,11,-0.2581,1.5993,-2.193,-0.2525,0.4545,0.5455,0.2727,0.4545,-7.5182,-30.84
slot,USDCHF,M15,ANY,ALL,eu_session,dn,5-10x,bull,9,0.985,-0.0709,0.7003,1.4352,0.6667,0.3333,0.6667,0.5556,-3.0812,-15.4604
slot,USDCHF,M15,ANY,ALL,eu_session,up,5-10x,bear,9,0.8213,0.5544,1.4306,2.1047,0.7778,0.5556,0.6667,0.5556,-4.1546,-20.9114
slot,USDCHF,M15,ANY,ALL,1400_fomc,dn,3-5x,bull,8,0.3482,0.2218,0.4729,0.1107,0.625,0.625,0.625,0.5,-4.4528,-22.1265
slot,USDCHF,M15,ANY,ALL,other,dn,10x+,bear,8,0.1973,-0.6429,0.6969,0.3185,0.625,0.375,0.625,0.5,-5.2901,-12.444
slot,XAUUSD,M5,ANY,ALL,other,dn,ALL,ALL,8226,-0.207,-0.3676,-0.5638,-1.1239,0.4485,0.4434,0.4587,0.4663,-9.8936,-134.0435
slot,XAUUSD,M5,ANY,ALL,other,up,ALL,ALL,7331,-0.1095,-0.0101,0.0975,0.9842,0.4627,0.4905,0.5051,0.5293,-9.2936,-297.1925
slot,XAUUSD,M5,ANY,ALL,other,dn,3-5x,bear,6047,-0.184,-0.3697,-0.5545,-1.0224,0.4508,0.4407,0.4607,0.4668,-9.6581,-134.0435
slot,XAUUSD,M5,ANY,ALL,other,up,3-5x,bull,5287,-0.1406,-0.0368,0.0439,1.122,0.4558,0.4863,0.502,0.5338,-9.0528,-297.1925
slot,XAUUSD,M5,ANY,ALL,eu_session,dn,ALL,ALL,2097,-0.1883,-0.2941,-0.1462,-0.4016,0.4435,0.4578,0.4864,0.4897,-11.2257,-105.0914
slot,XAUUSD,M5,ANY,ALL,eu_session,up,ALL,ALL,1837,-0.1056,-0.165,-0.1212,0.3816,0.4562,0.4649,0.491,0.5128,-11.2635,-190.0482
slot,XAUUSD,M5,ANY,ALL,eu_session,dn,3-5x,bear,1582,-0.1834,-0.2232,-0.1415,-0.2508,0.4431,0.4652,0.4867,0.493,-11.0497,-105.0914
slot,XAUUSD,M5,ANY,ALL,eu_session,up,3-5x,bull,1349,-0.1403,-0.2194,-0.1579,0.5224,0.444,0.4603,0.4893,0.5174,-10.897,-190.0482
slot,XAUUSD,M5,ANY,ALL,other,up,3-5x,bear,1171,0.0,0.1695,0.2463,0.5248,0.4851,0.5107,0.5149,0.5243,-9.7532,-124.6725
slot,XAUUSD,M5,ANY,ALL,other,dn,3-5x,bull,1148,-0.0956,-0.1817,-0.4182,-2.0626,0.466,0.4686,0.4634,0.4591,-11.1964,-111.3337
slot,XAUUSD,M5,ANY,ALL,0830_data,dn,ALL,ALL,1041,-0.1062,-0.0871,-0.3972,-0.8652,0.4822,0.487,0.4803,0.4697,-8.5702,-53.845
slot,XAUUSD,M5,ANY,ALL,0830_data,up,ALL,ALL,1032,-0.1289,-0.089,0.2863,0.8876,0.4671,0.4884,0.5145,0.5281,-7.4426,-117.3453
slot,XAUUSD,M5,ANY,ALL,other,dn,5-10x,bear,909,-0.4617,-0.5348,-0.8374,-1.2809,0.4125,0.4334,0.4411,0.4697,-10.1029,-86.8433
slot,XAUUSD,M5,ANY,ALL,other,up,5-10x,bull,762,-0.1809,-0.0715,0.3056,0.5836,0.4672,0.4843,0.5144,0.5079,-10.0311,-107.7364
slot,XAUUSD,M5,ANY,ALL,0830_data,dn,3-5x,bear,574,-0.0912,0.0773,0.2218,-0.0783,0.4843,0.5087,0.5157,0.4983,-7.9034,-53.4808
slot,XAUUSD,M5,ANY,ALL,0830_data,up,3-5x,bull,558,-0.1397,-0.3575,-0.5245,0.6945,0.4642,0.457,0.4767,0.5161,-8.0057,-117.3453
slot,XAUUSD,M5,ANY,ALL,1000_data,dn,ALL,ALL,360,-0.2144,-0.4373,-0.4916,-1.7089,0.4472,0.425,0.4611,0.4139,-7.0798,-44.7302
slot,XAUUSD,M5,ANY,ALL,eu_session,up,3-5x,bear,286,0.0407,-0.0557,0.5196,0.3791,0.5105,0.4825,0.5385,0.5035,-11.5654,-85.8661
slot,XAUUSD,M5,ANY,ALL,1000_data,up,ALL,ALL,276,-0.0572,0.4092,0.7083,1.1414,0.4746,0.5435,0.5471,0.5471,-5.232,-40.2254
slot,XAUUSD,M5,ANY,ALL,1000_data,dn,3-5x,bear,268,-0.1486,-0.3172,-0.4916,-1.8139,0.459,0.4328,0.4627,0.403,-6.9592,-44.7302
slot,XAUUSD,M5,ANY,ALL,eu_session,dn,3-5x,bull,262,-0.1568,-0.4142,-0.1428,-1.1626,0.4427,0.4389,0.4809,0.4733,-12.1107,-76.8293
slot,XAUUSD,M5,ANY,ALL,eu_session,dn,5-10x,bear,232,-0.3362,-0.7269,-0.2912,-1.7784,0.4267,0.4138,0.4828,0.4655,-11.7818,-97.5968
slot,XAUUSD,M5,ANY,ALL,0830_data,dn,5-10x,bear,217,-0.2344,-0.6125,-0.838,-1.4189,0.47,0.4608,0.4608,0.447,-8.5164,-51.2809
slot,XAUUSD,M5,ANY,ALL,0830_data,up,5-10x,bull,199,0.0,1.3042,1.4825,1.9783,0.4975,0.5678,0.598,0.5628,-5.4642,-55.6031
slot,XAUUSD,M5,ANY,ALL,1000_data,up,3-5x,bull,189,0.0175,0.3887,0.606,1.0039,0.5026,0.5503,0.5291,0.5397,-5.506,-33.0211
slot,XAUUSD,M5,ANY,ALL,0830_data,dn,3-5x,bull,187,-0.053,-0.6801,-1.1069,-1.7859,0.4813,0.4439,0.3957,0.4225,-9.7299,-53.845
slot,XAUUSD,M5,ANY,ALL,eu_session,up,5-10x,bull,186,-0.1429,-0.1816,-0.675,0.0188,0.4677,0.4731,0.4194,0.5,-12.2382,-70.9453
slot,XAUUSD,M5,ANY,ALL,0830_data,up,3-5x,bear,184,-0.1022,0.1723,0.1873,-0.0526,0.462,0.5163,0.5163,0.4946,-7.7466,-58.3562
slot,XAUUSD,M5,ANY,ALL,1400_fomc,up,ALL,ALL,151,0.1763,0.1009,0.7449,2.1677,0.5364,0.5232,0.5497,0.5894,-6.8033,-78.1325
slot,XAUUSD,M5,ANY,ALL,1400_fomc,dn,ALL,ALL,139,0.0103,0.1429,0.0662,1.9878,0.5036,0.518,0.5036,0.5324,-6.1206,-68.8612
slot,XAUUSD,M5,ANY,ALL,other,dn,5-10x,bull,78,-0.3693,-0.3588,0.1727,0.5943,0.4231,0.4359,0.5,0.5128,-11.7169,-57.4074
slot,XAUUSD,M5,ANY,ALL,1400_fomc,up,3-5x,bull,77,-0.036,0.455,1.2153,1.3074,0.4935,0.5714,0.5844,0.5844,-6.8033,-34.2681
slot,XAUUSD,M5,ANY,ALL,other,up,5-10x,bear,76,0.3107,1.2379,0.302,1.4626,0.5526,0.5789,0.5263,0.5395,-9.1049,-73.9521
slot,XAUUSD,M5,ANY,ALL,1400_fomc,dn,3-5x,bear,68,-0.1663,0.0969,-0.3127,1.1638,0.4853,0.5147,0.4559,0.5441,-5.5687,-68.8612
slot,XAUUSD,M5,ANY,ALL,0830_data,up,10x+,bull,61,-0.4048,0.0138,2.9169,5.4206,0.4918,0.5082,0.623,0.6393,-5.0134,-31.557
slot,XAUUSD,M5,ANY,ALL,1000_data,dn,5-10x,bear,51,-0.8902,-1.6518,-1.0699,-1.9147,0.3922,0.4118,0.4118,0.3922,-7.1572,-34.1287
slot,XAUUSD,M5,ANY,ALL,1400_fomc,dn,5-10x,bear,44,0.0426,0.4965,2.2182,0.6774,0.5,0.5227,0.5682,0.5,-7.4652,-36.2724
slot,XAUUSD,M5,ANY,ALL,1000_data,up,3-5x,bear,43,-0.4752,-0.1506,0.8429,0.8225,0.3953,0.4651,0.5581,0.5349,-4.6893,-40.2254
slot,XAUUSD,M5,ANY,ALL,0830_data,dn,10x+,bear,41,0.155,0.85,-1.1871,-0.281,0.5366,0.561,0.4878,0.4878,-7.0915,-44.5791
slot,XAUUSD,M5,ANY,ALL,1000_data,up,5-10x,bull,41,-0.3025,0.7937,2.397,5.127,0.3902,0.561,0.6098,0.5854,-3.3333,-24.8956
slot,XAUUSD,M5,ANY,ALL,1400_fomc,up,5-10x,bull,40,0.3606,0.1131,0.7391,2.6989,0.55,0.55,0.525,0.6,-6.8283,-25.4413
slot,XAUUSD,M5,ANY,ALL,1000_data,dn,3-5x,bull,38,-0.2393,-0.7802,0.1241,-0.5216,0.4211,0.3684,0.5263,0.4737,-7.6927,-43.0677
slot,XAUUSD,M5,ANY,ALL,other,dn,10x+,bear,37,0.2874,-1.1927,-1.3761,-5.9893,0.5405,0.4054,0.4054,0.3784,-10.5346,-61.8633
slot,XAUUSD,M5,ANY,ALL,other,up,10x+,bull,34,-0.0895,-1.2626,-2.5572,-1.5402,0.4412,0.3824,0.3824,0.4706,-14.2184,-48.9796
slot,XAUUSD,M5,ANY,ALL,0830_data,up,5-10x,bear,27,-1.7778,-0.7624,-2.0685,0.2934,0.3333,0.3333,0.4074,0.5185,-9.6942,-38.5477
slot,XAUUSD,M5,ANY,ALL,0830_data,dn,5-10x,bull,21,-0.5356,-1.2309,-1.0211,-6.0557,0.4286,0.4286,0.4286,0.3333,-10.3592,-51.8512
slot,XAUUSD,M5,ANY,ALL,1400_fomc,up,3-5x,bear,18,0.5114,-2.8627,-1.6755,-2.299,0.6667,0.3333,0.3889,0.5,-12.6207,-78.1325
slot,XAUUSD,M5,ANY,ALL,1400_fomc,dn,3-5x,bull,16,0.1952,-1.5269,-2.9535,-1.1941,0.5625,0.4375,0.3125,0.4375,-12.2884,-41.1138
slot,XAUUSD,M5,ANY,ALL,eu_session,up,5-10x,bear,11,-0.477,-1.9312,3.5322,-3.7037,0.3636,0.3636,0.6364,0.4545,-13.6111,-47.8723
slot,XAUUSD,M5,ANY,ALL,eu_session,dn,10x+,bear,10,0.4921,1.0699,0.0984,3.6493,0.6,0.6,0.5,0.7,-5.3881,-43.6109
slot,XAUUSD,M5,ANY,ALL,eu_session,dn,5-10x,bull,10,0.6112,1.641,3.5671,2.8375,0.7,0.6,0.6,0.8,-6.0577,-23.6754
slot,XAUUSD,M5,ANY,ALL,1400_fomc,up,10x+,bull,9,0.7316,-0.0839,4.9068,10.8979,0.5556,0.4444,0.7778,0.7778,-2.3733,-27.6965
slot,XAUUSD,M5,ANY,ALL,other,dn,10x+,bull,7,-0.2097,-4.6545,-2.6479,11.335,0.0,0.1429,0.0,0.7143,-9.2992,-53.5714
slot,XAUUSD,M5,ANY,ALL,1400_fomc,dn,10x+,bear,6,-1.0748,2.4449,10.777,15.2733,0.3333,0.6667,1.0,0.8333,-5.8175,-18.5285
slot,XAUUSD,M5,ANY,ALL,1400_fomc,up,5-10x,bear,6,0.2522,-0.9791,-1.6809,-4.3533,0.5,0.3333,0.3333,0.5,-10.812,-73.0972
slot,XAUUSD,M5,ANY,ALL,eu_session,up,10x+,bull,5,-0.5797,0.7605,1.5942,-0.6611,0.4,0.6,0.6,0.4,-9.7349,-23.5223
